captured_at,slug,interval_min,market_id,yes_token,window_start,window_end,minutes_left,best_bid,best_ask,mid,spread,bid_size,ask_size,book_levels
2026-09-02T01:16:33.879013+00:00,btc-updown-5m-1788311700,5,4048382,88827614806047154299438521008720740950199316714018379542220098936659790830099,2026-09-02T01:15:00+00:00,2026-09-02T01:20:00+00:00,3.45,0.14,0.15,0.145,0.01,379.78,115.0,99
2026-09-02T01:16:33.879013+00:00,btc-updown-5m-1788312000,5,4048425,77284833968327796277587452004483755515395461645487211536221205321548750834585,2026-09-02T01:20:00+00:00,2026-09-02T01:25:00+00:00,8.45,0.51,0.52,0.515,0.01,48.0,315.26,99
2026-09-02T01:16:33.879013+00:00,btc-updown-15m-1788311700,15,4048387,6574036196796550082105780433149615950049499938159625538178018716349348999824,2026-09-02T01:15:00+00:00,2026-09-02T01:30:00+00:00,13.45,0.31,0.32,0.315,0.01,155.0,0.55,98
2026-09-02T01:16:33.879013+00:00,btc-updown-15m-1788312600,15,4048445,25888171690742790397992958515143714564230335958067218945270034433464268512585,2026-09-02T01:30:00+00:00,2026-09-02T01:45:00+00:00,28.45,0.5,0.51,0.505,0.01,305.0,726.08,97
2026-09-02T01:17:34.937173+00:00,btc-updown-5m-1788311700,5,4048382,88827614806047154299438521008720740950199316714018379542220098936659790830099,2026-09-02T01:15:00+00:00,2026-09-02T01:20:00+00:00,2.43,0.12,0.13,0.125,0.01,236.11,336.15,99
2026-09-02T01:17:34.937173+00:00,btc-updown-5m-1788312000,5,4048425,77284833968327796277587452004483755515395461645487211536221205321548750834585,2026-09-02T01:20:00+00:00,2026-09-02T01:25:00+00:00,7.43,0.51,0.52,0.515,0.01,58.09,321.26,99
2026-09-02T01:17:34.937173+00:00,btc-updown-15m-1788311700,15,4048387,6574036196796550082105780433149615950049499938159625538178018716349348999824,2026-09-02T01:15:00+00:00,2026-09-02T01:30:00+00:00,12.43,0.32,0.33,0.325,0.01,155.0,100.0,99
2026-09-02T01:17:34.937173+00:00,btc-updown-15m-1788312600,15,4048445,25888171690742790397992958515143714564230335958067218945270034433464268512585,2026-09-02T01:30:00+00:00,2026-09-02T01:45:00+00:00,27.43,0.5,0.51,0.505,0.01,230.0,726.08,97
2026-09-02T01:18:35.892304+00:00,btc-updown-5m-1788311700,5,4048382,88827614806047154299438521008720740950199316714018379542220098936659790830099,2026-09-02T01:15:00+00:00,2026-09-02T01:20:00+00:00,1.42,0.38,0.39,0.385,0.01,187.97,39.0,99
2026-09-02T01:18:35.892304+00:00,btc-updown-5m-1788312000,5,4048425,77284833968327796277587452004483755515395461645487211536221205321548750834585,2026-09-02T01:20:00+00:00,2026-09-02T01:25:00+00:00,6.42,0.51,0.52,0.515,0.01,64.09,315.71,99
2026-09-02T01:18:35.892304+00:00,btc-updown-15m-1788311700,15,4048387,6574036196796550082105780433149615950049499938159625538178018716349348999824,2026-09-02T01:15:00+00:00,2026-09-02T01:30:00+00:00,11.42,0.46,0.47,0.465,0.01,175.0,72.65,99
2026-09-02T01:18:35.892304+00:00,btc-updown-15m-1788312600,15,4048445,25888171690742790397992958515143714564230335958067218945270034433464268512585,2026-09-02T01:30:00+00:00,2026-09-02T01:45:00+00:00,26.42,0.5,0.51,0.505,0.01,200.0,1026.08,97
2026-09-02T01:19:36.832184+00:00,btc-updown-5m-1788312000,5,4048425,77284833968327796277587452004483755515395461645487211536221205321548750834585,2026-09-02T01:20:00+00:00,2026-09-02T01:25:00+00:00,5.4,0.49,0.5,0.495,0.01,45.51,35.0,99
2026-09-02T01:19:36.832184+00:00,btc-updown-15m-1788311700,15,4048387,6574036196796550082105780433149615950049499938159625538178018716349348999824,2026-09-02T01:15:00+00:00,2026-09-02T01:30:00+00:00,10.4,0.35,0.36,0.355,0.01,131.23,110.0,99
2026-09-02T01:19:36.832184+00:00,btc-updown-15m-1788312600,15,4048445,25888171690742790397992958515143714564230335958067218945270034433464268512585,2026-09-02T01:30:00+00:00,2026-09-02T01:45:00+00:00,25.4,0.5,0.51,0.505,0.01,59.0,1026.08,97
2026-09-02T01:20:37.651805+00:00,btc-updown-5m-1788312000,5,4048425,77284833968327796277587452004483755515395461645487211536221205321548750834585,2026-09-02T01:20:00+00:00,2026-09-02T01:25:00+00:00,4.38,0.31,0.33,0.32,0.02,50.0,282.33,98
2026-09-02T01:20:37.651805+00:00,btc-updown-5m-1788312300,5,4048434,83597980692501588612768986392556885879538238619005696276993532167679918586660,2026-09-02T01:25:00+00:00,2026-09-02T01:30:00+00:00,9.38,0.5,0.51,0.505,0.01,60.31,788.34,99
2026-09-02T01:20:37.651805+00:00,btc-updown-15m-1788311700,15,4048387,6574036196796550082105780433149615950049499938159625538178018716349348999824,2026-09-02T01:15:00+00:00,2026-09-02T01:30:00+00:00,9.38,0.29,0.3,0.295,0.01,208.98,75.0,99
2026-09-02T01:20:37.651805+00:00,btc-updown-15m-1788312600,15,4048445,25888171690742790397992958515143714564230335958067218945270034433464268512585,2026-09-02T01:30:00+00:00,2026-09-02T01:45:00+00:00,24.38,0.5,0.51,0.505,0.01,49.0,966.08,97
2026-09-02T01:21:38.616302+00:00,btc-updown-5m-1788312000,5,4048425,77284833968327796277587452004483755515395461645487211536221205321548750834585,2026-09-02T01:20:00+00:00,2026-09-02T01:25:00+00:00,3.37,0.27,0.28,0.275,0.01,34.61,431.95,99
2026-09-02T01:21:38.616302+00:00,btc-updown-5m-1788312300,5,4048434,83597980692501588612768986392556885879538238619005696276993532167679918586660,2026-09-02T01:25:00+00:00,2026-09-02T01:30:00+00:00,8.37,0.5,0.51,0.505,0.01,60.31,742.62,99
2026-09-02T01:21:38.616302+00:00,btc-updown-15m-1788311700,15,4048387,6574036196796550082105780433149615950049499938159625538178018716349348999824,2026-09-02T01:15:00+00:00,2026-09-02T01:30:00+00:00,8.37,0.27,0.28,0.275,0.01,266.0,15.0,99
2026-09-02T01:21:38.616302+00:00,btc-updown-15m-1788312600,15,4048445,25888171690742790397992958515143714564230335958067218945270034433464268512585,2026-09-02T01:30:00+00:00,2026-09-02T01:45:00+00:00,23.37,0.5,0.51,0.505,0.01,47.0,966.08,97
2026-09-02T01:22:39.532142+00:00,btc-updown-5m-1788312000,5,4048425,77284833968327796277587452004483755515395461645487211536221205321548750834585,2026-09-02T01:20:00+00:00,2026-09-02T01:25:00+00:00,2.35,0.44,0.45,0.445,0.01,25.69,1156.01,99
2026-09-02T01:22:39.532142+00:00,btc-updown-5m-1788312300,5,4048434,83597980692501588612768986392556885879538238619005696276993532167679918586660,2026-09-02T01:25:00+00:00,2026-09-02T01:30:00+00:00,7.35,0.5,0.51,0.505,0.01,66.31,725.62,99
2026-09-02T01:22:39.532142+00:00,btc-updown-15m-1788311700,15,4048387,6574036196796550082105780433149615950049499938159625538178018716349348999824,2026-09-02T01:15:00+00:00,2026-09-02T01:30:00+00:00,7.35,0.37,0.38,0.375,0.01,45.0,120.0,99
2026-09-02T01:22:39.532142+00:00,btc-updown-15m-1788312600,15,4048445,25888171690742790397992958515143714564230335958067218945270034433464268512585,2026-09-02T01:30:00+00:00,2026-09-02T01:45:00+00:00,22.35,0.5,0.51,0.505,0.01,47.0,1116.08,97
2026-09-02T01:23:40.488157+00:00,btc-updown-5m-1788312000,5,4048425,77284833968327796277587452004483755515395461645487211536221205321548750834585,2026-09-02T01:20:00+00:00,2026-09-02T01:25:00+00:00,1.33,0.15,0.16,0.155,0.01,302.85,60.0,99
2026-09-02T01:23:40.488157+00:00,btc-updown-5m-1788312300,5,4048434,83597980692501588612768986392556885879538238619005696276993532167679918586660,2026-09-02T01:25:00+00:00,2026-09-02T01:30:00+00:00,6.33,0.5,0.51,0.505,0.01,63.31,800.07,99
2026-09-02T01:23:40.488157+00:00,btc-updown-15m-1788311700,15,4048387,6574036196796550082105780433149615950049499938159625538178018716349348999824,2026-09-02T01:15:00+00:00,2026-09-02T01:30:00+00:00,6.33,0.26,0.27,0.265,0.01,139.0,25.0,99
2026-09-02T01:23:40.488157+00:00,btc-updown-15m-1788312600,15,4048445,25888171690742790397992958515143714564230335958067218945270034433464268512585,2026-09-02T01:30:00+00:00,2026-09-02T01:45:00+00:00,21.33,0.5,0.51,0.505,0.01,47.0,996.08,97
2026-09-02T01:24:41.444882+00:00,btc-updown-5m-1788312300,5,4048434,83597980692501588612768986392556885879538238619005696276993532167679918586660,2026-09-02T01:25:00+00:00,2026-09-02T01:30:00+00:00,5.32,0.5,0.51,0.505,0.01,272.0,90.88,99
2026-09-02T01:24:41.444882+00:00,btc-updown-15m-1788311700,15,4048387,6574036196796550082105780433149615950049499938159625538178018716349348999824,2026-09-02T01:15:00+00:00,2026-09-02T01:30:00+00:00,5.32,0.48,0.49,0.485,0.01,137.0,10.0,99
2026-09-02T01:24:41.444882+00:00,btc-updown-15m-1788312600,15,4048445,25888171690742790397992958515143714564230335958067218945270034433464268512585,2026-09-02T01:30:00+00:00,2026-09-02T01:45:00+00:00,20.32,0.5,0.51,0.505,0.01,47.0,1116.08,97
2026-09-02T01:25:42.280876+00:00,btc-updown-5m-1788312300,5,4048434,83597980692501588612768986392556885879538238619005696276993532167679918586660,2026-09-02T01:25:00+00:00,2026-09-02T01:30:00+00:00,4.3,0.21,0.22,0.215,0.01,283.86,35.28,99
2026-09-02T01:25:42.280876+00:00,btc-updown-5m-1788312600,5,4048449,493821427731648827054084021793605320640530918676861373208607156969084147611,2026-09-02T01:30:00+00:00,2026-09-02T01:35:00+00:00,9.3,0.5,0.51,0.505,0.01,62.87,614.05,99
2026-09-02T01:25:42.280876+00:00,btc-updown-15m-1788311700,15,4048387,6574036196796550082105780433149615950049499938159625538178018716349348999824,2026-09-02T01:15:00+00:00,2026-09-02T01:30:00+00:00,4.3,0.15,0.16,0.155,0.01,71.67,25.0,99
2026-09-02T01:25:42.280876+00:00,btc-updown-15m-1788312600,15,4048445,25888171690742790397992958515143714564230335958067218945270034433464268512585,2026-09-02T01:30:00+00:00,2026-09-02T01:45:00+00:00,19.3,0.5,0.51,0.505,0.01,57.0,946.08,97
2026-09-02T01:26:43.211125+00:00,btc-updown-5m-1788312300,5,4048434,83597980692501588612768986392556885879538238619005696276993532167679918586660,2026-09-02T01:25:00+00:00,2026-09-02T01:30:00+00:00,3.28,0.02,0.03,0.025,0.01,870.84,130.0,99
2026-09-02T01:26:43.211125+00:00,btc-updown-5m-1788312600,5,4048449,493821427731648827054084021793605320640530918676861373208607156969084147611,2026-09-02T01:30:00+00:00,2026-09-02T01:35:00+00:00,8.28,0.5,0.51,0.505,0.01,62.87,605.05,99
2026-09-02T01:26:43.211125+00:00,btc-updown-15m-1788311700,15,4048387,6574036196796550082105780433149615950049499938159625538178018716349348999824,2026-09-02T01:15:00+00:00,2026-09-02T01:30:00+00:00,3.28,0.04,0.06,0.05,0.02,1711.05,10.0,98
2026-09-02T01:26:43.211125+00:00,btc-updown-15m-1788312600,15,4048445,25888171690742790397992958515143714564230335958067218945270034433464268512585,2026-09-02T01:30:00+00:00,2026-09-02T01:45:00+00:00,18.28,0.5,0.51,0.505,0.01,210.0,916.08,97
2026-09-02T01:27:44.157843+00:00,btc-updown-5m-1788312300,5,4048434,83597980692501588612768986392556885879538238619005696276993532167679918586660,2026-09-02T01:25:00+00:00,2026-09-02T01:30:00+00:00,2.27,0.01,0.02,0.015,0.01,2366.92,514.31,99
2026-09-02T01:27:44.157843+00:00,btc-updown-5m-1788312600,5,4048449,493821427731648827054084021793605320640530918676861373208607156969084147611,2026-09-02T01:30:00+00:00,2026-09-02T01:35:00+00:00,7.27,0.5,0.51,0.505,0.01,116.87,350.55,99
2026-09-02T01:27:44.157843+00:00,btc-updown-15m-1788312600,15,4048445,25888171690742790397992958515143714564230335958067218945270034433464268512585,2026-09-02T01:30:00+00:00,2026-09-02T01:45:00+00:00,17.27,0.5,0.51,0.505,0.01,190.0,841.08,97
2026-09-02T01:28:44.980741+00:00,btc-updown-5m-1788312600,5,4048449,493821427731648827054084021793605320640530918676861373208607156969084147611,2026-09-02T01:30:00+00:00,2026-09-02T01:35:00+00:00,6.27,0.51,0.53,0.52,0.02,50.0,395.46,98
2026-09-02T01:28:44.980741+00:00,btc-updown-15m-1788312600,15,4048445,25888171690742790397992958515143714564230335958067218945270034433464268512585,2026-09-02T01:30:00+00:00,2026-09-02T01:45:00+00:00,16.27,0.5,0.51,0.505,0.01,378.0,777.94,97
2026-09-02T01:29:45.706427+00:00,btc-updown-5m-1788312600,5,4048449,493821427731648827054084021793605320640530918676861373208607156969084147611,2026-09-02T01:30:00+00:00,2026-09-02T01:35:00+00:00,5.25,0.49,0.53,0.51,0.04,45.03,118.94,96
2026-09-02T01:29:45.706427+00:00,btc-updown-15m-1788312600,15,4048445,25888171690742790397992958515143714564230335958067218945270034433464268512585,2026-09-02T01:30:00+00:00,2026-09-02T01:45:00+00:00,15.25,0.5,0.51,0.505,0.01,759.48,439.19,91
2026-09-02T01:30:46.458912+00:00,btc-updown-5m-1788312600,5,4048449,493821427731648827054084021793605320640530918676861373208607156969084147611,2026-09-02T01:30:00+00:00,2026-09-02T01:35:00+00:00,4.23,0.37,0.38,0.375,0.01,354.9,63.88,99
2026-09-02T01:30:46.458912+00:00,btc-updown-5m-1788312900,5,4048692,57315936298272448004474240660027597329902758173808271517407332669174437081880,2026-09-02T01:35:00+00:00,2026-09-02T01:40:00+00:00,9.23,0.5,0.51,0.505,0.01,865.95,379.0,97
2026-09-02T01:30:46.458912+00:00,btc-updown-15m-1788312600,15,4048445,25888171690742790397992958515143714564230335958067218945270034433464268512585,2026-09-02T01:30:00+00:00,2026-09-02T01:45:00+00:00,14.23,0.46,0.47,0.465,0.01,44.96,17.0,98
2026-09-02T01:30:46.458912+00:00,btc-updown-15m-1788313500,15,4049124,4082644881857601043490263845436764758222638671979680023280898681286335330390,2026-09-02T01:45:00+00:00,2026-09-02T02:00:00+00:00,29.23,0.5,0.51,0.505,0.01,1112.0,750.08,99
2026-09-02T01:31:47.419381+00:00,btc-updown-5m-1788312600,5,4048449,493821427731648827054084021793605320640530918676861373208607156969084147611,2026-09-02T01:30:00+00:00,2026-09-02T01:35:00+00:00,3.22,0.41,0.42,0.415,0.01,212.0,148.61,99
2026-09-02T01:31:47.419381+00:00,btc-updown-5m-1788312900,5,4048692,57315936298272448004474240660027597329902758173808271517407332669174437081880,2026-09-02T01:35:00+00:00,2026-09-02T01:40:00+00:00,8.22,0.5,0.51,0.505,0.01,871.95,369.19,97
2026-09-02T01:31:47.419381+00:00,btc-updown-15m-1788312600,15,4048445,25888171690742790397992958515143714564230335958067218945270034433464268512585,2026-09-02T01:30:00+00:00,2026-09-02T01:45:00+00:00,13.22,0.48,0.49,0.485,0.01,11.21,12.88,99
2026-09-02T01:31:47.419381+00:00,btc-updown-15m-1788313500,15,4049124,4082644881857601043490263845436764758222638671979680023280898681286335330390,2026-09-02T01:45:00+00:00,2026-09-02T02:00:00+00:00,28.22,0.5,0.51,0.505,0.01,1198.0,750.08,99
2026-09-02T01:32:48.528182+00:00,btc-updown-5m-1788312600,5,4048449,493821427731648827054084021793605320640530918676861373208607156969084147611,2026-09-02T01:30:00+00:00,2026-09-02T01:35:00+00:00,2.2,0.41,0.42,0.415,0.01,212.0,148.61,99
2026-09-02T01:32:48.528182+00:00,btc-updown-5m-1788312900,5,4048692,57315936298272448004474240660027597329902758173808271517407332669174437081880,2026-09-02T01:35:00+00:00,2026-09-02T01:40:00+00:00,7.2,0.5,0.51,0.505,0.01,871.95,369.19,97
2026-09-02T01:32:48.528182+00:00,btc-updown-15m-1788312600,15,4048445,25888171690742790397992958515143714564230335958067218945270034433464268512585,2026-09-02T01:30:00+00:00,2026-09-02T01:45:00+00:00,12.2,0.48,0.49,0.485,0.01,11.21,12.88,99
2026-09-02T01:32:48.528182+00:00,btc-updown-15m-1788313500,15,4049124,4082644881857601043490263845436764758222638671979680023280898681286335330390,2026-09-02T01:45:00+00:00,2026-09-02T02:00:00+00:00,27.2,0.5,0.51,0.505,0.01,1198.0,750.08,99
2026-09-02T01:33:49.456177+00:00,btc-updown-5m-1788312600,5,4048449,493821427731648827054084021793605320640530918676861373208607156969084147611,2026-09-02T01:30:00+00:00,2026-09-02T01:35:00+00:00,1.18,0.41,0.42,0.415,0.01,212.0,148.61,99
2026-09-02T01:33:49.456177+00:00,btc-updown-5m-1788312900,5,4048692,57315936298272448004474240660027597329902758173808271517407332669174437081880,2026-09-02T01:35:00+00:00,2026-09-02T01:40:00+00:00,6.18,0.5,0.51,0.505,0.01,271.95,359.19,97
2026-09-02T01:33:49.456177+00:00,btc-updown-15m-1788312600,15,4048445,25888171690742790397992958515143714564230335958067218945270034433464268512585,2026-09-02T01:30:00+00:00,2026-09-02T01:45:00+00:00,11.18,0.48,0.49,0.485,0.01,11.21,12.88,99
2026-09-02T01:33:49.456177+00:00,btc-updown-15m-1788313500,15,4049124,4082644881857601043490263845436764758222638671979680023280898681286335330390,2026-09-02T01:45:00+00:00,2026-09-02T02:00:00+00:00,26.18,0.5,0.51,0.505,0.01,1198.0,750.08,99
2026-09-02T01:34:50.399302+00:00,btc-updown-5m-1788312600,5,4048449,493821427731648827054084021793605320640530918676861373208607156969084147611,2026-09-02T01:30:00+00:00,2026-09-02T01:35:00+00:00,0.17,0.41,0.42,0.415,0.01,212.0,148.61,99
2026-09-02T01:34:50.399302+00:00,btc-updown-5m-1788312900,5,4048692,57315936298272448004474240660027597329902758173808271517407332669174437081880,2026-09-02T01:35:00+00:00,2026-09-02T01:40:00+00:00,5.17,0.5,0.51,0.505,0.01,219.0,338.19,94
2026-09-02T01:34:50.399302+00:00,btc-updown-15m-1788312600,15,4048445,25888171690742790397992958515143714564230335958067218945270034433464268512585,2026-09-02T01:30:00+00:00,2026-09-02T01:45:00+00:00,10.17,0.48,0.49,0.485,0.01,11.21,12.88,99
2026-09-02T01:34:50.399302+00:00,btc-updown-15m-1788313500,15,4049124,4082644881857601043490263845436764758222638671979680023280898681286335330390,2026-09-02T01:45:00+00:00,2026-09-02T02:00:00+00:00,25.17,0.5,0.51,0.505,0.01,1198.0,750.08,99
2026-09-02T01:35:51.321331+00:00,btc-updown-5m-1788312900,5,4048692,57315936298272448004474240660027597329902758173808271517407332669174437081880,2026-09-02T01:35:00+00:00,2026-09-02T01:40:00+00:00,4.15,0.5,0.51,0.505,0.01,195.0,323.19,70
2026-09-02T01:35:51.321331+00:00,btc-updown-5m-1788313200,5,4049108,36220174326255184096000994667113959002104516353327843797750513993556403464393,2026-09-02T01:40:00+00:00,2026-09-02T01:45:00+00:00,9.15,0.5,0.51,0.505,0.01,74.46,347.36,99
2026-09-02T01:35:51.321331+00:00,btc-updown-15m-1788312600,15,4048445,25888171690742790397992958515143714564230335958067218945270034433464268512585,2026-09-02T01:30:00+00:00,2026-09-02T01:45:00+00:00,9.15,0.48,0.49,0.485,0.01,11.21,12.88,99
2026-09-02T01:35:51.321331+00:00,btc-updown-15m-1788313500,15,4049124,4082644881857601043490263845436764758222638671979680023280898681286335330390,2026-09-02T01:45:00+00:00,2026-09-02T02:00:00+00:00,24.15,0.5,0.51,0.505,0.01,1198.0,750.08,99
2026-09-02T01:36:52.295903+00:00,btc-updown-5m-1788312900,5,4048692,57315936298272448004474240660027597329902758173808271517407332669174437081880,2026-09-02T01:35:00+00:00,2026-09-02T01:40:00+00:00,3.13,0.5,0.51,0.505,0.01,195.0,323.19,70
2026-09-02T01:36:52.295903+00:00,btc-updown-5m-1788313200,5,4049108,36220174326255184096000994667113959002104516353327843797750513993556403464393,2026-09-02T01:40:00+00:00,2026-09-02T01:45:00+00:00,8.13,0.5,0.51,0.505,0.01,74.46,347.36,99
2026-09-02T01:36:52.295903+00:00,btc-updown-15m-1788312600,15,4048445,25888171690742790397992958515143714564230335958067218945270034433464268512585,2026-09-02T01:30:00+00:00,2026-09-02T01:45:00+00:00,8.13,0.48,0.49,0.485,0.01,11.21,12.88,99
2026-09-02T01:36:52.295903+00:00,btc-updown-15m-1788313500,15,4049124,4082644881857601043490263845436764758222638671979680023280898681286335330390,2026-09-02T01:45:00+00:00,2026-09-02T02:00:00+00:00,23.13,0.5,0.51,0.505,0.01,1198.0,750.08,99
2026-09-02T01:37:53.220202+00:00,btc-updown-5m-1788312900,5,4048692,57315936298272448004474240660027597329902758173808271517407332669174437081880,2026-09-02T01:35:00+00:00,2026-09-02T01:40:00+00:00,2.12,0.5,0.51,0.505,0.01,195.0,323.19,70
2026-09-02T01:37:53.220202+00:00,btc-updown-5m-1788313200,5,4049108,36220174326255184096000994667113959002104516353327843797750513993556403464393,2026-09-02T01:40:00+00:00,2026-09-02T01:45:00+00:00,7.12,0.5,0.51,0.505,0.01,74.46,347.36,99
2026-09-02T01:37:53.220202+00:00,btc-updown-15m-1788312600,15,4048445,25888171690742790397992958515143714564230335958067218945270034433464268512585,2026-09-02T01:30:00+00:00,2026-09-02T01:45:00+00:00,7.12,0.48,0.49,0.485,0.01,11.21,12.88,99
2026-09-02T01:37:53.220202+00:00,btc-updown-15m-1788313500,15,4049124,4082644881857601043490263845436764758222638671979680023280898681286335330390,2026-09-02T01:45:00+00:00,2026-09-02T02:00:00+00:00,22.12,0.5,0.51,0.505,0.01,1198.0,750.08,99
2026-09-02T01:38:54.149785+00:00,btc-updown-5m-1788312900,5,4048692,57315936298272448004474240660027597329902758173808271517407332669174437081880,2026-09-02T01:35:00+00:00,2026-09-02T01:40:00+00:00,1.1,0.5,0.51,0.505,0.01,175.0,323.19,68
2026-09-02T01:38:54.149785+00:00,btc-updown-5m-1788313200,5,4049108,36220174326255184096000994667113959002104516353327843797750513993556403464393,2026-09-02T01:40:00+00:00,2026-09-02T01:45:00+00:00,6.1,0.5,0.51,0.505,0.01,74.46,337.36,99
2026-09-02T01:38:54.149785+00:00,btc-updown-15m-1788312600,15,4048445,25888171690742790397992958515143714564230335958067218945270034433464268512585,2026-09-02T01:30:00+00:00,2026-09-02T01:45:00+00:00,6.1,0.48,0.49,0.485,0.01,11.21,12.88,99
2026-09-02T01:38:54.149785+00:00,btc-updown-15m-1788313500,15,4049124,4082644881857601043490263845436764758222638671979680023280898681286335330390,2026-09-02T01:45:00+00:00,2026-09-02T02:00:00+00:00,21.1,0.5,0.51,0.505,0.01,1198.0,750.08,99
2026-09-02T01:39:55.081999+00:00,btc-updown-5m-1788312900,5,4048692,57315936298272448004474240660027597329902758173808271517407332669174437081880,2026-09-02T01:35:00+00:00,2026-09-02T01:40:00+00:00,0.08,0.5,0.51,0.505,0.01,175.0,323.19,68
2026-09-02T01:39:55.081999+00:00,btc-updown-5m-1788313200,5,4049108,36220174326255184096000994667113959002104516353327843797750513993556403464393,2026-09-02T01:40:00+00:00,2026-09-02T01:45:00+00:00,5.08,0.5,0.51,0.505,0.01,20.5,326.36,79
2026-09-02T01:39:55.081999+00:00,btc-updown-15m-1788312600,15,4048445,25888171690742790397992958515143714564230335958067218945270034433464268512585,2026-09-02T01:30:00+00:00,2026-09-02T01:45:00+00:00,5.08,0.48,0.49,0.485,0.01,11.21,12.88,99
2026-09-02T01:39:55.081999+00:00,btc-updown-15m-1788313500,15,4049124,4082644881857601043490263845436764758222638671979680023280898681286335330390,2026-09-02T01:45:00+00:00,2026-09-02T02:00:00+00:00,20.08,0.5,0.51,0.505,0.01,1198.0,750.08,99
2026-09-02T01:40:55.984712+00:00,btc-updown-5m-1788313200,5,4049108,36220174326255184096000994667113959002104516353327843797750513993556403464393,2026-09-02T01:40:00+00:00,2026-09-02T01:45:00+00:00,4.08,0.5,0.51,0.505,0.01,20.5,308.0,20
2026-09-02T01:40:55.984712+00:00,btc-updown-5m-1788313500,5,4049138,107835843121276671174406532141170515582747476954208735397560910161736025412175,2026-09-02T01:45:00+00:00,2026-09-02T01:50:00+00:00,9.08,0.5,0.51,0.505,0.01,66.0,456.08,99
2026-09-02T01:40:55.984712+00:00,btc-updown-15m-1788312600,15,4048445,25888171690742790397992958515143714564230335958067218945270034433464268512585,2026-09-02T01:30:00+00:00,2026-09-02T01:45:00+00:00,4.08,0.48,0.49,0.485,0.01,11.21,12.88,99
2026-09-02T01:40:55.984712+00:00,btc-updown-15m-1788313500,15,4049124,4082644881857601043490263845436764758222638671979680023280898681286335330390,2026-09-02T01:45:00+00:00,2026-09-02T02:00:00+00:00,19.08,0.5,0.51,0.505,0.01,1198.0,750.08,99
2026-09-02T01:41:56.908600+00:00,btc-updown-5m-1788313200,5,4049108,36220174326255184096000994667113959002104516353327843797750513993556403464393,2026-09-02T01:40:00+00:00,2026-09-02T01:45:00+00:00,3.07,0.5,0.51,0.505,0.01,20.5,308.0,20
2026-09-02T01:41:56.908600+00:00,btc-updown-5m-1788313500,5,4049138,107835843121276671174406532141170515582747476954208735397560910161736025412175,2026-09-02T01:45:00+00:00,2026-09-02T01:50:00+00:00,8.07,0.5,0.51,0.505,0.01,66.0,456.08,99
2026-09-02T01:41:56.908600+00:00,btc-updown-15m-1788312600,15,4048445,25888171690742790397992958515143714564230335958067218945270034433464268512585,2026-09-02T01:30:00+00:00,2026-09-02T01:45:00+00:00,3.07,0.48,0.49,0.485,0.01,11.21,12.88,99
2026-09-02T01:41:56.908600+00:00,btc-updown-15m-1788313500,15,4049124,4082644881857601043490263845436764758222638671979680023280898681286335330390,2026-09-02T01:45:00+00:00,2026-09-02T02:00:00+00:00,18.07,0.5,0.51,0.505,0.01,1198.0,750.08,99
2026-09-02T01:42:57.884510+00:00,btc-updown-5m-1788313200,5,4049108,36220174326255184096000994667113959002104516353327843797750513993556403464393,2026-09-02T01:40:00+00:00,2026-09-02T01:45:00+00:00,2.05,0.5,0.51,0.505,0.01,20.5,308.0,20
2026-09-02T01:42:57.884510+00:00,btc-updown-5m-1788313500,5,4049138,107835843121276671174406532141170515582747476954208735397560910161736025412175,2026-09-02T01:45:00+00:00,2026-09-02T01:50:00+00:00,7.05,0.5,0.51,0.505,0.01,66.0,456.08,99
2026-09-02T01:42:57.884510+00:00,btc-updown-15m-1788312600,15,4048445,25888171690742790397992958515143714564230335958067218945270034433464268512585,2026-09-02T01:30:00+00:00,2026-09-02T01:45:00+00:00,2.05,0.48,0.49,0.485,0.01,11.21,12.88,99
2026-09-02T01:42:57.884510+00:00,btc-updown-15m-1788313500,15,4049124,4082644881857601043490263845436764758222638671979680023280898681286335330390,2026-09-02T01:45:00+00:00,2026-09-02T02:00:00+00:00,17.05,0.5,0.51,0.505,0.01,1198.0,750.08,99
2026-09-02T01:43:58.832214+00:00,btc-updown-5m-1788313200,5,4049108,36220174326255184096000994667113959002104516353327843797750513993556403464393,2026-09-02T01:40:00+00:00,2026-09-02T01:45:00+00:00,1.03,0.5,0.51,0.505,0.01,20.5,308.0,20
2026-09-02T01:43:58.832214+00:00,btc-updown-5m-1788313500,5,4049138,107835843121276671174406532141170515582747476954208735397560910161736025412175,2026-09-02T01:45:00+00:00,2026-09-02T01:50:00+00:00,6.03,0.5,0.51,0.505,0.01,61.0,403.08,99
2026-09-02T01:43:58.832214+00:00,btc-updown-15m-1788312600,15,4048445,25888171690742790397992958515143714564230335958067218945270034433464268512585,2026-09-02T01:30:00+00:00,2026-09-02T01:45:00+00:00,1.03,0.48,0.49,0.485,0.01,11.21,12.88,99
2026-09-02T01:43:58.832214+00:00,btc-updown-15m-1788313500,15,4049124,4082644881857601043490263845436764758222638671979680023280898681286335330390,2026-09-02T01:45:00+00:00,2026-09-02T02:00:00+00:00,16.03,0.5,0.51,0.505,0.01,1198.0,750.08,99
2026-09-02T01:44:59.778678+00:00,btc-updown-5m-1788313200,5,4049108,36220174326255184096000994667113959002104516353327843797750513993556403464393,2026-09-02T01:40:00+00:00,2026-09-02T01:45:00+00:00,0.02,0.5,0.51,0.505,0.01,20.5,308.0,20
2026-09-02T01:44:59.778678+00:00,btc-updown-5m-1788313500,5,4049138,107835843121276671174406532141170515582747476954208735397560910161736025412175,2026-09-02T01:45:00+00:00,2026-09-02T01:50:00+00:00,5.02,0.5,0.51,0.505,0.01,5.0,373.72,68
2026-09-02T01:44:59.778678+00:00,btc-updown-15m-1788312600,15,4048445,25888171690742790397992958515143714564230335958067218945270034433464268512585,2026-09-02T01:30:00+00:00,2026-09-02T01:45:00+00:00,0.02,0.48,0.49,0.485,0.01,11.21,12.88,99
2026-09-02T01:44:59.778678+00:00,btc-updown-15m-1788313500,15,4049124,4082644881857601043490263845436764758222638671979680023280898681286335330390,2026-09-02T01:45:00+00:00,2026-09-02T02:00:00+00:00,15.02,0.5,0.51,0.505,0.01,658.0,630.08,67
2026-09-02T01:46:00.759380+00:00,btc-updown-5m-1788313500,5,4049138,107835843121276671174406532141170515582747476954208735397560910161736025412175,2026-09-02T01:45:00+00:00,2026-09-02T01:50:00+00:00,4.0,0.5,0.51,0.505,0.01,5.0,373.72,58
2026-09-02T01:46:00.759380+00:00,btc-updown-5m-1788313800,5,4049164,85943697402678555128876358082830285087483781867675266592562354610308025436900,2026-09-02T01:50:00+00:00,2026-09-02T01:55:00+00:00,9.0,0.5,0.51,0.505,0.01,16.0,307.01,99
2026-09-02T01:46:00.759380+00:00,btc-updown-15m-1788313500,15,4049124,4082644881857601043490263845436764758222638671979680023280898681286335330390,2026-09-02T01:45:00+00:00,2026-09-02T02:00:00+00:00,14.0,0.5,0.51,0.505,0.01,658.0,630.08,47
2026-09-02T01:46:00.759380+00:00,btc-updown-15m-1788314400,15,4049244,107032112477407313117616835372786889797710286457794303932758887137402171410999,2026-09-02T02:00:00+00:00,2026-09-02T02:15:00+00:00,29.0,0.5,0.51,0.505,0.01,290.0,70.12,87
2026-09-02T01:47:01.698009+00:00,btc-updown-5m-1788313500,5,4049138,107835843121276671174406532141170515582747476954208735397560910161736025412175,2026-09-02T01:45:00+00:00,2026-09-02T01:50:00+00:00,2.98,0.5,0.51,0.505,0.01,5.0,373.72,58
2026-09-02T01:47:01.698009+00:00,btc-updown-5m-1788313800,5,4049164,85943697402678555128876358082830285087483781867675266592562354610308025436900,2026-09-02T01:50:00+00:00,2026-09-02T01:55:00+00:00,7.98,0.5,0.51,0.505,0.01,16.0,307.01,99
2026-09-02T01:47:01.698009+00:00,btc-updown-15m-1788313500,15,4049124,4082644881857601043490263845436764758222638671979680023280898681286335330390,2026-09-02T01:45:00+00:00,2026-09-02T02:00:00+00:00,12.98,0.5,0.51,0.505,0.01,658.0,630.08,39
2026-09-02T01:47:01.698009+00:00,btc-updown-15m-1788314400,15,4049244,107032112477407313117616835372786889797710286457794303932758887137402171410999,2026-09-02T02:00:00+00:00,2026-09-02T02:15:00+00:00,27.98,0.5,0.51,0.505,0.01,290.0,70.12,87
2026-09-02T01:48:02.644870+00:00,btc-updown-5m-1788313500,5,4049138,107835843121276671174406532141170515582747476954208735397560910161736025412175,2026-09-02T01:45:00+00:00,2026-09-02T01:50:00+00:00,1.97,0.5,0.51,0.505,0.01,5.0,373.72,58
2026-09-02T01:48:02.644870+00:00,btc-updown-5m-1788313800,5,4049164,85943697402678555128876358082830285087483781867675266592562354610308025436900,2026-09-02T01:50:00+00:00,2026-09-02T01:55:00+00:00,6.97,0.5,0.51,0.505,0.01,16.0,297.01,99
2026-09-02T01:48:02.644870+00:00,btc-updown-15m-1788313500,15,4049124,4082644881857601043490263845436764758222638671979680023280898681286335330390,2026-09-02T01:45:00+00:00,2026-09-02T02:00:00+00:00,11.97,0.5,0.51,0.505,0.01,461.0,426.0,27
2026-09-02T01:48:02.644870+00:00,btc-updown-15m-1788314400,15,4049244,107032112477407313117616835372786889797710286457794303932758887137402171410999,2026-09-02T02:00:00+00:00,2026-09-02T02:15:00+00:00,26.97,0.5,0.51,0.505,0.01,290.0,70.12,87
2026-09-02T01:49:03.572022+00:00,btc-updown-5m-1788313500,5,4049138,107835843121276671174406532141170515582747476954208735397560910161736025412175,2026-09-02T01:45:00+00:00,2026-09-02T01:50:00+00:00,0.95,0.5,0.51,0.505,0.01,5.0,373.72,58
2026-09-02T01:49:03.572022+00:00,btc-updown-5m-1788313800,5,4049164,85943697402678555128876358082830285087483781867675266592562354610308025436900,2026-09-02T01:50:00+00:00,2026-09-02T01:55:00+00:00,5.95,0.5,0.51,0.505,0.01,5.0,248.01,99
2026-09-02T01:49:03.572022+00:00,btc-updown-15m-1788313500,15,4049124,4082644881857601043490263845436764758222638671979680023280898681286335330390,2026-09-02T01:45:00+00:00,2026-09-02T02:00:00+00:00,10.95,0.5,0.51,0.505,0.01,461.0,426.0,25
2026-09-02T01:49:03.572022+00:00,btc-updown-15m-1788314400,15,4049244,107032112477407313117616835372786889797710286457794303932758887137402171410999,2026-09-02T02:00:00+00:00,2026-09-02T02:15:00+00:00,25.95,0.5,0.51,0.505,0.01,290.0,70.12,87
2026-09-02T01:50:04.526710+00:00,btc-updown-5m-1788313800,5,4049164,85943697402678555128876358082830285087483781867675266592562354610308025436900,2026-09-02T01:50:00+00:00,2026-09-02T01:55:00+00:00,4.93,0.5,0.51,0.505,0.01,5.0,224.65,68
2026-09-02T01:50:04.526710+00:00,btc-updown-5m-1788314100,5,4049197,48256806871589662717806854201235367209878939765798906506800164813026476814947,2026-09-02T01:55:00+00:00,2026-09-02T02:00:00+00:00,9.93,0.5,0.51,0.505,0.01,16.0,302.01,99
2026-09-02T01:50:04.526710+00:00,btc-updown-15m-1788313500,15,4049124,4082644881857601043490263845436764758222638671979680023280898681286335330390,2026-09-02T01:45:00+00:00,2026-09-02T02:00:00+00:00,9.93,0.5,0.51,0.505,0.01,461.0,426.0,25
2026-09-02T01:50:04.526710+00:00,btc-updown-15m-1788314400,15,4049244,107032112477407313117616835372786889797710286457794303932758887137402171410999,2026-09-02T02:00:00+00:00,2026-09-02T02:15:00+00:00,24.93,0.5,0.51,0.505,0.01,290.0,70.12,87
2026-09-02T01:51:05.482377+00:00,btc-updown-5m-1788313800,5,4049164,85943697402678555128876358082830285087483781867675266592562354610308025436900,2026-09-02T01:50:00+00:00,2026-09-02T01:55:00+00:00,3.92,0.5,0.51,0.505,0.01,5.0,224.65,58
2026-09-02T01:51:05.482377+00:00,btc-updown-5m-1788314100,5,4049197,48256806871589662717806854201235367209878939765798906506800164813026476814947,2026-09-02T01:55:00+00:00,2026-09-02T02:00:00+00:00,8.92,0.5,0.51,0.505,0.01,16.0,302.01,99
2026-09-02T01:51:05.482377+00:00,btc-updown-15m-1788313500,15,4049124,4082644881857601043490263845436764758222638671979680023280898681286335330390,2026-09-02T01:45:00+00:00,2026-09-02T02:00:00+00:00,8.92,0.5,0.51,0.505,0.01,461.0,426.0,25
2026-09-02T01:51:05.482377+00:00,btc-updown-15m-1788314400,15,4049244,107032112477407313117616835372786889797710286457794303932758887137402171410999,2026-09-02T02:00:00+00:00,2026-09-02T02:15:00+00:00,23.92,0.5,0.51,0.505,0.01,290.0,70.12,87
2026-09-02T01:52:06.421010+00:00,btc-updown-5m-1788313800,5,4049164,85943697402678555128876358082830285087483781867675266592562354610308025436900,2026-09-02T01:50:00+00:00,2026-09-02T01:55:00+00:00,2.9,0.5,0.51,0.505,0.01,5.0,224.65,58
2026-09-02T01:52:06.421010+00:00,btc-updown-5m-1788314100,5,4049197,48256806871589662717806854201235367209878939765798906506800164813026476814947,2026-09-02T01:55:00+00:00,2026-09-02T02:00:00+00:00,7.9,0.5,0.51,0.505,0.01,16.0,302.01,99
2026-09-02T01:52:06.421010+00:00,btc-updown-15m-1788313500,15,4049124,4082644881857601043490263845436764758222638671979680023280898681286335330390,2026-09-02T01:45:00+00:00,2026-09-02T02:00:00+00:00,7.9,0.5,0.51,0.505,0.01,461.0,426.0,25
2026-09-02T01:52:06.421010+00:00,btc-updown-15m-1788314400,15,4049244,107032112477407313117616835372786889797710286457794303932758887137402171410999,2026-09-02T02:00:00+00:00,2026-09-02T02:15:00+00:00,22.9,0.5,0.51,0.505,0.01,290.0,70.12,87
2026-09-02T01:53:07.364418+00:00,btc-updown-5m-1788313800,5,4049164,85943697402678555128876358082830285087483781867675266592562354610308025436900,2026-09-02T01:50:00+00:00,2026-09-02T01:55:00+00:00,1.88,0.5,0.51,0.505,0.01,5.0,224.65,58
2026-09-02T01:53:07.364418+00:00,btc-updown-5m-1788314100,5,4049197,48256806871589662717806854201235367209878939765798906506800164813026476814947,2026-09-02T01:55:00+00:00,2026-09-02T02:00:00+00:00,6.88,0.5,0.51,0.505,0.01,16.0,292.01,99
2026-09-02T01:53:07.364418+00:00,btc-updown-15m-1788313500,15,4049124,4082644881857601043490263845436764758222638671979680023280898681286335330390,2026-09-02T01:45:00+00:00,2026-09-02T02:00:00+00:00,6.88,0.5,0.51,0.505,0.01,461.0,426.0,25
2026-09-02T01:53:07.364418+00:00,btc-updown-15m-1788314400,15,4049244,107032112477407313117616835372786889797710286457794303932758887137402171410999,2026-09-02T02:00:00+00:00,2026-09-02T02:15:00+00:00,21.88,0.5,0.51,0.505,0.01,290.0,70.12,87
2026-09-02T01:54:08.289740+00:00,btc-updown-5m-1788313800,5,4049164,85943697402678555128876358082830285087483781867675266592562354610308025436900,2026-09-02T01:50:00+00:00,2026-09-02T01:55:00+00:00,0.87,0.5,0.51,0.505,0.01,5.0,224.65,58
2026-09-02T01:54:08.289740+00:00,btc-updown-5m-1788314100,5,4049197,48256806871589662717806854201235367209878939765798906506800164813026476814947,2026-09-02T01:55:00+00:00,2026-09-02T02:00:00+00:00,5.87,0.5,0.51,0.505,0.01,5.0,243.01,99
2026-09-02T01:54:08.289740+00:00,btc-updown-15m-1788313500,15,4049124,4082644881857601043490263845436764758222638671979680023280898681286335330390,2026-09-02T01:45:00+00:00,2026-09-02T02:00:00+00:00,5.87,0.5,0.51,0.505,0.01,461.0,426.0,25
2026-09-02T01:54:08.289740+00:00,btc-updown-15m-1788314400,15,4049244,107032112477407313117616835372786889797710286457794303932758887137402171410999,2026-09-02T02:00:00+00:00,2026-09-02T02:15:00+00:00,20.87,0.5,0.51,0.505,0.01,290.0,70.12,87
2026-09-02T01:55:09.216353+00:00,btc-updown-5m-1788314100,5,4049197,48256806871589662717806854201235367209878939765798906506800164813026476814947,2026-09-02T01:55:00+00:00,2026-09-02T02:00:00+00:00,4.85,0.5,0.51,0.505,0.01,5.0,224.65,58
2026-09-02T01:55:09.216353+00:00,btc-updown-5m-1788314400,5,4049246,38965035323291111171415423639700154843009047926133230525343342075392244748558,2026-09-02T02:00:00+00:00,2026-09-02T02:05:00+00:00,9.85,0.5,0.51,0.505,0.01,21.0,278.66,93
2026-09-02T01:55:09.216353+00:00,btc-updown-15m-1788313500,15,4049124,4082644881857601043490263845436764758222638671979680023280898681286335330390,2026-09-02T01:45:00+00:00,2026-09-02T02:00:00+00:00,4.85,0.5,0.51,0.505,0.01,461.0,426.0,25
2026-09-02T01:55:09.216353+00:00,btc-updown-15m-1788314400,15,4049244,107032112477407313117616835372786889797710286457794303932758887137402171410999,2026-09-02T02:00:00+00:00,2026-09-02T02:15:00+00:00,19.85,0.5,0.51,0.505,0.01,290.0,70.12,87
2026-09-02T01:56:10.155642+00:00,btc-updown-5m-1788314100,5,4049197,48256806871589662717806854201235367209878939765798906506800164813026476814947,2026-09-02T01:55:00+00:00,2026-09-02T02:00:00+00:00,3.83,0.5,0.51,0.505,0.01,5.0,224.65,58
2026-09-02T01:56:10.155642+00:00,btc-updown-5m-1788314400,5,4049246,38965035323291111171415423639700154843009047926133230525343342075392244748558,2026-09-02T02:00:00+00:00,2026-09-02T02:05:00+00:00,8.83,0.5,0.51,0.505,0.01,21.0,278.66,93
2026-09-02T01:56:10.155642+00:00,btc-updown-15m-1788313500,15,4049124,4082644881857601043490263845436764758222638671979680023280898681286335330390,2026-09-02T01:45:00+00:00,2026-09-02T02:00:00+00:00,3.83,0.5,0.51,0.505,0.01,461.0,426.0,24
2026-09-02T01:56:10.155642+00:00,btc-updown-15m-1788314400,15,4049244,107032112477407313117616835372786889797710286457794303932758887137402171410999,2026-09-02T02:00:00+00:00,2026-09-02T02:15:00+00:00,18.83,0.5,0.51,0.505,0.01,290.0,70.12,87
2026-09-02T01:57:11.090001+00:00,btc-updown-5m-1788314100,5,4049197,48256806871589662717806854201235367209878939765798906506800164813026476814947,2026-09-02T01:55:00+00:00,2026-09-02T02:00:00+00:00,2.82,0.5,0.51,0.505,0.01,5.0,224.65,58
2026-09-02T01:57:11.090001+00:00,btc-updown-5m-1788314400,5,4049246,38965035323291111171415423639700154843009047926133230525343342075392244748558,2026-09-02T02:00:00+00:00,2026-09-02T02:05:00+00:00,7.82,0.5,0.51,0.505,0.01,21.0,278.66,91
2026-09-02T01:57:11.090001+00:00,btc-updown-15m-1788313500,15,4049124,4082644881857601043490263845436764758222638671979680023280898681286335330390,2026-09-02T01:45:00+00:00,2026-09-02T02:00:00+00:00,2.82,0.5,0.51,0.505,0.01,461.0,426.0,24
2026-09-02T01:57:11.090001+00:00,btc-updown-15m-1788314400,15,4049244,107032112477407313117616835372786889797710286457794303932758887137402171410999,2026-09-02T02:00:00+00:00,2026-09-02T02:15:00+00:00,17.82,0.5,0.51,0.505,0.01,290.0,70.12,87
2026-09-02T01:58:12.027563+00:00,btc-updown-5m-1788314100,5,4049197,48256806871589662717806854201235367209878939765798906506800164813026476814947,2026-09-02T01:55:00+00:00,2026-09-02T02:00:00+00:00,1.8,0.5,0.51,0.505,0.01,5.0,224.65,58
2026-09-02T01:58:12.027563+00:00,btc-updown-5m-1788314400,5,4049246,38965035323291111171415423639700154843009047926133230525343342075392244748558,2026-09-02T02:00:00+00:00,2026-09-02T02:05:00+00:00,6.8,0.5,0.51,0.505,0.01,21.0,268.66,91
2026-09-02T01:58:12.027563+00:00,btc-updown-15m-1788313500,15,4049124,4082644881857601043490263845436764758222638671979680023280898681286335330390,2026-09-02T01:45:00+00:00,2026-09-02T02:00:00+00:00,1.8,0.5,0.51,0.505,0.01,461.0,426.0,24
2026-09-02T01:58:12.027563+00:00,btc-updown-15m-1788314400,15,4049244,107032112477407313117616835372786889797710286457794303932758887137402171410999,2026-09-02T02:00:00+00:00,2026-09-02T02:15:00+00:00,16.8,0.5,0.51,0.505,0.01,290.0,70.12,87
2026-09-02T01:59:12.969974+00:00,btc-updown-5m-1788314100,5,4049197,48256806871589662717806854201235367209878939765798906506800164813026476814947,2026-09-02T01:55:00+00:00,2026-09-02T02:00:00+00:00,0.8,0.5,0.51,0.505,0.01,5.0,224.65,58
2026-09-02T01:59:12.969974+00:00,btc-updown-5m-1788314400,5,4049246,38965035323291111171415423639700154843009047926133230525343342075392244748558,2026-09-02T02:00:00+00:00,2026-09-02T02:05:00+00:00,5.8,0.5,0.51,0.505,0.01,10.0,219.66,70
2026-09-02T01:59:12.969974+00:00,btc-updown-15m-1788313500,15,4049124,4082644881857601043490263845436764758222638671979680023280898681286335330390,2026-09-02T01:45:00+00:00,2026-09-02T02:00:00+00:00,0.8,0.5,0.51,0.505,0.01,461.0,426.0,23
2026-09-02T01:59:12.969974+00:00,btc-updown-15m-1788314400,15,4049244,107032112477407313117616835372786889797710286457794303932758887137402171410999,2026-09-02T02:00:00+00:00,2026-09-02T02:15:00+00:00,15.8,0.5,0.51,0.505,0.01,290.0,70.12,70
2026-09-02T02:00:13.940369+00:00,btc-updown-5m-1788314400,5,4049246,38965035323291111171415423639700154843009047926133230525343342075392244748558,2026-09-02T02:00:00+00:00,2026-09-02T02:05:00+00:00,4.78,0.5,0.51,0.505,0.01,10.0,219.66,58
2026-09-02T02:00:13.940369+00:00,btc-updown-5m-1788314700,5,4049260,19955901401364473560858785785827776742157277536430090972203366592852842528879,2026-09-02T02:05:00+00:00,2026-09-02T02:10:00+00:00,9.78,0.5,0.51,0.505,0.01,21.0,268.66,93
2026-09-02T02:00:13.940369+00:00,btc-updown-15m-1788314400,15,4049244,107032112477407313117616835372786889797710286457794303932758887137402171410999,2026-09-02T02:00:00+00:00,2026-09-02T02:15:00+00:00,14.78,0.5,0.51,0.505,0.01,200.0,70.12,29
2026-09-02T02:00:13.940369+00:00,btc-updown-15m-1788315300,15,4049291,21144140045367782896925219799149478632327062836503744941773714912302294669257,2026-09-02T02:15:00+00:00,2026-09-02T02:30:00+00:00,29.78,0.5,0.51,0.505,0.01,200.0,270.0,93
2026-09-02T02:01:14.864637+00:00,btc-updown-5m-1788314400,5,4049246,38965035323291111171415423639700154843009047926133230525343342075392244748558,2026-09-02T02:00:00+00:00,2026-09-02T02:05:00+00:00,3.77,0.5,0.51,0.505,0.01,10.0,219.66,58
2026-09-02T02:01:14.864637+00:00,btc-updown-5m-1788314700,5,4049260,19955901401364473560858785785827776742157277536430090972203366592852842528879,2026-09-02T02:05:00+00:00,2026-09-02T02:10:00+00:00,8.77,0.5,0.51,0.505,0.01,21.0,268.66,93
2026-09-02T02:01:14.864637+00:00,btc-updown-15m-1788314400,15,4049244,107032112477407313117616835372786889797710286457794303932758887137402171410999,2026-09-02T02:00:00+00:00,2026-09-02T02:15:00+00:00,13.77,0.5,0.51,0.505,0.01,200.0,70.12,29
2026-09-02T02:01:14.864637+00:00,btc-updown-15m-1788315300,15,4049291,21144140045367782896925219799149478632327062836503744941773714912302294669257,2026-09-02T02:15:00+00:00,2026-09-02T02:30:00+00:00,28.77,0.5,0.51,0.505,0.01,200.0,270.0,93
2026-09-02T02:02:15.824996+00:00,btc-updown-5m-1788314400,5,4049246,38965035323291111171415423639700154843009047926133230525343342075392244748558,2026-09-02T02:00:00+00:00,2026-09-02T02:05:00+00:00,2.75,0.5,0.51,0.505,0.01,10.0,219.66,58
2026-09-02T02:02:15.824996+00:00,btc-updown-5m-1788314700,5,4049260,19955901401364473560858785785827776742157277536430090972203366592852842528879,2026-09-02T02:05:00+00:00,2026-09-02T02:10:00+00:00,7.75,0.5,0.51,0.505,0.01,21.0,268.66,91
2026-09-02T02:02:15.824996+00:00,btc-updown-15m-1788314400,15,4049244,107032112477407313117616835372786889797710286457794303932758887137402171410999,2026-09-02T02:00:00+00:00,2026-09-02T02:15:00+00:00,12.75,0.5,0.51,0.505,0.01,200.0,70.12,17
2026-09-02T02:02:15.824996+00:00,btc-updown-15m-1788315300,15,4049291,21144140045367782896925219799149478632327062836503744941773714912302294669257,2026-09-02T02:15:00+00:00,2026-09-02T02:30:00+00:00,27.75,0.5,0.51,0.505,0.01,200.0,270.0,93
2026-09-02T02:03:16.806896+00:00,btc-updown-5m-1788314400,5,4049246,38965035323291111171415423639700154843009047926133230525343342075392244748558,2026-09-02T02:00:00+00:00,2026-09-02T02:05:00+00:00,1.73,0.5,0.51,0.505,0.01,10.0,219.66,58
2026-09-02T02:03:16.806896+00:00,btc-updown-5m-1788314700,5,4049260,19955901401364473560858785785827776742157277536430090972203366592852842528879,2026-09-02T02:05:00+00:00,2026-09-02T02:10:00+00:00,6.73,0.5,0.51,0.505,0.01,21.0,258.66,91
2026-09-02T02:03:16.806896+00:00,btc-updown-15m-1788314400,15,4049244,107032112477407313117616835372786889797710286457794303932758887137402171410999,2026-09-02T02:00:00+00:00,2026-09-02T02:15:00+00:00,11.73,0.5,0.51,0.505,0.01,200.0,70.12,17
2026-09-02T02:03:16.806896+00:00,btc-updown-15m-1788315300,15,4049291,21144140045367782896925219799149478632327062836503744941773714912302294669257,2026-09-02T02:15:00+00:00,2026-09-02T02:30:00+00:00,26.73,0.5,0.51,0.505,0.01,200.0,270.0,93
2026-09-02T02:04:17.733954+00:00,btc-updown-5m-1788314400,5,4049246,38965035323291111171415423639700154843009047926133230525343342075392244748558,2026-09-02T02:00:00+00:00,2026-09-02T02:05:00+00:00,0.72,0.5,0.51,0.505,0.01,10.0,219.66,58
2026-09-02T02:04:17.733954+00:00,btc-updown-5m-1788314700,5,4049260,19955901401364473560858785785827776742157277536430090972203366592852842528879,2026-09-02T02:05:00+00:00,2026-09-02T02:10:00+00:00,5.72,0.5,0.51,0.505,0.01,10.0,209.66,70
2026-09-02T02:04:17.733954+00:00,btc-updown-15m-1788314400,15,4049244,107032112477407313117616835372786889797710286457794303932758887137402171410999,2026-09-02T02:00:00+00:00,2026-09-02T02:15:00+00:00,10.72,0.5,0.51,0.505,0.01,200.0,70.12,17
2026-09-02T02:04:17.733954+00:00,btc-updown-15m-1788315300,15,4049291,21144140045367782896925219799149478632327062836503744941773714912302294669257,2026-09-02T02:15:00+00:00,2026-09-02T02:30:00+00:00,25.72,0.5,0.51,0.505,0.01,200.0,270.0,93
2026-09-02T02:05:18.688632+00:00,btc-updown-5m-1788314700,5,4049260,19955901401364473560858785785827776742157277536430090972203366592852842528879,2026-09-02T02:05:00+00:00,2026-09-02T02:10:00+00:00,4.7,0.5,0.51,0.505,0.01,10.0,209.66,58
2026-09-02T02:05:18.688632+00:00,btc-updown-5m-1788315000,5,4049272,87997703979509790387949290832203631229049909769638880456163939080312858182005,2026-09-02T02:10:00+00:00,2026-09-02T02:15:00+00:00,9.7,0.5,0.51,0.505,0.01,16.0,269.56,93
2026-09-02T02:05:18.688632+00:00,btc-updown-15m-1788314400,15,4049244,107032112477407313117616835372786889797710286457794303932758887137402171410999,2026-09-02T02:00:00+00:00,2026-09-02T02:15:00+00:00,9.7,0.5,0.51,0.505,0.01,200.0,70.12,17
2026-09-02T02:05:18.688632+00:00,btc-updown-15m-1788315300,15,4049291,21144140045367782896925219799149478632327062836503744941773714912302294669257,2026-09-02T02:15:00+00:00,2026-09-02T02:30:00+00:00,24.7,0.5,0.51,0.505,0.01,200.0,270.0,93
2026-09-02T02:06:19.656328+00:00,btc-updown-5m-1788314700,5,4049260,19955901401364473560858785785827776742157277536430090972203366592852842528879,2026-09-02T02:05:00+00:00,2026-09-02T02:10:00+00:00,3.68,0.5,0.51,0.505,0.01,10.0,209.66,58
2026-09-02T02:06:19.656328+00:00,btc-updown-5m-1788315000,5,4049272,87997703979509790387949290832203631229049909769638880456163939080312858182005,2026-09-02T02:10:00+00:00,2026-09-02T02:15:00+00:00,8.68,0.5,0.51,0.505,0.01,16.0,269.56,93
2026-09-02T02:06:19.656328+00:00,btc-updown-15m-1788314400,15,4049244,107032112477407313117616835372786889797710286457794303932758887137402171410999,2026-09-02T02:00:00+00:00,2026-09-02T02:15:00+00:00,8.68,0.5,0.51,0.505,0.01,200.0,70.12,17
2026-09-02T02:06:19.656328+00:00,btc-updown-15m-1788315300,15,4049291,21144140045367782896925219799149478632327062836503744941773714912302294669257,2026-09-02T02:15:00+00:00,2026-09-02T02:30:00+00:00,23.68,0.5,0.51,0.505,0.01,200.0,270.0,93
2026-09-02T02:07:20.678750+00:00,btc-updown-5m-1788314700,5,4049260,19955901401364473560858785785827776742157277536430090972203366592852842528879,2026-09-02T02:05:00+00:00,2026-09-02T02:10:00+00:00,2.67,0.5,0.51,0.505,0.01,10.0,209.66,58
2026-09-02T02:07:20.678750+00:00,btc-updown-5m-1788315000,5,4049272,87997703979509790387949290832203631229049909769638880456163939080312858182005,2026-09-02T02:10:00+00:00,2026-09-02T02:15:00+00:00,7.67,0.5,0.51,0.505,0.01,16.0,269.56,91
2026-09-02T02:07:20.678750+00:00,btc-updown-15m-1788314400,15,4049244,107032112477407313117616835372786889797710286457794303932758887137402171410999,2026-09-02T02:00:00+00:00,2026-09-02T02:15:00+00:00,7.67,0.5,0.51,0.505,0.01,200.0,70.12,17
2026-09-02T02:07:20.678750+00:00,btc-updown-15m-1788315300,15,4049291,21144140045367782896925219799149478632327062836503744941773714912302294669257,2026-09-02T02:15:00+00:00,2026-09-02T02:30:00+00:00,22.67,0.5,0.51,0.505,0.01,200.0,270.0,93
2026-09-02T02:08:21.617124+00:00,btc-updown-5m-1788314700,5,4049260,19955901401364473560858785785827776742157277536430090972203366592852842528879,2026-09-02T02:05:00+00:00,2026-09-02T02:10:00+00:00,1.65,0.5,0.51,0.505,0.01,10.0,209.66,58
2026-09-02T02:08:21.617124+00:00,btc-updown-5m-1788315000,5,4049272,87997703979509790387949290832203631229049909769638880456163939080312858182005,2026-09-02T02:10:00+00:00,2026-09-02T02:15:00+00:00,6.65,0.5,0.51,0.505,0.01,16.0,259.56,91
2026-09-02T02:08:21.617124+00:00,btc-updown-15m-1788314400,15,4049244,107032112477407313117616835372786889797710286457794303932758887137402171410999,2026-09-02T02:00:00+00:00,2026-09-02T02:15:00+00:00,6.65,0.5,0.51,0.505,0.01,200.0,70.12,17
2026-09-02T02:08:21.617124+00:00,btc-updown-15m-1788315300,15,4049291,21144140045367782896925219799149478632327062836503744941773714912302294669257,2026-09-02T02:15:00+00:00,2026-09-02T02:30:00+00:00,21.65,0.5,0.51,0.505,0.01,200.0,270.0,93
2026-09-02T02:09:22.583693+00:00,btc-updown-5m-1788314700,5,4049260,19955901401364473560858785785827776742157277536430090972203366592852842528879,2026-09-02T02:05:00+00:00,2026-09-02T02:10:00+00:00,0.63,0.5,0.51,0.505,0.01,10.0,209.66,58
2026-09-02T02:09:22.583693+00:00,btc-updown-5m-1788315000,5,4049272,87997703979509790387949290832203631229049909769638880456163939080312858182005,2026-09-02T02:10:00+00:00,2026-09-02T02:15:00+00:00,5.63,0.5,0.51,0.505,0.01,5.0,210.56,70
2026-09-02T02:09:22.583693+00:00,btc-updown-15m-1788314400,15,4049244,107032112477407313117616835372786889797710286457794303932758887137402171410999,2026-09-02T02:00:00+00:00,2026-09-02T02:15:00+00:00,5.63,0.5,0.51,0.505,0.01,200.0,70.12,17
2026-09-02T02:09:22.583693+00:00,btc-updown-15m-1788315300,15,4049291,21144140045367782896925219799149478632327062836503744941773714912302294669257,2026-09-02T02:15:00+00:00,2026-09-02T02:30:00+00:00,20.63,0.5,0.51,0.505,0.01,200.0,270.0,93
2026-09-02T02:10:23.583963+00:00,btc-updown-5m-1788315000,5,4049272,87997703979509790387949290832203631229049909769638880456163939080312858182005,2026-09-02T02:10:00+00:00,2026-09-02T02:15:00+00:00,4.62,0.5,0.51,0.505,0.01,5.0,210.56,58
2026-09-02T02:10:23.583963+00:00,btc-updown-5m-1788315300,5,4049287,92685737320509920102271780592962216617362723479976987968863577410543427939795,2026-09-02T02:15:00+00:00,2026-09-02T02:20:00+00:00,9.62,0.5,0.51,0.505,0.01,16.0,270.38,93
2026-09-02T02:10:23.583963+00:00,btc-updown-15m-1788314400,15,4049244,107032112477407313117616835372786889797710286457794303932758887137402171410999,2026-09-02T02:00:00+00:00,2026-09-02T02:15:00+00:00,4.62,0.5,0.51,0.505,0.01,200.0,70.12,17
2026-09-02T02:10:23.583963+00:00,btc-updown-15m-1788315300,15,4049291,21144140045367782896925219799149478632327062836503744941773714912302294669257,2026-09-02T02:15:00+00:00,2026-09-02T02:30:00+00:00,19.62,0.5,0.51,0.505,0.01,200.0,270.0,93
2026-09-02T02:11:24.510130+00:00,btc-updown-5m-1788315000,5,4049272,87997703979509790387949290832203631229049909769638880456163939080312858182005,2026-09-02T02:10:00+00:00,2026-09-02T02:15:00+00:00,3.6,0.5,0.51,0.505,0.01,5.0,210.56,58
2026-09-02T02:11:24.510130+00:00,btc-updown-5m-1788315300,5,4049287,92685737320509920102271780592962216617362723479976987968863577410543427939795,2026-09-02T02:15:00+00:00,2026-09-02T02:20:00+00:00,8.6,0.5,0.51,0.505,0.01,16.0,270.38,93
2026-09-02T02:11:24.510130+00:00,btc-updown-15m-1788314400,15,4049244,107032112477407313117616835372786889797710286457794303932758887137402171410999,2026-09-02T02:00:00+00:00,2026-09-02T02:15:00+00:00,3.6,0.5,0.51,0.505,0.01,200.0,70.12,17
2026-09-02T02:11:24.510130+00:00,btc-updown-15m-1788315300,15,4049291,21144140045367782896925219799149478632327062836503744941773714912302294669257,2026-09-02T02:15:00+00:00,2026-09-02T02:30:00+00:00,18.6,0.5,0.51,0.505,0.01,200.0,270.0,93
2026-09-02T02:12:25.429880+00:00,btc-updown-5m-1788315000,5,4049272,87997703979509790387949290832203631229049909769638880456163939080312858182005,2026-09-02T02:10:00+00:00,2026-09-02T02:15:00+00:00,2.58,0.5,0.51,0.505,0.01,5.0,210.56,58
2026-09-02T02:12:25.429880+00:00,btc-updown-5m-1788315300,5,4049287,92685737320509920102271780592962216617362723479976987968863577410543427939795,2026-09-02T02:15:00+00:00,2026-09-02T02:20:00+00:00,7.58,0.5,0.51,0.505,0.01,16.0,270.38,91
2026-09-02T02:12:25.429880+00:00,btc-updown-15m-1788314400,15,4049244,107032112477407313117616835372786889797710286457794303932758887137402171410999,2026-09-02T02:00:00+00:00,2026-09-02T02:15:00+00:00,2.58,0.5,0.51,0.505,0.01,200.0,70.12,17
2026-09-02T02:12:25.429880+00:00,btc-updown-15m-1788315300,15,4049291,21144140045367782896925219799149478632327062836503744941773714912302294669257,2026-09-02T02:15:00+00:00,2026-09-02T02:30:00+00:00,17.58,0.5,0.51,0.505,0.01,200.0,270.0,93
2026-09-02T02:13:26.368323+00:00,btc-updown-5m-1788315000,5,4049272,87997703979509790387949290832203631229049909769638880456163939080312858182005,2026-09-02T02:10:00+00:00,2026-09-02T02:15:00+00:00,1.57,0.5,0.51,0.505,0.01,5.0,210.56,58
2026-09-02T02:13:26.368323+00:00,btc-updown-5m-1788315300,5,4049287,92685737320509920102271780592962216617362723479976987968863577410543427939795,2026-09-02T02:15:00+00:00,2026-09-02T02:20:00+00:00,6.57,0.5,0.51,0.505,0.01,16.0,260.38,91
2026-09-02T02:13:26.368323+00:00,btc-updown-15m-1788314400,15,4049244,107032112477407313117616835372786889797710286457794303932758887137402171410999,2026-09-02T02:00:00+00:00,2026-09-02T02:15:00+00:00,1.57,0.5,0.51,0.505,0.01,200.0,70.12,17
2026-09-02T02:13:26.368323+00:00,btc-updown-15m-1788315300,15,4049291,21144140045367782896925219799149478632327062836503744941773714912302294669257,2026-09-02T02:15:00+00:00,2026-09-02T02:30:00+00:00,16.57,0.5,0.51,0.505,0.01,200.0,270.0,93
2026-09-02T02:14:27.309124+00:00,btc-updown-5m-1788315000,5,4049272,87997703979509790387949290832203631229049909769638880456163939080312858182005,2026-09-02T02:10:00+00:00,2026-09-02T02:15:00+00:00,0.55,0.5,0.51,0.505,0.01,5.0,210.56,58
2026-09-02T02:14:27.309124+00:00,btc-updown-5m-1788315300,5,4049287,92685737320509920102271780592962216617362723479976987968863577410543427939795,2026-09-02T02:15:00+00:00,2026-09-02T02:20:00+00:00,5.55,0.5,0.51,0.505,0.01,5.0,211.38,70
2026-09-02T02:14:27.309124+00:00,btc-updown-15m-1788314400,15,4049244,107032112477407313117616835372786889797710286457794303932758887137402171410999,2026-09-02T02:00:00+00:00,2026-09-02T02:15:00+00:00,0.55,0.5,0.51,0.505,0.01,200.0,70.12,17
2026-09-02T02:14:27.309124+00:00,btc-updown-15m-1788315300,15,4049291,21144140045367782896925219799149478632327062836503744941773714912302294669257,2026-09-02T02:15:00+00:00,2026-09-02T02:30:00+00:00,15.55,0.5,0.51,0.505,0.01,200.0,220.0,63
2026-09-02T02:15:28.238815+00:00,btc-updown-5m-1788315300,5,4049287,92685737320509920102271780592962216617362723479976987968863577410543427939795,2026-09-02T02:15:00+00:00,2026-09-02T02:20:00+00:00,4.53,0.5,0.51,0.505,0.01,5.0,211.38,58
2026-09-02T02:15:28.238815+00:00,btc-updown-5m-1788315600,5,4049303,67415248573055219319479861499683163211936444183217060321983987392807130732897,2026-09-02T02:20:00+00:00,2026-09-02T02:25:00+00:00,9.53,0.5,0.51,0.505,0.01,5.0,139.0,82
2026-09-02T02:15:28.238815+00:00,btc-updown-15m-1788315300,15,4049291,21144140045367782896925219799149478632327062836503744941773714912302294669257,2026-09-02T02:15:00+00:00,2026-09-02T02:30:00+00:00,14.53,0.5,0.51,0.505,0.01,200.0,200.0,29
2026-09-02T02:15:28.238815+00:00,btc-updown-15m-1788316200,15,4049316,88298864965052768780639457910462154884152015650971468898317315589810192163799,2026-09-02T02:30:00+00:00,2026-09-02T02:45:00+00:00,29.53,0.5,0.51,0.505,0.01,200.0,340.0,87
2026-09-02T02:16:29.186851+00:00,btc-updown-5m-1788315300,5,4049287,92685737320509920102271780592962216617362723479976987968863577410543427939795,2026-09-02T02:15:00+00:00,2026-09-02T02:20:00+00:00,3.52,0.5,0.51,0.505,0.01,5.0,211.38,58
2026-09-02T02:16:29.186851+00:00,btc-updown-5m-1788315600,5,4049303,67415248573055219319479861499683163211936444183217060321983987392807130732897,2026-09-02T02:20:00+00:00,2026-09-02T02:25:00+00:00,8.52,0.5,0.51,0.505,0.01,5.0,139.0,82
2026-09-02T02:16:29.186851+00:00,btc-updown-15m-1788315300,15,4049291,21144140045367782896925219799149478632327062836503744941773714912302294669257,2026-09-02T02:15:00+00:00,2026-09-02T02:30:00+00:00,13.52,0.5,0.51,0.505,0.01,200.0,200.0,29
2026-09-02T02:16:29.186851+00:00,btc-updown-15m-1788316200,15,4049316,88298864965052768780639457910462154884152015650971468898317315589810192163799,2026-09-02T02:30:00+00:00,2026-09-02T02:45:00+00:00,28.52,0.5,0.51,0.505,0.01,200.0,340.0,87
2026-09-02T02:17:30.118248+00:00,btc-updown-5m-1788315300,5,4049287,92685737320509920102271780592962216617362723479976987968863577410543427939795,2026-09-02T02:15:00+00:00,2026-09-02T02:20:00+00:00,2.5,0.5,0.51,0.505,0.01,5.0,211.38,58
2026-09-02T02:17:30.118248+00:00,btc-updown-5m-1788315600,5,4049303,67415248573055219319479861499683163211936444183217060321983987392807130732897,2026-09-02T02:20:00+00:00,2026-09-02T02:25:00+00:00,7.5,0.5,0.51,0.505,0.01,5.0,139.0,82
2026-09-02T02:17:30.118248+00:00,btc-updown-15m-1788315300,15,4049291,21144140045367782896925219799149478632327062836503744941773714912302294669257,2026-09-02T02:15:00+00:00,2026-09-02T02:30:00+00:00,12.5,0.5,0.51,0.505,0.01,200.0,200.0,17
2026-09-02T02:17:30.118248+00:00,btc-updown-15m-1788316200,15,4049316,88298864965052768780639457910462154884152015650971468898317315589810192163799,2026-09-02T02:30:00+00:00,2026-09-02T02:45:00+00:00,27.5,0.5,0.51,0.505,0.01,200.0,340.0,87
2026-09-02T02:18:31.038010+00:00,btc-updown-5m-1788315300,5,4049287,92685737320509920102271780592962216617362723479976987968863577410543427939795,2026-09-02T02:15:00+00:00,2026-09-02T02:20:00+00:00,1.48,0.5,0.51,0.505,0.01,5.0,211.38,58
2026-09-02T02:18:31.038010+00:00,btc-updown-5m-1788315600,5,4049303,67415248573055219319479861499683163211936444183217060321983987392807130732897,2026-09-02T02:20:00+00:00,2026-09-02T02:25:00+00:00,6.48,0.5,0.51,0.505,0.01,5.0,139.0,82
2026-09-02T02:18:31.038010+00:00,btc-updown-15m-1788315300,15,4049291,21144140045367782896925219799149478632327062836503744941773714912302294669257,2026-09-02T02:15:00+00:00,2026-09-02T02:30:00+00:00,11.48,0.5,0.51,0.505,0.01,200.0,200.0,17
2026-09-02T02:18:31.038010+00:00,btc-updown-15m-1788316200,15,4049316,88298864965052768780639457910462154884152015650971468898317315589810192163799,2026-09-02T02:30:00+00:00,2026-09-02T02:45:00+00:00,26.48,0.5,0.51,0.505,0.01,200.0,340.0,87
2026-09-02T02:19:31.962291+00:00,btc-updown-5m-1788315300,5,4049287,92685737320509920102271780592962216617362723479976987968863577410543427939795,2026-09-02T02:15:00+00:00,2026-09-02T02:20:00+00:00,0.48,0.5,0.51,0.505,0.01,5.0,211.38,58
2026-09-02T02:19:31.962291+00:00,btc-updown-5m-1788315600,5,4049303,67415248573055219319479861499683163211936444183217060321983987392807130732897,2026-09-02T02:20:00+00:00,2026-09-02T02:25:00+00:00,5.48,0.5,0.51,0.505,0.01,5.0,133.0,34
2026-09-02T02:19:31.962291+00:00,btc-updown-15m-1788315300,15,4049291,21144140045367782896925219799149478632327062836503744941773714912302294669257,2026-09-02T02:15:00+00:00,2026-09-02T02:30:00+00:00,10.48,0.5,0.51,0.505,0.01,200.0,200.0,17
2026-09-02T02:19:31.962291+00:00,btc-updown-15m-1788316200,15,4049316,88298864965052768780639457910462154884152015650971468898317315589810192163799,2026-09-02T02:30:00+00:00,2026-09-02T02:45:00+00:00,25.48,0.5,0.51,0.505,0.01,200.0,340.0,87
2026-09-02T02:20:32.906535+00:00,btc-updown-5m-1788315600,5,4049303,67415248573055219319479861499683163211936444183217060321983987392807130732897,2026-09-02T02:20:00+00:00,2026-09-02T02:25:00+00:00,4.47,0.5,0.51,0.505,0.01,5.0,133.0,20
2026-09-02T02:20:32.906535+00:00,btc-updown-5m-1788315900,5,4049312,29708065302151155385244897847985274071732279107558456574705387530793573435504,2026-09-02T02:25:00+00:00,2026-09-02T02:30:00+00:00,9.47,0.5,0.51,0.505,0.01,16.0,265.43,93
2026-09-02T02:20:32.906535+00:00,btc-updown-15m-1788315300,15,4049291,21144140045367782896925219799149478632327062836503744941773714912302294669257,2026-09-02T02:15:00+00:00,2026-09-02T02:30:00+00:00,9.47,0.5,0.51,0.505,0.01,200.0,200.0,17
2026-09-02T02:20:32.906535+00:00,btc-updown-15m-1788316200,15,4049316,88298864965052768780639457910462154884152015650971468898317315589810192163799,2026-09-02T02:30:00+00:00,2026-09-02T02:45:00+00:00,24.47,0.5,0.51,0.505,0.01,200.0,340.0,87
2026-09-02T02:21:33.836485+00:00,btc-updown-5m-1788315600,5,4049303,67415248573055219319479861499683163211936444183217060321983987392807130732897,2026-09-02T02:20:00+00:00,2026-09-02T02:25:00+00:00,3.45,0.5,0.51,0.505,0.01,5.0,133.0,20
2026-09-02T02:21:33.836485+00:00,btc-updown-5m-1788315900,5,4049312,29708065302151155385244897847985274071732279107558456574705387530793573435504,2026-09-02T02:25:00+00:00,2026-09-02T02:30:00+00:00,8.45,0.5,0.51,0.505,0.01,16.0,265.43,93
2026-09-02T02:21:33.836485+00:00,btc-updown-15m-1788315300,15,4049291,21144140045367782896925219799149478632327062836503744941773714912302294669257,2026-09-02T02:15:00+00:00,2026-09-02T02:30:00+00:00,8.45,0.5,0.51,0.505,0.01,200.0,200.0,17
2026-09-02T02:21:33.836485+00:00,btc-updown-15m-1788316200,15,4049316,88298864965052768780639457910462154884152015650971468898317315589810192163799,2026-09-02T02:30:00+00:00,2026-09-02T02:45:00+00:00,23.45,0.5,0.51,0.505,0.01,200.0,340.0,87
2026-09-02T02:22:34.781344+00:00,btc-updown-5m-1788315600,5,4049303,67415248573055219319479861499683163211936444183217060321983987392807130732897,2026-09-02T02:20:00+00:00,2026-09-02T02:25:00+00:00,2.43,0.5,0.51,0.505,0.01,5.0,133.0,20
2026-09-02T02:22:34.781344+00:00,btc-updown-5m-1788315900,5,4049312,29708065302151155385244897847985274071732279107558456574705387530793573435504,2026-09-02T02:25:00+00:00,2026-09-02T02:30:00+00:00,7.43,0.5,0.51,0.505,0.01,16.0,265.43,91
2026-09-02T02:22:34.781344+00:00,btc-updown-15m-1788315300,15,4049291,21144140045367782896925219799149478632327062836503744941773714912302294669257,2026-09-02T02:15:00+00:00,2026-09-02T02:30:00+00:00,7.43,0.5,0.51,0.505,0.01,200.0,200.0,17
2026-09-02T02:22:34.781344+00:00,btc-updown-15m-1788316200,15,4049316,88298864965052768780639457910462154884152015650971468898317315589810192163799,2026-09-02T02:30:00+00:00,2026-09-02T02:45:00+00:00,22.43,0.5,0.51,0.505,0.01,200.0,340.0,87
2026-09-02T02:23:35.871383+00:00,btc-updown-5m-1788315600,5,4049303,67415248573055219319479861499683163211936444183217060321983987392807130732897,2026-09-02T02:20:00+00:00,2026-09-02T02:25:00+00:00,1.42,0.5,0.51,0.505,0.01,5.0,133.0,20
2026-09-02T02:23:35.871383+00:00,btc-updown-5m-1788315900,5,4049312,29708065302151155385244897847985274071732279107558456574705387530793573435504,2026-09-02T02:25:00+00:00,2026-09-02T02:30:00+00:00,6.42,0.5,0.51,0.505,0.01,16.0,255.43,91
2026-09-02T02:23:35.871383+00:00,btc-updown-15m-1788315300,15,4049291,21144140045367782896925219799149478632327062836503744941773714912302294669257,2026-09-02T02:15:00+00:00,2026-09-02T02:30:00+00:00,6.42,0.5,0.51,0.505,0.01,200.0,200.0,17
2026-09-02T02:23:35.871383+00:00,btc-updown-15m-1788316200,15,4049316,88298864965052768780639457910462154884152015650971468898317315589810192163799,2026-09-02T02:30:00+00:00,2026-09-02T02:45:00+00:00,21.42,0.5,0.51,0.505,0.01,200.0,340.0,87
2026-09-02T02:24:36.802831+00:00,btc-updown-5m-1788315600,5,4049303,67415248573055219319479861499683163211936444183217060321983987392807130732897,2026-09-02T02:20:00+00:00,2026-09-02T02:25:00+00:00,0.4,0.5,0.51,0.505,0.01,5.0,133.0,20
2026-09-02T02:24:36.802831+00:00,btc-updown-5m-1788315900,5,4049312,29708065302151155385244897847985274071732279107558456574705387530793573435504,2026-09-02T02:25:00+00:00,2026-09-02T02:30:00+00:00,5.4,0.5,0.51,0.505,0.01,5.0,206.43,70
2026-09-02T02:24:36.802831+00:00,btc-updown-15m-1788315300,15,4049291,21144140045367782896925219799149478632327062836503744941773714912302294669257,2026-09-02T02:15:00+00:00,2026-09-02T02:30:00+00:00,5.4,0.5,0.51,0.505,0.01,200.0,200.0,17
2026-09-02T02:24:36.802831+00:00,btc-updown-15m-1788316200,15,4049316,88298864965052768780639457910462154884152015650971468898317315589810192163799,2026-09-02T02:30:00+00:00,2026-09-02T02:45:00+00:00,20.4,0.5,0.51,0.505,0.01,200.0,340.0,87
2026-09-02T02:25:37.800144+00:00,btc-updown-5m-1788315900,5,4049312,29708065302151155385244897847985274071732279107558456574705387530793573435504,2026-09-02T02:25:00+00:00,2026-09-02T02:30:00+00:00,4.38,0.5,0.51,0.505,0.01,5.0,206.43,58
2026-09-02T02:25:37.800144+00:00,btc-updown-5m-1788316200,5,4049318,114157824573642164106259701789959789880607120865318347412222783276480177218982,2026-09-02T02:30:00+00:00,2026-09-02T02:35:00+00:00,9.38,0.5,0.51,0.505,0.01,16.0,265.48,93
2026-09-02T02:25:37.800144+00:00,btc-updown-15m-1788315300,15,4049291,21144140045367782896925219799149478632327062836503744941773714912302294669257,2026-09-02T02:15:00+00:00,2026-09-02T02:30:00+00:00,4.38,0.5,0.51,0.505,0.01,200.0,200.0,17
2026-09-02T02:25:37.800144+00:00,btc-updown-15m-1788316200,15,4049316,88298864965052768780639457910462154884152015650971468898317315589810192163799,2026-09-02T02:30:00+00:00,2026-09-02T02:45:00+00:00,19.38,0.5,0.51,0.505,0.01,200.0,340.0,87
2026-09-02T02:26:38.777836+00:00,btc-updown-5m-1788315900,5,4049312,29708065302151155385244897847985274071732279107558456574705387530793573435504,2026-09-02T02:25:00+00:00,2026-09-02T02:30:00+00:00,3.37,0.5,0.51,0.505,0.01,5.0,206.43,58
2026-09-02T02:26:38.777836+00:00,btc-updown-5m-1788316200,5,4049318,114157824573642164106259701789959789880607120865318347412222783276480177218982,2026-09-02T02:30:00+00:00,2026-09-02T02:35:00+00:00,8.37,0.5,0.51,0.505,0.01,16.0,265.48,93
2026-09-02T02:26:38.777836+00:00,btc-updown-15m-1788315300,15,4049291,21144140045367782896925219799149478632327062836503744941773714912302294669257,2026-09-02T02:15:00+00:00,2026-09-02T02:30:00+00:00,3.37,0.5,0.51,0.505,0.01,200.0,200.0,17
2026-09-02T02:26:38.777836+00:00,btc-updown-15m-1788316200,15,4049316,88298864965052768780639457910462154884152015650971468898317315589810192163799,2026-09-02T02:30:00+00:00,2026-09-02T02:45:00+00:00,18.37,0.5,0.51,0.505,0.01,200.0,340.0,87
2026-09-02T02:27:39.771119+00:00,btc-updown-5m-1788315900,5,4049312,29708065302151155385244897847985274071732279107558456574705387530793573435504,2026-09-02T02:25:00+00:00,2026-09-02T02:30:00+00:00,2.35,0.5,0.51,0.505,0.01,5.0,206.43,58
2026-09-02T02:27:39.771119+00:00,btc-updown-5m-1788316200,5,4049318,114157824573642164106259701789959789880607120865318347412222783276480177218982,2026-09-02T02:30:00+00:00,2026-09-02T02:35:00+00:00,7.35,0.5,0.51,0.505,0.01,16.0,265.48,91
2026-09-02T02:27:39.771119+00:00,btc-updown-15m-1788315300,15,4049291,21144140045367782896925219799149478632327062836503744941773714912302294669257,2026-09-02T02:15:00+00:00,2026-09-02T02:30:00+00:00,2.35,0.5,0.51,0.505,0.01,200.0,200.0,17
2026-09-02T02:27:39.771119+00:00,btc-updown-15m-1788316200,15,4049316,88298864965052768780639457910462154884152015650971468898317315589810192163799,2026-09-02T02:30:00+00:00,2026-09-02T02:45:00+00:00,17.35,0.5,0.51,0.505,0.01,200.0,340.0,87
2026-09-02T02:28:40.697073+00:00,btc-updown-5m-1788315900,5,4049312,29708065302151155385244897847985274071732279107558456574705387530793573435504,2026-09-02T02:25:00+00:00,2026-09-02T02:30:00+00:00,1.33,0.5,0.51,0.505,0.01,5.0,206.43,58
2026-09-02T02:28:40.697073+00:00,btc-updown-5m-1788316200,5,4049318,114157824573642164106259701789959789880607120865318347412222783276480177218982,2026-09-02T02:30:00+00:00,2026-09-02T02:35:00+00:00,6.33,0.5,0.51,0.505,0.01,16.0,255.48,91
2026-09-02T02:28:40.697073+00:00,btc-updown-15m-1788315300,15,4049291,21144140045367782896925219799149478632327062836503744941773714912302294669257,2026-09-02T02:15:00+00:00,2026-09-02T02:30:00+00:00,1.33,0.5,0.51,0.505,0.01,200.0,200.0,17
2026-09-02T02:28:40.697073+00:00,btc-updown-15m-1788316200,15,4049316,88298864965052768780639457910462154884152015650971468898317315589810192163799,2026-09-02T02:30:00+00:00,2026-09-02T02:45:00+00:00,16.33,0.5,0.51,0.505,0.01,200.0,340.0,87
2026-09-02T02:29:41.629888+00:00,btc-updown-5m-1788315900,5,4049312,29708065302151155385244897847985274071732279107558456574705387530793573435504,2026-09-02T02:25:00+00:00,2026-09-02T02:30:00+00:00,0.32,0.5,0.51,0.505,0.01,5.0,206.43,58
2026-09-02T02:29:41.629888+00:00,btc-updown-5m-1788316200,5,4049318,114157824573642164106259701789959789880607120865318347412222783276480177218982,2026-09-02T02:30:00+00:00,2026-09-02T02:35:00+00:00,5.32,0.5,0.51,0.505,0.01,5.0,206.48,70
2026-09-02T02:29:41.629888+00:00,btc-updown-15m-1788315300,15,4049291,21144140045367782896925219799149478632327062836503744941773714912302294669257,2026-09-02T02:15:00+00:00,2026-09-02T02:30:00+00:00,0.32,0.5,0.51,0.505,0.01,200.0,200.0,17
2026-09-02T02:29:41.629888+00:00,btc-updown-15m-1788316200,15,4049316,88298864965052768780639457910462154884152015650971468898317315589810192163799,2026-09-02T02:30:00+00:00,2026-09-02T02:45:00+00:00,15.32,0.5,0.51,0.505,0.01,200.0,290.0,55
2026-09-02T02:30:42.603717+00:00,btc-updown-5m-1788316200,5,4049318,114157824573642164106259701789959789880607120865318347412222783276480177218982,2026-09-02T02:30:00+00:00,2026-09-02T02:35:00+00:00,4.3,0.5,0.51,0.505,0.01,5.0,206.48,58
2026-09-02T02:30:42.603717+00:00,btc-updown-5m-1788316500,5,4049367,39733285770570139222820832502428666474901477481403020429014328517560591880723,2026-09-02T02:35:00+00:00,2026-09-02T02:40:00+00:00,9.3,0.5,0.51,0.505,0.01,16.0,266.36,93
2026-09-02T02:30:42.603717+00:00,btc-updown-15m-1788316200,15,4049316,88298864965052768780639457910462154884152015650971468898317315589810192163799,2026-09-02T02:30:00+00:00,2026-09-02T02:45:00+00:00,14.3,0.5,0.51,0.505,0.01,200.0,200.0,29
2026-09-02T02:30:42.603717+00:00,btc-updown-15m-1788317100,15,4049912,114432458764387822770077774779985936291367209725245245859876017879878643674306,2026-09-02T02:45:00+00:00,2026-09-02T03:00:00+00:00,29.3,0.49,0.51,0.5,0.02,55.84,85.84,92
2026-09-02T02:31:43.607479+00:00,btc-updown-5m-1788316200,5,4049318,114157824573642164106259701789959789880607120865318347412222783276480177218982,2026-09-02T02:30:00+00:00,2026-09-02T02:35:00+00:00,3.28,0.5,0.51,0.505,0.01,5.0,206.48,58
2026-09-02T02:31:43.607479+00:00,btc-updown-5m-1788316500,5,4049367,39733285770570139222820832502428666474901477481403020429014328517560591880723,2026-09-02T02:35:00+00:00,2026-09-02T02:40:00+00:00,8.28,0.5,0.51,0.505,0.01,16.0,266.36,93
2026-09-02T02:31:43.607479+00:00,btc-updown-15m-1788316200,15,4049316,88298864965052768780639457910462154884152015650971468898317315589810192163799,2026-09-02T02:30:00+00:00,2026-09-02T02:45:00+00:00,13.28,0.5,0.51,0.505,0.01,200.0,200.0,29
2026-09-02T02:31:43.607479+00:00,btc-updown-15m-1788317100,15,4049912,114432458764387822770077774779985936291367209725245245859876017879878643674306,2026-09-02T02:45:00+00:00,2026-09-02T03:00:00+00:00,28.28,0.49,0.51,0.5,0.02,55.84,85.84,92
2026-09-02T02:32:44.561838+00:00,btc-updown-5m-1788316200,5,4049318,114157824573642164106259701789959789880607120865318347412222783276480177218982,2026-09-02T02:30:00+00:00,2026-09-02T02:35:00+00:00,2.27,0.5,0.51,0.505,0.01,5.0,206.48,58
2026-09-02T02:32:44.561838+00:00,btc-updown-5m-1788316500,5,4049367,39733285770570139222820832502428666474901477481403020429014328517560591880723,2026-09-02T02:35:00+00:00,2026-09-02T02:40:00+00:00,7.27,0.5,0.51,0.505,0.01,16.0,266.36,91
2026-09-02T02:32:44.561838+00:00,btc-updown-15m-1788316200,15,4049316,88298864965052768780639457910462154884152015650971468898317315589810192163799,2026-09-02T02:30:00+00:00,2026-09-02T02:45:00+00:00,12.27,0.5,0.51,0.505,0.01,200.0,200.0,17
2026-09-02T02:32:44.561838+00:00,btc-updown-15m-1788317100,15,4049912,114432458764387822770077774779985936291367209725245245859876017879878643674306,2026-09-02T02:45:00+00:00,2026-09-02T03:00:00+00:00,27.27,0.49,0.51,0.5,0.02,55.84,85.84,92
2026-09-02T02:33:45.480706+00:00,btc-updown-5m-1788316200,5,4049318,114157824573642164106259701789959789880607120865318347412222783276480177218982,2026-09-02T02:30:00+00:00,2026-09-02T02:35:00+00:00,1.25,0.5,0.51,0.505,0.01,5.0,206.48,58
2026-09-02T02:33:45.480706+00:00,btc-updown-5m-1788316500,5,4049367,39733285770570139222820832502428666474901477481403020429014328517560591880723,2026-09-02T02:35:00+00:00,2026-09-02T02:40:00+00:00,6.25,0.5,0.51,0.505,0.01,16.0,256.36,91
2026-09-02T02:33:45.480706+00:00,btc-updown-15m-1788316200,15,4049316,88298864965052768780639457910462154884152015650971468898317315589810192163799,2026-09-02T02:30:00+00:00,2026-09-02T02:45:00+00:00,11.25,0.5,0.51,0.505,0.01,200.0,200.0,17
2026-09-02T02:33:45.480706+00:00,btc-updown-15m-1788317100,15,4049912,114432458764387822770077774779985936291367209725245245859876017879878643674306,2026-09-02T02:45:00+00:00,2026-09-02T03:00:00+00:00,26.25,0.49,0.51,0.5,0.02,55.84,85.84,90
2026-09-02T02:34:46.403032+00:00,btc-updown-5m-1788316200,5,4049318,114157824573642164106259701789959789880607120865318347412222783276480177218982,2026-09-02T02:30:00+00:00,2026-09-02T02:35:00+00:00,0.23,0.5,0.51,0.505,0.01,5.0,206.48,58
2026-09-02T02:34:46.403032+00:00,btc-updown-5m-1788316500,5,4049367,39733285770570139222820832502428666474901477481403020429014328517560591880723,2026-09-02T02:35:00+00:00,2026-09-02T02:40:00+00:00,5.23,0.5,0.51,0.505,0.01,5.0,207.36,58
2026-09-02T02:34:46.403032+00:00,btc-updown-15m-1788316200,15,4049316,88298864965052768780639457910462154884152015650971468898317315589810192163799,2026-09-02T02:30:00+00:00,2026-09-02T02:45:00+00:00,10.23,0.5,0.51,0.505,0.01,200.0,200.0,17
2026-09-02T02:34:46.403032+00:00,btc-updown-15m-1788317100,15,4049912,114432458764387822770077774779985936291367209725245245859876017879878643674306,2026-09-02T02:45:00+00:00,2026-09-02T03:00:00+00:00,25.23,0.49,0.51,0.5,0.02,55.84,85.84,90
2026-09-02T02:35:47.335653+00:00,btc-updown-5m-1788316500,5,4049367,39733285770570139222820832502428666474901477481403020429014328517560591880723,2026-09-02T02:35:00+00:00,2026-09-02T02:40:00+00:00,4.22,0.5,0.51,0.505,0.01,5.0,207.36,58
2026-09-02T02:35:47.335653+00:00,btc-updown-5m-1788316800,5,4049727,15111976620363759617948759694356746050100043834516149491742159450032209672586,2026-09-02T02:40:00+00:00,2026-09-02T02:45:00+00:00,9.22,0.5,0.51,0.505,0.01,16.0,266.39,93
2026-09-02T02:35:47.335653+00:00,btc-updown-15m-1788316200,15,4049316,88298864965052768780639457910462154884152015650971468898317315589810192163799,2026-09-02T02:30:00+00:00,2026-09-02T02:45:00+00:00,9.22,0.5,0.51,0.505,0.01,200.0,200.0,17
2026-09-02T02:35:47.335653+00:00,btc-updown-15m-1788317100,15,4049912,114432458764387822770077774779985936291367209725245245859876017879878643674306,2026-09-02T02:45:00+00:00,2026-09-02T03:00:00+00:00,24.22,0.49,0.51,0.5,0.02,55.84,85.84,90
2026-09-02T02:36:48.387578+00:00,btc-updown-5m-1788316500,5,4049367,39733285770570139222820832502428666474901477481403020429014328517560591880723,2026-09-02T02:35:00+00:00,2026-09-02T02:40:00+00:00,3.2,0.5,0.51,0.505,0.01,5.0,207.36,58
2026-09-02T02:36:48.387578+00:00,btc-updown-5m-1788316800,5,4049727,15111976620363759617948759694356746050100043834516149491742159450032209672586,2026-09-02T02:40:00+00:00,2026-09-02T02:45:00+00:00,8.2,0.5,0.51,0.505,0.01,16.0,266.39,93
2026-09-02T02:36:48.387578+00:00,btc-updown-15m-1788316200,15,4049316,88298864965052768780639457910462154884152015650971468898317315589810192163799,2026-09-02T02:30:00+00:00,2026-09-02T02:45:00+00:00,8.2,0.5,0.51,0.505,0.01,200.0,200.0,17
2026-09-02T02:36:48.387578+00:00,btc-updown-15m-1788317100,15,4049912,114432458764387822770077774779985936291367209725245245859876017879878643674306,2026-09-02T02:45:00+00:00,2026-09-02T03:00:00+00:00,23.2,0.49,0.51,0.5,0.02,55.84,85.84,90
2026-09-02T02:37:49.421981+00:00,btc-updown-5m-1788316500,5,4049367,39733285770570139222820832502428666474901477481403020429014328517560591880723,2026-09-02T02:35:00+00:00,2026-09-02T02:40:00+00:00,2.18,0.5,0.51,0.505,0.01,5.0,207.36,58
2026-09-02T02:37:49.421981+00:00,btc-updown-5m-1788316800,5,4049727,15111976620363759617948759694356746050100043834516149491742159450032209672586,2026-09-02T02:40:00+00:00,2026-09-02T02:45:00+00:00,7.18,0.5,0.51,0.505,0.01,16.0,266.39,91
2026-09-02T02:37:49.421981+00:00,btc-updown-15m-1788316200,15,4049316,88298864965052768780639457910462154884152015650971468898317315589810192163799,2026-09-02T02:30:00+00:00,2026-09-02T02:45:00+00:00,7.18,0.5,0.51,0.505,0.01,200.0,200.0,17
2026-09-02T02:37:49.421981+00:00,btc-updown-15m-1788317100,15,4049912,114432458764387822770077774779985936291367209725245245859876017879878643674306,2026-09-02T02:45:00+00:00,2026-09-02T03:00:00+00:00,22.18,0.49,0.51,0.5,0.02,55.84,85.84,90
2026-09-02T02:38:50.382996+00:00,btc-updown-5m-1788316500,5,4049367,39733285770570139222820832502428666474901477481403020429014328517560591880723,2026-09-02T02:35:00+00:00,2026-09-02T02:40:00+00:00,1.17,0.5,0.51,0.505,0.01,5.0,207.36,58
2026-09-02T02:38:50.382996+00:00,btc-updown-5m-1788316800,5,4049727,15111976620363759617948759694356746050100043834516149491742159450032209672586,2026-09-02T02:40:00+00:00,2026-09-02T02:45:00+00:00,6.17,0.5,0.51,0.505,0.01,16.0,256.39,91
2026-09-02T02:38:50.382996+00:00,btc-updown-15m-1788316200,15,4049316,88298864965052768780639457910462154884152015650971468898317315589810192163799,2026-09-02T02:30:00+00:00,2026-09-02T02:45:00+00:00,6.17,0.5,0.51,0.505,0.01,200.0,200.0,17
2026-09-02T02:38:50.382996+00:00,btc-updown-15m-1788317100,15,4049912,114432458764387822770077774779985936291367209725245245859876017879878643674306,2026-09-02T02:45:00+00:00,2026-09-02T03:00:00+00:00,21.17,0.49,0.51,0.5,0.02,55.84,85.84,90
2026-09-02T02:39:51.352701+00:00,btc-updown-5m-1788316500,5,4049367,39733285770570139222820832502428666474901477481403020429014328517560591880723,2026-09-02T02:35:00+00:00,2026-09-02T02:40:00+00:00,0.15,0.5,0.51,0.505,0.01,5.0,207.36,58
2026-09-02T02:39:51.352701+00:00,btc-updown-5m-1788316800,5,4049727,15111976620363759617948759694356746050100043834516149491742159450032209672586,2026-09-02T02:40:00+00:00,2026-09-02T02:45:00+00:00,5.15,0.5,0.51,0.505,0.01,5.0,207.39,58
2026-09-02T02:39:51.352701+00:00,btc-updown-15m-1788316200,15,4049316,88298864965052768780639457910462154884152015650971468898317315589810192163799,2026-09-02T02:30:00+00:00,2026-09-02T02:45:00+00:00,5.15,0.5,0.51,0.505,0.01,200.0,200.0,17
2026-09-02T02:39:51.352701+00:00,btc-updown-15m-1788317100,15,4049912,114432458764387822770077774779985936291367209725245245859876017879878643674306,2026-09-02T02:45:00+00:00,2026-09-02T03:00:00+00:00,20.15,0.49,0.51,0.5,0.02,55.84,85.84,90
2026-09-02T02:40:52.279525+00:00,btc-updown-5m-1788316800,5,4049727,15111976620363759617948759694356746050100043834516149491742159450032209672586,2026-09-02T02:40:00+00:00,2026-09-02T02:45:00+00:00,4.13,0.5,0.51,0.505,0.01,5.0,207.39,58
2026-09-02T02:40:52.279525+00:00,btc-updown-5m-1788317100,5,4049918,41915006574515155203851022006400277251201447957416348409523273650291479135156,2026-09-02T02:45:00+00:00,2026-09-02T02:50:00+00:00,9.13,0.5,0.51,0.505,0.01,16.0,266.36,93
2026-09-02T02:40:52.279525+00:00,btc-updown-15m-1788316200,15,4049316,88298864965052768780639457910462154884152015650971468898317315589810192163799,2026-09-02T02:30:00+00:00,2026-09-02T02:45:00+00:00,4.13,0.5,0.51,0.505,0.01,200.0,200.0,17
2026-09-02T02:40:52.279525+00:00,btc-updown-15m-1788317100,15,4049912,114432458764387822770077774779985936291367209725245245859876017879878643674306,2026-09-02T02:45:00+00:00,2026-09-02T03:00:00+00:00,19.13,0.49,0.51,0.5,0.02,55.84,85.84,88
2026-09-02T02:41:53.242997+00:00,btc-updown-5m-1788316800,5,4049727,15111976620363759617948759694356746050100043834516149491742159450032209672586,2026-09-02T02:40:00+00:00,2026-09-02T02:45:00+00:00,3.12,0.5,0.51,0.505,0.01,5.0,207.39,58
2026-09-02T02:41:53.242997+00:00,btc-updown-5m-1788317100,5,4049918,41915006574515155203851022006400277251201447957416348409523273650291479135156,2026-09-02T02:45:00+00:00,2026-09-02T02:50:00+00:00,8.12,0.5,0.51,0.505,0.01,16.0,266.36,93
2026-09-02T02:41:53.242997+00:00,btc-updown-15m-1788316200,15,4049316,88298864965052768780639457910462154884152015650971468898317315589810192163799,2026-09-02T02:30:00+00:00,2026-09-02T02:45:00+00:00,3.12,0.5,0.51,0.505,0.01,200.0,200.0,17
2026-09-02T02:41:53.242997+00:00,btc-updown-15m-1788317100,15,4049912,114432458764387822770077774779985936291367209725245245859876017879878643674306,2026-09-02T02:45:00+00:00,2026-09-02T03:00:00+00:00,18.12,0.49,0.51,0.5,0.02,55.84,85.84,88
2026-09-02T02:42:54.173850+00:00,btc-updown-5m-1788316800,5,4049727,15111976620363759617948759694356746050100043834516149491742159450032209672586,2026-09-02T02:40:00+00:00,2026-09-02T02:45:00+00:00,2.1,0.5,0.51,0.505,0.01,5.0,207.39,58
2026-09-02T02:42:54.173850+00:00,btc-updown-5m-1788317100,5,4049918,41915006574515155203851022006400277251201447957416348409523273650291479135156,2026-09-02T02:45:00+00:00,2026-09-02T02:50:00+00:00,7.1,0.5,0.51,0.505,0.01,16.0,266.36,91
2026-09-02T02:42:54.173850+00:00,btc-updown-15m-1788316200,15,4049316,88298864965052768780639457910462154884152015650971468898317315589810192163799,2026-09-02T02:30:00+00:00,2026-09-02T02:45:00+00:00,2.1,0.5,0.51,0.505,0.01,200.0,200.0,17
2026-09-02T02:42:54.173850+00:00,btc-updown-15m-1788317100,15,4049912,114432458764387822770077774779985936291367209725245245859876017879878643674306,2026-09-02T02:45:00+00:00,2026-09-02T03:00:00+00:00,17.1,0.49,0.51,0.5,0.02,55.84,85.84,88
2026-09-02T02:43:55.103923+00:00,btc-updown-5m-1788316800,5,4049727,15111976620363759617948759694356746050100043834516149491742159450032209672586,2026-09-02T02:40:00+00:00,2026-09-02T02:45:00+00:00,1.08,0.5,0.51,0.505,0.01,5.0,207.39,58
2026-09-02T02:43:55.103923+00:00,btc-updown-5m-1788317100,5,4049918,41915006574515155203851022006400277251201447957416348409523273650291479135156,2026-09-02T02:45:00+00:00,2026-09-02T02:50:00+00:00,6.08,0.5,0.51,0.505,0.01,11.0,251.36,91
2026-09-02T02:43:55.103923+00:00,btc-updown-15m-1788316200,15,4049316,88298864965052768780639457910462154884152015650971468898317315589810192163799,2026-09-02T02:30:00+00:00,2026-09-02T02:45:00+00:00,1.08,0.5,0.51,0.505,0.01,200.0,200.0,17
2026-09-02T02:43:55.103923+00:00,btc-updown-15m-1788317100,15,4049912,114432458764387822770077774779985936291367209725245245859876017879878643674306,2026-09-02T02:45:00+00:00,2026-09-02T03:00:00+00:00,16.08,0.49,0.51,0.5,0.02,55.84,85.84,88
2026-09-02T02:44:56.040815+00:00,btc-updown-5m-1788316800,5,4049727,15111976620363759617948759694356746050100043834516149491742159450032209672586,2026-09-02T02:40:00+00:00,2026-09-02T02:45:00+00:00,0.07,0.5,0.51,0.505,0.01,5.0,207.39,58
2026-09-02T02:44:56.040815+00:00,btc-updown-5m-1788317100,5,4049918,41915006574515155203851022006400277251201447957416348409523273650291479135156,2026-09-02T02:45:00+00:00,2026-09-02T02:50:00+00:00,5.07,0.5,0.51,0.505,0.01,5.0,207.36,58
2026-09-02T02:44:56.040815+00:00,btc-updown-15m-1788316200,15,4049316,88298864965052768780639457910462154884152015650971468898317315589810192163799,2026-09-02T02:30:00+00:00,2026-09-02T02:45:00+00:00,0.07,0.5,0.51,0.505,0.01,200.0,200.0,17
2026-09-02T02:44:56.040815+00:00,btc-updown-15m-1788317100,15,4049912,114432458764387822770077774779985936291367209725245245859876017879878643674306,2026-09-02T02:45:00+00:00,2026-09-02T03:00:00+00:00,15.07,0.49,0.51,0.5,0.02,5.84,35.84,43
2026-09-02T02:45:56.928821+00:00,btc-updown-5m-1788317100,5,4049918,41915006574515155203851022006400277251201447957416348409523273650291479135156,2026-09-02T02:45:00+00:00,2026-09-02T02:50:00+00:00,4.07,0.5,0.51,0.505,0.01,5.0,207.36,58
2026-09-02T02:45:56.928821+00:00,btc-updown-5m-1788317400,5,4049928,115027422243742187560686896374153708176501797500125202692690023872384493298753,2026-09-02T02:50:00+00:00,2026-09-02T02:55:00+00:00,9.07,0.5,0.51,0.505,0.01,16.0,265.53,93
2026-09-02T02:45:56.928821+00:00,btc-updown-15m-1788317100,15,4049912,114432458764387822770077774779985936291367209725245245859876017879878643674306,2026-09-02T02:45:00+00:00,2026-09-02T03:00:00+00:00,14.07,0.46,0.52,0.49,0.06,6.52,5.0,27
2026-09-02T02:45:56.928821+00:00,btc-updown-15m-1788318000,15,4050084,103945396360161659585737740236611658504927086511288594537405169079370695252358,2026-09-02T03:00:00+00:00,2026-09-02T03:15:00+00:00,29.07,0.46,0.52,0.49,0.06,18.52,5.0,41
2026-09-02T02:46:57.834706+00:00,btc-updown-5m-1788317100,5,4049918,41915006574515155203851022006400277251201447957416348409523273650291479135156,2026-09-02T02:45:00+00:00,2026-09-02T02:50:00+00:00,3.05,0.5,0.51,0.505,0.01,5.0,207.36,58
2026-09-02T02:46:57.834706+00:00,btc-updown-5m-1788317400,5,4049928,115027422243742187560686896374153708176501797500125202692690023872384493298753,2026-09-02T02:50:00+00:00,2026-09-02T02:55:00+00:00,8.05,0.5,0.51,0.505,0.01,16.0,265.53,93
2026-09-02T02:46:57.834706+00:00,btc-updown-15m-1788317100,15,4049912,114432458764387822770077774779985936291367209725245245859876017879878643674306,2026-09-02T02:45:00+00:00,2026-09-02T03:00:00+00:00,13.05,0.46,0.52,0.49,0.06,6.52,5.0,27
2026-09-02T02:46:57.834706+00:00,btc-updown-15m-1788318000,15,4050084,103945396360161659585737740236611658504927086511288594537405169079370695252358,2026-09-02T03:00:00+00:00,2026-09-02T03:15:00+00:00,28.05,0.46,0.52,0.49,0.06,18.52,5.0,41
2026-09-02T02:47:58.830811+00:00,btc-updown-5m-1788317100,5,4049918,41915006574515155203851022006400277251201447957416348409523273650291479135156,2026-09-02T02:45:00+00:00,2026-09-02T02:50:00+00:00,2.03,0.5,0.51,0.505,0.01,5.0,207.36,58
2026-09-02T02:47:58.830811+00:00,btc-updown-5m-1788317400,5,4049928,115027422243742187560686896374153708176501797500125202692690023872384493298753,2026-09-02T02:50:00+00:00,2026-09-02T02:55:00+00:00,7.03,0.5,0.51,0.505,0.01,16.0,265.53,91
2026-09-02T02:47:58.830811+00:00,btc-updown-15m-1788317100,15,4049912,114432458764387822770077774779985936291367209725245245859876017879878643674306,2026-09-02T02:45:00+00:00,2026-09-02T03:00:00+00:00,12.03,0.46,0.52,0.49,0.06,6.52,5.0,15
2026-09-02T02:47:58.830811+00:00,btc-updown-15m-1788318000,15,4050084,103945396360161659585737740236611658504927086511288594537405169079370695252358,2026-09-02T03:00:00+00:00,2026-09-02T03:15:00+00:00,27.03,0.46,0.52,0.49,0.06,18.52,5.0,41
2026-09-02T02:48:59.772144+00:00,btc-updown-5m-1788317100,5,4049918,41915006574515155203851022006400277251201447957416348409523273650291479135156,2026-09-02T02:45:00+00:00,2026-09-02T02:50:00+00:00,1.02,0.5,0.51,0.505,0.01,5.0,207.36,58
2026-09-02T02:48:59.772144+00:00,btc-updown-5m-1788317400,5,4049928,115027422243742187560686896374153708176501797500125202692690023872384493298753,2026-09-02T02:50:00+00:00,2026-09-02T02:55:00+00:00,6.02,0.5,0.51,0.505,0.01,11.0,212.53,76
2026-09-02T02:48:59.772144+00:00,btc-updown-15m-1788317100,15,4049912,114432458764387822770077774779985936291367209725245245859876017879878643674306,2026-09-02T02:45:00+00:00,2026-09-02T03:00:00+00:00,11.02,0.46,0.52,0.49,0.06,6.52,5.0,15
2026-09-02T02:48:59.772144+00:00,btc-updown-15m-1788318000,15,4050084,103945396360161659585737740236611658504927086511288594537405169079370695252358,2026-09-02T03:00:00+00:00,2026-09-02T03:15:00+00:00,26.02,0.46,0.52,0.49,0.06,18.52,5.0,41
2026-09-02T02:50:00.689511+00:00,btc-updown-5m-1788317400,5,4049928,115027422243742187560686896374153708176501797500125202692690023872384493298753,2026-09-02T02:50:00+00:00,2026-09-02T02:55:00+00:00,5.0,0.5,0.51,0.505,0.01,5.0,206.53,58
2026-09-02T02:50:00.689511+00:00,btc-updown-5m-1788317700,5,4050029,15388838396184744831935478119650416460811486374863632174674099681879698062872,2026-09-02T02:55:00+00:00,2026-09-02T03:00:00+00:00,10.0,0.5,0.51,0.505,0.01,16.0,265.52,93
2026-09-02T02:50:00.689511+00:00,btc-updown-15m-1788317100,15,4049912,114432458764387822770077774779985936291367209725245245859876017879878643674306,2026-09-02T02:45:00+00:00,2026-09-02T03:00:00+00:00,10.0,0.46,0.52,0.49,0.06,6.52,5.0,15
2026-09-02T02:50:00.689511+00:00,btc-updown-15m-1788318000,15,4050084,103945396360161659585737740236611658504927086511288594537405169079370695252358,2026-09-02T03:00:00+00:00,2026-09-02T03:15:00+00:00,25.0,0.46,0.52,0.49,0.06,18.52,5.0,41
2026-09-02T02:51:01.670880+00:00,btc-updown-5m-1788317400,5,4049928,115027422243742187560686896374153708176501797500125202692690023872384493298753,2026-09-02T02:50:00+00:00,2026-09-02T02:55:00+00:00,3.98,0.5,0.51,0.505,0.01,5.0,206.53,58
2026-09-02T02:51:01.670880+00:00,btc-updown-5m-1788317700,5,4050029,15388838396184744831935478119650416460811486374863632174674099681879698062872,2026-09-02T02:55:00+00:00,2026-09-02T03:00:00+00:00,8.98,0.5,0.51,0.505,0.01,16.0,265.52,93
2026-09-02T02:51:01.670880+00:00,btc-updown-15m-1788317100,15,4049912,114432458764387822770077774779985936291367209725245245859876017879878643674306,2026-09-02T02:45:00+00:00,2026-09-02T03:00:00+00:00,8.98,0.46,0.52,0.49,0.06,6.52,5.0,15
2026-09-02T02:51:01.670880+00:00,btc-updown-15m-1788318000,15,4050084,103945396360161659585737740236611658504927086511288594537405169079370695252358,2026-09-02T03:00:00+00:00,2026-09-02T03:15:00+00:00,23.98,0.46,0.52,0.49,0.06,18.52,5.0,41
2026-09-02T02:52:02.626758+00:00,btc-updown-5m-1788317400,5,4049928,115027422243742187560686896374153708176501797500125202692690023872384493298753,2026-09-02T02:50:00+00:00,2026-09-02T02:55:00+00:00,2.97,0.5,0.51,0.505,0.01,5.0,206.53,58
2026-09-02T02:52:02.626758+00:00,btc-updown-5m-1788317700,5,4050029,15388838396184744831935478119650416460811486374863632174674099681879698062872,2026-09-02T02:55:00+00:00,2026-09-02T03:00:00+00:00,7.97,0.5,0.51,0.505,0.01,16.0,265.52,91
2026-09-02T02:52:02.626758+00:00,btc-updown-15m-1788317100,15,4049912,114432458764387822770077774779985936291367209725245245859876017879878643674306,2026-09-02T02:45:00+00:00,2026-09-02T03:00:00+00:00,7.97,0.46,0.52,0.49,0.06,6.52,5.0,15
2026-09-02T02:52:02.626758+00:00,btc-updown-15m-1788318000,15,4050084,103945396360161659585737740236611658504927086511288594537405169079370695252358,2026-09-02T03:00:00+00:00,2026-09-02T03:15:00+00:00,22.97,0.46,0.52,0.49,0.06,18.52,5.0,41
2026-09-02T02:53:03.635949+00:00,btc-updown-5m-1788317400,5,4049928,115027422243742187560686896374153708176501797500125202692690023872384493298753,2026-09-02T02:50:00+00:00,2026-09-02T02:55:00+00:00,1.95,0.5,0.51,0.505,0.01,5.0,206.53,58
2026-09-02T02:53:03.635949+00:00,btc-updown-5m-1788317700,5,4050029,15388838396184744831935478119650416460811486374863632174674099681879698062872,2026-09-02T02:55:00+00:00,2026-09-02T03:00:00+00:00,6.95,0.5,0.51,0.505,0.01,16.0,255.52,91
2026-09-02T02:53:03.635949+00:00,btc-updown-15m-1788317100,15,4049912,114432458764387822770077774779985936291367209725245245859876017879878643674306,2026-09-02T02:45:00+00:00,2026-09-02T03:00:00+00:00,6.95,0.46,0.52,0.49,0.06,6.52,5.0,15
2026-09-02T02:53:03.635949+00:00,btc-updown-15m-1788318000,15,4050084,103945396360161659585737740236611658504927086511288594537405169079370695252358,2026-09-02T03:00:00+00:00,2026-09-02T03:15:00+00:00,21.95,0.46,0.52,0.49,0.06,18.52,5.0,41
2026-09-02T02:54:04.571704+00:00,btc-updown-5m-1788317400,5,4049928,115027422243742187560686896374153708176501797500125202692690023872384493298753,2026-09-02T02:50:00+00:00,2026-09-02T02:55:00+00:00,0.93,0.5,0.51,0.505,0.01,5.0,206.53,58
2026-09-02T02:54:04.571704+00:00,btc-updown-5m-1788317700,5,4050029,15388838396184744831935478119650416460811486374863632174674099681879698062872,2026-09-02T02:55:00+00:00,2026-09-02T03:00:00+00:00,5.93,0.5,0.51,0.505,0.01,5.0,206.52,74
2026-09-02T02:54:04.571704+00:00,btc-updown-15m-1788317100,15,4049912,114432458764387822770077774779985936291367209725245245859876017879878643674306,2026-09-02T02:45:00+00:00,2026-09-02T03:00:00+00:00,5.93,0.46,0.52,0.49,0.06,6.52,5.0,15
2026-09-02T02:54:04.571704+00:00,btc-updown-15m-1788318000,15,4050084,103945396360161659585737740236611658504927086511288594537405169079370695252358,2026-09-02T03:00:00+00:00,2026-09-02T03:15:00+00:00,20.93,0.46,0.52,0.49,0.06,18.52,5.0,41
2026-09-02T02:55:05.558514+00:00,btc-updown-5m-1788317700,5,4050029,15388838396184744831935478119650416460811486374863632174674099681879698062872,2026-09-02T02:55:00+00:00,2026-09-02T03:00:00+00:00,4.92,0.5,0.51,0.505,0.01,5.0,206.52,58
2026-09-02T02:55:05.558514+00:00,btc-updown-5m-1788318000,5,4050076,32332213272526733854045376747305549192714352289815628043562243507181153497576,2026-09-02T03:00:00+00:00,2026-09-02T03:05:00+00:00,9.92,0.5,0.51,0.505,0.01,16.0,265.52,93
2026-09-02T02:55:05.558514+00:00,btc-updown-15m-1788317100,15,4049912,114432458764387822770077774779985936291367209725245245859876017879878643674306,2026-09-02T02:45:00+00:00,2026-09-02T03:00:00+00:00,4.92,0.46,0.52,0.49,0.06,6.52,5.0,15
2026-09-02T02:55:05.558514+00:00,btc-updown-15m-1788318000,15,4050084,103945396360161659585737740236611658504927086511288594537405169079370695252358,2026-09-02T03:00:00+00:00,2026-09-02T03:15:00+00:00,19.92,0.46,0.52,0.49,0.06,18.52,5.0,41
2026-09-02T02:56:06.485347+00:00,btc-updown-5m-1788317700,5,4050029,15388838396184744831935478119650416460811486374863632174674099681879698062872,2026-09-02T02:55:00+00:00,2026-09-02T03:00:00+00:00,3.9,0.5,0.51,0.505,0.01,5.0,206.52,58
2026-09-02T02:56:06.485347+00:00,btc-updown-5m-1788318000,5,4050076,32332213272526733854045376747305549192714352289815628043562243507181153497576,2026-09-02T03:00:00+00:00,2026-09-02T03:05:00+00:00,8.9,0.5,0.51,0.505,0.01,16.0,265.52,93
2026-09-02T02:56:06.485347+00:00,btc-updown-15m-1788317100,15,4049912,114432458764387822770077774779985936291367209725245245859876017879878643674306,2026-09-02T02:45:00+00:00,2026-09-02T03:00:00+00:00,3.9,0.46,0.52,0.49,0.06,6.52,5.0,15
2026-09-02T02:56:06.485347+00:00,btc-updown-15m-1788318000,15,4050084,103945396360161659585737740236611658504927086511288594537405169079370695252358,2026-09-02T03:00:00+00:00,2026-09-02T03:15:00+00:00,18.9,0.46,0.52,0.49,0.06,18.52,5.0,41
2026-09-02T02:57:07.399796+00:00,btc-updown-5m-1788317700,5,4050029,15388838396184744831935478119650416460811486374863632174674099681879698062872,2026-09-02T02:55:00+00:00,2026-09-02T03:00:00+00:00,2.88,0.5,0.51,0.505,0.01,5.0,206.52,58
2026-09-02T02:57:07.399796+00:00,btc-updown-5m-1788318000,5,4050076,32332213272526733854045376747305549192714352289815628043562243507181153497576,2026-09-02T03:00:00+00:00,2026-09-02T03:05:00+00:00,7.88,0.5,0.51,0.505,0.01,16.0,265.52,91
2026-09-02T02:57:07.399796+00:00,btc-updown-15m-1788317100,15,4049912,114432458764387822770077774779985936291367209725245245859876017879878643674306,2026-09-02T02:45:00+00:00,2026-09-02T03:00:00+00:00,2.88,0.46,0.52,0.49,0.06,6.52,5.0,15
2026-09-02T02:57:07.399796+00:00,btc-updown-15m-1788318000,15,4050084,103945396360161659585737740236611658504927086511288594537405169079370695252358,2026-09-02T03:00:00+00:00,2026-09-02T03:15:00+00:00,17.88,0.46,0.52,0.49,0.06,18.52,5.0,41
2026-09-02T02:58:08.377198+00:00,btc-updown-5m-1788317700,5,4050029,15388838396184744831935478119650416460811486374863632174674099681879698062872,2026-09-02T02:55:00+00:00,2026-09-02T03:00:00+00:00,1.87,0.5,0.51,0.505,0.01,5.0,206.52,58
2026-09-02T02:58:08.377198+00:00,btc-updown-5m-1788318000,5,4050076,32332213272526733854045376747305549192714352289815628043562243507181153497576,2026-09-02T03:00:00+00:00,2026-09-02T03:05:00+00:00,6.87,0.5,0.51,0.505,0.01,16.0,255.52,91
2026-09-02T02:58:08.377198+00:00,btc-updown-15m-1788317100,15,4049912,114432458764387822770077774779985936291367209725245245859876017879878643674306,2026-09-02T02:45:00+00:00,2026-09-02T03:00:00+00:00,1.87,0.46,0.52,0.49,0.06,6.52,5.0,15
2026-09-02T02:58:08.377198+00:00,btc-updown-15m-1788318000,15,4050084,103945396360161659585737740236611658504927086511288594537405169079370695252358,2026-09-02T03:00:00+00:00,2026-09-02T03:15:00+00:00,16.87,0.46,0.52,0.49,0.06,18.52,5.0,39
2026-09-02T02:59:09.336938+00:00,btc-updown-5m-1788317700,5,4050029,15388838396184744831935478119650416460811486374863632174674099681879698062872,2026-09-02T02:55:00+00:00,2026-09-02T03:00:00+00:00,0.85,0.5,0.51,0.505,0.01,5.0,206.52,58
2026-09-02T02:59:09.336938+00:00,btc-updown-5m-1788318000,5,4050076,32332213272526733854045376747305549192714352289815628043562243507181153497576,2026-09-02T03:00:00+00:00,2026-09-02T03:05:00+00:00,5.85,0.5,0.51,0.505,0.01,5.0,206.52,70
2026-09-02T02:59:09.336938+00:00,btc-updown-15m-1788317100,15,4049912,114432458764387822770077774779985936291367209725245245859876017879878643674306,2026-09-02T02:45:00+00:00,2026-09-02T03:00:00+00:00,0.85,0.46,0.52,0.49,0.06,6.52,5.0,15
2026-09-02T02:59:09.336938+00:00,btc-updown-15m-1788318000,15,4050084,103945396360161659585737740236611658504927086511288594537405169079370695252358,2026-09-02T03:00:00+00:00,2026-09-02T03:15:00+00:00,15.85,0.46,0.52,0.49,0.06,6.52,5.0,37
2026-09-02T03:00:10.261744+00:00,btc-updown-5m-1788318000,5,4050076,32332213272526733854045376747305549192714352289815628043562243507181153497576,2026-09-02T03:00:00+00:00,2026-09-02T03:05:00+00:00,4.83,0.5,0.51,0.505,0.01,5.0,206.52,58
2026-09-02T03:00:10.261744+00:00,btc-updown-5m-1788318300,5,4050098,103866171701024151292098567183289005315198333867714256462333754963539150561858,2026-09-02T03:05:00+00:00,2026-09-02T03:10:00+00:00,9.83,0.5,0.51,0.505,0.01,16.0,265.56,93
2026-09-02T03:00:10.261744+00:00,btc-updown-15m-1788318000,15,4050084,103945396360161659585737740236611658504927086511288594537405169079370695252358,2026-09-02T03:00:00+00:00,2026-09-02T03:15:00+00:00,14.83,0.46,0.52,0.49,0.06,6.52,5.0,15
2026-09-02T03:00:10.261744+00:00,btc-updown-15m-1788318900,15,4050230,75000092962254641943586838051875310328064761907864656075218788386016890685474,2026-09-02T03:15:00+00:00,2026-09-02T03:30:00+00:00,29.83,0.5,0.51,0.505,0.01,9.8,85.86,89
2026-09-02T03:01:11.230533+00:00,btc-updown-5m-1788318000,5,4050076,32332213272526733854045376747305549192714352289815628043562243507181153497576,2026-09-02T03:00:00+00:00,2026-09-02T03:05:00+00:00,3.82,0.5,0.51,0.505,0.01,5.0,206.52,58
2026-09-02T03:01:11.230533+00:00,btc-updown-5m-1788318300,5,4050098,103866171701024151292098567183289005315198333867714256462333754963539150561858,2026-09-02T03:05:00+00:00,2026-09-02T03:10:00+00:00,8.82,0.5,0.51,0.505,0.01,16.0,265.56,93
2026-09-02T03:01:11.230533+00:00,btc-updown-15m-1788318000,15,4050084,103945396360161659585737740236611658504927086511288594537405169079370695252358,2026-09-02T03:00:00+00:00,2026-09-02T03:15:00+00:00,13.82,0.46,0.52,0.49,0.06,6.52,5.0,15
2026-09-02T03:01:11.230533+00:00,btc-updown-15m-1788318900,15,4050230,75000092962254641943586838051875310328064761907864656075218788386016890685474,2026-09-02T03:15:00+00:00,2026-09-02T03:30:00+00:00,28.82,0.5,0.51,0.505,0.01,9.8,85.86,89
2026-09-02T03:02:12.183687+00:00,btc-updown-5m-1788318000,5,4050076,32332213272526733854045376747305549192714352289815628043562243507181153497576,2026-09-02T03:00:00+00:00,2026-09-02T03:05:00+00:00,2.8,0.5,0.51,0.505,0.01,5.0,206.52,58
2026-09-02T03:02:12.183687+00:00,btc-updown-5m-1788318300,5,4050098,103866171701024151292098567183289005315198333867714256462333754963539150561858,2026-09-02T03:05:00+00:00,2026-09-02T03:10:00+00:00,7.8,0.5,0.51,0.505,0.01,16.0,265.56,91
2026-09-02T03:02:12.183687+00:00,btc-updown-15m-1788318000,15,4050084,103945396360161659585737740236611658504927086511288594537405169079370695252358,2026-09-02T03:00:00+00:00,2026-09-02T03:15:00+00:00,12.8,0.46,0.52,0.49,0.06,6.52,5.0,15
2026-09-02T03:02:12.183687+00:00,btc-updown-15m-1788318900,15,4050230,75000092962254641943586838051875310328064761907864656075218788386016890685474,2026-09-02T03:15:00+00:00,2026-09-02T03:30:00+00:00,27.8,0.5,0.51,0.505,0.01,9.8,85.86,89
2026-09-02T03:03:13.220772+00:00,btc-updown-5m-1788318000,5,4050076,32332213272526733854045376747305549192714352289815628043562243507181153497576,2026-09-02T03:00:00+00:00,2026-09-02T03:05:00+00:00,1.78,0.5,0.51,0.505,0.01,5.0,206.52,58
2026-09-02T03:03:13.220772+00:00,btc-updown-5m-1788318300,5,4050098,103866171701024151292098567183289005315198333867714256462333754963539150561858,2026-09-02T03:05:00+00:00,2026-09-02T03:10:00+00:00,6.78,0.5,0.51,0.505,0.01,16.0,255.56,91
2026-09-02T03:03:13.220772+00:00,btc-updown-15m-1788318000,15,4050084,103945396360161659585737740236611658504927086511288594537405169079370695252358,2026-09-02T03:00:00+00:00,2026-09-02T03:15:00+00:00,11.78,0.46,0.52,0.49,0.06,6.52,5.0,15
2026-09-02T03:03:13.220772+00:00,btc-updown-15m-1788318900,15,4050230,75000092962254641943586838051875310328064761907864656075218788386016890685474,2026-09-02T03:15:00+00:00,2026-09-02T03:30:00+00:00,26.78,0.5,0.51,0.505,0.01,9.8,85.86,89
2026-09-02T03:04:14.251716+00:00,btc-updown-5m-1788318000,5,4050076,32332213272526733854045376747305549192714352289815628043562243507181153497576,2026-09-02T03:00:00+00:00,2026-09-02T03:05:00+00:00,0.77,0.5,0.51,0.505,0.01,5.0,206.52,58
2026-09-02T03:04:14.251716+00:00,btc-updown-5m-1788318300,5,4050098,103866171701024151292098567183289005315198333867714256462333754963539150561858,2026-09-02T03:05:00+00:00,2026-09-02T03:10:00+00:00,5.77,0.5,0.51,0.505,0.01,5.0,206.56,70
2026-09-02T03:04:14.251716+00:00,btc-updown-15m-1788318000,15,4050084,103945396360161659585737740236611658504927086511288594537405169079370695252358,2026-09-02T03:00:00+00:00,2026-09-02T03:15:00+00:00,10.77,0.46,0.52,0.49,0.06,6.52,5.0,15
2026-09-02T03:04:14.251716+00:00,btc-updown-15m-1788318900,15,4050230,75000092962254641943586838051875310328064761907864656075218788386016890685474,2026-09-02T03:15:00+00:00,2026-09-02T03:30:00+00:00,25.77,0.5,0.51,0.505,0.01,9.8,85.86,89
2026-09-02T03:05:15.226322+00:00,btc-updown-5m-1788318300,5,4050098,103866171701024151292098567183289005315198333867714256462333754963539150561858,2026-09-02T03:05:00+00:00,2026-09-02T03:10:00+00:00,4.75,0.5,0.51,0.505,0.01,5.0,206.56,58
2026-09-02T03:05:15.226322+00:00,btc-updown-5m-1788318600,5,4050124,44481067376799301440042615675206985155234263046690473747011524368112978005115,2026-09-02T03:10:00+00:00,2026-09-02T03:15:00+00:00,9.75,0.5,0.51,0.505,0.01,16.0,265.54,93
2026-09-02T03:05:15.226322+00:00,btc-updown-15m-1788318000,15,4050084,103945396360161659585737740236611658504927086511288594537405169079370695252358,2026-09-02T03:00:00+00:00,2026-09-02T03:15:00+00:00,9.75,0.46,0.52,0.49,0.06,6.52,5.0,15
2026-09-02T03:05:15.226322+00:00,btc-updown-15m-1788318900,15,4050230,75000092962254641943586838051875310328064761907864656075218788386016890685474,2026-09-02T03:15:00+00:00,2026-09-02T03:30:00+00:00,24.75,0.5,0.51,0.505,0.01,9.8,85.86,89
2026-09-02T03:06:16.207256+00:00,btc-updown-5m-1788318300,5,4050098,103866171701024151292098567183289005315198333867714256462333754963539150561858,2026-09-02T03:05:00+00:00,2026-09-02T03:10:00+00:00,3.73,0.5,0.51,0.505,0.01,5.0,206.56,58
2026-09-02T03:06:16.207256+00:00,btc-updown-5m-1788318600,5,4050124,44481067376799301440042615675206985155234263046690473747011524368112978005115,2026-09-02T03:10:00+00:00,2026-09-02T03:15:00+00:00,8.73,0.5,0.51,0.505,0.01,16.0,265.54,93
2026-09-02T03:06:16.207256+00:00,btc-updown-15m-1788318000,15,4050084,103945396360161659585737740236611658504927086511288594537405169079370695252358,2026-09-02T03:00:00+00:00,2026-09-02T03:15:00+00:00,8.73,0.46,0.52,0.49,0.06,6.52,5.0,15
2026-09-02T03:06:16.207256+00:00,btc-updown-15m-1788318900,15,4050230,75000092962254641943586838051875310328064761907864656075218788386016890685474,2026-09-02T03:15:00+00:00,2026-09-02T03:30:00+00:00,23.73,0.5,0.51,0.505,0.01,9.8,85.86,89
2026-09-02T03:07:17.128654+00:00,btc-updown-5m-1788318300,5,4050098,103866171701024151292098567183289005315198333867714256462333754963539150561858,2026-09-02T03:05:00+00:00,2026-09-02T03:10:00+00:00,2.72,0.5,0.51,0.505,0.01,5.0,206.56,58
2026-09-02T03:07:17.128654+00:00,btc-updown-5m-1788318600,5,4050124,44481067376799301440042615675206985155234263046690473747011524368112978005115,2026-09-02T03:10:00+00:00,2026-09-02T03:15:00+00:00,7.72,0.5,0.51,0.505,0.01,16.0,265.54,91
2026-09-02T03:07:17.128654+00:00,btc-updown-15m-1788318000,15,4050084,103945396360161659585737740236611658504927086511288594537405169079370695252358,2026-09-02T03:00:00+00:00,2026-09-02T03:15:00+00:00,7.72,0.46,0.52,0.49,0.06,6.52,5.0,15
2026-09-02T03:07:17.128654+00:00,btc-updown-15m-1788318900,15,4050230,75000092962254641943586838051875310328064761907864656075218788386016890685474,2026-09-02T03:15:00+00:00,2026-09-02T03:30:00+00:00,22.72,0.5,0.51,0.505,0.01,9.8,85.86,89
2026-09-02T03:08:18.074450+00:00,btc-updown-5m-1788318300,5,4050098,103866171701024151292098567183289005315198333867714256462333754963539150561858,2026-09-02T03:05:00+00:00,2026-09-02T03:10:00+00:00,1.7,0.5,0.51,0.505,0.01,5.0,206.56,58
2026-09-02T03:08:18.074450+00:00,btc-updown-5m-1788318600,5,4050124,44481067376799301440042615675206985155234263046690473747011524368112978005115,2026-09-02T03:10:00+00:00,2026-09-02T03:15:00+00:00,6.7,0.5,0.51,0.505,0.01,16.0,255.54,91
2026-09-02T03:08:18.074450+00:00,btc-updown-15m-1788318000,15,4050084,103945396360161659585737740236611658504927086511288594537405169079370695252358,2026-09-02T03:00:00+00:00,2026-09-02T03:15:00+00:00,6.7,0.46,0.52,0.49,0.06,6.52,5.0,15
2026-09-02T03:08:18.074450+00:00,btc-updown-15m-1788318900,15,4050230,75000092962254641943586838051875310328064761907864656075218788386016890685474,2026-09-02T03:15:00+00:00,2026-09-02T03:30:00+00:00,21.7,0.5,0.51,0.505,0.01,9.8,85.86,89
2026-09-02T03:09:19.028762+00:00,btc-updown-5m-1788318300,5,4050098,103866171701024151292098567183289005315198333867714256462333754963539150561858,2026-09-02T03:05:00+00:00,2026-09-02T03:10:00+00:00,0.68,0.5,0.51,0.505,0.01,5.0,206.56,58
2026-09-02T03:09:19.028762+00:00,btc-updown-5m-1788318600,5,4050124,44481067376799301440042615675206985155234263046690473747011524368112978005115,2026-09-02T03:10:00+00:00,2026-09-02T03:15:00+00:00,5.68,0.5,0.51,0.505,0.01,5.0,206.54,70
2026-09-02T03:09:19.028762+00:00,btc-updown-15m-1788318000,15,4050084,103945396360161659585737740236611658504927086511288594537405169079370695252358,2026-09-02T03:00:00+00:00,2026-09-02T03:15:00+00:00,5.68,0.46,0.52,0.49,0.06,6.52,5.0,15
2026-09-02T03:09:19.028762+00:00,btc-updown-15m-1788318900,15,4050230,75000092962254641943586838051875310328064761907864656075218788386016890685474,2026-09-02T03:15:00+00:00,2026-09-02T03:30:00+00:00,20.68,0.5,0.51,0.505,0.01,9.8,85.86,89
2026-09-02T03:10:19.980254+00:00,btc-updown-5m-1788318600,5,4050124,44481067376799301440042615675206985155234263046690473747011524368112978005115,2026-09-02T03:10:00+00:00,2026-09-02T03:15:00+00:00,4.68,0.5,0.51,0.505,0.01,5.0,206.54,58
2026-09-02T03:10:19.980254+00:00,btc-updown-5m-1788318900,5,4050234,99077662601773359055081169700638943995839992421629929057771193895134518397843,2026-09-02T03:15:00+00:00,2026-09-02T03:20:00+00:00,9.68,0.5,0.51,0.505,0.01,16.0,228.41,84
2026-09-02T03:10:19.980254+00:00,btc-updown-15m-1788318000,15,4050084,103945396360161659585737740236611658504927086511288594537405169079370695252358,2026-09-02T03:00:00+00:00,2026-09-02T03:15:00+00:00,4.68,0.46,0.52,0.49,0.06,6.52,5.0,15
2026-09-02T03:10:19.980254+00:00,btc-updown-15m-1788318900,15,4050230,75000092962254641943586838051875310328064761907864656075218788386016890685474,2026-09-02T03:15:00+00:00,2026-09-02T03:30:00+00:00,19.68,0.5,0.51,0.505,0.01,9.8,85.86,89
2026-09-02T03:11:20.980731+00:00,btc-updown-5m-1788318600,5,4050124,44481067376799301440042615675206985155234263046690473747011524368112978005115,2026-09-02T03:10:00+00:00,2026-09-02T03:15:00+00:00,3.67,0.5,0.51,0.505,0.01,5.0,206.54,58
2026-09-02T03:11:20.980731+00:00,btc-updown-5m-1788318900,5,4050234,99077662601773359055081169700638943995839992421629929057771193895134518397843,2026-09-02T03:15:00+00:00,2026-09-02T03:20:00+00:00,8.67,0.5,0.51,0.505,0.01,16.0,228.41,84
2026-09-02T03:11:20.980731+00:00,btc-updown-15m-1788318000,15,4050084,103945396360161659585737740236611658504927086511288594537405169079370695252358,2026-09-02T03:00:00+00:00,2026-09-02T03:15:00+00:00,3.67,0.46,0.52,0.49,0.06,6.52,5.0,15
2026-09-02T03:11:20.980731+00:00,btc-updown-15m-1788318900,15,4050230,75000092962254641943586838051875310328064761907864656075218788386016890685474,2026-09-02T03:15:00+00:00,2026-09-02T03:30:00+00:00,18.67,0.5,0.51,0.505,0.01,9.8,85.86,89
2026-09-02T03:12:21.942946+00:00,btc-updown-5m-1788318600,5,4050124,44481067376799301440042615675206985155234263046690473747011524368112978005115,2026-09-02T03:10:00+00:00,2026-09-02T03:15:00+00:00,2.65,0.5,0.51,0.505,0.01,5.0,206.54,58
2026-09-02T03:12:21.942946+00:00,btc-updown-5m-1788318900,5,4050234,99077662601773359055081169700638943995839992421629929057771193895134518397843,2026-09-02T03:15:00+00:00,2026-09-02T03:20:00+00:00,7.65,0.5,0.51,0.505,0.01,16.0,228.41,82
2026-09-02T03:12:21.942946+00:00,btc-updown-15m-1788318000,15,4050084,103945396360161659585737740236611658504927086511288594537405169079370695252358,2026-09-02T03:00:00+00:00,2026-09-02T03:15:00+00:00,2.65,0.46,0.52,0.49,0.06,6.52,5.0,15
2026-09-02T03:12:21.942946+00:00,btc-updown-15m-1788318900,15,4050230,75000092962254641943586838051875310328064761907864656075218788386016890685474,2026-09-02T03:15:00+00:00,2026-09-02T03:30:00+00:00,17.65,0.5,0.51,0.505,0.01,9.8,85.86,89
2026-09-02T03:13:22.878914+00:00,btc-updown-5m-1788318600,5,4050124,44481067376799301440042615675206985155234263046690473747011524368112978005115,2026-09-02T03:10:00+00:00,2026-09-02T03:15:00+00:00,1.63,0.5,0.51,0.505,0.01,5.0,206.54,58
2026-09-02T03:13:22.878914+00:00,btc-updown-5m-1788318900,5,4050234,99077662601773359055081169700638943995839992421629929057771193895134518397843,2026-09-02T03:15:00+00:00,2026-09-02T03:20:00+00:00,6.63,0.5,0.51,0.505,0.01,16.0,218.41,82
2026-09-02T03:13:22.878914+00:00,btc-updown-15m-1788318000,15,4050084,103945396360161659585737740236611658504927086511288594537405169079370695252358,2026-09-02T03:00:00+00:00,2026-09-02T03:15:00+00:00,1.63,0.46,0.52,0.49,0.06,6.52,5.0,15
2026-09-02T03:13:22.878914+00:00,btc-updown-15m-1788318900,15,4050230,75000092962254641943586838051875310328064761907864656075218788386016890685474,2026-09-02T03:15:00+00:00,2026-09-02T03:30:00+00:00,16.63,0.5,0.51,0.505,0.01,9.8,85.86,87
2026-09-02T03:14:23.804786+00:00,btc-updown-5m-1788318600,5,4050124,44481067376799301440042615675206985155234263046690473747011524368112978005115,2026-09-02T03:10:00+00:00,2026-09-02T03:15:00+00:00,0.62,0.5,0.51,0.505,0.01,5.0,206.54,58
2026-09-02T03:14:23.804786+00:00,btc-updown-5m-1788318900,5,4050234,99077662601773359055081169700638943995839992421629929057771193895134518397843,2026-09-02T03:15:00+00:00,2026-09-02T03:20:00+00:00,5.62,0.5,0.51,0.505,0.01,5.0,207.41,70
2026-09-02T03:14:23.804786+00:00,btc-updown-15m-1788318000,15,4050084,103945396360161659585737740236611658504927086511288594537405169079370695252358,2026-09-02T03:00:00+00:00,2026-09-02T03:15:00+00:00,0.62,0.46,0.52,0.49,0.06,6.52,5.0,15
2026-09-02T03:14:23.804786+00:00,btc-updown-15m-1788318900,15,4050230,75000092962254641943586838051875310328064761907864656075218788386016890685474,2026-09-02T03:15:00+00:00,2026-09-02T03:30:00+00:00,15.62,0.5,0.51,0.505,0.01,9.8,85.86,60
2026-09-02T03:15:24.728039+00:00,btc-updown-5m-1788318900,5,4050234,99077662601773359055081169700638943995839992421629929057771193895134518397843,2026-09-02T03:15:00+00:00,2026-09-02T03:20:00+00:00,4.6,0.5,0.51,0.505,0.01,5.0,207.41,58
2026-09-02T03:15:24.728039+00:00,btc-updown-5m-1788319200,5,4050240,56810213277463298230466376270296123776494958633523608471684769279292516549046,2026-09-02T03:20:00+00:00,2026-09-02T03:25:00+00:00,9.6,0.5,0.51,0.505,0.01,16.0,266.41,93
2026-09-02T03:15:24.728039+00:00,btc-updown-15m-1788318900,15,4050230,75000092962254641943586838051875310328064761907864656075218788386016890685474,2026-09-02T03:15:00+00:00,2026-09-02T03:30:00+00:00,14.6,0.46,0.52,0.49,0.06,6.52,5.0,27
2026-09-02T03:15:24.728039+00:00,btc-updown-15m-1788319800,15,4050260,76503788677626216499772709094270689031525777238283873596470886208764939981372,2026-09-02T03:30:00+00:00,2026-09-02T03:45:00+00:00,29.6,0.49,0.51,0.5,0.02,85.65,85.65,84
2026-09-02T03:16:25.644261+00:00,btc-updown-5m-1788318900,5,4050234,99077662601773359055081169700638943995839992421629929057771193895134518397843,2026-09-02T03:15:00+00:00,2026-09-02T03:20:00+00:00,3.58,0.5,0.51,0.505,0.01,5.0,207.41,58
2026-09-02T03:16:25.644261+00:00,btc-updown-5m-1788319200,5,4050240,56810213277463298230466376270296123776494958633523608471684769279292516549046,2026-09-02T03:20:00+00:00,2026-09-02T03:25:00+00:00,8.58,0.5,0.51,0.505,0.01,16.0,266.41,93
2026-09-02T03:16:25.644261+00:00,btc-updown-15m-1788318900,15,4050230,75000092962254641943586838051875310328064761907864656075218788386016890685474,2026-09-02T03:15:00+00:00,2026-09-02T03:30:00+00:00,13.58,0.46,0.52,0.49,0.06,6.52,5.0,27
2026-09-02T03:16:25.644261+00:00,btc-updown-15m-1788319800,15,4050260,76503788677626216499772709094270689031525777238283873596470886208764939981372,2026-09-02T03:30:00+00:00,2026-09-02T03:45:00+00:00,28.58,0.49,0.51,0.5,0.02,85.65,85.65,84
2026-09-02T03:17:26.604425+00:00,btc-updown-5m-1788318900,5,4050234,99077662601773359055081169700638943995839992421629929057771193895134518397843,2026-09-02T03:15:00+00:00,2026-09-02T03:20:00+00:00,2.57,0.5,0.51,0.505,0.01,5.0,207.41,58
2026-09-02T03:17:26.604425+00:00,btc-updown-5m-1788319200,5,4050240,56810213277463298230466376270296123776494958633523608471684769279292516549046,2026-09-02T03:20:00+00:00,2026-09-02T03:25:00+00:00,7.57,0.5,0.51,0.505,0.01,16.0,266.41,91
2026-09-02T03:17:26.604425+00:00,btc-updown-15m-1788318900,15,4050230,75000092962254641943586838051875310328064761907864656075218788386016890685474,2026-09-02T03:15:00+00:00,2026-09-02T03:30:00+00:00,12.57,0.46,0.52,0.49,0.06,6.52,5.0,15
2026-09-02T03:17:26.604425+00:00,btc-updown-15m-1788319800,15,4050260,76503788677626216499772709094270689031525777238283873596470886208764939981372,2026-09-02T03:30:00+00:00,2026-09-02T03:45:00+00:00,27.57,0.49,0.51,0.5,0.02,85.65,85.65,84
2026-09-02T03:18:27.555716+00:00,btc-updown-5m-1788318900,5,4050234,99077662601773359055081169700638943995839992421629929057771193895134518397843,2026-09-02T03:15:00+00:00,2026-09-02T03:20:00+00:00,1.55,0.5,0.51,0.505,0.01,5.0,207.41,58
2026-09-02T03:18:27.555716+00:00,btc-updown-5m-1788319200,5,4050240,56810213277463298230466376270296123776494958633523608471684769279292516549046,2026-09-02T03:20:00+00:00,2026-09-02T03:25:00+00:00,6.55,0.5,0.51,0.505,0.01,16.0,256.41,91
2026-09-02T03:18:27.555716+00:00,btc-updown-15m-1788318900,15,4050230,75000092962254641943586838051875310328064761907864656075218788386016890685474,2026-09-02T03:15:00+00:00,2026-09-02T03:30:00+00:00,11.55,0.46,0.52,0.49,0.06,6.52,5.0,15
2026-09-02T03:18:27.555716+00:00,btc-updown-15m-1788319800,15,4050260,76503788677626216499772709094270689031525777238283873596470886208764939981372,2026-09-02T03:30:00+00:00,2026-09-02T03:45:00+00:00,26.55,0.49,0.51,0.5,0.02,85.65,85.65,84
2026-09-02T03:19:28.494410+00:00,btc-updown-5m-1788318900,5,4050234,99077662601773359055081169700638943995839992421629929057771193895134518397843,2026-09-02T03:15:00+00:00,2026-09-02T03:20:00+00:00,0.53,0.5,0.51,0.505,0.01,5.0,207.41,58
2026-09-02T03:19:28.494410+00:00,btc-updown-5m-1788319200,5,4050240,56810213277463298230466376270296123776494958633523608471684769279292516549046,2026-09-02T03:20:00+00:00,2026-09-02T03:25:00+00:00,5.53,0.5,0.51,0.505,0.01,5.0,207.41,70
2026-09-02T03:19:28.494410+00:00,btc-updown-15m-1788318900,15,4050230,75000092962254641943586838051875310328064761907864656075218788386016890685474,2026-09-02T03:15:00+00:00,2026-09-02T03:30:00+00:00,10.53,0.46,0.52,0.49,0.06,6.52,5.0,15
2026-09-02T03:19:28.494410+00:00,btc-updown-15m-1788319800,15,4050260,76503788677626216499772709094270689031525777238283873596470886208764939981372,2026-09-02T03:30:00+00:00,2026-09-02T03:45:00+00:00,25.53,0.49,0.51,0.5,0.02,85.65,85.65,84
2026-09-02T03:20:29.406305+00:00,btc-updown-5m-1788319200,5,4050240,56810213277463298230466376270296123776494958633523608471684769279292516549046,2026-09-02T03:20:00+00:00,2026-09-02T03:25:00+00:00,4.52,0.5,0.51,0.505,0.01,5.0,207.41,58
2026-09-02T03:20:29.406305+00:00,btc-updown-5m-1788319500,5,4050248,115350675600372766193844204598295183021629501106686109765856609213069225899558,2026-09-02T03:25:00+00:00,2026-09-02T03:30:00+00:00,9.52,0.5,0.51,0.505,0.01,16.0,266.42,93
2026-09-02T03:20:29.406305+00:00,btc-updown-15m-1788318900,15,4050230,75000092962254641943586838051875310328064761907864656075218788386016890685474,2026-09-02T03:15:00+00:00,2026-09-02T03:30:00+00:00,9.52,0.46,0.52,0.49,0.06,6.52,5.0,15
2026-09-02T03:20:29.406305+00:00,btc-updown-15m-1788319800,15,4050260,76503788677626216499772709094270689031525777238283873596470886208764939981372,2026-09-02T03:30:00+00:00,2026-09-02T03:45:00+00:00,24.52,0.49,0.51,0.5,0.02,85.65,85.65,84
2026-09-02T03:21:30.343008+00:00,btc-updown-5m-1788319200,5,4050240,56810213277463298230466376270296123776494958633523608471684769279292516549046,2026-09-02T03:20:00+00:00,2026-09-02T03:25:00+00:00,3.5,0.5,0.51,0.505,0.01,5.0,207.41,58
2026-09-02T03:21:30.343008+00:00,btc-updown-5m-1788319500,5,4050248,115350675600372766193844204598295183021629501106686109765856609213069225899558,2026-09-02T03:25:00+00:00,2026-09-02T03:30:00+00:00,8.5,0.5,0.51,0.505,0.01,16.0,266.42,93
2026-09-02T03:21:30.343008+00:00,btc-updown-15m-1788318900,15,4050230,75000092962254641943586838051875310328064761907864656075218788386016890685474,2026-09-02T03:15:00+00:00,2026-09-02T03:30:00+00:00,8.5,0.46,0.52,0.49,0.06,6.52,5.0,15
2026-09-02T03:21:30.343008+00:00,btc-updown-15m-1788319800,15,4050260,76503788677626216499772709094270689031525777238283873596470886208764939981372,2026-09-02T03:30:00+00:00,2026-09-02T03:45:00+00:00,23.5,0.49,0.51,0.5,0.02,85.65,85.65,84
2026-09-02T03:22:31.260777+00:00,btc-updown-5m-1788319200,5,4050240,56810213277463298230466376270296123776494958633523608471684769279292516549046,2026-09-02T03:20:00+00:00,2026-09-02T03:25:00+00:00,2.48,0.5,0.51,0.505,0.01,5.0,207.41,58
2026-09-02T03:22:31.260777+00:00,btc-updown-5m-1788319500,5,4050248,115350675600372766193844204598295183021629501106686109765856609213069225899558,2026-09-02T03:25:00+00:00,2026-09-02T03:30:00+00:00,7.48,0.5,0.51,0.505,0.01,16.0,266.42,91
2026-09-02T03:22:31.260777+00:00,btc-updown-15m-1788318900,15,4050230,75000092962254641943586838051875310328064761907864656075218788386016890685474,2026-09-02T03:15:00+00:00,2026-09-02T03:30:00+00:00,7.48,0.46,0.52,0.49,0.06,6.52,5.0,15
2026-09-02T03:22:31.260777+00:00,btc-updown-15m-1788319800,15,4050260,76503788677626216499772709094270689031525777238283873596470886208764939981372,2026-09-02T03:30:00+00:00,2026-09-02T03:45:00+00:00,22.48,0.49,0.51,0.5,0.02,85.65,85.65,84
2026-09-02T03:23:32.189638+00:00,btc-updown-5m-1788319200,5,4050240,56810213277463298230466376270296123776494958633523608471684769279292516549046,2026-09-02T03:20:00+00:00,2026-09-02T03:25:00+00:00,1.47,0.5,0.51,0.505,0.01,5.0,207.41,58
2026-09-02T03:23:32.189638+00:00,btc-updown-5m-1788319500,5,4050248,115350675600372766193844204598295183021629501106686109765856609213069225899558,2026-09-02T03:25:00+00:00,2026-09-02T03:30:00+00:00,6.47,0.5,0.51,0.505,0.01,16.0,256.42,91
2026-09-02T03:23:32.189638+00:00,btc-updown-15m-1788318900,15,4050230,75000092962254641943586838051875310328064761907864656075218788386016890685474,2026-09-02T03:15:00+00:00,2026-09-02T03:30:00+00:00,6.47,0.46,0.52,0.49,0.06,6.52,5.0,15
2026-09-02T03:23:32.189638+00:00,btc-updown-15m-1788319800,15,4050260,76503788677626216499772709094270689031525777238283873596470886208764939981372,2026-09-02T03:30:00+00:00,2026-09-02T03:45:00+00:00,21.47,0.49,0.51,0.5,0.02,85.65,85.65,84
2026-09-02T03:24:33.121905+00:00,btc-updown-5m-1788319200,5,4050240,56810213277463298230466376270296123776494958633523608471684769279292516549046,2026-09-02T03:20:00+00:00,2026-09-02T03:25:00+00:00,0.45,0.5,0.51,0.505,0.01,5.0,207.41,58
2026-09-02T03:24:33.121905+00:00,btc-updown-5m-1788319500,5,4050248,115350675600372766193844204598295183021629501106686109765856609213069225899558,2026-09-02T03:25:00+00:00,2026-09-02T03:30:00+00:00,5.45,0.5,0.51,0.505,0.01,5.0,207.42,70
2026-09-02T03:24:33.121905+00:00,btc-updown-15m-1788318900,15,4050230,75000092962254641943586838051875310328064761907864656075218788386016890685474,2026-09-02T03:15:00+00:00,2026-09-02T03:30:00+00:00,5.45,0.46,0.52,0.49,0.06,6.52,5.0,15
2026-09-02T03:24:33.121905+00:00,btc-updown-15m-1788319800,15,4050260,76503788677626216499772709094270689031525777238283873596470886208764939981372,2026-09-02T03:30:00+00:00,2026-09-02T03:45:00+00:00,20.45,0.49,0.51,0.5,0.02,85.65,85.65,84
2026-09-02T03:25:34.066164+00:00,btc-updown-5m-1788319500,5,4050248,115350675600372766193844204598295183021629501106686109765856609213069225899558,2026-09-02T03:25:00+00:00,2026-09-02T03:30:00+00:00,4.43,0.5,0.51,0.505,0.01,5.0,207.42,58
2026-09-02T03:25:34.066164+00:00,btc-updown-5m-1788319800,5,4050257,35774223724821511203286509857972558558155398716053059287091880905188271880130,2026-09-02T03:30:00+00:00,2026-09-02T03:35:00+00:00,9.43,0.5,0.51,0.505,0.01,16.0,266.45,93
2026-09-02T03:25:34.066164+00:00,btc-updown-15m-1788318900,15,4050230,75000092962254641943586838051875310328064761907864656075218788386016890685474,2026-09-02T03:15:00+00:00,2026-09-02T03:30:00+00:00,4.43,0.46,0.52,0.49,0.06,6.52,5.0,15
2026-09-02T03:25:34.066164+00:00,btc-updown-15m-1788319800,15,4050260,76503788677626216499772709094270689031525777238283873596470886208764939981372,2026-09-02T03:30:00+00:00,2026-09-02T03:45:00+00:00,19.43,0.49,0.51,0.5,0.02,85.65,85.65,84
2026-09-02T03:26:34.978884+00:00,btc-updown-5m-1788319500,5,4050248,115350675600372766193844204598295183021629501106686109765856609213069225899558,2026-09-02T03:25:00+00:00,2026-09-02T03:30:00+00:00,3.43,0.5,0.51,0.505,0.01,5.0,207.42,58
2026-09-02T03:26:34.978884+00:00,btc-updown-5m-1788319800,5,4050257,35774223724821511203286509857972558558155398716053059287091880905188271880130,2026-09-02T03:30:00+00:00,2026-09-02T03:35:00+00:00,8.43,0.5,0.51,0.505,0.01,16.0,266.45,93
2026-09-02T03:26:34.978884+00:00,btc-updown-15m-1788318900,15,4050230,75000092962254641943586838051875310328064761907864656075218788386016890685474,2026-09-02T03:15:00+00:00,2026-09-02T03:30:00+00:00,3.43,0.46,0.52,0.49,0.06,6.52,5.0,15
2026-09-02T03:26:34.978884+00:00,btc-updown-15m-1788319800,15,4050260,76503788677626216499772709094270689031525777238283873596470886208764939981372,2026-09-02T03:30:00+00:00,2026-09-02T03:45:00+00:00,18.43,0.49,0.51,0.5,0.02,85.65,85.65,84
2026-09-02T03:27:35.884643+00:00,btc-updown-5m-1788319500,5,4050248,115350675600372766193844204598295183021629501106686109765856609213069225899558,2026-09-02T03:25:00+00:00,2026-09-02T03:30:00+00:00,2.42,0.5,0.51,0.505,0.01,5.0,207.42,58
2026-09-02T03:27:35.884643+00:00,btc-updown-5m-1788319800,5,4050257,35774223724821511203286509857972558558155398716053059287091880905188271880130,2026-09-02T03:30:00+00:00,2026-09-02T03:35:00+00:00,7.42,0.5,0.51,0.505,0.01,16.0,266.45,91
2026-09-02T03:27:35.884643+00:00,btc-updown-15m-1788318900,15,4050230,75000092962254641943586838051875310328064761907864656075218788386016890685474,2026-09-02T03:15:00+00:00,2026-09-02T03:30:00+00:00,2.42,0.46,0.52,0.49,0.06,6.52,5.0,15
2026-09-02T03:27:35.884643+00:00,btc-updown-15m-1788319800,15,4050260,76503788677626216499772709094270689031525777238283873596470886208764939981372,2026-09-02T03:30:00+00:00,2026-09-02T03:45:00+00:00,17.42,0.49,0.51,0.5,0.02,85.65,85.65,84
2026-09-02T03:28:36.891409+00:00,btc-updown-5m-1788319500,5,4050248,115350675600372766193844204598295183021629501106686109765856609213069225899558,2026-09-02T03:25:00+00:00,2026-09-02T03:30:00+00:00,1.4,0.5,0.51,0.505,0.01,5.0,207.42,58
2026-09-02T03:28:36.891409+00:00,btc-updown-5m-1788319800,5,4050257,35774223724821511203286509857972558558155398716053059287091880905188271880130,2026-09-02T03:30:00+00:00,2026-09-02T03:35:00+00:00,6.4,0.5,0.51,0.505,0.01,16.0,256.45,91
2026-09-02T03:28:36.891409+00:00,btc-updown-15m-1788318900,15,4050230,75000092962254641943586838051875310328064761907864656075218788386016890685474,2026-09-02T03:15:00+00:00,2026-09-02T03:30:00+00:00,1.4,0.46,0.52,0.49,0.06,6.52,5.0,15
2026-09-02T03:28:36.891409+00:00,btc-updown-15m-1788319800,15,4050260,76503788677626216499772709094270689031525777238283873596470886208764939981372,2026-09-02T03:30:00+00:00,2026-09-02T03:45:00+00:00,16.4,0.49,0.51,0.5,0.02,85.65,85.65,84
2026-09-02T03:29:37.817051+00:00,btc-updown-5m-1788319500,5,4050248,115350675600372766193844204598295183021629501106686109765856609213069225899558,2026-09-02T03:25:00+00:00,2026-09-02T03:30:00+00:00,0.38,0.5,0.51,0.505,0.01,5.0,207.42,58
2026-09-02T03:29:37.817051+00:00,btc-updown-5m-1788319800,5,4050257,35774223724821511203286509857972558558155398716053059287091880905188271880130,2026-09-02T03:30:00+00:00,2026-09-02T03:35:00+00:00,5.38,0.5,0.51,0.505,0.01,5.0,207.45,70
2026-09-02T03:29:37.817051+00:00,btc-updown-15m-1788318900,15,4050230,75000092962254641943586838051875310328064761907864656075218788386016890685474,2026-09-02T03:15:00+00:00,2026-09-02T03:30:00+00:00,0.38,0.46,0.52,0.49,0.06,6.52,5.0,15
2026-09-02T03:29:37.817051+00:00,btc-updown-15m-1788319800,15,4050260,76503788677626216499772709094270689031525777238283873596470886208764939981372,2026-09-02T03:30:00+00:00,2026-09-02T03:45:00+00:00,15.38,0.49,0.51,0.5,0.02,35.65,35.65,57
2026-09-02T03:30:38.750152+00:00,btc-updown-5m-1788319800,5,4050257,35774223724821511203286509857972558558155398716053059287091880905188271880130,2026-09-02T03:30:00+00:00,2026-09-02T03:35:00+00:00,4.37,0.5,0.51,0.505,0.01,5.0,207.45,58
2026-09-02T03:30:38.750152+00:00,btc-updown-5m-1788320100,5,4050318,22716572066510642071194778445831565395533302305482670568322858697439602321947,2026-09-02T03:35:00+00:00,2026-09-02T03:40:00+00:00,9.37,0.5,0.51,0.505,0.01,11.0,291.44,93
2026-09-02T03:30:38.750152+00:00,btc-updown-15m-1788319800,15,4050260,76503788677626216499772709094270689031525777238283873596470886208764939981372,2026-09-02T03:30:00+00:00,2026-09-02T03:45:00+00:00,14.37,0.46,0.52,0.49,0.06,6.52,5.0,27
2026-09-02T03:30:38.750152+00:00,btc-updown-15m-1788320700,15,4050568,51063013012085382430493359616647037704388243263445139075310058253195031179692,2026-09-02T03:45:00+00:00,2026-09-02T04:00:00+00:00,29.37,0.49,0.51,0.5,0.02,85.87,85.87,90
2026-09-02T03:31:39.689940+00:00,btc-updown-5m-1788319800,5,4050257,35774223724821511203286509857972558558155398716053059287091880905188271880130,2026-09-02T03:30:00+00:00,2026-09-02T03:35:00+00:00,3.35,0.5,0.51,0.505,0.01,5.0,207.45,58
2026-09-02T03:31:39.689940+00:00,btc-updown-5m-1788320100,5,4050318,22716572066510642071194778445831565395533302305482670568322858697439602321947,2026-09-02T03:35:00+00:00,2026-09-02T03:40:00+00:00,8.35,0.5,0.51,0.505,0.01,11.0,291.44,93
2026-09-02T03:31:39.689940+00:00,btc-updown-15m-1788319800,15,4050260,76503788677626216499772709094270689031525777238283873596470886208764939981372,2026-09-02T03:30:00+00:00,2026-09-02T03:45:00+00:00,13.35,0.46,0.52,0.49,0.06,6.52,5.0,27
2026-09-02T03:31:39.689940+00:00,btc-updown-15m-1788320700,15,4050568,51063013012085382430493359616647037704388243263445139075310058253195031179692,2026-09-02T03:45:00+00:00,2026-09-02T04:00:00+00:00,28.35,0.49,0.51,0.5,0.02,85.87,85.87,90
2026-09-02T03:32:40.609594+00:00,btc-updown-5m-1788319800,5,4050257,35774223724821511203286509857972558558155398716053059287091880905188271880130,2026-09-02T03:30:00+00:00,2026-09-02T03:35:00+00:00,2.33,0.5,0.51,0.505,0.01,5.0,207.45,58
2026-09-02T03:32:40.609594+00:00,btc-updown-5m-1788320100,5,4050318,22716572066510642071194778445831565395533302305482670568322858697439602321947,2026-09-02T03:35:00+00:00,2026-09-02T03:40:00+00:00,7.33,0.5,0.51,0.505,0.01,11.0,291.44,91
2026-09-02T03:32:40.609594+00:00,btc-updown-15m-1788319800,15,4050260,76503788677626216499772709094270689031525777238283873596470886208764939981372,2026-09-02T03:30:00+00:00,2026-09-02T03:45:00+00:00,12.33,0.46,0.52,0.49,0.06,6.52,5.0,15
2026-09-02T03:32:40.609594+00:00,btc-updown-15m-1788320700,15,4050568,51063013012085382430493359616647037704388243263445139075310058253195031179692,2026-09-02T03:45:00+00:00,2026-09-02T04:00:00+00:00,27.33,0.49,0.51,0.5,0.02,85.87,85.87,90
2026-09-02T03:33:41.546788+00:00,btc-updown-5m-1788319800,5,4050257,35774223724821511203286509857972558558155398716053059287091880905188271880130,2026-09-02T03:30:00+00:00,2026-09-02T03:35:00+00:00,1.32,0.5,0.51,0.505,0.01,5.0,207.45,58
2026-09-02T03:33:41.546788+00:00,btc-updown-5m-1788320100,5,4050318,22716572066510642071194778445831565395533302305482670568322858697439602321947,2026-09-02T03:35:00+00:00,2026-09-02T03:40:00+00:00,6.32,0.5,0.51,0.505,0.01,11.0,281.44,91
2026-09-02T03:33:41.546788+00:00,btc-updown-15m-1788319800,15,4050260,76503788677626216499772709094270689031525777238283873596470886208764939981372,2026-09-02T03:30:00+00:00,2026-09-02T03:45:00+00:00,11.32,0.46,0.52,0.49,0.06,6.52,5.0,15
2026-09-02T03:33:41.546788+00:00,btc-updown-15m-1788320700,15,4050568,51063013012085382430493359616647037704388243263445139075310058253195031179692,2026-09-02T03:45:00+00:00,2026-09-02T04:00:00+00:00,26.32,0.49,0.51,0.5,0.02,85.87,85.87,88
2026-09-02T03:34:42.451712+00:00,btc-updown-5m-1788319800,5,4050257,35774223724821511203286509857972558558155398716053059287091880905188271880130,2026-09-02T03:30:00+00:00,2026-09-02T03:35:00+00:00,0.3,0.5,0.51,0.505,0.01,5.0,207.45,58
2026-09-02T03:34:42.451712+00:00,btc-updown-5m-1788320100,5,4050318,22716572066510642071194778445831565395533302305482670568322858697439602321947,2026-09-02T03:35:00+00:00,2026-09-02T03:40:00+00:00,5.3,0.49,0.51,0.5,0.02,202.44,232.44,69
2026-09-02T03:34:42.451712+00:00,btc-updown-15m-1788319800,15,4050260,76503788677626216499772709094270689031525777238283873596470886208764939981372,2026-09-02T03:30:00+00:00,2026-09-02T03:45:00+00:00,10.3,0.46,0.52,0.49,0.06,6.52,5.0,15
2026-09-02T03:34:42.451712+00:00,btc-updown-15m-1788320700,15,4050568,51063013012085382430493359616647037704388243263445139075310058253195031179692,2026-09-02T03:45:00+00:00,2026-09-02T04:00:00+00:00,25.3,0.49,0.51,0.5,0.02,85.87,85.87,88
2026-09-02T03:35:43.361124+00:00,btc-updown-5m-1788320100,5,4050318,22716572066510642071194778445831565395533302305482670568322858697439602321947,2026-09-02T03:35:00+00:00,2026-09-02T03:40:00+00:00,4.28,0.49,0.51,0.5,0.02,202.44,232.44,57
2026-09-02T03:35:43.361124+00:00,btc-updown-5m-1788320400,5,4050553,42306379893365235841900105419087281199849047098444680497534233627920924793206,2026-09-02T03:40:00+00:00,2026-09-02T03:45:00+00:00,9.28,0.5,0.51,0.505,0.01,11.0,260.58,87
2026-09-02T03:35:43.361124+00:00,btc-updown-15m-1788319800,15,4050260,76503788677626216499772709094270689031525777238283873596470886208764939981372,2026-09-02T03:30:00+00:00,2026-09-02T03:45:00+00:00,9.28,0.46,0.52,0.49,0.06,6.52,5.0,15
2026-09-02T03:35:43.361124+00:00,btc-updown-15m-1788320700,15,4050568,51063013012085382430493359616647037704388243263445139075310058253195031179692,2026-09-02T03:45:00+00:00,2026-09-02T04:00:00+00:00,24.28,0.49,0.51,0.5,0.02,85.87,85.87,88
2026-09-02T03:36:44.273389+00:00,btc-updown-5m-1788320100,5,4050318,22716572066510642071194778445831565395533302305482670568322858697439602321947,2026-09-02T03:35:00+00:00,2026-09-02T03:40:00+00:00,3.27,0.49,0.51,0.5,0.02,202.44,232.44,57
2026-09-02T03:36:44.273389+00:00,btc-updown-5m-1788320400,5,4050553,42306379893365235841900105419087281199849047098444680497534233627920924793206,2026-09-02T03:40:00+00:00,2026-09-02T03:45:00+00:00,8.27,0.5,0.51,0.505,0.01,11.0,260.58,87
2026-09-02T03:36:44.273389+00:00,btc-updown-15m-1788319800,15,4050260,76503788677626216499772709094270689031525777238283873596470886208764939981372,2026-09-02T03:30:00+00:00,2026-09-02T03:45:00+00:00,8.27,0.46,0.52,0.49,0.06,6.52,5.0,15
2026-09-02T03:36:44.273389+00:00,btc-updown-15m-1788320700,15,4050568,51063013012085382430493359616647037704388243263445139075310058253195031179692,2026-09-02T03:45:00+00:00,2026-09-02T04:00:00+00:00,23.27,0.49,0.51,0.5,0.02,85.87,85.87,88
2026-09-02T03:37:45.208331+00:00,btc-updown-5m-1788320100,5,4050318,22716572066510642071194778445831565395533302305482670568322858697439602321947,2026-09-02T03:35:00+00:00,2026-09-02T03:40:00+00:00,2.25,0.49,0.51,0.5,0.02,202.44,232.44,57
2026-09-02T03:37:45.208331+00:00,btc-updown-5m-1788320400,5,4050553,42306379893365235841900105419087281199849047098444680497534233627920924793206,2026-09-02T03:40:00+00:00,2026-09-02T03:45:00+00:00,7.25,0.5,0.51,0.505,0.01,11.0,260.58,85
2026-09-02T03:37:45.208331+00:00,btc-updown-15m-1788319800,15,4050260,76503788677626216499772709094270689031525777238283873596470886208764939981372,2026-09-02T03:30:00+00:00,2026-09-02T03:45:00+00:00,7.25,0.46,0.52,0.49,0.06,6.52,5.0,15
2026-09-02T03:37:45.208331+00:00,btc-updown-15m-1788320700,15,4050568,51063013012085382430493359616647037704388243263445139075310058253195031179692,2026-09-02T03:45:00+00:00,2026-09-02T04:00:00+00:00,22.25,0.49,0.51,0.5,0.02,85.87,85.87,88
2026-09-02T03:38:46.136163+00:00,btc-updown-5m-1788320100,5,4050318,22716572066510642071194778445831565395533302305482670568322858697439602321947,2026-09-02T03:35:00+00:00,2026-09-02T03:40:00+00:00,1.23,0.49,0.51,0.5,0.02,202.44,232.44,57
2026-09-02T03:38:46.136163+00:00,btc-updown-5m-1788320400,5,4050553,42306379893365235841900105419087281199849047098444680497534233627920924793206,2026-09-02T03:40:00+00:00,2026-09-02T03:45:00+00:00,6.23,0.5,0.51,0.505,0.01,11.0,250.58,85
2026-09-02T03:38:46.136163+00:00,btc-updown-15m-1788319800,15,4050260,76503788677626216499772709094270689031525777238283873596470886208764939981372,2026-09-02T03:30:00+00:00,2026-09-02T03:45:00+00:00,6.23,0.46,0.52,0.49,0.06,6.52,5.0,15
2026-09-02T03:38:46.136163+00:00,btc-updown-15m-1788320700,15,4050568,51063013012085382430493359616647037704388243263445139075310058253195031179692,2026-09-02T03:45:00+00:00,2026-09-02T04:00:00+00:00,21.23,0.49,0.51,0.5,0.02,85.87,85.87,88
2026-09-02T03:39:47.074402+00:00,btc-updown-5m-1788320100,5,4050318,22716572066510642071194778445831565395533302305482670568322858697439602321947,2026-09-02T03:35:00+00:00,2026-09-02T03:40:00+00:00,0.22,0.49,0.51,0.5,0.02,202.44,232.44,57
2026-09-02T03:39:47.074402+00:00,btc-updown-5m-1788320400,5,4050553,42306379893365235841900105419087281199849047098444680497534233627920924793206,2026-09-02T03:40:00+00:00,2026-09-02T03:45:00+00:00,5.22,0.49,0.51,0.5,0.02,201.58,201.58,57
2026-09-02T03:39:47.074402+00:00,btc-updown-15m-1788319800,15,4050260,76503788677626216499772709094270689031525777238283873596470886208764939981372,2026-09-02T03:30:00+00:00,2026-09-02T03:45:00+00:00,5.22,0.46,0.52,0.49,0.06,6.52,5.0,15
2026-09-02T03:39:47.074402+00:00,btc-updown-15m-1788320700,15,4050568,51063013012085382430493359616647037704388243263445139075310058253195031179692,2026-09-02T03:45:00+00:00,2026-09-02T04:00:00+00:00,20.22,0.49,0.51,0.5,0.02,85.87,85.87,88
2026-09-02T03:40:47.998517+00:00,btc-updown-5m-1788320400,5,4050553,42306379893365235841900105419087281199849047098444680497534233627920924793206,2026-09-02T03:40:00+00:00,2026-09-02T03:45:00+00:00,4.22,0.49,0.51,0.5,0.02,201.58,201.58,57
2026-09-02T03:40:47.998517+00:00,btc-updown-5m-1788320700,5,4050566,15546169496456503884838987007335944759187208116967152647599894770114490095636,2026-09-02T03:45:00+00:00,2026-09-02T03:50:00+00:00,9.22,0.5,0.51,0.505,0.01,11.0,259.73,87
2026-09-02T03:40:47.998517+00:00,btc-updown-15m-1788319800,15,4050260,76503788677626216499772709094270689031525777238283873596470886208764939981372,2026-09-02T03:30:00+00:00,2026-09-02T03:45:00+00:00,4.22,0.46,0.52,0.49,0.06,6.52,5.0,15
2026-09-02T03:40:47.998517+00:00,btc-updown-15m-1788320700,15,4050568,51063013012085382430493359616647037704388243263445139075310058253195031179692,2026-09-02T03:45:00+00:00,2026-09-02T04:00:00+00:00,19.22,0.49,0.51,0.5,0.02,85.87,85.87,88
2026-09-02T03:41:48.941746+00:00,btc-updown-5m-1788320400,5,4050553,42306379893365235841900105419087281199849047098444680497534233627920924793206,2026-09-02T03:40:00+00:00,2026-09-02T03:45:00+00:00,3.2,0.49,0.51,0.5,0.02,201.58,201.58,57
2026-09-02T03:41:48.941746+00:00,btc-updown-5m-1788320700,5,4050566,15546169496456503884838987007335944759187208116967152647599894770114490095636,2026-09-02T03:45:00+00:00,2026-09-02T03:50:00+00:00,8.2,0.5,0.51,0.505,0.01,11.0,259.73,87
2026-09-02T03:41:48.941746+00:00,btc-updown-15m-1788319800,15,4050260,76503788677626216499772709094270689031525777238283873596470886208764939981372,2026-09-02T03:30:00+00:00,2026-09-02T03:45:00+00:00,3.2,0.46,0.52,0.49,0.06,6.52,5.0,15
2026-09-02T03:41:48.941746+00:00,btc-updown-15m-1788320700,15,4050568,51063013012085382430493359616647037704388243263445139075310058253195031179692,2026-09-02T03:45:00+00:00,2026-09-02T04:00:00+00:00,18.2,0.49,0.51,0.5,0.02,85.87,85.87,88
2026-09-02T03:42:49.872415+00:00,btc-updown-5m-1788320400,5,4050553,42306379893365235841900105419087281199849047098444680497534233627920924793206,2026-09-02T03:40:00+00:00,2026-09-02T03:45:00+00:00,2.18,0.49,0.51,0.5,0.02,201.58,201.58,57
2026-09-02T03:42:49.872415+00:00,btc-updown-5m-1788320700,5,4050566,15546169496456503884838987007335944759187208116967152647599894770114490095636,2026-09-02T03:45:00+00:00,2026-09-02T03:50:00+00:00,7.18,0.5,0.51,0.505,0.01,11.0,259.73,85
2026-09-02T03:42:49.872415+00:00,btc-updown-15m-1788319800,15,4050260,76503788677626216499772709094270689031525777238283873596470886208764939981372,2026-09-02T03:30:00+00:00,2026-09-02T03:45:00+00:00,2.18,0.46,0.52,0.49,0.06,6.52,5.0,15
2026-09-02T03:42:49.872415+00:00,btc-updown-15m-1788320700,15,4050568,51063013012085382430493359616647037704388243263445139075310058253195031179692,2026-09-02T03:45:00+00:00,2026-09-02T04:00:00+00:00,17.18,0.49,0.51,0.5,0.02,85.87,85.87,88
2026-09-02T03:43:50.874745+00:00,btc-updown-5m-1788320400,5,4050553,42306379893365235841900105419087281199849047098444680497534233627920924793206,2026-09-02T03:40:00+00:00,2026-09-02T03:45:00+00:00,1.17,0.49,0.51,0.5,0.02,201.58,201.58,57
2026-09-02T03:43:50.874745+00:00,btc-updown-5m-1788320700,5,4050566,15546169496456503884838987007335944759187208116967152647599894770114490095636,2026-09-02T03:45:00+00:00,2026-09-02T03:50:00+00:00,6.17,0.5,0.51,0.505,0.01,6.0,244.73,85
2026-09-02T03:43:50.874745+00:00,btc-updown-15m-1788319800,15,4050260,76503788677626216499772709094270689031525777238283873596470886208764939981372,2026-09-02T03:30:00+00:00,2026-09-02T03:45:00+00:00,1.17,0.46,0.52,0.49,0.06,6.52,5.0,15
2026-09-02T03:43:50.874745+00:00,btc-updown-15m-1788320700,15,4050568,51063013012085382430493359616647037704388243263445139075310058253195031179692,2026-09-02T03:45:00+00:00,2026-09-02T04:00:00+00:00,16.17,0.49,0.51,0.5,0.02,85.87,85.87,86
2026-09-02T03:44:51.890661+00:00,btc-updown-5m-1788320400,5,4050553,42306379893365235841900105419087281199849047098444680497534233627920924793206,2026-09-02T03:40:00+00:00,2026-09-02T03:45:00+00:00,0.15,0.49,0.51,0.5,0.02,201.58,201.58,57
2026-09-02T03:44:51.890661+00:00,btc-updown-5m-1788320700,5,4050566,15546169496456503884838987007335944759187208116967152647599894770114490095636,2026-09-02T03:45:00+00:00,2026-09-02T03:50:00+00:00,5.15,0.49,0.51,0.5,0.02,200.73,200.73,57
2026-09-02T03:44:51.890661+00:00,btc-updown-15m-1788319800,15,4050260,76503788677626216499772709094270689031525777238283873596470886208764939981372,2026-09-02T03:30:00+00:00,2026-09-02T03:45:00+00:00,0.15,0.46,0.52,0.49,0.06,6.52,5.0,15
2026-09-02T03:44:51.890661+00:00,btc-updown-15m-1788320700,15,4050568,51063013012085382430493359616647037704388243263445139075310058253195031179692,2026-09-02T03:45:00+00:00,2026-09-02T04:00:00+00:00,15.15,0.49,0.51,0.5,0.02,35.87,35.87,52
2026-09-02T03:45:52.856635+00:00,btc-updown-5m-1788320700,5,4050566,15546169496456503884838987007335944759187208116967152647599894770114490095636,2026-09-02T03:45:00+00:00,2026-09-02T03:50:00+00:00,4.13,0.49,0.51,0.5,0.02,200.73,200.73,57
2026-09-02T03:45:52.856635+00:00,btc-updown-5m-1788321000,5,4050579,30347912623951253861685996129438693527853088678689240286251453692505935924688,2026-09-02T03:50:00+00:00,2026-09-02T03:55:00+00:00,9.13,0.5,0.51,0.505,0.01,11.0,260.06,87
2026-09-02T03:45:52.856635+00:00,btc-updown-15m-1788320700,15,4050568,51063013012085382430493359616647037704388243263445139075310058253195031179692,2026-09-02T03:45:00+00:00,2026-09-02T04:00:00+00:00,14.13,0.46,0.52,0.49,0.06,6.52,5.0,25
2026-09-02T03:45:52.856635+00:00,btc-updown-15m-1788321600,15,4050820,23926128738076337637437643319946476922382919844485849150982410631750144692385,2026-09-02T04:00:00+00:00,2026-09-02T04:15:00+00:00,29.13,0.49,0.51,0.5,0.02,85.41,85.41,88
2026-09-02T03:46:53.778481+00:00,btc-updown-5m-1788320700,5,4050566,15546169496456503884838987007335944759187208116967152647599894770114490095636,2026-09-02T03:45:00+00:00,2026-09-02T03:50:00+00:00,3.12,0.49,0.51,0.5,0.02,200.73,200.73,57
2026-09-02T03:46:53.778481+00:00,btc-updown-5m-1788321000,5,4050579,30347912623951253861685996129438693527853088678689240286251453692505935924688,2026-09-02T03:50:00+00:00,2026-09-02T03:55:00+00:00,8.12,0.5,0.51,0.505,0.01,11.0,260.06,87
2026-09-02T03:46:53.778481+00:00,btc-updown-15m-1788320700,15,4050568,51063013012085382430493359616647037704388243263445139075310058253195031179692,2026-09-02T03:45:00+00:00,2026-09-02T04:00:00+00:00,13.12,0.46,0.52,0.49,0.06,6.52,5.0,25
2026-09-02T03:46:53.778481+00:00,btc-updown-15m-1788321600,15,4050820,23926128738076337637437643319946476922382919844485849150982410631750144692385,2026-09-02T04:00:00+00:00,2026-09-02T04:15:00+00:00,28.12,0.49,0.51,0.5,0.02,85.41,85.41,88
2026-09-02T03:47:54.723754+00:00,btc-updown-5m-1788320700,5,4050566,15546169496456503884838987007335944759187208116967152647599894770114490095636,2026-09-02T03:45:00+00:00,2026-09-02T03:50:00+00:00,2.1,0.49,0.51,0.5,0.02,200.73,200.73,57
2026-09-02T03:47:54.723754+00:00,btc-updown-5m-1788321000,5,4050579,30347912623951253861685996129438693527853088678689240286251453692505935924688,2026-09-02T03:50:00+00:00,2026-09-02T03:55:00+00:00,7.1,0.5,0.51,0.505,0.01,11.0,260.06,85
2026-09-02T03:47:54.723754+00:00,btc-updown-15m-1788320700,15,4050568,51063013012085382430493359616647037704388243263445139075310058253195031179692,2026-09-02T03:45:00+00:00,2026-09-02T04:00:00+00:00,12.1,0.46,0.52,0.49,0.06,6.52,5.0,13
2026-09-02T03:47:54.723754+00:00,btc-updown-15m-1788321600,15,4050820,23926128738076337637437643319946476922382919844485849150982410631750144692385,2026-09-02T04:00:00+00:00,2026-09-02T04:15:00+00:00,27.1,0.49,0.51,0.5,0.02,85.41,85.41,88
2026-09-02T03:48:55.638181+00:00,btc-updown-5m-1788320700,5,4050566,15546169496456503884838987007335944759187208116967152647599894770114490095636,2026-09-02T03:45:00+00:00,2026-09-02T03:50:00+00:00,1.08,0.49,0.51,0.5,0.02,200.73,200.73,57
2026-09-02T03:48:55.638181+00:00,btc-updown-5m-1788321000,5,4050579,30347912623951253861685996129438693527853088678689240286251453692505935924688,2026-09-02T03:50:00+00:00,2026-09-02T03:55:00+00:00,6.08,0.5,0.51,0.505,0.01,6.0,245.06,85
2026-09-02T03:48:55.638181+00:00,btc-updown-15m-1788320700,15,4050568,51063013012085382430493359616647037704388243263445139075310058253195031179692,2026-09-02T03:45:00+00:00,2026-09-02T04:00:00+00:00,11.08,0.46,0.52,0.49,0.06,6.52,5.0,13
2026-09-02T03:48:55.638181+00:00,btc-updown-15m-1788321600,15,4050820,23926128738076337637437643319946476922382919844485849150982410631750144692385,2026-09-02T04:00:00+00:00,2026-09-02T04:15:00+00:00,26.08,0.49,0.51,0.5,0.02,85.41,85.41,88
2026-09-02T03:49:56.553692+00:00,btc-updown-5m-1788320700,5,4050566,15546169496456503884838987007335944759187208116967152647599894770114490095636,2026-09-02T03:45:00+00:00,2026-09-02T03:50:00+00:00,0.07,0.49,0.51,0.5,0.02,200.73,200.73,57
2026-09-02T03:49:56.553692+00:00,btc-updown-5m-1788321000,5,4050579,30347912623951253861685996129438693527853088678689240286251453692505935924688,2026-09-02T03:50:00+00:00,2026-09-02T03:55:00+00:00,5.07,0.49,0.51,0.5,0.02,201.06,201.06,57
2026-09-02T03:49:56.553692+00:00,btc-updown-15m-1788320700,15,4050568,51063013012085382430493359616647037704388243263445139075310058253195031179692,2026-09-02T03:45:00+00:00,2026-09-02T04:00:00+00:00,10.07,0.46,0.52,0.49,0.06,6.52,5.0,13
2026-09-02T03:49:56.553692+00:00,btc-updown-15m-1788321600,15,4050820,23926128738076337637437643319946476922382919844485849150982410631750144692385,2026-09-02T04:00:00+00:00,2026-09-02T04:15:00+00:00,25.07,0.49,0.51,0.5,0.02,85.41,85.41,88
2026-09-02T03:50:57.485149+00:00,btc-updown-5m-1788321000,5,4050579,30347912623951253861685996129438693527853088678689240286251453692505935924688,2026-09-02T03:50:00+00:00,2026-09-02T03:55:00+00:00,4.05,0.49,0.51,0.5,0.02,201.06,201.06,57
2026-09-02T03:50:57.485149+00:00,btc-updown-5m-1788321300,5,4050787,33263446340601826170174392813102258918612398910110298526299371552803683496341,2026-09-02T03:55:00+00:00,2026-09-02T04:00:00+00:00,9.05,0.5,0.51,0.505,0.01,11.0,252.08,87
2026-09-02T03:50:57.485149+00:00,btc-updown-15m-1788320700,15,4050568,51063013012085382430493359616647037704388243263445139075310058253195031179692,2026-09-02T03:45:00+00:00,2026-09-02T04:00:00+00:00,9.05,0.46,0.52,0.49,0.06,6.52,5.0,13
2026-09-02T03:50:57.485149+00:00,btc-updown-15m-1788321600,15,4050820,23926128738076337637437643319946476922382919844485849150982410631750144692385,2026-09-02T04:00:00+00:00,2026-09-02T04:15:00+00:00,24.05,0.49,0.51,0.5,0.02,85.41,85.41,88
2026-09-02T03:51:58.413469+00:00,btc-updown-5m-1788321000,5,4050579,30347912623951253861685996129438693527853088678689240286251453692505935924688,2026-09-02T03:50:00+00:00,2026-09-02T03:55:00+00:00,3.03,0.49,0.51,0.5,0.02,201.06,201.06,57
2026-09-02T03:51:58.413469+00:00,btc-updown-5m-1788321300,5,4050787,33263446340601826170174392813102258918612398910110298526299371552803683496341,2026-09-02T03:55:00+00:00,2026-09-02T04:00:00+00:00,8.03,0.5,0.51,0.505,0.01,11.0,252.08,87
2026-09-02T03:51:58.413469+00:00,btc-updown-15m-1788320700,15,4050568,51063013012085382430493359616647037704388243263445139075310058253195031179692,2026-09-02T03:45:00+00:00,2026-09-02T04:00:00+00:00,8.03,0.46,0.52,0.49,0.06,6.52,5.0,13
2026-09-02T03:51:58.413469+00:00,btc-updown-15m-1788321600,15,4050820,23926128738076337637437643319946476922382919844485849150982410631750144692385,2026-09-02T04:00:00+00:00,2026-09-02T04:15:00+00:00,23.03,0.49,0.51,0.5,0.02,85.41,85.41,88
2026-09-02T03:52:59.412991+00:00,btc-updown-5m-1788321000,5,4050579,30347912623951253861685996129438693527853088678689240286251453692505935924688,2026-09-02T03:50:00+00:00,2026-09-02T03:55:00+00:00,2.02,0.49,0.51,0.5,0.02,201.06,201.06,57
2026-09-02T03:52:59.412991+00:00,btc-updown-5m-1788321300,5,4050787,33263446340601826170174392813102258918612398910110298526299371552803683496341,2026-09-02T03:55:00+00:00,2026-09-02T04:00:00+00:00,7.02,0.5,0.51,0.505,0.01,11.0,252.08,85
2026-09-02T03:52:59.412991+00:00,btc-updown-15m-1788320700,15,4050568,51063013012085382430493359616647037704388243263445139075310058253195031179692,2026-09-02T03:45:00+00:00,2026-09-02T04:00:00+00:00,7.02,0.46,0.52,0.49,0.06,6.52,5.0,13
2026-09-02T03:52:59.412991+00:00,btc-updown-15m-1788321600,15,4050820,23926128738076337637437643319946476922382919844485849150982410631750144692385,2026-09-02T04:00:00+00:00,2026-09-02T04:15:00+00:00,22.02,0.49,0.51,0.5,0.02,85.41,85.41,88
2026-09-02T03:54:00.333350+00:00,btc-updown-5m-1788321000,5,4050579,30347912623951253861685996129438693527853088678689240286251453692505935924688,2026-09-02T03:50:00+00:00,2026-09-02T03:55:00+00:00,1.0,0.49,0.51,0.5,0.02,201.06,201.06,57
2026-09-02T03:54:00.333350+00:00,btc-updown-5m-1788321300,5,4050787,33263446340601826170174392813102258918612398910110298526299371552803683496341,2026-09-02T03:55:00+00:00,2026-09-02T04:00:00+00:00,6.0,0.5,0.51,0.505,0.01,6.0,199.08,76
2026-09-02T03:54:00.333350+00:00,btc-updown-15m-1788320700,15,4050568,51063013012085382430493359616647037704388243263445139075310058253195031179692,2026-09-02T03:45:00+00:00,2026-09-02T04:00:00+00:00,6.0,0.46,0.52,0.49,0.06,6.52,5.0,13
2026-09-02T03:54:00.333350+00:00,btc-updown-15m-1788321600,15,4050820,23926128738076337637437643319946476922382919844485849150982410631750144692385,2026-09-02T04:00:00+00:00,2026-09-02T04:15:00+00:00,21.0,0.49,0.51,0.5,0.02,85.41,85.41,88
2026-09-02T03:55:01.270572+00:00,btc-updown-5m-1788321300,5,4050787,33263446340601826170174392813102258918612398910110298526299371552803683496341,2026-09-02T03:55:00+00:00,2026-09-02T04:00:00+00:00,4.98,0.49,0.51,0.5,0.02,193.08,193.08,57
2026-09-02T03:55:01.270572+00:00,btc-updown-5m-1788321600,5,4050823,36872989967630398323477069760206265664958433425461276896181499713617486817574,2026-09-02T04:00:00+00:00,2026-09-02T04:05:00+00:00,9.98,0.5,0.51,0.505,0.01,11.0,252.09,89
2026-09-02T03:55:01.270572+00:00,btc-updown-15m-1788320700,15,4050568,51063013012085382430493359616647037704388243263445139075310058253195031179692,2026-09-02T03:45:00+00:00,2026-09-02T04:00:00+00:00,4.98,0.46,0.52,0.49,0.06,6.52,5.0,13
2026-09-02T03:55:01.270572+00:00,btc-updown-15m-1788321600,15,4050820,23926128738076337637437643319946476922382919844485849150982410631750144692385,2026-09-02T04:00:00+00:00,2026-09-02T04:15:00+00:00,19.98,0.49,0.51,0.5,0.02,85.41,85.41,88
2026-09-02T03:56:02.188775+00:00,btc-updown-5m-1788321300,5,4050787,33263446340601826170174392813102258918612398910110298526299371552803683496341,2026-09-02T03:55:00+00:00,2026-09-02T04:00:00+00:00,3.97,0.49,0.51,0.5,0.02,193.08,193.08,57
2026-09-02T03:56:02.188775+00:00,btc-updown-5m-1788321600,5,4050823,36872989967630398323477069760206265664958433425461276896181499713617486817574,2026-09-02T04:00:00+00:00,2026-09-02T04:05:00+00:00,8.97,0.5,0.51,0.505,0.01,11.0,252.09,87
2026-09-02T03:56:02.188775+00:00,btc-updown-15m-1788320700,15,4050568,51063013012085382430493359616647037704388243263445139075310058253195031179692,2026-09-02T03:45:00+00:00,2026-09-02T04:00:00+00:00,3.97,0.46,0.52,0.49,0.06,6.52,5.0,13
2026-09-02T03:56:02.188775+00:00,btc-updown-15m-1788321600,15,4050820,23926128738076337637437643319946476922382919844485849150982410631750144692385,2026-09-02T04:00:00+00:00,2026-09-02T04:15:00+00:00,18.97,0.49,0.51,0.5,0.02,85.41,85.41,88
2026-09-02T03:57:03.122785+00:00,btc-updown-5m-1788321300,5,4050787,33263446340601826170174392813102258918612398910110298526299371552803683496341,2026-09-02T03:55:00+00:00,2026-09-02T04:00:00+00:00,2.95,0.49,0.51,0.5,0.02,193.08,193.08,57
2026-09-02T03:57:03.122785+00:00,btc-updown-5m-1788321600,5,4050823,36872989967630398323477069760206265664958433425461276896181499713617486817574,2026-09-02T04:00:00+00:00,2026-09-02T04:05:00+00:00,7.95,0.5,0.51,0.505,0.01,11.0,252.09,85
2026-09-02T03:57:03.122785+00:00,btc-updown-15m-1788320700,15,4050568,51063013012085382430493359616647037704388243263445139075310058253195031179692,2026-09-02T03:45:00+00:00,2026-09-02T04:00:00+00:00,2.95,0.46,0.52,0.49,0.06,6.52,5.0,13
2026-09-02T03:57:03.122785+00:00,btc-updown-15m-1788321600,15,4050820,23926128738076337637437643319946476922382919844485849150982410631750144692385,2026-09-02T04:00:00+00:00,2026-09-02T04:15:00+00:00,17.95,0.49,0.51,0.5,0.02,85.41,85.41,88
2026-09-02T03:58:04.061787+00:00,btc-updown-5m-1788321300,5,4050787,33263446340601826170174392813102258918612398910110298526299371552803683496341,2026-09-02T03:55:00+00:00,2026-09-02T04:00:00+00:00,1.93,0.49,0.51,0.5,0.02,193.08,193.08,57
2026-09-02T03:58:04.061787+00:00,btc-updown-5m-1788321600,5,4050823,36872989967630398323477069760206265664958433425461276896181499713617486817574,2026-09-02T04:00:00+00:00,2026-09-02T04:05:00+00:00,6.93,0.5,0.51,0.505,0.01,11.0,242.09,85
2026-09-02T03:58:04.061787+00:00,btc-updown-15m-1788320700,15,4050568,51063013012085382430493359616647037704388243263445139075310058253195031179692,2026-09-02T03:45:00+00:00,2026-09-02T04:00:00+00:00,1.93,0.46,0.52,0.49,0.06,6.52,5.0,13
2026-09-02T03:58:04.061787+00:00,btc-updown-15m-1788321600,15,4050820,23926128738076337637437643319946476922382919844485849150982410631750144692385,2026-09-02T04:00:00+00:00,2026-09-02T04:15:00+00:00,16.93,0.49,0.51,0.5,0.02,85.41,85.41,88
2026-09-02T03:59:04.994435+00:00,btc-updown-5m-1788321300,5,4050787,33263446340601826170174392813102258918612398910110298526299371552803683496341,2026-09-02T03:55:00+00:00,2026-09-02T04:00:00+00:00,0.93,0.49,0.51,0.5,0.02,193.08,193.08,57
2026-09-02T03:59:04.994435+00:00,btc-updown-5m-1788321600,5,4050823,36872989967630398323477069760206265664958433425461276896181499713617486817574,2026-09-02T04:00:00+00:00,2026-09-02T04:05:00+00:00,5.93,0.49,0.51,0.5,0.02,193.09,193.09,73
2026-09-02T03:59:04.994435+00:00,btc-updown-15m-1788320700,15,4050568,51063013012085382430493359616647037704388243263445139075310058253195031179692,2026-09-02T03:45:00+00:00,2026-09-02T04:00:00+00:00,0.93,0.46,0.52,0.49,0.06,6.52,5.0,13
2026-09-02T03:59:04.994435+00:00,btc-updown-15m-1788321600,15,4050820,23926128738076337637437643319946476922382919844485849150982410631750144692385,2026-09-02T04:00:00+00:00,2026-09-02T04:15:00+00:00,15.93,0.49,0.51,0.5,0.02,35.41,35.41,61
2026-09-02T04:00:05.902256+00:00,btc-updown-5m-1788321600,5,4050823,36872989967630398323477069760206265664958433425461276896181499713617486817574,2026-09-02T04:00:00+00:00,2026-09-02T04:05:00+00:00,4.92,0.49,0.51,0.5,0.02,193.09,193.09,57
2026-09-02T04:00:05.902256+00:00,btc-updown-5m-1788321900,5,4050846,91753831937812712729711443842335838361190070295194206045156328388311215600974,2026-09-02T04:05:00+00:00,2026-09-02T04:10:00+00:00,9.92,0.5,0.51,0.505,0.01,11.0,252.09,89
2026-09-02T04:00:05.902256+00:00,btc-updown-15m-1788321600,15,4050820,23926128738076337637437643319946476922382919844485849150982410631750144692385,2026-09-02T04:00:00+00:00,2026-09-02T04:15:00+00:00,14.92,0.46,0.52,0.49,0.06,6.52,5.0,25
2026-09-02T04:00:05.902256+00:00,btc-updown-15m-1788322500,15,4050950,112872319133716001037445922054988347548237330666922720321995853475344950299022,2026-09-02T04:15:00+00:00,2026-09-02T04:30:00+00:00,29.92,0.49,0.51,0.5,0.02,105.43,105.43,90
2026-09-02T04:01:06.957328+00:00,btc-updown-5m-1788321600,5,4050823,36872989967630398323477069760206265664958433425461276896181499713617486817574,2026-09-02T04:00:00+00:00,2026-09-02T04:05:00+00:00,3.9,0.49,0.51,0.5,0.02,193.09,193.09,57
2026-09-02T04:01:06.957328+00:00,btc-updown-5m-1788321900,5,4050846,91753831937812712729711443842335838361190070295194206045156328388311215600974,2026-09-02T04:05:00+00:00,2026-09-02T04:10:00+00:00,8.9,0.5,0.51,0.505,0.01,11.0,252.09,87
2026-09-02T04:01:06.957328+00:00,btc-updown-15m-1788321600,15,4050820,23926128738076337637437643319946476922382919844485849150982410631750144692385,2026-09-02T04:00:00+00:00,2026-09-02T04:15:00+00:00,13.9,0.46,0.52,0.49,0.06,6.52,5.0,25
2026-09-02T04:01:06.957328+00:00,btc-updown-15m-1788322500,15,4050950,112872319133716001037445922054988347548237330666922720321995853475344950299022,2026-09-02T04:15:00+00:00,2026-09-02T04:30:00+00:00,28.9,0.49,0.51,0.5,0.02,105.43,105.43,90
2026-09-02T04:02:07.888454+00:00,btc-updown-5m-1788321600,5,4050823,36872989967630398323477069760206265664958433425461276896181499713617486817574,2026-09-02T04:00:00+00:00,2026-09-02T04:05:00+00:00,2.88,0.49,0.51,0.5,0.02,193.09,193.09,57
2026-09-02T04:02:07.888454+00:00,btc-updown-5m-1788321900,5,4050846,91753831937812712729711443842335838361190070295194206045156328388311215600974,2026-09-02T04:05:00+00:00,2026-09-02T04:10:00+00:00,7.88,0.5,0.51,0.505,0.01,11.0,252.09,85
2026-09-02T04:02:07.888454+00:00,btc-updown-15m-1788321600,15,4050820,23926128738076337637437643319946476922382919844485849150982410631750144692385,2026-09-02T04:00:00+00:00,2026-09-02T04:15:00+00:00,12.88,0.46,0.52,0.49,0.06,6.52,5.0,13
2026-09-02T04:02:07.888454+00:00,btc-updown-15m-1788322500,15,4050950,112872319133716001037445922054988347548237330666922720321995853475344950299022,2026-09-02T04:15:00+00:00,2026-09-02T04:30:00+00:00,27.88,0.49,0.51,0.5,0.02,105.43,105.43,90
2026-09-02T04:03:08.856631+00:00,btc-updown-5m-1788321600,5,4050823,36872989967630398323477069760206265664958433425461276896181499713617486817574,2026-09-02T04:00:00+00:00,2026-09-02T04:05:00+00:00,1.87,0.49,0.51,0.5,0.02,193.09,193.09,57
2026-09-02T04:03:08.856631+00:00,btc-updown-5m-1788321900,5,4050846,91753831937812712729711443842335838361190070295194206045156328388311215600974,2026-09-02T04:05:00+00:00,2026-09-02T04:10:00+00:00,6.87,0.5,0.51,0.505,0.01,11.0,242.09,85
2026-09-02T04:03:08.856631+00:00,btc-updown-15m-1788321600,15,4050820,23926128738076337637437643319946476922382919844485849150982410631750144692385,2026-09-02T04:00:00+00:00,2026-09-02T04:15:00+00:00,11.87,0.46,0.52,0.49,0.06,6.52,5.0,13
2026-09-02T04:03:08.856631+00:00,btc-updown-15m-1788322500,15,4050950,112872319133716001037445922054988347548237330666922720321995853475344950299022,2026-09-02T04:15:00+00:00,2026-09-02T04:30:00+00:00,26.87,0.49,0.51,0.5,0.02,105.43,105.43,90
2026-09-02T04:04:09.824249+00:00,btc-updown-5m-1788321600,5,4050823,36872989967630398323477069760206265664958433425461276896181499713617486817574,2026-09-02T04:00:00+00:00,2026-09-02T04:05:00+00:00,0.85,0.49,0.51,0.5,0.02,193.09,193.09,57
2026-09-02T04:04:09.824249+00:00,btc-updown-5m-1788321900,5,4050846,91753831937812712729711443842335838361190070295194206045156328388311215600974,2026-09-02T04:05:00+00:00,2026-09-02T04:10:00+00:00,5.85,0.49,0.51,0.5,0.02,193.09,193.09,69
2026-09-02T04:04:09.824249+00:00,btc-updown-15m-1788321600,15,4050820,23926128738076337637437643319946476922382919844485849150982410631750144692385,2026-09-02T04:00:00+00:00,2026-09-02T04:15:00+00:00,10.85,0.46,0.52,0.49,0.06,6.52,5.0,13
2026-09-02T04:04:09.824249+00:00,btc-updown-15m-1788322500,15,4050950,112872319133716001037445922054988347548237330666922720321995853475344950299022,2026-09-02T04:15:00+00:00,2026-09-02T04:30:00+00:00,25.85,0.49,0.51,0.5,0.02,85.43,85.43,88
2026-09-02T04:05:10.784374+00:00,btc-updown-5m-1788321900,5,4050846,91753831937812712729711443842335838361190070295194206045156328388311215600974,2026-09-02T04:05:00+00:00,2026-09-02T04:10:00+00:00,4.83,0.49,0.51,0.5,0.02,193.09,193.09,57
2026-09-02T04:05:10.784374+00:00,btc-updown-5m-1788322200,5,4050871,102051349990046004032295557299905869073245934881201074660747367466687379608974,2026-09-02T04:10:00+00:00,2026-09-02T04:15:00+00:00,9.83,0.5,0.51,0.505,0.01,11.0,252.09,89
2026-09-02T04:05:10.784374+00:00,btc-updown-15m-1788321600,15,4050820,23926128738076337637437643319946476922382919844485849150982410631750144692385,2026-09-02T04:00:00+00:00,2026-09-02T04:15:00+00:00,9.83,0.46,0.52,0.49,0.06,6.52,5.0,13
2026-09-02T04:05:10.784374+00:00,btc-updown-15m-1788322500,15,4050950,112872319133716001037445922054988347548237330666922720321995853475344950299022,2026-09-02T04:15:00+00:00,2026-09-02T04:30:00+00:00,24.83,0.49,0.51,0.5,0.02,85.43,85.43,86
2026-09-02T04:06:11.851872+00:00,btc-updown-5m-1788321900,5,4050846,91753831937812712729711443842335838361190070295194206045156328388311215600974,2026-09-02T04:05:00+00:00,2026-09-02T04:10:00+00:00,3.82,0.49,0.51,0.5,0.02,193.09,193.09,57
2026-09-02T04:06:11.851872+00:00,btc-updown-5m-1788322200,5,4050871,102051349990046004032295557299905869073245934881201074660747367466687379608974,2026-09-02T04:10:00+00:00,2026-09-02T04:15:00+00:00,8.82,0.5,0.51,0.505,0.01,11.0,252.09,87
2026-09-02T04:06:11.851872+00:00,btc-updown-15m-1788321600,15,4050820,23926128738076337637437643319946476922382919844485849150982410631750144692385,2026-09-02T04:00:00+00:00,2026-09-02T04:15:00+00:00,8.82,0.46,0.52,0.49,0.06,6.52,5.0,13
2026-09-02T04:06:11.851872+00:00,btc-updown-15m-1788322500,15,4050950,112872319133716001037445922054988347548237330666922720321995853475344950299022,2026-09-02T04:15:00+00:00,2026-09-02T04:30:00+00:00,23.82,0.49,0.51,0.5,0.02,85.43,85.43,86
2026-09-02T04:07:12.796293+00:00,btc-updown-5m-1788321900,5,4050846,91753831937812712729711443842335838361190070295194206045156328388311215600974,2026-09-02T04:05:00+00:00,2026-09-02T04:10:00+00:00,2.8,0.49,0.51,0.5,0.02,193.09,193.09,57
2026-09-02T04:07:12.796293+00:00,btc-updown-5m-1788322200,5,4050871,102051349990046004032295557299905869073245934881201074660747367466687379608974,2026-09-02T04:10:00+00:00,2026-09-02T04:15:00+00:00,7.8,0.5,0.51,0.505,0.01,11.0,252.09,85
2026-09-02T04:07:12.796293+00:00,btc-updown-15m-1788321600,15,4050820,23926128738076337637437643319946476922382919844485849150982410631750144692385,2026-09-02T04:00:00+00:00,2026-09-02T04:15:00+00:00,7.8,0.46,0.52,0.49,0.06,6.52,5.0,13
2026-09-02T04:07:12.796293+00:00,btc-updown-15m-1788322500,15,4050950,112872319133716001037445922054988347548237330666922720321995853475344950299022,2026-09-02T04:15:00+00:00,2026-09-02T04:30:00+00:00,22.8,0.49,0.51,0.5,0.02,85.43,85.43,86
2026-09-02T04:08:13.721014+00:00,btc-updown-5m-1788321900,5,4050846,91753831937812712729711443842335838361190070295194206045156328388311215600974,2026-09-02T04:05:00+00:00,2026-09-02T04:10:00+00:00,1.78,0.49,0.51,0.5,0.02,193.09,193.09,57
2026-09-02T04:08:13.721014+00:00,btc-updown-5m-1788322200,5,4050871,102051349990046004032295557299905869073245934881201074660747367466687379608974,2026-09-02T04:10:00+00:00,2026-09-02T04:15:00+00:00,6.78,0.5,0.51,0.505,0.01,11.0,242.09,85
2026-09-02T04:08:13.721014+00:00,btc-updown-15m-1788321600,15,4050820,23926128738076337637437643319946476922382919844485849150982410631750144692385,2026-09-02T04:00:00+00:00,2026-09-02T04:15:00+00:00,6.78,0.46,0.52,0.49,0.06,6.52,5.0,13
2026-09-02T04:08:13.721014+00:00,btc-updown-15m-1788322500,15,4050950,112872319133716001037445922054988347548237330666922720321995853475344950299022,2026-09-02T04:15:00+00:00,2026-09-02T04:30:00+00:00,21.78,0.49,0.51,0.5,0.02,85.43,85.43,86
2026-09-02T04:09:14.652702+00:00,btc-updown-5m-1788321900,5,4050846,91753831937812712729711443842335838361190070295194206045156328388311215600974,2026-09-02T04:05:00+00:00,2026-09-02T04:10:00+00:00,0.77,0.49,0.51,0.5,0.02,193.09,193.09,57
2026-09-02T04:09:14.652702+00:00,btc-updown-5m-1788322200,5,4050871,102051349990046004032295557299905869073245934881201074660747367466687379608974,2026-09-02T04:10:00+00:00,2026-09-02T04:15:00+00:00,5.77,0.49,0.51,0.5,0.02,193.09,193.09,69
2026-09-02T04:09:14.652702+00:00,btc-updown-15m-1788321600,15,4050820,23926128738076337637437643319946476922382919844485849150982410631750144692385,2026-09-02T04:00:00+00:00,2026-09-02T04:15:00+00:00,5.77,0.46,0.52,0.49,0.06,6.52,5.0,13
2026-09-02T04:09:14.652702+00:00,btc-updown-15m-1788322500,15,4050950,112872319133716001037445922054988347548237330666922720321995853475344950299022,2026-09-02T04:15:00+00:00,2026-09-02T04:30:00+00:00,20.77,0.49,0.51,0.5,0.02,85.43,85.43,86
2026-09-02T04:10:15.573794+00:00,btc-updown-5m-1788322200,5,4050871,102051349990046004032295557299905869073245934881201074660747367466687379608974,2026-09-02T04:10:00+00:00,2026-09-02T04:15:00+00:00,4.75,0.49,0.51,0.5,0.02,193.09,193.09,57
2026-09-02T04:10:15.573794+00:00,btc-updown-5m-1788322500,5,4050953,62709947523103998667315253847893454534330566548440637981437487834857159575151,2026-09-02T04:15:00+00:00,2026-09-02T04:20:00+00:00,9.75,0.5,0.51,0.505,0.01,11.0,252.09,87
2026-09-02T04:10:15.573794+00:00,btc-updown-15m-1788321600,15,4050820,23926128738076337637437643319946476922382919844485849150982410631750144692385,2026-09-02T04:00:00+00:00,2026-09-02T04:15:00+00:00,4.75,0.46,0.52,0.49,0.06,6.52,5.0,13
2026-09-02T04:10:15.573794+00:00,btc-updown-15m-1788322500,15,4050950,112872319133716001037445922054988347548237330666922720321995853475344950299022,2026-09-02T04:15:00+00:00,2026-09-02T04:30:00+00:00,19.75,0.49,0.51,0.5,0.02,85.43,85.43,86
2026-09-02T04:11:16.492693+00:00,btc-updown-5m-1788322200,5,4050871,102051349990046004032295557299905869073245934881201074660747367466687379608974,2026-09-02T04:10:00+00:00,2026-09-02T04:15:00+00:00,3.73,0.49,0.51,0.5,0.02,193.09,193.09,57
2026-09-02T04:11:16.492693+00:00,btc-updown-5m-1788322500,5,4050953,62709947523103998667315253847893454534330566548440637981437487834857159575151,2026-09-02T04:15:00+00:00,2026-09-02T04:20:00+00:00,8.73,0.5,0.51,0.505,0.01,11.0,252.09,87
2026-09-02T04:11:16.492693+00:00,btc-updown-15m-1788321600,15,4050820,23926128738076337637437643319946476922382919844485849150982410631750144692385,2026-09-02T04:00:00+00:00,2026-09-02T04:15:00+00:00,3.73,0.46,0.52,0.49,0.06,6.52,5.0,13
2026-09-02T04:11:16.492693+00:00,btc-updown-15m-1788322500,15,4050950,112872319133716001037445922054988347548237330666922720321995853475344950299022,2026-09-02T04:15:00+00:00,2026-09-02T04:30:00+00:00,18.73,0.49,0.51,0.5,0.02,85.43,85.43,86
2026-09-02T04:12:17.429111+00:00,btc-updown-5m-1788322200,5,4050871,102051349990046004032295557299905869073245934881201074660747367466687379608974,2026-09-02T04:10:00+00:00,2026-09-02T04:15:00+00:00,2.72,0.49,0.51,0.5,0.02,193.09,193.09,57
2026-09-02T04:12:17.429111+00:00,btc-updown-5m-1788322500,5,4050953,62709947523103998667315253847893454534330566548440637981437487834857159575151,2026-09-02T04:15:00+00:00,2026-09-02T04:20:00+00:00,7.72,0.5,0.51,0.505,0.01,11.0,252.09,85
2026-09-02T04:12:17.429111+00:00,btc-updown-15m-1788321600,15,4050820,23926128738076337637437643319946476922382919844485849150982410631750144692385,2026-09-02T04:00:00+00:00,2026-09-02T04:15:00+00:00,2.72,0.46,0.52,0.49,0.06,6.52,5.0,13
2026-09-02T04:12:17.429111+00:00,btc-updown-15m-1788322500,15,4050950,112872319133716001037445922054988347548237330666922720321995853475344950299022,2026-09-02T04:15:00+00:00,2026-09-02T04:30:00+00:00,17.72,0.49,0.51,0.5,0.02,85.43,85.43,82
2026-09-02T04:13:18.359583+00:00,btc-updown-5m-1788322200,5,4050871,102051349990046004032295557299905869073245934881201074660747367466687379608974,2026-09-02T04:10:00+00:00,2026-09-02T04:15:00+00:00,1.7,0.49,0.51,0.5,0.02,193.09,193.09,57
2026-09-02T04:13:18.359583+00:00,btc-updown-5m-1788322500,5,4050953,62709947523103998667315253847893454534330566548440637981437487834857159575151,2026-09-02T04:15:00+00:00,2026-09-02T04:20:00+00:00,6.7,0.5,0.51,0.505,0.01,11.0,242.09,85
2026-09-02T04:13:18.359583+00:00,btc-updown-15m-1788321600,15,4050820,23926128738076337637437643319946476922382919844485849150982410631750144692385,2026-09-02T04:00:00+00:00,2026-09-02T04:15:00+00:00,1.7,0.46,0.52,0.49,0.06,6.52,5.0,13
2026-09-02T04:13:18.359583+00:00,btc-updown-15m-1788322500,15,4050950,112872319133716001037445922054988347548237330666922720321995853475344950299022,2026-09-02T04:15:00+00:00,2026-09-02T04:30:00+00:00,16.7,0.49,0.51,0.5,0.02,85.43,85.43,82
2026-09-02T04:14:19.280371+00:00,btc-updown-5m-1788322200,5,4050871,102051349990046004032295557299905869073245934881201074660747367466687379608974,2026-09-02T04:10:00+00:00,2026-09-02T04:15:00+00:00,0.68,0.49,0.51,0.5,0.02,193.09,193.09,57
2026-09-02T04:14:19.280371+00:00,btc-updown-5m-1788322500,5,4050953,62709947523103998667315253847893454534330566548440637981437487834857159575151,2026-09-02T04:15:00+00:00,2026-09-02T04:20:00+00:00,5.68,0.49,0.51,0.5,0.02,193.09,193.09,69
2026-09-02T04:14:19.280371+00:00,btc-updown-15m-1788321600,15,4050820,23926128738076337637437643319946476922382919844485849150982410631750144692385,2026-09-02T04:00:00+00:00,2026-09-02T04:15:00+00:00,0.68,0.46,0.52,0.49,0.06,6.52,5.0,13
2026-09-02T04:14:19.280371+00:00,btc-updown-15m-1788322500,15,4050950,112872319133716001037445922054988347548237330666922720321995853475344950299022,2026-09-02T04:15:00+00:00,2026-09-02T04:30:00+00:00,15.68,0.49,0.51,0.5,0.02,35.43,35.43,38
2026-09-02T04:15:20.206127+00:00,btc-updown-5m-1788322500,5,4050953,62709947523103998667315253847893454534330566548440637981437487834857159575151,2026-09-02T04:15:00+00:00,2026-09-02T04:20:00+00:00,4.67,0.49,0.51,0.5,0.02,193.09,193.09,57
2026-09-02T04:15:20.206127+00:00,btc-updown-5m-1788322800,5,4050958,15939857907027371729565935589088517886561736998628405268696022527502373040021,2026-09-02T04:20:00+00:00,2026-09-02T04:25:00+00:00,9.67,0.5,0.51,0.505,0.01,11.0,252.09,89
2026-09-02T04:15:20.206127+00:00,btc-updown-15m-1788322500,15,4050950,112872319133716001037445922054988347548237330666922720321995853475344950299022,2026-09-02T04:15:00+00:00,2026-09-02T04:30:00+00:00,14.67,0.11,0.52,0.315,0.41,10.9,5.0,23
2026-09-02T04:15:20.206127+00:00,btc-updown-15m-1788323400,15,4051544,21857745792568175049213347823022560770602681431051922501690111612816993200130,2026-09-02T04:30:00+00:00,2026-09-02T04:45:00+00:00,29.67,0.49,0.51,0.5,0.02,85.33,85.33,86
2026-09-02T04:16:21.126110+00:00,btc-updown-5m-1788322500,5,4050953,62709947523103998667315253847893454534330566548440637981437487834857159575151,2026-09-02T04:15:00+00:00,2026-09-02T04:20:00+00:00,3.65,0.49,0.51,0.5,0.02,193.09,193.09,57
2026-09-02T04:16:21.126110+00:00,btc-updown-5m-1788322800,5,4050958,15939857907027371729565935589088517886561736998628405268696022527502373040021,2026-09-02T04:20:00+00:00,2026-09-02T04:25:00+00:00,8.65,0.5,0.51,0.505,0.01,11.0,252.09,87
2026-09-02T04:16:21.126110+00:00,btc-updown-15m-1788322500,15,4050950,112872319133716001037445922054988347548237330666922720321995853475344950299022,2026-09-02T04:15:00+00:00,2026-09-02T04:30:00+00:00,13.65,0.11,0.52,0.315,0.41,10.9,5.0,23
2026-09-02T04:16:21.126110+00:00,btc-updown-15m-1788323400,15,4051544,21857745792568175049213347823022560770602681431051922501690111612816993200130,2026-09-02T04:30:00+00:00,2026-09-02T04:45:00+00:00,28.65,0.49,0.51,0.5,0.02,85.33,85.33,86
2026-09-02T04:17:22.048735+00:00,btc-updown-5m-1788322500,5,4050953,62709947523103998667315253847893454534330566548440637981437487834857159575151,2026-09-02T04:15:00+00:00,2026-09-02T04:20:00+00:00,2.63,0.49,0.51,0.5,0.02,193.09,193.09,57
2026-09-02T04:17:22.048735+00:00,btc-updown-5m-1788322800,5,4050958,15939857907027371729565935589088517886561736998628405268696022527502373040021,2026-09-02T04:20:00+00:00,2026-09-02T04:25:00+00:00,7.63,0.5,0.51,0.505,0.01,11.0,252.09,85
2026-09-02T04:17:22.048735+00:00,btc-updown-15m-1788322500,15,4050950,112872319133716001037445922054988347548237330666922720321995853475344950299022,2026-09-02T04:15:00+00:00,2026-09-02T04:30:00+00:00,12.63,0.05,0.52,0.285,0.47,10.0,5.0,11
2026-09-02T04:17:22.048735+00:00,btc-updown-15m-1788323400,15,4051544,21857745792568175049213347823022560770602681431051922501690111612816993200130,2026-09-02T04:30:00+00:00,2026-09-02T04:45:00+00:00,27.63,0.49,0.51,0.5,0.02,85.33,85.33,86
2026-09-02T04:18:22.973303+00:00,btc-updown-5m-1788322500,5,4050953,62709947523103998667315253847893454534330566548440637981437487834857159575151,2026-09-02T04:15:00+00:00,2026-09-02T04:20:00+00:00,1.63,0.49,0.51,0.5,0.02,193.09,193.09,57
2026-09-02T04:18:22.973303+00:00,btc-updown-5m-1788322800,5,4050958,15939857907027371729565935589088517886561736998628405268696022527502373040021,2026-09-02T04:20:00+00:00,2026-09-02T04:25:00+00:00,6.63,0.5,0.51,0.505,0.01,11.0,242.09,85
2026-09-02T04:18:22.973303+00:00,btc-updown-15m-1788322500,15,4050950,112872319133716001037445922054988347548237330666922720321995853475344950299022,2026-09-02T04:15:00+00:00,2026-09-02T04:30:00+00:00,11.63,0.05,0.52,0.285,0.47,10.0,5.0,11
2026-09-02T04:18:22.973303+00:00,btc-updown-15m-1788323400,15,4051544,21857745792568175049213347823022560770602681431051922501690111612816993200130,2026-09-02T04:30:00+00:00,2026-09-02T04:45:00+00:00,26.63,0.49,0.51,0.5,0.02,85.33,85.33,84
2026-09-02T04:19:23.884994+00:00,btc-updown-5m-1788322500,5,4050953,62709947523103998667315253847893454534330566548440637981437487834857159575151,2026-09-02T04:15:00+00:00,2026-09-02T04:20:00+00:00,0.62,0.49,0.51,0.5,0.02,193.09,193.09,57
2026-09-02T04:19:23.884994+00:00,btc-updown-5m-1788322800,5,4050958,15939857907027371729565935589088517886561736998628405268696022527502373040021,2026-09-02T04:20:00+00:00,2026-09-02T04:25:00+00:00,5.62,0.49,0.51,0.5,0.02,193.09,193.09,69
2026-09-02T04:19:23.884994+00:00,btc-updown-15m-1788322500,15,4050950,112872319133716001037445922054988347548237330666922720321995853475344950299022,2026-09-02T04:15:00+00:00,2026-09-02T04:30:00+00:00,10.62,0.05,0.52,0.285,0.47,10.0,5.0,11
2026-09-02T04:19:23.884994+00:00,btc-updown-15m-1788323400,15,4051544,21857745792568175049213347823022560770602681431051922501690111612816993200130,2026-09-02T04:30:00+00:00,2026-09-02T04:45:00+00:00,25.62,0.49,0.51,0.5,0.02,85.33,85.33,84
2026-09-02T04:20:25.204145+00:00,btc-updown-5m-1788322800,5,4050958,15939857907027371729565935589088517886561736998628405268696022527502373040021,2026-09-02T04:20:00+00:00,2026-09-02T04:25:00+00:00,4.58,0.49,0.51,0.5,0.02,193.09,193.09,57
2026-09-02T04:20:25.204145+00:00,btc-updown-5m-1788323100,5,4051522,112337454082788177915626231834215143960685772256727954430259092223954603267701,2026-09-02T04:25:00+00:00,2026-09-02T04:30:00+00:00,9.58,0.5,0.51,0.505,0.01,11.0,252.12,87
2026-09-02T04:20:25.204145+00:00,btc-updown-15m-1788322500,15,4050950,112872319133716001037445922054988347548237330666922720321995853475344950299022,2026-09-02T04:15:00+00:00,2026-09-02T04:30:00+00:00,9.58,0.05,0.52,0.285,0.47,10.0,5.0,11
2026-09-02T04:20:25.204145+00:00,btc-updown-15m-1788323400,15,4051544,21857745792568175049213347823022560770602681431051922501690111612816993200130,2026-09-02T04:30:00+00:00,2026-09-02T04:45:00+00:00,24.58,0.49,0.51,0.5,0.02,85.33,85.33,84
2026-09-02T04:21:26.120329+00:00,btc-updown-5m-1788322800,5,4050958,15939857907027371729565935589088517886561736998628405268696022527502373040021,2026-09-02T04:20:00+00:00,2026-09-02T04:25:00+00:00,3.57,0.49,0.51,0.5,0.02,193.09,193.09,57
2026-09-02T04:21:26.120329+00:00,btc-updown-5m-1788323100,5,4051522,112337454082788177915626231834215143960685772256727954430259092223954603267701,2026-09-02T04:25:00+00:00,2026-09-02T04:30:00+00:00,8.57,0.5,0.51,0.505,0.01,11.0,252.12,87
2026-09-02T04:21:26.120329+00:00,btc-updown-15m-1788322500,15,4050950,112872319133716001037445922054988347548237330666922720321995853475344950299022,2026-09-02T04:15:00+00:00,2026-09-02T04:30:00+00:00,8.57,0.05,0.52,0.285,0.47,10.0,5.0,11
2026-09-02T04:21:26.120329+00:00,btc-updown-15m-1788323400,15,4051544,21857745792568175049213347823022560770602681431051922501690111612816993200130,2026-09-02T04:30:00+00:00,2026-09-02T04:45:00+00:00,23.57,0.49,0.51,0.5,0.02,85.33,85.33,84
2026-09-02T04:22:27.048517+00:00,btc-updown-5m-1788322800,5,4050958,15939857907027371729565935589088517886561736998628405268696022527502373040021,2026-09-02T04:20:00+00:00,2026-09-02T04:25:00+00:00,2.55,0.49,0.51,0.5,0.02,193.09,193.09,57
2026-09-02T04:22:27.048517+00:00,btc-updown-5m-1788323100,5,4051522,112337454082788177915626231834215143960685772256727954430259092223954603267701,2026-09-02T04:25:00+00:00,2026-09-02T04:30:00+00:00,7.55,0.5,0.51,0.505,0.01,11.0,252.12,85
2026-09-02T04:22:27.048517+00:00,btc-updown-15m-1788322500,15,4050950,112872319133716001037445922054988347548237330666922720321995853475344950299022,2026-09-02T04:15:00+00:00,2026-09-02T04:30:00+00:00,7.55,0.05,0.52,0.285,0.47,10.0,5.0,11
2026-09-02T04:22:27.048517+00:00,btc-updown-15m-1788323400,15,4051544,21857745792568175049213347823022560770602681431051922501690111612816993200130,2026-09-02T04:30:00+00:00,2026-09-02T04:45:00+00:00,22.55,0.49,0.51,0.5,0.02,85.33,85.33,84
2026-09-02T04:23:28.159735+00:00,btc-updown-5m-1788322800,5,4050958,15939857907027371729565935589088517886561736998628405268696022527502373040021,2026-09-02T04:20:00+00:00,2026-09-02T04:25:00+00:00,1.53,0.49,0.51,0.5,0.02,193.09,193.09,57
2026-09-02T04:23:28.159735+00:00,btc-updown-5m-1788323100,5,4051522,112337454082788177915626231834215143960685772256727954430259092223954603267701,2026-09-02T04:25:00+00:00,2026-09-02T04:30:00+00:00,6.53,0.5,0.51,0.505,0.01,11.0,242.12,85
2026-09-02T04:23:28.159735+00:00,btc-updown-15m-1788322500,15,4050950,112872319133716001037445922054988347548237330666922720321995853475344950299022,2026-09-02T04:15:00+00:00,2026-09-02T04:30:00+00:00,6.53,0.05,0.52,0.285,0.47,10.0,5.0,11
2026-09-02T04:23:28.159735+00:00,btc-updown-15m-1788323400,15,4051544,21857745792568175049213347823022560770602681431051922501690111612816993200130,2026-09-02T04:30:00+00:00,2026-09-02T04:45:00+00:00,21.53,0.49,0.51,0.5,0.02,85.33,85.33,84
2026-09-02T04:24:29.109616+00:00,btc-updown-5m-1788322800,5,4050958,15939857907027371729565935589088517886561736998628405268696022527502373040021,2026-09-02T04:20:00+00:00,2026-09-02T04:25:00+00:00,0.52,0.49,0.51,0.5,0.02,193.09,193.09,57
2026-09-02T04:24:29.109616+00:00,btc-updown-5m-1788323100,5,4051522,112337454082788177915626231834215143960685772256727954430259092223954603267701,2026-09-02T04:25:00+00:00,2026-09-02T04:30:00+00:00,5.52,0.49,0.51,0.5,0.02,193.12,193.12,69
2026-09-02T04:24:29.109616+00:00,btc-updown-15m-1788322500,15,4050950,112872319133716001037445922054988347548237330666922720321995853475344950299022,2026-09-02T04:15:00+00:00,2026-09-02T04:30:00+00:00,5.52,0.05,0.52,0.285,0.47,10.0,5.0,11
2026-09-02T04:24:29.109616+00:00,btc-updown-15m-1788323400,15,4051544,21857745792568175049213347823022560770602681431051922501690111612816993200130,2026-09-02T04:30:00+00:00,2026-09-02T04:45:00+00:00,20.52,0.49,0.51,0.5,0.02,85.33,85.33,84
2026-09-02T04:25:30.076904+00:00,btc-updown-5m-1788323100,5,4051522,112337454082788177915626231834215143960685772256727954430259092223954603267701,2026-09-02T04:25:00+00:00,2026-09-02T04:30:00+00:00,4.5,0.49,0.51,0.5,0.02,193.12,193.12,57
2026-09-02T04:25:30.076904+00:00,btc-updown-5m-1788323400,5,4051533,52860487911961020152018550021479222494319788966735095942597432373633715736245,2026-09-02T04:30:00+00:00,2026-09-02T04:35:00+00:00,9.5,0.5,0.51,0.505,0.01,11.0,252.06,87
2026-09-02T04:25:30.076904+00:00,btc-updown-15m-1788322500,15,4050950,112872319133716001037445922054988347548237330666922720321995853475344950299022,2026-09-02T04:15:00+00:00,2026-09-02T04:30:00+00:00,4.5,0.05,0.52,0.285,0.47,10.0,5.0,11
2026-09-02T04:25:30.076904+00:00,btc-updown-15m-1788323400,15,4051544,21857745792568175049213347823022560770602681431051922501690111612816993200130,2026-09-02T04:30:00+00:00,2026-09-02T04:45:00+00:00,19.5,0.49,0.51,0.5,0.02,85.33,85.33,84
2026-09-02T04:26:31.000069+00:00,btc-updown-5m-1788323100,5,4051522,112337454082788177915626231834215143960685772256727954430259092223954603267701,2026-09-02T04:25:00+00:00,2026-09-02T04:30:00+00:00,3.48,0.49,0.51,0.5,0.02,193.12,193.12,57
2026-09-02T04:26:31.000069+00:00,btc-updown-5m-1788323400,5,4051533,52860487911961020152018550021479222494319788966735095942597432373633715736245,2026-09-02T04:30:00+00:00,2026-09-02T04:35:00+00:00,8.48,0.5,0.51,0.505,0.01,11.0,252.06,87
2026-09-02T04:26:31.000069+00:00,btc-updown-15m-1788322500,15,4050950,112872319133716001037445922054988347548237330666922720321995853475344950299022,2026-09-02T04:15:00+00:00,2026-09-02T04:30:00+00:00,3.48,0.05,0.52,0.285,0.47,10.0,5.0,11
2026-09-02T04:26:31.000069+00:00,btc-updown-15m-1788323400,15,4051544,21857745792568175049213347823022560770602681431051922501690111612816993200130,2026-09-02T04:30:00+00:00,2026-09-02T04:45:00+00:00,18.48,0.49,0.51,0.5,0.02,85.33,85.33,84
2026-09-02T04:27:31.999138+00:00,btc-updown-5m-1788323100,5,4051522,112337454082788177915626231834215143960685772256727954430259092223954603267701,2026-09-02T04:25:00+00:00,2026-09-02T04:30:00+00:00,2.48,0.49,0.51,0.5,0.02,193.12,193.12,57
2026-09-02T04:27:31.999138+00:00,btc-updown-5m-1788323400,5,4051533,52860487911961020152018550021479222494319788966735095942597432373633715736245,2026-09-02T04:30:00+00:00,2026-09-02T04:35:00+00:00,7.48,0.5,0.51,0.505,0.01,11.0,252.06,85
2026-09-02T04:27:31.999138+00:00,btc-updown-15m-1788322500,15,4050950,112872319133716001037445922054988347548237330666922720321995853475344950299022,2026-09-02T04:15:00+00:00,2026-09-02T04:30:00+00:00,2.48,0.05,0.52,0.285,0.47,10.0,5.0,11
2026-09-02T04:27:31.999138+00:00,btc-updown-15m-1788323400,15,4051544,21857745792568175049213347823022560770602681431051922501690111612816993200130,2026-09-02T04:30:00+00:00,2026-09-02T04:45:00+00:00,17.48,0.49,0.51,0.5,0.02,85.33,85.33,84
2026-09-02T04:28:32.901794+00:00,btc-updown-5m-1788323100,5,4051522,112337454082788177915626231834215143960685772256727954430259092223954603267701,2026-09-02T04:25:00+00:00,2026-09-02T04:30:00+00:00,1.47,0.49,0.51,0.5,0.02,193.12,193.12,57
2026-09-02T04:28:32.901794+00:00,btc-updown-5m-1788323400,5,4051533,52860487911961020152018550021479222494319788966735095942597432373633715736245,2026-09-02T04:30:00+00:00,2026-09-02T04:35:00+00:00,6.47,0.5,0.51,0.505,0.01,11.0,242.06,85
2026-09-02T04:28:32.901794+00:00,btc-updown-15m-1788322500,15,4050950,112872319133716001037445922054988347548237330666922720321995853475344950299022,2026-09-02T04:15:00+00:00,2026-09-02T04:30:00+00:00,1.47,0.05,0.52,0.285,0.47,10.0,5.0,11
2026-09-02T04:28:32.901794+00:00,btc-updown-15m-1788323400,15,4051544,21857745792568175049213347823022560770602681431051922501690111612816993200130,2026-09-02T04:30:00+00:00,2026-09-02T04:45:00+00:00,16.47,0.49,0.51,0.5,0.02,85.33,85.33,84
2026-09-02T04:29:33.821617+00:00,btc-updown-5m-1788323100,5,4051522,112337454082788177915626231834215143960685772256727954430259092223954603267701,2026-09-02T04:25:00+00:00,2026-09-02T04:30:00+00:00,0.45,0.49,0.51,0.5,0.02,193.12,193.12,57
2026-09-02T04:29:33.821617+00:00,btc-updown-5m-1788323400,5,4051533,52860487911961020152018550021479222494319788966735095942597432373633715736245,2026-09-02T04:30:00+00:00,2026-09-02T04:35:00+00:00,5.45,0.49,0.51,0.5,0.02,193.06,193.06,69
2026-09-02T04:29:33.821617+00:00,btc-updown-15m-1788322500,15,4050950,112872319133716001037445922054988347548237330666922720321995853475344950299022,2026-09-02T04:15:00+00:00,2026-09-02T04:30:00+00:00,0.45,0.05,0.52,0.285,0.47,10.0,5.0,11
2026-09-02T04:29:33.821617+00:00,btc-updown-15m-1788323400,15,4051544,21857745792568175049213347823022560770602681431051922501690111612816993200130,2026-09-02T04:30:00+00:00,2026-09-02T04:45:00+00:00,15.45,0.49,0.51,0.5,0.02,35.33,35.33,53
2026-09-02T04:30:34.811458+00:00,btc-updown-5m-1788323400,5,4051533,52860487911961020152018550021479222494319788966735095942597432373633715736245,2026-09-02T04:30:00+00:00,2026-09-02T04:35:00+00:00,4.43,0.49,0.51,0.5,0.02,193.06,193.06,57
2026-09-02T04:30:34.811458+00:00,btc-updown-5m-1788323700,5,4051589,77890120099494566177523881411456275703311852350818323564720870758700664121860,2026-09-02T04:35:00+00:00,2026-09-02T04:40:00+00:00,9.43,0.5,0.51,0.505,0.01,11.0,251.26,89
2026-09-02T04:30:34.811458+00:00,btc-updown-15m-1788323400,15,4051544,21857745792568175049213347823022560770602681431051922501690111612816993200130,2026-09-02T04:30:00+00:00,2026-09-02T04:45:00+00:00,14.43,0.11,0.52,0.315,0.41,10.9,5.0,23
2026-09-02T04:30:34.811458+00:00,btc-updown-15m-1788324300,15,4051779,92106512157426521897321240501116601484145989645557618034615347852680915580075,2026-09-02T04:45:00+00:00,2026-09-02T05:00:00+00:00,29.43,0.49,0.51,0.5,0.02,80.0,80.0,28
2026-09-02T04:31:35.741165+00:00,btc-updown-5m-1788323400,5,4051533,52860487911961020152018550021479222494319788966735095942597432373633715736245,2026-09-02T04:30:00+00:00,2026-09-02T04:35:00+00:00,3.42,0.49,0.51,0.5,0.02,193.06,193.06,57
2026-09-02T04:31:35.741165+00:00,btc-updown-5m-1788323700,5,4051589,77890120099494566177523881411456275703311852350818323564720870758700664121860,2026-09-02T04:35:00+00:00,2026-09-02T04:40:00+00:00,8.42,0.5,0.51,0.505,0.01,11.0,251.26,87
2026-09-02T04:31:35.741165+00:00,btc-updown-15m-1788323400,15,4051544,21857745792568175049213347823022560770602681431051922501690111612816993200130,2026-09-02T04:30:00+00:00,2026-09-02T04:45:00+00:00,13.42,0.11,0.52,0.315,0.41,10.9,5.0,23
2026-09-02T04:31:35.741165+00:00,btc-updown-15m-1788324300,15,4051779,92106512157426521897321240501116601484145989645557618034615347852680915580075,2026-09-02T04:45:00+00:00,2026-09-02T05:00:00+00:00,28.42,0.49,0.51,0.5,0.02,80.0,80.0,28
2026-09-02T04:32:36.681121+00:00,btc-updown-5m-1788323400,5,4051533,52860487911961020152018550021479222494319788966735095942597432373633715736245,2026-09-02T04:30:00+00:00,2026-09-02T04:35:00+00:00,2.4,0.49,0.51,0.5,0.02,193.06,193.06,56
2026-09-02T04:32:36.681121+00:00,btc-updown-5m-1788323700,5,4051589,77890120099494566177523881411456275703311852350818323564720870758700664121860,2026-09-02T04:35:00+00:00,2026-09-02T04:40:00+00:00,7.4,0.5,0.51,0.505,0.01,11.0,141.0,76
2026-09-02T04:32:36.681121+00:00,btc-updown-15m-1788323400,15,4051544,21857745792568175049213347823022560770602681431051922501690111612816993200130,2026-09-02T04:30:00+00:00,2026-09-02T04:45:00+00:00,12.4,0.05,0.95,0.5,0.9,5.0,5.0,10
2026-09-02T04:32:36.681121+00:00,btc-updown-15m-1788324300,15,4051779,92106512157426521897321240501116601484145989645557618034615347852680915580075,2026-09-02T04:45:00+00:00,2026-09-02T05:00:00+00:00,27.4,0.46,0.51,0.485,0.05,87.0,80.0,17
2026-09-02T04:33:37.603061+00:00,btc-updown-5m-1788323400,5,4051533,52860487911961020152018550021479222494319788966735095942597432373633715736245,2026-09-02T04:30:00+00:00,2026-09-02T04:35:00+00:00,1.38,0.49,0.51,0.5,0.02,120.0,120.0,54
2026-09-02T04:33:37.603061+00:00,btc-updown-5m-1788323700,5,4051589,77890120099494566177523881411456275703311852350818323564720870758700664121860,2026-09-02T04:35:00+00:00,2026-09-02T04:40:00+00:00,6.38,0.5,0.51,0.505,0.01,11.0,131.0,76
2026-09-02T04:33:37.603061+00:00,btc-updown-15m-1788323400,15,4051544,21857745792568175049213347823022560770602681431051922501690111612816993200130,2026-09-02T04:30:00+00:00,2026-09-02T04:45:00+00:00,11.38,0.05,0.95,0.5,0.9,5.0,5.0,10
2026-09-02T04:33:37.603061+00:00,btc-updown-15m-1788324300,15,4051779,92106512157426521897321240501116601484145989645557618034615347852680915580075,2026-09-02T04:45:00+00:00,2026-09-02T05:00:00+00:00,26.38,0.46,0.51,0.485,0.05,87.0,80.0,17
2026-09-02T04:34:38.520680+00:00,btc-updown-5m-1788323400,5,4051533,52860487911961020152018550021479222494319788966735095942597432373633715736245,2026-09-02T04:30:00+00:00,2026-09-02T04:35:00+00:00,0.37,0.49,0.51,0.5,0.02,120.0,120.0,52
2026-09-02T04:34:38.520680+00:00,btc-updown-5m-1788323700,5,4051589,77890120099494566177523881411456275703311852350818323564720870758700664121860,2026-09-02T04:35:00+00:00,2026-09-02T04:40:00+00:00,5.37,0.49,0.51,0.5,0.02,120.0,120.0,66
2026-09-02T04:34:38.520680+00:00,btc-updown-15m-1788323400,15,4051544,21857745792568175049213347823022560770602681431051922501690111612816993200130,2026-09-02T04:30:00+00:00,2026-09-02T04:45:00+00:00,10.37,0.05,0.95,0.5,0.9,5.0,5.0,10
2026-09-02T04:34:38.520680+00:00,btc-updown-15m-1788324300,15,4051779,92106512157426521897321240501116601484145989645557618034615347852680915580075,2026-09-02T04:45:00+00:00,2026-09-02T05:00:00+00:00,25.37,0.46,0.51,0.485,0.05,87.0,80.0,13
2026-09-02T04:35:39.449822+00:00,btc-updown-5m-1788323700,5,4051589,77890120099494566177523881411456275703311852350818323564720870758700664121860,2026-09-02T04:35:00+00:00,2026-09-02T04:40:00+00:00,4.35,0.46,0.54,0.5,0.08,15.0,15.0,52
2026-09-02T04:35:39.449822+00:00,btc-updown-5m-1788324000,5,4051768,64108323466985403319725999792534986091068140417591149720420366390689326333799,2026-09-02T04:40:00+00:00,2026-09-02T04:45:00+00:00,9.35,0.5,0.51,0.505,0.01,11.0,251.18,82
2026-09-02T04:35:39.449822+00:00,btc-updown-15m-1788323400,15,4051544,21857745792568175049213347823022560770602681431051922501690111612816993200130,2026-09-02T04:30:00+00:00,2026-09-02T04:45:00+00:00,9.35,0.05,0.95,0.5,0.9,5.0,5.0,10
2026-09-02T04:35:39.449822+00:00,btc-updown-15m-1788324300,15,4051779,92106512157426521897321240501116601484145989645557618034615347852680915580075,2026-09-02T04:45:00+00:00,2026-09-02T05:00:00+00:00,24.35,0.46,0.51,0.485,0.05,12.0,80.0,13
2026-09-02T04:36:40.373730+00:00,btc-updown-5m-1788323700,5,4051589,77890120099494566177523881411456275703311852350818323564720870758700664121860,2026-09-02T04:35:00+00:00,2026-09-02T04:40:00+00:00,3.33,0.46,0.54,0.5,0.08,15.0,15.0,22
2026-09-02T04:36:40.373730+00:00,btc-updown-5m-1788324000,5,4051768,64108323466985403319725999792534986091068140417591149720420366390689326333799,2026-09-02T04:40:00+00:00,2026-09-02T04:45:00+00:00,8.33,0.5,0.51,0.505,0.01,11.0,179.0,82
2026-09-02T04:36:40.373730+00:00,btc-updown-15m-1788323400,15,4051544,21857745792568175049213347823022560770602681431051922501690111612816993200130,2026-09-02T04:30:00+00:00,2026-09-02T04:45:00+00:00,8.33,0.05,0.95,0.5,0.9,5.0,5.0,10
2026-09-02T04:36:40.373730+00:00,btc-updown-15m-1788324300,15,4051779,92106512157426521897321240501116601484145989645557618034615347852680915580075,2026-09-02T04:45:00+00:00,2026-09-02T05:00:00+00:00,23.33,0.46,0.51,0.485,0.05,12.0,80.0,13
2026-09-02T04:37:41.289716+00:00,btc-updown-5m-1788323700,5,4051589,77890120099494566177523881411456275703311852350818323564720870758700664121860,2026-09-02T04:35:00+00:00,2026-09-02T04:40:00+00:00,2.32,0.46,0.54,0.5,0.08,15.0,15.0,22
2026-09-02T04:37:41.289716+00:00,btc-updown-5m-1788324000,5,4051768,64108323466985403319725999792534986091068140417591149720420366390689326333799,2026-09-02T04:40:00+00:00,2026-09-02T04:45:00+00:00,7.32,0.5,0.51,0.505,0.01,11.0,179.0,80
2026-09-02T04:37:41.289716+00:00,btc-updown-15m-1788323400,15,4051544,21857745792568175049213347823022560770602681431051922501690111612816993200130,2026-09-02T04:30:00+00:00,2026-09-02T04:45:00+00:00,7.32,0.05,0.95,0.5,0.9,5.0,5.0,10
2026-09-02T04:37:41.289716+00:00,btc-updown-15m-1788324300,15,4051779,92106512157426521897321240501116601484145989645557618034615347852680915580075,2026-09-02T04:45:00+00:00,2026-09-02T05:00:00+00:00,22.32,0.46,0.51,0.485,0.05,12.0,80.0,13
2026-09-02T04:38:42.194176+00:00,btc-updown-5m-1788323700,5,4051589,77890120099494566177523881411456275703311852350818323564720870758700664121860,2026-09-02T04:35:00+00:00,2026-09-02T04:40:00+00:00,1.3,0.1,0.9,0.5,0.8,10.0,10.0,20
2026-09-02T04:38:42.194176+00:00,btc-updown-5m-1788324000,5,4051768,64108323466985403319725999792534986091068140417591149720420366390689326333799,2026-09-02T04:40:00+00:00,2026-09-02T04:45:00+00:00,6.3,0.5,0.51,0.505,0.01,11.0,169.0,80
2026-09-02T04:38:42.194176+00:00,btc-updown-15m-1788323400,15,4051544,21857745792568175049213347823022560770602681431051922501690111612816993200130,2026-09-02T04:30:00+00:00,2026-09-02T04:45:00+00:00,6.3,0.05,0.95,0.5,0.9,5.0,5.0,10
2026-09-02T04:38:42.194176+00:00,btc-updown-15m-1788324300,15,4051779,92106512157426521897321240501116601484145989645557618034615347852680915580075,2026-09-02T04:45:00+00:00,2026-09-02T05:00:00+00:00,21.3,0.46,0.51,0.485,0.05,12.0,80.0,13
2026-09-02T04:39:43.097687+00:00,btc-updown-5m-1788323700,5,4051589,77890120099494566177523881411456275703311852350818323564720870758700664121860,2026-09-02T04:35:00+00:00,2026-09-02T04:40:00+00:00,0.28,0.1,0.9,0.5,0.8,10.0,10.0,14
2026-09-02T04:39:43.097687+00:00,btc-updown-5m-1788324000,5,4051768,64108323466985403319725999792534986091068140417591149720420366390689326333799,2026-09-02T04:40:00+00:00,2026-09-02T04:45:00+00:00,5.28,0.49,0.51,0.5,0.02,120.0,120.0,66
2026-09-02T04:39:43.097687+00:00,btc-updown-15m-1788323400,15,4051544,21857745792568175049213347823022560770602681431051922501690111612816993200130,2026-09-02T04:30:00+00:00,2026-09-02T04:45:00+00:00,5.28,0.05,0.95,0.5,0.9,5.0,5.0,10
2026-09-02T04:39:43.097687+00:00,btc-updown-15m-1788324300,15,4051779,92106512157426521897321240501116601484145989645557618034615347852680915580075,2026-09-02T04:45:00+00:00,2026-09-02T05:00:00+00:00,20.28,0.46,0.51,0.485,0.05,12.0,80.0,13
2026-09-02T04:40:44.020658+00:00,btc-updown-5m-1788324000,5,4051768,64108323466985403319725999792534986091068140417591149720420366390689326333799,2026-09-02T04:40:00+00:00,2026-09-02T04:45:00+00:00,4.27,0.46,0.54,0.5,0.08,15.0,15.0,52
2026-09-02T04:40:44.020658+00:00,btc-updown-5m-1788324300,5,4051780,35774674985638298508999847806163239956386801418304959504154893449535464458293,2026-09-02T04:45:00+00:00,2026-09-02T04:50:00+00:00,9.27,0.5,0.51,0.505,0.01,11.0,141.0,78
2026-09-02T04:40:44.020658+00:00,btc-updown-15m-1788323400,15,4051544,21857745792568175049213347823022560770602681431051922501690111612816993200130,2026-09-02T04:30:00+00:00,2026-09-02T04:45:00+00:00,4.27,0.05,0.95,0.5,0.9,5.0,5.0,10
2026-09-02T04:40:44.020658+00:00,btc-updown-15m-1788324300,15,4051779,92106512157426521897321240501116601484145989645557618034615347852680915580075,2026-09-02T04:45:00+00:00,2026-09-02T05:00:00+00:00,19.27,0.46,0.51,0.485,0.05,12.0,80.0,13
2026-09-02T04:41:44.967257+00:00,btc-updown-5m-1788324000,5,4051768,64108323466985403319725999792534986091068140417591149720420366390689326333799,2026-09-02T04:40:00+00:00,2026-09-02T04:45:00+00:00,3.27,0.46,0.54,0.5,0.08,15.0,15.0,21
2026-09-02T04:41:44.967257+00:00,btc-updown-5m-1788324300,5,4051780,35774674985638298508999847806163239956386801418304959504154893449535464458293,2026-09-02T04:45:00+00:00,2026-09-02T04:50:00+00:00,8.27,0.5,0.51,0.505,0.01,11.0,141.0,78
2026-09-02T04:41:44.967257+00:00,btc-updown-15m-1788323400,15,4051544,21857745792568175049213347823022560770602681431051922501690111612816993200130,2026-09-02T04:30:00+00:00,2026-09-02T04:45:00+00:00,3.27,0.05,0.95,0.5,0.9,5.0,5.0,10
2026-09-02T04:41:44.967257+00:00,btc-updown-15m-1788324300,15,4051779,92106512157426521897321240501116601484145989645557618034615347852680915580075,2026-09-02T04:45:00+00:00,2026-09-02T05:00:00+00:00,18.27,0.46,0.51,0.485,0.05,12.0,80.0,13
2026-09-02T04:42:45.878208+00:00,btc-updown-5m-1788324000,5,4051768,64108323466985403319725999792534986091068140417591149720420366390689326333799,2026-09-02T04:40:00+00:00,2026-09-02T04:45:00+00:00,2.25,0.46,0.54,0.5,0.08,15.0,15.0,19
2026-09-02T04:42:45.878208+00:00,btc-updown-5m-1788324300,5,4051780,35774674985638298508999847806163239956386801418304959504154893449535464458293,2026-09-02T04:45:00+00:00,2026-09-02T04:50:00+00:00,7.25,0.5,0.51,0.505,0.01,11.0,141.0,76
2026-09-02T04:42:45.878208+00:00,btc-updown-15m-1788323400,15,4051544,21857745792568175049213347823022560770602681431051922501690111612816993200130,2026-09-02T04:30:00+00:00,2026-09-02T04:45:00+00:00,2.25,0.05,0.95,0.5,0.9,5.0,5.0,10
2026-09-02T04:42:45.878208+00:00,btc-updown-15m-1788324300,15,4051779,92106512157426521897321240501116601484145989645557618034615347852680915580075,2026-09-02T04:45:00+00:00,2026-09-02T05:00:00+00:00,17.25,0.46,0.51,0.485,0.05,12.0,80.0,13
2026-09-02T04:43:46.811251+00:00,btc-updown-5m-1788324000,5,4051768,64108323466985403319725999792534986091068140417591149720420366390689326333799,2026-09-02T04:40:00+00:00,2026-09-02T04:45:00+00:00,1.23,0.1,0.9,0.5,0.8,10.0,10.0,17
2026-09-02T04:43:46.811251+00:00,btc-updown-5m-1788324300,5,4051780,35774674985638298508999847806163239956386801418304959504154893449535464458293,2026-09-02T04:45:00+00:00,2026-09-02T04:50:00+00:00,6.23,0.5,0.51,0.505,0.01,11.0,131.0,76
2026-09-02T04:43:46.811251+00:00,btc-updown-15m-1788323400,15,4051544,21857745792568175049213347823022560770602681431051922501690111612816993200130,2026-09-02T04:30:00+00:00,2026-09-02T04:45:00+00:00,1.23,0.05,0.95,0.5,0.9,5.0,5.0,10
2026-09-02T04:43:46.811251+00:00,btc-updown-15m-1788324300,15,4051779,92106512157426521897321240501116601484145989645557618034615347852680915580075,2026-09-02T04:45:00+00:00,2026-09-02T05:00:00+00:00,16.23,0.46,0.51,0.485,0.05,12.0,80.0,13
2026-09-02T04:44:47.721957+00:00,btc-updown-5m-1788324000,5,4051768,64108323466985403319725999792534986091068140417591149720420366390689326333799,2026-09-02T04:40:00+00:00,2026-09-02T04:45:00+00:00,0.22,0.1,0.9,0.5,0.8,10.0,10.0,14
2026-09-02T04:44:47.721957+00:00,btc-updown-5m-1788324300,5,4051780,35774674985638298508999847806163239956386801418304959504154893449535464458293,2026-09-02T04:45:00+00:00,2026-09-02T04:50:00+00:00,5.22,0.49,0.51,0.5,0.02,120.0,120.0,54
2026-09-02T04:44:47.721957+00:00,btc-updown-15m-1788323400,15,4051544,21857745792568175049213347823022560770602681431051922501690111612816993200130,2026-09-02T04:30:00+00:00,2026-09-02T04:45:00+00:00,0.22,0.05,0.95,0.5,0.9,5.0,5.0,10
2026-09-02T04:44:47.721957+00:00,btc-updown-15m-1788324300,15,4051779,92106512157426521897321240501116601484145989645557618034615347852680915580075,2026-09-02T04:45:00+00:00,2026-09-02T05:00:00+00:00,15.22,0.04,0.96,0.5,0.92,55.0,55.0,6
2026-09-02T04:45:48.862301+00:00,btc-updown-5m-1788324300,5,4051780,35774674985638298508999847806163239956386801418304959504154893449535464458293,2026-09-02T04:45:00+00:00,2026-09-02T04:50:00+00:00,4.2,0.46,0.54,0.5,0.08,15.0,15.0,52
2026-09-02T04:45:48.862301+00:00,btc-updown-5m-1788324600,5,4052042,23890050435835920435795836556341541861500830483826531305194930061513972393023,2026-09-02T04:50:00+00:00,2026-09-02T04:55:00+00:00,9.2,0.5,0.51,0.505,0.01,11.0,141.0,80
2026-09-02T04:45:48.862301+00:00,btc-updown-15m-1788324300,15,4051779,92106512157426521897321240501116601484145989645557618034615347852680915580075,2026-09-02T04:45:00+00:00,2026-09-02T05:00:00+00:00,14.2,0.04,0.96,0.5,0.92,55.0,55.0,6
2026-09-02T04:45:48.862301+00:00,btc-updown-15m-1788325200,15,4052518,23785335843650681949132052759954276015660393913488980789561051558965538252514,2026-09-02T05:00:00+00:00,2026-09-02T05:15:00+00:00,29.2,0.49,0.51,0.5,0.02,5.8,85.8,86
2026-09-02T04:46:49.768054+00:00,btc-updown-5m-1788324300,5,4051780,35774674985638298508999847806163239956386801418304959504154893449535464458293,2026-09-02T04:45:00+00:00,2026-09-02T04:50:00+00:00,3.18,0.46,0.54,0.5,0.08,15.0,15.0,21
2026-09-02T04:46:49.768054+00:00,btc-updown-5m-1788324600,5,4052042,23890050435835920435795836556341541861500830483826531305194930061513972393023,2026-09-02T04:50:00+00:00,2026-09-02T04:55:00+00:00,8.18,0.5,0.51,0.505,0.01,11.0,141.0,78
2026-09-02T04:46:49.768054+00:00,btc-updown-15m-1788324300,15,4051779,92106512157426521897321240501116601484145989645557618034615347852680915580075,2026-09-02T04:45:00+00:00,2026-09-02T05:00:00+00:00,13.18,0.04,0.96,0.5,0.92,55.0,55.0,6
2026-09-02T04:46:49.768054+00:00,btc-updown-15m-1788325200,15,4052518,23785335843650681949132052759954276015660393913488980789561051558965538252514,2026-09-02T05:00:00+00:00,2026-09-02T05:15:00+00:00,28.18,0.49,0.51,0.5,0.02,5.8,85.8,86
2026-09-02T04:47:50.673430+00:00,btc-updown-5m-1788324300,5,4051780,35774674985638298508999847806163239956386801418304959504154893449535464458293,2026-09-02T04:45:00+00:00,2026-09-02T04:50:00+00:00,2.17,0.46,0.54,0.5,0.08,15.0,15.0,21
2026-09-02T04:47:50.673430+00:00,btc-updown-5m-1788324600,5,4052042,23890050435835920435795836556341541861500830483826531305194930061513972393023,2026-09-02T04:50:00+00:00,2026-09-02T04:55:00+00:00,7.17,0.5,0.51,0.505,0.01,11.0,141.0,76
2026-09-02T04:47:50.673430+00:00,btc-updown-15m-1788324300,15,4051779,92106512157426521897321240501116601484145989645557618034615347852680915580075,2026-09-02T04:45:00+00:00,2026-09-02T05:00:00+00:00,12.17,0.04,0.96,0.5,0.92,55.0,55.0,6
2026-09-02T04:47:50.673430+00:00,btc-updown-15m-1788325200,15,4052518,23785335843650681949132052759954276015660393913488980789561051558965538252514,2026-09-02T05:00:00+00:00,2026-09-02T05:15:00+00:00,27.17,0.49,0.51,0.5,0.02,5.8,85.8,86
2026-09-02T04:48:51.643411+00:00,btc-updown-5m-1788324300,5,4051780,35774674985638298508999847806163239956386801418304959504154893449535464458293,2026-09-02T04:45:00+00:00,2026-09-02T04:50:00+00:00,1.15,0.1,0.9,0.5,0.8,10.0,10.0,19
2026-09-02T04:48:51.643411+00:00,btc-updown-5m-1788324600,5,4052042,23890050435835920435795836556341541861500830483826531305194930061513972393023,2026-09-02T04:50:00+00:00,2026-09-02T04:55:00+00:00,6.15,0.5,0.51,0.505,0.01,6.0,126.0,76
2026-09-02T04:48:51.643411+00:00,btc-updown-15m-1788324300,15,4051779,92106512157426521897321240501116601484145989645557618034615347852680915580075,2026-09-02T04:45:00+00:00,2026-09-02T05:00:00+00:00,11.15,0.04,0.96,0.5,0.92,55.0,55.0,6
2026-09-02T04:48:51.643411+00:00,btc-updown-15m-1788325200,15,4052518,23785335843650681949132052759954276015660393913488980789561051558965538252514,2026-09-02T05:00:00+00:00,2026-09-02T05:15:00+00:00,26.15,0.49,0.51,0.5,0.02,5.8,85.8,84
2026-09-02T04:49:52.551725+00:00,btc-updown-5m-1788324300,5,4051780,35774674985638298508999847806163239956386801418304959504154893449535464458293,2026-09-02T04:45:00+00:00,2026-09-02T04:50:00+00:00,0.13,0.1,0.9,0.5,0.8,10.0,10.0,14
2026-09-02T04:49:52.551725+00:00,btc-updown-5m-1788324600,5,4052042,23890050435835920435795836556341541861500830483826531305194930061513972393023,2026-09-02T04:50:00+00:00,2026-09-02T04:55:00+00:00,5.13,0.49,0.51,0.5,0.02,120.0,120.0,52
2026-09-02T04:49:52.551725+00:00,btc-updown-15m-1788324300,15,4051779,92106512157426521897321240501116601484145989645557618034615347852680915580075,2026-09-02T04:45:00+00:00,2026-09-02T05:00:00+00:00,10.13,0.04,0.96,0.5,0.92,55.0,55.0,6
2026-09-02T04:49:52.551725+00:00,btc-updown-15m-1788325200,15,4052518,23785335843650681949132052759954276015660393913488980789561051558965538252514,2026-09-02T05:00:00+00:00,2026-09-02T05:15:00+00:00,25.13,0.46,0.51,0.485,0.05,12.0,80.0,83
2026-09-02T04:50:53.456748+00:00,btc-updown-5m-1788324600,5,4052042,23890050435835920435795836556341541861500830483826531305194930061513972393023,2026-09-02T04:50:00+00:00,2026-09-02T04:55:00+00:00,4.12,0.25,0.75,0.5,0.5,20.0,20.0,50
2026-09-02T04:50:53.456748+00:00,btc-updown-5m-1788324900,5,4052394,31943274437759147196991672368978036069078775074702865416806333273005883951925,2026-09-02T04:55:00+00:00,2026-09-02T05:00:00+00:00,9.12,0.5,0.51,0.505,0.01,11.0,141.0,78
2026-09-02T04:50:53.456748+00:00,btc-updown-15m-1788324300,15,4051779,92106512157426521897321240501116601484145989645557618034615347852680915580075,2026-09-02T04:45:00+00:00,2026-09-02T05:00:00+00:00,9.12,0.04,0.96,0.5,0.92,55.0,55.0,6
2026-09-02T04:50:53.456748+00:00,btc-updown-15m-1788325200,15,4052518,23785335843650681949132052759954276015660393913488980789561051558965538252514,2026-09-02T05:00:00+00:00,2026-09-02T05:15:00+00:00,24.12,0.46,0.51,0.485,0.05,12.0,80.0,81
2026-09-02T04:51:54.359620+00:00,btc-updown-5m-1788324600,5,4052042,23890050435835920435795836556341541861500830483826531305194930061513972393023,2026-09-02T04:50:00+00:00,2026-09-02T04:55:00+00:00,3.1,0.1,0.9,0.5,0.8,10.0,10.0,18
2026-09-02T04:51:54.359620+00:00,btc-updown-5m-1788324900,5,4052394,31943274437759147196991672368978036069078775074702865416806333273005883951925,2026-09-02T04:55:00+00:00,2026-09-02T05:00:00+00:00,8.1,0.5,0.51,0.505,0.01,11.0,141.0,78
2026-09-02T04:51:54.359620+00:00,btc-updown-15m-1788324300,15,4051779,92106512157426521897321240501116601484145989645557618034615347852680915580075,2026-09-02T04:45:00+00:00,2026-09-02T05:00:00+00:00,8.1,0.04,0.96,0.5,0.92,55.0,55.0,6
2026-09-02T04:51:54.359620+00:00,btc-updown-15m-1788325200,15,4052518,23785335843650681949132052759954276015660393913488980789561051558965538252514,2026-09-02T05:00:00+00:00,2026-09-02T05:15:00+00:00,23.1,0.46,0.51,0.485,0.05,12.0,80.0,81
2026-09-02T04:52:55.299879+00:00,btc-updown-5m-1788324600,5,4052042,23890050435835920435795836556341541861500830483826531305194930061513972393023,2026-09-02T04:50:00+00:00,2026-09-02T04:55:00+00:00,2.08,0.1,0.9,0.5,0.8,10.0,10.0,18
2026-09-02T04:52:55.299879+00:00,btc-updown-5m-1788324900,5,4052394,31943274437759147196991672368978036069078775074702865416806333273005883951925,2026-09-02T04:55:00+00:00,2026-09-02T05:00:00+00:00,7.08,0.5,0.51,0.505,0.01,11.0,141.0,76
2026-09-02T04:52:55.299879+00:00,btc-updown-15m-1788324300,15,4051779,92106512157426521897321240501116601484145989645557618034615347852680915580075,2026-09-02T04:45:00+00:00,2026-09-02T05:00:00+00:00,7.08,0.04,0.96,0.5,0.92,55.0,55.0,6
2026-09-02T04:52:55.299879+00:00,btc-updown-15m-1788325200,15,4052518,23785335843650681949132052759954276015660393913488980789561051558965538252514,2026-09-02T05:00:00+00:00,2026-09-02T05:15:00+00:00,22.08,0.46,0.51,0.485,0.05,12.0,80.0,81
2026-09-02T04:53:56.216536+00:00,btc-updown-5m-1788324600,5,4052042,23890050435835920435795836556341541861500830483826531305194930061513972393023,2026-09-02T04:50:00+00:00,2026-09-02T04:55:00+00:00,1.07,0.1,0.9,0.5,0.8,10.0,10.0,14
2026-09-02T04:53:56.216536+00:00,btc-updown-5m-1788324900,5,4052394,31943274437759147196991672368978036069078775074702865416806333273005883951925,2026-09-02T04:55:00+00:00,2026-09-02T05:00:00+00:00,6.07,0.5,0.51,0.505,0.01,6.0,6.0,75
2026-09-02T04:53:56.216536+00:00,btc-updown-15m-1788324300,15,4051779,92106512157426521897321240501116601484145989645557618034615347852680915580075,2026-09-02T04:45:00+00:00,2026-09-02T05:00:00+00:00,6.07,0.04,0.96,0.5,0.92,55.0,55.0,6
2026-09-02T04:53:56.216536+00:00,btc-updown-15m-1788325200,15,4052518,23785335843650681949132052759954276015660393913488980789561051558965538252514,2026-09-02T05:00:00+00:00,2026-09-02T05:15:00+00:00,21.07,0.46,0.51,0.485,0.05,12.0,80.0,81
2026-09-02T04:54:57.212019+00:00,btc-updown-5m-1788324600,5,4052042,23890050435835920435795836556341541861500830483826531305194930061513972393023,2026-09-02T04:50:00+00:00,2026-09-02T04:55:00+00:00,0.05,0.1,0.9,0.5,0.8,10.0,10.0,14
2026-09-02T04:54:57.212019+00:00,btc-updown-5m-1788324900,5,4052394,31943274437759147196991672368978036069078775074702865416806333273005883951925,2026-09-02T04:55:00+00:00,2026-09-02T05:00:00+00:00,5.05,0.25,0.75,0.5,0.5,20.0,20.0,50
2026-09-02T04:54:57.212019+00:00,btc-updown-15m-1788324300,15,4051779,92106512157426521897321240501116601484145989645557618034615347852680915580075,2026-09-02T04:45:00+00:00,2026-09-02T05:00:00+00:00,5.05,0.04,0.96,0.5,0.92,55.0,55.0,6
2026-09-02T04:54:57.212019+00:00,btc-updown-15m-1788325200,15,4052518,23785335843650681949132052759954276015660393913488980789561051558965538252514,2026-09-02T05:00:00+00:00,2026-09-02T05:15:00+00:00,20.05,0.46,0.51,0.485,0.05,12.0,80.0,81
2026-09-02T04:55:58.176277+00:00,btc-updown-5m-1788324900,5,4052394,31943274437759147196991672368978036069078775074702865416806333273005883951925,2026-09-02T04:55:00+00:00,2026-09-02T05:00:00+00:00,4.03,0.25,0.75,0.5,0.5,20.0,20.0,50
2026-09-02T04:55:58.176277+00:00,btc-updown-5m-1788325200,5,4052509,22311305275892341868880025711451641085494329562035757974275076825867863688386,2026-09-02T05:00:00+00:00,2026-09-02T05:05:00+00:00,9.03,0.5,0.51,0.505,0.01,11.0,21.0,78
2026-09-02T04:55:58.176277+00:00,btc-updown-15m-1788324300,15,4051779,92106512157426521897321240501116601484145989645557618034615347852680915580075,2026-09-02T04:45:00+00:00,2026-09-02T05:00:00+00:00,4.03,0.04,0.96,0.5,0.92,35.0,35.0,6
2026-09-02T04:55:58.176277+00:00,btc-updown-15m-1788325200,15,4052518,23785335843650681949132052759954276015660393913488980789561051558965538252514,2026-09-02T05:00:00+00:00,2026-09-02T05:15:00+00:00,19.03,0.46,0.51,0.485,0.05,12.0,30.0,81
2026-09-02T04:56:59.093771+00:00,btc-updown-5m-1788324900,5,4052394,31943274437759147196991672368978036069078775074702865416806333273005883951925,2026-09-02T04:55:00+00:00,2026-09-02T05:00:00+00:00,3.02,0.33,0.34,0.335,0.01,185.0,14.0,99
2026-09-02T04:56:59.093771+00:00,btc-updown-5m-1788325200,5,4052509,22311305275892341868880025711451641085494329562035757974275076825867863688386,2026-09-02T05:00:00+00:00,2026-09-02T05:05:00+00:00,8.02,0.48,0.49,0.485,0.01,210.93,31.95,85
2026-09-02T04:56:59.093771+00:00,btc-updown-15m-1788324300,15,4051779,92106512157426521897321240501116601484145989645557618034615347852680915580075,2026-09-02T04:45:00+00:00,2026-09-02T05:00:00+00:00,3.02,0.2,0.21,0.205,0.01,147.6,20.0,99
2026-09-02T04:56:59.093771+00:00,btc-updown-15m-1788325200,15,4052518,23785335843650681949132052759954276015660393913488980789561051558965538252514,2026-09-02T05:00:00+00:00,2026-09-02T05:15:00+00:00,18.02,0.5,0.51,0.505,0.01,55.0,702.5,87
2026-09-02T04:58:00.025129+00:00,btc-updown-5m-1788324900,5,4052394,31943274437759147196991672368978036069078775074702865416806333273005883951925,2026-09-02T04:55:00+00:00,2026-09-02T05:00:00+00:00,2.0,0.3,0.31,0.305,0.01,135.72,10.87,99
2026-09-02T04:58:00.025129+00:00,btc-updown-5m-1788325200,5,4052509,22311305275892341868880025711451641085494329562035757974275076825867863688386,2026-09-02T05:00:00+00:00,2026-09-02T05:05:00+00:00,7.0,0.48,0.49,0.485,0.01,210.93,181.95,85
2026-09-02T04:58:00.025129+00:00,btc-updown-15m-1788324300,15,4051779,92106512157426521897321240501116601484145989645557618034615347852680915580075,2026-09-02T04:45:00+00:00,2026-09-02T05:00:00+00:00,2.0,0.18,0.19,0.185,0.01,7.53,65.0,99
2026-09-02T04:58:00.025129+00:00,btc-updown-15m-1788325200,15,4052518,23785335843650681949132052759954276015660393913488980789561051558965538252514,2026-09-02T05:00:00+00:00,2026-09-02T05:15:00+00:00,17.0,0.5,0.51,0.505,0.01,105.0,708.5,85
2026-09-02T04:59:01.073676+00:00,btc-updown-5m-1788324900,5,4052394,31943274437759147196991672368978036069078775074702865416806333273005883951925,2026-09-02T04:55:00+00:00,2026-09-02T05:00:00+00:00,0.98,0.08,0.18,0.13,0.1,100.0,5.0,90
2026-09-02T04:59:01.073676+00:00,btc-updown-5m-1788325200,5,4052509,22311305275892341868880025711451641085494329562035757974275076825867863688386,2026-09-02T05:00:00+00:00,2026-09-02T05:05:00+00:00,5.98,0.48,0.49,0.485,0.01,95.0,187.86,99
2026-09-02T04:59:01.073676+00:00,btc-updown-15m-1788324300,15,4051779,92106512157426521897321240501116601484145989645557618034615347852680915580075,2026-09-02T04:45:00+00:00,2026-09-02T05:00:00+00:00,0.98,0.03,0.04,0.035,0.01,59.85,5.21,30
2026-09-02T04:59:01.073676+00:00,btc-updown-15m-1788325200,15,4052518,23785335843650681949132052759954276015660393913488980789561051558965538252514,2026-09-02T05:00:00+00:00,2026-09-02T05:15:00+00:00,15.98,0.5,0.51,0.505,0.01,55.0,448.51,73
2026-09-02T05:00:01.991668+00:00,btc-updown-5m-1788325200,5,4052509,22311305275892341868880025711451641085494329562035757974275076825867863688386,2026-09-02T05:00:00+00:00,2026-09-02T05:05:00+00:00,4.98,0.48,0.49,0.485,0.01,165.23,24.0,99
2026-09-02T05:00:01.991668+00:00,btc-updown-5m-1788325500,5,4052519,51922894266494799949198085609274600740930578866219937071258092647607379335148,2026-09-02T05:05:00+00:00,2026-09-02T05:10:00+00:00,9.98,0.49,0.5,0.495,0.01,133.15,643.31,99
2026-09-02T05:00:01.991668+00:00,btc-updown-15m-1788325200,15,4052518,23785335843650681949132052759954276015660393913488980789561051558965538252514,2026-09-02T05:00:00+00:00,2026-09-02T05:15:00+00:00,14.98,0.5,0.51,0.505,0.01,20.1,294.24,59
2026-09-02T05:00:01.991668+00:00,btc-updown-15m-1788326100,15,4052622,62552680194539114152709055562361846035021631172384506859200173604919870976630,2026-09-02T05:15:00+00:00,2026-09-02T05:30:00+00:00,29.98,0.47,0.48,0.475,0.01,312.77,241.48,89
2026-09-02T05:01:02.940277+00:00,btc-updown-5m-1788325200,5,4052509,22311305275892341868880025711451641085494329562035757974275076825867863688386,2026-09-02T05:00:00+00:00,2026-09-02T05:05:00+00:00,3.97,0.38,0.39,0.385,0.01,91.9,156.33,99
2026-09-02T05:01:02.940277+00:00,btc-updown-5m-1788325500,5,4052519,51922894266494799949198085609274600740930578866219937071258092647607379335148,2026-09-02T05:05:00+00:00,2026-09-02T05:10:00+00:00,8.97,0.49,0.5,0.495,0.01,275.0,1267.31,96
2026-09-02T05:01:02.940277+00:00,btc-updown-15m-1788325200,15,4052518,23785335843650681949132052759954276015660393913488980789561051558965538252514,2026-09-02T05:00:00+00:00,2026-09-02T05:15:00+00:00,13.97,0.41,0.42,0.415,0.01,74.91,10.0,99
2026-09-02T05:01:02.940277+00:00,btc-updown-15m-1788326100,15,4052622,62552680194539114152709055562361846035021631172384506859200173604919870976630,2026-09-02T05:15:00+00:00,2026-09-02T05:30:00+00:00,28.97,0.47,0.48,0.475,0.01,567.77,248.28,91
2026-09-02T05:02:03.870164+00:00,btc-updown-5m-1788325200,5,4052509,22311305275892341868880025711451641085494329562035757974275076825867863688386,2026-09-02T05:00:00+00:00,2026-09-02T05:05:00+00:00,2.95,0.05,0.06,0.055,0.01,81.86,247.17,99
2026-09-02T05:02:03.870164+00:00,btc-updown-5m-1788325500,5,4052519,51922894266494799949198085609274600740930578866219937071258092647607379335148,2026-09-02T05:05:00+00:00,2026-09-02T05:10:00+00:00,7.95,0.48,0.49,0.485,0.01,295.0,204.0,97
2026-09-02T05:02:03.870164+00:00,btc-updown-15m-1788325200,15,4052518,23785335843650681949132052759954276015660393913488980789561051558965538252514,2026-09-02T05:00:00+00:00,2026-09-02T05:15:00+00:00,12.95,0.19,0.2,0.195,0.01,5.98,147.0,99
2026-09-02T05:02:03.870164+00:00,btc-updown-15m-1788326100,15,4052622,62552680194539114152709055562361846035021631172384506859200173604919870976630,2026-09-02T05:15:00+00:00,2026-09-02T05:30:00+00:00,27.95,0.47,0.48,0.475,0.01,637.77,248.28,91
2026-09-02T05:03:04.896616+00:00,btc-updown-5m-1788325500,5,4052519,51922894266494799949198085609274600740930578866219937071258092647607379335148,2026-09-02T05:05:00+00:00,2026-09-02T05:10:00+00:00,6.93,0.47,0.48,0.475,0.01,216.0,240.4,97
2026-09-02T05:03:04.896616+00:00,btc-updown-15m-1788325200,15,4052518,23785335843650681949132052759954276015660393913488980789561051558965538252514,2026-09-02T05:00:00+00:00,2026-09-02T05:15:00+00:00,11.93,0.16,0.17,0.165,0.01,104.0,121.14,99
2026-09-02T05:03:04.896616+00:00,btc-updown-15m-1788326100,15,4052622,62552680194539114152709055562361846035021631172384506859200173604919870976630,2026-09-02T05:15:00+00:00,2026-09-02T05:30:00+00:00,26.93,0.47,0.48,0.475,0.01,837.77,248.28,91
2026-09-02T05:04:05.731055+00:00,btc-updown-5m-1788325500,5,4052519,51922894266494799949198085609274600740930578866219937071258092647607379335148,2026-09-02T05:05:00+00:00,2026-09-02T05:10:00+00:00,5.92,0.47,0.48,0.475,0.01,113.32,142.92,99
2026-09-02T05:04:05.731055+00:00,btc-updown-15m-1788325200,15,4052518,23785335843650681949132052759954276015660393913488980789561051558965538252514,2026-09-02T05:00:00+00:00,2026-09-02T05:15:00+00:00,10.92,0.26,0.27,0.265,0.01,44.74,175.57,99
2026-09-02T05:04:05.731055+00:00,btc-updown-15m-1788326100,15,4052622,62552680194539114152709055562361846035021631172384506859200173604919870976630,2026-09-02T05:15:00+00:00,2026-09-02T05:30:00+00:00,25.92,0.47,0.48,0.475,0.01,837.77,206.61,91
2026-09-02T05:05:06.575990+00:00,btc-updown-5m-1788325500,5,4052519,51922894266494799949198085609274600740930578866219937071258092647607379335148,2026-09-02T05:05:00+00:00,2026-09-02T05:10:00+00:00,4.9,0.31,0.32,0.315,0.01,277.35,203.97,99
2026-09-02T05:05:06.575990+00:00,btc-updown-5m-1788325800,5,4052530,70574804382070341255175615893737411619669305309019524424391420098058646807547,2026-09-02T05:10:00+00:00,2026-09-02T05:15:00+00:00,9.9,0.49,0.5,0.495,0.01,298.12,750.9,99
2026-09-02T05:05:06.575990+00:00,btc-updown-15m-1788325200,15,4052518,23785335843650681949132052759954276015660393913488980789561051558965538252514,2026-09-02T05:00:00+00:00,2026-09-02T05:15:00+00:00,9.9,0.17,0.18,0.175,0.01,135.0,143.24,99
2026-09-02T05:05:06.575990+00:00,btc-updown-15m-1788326100,15,4052622,62552680194539114152709055562361846035021631172384506859200173604919870976630,2026-09-02T05:15:00+00:00,2026-09-02T05:30:00+00:00,24.9,0.47,0.48,0.475,0.01,937.77,206.61,91
2026-09-02T05:06:07.506478+00:00,btc-updown-5m-1788325500,5,4052519,51922894266494799949198085609274600740930578866219937071258092647607379335148,2026-09-02T05:05:00+00:00,2026-09-02T05:10:00+00:00,3.88,0.22,0.23,0.225,0.01,316.17,50.26,99
2026-09-02T05:06:07.506478+00:00,btc-updown-5m-1788325800,5,4052530,70574804382070341255175615893737411619669305309019524424391420098058646807547,2026-09-02T05:10:00+00:00,2026-09-02T05:15:00+00:00,8.88,0.49,0.5,0.495,0.01,431.0,605.9,97
2026-09-02T05:06:07.506478+00:00,btc-updown-15m-1788325200,15,4052518,23785335843650681949132052759954276015660393913488980789561051558965538252514,2026-09-02T05:00:00+00:00,2026-09-02T05:15:00+00:00,8.88,0.13,0.14,0.135,0.01,380.29,119.99,75
2026-09-02T05:06:07.506478+00:00,btc-updown-15m-1788326100,15,4052622,62552680194539114152709055562361846035021631172384506859200173604919870976630,2026-09-02T05:15:00+00:00,2026-09-02T05:30:00+00:00,23.88,0.47,0.48,0.475,0.01,835.88,131.61,89
2026-09-02T05:07:08.521489+00:00,btc-updown-5m-1788325500,5,4052519,51922894266494799949198085609274600740930578866219937071258092647607379335148,2026-09-02T05:05:00+00:00,2026-09-02T05:10:00+00:00,2.87,0.07,0.08,0.075,0.01,222.44,114.6,99
2026-09-02T05:07:08.521489+00:00,btc-updown-5m-1788325800,5,4052530,70574804382070341255175615893737411619669305309019524424391420098058646807547,2026-09-02T05:10:00+00:00,2026-09-02T05:15:00+00:00,7.87,0.48,0.5,0.49,0.02,351.0,606.6,96
2026-09-02T05:07:08.521489+00:00,btc-updown-15m-1788325200,15,4052518,23785335843650681949132052759954276015660393913488980789561051558965538252514,2026-09-02T05:00:00+00:00,2026-09-02T05:15:00+00:00,7.87,0.05,0.06,0.055,0.01,247.82,45.0,69
2026-09-02T05:07:08.521489+00:00,btc-updown-15m-1788326100,15,4052622,62552680194539114152709055562361846035021631172384506859200173604919870976630,2026-09-02T05:15:00+00:00,2026-09-02T05:30:00+00:00,22.87,0.47,0.48,0.475,0.01,835.88,131.61,89
2026-09-02T05:08:09.450955+00:00,btc-updown-5m-1788325500,5,4052519,51922894266494799949198085609274600740930578866219937071258092647607379335148,2026-09-02T05:05:00+00:00,2026-09-02T05:10:00+00:00,1.85,0.03,0.04,0.035,0.01,140.85,361.61,99
2026-09-02T05:08:09.450955+00:00,btc-updown-5m-1788325800,5,4052530,70574804382070341255175615893737411619669305309019524424391420098058646807547,2026-09-02T05:10:00+00:00,2026-09-02T05:15:00+00:00,6.85,0.48,0.49,0.485,0.01,221.72,31.0,97
2026-09-02T05:08:09.450955+00:00,btc-updown-15m-1788325200,15,4052518,23785335843650681949132052759954276015660393913488980789561051558965538252514,2026-09-02T05:00:00+00:00,2026-09-02T05:15:00+00:00,6.85,0.05,0.06,0.055,0.01,208.0,130.0,70
2026-09-02T05:08:09.450955+00:00,btc-updown-15m-1788326100,15,4052622,62552680194539114152709055562361846035021631172384506859200173604919870976630,2026-09-02T05:15:00+00:00,2026-09-02T05:30:00+00:00,21.85,0.47,0.48,0.475,0.01,835.88,131.61,89
2026-09-02T05:09:10.399284+00:00,btc-updown-5m-1788325500,5,4052519,51922894266494799949198085609274600740930578866219937071258092647607379335148,2026-09-02T05:05:00+00:00,2026-09-02T05:10:00+00:00,0.83,0.001,0.01,0.0055,0.009,128.9,849.62,111
2026-09-02T05:09:10.399284+00:00,btc-updown-5m-1788325800,5,4052530,70574804382070341255175615893737411619669305309019524424391420098058646807547,2026-09-02T05:10:00+00:00,2026-09-02T05:15:00+00:00,5.83,0.49,0.5,0.495,0.01,100.73,125.66,99
2026-09-02T05:09:10.399284+00:00,btc-updown-15m-1788325200,15,4052518,23785335843650681949132052759954276015660393913488980789561051558965538252514,2026-09-02T05:00:00+00:00,2026-09-02T05:15:00+00:00,5.83,0.08,0.09,0.085,0.01,83.0,44.0,72
2026-09-02T05:09:10.399284+00:00,btc-updown-15m-1788326100,15,4052622,62552680194539114152709055562361846035021631172384506859200173604919870976630,2026-09-02T05:15:00+00:00,2026-09-02T05:30:00+00:00,20.83,0.47,0.48,0.475,0.01,735.88,131.61,91
2026-09-02T05:10:11.311430+00:00,btc-updown-5m-1788325800,5,4052530,70574804382070341255175615893737411619669305309019524424391420098058646807547,2026-09-02T05:10:00+00:00,2026-09-02T05:15:00+00:00,4.82,0.42,0.43,0.425,0.01,198.65,110.42,99
2026-09-02T05:10:11.311430+00:00,btc-updown-5m-1788326100,5,4052624,47483237090777432405574214603603406164007876452146482288612374913193120470660,2026-09-02T05:15:00+00:00,2026-09-02T05:20:00+00:00,9.82,0.5,0.51,0.505,0.01,118.93,366.9,99
2026-09-02T05:10:11.311430+00:00,btc-updown-15m-1788325200,15,4052518,23785335843650681949132052759954276015660393913488980789561051558965538252514,2026-09-02T05:00:00+00:00,2026-09-02T05:15:00+00:00,4.82,0.04,0.05,0.045,0.01,143.59,115.78,71
2026-09-02T05:10:11.311430+00:00,btc-updown-15m-1788326100,15,4052622,62552680194539114152709055562361846035021631172384506859200173604919870976630,2026-09-02T05:15:00+00:00,2026-09-02T05:30:00+00:00,19.82,0.47,0.48,0.475,0.01,645.88,131.19,91
2026-09-02T05:11:12.259982+00:00,btc-updown-5m-1788325800,5,4052530,70574804382070341255175615893737411619669305309019524424391420098058646807547,2026-09-02T05:10:00+00:00,2026-09-02T05:15:00+00:00,3.8,0.79,0.8,0.795,0.01,128.0,405.31,99
2026-09-02T05:11:12.259982+00:00,btc-updown-5m-1788326100,5,4052624,47483237090777432405574214603603406164007876452146482288612374913193120470660,2026-09-02T05:15:00+00:00,2026-09-02T05:20:00+00:00,8.8,0.5,0.51,0.505,0.01,123.93,504.08,97
2026-09-02T05:11:12.259982+00:00,btc-updown-15m-1788325200,15,4052518,23785335843650681949132052759954276015660393913488980789561051558965538252514,2026-09-02T05:00:00+00:00,2026-09-02T05:15:00+00:00,3.8,0.12,0.13,0.125,0.01,46.34,97.3,71
2026-09-02T05:11:12.259982+00:00,btc-updown-15m-1788326100,15,4052622,62552680194539114152709055562361846035021631172384506859200173604919870976630,2026-09-02T05:15:00+00:00,2026-09-02T05:30:00+00:00,18.8,0.47,0.48,0.475,0.01,525.88,130.89,93
2026-09-02T05:12:13.177598+00:00,btc-updown-5m-1788325800,5,4052530,70574804382070341255175615893737411619669305309019524424391420098058646807547,2026-09-02T05:10:00+00:00,2026-09-02T05:15:00+00:00,2.78,0.93,0.94,0.935,0.01,147.27,148.17,99
2026-09-02T05:12:13.177598+00:00,btc-updown-5m-1788326100,5,4052624,47483237090777432405574214603603406164007876452146482288612374913193120470660,2026-09-02T05:15:00+00:00,2026-09-02T05:20:00+00:00,7.78,0.5,0.51,0.505,0.01,113.93,493.51,98
2026-09-02T05:12:13.177598+00:00,btc-updown-15m-1788325200,15,4052518,23785335843650681949132052759954276015660393913488980789561051558965538252514,2026-09-02T05:00:00+00:00,2026-09-02T05:15:00+00:00,2.78,0.29,0.3,0.295,0.01,25.0,120.83,76
2026-09-02T05:12:13.177598+00:00,btc-updown-15m-1788326100,15,4052622,62552680194539114152709055562361846035021631172384506859200173604919870976630,2026-09-02T05:15:00+00:00,2026-09-02T05:30:00+00:00,17.78,0.47,0.48,0.475,0.01,529.88,126.71,93
2026-09-02T05:13:14.139745+00:00,btc-updown-5m-1788326100,5,4052624,47483237090777432405574214603603406164007876452146482288612374913193120470660,2026-09-02T05:15:00+00:00,2026-09-02T05:20:00+00:00,6.77,0.5,0.51,0.505,0.01,115.97,489.51,98
2026-09-02T05:13:14.139745+00:00,btc-updown-15m-1788325200,15,4052518,23785335843650681949132052759954276015660393913488980789561051558965538252514,2026-09-02T05:00:00+00:00,2026-09-02T05:15:00+00:00,1.77,0.31,0.32,0.315,0.01,9.27,46.0,78
2026-09-02T05:13:14.139745+00:00,btc-updown-15m-1788326100,15,4052622,62552680194539114152709055562361846035021631172384506859200173604919870976630,2026-09-02T05:15:00+00:00,2026-09-02T05:30:00+00:00,16.77,0.47,0.48,0.475,0.01,529.88,65.87,93
2026-09-02T05:14:14.951122+00:00,btc-updown-5m-1788326100,5,4052624,47483237090777432405574214603603406164007876452146482288612374913193120470660,2026-09-02T05:15:00+00:00,2026-09-02T05:20:00+00:00,5.77,0.48,0.49,0.485,0.01,36.29,73.65,99
2026-09-02T05:14:14.951122+00:00,btc-updown-15m-1788326100,15,4052622,62552680194539114152709055562361846035021631172384506859200173604919870976630,2026-09-02T05:15:00+00:00,2026-09-02T05:30:00+00:00,15.77,0.47,0.48,0.475,0.01,235.48,237.34,81
2026-09-02T05:15:15.667713+00:00,btc-updown-5m-1788326100,5,4052624,47483237090777432405574214603603406164007876452146482288612374913193120470660,2026-09-02T05:15:00+00:00,2026-09-02T05:20:00+00:00,4.75,0.61,0.62,0.615,0.01,141.84,21.93,99
2026-09-02T05:15:15.667713+00:00,btc-updown-5m-1788326400,5,4052645,50163257635555782947658443368514094825706977263023073891880269906063627930300,2026-09-02T05:20:00+00:00,2026-09-02T05:25:00+00:00,9.75,0.48,0.49,0.485,0.01,35.0,102.88,99
2026-09-02T05:15:15.667713+00:00,btc-updown-15m-1788326100,15,4052622,62552680194539114152709055562361846035021631172384506859200173604919870976630,2026-09-02T05:15:00+00:00,2026-09-02T05:30:00+00:00,14.75,0.51,0.52,0.515,0.01,53.0,100.0,89
2026-09-02T05:15:15.667713+00:00,btc-updown-15m-1788327000,15,4052821,38834220118970659146926052768161793524457654680232525379062809666328464041217,2026-09-02T05:30:00+00:00,2026-09-02T05:45:00+00:00,29.75,0.49,0.5,0.495,0.01,280.34,560.4,99
2026-09-02T05:16:16.669270+00:00,btc-updown-5m-1788326100,5,4052624,47483237090777432405574214603603406164007876452146482288612374913193120470660,2026-09-02T05:15:00+00:00,2026-09-02T05:20:00+00:00,3.73,0.91,0.92,0.915,0.01,290.0,126.05,99
2026-09-02T05:16:16.669270+00:00,btc-updown-5m-1788326400,5,4052645,50163257635555782947658443368514094825706977263023073891880269906063627930300,2026-09-02T05:20:00+00:00,2026-09-02T05:25:00+00:00,8.73,0.48,0.49,0.485,0.01,220.58,102.88,95
2026-09-02T05:16:16.669270+00:00,btc-updown-15m-1788326100,15,4052622,62552680194539114152709055562361846035021631172384506859200173604919870976630,2026-09-02T05:15:00+00:00,2026-09-02T05:30:00+00:00,13.73,0.75,0.76,0.755,0.01,27.0,138.0,99
2026-09-02T05:16:16.669270+00:00,btc-updown-15m-1788327000,15,4052821,38834220118970659146926052768161793524457654680232525379062809666328464041217,2026-09-02T05:30:00+00:00,2026-09-02T05:45:00+00:00,28.73,0.49,0.5,0.495,0.01,276.26,766.9,99
2026-09-02T05:17:17.664339+00:00,btc-updown-5m-1788326100,5,4052624,47483237090777432405574214603603406164007876452146482288612374913193120470660,2026-09-02T05:15:00+00:00,2026-09-02T05:20:00+00:00,2.72,0.75,0.76,0.755,0.01,211.0,45.0,99
2026-09-02T05:17:17.664339+00:00,btc-updown-5m-1788326400,5,4052645,50163257635555782947658443368514094825706977263023073891880269906063627930300,2026-09-02T05:20:00+00:00,2026-09-02T05:25:00+00:00,7.72,0.46,0.47,0.465,0.01,284.71,47.0,95
2026-09-02T05:17:17.664339+00:00,btc-updown-15m-1788326100,15,4052622,62552680194539114152709055562361846035021631172384506859200173604919870976630,2026-09-02T05:15:00+00:00,2026-09-02T05:30:00+00:00,12.72,0.64,0.65,0.645,0.01,117.88,93.0,99
2026-09-02T05:17:17.664339+00:00,btc-updown-15m-1788327000,15,4052821,38834220118970659146926052768161793524457654680232525379062809666328464041217,2026-09-02T05:30:00+00:00,2026-09-02T05:45:00+00:00,27.72,0.48,0.49,0.485,0.01,468.33,664.08,99
2026-09-02T05:18:18.574943+00:00,btc-updown-5m-1788326100,5,4052624,47483237090777432405574214603603406164007876452146482288612374913193120470660,2026-09-02T05:15:00+00:00,2026-09-02T05:20:00+00:00,1.7,0.91,0.92,0.915,0.01,39.83,197.33,99
2026-09-02T05:18:18.574943+00:00,btc-updown-5m-1788326400,5,4052645,50163257635555782947658443368514094825706977263023073891880269906063627930300,2026-09-02T05:20:00+00:00,2026-09-02T05:25:00+00:00,6.7,0.48,0.5,0.49,0.02,235.0,136.93,95
2026-09-02T05:18:18.574943+00:00,btc-updown-15m-1788326100,15,4052622,62552680194539114152709055562361846035021631172384506859200173604919870976630,2026-09-02T05:15:00+00:00,2026-09-02T05:30:00+00:00,11.7,0.65,0.66,0.655,0.01,50.0,53.0,99
2026-09-02T05:18:18.574943+00:00,btc-updown-15m-1788327000,15,4052821,38834220118970659146926052768161793524457654680232525379062809666328464041217,2026-09-02T05:30:00+00:00,2026-09-02T05:45:00+00:00,26.7,0.48,0.49,0.485,0.01,468.33,470.08,99
2026-09-02T05:19:19.487403+00:00,btc-updown-5m-1788326400,5,4052645,50163257635555782947658443368514094825706977263023073891880269906063627930300,2026-09-02T05:20:00+00:00,2026-09-02T05:25:00+00:00,5.68,0.49,0.5,0.495,0.01,291.0,43.0,99
2026-09-02T05:19:19.487403+00:00,btc-updown-15m-1788326100,15,4052622,62552680194539114152709055562361846035021631172384506859200173604919870976630,2026-09-02T05:15:00+00:00,2026-09-02T05:30:00+00:00,10.68,0.71,0.72,0.715,0.01,40.0,99.98,99
2026-09-02T05:19:19.487403+00:00,btc-updown-15m-1788327000,15,4052821,38834220118970659146926052768161793524457654680232525379062809666328464041217,2026-09-02T05:30:00+00:00,2026-09-02T05:45:00+00:00,25.68,0.48,0.49,0.485,0.01,360.0,470.08,99
2026-09-02T05:20:20.323133+00:00,btc-updown-5m-1788326400,5,4052645,50163257635555782947658443368514094825706977263023073891880269906063627930300,2026-09-02T05:20:00+00:00,2026-09-02T05:25:00+00:00,4.67,0.59,0.6,0.595,0.01,519.34,78.44,99
2026-09-02T05:20:20.323133+00:00,btc-updown-5m-1788326700,5,4052796,42885313799012093232400015022619736199213289630450220708218549226370963672538,2026-09-02T05:25:00+00:00,2026-09-02T05:30:00+00:00,9.67,0.49,0.5,0.495,0.01,254.55,641.9,99
2026-09-02T05:20:20.323133+00:00,btc-updown-15m-1788326100,15,4052622,62552680194539114152709055562361846035021631172384506859200173604919870976630,2026-09-02T05:15:00+00:00,2026-09-02T05:30:00+00:00,9.67,0.76,0.77,0.765,0.01,124.16,100.0,99
2026-09-02T05:20:20.323133+00:00,btc-updown-15m-1788327000,15,4052821,38834220118970659146926052768161793524457654680232525379062809666328464041217,2026-09-02T05:30:00+00:00,2026-09-02T05:45:00+00:00,24.67,0.47,0.48,0.475,0.01,472.77,110.0,99
2026-09-02T05:21:21.245683+00:00,btc-updown-5m-1788326400,5,4052645,50163257635555782947658443368514094825706977263023073891880269906063627930300,2026-09-02T05:20:00+00:00,2026-09-02T05:25:00+00:00,3.65,0.72,0.73,0.725,0.01,88.0,239.42,99
2026-09-02T05:21:21.245683+00:00,btc-updown-5m-1788326700,5,4052796,42885313799012093232400015022619736199213289630450220708218549226370963672538,2026-09-02T05:25:00+00:00,2026-09-02T05:30:00+00:00,8.65,0.49,0.5,0.495,0.01,388.03,1143.9,96
2026-09-02T05:21:21.245683+00:00,btc-updown-15m-1788326100,15,4052622,62552680194539114152709055562361846035021631172384506859200173604919870976630,2026-09-02T05:15:00+00:00,2026-09-02T05:30:00+00:00,8.65,0.82,0.83,0.825,0.01,83.0,88.0,99
2026-09-02T05:21:21.245683+00:00,btc-updown-15m-1788327000,15,4052821,38834220118970659146926052768161793524457654680232525379062809666328464041217,2026-09-02T05:30:00+00:00,2026-09-02T05:45:00+00:00,23.65,0.47,0.48,0.475,0.01,472.77,559.11,99
2026-09-02T05:22:22.152684+00:00,btc-updown-5m-1788326400,5,4052645,50163257635555782947658443368514094825706977263023073891880269906063627930300,2026-09-02T05:20:00+00:00,2026-09-02T05:25:00+00:00,2.63,0.63,0.64,0.635,0.01,102.72,162.95,99
2026-09-02T05:22:22.152684+00:00,btc-updown-5m-1788326700,5,4052796,42885313799012093232400015022619736199213289630450220708218549226370963672538,2026-09-02T05:25:00+00:00,2026-09-02T05:30:00+00:00,7.63,0.49,0.5,0.495,0.01,359.79,763.9,96
2026-09-02T05:22:22.152684+00:00,btc-updown-15m-1788326100,15,4052622,62552680194539114152709055562361846035021631172384506859200173604919870976630,2026-09-02T05:15:00+00:00,2026-09-02T05:30:00+00:00,7.63,0.8,0.81,0.805,0.01,153.0,9.5,99
2026-09-02T05:22:22.152684+00:00,btc-updown-15m-1788327000,15,4052821,38834220118970659146926052768161793524457654680232525379062809666328464041217,2026-09-02T05:30:00+00:00,2026-09-02T05:45:00+00:00,22.63,0.47,0.48,0.475,0.01,572.77,459.11,99
2026-09-02T05:23:23.066319+00:00,btc-updown-5m-1788326400,5,4052645,50163257635555782947658443368514094825706977263023073891880269906063627930300,2026-09-02T05:20:00+00:00,2026-09-02T05:25:00+00:00,1.62,0.82,0.83,0.825,0.01,178.99,42.64,99
2026-09-02T05:23:23.066319+00:00,btc-updown-5m-1788326700,5,4052796,42885313799012093232400015022619736199213289630450220708218549226370963672538,2026-09-02T05:25:00+00:00,2026-09-02T05:30:00+00:00,6.62,0.49,0.5,0.495,0.01,268.1,271.04,96
2026-09-02T05:23:23.066319+00:00,btc-updown-15m-1788326100,15,4052622,62552680194539114152709055562361846035021631172384506859200173604919870976630,2026-09-02T05:15:00+00:00,2026-09-02T05:30:00+00:00,6.62,0.84,0.85,0.845,0.01,130.0,13.0,99
2026-09-02T05:23:23.066319+00:00,btc-updown-15m-1788327000,15,4052821,38834220118970659146926052768161793524457654680232525379062809666328464041217,2026-09-02T05:30:00+00:00,2026-09-02T05:45:00+00:00,21.62,0.47,0.48,0.475,0.01,412.77,419.11,99
2026-09-02T05:24:24.043566+00:00,btc-updown-5m-1788326700,5,4052796,42885313799012093232400015022619736199213289630450220708218549226370963672538,2026-09-02T05:25:00+00:00,2026-09-02T05:30:00+00:00,5.6,0.5,0.51,0.505,0.01,121.0,247.82,99
2026-09-02T05:24:24.043566+00:00,btc-updown-15m-1788326100,15,4052622,62552680194539114152709055562361846035021631172384506859200173604919870976630,2026-09-02T05:15:00+00:00,2026-09-02T05:30:00+00:00,5.6,0.95,0.96,0.955,0.01,121.0,102.0,99
2026-09-02T05:24:24.043566+00:00,btc-updown-15m-1788327000,15,4052821,38834220118970659146926052768161793524457654680232525379062809666328464041217,2026-09-02T05:30:00+00:00,2026-09-02T05:45:00+00:00,20.6,0.46,0.47,0.465,0.01,424.11,127.0,98
2026-09-02T05:25:24.893680+00:00,btc-updown-5m-1788326700,5,4052796,42885313799012093232400015022619736199213289630450220708218549226370963672538,2026-09-02T05:25:00+00:00,2026-09-02T05:30:00+00:00,4.6,0.42,0.43,0.425,0.01,62.0,169.32,99
2026-09-02T05:25:24.893680+00:00,btc-updown-5m-1788327000,5,4052815,26303076435365220339185972771708164029084404408107598564755745841070233284471,2026-09-02T05:30:00+00:00,2026-09-02T05:35:00+00:00,9.6,0.48,0.49,0.485,0.01,224.09,603.89,99
2026-09-02T05:25:24.893680+00:00,btc-updown-15m-1788326100,15,4052622,62552680194539114152709055562361846035021631172384506859200173604919870976630,2026-09-02T05:15:00+00:00,2026-09-02T05:30:00+00:00,4.6,0.96,0.97,0.965,0.01,60.0,75.0,99
2026-09-02T05:25:24.893680+00:00,btc-updown-15m-1788327000,15,4052821,38834220118970659146926052768161793524457654680232525379062809666328464041217,2026-09-02T05:30:00+00:00,2026-09-02T05:45:00+00:00,19.6,0.46,0.47,0.465,0.01,216.72,330.68,98
2026-09-02T05:26:25.801557+00:00,btc-updown-5m-1788326700,5,4052796,42885313799012093232400015022619736199213289630450220708218549226370963672538,2026-09-02T05:25:00+00:00,2026-09-02T05:30:00+00:00,3.58,0.31,0.32,0.315,0.01,216.15,204.45,99
2026-09-02T05:26:25.801557+00:00,btc-updown-5m-1788327000,5,4052815,26303076435365220339185972771708164029084404408107598564755745841070233284471,2026-09-02T05:30:00+00:00,2026-09-02T05:35:00+00:00,8.58,0.48,0.49,0.485,0.01,202.92,103.89,95
2026-09-02T05:26:25.801557+00:00,btc-updown-15m-1788326100,15,4052622,62552680194539114152709055562361846035021631172384506859200173604919870976630,2026-09-02T05:15:00+00:00,2026-09-02T05:30:00+00:00,3.58,0.96,0.97,0.965,0.01,401.46,120.0,99
2026-09-02T05:26:25.801557+00:00,btc-updown-15m-1788327000,15,4052821,38834220118970659146926052768161793524457654680232525379062809666328464041217,2026-09-02T05:30:00+00:00,2026-09-02T05:45:00+00:00,18.58,0.46,0.47,0.465,0.01,194.19,310.68,98
2026-09-02T05:27:26.711952+00:00,btc-updown-5m-1788326700,5,4052796,42885313799012093232400015022619736199213289630450220708218549226370963672538,2026-09-02T05:25:00+00:00,2026-09-02T05:30:00+00:00,2.57,0.47,0.48,0.475,0.01,186.22,230.37,99
2026-09-02T05:27:26.711952+00:00,btc-updown-5m-1788327000,5,4052815,26303076435365220339185972771708164029084404408107598564755745841070233284471,2026-09-02T05:30:00+00:00,2026-09-02T05:35:00+00:00,7.57,0.46,0.48,0.47,0.02,75.77,53.0,95
2026-09-02T05:27:26.711952+00:00,btc-updown-15m-1788326100,15,4052622,62552680194539114152709055562361846035021631172384506859200173604919870976630,2026-09-02T05:15:00+00:00,2026-09-02T05:30:00+00:00,2.57,0.98,0.99,0.985,0.01,430.57,1862.8,99
2026-09-02T05:27:26.711952+00:00,btc-updown-15m-1788327000,15,4052821,38834220118970659146926052768161793524457654680232525379062809666328464041217,2026-09-02T05:30:00+00:00,2026-09-02T05:45:00+00:00,17.57,0.46,0.47,0.465,0.01,194.19,310.68,98
2026-09-02T05:28:27.632138+00:00,btc-updown-5m-1788326700,5,4052796,42885313799012093232400015022619736199213289630450220708218549226370963672538,2026-09-02T05:25:00+00:00,2026-09-02T05:30:00+00:00,1.55,0.44,0.45,0.445,0.01,55.0,374.33,99
2026-09-02T05:28:27.632138+00:00,btc-updown-5m-1788327000,5,4052815,26303076435365220339185972771708164029084404408107598564755745841070233284471,2026-09-02T05:30:00+00:00,2026-09-02T05:35:00+00:00,6.55,0.43,0.44,0.435,0.01,387.7,61.71,96
2026-09-02T05:28:27.632138+00:00,btc-updown-15m-1788327000,15,4052821,38834220118970659146926052768161793524457654680232525379062809666328464041217,2026-09-02T05:30:00+00:00,2026-09-02T05:45:00+00:00,16.55,0.45,0.46,0.455,0.01,291.2,50.0,98
2026-09-02T05:29:28.485468+00:00,btc-updown-5m-1788327000,5,4052815,26303076435365220339185972771708164029084404408107598564755745841070233284471,2026-09-02T05:30:00+00:00,2026-09-02T05:35:00+00:00,5.53,0.49,0.5,0.495,0.01,77.94,85.0,99
2026-09-02T05:29:28.485468+00:00,btc-updown-15m-1788327000,15,4052821,38834220118970659146926052768161793524457654680232525379062809666328464041217,2026-09-02T05:30:00+00:00,2026-09-02T05:45:00+00:00,15.53,0.44,0.45,0.445,0.01,364.08,204.13,90
2026-09-02T05:30:29.180550+00:00,btc-updown-5m-1788327000,5,4052815,26303076435365220339185972771708164029084404408107598564755745841070233284471,2026-09-02T05:30:00+00:00,2026-09-02T05:35:00+00:00,4.52,0.18,0.19,0.185,0.01,438.59,29.0,99
2026-09-02T05:30:29.180550+00:00,btc-updown-5m-1788327300,5,4052863,28140217013444345582249969344686207812653538276735075938133066275158177338116,2026-09-02T05:35:00+00:00,2026-09-02T05:40:00+00:00,9.52,0.46,0.47,0.465,0.01,151.48,21.61,99
2026-09-02T05:30:29.180550+00:00,btc-updown-15m-1788327000,15,4052821,38834220118970659146926052768161793524457654680232525379062809666328464041217,2026-09-02T05:30:00+00:00,2026-09-02T05:45:00+00:00,14.52,0.3,0.31,0.305,0.01,20.0,70.8,99
2026-09-02T05:30:29.180550+00:00,btc-updown-15m-1788327900,15,4053119,33560427540377321959906492834449287026073479075962870912469481770400819134113,2026-09-02T05:45:00+00:00,2026-09-02T06:00:00+00:00,29.52,0.49,0.5,0.495,0.01,13.51,971.72,99
2026-09-02T05:31:30.123445+00:00,btc-updown-5m-1788327000,5,4052815,26303076435365220339185972771708164029084404408107598564755745841070233284471,2026-09-02T05:30:00+00:00,2026-09-02T05:35:00+00:00,3.5,0.29,0.3,0.295,0.01,111.2,144.45,99
2026-09-02T05:31:30.123445+00:00,btc-updown-5m-1788327300,5,4052863,28140217013444345582249969344686207812653538276735075938133066275158177338116,2026-09-02T05:35:00+00:00,2026-09-02T05:40:00+00:00,8.5,0.46,0.47,0.465,0.01,304.75,21.61,95
2026-09-02T05:31:30.123445+00:00,btc-updown-15m-1788327000,15,4052821,38834220118970659146926052768161793524457654680232525379062809666328464041217,2026-09-02T05:30:00+00:00,2026-09-02T05:45:00+00:00,13.5,0.37,0.38,0.375,0.01,15.0,241.15,99
2026-09-02T05:31:30.123445+00:00,btc-updown-15m-1788327900,15,4053119,33560427540377321959906492834449287026073479075962870912469481770400819134113,2026-09-02T05:45:00+00:00,2026-09-02T06:00:00+00:00,28.5,0.49,0.5,0.495,0.01,213.51,778.22,99
2026-09-02T05:32:31.033250+00:00,btc-updown-5m-1788327000,5,4052815,26303076435365220339185972771708164029084404408107598564755745841070233284471,2026-09-02T05:30:00+00:00,2026-09-02T05:35:00+00:00,2.48,0.11,0.12,0.115,0.01,38.0,252.44,99
2026-09-02T05:32:31.033250+00:00,btc-updown-5m-1788327300,5,4052863,28140217013444345582249969344686207812653538276735075938133066275158177338116,2026-09-02T05:35:00+00:00,2026-09-02T05:40:00+00:00,7.48,0.46,0.47,0.465,0.01,300.28,16.29,96
2026-09-02T05:32:31.033250+00:00,btc-updown-15m-1788327000,15,4052821,38834220118970659146926052768161793524457654680232525379062809666328464041217,2026-09-02T05:30:00+00:00,2026-09-02T05:45:00+00:00,12.48,0.3,0.31,0.305,0.01,115.0,10.0,99
2026-09-02T05:32:31.033250+00:00,btc-updown-15m-1788327900,15,4053119,33560427540377321959906492834449287026073479075962870912469481770400819134113,2026-09-02T05:45:00+00:00,2026-09-02T06:00:00+00:00,27.48,0.47,0.48,0.475,0.01,472.77,306.06,99
2026-09-02T05:33:31.916919+00:00,btc-updown-5m-1788327000,5,4052815,26303076435365220339185972771708164029084404408107598564755745841070233284471,2026-09-02T05:30:00+00:00,2026-09-02T05:35:00+00:00,1.48,0.03,0.04,0.035,0.01,210.94,574.83,99
2026-09-02T05:33:31.916919+00:00,btc-updown-5m-1788327300,5,4052863,28140217013444345582249969344686207812653538276735075938133066275158177338116,2026-09-02T05:35:00+00:00,2026-09-02T05:40:00+00:00,6.48,0.45,0.46,0.455,0.01,20.0,20.0,98
2026-09-02T05:33:31.916919+00:00,btc-updown-15m-1788327000,15,4052821,38834220118970659146926052768161793524457654680232525379062809666328464041217,2026-09-02T05:30:00+00:00,2026-09-02T05:45:00+00:00,11.48,0.28,0.29,0.285,0.01,85.0,80.32,99
2026-09-02T05:33:31.916919+00:00,btc-updown-15m-1788327900,15,4053119,33560427540377321959906492834449287026073479075962870912469481770400819134113,2026-09-02T05:45:00+00:00,2026-09-02T06:00:00+00:00,26.48,0.47,0.48,0.475,0.01,472.77,459.18,99
2026-09-02T05:34:32.803249+00:00,btc-updown-5m-1788327300,5,4052863,28140217013444345582249969344686207812653538276735075938133066275158177338116,2026-09-02T05:35:00+00:00,2026-09-02T05:40:00+00:00,5.47,0.44,0.47,0.455,0.03,277.97,94.0,97
2026-09-02T05:34:32.803249+00:00,btc-updown-15m-1788327000,15,4052821,38834220118970659146926052768161793524457654680232525379062809666328464041217,2026-09-02T05:30:00+00:00,2026-09-02T05:45:00+00:00,10.47,0.2,0.21,0.205,0.01,124.0,82.0,99
2026-09-02T05:34:32.803249+00:00,btc-updown-15m-1788327900,15,4053119,33560427540377321959906492834449287026073479075962870912469481770400819134113,2026-09-02T05:45:00+00:00,2026-09-02T06:00:00+00:00,25.47,0.47,0.48,0.475,0.01,712.77,409.18,98
2026-09-02T05:35:33.602243+00:00,btc-updown-5m-1788327300,5,4052863,28140217013444345582249969344686207812653538276735075938133066275158177338116,2026-09-02T05:35:00+00:00,2026-09-02T05:40:00+00:00,4.45,0.63,0.64,0.635,0.01,228.01,25.0,99
2026-09-02T05:35:33.602243+00:00,btc-updown-5m-1788327600,5,4053105,23755886038725089824215959126266604435851359286907180714128421874595167259723,2026-09-02T05:40:00+00:00,2026-09-02T05:45:00+00:00,9.45,0.49,0.5,0.495,0.01,478.55,830.99,99
2026-09-02T05:35:33.602243+00:00,btc-updown-15m-1788327000,15,4052821,38834220118970659146926052768161793524457654680232525379062809666328464041217,2026-09-02T05:30:00+00:00,2026-09-02T05:45:00+00:00,9.45,0.26,0.27,0.265,0.01,25.0,125.0,99
2026-09-02T05:35:33.602243+00:00,btc-updown-15m-1788327900,15,4053119,33560427540377321959906492834449287026073479075962870912469481770400819134113,2026-09-02T05:45:00+00:00,2026-09-02T06:00:00+00:00,24.45,0.47,0.48,0.475,0.01,412.77,459.18,99
2026-09-02T05:36:34.504493+00:00,btc-updown-5m-1788327300,5,4052863,28140217013444345582249969344686207812653538276735075938133066275158177338116,2026-09-02T05:35:00+00:00,2026-09-02T05:40:00+00:00,3.43,0.59,0.6,0.595,0.01,254.27,251.66,99
2026-09-02T05:36:34.504493+00:00,btc-updown-5m-1788327600,5,4053105,23755886038725089824215959126266604435851359286907180714128421874595167259723,2026-09-02T05:40:00+00:00,2026-09-02T05:45:00+00:00,8.43,0.49,0.5,0.495,0.01,405.0,866.99,95
2026-09-02T05:36:34.504493+00:00,btc-updown-15m-1788327000,15,4052821,38834220118970659146926052768161793524457654680232525379062809666328464041217,2026-09-02T05:30:00+00:00,2026-09-02T05:45:00+00:00,8.43,0.22,0.23,0.225,0.01,109.0,90.65,99
2026-09-02T05:36:34.504493+00:00,btc-updown-15m-1788327900,15,4053119,33560427540377321959906492834449287026073479075962870912469481770400819134113,2026-09-02T05:45:00+00:00,2026-09-02T06:00:00+00:00,23.43,0.47,0.48,0.475,0.01,407.1,405.01,99
2026-09-02T05:37:35.388234+00:00,btc-updown-5m-1788327300,5,4052863,28140217013444345582249969344686207812653538276735075938133066275158177338116,2026-09-02T05:35:00+00:00,2026-09-02T05:40:00+00:00,2.42,0.8,0.81,0.805,0.01,239.64,39.23,99
2026-09-02T05:37:35.388234+00:00,btc-updown-5m-1788327600,5,4053105,23755886038725089824215959126266604435851359286907180714128421874595167259723,2026-09-02T05:40:00+00:00,2026-09-02T05:45:00+00:00,7.42,0.49,0.5,0.495,0.01,405.0,806.99,98
2026-09-02T05:37:35.388234+00:00,btc-updown-15m-1788327000,15,4052821,38834220118970659146926052768161793524457654680232525379062809666328464041217,2026-09-02T05:30:00+00:00,2026-09-02T05:45:00+00:00,7.42,0.24,0.25,0.245,0.01,179.0,10.36,99
2026-09-02T05:37:35.388234+00:00,btc-updown-15m-1788327900,15,4053119,33560427540377321959906492834449287026073479075962870912469481770400819134113,2026-09-02T05:45:00+00:00,2026-09-02T06:00:00+00:00,22.42,0.47,0.48,0.475,0.01,407.1,505.01,99
2026-09-02T05:38:36.269160+00:00,btc-updown-5m-1788327300,5,4052863,28140217013444345582249969344686207812653538276735075938133066275158177338116,2026-09-02T05:35:00+00:00,2026-09-02T05:40:00+00:00,1.4,0.63,0.64,0.635,0.01,95.0,232.75,99
2026-09-02T05:38:36.269160+00:00,btc-updown-5m-1788327600,5,4053105,23755886038725089824215959126266604435851359286907180714128421874595167259723,2026-09-02T05:40:00+00:00,2026-09-02T05:45:00+00:00,6.4,0.46,0.49,0.475,0.03,110.14,32.83,94
2026-09-02T05:38:36.269160+00:00,btc-updown-15m-1788327000,15,4052821,38834220118970659146926052768161793524457654680232525379062809666328464041217,2026-09-02T05:30:00+00:00,2026-09-02T05:45:00+00:00,6.4,0.13,0.14,0.135,0.01,122.0,25.0,99
2026-09-02T05:38:36.269160+00:00,btc-updown-15m-1788327900,15,4053119,33560427540377321959906492834449287026073479075962870912469481770400819134113,2026-09-02T05:45:00+00:00,2026-09-02T06:00:00+00:00,21.4,0.47,0.48,0.475,0.01,294.33,405.01,99
2026-09-02T05:39:37.151783+00:00,btc-updown-5m-1788327600,5,4053105,23755886038725089824215959126266604435851359286907180714128421874595167259723,2026-09-02T05:40:00+00:00,2026-09-02T05:45:00+00:00,5.38,0.49,0.5,0.495,0.01,164.03,384.42,99
2026-09-02T05:39:37.151783+00:00,btc-updown-15m-1788327000,15,4052821,38834220118970659146926052768161793524457654680232525379062809666328464041217,2026-09-02T05:30:00+00:00,2026-09-02T05:45:00+00:00,5.38,0.11,0.12,0.115,0.01,102.0,85.0,99
2026-09-02T05:39:37.151783+00:00,btc-updown-15m-1788327900,15,4053119,33560427540377321959906492834449287026073479075962870912469481770400819134113,2026-09-02T05:45:00+00:00,2026-09-02T06:00:00+00:00,20.38,0.47,0.48,0.475,0.01,294.33,389.18,99
2026-09-02T05:40:37.951470+00:00,btc-updown-5m-1788327600,5,4053105,23755886038725089824215959126266604435851359286907180714128421874595167259723,2026-09-02T05:40:00+00:00,2026-09-02T05:45:00+00:00,4.38,0.56,0.57,0.565,0.01,152.72,148.0,99
2026-09-02T05:40:37.951470+00:00,btc-updown-5m-1788327900,5,4053115,54156149641930639964456333269769902954563480126075117299876054047404653601922,2026-09-02T05:45:00+00:00,2026-09-02T05:50:00+00:00,9.38,0.49,0.5,0.495,0.01,444.84,932.18,99
2026-09-02T05:40:37.951470+00:00,btc-updown-15m-1788327000,15,4052821,38834220118970659146926052768161793524457654680232525379062809666328464041217,2026-09-02T05:30:00+00:00,2026-09-02T05:45:00+00:00,4.38,0.1,0.11,0.105,0.01,145.88,138.36,99
2026-09-02T05:40:37.951470+00:00,btc-updown-15m-1788327900,15,4053119,33560427540377321959906492834449287026073479075962870912469481770400819134113,2026-09-02T05:45:00+00:00,2026-09-02T06:00:00+00:00,19.38,0.47,0.48,0.475,0.01,417.1,170.0,99
2026-09-02T05:41:38.830261+00:00,btc-updown-5m-1788327600,5,4053105,23755886038725089824215959126266604435851359286907180714128421874595167259723,2026-09-02T05:40:00+00:00,2026-09-02T05:45:00+00:00,3.37,0.69,0.7,0.695,0.01,80.0,34.0,99
2026-09-02T05:41:38.830261+00:00,btc-updown-5m-1788327900,5,4053115,54156149641930639964456333269769902954563480126075117299876054047404653601922,2026-09-02T05:45:00+00:00,2026-09-02T05:50:00+00:00,8.37,0.49,0.5,0.495,0.01,255.87,893.18,97
2026-09-02T05:41:38.830261+00:00,btc-updown-15m-1788327000,15,4052821,38834220118970659146926052768161793524457654680232525379062809666328464041217,2026-09-02T05:30:00+00:00,2026-09-02T05:45:00+00:00,3.37,0.12,0.13,0.125,0.01,9.0,95.0,99
2026-09-02T05:41:38.830261+00:00,btc-updown-15m-1788327900,15,4053119,33560427540377321959906492834449287026073479075962870912469481770400819134113,2026-09-02T05:45:00+00:00,2026-09-02T06:00:00+00:00,18.37,0.47,0.48,0.475,0.01,60.0,400.56,99
2026-09-02T05:42:39.707752+00:00,btc-updown-5m-1788327600,5,4053105,23755886038725089824215959126266604435851359286907180714128421874595167259723,2026-09-02T05:40:00+00:00,2026-09-02T05:45:00+00:00,2.35,0.92,0.93,0.925,0.01,130.0,308.65,99
2026-09-02T05:42:39.707752+00:00,btc-updown-5m-1788327900,5,4053115,54156149641930639964456333269769902954563480126075117299876054047404653601922,2026-09-02T05:45:00+00:00,2026-09-02T05:50:00+00:00,7.35,0.49,0.5,0.495,0.01,300.87,913.18,98
2026-09-02T05:42:39.707752+00:00,btc-updown-15m-1788327000,15,4052821,38834220118970659146926052768161793524457654680232525379062809666328464041217,2026-09-02T05:30:00+00:00,2026-09-02T05:45:00+00:00,2.35,0.23,0.25,0.24,0.02,70.0,5305.0,98
2026-09-02T05:42:39.707752+00:00,btc-updown-15m-1788327900,15,4053119,33560427540377321959906492834449287026073479075962870912469481770400819134113,2026-09-02T05:45:00+00:00,2026-09-02T06:00:00+00:00,17.35,0.47,0.48,0.475,0.01,220.88,380.25,98
2026-09-02T05:43:40.608952+00:00,btc-updown-5m-1788327600,5,4053105,23755886038725089824215959126266604435851359286907180714128421874595167259723,2026-09-02T05:40:00+00:00,2026-09-02T05:45:00+00:00,1.33,0.97,0.98,0.975,0.01,534.59,781.0,99
2026-09-02T05:43:40.608952+00:00,btc-updown-5m-1788327900,5,4053115,54156149641930639964456333269769902954563480126075117299876054047404653601922,2026-09-02T05:45:00+00:00,2026-09-02T05:50:00+00:00,6.33,0.49,0.5,0.495,0.01,360.74,392.04,96
2026-09-02T05:43:40.608952+00:00,btc-updown-15m-1788327000,15,4052821,38834220118970659146926052768161793524457654680232525379062809666328464041217,2026-09-02T05:30:00+00:00,2026-09-02T05:45:00+00:00,1.33,0.09,0.1,0.095,0.01,55.0,125.0,99
2026-09-02T05:43:40.608952+00:00,btc-updown-15m-1788327900,15,4053119,33560427540377321959906492834449287026073479075962870912469481770400819134113,2026-09-02T05:45:00+00:00,2026-09-02T06:00:00+00:00,16.33,0.45,0.46,0.455,0.01,427.27,365.57,98
2026-09-02T05:44:41.490996+00:00,btc-updown-5m-1788327900,5,4053115,54156149641930639964456333269769902954563480126075117299876054047404653601922,2026-09-02T05:45:00+00:00,2026-09-02T05:50:00+00:00,5.32,0.43,0.46,0.445,0.03,29.59,22.82,97
2026-09-02T05:44:41.490996+00:00,btc-updown-15m-1788327900,15,4053119,33560427540377321959906492834449287026073479075962870912469481770400819134113,2026-09-02T05:45:00+00:00,2026-09-02T06:00:00+00:00,15.32,0.45,0.46,0.455,0.01,256.31,315.57,90
2026-09-02T05:45:42.199350+00:00,btc-updown-5m-1788327900,5,4053115,54156149641930639964456333269769902954563480126075117299876054047404653601922,2026-09-02T05:45:00+00:00,2026-09-02T05:50:00+00:00,4.3,0.68,0.69,0.685,0.01,180.5,176.1,99
2026-09-02T05:45:42.199350+00:00,btc-updown-5m-1788328200,5,4053125,92151648929746721760217827212761566392313836880256935326679386340886175944907,2026-09-02T05:50:00+00:00,2026-09-02T05:55:00+00:00,9.3,0.49,0.5,0.495,0.01,458.87,803.17,99
2026-09-02T05:45:42.199350+00:00,btc-updown-15m-1788327900,15,4053119,33560427540377321959906492834449287026073479075962870912469481770400819134113,2026-09-02T05:45:00+00:00,2026-09-02T06:00:00+00:00,14.3,0.58,0.59,0.585,0.01,129.66,85.86,99
2026-09-02T05:45:42.199350+00:00,btc-updown-15m-1788328800,15,4053537,99535781861749207481745538045476871839812682470233119837621277570031753536697,2026-09-02T06:00:00+00:00,2026-09-02T06:15:00+00:00,29.3,0.47,0.48,0.475,0.01,472.77,320.0,95
2026-09-02T05:46:43.076566+00:00,btc-updown-5m-1788327900,5,4053115,54156149641930639964456333269769902954563480126075117299876054047404653601922,2026-09-02T05:45:00+00:00,2026-09-02T05:50:00+00:00,3.28,0.73,0.74,0.735,0.01,276.5,224.64,99
2026-09-02T05:46:43.076566+00:00,btc-updown-5m-1788328200,5,4053125,92151648929746721760217827212761566392313836880256935326679386340886175944907,2026-09-02T05:50:00+00:00,2026-09-02T05:55:00+00:00,8.28,0.49,0.5,0.495,0.01,386.97,819.17,97
2026-09-02T05:46:43.076566+00:00,btc-updown-15m-1788327900,15,4053119,33560427540377321959906492834449287026073479075962870912469481770400819134113,2026-09-02T05:45:00+00:00,2026-09-02T06:00:00+00:00,13.28,0.62,0.63,0.625,0.01,105.0,178.0,99
2026-09-02T05:46:43.076566+00:00,btc-updown-15m-1788328800,15,4053537,99535781861749207481745538045476871839812682470233119837621277570031753536697,2026-09-02T06:00:00+00:00,2026-09-02T06:15:00+00:00,28.28,0.47,0.48,0.475,0.01,472.77,326.8,95
2026-09-02T05:47:43.960305+00:00,btc-updown-5m-1788327900,5,4053115,54156149641930639964456333269769902954563480126075117299876054047404653601922,2026-09-02T05:45:00+00:00,2026-09-02T05:50:00+00:00,2.28,0.88,0.89,0.885,0.01,379.12,47.0,99
2026-09-02T05:47:43.960305+00:00,btc-updown-5m-1788328200,5,4053125,92151648929746721760217827212761566392313836880256935326679386340886175944907,2026-09-02T05:50:00+00:00,2026-09-02T05:55:00+00:00,7.28,0.49,0.5,0.495,0.01,350.81,754.17,98
2026-09-02T05:47:43.960305+00:00,btc-updown-15m-1788327900,15,4053119,33560427540377321959906492834449287026073479075962870912469481770400819134113,2026-09-02T05:45:00+00:00,2026-09-02T06:00:00+00:00,12.28,0.68,0.69,0.685,0.01,125.0,101.0,99
2026-09-02T05:47:43.960305+00:00,btc-updown-15m-1788328800,15,4053537,99535781861749207481745538045476871839812682470233119837621277570031753536697,2026-09-02T06:00:00+00:00,2026-09-02T06:15:00+00:00,27.28,0.47,0.48,0.475,0.01,448.89,326.8,95
2026-09-02T05:48:44.970951+00:00,btc-updown-5m-1788327900,5,4053115,54156149641930639964456333269769902954563480126075117299876054047404653601922,2026-09-02T05:45:00+00:00,2026-09-02T05:50:00+00:00,1.27,0.94,0.95,0.945,0.01,181.9,105.0,99
2026-09-02T05:48:44.970951+00:00,btc-updown-5m-1788328200,5,4053125,92151648929746721760217827212761566392313836880256935326679386340886175944907,2026-09-02T05:50:00+00:00,2026-09-02T05:55:00+00:00,6.27,0.49,0.5,0.495,0.01,237.65,450.0,96
2026-09-02T05:48:44.970951+00:00,btc-updown-15m-1788327900,15,4053119,33560427540377321959906492834449287026073479075962870912469481770400819134113,2026-09-02T05:45:00+00:00,2026-09-02T06:00:00+00:00,11.27,0.62,0.63,0.625,0.01,150.94,16.25,99
2026-09-02T05:48:44.970951+00:00,btc-updown-15m-1788328800,15,4053537,99535781861749207481745538045476871839812682470233119837621277570031753536697,2026-09-02T06:00:00+00:00,2026-09-02T06:15:00+00:00,26.27,0.47,0.48,0.475,0.01,448.89,326.8,95
2026-09-02T05:49:45.863837+00:00,btc-updown-5m-1788328200,5,4053125,92151648929746721760217827212761566392313836880256935326679386340886175944907,2026-09-02T05:50:00+00:00,2026-09-02T05:55:00+00:00,5.25,0.49,0.5,0.495,0.01,61.0,35.9,98
2026-09-02T05:49:45.863837+00:00,btc-updown-15m-1788327900,15,4053119,33560427540377321959906492834449287026073479075962870912469481770400819134113,2026-09-02T05:45:00+00:00,2026-09-02T06:00:00+00:00,10.25,0.75,0.76,0.755,0.01,42.0,101.68,99
2026-09-02T05:49:45.863837+00:00,btc-updown-15m-1788328800,15,4053537,99535781861749207481745538045476871839812682470233119837621277570031753536697,2026-09-02T06:00:00+00:00,2026-09-02T06:15:00+00:00,25.25,0.47,0.48,0.475,0.01,448.89,519.11,95
2026-09-02T05:50:46.661502+00:00,btc-updown-5m-1788328200,5,4053125,92151648929746721760217827212761566392313836880256935326679386340886175944907,2026-09-02T05:50:00+00:00,2026-09-02T05:55:00+00:00,4.23,0.21,0.22,0.215,0.01,341.33,132.2,99
2026-09-02T05:50:46.661502+00:00,btc-updown-5m-1788328500,5,4053521,97628415538164827277558707827430688639541365979950532395450512170367284169743,2026-09-02T05:55:00+00:00,2026-09-02T06:00:00+00:00,9.23,0.48,0.49,0.485,0.01,321.0,24.0,98
2026-09-02T05:50:46.661502+00:00,btc-updown-15m-1788327900,15,4053119,33560427540377321959906492834449287026073479075962870912469481770400819134113,2026-09-02T05:45:00+00:00,2026-09-02T06:00:00+00:00,9.23,0.54,0.55,0.545,0.01,75.0,5.0,97
2026-09-02T05:50:46.661502+00:00,btc-updown-15m-1788328800,15,4053537,99535781861749207481745538045476871839812682470233119837621277570031753536697,2026-09-02T06:00:00+00:00,2026-09-02T06:15:00+00:00,24.23,0.47,0.48,0.475,0.01,473.22,226.8,95
2026-09-02T05:51:47.554416+00:00,btc-updown-5m-1788328200,5,4053125,92151648929746721760217827212761566392313836880256935326679386340886175944907,2026-09-02T05:50:00+00:00,2026-09-02T05:55:00+00:00,3.22,0.15,0.16,0.155,0.01,118.0,234.55,99
2026-09-02T05:51:47.554416+00:00,btc-updown-5m-1788328500,5,4053521,97628415538164827277558707827430688639541365979950532395450512170367284169743,2026-09-02T05:55:00+00:00,2026-09-02T06:00:00+00:00,8.22,0.48,0.49,0.485,0.01,351.0,174.0,97
2026-09-02T05:51:47.554416+00:00,btc-updown-15m-1788327900,15,4053119,33560427540377321959906492834449287026073479075962870912469481770400819134113,2026-09-02T05:45:00+00:00,2026-09-02T06:00:00+00:00,8.22,0.56,0.57,0.565,0.01,491.0,15.0,99
2026-09-02T05:51:47.554416+00:00,btc-updown-15m-1788328800,15,4053537,99535781861749207481745538045476871839812682470233119837621277570031753536697,2026-09-02T06:00:00+00:00,2026-09-02T06:15:00+00:00,23.22,0.47,0.48,0.475,0.01,473.22,226.8,95
2026-09-02T05:52:48.432735+00:00,btc-updown-5m-1788328200,5,4053125,92151648929746721760217827212761566392313836880256935326679386340886175944907,2026-09-02T05:50:00+00:00,2026-09-02T05:55:00+00:00,2.2,0.11,0.12,0.115,0.01,203.57,127.0,99
2026-09-02T05:52:48.432735+00:00,btc-updown-5m-1788328500,5,4053521,97628415538164827277558707827430688639541365979950532395450512170367284169743,2026-09-02T05:55:00+00:00,2026-09-02T06:00:00+00:00,7.2,0.48,0.49,0.485,0.01,344.0,160.59,98
2026-09-02T05:52:48.432735+00:00,btc-updown-15m-1788327900,15,4053119,33560427540377321959906492834449287026073479075962870912469481770400819134113,2026-09-02T05:45:00+00:00,2026-09-02T06:00:00+00:00,7.2,0.64,0.65,0.645,0.01,15.0,55.0,99
2026-09-02T05:52:48.432735+00:00,btc-updown-15m-1788328800,15,4053537,99535781861749207481745538045476871839812682470233119837621277570031753536697,2026-09-02T06:00:00+00:00,2026-09-02T06:15:00+00:00,22.2,0.47,0.48,0.475,0.01,473.22,226.8,95
2026-09-02T05:53:49.341843+00:00,btc-updown-5m-1788328200,5,4053125,92151648929746721760217827212761566392313836880256935326679386340886175944907,2026-09-02T05:50:00+00:00,2026-09-02T05:55:00+00:00,1.18,0.01,0.02,0.015,0.01,11589.28,140.17,99
2026-09-02T05:53:49.341843+00:00,btc-updown-5m-1788328500,5,4053521,97628415538164827277558707827430688639541365979950532395450512170367284169743,2026-09-02T05:55:00+00:00,2026-09-02T06:00:00+00:00,6.18,0.49,0.5,0.495,0.01,81.07,15.0,95
2026-09-02T05:53:49.341843+00:00,btc-updown-15m-1788327900,15,4053119,33560427540377321959906492834449287026073479075962870912469481770400819134113,2026-09-02T05:45:00+00:00,2026-09-02T06:00:00+00:00,6.18,0.6,0.61,0.605,0.01,81.32,57.0,99
2026-09-02T05:53:49.341843+00:00,btc-updown-15m-1788328800,15,4053537,99535781861749207481745538045476871839812682470233119837621277570031753536697,2026-09-02T06:00:00+00:00,2026-09-02T06:15:00+00:00,21.18,0.47,0.48,0.475,0.01,409.45,384.52,95
2026-09-02T05:54:50.203463+00:00,btc-updown-5m-1788328500,5,4053521,97628415538164827277558707827430688639541365979950532395450512170367284169743,2026-09-02T05:55:00+00:00,2026-09-02T06:00:00+00:00,5.17,0.55,0.58,0.565,0.03,196.0,25.09,97
2026-09-02T05:54:50.203463+00:00,btc-updown-15m-1788327900,15,4053119,33560427540377321959906492834449287026073479075962870912469481770400819134113,2026-09-02T05:45:00+00:00,2026-09-02T06:00:00+00:00,5.17,0.63,0.64,0.635,0.01,108.0,81.46,99
2026-09-02T05:54:50.203463+00:00,btc-updown-15m-1788328800,15,4053537,99535781861749207481745538045476871839812682470233119837621277570031753536697,2026-09-02T06:00:00+00:00,2026-09-02T06:15:00+00:00,20.17,0.47,0.48,0.475,0.01,462.91,192.21,95
2026-09-02T05:55:50.996142+00:00,btc-updown-5m-1788328500,5,4053521,97628415538164827277558707827430688639541365979950532395450512170367284169743,2026-09-02T05:55:00+00:00,2026-09-02T06:00:00+00:00,4.17,0.39,0.4,0.395,0.01,160.0,158.33,99
2026-09-02T05:55:50.996142+00:00,btc-updown-5m-1788328800,5,4053540,9584361522438397379735735612345305613989035632427763489646212367783376840055,2026-09-02T06:00:00+00:00,2026-09-02T06:05:00+00:00,9.17,0.49,0.5,0.495,0.01,638.12,750.64,99
2026-09-02T05:55:50.996142+00:00,btc-updown-15m-1788327900,15,4053119,33560427540377321959906492834449287026073479075962870912469481770400819134113,2026-09-02T05:45:00+00:00,2026-09-02T06:00:00+00:00,4.17,0.47,0.48,0.475,0.01,10.0,10.0,99
2026-09-02T05:55:50.996142+00:00,btc-updown-15m-1788328800,15,4053537,99535781861749207481745538045476871839812682470233119837621277570031753536697,2026-09-02T06:00:00+00:00,2026-09-02T06:15:00+00:00,19.17,0.47,0.48,0.475,0.01,562.91,344.52,95
2026-09-02T05:56:51.938583+00:00,btc-updown-5m-1788328500,5,4053521,97628415538164827277558707827430688639541365979950532395450512170367284169743,2026-09-02T05:55:00+00:00,2026-09-02T06:00:00+00:00,3.15,0.12,0.13,0.125,0.01,65.15,326.79,99
2026-09-02T05:56:51.938583+00:00,btc-updown-5m-1788328800,5,4053540,9584361522438397379735735612345305613989035632427763489646212367783376840055,2026-09-02T06:00:00+00:00,2026-09-02T06:05:00+00:00,8.15,0.49,0.5,0.495,0.01,558.12,766.64,99
2026-09-02T05:56:51.938583+00:00,btc-updown-15m-1788327900,15,4053119,33560427540377321959906492834449287026073479075962870912469481770400819134113,2026-09-02T05:45:00+00:00,2026-09-02T06:00:00+00:00,3.15,0.15,0.18,0.165,0.03,55.67,75.0,97
2026-09-02T05:56:51.938583+00:00,btc-updown-15m-1788328800,15,4053537,99535781861749207481745538045476871839812682470233119837621277570031753536697,2026-09-02T06:00:00+00:00,2026-09-02T06:15:00+00:00,18.15,0.47,0.48,0.475,0.01,522.91,302.21,95
2026-09-02T05:57:52.828700+00:00,btc-updown-5m-1788328500,5,4053521,97628415538164827277558707827430688639541365979950532395450512170367284169743,2026-09-02T05:55:00+00:00,2026-09-02T06:00:00+00:00,2.13,0.01,0.02,0.015,0.01,92.72,167.37,99
2026-09-02T05:57:52.828700+00:00,btc-updown-5m-1788328800,5,4053540,9584361522438397379735735612345305613989035632427763489646212367783376840055,2026-09-02T06:00:00+00:00,2026-09-02T06:05:00+00:00,7.13,0.49,0.5,0.495,0.01,493.88,775.24,99
2026-09-02T05:57:52.828700+00:00,btc-updown-15m-1788327900,15,4053119,33560427540377321959906492834449287026073479075962870912469481770400819134113,2026-09-02T05:45:00+00:00,2026-09-02T06:00:00+00:00,2.13,0.05,0.06,0.055,0.01,4.57,64.0,99
2026-09-02T05:57:52.828700+00:00,btc-updown-15m-1788328800,15,4053537,99535781861749207481745538045476871839812682470233119837621277570031753536697,2026-09-02T06:00:00+00:00,2026-09-02T06:15:00+00:00,17.13,0.47,0.48,0.475,0.01,807.91,176.08,95
2026-09-02T05:58:53.717579+00:00,btc-updown-5m-1788328800,5,4053540,9584361522438397379735735612345305613989035632427763489646212367783376840055,2026-09-02T06:00:00+00:00,2026-09-02T06:05:00+00:00,6.12,0.48,0.49,0.485,0.01,266.15,286.04,99
2026-09-02T05:58:53.717579+00:00,btc-updown-15m-1788327900,15,4053119,33560427540377321959906492834449287026073479075962870912469481770400819134113,2026-09-02T05:45:00+00:00,2026-09-02T06:00:00+00:00,1.12,0.01,0.02,0.015,0.01,2423.37,10.0,106
2026-09-02T05:58:53.717579+00:00,btc-updown-15m-1788328800,15,4053537,99535781861749207481745538045476871839812682470233119837621277570031753536697,2026-09-02T06:00:00+00:00,2026-09-02T06:15:00+00:00,16.12,0.47,0.48,0.475,0.01,532.24,173.69,93
2026-09-02T05:59:54.563197+00:00,btc-updown-5m-1788328800,5,4053540,9584361522438397379735735612345305613989035632427763489646212367783376840055,2026-09-02T06:00:00+00:00,2026-09-02T06:05:00+00:00,5.1,0.49,0.5,0.495,0.01,300.58,264.72,99
2026-09-02T05:59:54.563197+00:00,btc-updown-15m-1788328800,15,4053537,99535781861749207481745538045476871839812682470233119837621277570031753536697,2026-09-02T06:00:00+00:00,2026-09-02T06:15:00+00:00,15.1,0.47,0.48,0.475,0.01,393.41,105.35,90
2026-09-02T06:00:55.233313+00:00,btc-updown-5m-1788328800,5,4053540,9584361522438397379735735612345305613989035632427763489646212367783376840055,2026-09-02T06:00:00+00:00,2026-09-02T06:05:00+00:00,4.08,0.64,0.65,0.645,0.01,184.87,236.4,99
2026-09-02T06:00:55.233313+00:00,btc-updown-5m-1788329100,5,4053559,52400365744597314829638049748580974802117840717609214507740611270705025876475,2026-09-02T06:05:00+00:00,2026-09-02T06:10:00+00:00,9.08,0.5,0.51,0.505,0.01,707.71,792.22,99
2026-09-02T06:00:55.233313+00:00,btc-updown-15m-1788328800,15,4053537,99535781861749207481745538045476871839812682470233119837621277570031753536697,2026-09-02T06:00:00+00:00,2026-09-02T06:15:00+00:00,14.08,0.58,0.59,0.585,0.01,25.93,140.0,99
2026-09-02T06:00:55.233313+00:00,btc-updown-15m-1788329700,15,4053802,85568634860990966759610084065907403155290942646321882769650379631372151525204,2026-09-02T06:15:00+00:00,2026-09-02T06:30:00+00:00,29.08,0.48,0.49,0.485,0.01,488.33,429.7,97
2026-09-02T06:01:56.226958+00:00,btc-updown-5m-1788328800,5,4053540,9584361522438397379735735612345305613989035632427763489646212367783376840055,2026-09-02T06:00:00+00:00,2026-09-02T06:05:00+00:00,3.07,0.88,0.89,0.885,0.01,148.86,200.5,99
2026-09-02T06:01:56.226958+00:00,btc-updown-5m-1788329100,5,4053559,52400365744597314829638049748580974802117840717609214507740611270705025876475,2026-09-02T06:05:00+00:00,2026-09-02T06:10:00+00:00,8.07,0.5,0.51,0.505,0.01,704.0,808.22,99
2026-09-02T06:01:56.226958+00:00,btc-updown-15m-1788328800,15,4053537,99535781861749207481745538045476871839812682470233119837621277570031753536697,2026-09-02T06:00:00+00:00,2026-09-02T06:15:00+00:00,13.07,0.68,0.69,0.685,0.01,94.12,5.0,99
2026-09-02T06:01:56.226958+00:00,btc-updown-15m-1788329700,15,4053802,85568634860990966759610084065907403155290942646321882769650379631372151525204,2026-09-02T06:15:00+00:00,2026-09-02T06:30:00+00:00,28.07,0.48,0.49,0.485,0.01,538.33,399.7,97
2026-09-02T06:02:57.113957+00:00,btc-updown-5m-1788328800,5,4053540,9584361522438397379735735612345305613989035632427763489646212367783376840055,2026-09-02T06:00:00+00:00,2026-09-02T06:05:00+00:00,2.05,0.78,0.79,0.785,0.01,516.23,176.68,99
2026-09-02T06:02:57.113957+00:00,btc-updown-5m-1788329100,5,4053559,52400365744597314829638049748580974802117840717609214507740611270705025876475,2026-09-02T06:05:00+00:00,2026-09-02T06:10:00+00:00,7.05,0.5,0.51,0.505,0.01,704.0,558.22,99
2026-09-02T06:02:57.113957+00:00,btc-updown-15m-1788328800,15,4053537,99535781861749207481745538045476871839812682470233119837621277570031753536697,2026-09-02T06:00:00+00:00,2026-09-02T06:15:00+00:00,12.05,0.6,0.61,0.605,0.01,130.0,55.0,99
2026-09-02T06:02:57.113957+00:00,btc-updown-15m-1788329700,15,4053802,85568634860990966759610084065907403155290942646321882769650379631372151525204,2026-09-02T06:15:00+00:00,2026-09-02T06:30:00+00:00,27.05,0.48,0.49,0.485,0.01,588.33,399.7,97
2026-09-02T06:03:58.042074+00:00,btc-updown-5m-1788328800,5,4053540,9584361522438397379735735612345305613989035632427763489646212367783376840055,2026-09-02T06:00:00+00:00,2026-09-02T06:05:00+00:00,1.03,0.78,0.79,0.785,0.01,140.0,201.0,99
2026-09-02T06:03:58.042074+00:00,btc-updown-5m-1788329100,5,4053559,52400365744597314829638049748580974802117840717609214507740611270705025876475,2026-09-02T06:05:00+00:00,2026-09-02T06:10:00+00:00,6.03,0.5,0.51,0.505,0.01,90.0,359.41,99
2026-09-02T06:03:58.042074+00:00,btc-updown-15m-1788328800,15,4053537,99535781861749207481745538045476871839812682470233119837621277570031753536697,2026-09-02T06:00:00+00:00,2026-09-02T06:15:00+00:00,11.03,0.54,0.55,0.545,0.01,1587.02,90.0,99
2026-09-02T06:03:58.042074+00:00,btc-updown-15m-1788329700,15,4053802,85568634860990966759610084065907403155290942646321882769650379631372151525204,2026-09-02T06:15:00+00:00,2026-09-02T06:30:00+00:00,26.03,0.48,0.49,0.485,0.01,538.33,575.78,97
2026-09-02T06:04:58.928587+00:00,btc-updown-5m-1788329100,5,4053559,52400365744597314829638049748580974802117840717609214507740611270705025876475,2026-09-02T06:05:00+00:00,2026-09-02T06:10:00+00:00,5.03,0.48,0.49,0.485,0.01,40.0,30.0,98
2026-09-02T06:04:58.928587+00:00,btc-updown-15m-1788328800,15,4053537,99535781861749207481745538045476871839812682470233119837621277570031753536697,2026-09-02T06:00:00+00:00,2026-09-02T06:15:00+00:00,10.03,0.62,0.63,0.625,0.01,106.0,5.0,99
2026-09-02T06:04:58.928587+00:00,btc-updown-15m-1788329700,15,4053802,85568634860990966759610084065907403155290942646321882769650379631372151525204,2026-09-02T06:15:00+00:00,2026-09-02T06:30:00+00:00,25.03,0.48,0.49,0.485,0.01,488.33,399.7,97
2026-09-02T06:05:59.730911+00:00,btc-updown-5m-1788329100,5,4053559,52400365744597314829638049748580974802117840717609214507740611270705025876475,2026-09-02T06:05:00+00:00,2026-09-02T06:10:00+00:00,4.02,0.55,0.56,0.555,0.01,218.33,326.87,99
2026-09-02T06:05:59.730911+00:00,btc-updown-5m-1788329400,5,4053729,54013355178235040106354284687650396797462789347536076023647974568514108745748,2026-09-02T06:10:00+00:00,2026-09-02T06:15:00+00:00,9.02,0.5,0.51,0.505,0.01,224.33,782.2,99
2026-09-02T06:05:59.730911+00:00,btc-updown-15m-1788328800,15,4053537,99535781861749207481745538045476871839812682470233119837621277570031753536697,2026-09-02T06:00:00+00:00,2026-09-02T06:15:00+00:00,9.02,0.7,0.71,0.705,0.01,41.0,90.27,99
2026-09-02T06:05:59.730911+00:00,btc-updown-15m-1788329700,15,4053802,85568634860990966759610084065907403155290942646321882769650379631372151525204,2026-09-02T06:15:00+00:00,2026-09-02T06:30:00+00:00,24.02,0.48,0.49,0.485,0.01,536.4,62.58,97
2026-09-02T06:07:00.621110+00:00,btc-updown-5m-1788329100,5,4053559,52400365744597314829638049748580974802117840717609214507740611270705025876475,2026-09-02T06:05:00+00:00,2026-09-02T06:10:00+00:00,3.0,0.26,0.27,0.265,0.01,141.0,129.29,99
2026-09-02T06:07:00.621110+00:00,btc-updown-5m-1788329400,5,4053729,54013355178235040106354284687650396797462789347536076023647974568514108745748,2026-09-02T06:10:00+00:00,2026-09-02T06:15:00+00:00,8.0,0.5,0.51,0.505,0.01,219.33,858.21,99
2026-09-02T06:07:00.621110+00:00,btc-updown-15m-1788328800,15,4053537,99535781861749207481745538045476871839812682470233119837621277570031753536697,2026-09-02T06:00:00+00:00,2026-09-02T06:15:00+00:00,8.0,0.58,0.59,0.585,0.01,45.0,100.0,99
2026-09-02T06:07:00.621110+00:00,btc-updown-15m-1788329700,15,4053802,85568634860990966759610084065907403155290942646321882769650379631372151525204,2026-09-02T06:15:00+00:00,2026-09-02T06:30:00+00:00,23.0,0.48,0.49,0.485,0.01,586.4,62.58,97
2026-09-02T06:08:01.508794+00:00,btc-updown-5m-1788329100,5,4053559,52400365744597314829638049748580974802117840717609214507740611270705025876475,2026-09-02T06:05:00+00:00,2026-09-02T06:10:00+00:00,1.98,0.74,0.75,0.745,0.01,31.0,278.89,99
2026-09-02T06:08:01.508794+00:00,btc-updown-5m-1788329400,5,4053729,54013355178235040106354284687650396797462789347536076023647974568514108745748,2026-09-02T06:10:00+00:00,2026-09-02T06:15:00+00:00,6.98,0.5,0.51,0.505,0.01,205.33,530.75,99
2026-09-02T06:08:01.508794+00:00,btc-updown-15m-1788328800,15,4053537,99535781861749207481745538045476871839812682470233119837621277570031753536697,2026-09-02T06:00:00+00:00,2026-09-02T06:15:00+00:00,6.98,0.78,0.79,0.785,0.01,57.0,115.0,99
2026-09-02T06:08:01.508794+00:00,btc-updown-15m-1788329700,15,4053802,85568634860990966759610084065907403155290942646321882769650379631372151525204,2026-09-02T06:15:00+00:00,2026-09-02T06:30:00+00:00,21.98,0.49,0.5,0.495,0.01,105.0,370.0,97
2026-09-02T06:09:02.395589+00:00,btc-updown-5m-1788329100,5,4053559,52400365744597314829638049748580974802117840717609214507740611270705025876475,2026-09-02T06:05:00+00:00,2026-09-02T06:10:00+00:00,0.97,0.61,0.62,0.615,0.01,5.0,20.0,97
2026-09-02T06:09:02.395589+00:00,btc-updown-5m-1788329400,5,4053729,54013355178235040106354284687650396797462789347536076023647974568514108745748,2026-09-02T06:10:00+00:00,2026-09-02T06:15:00+00:00,5.97,0.5,0.51,0.505,0.01,121.33,526.78,99
2026-09-02T06:09:02.395589+00:00,btc-updown-15m-1788328800,15,4053537,99535781861749207481745538045476871839812682470233119837621277570031753536697,2026-09-02T06:00:00+00:00,2026-09-02T06:15:00+00:00,5.97,0.79,0.8,0.795,0.01,179.0,15.48,99
2026-09-02T06:09:02.395589+00:00,btc-updown-15m-1788329700,15,4053802,85568634860990966759610084065907403155290942646321882769650379631372151525204,2026-09-02T06:15:00+00:00,2026-09-02T06:30:00+00:00,20.97,0.49,0.5,0.495,0.01,105.0,280.0,97
2026-09-02T06:10:03.303614+00:00,btc-updown-5m-1788329400,5,4053729,54013355178235040106354284687650396797462789347536076023647974568514108745748,2026-09-02T06:10:00+00:00,2026-09-02T06:15:00+00:00,4.95,0.48,0.49,0.485,0.01,138.96,122.95,99
2026-09-02T06:10:03.303614+00:00,btc-updown-5m-1788329700,5,4053800,92564315011755482177052176705338567278565909162999063241583103056213442148536,2026-09-02T06:15:00+00:00,2026-09-02T06:20:00+00:00,9.95,0.49,0.5,0.495,0.01,352.2,643.13,99
2026-09-02T06:10:03.303614+00:00,btc-updown-15m-1788328800,15,4053537,99535781861749207481745538045476871839812682470233119837621277570031753536697,2026-09-02T06:00:00+00:00,2026-09-02T06:15:00+00:00,4.95,0.71,0.72,0.715,0.01,191.0,50.0,98
2026-09-02T06:10:03.303614+00:00,btc-updown-15m-1788329700,15,4053802,85568634860990966759610084065907403155290942646321882769650379631372151525204,2026-09-02T06:15:00+00:00,2026-09-02T06:30:00+00:00,19.95,0.49,0.5,0.495,0.01,85.0,340.0,97
2026-09-02T06:11:04.215036+00:00,btc-updown-5m-1788329400,5,4053729,54013355178235040106354284687650396797462789347536076023647974568514108745748,2026-09-02T06:10:00+00:00,2026-09-02T06:15:00+00:00,3.93,0.46,0.47,0.465,0.01,133.0,400.92,99
2026-09-02T06:11:04.215036+00:00,btc-updown-5m-1788329700,5,4053800,92564315011755482177052176705338567278565909162999063241583103056213442148536,2026-09-02T06:15:00+00:00,2026-09-02T06:20:00+00:00,8.93,0.49,0.5,0.495,0.01,530.0,643.13,99
2026-09-02T06:11:04.215036+00:00,btc-updown-15m-1788328800,15,4053537,99535781861749207481745538045476871839812682470233119837621277570031753536697,2026-09-02T06:00:00+00:00,2026-09-02T06:15:00+00:00,3.93,0.89,0.9,0.895,0.01,10.0,77.0,99
2026-09-02T06:11:04.215036+00:00,btc-updown-15m-1788329700,15,4053802,85568634860990966759610084065907403155290942646321882769650379631372151525204,2026-09-02T06:15:00+00:00,2026-09-02T06:30:00+00:00,18.93,0.49,0.5,0.495,0.01,85.0,290.0,97
2026-09-02T06:12:05.099597+00:00,btc-updown-5m-1788329400,5,4053729,54013355178235040106354284687650396797462789347536076023647974568514108745748,2026-09-02T06:10:00+00:00,2026-09-02T06:15:00+00:00,2.92,0.53,0.54,0.535,0.01,48.18,295.85,99
2026-09-02T06:12:05.099597+00:00,btc-updown-5m-1788329700,5,4053800,92564315011755482177052176705338567278565909162999063241583103056213442148536,2026-09-02T06:15:00+00:00,2026-09-02T06:20:00+00:00,7.92,0.49,0.5,0.495,0.01,543.03,664.13,99
2026-09-02T06:12:05.099597+00:00,btc-updown-15m-1788328800,15,4053537,99535781861749207481745538045476871839812682470233119837621277570031753536697,2026-09-02T06:00:00+00:00,2026-09-02T06:15:00+00:00,2.92,0.92,0.93,0.925,0.01,17.35,311.47,99
2026-09-02T06:12:05.099597+00:00,btc-updown-15m-1788329700,15,4053802,85568634860990966759610084065907403155290942646321882769650379631372151525204,2026-09-02T06:15:00+00:00,2026-09-02T06:30:00+00:00,17.92,0.49,0.5,0.495,0.01,135.0,346.0,97
2026-09-02T06:13:05.996043+00:00,btc-updown-5m-1788329400,5,4053729,54013355178235040106354284687650396797462789347536076023647974568514108745748,2026-09-02T06:10:00+00:00,2026-09-02T06:15:00+00:00,1.92,0.68,0.69,0.685,0.01,170.0,83.33,99
2026-09-02T06:13:05.996043+00:00,btc-updown-5m-1788329700,5,4053800,92564315011755482177052176705338567278565909162999063241583103056213442148536,2026-09-02T06:15:00+00:00,2026-09-02T06:20:00+00:00,6.92,0.49,0.5,0.495,0.01,539.03,202.0,99
2026-09-02T06:13:05.996043+00:00,btc-updown-15m-1788328800,15,4053537,99535781861749207481745538045476871839812682470233119837621277570031753536697,2026-09-02T06:00:00+00:00,2026-09-02T06:15:00+00:00,1.92,0.97,0.98,0.975,0.01,130.0,134.61,99
2026-09-02T06:13:05.996043+00:00,btc-updown-15m-1788329700,15,4053802,85568634860990966759610084065907403155290942646321882769650379631372151525204,2026-09-02T06:15:00+00:00,2026-09-02T06:30:00+00:00,16.92,0.48,0.49,0.485,0.01,85.0,105.0,97
2026-09-02T06:14:06.873583+00:00,btc-updown-5m-1788329700,5,4053800,92564315011755482177052176705338567278565909162999063241583103056213442148536,2026-09-02T06:15:00+00:00,2026-09-02T06:20:00+00:00,5.9,0.49,0.5,0.495,0.01,274.51,211.66,99
2026-09-02T06:14:06.873583+00:00,btc-updown-15m-1788329700,15,4053802,85568634860990966759610084065907403155290942646321882769650379631372151525204,2026-09-02T06:15:00+00:00,2026-09-02T06:30:00+00:00,15.9,0.47,0.48,0.475,0.01,638.47,3.8,91
2026-09-02T06:15:07.578755+00:00,btc-updown-5m-1788329700,5,4053800,92564315011755482177052176705338567278565909162999063241583103056213442148536,2026-09-02T06:15:00+00:00,2026-09-02T06:20:00+00:00,4.88,0.71,0.72,0.715,0.01,204.64,347.48,99
2026-09-02T06:15:07.578755+00:00,btc-updown-5m-1788330000,5,4053856,63454157317931398028583450803278436832963302819600817107423242691788150738713,2026-09-02T06:20:00+00:00,2026-09-02T06:25:00+00:00,9.88,0.5,0.51,0.505,0.01,242.9,609.59,99
2026-09-02T06:15:07.578755+00:00,btc-updown-15m-1788329700,15,4053802,85568634860990966759610084065907403155290942646321882769650379631372151525204,2026-09-02T06:15:00+00:00,2026-09-02T06:30:00+00:00,14.88,0.62,0.63,0.625,0.01,139.0,11.0,99
2026-09-02T06:15:07.578755+00:00,btc-updown-15m-1788330600,15,4053889,29362680764206529422651910497054577611750301232469705535418387112653036992226,2026-09-02T06:30:00+00:00,2026-09-02T06:45:00+00:00,29.88,0.51,0.52,0.515,0.01,209.44,503.43,97
2026-09-02T06:16:08.467940+00:00,btc-updown-5m-1788329700,5,4053800,92564315011755482177052176705338567278565909162999063241583103056213442148536,2026-09-02T06:15:00+00:00,2026-09-02T06:20:00+00:00,3.87,0.75,0.76,0.755,0.01,314.6,28.31,99
2026-09-02T06:16:08.467940+00:00,btc-updown-5m-1788330000,5,4053856,63454157317931398028583450803278436832963302819600817107423242691788150738713,2026-09-02T06:20:00+00:00,2026-09-02T06:25:00+00:00,8.87,0.5,0.51,0.505,0.01,499.9,741.28,99
2026-09-02T06:16:08.467940+00:00,btc-updown-15m-1788329700,15,4053802,85568634860990966759610084065907403155290942646321882769650379631372151525204,2026-09-02T06:15:00+00:00,2026-09-02T06:30:00+00:00,13.87,0.63,0.64,0.635,0.01,60.83,105.0,99
2026-09-02T06:16:08.467940+00:00,btc-updown-15m-1788330600,15,4053889,29362680764206529422651910497054577611750301232469705535418387112653036992226,2026-09-02T06:30:00+00:00,2026-09-02T06:45:00+00:00,28.87,0.51,0.52,0.515,0.01,159.44,759.63,97
2026-09-02T11:16:59.504945+00:00,btc-updown-5m-1788347700,5,4058310,30236106035764226061743152456052803652385286475998460666737643333800247211745,2026-09-02T11:15:00+00:00,2026-09-02T11:20:00+00:00,3.02,0.25,0.26,0.255,0.01,113.0,524.79,99
2026-09-02T11:16:59.504945+00:00,btc-updown-5m-1788348000,5,4058336,40780137328427957849933602425689618634465394862880350855663003393649237146651,2026-09-02T11:20:00+00:00,2026-09-02T11:25:00+00:00,8.02,0.5,0.51,0.505,0.01,159.52,826.52,99
2026-09-02T11:16:59.504945+00:00,btc-updown-15m-1788347700,15,4058318,93635999617687559511994153578091688291997524790785145620756830078711161808937,2026-09-02T11:15:00+00:00,2026-09-02T11:30:00+00:00,13.02,0.37,0.39,0.38,0.02,219.0,115.0,98
2026-09-02T11:16:59.504945+00:00,btc-updown-15m-1788348600,15,4058549,115647678132845694025274304604186613242855421679341049928426456006942818136929,2026-09-02T11:30:00+00:00,2026-09-02T11:45:00+00:00,28.02,0.5,0.51,0.505,0.01,59.64,840.68,99
2026-09-02T11:18:00.678989+00:00,btc-updown-5m-1788347700,5,4058310,30236106035764226061743152456052803652385286475998460666737643333800247211745,2026-09-02T11:15:00+00:00,2026-09-02T11:20:00+00:00,2.0,0.02,0.03,0.025,0.01,1191.51,355.98,99
2026-09-02T11:18:00.678989+00:00,btc-updown-5m-1788348000,5,4058336,40780137328427957849933602425689618634465394862880350855663003393649237146651,2026-09-02T11:20:00+00:00,2026-09-02T11:25:00+00:00,7.0,0.5,0.51,0.505,0.01,169.52,836.52,99
2026-09-02T11:18:00.678989+00:00,btc-updown-15m-1788347700,15,4058318,93635999617687559511994153578091688291997524790785145620756830078711161808937,2026-09-02T11:15:00+00:00,2026-09-02T11:30:00+00:00,12.0,0.27,0.28,0.275,0.01,79.0,46.0,99
2026-09-02T11:18:00.678989+00:00,btc-updown-15m-1788348600,15,4058549,115647678132845694025274304604186613242855421679341049928426456006942818136929,2026-09-02T11:30:00+00:00,2026-09-02T11:45:00+00:00,27.0,0.5,0.51,0.505,0.01,246.4,376.6,99
2026-09-02T11:19:01.618501+00:00,btc-updown-5m-1788348000,5,4058336,40780137328427957849933602425689618634465394862880350855663003393649237146651,2026-09-02T11:20:00+00:00,2026-09-02T11:25:00+00:00,5.98,0.5,0.51,0.505,0.01,189.52,505.74,99
2026-09-02T11:19:01.618501+00:00,btc-updown-15m-1788347700,15,4058318,93635999617687559511994153578091688291997524790785145620756830078711161808937,2026-09-02T11:15:00+00:00,2026-09-02T11:30:00+00:00,10.98,0.19,0.2,0.195,0.01,129.75,35.0,99
2026-09-02T11:19:01.618501+00:00,btc-updown-15m-1788348600,15,4058549,115647678132845694025274304604186613242855421679341049928426456006942818136929,2026-09-02T11:30:00+00:00,2026-09-02T11:45:00+00:00,25.98,0.5,0.51,0.505,0.01,359.4,376.6,99
2026-09-02T11:20:02.424071+00:00,btc-updown-5m-1788348000,5,4058336,40780137328427957849933602425689618634465394862880350855663003393649237146651,2026-09-02T11:20:00+00:00,2026-09-02T11:25:00+00:00,4.97,0.48,0.49,0.485,0.01,312.19,90.88,99
2026-09-02T11:20:02.424071+00:00,btc-updown-5m-1788348300,5,4058455,99783120504401001196174371956828406239448262656976354525293837520347993005971,2026-09-02T11:25:00+00:00,2026-09-02T11:30:00+00:00,9.97,0.5,0.51,0.505,0.01,714.49,678.35,99
2026-09-02T11:20:02.424071+00:00,btc-updown-15m-1788347700,15,4058318,93635999617687559511994153578091688291997524790785145620756830078711161808937,2026-09-02T11:15:00+00:00,2026-09-02T11:30:00+00:00,9.97,0.16,0.17,0.165,0.01,115.0,78.82,99
2026-09-02T11:20:02.424071+00:00,btc-updown-15m-1788348600,15,4058549,115647678132845694025274304604186613242855421679341049928426456006942818136929,2026-09-02T11:30:00+00:00,2026-09-02T11:45:00+00:00,24.97,0.5,0.51,0.505,0.01,359.4,406.6,99
2026-09-02T11:21:03.324614+00:00,btc-updown-5m-1788348000,5,4058336,40780137328427957849933602425689618634465394862880350855663003393649237146651,2026-09-02T11:20:00+00:00,2026-09-02T11:25:00+00:00,3.95,0.35,0.36,0.355,0.01,228.0,224.0,99
2026-09-02T11:21:03.324614+00:00,btc-updown-5m-1788348300,5,4058455,99783120504401001196174371956828406239448262656976354525293837520347993005971,2026-09-02T11:25:00+00:00,2026-09-02T11:30:00+00:00,8.95,0.5,0.51,0.505,0.01,748.03,800.35,99
2026-09-02T11:21:03.324614+00:00,btc-updown-15m-1788347700,15,4058318,93635999617687559511994153578091688291997524790785145620756830078711161808937,2026-09-02T11:15:00+00:00,2026-09-02T11:30:00+00:00,8.95,0.12,0.13,0.125,0.01,8101.02,25.0,99
2026-09-02T11:21:03.324614+00:00,btc-updown-15m-1788348600,15,4058549,115647678132845694025274304604186613242855421679341049928426456006942818136929,2026-09-02T11:30:00+00:00,2026-09-02T11:45:00+00:00,23.95,0.5,0.51,0.505,0.01,359.4,404.63,99
2026-09-02T11:22:04.277986+00:00,btc-updown-5m-1788348000,5,4058336,40780137328427957849933602425689618634465394862880350855663003393649237146651,2026-09-02T11:20:00+00:00,2026-09-02T11:25:00+00:00,2.93,0.24,0.25,0.245,0.01,80.0,142.54,99
2026-09-02T11:22:04.277986+00:00,btc-updown-5m-1788348300,5,4058455,99783120504401001196174371956828406239448262656976354525293837520347993005971,2026-09-02T11:25:00+00:00,2026-09-02T11:30:00+00:00,7.93,0.5,0.51,0.505,0.01,838.03,816.35,99
2026-09-02T11:22:04.277986+00:00,btc-updown-15m-1788347700,15,4058318,93635999617687559511994153578091688291997524790785145620756830078711161808937,2026-09-02T11:15:00+00:00,2026-09-02T11:30:00+00:00,7.93,0.1,0.11,0.105,0.01,224.0,80.0,99
2026-09-02T11:22:04.277986+00:00,btc-updown-15m-1788348600,15,4058549,115647678132845694025274304604186613242855421679341049928426456006942818136929,2026-09-02T11:30:00+00:00,2026-09-02T11:45:00+00:00,22.93,0.5,0.51,0.505,0.01,715.99,394.83,99
2026-09-02T11:23:05.199549+00:00,btc-updown-5m-1788348000,5,4058336,40780137328427957849933602425689618634465394862880350855663003393649237146651,2026-09-02T11:20:00+00:00,2026-09-02T11:25:00+00:00,1.92,0.01,0.02,0.015,0.01,2729.6,394.37,99
2026-09-02T11:23:05.199549+00:00,btc-updown-5m-1788348300,5,4058455,99783120504401001196174371956828406239448262656976354525293837520347993005971,2026-09-02T11:25:00+00:00,2026-09-02T11:30:00+00:00,6.92,0.5,0.51,0.505,0.01,318.03,448.6,99
2026-09-02T11:23:05.199549+00:00,btc-updown-15m-1788347700,15,4058318,93635999617687559511994153578091688291997524790785145620756830078711161808937,2026-09-02T11:15:00+00:00,2026-09-02T11:30:00+00:00,6.92,0.03,0.04,0.035,0.01,3651.0,20.0,99
2026-09-02T11:23:05.199549+00:00,btc-updown-15m-1788348600,15,4058549,115647678132845694025274304604186613242855421679341049928426456006942818136929,2026-09-02T11:30:00+00:00,2026-09-02T11:45:00+00:00,21.92,0.5,0.51,0.505,0.01,465.99,394.83,99
2026-09-02T11:24:06.110476+00:00,btc-updown-5m-1788348300,5,4058455,99783120504401001196174371956828406239448262656976354525293837520347993005971,2026-09-02T11:25:00+00:00,2026-09-02T11:30:00+00:00,5.9,0.52,0.53,0.525,0.01,103.69,138.0,99
2026-09-02T11:24:06.110476+00:00,btc-updown-15m-1788347700,15,4058318,93635999617687559511994153578091688291997524790785145620756830078711161808937,2026-09-02T11:15:00+00:00,2026-09-02T11:30:00+00:00,5.9,0.02,0.03,0.025,0.01,4056.95,60.0,99
2026-09-02T11:24:06.110476+00:00,btc-updown-15m-1788348600,15,4058549,115647678132845694025274304604186613242855421679341049928426456006942818136929,2026-09-02T11:30:00+00:00,2026-09-02T11:45:00+00:00,20.9,0.5,0.51,0.505,0.01,814.99,394.83,99
2026-09-02T11:25:07.016031+00:00,btc-updown-5m-1788348300,5,4058455,99783120504401001196174371956828406239448262656976354525293837520347993005971,2026-09-02T11:25:00+00:00,2026-09-02T11:30:00+00:00,4.88,0.57,0.58,0.575,0.01,251.67,113.0,99
2026-09-02T11:25:07.016031+00:00,btc-updown-5m-1788348600,5,4058552,13188541736138837301820442885574586558483333611779776012216667509264435669319,2026-09-02T11:30:00+00:00,2026-09-02T11:35:00+00:00,9.88,0.5,0.51,0.505,0.01,756.72,509.41,99
2026-09-02T11:25:07.016031+00:00,btc-updown-15m-1788347700,15,4058318,93635999617687559511994153578091688291997524790785145620756830078711161808937,2026-09-02T11:15:00+00:00,2026-09-02T11:30:00+00:00,4.88,0.03,0.04,0.035,0.01,20.0,199.0,99
2026-09-02T11:25:07.016031+00:00,btc-updown-15m-1788348600,15,4058549,115647678132845694025274304604186613242855421679341049928426456006942818136929,2026-09-02T11:30:00+00:00,2026-09-02T11:45:00+00:00,19.88,0.5,0.51,0.505,0.01,475.99,381.97,99
2026-09-02T11:26:07.956263+00:00,btc-updown-5m-1788348300,5,4058455,99783120504401001196174371956828406239448262656976354525293837520347993005971,2026-09-02T11:25:00+00:00,2026-09-02T11:30:00+00:00,3.88,0.32,0.33,0.325,0.01,47.64,662.9,99
2026-09-02T11:26:07.956263+00:00,btc-updown-5m-1788348600,5,4058552,13188541736138837301820442885574586558483333611779776012216667509264435669319,2026-09-02T11:30:00+00:00,2026-09-02T11:35:00+00:00,8.88,0.5,0.51,0.505,0.01,974.72,652.76,99
2026-09-02T11:26:07.956263+00:00,btc-updown-15m-1788348600,15,4058549,115647678132845694025274304604186613242855421679341049928426456006942818136929,2026-09-02T11:30:00+00:00,2026-09-02T11:45:00+00:00,18.88,0.5,0.51,0.505,0.01,824.99,381.97,99
2026-09-02T11:27:08.833116+00:00,btc-updown-5m-1788348300,5,4058455,99783120504401001196174371956828406239448262656976354525293837520347993005971,2026-09-02T11:25:00+00:00,2026-09-02T11:30:00+00:00,2.87,0.22,0.24,0.23,0.02,21.0,73.0,98
2026-09-02T11:27:08.833116+00:00,btc-updown-5m-1788348600,5,4058552,13188541736138837301820442885574586558483333611779776012216667509264435669319,2026-09-02T11:30:00+00:00,2026-09-02T11:35:00+00:00,7.87,0.5,0.51,0.505,0.01,1214.72,673.76,99
2026-09-02T11:27:08.833116+00:00,btc-updown-15m-1788347700,15,4058318,93635999617687559511994153578091688291997524790785145620756830078711161808937,2026-09-02T11:15:00+00:00,2026-09-02T11:30:00+00:00,2.87,0.001,0.002,0.0015,0.001,1390.0,726.45,113
2026-09-02T11:27:08.833116+00:00,btc-updown-15m-1788348600,15,4058549,115647678132845694025274304604186613242855421679341049928426456006942818136929,2026-09-02T11:30:00+00:00,2026-09-02T11:45:00+00:00,17.87,0.5,0.51,0.505,0.01,864.99,360.06,99
2026-09-02T11:28:09.863490+00:00,btc-updown-5m-1788348300,5,4058455,99783120504401001196174371956828406239448262656976354525293837520347993005971,2026-09-02T11:25:00+00:00,2026-09-02T11:30:00+00:00,1.85,0.87,0.88,0.875,0.01,225.45,156.53,99
2026-09-02T11:28:09.863490+00:00,btc-updown-5m-1788348600,5,4058552,13188541736138837301820442885574586558483333611779776012216667509264435669319,2026-09-02T11:30:00+00:00,2026-09-02T11:35:00+00:00,6.85,0.5,0.51,0.505,0.01,317.0,663.76,99
2026-09-02T11:28:09.863490+00:00,btc-updown-15m-1788347700,15,4058318,93635999617687559511994153578091688291997524790785145620756830078711161808937,2026-09-02T11:15:00+00:00,2026-09-02T11:30:00+00:00,1.85,0.001,0.002,0.0015,0.001,1992.56,900.45,114
2026-09-02T11:28:09.863490+00:00,btc-updown-15m-1788348600,15,4058549,115647678132845694025274304604186613242855421679341049928426456006942818136929,2026-09-02T11:30:00+00:00,2026-09-02T11:45:00+00:00,16.85,0.5,0.51,0.505,0.01,240.2,87.11,99
2026-09-02T11:29:10.829413+00:00,btc-updown-5m-1788348600,5,4058552,13188541736138837301820442885574586558483333611779776012216667509264435669319,2026-09-02T11:30:00+00:00,2026-09-02T11:35:00+00:00,5.83,0.5,0.51,0.505,0.01,392.18,273.1,99
2026-09-02T11:29:10.829413+00:00,btc-updown-15m-1788348600,15,4058549,115647678132845694025274304604186613242855421679341049928426456006942818136929,2026-09-02T11:30:00+00:00,2026-09-02T11:45:00+00:00,15.83,0.51,0.52,0.515,0.01,320.62,16.0,93
2026-09-02T11:30:11.566709+00:00,btc-updown-5m-1788348600,5,4058552,13188541736138837301820442885574586558483333611779776012216667509264435669319,2026-09-02T11:30:00+00:00,2026-09-02T11:35:00+00:00,4.82,0.63,0.64,0.635,0.01,554.18,167.0,99
2026-09-02T11:30:11.566709+00:00,btc-updown-5m-1788348900,5,4058604,107876491215215470887472546981605252722547690995494199583290997873510906060644,2026-09-02T11:35:00+00:00,2026-09-02T11:40:00+00:00,9.82,0.5,0.51,0.505,0.01,352.68,654.47,99
2026-09-02T11:30:11.566709+00:00,btc-updown-15m-1788348600,15,4058549,115647678132845694025274304604186613242855421679341049928426456006942818136929,2026-09-02T11:30:00+00:00,2026-09-02T11:45:00+00:00,14.82,0.59,0.6,0.595,0.01,125.0,53.5,92
2026-09-02T11:30:11.566709+00:00,btc-updown-15m-1788349500,15,4058750,56745090967074227938294501027211803071739341635587239800477026973458537819119,2026-09-02T11:45:00+00:00,2026-09-02T12:00:00+00:00,29.82,0.5,0.51,0.505,0.01,361.02,417.11,87
2026-09-02T11:31:12.547137+00:00,btc-updown-5m-1788348600,5,4058552,13188541736138837301820442885574586558483333611779776012216667509264435669319,2026-09-02T11:30:00+00:00,2026-09-02T11:35:00+00:00,3.8,0.76,0.77,0.765,0.01,247.6,210.0,99
2026-09-02T11:31:12.547137+00:00,btc-updown-5m-1788348900,5,4058604,107876491215215470887472546981605252722547690995494199583290997873510906060644,2026-09-02T11:35:00+00:00,2026-09-02T11:40:00+00:00,8.8,0.5,0.51,0.505,0.01,542.68,857.99,99
2026-09-02T11:31:12.547137+00:00,btc-updown-15m-1788348600,15,4058549,115647678132845694025274304604186613242855421679341049928426456006942818136929,2026-09-02T11:30:00+00:00,2026-09-02T11:45:00+00:00,13.8,0.63,0.64,0.635,0.01,86.65,50.0,92
2026-09-02T11:31:12.547137+00:00,btc-updown-15m-1788349500,15,4058750,56745090967074227938294501027211803071739341635587239800477026973458537819119,2026-09-02T11:45:00+00:00,2026-09-02T12:00:00+00:00,28.8,0.5,0.51,0.505,0.01,688.93,404.7,89
2026-09-02T11:32:13.484987+00:00,btc-updown-5m-1788348600,5,4058552,13188541736138837301820442885574586558483333611779776012216667509264435669319,2026-09-02T11:30:00+00:00,2026-09-02T11:35:00+00:00,2.78,0.73,0.74,0.735,0.01,183.05,248.0,99
2026-09-02T11:32:13.484987+00:00,btc-updown-5m-1788348900,5,4058604,107876491215215470887472546981605252722547690995494199583290997873510906060644,2026-09-02T11:35:00+00:00,2026-09-02T11:40:00+00:00,7.78,0.5,0.51,0.505,0.01,382.68,809.0,99
2026-09-02T11:32:13.484987+00:00,btc-updown-15m-1788348600,15,4058549,115647678132845694025274304604186613242855421679341049928426456006942818136929,2026-09-02T11:30:00+00:00,2026-09-02T11:45:00+00:00,12.78,0.6,0.61,0.605,0.01,188.0,70.0,93
2026-09-02T11:32:13.484987+00:00,btc-updown-15m-1788349500,15,4058750,56745090967074227938294501027211803071739341635587239800477026973458537819119,2026-09-02T11:45:00+00:00,2026-09-02T12:00:00+00:00,27.78,0.5,0.51,0.505,0.01,398.93,404.7,85
2026-09-02T11:33:14.516755+00:00,btc-updown-5m-1788348600,5,4058552,13188541736138837301820442885574586558483333611779776012216667509264435669319,2026-09-02T11:30:00+00:00,2026-09-02T11:35:00+00:00,1.77,0.98,0.99,0.985,0.01,133.81,3708.4,99
2026-09-02T11:33:14.516755+00:00,btc-updown-5m-1788348900,5,4058604,107876491215215470887472546981605252722547690995494199583290997873510906060644,2026-09-02T11:35:00+00:00,2026-09-02T11:40:00+00:00,6.77,0.5,0.51,0.505,0.01,544.68,819.57,99
2026-09-02T11:33:14.516755+00:00,btc-updown-15m-1788348600,15,4058549,115647678132845694025274304604186613242855421679341049928426456006942818136929,2026-09-02T11:30:00+00:00,2026-09-02T11:45:00+00:00,11.77,0.77,0.78,0.775,0.01,245.0,30.0,89
2026-09-02T11:33:14.516755+00:00,btc-updown-15m-1788349500,15,4058750,56745090967074227938294501027211803071739341635587239800477026973458537819119,2026-09-02T11:45:00+00:00,2026-09-02T12:00:00+00:00,26.77,0.5,0.51,0.505,0.01,308.93,560.92,85
2026-09-02T11:34:15.459657+00:00,btc-updown-5m-1788348900,5,4058604,107876491215215470887472546981605252722547690995494199583290997873510906060644,2026-09-02T11:35:00+00:00,2026-09-02T11:40:00+00:00,5.75,0.5,0.51,0.505,0.01,479.08,20.0,99
2026-09-02T11:34:15.459657+00:00,btc-updown-15m-1788348600,15,4058549,115647678132845694025274304604186613242855421679341049928426456006942818136929,2026-09-02T11:30:00+00:00,2026-09-02T11:45:00+00:00,10.75,0.82,0.83,0.825,0.01,88.26,150.84,87
2026-09-02T11:34:15.459657+00:00,btc-updown-15m-1788349500,15,4058750,56745090967074227938294501027211803071739341635587239800477026973458537819119,2026-09-02T11:45:00+00:00,2026-09-02T12:00:00+00:00,25.75,0.5,0.51,0.505,0.01,258.93,560.92,97
2026-09-02T11:35:16.278771+00:00,btc-updown-5m-1788348900,5,4058604,107876491215215470887472546981605252722547690995494199583290997873510906060644,2026-09-02T11:35:00+00:00,2026-09-02T11:40:00+00:00,4.73,0.79,0.8,0.795,0.01,141.0,407.66,99
2026-09-02T11:35:16.278771+00:00,btc-updown-5m-1788349200,5,4058738,86415274669390831804745272033541916890384188795733093715855045595840416161510,2026-09-02T11:40:00+00:00,2026-09-02T11:45:00+00:00,9.73,0.5,0.51,0.505,0.01,277.86,765.04,99
2026-09-02T11:35:16.278771+00:00,btc-updown-15m-1788348600,15,4058549,115647678132845694025274304604186613242855421679341049928426456006942818136929,2026-09-02T11:30:00+00:00,2026-09-02T11:45:00+00:00,9.73,0.93,0.94,0.935,0.01,125.0,184.0,87
2026-09-02T11:35:16.278771+00:00,btc-updown-15m-1788349500,15,4058750,56745090967074227938294501027211803071739341635587239800477026973458537819119,2026-09-02T11:45:00+00:00,2026-09-02T12:00:00+00:00,24.73,0.5,0.51,0.505,0.01,201.93,677.64,97
2026-09-02T11:36:17.197560+00:00,btc-updown-5m-1788348900,5,4058604,107876491215215470887472546981605252722547690995494199583290997873510906060644,2026-09-02T11:35:00+00:00,2026-09-02T11:40:00+00:00,3.72,0.82,0.83,0.825,0.01,77.0,458.28,99
2026-09-02T11:36:17.197560+00:00,btc-updown-5m-1788349200,5,4058738,86415274669390831804745272033541916890384188795733093715855045595840416161510,2026-09-02T11:40:00+00:00,2026-09-02T11:45:00+00:00,8.72,0.5,0.51,0.505,0.01,163.99,933.1,99
2026-09-02T11:36:17.197560+00:00,btc-updown-15m-1788348600,15,4058549,115647678132845694025274304604186613242855421679341049928426456006942818136929,2026-09-02T11:30:00+00:00,2026-09-02T11:45:00+00:00,8.72,0.94,0.95,0.945,0.01,75.0,107.0,87
2026-09-02T11:36:17.197560+00:00,btc-updown-15m-1788349500,15,4058750,56745090967074227938294501027211803071739341635587239800477026973458537819119,2026-09-02T11:45:00+00:00,2026-09-02T12:00:00+00:00,23.72,0.5,0.51,0.505,0.01,201.93,875.83,97
2026-09-02T11:37:18.133452+00:00,btc-updown-5m-1788348900,5,4058604,107876491215215470887472546981605252722547690995494199583290997873510906060644,2026-09-02T11:35:00+00:00,2026-09-02T11:40:00+00:00,2.7,0.88,0.89,0.885,0.01,336.19,158.37,99
2026-09-02T11:37:18.133452+00:00,btc-updown-5m-1788349200,5,4058738,86415274669390831804745272033541916890384188795733093715855045595840416161510,2026-09-02T11:40:00+00:00,2026-09-02T11:45:00+00:00,7.7,0.5,0.51,0.505,0.01,143.99,944.1,99
2026-09-02T11:37:18.133452+00:00,btc-updown-15m-1788348600,15,4058549,115647678132845694025274304604186613242855421679341049928426456006942818136929,2026-09-02T11:30:00+00:00,2026-09-02T11:45:00+00:00,7.7,0.94,0.95,0.945,0.01,170.33,10.0,87
2026-09-02T11:37:18.133452+00:00,btc-updown-15m-1788349500,15,4058750,56745090967074227938294501027211803071739341635587239800477026973458537819119,2026-09-02T11:45:00+00:00,2026-09-02T12:00:00+00:00,22.7,0.5,0.51,0.505,0.01,201.93,875.83,97
2026-09-02T11:38:19.102697+00:00,btc-updown-5m-1788348900,5,4058604,107876491215215470887472546981605252722547690995494199583290997873510906060644,2026-09-02T11:35:00+00:00,2026-09-02T11:40:00+00:00,1.68,0.94,0.95,0.945,0.01,387.0,1355.82,99
2026-09-02T11:38:19.102697+00:00,btc-updown-5m-1788349200,5,4058738,86415274669390831804745272033541916890384188795733093715855045595840416161510,2026-09-02T11:40:00+00:00,2026-09-02T11:45:00+00:00,6.68,0.5,0.51,0.505,0.01,139.99,904.29,99
2026-09-02T11:38:19.102697+00:00,btc-updown-15m-1788348600,15,4058549,115647678132845694025274304604186613242855421679341049928426456006942818136929,2026-09-02T11:30:00+00:00,2026-09-02T11:45:00+00:00,6.68,0.96,0.97,0.965,0.01,65.0,65.0,87
2026-09-02T11:38:19.102697+00:00,btc-updown-15m-1788349500,15,4058750,56745090967074227938294501027211803071739341635587239800477026973458537819119,2026-09-02T11:45:00+00:00,2026-09-02T12:00:00+00:00,21.68,0.5,0.51,0.505,0.01,201.93,835.83,97
2026-09-02T11:39:20.032126+00:00,btc-updown-5m-1788349200,5,4058738,86415274669390831804745272033541916890384188795733093715855045595840416161510,2026-09-02T11:40:00+00:00,2026-09-02T11:45:00+00:00,5.67,0.49,0.5,0.495,0.01,432.83,218.0,99
2026-09-02T11:39:20.032126+00:00,btc-updown-15m-1788348600,15,4058549,115647678132845694025274304604186613242855421679341049928426456006942818136929,2026-09-02T11:30:00+00:00,2026-09-02T11:45:00+00:00,5.67,0.97,0.98,0.975,0.01,315.0,351.88,87
2026-09-02T11:39:20.032126+00:00,btc-updown-15m-1788349500,15,4058750,56745090967074227938294501027211803071739341635587239800477026973458537819119,2026-09-02T11:45:00+00:00,2026-09-02T12:00:00+00:00,20.67,0.5,0.51,0.505,0.01,18.02,835.83,97
2026-09-02T11:40:20.868930+00:00,btc-updown-5m-1788349200,5,4058738,86415274669390831804745272033541916890384188795733093715855045595840416161510,2026-09-02T11:40:00+00:00,2026-09-02T11:45:00+00:00,4.67,0.48,0.49,0.485,0.01,373.96,57.71,99
2026-09-02T11:40:20.868930+00:00,btc-updown-5m-1788349500,5,4058745,46116333145564195070598974586267357001767015678395230027035744928939412991229,2026-09-02T11:45:00+00:00,2026-09-02T11:50:00+00:00,9.67,0.5,0.51,0.505,0.01,170.25,795.64,99
2026-09-02T11:40:20.868930+00:00,btc-updown-15m-1788348600,15,4058549,115647678132845694025274304604186613242855421679341049928426456006942818136929,2026-09-02T11:30:00+00:00,2026-09-02T11:45:00+00:00,4.67,0.98,0.99,0.985,0.01,630.71,2166.08,95
2026-09-02T11:40:20.868930+00:00,btc-updown-15m-1788349500,15,4058750,56745090967074227938294501027211803071739341635587239800477026973458537819119,2026-09-02T11:45:00+00:00,2026-09-02T12:00:00+00:00,19.67,0.49,0.5,0.495,0.01,464.08,762.2,97
2026-09-02T11:41:21.801879+00:00,btc-updown-5m-1788349200,5,4058738,86415274669390831804745272033541916890384188795733093715855045595840416161510,2026-09-02T11:40:00+00:00,2026-09-02T11:45:00+00:00,3.65,0.23,0.24,0.235,0.01,215.88,367.62,99
2026-09-02T11:41:21.801879+00:00,btc-updown-5m-1788349500,5,4058745,46116333145564195070598974586267357001767015678395230027035744928939412991229,2026-09-02T11:45:00+00:00,2026-09-02T11:50:00+00:00,8.65,0.5,0.51,0.505,0.01,180.25,898.58,99
2026-09-02T11:41:21.801879+00:00,btc-updown-15m-1788348600,15,4058549,115647678132845694025274304604186613242855421679341049928426456006942818136929,2026-09-02T11:30:00+00:00,2026-09-02T11:45:00+00:00,3.65,0.99,0.995,0.9925,0.005,280.0,2000.0,99
2026-09-02T11:41:21.801879+00:00,btc-updown-15m-1788349500,15,4058750,56745090967074227938294501027211803071739341635587239800477026973458537819119,2026-09-02T11:45:00+00:00,2026-09-02T12:00:00+00:00,18.65,0.49,0.5,0.495,0.01,562.11,642.2,99
2026-09-02T11:42:22.746730+00:00,btc-updown-5m-1788349200,5,4058738,86415274669390831804745272033541916890384188795733093715855045595840416161510,2026-09-02T11:40:00+00:00,2026-09-02T11:45:00+00:00,2.63,0.31,0.32,0.315,0.01,170.93,152.18,99
2026-09-02T11:42:22.746730+00:00,btc-updown-5m-1788349500,5,4058745,46116333145564195070598974586267357001767015678395230027035744928939412991229,2026-09-02T11:45:00+00:00,2026-09-02T11:50:00+00:00,7.63,0.5,0.51,0.505,0.01,180.25,898.58,99
2026-09-02T11:42:22.746730+00:00,btc-updown-15m-1788348600,15,4058549,115647678132845694025274304604186613242855421679341049928426456006942818136929,2026-09-02T11:30:00+00:00,2026-09-02T11:45:00+00:00,2.63,0.996,0.998,0.997,0.002,732.91,5144.86,99
2026-09-02T11:42:22.746730+00:00,btc-updown-15m-1788349500,15,4058750,56745090967074227938294501027211803071739341635587239800477026973458537819119,2026-09-02T11:45:00+00:00,2026-09-02T12:00:00+00:00,17.63,0.49,0.5,0.495,0.01,558.18,270.12,99
2026-09-02T11:43:23.696510+00:00,btc-updown-5m-1788349200,5,4058738,86415274669390831804745272033541916890384188795733093715855045595840416161510,2026-09-02T11:40:00+00:00,2026-09-02T11:45:00+00:00,1.62,0.01,0.02,0.015,0.01,4695.41,289.93,99
2026-09-02T11:43:23.696510+00:00,btc-updown-5m-1788349500,5,4058745,46116333145564195070598974586267357001767015678395230027035744928939412991229,2026-09-02T11:45:00+00:00,2026-09-02T11:50:00+00:00,6.62,0.5,0.51,0.505,0.01,186.25,821.65,99
2026-09-02T11:43:23.696510+00:00,btc-updown-15m-1788348600,15,4058549,115647678132845694025274304604186613242855421679341049928426456006942818136929,2026-09-02T11:30:00+00:00,2026-09-02T11:45:00+00:00,1.62,0.996,0.999,0.9975,0.003,419.51,991.2,98
2026-09-02T11:43:23.696510+00:00,btc-updown-15m-1788349500,15,4058750,56745090967074227938294501027211803071739341635587239800477026973458537819119,2026-09-02T11:45:00+00:00,2026-09-02T12:00:00+00:00,16.62,0.5,0.51,0.505,0.01,50.0,464.19,97
2026-09-02T11:44:24.658227+00:00,btc-updown-5m-1788349500,5,4058745,46116333145564195070598974586267357001767015678395230027035744928939412991229,2026-09-02T11:45:00+00:00,2026-09-02T11:50:00+00:00,5.6,0.48,0.49,0.485,0.01,55.0,55.0,99
2026-09-02T11:44:24.658227+00:00,btc-updown-15m-1788349500,15,4058750,56745090967074227938294501027211803071739341635587239800477026973458537819119,2026-09-02T11:45:00+00:00,2026-09-02T12:00:00+00:00,15.6,0.5,0.51,0.505,0.01,100.0,246.33,93
2026-09-02T11:45:25.404402+00:00,btc-updown-5m-1788349500,5,4058745,46116333145564195070598974586267357001767015678395230027035744928939412991229,2026-09-02T11:45:00+00:00,2026-09-02T11:50:00+00:00,4.58,0.42,0.43,0.425,0.01,5.0,44.63,99
2026-09-02T11:45:25.404402+00:00,btc-updown-5m-1788349800,5,4058797,110481380603649724379188099113334849380840546739444126462821144837993651330103,2026-09-02T11:50:00+00:00,2026-09-02T11:55:00+00:00,9.58,0.5,0.51,0.505,0.01,512.88,925.25,99
2026-09-02T11:45:25.404402+00:00,btc-updown-15m-1788349500,15,4058750,56745090967074227938294501027211803071739341635587239800477026973458537819119,2026-09-02T11:45:00+00:00,2026-09-02T12:00:00+00:00,14.58,0.48,0.49,0.485,0.01,187.0,52.66,99
2026-09-02T11:45:25.404402+00:00,btc-updown-15m-1788350400,15,4058949,105741079761694357014628039335702508582131776063517455608616956211879106439004,2026-09-02T12:00:00+00:00,2026-09-02T12:15:00+00:00,29.58,0.5,0.51,0.505,0.01,307.66,480.0,95
2026-09-02T11:46:26.379523+00:00,btc-updown-5m-1788349500,5,4058745,46116333145564195070598974586267357001767015678395230027035744928939412991229,2026-09-02T11:45:00+00:00,2026-09-02T11:50:00+00:00,3.57,0.26,0.27,0.265,0.01,265.43,40.92,99
2026-09-02T11:46:26.379523+00:00,btc-updown-5m-1788349800,5,4058797,110481380603649724379188099113334849380840546739444126462821144837993651330103,2026-09-02T11:50:00+00:00,2026-09-02T11:55:00+00:00,8.57,0.5,0.51,0.505,0.01,527.88,830.16,99
2026-09-02T11:46:26.379523+00:00,btc-updown-15m-1788349500,15,4058750,56745090967074227938294501027211803071739341635587239800477026973458537819119,2026-09-02T11:45:00+00:00,2026-09-02T12:00:00+00:00,13.57,0.4,0.41,0.405,0.01,15.0,128.21,99
2026-09-02T11:46:26.379523+00:00,btc-updown-15m-1788350400,15,4058949,105741079761694357014628039335702508582131776063517455608616956211879106439004,2026-09-02T12:00:00+00:00,2026-09-02T12:15:00+00:00,28.57,0.5,0.51,0.505,0.01,193.66,630.0,97
2026-09-02T11:47:27.340932+00:00,btc-updown-5m-1788349500,5,4058745,46116333145564195070598974586267357001767015678395230027035744928939412991229,2026-09-02T11:45:00+00:00,2026-09-02T11:50:00+00:00,2.55,0.31,0.32,0.315,0.01,70.0,9.38,99
2026-09-02T11:47:27.340932+00:00,btc-updown-5m-1788349800,5,4058797,110481380603649724379188099113334849380840546739444126462821144837993651330103,2026-09-02T11:50:00+00:00,2026-09-02T11:55:00+00:00,7.55,0.5,0.51,0.505,0.01,537.88,680.16,99
2026-09-02T11:47:27.340932+00:00,btc-updown-15m-1788349500,15,4058750,56745090967074227938294501027211803071739341635587239800477026973458537819119,2026-09-02T11:45:00+00:00,2026-09-02T12:00:00+00:00,12.55,0.44,0.45,0.445,0.01,105.0,172.0,99
2026-09-02T11:47:27.340932+00:00,btc-updown-15m-1788350400,15,4058949,105741079761694357014628039335702508582131776063517455608616956211879106439004,2026-09-02T12:00:00+00:00,2026-09-02T12:15:00+00:00,27.55,0.5,0.51,0.505,0.01,193.66,834.08,97
2026-09-02T11:48:28.341467+00:00,btc-updown-5m-1788349500,5,4058745,46116333145564195070598974586267357001767015678395230027035744928939412991229,2026-09-02T11:45:00+00:00,2026-09-02T11:50:00+00:00,1.53,0.59,0.6,0.595,0.01,358.0,605.0,99
2026-09-02T11:48:28.341467+00:00,btc-updown-5m-1788349800,5,4058797,110481380603649724379188099113334849380840546739444126462821144837993651330103,2026-09-02T11:50:00+00:00,2026-09-02T11:55:00+00:00,6.53,0.5,0.51,0.505,0.01,99.32,680.16,99
2026-09-02T11:48:28.341467+00:00,btc-updown-15m-1788349500,15,4058750,56745090967074227938294501027211803071739341635587239800477026973458537819119,2026-09-02T11:45:00+00:00,2026-09-02T12:00:00+00:00,11.53,0.53,0.54,0.535,0.01,177.72,11.31,99
2026-09-02T11:48:28.341467+00:00,btc-updown-15m-1788350400,15,4058949,105741079761694357014628039335702508582131776063517455608616956211879106439004,2026-09-02T12:00:00+00:00,2026-09-02T12:15:00+00:00,26.53,0.5,0.51,0.505,0.01,193.66,834.08,97
2026-09-02T11:49:29.285556+00:00,btc-updown-5m-1788349500,5,4058745,46116333145564195070598974586267357001767015678395230027035744928939412991229,2026-09-02T11:45:00+00:00,2026-09-02T11:50:00+00:00,0.52,0.03,0.04,0.035,0.01,1021.83,65.0,99
2026-09-02T11:49:29.285556+00:00,btc-updown-5m-1788349800,5,4058797,110481380603649724379188099113334849380840546739444126462821144837993651330103,2026-09-02T11:50:00+00:00,2026-09-02T11:55:00+00:00,5.52,0.48,0.49,0.485,0.01,24.54,212.0,99
2026-09-02T11:49:29.285556+00:00,btc-updown-15m-1788349500,15,4058750,56745090967074227938294501027211803071739341635587239800477026973458537819119,2026-09-02T11:45:00+00:00,2026-09-02T12:00:00+00:00,10.52,0.43,0.44,0.435,0.01,11.0,229.0,99
2026-09-02T11:49:29.285556+00:00,btc-updown-15m-1788350400,15,4058949,105741079761694357014628039335702508582131776063517455608616956211879106439004,2026-09-02T12:00:00+00:00,2026-09-02T12:15:00+00:00,25.52,0.5,0.51,0.505,0.01,69.56,834.08,97
2026-09-02T11:50:30.224887+00:00,btc-updown-5m-1788349800,5,4058797,110481380603649724379188099113334849380840546739444126462821144837993651330103,2026-09-02T11:50:00+00:00,2026-09-02T11:55:00+00:00,4.5,0.37,0.38,0.375,0.01,164.0,395.75,99
2026-09-02T11:50:30.224887+00:00,btc-updown-5m-1788350100,5,4058915,27811772382971031445123899734874544061096218278559902104951460757708536770637,2026-09-02T11:55:00+00:00,2026-09-02T12:00:00+00:00,9.5,0.5,0.51,0.505,0.01,808.14,1050.78,99
2026-09-02T11:50:30.224887+00:00,btc-updown-15m-1788349500,15,4058750,56745090967074227938294501027211803071739341635587239800477026973458537819119,2026-09-02T11:45:00+00:00,2026-09-02T12:00:00+00:00,9.5,0.39,0.4,0.395,0.01,64.82,182.0,99
2026-09-02T11:50:30.224887+00:00,btc-updown-15m-1788350400,15,4058949,105741079761694357014628039335702508582131776063517455608616956211879106439004,2026-09-02T12:00:00+00:00,2026-09-02T12:15:00+00:00,24.5,0.5,0.51,0.505,0.01,119.56,744.08,97
2026-09-02T11:51:31.164108+00:00,btc-updown-5m-1788349800,5,4058797,110481380603649724379188099113334849380840546739444126462821144837993651330103,2026-09-02T11:50:00+00:00,2026-09-02T11:55:00+00:00,3.48,0.54,0.55,0.545,0.01,59.13,360.31,99
2026-09-02T11:51:31.164108+00:00,btc-updown-5m-1788350100,5,4058915,27811772382971031445123899734874544061096218278559902104951460757708536770637,2026-09-02T11:55:00+00:00,2026-09-02T12:00:00+00:00,8.48,0.5,0.51,0.505,0.01,891.14,833.61,99
2026-09-02T11:51:31.164108+00:00,btc-updown-15m-1788349500,15,4058750,56745090967074227938294501027211803071739341635587239800477026973458537819119,2026-09-02T11:45:00+00:00,2026-09-02T12:00:00+00:00,8.48,0.46,0.47,0.465,0.01,6.74,167.0,99
2026-09-02T11:51:31.164108+00:00,btc-updown-15m-1788350400,15,4058949,105741079761694357014628039335702508582131776063517455608616956211879106439004,2026-09-02T12:00:00+00:00,2026-09-02T12:15:00+00:00,23.48,0.5,0.51,0.505,0.01,119.56,862.11,97
2026-09-02T11:52:32.128797+00:00,btc-updown-5m-1788349800,5,4058797,110481380603649724379188099113334849380840546739444126462821144837993651330103,2026-09-02T11:50:00+00:00,2026-09-02T11:55:00+00:00,2.47,0.49,0.5,0.495,0.01,306.62,112.22,99
2026-09-02T11:52:32.128797+00:00,btc-updown-5m-1788350100,5,4058915,27811772382971031445123899734874544061096218278559902104951460757708536770637,2026-09-02T11:55:00+00:00,2026-09-02T12:00:00+00:00,7.47,0.5,0.51,0.505,0.01,821.14,798.11,99
2026-09-02T11:52:32.128797+00:00,btc-updown-15m-1788349500,15,4058750,56745090967074227938294501027211803071739341635587239800477026973458537819119,2026-09-02T11:45:00+00:00,2026-09-02T12:00:00+00:00,7.47,0.44,0.45,0.445,0.01,112.0,31.0,99
2026-09-02T11:52:32.128797+00:00,btc-updown-15m-1788350400,15,4058949,105741079761694357014628039335702508582131776063517455608616956211879106439004,2026-09-02T12:00:00+00:00,2026-09-02T12:15:00+00:00,22.47,0.5,0.51,0.505,0.01,69.56,862.11,97
2026-09-02T11:53:33.049323+00:00,btc-updown-5m-1788349800,5,4058797,110481380603649724379188099113334849380840546739444126462821144837993651330103,2026-09-02T11:50:00+00:00,2026-09-02T11:55:00+00:00,1.45,0.88,0.89,0.885,0.01,590.43,140.83,99
2026-09-02T11:53:33.049323+00:00,btc-updown-5m-1788350100,5,4058915,27811772382971031445123899734874544061096218278559902104951460757708536770637,2026-09-02T11:55:00+00:00,2026-09-02T12:00:00+00:00,6.45,0.5,0.51,0.505,0.01,233.14,619.73,99
2026-09-02T11:53:33.049323+00:00,btc-updown-15m-1788349500,15,4058750,56745090967074227938294501027211803071739341635587239800477026973458537819119,2026-09-02T11:45:00+00:00,2026-09-02T12:00:00+00:00,6.45,0.6,0.61,0.605,0.01,140.0,100.54,99
2026-09-02T11:53:33.049323+00:00,btc-updown-15m-1788350400,15,4058949,105741079761694357014628039335702508582131776063517455608616956211879106439004,2026-09-02T12:00:00+00:00,2026-09-02T12:15:00+00:00,21.45,0.5,0.51,0.505,0.01,69.56,862.11,97
2026-09-02T11:54:33.986483+00:00,btc-updown-5m-1788350100,5,4058915,27811772382971031445123899734874544061096218278559902104951460757708536770637,2026-09-02T11:55:00+00:00,2026-09-02T12:00:00+00:00,5.45,0.6,0.62,0.61,0.02,196.0,10.0,98
2026-09-02T11:54:33.986483+00:00,btc-updown-15m-1788349500,15,4058750,56745090967074227938294501027211803071739341635587239800477026973458537819119,2026-09-02T11:45:00+00:00,2026-09-02T12:00:00+00:00,5.45,0.82,0.83,0.825,0.01,83.44,20.0,98
2026-09-02T11:54:33.986483+00:00,btc-updown-15m-1788350400,15,4058949,105741079761694357014628039335702508582131776063517455608616956211879106439004,2026-09-02T12:00:00+00:00,2026-09-02T12:15:00+00:00,20.45,0.5,0.51,0.505,0.01,59.56,804.53,97
2026-09-02T11:55:34.830430+00:00,btc-updown-5m-1788350100,5,4058915,27811772382971031445123899734874544061096218278559902104951460757708536770637,2026-09-02T11:55:00+00:00,2026-09-02T12:00:00+00:00,4.43,0.66,0.67,0.665,0.01,344.22,67.07,99
2026-09-02T11:55:34.830430+00:00,btc-updown-5m-1788350400,5,4058952,5387342070584457060960714629947088681429910354802857628660309146472862450422,2026-09-02T12:00:00+00:00,2026-09-02T12:05:00+00:00,9.43,0.5,0.51,0.505,0.01,202.2,1098.49,99
2026-09-02T11:55:34.830430+00:00,btc-updown-15m-1788349500,15,4058750,56745090967074227938294501027211803071739341635587239800477026973458537819119,2026-09-02T11:45:00+00:00,2026-09-02T12:00:00+00:00,4.43,0.86,0.87,0.865,0.01,2616.0,50.0,99
2026-09-02T11:55:34.830430+00:00,btc-updown-15m-1788350400,15,4058949,105741079761694357014628039335702508582131776063517455608616956211879106439004,2026-09-02T12:00:00+00:00,2026-09-02T12:15:00+00:00,19.43,0.49,0.5,0.495,0.01,268.0,830.44,97
2026-09-02T11:56:35.752790+00:00,btc-updown-5m-1788350100,5,4058915,27811772382971031445123899734874544061096218278559902104951460757708536770637,2026-09-02T11:55:00+00:00,2026-09-02T12:00:00+00:00,3.42,0.86,0.87,0.865,0.01,309.03,119.43,99
2026-09-02T11:56:35.752790+00:00,btc-updown-5m-1788350400,5,4058952,5387342070584457060960714629947088681429910354802857628660309146472862450422,2026-09-02T12:00:00+00:00,2026-09-02T12:05:00+00:00,8.42,0.5,0.51,0.505,0.01,207.2,883.58,99
2026-09-02T11:56:35.752790+00:00,btc-updown-15m-1788349500,15,4058750,56745090967074227938294501027211803071739341635587239800477026973458537819119,2026-09-02T11:45:00+00:00,2026-09-02T12:00:00+00:00,3.42,0.97,0.98,0.975,0.01,93.7,157.74,99
2026-09-02T11:56:35.752790+00:00,btc-updown-15m-1788350400,15,4058949,105741079761694357014628039335702508582131776063517455608616956211879106439004,2026-09-02T12:00:00+00:00,2026-09-02T12:15:00+00:00,18.42,0.49,0.5,0.495,0.01,518.15,780.44,97
2026-09-02T11:57:36.675862+00:00,btc-updown-5m-1788350100,5,4058915,27811772382971031445123899734874544061096218278559902104951460757708536770637,2026-09-02T11:55:00+00:00,2026-09-02T12:00:00+00:00,2.4,0.96,0.97,0.965,0.01,497.28,40.0,99
2026-09-02T11:57:36.675862+00:00,btc-updown-5m-1788350400,5,4058952,5387342070584457060960714629947088681429910354802857628660309146472862450422,2026-09-02T12:00:00+00:00,2026-09-02T12:05:00+00:00,7.4,0.5,0.51,0.505,0.01,179.72,473.49,99
2026-09-02T11:57:36.675862+00:00,btc-updown-15m-1788350400,15,4058949,105741079761694357014628039335702508582131776063517455608616956211879106439004,2026-09-02T12:00:00+00:00,2026-09-02T12:15:00+00:00,17.4,0.49,0.5,0.495,0.01,472.08,750.44,97
2026-09-02T11:58:37.514204+00:00,btc-updown-5m-1788350400,5,4058952,5387342070584457060960714629947088681429910354802857628660309146472862450422,2026-09-02T12:00:00+00:00,2026-09-02T12:05:00+00:00,6.38,0.5,0.51,0.505,0.01,163.0,132.03,99
2026-09-02T11:58:37.514204+00:00,btc-updown-15m-1788350400,15,4058949,105741079761694357014628039335702508582131776063517455608616956211879106439004,2026-09-02T12:00:00+00:00,2026-09-02T12:15:00+00:00,16.38,0.48,0.49,0.485,0.01,533.33,487.08,97
2026-09-02T11:59:38.287991+00:00,btc-updown-5m-1788350400,5,4058952,5387342070584457060960714629947088681429910354802857628660309146472862450422,2026-09-02T12:00:00+00:00,2026-09-02T12:05:00+00:00,5.37,0.54,0.55,0.545,0.01,304.55,6.21,99
2026-09-02T11:59:38.287991+00:00,btc-updown-15m-1788350400,15,4058949,105741079761694357014628039335702508582131776063517455608616956211879106439004,2026-09-02T12:00:00+00:00,2026-09-02T12:15:00+00:00,15.37,0.48,0.49,0.485,0.01,503.72,307.84,91
2026-09-02T12:00:39.039968+00:00,btc-updown-5m-1788350400,5,4058952,5387342070584457060960714629947088681429910354802857628660309146472862450422,2026-09-02T12:00:00+00:00,2026-09-02T12:05:00+00:00,4.35,0.37,0.38,0.375,0.01,32.18,385.0,99
2026-09-02T12:00:39.039968+00:00,btc-updown-5m-1788350700,5,4058975,43173736523664484836821493173648438594939207114416149268027969706551856102084,2026-09-02T12:05:00+00:00,2026-09-02T12:10:00+00:00,9.35,0.49,0.5,0.495,0.01,398.33,848.97,99
2026-09-02T12:00:39.039968+00:00,btc-updown-15m-1788350400,15,4058949,105741079761694357014628039335702508582131776063517455608616956211879106439004,2026-09-02T12:00:00+00:00,2026-09-02T12:15:00+00:00,14.35,0.43,0.44,0.435,0.01,6.49,135.0,99
2026-09-02T12:00:39.039968+00:00,btc-updown-15m-1788351300,15,4059061,15112037667764736837430109428200202870456188333817199835002627625603036883202,2026-09-02T12:15:00+00:00,2026-09-02T12:30:00+00:00,29.35,0.49,0.5,0.495,0.01,433.08,910.0,95
2026-09-02T12:01:40.002033+00:00,btc-updown-5m-1788350400,5,4058952,5387342070584457060960714629947088681429910354802857628660309146472862450422,2026-09-02T12:00:00+00:00,2026-09-02T12:05:00+00:00,3.33,0.52,0.53,0.525,0.01,1139.07,30.2,99
2026-09-02T12:01:40.002033+00:00,btc-updown-5m-1788350700,5,4058975,43173736523664484836821493173648438594939207114416149268027969706551856102084,2026-09-02T12:05:00+00:00,2026-09-02T12:10:00+00:00,8.33,0.49,0.5,0.495,0.01,324.24,876.97,99
2026-09-02T12:01:40.002033+00:00,btc-updown-15m-1788350400,15,4058949,105741079761694357014628039335702508582131776063517455608616956211879106439004,2026-09-02T12:00:00+00:00,2026-09-02T12:15:00+00:00,13.33,0.51,0.52,0.515,0.01,66.69,324.7,99
2026-09-02T12:01:40.002033+00:00,btc-updown-15m-1788351300,15,4059061,15112037667764736837430109428200202870456188333817199835002627625603036883202,2026-09-02T12:15:00+00:00,2026-09-02T12:30:00+00:00,28.33,0.49,0.5,0.495,0.01,483.08,626.0,95
2026-09-02T12:02:40.966142+00:00,btc-updown-5m-1788350400,5,4058952,5387342070584457060960714629947088681429910354802857628660309146472862450422,2026-09-02T12:00:00+00:00,2026-09-02T12:05:00+00:00,2.33,0.47,0.48,0.475,0.01,184.97,440.0,99
2026-09-02T12:02:40.966142+00:00,btc-updown-5m-1788350700,5,4058975,43173736523664484836821493173648438594939207114416149268027969706551856102084,2026-09-02T12:05:00+00:00,2026-09-02T12:10:00+00:00,7.33,0.49,0.5,0.495,0.01,309.24,952.37,99
2026-09-02T12:02:40.966142+00:00,btc-updown-15m-1788350400,15,4058949,105741079761694357014628039335702508582131776063517455608616956211879106439004,2026-09-02T12:00:00+00:00,2026-09-02T12:15:00+00:00,12.33,0.47,0.48,0.475,0.01,120.0,68.0,99
2026-09-02T12:02:40.966142+00:00,btc-updown-15m-1788351300,15,4059061,15112037667764736837430109428200202870456188333817199835002627625603036883202,2026-09-02T12:15:00+00:00,2026-09-02T12:30:00+00:00,27.33,0.49,0.5,0.495,0.01,433.08,626.0,95
2026-09-02T12:03:41.974694+00:00,btc-updown-5m-1788350400,5,4058952,5387342070584457060960714629947088681429910354802857628660309146472862450422,2026-09-02T12:00:00+00:00,2026-09-02T12:05:00+00:00,1.32,0.11,0.12,0.115,0.01,48.76,165.62,99
2026-09-02T12:03:41.974694+00:00,btc-updown-5m-1788350700,5,4058975,43173736523664484836821493173648438594939207114416149268027969706551856102084,2026-09-02T12:05:00+00:00,2026-09-02T12:10:00+00:00,6.32,0.49,0.5,0.495,0.01,453.34,369.2,99
2026-09-02T12:03:41.974694+00:00,btc-updown-15m-1788350400,15,4058949,105741079761694357014628039335702508582131776063517455608616956211879106439004,2026-09-02T12:00:00+00:00,2026-09-02T12:15:00+00:00,11.32,0.37,0.38,0.375,0.01,122.0,71.73,99
2026-09-02T12:03:41.974694+00:00,btc-updown-15m-1788351300,15,4059061,15112037667764736837430109428200202870456188333817199835002627625603036883202,2026-09-02T12:15:00+00:00,2026-09-02T12:30:00+00:00,26.32,0.49,0.5,0.495,0.01,533.08,606.0,95
2026-09-02T12:04:42.947916+00:00,btc-updown-5m-1788350700,5,4058975,43173736523664484836821493173648438594939207114416149268027969706551856102084,2026-09-02T12:05:00+00:00,2026-09-02T12:10:00+00:00,5.3,0.38,0.39,0.385,0.01,70.0,40.0,99
2026-09-02T12:04:42.947916+00:00,btc-updown-15m-1788350400,15,4058949,105741079761694357014628039335702508582131776063517455608616956211879106439004,2026-09-02T12:00:00+00:00,2026-09-02T12:15:00+00:00,10.3,0.27,0.3,0.285,0.03,5.0,115.0,97
2026-09-02T12:04:42.947916+00:00,btc-updown-15m-1788351300,15,4059061,15112037667764736837430109428200202870456188333817199835002627625603036883202,2026-09-02T12:15:00+00:00,2026-09-02T12:30:00+00:00,25.3,0.49,0.5,0.495,0.01,533.08,606.0,95
2026-09-02T12:05:43.783315+00:00,btc-updown-5m-1788350700,5,4058975,43173736523664484836821493173648438594939207114416149268027969706551856102084,2026-09-02T12:05:00+00:00,2026-09-02T12:10:00+00:00,4.28,0.3,0.31,0.305,0.01,100.0,517.04,99
2026-09-02T12:05:43.783315+00:00,btc-updown-5m-1788351000,5,4059037,55587040763039908963373611732635485263379910196269226382224979692034947587836,2026-09-02T12:10:00+00:00,2026-09-02T12:15:00+00:00,9.28,0.49,0.5,0.495,0.01,806.93,798.1,99
2026-09-02T12:05:43.783315+00:00,btc-updown-15m-1788350400,15,4058949,105741079761694357014628039335702508582131776063517455608616956211879106439004,2026-09-02T12:00:00+00:00,2026-09-02T12:15:00+00:00,9.28,0.2,0.21,0.205,0.01,364.98,37.0,99
2026-09-02T12:05:43.783315+00:00,btc-updown-15m-1788351300,15,4059061,15112037667764736837430109428200202870456188333817199835002627625603036883202,2026-09-02T12:15:00+00:00,2026-09-02T12:30:00+00:00,24.28,0.49,0.5,0.495,0.01,585.08,434.0,95
2026-09-02T12:06:44.759315+00:00,btc-updown-5m-1788350700,5,4058975,43173736523664484836821493173648438594939207114416149268027969706551856102084,2026-09-02T12:05:00+00:00,2026-09-02T12:10:00+00:00,3.27,0.44,0.45,0.445,0.01,53.69,371.0,99
2026-09-02T12:06:44.759315+00:00,btc-updown-5m-1788351000,5,4059037,55587040763039908963373611732635485263379910196269226382224979692034947587836,2026-09-02T12:10:00+00:00,2026-09-02T12:15:00+00:00,8.27,0.49,0.5,0.495,0.01,746.93,804.1,99
2026-09-02T12:06:44.759315+00:00,btc-updown-15m-1788350400,15,4058949,105741079761694357014628039335702508582131776063517455608616956211879106439004,2026-09-02T12:00:00+00:00,2026-09-02T12:15:00+00:00,8.27,0.28,0.29,0.285,0.01,133.0,45.0,99
2026-09-02T12:06:44.759315+00:00,btc-updown-15m-1788351300,15,4059061,15112037667764736837430109428200202870456188333817199835002627625603036883202,2026-09-02T12:15:00+00:00,2026-09-02T12:30:00+00:00,23.27,0.49,0.5,0.495,0.01,463.08,554.0,95
2026-09-02T12:07:45.749974+00:00,btc-updown-5m-1788350700,5,4058975,43173736523664484836821493173648438594939207114416149268027969706551856102084,2026-09-02T12:05:00+00:00,2026-09-02T12:10:00+00:00,2.25,0.24,0.25,0.245,0.01,103.0,438.44,99
2026-09-02T12:07:45.749974+00:00,btc-updown-5m-1788351000,5,4059037,55587040763039908963373611732635485263379910196269226382224979692034947587836,2026-09-02T12:10:00+00:00,2026-09-02T12:15:00+00:00,7.25,0.49,0.5,0.495,0.01,722.32,799.1,99
2026-09-02T12:07:45.749974+00:00,btc-updown-15m-1788350400,15,4058949,105741079761694357014628039335702508582131776063517455608616956211879106439004,2026-09-02T12:00:00+00:00,2026-09-02T12:15:00+00:00,7.25,0.2,0.21,0.205,0.01,7.5,146.0,99
2026-09-02T12:07:45.749974+00:00,btc-updown-15m-1788351300,15,4059061,15112037667764736837430109428200202870456188333817199835002627625603036883202,2026-09-02T12:15:00+00:00,2026-09-02T12:30:00+00:00,22.25,0.49,0.5,0.495,0.01,513.08,554.0,95
2026-09-02T12:08:46.796990+00:00,btc-updown-5m-1788350700,5,4058975,43173736523664484836821493173648438594939207114416149268027969706551856102084,2026-09-02T12:05:00+00:00,2026-09-02T12:10:00+00:00,1.23,0.87,0.88,0.875,0.01,129.0,45.0,99
2026-09-02T12:08:46.796990+00:00,btc-updown-5m-1788351000,5,4059037,55587040763039908963373611732635485263379910196269226382224979692034947587836,2026-09-02T12:10:00+00:00,2026-09-02T12:15:00+00:00,6.23,0.49,0.5,0.495,0.01,564.61,318.86,99
2026-09-02T12:08:46.796990+00:00,btc-updown-15m-1788350400,15,4058949,105741079761694357014628039335702508582131776063517455608616956211879106439004,2026-09-02T12:00:00+00:00,2026-09-02T12:15:00+00:00,6.23,0.43,0.44,0.435,0.01,20.14,128.13,98
2026-09-02T12:08:46.796990+00:00,btc-updown-15m-1788351300,15,4059061,15112037667764736837430109428200202870456188333817199835002627625603036883202,2026-09-02T12:15:00+00:00,2026-09-02T12:30:00+00:00,21.23,0.49,0.5,0.495,0.01,463.08,944.0,95
2026-09-02T12:09:47.772433+00:00,btc-updown-5m-1788351000,5,4059037,55587040763039908963373611732635485263379910196269226382224979692034947587836,2026-09-02T12:10:00+00:00,2026-09-02T12:15:00+00:00,5.22,0.57,0.58,0.575,0.01,67.73,9.01,99
2026-09-02T12:09:47.772433+00:00,btc-updown-15m-1788350400,15,4058949,105741079761694357014628039335702508582131776063517455608616956211879106439004,2026-09-02T12:00:00+00:00,2026-09-02T12:15:00+00:00,5.22,0.49,0.5,0.495,0.01,65.0,105.0,99
2026-09-02T12:09:47.772433+00:00,btc-updown-15m-1788351300,15,4059061,15112037667764736837430109428200202870456188333817199835002627625603036883202,2026-09-02T12:15:00+00:00,2026-09-02T12:30:00+00:00,20.22,0.49,0.5,0.495,0.01,463.08,464.0,95
2026-09-02T12:10:48.619019+00:00,btc-updown-5m-1788351000,5,4059037,55587040763039908963373611732635485263379910196269226382224979692034947587836,2026-09-02T12:10:00+00:00,2026-09-02T12:15:00+00:00,4.2,0.45,0.46,0.455,0.01,600.17,70.0,99
2026-09-02T12:10:48.619019+00:00,btc-updown-5m-1788351300,5,4059056,7491150493638233967594833148918542475789556214326091342517616991835246034674,2026-09-02T12:15:00+00:00,2026-09-02T12:20:00+00:00,9.2,0.48,0.49,0.485,0.01,392.41,174.56,99
2026-09-02T12:10:48.619019+00:00,btc-updown-15m-1788350400,15,4058949,105741079761694357014628039335702508582131776063517455608616956211879106439004,2026-09-02T12:00:00+00:00,2026-09-02T12:15:00+00:00,4.2,0.31,0.32,0.315,0.01,106.57,25.0,99
2026-09-02T12:10:48.619019+00:00,btc-updown-15m-1788351300,15,4059061,15112037667764736837430109428200202870456188333817199835002627625603036883202,2026-09-02T12:15:00+00:00,2026-09-02T12:30:00+00:00,19.2,0.49,0.5,0.495,0.01,459.11,702.0,95
2026-09-02T12:11:49.570957+00:00,btc-updown-5m-1788351000,5,4059037,55587040763039908963373611732635485263379910196269226382224979692034947587836,2026-09-02T12:10:00+00:00,2026-09-02T12:15:00+00:00,3.18,0.87,0.88,0.875,0.01,152.69,51.84,99
2026-09-02T12:11:49.570957+00:00,btc-updown-5m-1788351300,5,4059056,7491150493638233967594833148918542475789556214326091342517616991835246034674,2026-09-02T12:15:00+00:00,2026-09-02T12:20:00+00:00,8.18,0.48,0.49,0.485,0.01,397.41,224.56,99
2026-09-02T12:11:49.570957+00:00,btc-updown-15m-1788350400,15,4058949,105741079761694357014628039335702508582131776063517455608616956211879106439004,2026-09-02T12:00:00+00:00,2026-09-02T12:15:00+00:00,3.18,0.77,0.78,0.775,0.01,43.0,214.0,99
2026-09-02T12:11:49.570957+00:00,btc-updown-15m-1788351300,15,4059061,15112037667764736837430109428200202870456188333817199835002627625603036883202,2026-09-02T12:15:00+00:00,2026-09-02T12:30:00+00:00,18.18,0.49,0.5,0.495,0.01,459.11,1048.0,95
2026-09-02T12:12:50.637944+00:00,btc-updown-5m-1788351000,5,4059037,55587040763039908963373611732635485263379910196269226382224979692034947587836,2026-09-02T12:10:00+00:00,2026-09-02T12:15:00+00:00,2.17,0.88,0.89,0.885,0.01,316.52,65.0,99
2026-09-02T12:12:50.637944+00:00,btc-updown-5m-1788351300,5,4059056,7491150493638233967594833148918542475789556214326091342517616991835246034674,2026-09-02T12:15:00+00:00,2026-09-02T12:20:00+00:00,7.17,0.48,0.49,0.485,0.01,387.41,612.3,99
2026-09-02T12:12:50.637944+00:00,btc-updown-15m-1788350400,15,4058949,105741079761694357014628039335702508582131776063517455608616956211879106439004,2026-09-02T12:00:00+00:00,2026-09-02T12:15:00+00:00,2.17,0.73,0.74,0.735,0.01,25.0,191.0,99
2026-09-02T12:12:50.637944+00:00,btc-updown-15m-1788351300,15,4059061,15112037667764736837430109428200202870456188333817199835002627625603036883202,2026-09-02T12:15:00+00:00,2026-09-02T12:30:00+00:00,17.17,0.49,0.5,0.495,0.01,53.0,1006.0,95
2026-09-02T12:13:51.574648+00:00,btc-updown-5m-1788351000,5,4059037,55587040763039908963373611732635485263379910196269226382224979692034947587836,2026-09-02T12:10:00+00:00,2026-09-02T12:15:00+00:00,1.15,0.98,0.99,0.985,0.01,362.01,4156.33,99
2026-09-02T12:13:51.574648+00:00,btc-updown-5m-1788351300,5,4059056,7491150493638233967594833148918542475789556214326091342517616991835246034674,2026-09-02T12:15:00+00:00,2026-09-02T12:20:00+00:00,6.15,0.48,0.49,0.485,0.01,395.35,390.57,99
2026-09-02T12:13:51.574648+00:00,btc-updown-15m-1788350400,15,4058949,105741079761694357014628039335702508582131776063517455608616956211879106439004,2026-09-02T12:00:00+00:00,2026-09-02T12:15:00+00:00,1.15,0.9,0.91,0.905,0.01,120.0,94.51,99
2026-09-02T12:13:51.574648+00:00,btc-updown-15m-1788351300,15,4059061,15112037667764736837430109428200202870456188333817199835002627625603036883202,2026-09-02T12:15:00+00:00,2026-09-02T12:30:00+00:00,16.15,0.49,0.5,0.495,0.01,51.0,878.0,95
2026-09-02T12:14:52.543952+00:00,btc-updown-5m-1788351300,5,4059056,7491150493638233967594833148918542475789556214326091342517616991835246034674,2026-09-02T12:15:00+00:00,2026-09-02T12:20:00+00:00,5.13,0.55,0.57,0.56,0.02,876.13,96.16,98
2026-09-02T12:14:52.543952+00:00,btc-updown-15m-1788351300,15,4059061,15112037667764736837430109428200202870456188333817199835002627625603036883202,2026-09-02T12:15:00+00:00,2026-09-02T12:30:00+00:00,15.13,0.49,0.5,0.495,0.01,279.76,486.0,91
2026-09-02T12:15:53.275324+00:00,btc-updown-5m-1788351300,5,4059056,7491150493638233967594833148918542475789556214326091342517616991835246034674,2026-09-02T12:15:00+00:00,2026-09-02T12:20:00+00:00,4.12,0.78,0.79,0.785,0.01,132.58,278.75,99
2026-09-02T12:15:53.275324+00:00,btc-updown-5m-1788351600,5,4059075,21506527681314929948752683812089488946705499991565428979546720881963729177867,2026-09-02T12:20:00+00:00,2026-09-02T12:25:00+00:00,9.12,0.49,0.5,0.495,0.01,576.12,925.83,99
2026-09-02T12:15:53.275324+00:00,btc-updown-15m-1788351300,15,4059061,15112037667764736837430109428200202870456188333817199835002627625603036883202,2026-09-02T12:15:00+00:00,2026-09-02T12:30:00+00:00,14.12,0.64,0.65,0.645,0.01,115.0,185.0,99
2026-09-02T12:15:53.275324+00:00,btc-updown-15m-1788352200,15,4059215,51403672011993091480936022354369998318802929332909315810092534532827010143916,2026-09-02T12:30:00+00:00,2026-09-02T12:45:00+00:00,29.12,0.49,0.5,0.495,0.01,572.08,615.0,95
2026-09-02T12:16:54.231536+00:00,btc-updown-5m-1788351300,5,4059056,7491150493638233967594833148918542475789556214326091342517616991835246034674,2026-09-02T12:15:00+00:00,2026-09-02T12:20:00+00:00,3.1,0.86,0.87,0.865,0.01,558.63,119.0,99
2026-09-02T12:16:54.231536+00:00,btc-updown-5m-1788351600,5,4059075,21506527681314929948752683812089488946705499991565428979546720881963729177867,2026-09-02T12:20:00+00:00,2026-09-02T12:25:00+00:00,8.1,0.49,0.5,0.495,0.01,561.42,1552.83,99
2026-09-02T12:16:54.231536+00:00,btc-updown-15m-1788351300,15,4059061,15112037667764736837430109428200202870456188333817199835002627625603036883202,2026-09-02T12:15:00+00:00,2026-09-02T12:30:00+00:00,13.1,0.65,0.66,0.655,0.01,129.98,5.0,99
2026-09-02T12:16:54.231536+00:00,btc-updown-15m-1788352200,15,4059215,51403672011993091480936022354369998318802929332909315810092534532827010143916,2026-09-02T12:30:00+00:00,2026-09-02T12:45:00+00:00,28.1,0.49,0.5,0.495,0.01,542.66,715.0,95
2026-09-02T12:17:55.168848+00:00,btc-updown-5m-1788351300,5,4059056,7491150493638233967594833148918542475789556214326091342517616991835246034674,2026-09-02T12:15:00+00:00,2026-09-02T12:20:00+00:00,2.08,0.98,0.99,0.985,0.01,392.85,4245.37,99
2026-09-02T12:17:55.168848+00:00,btc-updown-5m-1788351600,5,4059075,21506527681314929948752683812089488946705499991565428979546720881963729177867,2026-09-02T12:20:00+00:00,2026-09-02T12:25:00+00:00,7.08,0.49,0.5,0.495,0.01,558.28,1528.83,99
2026-09-02T12:17:55.168848+00:00,btc-updown-15m-1788351300,15,4059061,15112037667764736837430109428200202870456188333817199835002627625603036883202,2026-09-02T12:15:00+00:00,2026-09-02T12:30:00+00:00,12.08,0.77,0.78,0.775,0.01,35.0,201.0,99
2026-09-02T12:17:55.168848+00:00,btc-updown-15m-1788352200,15,4059215,51403672011993091480936022354369998318802929332909315810092534532827010143916,2026-09-02T12:30:00+00:00,2026-09-02T12:45:00+00:00,27.08,0.49,0.5,0.495,0.01,218.0,715.0,95
2026-09-02T12:18:56.104473+00:00,btc-updown-5m-1788351600,5,4059075,21506527681314929948752683812089488946705499991565428979546720881963729177867,2026-09-02T12:20:00+00:00,2026-09-02T12:25:00+00:00,6.07,0.49,0.5,0.495,0.01,93.03,1454.8,99
2026-09-02T12:18:56.104473+00:00,btc-updown-15m-1788351300,15,4059061,15112037667764736837430109428200202870456188333817199835002627625603036883202,2026-09-02T12:15:00+00:00,2026-09-02T12:30:00+00:00,11.07,0.75,0.76,0.755,0.01,7.78,112.68,99
2026-09-02T12:18:56.104473+00:00,btc-updown-15m-1788352200,15,4059215,51403672011993091480936022354369998318802929332909315810092534532827010143916,2026-09-02T12:30:00+00:00,2026-09-02T12:45:00+00:00,26.07,0.49,0.5,0.495,0.01,358.0,715.0,95
2026-09-02T12:19:56.934466+00:00,btc-updown-5m-1788351600,5,4059075,21506527681314929948752683812089488946705499991565428979546720881963729177867,2026-09-02T12:20:00+00:00,2026-09-02T12:25:00+00:00,5.07,0.4,0.41,0.405,0.01,25.0,191.12,99
2026-09-02T12:19:56.934466+00:00,btc-updown-15m-1788351300,15,4059061,15112037667764736837430109428200202870456188333817199835002627625603036883202,2026-09-02T12:15:00+00:00,2026-09-02T12:30:00+00:00,10.07,0.63,0.64,0.635,0.01,200.0,16.0,98
2026-09-02T12:19:56.934466+00:00,btc-updown-15m-1788352200,15,4059215,51403672011993091480936022354369998318802929332909315810092534532827010143916,2026-09-02T12:30:00+00:00,2026-09-02T12:45:00+00:00,25.07,0.49,0.5,0.495,0.01,358.0,493.0,95
2026-09-02T12:20:57.800425+00:00,btc-updown-5m-1788351600,5,4059075,21506527681314929948752683812089488946705499991565428979546720881963729177867,2026-09-02T12:20:00+00:00,2026-09-02T12:25:00+00:00,4.05,0.8,0.81,0.805,0.01,252.0,97.52,99
2026-09-02T12:20:57.800425+00:00,btc-updown-5m-1788351900,5,4059201,21244031972930976745035847954096681187488833889676285069005665627154444639984,2026-09-02T12:25:00+00:00,2026-09-02T12:30:00+00:00,9.05,0.49,0.5,0.495,0.01,257.57,1520.01,99
2026-09-02T12:20:57.800425+00:00,btc-updown-15m-1788351300,15,4059061,15112037667764736837430109428200202870456188333817199835002627625603036883202,2026-09-02T12:15:00+00:00,2026-09-02T12:30:00+00:00,9.05,0.84,0.85,0.845,0.01,5.0,4.11,99
2026-09-02T12:20:57.800425+00:00,btc-updown-15m-1788352200,15,4059215,51403672011993091480936022354369998318802929332909315810092534532827010143916,2026-09-02T12:30:00+00:00,2026-09-02T12:45:00+00:00,24.05,0.49,0.5,0.495,0.01,248.0,465.0,95
2026-09-02T12:21:58.755707+00:00,btc-updown-5m-1788351600,5,4059075,21506527681314929948752683812089488946705499991565428979546720881963729177867,2026-09-02T12:20:00+00:00,2026-09-02T12:25:00+00:00,3.03,0.94,0.95,0.945,0.01,88.0,260.12,99
2026-09-02T12:21:58.755707+00:00,btc-updown-5m-1788351900,5,4059201,21244031972930976745035847954096681187488833889676285069005665627154444639984,2026-09-02T12:25:00+00:00,2026-09-02T12:30:00+00:00,8.03,0.48,0.49,0.485,0.01,412.27,626.94,99
2026-09-02T12:21:58.755707+00:00,btc-updown-15m-1788351300,15,4059061,15112037667764736837430109428200202870456188333817199835002627625603036883202,2026-09-02T12:15:00+00:00,2026-09-02T12:30:00+00:00,8.03,0.9,0.91,0.905,0.01,10.0,30.0,98
2026-09-02T12:21:58.755707+00:00,btc-updown-15m-1788352200,15,4059215,51403672011993091480936022354369998318802929332909315810092534532827010143916,2026-09-02T12:30:00+00:00,2026-09-02T12:45:00+00:00,23.03,0.49,0.5,0.495,0.01,248.0,481.0,95
2026-09-02T12:22:59.703749+00:00,btc-updown-5m-1788351600,5,4059075,21506527681314929948752683812089488946705499991565428979546720881963729177867,2026-09-02T12:20:00+00:00,2026-09-02T12:25:00+00:00,2.02,0.96,0.97,0.965,0.01,65.0,337.79,99
2026-09-02T12:22:59.703749+00:00,btc-updown-5m-1788351900,5,4059201,21244031972930976745035847954096681187488833889676285069005665627154444639984,2026-09-02T12:25:00+00:00,2026-09-02T12:30:00+00:00,7.02,0.48,0.49,0.485,0.01,346.18,415.33,99
2026-09-02T12:22:59.703749+00:00,btc-updown-15m-1788351300,15,4059061,15112037667764736837430109428200202870456188333817199835002627625603036883202,2026-09-02T12:15:00+00:00,2026-09-02T12:30:00+00:00,7.02,0.91,0.92,0.915,0.01,10.0,5.0,99
2026-09-02T12:22:59.703749+00:00,btc-updown-15m-1788352200,15,4059215,51403672011993091480936022354369998318802929332909315810092534532827010143916,2026-09-02T12:30:00+00:00,2026-09-02T12:45:00+00:00,22.02,0.49,0.5,0.495,0.01,248.0,481.0,95
2026-09-02T12:24:00.673144+00:00,btc-updown-5m-1788351900,5,4059201,21244031972930976745035847954096681187488833889676285069005665627154444639984,2026-09-02T12:25:00+00:00,2026-09-02T12:30:00+00:00,6.0,0.46,0.47,0.465,0.01,70.0,57.53,99
2026-09-02T12:24:00.673144+00:00,btc-updown-15m-1788351300,15,4059061,15112037667764736837430109428200202870456188333817199835002627625603036883202,2026-09-02T12:15:00+00:00,2026-09-02T12:30:00+00:00,6.0,0.95,0.96,0.955,0.01,20.0,5.0,99
2026-09-02T12:24:00.673144+00:00,btc-updown-15m-1788352200,15,4059215,51403672011993091480936022354369998318802929332909315810092534532827010143916,2026-09-02T12:30:00+00:00,2026-09-02T12:45:00+00:00,21.0,0.49,0.5,0.495,0.01,248.0,461.0,95
2026-09-02T12:25:01.515978+00:00,btc-updown-5m-1788351900,5,4059201,21244031972930976745035847954096681187488833889676285069005665627154444639984,2026-09-02T12:25:00+00:00,2026-09-02T12:30:00+00:00,4.98,0.47,0.48,0.475,0.01,44.42,33.52,99
2026-09-02T12:25:01.515978+00:00,btc-updown-5m-1788352200,5,4059217,81183187929733450551177359717493011455270978088917108419307080607176344492735,2026-09-02T12:30:00+00:00,2026-09-02T12:35:00+00:00,9.98,0.49,0.5,0.495,0.01,51.25,821.44,99
2026-09-02T12:25:01.515978+00:00,btc-updown-15m-1788351300,15,4059061,15112037667764736837430109428200202870456188333817199835002627625603036883202,2026-09-02T12:15:00+00:00,2026-09-02T12:30:00+00:00,4.98,0.97,0.98,0.975,0.01,25.0,140.97,99
2026-09-02T12:25:01.515978+00:00,btc-updown-15m-1788352200,15,4059215,51403672011993091480936022354369998318802929332909315810092534532827010143916,2026-09-02T12:30:00+00:00,2026-09-02T12:45:00+00:00,19.98,0.48,0.49,0.485,0.01,520.0,59.5,95
2026-09-02T12:26:02.463425+00:00,btc-updown-5m-1788351900,5,4059201,21244031972930976745035847954096681187488833889676285069005665627154444639984,2026-09-02T12:25:00+00:00,2026-09-02T12:30:00+00:00,3.97,0.62,0.63,0.625,0.01,294.95,133.0,99
2026-09-02T12:26:02.463425+00:00,btc-updown-5m-1788352200,5,4059217,81183187929733450551177359717493011455270978088917108419307080607176344492735,2026-09-02T12:30:00+00:00,2026-09-02T12:35:00+00:00,8.97,0.47,0.48,0.475,0.01,501.33,512.86,99
2026-09-02T12:26:02.463425+00:00,btc-updown-15m-1788351300,15,4059061,15112037667764736837430109428200202870456188333817199835002627625603036883202,2026-09-02T12:15:00+00:00,2026-09-02T12:30:00+00:00,3.97,0.98,0.99,0.985,0.01,253.1,472.96,113
2026-09-02T12:26:02.463425+00:00,btc-updown-15m-1788352200,15,4059215,51403672011993091480936022354369998318802929332909315810092534532827010143916,2026-09-02T12:30:00+00:00,2026-09-02T12:45:00+00:00,18.97,0.48,0.49,0.485,0.01,299.72,271.43,96
2026-09-02T12:27:03.413699+00:00,btc-updown-5m-1788351900,5,4059201,21244031972930976745035847954096681187488833889676285069005665627154444639984,2026-09-02T12:25:00+00:00,2026-09-02T12:30:00+00:00,2.95,0.69,0.7,0.695,0.01,68.7,173.14,99
2026-09-02T12:27:03.413699+00:00,btc-updown-5m-1788352200,5,4059217,81183187929733450551177359717493011455270978088917108419307080607176344492735,2026-09-02T12:30:00+00:00,2026-09-02T12:35:00+00:00,7.95,0.47,0.48,0.475,0.01,496.8,662.36,99
2026-09-02T12:27:03.413699+00:00,btc-updown-15m-1788351300,15,4059061,15112037667764736837430109428200202870456188333817199835002627625603036883202,2026-09-02T12:15:00+00:00,2026-09-02T12:30:00+00:00,2.95,0.992,0.998,0.995,0.006,21.06,94.99,112
2026-09-02T12:27:03.413699+00:00,btc-updown-15m-1788352200,15,4059215,51403672011993091480936022354369998318802929332909315810092534532827010143916,2026-09-02T12:30:00+00:00,2026-09-02T12:45:00+00:00,17.95,0.48,0.49,0.485,0.01,259.72,271.43,96
2026-09-02T12:28:04.322206+00:00,btc-updown-5m-1788351900,5,4059201,21244031972930976745035847954096681187488833889676285069005665627154444639984,2026-09-02T12:25:00+00:00,2026-09-02T12:30:00+00:00,1.93,0.66,0.67,0.665,0.01,70.0,201.68,99
2026-09-02T12:28:04.322206+00:00,btc-updown-5m-1788352200,5,4059217,81183187929733450551177359717493011455270978088917108419307080607176344492735,2026-09-02T12:30:00+00:00,2026-09-02T12:35:00+00:00,6.93,0.47,0.48,0.475,0.01,489.25,464.02,99
2026-09-02T12:28:04.322206+00:00,btc-updown-15m-1788352200,15,4059215,51403672011993091480936022354369998318802929332909315810092534532827010143916,2026-09-02T12:30:00+00:00,2026-09-02T12:45:00+00:00,16.93,0.48,0.49,0.485,0.01,230.0,292.32,96
2026-09-02T12:29:05.167171+00:00,btc-updown-5m-1788351900,5,4059201,21244031972930976745035847954096681187488833889676285069005665627154444639984,2026-09-02T12:25:00+00:00,2026-09-02T12:30:00+00:00,0.92,0.92,0.93,0.925,0.01,135.0,2.3,99
2026-09-02T12:29:05.167171+00:00,btc-updown-5m-1788352200,5,4059217,81183187929733450551177359717493011455270978088917108419307080607176344492735,2026-09-02T12:30:00+00:00,2026-09-02T12:35:00+00:00,5.92,0.47,0.48,0.475,0.01,4.73,280.7,99
2026-09-02T12:29:05.167171+00:00,btc-updown-15m-1788352200,15,4059215,51403672011993091480936022354369998318802929332909315810092534532827010143916,2026-09-02T12:30:00+00:00,2026-09-02T12:45:00+00:00,15.92,0.47,0.48,0.475,0.01,175.0,58.42,92
2026-09-02T12:30:06.017116+00:00,btc-updown-5m-1788352200,5,4059217,81183187929733450551177359717493011455270978088917108419307080607176344492735,2026-09-02T12:30:00+00:00,2026-09-02T12:35:00+00:00,4.9,0.38,0.39,0.385,0.01,264.71,314.85,99
2026-09-02T12:30:06.017116+00:00,btc-updown-5m-1788352500,5,4059264,97576050416189956037064201910435099445168409089051365257072850620234596047834,2026-09-02T12:35:00+00:00,2026-09-02T12:40:00+00:00,9.9,0.49,0.5,0.495,0.01,440.9,939.02,99
2026-09-02T12:30:06.017116+00:00,btc-updown-15m-1788352200,15,4059215,51403672011993091480936022354369998318802929332909315810092534532827010143916,2026-09-02T12:30:00+00:00,2026-09-02T12:45:00+00:00,14.9,0.42,0.43,0.425,0.01,153.37,60.0,91
2026-09-02T12:30:06.017116+00:00,btc-updown-15m-1788353100,15,4059348,72125693086311500353163590169617729311267341562761496983402331659564138059492,2026-09-02T12:45:00+00:00,2026-09-02T13:00:00+00:00,29.9,0.49,0.5,0.495,0.01,277.08,369.23,95
2026-09-02T12:31:07.045413+00:00,btc-updown-5m-1788352200,5,4059217,81183187929733450551177359717493011455270978088917108419307080607176344492735,2026-09-02T12:30:00+00:00,2026-09-02T12:35:00+00:00,3.88,0.29,0.3,0.295,0.01,156.61,379.4,99
2026-09-02T12:31:07.045413+00:00,btc-updown-5m-1788352500,5,4059264,97576050416189956037064201910435099445168409089051365257072850620234596047834,2026-09-02T12:35:00+00:00,2026-09-02T12:40:00+00:00,8.88,0.49,0.5,0.495,0.01,604.0,1863.02,99
2026-09-02T12:31:07.045413+00:00,btc-updown-15m-1788352200,15,4059215,51403672011993091480936022354369998318802929332909315810092534532827010143916,2026-09-02T12:30:00+00:00,2026-09-02T12:45:00+00:00,13.88,0.37,0.38,0.375,0.01,162.03,42.0,79
2026-09-02T12:31:07.045413+00:00,btc-updown-15m-1788353100,15,4059348,72125693086311500353163590169617729311267341562761496983402331659564138059492,2026-09-02T12:45:00+00:00,2026-09-02T13:00:00+00:00,28.88,0.49,0.5,0.495,0.01,228.0,985.23,97
2026-09-02T12:32:08.016066+00:00,btc-updown-5m-1788352200,5,4059217,81183187929733450551177359717493011455270978088917108419307080607176344492735,2026-09-02T12:30:00+00:00,2026-09-02T12:35:00+00:00,2.87,0.2,0.21,0.205,0.01,307.85,415.44,99
2026-09-02T12:32:08.016066+00:00,btc-updown-5m-1788352500,5,4059264,97576050416189956037064201910435099445168409089051365257072850620234596047834,2026-09-02T12:35:00+00:00,2026-09-02T12:40:00+00:00,7.87,0.49,0.5,0.495,0.01,604.0,1584.02,99
2026-09-02T12:32:08.016066+00:00,btc-updown-15m-1788352200,15,4059215,51403672011993091480936022354369998318802929332909315810092534532827010143916,2026-09-02T12:30:00+00:00,2026-09-02T12:45:00+00:00,12.87,0.34,0.35,0.345,0.01,220.69,33.0,87
2026-09-02T12:32:08.016066+00:00,btc-updown-15m-1788353100,15,4059348,72125693086311500353163590169617729311267341562761496983402331659564138059492,2026-09-02T12:45:00+00:00,2026-09-02T13:00:00+00:00,27.87,0.49,0.5,0.495,0.01,228.0,651.23,97
2026-09-02T12:33:09.042148+00:00,btc-updown-5m-1788352200,5,4059217,81183187929733450551177359717493011455270978088917108419307080607176344492735,2026-09-02T12:30:00+00:00,2026-09-02T12:35:00+00:00,1.85,0.03,0.04,0.035,0.01,179.85,374.0,99
2026-09-02T12:33:09.042148+00:00,btc-updown-5m-1788352500,5,4059264,97576050416189956037064201910435099445168409089051365257072850620234596047834,2026-09-02T12:35:00+00:00,2026-09-02T12:40:00+00:00,6.85,0.49,0.5,0.495,0.01,330.01,392.0,99
2026-09-02T12:33:09.042148+00:00,btc-updown-15m-1788352200,15,4059215,51403672011993091480936022354369998318802929332909315810092534532827010143916,2026-09-02T12:30:00+00:00,2026-09-02T12:45:00+00:00,11.85,0.26,0.27,0.265,0.01,110.0,17.13,88
2026-09-02T12:33:09.042148+00:00,btc-updown-15m-1788353100,15,4059348,72125693086311500353163590169617729311267341562761496983402331659564138059492,2026-09-02T12:45:00+00:00,2026-09-02T13:00:00+00:00,26.85,0.49,0.5,0.495,0.01,328.0,601.23,97
2026-09-02T12:34:10.026370+00:00,btc-updown-5m-1788352500,5,4059264,97576050416189956037064201910435099445168409089051365257072850620234596047834,2026-09-02T12:35:00+00:00,2026-09-02T12:40:00+00:00,5.83,0.48,0.49,0.485,0.01,61.73,345.73,99
2026-09-02T12:34:10.026370+00:00,btc-updown-15m-1788352200,15,4059215,51403672011993091480936022354369998318802929332909315810092534532827010143916,2026-09-02T12:30:00+00:00,2026-09-02T12:45:00+00:00,10.83,0.21,0.22,0.215,0.01,106.0,14.61,88
2026-09-02T12:34:10.026370+00:00,btc-updown-15m-1788353100,15,4059348,72125693086311500353163590169617729311267341562761496983402331659564138059492,2026-09-02T12:45:00+00:00,2026-09-02T13:00:00+00:00,25.83,0.49,0.5,0.495,0.01,326.03,601.23,97
2026-09-02T12:35:10.868382+00:00,btc-updown-5m-1788352500,5,4059264,97576050416189956037064201910435099445168409089051365257072850620234596047834,2026-09-02T12:35:00+00:00,2026-09-02T12:40:00+00:00,4.83,0.52,0.53,0.525,0.01,458.0,88.0,99
2026-09-02T12:35:10.868382+00:00,btc-updown-5m-1788352800,5,4059331,85913194235831139931000986710337568131583684136538161870298253680243076525674,2026-09-02T12:40:00+00:00,2026-09-02T12:45:00+00:00,9.83,0.48,0.49,0.485,0.01,381.34,637.99,99
2026-09-02T12:35:10.868382+00:00,btc-updown-15m-1788352200,15,4059215,51403672011993091480936022354369998318802929332909315810092534532827010143916,2026-09-02T12:30:00+00:00,2026-09-02T12:45:00+00:00,9.83,0.2,0.21,0.205,0.01,5.25,168.0,88
2026-09-02T12:35:10.868382+00:00,btc-updown-15m-1788353100,15,4059348,72125693086311500353163590169617729311267341562761496983402331659564138059492,2026-09-02T12:45:00+00:00,2026-09-02T13:00:00+00:00,24.83,0.49,0.5,0.495,0.01,256.03,601.23,97
2026-09-02T12:36:11.825901+00:00,btc-updown-5m-1788352500,5,4059264,97576050416189956037064201910435099445168409089051365257072850620234596047834,2026-09-02T12:35:00+00:00,2026-09-02T12:40:00+00:00,3.82,0.27,0.28,0.275,0.01,89.0,292.64,99
2026-09-02T12:36:11.825901+00:00,btc-updown-5m-1788352800,5,4059331,85913194235831139931000986710337568131583684136538161870298253680243076525674,2026-09-02T12:40:00+00:00,2026-09-02T12:45:00+00:00,8.82,0.48,0.49,0.485,0.01,407.34,658.94,99
2026-09-02T12:36:11.825901+00:00,btc-updown-15m-1788352200,15,4059215,51403672011993091480936022354369998318802929332909315810092534532827010143916,2026-09-02T12:30:00+00:00,2026-09-02T12:45:00+00:00,8.82,0.12,0.13,0.125,0.01,13.87,130.0,89
2026-09-02T12:36:11.825901+00:00,btc-updown-15m-1788353100,15,4059348,72125693086311500353163590169617729311267341562761496983402331659564138059492,2026-09-02T12:45:00+00:00,2026-09-02T13:00:00+00:00,23.82,0.49,0.5,0.495,0.01,306.03,519.23,97
2026-09-02T12:37:12.831783+00:00,btc-updown-5m-1788352500,5,4059264,97576050416189956037064201910435099445168409089051365257072850620234596047834,2026-09-02T12:35:00+00:00,2026-09-02T12:40:00+00:00,2.8,0.17,0.18,0.175,0.01,265.14,312.56,99
2026-09-02T12:37:12.831783+00:00,btc-updown-5m-1788352800,5,4059331,85913194235831139931000986710337568131583684136538161870298253680243076525674,2026-09-02T12:40:00+00:00,2026-09-02T12:45:00+00:00,7.8,0.48,0.49,0.485,0.01,402.34,634.45,99
2026-09-02T12:37:12.831783+00:00,btc-updown-15m-1788352200,15,4059215,51403672011993091480936022354369998318802929332909315810092534532827010143916,2026-09-02T12:30:00+00:00,2026-09-02T12:45:00+00:00,7.8,0.09,0.1,0.095,0.01,10.0,180.0,90
2026-09-02T12:37:12.831783+00:00,btc-updown-15m-1788353100,15,4059348,72125693086311500353163590169617729311267341562761496983402331659564138059492,2026-09-02T12:45:00+00:00,2026-09-02T13:00:00+00:00,22.8,0.49,0.5,0.495,0.01,306.03,519.23,97
2026-09-02T12:38:13.804894+00:00,btc-updown-5m-1788352500,5,4059264,97576050416189956037064201910435099445168409089051365257072850620234596047834,2026-09-02T12:35:00+00:00,2026-09-02T12:40:00+00:00,1.78,0.01,0.02,0.015,0.01,3871.15,549.26,99
2026-09-02T12:38:13.804894+00:00,btc-updown-5m-1788352800,5,4059331,85913194235831139931000986710337568131583684136538161870298253680243076525674,2026-09-02T12:40:00+00:00,2026-09-02T12:45:00+00:00,6.78,0.48,0.49,0.485,0.01,532.34,607.99,99
2026-09-02T12:38:13.804894+00:00,btc-updown-15m-1788352200,15,4059215,51403672011993091480936022354369998318802929332909315810092534532827010143916,2026-09-02T12:30:00+00:00,2026-09-02T12:45:00+00:00,6.78,0.03,0.04,0.035,0.01,116.54,112.0,89
2026-09-02T12:38:13.804894+00:00,btc-updown-15m-1788353100,15,4059348,72125693086311500353163590169617729311267341562761496983402331659564138059492,2026-09-02T12:45:00+00:00,2026-09-02T13:00:00+00:00,21.78,0.49,0.5,0.495,0.01,356.03,28.0,96
2026-09-02T12:39:14.750425+00:00,btc-updown-5m-1788352800,5,4059331,85913194235831139931000986710337568131583684136538161870298253680243076525674,2026-09-02T12:40:00+00:00,2026-09-02T12:45:00+00:00,5.77,0.49,0.5,0.495,0.01,236.03,161.0,99
2026-09-02T12:39:14.750425+00:00,btc-updown-15m-1788352200,15,4059215,51403672011993091480936022354369998318802929332909315810092534532827010143916,2026-09-02T12:30:00+00:00,2026-09-02T12:45:00+00:00,5.77,0.02,0.03,0.025,0.01,94.51,70.0,88
2026-09-02T12:39:14.750425+00:00,btc-updown-15m-1788353100,15,4059348,72125693086311500353163590169617729311267341562761496983402331659564138059492,2026-09-02T12:45:00+00:00,2026-09-02T13:00:00+00:00,20.77,0.5,0.51,0.505,0.01,239.99,156.18,97
2026-09-02T12:40:15.583612+00:00,btc-updown-5m-1788352800,5,4059331,85913194235831139931000986710337568131583684136538161870298253680243076525674,2026-09-02T12:40:00+00:00,2026-09-02T12:45:00+00:00,4.75,0.65,0.66,0.655,0.01,370.6,63.44,99
2026-09-02T12:40:15.583612+00:00,btc-updown-5m-1788353100,5,4059340,93998846547586894279033428164799487141836685266842580806843984521774151702169,2026-09-02T12:45:00+00:00,2026-09-02T12:50:00+00:00,9.75,0.5,0.51,0.505,0.01,818.98,1042.12,99
2026-09-02T12:40:15.583612+00:00,btc-updown-15m-1788352200,15,4059215,51403672011993091480936022354369998318802929332909315810092534532827010143916,2026-09-02T12:30:00+00:00,2026-09-02T12:45:00+00:00,4.75,0.01,0.02,0.015,0.01,1998.86,165.0,73
2026-09-02T12:40:15.583612+00:00,btc-updown-15m-1788353100,15,4059348,72125693086311500353163590169617729311267341562761496983402331659564138059492,2026-09-02T12:45:00+00:00,2026-09-02T13:00:00+00:00,19.75,0.5,0.51,0.505,0.01,28.0,118.02,97
2026-09-02T12:41:16.512930+00:00,btc-updown-5m-1788352800,5,4059331,85913194235831139931000986710337568131583684136538161870298253680243076525674,2026-09-02T12:40:00+00:00,2026-09-02T12:45:00+00:00,3.73,0.79,0.8,0.795,0.01,328.93,5.0,99
2026-09-02T12:41:16.512930+00:00,btc-updown-5m-1788353100,5,4059340,93998846547586894279033428164799487141836685266842580806843984521774151702169,2026-09-02T12:45:00+00:00,2026-09-02T12:50:00+00:00,8.73,0.5,0.51,0.505,0.01,908.98,650.19,99
2026-09-02T12:41:16.512930+00:00,btc-updown-15m-1788352200,15,4059215,51403672011993091480936022354369998318802929332909315810092534532827010143916,2026-09-02T12:30:00+00:00,2026-09-02T12:45:00+00:00,3.73,0.01,0.015,0.0125,0.005,1837.73,10.0,79
2026-09-02T12:41:16.512930+00:00,btc-updown-15m-1788353100,15,4059348,72125693086311500353163590169617729311267341562761496983402331659564138059492,2026-09-02T12:45:00+00:00,2026-09-02T13:00:00+00:00,18.73,0.5,0.51,0.505,0.01,23.0,188.02,97
2026-09-02T12:42:17.730668+00:00,btc-updown-5m-1788352800,5,4059331,85913194235831139931000986710337568131583684136538161870298253680243076525674,2026-09-02T12:40:00+00:00,2026-09-02T12:45:00+00:00,2.72,0.74,0.75,0.745,0.01,263.69,127.33,99
2026-09-02T12:42:17.730668+00:00,btc-updown-5m-1788353100,5,4059340,93998846547586894279033428164799487141836685266842580806843984521774151702169,2026-09-02T12:45:00+00:00,2026-09-02T12:50:00+00:00,7.72,0.5,0.51,0.505,0.01,828.98,659.22,99
2026-09-02T12:42:17.730668+00:00,btc-updown-15m-1788352200,15,4059215,51403672011993091480936022354369998318802929332909315810092534532827010143916,2026-09-02T12:30:00+00:00,2026-09-02T12:45:00+00:00,2.72,0.002,0.004,0.003,0.002,104.98,1232.49,80
2026-09-02T12:42:17.730668+00:00,btc-updown-15m-1788353100,15,4059348,72125693086311500353163590169617729311267341562761496983402331659564138059492,2026-09-02T12:45:00+00:00,2026-09-02T13:00:00+00:00,17.72,0.5,0.51,0.505,0.01,10.0,274.02,97
2026-09-02T12:43:18.697744+00:00,btc-updown-5m-1788352800,5,4059331,85913194235831139931000986710337568131583684136538161870298253680243076525674,2026-09-02T12:40:00+00:00,2026-09-02T12:45:00+00:00,1.7,0.49,0.5,0.495,0.01,190.0,113.85,99
2026-09-02T12:43:18.697744+00:00,btc-updown-5m-1788353100,5,4059340,93998846547586894279033428164799487141836685266842580806843984521774151702169,2026-09-02T12:45:00+00:00,2026-09-02T12:50:00+00:00,6.7,0.5,0.51,0.505,0.01,226.98,649.22,99
2026-09-02T12:43:18.697744+00:00,btc-updown-15m-1788353100,15,4059348,72125693086311500353163590169617729311267341562761496983402331659564138059492,2026-09-02T12:45:00+00:00,2026-09-02T13:00:00+00:00,16.7,0.5,0.51,0.505,0.01,21.0,118.22,97
2026-09-02T12:44:19.564462+00:00,btc-updown-5m-1788352800,5,4059331,85913194235831139931000986710337568131583684136538161870298253680243076525674,2026-09-02T12:40:00+00:00,2026-09-02T12:45:00+00:00,0.68,0.72,0.73,0.725,0.01,15.0,55.0,97
2026-09-02T12:44:19.564462+00:00,btc-updown-5m-1788353100,5,4059340,93998846547586894279033428164799487141836685266842580806843984521774151702169,2026-09-02T12:45:00+00:00,2026-09-02T12:50:00+00:00,5.68,0.5,0.51,0.505,0.01,119.98,306.16,99
2026-09-02T12:44:19.564462+00:00,btc-updown-15m-1788353100,15,4059348,72125693086311500353163590169617729311267341562761496983402331659564138059492,2026-09-02T12:45:00+00:00,2026-09-02T13:00:00+00:00,15.68,0.5,0.51,0.505,0.01,26.0,189.98,91
2026-09-02T12:45:20.413586+00:00,btc-updown-5m-1788353100,5,4059340,93998846547586894279033428164799487141836685266842580806843984521774151702169,2026-09-02T12:45:00+00:00,2026-09-02T12:50:00+00:00,4.67,0.36,0.37,0.365,0.01,203.51,129.0,99
2026-09-02T12:45:20.413586+00:00,btc-updown-5m-1788353400,5,4059413,30591534532914440447871013444932870831396314281997782583376253806441559030815,2026-09-02T12:50:00+00:00,2026-09-02T12:55:00+00:00,9.67,0.5,0.51,0.505,0.01,838.44,1042.8,99
2026-09-02T12:45:20.413586+00:00,btc-updown-15m-1788353100,15,4059348,72125693086311500353163590169617729311267341562761496983402331659564138059492,2026-09-02T12:45:00+00:00,2026-09-02T13:00:00+00:00,14.67,0.44,0.45,0.445,0.01,125.14,119.0,99
2026-09-02T12:45:20.413586+00:00,btc-updown-15m-1788354000,15,4059545,59181030764529405440906133444672743936467562532756590329662478038519654758572,2026-09-02T13:00:00+00:00,2026-09-02T13:15:00+00:00,29.67,0.48,0.49,0.485,0.01,934.82,138.77,99
2026-09-02T12:46:21.387732+00:00,btc-updown-5m-1788353100,5,4059340,93998846547586894279033428164799487141836685266842580806843984521774151702169,2026-09-02T12:45:00+00:00,2026-09-02T12:50:00+00:00,3.65,0.34,0.35,0.345,0.01,60.0,217.0,99
2026-09-02T12:46:21.387732+00:00,btc-updown-5m-1788353400,5,4059413,30591534532914440447871013444932870831396314281997782583376253806441559030815,2026-09-02T12:50:00+00:00,2026-09-02T12:55:00+00:00,8.65,0.5,0.51,0.505,0.01,853.44,783.82,99
2026-09-02T12:46:21.387732+00:00,btc-updown-15m-1788353100,15,4059348,72125693086311500353163590169617729311267341562761496983402331659564138059492,2026-09-02T12:45:00+00:00,2026-09-02T13:00:00+00:00,13.65,0.42,0.43,0.425,0.01,70.0,115.0,99
2026-09-02T12:46:21.387732+00:00,btc-updown-15m-1788354000,15,4059545,59181030764529405440906133444672743936467562532756590329662478038519654758572,2026-09-02T13:00:00+00:00,2026-09-02T13:15:00+00:00,28.65,0.48,0.49,0.485,0.01,734.82,138.77,99
2026-09-02T12:47:22.321493+00:00,btc-updown-5m-1788353100,5,4059340,93998846547586894279033428164799487141836685266842580806843984521774151702169,2026-09-02T12:45:00+00:00,2026-09-02T12:50:00+00:00,2.63,0.51,0.52,0.515,0.01,16.76,476.61,99
2026-09-02T12:47:22.321493+00:00,btc-updown-5m-1788353400,5,4059413,30591534532914440447871013444932870831396314281997782583376253806441559030815,2026-09-02T12:50:00+00:00,2026-09-02T12:55:00+00:00,7.63,0.5,0.51,0.505,0.01,848.44,783.82,99
2026-09-02T12:47:22.321493+00:00,btc-updown-15m-1788353100,15,4059348,72125693086311500353163590169617729311267341562761496983402331659564138059492,2026-09-02T12:45:00+00:00,2026-09-02T13:00:00+00:00,12.63,0.49,0.5,0.495,0.01,56.09,115.0,99
2026-09-02T12:47:22.321493+00:00,btc-updown-15m-1788354000,15,4059545,59181030764529405440906133444672743936467562532756590329662478038519654758572,2026-09-02T13:00:00+00:00,2026-09-02T13:15:00+00:00,27.63,0.48,0.49,0.485,0.01,834.82,138.77,99
2026-09-02T12:48:23.286742+00:00,btc-updown-5m-1788353100,5,4059340,93998846547586894279033428164799487141836685266842580806843984521774151702169,2026-09-02T12:45:00+00:00,2026-09-02T12:50:00+00:00,1.62,0.11,0.12,0.115,0.01,69.45,238.15,99
2026-09-02T12:48:23.286742+00:00,btc-updown-5m-1788353400,5,4059413,30591534532914440447871013444932870831396314281997782583376253806441559030815,2026-09-02T12:50:00+00:00,2026-09-02T12:55:00+00:00,6.62,0.5,0.51,0.505,0.01,253.44,769.88,99
2026-09-02T12:48:23.286742+00:00,btc-updown-15m-1788353100,15,4059348,72125693086311500353163590169617729311267341562761496983402331659564138059492,2026-09-02T12:45:00+00:00,2026-09-02T13:00:00+00:00,11.62,0.35,0.36,0.355,0.01,75.0,158.0,99
2026-09-02T12:48:23.286742+00:00,btc-updown-15m-1788354000,15,4059545,59181030764529405440906133444672743936467562532756590329662478038519654758572,2026-09-02T13:00:00+00:00,2026-09-02T13:15:00+00:00,26.62,0.48,0.49,0.485,0.01,684.82,138.77,99
2026-09-02T12:49:24.216124+00:00,btc-updown-5m-1788353400,5,4059413,30591534532914440447871013444932870831396314281997782583376253806441559030815,2026-09-02T12:50:00+00:00,2026-09-02T12:55:00+00:00,5.6,0.49,0.5,0.495,0.01,45.0,654.9,99
2026-09-02T12:49:24.216124+00:00,btc-updown-15m-1788353100,15,4059348,72125693086311500353163590169617729311267341562761496983402331659564138059492,2026-09-02T12:45:00+00:00,2026-09-02T13:00:00+00:00,10.6,0.32,0.33,0.325,0.01,110.0,175.0,98
2026-09-02T12:49:24.216124+00:00,btc-updown-15m-1788354000,15,4059545,59181030764529405440906133444672743936467562532756590329662478038519654758572,2026-09-02T13:00:00+00:00,2026-09-02T13:15:00+00:00,25.6,0.48,0.49,0.485,0.01,834.82,138.77,99
2026-09-02T12:50:25.045807+00:00,btc-updown-5m-1788353400,5,4059413,30591534532914440447871013444932870831396314281997782583376253806441559030815,2026-09-02T12:50:00+00:00,2026-09-02T12:55:00+00:00,4.58,0.33,0.35,0.34,0.02,128.13,332.34,98
2026-09-02T12:50:25.045807+00:00,btc-updown-5m-1788353700,5,4059524,104100154828647891729311051594515833407783698926010767882361796721445434208388,2026-09-02T12:55:00+00:00,2026-09-02T13:00:00+00:00,9.58,0.5,0.51,0.505,0.01,793.0,651.53,99
2026-09-02T12:50:25.045807+00:00,btc-updown-15m-1788353100,15,4059348,72125693086311500353163590169617729311267341562761496983402331659564138059492,2026-09-02T12:45:00+00:00,2026-09-02T13:00:00+00:00,9.58,0.21,0.22,0.215,0.01,42.39,100.0,99
2026-09-02T12:50:25.045807+00:00,btc-updown-15m-1788354000,15,4059545,59181030764529405440906133444672743936467562532756590329662478038519654758572,2026-09-02T13:00:00+00:00,2026-09-02T13:15:00+00:00,24.58,0.48,0.49,0.485,0.01,814.82,138.77,99
2026-09-02T12:51:26.066596+00:00,btc-updown-5m-1788353400,5,4059413,30591534532914440447871013444932870831396314281997782583376253806441559030815,2026-09-02T12:50:00+00:00,2026-09-02T12:55:00+00:00,3.57,0.38,0.39,0.385,0.01,63.26,165.17,99
2026-09-02T12:51:26.066596+00:00,btc-updown-5m-1788353700,5,4059524,104100154828647891729311051594515833407783698926010767882361796721445434208388,2026-09-02T12:55:00+00:00,2026-09-02T13:00:00+00:00,8.57,0.5,0.51,0.505,0.01,808.0,802.25,99
2026-09-02T12:51:26.066596+00:00,btc-updown-15m-1788353100,15,4059348,72125693086311500353163590169617729311267341562761496983402331659564138059492,2026-09-02T12:45:00+00:00,2026-09-02T13:00:00+00:00,8.57,0.23,0.24,0.235,0.01,20.0,190.5,99
2026-09-02T12:51:26.066596+00:00,btc-updown-15m-1788354000,15,4059545,59181030764529405440906133444672743936467562532756590329662478038519654758572,2026-09-02T13:00:00+00:00,2026-09-02T13:15:00+00:00,23.57,0.48,0.49,0.485,0.01,814.82,138.77,99
2026-09-02T12:52:27.013030+00:00,btc-updown-5m-1788353400,5,4059413,30591534532914440447871013444932870831396314281997782583376253806441559030815,2026-09-02T12:50:00+00:00,2026-09-02T12:55:00+00:00,2.55,0.18,0.19,0.185,0.01,154.34,196.15,99
2026-09-02T12:52:27.013030+00:00,btc-updown-5m-1788353700,5,4059524,104100154828647891729311051594515833407783698926010767882361796721445434208388,2026-09-02T12:55:00+00:00,2026-09-02T13:00:00+00:00,7.55,0.5,0.51,0.505,0.01,798.1,797.25,99
2026-09-02T12:52:27.013030+00:00,btc-updown-15m-1788353100,15,4059348,72125693086311500353163590169617729311267341562761496983402331659564138059492,2026-09-02T12:45:00+00:00,2026-09-02T13:00:00+00:00,7.55,0.14,0.15,0.145,0.01,23.43,15.06,99
2026-09-02T12:52:27.013030+00:00,btc-updown-15m-1788354000,15,4059545,59181030764529405440906133444672743936467562532756590329662478038519654758572,2026-09-02T13:00:00+00:00,2026-09-02T13:15:00+00:00,22.55,0.48,0.49,0.485,0.01,864.82,124.48,99
2026-09-02T12:53:27.969521+00:00,btc-updown-5m-1788353400,5,4059413,30591534532914440447871013444932870831396314281997782583376253806441559030815,2026-09-02T12:50:00+00:00,2026-09-02T12:55:00+00:00,1.55,0.04,0.05,0.045,0.01,390.64,249.02,99
2026-09-02T12:53:27.969521+00:00,btc-updown-5m-1788353700,5,4059524,104100154828647891729311051594515833407783698926010767882361796721445434208388,2026-09-02T12:55:00+00:00,2026-09-02T13:00:00+00:00,6.55,0.5,0.51,0.505,0.01,258.1,501.52,99
2026-09-02T12:53:27.969521+00:00,btc-updown-15m-1788353100,15,4059348,72125693086311500353163590169617729311267341562761496983402331659564138059492,2026-09-02T12:45:00+00:00,2026-09-02T13:00:00+00:00,6.55,0.09,0.1,0.095,0.01,64.42,77.9,99
2026-09-02T12:53:27.969521+00:00,btc-updown-15m-1788354000,15,4059545,59181030764529405440906133444672743936467562532756590329662478038519654758572,2026-09-02T13:00:00+00:00,2026-09-02T13:15:00+00:00,21.55,0.48,0.49,0.485,0.01,864.82,124.48,99
2026-09-02T12:54:28.925519+00:00,btc-updown-5m-1788353700,5,4059524,104100154828647891729311051594515833407783698926010767882361796721445434208388,2026-09-02T12:55:00+00:00,2026-09-02T13:00:00+00:00,5.53,0.5,0.51,0.505,0.01,64.72,56.0,99
2026-09-02T12:54:28.925519+00:00,btc-updown-15m-1788353100,15,4059348,72125693086311500353163590169617729311267341562761496983402331659564138059492,2026-09-02T12:45:00+00:00,2026-09-02T13:00:00+00:00,5.53,0.09,0.1,0.095,0.01,61.35,105.0,99
2026-09-02T12:54:28.925519+00:00,btc-updown-15m-1788354000,15,4059545,59181030764529405440906133444672743936467562532756590329662478038519654758572,2026-09-02T13:00:00+00:00,2026-09-02T13:15:00+00:00,20.53,0.48,0.49,0.485,0.01,864.82,174.48,99
2026-09-02T12:55:29.792783+00:00,btc-updown-5m-1788353700,5,4059524,104100154828647891729311051594515833407783698926010767882361796721445434208388,2026-09-02T12:55:00+00:00,2026-09-02T13:00:00+00:00,4.52,0.56,0.57,0.565,0.01,827.75,19.11,99
2026-09-02T12:55:29.792783+00:00,btc-updown-5m-1788354000,5,4059542,26572942108073858354540231214285823859114086928104809544045600512373942473383,2026-09-02T13:00:00+00:00,2026-09-02T13:05:00+00:00,9.52,0.5,0.51,0.505,0.01,881.22,882.88,99
2026-09-02T12:55:29.792783+00:00,btc-updown-15m-1788353100,15,4059348,72125693086311500353163590169617729311267341562761496983402331659564138059492,2026-09-02T12:45:00+00:00,2026-09-02T13:00:00+00:00,4.52,0.1,0.11,0.105,0.01,5.0,90.0,99
2026-09-02T12:55:29.792783+00:00,btc-updown-15m-1788354000,15,4059545,59181030764529405440906133444672743936467562532756590329662478038519654758572,2026-09-02T13:00:00+00:00,2026-09-02T13:15:00+00:00,19.52,0.48,0.49,0.485,0.01,774.82,134.48,99
2026-09-02T12:56:30.742683+00:00,btc-updown-5m-1788353700,5,4059524,104100154828647891729311051594515833407783698926010767882361796721445434208388,2026-09-02T12:55:00+00:00,2026-09-02T13:00:00+00:00,3.5,0.14,0.15,0.145,0.01,47.67,386.0,99
2026-09-02T12:56:30.742683+00:00,btc-updown-5m-1788354000,5,4059542,26572942108073858354540231214285823859114086928104809544045600512373942473383,2026-09-02T13:00:00+00:00,2026-09-02T13:05:00+00:00,8.5,0.5,0.51,0.505,0.01,977.22,322.0,99
2026-09-02T12:56:30.742683+00:00,btc-updown-15m-1788353100,15,4059348,72125693086311500353163590169617729311267341562761496983402331659564138059492,2026-09-02T12:45:00+00:00,2026-09-02T13:00:00+00:00,3.5,0.01,0.02,0.015,0.01,435.13,152.1,99
2026-09-02T12:56:30.742683+00:00,btc-updown-15m-1788354000,15,4059545,59181030764529405440906133444672743936467562532756590329662478038519654758572,2026-09-02T13:00:00+00:00,2026-09-02T13:15:00+00:00,18.5,0.48,0.49,0.485,0.01,1014.82,72.43,99
2026-09-02T12:57:31.682349+00:00,btc-updown-5m-1788353700,5,4059524,104100154828647891729311051594515833407783698926010767882361796721445434208388,2026-09-02T12:55:00+00:00,2026-09-02T13:00:00+00:00,2.48,0.05,0.06,0.055,0.01,339.03,351.04,99
2026-09-02T12:57:31.682349+00:00,btc-updown-5m-1788354000,5,4059542,26572942108073858354540231214285823859114086928104809544045600512373942473383,2026-09-02T13:00:00+00:00,2026-09-02T13:05:00+00:00,7.48,0.5,0.51,0.505,0.01,1153.42,382.38,99
2026-09-02T12:57:31.682349+00:00,btc-updown-15m-1788354000,15,4059545,59181030764529405440906133444672743936467562532756590329662478038519654758572,2026-09-02T13:00:00+00:00,2026-09-02T13:15:00+00:00,17.48,0.48,0.49,0.485,0.01,924.82,32.31,99
2026-09-02T12:58:32.567162+00:00,btc-updown-5m-1788354000,5,4059542,26572942108073858354540231214285823859114086928104809544045600512373942473383,2026-09-02T13:00:00+00:00,2026-09-02T13:05:00+00:00,6.47,0.5,0.51,0.505,0.01,675.72,105.0,99
2026-09-02T12:58:32.567162+00:00,btc-updown-15m-1788353100,15,4059348,72125693086311500353163590169617729311267341562761496983402331659564138059492,2026-09-02T12:45:00+00:00,2026-09-02T13:00:00+00:00,1.47,0.001,0.004,0.0025,0.003,4838.24,25.0,113
2026-09-02T12:58:32.567162+00:00,btc-updown-15m-1788354000,15,4059545,59181030764529405440906133444672743936467562532756590329662478038519654758572,2026-09-02T13:00:00+00:00,2026-09-02T13:15:00+00:00,16.47,0.49,0.5,0.495,0.01,1082.08,287.2,99
2026-09-02T12:59:33.479553+00:00,btc-updown-5m-1788354000,5,4059542,26572942108073858354540231214285823859114086928104809544045600512373942473383,2026-09-02T13:00:00+00:00,2026-09-02T13:05:00+00:00,5.45,0.49,0.5,0.495,0.01,1.26,203.5,98
2026-09-02T12:59:33.479553+00:00,btc-updown-15m-1788354000,15,4059545,59181030764529405440906133444672743936467562532756590329662478038519654758572,2026-09-02T13:00:00+00:00,2026-09-02T13:15:00+00:00,15.45,0.49,0.5,0.495,0.01,938.79,277.22,91
2026-09-02T13:00:34.232777+00:00,btc-updown-5m-1788354000,5,4059542,26572942108073858354540231214285823859114086928104809544045600512373942473383,2026-09-02T13:00:00+00:00,2026-09-02T13:05:00+00:00,4.43,0.71,0.72,0.715,0.01,216.16,106.47,99
2026-09-02T13:00:34.232777+00:00,btc-updown-5m-1788354300,5,4059558,80741278673685204801018631758810556371047237905470113763388088742704017310390,2026-09-02T13:05:00+00:00,2026-09-02T13:10:00+00:00,9.43,0.48,0.49,0.485,0.01,1298.47,805.47,99
2026-09-02T13:00:34.232777+00:00,btc-updown-15m-1788354000,15,4059545,59181030764529405440906133444672743936467562532756590329662478038519654758572,2026-09-02T13:00:00+00:00,2026-09-02T13:15:00+00:00,14.43,0.61,0.62,0.615,0.01,230.0,5.0,99
2026-09-02T13:00:34.232777+00:00,btc-updown-15m-1788354900,15,4059574,93867411572120346606873443452282077076546851500192897040494370023636276295191,2026-09-02T13:15:00+00:00,2026-09-02T13:30:00+00:00,29.43,0.49,0.5,0.495,0.01,1661.34,255.0,99
2026-09-02T13:01:35.282725+00:00,btc-updown-5m-1788354000,5,4059542,26572942108073858354540231214285823859114086928104809544045600512373942473383,2026-09-02T13:00:00+00:00,2026-09-02T13:05:00+00:00,3.42,0.9,0.91,0.905,0.01,670.63,36.47,99
2026-09-02T13:01:35.282725+00:00,btc-updown-5m-1788354300,5,4059558,80741278673685204801018631758810556371047237905470113763388088742704017310390,2026-09-02T13:05:00+00:00,2026-09-02T13:10:00+00:00,8.42,0.48,0.49,0.485,0.01,798.89,805.47,99
2026-09-02T13:01:35.282725+00:00,btc-updown-15m-1788354000,15,4059545,59181030764529405440906133444672743936467562532756590329662478038519654758572,2026-09-02T13:00:00+00:00,2026-09-02T13:15:00+00:00,13.42,0.75,0.76,0.755,0.01,123.0,23.68,99
2026-09-02T13:01:35.282725+00:00,btc-updown-15m-1788354900,15,4059574,93867411572120346606873443452282077076546851500192897040494370023636276295191,2026-09-02T13:15:00+00:00,2026-09-02T13:30:00+00:00,28.42,0.5,0.51,0.505,0.01,210.0,232.65,99
2026-09-02T13:02:36.258059+00:00,btc-updown-5m-1788354000,5,4059542,26572942108073858354540231214285823859114086928104809544045600512373942473383,2026-09-02T13:00:00+00:00,2026-09-02T13:05:00+00:00,2.4,0.98,0.99,0.985,0.01,1985.98,2068.28,99
2026-09-02T13:02:36.258059+00:00,btc-updown-5m-1788354300,5,4059558,80741278673685204801018631758810556371047237905470113763388088742704017310390,2026-09-02T13:05:00+00:00,2026-09-02T13:10:00+00:00,7.4,0.48,0.49,0.485,0.01,630.04,826.34,99
2026-09-02T13:02:36.258059+00:00,btc-updown-15m-1788354000,15,4059545,59181030764529405440906133444672743936467562532756590329662478038519654758572,2026-09-02T13:00:00+00:00,2026-09-02T13:15:00+00:00,12.4,0.87,0.88,0.875,0.01,80.0,213.0,99
2026-09-02T13:02:36.258059+00:00,btc-updown-15m-1788354900,15,4059574,93867411572120346606873443452282077076546851500192897040494370023636276295191,2026-09-02T13:15:00+00:00,2026-09-02T13:30:00+00:00,27.4,0.5,0.52,0.51,0.02,455.48,566.65,98
2026-09-02T13:03:37.335304+00:00,btc-updown-5m-1788354300,5,4059558,80741278673685204801018631758810556371047237905470113763388088742704017310390,2026-09-02T13:05:00+00:00,2026-09-02T13:10:00+00:00,6.38,0.5,0.51,0.505,0.01,175.0,561.2,99
2026-09-02T13:03:37.335304+00:00,btc-updown-15m-1788354000,15,4059545,59181030764529405440906133444672743936467562532756590329662478038519654758572,2026-09-02T13:00:00+00:00,2026-09-02T13:15:00+00:00,11.38,0.89,0.9,0.895,0.01,105.0,55.0,99
2026-09-02T13:03:37.335304+00:00,btc-updown-15m-1788354900,15,4059574,93867411572120346606873443452282077076546851500192897040494370023636276295191,2026-09-02T13:15:00+00:00,2026-09-02T13:30:00+00:00,26.38,0.5,0.51,0.505,0.01,455.48,224.08,99
2026-09-02T13:04:38.199146+00:00,btc-updown-5m-1788354300,5,4059558,80741278673685204801018631758810556371047237905470113763388088742704017310390,2026-09-02T13:05:00+00:00,2026-09-02T13:10:00+00:00,5.37,0.53,0.54,0.535,0.01,7.87,203.81,99
2026-09-02T13:04:38.199146+00:00,btc-updown-15m-1788354000,15,4059545,59181030764529405440906133444672743936467562532756590329662478038519654758572,2026-09-02T13:00:00+00:00,2026-09-02T13:15:00+00:00,10.37,0.9,0.91,0.905,0.01,90.66,63.03,99
2026-09-02T13:04:38.199146+00:00,btc-updown-15m-1788354900,15,4059574,93867411572120346606873443452282077076546851500192897040494370023636276295191,2026-09-02T13:15:00+00:00,2026-09-02T13:30:00+00:00,25.37,0.5,0.51,0.505,0.01,413.48,304.08,99
2026-09-02T13:05:39.037567+00:00,btc-updown-5m-1788354300,5,4059558,80741278673685204801018631758810556371047237905470113763388088742704017310390,2026-09-02T13:05:00+00:00,2026-09-02T13:10:00+00:00,4.35,0.77,0.78,0.775,0.01,20.65,288.64,99
2026-09-02T13:05:39.037567+00:00,btc-updown-5m-1788354600,5,4059571,47975267071247489680128367176309995025979878605703866403537778551131475482324,2026-09-02T13:10:00+00:00,2026-09-02T13:15:00+00:00,9.35,0.5,0.51,0.505,0.01,294.45,1167.03,99
2026-09-02T13:05:39.037567+00:00,btc-updown-15m-1788354000,15,4059545,59181030764529405440906133444672743936467562532756590329662478038519654758572,2026-09-02T13:00:00+00:00,2026-09-02T13:15:00+00:00,9.35,0.95,0.96,0.955,0.01,80.0,100.0,99
2026-09-02T13:05:39.037567+00:00,btc-updown-15m-1788354900,15,4059574,93867411572120346606873443452282077076546851500192897040494370023636276295191,2026-09-02T13:15:00+00:00,2026-09-02T13:30:00+00:00,24.35,0.5,0.51,0.505,0.01,241.48,328.19,99
2026-09-02T13:06:39.997707+00:00,btc-updown-5m-1788354300,5,4059558,80741278673685204801018631758810556371047237905470113763388088742704017310390,2026-09-02T13:05:00+00:00,2026-09-02T13:10:00+00:00,3.35,0.89,0.9,0.895,0.01,371.4,125.79,99
2026-09-02T13:06:39.997707+00:00,btc-updown-5m-1788354600,5,4059571,47975267071247489680128367176309995025979878605703866403537778551131475482324,2026-09-02T13:10:00+00:00,2026-09-02T13:15:00+00:00,8.35,0.5,0.51,0.505,0.01,275.45,2191.67,99
2026-09-02T13:06:39.997707+00:00,btc-updown-15m-1788354000,15,4059545,59181030764529405440906133444672743936467562532756590329662478038519654758572,2026-09-02T13:00:00+00:00,2026-09-02T13:15:00+00:00,8.35,0.97,0.98,0.975,0.01,203.39,1983.23,99
2026-09-02T13:06:39.997707+00:00,btc-updown-15m-1788354900,15,4059574,93867411572120346606873443452282077076546851500192897040494370023636276295191,2026-09-02T13:15:00+00:00,2026-09-02T13:30:00+00:00,23.35,0.5,0.51,0.505,0.01,215.48,368.19,99
2026-09-02T13:07:40.965730+00:00,btc-updown-5m-1788354300,5,4059558,80741278673685204801018631758810556371047237905470113763388088742704017310390,2026-09-02T13:05:00+00:00,2026-09-02T13:10:00+00:00,2.33,0.71,0.72,0.715,0.01,157.0,135.0,99
2026-09-02T13:07:40.965730+00:00,btc-updown-5m-1788354600,5,4059571,47975267071247489680128367176309995025979878605703866403537778551131475482324,2026-09-02T13:10:00+00:00,2026-09-02T13:15:00+00:00,7.33,0.5,0.51,0.505,0.01,269.45,646.66,99
2026-09-02T13:07:40.965730+00:00,btc-updown-15m-1788354000,15,4059545,59181030764529405440906133444672743936467562532756590329662478038519654758572,2026-09-02T13:00:00+00:00,2026-09-02T13:15:00+00:00,7.33,0.96,0.97,0.965,0.01,291.67,155.92,122
2026-09-02T13:07:40.965730+00:00,btc-updown-15m-1788354900,15,4059574,93867411572120346606873443452282077076546851500192897040494370023636276295191,2026-09-02T13:15:00+00:00,2026-09-02T13:30:00+00:00,22.33,0.5,0.51,0.505,0.01,241.48,308.19,99
2026-09-02T13:08:42.025851+00:00,btc-updown-5m-1788354300,5,4059558,80741278673685204801018631758810556371047237905470113763388088742704017310390,2026-09-02T13:05:00+00:00,2026-09-02T13:10:00+00:00,1.3,0.71,0.72,0.715,0.01,309.55,264.44,99
2026-09-02T13:08:42.025851+00:00,btc-updown-5m-1788354600,5,4059571,47975267071247489680128367176309995025979878605703866403537778551131475482324,2026-09-02T13:10:00+00:00,2026-09-02T13:15:00+00:00,6.3,0.5,0.51,0.505,0.01,237.45,630.77,99
2026-09-02T13:08:42.025851+00:00,btc-updown-15m-1788354000,15,4059545,59181030764529405440906133444672743936467562532756590329662478038519654758572,2026-09-02T13:00:00+00:00,2026-09-02T13:15:00+00:00,6.3,0.97,0.979,0.9745,0.009,31.08,1965.42,118
2026-09-02T13:08:42.025851+00:00,btc-updown-15m-1788354900,15,4059574,93867411572120346606873443452282077076546851500192897040494370023636276295191,2026-09-02T13:15:00+00:00,2026-09-02T13:30:00+00:00,21.3,0.5,0.51,0.505,0.01,241.48,228.19,99
2026-09-02T13:09:42.979877+00:00,btc-updown-5m-1788354600,5,4059571,47975267071247489680128367176309995025979878605703866403537778551131475482324,2026-09-02T13:10:00+00:00,2026-09-02T13:15:00+00:00,5.3,0.57,0.59,0.58,0.02,65.0,180.74,98
2026-09-02T13:09:42.979877+00:00,btc-updown-15m-1788354000,15,4059545,59181030764529405440906133444672743936467562532756590329662478038519654758572,2026-09-02T13:00:00+00:00,2026-09-02T13:15:00+00:00,5.3,0.95,0.96,0.955,0.01,115.0,69.47,127
2026-09-02T13:09:42.979877+00:00,btc-updown-15m-1788354900,15,4059574,93867411572120346606873443452282077076546851500192897040494370023636276295191,2026-09-02T13:15:00+00:00,2026-09-02T13:30:00+00:00,20.3,0.5,0.51,0.505,0.01,411.48,208.19,99
2026-09-02T13:10:43.860371+00:00,btc-updown-5m-1788354600,5,4059571,47975267071247489680128367176309995025979878605703866403537778551131475482324,2026-09-02T13:10:00+00:00,2026-09-02T13:15:00+00:00,4.28,0.67,0.68,0.675,0.01,73.4,251.76,99
2026-09-02T13:10:43.860371+00:00,btc-updown-5m-1788354900,5,4059580,114662788710146044413349424380243912383875280386829731538876356011038715168276,2026-09-02T13:15:00+00:00,2026-09-02T13:20:00+00:00,9.28,0.5,0.51,0.505,0.01,806.52,832.91,99
2026-09-02T13:10:43.860371+00:00,btc-updown-15m-1788354000,15,4059545,59181030764529405440906133444672743936467562532756590329662478038519654758572,2026-09-02T13:00:00+00:00,2026-09-02T13:15:00+00:00,4.28,0.988,0.989,0.9885,0.001,30.0,90.0,122
2026-09-02T13:10:43.860371+00:00,btc-updown-15m-1788354900,15,4059574,93867411572120346606873443452282077076546851500192897040494370023636276295191,2026-09-02T13:15:00+00:00,2026-09-02T13:30:00+00:00,19.28,0.5,0.51,0.505,0.01,280.38,213.09,99
2026-09-02T13:11:44.839021+00:00,btc-updown-5m-1788354600,5,4059571,47975267071247489680128367176309995025979878605703866403537778551131475482324,2026-09-02T13:10:00+00:00,2026-09-02T13:15:00+00:00,3.27,0.84,0.85,0.845,0.01,173.55,385.37,99
2026-09-02T13:11:44.839021+00:00,btc-updown-5m-1788354900,5,4059580,114662788710146044413349424380243912383875280386829731538876356011038715168276,2026-09-02T13:15:00+00:00,2026-09-02T13:20:00+00:00,8.27,0.5,0.51,0.505,0.01,821.52,848.91,99
2026-09-02T13:11:44.839021+00:00,btc-updown-15m-1788354000,15,4059545,59181030764529405440906133444672743936467562532756590329662478038519654758572,2026-09-02T13:00:00+00:00,2026-09-02T13:15:00+00:00,3.27,0.994,0.997,0.9955,0.003,15.0,5015.0,120
2026-09-02T13:11:44.839021+00:00,btc-updown-15m-1788354900,15,4059574,93867411572120346606873443452282077076546851500192897040494370023636276295191,2026-09-02T13:15:00+00:00,2026-09-02T13:30:00+00:00,18.27,0.5,0.51,0.505,0.01,332.38,193.09,99
2026-09-02T13:12:45.851554+00:00,btc-updown-5m-1788354600,5,4059571,47975267071247489680128367176309995025979878605703866403537778551131475482324,2026-09-02T13:10:00+00:00,2026-09-02T13:15:00+00:00,2.25,0.75,0.76,0.755,0.01,569.81,65.77,99
2026-09-02T13:12:45.851554+00:00,btc-updown-5m-1788354900,5,4059580,114662788710146044413349424380243912383875280386829731538876356011038715168276,2026-09-02T13:15:00+00:00,2026-09-02T13:20:00+00:00,7.25,0.5,0.51,0.505,0.01,806.52,836.05,99
2026-09-02T13:12:45.851554+00:00,btc-updown-15m-1788354000,15,4059545,59181030764529405440906133444672743936467562532756590329662478038519654758572,2026-09-02T13:00:00+00:00,2026-09-02T13:15:00+00:00,2.25,0.997,0.998,0.9975,0.001,15.0,351.46,117
2026-09-02T13:12:45.851554+00:00,btc-updown-15m-1788354900,15,4059574,93867411572120346606873443452282077076546851500192897040494370023636276295191,2026-09-02T13:15:00+00:00,2026-09-02T13:30:00+00:00,17.25,0.5,0.51,0.505,0.01,568.38,186.03,99
2026-09-02T13:13:46.796308+00:00,btc-updown-5m-1788354600,5,4059571,47975267071247489680128367176309995025979878605703866403537778551131475482324,2026-09-02T13:10:00+00:00,2026-09-02T13:15:00+00:00,1.23,0.71,0.72,0.715,0.01,177.0,94.0,99
2026-09-02T13:13:46.796308+00:00,btc-updown-5m-1788354900,5,4059580,114662788710146044413349424380243912383875280386829731538876356011038715168276,2026-09-02T13:15:00+00:00,2026-09-02T13:20:00+00:00,6.23,0.5,0.51,0.505,0.01,176.52,790.08,99
2026-09-02T13:13:46.796308+00:00,btc-updown-15m-1788354000,15,4059545,59181030764529405440906133444672743936467562532756590329662478038519654758572,2026-09-02T13:00:00+00:00,2026-09-02T13:15:00+00:00,1.23,0.998,0.999,0.9985,0.001,104.06,2298.43,116
2026-09-02T13:13:46.796308+00:00,btc-updown-15m-1788354900,15,4059574,93867411572120346606873443452282077076546851500192897040494370023636276295191,2026-09-02T13:15:00+00:00,2026-09-02T13:30:00+00:00,16.23,0.5,0.51,0.505,0.01,554.58,192.03,99
2026-09-02T13:14:47.777814+00:00,btc-updown-5m-1788354900,5,4059580,114662788710146044413349424380243912383875280386829731538876356011038715168276,2026-09-02T13:15:00+00:00,2026-09-02T13:20:00+00:00,5.22,0.43,0.44,0.435,0.01,365.0,16.0,99
2026-09-02T13:14:47.777814+00:00,btc-updown-15m-1788354900,15,4059574,93867411572120346606873443452282077076546851500192897040494370023636276295191,2026-09-02T13:15:00+00:00,2026-09-02T13:30:00+00:00,15.22,0.49,0.5,0.495,0.01,10.0,30.0,91
2026-09-02T13:15:48.557678+00:00,btc-updown-5m-1788354900,5,4059580,114662788710146044413349424380243912383875280386829731538876356011038715168276,2026-09-02T13:15:00+00:00,2026-09-02T13:20:00+00:00,4.2,0.49,0.5,0.495,0.01,117.08,10.0,99
2026-09-02T13:15:48.557678+00:00,btc-updown-5m-1788355200,5,4059591,93526062551474078871360642020215705744024923528192292191517866700284846016970,2026-09-02T13:20:00+00:00,2026-09-02T13:25:00+00:00,9.2,0.5,0.51,0.505,0.01,785.83,807.29,99
2026-09-02T13:15:48.557678+00:00,btc-updown-15m-1788354900,15,4059574,93867411572120346606873443452282077076546851500192897040494370023636276295191,2026-09-02T13:15:00+00:00,2026-09-02T13:30:00+00:00,14.2,0.49,0.5,0.495,0.01,243.0,4.96,99
2026-09-02T13:15:48.557678+00:00,btc-updown-15m-1788355800,15,4059625,93742987225018117096060403184871620530543886522638415575151555659331856319814,2026-09-02T13:30:00+00:00,2026-09-02T13:45:00+00:00,29.2,0.5,0.51,0.505,0.01,279.1,674.08,97
2026-09-02T13:16:49.590453+00:00,btc-updown-5m-1788354900,5,4059580,114662788710146044413349424380243912383875280386829731538876356011038715168276,2026-09-02T13:15:00+00:00,2026-09-02T13:20:00+00:00,3.18,0.79,0.8,0.795,0.01,308.91,143.87,99
2026-09-02T13:16:49.590453+00:00,btc-updown-5m-1788355200,5,4059591,93526062551474078871360642020215705744024923528192292191517866700284846016970,2026-09-02T13:20:00+00:00,2026-09-02T13:25:00+00:00,8.18,0.5,0.51,0.505,0.01,790.83,868.29,99
2026-09-02T13:16:49.590453+00:00,btc-updown-15m-1788354900,15,4059574,93867411572120346606873443452282077076546851500192897040494370023636276295191,2026-09-02T13:15:00+00:00,2026-09-02T13:30:00+00:00,13.18,0.64,0.65,0.645,0.01,11.22,202.89,99
2026-09-02T13:16:49.590453+00:00,btc-updown-15m-1788355800,15,4059625,93742987225018117096060403184871620530543886522638415575151555659331856319814,2026-09-02T13:30:00+00:00,2026-09-02T13:45:00+00:00,28.18,0.5,0.51,0.505,0.01,259.1,774.08,97
2026-09-02T13:17:50.537737+00:00,btc-updown-5m-1788354900,5,4059580,114662788710146044413349424380243912383875280386829731538876356011038715168276,2026-09-02T13:15:00+00:00,2026-09-02T13:20:00+00:00,2.17,0.94,0.95,0.945,0.01,66.91,282.67,99
2026-09-02T13:17:50.537737+00:00,btc-updown-5m-1788355200,5,4059591,93526062551474078871360642020215705744024923528192292191517866700284846016970,2026-09-02T13:20:00+00:00,2026-09-02T13:25:00+00:00,7.17,0.5,0.51,0.505,0.01,756.33,833.68,99
2026-09-02T13:17:50.537737+00:00,btc-updown-15m-1788354900,15,4059574,93867411572120346606873443452282077076546851500192897040494370023636276295191,2026-09-02T13:15:00+00:00,2026-09-02T13:30:00+00:00,12.17,0.72,0.73,0.725,0.01,5.0,238.23,99
2026-09-02T13:17:50.537737+00:00,btc-updown-15m-1788355800,15,4059625,93742987225018117096060403184871620530543886522638415575151555659331856319814,2026-09-02T13:30:00+00:00,2026-09-02T13:45:00+00:00,27.17,0.5,0.51,0.505,0.01,259.1,1054.08,97
2026-09-02T13:18:51.509830+00:00,btc-updown-5m-1788355200,5,4059591,93526062551474078871360642020215705744024923528192292191517866700284846016970,2026-09-02T13:20:00+00:00,2026-09-02T13:25:00+00:00,6.15,0.5,0.51,0.505,0.01,140.33,422.68,99
2026-09-02T13:18:51.509830+00:00,btc-updown-15m-1788354900,15,4059574,93867411572120346606873443452282077076546851500192897040494370023636276295191,2026-09-02T13:15:00+00:00,2026-09-02T13:30:00+00:00,11.15,0.72,0.73,0.725,0.01,120.0,149.0,99
2026-09-02T13:18:51.509830+00:00,btc-updown-15m-1788355800,15,4059625,93742987225018117096060403184871620530543886522638415575151555659331856319814,2026-09-02T13:30:00+00:00,2026-09-02T13:45:00+00:00,26.15,0.5,0.51,0.505,0.01,59.1,1404.08,97
2026-09-02T13:19:52.358657+00:00,btc-updown-5m-1788355200,5,4059591,93526062551474078871360642020215705744024923528192292191517866700284846016970,2026-09-02T13:20:00+00:00,2026-09-02T13:25:00+00:00,5.13,0.57,0.58,0.575,0.01,759.46,109.0,97
2026-09-02T13:19:52.358657+00:00,btc-updown-15m-1788354900,15,4059574,93867411572120346606873443452282077076546851500192897040494370023636276295191,2026-09-02T13:15:00+00:00,2026-09-02T13:30:00+00:00,10.13,0.81,0.82,0.815,0.01,8.99,140.24,99
2026-09-02T13:19:52.358657+00:00,btc-updown-15m-1788355800,15,4059625,93742987225018117096060403184871620530543886522638415575151555659331856319814,2026-09-02T13:30:00+00:00,2026-09-02T13:45:00+00:00,25.13,0.5,0.51,0.505,0.01,59.1,1404.08,97
2026-09-02T13:20:53.256125+00:00,btc-updown-5m-1788355200,5,4059591,93526062551474078871360642020215705744024923528192292191517866700284846016970,2026-09-02T13:20:00+00:00,2026-09-02T13:25:00+00:00,4.12,0.23,0.24,0.235,0.01,167.03,228.0,99
2026-09-02T13:20:53.256125+00:00,btc-updown-5m-1788355500,5,4059603,89906966570621580706100202755968690569288153474983900084866826217970512347978,2026-09-02T13:25:00+00:00,2026-09-02T13:30:00+00:00,9.12,0.5,0.51,0.505,0.01,293.16,2086.86,99
2026-09-02T13:20:53.256125+00:00,btc-updown-15m-1788354900,15,4059574,93867411572120346606873443452282077076546851500192897040494370023636276295191,2026-09-02T13:15:00+00:00,2026-09-02T13:30:00+00:00,9.12,0.67,0.68,0.675,0.01,70.66,365.0,99
2026-09-02T13:20:53.256125+00:00,btc-updown-15m-1788355800,15,4059625,93742987225018117096060403184871620530543886522638415575151555659331856319814,2026-09-02T13:30:00+00:00,2026-09-02T13:45:00+00:00,24.12,0.5,0.51,0.505,0.01,59.1,1402.11,97
2026-09-02T13:21:54.219147+00:00,btc-updown-5m-1788355200,5,4059591,93526062551474078871360642020215705744024923528192292191517866700284846016970,2026-09-02T13:20:00+00:00,2026-09-02T13:25:00+00:00,3.1,0.07,0.08,0.075,0.01,110.0,401.4,99
2026-09-02T13:21:54.219147+00:00,btc-updown-5m-1788355500,5,4059603,89906966570621580706100202755968690569288153474983900084866826217970512347978,2026-09-02T13:25:00+00:00,2026-09-02T13:30:00+00:00,8.1,0.5,0.51,0.505,0.01,279.16,747.87,99
2026-09-02T13:21:54.219147+00:00,btc-updown-15m-1788354900,15,4059574,93867411572120346606873443452282077076546851500192897040494370023636276295191,2026-09-02T13:15:00+00:00,2026-09-02T13:30:00+00:00,8.1,0.41,0.42,0.415,0.01,258.0,31.0,99
2026-09-02T13:21:54.219147+00:00,btc-updown-15m-1788355800,15,4059625,93742987225018117096060403184871620530543886522638415575151555659331856319814,2026-09-02T13:30:00+00:00,2026-09-02T13:45:00+00:00,23.1,0.5,0.51,0.505,0.01,319.1,702.11,97
2026-09-02T13:22:55.209972+00:00,btc-updown-5m-1788355200,5,4059591,93526062551474078871360642020215705744024923528192292191517866700284846016970,2026-09-02T13:20:00+00:00,2026-09-02T13:25:00+00:00,2.08,0.04,0.05,0.045,0.01,107.83,160.58,99
2026-09-02T13:22:55.209972+00:00,btc-updown-5m-1788355500,5,4059603,89906966570621580706100202755968690569288153474983900084866826217970512347978,2026-09-02T13:25:00+00:00,2026-09-02T13:30:00+00:00,7.08,0.5,0.51,0.505,0.01,27.7,694.37,99
2026-09-02T13:22:55.209972+00:00,btc-updown-15m-1788354900,15,4059574,93867411572120346606873443452282077076546851500192897040494370023636276295191,2026-09-02T13:15:00+00:00,2026-09-02T13:30:00+00:00,7.08,0.47,0.48,0.475,0.01,183.74,11.0,98
2026-09-02T13:22:55.209972+00:00,btc-updown-15m-1788355800,15,4059625,93742987225018117096060403184871620530543886522638415575151555659331856319814,2026-09-02T13:30:00+00:00,2026-09-02T13:45:00+00:00,22.08,0.5,0.51,0.505,0.01,79.1,702.11,97
2026-09-02T13:23:56.177514+00:00,btc-updown-5m-1788355500,5,4059603,89906966570621580706100202755968690569288153474983900084866826217970512347978,2026-09-02T13:25:00+00:00,2026-09-02T13:30:00+00:00,6.07,0.5,0.51,0.505,0.01,40.0,137.0,99
2026-09-02T13:23:56.177514+00:00,btc-updown-15m-1788354900,15,4059574,93867411572120346606873443452282077076546851500192897040494370023636276295191,2026-09-02T13:15:00+00:00,2026-09-02T13:30:00+00:00,6.07,0.48,0.49,0.485,0.01,145.0,37.85,99
2026-09-02T13:23:56.177514+00:00,btc-updown-15m-1788355800,15,4059625,93742987225018117096060403184871620530543886522638415575151555659331856319814,2026-09-02T13:30:00+00:00,2026-09-02T13:45:00+00:00,21.07,0.5,0.51,0.505,0.01,79.1,702.11,97
2026-09-02T13:24:57.058112+00:00,btc-updown-5m-1788355500,5,4059603,89906966570621580706100202755968690569288153474983900084866826217970512347978,2026-09-02T13:25:00+00:00,2026-09-02T13:30:00+00:00,5.05,0.59,0.6,0.595,0.01,84.0,52.97,98
2026-09-02T13:24:57.058112+00:00,btc-updown-15m-1788354900,15,4059574,93867411572120346606873443452282077076546851500192897040494370023636276295191,2026-09-02T13:15:00+00:00,2026-09-02T13:30:00+00:00,5.05,0.71,0.72,0.715,0.01,64.0,10.0,99
2026-09-02T13:24:57.058112+00:00,btc-updown-15m-1788355800,15,4059625,93742987225018117096060403184871620530543886522638415575151555659331856319814,2026-09-02T13:30:00+00:00,2026-09-02T13:45:00+00:00,20.05,0.5,0.51,0.505,0.01,59.1,702.11,97
2026-09-02T13:25:57.925389+00:00,btc-updown-5m-1788355500,5,4059603,89906966570621580706100202755968690569288153474983900084866826217970512347978,2026-09-02T13:25:00+00:00,2026-09-02T13:30:00+00:00,4.05,0.61,0.62,0.615,0.01,1288.91,80.0,99
2026-09-02T13:25:57.925389+00:00,btc-updown-5m-1788355800,5,4059616,83144020716677374937124812915222086565169015856948301567919061847651870560841,2026-09-02T13:30:00+00:00,2026-09-02T13:35:00+00:00,9.05,0.5,0.51,0.505,0.01,178.45,736.53,99
2026-09-02T13:25:57.925389+00:00,btc-updown-15m-1788354900,15,4059574,93867411572120346606873443452282077076546851500192897040494370023636276295191,2026-09-02T13:15:00+00:00,2026-09-02T13:30:00+00:00,4.05,0.7,0.71,0.705,0.01,50.0,70.0,99
2026-09-02T13:25:57.925389+00:00,btc-updown-15m-1788355800,15,4059625,93742987225018117096060403184871620530543886522638415575151555659331856319814,2026-09-02T13:30:00+00:00,2026-09-02T13:45:00+00:00,19.05,0.49,0.5,0.495,0.01,464.08,458.9,97
2026-09-02T13:26:58.957302+00:00,btc-updown-5m-1788355500,5,4059603,89906966570621580706100202755968690569288153474983900084866826217970512347978,2026-09-02T13:25:00+00:00,2026-09-02T13:30:00+00:00,3.03,0.9,0.91,0.905,0.01,40.0,159.31,99
2026-09-02T13:26:58.957302+00:00,btc-updown-5m-1788355800,5,4059616,83144020716677374937124812915222086565169015856948301567919061847651870560841,2026-09-02T13:30:00+00:00,2026-09-02T13:35:00+00:00,8.03,0.51,0.52,0.515,0.01,36.0,272.25,99
2026-09-02T13:26:58.957302+00:00,btc-updown-15m-1788354900,15,4059574,93867411572120346606873443452282077076546851500192897040494370023636276295191,2026-09-02T13:15:00+00:00,2026-09-02T13:30:00+00:00,3.03,0.94,0.95,0.945,0.01,75.0,208.42,99
2026-09-02T13:26:58.957302+00:00,btc-updown-15m-1788355800,15,4059625,93742987225018117096060403184871620530543886522638415575151555659331856319814,2026-09-02T13:30:00+00:00,2026-09-02T13:45:00+00:00,18.03,0.49,0.5,0.495,0.01,559.08,478.9,97
2026-09-02T13:27:59.894970+00:00,btc-updown-5m-1788355500,5,4059603,89906966570621580706100202755968690569288153474983900084866826217970512347978,2026-09-02T13:25:00+00:00,2026-09-02T13:30:00+00:00,2.02,0.98,0.99,0.985,0.01,1781.7,538.25,99
2026-09-02T13:27:59.894970+00:00,btc-updown-5m-1788355800,5,4059616,83144020716677374937124812915222086565169015856948301567919061847651870560841,2026-09-02T13:30:00+00:00,2026-09-02T13:35:00+00:00,7.02,0.51,0.52,0.515,0.01,36.0,747.78,99
2026-09-02T13:27:59.894970+00:00,btc-updown-15m-1788355800,15,4059625,93742987225018117096060403184871620530543886522638415575151555659331856319814,2026-09-02T13:30:00+00:00,2026-09-02T13:45:00+00:00,17.02,0.49,0.5,0.495,0.01,449.26,1310.34,97
2026-09-02T13:29:00.773879+00:00,btc-updown-5m-1788355800,5,4059616,83144020716677374937124812915222086565169015856948301567919061847651870560841,2026-09-02T13:30:00+00:00,2026-09-02T13:35:00+00:00,6.0,0.51,0.52,0.515,0.01,498.0,624.43,99
2026-09-02T13:29:00.773879+00:00,btc-updown-15m-1788355800,15,4059625,93742987225018117096060403184871620530543886522638415575151555659331856319814,2026-09-02T13:30:00+00:00,2026-09-02T13:45:00+00:00,16.0,0.49,0.5,0.495,0.01,10.0,702.87,91
2026-09-02T13:30:01.504839+00:00,btc-updown-5m-1788355800,5,4059616,83144020716677374937124812915222086565169015856948301567919061847651870560841,2026-09-02T13:30:00+00:00,2026-09-02T13:35:00+00:00,4.98,0.41,0.42,0.415,0.01,29.52,15.0,97
2026-09-02T13:30:01.504839+00:00,btc-updown-5m-1788356100,5,4059683,36957965177270312357619469817874234723321116461134975404908593798847582311529,2026-09-02T13:35:00+00:00,2026-09-02T13:40:00+00:00,9.98,0.49,0.5,0.495,0.01,378.02,775.73,99
2026-09-02T13:30:01.504839+00:00,btc-updown-15m-1788355800,15,4059625,93742987225018117096060403184871620530543886522638415575151555659331856319814,2026-09-02T13:30:00+00:00,2026-09-02T13:45:00+00:00,14.98,0.39,0.4,0.395,0.01,7.5,150.0,91
2026-09-02T13:30:01.504839+00:00,btc-updown-15m-1788356700,15,4059773,110364671305373902193484725603894344483901234179691755231365214359873837874528,2026-09-02T13:45:00+00:00,2026-09-02T14:00:00+00:00,29.98,0.49,0.5,0.495,0.01,219.08,763.75,97
2026-09-02T13:31:02.534072+00:00,btc-updown-5m-1788355800,5,4059616,83144020716677374937124812915222086565169015856948301567919061847651870560841,2026-09-02T13:30:00+00:00,2026-09-02T13:35:00+00:00,3.97,0.23,0.24,0.235,0.01,78.0,316.25,99
2026-09-02T13:31:02.534072+00:00,btc-updown-5m-1788356100,5,4059683,36957965177270312357619469817874234723321116461134975404908593798847582311529,2026-09-02T13:35:00+00:00,2026-09-02T13:40:00+00:00,8.97,0.49,0.5,0.495,0.01,571.0,921.73,99
2026-09-02T13:31:02.534072+00:00,btc-updown-15m-1788355800,15,4059625,93742987225018117096060403184871620530543886522638415575151555659331856319814,2026-09-02T13:30:00+00:00,2026-09-02T13:45:00+00:00,13.97,0.37,0.38,0.375,0.01,16.0,453.87,98
2026-09-02T13:31:02.534072+00:00,btc-updown-15m-1788356700,15,4059773,110364671305373902193484725603894344483901234179691755231365214359873837874528,2026-09-02T13:45:00+00:00,2026-09-02T14:00:00+00:00,28.97,0.49,0.5,0.495,0.01,432.08,643.75,97
2026-09-02T13:32:03.484133+00:00,btc-updown-5m-1788355800,5,4059616,83144020716677374937124812915222086565169015856948301567919061847651870560841,2026-09-02T13:30:00+00:00,2026-09-02T13:35:00+00:00,2.95,0.03,0.04,0.035,0.01,6.51,622.9,99
2026-09-02T13:32:03.484133+00:00,btc-updown-5m-1788356100,5,4059683,36957965177270312357619469817874234723321116461134975404908593798847582311529,2026-09-02T13:35:00+00:00,2026-09-02T13:40:00+00:00,7.95,0.49,0.5,0.495,0.01,690.12,886.39,99
2026-09-02T13:32:03.484133+00:00,btc-updown-15m-1788355800,15,4059625,93742987225018117096060403184871620530543886522638415575151555659331856319814,2026-09-02T13:30:00+00:00,2026-09-02T13:45:00+00:00,12.95,0.2,0.21,0.205,0.01,261.1,63.0,99
2026-09-02T13:32:03.484133+00:00,btc-updown-15m-1788356700,15,4059773,110364671305373902193484725603894344483901234179691755231365214359873837874528,2026-09-02T13:45:00+00:00,2026-09-02T14:00:00+00:00,27.95,0.49,0.5,0.495,0.01,704.33,716.0,97
2026-09-02T13:33:04.464497+00:00,btc-updown-5m-1788356100,5,4059683,36957965177270312357619469817874234723321116461134975404908593798847582311529,2026-09-02T13:35:00+00:00,2026-09-02T13:40:00+00:00,6.93,0.49,0.5,0.495,0.01,341.12,75.11,99
2026-09-02T13:33:04.464497+00:00,btc-updown-15m-1788355800,15,4059625,93742987225018117096060403184871620530543886522638415575151555659331856319814,2026-09-02T13:30:00+00:00,2026-09-02T13:45:00+00:00,11.93,0.19,0.2,0.195,0.01,7.0,134.0,99
2026-09-02T13:33:04.464497+00:00,btc-updown-15m-1788356700,15,4059773,110364671305373902193484725603894344483901234179691755231365214359873837874528,2026-09-02T13:45:00+00:00,2026-09-02T14:00:00+00:00,26.93,0.49,0.5,0.495,0.01,604.33,516.0,97
2026-09-02T13:34:05.408721+00:00,btc-updown-5m-1788356100,5,4059683,36957965177270312357619469817874234723321116461134975404908593798847582311529,2026-09-02T13:35:00+00:00,2026-09-02T13:40:00+00:00,5.92,0.49,0.51,0.5,0.02,101.0,124.0,98
2026-09-02T13:34:05.408721+00:00,btc-updown-15m-1788355800,15,4059625,93742987225018117096060403184871620530543886522638415575151555659331856319814,2026-09-02T13:30:00+00:00,2026-09-02T13:45:00+00:00,10.92,0.25,0.26,0.255,0.01,56.24,5.0,99
2026-09-02T13:34:05.408721+00:00,btc-updown-15m-1788356700,15,4059773,110364671305373902193484725603894344483901234179691755231365214359873837874528,2026-09-02T13:45:00+00:00,2026-09-02T14:00:00+00:00,25.92,0.49,0.5,0.495,0.01,432.08,616.0,97
2026-09-02T13:35:06.251398+00:00,btc-updown-5m-1788356100,5,4059683,36957965177270312357619469817874234723321116461134975404908593798847582311529,2026-09-02T13:35:00+00:00,2026-09-02T13:40:00+00:00,4.9,0.4,0.41,0.405,0.01,165.06,177.56,99
2026-09-02T13:35:06.251398+00:00,btc-updown-5m-1788356400,5,4059696,62492437833103262450312083818292812575828789818054075426196924435842779205472,2026-09-02T13:40:00+00:00,2026-09-02T13:45:00+00:00,9.9,0.49,0.5,0.495,0.01,284.14,340.0,99
2026-09-02T13:35:06.251398+00:00,btc-updown-15m-1788355800,15,4059625,93742987225018117096060403184871620530543886522638415575151555659331856319814,2026-09-02T13:30:00+00:00,2026-09-02T13:45:00+00:00,9.9,0.19,0.2,0.195,0.01,55.0,200.0,99
2026-09-02T13:35:06.251398+00:00,btc-updown-15m-1788356700,15,4059773,110364671305373902193484725603894344483901234179691755231365214359873837874528,2026-09-02T13:45:00+00:00,2026-09-02T14:00:00+00:00,24.9,0.49,0.5,0.495,0.01,514.33,616.0,97
2026-09-02T13:36:07.184875+00:00,btc-updown-5m-1788356100,5,4059683,36957965177270312357619469817874234723321116461134975404908593798847582311529,2026-09-02T13:35:00+00:00,2026-09-02T13:40:00+00:00,3.88,0.27,0.28,0.275,0.01,113.0,233.0,99
2026-09-02T13:36:07.184875+00:00,btc-updown-5m-1788356400,5,4059696,62492437833103262450312083818292812575828789818054075426196924435842779205472,2026-09-02T13:40:00+00:00,2026-09-02T13:45:00+00:00,8.88,0.49,0.5,0.495,0.01,697.45,341.0,99
2026-09-02T13:36:07.184875+00:00,btc-updown-15m-1788355800,15,4059625,93742987225018117096060403184871620530543886522638415575151555659331856319814,2026-09-02T13:30:00+00:00,2026-09-02T13:45:00+00:00,8.88,0.12,0.13,0.125,0.01,105.0,10.0,99
2026-09-02T13:36:07.184875+00:00,btc-updown-15m-1788356700,15,4059773,110364671305373902193484725603894344483901234179691755231365214359873837874528,2026-09-02T13:45:00+00:00,2026-09-02T14:00:00+00:00,23.88,0.49,0.5,0.495,0.01,734.33,514.0,97
2026-09-02T13:37:08.106118+00:00,btc-updown-5m-1788356100,5,4059683,36957965177270312357619469817874234723321116461134975404908593798847582311529,2026-09-02T13:35:00+00:00,2026-09-02T13:40:00+00:00,2.87,0.13,0.14,0.135,0.01,79.43,418.35,99
2026-09-02T13:37:08.106118+00:00,btc-updown-5m-1788356400,5,4059696,62492437833103262450312083818292812575828789818054075426196924435842779205472,2026-09-02T13:40:00+00:00,2026-09-02T13:45:00+00:00,7.87,0.49,0.5,0.495,0.01,696.09,362.0,99
2026-09-02T13:37:08.106118+00:00,btc-updown-15m-1788355800,15,4059625,93742987225018117096060403184871620530543886522638415575151555659331856319814,2026-09-02T13:30:00+00:00,2026-09-02T13:45:00+00:00,7.87,0.08,0.09,0.085,0.01,108.74,1772.0,99
2026-09-02T13:37:08.106118+00:00,btc-updown-15m-1788356700,15,4059773,110364671305373902193484725603894344483901234179691755231365214359873837874528,2026-09-02T13:45:00+00:00,2026-09-02T14:00:00+00:00,22.87,0.49,0.5,0.495,0.01,726.48,514.0,97
2026-09-02T13:38:09.057979+00:00,btc-updown-5m-1788356400,5,4059696,62492437833103262450312083818292812575828789818054075426196924435842779205472,2026-09-02T13:40:00+00:00,2026-09-02T13:45:00+00:00,6.85,0.49,0.5,0.495,0.01,1166.09,356.0,99
2026-09-02T13:38:09.057979+00:00,btc-updown-15m-1788355800,15,4059625,93742987225018117096060403184871620530543886522638415575151555659331856319814,2026-09-02T13:30:00+00:00,2026-09-02T13:45:00+00:00,6.85,0.02,0.03,0.025,0.01,96.93,172.83,99
2026-09-02T13:38:09.057979+00:00,btc-updown-15m-1788356700,15,4059773,110364671305373902193484725603894344483901234179691755231365214359873837874528,2026-09-02T13:45:00+00:00,2026-09-02T14:00:00+00:00,21.85,0.49,0.5,0.495,0.01,856.38,514.0,97
2026-09-02T13:39:09.905135+00:00,btc-updown-5m-1788356400,5,4059696,62492437833103262450312083818292812575828789818054075426196924435842779205472,2026-09-02T13:40:00+00:00,2026-09-02T13:45:00+00:00,5.85,0.51,0.53,0.52,0.02,165.0,81.0,98
2026-09-02T13:39:09.905135+00:00,btc-updown-15m-1788355800,15,4059625,93742987225018117096060403184871620530543886522638415575151555659331856319814,2026-09-02T13:30:00+00:00,2026-09-02T13:45:00+00:00,5.85,0.02,0.03,0.025,0.01,506.45,249.0,99
2026-09-02T13:39:09.905135+00:00,btc-updown-15m-1788356700,15,4059773,110364671305373902193484725603894344483901234179691755231365214359873837874528,2026-09-02T13:45:00+00:00,2026-09-02T14:00:00+00:00,20.85,0.49,0.5,0.495,0.01,756.38,514.0,97
2026-09-02T13:40:10.744181+00:00,btc-updown-5m-1788356400,5,4059696,62492437833103262450312083818292812575828789818054075426196924435842779205472,2026-09-02T13:40:00+00:00,2026-09-02T13:45:00+00:00,4.83,0.75,0.76,0.755,0.01,557.65,113.37,99
2026-09-02T13:40:10.744181+00:00,btc-updown-5m-1788356700,5,4059770,110593946166680038126739353600223730237361404353699652522745760830445205129337,2026-09-02T13:45:00+00:00,2026-09-02T13:50:00+00:00,9.83,0.5,0.51,0.505,0.01,779.88,703.41,99
2026-09-02T13:40:10.744181+00:00,btc-updown-15m-1788355800,15,4059625,93742987225018117096060403184871620530543886522638415575151555659331856319814,2026-09-02T13:30:00+00:00,2026-09-02T13:45:00+00:00,4.83,0.06,0.07,0.065,0.01,4.96,887.4,118
2026-09-02T13:40:10.744181+00:00,btc-updown-15m-1788356700,15,4059773,110364671305373902193484725603894344483901234179691755231365214359873837874528,2026-09-02T13:45:00+00:00,2026-09-02T14:00:00+00:00,19.83,0.49,0.5,0.495,0.01,583.63,882.0,97
2026-09-02T13:41:11.687128+00:00,btc-updown-5m-1788356400,5,4059696,62492437833103262450312083818292812575828789818054075426196924435842779205472,2026-09-02T13:40:00+00:00,2026-09-02T13:45:00+00:00,3.82,0.91,0.92,0.915,0.01,218.0,158.83,99
2026-09-02T13:41:11.687128+00:00,btc-updown-5m-1788356700,5,4059770,110593946166680038126739353600223730237361404353699652522745760830445205129337,2026-09-02T13:45:00+00:00,2026-09-02T13:50:00+00:00,8.82,0.5,0.51,0.505,0.01,792.88,879.55,99
2026-09-02T13:41:11.687128+00:00,btc-updown-15m-1788355800,15,4059625,93742987225018117096060403184871620530543886522638415575151555659331856319814,2026-09-02T13:30:00+00:00,2026-09-02T13:45:00+00:00,3.82,0.11,0.12,0.115,0.01,105.0,100.0,123
2026-09-02T13:41:11.687128+00:00,btc-updown-15m-1788356700,15,4059773,110364671305373902193484725603894344483901234179691755231365214359873837874528,2026-09-02T13:45:00+00:00,2026-09-02T14:00:00+00:00,18.82,0.49,0.5,0.495,0.01,521.38,1139.75,97
2026-09-02T13:42:12.628141+00:00,btc-updown-5m-1788356700,5,4059770,110593946166680038126739353600223730237361404353699652522745760830445205129337,2026-09-02T13:45:00+00:00,2026-09-02T13:50:00+00:00,7.8,0.5,0.51,0.505,0.01,795.88,1131.61,99
2026-09-02T13:42:12.628141+00:00,btc-updown-15m-1788355800,15,4059625,93742987225018117096060403184871620530543886522638415575151555659331856319814,2026-09-02T13:30:00+00:00,2026-09-02T13:45:00+00:00,2.8,0.69,0.7,0.695,0.01,55.0,37.88,130
2026-09-02T13:42:12.628141+00:00,btc-updown-15m-1788356700,15,4059773,110364671305373902193484725603894344483901234179691755231365214359873837874528,2026-09-02T13:45:00+00:00,2026-09-02T14:00:00+00:00,17.8,0.49,0.5,0.495,0.01,526.38,1919.55,97
2026-09-02T13:43:13.462582+00:00,btc-updown-5m-1788356700,5,4059770,110593946166680038126739353600223730237361404353699652522745760830445205129337,2026-09-02T13:45:00+00:00,2026-09-02T13:50:00+00:00,6.78,0.49,0.5,0.495,0.01,210.0,1128.62,99
2026-09-02T13:43:13.462582+00:00,btc-updown-15m-1788355800,15,4059625,93742987225018117096060403184871620530543886522638415575151555659331856319814,2026-09-02T13:30:00+00:00,2026-09-02T13:45:00+00:00,1.78,0.982,0.983,0.9825,0.001,50.0,4478.14,114
2026-09-02T13:43:13.462582+00:00,btc-updown-15m-1788356700,15,4059773,110364671305373902193484725603894344483901234179691755231365214359873837874528,2026-09-02T13:45:00+00:00,2026-09-02T14:00:00+00:00,16.78,0.47,0.48,0.475,0.01,507.77,1048.59,97
2026-09-02T13:44:14.303811+00:00,btc-updown-5m-1788356700,5,4059770,110593946166680038126739353600223730237361404353699652522745760830445205129337,2026-09-02T13:45:00+00:00,2026-09-02T13:50:00+00:00,5.77,0.48,0.49,0.485,0.01,70.0,152.86,98
2026-09-02T13:44:14.303811+00:00,btc-updown-15m-1788356700,15,4059773,110364671305373902193484725603894344483901234179691755231365214359873837874528,2026-09-02T13:45:00+00:00,2026-09-02T14:00:00+00:00,15.77,0.47,0.48,0.475,0.01,4.26,577.73,93
2026-09-02T13:45:15.055686+00:00,btc-updown-5m-1788356700,5,4059770,110593946166680038126739353600223730237361404353699652522745760830445205129337,2026-09-02T13:45:00+00:00,2026-09-02T13:50:00+00:00,4.75,0.56,0.58,0.57,0.02,122.02,136.0,98
2026-09-02T13:45:15.055686+00:00,btc-updown-5m-1788357000,5,4059799,4135981783649932321801045690136940193997304049404762214504073540035281660154,2026-09-02T13:50:00+00:00,2026-09-02T13:55:00+00:00,9.75,0.49,0.5,0.495,0.01,225.99,891.46,99
2026-09-02T13:45:15.055686+00:00,btc-updown-15m-1788356700,15,4059773,110364671305373902193484725603894344483901234179691755231365214359873837874528,2026-09-02T13:45:00+00:00,2026-09-02T14:00:00+00:00,14.75,0.51,0.52,0.515,0.01,75.98,367.4,98
2026-09-02T13:45:15.055686+00:00,btc-updown-15m-1788357600,15,4059868,39505393027567741090437322072375056684578311915061811693218908219941841307925,2026-09-02T14:00:00+00:00,2026-09-02T14:15:00+00:00,29.75,0.49,0.5,0.495,0.01,272.08,466.26,95
2026-09-02T13:46:16.052063+00:00,btc-updown-5m-1788356700,5,4059770,110593946166680038126739353600223730237361404353699652522745760830445205129337,2026-09-02T13:45:00+00:00,2026-09-02T13:50:00+00:00,3.73,0.55,0.56,0.555,0.01,144.0,211.6,99
2026-09-02T13:46:16.052063+00:00,btc-updown-5m-1788357000,5,4059799,4135981783649932321801045690136940193997304049404762214504073540035281660154,2026-09-02T13:50:00+00:00,2026-09-02T13:55:00+00:00,8.73,0.49,0.5,0.495,0.01,246.38,1862.46,99
2026-09-02T13:46:16.052063+00:00,btc-updown-15m-1788356700,15,4059773,110364671305373902193484725603894344483901234179691755231365214359873837874528,2026-09-02T13:45:00+00:00,2026-09-02T14:00:00+00:00,13.73,0.5,0.51,0.505,0.01,11.28,255.0,99
2026-09-02T13:46:16.052063+00:00,btc-updown-15m-1788357600,15,4059868,39505393027567741090437322072375056684578311915061811693218908219941841307925,2026-09-02T14:00:00+00:00,2026-09-02T14:15:00+00:00,28.73,0.49,0.5,0.495,0.01,22.34,1474.26,95
2026-09-02T13:47:17.027370+00:00,btc-updown-5m-1788356700,5,4059770,110593946166680038126739353600223730237361404353699652522745760830445205129337,2026-09-02T13:45:00+00:00,2026-09-02T13:50:00+00:00,2.72,0.23,0.24,0.235,0.01,57.0,151.33,99
2026-09-02T13:47:17.027370+00:00,btc-updown-5m-1788357000,5,4059799,4135981783649932321801045690136940193997304049404762214504073540035281660154,2026-09-02T13:50:00+00:00,2026-09-02T13:55:00+00:00,7.72,0.49,0.5,0.495,0.01,231.54,933.46,99
2026-09-02T13:47:17.027370+00:00,btc-updown-15m-1788356700,15,4059773,110364671305373902193484725603894344483901234179691755231365214359873837874528,2026-09-02T13:45:00+00:00,2026-09-02T14:00:00+00:00,12.72,0.37,0.38,0.375,0.01,63.41,205.0,99
2026-09-02T13:47:17.027370+00:00,btc-updown-15m-1788357600,15,4059868,39505393027567741090437322072375056684578311915061811693218908219941841307925,2026-09-02T14:00:00+00:00,2026-09-02T14:15:00+00:00,27.72,0.49,0.5,0.495,0.01,226.42,632.26,95
2026-09-02T13:48:17.967564+00:00,btc-updown-5m-1788356700,5,4059770,110593946166680038126739353600223730237361404353699652522745760830445205129337,2026-09-02T13:45:00+00:00,2026-09-02T13:50:00+00:00,1.72,0.04,0.05,0.045,0.01,793.57,160.0,99
2026-09-02T13:48:17.967564+00:00,btc-updown-5m-1788357000,5,4059799,4135981783649932321801045690136940193997304049404762214504073540035281660154,2026-09-02T13:50:00+00:00,2026-09-02T13:55:00+00:00,6.72,0.49,0.5,0.495,0.01,231.54,437.46,99
2026-09-02T13:48:17.967564+00:00,btc-updown-15m-1788356700,15,4059773,110364671305373902193484725603894344483901234179691755231365214359873837874528,2026-09-02T13:45:00+00:00,2026-09-02T14:00:00+00:00,11.72,0.29,0.3,0.295,0.01,10.0,275.0,99
2026-09-02T13:48:17.967564+00:00,btc-updown-15m-1788357600,15,4059868,39505393027567741090437322072375056684578311915061811693218908219941841307925,2026-09-02T14:00:00+00:00,2026-09-02T14:15:00+00:00,26.72,0.49,0.5,0.495,0.01,122.34,632.26,95
2026-09-02T13:49:18.963632+00:00,btc-updown-5m-1788357000,5,4059799,4135981783649932321801045690136940193997304049404762214504073540035281660154,2026-09-02T13:50:00+00:00,2026-09-02T13:55:00+00:00,5.7,0.49,0.5,0.495,0.01,8.0,384.46,99
2026-09-02T13:49:18.963632+00:00,btc-updown-15m-1788356700,15,4059773,110364671305373902193484725603894344483901234179691755231365214359873837874528,2026-09-02T13:45:00+00:00,2026-09-02T14:00:00+00:00,10.7,0.22,0.23,0.225,0.01,55.0,171.0,99
2026-09-02T13:49:18.963632+00:00,btc-updown-15m-1788357600,15,4059868,39505393027567741090437322072375056684578311915061811693218908219941841307925,2026-09-02T14:00:00+00:00,2026-09-02T14:15:00+00:00,25.7,0.49,0.5,0.495,0.01,22.34,632.26,95
2026-09-02T13:50:19.871459+00:00,btc-updown-5m-1788357000,5,4059799,4135981783649932321801045690136940193997304049404762214504073540035281660154,2026-09-02T13:50:00+00:00,2026-09-02T13:55:00+00:00,4.68,0.46,0.47,0.465,0.01,499.01,85.0,99
2026-09-02T13:50:19.871459+00:00,btc-updown-5m-1788357300,5,4059852,15318197590982527049750754035741004149353943170280449217957151439935747610207,2026-09-02T13:55:00+00:00,2026-09-02T14:00:00+00:00,9.68,0.5,0.51,0.505,0.01,873.21,780.42,99
2026-09-02T13:50:19.871459+00:00,btc-updown-15m-1788356700,15,4059773,110364671305373902193484725603894344483901234179691755231365214359873837874528,2026-09-02T13:45:00+00:00,2026-09-02T14:00:00+00:00,9.68,0.16,0.17,0.165,0.01,203.0,5.5,99
2026-09-02T13:50:19.871459+00:00,btc-updown-15m-1788357600,15,4059868,39505393027567741090437322072375056684578311915061811693218908219941841307925,2026-09-02T14:00:00+00:00,2026-09-02T14:15:00+00:00,24.68,0.49,0.5,0.495,0.01,456.42,660.26,95
2026-09-02T13:51:20.801875+00:00,btc-updown-5m-1788357000,5,4059799,4135981783649932321801045690136940193997304049404762214504073540035281660154,2026-09-02T13:50:00+00:00,2026-09-02T13:55:00+00:00,3.67,0.48,0.49,0.485,0.01,203.15,221.0,99
2026-09-02T13:51:20.801875+00:00,btc-updown-5m-1788357300,5,4059852,15318197590982527049750754035741004149353943170280449217957151439935747610207,2026-09-02T13:55:00+00:00,2026-09-02T14:00:00+00:00,8.67,0.5,0.51,0.505,0.01,893.21,2401.23,99
2026-09-02T13:51:20.801875+00:00,btc-updown-15m-1788356700,15,4059773,110364671305373902193484725603894344483901234179691755231365214359873837874528,2026-09-02T13:45:00+00:00,2026-09-02T14:00:00+00:00,8.67,0.17,0.18,0.175,0.01,55.0,181.94,99
2026-09-02T13:51:20.801875+00:00,btc-updown-15m-1788357600,15,4059868,39505393027567741090437322072375056684578311915061811693218908219941841307925,2026-09-02T14:00:00+00:00,2026-09-02T14:15:00+00:00,23.67,0.49,0.5,0.495,0.01,310.08,660.26,95
2026-09-02T13:52:21.799514+00:00,btc-updown-5m-1788357000,5,4059799,4135981783649932321801045690136940193997304049404762214504073540035281660154,2026-09-02T13:50:00+00:00,2026-09-02T13:55:00+00:00,2.65,0.77,0.79,0.78,0.02,60.0,559.72,98
2026-09-02T13:52:21.799514+00:00,btc-updown-5m-1788357300,5,4059852,15318197590982527049750754035741004149353943170280449217957151439935747610207,2026-09-02T13:55:00+00:00,2026-09-02T14:00:00+00:00,7.65,0.5,0.51,0.505,0.01,873.21,2041.23,99
2026-09-02T13:52:21.799514+00:00,btc-updown-15m-1788356700,15,4059773,110364671305373902193484725603894344483901234179691755231365214359873837874528,2026-09-02T13:45:00+00:00,2026-09-02T14:00:00+00:00,7.65,0.29,0.3,0.295,0.01,241.0,5.26,99
2026-09-02T13:52:21.799514+00:00,btc-updown-15m-1788357600,15,4059868,39505393027567741090437322072375056684578311915061811693218908219941841307925,2026-09-02T14:00:00+00:00,2026-09-02T14:15:00+00:00,22.65,0.49,0.5,0.495,0.01,234.08,783.26,95
2026-09-02T13:53:22.828043+00:00,btc-updown-5m-1788357000,5,4059799,4135981783649932321801045690136940193997304049404762214504073540035281660154,2026-09-02T13:50:00+00:00,2026-09-02T13:55:00+00:00,1.63,0.96,0.97,0.965,0.01,296.39,738.24,99
2026-09-02T13:53:22.828043+00:00,btc-updown-5m-1788357300,5,4059852,15318197590982527049750754035741004149353943170280449217957151439935747610207,2026-09-02T13:55:00+00:00,2026-09-02T14:00:00+00:00,6.63,0.5,0.51,0.505,0.01,118.0,1099.51,99
2026-09-02T13:53:22.828043+00:00,btc-updown-15m-1788356700,15,4059773,110364671305373902193484725603894344483901234179691755231365214359873837874528,2026-09-02T13:45:00+00:00,2026-09-02T14:00:00+00:00,6.63,0.32,0.33,0.325,0.01,133.0,100.0,99
2026-09-02T13:53:22.828043+00:00,btc-updown-15m-1788357600,15,4059868,39505393027567741090437322072375056684578311915061811693218908219941841307925,2026-09-02T14:00:00+00:00,2026-09-02T14:15:00+00:00,21.63,0.47,0.48,0.475,0.01,247.77,543.0,95
2026-09-02T13:54:23.796256+00:00,btc-updown-5m-1788357000,5,4059799,4135981783649932321801045690136940193997304049404762214504073540035281660154,2026-09-02T13:50:00+00:00,2026-09-02T13:55:00+00:00,0.62,0.94,0.95,0.945,0.01,40.0,366.61,99
2026-09-02T13:54:23.796256+00:00,btc-updown-5m-1788357300,5,4059852,15318197590982527049750754035741004149353943170280449217957151439935747610207,2026-09-02T13:55:00+00:00,2026-09-02T14:00:00+00:00,5.62,0.49,0.5,0.495,0.01,100.71,321.0,99
2026-09-02T13:54:23.796256+00:00,btc-updown-15m-1788356700,15,4059773,110364671305373902193484725603894344483901234179691755231365214359873837874528,2026-09-02T13:45:00+00:00,2026-09-02T14:00:00+00:00,5.62,0.11,0.12,0.115,0.01,135.0,120.0,99
2026-09-02T13:54:23.796256+00:00,btc-updown-15m-1788357600,15,4059868,39505393027567741090437322072375056684578311915061811693218908219941841307925,2026-09-02T14:00:00+00:00,2026-09-02T14:15:00+00:00,20.62,0.47,0.48,0.475,0.01,423.77,420.0,95
2026-09-02T13:55:24.988342+00:00,btc-updown-5m-1788357300,5,4059852,15318197590982527049750754035741004149353943170280449217957151439935747610207,2026-09-02T13:55:00+00:00,2026-09-02T14:00:00+00:00,4.6,0.25,0.26,0.255,0.01,136.64,148.0,99
2026-09-02T13:55:24.988342+00:00,btc-updown-5m-1788357600,5,4059863,95447323957888101467640249941046800597676103156027469257267444650796918631259,2026-09-02T14:00:00+00:00,2026-09-02T14:05:00+00:00,9.6,0.48,0.49,0.485,0.01,201.23,145.48,99
2026-09-02T13:55:24.988342+00:00,btc-updown-15m-1788356700,15,4059773,110364671305373902193484725603894344483901234179691755231365214359873837874528,2026-09-02T13:45:00+00:00,2026-09-02T14:00:00+00:00,4.6,0.03,0.04,0.035,0.01,216.92,304.0,99
2026-09-02T13:55:24.988342+00:00,btc-updown-15m-1788357600,15,4059868,39505393027567741090437322072375056684578311915061811693218908219941841307925,2026-09-02T14:00:00+00:00,2026-09-02T14:15:00+00:00,19.6,0.47,0.48,0.475,0.01,860.69,300.0,95
2026-09-02T13:56:25.999998+00:00,btc-updown-5m-1788357300,5,4059852,15318197590982527049750754035741004149353943170280449217957151439935747610207,2026-09-02T13:55:00+00:00,2026-09-02T14:00:00+00:00,3.58,0.27,0.28,0.275,0.01,149.3,156.0,99
2026-09-02T13:56:25.999998+00:00,btc-updown-5m-1788357600,5,4059863,95447323957888101467640249941046800597676103156027469257267444650796918631259,2026-09-02T14:00:00+00:00,2026-09-02T14:05:00+00:00,8.58,0.48,0.49,0.485,0.01,212.02,145.48,99
2026-09-02T13:56:25.999998+00:00,btc-updown-15m-1788356700,15,4059773,110364671305373902193484725603894344483901234179691755231365214359873837874528,2026-09-02T13:45:00+00:00,2026-09-02T14:00:00+00:00,3.58,0.01,0.02,0.015,0.01,9060.04,25.0,99
2026-09-02T13:56:25.999998+00:00,btc-updown-15m-1788357600,15,4059868,39505393027567741090437322072375056684578311915061811693218908219941841307925,2026-09-02T14:00:00+00:00,2026-09-02T14:15:00+00:00,18.58,0.47,0.48,0.475,0.01,860.69,181.39,95
2026-09-02T13:57:26.979825+00:00,btc-updown-5m-1788357300,5,4059852,15318197590982527049750754035741004149353943170280449217957151439935747610207,2026-09-02T13:55:00+00:00,2026-09-02T14:00:00+00:00,2.57,0.24,0.25,0.245,0.01,94.67,96.19,99
2026-09-02T13:57:26.979825+00:00,btc-updown-5m-1788357600,5,4059863,95447323957888101467640249941046800597676103156027469257267444650796918631259,2026-09-02T14:00:00+00:00,2026-09-02T14:05:00+00:00,7.57,0.48,0.49,0.485,0.01,100.39,10.0,99
2026-09-02T13:57:26.979825+00:00,btc-updown-15m-1788356700,15,4059773,110364671305373902193484725603894344483901234179691755231365214359873837874528,2026-09-02T13:45:00+00:00,2026-09-02T14:00:00+00:00,2.57,0.02,0.03,0.025,0.01,1018.58,230.66,99
2026-09-02T13:57:26.979825+00:00,btc-updown-15m-1788357600,15,4059868,39505393027567741090437322072375056684578311915061811693218908219941841307925,2026-09-02T14:00:00+00:00,2026-09-02T14:15:00+00:00,17.57,0.47,0.48,0.475,0.01,358.8,127.22,95
2026-09-02T13:58:27.907874+00:00,btc-updown-5m-1788357300,5,4059852,15318197590982527049750754035741004149353943170280449217957151439935747610207,2026-09-02T13:55:00+00:00,2026-09-02T14:00:00+00:00,1.55,0.02,0.03,0.025,0.01,1024.12,53.0,99
2026-09-02T13:58:27.907874+00:00,btc-updown-5m-1788357600,5,4059863,95447323957888101467640249941046800597676103156027469257267444650796918631259,2026-09-02T14:00:00+00:00,2026-09-02T14:05:00+00:00,6.55,0.49,0.5,0.495,0.01,389.29,96.0,99
2026-09-02T13:58:27.907874+00:00,btc-updown-15m-1788356700,15,4059773,110364671305373902193484725603894344483901234179691755231365214359873837874528,2026-09-02T13:45:00+00:00,2026-09-02T14:00:00+00:00,1.55,0.002,0.009,0.0055,0.007,8.17,87.41,111
2026-09-02T13:58:27.907874+00:00,btc-updown-15m-1788357600,15,4059868,39505393027567741090437322072375056684578311915061811693218908219941841307925,2026-09-02T14:00:00+00:00,2026-09-02T14:15:00+00:00,16.55,0.47,0.48,0.475,0.01,841.24,72.0,95
2026-09-02T13:59:28.856728+00:00,btc-updown-5m-1788357600,5,4059863,95447323957888101467640249941046800597676103156027469257267444650796918631259,2026-09-02T14:00:00+00:00,2026-09-02T14:05:00+00:00,5.53,0.53,0.54,0.535,0.01,60.0,48.74,99
2026-09-02T13:59:28.856728+00:00,btc-updown-15m-1788357600,15,4059868,39505393027567741090437322072375056684578311915061811693218908219941841307925,2026-09-02T14:00:00+00:00,2026-09-02T14:15:00+00:00,15.53,0.48,0.49,0.485,0.01,30.0,6.6,91
2026-09-02T14:00:29.629923+00:00,btc-updown-5m-1788357600,5,4059863,95447323957888101467640249941046800597676103156027469257267444650796918631259,2026-09-02T14:00:00+00:00,2026-09-02T14:05:00+00:00,4.52,0.52,0.53,0.525,0.01,20.0,821.0,99
2026-09-02T14:00:29.629923+00:00,btc-updown-5m-1788357900,5,4059878,9954719893758484573032699570840296291940895654782190567217962759987519846650,2026-09-02T14:05:00+00:00,2026-09-02T14:10:00+00:00,9.52,0.49,0.5,0.495,0.01,397.39,1585.98,99
2026-09-02T14:00:29.629923+00:00,btc-updown-15m-1788357600,15,4059868,39505393027567741090437322072375056684578311915061811693218908219941841307925,2026-09-02T14:00:00+00:00,2026-09-02T14:15:00+00:00,14.52,0.48,0.49,0.485,0.01,142.98,150.0,99
2026-09-02T14:00:29.629923+00:00,btc-updown-15m-1788358500,15,4060018,64874041992319994884822631624856806194766055727439878403426011404209956541194,2026-09-02T14:15:00+00:00,2026-09-02T14:30:00+00:00,29.52,0.5,0.51,0.505,0.01,57.28,826.77,99
2026-09-02T14:01:30.644632+00:00,btc-updown-5m-1788357600,5,4059863,95447323957888101467640249941046800597676103156027469257267444650796918631259,2026-09-02T14:00:00+00:00,2026-09-02T14:05:00+00:00,3.5,0.62,0.63,0.625,0.01,185.97,589.0,99
2026-09-02T14:01:30.644632+00:00,btc-updown-5m-1788357900,5,4059878,9954719893758484573032699570840296291940895654782190567217962759987519846650,2026-09-02T14:05:00+00:00,2026-09-02T14:10:00+00:00,8.5,0.49,0.5,0.495,0.01,328.12,1252.98,99
2026-09-02T14:01:30.644632+00:00,btc-updown-15m-1788357600,15,4059868,39505393027567741090437322072375056684578311915061811693218908219941841307925,2026-09-02T14:00:00+00:00,2026-09-02T14:15:00+00:00,13.5,0.55,0.56,0.555,0.01,155.0,146.0,99
2026-09-02T14:01:30.644632+00:00,btc-updown-15m-1788358500,15,4060018,64874041992319994884822631624856806194766055727439878403426011404209956541194,2026-09-02T14:15:00+00:00,2026-09-02T14:30:00+00:00,28.5,0.5,0.51,0.505,0.01,57.28,926.77,99
2026-09-02T14:02:31.615935+00:00,btc-updown-5m-1788357600,5,4059863,95447323957888101467640249941046800597676103156027469257267444650796918631259,2026-09-02T14:00:00+00:00,2026-09-02T14:05:00+00:00,2.48,0.3,0.31,0.305,0.01,159.39,261.03,99
2026-09-02T14:02:31.615935+00:00,btc-updown-5m-1788357900,5,4059878,9954719893758484573032699570840296291940895654782190567217962759987519846650,2026-09-02T14:05:00+00:00,2026-09-02T14:10:00+00:00,7.48,0.49,0.5,0.495,0.01,305.46,417.98,99
2026-09-02T14:02:31.615935+00:00,btc-updown-15m-1788357600,15,4059868,39505393027567741090437322072375056684578311915061811693218908219941841307925,2026-09-02T14:00:00+00:00,2026-09-02T14:15:00+00:00,12.48,0.41,0.42,0.415,0.01,161.83,43.52,99
2026-09-02T14:02:31.615935+00:00,btc-updown-15m-1788358500,15,4060018,64874041992319994884822631624856806194766055727439878403426011404209956541194,2026-09-02T14:15:00+00:00,2026-09-02T14:30:00+00:00,27.48,0.5,0.51,0.505,0.01,849.28,689.77,99
2026-09-02T14:03:32.585644+00:00,btc-updown-5m-1788357600,5,4059863,95447323957888101467640249941046800597676103156027469257267444650796918631259,2026-09-02T14:00:00+00:00,2026-09-02T14:05:00+00:00,1.47,0.64,0.65,0.645,0.01,21.94,45.0,99
2026-09-02T14:03:32.585644+00:00,btc-updown-5m-1788357900,5,4059878,9954719893758484573032699570840296291940895654782190567217962759987519846650,2026-09-02T14:05:00+00:00,2026-09-02T14:10:00+00:00,6.47,0.49,0.5,0.495,0.01,280.65,407.98,99
2026-09-02T14:03:32.585644+00:00,btc-updown-15m-1788357600,15,4059868,39505393027567741090437322072375056684578311915061811693218908219941841307925,2026-09-02T14:00:00+00:00,2026-09-02T14:15:00+00:00,11.47,0.54,0.55,0.545,0.01,128.67,176.0,99
2026-09-02T14:03:32.585644+00:00,btc-updown-15m-1788358500,15,4060018,64874041992319994884822631624856806194766055727439878403426011404209956541194,2026-09-02T14:15:00+00:00,2026-09-02T14:30:00+00:00,26.47,0.5,0.51,0.505,0.01,49.28,1689.77,99
2026-09-02T14:04:33.546046+00:00,btc-updown-5m-1788357900,5,4059878,9954719893758484573032699570840296291940895654782190567217962759987519846650,2026-09-02T14:05:00+00:00,2026-09-02T14:10:00+00:00,5.45,0.49,0.5,0.495,0.01,31.91,206.0,99
2026-09-02T14:04:33.546046+00:00,btc-updown-15m-1788357600,15,4059868,39505393027567741090437322072375056684578311915061811693218908219941841307925,2026-09-02T14:00:00+00:00,2026-09-02T14:15:00+00:00,10.45,0.38,0.4,0.39,0.02,156.0,10.0,98
2026-09-02T14:04:33.546046+00:00,btc-updown-15m-1788358500,15,4060018,64874041992319994884822631624856806194766055727439878403426011404209956541194,2026-09-02T14:15:00+00:00,2026-09-02T14:30:00+00:00,25.45,0.5,0.51,0.505,0.01,49.28,689.77,99
2026-09-02T14:05:34.423075+00:00,btc-updown-5m-1788357900,5,4059878,9954719893758484573032699570840296291940895654782190567217962759987519846650,2026-09-02T14:05:00+00:00,2026-09-02T14:10:00+00:00,4.43,0.67,0.68,0.675,0.01,26.39,331.71,99
2026-09-02T14:05:34.423075+00:00,btc-updown-5m-1788358200,5,4059944,69392828144286969171957902386393854590348312135431626534344630795397492503416,2026-09-02T14:10:00+00:00,2026-09-02T14:15:00+00:00,9.43,0.49,0.5,0.495,0.01,400.9,1274.0,99
2026-09-02T14:05:34.423075+00:00,btc-updown-15m-1788357600,15,4059868,39505393027567741090437322072375056684578311915061811693218908219941841307925,2026-09-02T14:00:00+00:00,2026-09-02T14:15:00+00:00,9.43,0.48,0.49,0.485,0.01,266.0,5.0,97
2026-09-02T14:05:34.423075+00:00,btc-updown-15m-1788358500,15,4060018,64874041992319994884822631624856806194766055727439878403426011404209956541194,2026-09-02T14:15:00+00:00,2026-09-02T14:30:00+00:00,24.43,0.5,0.51,0.505,0.01,49.28,719.76,99
2026-09-02T14:06:35.453488+00:00,btc-updown-5m-1788357900,5,4059878,9954719893758484573032699570840296291940895654782190567217962759987519846650,2026-09-02T14:05:00+00:00,2026-09-02T14:10:00+00:00,3.42,0.93,0.94,0.935,0.01,414.3,205.93,99
2026-09-02T14:06:35.453488+00:00,btc-updown-5m-1788358200,5,4059944,69392828144286969171957902386393854590348312135431626534344630795397492503416,2026-09-02T14:10:00+00:00,2026-09-02T14:15:00+00:00,8.42,0.49,0.5,0.495,0.01,585.9,1290.0,99
2026-09-02T14:06:35.453488+00:00,btc-updown-15m-1788357600,15,4059868,39505393027567741090437322072375056684578311915061811693218908219941841307925,2026-09-02T14:00:00+00:00,2026-09-02T14:15:00+00:00,8.42,0.75,0.76,0.755,0.01,161.96,25.0,99
2026-09-02T14:06:35.453488+00:00,btc-updown-15m-1788358500,15,4060018,64874041992319994884822631624856806194766055727439878403426011404209956541194,2026-09-02T14:15:00+00:00,2026-09-02T14:30:00+00:00,23.42,0.5,0.51,0.505,0.01,49.28,1919.76,99
2026-09-02T14:07:36.416127+00:00,btc-updown-5m-1788357900,5,4059878,9954719893758484573032699570840296291940895654782190567217962759987519846650,2026-09-02T14:05:00+00:00,2026-09-02T14:10:00+00:00,2.4,0.98,0.99,0.985,0.01,1929.96,3599.23,99
2026-09-02T14:07:36.416127+00:00,btc-updown-5m-1788358200,5,4059944,69392828144286969171957902386393854590348312135431626534344630795397492503416,2026-09-02T14:10:00+00:00,2026-09-02T14:15:00+00:00,7.4,0.49,0.5,0.495,0.01,489.79,1272.0,99
2026-09-02T14:07:36.416127+00:00,btc-updown-15m-1788357600,15,4059868,39505393027567741090437322072375056684578311915061811693218908219941841307925,2026-09-02T14:00:00+00:00,2026-09-02T14:15:00+00:00,7.4,0.89,0.9,0.895,0.01,25.0,222.0,98
2026-09-02T14:07:36.416127+00:00,btc-updown-15m-1788358500,15,4060018,64874041992319994884822631624856806194766055727439878403426011404209956541194,2026-09-02T14:15:00+00:00,2026-09-02T14:30:00+00:00,22.4,0.5,0.51,0.505,0.01,49.28,1919.76,99
2026-09-02T14:08:37.367336+00:00,btc-updown-5m-1788358200,5,4059944,69392828144286969171957902386393854590348312135431626534344630795397492503416,2026-09-02T14:10:00+00:00,2026-09-02T14:15:00+00:00,6.38,0.48,0.49,0.485,0.01,10.0,29.82,99
2026-09-02T14:08:37.367336+00:00,btc-updown-15m-1788357600,15,4059868,39505393027567741090437322072375056684578311915061811693218908219941841307925,2026-09-02T14:00:00+00:00,2026-09-02T14:15:00+00:00,6.38,0.87,0.88,0.875,0.01,91.61,108.84,99
2026-09-02T14:08:37.367336+00:00,btc-updown-15m-1788358500,15,4060018,64874041992319994884822631624856806194766055727439878403426011404209956541194,2026-09-02T14:15:00+00:00,2026-09-02T14:30:00+00:00,21.38,0.49,0.5,0.495,0.01,404.08,1259.99,99
2026-09-02T14:09:38.239743+00:00,btc-updown-5m-1788358200,5,4059944,69392828144286969171957902386393854590348312135431626534344630795397492503416,2026-09-02T14:10:00+00:00,2026-09-02T14:15:00+00:00,5.37,0.44,0.46,0.45,0.02,180.19,25.0,98
2026-09-02T14:09:38.239743+00:00,btc-updown-15m-1788357600,15,4059868,39505393027567741090437322072375056684578311915061811693218908219941841307925,2026-09-02T14:00:00+00:00,2026-09-02T14:15:00+00:00,5.37,0.9,0.91,0.905,0.01,5.0,106.45,99
2026-09-02T14:09:38.239743+00:00,btc-updown-15m-1788358500,15,4060018,64874041992319994884822631624856806194766055727439878403426011404209956541194,2026-09-02T14:15:00+00:00,2026-09-02T14:30:00+00:00,20.37,0.48,0.49,0.485,0.01,497.58,1259.02,99
2026-09-02T14:10:39.108122+00:00,btc-updown-5m-1788358200,5,4059944,69392828144286969171957902386393854590348312135431626534344630795397492503416,2026-09-02T14:10:00+00:00,2026-09-02T14:15:00+00:00,4.35,0.45,0.46,0.455,0.01,143.0,83.0,99
2026-09-02T14:10:39.108122+00:00,btc-updown-5m-1788358500,5,4060031,71187468401938282537279771854483106882465858848513695429321689023235913968207,2026-09-02T14:15:00+00:00,2026-09-02T14:20:00+00:00,9.35,0.49,0.5,0.495,0.01,526.45,2040.33,99
2026-09-02T14:10:39.108122+00:00,btc-updown-15m-1788357600,15,4059868,39505393027567741090437322072375056684578311915061811693218908219941841307925,2026-09-02T14:00:00+00:00,2026-09-02T14:15:00+00:00,4.35,0.9,0.91,0.905,0.01,119.5,15.0,99
2026-09-02T14:10:39.108122+00:00,btc-updown-15m-1788358500,15,4060018,64874041992319994884822631624856806194766055727439878403426011404209956541194,2026-09-02T14:15:00+00:00,2026-09-02T14:30:00+00:00,19.35,0.48,0.49,0.485,0.01,507.58,1066.87,99
2026-09-02T14:11:40.167061+00:00,btc-updown-5m-1788358200,5,4059944,69392828144286969171957902386393854590348312135431626534344630795397492503416,2026-09-02T14:10:00+00:00,2026-09-02T14:15:00+00:00,3.33,0.38,0.39,0.385,0.01,535.83,105.0,99
2026-09-02T14:11:40.167061+00:00,btc-updown-5m-1788358500,5,4060031,71187468401938282537279771854483106882465858848513695429321689023235913968207,2026-09-02T14:15:00+00:00,2026-09-02T14:20:00+00:00,8.33,0.49,0.5,0.495,0.01,496.48,2072.33,99
2026-09-02T14:11:40.167061+00:00,btc-updown-15m-1788357600,15,4059868,39505393027567741090437322072375056684578311915061811693218908219941841307925,2026-09-02T14:00:00+00:00,2026-09-02T14:15:00+00:00,3.33,0.94,0.95,0.945,0.01,10.0,104.09,99
2026-09-02T14:11:40.167061+00:00,btc-updown-15m-1788358500,15,4060018,64874041992319994884822631624856806194766055727439878403426011404209956541194,2026-09-02T14:15:00+00:00,2026-09-02T14:30:00+00:00,18.33,0.48,0.49,0.485,0.01,507.58,1015.99,99
2026-09-02T14:12:41.205661+00:00,btc-updown-5m-1788358200,5,4059944,69392828144286969171957902386393854590348312135431626534344630795397492503416,2026-09-02T14:10:00+00:00,2026-09-02T14:15:00+00:00,2.32,0.3,0.31,0.305,0.01,80.0,436.43,99
2026-09-02T14:12:41.205661+00:00,btc-updown-5m-1788358500,5,4060031,71187468401938282537279771854483106882465858848513695429321689023235913968207,2026-09-02T14:15:00+00:00,2026-09-02T14:20:00+00:00,7.32,0.49,0.5,0.495,0.01,468.2,2072.33,99
2026-09-02T14:12:41.205661+00:00,btc-updown-15m-1788357600,15,4059868,39505393027567741090437322072375056684578311915061811693218908219941841307925,2026-09-02T14:00:00+00:00,2026-09-02T14:15:00+00:00,2.32,0.96,0.97,0.965,0.01,15.0,78.72,99
2026-09-02T14:12:41.205661+00:00,btc-updown-15m-1788358500,15,4060018,64874041992319994884822631624856806194766055727439878403426011404209956541194,2026-09-02T14:15:00+00:00,2026-09-02T14:30:00+00:00,17.32,0.48,0.49,0.485,0.01,294.25,1215.99,99
2026-09-02T14:13:42.213765+00:00,btc-updown-5m-1788358200,5,4059944,69392828144286969171957902386393854590348312135431626534344630795397492503416,2026-09-02T14:10:00+00:00,2026-09-02T14:15:00+00:00,1.3,0.11,0.12,0.115,0.01,81.13,90.67,99
2026-09-02T14:13:42.213765+00:00,btc-updown-5m-1788358500,5,4060031,71187468401938282537279771854483106882465858848513695429321689023235913968207,2026-09-02T14:15:00+00:00,2026-09-02T14:20:00+00:00,6.3,0.49,0.5,0.495,0.01,433.55,1324.0,99
2026-09-02T14:13:42.213765+00:00,btc-updown-15m-1788357600,15,4059868,39505393027567741090437322072375056684578311915061811693218908219941841307925,2026-09-02T14:00:00+00:00,2026-09-02T14:15:00+00:00,1.3,0.998,0.999,0.9985,0.001,140.99,634.27,109
2026-09-02T14:13:42.213765+00:00,btc-updown-15m-1788358500,15,4060018,64874041992319994884822631624856806194766055727439878403426011404209956541194,2026-09-02T14:15:00+00:00,2026-09-02T14:30:00+00:00,16.3,0.48,0.49,0.485,0.01,294.25,945.99,99
2026-09-02T14:14:43.130323+00:00,btc-updown-5m-1788358500,5,4060031,71187468401938282537279771854483106882465858848513695429321689023235913968207,2026-09-02T14:15:00+00:00,2026-09-02T14:20:00+00:00,5.28,0.54,0.56,0.55,0.02,196.0,10.0,98
2026-09-02T14:14:43.130323+00:00,btc-updown-15m-1788358500,15,4060018,64874041992319994884822631624856806194766055727439878403426011404209956541194,2026-09-02T14:15:00+00:00,2026-09-02T14:30:00+00:00,15.28,0.48,0.49,0.485,0.01,545.97,265.72,91
2026-09-02T14:15:43.873169+00:00,btc-updown-5m-1788358500,5,4060031,71187468401938282537279771854483106882465858848513695429321689023235913968207,2026-09-02T14:15:00+00:00,2026-09-02T14:20:00+00:00,4.28,0.5,0.51,0.505,0.01,20.0,275.0,99
2026-09-02T14:15:43.873169+00:00,btc-updown-5m-1788358800,5,4060043,96050914724640137876200968836913870735265841444795737060740386176444024304919,2026-09-02T14:20:00+00:00,2026-09-02T14:25:00+00:00,9.28,0.49,0.5,0.495,0.01,245.92,1395.1,99
2026-09-02T14:15:43.873169+00:00,btc-updown-15m-1788358500,15,4060018,64874041992319994884822631624856806194766055727439878403426011404209956541194,2026-09-02T14:15:00+00:00,2026-09-02T14:30:00+00:00,14.28,0.47,0.48,0.475,0.01,57.0,27.0,99
2026-09-02T14:15:43.873169+00:00,btc-updown-15m-1788359400,15,4060072,114525313232142023619813719378478093078762132430155954890976059290050602427432,2026-09-02T14:30:00+00:00,2026-09-02T14:45:00+00:00,29.28,0.49,0.5,0.495,0.01,486.43,785.0,99
2026-09-02T14:16:44.828365+00:00,btc-updown-5m-1788358500,5,4060031,71187468401938282537279771854483106882465858848513695429321689023235913968207,2026-09-02T14:15:00+00:00,2026-09-02T14:20:00+00:00,3.27,0.52,0.53,0.525,0.01,549.0,165.0,99
2026-09-02T14:16:44.828365+00:00,btc-updown-5m-1788358800,5,4060043,96050914724640137876200968836913870735265841444795737060740386176444024304919,2026-09-02T14:20:00+00:00,2026-09-02T14:25:00+00:00,8.27,0.49,0.5,0.495,0.01,251.15,1427.1,99
2026-09-02T14:16:44.828365+00:00,btc-updown-15m-1788358500,15,4060018,64874041992319994884822631624856806194766055727439878403426011404209956541194,2026-09-02T14:15:00+00:00,2026-09-02T14:30:00+00:00,13.27,0.49,0.5,0.495,0.01,201.0,160.0,99
2026-09-02T14:16:44.828365+00:00,btc-updown-15m-1788359400,15,4060072,114525313232142023619813719378478093078762132430155954890976059290050602427432,2026-09-02T14:30:00+00:00,2026-09-02T14:45:00+00:00,28.27,0.49,0.5,0.495,0.01,486.43,1485.0,99
2026-09-02T14:17:45.805137+00:00,btc-updown-5m-1788358500,5,4060031,71187468401938282537279771854483106882465858848513695429321689023235913968207,2026-09-02T14:15:00+00:00,2026-09-02T14:20:00+00:00,2.25,0.17,0.18,0.175,0.01,387.01,74.98,99
2026-09-02T14:17:45.805137+00:00,btc-updown-5m-1788358800,5,4060043,96050914724640137876200968836913870735265841444795737060740386176444024304919,2026-09-02T14:20:00+00:00,2026-09-02T14:25:00+00:00,7.25,0.49,0.5,0.495,0.01,21.12,417.1,99
2026-09-02T14:17:45.805137+00:00,btc-updown-15m-1788358500,15,4060018,64874041992319994884822631624856806194766055727439878403426011404209956541194,2026-09-02T14:15:00+00:00,2026-09-02T14:30:00+00:00,12.25,0.36,0.37,0.365,0.01,132.0,123.0,99
2026-09-02T14:17:45.805137+00:00,btc-updown-15m-1788359400,15,4060072,114525313232142023619813719378478093078762132430155954890976059290050602427432,2026-09-02T14:30:00+00:00,2026-09-02T14:45:00+00:00,27.25,0.49,0.5,0.495,0.01,411.43,685.0,99
2026-09-02T14:18:46.761487+00:00,btc-updown-5m-1788358500,5,4060031,71187468401938282537279771854483106882465858848513695429321689023235913968207,2026-09-02T14:15:00+00:00,2026-09-02T14:20:00+00:00,1.23,0.17,0.18,0.175,0.01,22.0,85.0,99
2026-09-02T14:18:46.761487+00:00,btc-updown-5m-1788358800,5,4060043,96050914724640137876200968836913870735265841444795737060740386176444024304919,2026-09-02T14:20:00+00:00,2026-09-02T14:25:00+00:00,6.23,0.48,0.49,0.485,0.01,509.94,86.91,99
2026-09-02T14:18:46.761487+00:00,btc-updown-15m-1788358500,15,4060018,64874041992319994884822631624856806194766055727439878403426011404209956541194,2026-09-02T14:15:00+00:00,2026-09-02T14:30:00+00:00,11.23,0.41,0.42,0.415,0.01,113.0,110.0,99
2026-09-02T14:18:46.761487+00:00,btc-updown-15m-1788359400,15,4060072,114525313232142023619813719378478093078762132430155954890976059290050602427432,2026-09-02T14:30:00+00:00,2026-09-02T14:45:00+00:00,26.23,0.49,0.5,0.495,0.01,511.43,717.0,99
2026-09-02T14:19:47.742986+00:00,btc-updown-5m-1788358500,5,4060031,71187468401938282537279771854483106882465858848513695429321689023235913968207,2026-09-02T14:15:00+00:00,2026-09-02T14:20:00+00:00,0.22,0.98,0.99,0.985,0.01,355.97,911.11,99
2026-09-02T14:19:47.742986+00:00,btc-updown-5m-1788358800,5,4060043,96050914724640137876200968836913870735265841444795737060740386176444024304919,2026-09-02T14:20:00+00:00,2026-09-02T14:25:00+00:00,5.22,0.49,0.5,0.495,0.01,120.36,33.86,99
2026-09-02T14:19:47.742986+00:00,btc-updown-15m-1788358500,15,4060018,64874041992319994884822631624856806194766055727439878403426011404209956541194,2026-09-02T14:15:00+00:00,2026-09-02T14:30:00+00:00,10.22,0.51,0.53,0.52,0.02,55.0,148.0,98
2026-09-02T14:19:47.742986+00:00,btc-updown-15m-1788359400,15,4060072,114525313232142023619813719378478093078762132430155954890976059290050602427432,2026-09-02T14:30:00+00:00,2026-09-02T14:45:00+00:00,25.22,0.49,0.5,0.495,0.01,401.22,1517.0,99
2026-09-02T14:20:48.733481+00:00,btc-updown-5m-1788358800,5,4060043,96050914724640137876200968836913870735265841444795737060740386176444024304919,2026-09-02T14:20:00+00:00,2026-09-02T14:25:00+00:00,4.2,0.5,0.51,0.505,0.01,263.0,183.03,99
2026-09-02T14:20:48.733481+00:00,btc-updown-5m-1788359100,5,4060052,74286250026395717741562811508630606729441660895615547362702555555765726425507,2026-09-02T14:25:00+00:00,2026-09-02T14:30:00+00:00,9.2,0.49,0.5,0.495,0.01,555.98,2183.04,99
2026-09-02T14:20:48.733481+00:00,btc-updown-15m-1788358500,15,4060018,64874041992319994884822631624856806194766055727439878403426011404209956541194,2026-09-02T14:15:00+00:00,2026-09-02T14:30:00+00:00,9.2,0.49,0.5,0.495,0.01,329.0,34.0,99
2026-09-02T14:20:48.733481+00:00,btc-updown-15m-1788359400,15,4060072,114525313232142023619813719378478093078762132430155954890976059290050602427432,2026-09-02T14:30:00+00:00,2026-09-02T14:45:00+00:00,24.2,0.49,0.5,0.495,0.01,420.11,1145.0,99
2026-09-02T14:21:49.661467+00:00,btc-updown-5m-1788358800,5,4060043,96050914724640137876200968836913870735265841444795737060740386176444024304919,2026-09-02T14:20:00+00:00,2026-09-02T14:25:00+00:00,3.18,0.89,0.9,0.895,0.01,348.88,106.0,99
2026-09-02T14:21:49.661467+00:00,btc-updown-5m-1788359100,5,4060052,74286250026395717741562811508630606729441660895615547362702555555765726425507,2026-09-02T14:25:00+00:00,2026-09-02T14:30:00+00:00,8.18,0.49,0.5,0.495,0.01,532.87,1370.04,99
2026-09-02T14:21:49.661467+00:00,btc-updown-15m-1788358500,15,4060018,64874041992319994884822631624856806194766055727439878403426011404209956541194,2026-09-02T14:15:00+00:00,2026-09-02T14:30:00+00:00,8.18,0.74,0.75,0.745,0.01,206.0,112.33,99
2026-09-02T14:21:49.661467+00:00,btc-updown-15m-1788359400,15,4060072,114525313232142023619813719378478093078762132430155954890976059290050602427432,2026-09-02T14:30:00+00:00,2026-09-02T14:45:00+00:00,23.18,0.49,0.5,0.495,0.01,624.19,1470.0,99
2026-09-02T14:22:50.590393+00:00,btc-updown-5m-1788358800,5,4060043,96050914724640137876200968836913870735265841444795737060740386176444024304919,2026-09-02T14:20:00+00:00,2026-09-02T14:25:00+00:00,2.17,0.89,0.9,0.895,0.01,34.94,404.0,99
2026-09-02T14:22:50.590393+00:00,btc-updown-5m-1788359100,5,4060052,74286250026395717741562811508630606729441660895615547362702555555765726425507,2026-09-02T14:25:00+00:00,2026-09-02T14:30:00+00:00,7.17,0.49,0.5,0.495,0.01,320.1,2090.22,99
2026-09-02T14:22:50.590393+00:00,btc-updown-15m-1788358500,15,4060018,64874041992319994884822631624856806194766055727439878403426011404209956541194,2026-09-02T14:15:00+00:00,2026-09-02T14:30:00+00:00,7.17,0.69,0.7,0.695,0.01,100.0,215.0,99
2026-09-02T14:22:50.590393+00:00,btc-updown-15m-1788359400,15,4060072,114525313232142023619813719378478093078762132430155954890976059290050602427432,2026-09-02T14:30:00+00:00,2026-09-02T14:45:00+00:00,22.17,0.49,0.5,0.495,0.01,543.53,1470.0,99
2026-09-02T14:23:51.540634+00:00,btc-updown-5m-1788358800,5,4060043,96050914724640137876200968836913870735265841444795737060740386176444024304919,2026-09-02T14:20:00+00:00,2026-09-02T14:25:00+00:00,1.15,0.363,0.37,0.3665,0.007,50.0,40.0,116
2026-09-02T14:23:51.540634+00:00,btc-updown-5m-1788359100,5,4060052,74286250026395717741562811508630606729441660895615547362702555555765726425507,2026-09-02T14:25:00+00:00,2026-09-02T14:30:00+00:00,6.15,0.49,0.5,0.495,0.01,308.13,449.94,99
2026-09-02T14:23:51.540634+00:00,btc-updown-15m-1788358500,15,4060018,64874041992319994884822631624856806194766055727439878403426011404209956541194,2026-09-02T14:15:00+00:00,2026-09-02T14:30:00+00:00,6.15,0.45,0.46,0.455,0.01,35.9,104.13,99
2026-09-02T14:23:51.540634+00:00,btc-updown-15m-1788359400,15,4060072,114525313232142023619813719378478093078762132430155954890976059290050602427432,2026-09-02T14:30:00+00:00,2026-09-02T14:45:00+00:00,21.15,0.49,0.5,0.495,0.01,553.53,845.0,99
2026-09-02T14:24:52.476297+00:00,btc-updown-5m-1788359100,5,4060052,74286250026395717741562811508630606729441660895615547362702555555765726425507,2026-09-02T14:25:00+00:00,2026-09-02T14:30:00+00:00,5.13,0.47,0.48,0.475,0.01,17.38,749.28,99
2026-09-02T14:24:52.476297+00:00,btc-updown-15m-1788358500,15,4060018,64874041992319994884822631624856806194766055727439878403426011404209956541194,2026-09-02T14:15:00+00:00,2026-09-02T14:30:00+00:00,5.13,0.31,0.32,0.315,0.01,147.85,20.0,99
2026-09-02T14:24:52.476297+00:00,btc-updown-15m-1788359400,15,4060072,114525313232142023619813719378478093078762132430155954890976059290050602427432,2026-09-02T14:30:00+00:00,2026-09-02T14:45:00+00:00,20.13,0.49,0.5,0.495,0.01,553.53,745.0,99
2026-09-02T14:25:53.293391+00:00,btc-updown-5m-1788359100,5,4060052,74286250026395717741562811508630606729441660895615547362702555555765726425507,2026-09-02T14:25:00+00:00,2026-09-02T14:30:00+00:00,4.12,0.29,0.3,0.295,0.01,66.18,276.66,99
2026-09-02T14:25:53.293391+00:00,btc-updown-5m-1788359400,5,4060084,90049204745345912668903576730264953796681259384888209247423334032686318104924,2026-09-02T14:30:00+00:00,2026-09-02T14:35:00+00:00,9.12,0.49,0.5,0.495,0.01,628.0,1152.57,99
2026-09-02T14:25:53.293391+00:00,btc-updown-15m-1788358500,15,4060018,64874041992319994884822631624856806194766055727439878403426011404209956541194,2026-09-02T14:15:00+00:00,2026-09-02T14:30:00+00:00,4.12,0.21,0.22,0.215,0.01,10.0,55.0,99
2026-09-02T14:25:53.293391+00:00,btc-updown-15m-1788359400,15,4060072,114525313232142023619813719378478093078762132430155954890976059290050602427432,2026-09-02T14:30:00+00:00,2026-09-02T14:45:00+00:00,19.12,0.49,0.5,0.495,0.01,559.45,605.0,99
2026-09-02T14:26:54.206702+00:00,btc-updown-5m-1788359100,5,4060052,74286250026395717741562811508630606729441660895615547362702555555765726425507,2026-09-02T14:25:00+00:00,2026-09-02T14:30:00+00:00,3.1,0.48,0.49,0.485,0.01,81.0,368.0,99
2026-09-02T14:26:54.206702+00:00,btc-updown-5m-1788359400,5,4060084,90049204745345912668903576730264953796681259384888209247423334032686318104924,2026-09-02T14:30:00+00:00,2026-09-02T14:35:00+00:00,8.1,0.49,0.5,0.495,0.01,638.0,1176.57,99
2026-09-02T14:26:54.206702+00:00,btc-updown-15m-1788358500,15,4060018,64874041992319994884822631624856806194766055727439878403426011404209956541194,2026-09-02T14:15:00+00:00,2026-09-02T14:30:00+00:00,3.1,0.3,0.31,0.305,0.01,10.0,20.0,99
2026-09-02T14:26:54.206702+00:00,btc-updown-15m-1788359400,15,4060072,114525313232142023619813719378478093078762132430155954890976059290050602427432,2026-09-02T14:30:00+00:00,2026-09-02T14:45:00+00:00,18.1,0.49,0.5,0.495,0.01,459.45,605.0,99
2026-09-02T14:27:55.140992+00:00,btc-updown-5m-1788359100,5,4060052,74286250026395717741562811508630606729441660895615547362702555555765726425507,2026-09-02T14:25:00+00:00,2026-09-02T14:30:00+00:00,2.08,0.73,0.74,0.735,0.01,586.56,98.71,99
2026-09-02T14:27:55.140992+00:00,btc-updown-5m-1788359400,5,4060084,90049204745345912668903576730264953796681259384888209247423334032686318104924,2026-09-02T14:30:00+00:00,2026-09-02T14:35:00+00:00,7.08,0.49,0.5,0.495,0.01,588.0,1152.29,99
2026-09-02T14:27:55.140992+00:00,btc-updown-15m-1788358500,15,4060018,64874041992319994884822631624856806194766055727439878403426011404209956541194,2026-09-02T14:15:00+00:00,2026-09-02T14:30:00+00:00,2.08,0.45,0.46,0.455,0.01,13.89,105.0,98
2026-09-02T14:27:55.140992+00:00,btc-updown-15m-1788359400,15,4060072,114525313232142023619813719378478093078762132430155954890976059290050602427432,2026-09-02T14:30:00+00:00,2026-09-02T14:45:00+00:00,17.08,0.49,0.5,0.495,0.01,354.35,1189.0,99
2026-09-02T14:28:56.074987+00:00,btc-updown-5m-1788359100,5,4060052,74286250026395717741562811508630606729441660895615547362702555555765726425507,2026-09-02T14:25:00+00:00,2026-09-02T14:30:00+00:00,1.07,0.95,0.96,0.955,0.01,369.16,138.89,99
2026-09-02T14:28:56.074987+00:00,btc-updown-5m-1788359400,5,4060084,90049204745345912668903576730264953796681259384888209247423334032686318104924,2026-09-02T14:30:00+00:00,2026-09-02T14:35:00+00:00,6.07,0.49,0.5,0.495,0.01,343.02,1201.0,99
2026-09-02T14:28:56.074987+00:00,btc-updown-15m-1788358500,15,4060018,64874041992319994884822631624856806194766055727439878403426011404209956541194,2026-09-02T14:15:00+00:00,2026-09-02T14:30:00+00:00,1.07,0.61,0.7,0.655,0.09,10.0,15.0,46
2026-09-02T14:28:56.074987+00:00,btc-updown-15m-1788359400,15,4060072,114525313232142023619813719378478093078762132430155954890976059290050602427432,2026-09-02T14:30:00+00:00,2026-09-02T14:45:00+00:00,16.07,0.49,0.5,0.495,0.01,159.35,1125.0,99
2026-09-02T14:29:56.987570+00:00,btc-updown-5m-1788359400,5,4060084,90049204745345912668903576730264953796681259384888209247423334032686318104924,2026-09-02T14:30:00+00:00,2026-09-02T14:35:00+00:00,5.07,0.47,0.5,0.485,0.03,236.0,250.96,97
2026-09-02T14:29:56.987570+00:00,btc-updown-15m-1788359400,15,4060072,114525313232142023619813719378478093078762132430155954890976059290050602427432,2026-09-02T14:30:00+00:00,2026-09-02T14:45:00+00:00,15.07,0.48,0.49,0.485,0.01,175.24,262.94,89
2026-09-02T14:30:57.726941+00:00,btc-updown-5m-1788359400,5,4060084,90049204745345912668903576730264953796681259384888209247423334032686318104924,2026-09-02T14:30:00+00:00,2026-09-02T14:35:00+00:00,4.05,0.08,0.09,0.085,0.01,218.84,211.03,99
2026-09-02T14:30:57.726941+00:00,btc-updown-5m-1788359700,5,4060128,14373173233786256433732766353696598184733291401968051779591646509846583271308,2026-09-02T14:35:00+00:00,2026-09-02T14:40:00+00:00,9.05,0.49,0.5,0.495,0.01,817.39,1125.66,99
2026-09-02T14:30:57.726941+00:00,btc-updown-15m-1788359400,15,4060072,114525313232142023619813719378478093078762132430155954890976059290050602427432,2026-09-02T14:30:00+00:00,2026-09-02T14:45:00+00:00,14.05,0.21,0.22,0.215,0.01,215.0,111.0,99
2026-09-02T14:30:57.726941+00:00,btc-updown-15m-1788360300,15,4060714,99645337307600089665062121029135085480754119242796229002090565630156893801205,2026-09-02T14:45:00+00:00,2026-09-02T15:00:00+00:00,29.05,0.49,0.5,0.495,0.01,450.0,450.0,97
2026-09-02T14:31:58.672524+00:00,btc-updown-5m-1788359400,5,4060084,90049204745345912668903576730264953796681259384888209247423334032686318104924,2026-09-02T14:30:00+00:00,2026-09-02T14:35:00+00:00,3.03,0.03,0.04,0.035,0.01,678.45,164.0,99
2026-09-02T14:31:58.672524+00:00,btc-updown-5m-1788359700,5,4060128,14373173233786256433732766353696598184733291401968051779591646509846583271308,2026-09-02T14:35:00+00:00,2026-09-02T14:40:00+00:00,8.03,0.49,0.5,0.495,0.01,564.62,1099.66,99
2026-09-02T14:31:58.672524+00:00,btc-updown-15m-1788359400,15,4060072,114525313232142023619813719378478093078762132430155954890976059290050602427432,2026-09-02T14:30:00+00:00,2026-09-02T14:45:00+00:00,13.03,0.2,0.21,0.205,0.01,37.0,140.0,99
2026-09-02T14:31:58.672524+00:00,btc-updown-15m-1788360300,15,4060714,99645337307600089665062121029135085480754119242796229002090565630156893801205,2026-09-02T14:45:00+00:00,2026-09-02T15:00:00+00:00,28.03,0.49,0.5,0.495,0.01,714.08,450.0,97
2026-09-02T14:32:59.630671+00:00,btc-updown-5m-1788359400,5,4060084,90049204745345912668903576730264953796681259384888209247423334032686318104924,2026-09-02T14:30:00+00:00,2026-09-02T14:35:00+00:00,2.02,0.01,0.02,0.015,0.01,3334.69,490.37,99
2026-09-02T14:32:59.630671+00:00,btc-updown-5m-1788359700,5,4060128,14373173233786256433732766353696598184733291401968051779591646509846583271308,2026-09-02T14:35:00+00:00,2026-09-02T14:40:00+00:00,7.02,0.49,0.5,0.495,0.01,190.0,1072.72,99
2026-09-02T14:32:59.630671+00:00,btc-updown-15m-1788359400,15,4060072,114525313232142023619813719378478093078762132430155954890976059290050602427432,2026-09-02T14:30:00+00:00,2026-09-02T14:45:00+00:00,12.02,0.18,0.19,0.185,0.01,110.0,76.0,99
2026-09-02T14:32:59.630671+00:00,btc-updown-15m-1788360300,15,4060714,99645337307600089665062121029135085480754119242796229002090565630156893801205,2026-09-02T14:45:00+00:00,2026-09-02T15:00:00+00:00,27.02,0.49,0.5,0.495,0.01,424.08,580.0,97
2026-09-02T14:34:00.571559+00:00,btc-updown-5m-1788359700,5,4060128,14373173233786256433732766353696598184733291401968051779591646509846583271308,2026-09-02T14:35:00+00:00,2026-09-02T14:40:00+00:00,6.0,0.48,0.49,0.485,0.01,507.59,177.87,99
2026-09-02T14:34:00.571559+00:00,btc-updown-15m-1788359400,15,4060072,114525313232142023619813719378478093078762132430155954890976059290050602427432,2026-09-02T14:30:00+00:00,2026-09-02T14:45:00+00:00,11.0,0.17,0.18,0.175,0.01,122.0,5.0,99
2026-09-02T14:34:00.571559+00:00,btc-updown-15m-1788360300,15,4060714,99645337307600089665062121029135085480754119242796229002090565630156893801205,2026-09-02T14:45:00+00:00,2026-09-02T15:00:00+00:00,26.0,0.49,0.5,0.495,0.01,624.08,496.0,97
2026-09-02T14:35:01.410117+00:00,btc-updown-5m-1788359700,5,4060128,14373173233786256433732766353696598184733291401968051779591646509846583271308,2026-09-02T14:35:00+00:00,2026-09-02T14:40:00+00:00,4.98,0.54,0.55,0.545,0.01,106.4,55.0,99
2026-09-02T14:35:01.410117+00:00,btc-updown-5m-1788360000,5,4060691,21408830258262522106252466799536837352090135834619357885732159944464732833930,2026-09-02T14:40:00+00:00,2026-09-02T14:45:00+00:00,9.98,0.5,0.51,0.505,0.01,22.37,694.63,99
2026-09-02T14:35:01.410117+00:00,btc-updown-15m-1788359400,15,4060072,114525313232142023619813719378478093078762132430155954890976059290050602427432,2026-09-02T14:30:00+00:00,2026-09-02T14:45:00+00:00,9.98,0.22,0.23,0.225,0.01,15.0,220.0,99
2026-09-02T14:35:01.410117+00:00,btc-updown-15m-1788360300,15,4060714,99645337307600089665062121029135085480754119242796229002090565630156893801205,2026-09-02T14:45:00+00:00,2026-09-02T15:00:00+00:00,24.98,0.49,0.5,0.495,0.01,454.08,656.0,97
2026-09-02T14:36:02.342956+00:00,btc-updown-5m-1788359700,5,4060128,14373173233786256433732766353696598184733291401968051779591646509846583271308,2026-09-02T14:35:00+00:00,2026-09-02T14:40:00+00:00,3.97,0.57,0.58,0.575,0.01,227.67,647.0,99
2026-09-02T14:36:02.342956+00:00,btc-updown-5m-1788360000,5,4060691,21408830258262522106252466799536837352090135834619357885732159944464732833930,2026-09-02T14:40:00+00:00,2026-09-02T14:45:00+00:00,8.97,0.5,0.51,0.505,0.01,83.37,926.18,99
2026-09-02T14:36:02.342956+00:00,btc-updown-15m-1788359400,15,4060072,114525313232142023619813719378478093078762132430155954890976059290050602427432,2026-09-02T14:30:00+00:00,2026-09-02T14:45:00+00:00,8.97,0.15,0.16,0.155,0.01,177.0,65.0,99
2026-09-02T14:36:02.342956+00:00,btc-updown-15m-1788360300,15,4060714,99645337307600089665062121029135085480754119242796229002090565630156893801205,2026-09-02T14:45:00+00:00,2026-09-02T15:00:00+00:00,23.97,0.49,0.5,0.495,0.01,454.08,656.0,97
2026-09-02T14:37:03.297844+00:00,btc-updown-5m-1788359700,5,4060128,14373173233786256433732766353696598184733291401968051779591646509846583271308,2026-09-02T14:35:00+00:00,2026-09-02T14:40:00+00:00,2.95,0.14,0.15,0.145,0.01,490.42,50.0,99
2026-09-02T14:37:03.297844+00:00,btc-updown-5m-1788360000,5,4060691,21408830258262522106252466799536837352090135834619357885732159944464732833930,2026-09-02T14:40:00+00:00,2026-09-02T14:45:00+00:00,7.95,0.5,0.51,0.505,0.01,208.37,894.18,99
2026-09-02T14:37:03.297844+00:00,btc-updown-15m-1788359400,15,4060072,114525313232142023619813719378478093078762132430155954890976059290050602427432,2026-09-02T14:30:00+00:00,2026-09-02T14:45:00+00:00,7.95,0.05,0.06,0.055,0.01,588.1,75.0,99
2026-09-02T14:37:03.297844+00:00,btc-updown-15m-1788360300,15,4060714,99645337307600089665062121029135085480754119242796229002090565630156893801205,2026-09-02T14:45:00+00:00,2026-09-02T15:00:00+00:00,22.95,0.49,0.5,0.495,0.01,558.03,422.0,97
2026-09-02T14:38:04.235147+00:00,btc-updown-5m-1788359700,5,4060128,14373173233786256433732766353696598184733291401968051779591646509846583271308,2026-09-02T14:35:00+00:00,2026-09-02T14:40:00+00:00,1.93,0.31,0.32,0.315,0.01,220.19,346.18,99
2026-09-02T14:38:04.235147+00:00,btc-updown-5m-1788360000,5,4060691,21408830258262522106252466799536837352090135834619357885732159944464732833930,2026-09-02T14:40:00+00:00,2026-09-02T14:45:00+00:00,6.93,0.5,0.51,0.505,0.01,52.37,775.96,99
2026-09-02T14:38:04.235147+00:00,btc-updown-15m-1788359400,15,4060072,114525313232142023619813719378478093078762132430155954890976059290050602427432,2026-09-02T14:30:00+00:00,2026-09-02T14:45:00+00:00,6.93,0.07,0.08,0.075,0.01,8.07,100.42,99
2026-09-02T14:38:04.235147+00:00,btc-updown-15m-1788360300,15,4060714,99645337307600089665062121029135085480754119242796229002090565630156893801205,2026-09-02T14:45:00+00:00,2026-09-02T15:00:00+00:00,21.93,0.49,0.5,0.495,0.01,552.11,432.0,97
2026-09-02T14:39:05.164751+00:00,btc-updown-5m-1788359700,5,4060128,14373173233786256433732766353696598184733291401968051779591646509846583271308,2026-09-02T14:35:00+00:00,2026-09-02T14:40:00+00:00,0.92,0.05,0.06,0.055,0.01,350.0,59.62,99
2026-09-02T14:39:05.164751+00:00,btc-updown-5m-1788360000,5,4060691,21408830258262522106252466799536837352090135834619357885732159944464732833930,2026-09-02T14:40:00+00:00,2026-09-02T14:45:00+00:00,5.92,0.5,0.51,0.505,0.01,177.37,347.3,99
2026-09-02T14:39:05.164751+00:00,btc-updown-15m-1788359400,15,4060072,114525313232142023619813719378478093078762132430155954890976059290050602427432,2026-09-02T14:30:00+00:00,2026-09-02T14:45:00+00:00,5.92,0.07,0.08,0.075,0.01,115.0,105.0,99
2026-09-02T14:39:05.164751+00:00,btc-updown-15m-1788360300,15,4060714,99645337307600089665062121029135085480754119242796229002090565630156893801205,2026-09-02T14:45:00+00:00,2026-09-02T15:00:00+00:00,20.92,0.49,0.5,0.495,0.01,482.11,352.0,97
2026-09-02T14:40:06.095895+00:00,btc-updown-5m-1788360000,5,4060691,21408830258262522106252466799536837352090135834619357885732159944464732833930,2026-09-02T14:40:00+00:00,2026-09-02T14:45:00+00:00,4.9,0.64,0.65,0.645,0.01,541.05,23.0,99
2026-09-02T14:40:06.095895+00:00,btc-updown-5m-1788360300,5,4060711,2893213802327879566874930581191122498231024743166474814617848673465590038438,2026-09-02T14:45:00+00:00,2026-09-02T14:50:00+00:00,9.9,0.5,0.51,0.505,0.01,301.11,560.88,99
2026-09-02T14:40:06.095895+00:00,btc-updown-15m-1788359400,15,4060072,114525313232142023619813719378478093078762132430155954890976059290050602427432,2026-09-02T14:30:00+00:00,2026-09-02T14:45:00+00:00,4.9,0.08,0.09,0.085,0.01,50.0,172.0,99
2026-09-02T14:40:06.095895+00:00,btc-updown-15m-1788360300,15,4060714,99645337307600089665062121029135085480754119242796229002090565630156893801205,2026-09-02T14:45:00+00:00,2026-09-02T15:00:00+00:00,19.9,0.49,0.5,0.495,0.01,462.11,402.0,97
2026-09-02T14:41:07.067006+00:00,btc-updown-5m-1788360000,5,4060691,21408830258262522106252466799536837352090135834619357885732159944464732833930,2026-09-02T14:40:00+00:00,2026-09-02T14:45:00+00:00,3.88,0.7,0.71,0.705,0.01,218.0,172.6,99
2026-09-02T14:41:07.067006+00:00,btc-updown-5m-1788360300,5,4060711,2893213802327879566874930581191122498231024743166474814617848673465590038438,2026-09-02T14:45:00+00:00,2026-09-02T14:50:00+00:00,8.88,0.5,0.51,0.505,0.01,226.11,690.56,99
2026-09-02T14:41:07.067006+00:00,btc-updown-15m-1788359400,15,4060072,114525313232142023619813719378478093078762132430155954890976059290050602427432,2026-09-02T14:30:00+00:00,2026-09-02T14:45:00+00:00,3.88,0.07,0.08,0.075,0.01,110.0,65.0,99
2026-09-02T14:41:07.067006+00:00,btc-updown-15m-1788360300,15,4060714,99645337307600089665062121029135085480754119242796229002090565630156893801205,2026-09-02T14:45:00+00:00,2026-09-02T15:00:00+00:00,18.88,0.49,0.5,0.495,0.01,465.63,1205.0,97
2026-09-02T14:42:08.017221+00:00,btc-updown-5m-1788360000,5,4060691,21408830258262522106252466799536837352090135834619357885732159944464732833930,2026-09-02T14:40:00+00:00,2026-09-02T14:45:00+00:00,2.87,0.87,0.88,0.875,0.01,340.69,141.12,99
2026-09-02T14:42:08.017221+00:00,btc-updown-5m-1788360300,5,4060711,2893213802327879566874930581191122498231024743166474814617848673465590038438,2026-09-02T14:45:00+00:00,2026-09-02T14:50:00+00:00,7.87,0.5,0.51,0.505,0.01,231.11,701.56,99
2026-09-02T14:42:08.017221+00:00,btc-updown-15m-1788359400,15,4060072,114525313232142023619813719378478093078762132430155954890976059290050602427432,2026-09-02T14:30:00+00:00,2026-09-02T14:45:00+00:00,2.87,0.07,0.09,0.08,0.02,138.76,65.0,98
2026-09-02T14:42:08.017221+00:00,btc-updown-15m-1788360300,15,4060714,99645337307600089665062121029135085480754119242796229002090565630156893801205,2026-09-02T14:45:00+00:00,2026-09-02T15:00:00+00:00,17.87,0.49,0.5,0.495,0.01,470.63,1005.0,97
2026-09-02T14:43:09.062811+00:00,btc-updown-5m-1788360000,5,4060691,21408830258262522106252466799536837352090135834619357885732159944464732833930,2026-09-02T14:40:00+00:00,2026-09-02T14:45:00+00:00,1.85,0.72,0.73,0.725,0.01,124.0,285.0,99
2026-09-02T14:43:09.062811+00:00,btc-updown-5m-1788360300,5,4060711,2893213802327879566874930581191122498231024743166474814617848673465590038438,2026-09-02T14:45:00+00:00,2026-09-02T14:50:00+00:00,6.85,0.5,0.51,0.505,0.01,201.11,615.92,99
2026-09-02T14:43:09.062811+00:00,btc-updown-15m-1788360300,15,4060714,99645337307600089665062121029135085480754119242796229002090565630156893801205,2026-09-02T14:45:00+00:00,2026-09-02T15:00:00+00:00,16.85,0.49,0.5,0.495,0.01,254.08,505.2,97
2026-09-02T14:44:09.880363+00:00,btc-updown-5m-1788360300,5,4060711,2893213802327879566874930581191122498231024743166474814617848673465590038438,2026-09-02T14:45:00+00:00,2026-09-02T14:50:00+00:00,5.85,0.52,0.53,0.525,0.01,216.0,44.25,99
2026-09-02T14:44:09.880363+00:00,btc-updown-15m-1788359400,15,4060072,114525313232142023619813719378478093078762132430155954890976059290050602427432,2026-09-02T14:30:00+00:00,2026-09-02T14:45:00+00:00,0.85,0.91,0.93,0.92,0.02,200.75,80.0,81
2026-09-02T14:44:09.880363+00:00,btc-updown-15m-1788360300,15,4060714,99645337307600089665062121029135085480754119242796229002090565630156893801205,2026-09-02T14:45:00+00:00,2026-09-02T15:00:00+00:00,15.85,0.49,0.5,0.495,0.01,208.77,180.2,93
2026-09-02T14:45:10.695365+00:00,btc-updown-5m-1788360300,5,4060711,2893213802327879566874930581191122498231024743166474814617848673465590038438,2026-09-02T14:45:00+00:00,2026-09-02T14:50:00+00:00,4.83,0.39,0.4,0.395,0.01,10.0,471.28,99
2026-09-02T14:45:10.695365+00:00,btc-updown-5m-1788360600,5,4060750,12206230840877292527396865982640258050147958447147220320743973397015005302616,2026-09-02T14:50:00+00:00,2026-09-02T14:55:00+00:00,9.83,0.49,0.5,0.495,0.01,301.87,947.97,99
2026-09-02T14:45:10.695365+00:00,btc-updown-15m-1788360300,15,4060714,99645337307600089665062121029135085480754119242796229002090565630156893801205,2026-09-02T14:45:00+00:00,2026-09-02T15:00:00+00:00,14.83,0.43,0.44,0.435,0.01,39.22,205.48,99
2026-09-02T14:45:10.695365+00:00,btc-updown-15m-1788361200,15,4060792,22635571945571459216544111568183586464483332617545042449076750013337425611204,2026-09-02T15:00:00+00:00,2026-09-02T15:15:00+00:00,29.83,0.49,0.5,0.495,0.01,279.08,1060.0,95
2026-09-02T14:46:11.674947+00:00,btc-updown-5m-1788360300,5,4060711,2893213802327879566874930581191122498231024743166474814617848673465590038438,2026-09-02T14:45:00+00:00,2026-09-02T14:50:00+00:00,3.82,0.14,0.15,0.145,0.01,435.12,248.18,99
2026-09-02T14:46:11.674947+00:00,btc-updown-5m-1788360600,5,4060750,12206230840877292527396865982640258050147958447147220320743973397015005302616,2026-09-02T14:50:00+00:00,2026-09-02T14:55:00+00:00,8.82,0.49,0.5,0.495,0.01,484.12,934.25,99
2026-09-02T14:46:11.674947+00:00,btc-updown-15m-1788360300,15,4060714,99645337307600089665062121029135085480754119242796229002090565630156893801205,2026-09-02T14:45:00+00:00,2026-09-02T15:00:00+00:00,13.82,0.29,0.3,0.295,0.01,103.63,173.0,99
2026-09-02T14:46:11.674947+00:00,btc-updown-15m-1788361200,15,4060792,22635571945571459216544111568183586464483332617545042449076750013337425611204,2026-09-02T15:00:00+00:00,2026-09-02T15:15:00+00:00,28.82,0.49,0.5,0.495,0.01,534.08,540.0,95
2026-09-02T14:47:12.612440+00:00,btc-updown-5m-1788360300,5,4060711,2893213802327879566874930581191122498231024743166474814617848673465590038438,2026-09-02T14:45:00+00:00,2026-09-02T14:50:00+00:00,2.8,0.08,0.09,0.085,0.01,105.0,411.18,99
2026-09-02T14:47:12.612440+00:00,btc-updown-5m-1788360600,5,4060750,12206230840877292527396865982640258050147958447147220320743973397015005302616,2026-09-02T14:50:00+00:00,2026-09-02T14:55:00+00:00,7.8,0.49,0.5,0.495,0.01,444.12,945.25,99
2026-09-02T14:47:12.612440+00:00,btc-updown-15m-1788360300,15,4060714,99645337307600089665062121029135085480754119242796229002090565630156893801205,2026-09-02T14:45:00+00:00,2026-09-02T15:00:00+00:00,12.8,0.26,0.27,0.265,0.01,0.5,290.0,99
2026-09-02T14:47:12.612440+00:00,btc-updown-15m-1788361200,15,4060792,22635571945571459216544111568183586464483332617545042449076750013337425611204,2026-09-02T15:00:00+00:00,2026-09-02T15:15:00+00:00,27.8,0.49,0.5,0.495,0.01,434.08,340.0,95
2026-09-02T14:48:13.535115+00:00,btc-updown-5m-1788360300,5,4060711,2893213802327879566874930581191122498231024743166474814617848673465590038438,2026-09-02T14:45:00+00:00,2026-09-02T14:50:00+00:00,1.78,0.04,0.05,0.045,0.01,81.06,564.16,99
2026-09-02T14:48:13.535115+00:00,btc-updown-5m-1788360600,5,4060750,12206230840877292527396865982640258050147958447147220320743973397015005302616,2026-09-02T14:50:00+00:00,2026-09-02T14:55:00+00:00,6.78,0.49,0.5,0.495,0.01,155.0,264.0,99
2026-09-02T14:48:13.535115+00:00,btc-updown-15m-1788360300,15,4060714,99645337307600089665062121029135085480754119242796229002090565630156893801205,2026-09-02T14:45:00+00:00,2026-09-02T15:00:00+00:00,11.78,0.3,0.31,0.305,0.01,155.0,109.61,99
2026-09-02T14:48:13.535115+00:00,btc-updown-15m-1788361200,15,4060792,22635571945571459216544111568183586464483332617545042449076750013337425611204,2026-09-02T15:00:00+00:00,2026-09-02T15:15:00+00:00,26.78,0.49,0.5,0.495,0.01,434.08,585.0,95
2026-09-02T14:49:14.506373+00:00,btc-updown-5m-1788360600,5,4060750,12206230840877292527396865982640258050147958447147220320743973397015005302616,2026-09-02T14:50:00+00:00,2026-09-02T14:55:00+00:00,5.77,0.48,0.49,0.485,0.01,232.0,57.62,99
2026-09-02T14:49:14.506373+00:00,btc-updown-15m-1788360300,15,4060714,99645337307600089665062121029135085480754119242796229002090565630156893801205,2026-09-02T14:45:00+00:00,2026-09-02T15:00:00+00:00,10.77,0.28,0.29,0.285,0.01,39.0,200.0,99
2026-09-02T14:49:14.506373+00:00,btc-updown-15m-1788361200,15,4060792,22635571945571459216544111568183586464483332617545042449076750013337425611204,2026-09-02T15:00:00+00:00,2026-09-02T15:15:00+00:00,25.77,0.49,0.5,0.495,0.01,434.08,785.0,95
2026-09-02T14:50:15.360299+00:00,btc-updown-5m-1788360600,5,4060750,12206230840877292527396865982640258050147958447147220320743973397015005302616,2026-09-02T14:50:00+00:00,2026-09-02T14:55:00+00:00,4.75,0.39,0.4,0.395,0.01,119.97,383.09,99
2026-09-02T14:50:15.360299+00:00,btc-updown-5m-1788360900,5,4060767,77246333171022871184010651679151888077567723754970108747458056678022542876866,2026-09-02T14:55:00+00:00,2026-09-02T15:00:00+00:00,9.75,0.5,0.51,0.505,0.01,178.81,930.49,99
2026-09-02T14:50:15.360299+00:00,btc-updown-15m-1788360300,15,4060714,99645337307600089665062121029135085480754119242796229002090565630156893801205,2026-09-02T14:45:00+00:00,2026-09-02T15:00:00+00:00,9.75,0.21,0.22,0.215,0.01,9.11,192.3,99
2026-09-02T14:50:15.360299+00:00,btc-updown-15m-1788361200,15,4060792,22635571945571459216544111568183586464483332617545042449076750013337425611204,2026-09-02T15:00:00+00:00,2026-09-02T15:15:00+00:00,24.75,0.49,0.5,0.495,0.01,489.08,405.0,95
2026-09-02T14:51:16.366431+00:00,btc-updown-5m-1788360600,5,4060750,12206230840877292527396865982640258050147958447147220320743973397015005302616,2026-09-02T14:50:00+00:00,2026-09-02T14:55:00+00:00,3.73,0.51,0.52,0.515,0.01,2.26,157.26,99
2026-09-02T14:51:16.366431+00:00,btc-updown-5m-1788360900,5,4060767,77246333171022871184010651679151888077567723754970108747458056678022542876866,2026-09-02T14:55:00+00:00,2026-09-02T15:00:00+00:00,8.73,0.5,0.51,0.505,0.01,125.81,835.81,99
2026-09-02T14:51:16.366431+00:00,btc-updown-15m-1788360300,15,4060714,99645337307600089665062121029135085480754119242796229002090565630156893801205,2026-09-02T14:45:00+00:00,2026-09-02T15:00:00+00:00,8.73,0.2,0.21,0.205,0.01,100.0,145.65,99
2026-09-02T14:51:16.366431+00:00,btc-updown-15m-1788361200,15,4060792,22635571945571459216544111568183586464483332617545042449076750013337425611204,2026-09-02T15:00:00+00:00,2026-09-02T15:15:00+00:00,23.73,0.49,0.5,0.495,0.01,487.11,265.0,95
2026-09-02T14:52:17.315446+00:00,btc-updown-5m-1788360600,5,4060750,12206230840877292527396865982640258050147958447147220320743973397015005302616,2026-09-02T14:50:00+00:00,2026-09-02T14:55:00+00:00,2.72,0.2,0.21,0.205,0.01,442.76,436.65,99
2026-09-02T14:52:17.315446+00:00,btc-updown-5m-1788360900,5,4060767,77246333171022871184010651679151888077567723754970108747458056678022542876866,2026-09-02T14:55:00+00:00,2026-09-02T15:00:00+00:00,7.72,0.5,0.51,0.505,0.01,130.81,838.81,99
2026-09-02T14:52:17.315446+00:00,btc-updown-15m-1788360300,15,4060714,99645337307600089665062121029135085480754119242796229002090565630156893801205,2026-09-02T14:45:00+00:00,2026-09-02T15:00:00+00:00,7.72,0.1,0.11,0.105,0.01,28.44,148.15,99
2026-09-02T14:52:17.315446+00:00,btc-updown-15m-1788361200,15,4060792,22635571945571459216544111568183586464483332617545042449076750013337425611204,2026-09-02T15:00:00+00:00,2026-09-02T15:15:00+00:00,22.72,0.49,0.5,0.495,0.01,577.11,300.0,95
2026-09-02T14:53:18.246645+00:00,btc-updown-5m-1788360600,5,4060750,12206230840877292527396865982640258050147958447147220320743973397015005302616,2026-09-02T14:50:00+00:00,2026-09-02T14:55:00+00:00,1.7,0.14,0.15,0.145,0.01,189.36,255.69,99
2026-09-02T14:53:18.246645+00:00,btc-updown-5m-1788360900,5,4060767,77246333171022871184010651679151888077567723754970108747458056678022542876866,2026-09-02T14:55:00+00:00,2026-09-02T15:00:00+00:00,6.7,0.5,0.51,0.505,0.01,140.81,828.81,99
2026-09-02T14:53:18.246645+00:00,btc-updown-15m-1788360300,15,4060714,99645337307600089665062121029135085480754119242796229002090565630156893801205,2026-09-02T14:45:00+00:00,2026-09-02T15:00:00+00:00,6.7,0.08,0.09,0.085,0.01,165.1,105.0,99
2026-09-02T14:53:18.246645+00:00,btc-updown-15m-1788361200,15,4060792,22635571945571459216544111568183586464483332617545042449076750013337425611204,2026-09-02T15:00:00+00:00,2026-09-02T15:15:00+00:00,21.7,0.49,0.5,0.495,0.01,517.11,124.19,95
2026-09-02T14:54:19.196574+00:00,btc-updown-5m-1788360900,5,4060767,77246333171022871184010651679151888077567723754970108747458056678022542876866,2026-09-02T14:55:00+00:00,2026-09-02T15:00:00+00:00,5.68,0.5,0.51,0.505,0.01,22.66,8.03,99
2026-09-02T14:54:19.196574+00:00,btc-updown-15m-1788360300,15,4060714,99645337307600089665062121029135085480754119242796229002090565630156893801205,2026-09-02T14:45:00+00:00,2026-09-02T15:00:00+00:00,5.68,0.02,0.03,0.025,0.01,366.06,63.01,99
2026-09-02T14:54:19.196574+00:00,btc-updown-15m-1788361200,15,4060792,22635571945571459216544111568183586464483332617545042449076750013337425611204,2026-09-02T15:00:00+00:00,2026-09-02T15:15:00+00:00,20.68,0.49,0.5,0.495,0.01,897.11,114.19,95
2026-09-02T14:55:20.027450+00:00,btc-updown-5m-1788360900,5,4060767,77246333171022871184010651679151888077567723754970108747458056678022542876866,2026-09-02T14:55:00+00:00,2026-09-02T15:00:00+00:00,4.67,0.72,0.73,0.725,0.01,262.35,259.39,99
2026-09-02T14:55:20.027450+00:00,btc-updown-5m-1788361200,5,4060798,73628286494965098562614281209323717368683298258539931056523591409013051641552,2026-09-02T15:00:00+00:00,2026-09-02T15:05:00+00:00,9.67,0.5,0.51,0.505,0.01,1039.85,782.73,99
2026-09-02T14:55:20.027450+00:00,btc-updown-15m-1788360300,15,4060714,99645337307600089665062121029135085480754119242796229002090565630156893801205,2026-09-02T14:45:00+00:00,2026-09-02T15:00:00+00:00,4.67,0.03,0.04,0.035,0.01,252.0,260.0,99
2026-09-02T14:55:20.027450+00:00,btc-updown-15m-1788361200,15,4060792,22635571945571459216544111568183586464483332617545042449076750013337425611204,2026-09-02T15:00:00+00:00,2026-09-02T15:15:00+00:00,19.67,0.49,0.5,0.495,0.01,702.65,130.93,95
2026-09-02T14:56:20.961139+00:00,btc-updown-5m-1788360900,5,4060767,77246333171022871184010651679151888077567723754970108747458056678022542876866,2026-09-02T14:55:00+00:00,2026-09-02T15:00:00+00:00,3.67,0.82,0.83,0.825,0.01,124.43,568.65,99
2026-09-02T14:56:20.961139+00:00,btc-updown-5m-1788361200,5,4060798,73628286494965098562614281209323717368683298258539931056523591409013051641552,2026-09-02T15:00:00+00:00,2026-09-02T15:05:00+00:00,8.67,0.5,0.51,0.505,0.01,993.85,740.16,99
2026-09-02T14:56:20.961139+00:00,btc-updown-15m-1788360300,15,4060714,99645337307600089665062121029135085480754119242796229002090565630156893801205,2026-09-02T14:45:00+00:00,2026-09-02T15:00:00+00:00,3.67,0.03,0.04,0.035,0.01,299.96,120.0,116
2026-09-02T14:56:20.961139+00:00,btc-updown-15m-1788361200,15,4060792,22635571945571459216544111568183586464483332617545042449076750013337425611204,2026-09-02T15:00:00+00:00,2026-09-02T15:15:00+00:00,18.67,0.49,0.5,0.495,0.01,512.65,330.93,95
2026-09-02T14:57:21.883375+00:00,btc-updown-5m-1788360900,5,4060767,77246333171022871184010651679151888077567723754970108747458056678022542876866,2026-09-02T14:55:00+00:00,2026-09-02T15:00:00+00:00,2.65,0.83,0.84,0.835,0.01,99.09,463.05,99
2026-09-02T14:57:21.883375+00:00,btc-updown-5m-1788361200,5,4060798,73628286494965098562614281209323717368683298258539931056523591409013051641552,2026-09-02T15:00:00+00:00,2026-09-02T15:05:00+00:00,7.65,0.5,0.51,0.505,0.01,1033.85,742.16,99
2026-09-02T14:57:21.883375+00:00,btc-updown-15m-1788360300,15,4060714,99645337307600089665062121029135085480754119242796229002090565630156893801205,2026-09-02T14:45:00+00:00,2026-09-02T15:00:00+00:00,2.65,0.01,0.019,0.0145,0.009,20.0,30.0,112
2026-09-02T14:57:21.883375+00:00,btc-updown-15m-1788361200,15,4060792,22635571945571459216544111568183586464483332617545042449076750013337425611204,2026-09-02T15:00:00+00:00,2026-09-02T15:15:00+00:00,17.65,0.49,0.5,0.495,0.01,514.65,130.93,95
2026-09-02T14:58:22.864503+00:00,btc-updown-5m-1788360900,5,4060767,77246333171022871184010651679151888077567723754970108747458056678022542876866,2026-09-02T14:55:00+00:00,2026-09-02T15:00:00+00:00,1.63,0.62,0.63,0.625,0.01,165.0,178.0,99
2026-09-02T14:58:22.864503+00:00,btc-updown-5m-1788361200,5,4060798,73628286494965098562614281209323717368683298258539931056523591409013051641552,2026-09-02T15:00:00+00:00,2026-09-02T15:05:00+00:00,6.63,0.5,0.51,0.505,0.01,222.85,629.21,99
2026-09-02T14:58:22.864503+00:00,btc-updown-15m-1788361200,15,4060792,22635571945571459216544111568183586464483332617545042449076750013337425611204,2026-09-02T15:00:00+00:00,2026-09-02T15:15:00+00:00,16.63,0.49,0.5,0.495,0.01,717.29,97.13,95
2026-09-02T14:59:23.771910+00:00,btc-updown-5m-1788361200,5,4060798,73628286494965098562614281209323717368683298258539931056523591409013051641552,2026-09-02T15:00:00+00:00,2026-09-02T15:05:00+00:00,5.62,0.49,0.5,0.495,0.01,125.43,225.88,99
2026-09-02T14:59:23.771910+00:00,btc-updown-15m-1788361200,15,4060792,22635571945571459216544111568183586464483332617545042449076750013337425611204,2026-09-02T15:00:00+00:00,2026-09-02T15:15:00+00:00,15.62,0.49,0.5,0.495,0.01,459.62,115.13,91
2026-09-02T15:00:24.515536+00:00,btc-updown-5m-1788361200,5,4060798,73628286494965098562614281209323717368683298258539931056523591409013051641552,2026-09-02T15:00:00+00:00,2026-09-02T15:05:00+00:00,4.6,0.46,0.48,0.47,0.02,4.72,5.8,91
2026-09-02T15:00:24.515536+00:00,btc-updown-5m-1788361500,5,4060839,111300600796956830927509801188742162751718979422083078100125371625627791625343,2026-09-02T15:05:00+00:00,2026-09-02T15:10:00+00:00,9.6,0.5,0.51,0.505,0.01,193.15,464.76,99
2026-09-02T15:00:24.515536+00:00,btc-updown-15m-1788361200,15,4060792,22635571945571459216544111568183586464483332617545042449076750013337425611204,2026-09-02T15:00:00+00:00,2026-09-02T15:15:00+00:00,14.6,0.49,0.5,0.495,0.01,156.86,33.6,81
2026-09-02T15:00:24.515536+00:00,btc-updown-15m-1788362100,15,4060863,34255365628591725462060957604458786128954282570731029961496475982309951893651,2026-09-02T15:15:00+00:00,2026-09-02T15:30:00+00:00,29.6,0.49,0.5,0.495,0.01,572.4,260.0,99
2026-09-02T15:01:25.562818+00:00,btc-updown-5m-1788361200,5,4060798,73628286494965098562614281209323717368683298258539931056523591409013051641552,2026-09-02T15:00:00+00:00,2026-09-02T15:05:00+00:00,3.58,0.03,0.04,0.035,0.01,172.64,273.0,99
2026-09-02T15:01:25.562818+00:00,btc-updown-5m-1788361500,5,4060839,111300600796956830927509801188742162751718979422083078100125371625627791625343,2026-09-02T15:05:00+00:00,2026-09-02T15:10:00+00:00,8.58,0.5,0.51,0.505,0.01,1587.15,433.79,99
2026-09-02T15:01:25.562818+00:00,btc-updown-15m-1788361200,15,4060792,22635571945571459216544111568183586464483332617545042449076750013337425611204,2026-09-02T15:00:00+00:00,2026-09-02T15:15:00+00:00,13.58,0.19,0.2,0.195,0.01,54.28,19.78,84
2026-09-02T15:01:25.562818+00:00,btc-updown-15m-1788362100,15,4060863,34255365628591725462060957604458786128954282570731029961496475982309951893651,2026-09-02T15:15:00+00:00,2026-09-02T15:30:00+00:00,28.58,0.49,0.5,0.495,0.01,1777.4,250.0,99
2026-09-02T15:02:26.550153+00:00,btc-updown-5m-1788361200,5,4060798,73628286494965098562614281209323717368683298258539931056523591409013051641552,2026-09-02T15:00:00+00:00,2026-09-02T15:05:00+00:00,2.57,0.15,0.16,0.155,0.01,11.85,314.03,99
2026-09-02T15:02:26.550153+00:00,btc-updown-5m-1788361500,5,4060839,111300600796956830927509801188742162751718979422083078100125371625627791625343,2026-09-02T15:05:00+00:00,2026-09-02T15:10:00+00:00,7.57,0.5,0.51,0.505,0.01,379.15,423.78,99
2026-09-02T15:02:26.550153+00:00,btc-updown-15m-1788361200,15,4060792,22635571945571459216544111568183586464483332617545042449076750013337425611204,2026-09-02T15:00:00+00:00,2026-09-02T15:15:00+00:00,12.57,0.32,0.33,0.325,0.01,90.0,191.96,88
2026-09-02T15:02:26.550153+00:00,btc-updown-15m-1788362100,15,4060863,34255365628591725462060957604458786128954282570731029961496475982309951893651,2026-09-02T15:15:00+00:00,2026-09-02T15:30:00+00:00,27.57,0.49,0.5,0.495,0.01,977.4,170.0,99
2026-09-02T15:03:27.543052+00:00,btc-updown-5m-1788361200,5,4060798,73628286494965098562614281209323717368683298258539931056523591409013051641552,2026-09-02T15:00:00+00:00,2026-09-02T15:05:00+00:00,1.55,0.55,0.56,0.555,0.01,120.0,20.0,97
2026-09-02T15:03:27.543052+00:00,btc-updown-5m-1788361500,5,4060839,111300600796956830927509801188742162751718979422083078100125371625627791625343,2026-09-02T15:05:00+00:00,2026-09-02T15:10:00+00:00,6.55,0.5,0.51,0.505,0.01,181.0,298.0,99
2026-09-02T15:03:27.543052+00:00,btc-updown-15m-1788361200,15,4060792,22635571945571459216544111568183586464483332617545042449076750013337425611204,2026-09-02T15:00:00+00:00,2026-09-02T15:15:00+00:00,11.55,0.52,0.53,0.525,0.01,155.26,68.88,93
2026-09-02T15:03:27.543052+00:00,btc-updown-15m-1788362100,15,4060863,34255365628591725462060957604458786128954282570731029961496475982309951893651,2026-09-02T15:15:00+00:00,2026-09-02T15:30:00+00:00,26.55,0.49,0.5,0.495,0.01,727.4,170.0,99
2026-09-02T15:04:28.547682+00:00,btc-updown-5m-1788361500,5,4060839,111300600796956830927509801188742162751718979422083078100125371625627791625343,2026-09-02T15:05:00+00:00,2026-09-02T15:10:00+00:00,5.53,0.49,0.5,0.495,0.01,58.0,125.0,99
2026-09-02T15:04:28.547682+00:00,btc-updown-15m-1788361200,15,4060792,22635571945571459216544111568183586464483332617545042449076750013337425611204,2026-09-02T15:00:00+00:00,2026-09-02T15:15:00+00:00,10.53,0.57,0.58,0.575,0.01,45.0,3.13,99
2026-09-02T15:04:28.547682+00:00,btc-updown-15m-1788362100,15,4060863,34255365628591725462060957604458786128954282570731029961496475982309951893651,2026-09-02T15:15:00+00:00,2026-09-02T15:30:00+00:00,25.53,0.49,0.5,0.495,0.01,607.4,170.0,99
2026-09-02T15:05:29.389142+00:00,btc-updown-5m-1788361500,5,4060839,111300600796956830927509801188742162751718979422083078100125371625627791625343,2026-09-02T15:05:00+00:00,2026-09-02T15:10:00+00:00,4.52,0.37,0.38,0.375,0.01,245.2,9.9,99
2026-09-02T15:05:29.389142+00:00,btc-updown-5m-1788361800,5,4060857,15414440814548831002203681113900887266768083894678470228737858288511745265765,2026-09-02T15:10:00+00:00,2026-09-02T15:15:00+00:00,9.52,0.5,0.51,0.505,0.01,276.73,813.58,99
2026-09-02T15:05:29.389142+00:00,btc-updown-15m-1788361200,15,4060792,22635571945571459216544111568183586464483332617545042449076750013337425611204,2026-09-02T15:00:00+00:00,2026-09-02T15:15:00+00:00,9.52,0.48,0.51,0.495,0.03,80.0,15.0,94
2026-09-02T15:05:29.389142+00:00,btc-updown-15m-1788362100,15,4060863,34255365628591725462060957604458786128954282570731029961496475982309951893651,2026-09-02T15:15:00+00:00,2026-09-02T15:30:00+00:00,24.52,0.49,0.5,0.495,0.01,757.4,170.0,99
2026-09-02T15:06:30.314323+00:00,btc-updown-5m-1788361500,5,4060839,111300600796956830927509801188742162751718979422083078100125371625627791625343,2026-09-02T15:05:00+00:00,2026-09-02T15:10:00+00:00,3.5,0.66,0.67,0.665,0.01,25.0,563.24,99
2026-09-02T15:06:30.314323+00:00,btc-updown-5m-1788361800,5,4060857,15414440814548831002203681113900887266768083894678470228737858288511745265765,2026-09-02T15:10:00+00:00,2026-09-02T15:15:00+00:00,8.5,0.5,0.51,0.505,0.01,226.73,805.74,99
2026-09-02T15:06:30.314323+00:00,btc-updown-15m-1788361200,15,4060792,22635571945571459216544111568183586464483332617545042449076750013337425611204,2026-09-02T15:00:00+00:00,2026-09-02T15:15:00+00:00,8.5,0.66,0.67,0.665,0.01,6.0,155.0,97
2026-09-02T15:06:30.314323+00:00,btc-updown-15m-1788362100,15,4060863,34255365628591725462060957604458786128954282570731029961496475982309951893651,2026-09-02T15:15:00+00:00,2026-09-02T15:30:00+00:00,23.5,0.49,0.5,0.495,0.01,677.4,170.0,99
2026-09-02T15:07:31.230759+00:00,btc-updown-5m-1788361500,5,4060839,111300600796956830927509801188742162751718979422083078100125371625627791625343,2026-09-02T15:05:00+00:00,2026-09-02T15:10:00+00:00,2.48,0.08,0.09,0.085,0.01,164.52,228.88,99
2026-09-02T15:07:31.230759+00:00,btc-updown-5m-1788361800,5,4060857,15414440814548831002203681113900887266768083894678470228737858288511745265765,2026-09-02T15:10:00+00:00,2026-09-02T15:15:00+00:00,7.48,0.5,0.51,0.505,0.01,384.73,750.74,99
2026-09-02T15:07:31.230759+00:00,btc-updown-15m-1788361200,15,4060792,22635571945571459216544111568183586464483332617545042449076750013337425611204,2026-09-02T15:00:00+00:00,2026-09-02T15:15:00+00:00,7.48,0.26,0.28,0.27,0.02,41.0,35.0,97
2026-09-02T15:07:31.230759+00:00,btc-updown-15m-1788362100,15,4060863,34255365628591725462060957604458786128954282570731029961496475982309951893651,2026-09-02T15:15:00+00:00,2026-09-02T15:30:00+00:00,22.48,0.49,0.5,0.495,0.01,857.4,170.0,99
2026-09-02T15:08:32.696632+00:00,btc-updown-5m-1788361800,5,4060857,15414440814548831002203681113900887266768083894678470228737858288511745265765,2026-09-02T15:10:00+00:00,2026-09-02T15:15:00+00:00,6.47,0.5,0.51,0.505,0.01,761.53,238.0,99
2026-09-02T15:08:32.696632+00:00,btc-updown-15m-1788361200,15,4060792,22635571945571459216544111568183586464483332617545042449076750013337425611204,2026-09-02T15:00:00+00:00,2026-09-02T15:15:00+00:00,6.47,0.13,0.14,0.135,0.01,50.0,55.0,98
2026-09-02T15:08:32.696632+00:00,btc-updown-15m-1788362100,15,4060863,34255365628591725462060957604458786128954282570731029961496475982309951893651,2026-09-02T15:15:00+00:00,2026-09-02T15:30:00+00:00,21.47,0.49,0.5,0.495,0.01,957.4,170.0,99
2026-09-02T15:09:33.572665+00:00,btc-updown-5m-1788361800,5,4060857,15414440814548831002203681113900887266768083894678470228737858288511745265765,2026-09-02T15:10:00+00:00,2026-09-02T15:15:00+00:00,5.45,0.55,0.57,0.56,0.02,84.0,5.0,98
2026-09-02T15:09:33.572665+00:00,btc-updown-15m-1788361200,15,4060792,22635571945571459216544111568183586464483332617545042449076750013337425611204,2026-09-02T15:00:00+00:00,2026-09-02T15:15:00+00:00,5.45,0.05,0.06,0.055,0.01,52.88,256.39,99
2026-09-02T15:09:33.572665+00:00,btc-updown-15m-1788362100,15,4060863,34255365628591725462060957604458786128954282570731029961496475982309951893651,2026-09-02T15:15:00+00:00,2026-09-02T15:30:00+00:00,20.45,0.49,0.5,0.495,0.01,1748.22,66.0,99
2026-09-02T15:10:34.374184+00:00,btc-updown-5m-1788361800,5,4060857,15414440814548831002203681113900887266768083894678470228737858288511745265765,2026-09-02T15:10:00+00:00,2026-09-02T15:15:00+00:00,4.43,0.38,0.39,0.385,0.01,326.9,190.0,99
2026-09-02T15:10:34.374184+00:00,btc-updown-5m-1788362100,5,4060866,104558838201755768291490498578437164278226997044230549057595328002864052869041,2026-09-02T15:15:00+00:00,2026-09-02T15:20:00+00:00,9.43,0.5,0.51,0.505,0.01,945.96,555.96,99
2026-09-02T15:10:34.374184+00:00,btc-updown-15m-1788361200,15,4060792,22635571945571459216544111568183586464483332617545042449076750013337425611204,2026-09-02T15:00:00+00:00,2026-09-02T15:15:00+00:00,4.43,0.02,0.03,0.025,0.01,28.6,155.0,99
2026-09-02T15:10:34.374184+00:00,btc-updown-15m-1788362100,15,4060863,34255365628591725462060957604458786128954282570731029961496475982309951893651,2026-09-02T15:15:00+00:00,2026-09-02T15:30:00+00:00,19.43,0.49,0.5,0.495,0.01,1883.22,78.0,99
2026-09-02T15:11:35.312812+00:00,btc-updown-5m-1788361800,5,4060857,15414440814548831002203681113900887266768083894678470228737858288511745265765,2026-09-02T15:10:00+00:00,2026-09-02T15:15:00+00:00,3.42,0.31,0.32,0.315,0.01,56.23,186.4,99
2026-09-02T15:11:35.312812+00:00,btc-updown-5m-1788362100,5,4060866,104558838201755768291490498578437164278226997044230549057595328002864052869041,2026-09-02T15:15:00+00:00,2026-09-02T15:20:00+00:00,8.42,0.5,0.51,0.505,0.01,2281.96,435.14,99
2026-09-02T15:11:35.312812+00:00,btc-updown-15m-1788361200,15,4060792,22635571945571459216544111568183586464483332617545042449076750013337425611204,2026-09-02T15:00:00+00:00,2026-09-02T15:15:00+00:00,3.42,0.01,0.02,0.015,0.01,457.29,426.0,102
2026-09-02T15:11:35.312812+00:00,btc-updown-15m-1788362100,15,4060863,34255365628591725462060957604458786128954282570731029961496475982309951893651,2026-09-02T15:15:00+00:00,2026-09-02T15:30:00+00:00,18.42,0.5,0.51,0.505,0.01,1303.32,216.08,99
2026-09-02T15:12:36.312809+00:00,btc-updown-5m-1788361800,5,4060857,15414440814548831002203681113900887266768083894678470228737858288511745265765,2026-09-02T15:10:00+00:00,2026-09-02T15:15:00+00:00,2.4,0.12,0.13,0.125,0.01,219.0,217.61,99
2026-09-02T15:12:36.312809+00:00,btc-updown-5m-1788362100,5,4060866,104558838201755768291490498578437164278226997044230549057595328002864052869041,2026-09-02T15:15:00+00:00,2026-09-02T15:20:00+00:00,7.4,0.5,0.51,0.505,0.01,1386.96,233.7,99
2026-09-02T15:12:36.312809+00:00,btc-updown-15m-1788362100,15,4060863,34255365628591725462060957604458786128954282570731029961496475982309951893651,2026-09-02T15:15:00+00:00,2026-09-02T15:30:00+00:00,17.4,0.51,0.52,0.515,0.01,1131.2,314.22,99
2026-09-02T15:14:11.602807+00:00,btc-updown-5m-1788362100,5,4060866,104558838201755768291490498578437164278226997044230549057595328002864052869041,2026-09-02T15:15:00+00:00,2026-09-02T15:20:00+00:00,5.82,0.52,0.53,0.525,0.01,185.49,209.38,99
2026-09-02T15:14:11.602807+00:00,btc-updown-15m-1788362100,15,4060863,34255365628591725462060957604458786128954282570731029961496475982309951893651,2026-09-02T15:15:00+00:00,2026-09-02T15:30:00+00:00,15.82,0.51,0.52,0.515,0.01,1047.79,30.9,90
2026-09-02T15:15:12.336403+00:00,btc-updown-5m-1788362100,5,4060866,104558838201755768291490498578437164278226997044230549057595328002864052869041,2026-09-02T15:15:00+00:00,2026-09-02T15:20:00+00:00,4.8,0.7,0.71,0.705,0.01,30.0,213.49,99
2026-09-02T15:15:12.336403+00:00,btc-updown-5m-1788362400,5,4060918,94330333998244774379993841930498596987907158682102651610677482946590139113527,2026-09-02T15:20:00+00:00,2026-09-02T15:25:00+00:00,9.8,0.5,0.51,0.505,0.01,1075.22,183.14,99
2026-09-02T15:15:12.336403+00:00,btc-updown-15m-1788362100,15,4060863,34255365628591725462060957604458786128954282570731029961496475982309951893651,2026-09-02T15:15:00+00:00,2026-09-02T15:30:00+00:00,14.8,0.63,0.64,0.635,0.01,132.2,17.48,99
2026-09-02T15:15:12.336403+00:00,btc-updown-15m-1788363000,15,4060977,87535443971763484302227948234515978252651520000278583184842265105156813721094,2026-09-02T15:30:00+00:00,2026-09-02T15:45:00+00:00,29.8,0.5,0.51,0.505,0.01,1266.28,166.97,99
2026-09-02T15:16:13.309636+00:00,btc-updown-5m-1788362100,5,4060866,104558838201755768291490498578437164278226997044230549057595328002864052869041,2026-09-02T15:15:00+00:00,2026-09-02T15:20:00+00:00,3.78,0.82,0.83,0.825,0.01,933.39,131.0,99
2026-09-02T15:16:13.309636+00:00,btc-updown-5m-1788362400,5,4060918,94330333998244774379993841930498596987907158682102651610677482946590139113527,2026-09-02T15:20:00+00:00,2026-09-02T15:25:00+00:00,8.78,0.5,0.51,0.505,0.01,985.46,388.14,99
2026-09-02T15:16:13.309636+00:00,btc-updown-15m-1788362100,15,4060863,34255365628591725462060957604458786128954282570731029961496475982309951893651,2026-09-02T15:15:00+00:00,2026-09-02T15:30:00+00:00,13.78,0.68,0.69,0.685,0.01,100.93,15.0,99
2026-09-02T15:16:13.309636+00:00,btc-updown-15m-1788363000,15,4060977,87535443971763484302227948234515978252651520000278583184842265105156813721094,2026-09-02T15:30:00+00:00,2026-09-02T15:45:00+00:00,28.78,0.5,0.51,0.505,0.01,571.28,366.97,99
2026-09-02T15:17:14.269323+00:00,btc-updown-5m-1788362100,5,4060866,104558838201755768291490498578437164278226997044230549057595328002864052869041,2026-09-02T15:15:00+00:00,2026-09-02T15:20:00+00:00,2.77,0.93,0.94,0.935,0.01,199.85,319.71,99
2026-09-02T15:17:14.269323+00:00,btc-updown-5m-1788362400,5,4060918,94330333998244774379993841930498596987907158682102651610677482946590139113527,2026-09-02T15:20:00+00:00,2026-09-02T15:25:00+00:00,7.77,0.5,0.51,0.505,0.01,872.0,434.14,99
2026-09-02T15:17:14.269323+00:00,btc-updown-15m-1788362100,15,4060863,34255365628591725462060957604458786128954282570731029961496475982309951893651,2026-09-02T15:15:00+00:00,2026-09-02T15:30:00+00:00,12.77,0.75,0.76,0.755,0.01,15.0,15.0,99
2026-09-02T15:17:14.269323+00:00,btc-updown-15m-1788363000,15,4060977,87535443971763484302227948234515978252651520000278583184842265105156813721094,2026-09-02T15:30:00+00:00,2026-09-02T15:45:00+00:00,27.77,0.5,0.51,0.505,0.01,571.28,366.97,99
2026-09-02T15:18:15.193619+00:00,btc-updown-5m-1788362400,5,4060918,94330333998244774379993841930498596987907158682102651610677482946590139113527,2026-09-02T15:20:00+00:00,2026-09-02T15:25:00+00:00,6.75,0.52,0.53,0.525,0.01,42.0,286.01,99
2026-09-02T15:18:15.193619+00:00,btc-updown-15m-1788362100,15,4060863,34255365628591725462060957604458786128954282570731029961496475982309951893651,2026-09-02T15:15:00+00:00,2026-09-02T15:30:00+00:00,11.75,0.85,0.86,0.855,0.01,50.0,20.0,99
2026-09-02T15:18:15.193619+00:00,btc-updown-15m-1788363000,15,4060977,87535443971763484302227948234515978252651520000278583184842265105156813721094,2026-09-02T15:30:00+00:00,2026-09-02T15:45:00+00:00,26.75,0.5,0.51,0.505,0.01,401.28,366.97,99
2026-09-02T15:19:16.015990+00:00,btc-updown-5m-1788362400,5,4060918,94330333998244774379993841930498596987907158682102651610677482946590139113527,2026-09-02T15:20:00+00:00,2026-09-02T15:25:00+00:00,5.73,0.52,0.53,0.525,0.01,267.0,22.0,99
2026-09-02T15:19:16.015990+00:00,btc-updown-15m-1788362100,15,4060863,34255365628591725462060957604458786128954282570731029961496475982309951893651,2026-09-02T15:15:00+00:00,2026-09-02T15:30:00+00:00,10.73,0.91,0.92,0.915,0.01,115.0,32.4,99
2026-09-02T15:19:16.015990+00:00,btc-updown-15m-1788363000,15,4060977,87535443971763484302227948234515978252651520000278583184842265105156813721094,2026-09-02T15:30:00+00:00,2026-09-02T15:45:00+00:00,25.73,0.5,0.51,0.505,0.01,211.28,776.97,99
2026-09-02T15:20:16.840044+00:00,btc-updown-5m-1788362400,5,4060918,94330333998244774379993841930498596987907158682102651610677482946590139113527,2026-09-02T15:20:00+00:00,2026-09-02T15:25:00+00:00,4.73,0.5,0.51,0.505,0.01,25.0,346.3,99
2026-09-02T15:20:16.840044+00:00,btc-updown-5m-1788362700,5,4060935,1442529797409916990890027455502134489209496998620132751943781563657815725584,2026-09-02T15:25:00+00:00,2026-09-02T15:30:00+00:00,9.73,0.5,0.51,0.505,0.01,303.88,1221.6,99
2026-09-02T15:20:16.840044+00:00,btc-updown-15m-1788362100,15,4060863,34255365628591725462060957604458786128954282570731029961496475982309951893651,2026-09-02T15:15:00+00:00,2026-09-02T15:30:00+00:00,9.73,0.95,0.96,0.955,0.01,15.0,214.79,99
2026-09-02T15:20:16.840044+00:00,btc-updown-15m-1788363000,15,4060977,87535443971763484302227948234515978252651520000278583184842265105156813721094,2026-09-02T15:30:00+00:00,2026-09-02T15:45:00+00:00,24.73,0.5,0.51,0.505,0.01,211.28,1197.79,99
2026-09-02T15:21:17.788204+00:00,btc-updown-5m-1788362400,5,4060918,94330333998244774379993841930498596987907158682102651610677482946590139113527,2026-09-02T15:20:00+00:00,2026-09-02T15:25:00+00:00,3.72,0.13,0.14,0.135,0.01,119.17,221.24,99
2026-09-02T15:21:17.788204+00:00,btc-updown-5m-1788362700,5,4060935,1442529797409916990890027455502134489209496998620132751943781563657815725584,2026-09-02T15:25:00+00:00,2026-09-02T15:30:00+00:00,8.72,0.5,0.51,0.505,0.01,338.88,1075.38,99
2026-09-02T15:21:17.788204+00:00,btc-updown-15m-1788362100,15,4060863,34255365628591725462060957604458786128954282570731029961496475982309951893651,2026-09-02T15:15:00+00:00,2026-09-02T15:30:00+00:00,8.72,0.88,0.89,0.885,0.01,105.0,15.0,99
2026-09-02T15:21:17.788204+00:00,btc-updown-15m-1788363000,15,4060977,87535443971763484302227948234515978252651520000278583184842265105156813721094,2026-09-02T15:30:00+00:00,2026-09-02T15:45:00+00:00,23.72,0.5,0.51,0.505,0.01,299.28,387.79,99
2026-09-02T15:22:19.102944+00:00,btc-updown-5m-1788362400,5,4060918,94330333998244774379993841930498596987907158682102651610677482946590139113527,2026-09-02T15:20:00+00:00,2026-09-02T15:25:00+00:00,2.68,0.09,0.1,0.095,0.01,187.0,268.0,99
2026-09-02T15:22:19.102944+00:00,btc-updown-5m-1788362700,5,4060935,1442529797409916990890027455502134489209496998620132751943781563657815725584,2026-09-02T15:25:00+00:00,2026-09-02T15:30:00+00:00,7.68,0.5,0.51,0.505,0.01,178.88,987.64,99
2026-09-02T15:22:19.102944+00:00,btc-updown-15m-1788362100,15,4060863,34255365628591725462060957604458786128954282570731029961496475982309951893651,2026-09-02T15:15:00+00:00,2026-09-02T15:30:00+00:00,7.68,0.93,0.94,0.935,0.01,75.0,408.52,99
2026-09-02T15:22:19.102944+00:00,btc-updown-15m-1788363000,15,4060977,87535443971763484302227948234515978252651520000278583184842265105156813721094,2026-09-02T15:30:00+00:00,2026-09-02T15:45:00+00:00,22.68,0.5,0.51,0.505,0.01,299.28,387.79,99
2026-09-02T15:23:20.033028+00:00,btc-updown-5m-1788362400,5,4060918,94330333998244774379993841930498596987907158682102651610677482946590139113527,2026-09-02T15:20:00+00:00,2026-09-02T15:25:00+00:00,1.67,0.18,0.19,0.185,0.01,74.56,487.73,99
2026-09-02T15:23:20.033028+00:00,btc-updown-5m-1788362700,5,4060935,1442529797409916990890027455502134489209496998620132751943781563657815725584,2026-09-02T15:25:00+00:00,2026-09-02T15:30:00+00:00,6.67,0.5,0.51,0.505,0.01,187.88,927.63,99
2026-09-02T15:23:20.033028+00:00,btc-updown-15m-1788362100,15,4060863,34255365628591725462060957604458786128954282570731029961496475982309951893651,2026-09-02T15:15:00+00:00,2026-09-02T15:30:00+00:00,6.67,0.96,0.97,0.965,0.01,171.92,179.96,99
2026-09-02T15:23:20.033028+00:00,btc-updown-15m-1788363000,15,4060977,87535443971763484302227948234515978252651520000278583184842265105156813721094,2026-09-02T15:30:00+00:00,2026-09-02T15:45:00+00:00,21.67,0.5,0.51,0.505,0.01,209.28,417.79,99
2026-09-02T15:24:20.946456+00:00,btc-updown-5m-1788362700,5,4060935,1442529797409916990890027455502134489209496998620132751943781563657815725584,2026-09-02T15:25:00+00:00,2026-09-02T15:30:00+00:00,5.67,0.49,0.5,0.495,0.01,519.0,268.06,99
2026-09-02T15:24:20.946456+00:00,btc-updown-15m-1788362100,15,4060863,34255365628591725462060957604458786128954282570731029961496475982309951893651,2026-09-02T15:15:00+00:00,2026-09-02T15:30:00+00:00,5.67,0.95,0.96,0.955,0.01,181.89,65.0,99
2026-09-02T15:24:20.946456+00:00,btc-updown-15m-1788363000,15,4060977,87535443971763484302227948234515978252651520000278583184842265105156813721094,2026-09-02T15:30:00+00:00,2026-09-02T15:45:00+00:00,20.67,0.5,0.51,0.505,0.01,239.28,591.87,99
2026-09-02T15:25:21.763957+00:00,btc-updown-5m-1788362700,5,4060935,1442529797409916990890027455502134489209496998620132751943781563657815725584,2026-09-02T15:25:00+00:00,2026-09-02T15:30:00+00:00,4.65,0.43,0.44,0.435,0.01,321.63,9.37,99
2026-09-02T15:25:21.763957+00:00,btc-updown-5m-1788363000,5,4060985,80220939940550320802374564802733827609596407537298876724131068513219318610837,2026-09-02T15:30:00+00:00,2026-09-02T15:35:00+00:00,9.65,0.5,0.51,0.505,0.01,248.25,842.86,99
2026-09-02T15:25:21.763957+00:00,btc-updown-15m-1788362100,15,4060863,34255365628591725462060957604458786128954282570731029961496475982309951893651,2026-09-02T15:15:00+00:00,2026-09-02T15:30:00+00:00,4.65,0.97,0.98,0.975,0.01,168.0,249.65,109
2026-09-02T15:25:21.763957+00:00,btc-updown-15m-1788363000,15,4060977,87535443971763484302227948234515978252651520000278583184842265105156813721094,2026-09-02T15:30:00+00:00,2026-09-02T15:45:00+00:00,19.65,0.5,0.51,0.505,0.01,311.28,603.87,99
2026-09-02T15:26:22.774914+00:00,btc-updown-5m-1788362700,5,4060935,1442529797409916990890027455502134489209496998620132751943781563657815725584,2026-09-02T15:25:00+00:00,2026-09-02T15:30:00+00:00,3.63,0.54,0.55,0.545,0.01,23.95,480.36,99
2026-09-02T15:26:22.774914+00:00,btc-updown-5m-1788363000,5,4060985,80220939940550320802374564802733827609596407537298876724131068513219318610837,2026-09-02T15:30:00+00:00,2026-09-02T15:35:00+00:00,8.63,0.5,0.51,0.505,0.01,378.25,989.31,99
2026-09-02T15:26:22.774914+00:00,btc-updown-15m-1788362100,15,4060863,34255365628591725462060957604458786128954282570731029961496475982309951893651,2026-09-02T15:15:00+00:00,2026-09-02T15:30:00+00:00,3.63,0.991,0.995,0.993,0.004,100.0,3895.57,109
2026-09-02T15:26:22.774914+00:00,btc-updown-15m-1788363000,15,4060977,87535443971763484302227948234515978252651520000278583184842265105156813721094,2026-09-02T15:30:00+00:00,2026-09-02T15:45:00+00:00,18.63,0.5,0.51,0.505,0.01,251.28,142.0,99
2026-09-02T15:27:23.722524+00:00,btc-updown-5m-1788362700,5,4060935,1442529797409916990890027455502134489209496998620132751943781563657815725584,2026-09-02T15:25:00+00:00,2026-09-02T15:30:00+00:00,2.62,0.83,0.84,0.835,0.01,170.0,159.17,99
2026-09-02T15:27:23.722524+00:00,btc-updown-5m-1788363000,5,4060985,80220939940550320802374564802733827609596407537298876724131068513219318610837,2026-09-02T15:30:00+00:00,2026-09-02T15:35:00+00:00,7.62,0.5,0.51,0.505,0.01,238.25,981.31,99
2026-09-02T15:27:23.722524+00:00,btc-updown-15m-1788363000,15,4060977,87535443971763484302227948234515978252651520000278583184842265105156813721094,2026-09-02T15:30:00+00:00,2026-09-02T15:45:00+00:00,17.62,0.5,0.51,0.505,0.01,219.48,706.08,99
2026-09-02T15:29:16.382330+00:00,btc-updown-5m-1788362700,5,4060935,1442529797409916990890027455502134489209496998620132751943781563657815725584,2026-09-02T15:25:00+00:00,2026-09-02T15:30:00+00:00,0.73,0.7,0.72,0.71,0.02,12.0,95.0,96
2026-09-02T15:29:16.382330+00:00,btc-updown-5m-1788363000,5,4060985,80220939940550320802374564802733827609596407537298876724131068513219318610837,2026-09-02T15:30:00+00:00,2026-09-02T15:35:00+00:00,5.73,0.5,0.51,0.505,0.01,58.39,154.19,99
2026-09-02T15:29:16.382330+00:00,btc-updown-15m-1788363000,15,4060977,87535443971763484302227948234515978252651520000278583184842265105156813721094,2026-09-02T15:30:00+00:00,2026-09-02T15:45:00+00:00,15.73,0.5,0.51,0.505,0.01,157.88,246.08,93
2026-09-02T15:30:17.193552+00:00,btc-updown-5m-1788363000,5,4060985,80220939940550320802374564802733827609596407537298876724131068513219318610837,2026-09-02T15:30:00+00:00,2026-09-02T15:35:00+00:00,4.72,0.65,0.66,0.655,0.01,380.34,45.51,99
2026-09-02T15:30:17.193552+00:00,btc-updown-5m-1788363300,5,4061044,14302785800651505999211606388338011327832691885790505637517378928882384089758,2026-09-02T15:35:00+00:00,2026-09-02T15:40:00+00:00,9.72,0.5,0.51,0.505,0.01,125.65,749.07,99
2026-09-02T15:30:17.193552+00:00,btc-updown-15m-1788363000,15,4060977,87535443971763484302227948234515978252651520000278583184842265105156813721094,2026-09-02T15:30:00+00:00,2026-09-02T15:45:00+00:00,14.72,0.56,0.57,0.565,0.01,58.17,98.52,99
2026-09-02T15:30:17.193552+00:00,btc-updown-15m-1788363900,15,4061114,23338475386432199419451077146119327740044339319212978361617152495523686734627,2026-09-02T15:45:00+00:00,2026-09-02T16:00:00+00:00,29.72,0.5,0.51,0.505,0.01,50.0,759.08,99
2026-09-02T15:31:18.111132+00:00,btc-updown-5m-1788363000,5,4060985,80220939940550320802374564802733827609596407537298876724131068513219318610837,2026-09-02T15:30:00+00:00,2026-09-02T15:35:00+00:00,3.7,0.37,0.38,0.375,0.01,2.0,353.34,99
2026-09-02T15:31:18.111132+00:00,btc-updown-5m-1788363300,5,4061044,14302785800651505999211606388338011327832691885790505637517378928882384089758,2026-09-02T15:35:00+00:00,2026-09-02T15:40:00+00:00,8.7,0.5,0.51,0.505,0.01,122.65,845.03,99
2026-09-02T15:31:18.111132+00:00,btc-updown-15m-1788363000,15,4060977,87535443971763484302227948234515978252651520000278583184842265105156813721094,2026-09-02T15:30:00+00:00,2026-09-02T15:45:00+00:00,13.7,0.45,0.46,0.455,0.01,15.0,170.87,86
2026-09-02T15:31:18.111132+00:00,btc-updown-15m-1788363900,15,4061114,23338475386432199419451077146119327740044339319212978361617152495523686734627,2026-09-02T15:45:00+00:00,2026-09-02T16:00:00+00:00,28.7,0.5,0.51,0.505,0.01,110.0,669.08,99
2026-09-02T15:32:19.046154+00:00,btc-updown-5m-1788363000,5,4060985,80220939940550320802374564802733827609596407537298876724131068513219318610837,2026-09-02T15:30:00+00:00,2026-09-02T15:35:00+00:00,2.68,0.72,0.73,0.725,0.01,197.55,20.0,99
2026-09-02T15:32:19.046154+00:00,btc-updown-5m-1788363300,5,4061044,14302785800651505999211606388338011327832691885790505637517378928882384089758,2026-09-02T15:35:00+00:00,2026-09-02T15:40:00+00:00,7.68,0.5,0.51,0.505,0.01,90.65,900.03,99
2026-09-02T15:32:19.046154+00:00,btc-updown-15m-1788363000,15,4060977,87535443971763484302227948234515978252651520000278583184842265105156813721094,2026-09-02T15:30:00+00:00,2026-09-02T15:45:00+00:00,12.68,0.6,0.61,0.605,0.01,222.39,16.0,84
2026-09-02T15:32:19.046154+00:00,btc-updown-15m-1788363900,15,4061114,23338475386432199419451077146119327740044339319212978361617152495523686734627,2026-09-02T15:45:00+00:00,2026-09-02T16:00:00+00:00,27.68,0.5,0.51,0.505,0.01,250.0,829.08,99
2026-09-02T15:33:20.037859+00:00,btc-updown-5m-1788363300,5,4061044,14302785800651505999211606388338011327832691885790505637517378928882384089758,2026-09-02T15:35:00+00:00,2026-09-02T15:40:00+00:00,6.67,0.49,0.5,0.495,0.01,398.04,77.0,99
2026-09-02T15:33:20.037859+00:00,btc-updown-15m-1788363000,15,4060977,87535443971763484302227948234515978252651520000278583184842265105156813721094,2026-09-02T15:30:00+00:00,2026-09-02T15:45:00+00:00,11.67,0.81,0.82,0.815,0.01,18.0,135.0,78
2026-09-02T15:33:20.037859+00:00,btc-updown-15m-1788363900,15,4061114,23338475386432199419451077146119327740044339319212978361617152495523686734627,2026-09-02T15:45:00+00:00,2026-09-02T16:00:00+00:00,26.67,0.49,0.51,0.5,0.02,439.47,829.08,98
2026-09-02T15:34:20.834936+00:00,btc-updown-5m-1788363300,5,4061044,14302785800651505999211606388338011327832691885790505637517378928882384089758,2026-09-02T15:35:00+00:00,2026-09-02T15:40:00+00:00,5.67,0.5,0.51,0.505,0.01,20.0,110.79,99
2026-09-02T15:34:20.834936+00:00,btc-updown-15m-1788363000,15,4060977,87535443971763484302227948234515978252651520000278583184842265105156813721094,2026-09-02T15:30:00+00:00,2026-09-02T15:45:00+00:00,10.67,0.9,0.91,0.905,0.01,135.0,5.0,69
2026-09-02T15:34:20.834936+00:00,btc-updown-15m-1788363900,15,4061114,23338475386432199419451077146119327740044339319212978361617152495523686734627,2026-09-02T15:45:00+00:00,2026-09-02T16:00:00+00:00,25.67,0.49,0.5,0.495,0.01,439.47,650.46,99
2026-09-02T15:35:21.648403+00:00,btc-updown-5m-1788363300,5,4061044,14302785800651505999211606388338011327832691885790505637517378928882384089758,2026-09-02T15:35:00+00:00,2026-09-02T15:40:00+00:00,4.65,0.51,0.52,0.515,0.01,108.29,499.0,99
2026-09-02T15:35:21.648403+00:00,btc-updown-5m-1788363600,5,4061080,50569456261239863504461642646365048118435842833779647137883186779060773207970,2026-09-02T15:40:00+00:00,2026-09-02T15:45:00+00:00,9.65,0.49,0.5,0.495,0.01,426.78,2046.06,99
2026-09-02T15:35:21.648403+00:00,btc-updown-15m-1788363000,15,4060977,87535443971763484302227948234515978252651520000278583184842265105156813721094,2026-09-02T15:30:00+00:00,2026-09-02T15:45:00+00:00,9.65,0.92,0.93,0.925,0.01,114.37,10.0,68
2026-09-02T15:35:21.648403+00:00,btc-updown-15m-1788363900,15,4061114,23338475386432199419451077146119327740044339319212978361617152495523686734627,2026-09-02T15:45:00+00:00,2026-09-02T16:00:00+00:00,24.65,0.49,0.5,0.495,0.01,245.77,678.46,99
2026-09-02T15:36:22.595614+00:00,btc-updown-5m-1788363300,5,4061044,14302785800651505999211606388338011327832691885790505637517378928882384089758,2026-09-02T15:35:00+00:00,2026-09-02T15:40:00+00:00,3.63,0.63,0.64,0.635,0.01,35.0,626.77,99
2026-09-02T15:36:22.595614+00:00,btc-updown-5m-1788363600,5,4061080,50569456261239863504461642646365048118435842833779647137883186779060773207970,2026-09-02T15:40:00+00:00,2026-09-02T15:45:00+00:00,8.63,0.49,0.5,0.495,0.01,575.0,1250.06,99
2026-09-02T15:36:22.595614+00:00,btc-updown-15m-1788363000,15,4060977,87535443971763484302227948234515978252651520000278583184842265105156813721094,2026-09-02T15:30:00+00:00,2026-09-02T15:45:00+00:00,8.63,0.94,0.95,0.945,0.01,115.0,63.42,69
2026-09-02T15:36:22.595614+00:00,btc-updown-15m-1788363900,15,4061114,23338475386432199419451077146119327740044339319212978361617152495523686734627,2026-09-02T15:45:00+00:00,2026-09-02T16:00:00+00:00,23.63,0.49,0.5,0.495,0.01,440.05,676.46,99
2026-09-02T15:37:23.507764+00:00,btc-updown-5m-1788363300,5,4061044,14302785800651505999211606388338011327832691885790505637517378928882384089758,2026-09-02T15:35:00+00:00,2026-09-02T15:40:00+00:00,2.62,0.26,0.27,0.265,0.01,115.0,247.35,99
2026-09-02T15:37:23.507764+00:00,btc-updown-5m-1788363600,5,4061080,50569456261239863504461642646365048118435842833779647137883186779060773207970,2026-09-02T15:40:00+00:00,2026-09-02T15:45:00+00:00,7.62,0.49,0.5,0.495,0.01,567.0,1130.06,99
2026-09-02T15:37:23.507764+00:00,btc-updown-15m-1788363000,15,4060977,87535443971763484302227948234515978252651520000278583184842265105156813721094,2026-09-02T15:30:00+00:00,2026-09-02T15:45:00+00:00,7.62,0.91,0.92,0.915,0.01,115.0,110.0,73
2026-09-02T15:37:23.507764+00:00,btc-updown-15m-1788363900,15,4061114,23338475386432199419451077146119327740044339319212978361617152495523686734627,2026-09-02T15:45:00+00:00,2026-09-02T16:00:00+00:00,22.62,0.49,0.5,0.495,0.01,440.05,656.46,99
2026-09-02T15:38:24.436899+00:00,btc-updown-5m-1788363300,5,4061044,14302785800651505999211606388338011327832691885790505637517378928882384089758,2026-09-02T15:35:00+00:00,2026-09-02T15:40:00+00:00,1.6,0.03,0.04,0.035,0.01,302.46,123.46,99
2026-09-02T15:38:24.436899+00:00,btc-updown-5m-1788363600,5,4061080,50569456261239863504461642646365048118435842833779647137883186779060773207970,2026-09-02T15:40:00+00:00,2026-09-02T15:45:00+00:00,6.6,0.49,0.5,0.495,0.01,540.08,516.0,99
2026-09-02T15:38:24.436899+00:00,btc-updown-15m-1788363000,15,4060977,87535443971763484302227948234515978252651520000278583184842265105156813721094,2026-09-02T15:30:00+00:00,2026-09-02T15:45:00+00:00,6.6,0.87,0.88,0.875,0.01,11.0,189.0,76
2026-09-02T15:38:24.436899+00:00,btc-updown-15m-1788363900,15,4061114,23338475386432199419451077146119327740044339319212978361617152495523686734627,2026-09-02T15:45:00+00:00,2026-09-02T16:00:00+00:00,21.6,0.49,0.5,0.495,0.01,440.05,656.46,99
2026-09-02T15:39:25.384863+00:00,btc-updown-5m-1788363600,5,4061080,50569456261239863504461642646365048118435842833779647137883186779060773207970,2026-09-02T15:40:00+00:00,2026-09-02T15:45:00+00:00,5.58,0.49,0.5,0.495,0.01,184.85,655.64,99
2026-09-02T15:39:25.384863+00:00,btc-updown-15m-1788363000,15,4060977,87535443971763484302227948234515978252651520000278583184842265105156813721094,2026-09-02T15:30:00+00:00,2026-09-02T15:45:00+00:00,5.58,0.88,0.89,0.885,0.01,72.0,140.0,74
2026-09-02T15:39:25.384863+00:00,btc-updown-15m-1788363900,15,4061114,23338475386432199419451077146119327740044339319212978361617152495523686734627,2026-09-02T15:45:00+00:00,2026-09-02T16:00:00+00:00,20.58,0.49,0.5,0.495,0.01,440.05,656.46,99
2026-09-02T15:40:26.182032+00:00,btc-updown-5m-1788363600,5,4061080,50569456261239863504461642646365048118435842833779647137883186779060773207970,2026-09-02T15:40:00+00:00,2026-09-02T15:45:00+00:00,4.57,0.47,0.48,0.475,0.01,225.56,480.42,99
2026-09-02T15:40:26.182032+00:00,btc-updown-5m-1788363900,5,4061118,96930119978573011453979549518251660932363204970908896779961284349317705318544,2026-09-02T15:45:00+00:00,2026-09-02T15:50:00+00:00,9.57,0.49,0.5,0.495,0.01,606.0,565.0,99
2026-09-02T15:40:26.182032+00:00,btc-updown-15m-1788363000,15,4060977,87535443971763484302227948234515978252651520000278583184842265105156813721094,2026-09-02T15:30:00+00:00,2026-09-02T15:45:00+00:00,4.57,0.89,0.9,0.895,0.01,208.47,64.96,75
2026-09-02T15:40:26.182032+00:00,btc-updown-15m-1788363900,15,4061114,23338475386432199419451077146119327740044339319212978361617152495523686734627,2026-09-02T15:45:00+00:00,2026-09-02T16:00:00+00:00,19.57,0.49,0.5,0.495,0.01,344.08,548.46,99
2026-09-02T15:41:27.121958+00:00,btc-updown-5m-1788363600,5,4061080,50569456261239863504461642646365048118435842833779647137883186779060773207970,2026-09-02T15:40:00+00:00,2026-09-02T15:45:00+00:00,3.55,0.41,0.42,0.415,0.01,252.0,574.64,99
2026-09-02T15:41:27.121958+00:00,btc-updown-5m-1788363900,5,4061118,96930119978573011453979549518251660932363204970908896779961284349317705318544,2026-09-02T15:45:00+00:00,2026-09-02T15:50:00+00:00,8.55,0.49,0.5,0.495,0.01,606.0,461.0,99
2026-09-02T15:41:27.121958+00:00,btc-updown-15m-1788363000,15,4060977,87535443971763484302227948234515978252651520000278583184842265105156813721094,2026-09-02T15:30:00+00:00,2026-09-02T15:45:00+00:00,3.55,0.91,0.92,0.915,0.01,150.0,100.0,75
2026-09-02T15:41:27.121958+00:00,btc-updown-15m-1788363900,15,4061114,23338475386432199419451077146119327740044339319212978361617152495523686734627,2026-09-02T15:45:00+00:00,2026-09-02T16:00:00+00:00,18.55,0.49,0.5,0.495,0.01,344.08,468.46,99
2026-09-02T15:42:28.053216+00:00,btc-updown-5m-1788363600,5,4061080,50569456261239863504461642646365048118435842833779647137883186779060773207970,2026-09-02T15:40:00+00:00,2026-09-02T15:45:00+00:00,2.53,0.94,0.95,0.945,0.01,595.08,13.57,99
2026-09-02T15:42:28.053216+00:00,btc-updown-5m-1788363900,5,4061118,96930119978573011453979549518251660932363204970908896779961284349317705318544,2026-09-02T15:45:00+00:00,2026-09-02T15:50:00+00:00,7.53,0.49,0.5,0.495,0.01,513.01,511.0,99
2026-09-02T15:42:28.053216+00:00,btc-updown-15m-1788363900,15,4061114,23338475386432199419451077146119327740044339319212978361617152495523686734627,2026-09-02T15:45:00+00:00,2026-09-02T16:00:00+00:00,17.53,0.49,0.5,0.495,0.01,314.08,655.26,99
2026-09-02T15:43:28.901904+00:00,btc-updown-5m-1788363900,5,4061118,96930119978573011453979549518251660932363204970908896779961284349317705318544,2026-09-02T15:45:00+00:00,2026-09-02T15:50:00+00:00,6.53,0.49,0.5,0.495,0.01,453.3,368.36,99
2026-09-02T15:43:28.901904+00:00,btc-updown-15m-1788363900,15,4061114,23338475386432199419451077146119327740044339319212978361617152495523686734627,2026-09-02T15:45:00+00:00,2026-09-02T16:00:00+00:00,16.53,0.49,0.5,0.495,0.01,95.1,671.76,99
2026-09-02T15:44:29.641847+00:00,btc-updown-5m-1788363900,5,4061118,96930119978573011453979549518251660932363204970908896779961284349317705318544,2026-09-02T15:45:00+00:00,2026-09-02T15:50:00+00:00,5.52,0.5,0.52,0.51,0.02,16.0,276.0,98
2026-09-02T15:44:29.641847+00:00,btc-updown-15m-1788363900,15,4061114,23338475386432199419451077146119327740044339319212978361617152495523686734627,2026-09-02T15:45:00+00:00,2026-09-02T16:00:00+00:00,15.52,0.49,0.5,0.495,0.01,227.37,461.76,93
2026-09-02T15:45:30.382792+00:00,btc-updown-5m-1788363900,5,4061118,96930119978573011453979549518251660932363204970908896779961284349317705318544,2026-09-02T15:45:00+00:00,2026-09-02T15:50:00+00:00,4.5,0.33,0.34,0.335,0.01,138.2,359.5,99
2026-09-02T15:45:30.382792+00:00,btc-updown-5m-1788364200,5,4061132,18781793760441618763212500331335042916631567806170641151456923882901600434098,2026-09-02T15:50:00+00:00,2026-09-02T15:55:00+00:00,9.5,0.49,0.5,0.495,0.01,645.55,1235.09,99
2026-09-02T15:45:30.382792+00:00,btc-updown-15m-1788363900,15,4061114,23338475386432199419451077146119327740044339319212978361617152495523686734627,2026-09-02T15:45:00+00:00,2026-09-02T16:00:00+00:00,14.5,0.42,0.43,0.425,0.01,220.0,4.98,98
2026-09-02T15:45:30.382792+00:00,btc-updown-15m-1788364800,15,4061837,105239103968524129584734293434583542106645083363808338673675388927850142345421,2026-09-02T16:00:00+00:00,2026-09-02T16:15:00+00:00,29.5,0.49,0.5,0.495,0.01,421.13,800.0,87
2026-09-02T15:46:31.343294+00:00,btc-updown-5m-1788363900,5,4061118,96930119978573011453979549518251660932363204970908896779961284349317705318544,2026-09-02T15:45:00+00:00,2026-09-02T15:50:00+00:00,3.48,0.44,0.45,0.445,0.01,75.92,526.29,99
2026-09-02T15:46:31.343294+00:00,btc-updown-5m-1788364200,5,4061132,18781793760441618763212500331335042916631567806170641151456923882901600434098,2026-09-02T15:50:00+00:00,2026-09-02T15:55:00+00:00,8.48,0.49,0.5,0.495,0.01,586.12,1251.09,99
2026-09-02T15:46:31.343294+00:00,btc-updown-15m-1788363900,15,4061114,23338475386432199419451077146119327740044339319212978361617152495523686734627,2026-09-02T15:45:00+00:00,2026-09-02T16:00:00+00:00,13.48,0.44,0.45,0.445,0.01,84.99,108.93,87
2026-09-02T15:46:31.343294+00:00,btc-updown-15m-1788364800,15,4061837,105239103968524129584734293434583542106645083363808338673675388927850142345421,2026-09-02T16:00:00+00:00,2026-09-02T16:15:00+00:00,28.48,0.49,0.5,0.495,0.01,317.05,716.0,87
2026-09-02T15:47:32.248378+00:00,btc-updown-5m-1788363900,5,4061118,96930119978573011453979549518251660932363204970908896779961284349317705318544,2026-09-02T15:45:00+00:00,2026-09-02T15:50:00+00:00,2.47,0.21,0.22,0.215,0.01,226.49,148.0,99
2026-09-02T15:47:32.248378+00:00,btc-updown-5m-1788364200,5,4061132,18781793760441618763212500331335042916631567806170641151456923882901600434098,2026-09-02T15:50:00+00:00,2026-09-02T15:55:00+00:00,7.47,0.49,0.5,0.495,0.01,553.51,1251.09,99
2026-09-02T15:47:32.248378+00:00,btc-updown-15m-1788363900,15,4061114,23338475386432199419451077146119327740044339319212978361617152495523686734627,2026-09-02T15:45:00+00:00,2026-09-02T16:00:00+00:00,12.47,0.36,0.37,0.365,0.01,95.0,121.0,90
2026-09-02T15:47:32.248378+00:00,btc-updown-15m-1788364800,15,4061837,105239103968524129584734293434583542106645083363808338673675388927850142345421,2026-09-02T16:00:00+00:00,2026-09-02T16:15:00+00:00,27.47,0.49,0.5,0.495,0.01,421.13,716.0,87
2026-09-02T15:48:33.194334+00:00,btc-updown-5m-1788364200,5,4061132,18781793760441618763212500331335042916631567806170641151456923882901600434098,2026-09-02T15:50:00+00:00,2026-09-02T15:55:00+00:00,6.45,0.49,0.5,0.495,0.01,455.15,482.0,99
2026-09-02T15:48:33.194334+00:00,btc-updown-15m-1788363900,15,4061114,23338475386432199419451077146119327740044339319212978361617152495523686734627,2026-09-02T15:45:00+00:00,2026-09-02T16:00:00+00:00,11.45,0.22,0.23,0.225,0.01,111.0,41.0,85
2026-09-02T15:48:33.194334+00:00,btc-updown-15m-1788364800,15,4061837,105239103968524129584734293434583542106645083363808338673675388927850142345421,2026-09-02T16:00:00+00:00,2026-09-02T16:15:00+00:00,26.45,0.49,0.5,0.495,0.01,621.13,666.0,85
2026-09-02T15:49:34.009918+00:00,btc-updown-5m-1788364200,5,4061132,18781793760441618763212500331335042916631567806170641151456923882901600434098,2026-09-02T15:50:00+00:00,2026-09-02T15:55:00+00:00,5.43,0.46,0.47,0.465,0.01,0.27,40.0,99
2026-09-02T15:49:34.009918+00:00,btc-updown-15m-1788363900,15,4061114,23338475386432199419451077146119327740044339319212978361617152495523686734627,2026-09-02T15:45:00+00:00,2026-09-02T16:00:00+00:00,10.43,0.13,0.14,0.135,0.01,100.01,46.53,79
2026-09-02T15:49:34.009918+00:00,btc-updown-15m-1788364800,15,4061837,105239103968524129584734293434583542106645083363808338673675388927850142345421,2026-09-02T16:00:00+00:00,2026-09-02T16:15:00+00:00,25.43,0.49,0.5,0.495,0.01,621.13,546.0,87
2026-09-02T15:50:34.923308+00:00,btc-updown-5m-1788364200,5,4061132,18781793760441618763212500331335042916631567806170641151456923882901600434098,2026-09-02T15:50:00+00:00,2026-09-02T15:55:00+00:00,4.43,0.35,0.36,0.355,0.01,25.71,43.0,99
2026-09-02T15:50:34.923308+00:00,btc-updown-5m-1788364500,5,4061724,42440739551196463576808716706142847675029447560415714826579452518081055672674,2026-09-02T15:55:00+00:00,2026-09-02T16:00:00+00:00,9.43,0.5,0.51,0.505,0.01,73.82,600.86,99
2026-09-02T15:50:34.923308+00:00,btc-updown-15m-1788363900,15,4061114,23338475386432199419451077146119327740044339319212978361617152495523686734627,2026-09-02T15:45:00+00:00,2026-09-02T16:00:00+00:00,9.43,0.08,0.09,0.085,0.01,953.0,5.0,80
2026-09-02T15:50:34.923308+00:00,btc-updown-15m-1788364800,15,4061837,105239103968524129584734293434583542106645083363808338673675388927850142345421,2026-09-02T16:00:00+00:00,2026-09-02T16:15:00+00:00,24.43,0.49,0.5,0.495,0.01,551.13,546.0,89
2026-09-02T15:51:35.876786+00:00,btc-updown-5m-1788364200,5,4061132,18781793760441618763212500331335042916631567806170641151456923882901600434098,2026-09-02T15:50:00+00:00,2026-09-02T15:55:00+00:00,3.42,0.51,0.52,0.515,0.01,467.0,255.0,99
2026-09-02T15:51:35.876786+00:00,btc-updown-5m-1788364500,5,4061724,42440739551196463576808716706142847675029447560415714826579452518081055672674,2026-09-02T15:55:00+00:00,2026-09-02T16:00:00+00:00,8.42,0.49,0.5,0.495,0.01,475.06,219.0,99
2026-09-02T15:51:35.876786+00:00,btc-updown-15m-1788363900,15,4061114,23338475386432199419451077146119327740044339319212978361617152495523686734627,2026-09-02T15:45:00+00:00,2026-09-02T16:00:00+00:00,8.42,0.12,0.13,0.125,0.01,6.04,114.76,78
2026-09-02T15:51:35.876786+00:00,btc-updown-15m-1788364800,15,4061837,105239103968524129584734293434583542106645083363808338673675388927850142345421,2026-09-02T16:00:00+00:00,2026-09-02T16:15:00+00:00,23.42,0.49,0.5,0.495,0.01,445.24,506.0,89
2026-09-02T15:52:36.821790+00:00,btc-updown-5m-1788364200,5,4061132,18781793760441618763212500331335042916631567806170641151456923882901600434098,2026-09-02T15:50:00+00:00,2026-09-02T15:55:00+00:00,2.4,0.38,0.39,0.385,0.01,11.0,396.35,99
2026-09-02T15:52:36.821790+00:00,btc-updown-5m-1788364500,5,4061724,42440739551196463576808716706142847675029447560415714826579452518081055672674,2026-09-02T15:55:00+00:00,2026-09-02T16:00:00+00:00,7.4,0.49,0.5,0.495,0.01,257.07,269.0,99
2026-09-02T15:52:36.821790+00:00,btc-updown-15m-1788363900,15,4061114,23338475386432199419451077146119327740044339319212978361617152495523686734627,2026-09-02T15:45:00+00:00,2026-09-02T16:00:00+00:00,7.4,0.06,0.07,0.065,0.01,163.55,125.42,78
2026-09-02T15:52:36.821790+00:00,btc-updown-15m-1788364800,15,4061837,105239103968524129584734293434583542106645083363808338673675388927850142345421,2026-09-02T16:00:00+00:00,2026-09-02T16:15:00+00:00,22.4,0.49,0.5,0.495,0.01,245.24,506.0,89
2026-09-02T15:53:38.141640+00:00,btc-updown-5m-1788364200,5,4061132,18781793760441618763212500331335042916631567806170641151456923882901600434098,2026-09-02T15:50:00+00:00,2026-09-02T15:55:00+00:00,1.37,0.67,0.68,0.675,0.01,120.0,276.71,99
2026-09-02T15:53:38.141640+00:00,btc-updown-5m-1788364500,5,4061724,42440739551196463576808716706142847675029447560415714826579452518081055672674,2026-09-02T15:55:00+00:00,2026-09-02T16:00:00+00:00,6.37,0.49,0.5,0.495,0.01,247.07,199.0,99
2026-09-02T15:53:38.141640+00:00,btc-updown-15m-1788363900,15,4061114,23338475386432199419451077146119327740044339319212978361617152495523686734627,2026-09-02T15:45:00+00:00,2026-09-02T16:00:00+00:00,6.37,0.07,0.08,0.075,0.01,10.0,135.0,74
2026-09-02T15:53:38.141640+00:00,btc-updown-15m-1788364800,15,4061837,105239103968524129584734293434583542106645083363808338673675388927850142345421,2026-09-02T16:00:00+00:00,2026-09-02T16:15:00+00:00,21.37,0.49,0.5,0.495,0.01,445.24,306.0,89
2026-09-02T15:54:39.072937+00:00,btc-updown-5m-1788364500,5,4061724,42440739551196463576808716706142847675029447560415714826579452518081055672674,2026-09-02T15:55:00+00:00,2026-09-02T16:00:00+00:00,5.35,0.51,0.52,0.515,0.01,320.0,71.37,99
2026-09-02T15:54:39.072937+00:00,btc-updown-15m-1788363900,15,4061114,23338475386432199419451077146119327740044339319212978361617152495523686734627,2026-09-02T15:45:00+00:00,2026-09-02T16:00:00+00:00,5.35,0.12,0.13,0.125,0.01,44.01,130.0,77
2026-09-02T15:54:39.072937+00:00,btc-updown-15m-1788364800,15,4061837,105239103968524129584734293434583542106645083363808338673675388927850142345421,2026-09-02T16:00:00+00:00,2026-09-02T16:15:00+00:00,20.35,0.49,0.5,0.495,0.01,445.24,626.0,89
2026-09-02T15:55:39.909525+00:00,btc-updown-5m-1788364500,5,4061724,42440739551196463576808716706142847675029447560415714826579452518081055672674,2026-09-02T15:55:00+00:00,2026-09-02T16:00:00+00:00,4.35,0.63,0.64,0.635,0.01,8.14,731.16,99
2026-09-02T15:55:39.909525+00:00,btc-updown-5m-1788364800,5,4061815,24613010281233977766911553326954112629747699571048012019758093834056222089528,2026-09-02T16:00:00+00:00,2026-09-02T16:05:00+00:00,9.35,0.49,0.5,0.495,0.01,610.51,982.05,99
2026-09-02T15:55:39.909525+00:00,btc-updown-15m-1788363900,15,4061114,23338475386432199419451077146119327740044339319212978361617152495523686734627,2026-09-02T15:45:00+00:00,2026-09-02T16:00:00+00:00,4.35,0.13,0.14,0.135,0.01,108.34,5.0,78
2026-09-02T15:55:39.909525+00:00,btc-updown-15m-1788364800,15,4061837,105239103968524129584734293434583542106645083363808338673675388927850142345421,2026-09-02T16:00:00+00:00,2026-09-02T16:15:00+00:00,19.35,0.49,0.5,0.495,0.01,585.1,633.0,89
2026-09-02T15:56:40.829916+00:00,btc-updown-5m-1788364500,5,4061724,42440739551196463576808716706142847675029447560415714826579452518081055672674,2026-09-02T15:55:00+00:00,2026-09-02T16:00:00+00:00,3.33,0.6,0.61,0.605,0.01,169.92,346.36,99
2026-09-02T15:56:40.829916+00:00,btc-updown-5m-1788364800,5,4061815,24613010281233977766911553326954112629747699571048012019758093834056222089528,2026-09-02T16:00:00+00:00,2026-09-02T16:05:00+00:00,8.33,0.49,0.5,0.495,0.01,602.66,973.05,99
2026-09-02T15:56:40.829916+00:00,btc-updown-15m-1788363900,15,4061114,23338475386432199419451077146119327740044339319212978361617152495523686734627,2026-09-02T15:45:00+00:00,2026-09-02T16:00:00+00:00,3.33,0.08,0.09,0.085,0.01,55.0,176.0,77
2026-09-02T15:56:40.829916+00:00,btc-updown-15m-1788364800,15,4061837,105239103968524129584734293434583542106645083363808338673675388927850142345421,2026-09-02T16:00:00+00:00,2026-09-02T16:15:00+00:00,18.33,0.49,0.5,0.495,0.01,437.0,713.0,89
2026-09-02T15:57:41.736615+00:00,btc-updown-5m-1788364500,5,4061724,42440739551196463576808716706142847675029447560415714826579452518081055672674,2026-09-02T15:55:00+00:00,2026-09-02T16:00:00+00:00,2.32,0.85,0.86,0.855,0.01,249.66,266.1,99
2026-09-02T15:57:41.736615+00:00,btc-updown-5m-1788364800,5,4061815,24613010281233977766911553326954112629747699571048012019758093834056222089528,2026-09-02T16:00:00+00:00,2026-09-02T16:05:00+00:00,7.32,0.49,0.5,0.495,0.01,594.66,973.05,99
2026-09-02T15:57:41.736615+00:00,btc-updown-15m-1788363900,15,4061114,23338475386432199419451077146119327740044339319212978361617152495523686734627,2026-09-02T15:45:00+00:00,2026-09-02T16:00:00+00:00,2.32,0.1,0.11,0.105,0.01,100.0,75.0,76
2026-09-02T15:57:41.736615+00:00,btc-updown-15m-1788364800,15,4061837,105239103968524129584734293434583542106645083363808338673675388927850142345421,2026-09-02T16:00:00+00:00,2026-09-02T16:15:00+00:00,17.32,0.49,0.5,0.495,0.01,637.0,513.0,91
2026-09-02T15:58:42.694551+00:00,btc-updown-5m-1788364500,5,4061724,42440739551196463576808716706142847675029447560415714826579452518081055672674,2026-09-02T15:55:00+00:00,2026-09-02T16:00:00+00:00,1.3,0.95,0.96,0.955,0.01,263.0,233.47,99
2026-09-02T15:58:42.694551+00:00,btc-updown-5m-1788364800,5,4061815,24613010281233977766911553326954112629747699571048012019758093834056222089528,2026-09-02T16:00:00+00:00,2026-09-02T16:05:00+00:00,6.3,0.49,0.5,0.495,0.01,530.1,287.0,99
2026-09-02T15:58:42.694551+00:00,btc-updown-15m-1788363900,15,4061114,23338475386432199419451077146119327740044339319212978361617152495523686734627,2026-09-02T15:45:00+00:00,2026-09-02T16:00:00+00:00,1.3,0.02,0.03,0.025,0.01,49.79,89.43,41
2026-09-02T15:58:42.694551+00:00,btc-updown-15m-1788364800,15,4061837,105239103968524129584734293434583542106645083363808338673675388927850142345421,2026-09-02T16:00:00+00:00,2026-09-02T16:15:00+00:00,16.3,0.49,0.5,0.495,0.01,741.08,713.0,91
2026-09-02T15:59:43.659127+00:00,btc-updown-5m-1788364800,5,4061815,24613010281233977766911553326954112629747699571048012019758093834056222089528,2026-09-02T16:00:00+00:00,2026-09-02T16:05:00+00:00,5.28,0.5,0.51,0.505,0.01,14.01,400.79,96
2026-09-02T15:59:43.659127+00:00,btc-updown-15m-1788364800,15,4061837,105239103968524129584734293434583542106645083363808338673675388927850142345421,2026-09-02T16:00:00+00:00,2026-09-02T16:15:00+00:00,15.28,0.49,0.5,0.495,0.01,204.14,320.0,91
2026-09-02T16:00:44.412460+00:00,btc-updown-5m-1788364800,5,4061815,24613010281233977766911553326954112629747699571048012019758093834056222089528,2026-09-02T16:00:00+00:00,2026-09-02T16:05:00+00:00,4.27,0.51,0.52,0.515,0.01,210.6,191.73,99
2026-09-02T16:00:44.412460+00:00,btc-updown-5m-1788365100,5,4061866,79759526851745246654116997465517990703885741294693653048861775600724259973100,2026-09-02T16:05:00+00:00,2026-09-02T16:10:00+00:00,9.27,0.49,0.5,0.495,0.01,579.12,801.33,99
2026-09-02T16:00:44.412460+00:00,btc-updown-15m-1788364800,15,4061837,105239103968524129584734293434583542106645083363808338673675388927850142345421,2026-09-02T16:00:00+00:00,2026-09-02T16:15:00+00:00,14.27,0.47,0.48,0.475,0.01,252.46,33.83,94
2026-09-02T16:00:44.412460+00:00,btc-updown-15m-1788365700,15,4062137,99588238700500666870713954251251756790389297911990425333842156347714572808708,2026-09-02T16:15:00+00:00,2026-09-02T16:30:00+00:00,29.27,0.5,0.51,0.505,0.01,150.0,1339.08,99
2026-09-02T16:01:45.392161+00:00,btc-updown-5m-1788364800,5,4061815,24613010281233977766911553326954112629747699571048012019758093834056222089528,2026-09-02T16:00:00+00:00,2026-09-02T16:05:00+00:00,3.25,0.19,0.2,0.195,0.01,152.91,349.19,99
2026-09-02T16:01:45.392161+00:00,btc-updown-5m-1788365100,5,4061866,79759526851745246654116997465517990703885741294693653048861775600724259973100,2026-09-02T16:05:00+00:00,2026-09-02T16:10:00+00:00,8.25,0.49,0.5,0.495,0.01,627.15,704.61,99
2026-09-02T16:01:45.392161+00:00,btc-updown-15m-1788364800,15,4061837,105239103968524129584734293434583542106645083363808338673675388927850142345421,2026-09-02T16:00:00+00:00,2026-09-02T16:15:00+00:00,13.25,0.36,0.37,0.365,0.01,21.53,173.5,89
2026-09-02T16:01:45.392161+00:00,btc-updown-15m-1788365700,15,4062137,99588238700500666870713954251251756790389297911990425333842156347714572808708,2026-09-02T16:15:00+00:00,2026-09-02T16:30:00+00:00,28.25,0.5,0.51,0.505,0.01,250.0,939.08,99
2026-09-02T16:02:46.350896+00:00,btc-updown-5m-1788364800,5,4061815,24613010281233977766911553326954112629747699571048012019758093834056222089528,2026-09-02T16:00:00+00:00,2026-09-02T16:05:00+00:00,2.23,0.08,0.09,0.085,0.01,37.5,640.96,99
2026-09-02T16:02:46.350896+00:00,btc-updown-5m-1788365100,5,4061866,79759526851745246654116997465517990703885741294693653048861775600724259973100,2026-09-02T16:05:00+00:00,2026-09-02T16:10:00+00:00,7.23,0.49,0.5,0.495,0.01,614.15,599.99,99
2026-09-02T16:02:46.350896+00:00,btc-updown-15m-1788364800,15,4061837,105239103968524129584734293434583542106645083363808338673675388927850142345421,2026-09-02T16:00:00+00:00,2026-09-02T16:15:00+00:00,12.23,0.29,0.3,0.295,0.01,10.0,128.93,83
2026-09-02T16:02:46.350896+00:00,btc-updown-15m-1788365700,15,4062137,99588238700500666870713954251251756790389297911990425333842156347714572808708,2026-09-02T16:15:00+00:00,2026-09-02T16:30:00+00:00,27.23,0.5,0.51,0.505,0.01,100.0,889.08,99
2026-09-02T16:03:47.321301+00:00,btc-updown-5m-1788364800,5,4061815,24613010281233977766911553326954112629747699571048012019758093834056222089528,2026-09-02T16:00:00+00:00,2026-09-02T16:05:00+00:00,1.22,0.03,0.04,0.035,0.01,522.97,396.43,99
2026-09-02T16:03:47.321301+00:00,btc-updown-5m-1788365100,5,4061866,79759526851745246654116997465517990703885741294693653048861775600724259973100,2026-09-02T16:05:00+00:00,2026-09-02T16:10:00+00:00,6.22,0.49,0.5,0.495,0.01,328.49,518.79,99
2026-09-02T16:03:47.321301+00:00,btc-updown-15m-1788364800,15,4061837,105239103968524129584734293434583542106645083363808338673675388927850142345421,2026-09-02T16:00:00+00:00,2026-09-02T16:15:00+00:00,11.22,0.35,0.36,0.355,0.01,105.14,104.0,86
2026-09-02T16:03:47.321301+00:00,btc-updown-15m-1788365700,15,4062137,99588238700500666870713954251251756790389297911990425333842156347714572808708,2026-09-02T16:15:00+00:00,2026-09-02T16:30:00+00:00,26.22,0.5,0.51,0.505,0.01,92.0,889.08,99
2026-09-02T16:04:48.253301+00:00,btc-updown-5m-1788365100,5,4061866,79759526851745246654116997465517990703885741294693653048861775600724259973100,2026-09-02T16:05:00+00:00,2026-09-02T16:10:00+00:00,5.2,0.6,0.61,0.605,0.01,40.0,195.37,99
2026-09-02T16:04:48.253301+00:00,btc-updown-15m-1788364800,15,4061837,105239103968524129584734293434583542106645083363808338673675388927850142345421,2026-09-02T16:00:00+00:00,2026-09-02T16:15:00+00:00,10.2,0.51,0.52,0.515,0.01,226.0,7446.83,83
2026-09-02T16:04:48.253301+00:00,btc-updown-15m-1788365700,15,4062137,99588238700500666870713954251251756790389297911990425333842156347714572808708,2026-09-02T16:15:00+00:00,2026-09-02T16:30:00+00:00,25.2,0.5,0.51,0.505,0.01,142.0,889.08,99
2026-09-02T16:05:49.096436+00:00,btc-updown-5m-1788365100,5,4061866,79759526851745246654116997465517990703885741294693653048861775600724259973100,2026-09-02T16:05:00+00:00,2026-09-02T16:10:00+00:00,4.18,0.49,0.5,0.495,0.01,250.0,316.1,99
2026-09-02T16:05:49.096436+00:00,btc-updown-5m-1788365400,5,4061951,60024483305473080112023536709798009001206771434274309846272563165482656077167,2026-09-02T16:10:00+00:00,2026-09-02T16:15:00+00:00,9.18,0.5,0.51,0.505,0.01,84.77,1303.29,99
2026-09-02T16:05:49.096436+00:00,btc-updown-15m-1788364800,15,4061837,105239103968524129584734293434583542106645083363808338673675388927850142345421,2026-09-02T16:00:00+00:00,2026-09-02T16:15:00+00:00,9.18,0.41,0.42,0.415,0.01,40.0,227.8,88
2026-09-02T16:05:49.096436+00:00,btc-updown-15m-1788365700,15,4062137,99588238700500666870713954251251756790389297911990425333842156347714572808708,2026-09-02T16:15:00+00:00,2026-09-02T16:30:00+00:00,24.18,0.5,0.51,0.505,0.01,142.0,913.19,99
2026-09-02T16:06:50.033310+00:00,btc-updown-5m-1788365100,5,4061866,79759526851745246654116997465517990703885741294693653048861775600724259973100,2026-09-02T16:05:00+00:00,2026-09-02T16:10:00+00:00,3.17,0.47,0.5,0.485,0.03,312.07,33.0,97
2026-09-02T16:06:50.033310+00:00,btc-updown-5m-1788365400,5,4061951,60024483305473080112023536709798009001206771434274309846272563165482656077167,2026-09-02T16:10:00+00:00,2026-09-02T16:15:00+00:00,8.17,0.5,0.51,0.505,0.01,73.77,1274.29,99
2026-09-02T16:06:50.033310+00:00,btc-updown-15m-1788364800,15,4061837,105239103968524129584734293434583542106645083363808338673675388927850142345421,2026-09-02T16:00:00+00:00,2026-09-02T16:15:00+00:00,8.17,0.43,0.44,0.435,0.01,10.0,143.72,83
2026-09-02T16:06:50.033310+00:00,btc-updown-15m-1788365700,15,4062137,99588238700500666870713954251251756790389297911990425333842156347714572808708,2026-09-02T16:15:00+00:00,2026-09-02T16:30:00+00:00,23.17,0.5,0.51,0.505,0.01,142.0,913.19,99
2026-09-02T16:07:50.975694+00:00,btc-updown-5m-1788365100,5,4061866,79759526851745246654116997465517990703885741294693653048861775600724259973100,2026-09-02T16:05:00+00:00,2026-09-02T16:10:00+00:00,2.17,0.9,0.91,0.905,0.01,200.02,256.92,99
2026-09-02T16:07:50.975694+00:00,btc-updown-5m-1788365400,5,4061951,60024483305473080112023536709798009001206771434274309846272563165482656077167,2026-09-02T16:10:00+00:00,2026-09-02T16:15:00+00:00,7.17,0.5,0.51,0.505,0.01,73.77,840.24,99
2026-09-02T16:07:50.975694+00:00,btc-updown-15m-1788364800,15,4061837,105239103968524129584734293434583542106645083363808338673675388927850142345421,2026-09-02T16:00:00+00:00,2026-09-02T16:15:00+00:00,7.17,0.62,0.63,0.625,0.01,418.0,71.0,79
2026-09-02T16:07:50.975694+00:00,btc-updown-15m-1788365700,15,4062137,99588238700500666870713954251251756790389297911990425333842156347714572808708,2026-09-02T16:15:00+00:00,2026-09-02T16:30:00+00:00,22.17,0.5,0.51,0.505,0.01,142.0,913.19,99
2026-09-02T16:08:51.922336+00:00,btc-updown-5m-1788365100,5,4061866,79759526851745246654116997465517990703885741294693653048861775600724259973100,2026-09-02T16:05:00+00:00,2026-09-02T16:10:00+00:00,1.15,0.91,0.92,0.915,0.01,165.37,85.0,98
2026-09-02T16:08:51.922336+00:00,btc-updown-5m-1788365400,5,4061951,60024483305473080112023536709798009001206771434274309846272563165482656077167,2026-09-02T16:10:00+00:00,2026-09-02T16:15:00+00:00,6.15,0.49,0.5,0.495,0.01,480.89,521.0,99
2026-09-02T16:08:51.922336+00:00,btc-updown-15m-1788364800,15,4061837,105239103968524129584734293434583542106645083363808338673675388927850142345421,2026-09-02T16:00:00+00:00,2026-09-02T16:15:00+00:00,6.15,0.56,0.57,0.565,0.01,80.0,10.0,73
2026-09-02T16:08:51.922336+00:00,btc-updown-15m-1788365700,15,4062137,99588238700500666870713954251251756790389297911990425333842156347714572808708,2026-09-02T16:15:00+00:00,2026-09-02T16:30:00+00:00,21.15,0.5,0.51,0.505,0.01,60.77,913.19,99
2026-09-02T16:09:52.958369+00:00,btc-updown-5m-1788365400,5,4061951,60024483305473080112023536709798009001206771434274309846272563165482656077167,2026-09-02T16:10:00+00:00,2026-09-02T16:15:00+00:00,5.13,0.46,0.48,0.47,0.02,176.46,709.07,98
2026-09-02T16:09:52.958369+00:00,btc-updown-15m-1788364800,15,4061837,105239103968524129584734293434583542106645083363808338673675388927850142345421,2026-09-02T16:00:00+00:00,2026-09-02T16:15:00+00:00,5.13,0.56,0.57,0.565,0.01,100.0,20.0,81
2026-09-02T16:09:52.958369+00:00,btc-updown-15m-1788365700,15,4062137,99588238700500666870713954251251756790389297911990425333842156347714572808708,2026-09-02T16:15:00+00:00,2026-09-02T16:30:00+00:00,20.13,0.5,0.51,0.505,0.01,60.77,913.19,99
2026-09-02T16:10:53.818699+00:00,btc-updown-5m-1788365400,5,4061951,60024483305473080112023536709798009001206771434274309846272563165482656077167,2026-09-02T16:10:00+00:00,2026-09-02T16:15:00+00:00,4.12,0.31,0.32,0.315,0.01,191.0,372.65,99
2026-09-02T16:10:53.818699+00:00,btc-updown-5m-1788365700,5,4062130,1131984823232887923262981392171632547509569942509043799149667421983001359228,2026-09-02T16:15:00+00:00,2026-09-02T16:20:00+00:00,9.12,0.49,0.5,0.495,0.01,634.12,1343.11,99
2026-09-02T16:10:53.818699+00:00,btc-updown-15m-1788364800,15,4061837,105239103968524129584734293434583542106645083363808338673675388927850142345421,2026-09-02T16:00:00+00:00,2026-09-02T16:15:00+00:00,4.12,0.4,0.41,0.405,0.01,120.0,190.0,95
2026-09-02T16:10:53.818699+00:00,btc-updown-15m-1788365700,15,4062137,99588238700500666870713954251251756790389297911990425333842156347714572808708,2026-09-02T16:15:00+00:00,2026-09-02T16:30:00+00:00,19.12,0.5,0.51,0.505,0.01,72.77,925.19,99
2026-09-02T16:11:54.817705+00:00,btc-updown-5m-1788365400,5,4061951,60024483305473080112023536709798009001206771434274309846272563165482656077167,2026-09-02T16:10:00+00:00,2026-09-02T16:15:00+00:00,3.1,0.78,0.79,0.785,0.01,212.37,171.0,99
2026-09-02T16:11:54.817705+00:00,btc-updown-5m-1788365700,5,4062130,1131984823232887923262981392171632547509569942509043799149667421983001359228,2026-09-02T16:15:00+00:00,2026-09-02T16:20:00+00:00,8.1,0.49,0.5,0.495,0.01,584.12,667.64,99
2026-09-02T16:11:54.817705+00:00,btc-updown-15m-1788364800,15,4061837,105239103968524129584734293434583542106645083363808338673675388927850142345421,2026-09-02T16:00:00+00:00,2026-09-02T16:15:00+00:00,3.1,0.82,0.83,0.825,0.01,59.59,55.0,93
2026-09-02T16:11:54.817705+00:00,btc-updown-15m-1788365700,15,4062137,99588238700500666870713954251251756790389297911990425333842156347714572808708,2026-09-02T16:15:00+00:00,2026-09-02T16:30:00+00:00,18.1,0.5,0.51,0.505,0.01,72.77,925.19,99
2026-09-02T16:12:55.780971+00:00,btc-updown-5m-1788365400,5,4061951,60024483305473080112023536709798009001206771434274309846272563165482656077167,2026-09-02T16:10:00+00:00,2026-09-02T16:15:00+00:00,2.08,0.92,0.93,0.925,0.01,317.5,255.21,99
2026-09-02T16:12:55.780971+00:00,btc-updown-5m-1788365700,5,4062130,1131984823232887923262981392171632547509569942509043799149667421983001359228,2026-09-02T16:15:00+00:00,2026-09-02T16:20:00+00:00,7.08,0.49,0.5,0.495,0.01,576.12,655.64,99
2026-09-02T16:12:55.780971+00:00,btc-updown-15m-1788364800,15,4061837,105239103968524129584734293434583542106645083363808338673675388927850142345421,2026-09-02T16:00:00+00:00,2026-09-02T16:15:00+00:00,2.08,0.93,0.94,0.935,0.01,135.0,10.0,93
2026-09-02T16:12:55.780971+00:00,btc-updown-15m-1788365700,15,4062137,99588238700500666870713954251251756790389297911990425333842156347714572808708,2026-09-02T16:15:00+00:00,2026-09-02T16:30:00+00:00,17.08,0.5,0.51,0.505,0.01,66.77,875.19,99
2026-09-02T16:13:56.725838+00:00,btc-updown-5m-1788365400,5,4061951,60024483305473080112023536709798009001206771434274309846272563165482656077167,2026-09-02T16:10:00+00:00,2026-09-02T16:15:00+00:00,1.07,0.98,0.99,0.985,0.01,425.44,3737.16,99
2026-09-02T16:13:56.725838+00:00,btc-updown-5m-1788365700,5,4062130,1131984823232887923262981392171632547509569942509043799149667421983001359228,2026-09-02T16:15:00+00:00,2026-09-02T16:20:00+00:00,6.07,0.47,0.48,0.475,0.01,87.0,37.0,99
2026-09-02T16:13:56.725838+00:00,btc-updown-15m-1788365700,15,4062137,99588238700500666870713954251251756790389297911990425333842156347714572808708,2026-09-02T16:15:00+00:00,2026-09-02T16:30:00+00:00,16.07,0.48,0.49,0.485,0.01,42.0,676.08,98
2026-09-02T16:14:57.573462+00:00,btc-updown-5m-1788365700,5,4062130,1131984823232887923262981392171632547509569942509043799149667421983001359228,2026-09-02T16:15:00+00:00,2026-09-02T16:20:00+00:00,5.05,0.38,0.39,0.385,0.01,20.56,40.0,99
2026-09-02T16:14:57.573462+00:00,btc-updown-15m-1788365700,15,4062137,99588238700500666870713954251251756790389297911990425333842156347714572808708,2026-09-02T16:15:00+00:00,2026-09-02T16:30:00+00:00,15.05,0.45,0.46,0.455,0.01,5.0,41.73,90
2026-09-02T16:15:58.306030+00:00,btc-updown-5m-1788365700,5,4062130,1131984823232887923262981392171632547509569942509043799149667421983001359228,2026-09-02T16:15:00+00:00,2026-09-02T16:20:00+00:00,4.03,0.36,0.37,0.365,0.01,501.61,126.64,99
2026-09-02T16:15:58.306030+00:00,btc-updown-5m-1788366000,5,4062151,33832770526731636505499927868524875871145381065009932031073414200589523184776,2026-09-02T16:20:00+00:00,2026-09-02T16:25:00+00:00,9.03,0.48,0.49,0.485,0.01,454.25,997.56,99
2026-09-02T16:15:58.306030+00:00,btc-updown-15m-1788365700,15,4062137,99588238700500666870713954251251756790389297911990425333842156347714572808708,2026-09-02T16:15:00+00:00,2026-09-02T16:30:00+00:00,14.03,0.4,0.41,0.405,0.01,3938.0,5.0,92
2026-09-02T16:15:58.306030+00:00,btc-updown-15m-1788366600,15,4062517,48601061057909170193376814877923082562302456927392320668085275211498544992307,2026-09-02T16:30:00+00:00,2026-09-02T16:45:00+00:00,29.03,0.49,0.5,0.495,0.01,480.0,706.0,99
2026-09-02T16:16:59.240189+00:00,btc-updown-5m-1788365700,5,4062130,1131984823232887923262981392171632547509569942509043799149667421983001359228,2026-09-02T16:15:00+00:00,2026-09-02T16:20:00+00:00,3.02,0.28,0.29,0.285,0.01,494.83,66.0,99
2026-09-02T16:16:59.240189+00:00,btc-updown-5m-1788366000,5,4062151,33832770526731636505499927868524875871145381065009932031073414200589523184776,2026-09-02T16:20:00+00:00,2026-09-02T16:25:00+00:00,8.02,0.48,0.49,0.485,0.01,409.25,988.0,99
2026-09-02T16:16:59.240189+00:00,btc-updown-15m-1788365700,15,4062137,99588238700500666870713954251251756790389297911990425333842156347714572808708,2026-09-02T16:15:00+00:00,2026-09-02T16:30:00+00:00,13.02,0.4,0.41,0.405,0.01,85.0,148.0,87
2026-09-02T16:16:59.240189+00:00,btc-updown-15m-1788366600,15,4062517,48601061057909170193376814877923082562302456927392320668085275211498544992307,2026-09-02T16:30:00+00:00,2026-09-02T16:45:00+00:00,28.02,0.49,0.5,0.495,0.01,280.0,1106.0,99
2026-09-02T21:17:56.921585+00:00,btc-updown-5m-1788383700,5,4077630,101679480202115115161464373989760971321209022266330102398841329839693072956784,2026-09-02T21:15:00+00:00,2026-09-02T21:20:00+00:00,2.07,0.04,0.05,0.045,0.01,410.2,366.32,99
2026-09-02T21:17:56.921585+00:00,btc-updown-5m-1788384000,5,4079968,86014901032938097007695549646152692529643229358311546993609634155593051992984,2026-09-02T21:20:00+00:00,2026-09-02T21:25:00+00:00,7.07,0.5,0.51,0.505,0.01,11.02,152.09,99
2026-09-02T21:17:56.921585+00:00,btc-updown-15m-1788383700,15,4077600,74846121831842467010083937137512015305094181533362379006469159784468680579057,2026-09-02T21:15:00+00:00,2026-09-02T21:30:00+00:00,12.07,0.29,0.3,0.295,0.01,90.0,149.78,92
2026-09-02T21:17:56.921585+00:00,btc-updown-15m-1788384600,15,4080297,46220696275022343138478838100977557932463552221354909843946014290679151414373,2026-09-02T21:30:00+00:00,2026-09-02T21:45:00+00:00,27.07,0.49,0.5,0.495,0.01,554.43,316.4,93
2026-09-02T21:18:58.309427+00:00,btc-updown-5m-1788384000,5,4079968,86014901032938097007695549646152692529643229358311546993609634155593051992984,2026-09-02T21:20:00+00:00,2026-09-02T21:25:00+00:00,6.03,0.49,0.5,0.495,0.01,418.52,35.0,99
2026-09-02T21:18:58.309427+00:00,btc-updown-15m-1788383700,15,4077600,74846121831842467010083937137512015305094181533362379006469159784468680579057,2026-09-02T21:15:00+00:00,2026-09-02T21:30:00+00:00,11.03,0.25,0.26,0.255,0.01,4500.48,80.05,92
2026-09-02T21:18:58.309427+00:00,btc-updown-15m-1788384600,15,4080297,46220696275022343138478838100977557932463552221354909843946014290679151414373,2026-09-02T21:30:00+00:00,2026-09-02T21:45:00+00:00,26.03,0.49,0.5,0.495,0.01,954.43,316.4,93
2026-09-02T21:19:59.429175+00:00,btc-updown-5m-1788384000,5,4079968,86014901032938097007695549646152692529643229358311546993609634155593051992984,2026-09-02T21:20:00+00:00,2026-09-02T21:25:00+00:00,5.02,0.55,0.56,0.555,0.01,25.33,5.0,98
2026-09-02T21:19:59.429175+00:00,btc-updown-15m-1788383700,15,4077600,74846121831842467010083937137512015305094181533362379006469159784468680579057,2026-09-02T21:15:00+00:00,2026-09-02T21:30:00+00:00,10.02,0.26,0.27,0.265,0.01,58.24,101.0,91
2026-09-02T21:19:59.429175+00:00,btc-updown-15m-1788384600,15,4080297,46220696275022343138478838100977557932463552221354909843946014290679151414373,2026-09-02T21:30:00+00:00,2026-09-02T21:45:00+00:00,25.02,0.49,0.5,0.495,0.01,899.43,316.4,99
2026-09-02T21:21:00.561451+00:00,btc-updown-5m-1788384000,5,4079968,86014901032938097007695549646152692529643229358311546993609634155593051992984,2026-09-02T21:20:00+00:00,2026-09-02T21:25:00+00:00,4.0,0.66,0.67,0.665,0.01,510.21,102.48,99
2026-09-02T21:21:00.561451+00:00,btc-updown-5m-1788384300,5,4080241,47281630989713504359869421862568080032455439766507832545068617266238385276779,2026-09-02T21:25:00+00:00,2026-09-02T21:30:00+00:00,9.0,0.5,0.51,0.505,0.01,1012.56,707.34,99
2026-09-02T21:21:00.561451+00:00,btc-updown-15m-1788383700,15,4077600,74846121831842467010083937137512015305094181533362379006469159784468680579057,2026-09-02T21:15:00+00:00,2026-09-02T21:30:00+00:00,9.0,0.26,0.27,0.265,0.01,3222.0,115.03,89
2026-09-02T21:21:00.561451+00:00,btc-updown-15m-1788384600,15,4080297,46220696275022343138478838100977557932463552221354909843946014290679151414373,2026-09-02T21:30:00+00:00,2026-09-02T21:45:00+00:00,24.0,0.49,0.5,0.495,0.01,907.46,316.4,99
2026-09-02T21:22:01.804372+00:00,btc-updown-5m-1788384000,5,4079968,86014901032938097007695549646152692529643229358311546993609634155593051992984,2026-09-02T21:20:00+00:00,2026-09-02T21:25:00+00:00,2.98,0.71,0.72,0.715,0.01,117.81,232.26,99
2026-09-02T21:22:01.804372+00:00,btc-updown-5m-1788384300,5,4080241,47281630989713504359869421862568080032455439766507832545068617266238385276779,2026-09-02T21:25:00+00:00,2026-09-02T21:30:00+00:00,7.98,0.5,0.51,0.505,0.01,1026.54,688.77,99
2026-09-02T21:22:01.804372+00:00,btc-updown-15m-1788383700,15,4077600,74846121831842467010083937137512015305094181533362379006469159784468680579057,2026-09-02T21:15:00+00:00,2026-09-02T21:30:00+00:00,7.98,0.24,0.25,0.245,0.01,5.0,105.0,89
2026-09-02T21:22:01.804372+00:00,btc-updown-15m-1788384600,15,4080297,46220696275022343138478838100977557932463552221354909843946014290679151414373,2026-09-02T21:30:00+00:00,2026-09-02T21:45:00+00:00,22.98,0.49,0.5,0.495,0.01,982.46,314.4,99
2026-09-02T21:23:03.030272+00:00,btc-updown-5m-1788384000,5,4079968,86014901032938097007695549646152692529643229358311546993609634155593051992984,2026-09-02T21:20:00+00:00,2026-09-02T21:25:00+00:00,1.95,0.81,0.82,0.815,0.01,704.38,13.8,99
2026-09-02T21:23:03.030272+00:00,btc-updown-5m-1788384300,5,4080241,47281630989713504359869421862568080032455439766507832545068617266238385276779,2026-09-02T21:25:00+00:00,2026-09-02T21:30:00+00:00,6.95,0.5,0.51,0.505,0.01,346.54,639.74,99
2026-09-02T21:23:03.030272+00:00,btc-updown-15m-1788383700,15,4077600,74846121831842467010083937137512015305094181533362379006469159784468680579057,2026-09-02T21:15:00+00:00,2026-09-02T21:30:00+00:00,6.95,0.27,0.28,0.275,0.01,80.41,76.0,80
2026-09-02T21:23:03.030272+00:00,btc-updown-15m-1788384600,15,4080297,46220696275022343138478838100977557932463552221354909843946014290679151414373,2026-09-02T21:30:00+00:00,2026-09-02T21:45:00+00:00,21.95,0.49,0.5,0.495,0.01,1004.46,336.4,99
2026-09-02T21:24:04.260998+00:00,btc-updown-5m-1788384300,5,4080241,47281630989713504359869421862568080032455439766507832545068617266238385276779,2026-09-02T21:25:00+00:00,2026-09-02T21:30:00+00:00,5.93,0.5,0.51,0.505,0.01,197.54,279.8,99
2026-09-02T21:24:04.260998+00:00,btc-updown-15m-1788383700,15,4077600,74846121831842467010083937137512015305094181533362379006469159784468680579057,2026-09-02T21:15:00+00:00,2026-09-02T21:30:00+00:00,5.93,0.37,0.38,0.375,0.01,1393.84,105.0,84
2026-09-02T21:24:04.260998+00:00,btc-updown-15m-1788384600,15,4080297,46220696275022343138478838100977557932463552221354909843946014290679151414373,2026-09-02T21:30:00+00:00,2026-09-02T21:45:00+00:00,20.93,0.49,0.5,0.495,0.01,524.46,336.4,99
2026-09-02T21:25:05.393471+00:00,btc-updown-5m-1788384300,5,4080241,47281630989713504359869421862568080032455439766507832545068617266238385276779,2026-09-02T21:25:00+00:00,2026-09-02T21:30:00+00:00,4.92,0.47,0.48,0.475,0.01,349.56,25.0,99
2026-09-02T21:25:05.393471+00:00,btc-updown-5m-1788384600,5,4080299,97772065868736903440312233204256926968946591920743328999813705645656864585703,2026-09-02T21:30:00+00:00,2026-09-02T21:35:00+00:00,9.92,0.5,0.51,0.505,0.01,780.01,1063.69,99
2026-09-02T21:25:05.393471+00:00,btc-updown-15m-1788383700,15,4077600,74846121831842467010083937137512015305094181533362379006469159784468680579057,2026-09-02T21:15:00+00:00,2026-09-02T21:30:00+00:00,4.92,0.37,0.38,0.375,0.01,50.0,5.0,83
2026-09-02T21:25:05.393471+00:00,btc-updown-15m-1788384600,15,4080297,46220696275022343138478838100977557932463552221354909843946014290679151414373,2026-09-02T21:30:00+00:00,2026-09-02T21:45:00+00:00,19.92,0.49,0.5,0.495,0.01,536.46,343.4,99
2026-09-02T21:26:06.637364+00:00,btc-updown-5m-1788384300,5,4080241,47281630989713504359869421862568080032455439766507832545068617266238385276779,2026-09-02T21:25:00+00:00,2026-09-02T21:30:00+00:00,3.9,0.17,0.18,0.175,0.01,20.0,221.33,99
2026-09-02T21:26:06.637364+00:00,btc-updown-5m-1788384600,5,4080299,97772065868736903440312233204256926968946591920743328999813705645656864585703,2026-09-02T21:30:00+00:00,2026-09-02T21:35:00+00:00,8.9,0.5,0.51,0.505,0.01,798.01,1839.27,99
2026-09-02T21:26:06.637364+00:00,btc-updown-15m-1788383700,15,4077600,74846121831842467010083937137512015305094181533362379006469159784468680579057,2026-09-02T21:15:00+00:00,2026-09-02T21:30:00+00:00,3.9,0.11,0.12,0.115,0.01,200.65,8.77,75
2026-09-02T21:26:06.637364+00:00,btc-updown-15m-1788384600,15,4080297,46220696275022343138478838100977557932463552221354909843946014290679151414373,2026-09-02T21:30:00+00:00,2026-09-02T21:45:00+00:00,18.9,0.49,0.5,0.495,0.01,486.46,268.4,99
2026-09-02T21:27:07.971788+00:00,btc-updown-5m-1788384300,5,4080241,47281630989713504359869421862568080032455439766507832545068617266238385276779,2026-09-02T21:25:00+00:00,2026-09-02T21:30:00+00:00,2.88,0.11,0.12,0.115,0.01,123.3,287.6,99
2026-09-02T21:27:07.971788+00:00,btc-updown-5m-1788384600,5,4080299,97772065868736903440312233204256926968946591920743328999813705645656864585703,2026-09-02T21:30:00+00:00,2026-09-02T21:35:00+00:00,7.88,0.5,0.51,0.505,0.01,806.01,931.08,99
2026-09-02T21:27:07.971788+00:00,btc-updown-15m-1788383700,15,4077600,74846121831842467010083937137512015305094181533362379006469159784468680579057,2026-09-02T21:15:00+00:00,2026-09-02T21:30:00+00:00,2.88,0.06,0.07,0.065,0.01,40.9,122.38,71
2026-09-02T21:27:07.971788+00:00,btc-updown-15m-1788384600,15,4080297,46220696275022343138478838100977557932463552221354909843946014290679151414373,2026-09-02T21:30:00+00:00,2026-09-02T21:45:00+00:00,17.88,0.49,0.5,0.495,0.01,974.46,248.4,99
2026-09-02T21:28:09.225244+00:00,btc-updown-5m-1788384300,5,4080241,47281630989713504359869421862568080032455439766507832545068617266238385276779,2026-09-02T21:25:00+00:00,2026-09-02T21:30:00+00:00,1.85,0.07,0.08,0.075,0.01,200.77,63.16,99
2026-09-02T21:28:09.225244+00:00,btc-updown-5m-1788384600,5,4080299,97772065868736903440312233204256926968946591920743328999813705645656864585703,2026-09-02T21:30:00+00:00,2026-09-02T21:35:00+00:00,6.85,0.5,0.51,0.505,0.01,206.01,802.1,99
2026-09-02T21:28:09.225244+00:00,btc-updown-15m-1788383700,15,4077600,74846121831842467010083937137512015305094181533362379006469159784468680579057,2026-09-02T21:15:00+00:00,2026-09-02T21:30:00+00:00,1.85,0.02,0.03,0.025,0.01,98.55,59.45,69
2026-09-02T21:28:09.225244+00:00,btc-updown-15m-1788384600,15,4080297,46220696275022343138478838100977557932463552221354909843946014290679151414373,2026-09-02T21:30:00+00:00,2026-09-02T21:45:00+00:00,16.85,0.49,0.5,0.495,0.01,969.46,148.4,99
2026-09-02T21:29:10.478381+00:00,btc-updown-5m-1788384300,5,4080241,47281630989713504359869421862568080032455439766507832545068617266238385276779,2026-09-02T21:25:00+00:00,2026-09-02T21:30:00+00:00,0.83,0.01,0.02,0.015,0.01,2725.31,300.68,99
2026-09-02T21:29:10.478381+00:00,btc-updown-5m-1788384600,5,4080299,97772065868736903440312233204256926968946591920743328999813705645656864585703,2026-09-02T21:30:00+00:00,2026-09-02T21:35:00+00:00,5.83,0.5,0.51,0.505,0.01,193.01,642.91,99
2026-09-02T21:29:10.478381+00:00,btc-updown-15m-1788384600,15,4080297,46220696275022343138478838100977557932463552221354909843946014290679151414373,2026-09-02T21:30:00+00:00,2026-09-02T21:45:00+00:00,15.83,0.49,0.5,0.495,0.01,558.08,156.4,92
2026-09-02T21:30:11.604149+00:00,btc-updown-5m-1788384600,5,4080299,97772065868736903440312233204256926968946591920743328999813705645656864585703,2026-09-02T21:30:00+00:00,2026-09-02T21:35:00+00:00,4.82,0.4,0.41,0.405,0.01,60.0,224.43,99
2026-09-02T21:30:11.604149+00:00,btc-updown-5m-1788384900,5,4080383,5044509135609643229539956928087039174709128838459816579699514426719566681121,2026-09-02T21:35:00+00:00,2026-09-02T21:40:00+00:00,9.82,0.5,0.51,0.505,0.01,141.26,687.82,99
2026-09-02T21:30:11.604149+00:00,btc-updown-15m-1788384600,15,4080297,46220696275022343138478838100977557932463552221354909843946014290679151414373,2026-09-02T21:30:00+00:00,2026-09-02T21:45:00+00:00,14.82,0.45,0.46,0.455,0.01,75.62,35.56,99
2026-09-02T21:30:11.604149+00:00,btc-updown-15m-1788385500,15,4080603,12710567879344287888258513524816939845148841355850429044687736992862568898541,2026-09-02T21:45:00+00:00,2026-09-02T22:00:00+00:00,29.82,0.5,0.51,0.505,0.01,341.0,815.7,97
2026-09-02T21:31:12.860633+00:00,btc-updown-5m-1788384600,5,4080299,97772065868736903440312233204256926968946591920743328999813705645656864585703,2026-09-02T21:30:00+00:00,2026-09-02T21:35:00+00:00,3.8,0.23,0.24,0.235,0.01,66.53,364.47,99
2026-09-02T21:31:12.860633+00:00,btc-updown-5m-1788384900,5,4080383,5044509135609643229539956928087039174709128838459816579699514426719566681121,2026-09-02T21:35:00+00:00,2026-09-02T21:40:00+00:00,8.8,0.5,0.51,0.505,0.01,192.26,606.4,99
2026-09-02T21:31:12.860633+00:00,btc-updown-15m-1788384600,15,4080297,46220696275022343138478838100977557932463552221354909843946014290679151414373,2026-09-02T21:30:00+00:00,2026-09-02T21:45:00+00:00,13.8,0.37,0.38,0.375,0.01,95.03,123.24,92
2026-09-02T21:31:12.860633+00:00,btc-updown-15m-1788385500,15,4080603,12710567879344287888258513524816939845148841355850429044687736992862568898541,2026-09-02T21:45:00+00:00,2026-09-02T22:00:00+00:00,28.8,0.5,0.51,0.505,0.01,737.0,765.7,99
2026-09-02T21:32:14.235265+00:00,btc-updown-5m-1788384600,5,4080299,97772065868736903440312233204256926968946591920743328999813705645656864585703,2026-09-02T21:30:00+00:00,2026-09-02T21:35:00+00:00,2.77,0.13,0.14,0.135,0.01,468.16,982.01,99
2026-09-02T21:32:14.235265+00:00,btc-updown-5m-1788384900,5,4080383,5044509135609643229539956928087039174709128838459816579699514426719566681121,2026-09-02T21:35:00+00:00,2026-09-02T21:40:00+00:00,7.77,0.5,0.51,0.505,0.01,237.26,190.43,99
2026-09-02T21:32:14.235265+00:00,btc-updown-15m-1788384600,15,4080297,46220696275022343138478838100977557932463552221354909843946014290679151414373,2026-09-02T21:30:00+00:00,2026-09-02T21:45:00+00:00,12.77,0.35,0.36,0.355,0.01,70.0,135.27,92
2026-09-02T21:32:14.235265+00:00,btc-updown-15m-1788385500,15,4080603,12710567879344287888258513524816939845148841355850429044687736992862568898541,2026-09-02T21:45:00+00:00,2026-09-02T22:00:00+00:00,27.77,0.5,0.51,0.505,0.01,733.0,773.7,99
2026-09-02T21:33:15.448785+00:00,btc-updown-5m-1788384600,5,4080299,97772065868736903440312233204256926968946591920743328999813705645656864585703,2026-09-02T21:30:00+00:00,2026-09-02T21:35:00+00:00,1.75,0.07,0.08,0.075,0.01,205.84,449.43,99
2026-09-02T21:33:15.448785+00:00,btc-updown-5m-1788384900,5,4080383,5044509135609643229539956928087039174709128838459816579699514426719566681121,2026-09-02T21:35:00+00:00,2026-09-02T21:40:00+00:00,6.75,0.5,0.51,0.505,0.01,237.26,151.21,99
2026-09-02T21:33:15.448785+00:00,btc-updown-15m-1788384600,15,4080297,46220696275022343138478838100977557932463552221354909843946014290679151414373,2026-09-02T21:30:00+00:00,2026-09-02T21:45:00+00:00,11.75,0.38,0.39,0.385,0.01,238.93,35.0,86
2026-09-02T21:33:15.448785+00:00,btc-updown-15m-1788385500,15,4080603,12710567879344287888258513524816939845148841355850429044687736992862568898541,2026-09-02T21:45:00+00:00,2026-09-02T22:00:00+00:00,26.75,0.5,0.51,0.505,0.01,733.0,773.7,99
2026-09-02T21:34:16.657136+00:00,btc-updown-5m-1788384900,5,4080383,5044509135609643229539956928087039174709128838459816579699514426719566681121,2026-09-02T21:35:00+00:00,2026-09-02T21:40:00+00:00,5.73,0.48,0.49,0.485,0.01,38.07,42.95,99
2026-09-02T21:34:16.657136+00:00,btc-updown-15m-1788384600,15,4080297,46220696275022343138478838100977557932463552221354909843946014290679151414373,2026-09-02T21:30:00+00:00,2026-09-02T21:45:00+00:00,10.73,0.3,0.31,0.305,0.01,123.27,5.0,86
2026-09-02T21:34:16.657136+00:00,btc-updown-15m-1788385500,15,4080603,12710567879344287888258513524816939845148841355850429044687736992862568898541,2026-09-02T21:45:00+00:00,2026-09-02T22:00:00+00:00,25.73,0.5,0.51,0.505,0.01,733.0,680.9,99
2026-09-02T21:35:17.801505+00:00,btc-updown-5m-1788384900,5,4080383,5044509135609643229539956928087039174709128838459816579699514426719566681121,2026-09-02T21:35:00+00:00,2026-09-02T21:40:00+00:00,4.72,0.7,0.71,0.705,0.01,326.9,112.15,99
2026-09-02T21:35:17.801505+00:00,btc-updown-5m-1788385200,5,4080411,57064036264176880190665125813027824308898920091184353372417886349497552215512,2026-09-02T21:40:00+00:00,2026-09-02T21:45:00+00:00,9.72,0.5,0.51,0.505,0.01,926.59,982.15,99
2026-09-02T21:35:17.801505+00:00,btc-updown-15m-1788384600,15,4080297,46220696275022343138478838100977557932463552221354909843946014290679151414373,2026-09-02T21:30:00+00:00,2026-09-02T21:45:00+00:00,9.72,0.38,0.39,0.385,0.01,24.32,44.61,86
2026-09-02T21:35:17.801505+00:00,btc-updown-15m-1788385500,15,4080603,12710567879344287888258513524816939845148841355850429044687736992862568898541,2026-09-02T21:45:00+00:00,2026-09-02T22:00:00+00:00,24.72,0.5,0.51,0.505,0.01,761.0,716.93,99
2026-09-02T21:36:19.064641+00:00,btc-updown-5m-1788384900,5,4080383,5044509135609643229539956928087039174709128838459816579699514426719566681121,2026-09-02T21:35:00+00:00,2026-09-02T21:40:00+00:00,3.68,0.78,0.79,0.785,0.01,402.23,59.16,99
2026-09-02T21:36:19.064641+00:00,btc-updown-5m-1788385200,5,4080411,57064036264176880190665125813027824308898920091184353372417886349497552215512,2026-09-02T21:40:00+00:00,2026-09-02T21:45:00+00:00,8.68,0.5,0.51,0.505,0.01,931.59,909.52,99
2026-09-02T21:36:19.064641+00:00,btc-updown-15m-1788384600,15,4080297,46220696275022343138478838100977557932463552221354909843946014290679151414373,2026-09-02T21:30:00+00:00,2026-09-02T21:45:00+00:00,8.68,0.4,0.41,0.405,0.01,91.62,94.99,89
2026-09-02T21:36:19.064641+00:00,btc-updown-15m-1788385500,15,4080603,12710567879344287888258513524816939845148841355850429044687736992862568898541,2026-09-02T21:45:00+00:00,2026-09-02T22:00:00+00:00,23.68,0.5,0.51,0.505,0.01,411.0,716.93,99
2026-09-02T21:37:20.394258+00:00,btc-updown-5m-1788384900,5,4080383,5044509135609643229539956928087039174709128838459816579699514426719566681121,2026-09-02T21:35:00+00:00,2026-09-02T21:40:00+00:00,2.67,0.94,0.95,0.945,0.01,283.1,560.79,99
2026-09-02T21:37:20.394258+00:00,btc-updown-5m-1788385200,5,4080411,57064036264176880190665125813027824308898920091184353372417886349497552215512,2026-09-02T21:40:00+00:00,2026-09-02T21:45:00+00:00,7.67,0.5,0.51,0.505,0.01,871.59,912.52,99
2026-09-02T21:37:20.394258+00:00,btc-updown-15m-1788384600,15,4080297,46220696275022343138478838100977557932463552221354909843946014290679151414373,2026-09-02T21:30:00+00:00,2026-09-02T21:45:00+00:00,7.67,0.5,0.51,0.505,0.01,54.0,75.4,90
2026-09-02T21:37:20.394258+00:00,btc-updown-15m-1788385500,15,4080603,12710567879344287888258513524816939845148841355850429044687736992862568898541,2026-09-02T21:45:00+00:00,2026-09-02T22:00:00+00:00,22.67,0.5,0.51,0.505,0.01,393.0,738.93,99
2026-09-02T21:38:21.609884+00:00,btc-updown-5m-1788384900,5,4080383,5044509135609643229539956928087039174709128838459816579699514426719566681121,2026-09-02T21:35:00+00:00,2026-09-02T21:40:00+00:00,1.65,0.95,0.96,0.955,0.01,436.0,38.0,99
2026-09-02T21:38:21.609884+00:00,btc-updown-5m-1788385200,5,4080411,57064036264176880190665125813027824308898920091184353372417886349497552215512,2026-09-02T21:40:00+00:00,2026-09-02T21:45:00+00:00,6.65,0.5,0.51,0.505,0.01,218.0,901.7,99
2026-09-02T21:38:21.609884+00:00,btc-updown-15m-1788384600,15,4080297,46220696275022343138478838100977557932463552221354909843946014290679151414373,2026-09-02T21:30:00+00:00,2026-09-02T21:45:00+00:00,6.65,0.43,0.44,0.435,0.01,155.0,9.63,83
2026-09-02T21:38:21.609884+00:00,btc-updown-15m-1788385500,15,4080603,12710567879344287888258513524816939845148841355850429044687736992862568898541,2026-09-02T21:45:00+00:00,2026-09-02T22:00:00+00:00,21.65,0.5,0.51,0.505,0.01,393.0,738.93,99
2026-09-02T21:39:22.972622+00:00,btc-updown-5m-1788385200,5,4080411,57064036264176880190665125813027824308898920091184353372417886349497552215512,2026-09-02T21:40:00+00:00,2026-09-02T21:45:00+00:00,5.63,0.52,0.53,0.525,0.01,254.75,43.0,99
2026-09-02T21:39:22.972622+00:00,btc-updown-15m-1788384600,15,4080297,46220696275022343138478838100977557932463552221354909843946014290679151414373,2026-09-02T21:30:00+00:00,2026-09-02T21:45:00+00:00,5.63,0.87,0.88,0.875,0.01,176.0,75.44,74
2026-09-02T21:39:22.972622+00:00,btc-updown-15m-1788385500,15,4080603,12710567879344287888258513524816939845148841355850429044687736992862568898541,2026-09-02T21:45:00+00:00,2026-09-02T22:00:00+00:00,20.63,0.5,0.51,0.505,0.01,372.2,878.93,99
2026-09-02T21:40:24.146458+00:00,btc-updown-5m-1788385200,5,4080411,57064036264176880190665125813027824308898920091184353372417886349497552215512,2026-09-02T21:40:00+00:00,2026-09-02T21:45:00+00:00,4.6,0.5,0.51,0.505,0.01,314.47,66.07,99
2026-09-02T21:40:24.146458+00:00,btc-updown-5m-1788385500,5,4080598,36517240703913805727400432764507610914404207281704941751688570886152653633136,2026-09-02T21:45:00+00:00,2026-09-02T21:50:00+00:00,9.6,0.5,0.51,0.505,0.01,165.18,698.26,99
2026-09-02T21:40:24.146458+00:00,btc-updown-15m-1788384600,15,4080297,46220696275022343138478838100977557932463552221354909843946014290679151414373,2026-09-02T21:30:00+00:00,2026-09-02T21:45:00+00:00,4.6,0.91,0.92,0.915,0.01,30.0,123.91,74
2026-09-02T21:40:24.146458+00:00,btc-updown-15m-1788385500,15,4080603,12710567879344287888258513524816939845148841355850429044687736992862568898541,2026-09-02T21:45:00+00:00,2026-09-02T22:00:00+00:00,19.6,0.5,0.51,0.505,0.01,63.0,1007.93,99
2026-09-02T21:41:25.617222+00:00,btc-updown-5m-1788385200,5,4080411,57064036264176880190665125813027824308898920091184353372417886349497552215512,2026-09-02T21:40:00+00:00,2026-09-02T21:45:00+00:00,3.58,0.69,0.7,0.695,0.01,373.39,100.0,99
2026-09-02T21:41:25.617222+00:00,btc-updown-5m-1788385500,5,4080598,36517240703913805727400432764507610914404207281704941751688570886152653633136,2026-09-02T21:45:00+00:00,2026-09-02T21:50:00+00:00,8.58,0.5,0.51,0.505,0.01,165.18,627.79,99
2026-09-02T21:41:25.617222+00:00,btc-updown-15m-1788384600,15,4080297,46220696275022343138478838100977557932463552221354909843946014290679151414373,2026-09-02T21:30:00+00:00,2026-09-02T21:45:00+00:00,3.58,0.96,0.97,0.965,0.01,130.0,137.89,67
2026-09-02T21:41:25.617222+00:00,btc-updown-15m-1788385500,15,4080603,12710567879344287888258513524816939845148841355850429044687736992862568898541,2026-09-02T21:45:00+00:00,2026-09-02T22:00:00+00:00,18.58,0.5,0.51,0.505,0.01,85.0,1007.93,99
2026-09-02T21:42:26.824808+00:00,btc-updown-5m-1788385200,5,4080411,57064036264176880190665125813027824308898920091184353372417886349497552215512,2026-09-02T21:40:00+00:00,2026-09-02T21:45:00+00:00,2.57,0.75,0.76,0.755,0.01,289.83,2.73,99
2026-09-02T21:42:26.824808+00:00,btc-updown-5m-1788385500,5,4080598,36517240703913805727400432764507610914404207281704941751688570886152653633136,2026-09-02T21:45:00+00:00,2026-09-02T21:50:00+00:00,7.57,0.5,0.51,0.505,0.01,120.18,614.79,99
2026-09-02T21:42:26.824808+00:00,btc-updown-15m-1788385500,15,4080603,12710567879344287888258513524816939845148841355850429044687736992862568898541,2026-09-02T21:45:00+00:00,2026-09-02T22:00:00+00:00,17.57,0.5,0.51,0.505,0.01,35.0,977.93,99
2026-09-02T21:43:27.940965+00:00,btc-updown-5m-1788385200,5,4080411,57064036264176880190665125813027824308898920091184353372417886349497552215512,2026-09-02T21:40:00+00:00,2026-09-02T21:45:00+00:00,1.55,0.98,0.99,0.985,0.01,150.0,1274.03,99
2026-09-02T21:43:27.940965+00:00,btc-updown-5m-1788385500,5,4080598,36517240703913805727400432764507610914404207281704941751688570886152653633136,2026-09-02T21:45:00+00:00,2026-09-02T21:50:00+00:00,6.55,0.49,0.5,0.495,0.01,125.6,27.04,99
2026-09-02T21:43:27.940965+00:00,btc-updown-15m-1788385500,15,4080603,12710567879344287888258513524816939845148841355850429044687736992862568898541,2026-09-02T21:45:00+00:00,2026-09-02T22:00:00+00:00,16.55,0.49,0.5,0.495,0.01,332.37,274.56,99
2026-09-02T21:44:29.140214+00:00,btc-updown-5m-1788385500,5,4080598,36517240703913805727400432764507610914404207281704941751688570886152653633136,2026-09-02T21:45:00+00:00,2026-09-02T21:50:00+00:00,5.52,0.49,0.5,0.495,0.01,345.0,1.65,99
2026-09-02T21:44:29.140214+00:00,btc-updown-15m-1788385500,15,4080603,12710567879344287888258513524816939845148841355850429044687736992862568898541,2026-09-02T21:45:00+00:00,2026-09-02T22:00:00+00:00,15.52,0.49,0.5,0.495,0.01,466.08,745.56,93
2026-09-02T21:45:30.176011+00:00,btc-updown-5m-1788385500,5,4080598,36517240703913805727400432764507610914404207281704941751688570886152653633136,2026-09-02T21:45:00+00:00,2026-09-02T21:50:00+00:00,4.5,0.31,0.32,0.315,0.01,188.47,93.4,99
2026-09-02T21:45:30.176011+00:00,btc-updown-5m-1788385800,5,4080617,41789399484659243830711784129522392315068962479470644155471625930266312473692,2026-09-02T21:50:00+00:00,2026-09-02T21:55:00+00:00,9.5,0.49,0.5,0.495,0.01,385.73,415.0,98
2026-09-02T21:45:30.176011+00:00,btc-updown-15m-1788385500,15,4080603,12710567879344287888258513524816939845148841355850429044687736992862568898541,2026-09-02T21:45:00+00:00,2026-09-02T22:00:00+00:00,14.5,0.38,0.39,0.385,0.01,34.0,161.11,96
2026-09-02T21:45:30.176011+00:00,btc-updown-15m-1788386400,15,4081938,89769546332415397906045311756000161534481982909655020843276623677133873966185,2026-09-02T22:00:00+00:00,2026-09-02T22:15:00+00:00,29.5,0.49,0.5,0.495,0.01,284.08,651.0,95
2026-09-02T21:46:31.427687+00:00,btc-updown-5m-1788385500,5,4080598,36517240703913805727400432764507610914404207281704941751688570886152653633136,2026-09-02T21:45:00+00:00,2026-09-02T21:50:00+00:00,3.48,0.06,0.07,0.065,0.01,73.94,269.0,99
2026-09-02T21:46:31.427687+00:00,btc-updown-5m-1788385800,5,4080617,41789399484659243830711784129522392315068962479470644155471625930266312473692,2026-09-02T21:50:00+00:00,2026-09-02T21:55:00+00:00,8.48,0.49,0.5,0.495,0.01,373.94,429.0,98
2026-09-02T21:46:31.427687+00:00,btc-updown-15m-1788385500,15,4080603,12710567879344287888258513524816939845148841355850429044687736992862568898541,2026-09-02T21:45:00+00:00,2026-09-02T22:00:00+00:00,13.48,0.21,0.22,0.215,0.01,141.0,60.0,85
2026-09-02T21:46:31.427687+00:00,btc-updown-15m-1788386400,15,4081938,89769546332415397906045311756000161534481982909655020843276623677133873966185,2026-09-02T22:00:00+00:00,2026-09-02T22:15:00+00:00,28.48,0.49,0.5,0.495,0.01,284.08,595.0,95
2026-09-02T21:47:32.615271+00:00,btc-updown-5m-1788385500,5,4080598,36517240703913805727400432764507610914404207281704941751688570886152653633136,2026-09-02T21:45:00+00:00,2026-09-02T21:50:00+00:00,2.47,0.01,0.02,0.015,0.01,4469.93,254.3,99
2026-09-02T21:47:32.615271+00:00,btc-updown-5m-1788385800,5,4080617,41789399484659243830711784129522392315068962479470644155471625930266312473692,2026-09-02T21:50:00+00:00,2026-09-02T21:55:00+00:00,7.47,0.49,0.5,0.495,0.01,174.86,384.0,99
2026-09-02T21:47:32.615271+00:00,btc-updown-15m-1788385500,15,4080603,12710567879344287888258513524816939845148841355850429044687736992862568898541,2026-09-02T21:45:00+00:00,2026-09-02T22:00:00+00:00,12.47,0.21,0.22,0.215,0.01,133.0,49.9,81
2026-09-02T21:47:32.615271+00:00,btc-updown-15m-1788386400,15,4081938,89769546332415397906045311756000161534481982909655020843276623677133873966185,2026-09-02T22:00:00+00:00,2026-09-02T22:15:00+00:00,27.47,0.49,0.5,0.495,0.01,324.08,639.0,95
2026-09-02T21:48:33.831391+00:00,btc-updown-5m-1788385800,5,4080617,41789399484659243830711784129522392315068962479470644155471625930266312473692,2026-09-02T21:50:00+00:00,2026-09-02T21:55:00+00:00,6.45,0.49,0.5,0.495,0.01,213.9,383.0,99
2026-09-02T21:48:33.831391+00:00,btc-updown-15m-1788385500,15,4080603,12710567879344287888258513524816939845148841355850429044687736992862568898541,2026-09-02T21:45:00+00:00,2026-09-02T22:00:00+00:00,11.45,0.12,0.13,0.125,0.01,2173.74,162.31,76
2026-09-02T21:48:33.831391+00:00,btc-updown-15m-1788386400,15,4081938,89769546332415397906045311756000161534481982909655020843276623677133873966185,2026-09-02T22:00:00+00:00,2026-09-02T22:15:00+00:00,26.45,0.49,0.5,0.495,0.01,424.08,639.0,95
2026-09-02T21:49:34.930375+00:00,btc-updown-5m-1788385800,5,4080617,41789399484659243830711784129522392315068962479470644155471625930266312473692,2026-09-02T21:50:00+00:00,2026-09-02T21:55:00+00:00,5.43,0.46,0.47,0.465,0.01,104.0,15.0,99
2026-09-02T21:49:34.930375+00:00,btc-updown-15m-1788385500,15,4080603,12710567879344287888258513524816939845148841355850429044687736992862568898541,2026-09-02T21:45:00+00:00,2026-09-02T22:00:00+00:00,10.43,0.11,0.12,0.115,0.01,109.6,38.52,76
2026-09-02T21:49:34.930375+00:00,btc-updown-15m-1788386400,15,4081938,89769546332415397906045311756000161534481982909655020843276623677133873966185,2026-09-02T22:00:00+00:00,2026-09-02T22:15:00+00:00,25.43,0.49,0.5,0.495,0.01,424.08,639.0,95
2026-09-02T21:50:36.120879+00:00,btc-updown-5m-1788385800,5,4080617,41789399484659243830711784129522392315068962479470644155471625930266312473692,2026-09-02T21:50:00+00:00,2026-09-02T21:55:00+00:00,4.4,0.44,0.45,0.445,0.01,307.41,107.77,99
2026-09-02T21:50:36.120879+00:00,btc-updown-5m-1788386100,5,4081881,35713392064480328116976923693724204074346743891587296708164666188441662352213,2026-09-02T21:55:00+00:00,2026-09-02T22:00:00+00:00,9.4,0.5,0.51,0.505,0.01,725.41,851.19,99
2026-09-02T21:50:36.120879+00:00,btc-updown-15m-1788385500,15,4080603,12710567879344287888258513524816939845148841355850429044687736992862568898541,2026-09-02T21:45:00+00:00,2026-09-02T22:00:00+00:00,9.4,0.08,0.09,0.085,0.01,205.5,50.0,75
2026-09-02T21:50:36.120879+00:00,btc-updown-15m-1788386400,15,4081938,89769546332415397906045311756000161534481982909655020843276623677133873966185,2026-09-02T22:00:00+00:00,2026-09-02T22:15:00+00:00,24.4,0.49,0.5,0.495,0.01,448.19,639.0,95
2026-09-02T21:51:37.410050+00:00,btc-updown-5m-1788385800,5,4080617,41789399484659243830711784129522392315068962479470644155471625930266312473692,2026-09-02T21:50:00+00:00,2026-09-02T21:55:00+00:00,3.38,0.71,0.72,0.715,0.01,164.65,22.44,99
2026-09-02T21:51:37.410050+00:00,btc-updown-5m-1788386100,5,4081881,35713392064480328116976923693724204074346743891587296708164666188441662352213,2026-09-02T21:55:00+00:00,2026-09-02T22:00:00+00:00,8.38,0.5,0.51,0.505,0.01,735.41,788.37,97
2026-09-02T21:51:37.410050+00:00,btc-updown-15m-1788385500,15,4080603,12710567879344287888258513524816939845148841355850429044687736992862568898541,2026-09-02T21:45:00+00:00,2026-09-02T22:00:00+00:00,8.38,0.11,0.12,0.115,0.01,10.0,248.49,76
2026-09-02T21:51:37.410050+00:00,btc-updown-15m-1788386400,15,4081938,89769546332415397906045311756000161534481982909655020843276623677133873966185,2026-09-02T22:00:00+00:00,2026-09-02T22:15:00+00:00,23.38,0.49,0.5,0.495,0.01,368.19,639.0,89
2026-09-02T21:52:38.660345+00:00,btc-updown-5m-1788385800,5,4080617,41789399484659243830711784129522392315068962479470644155471625930266312473692,2026-09-02T21:50:00+00:00,2026-09-02T21:55:00+00:00,2.37,0.87,0.88,0.875,0.01,576.64,44.9,99
2026-09-02T21:52:38.660345+00:00,btc-updown-5m-1788386100,5,4081881,35713392064480328116976923693724204074346743891587296708164666188441662352213,2026-09-02T21:55:00+00:00,2026-09-02T22:00:00+00:00,7.37,0.5,0.51,0.505,0.01,681.41,810.58,99
2026-09-02T21:52:38.660345+00:00,btc-updown-15m-1788385500,15,4080603,12710567879344287888258513524816939845148841355850429044687736992862568898541,2026-09-02T21:45:00+00:00,2026-09-02T22:00:00+00:00,7.37,0.09,0.1,0.095,0.01,2534.46,34.0,76
2026-09-02T21:52:38.660345+00:00,btc-updown-15m-1788386400,15,4081938,89769546332415397906045311756000161534481982909655020843276623677133873966185,2026-09-02T22:00:00+00:00,2026-09-02T22:15:00+00:00,22.37,0.49,0.5,0.495,0.01,328.19,639.0,89
2026-09-02T21:53:39.916229+00:00,btc-updown-5m-1788385800,5,4080617,41789399484659243830711784129522392315068962479470644155471625930266312473692,2026-09-02T21:50:00+00:00,2026-09-02T21:55:00+00:00,1.35,0.97,0.98,0.975,0.01,79.54,241.84,99
2026-09-02T21:53:39.916229+00:00,btc-updown-5m-1788386100,5,4081881,35713392064480328116976923693724204074346743891587296708164666188441662352213,2026-09-02T21:55:00+00:00,2026-09-02T22:00:00+00:00,6.35,0.5,0.51,0.505,0.01,35.0,671.14,99
2026-09-02T21:53:39.916229+00:00,btc-updown-15m-1788385500,15,4080603,12710567879344287888258513524816939845148841355850429044687736992862568898541,2026-09-02T21:45:00+00:00,2026-09-02T22:00:00+00:00,6.35,0.1,0.11,0.105,0.01,689.0,90.0,73
2026-09-02T21:53:39.916229+00:00,btc-updown-15m-1788386400,15,4081938,89769546332415397906045311756000161534481982909655020843276623677133873966185,2026-09-02T22:00:00+00:00,2026-09-02T22:15:00+00:00,21.35,0.49,0.5,0.495,0.01,308.19,639.0,89
2026-09-02T21:54:41.134302+00:00,btc-updown-5m-1788386100,5,4081881,35713392064480328116976923693724204074346743891587296708164666188441662352213,2026-09-02T21:55:00+00:00,2026-09-02T22:00:00+00:00,5.32,0.54,0.55,0.545,0.01,236.0,1.74,98
2026-09-02T21:54:41.134302+00:00,btc-updown-15m-1788385500,15,4080603,12710567879344287888258513524816939845148841355850429044687736992862568898541,2026-09-02T21:45:00+00:00,2026-09-02T22:00:00+00:00,5.32,0.07,0.08,0.075,0.01,100.0,50.0,74
2026-09-02T21:54:41.134302+00:00,btc-updown-15m-1788386400,15,4081938,89769546332415397906045311756000161534481982909655020843276623677133873966185,2026-09-02T22:00:00+00:00,2026-09-02T22:15:00+00:00,20.32,0.49,0.5,0.495,0.01,328.19,639.0,89
2026-09-02T21:55:42.395391+00:00,btc-updown-5m-1788386100,5,4081881,35713392064480328116976923693724204074346743891587296708164666188441662352213,2026-09-02T21:55:00+00:00,2026-09-02T22:00:00+00:00,4.3,0.72,0.73,0.725,0.01,66.06,225.74,99
2026-09-02T21:55:42.395391+00:00,btc-updown-5m-1788386400,5,4081960,71665208610432366291778836415526796312376008752017091805369392495719449182088,2026-09-02T22:00:00+00:00,2026-09-02T22:05:00+00:00,9.3,0.5,0.51,0.505,0.01,185.51,743.46,98
2026-09-02T21:55:42.395391+00:00,btc-updown-15m-1788385500,15,4080603,12710567879344287888258513524816939845148841355850429044687736992862568898541,2026-09-02T21:45:00+00:00,2026-09-02T22:00:00+00:00,4.3,0.06,0.07,0.065,0.01,955.93,20.0,74
2026-09-02T21:55:42.395391+00:00,btc-updown-15m-1788386400,15,4081938,89769546332415397906045311756000161534481982909655020843276623677133873966185,2026-09-02T22:00:00+00:00,2026-09-02T22:15:00+00:00,19.3,0.49,0.5,0.495,0.01,313.69,574.0,89
2026-09-02T21:56:43.601782+00:00,btc-updown-5m-1788386100,5,4081881,35713392064480328116976923693724204074346743891587296708164666188441662352213,2026-09-02T21:55:00+00:00,2026-09-02T22:00:00+00:00,3.28,0.58,0.59,0.585,0.01,150.33,179.9,99
2026-09-02T21:56:43.601782+00:00,btc-updown-5m-1788386400,5,4081960,71665208610432366291778836415526796312376008752017091805369392495719449182088,2026-09-02T22:00:00+00:00,2026-09-02T22:05:00+00:00,8.28,0.5,0.51,0.505,0.01,120.51,1541.36,99
2026-09-02T21:56:43.601782+00:00,btc-updown-15m-1788385500,15,4080603,12710567879344287888258513524816939845148841355850429044687736992862568898541,2026-09-02T21:45:00+00:00,2026-09-02T22:00:00+00:00,3.28,0.02,0.03,0.025,0.01,90.72,20.0,70
2026-09-02T21:56:43.601782+00:00,btc-updown-15m-1788386400,15,4081938,89769546332415397906045311756000161534481982909655020843276623677133873966185,2026-09-02T22:00:00+00:00,2026-09-02T22:15:00+00:00,18.28,0.49,0.5,0.495,0.01,353.69,574.0,89
2026-09-02T21:57:44.849131+00:00,btc-updown-5m-1788386100,5,4081881,35713392064480328116976923693724204074346743891587296708164666188441662352213,2026-09-02T21:55:00+00:00,2026-09-02T22:00:00+00:00,2.27,0.57,0.58,0.575,0.01,55.0,449.81,99
2026-09-02T21:57:44.849131+00:00,btc-updown-5m-1788386400,5,4081960,71665208610432366291778836415526796312376008752017091805369392495719449182088,2026-09-02T22:00:00+00:00,2026-09-02T22:05:00+00:00,7.27,0.5,0.51,0.505,0.01,120.51,1533.36,99
2026-09-02T21:57:44.849131+00:00,btc-updown-15m-1788385500,15,4080603,12710567879344287888258513524816939845148841355850429044687736992862568898541,2026-09-02T21:45:00+00:00,2026-09-02T22:00:00+00:00,2.27,0.002,0.009,0.0055,0.007,9.55,404.15,78
2026-09-02T21:57:44.849131+00:00,btc-updown-15m-1788386400,15,4081938,89769546332415397906045311756000161534481982909655020843276623677133873966185,2026-09-02T22:00:00+00:00,2026-09-02T22:15:00+00:00,17.27,0.49,0.5,0.495,0.01,353.69,562.0,95
2026-09-02T21:58:46.091081+00:00,btc-updown-5m-1788386100,5,4081881,35713392064480328116976923693724204074346743891587296708164666188441662352213,2026-09-02T21:55:00+00:00,2026-09-02T22:00:00+00:00,1.23,0.06,0.07,0.065,0.01,32.0,223.33,99
2026-09-02T21:58:46.091081+00:00,btc-updown-5m-1788386400,5,4081960,71665208610432366291778836415526796312376008752017091805369392495719449182088,2026-09-02T22:00:00+00:00,2026-09-02T22:05:00+00:00,6.23,0.5,0.51,0.505,0.01,116.51,738.73,99
2026-09-02T21:58:46.091081+00:00,btc-updown-15m-1788386400,15,4081938,89769546332415397906045311756000161534481982909655020843276623677133873966185,2026-09-02T22:00:00+00:00,2026-09-02T22:15:00+00:00,16.23,0.49,0.5,0.495,0.01,343.69,552.2,95
2026-09-02T21:59:47.218467+00:00,btc-updown-5m-1788386400,5,4081960,71665208610432366291778836415526796312376008752017091805369392495719449182088,2026-09-02T22:00:00+00:00,2026-09-02T22:05:00+00:00,5.22,0.48,0.49,0.485,0.01,54.07,159.0,99
2026-09-02T21:59:47.218467+00:00,btc-updown-15m-1788386400,15,4081938,89769546332415397906045311756000161534481982909655020843276623677133873966185,2026-09-02T22:00:00+00:00,2026-09-02T22:15:00+00:00,15.22,0.49,0.5,0.495,0.01,112.0,579.96,89
2026-09-02T22:00:48.219652+00:00,btc-updown-5m-1788386400,5,4081960,71665208610432366291778836415526796312376008752017091805369392495719449182088,2026-09-02T22:00:00+00:00,2026-09-02T22:05:00+00:00,4.2,0.28,0.29,0.285,0.01,405.86,78.55,99
2026-09-02T22:00:48.219652+00:00,btc-updown-5m-1788386700,5,4082006,91186185828270936734244268257537438232336753623021684884562104001690610189317,2026-09-02T22:05:00+00:00,2026-09-02T22:10:00+00:00,9.2,0.5,0.51,0.505,0.01,272.85,627.7,99
2026-09-02T22:00:48.219652+00:00,btc-updown-15m-1788386400,15,4081938,89769546332415397906045311756000161534481982909655020843276623677133873966185,2026-09-02T22:00:00+00:00,2026-09-02T22:15:00+00:00,14.2,0.41,0.42,0.415,0.01,30.0,150.0,91
2026-09-02T22:00:48.219652+00:00,btc-updown-15m-1788387300,15,4082750,24160526123213872886599831033835937339096489994984379888455109099704619865580,2026-09-02T22:15:00+00:00,2026-09-02T22:30:00+00:00,29.2,0.5,0.51,0.505,0.01,665.0,449.63,99
2026-09-02T22:01:49.515344+00:00,btc-updown-5m-1788386400,5,4081960,71665208610432366291778836415526796312376008752017091805369392495719449182088,2026-09-02T22:00:00+00:00,2026-09-02T22:05:00+00:00,3.18,0.22,0.23,0.225,0.01,111.71,138.0,99
2026-09-02T22:01:49.515344+00:00,btc-updown-5m-1788386700,5,4082006,91186185828270936734244268257537438232336753623021684884562104001690610189317,2026-09-02T22:05:00+00:00,2026-09-02T22:10:00+00:00,8.18,0.5,0.51,0.505,0.01,213.85,653.7,99
2026-09-02T22:01:49.515344+00:00,btc-updown-15m-1788386400,15,4081938,89769546332415397906045311756000161534481982909655020843276623677133873966185,2026-09-02T22:00:00+00:00,2026-09-02T22:15:00+00:00,13.18,0.4,0.41,0.405,0.01,10.0,161.0,88
2026-09-02T22:01:49.515344+00:00,btc-updown-15m-1788387300,15,4082750,24160526123213872886599831033835937339096489994984379888455109099704619865580,2026-09-02T22:15:00+00:00,2026-09-02T22:30:00+00:00,28.18,0.5,0.51,0.505,0.01,65.0,549.63,99
2026-09-02T22:02:50.755351+00:00,btc-updown-5m-1788386700,5,4082006,91186185828270936734244268257537438232336753623021684884562104001690610189317,2026-09-02T22:05:00+00:00,2026-09-02T22:10:00+00:00,7.17,0.5,0.51,0.505,0.01,333.85,669.54,99
2026-09-02T22:02:50.755351+00:00,btc-updown-15m-1788386400,15,4081938,89769546332415397906045311756000161534481982909655020843276623677133873966185,2026-09-02T22:00:00+00:00,2026-09-02T22:15:00+00:00,12.17,0.24,0.25,0.245,0.01,75.0,117.69,88
2026-09-02T22:02:50.755351+00:00,btc-updown-15m-1788387300,15,4082750,24160526123213872886599831033835937339096489994984379888455109099704619865580,2026-09-02T22:15:00+00:00,2026-09-02T22:30:00+00:00,27.17,0.5,0.51,0.505,0.01,145.0,549.63,99
2026-09-02T22:03:51.961013+00:00,btc-updown-5m-1788386700,5,4082006,91186185828270936734244268257537438232336753623021684884562104001690610189317,2026-09-02T22:05:00+00:00,2026-09-02T22:10:00+00:00,6.15,0.5,0.51,0.505,0.01,225.0,644.37,99
2026-09-02T22:03:51.961013+00:00,btc-updown-15m-1788386400,15,4081938,89769546332415397906045311756000161534481982909655020843276623677133873966185,2026-09-02T22:00:00+00:00,2026-09-02T22:15:00+00:00,11.15,0.25,0.26,0.255,0.01,69.56,256.0,88
2026-09-02T22:03:51.961013+00:00,btc-updown-15m-1788387300,15,4082750,24160526123213872886599831033835937339096489994984379888455109099704619865580,2026-09-02T22:15:00+00:00,2026-09-02T22:30:00+00:00,26.15,0.5,0.51,0.505,0.01,737.0,235.75,99
2026-09-02T22:04:53.155704+00:00,btc-updown-5m-1788386700,5,4082006,91186185828270936734244268257537438232336753623021684884562104001690610189317,2026-09-02T22:05:00+00:00,2026-09-02T22:10:00+00:00,5.12,0.47,0.49,0.48,0.02,48.13,210.69,98
2026-09-02T22:04:53.155704+00:00,btc-updown-15m-1788386400,15,4081938,89769546332415397906045311756000161534481982909655020843276623677133873966185,2026-09-02T22:00:00+00:00,2026-09-02T22:15:00+00:00,10.12,0.21,0.22,0.215,0.01,42.0,196.0,87
2026-09-02T22:04:53.155704+00:00,btc-updown-15m-1788387300,15,4082750,24160526123213872886599831033835937339096489994984379888455109099704619865580,2026-09-02T22:15:00+00:00,2026-09-02T22:30:00+00:00,25.12,0.5,0.51,0.505,0.01,777.0,235.75,99
2026-09-02T22:05:54.278403+00:00,btc-updown-5m-1788386700,5,4082006,91186185828270936734244268257537438232336753623021684884562104001690610189317,2026-09-02T22:05:00+00:00,2026-09-02T22:10:00+00:00,4.1,0.2,0.21,0.205,0.01,1646.23,311.15,99
2026-09-02T22:05:54.278403+00:00,btc-updown-5m-1788387000,5,4082031,61142334508954900914887007555390122480642019642610707239165420629281100287557,2026-09-02T22:10:00+00:00,2026-09-02T22:15:00+00:00,9.1,0.5,0.51,0.505,0.01,1165.69,536.12,99
2026-09-02T22:05:54.278403+00:00,btc-updown-15m-1788386400,15,4081938,89769546332415397906045311756000161534481982909655020843276623677133873966185,2026-09-02T22:00:00+00:00,2026-09-02T22:15:00+00:00,9.1,0.1,0.11,0.105,0.01,3682.98,141.83,84
2026-09-02T22:05:54.278403+00:00,btc-updown-15m-1788387300,15,4082750,24160526123213872886599831033835937339096489994984379888455109099704619865580,2026-09-02T22:15:00+00:00,2026-09-02T22:30:00+00:00,24.1,0.5,0.51,0.505,0.01,811.0,469.83,99
2026-09-02T22:06:55.690108+00:00,btc-updown-5m-1788386700,5,4082006,91186185828270936734244268257537438232336753623021684884562104001690610189317,2026-09-02T22:05:00+00:00,2026-09-02T22:10:00+00:00,3.08,0.07,0.08,0.075,0.01,91.06,132.42,99
2026-09-02T22:06:55.690108+00:00,btc-updown-5m-1788387000,5,4082031,61142334508954900914887007555390122480642019642610707239165420629281100287557,2026-09-02T22:10:00+00:00,2026-09-02T22:15:00+00:00,8.08,0.5,0.51,0.505,0.01,1421.69,527.42,99
2026-09-02T22:06:55.690108+00:00,btc-updown-15m-1788386400,15,4081938,89769546332415397906045311756000161534481982909655020843276623677133873966185,2026-09-02T22:00:00+00:00,2026-09-02T22:15:00+00:00,8.08,0.07,0.08,0.075,0.01,60.0,155.0,84
2026-09-02T22:06:55.690108+00:00,btc-updown-15m-1788387300,15,4082750,24160526123213872886599831033835937339096489994984379888455109099704619865580,2026-09-02T22:15:00+00:00,2026-09-02T22:30:00+00:00,23.08,0.5,0.51,0.505,0.01,825.0,265.75,99
2026-09-02T22:07:56.966747+00:00,btc-updown-5m-1788386700,5,4082006,91186185828270936734244268257537438232336753623021684884562104001690610189317,2026-09-02T22:05:00+00:00,2026-09-02T22:10:00+00:00,2.07,0.07,0.08,0.075,0.01,40.77,299.83,99
2026-09-02T22:07:56.966747+00:00,btc-updown-5m-1788387000,5,4082031,61142334508954900914887007555390122480642019642610707239165420629281100287557,2026-09-02T22:10:00+00:00,2026-09-02T22:15:00+00:00,7.07,0.5,0.51,0.505,0.01,1197.51,519.77,99
2026-09-02T22:07:56.966747+00:00,btc-updown-15m-1788386400,15,4081938,89769546332415397906045311756000161534481982909655020843276623677133873966185,2026-09-02T22:00:00+00:00,2026-09-02T22:15:00+00:00,7.07,0.06,0.07,0.065,0.01,120.0,130.0,84
2026-09-02T22:07:56.966747+00:00,btc-updown-15m-1788387300,15,4082750,24160526123213872886599831033835937339096489994984379888455109099704619865580,2026-09-02T22:15:00+00:00,2026-09-02T22:30:00+00:00,22.07,0.5,0.51,0.505,0.01,811.0,216.71,99
2026-09-02T22:08:58.212154+00:00,btc-updown-5m-1788387000,5,4082031,61142334508954900914887007555390122480642019642610707239165420629281100287557,2026-09-02T22:10:00+00:00,2026-09-02T22:15:00+00:00,6.03,0.5,0.51,0.505,0.01,800.2,477.87,99
2026-09-02T22:08:58.212154+00:00,btc-updown-15m-1788386400,15,4081938,89769546332415397906045311756000161534481982909655020843276623677133873966185,2026-09-02T22:00:00+00:00,2026-09-02T22:15:00+00:00,6.03,0.03,0.04,0.035,0.01,67.95,185.86,84
2026-09-02T22:08:58.212154+00:00,btc-updown-15m-1788387300,15,4082750,24160526123213872886599831033835937339096489994984379888455109099704619865580,2026-09-02T22:15:00+00:00,2026-09-02T22:30:00+00:00,21.03,0.5,0.51,0.505,0.01,836.0,216.71,99
2026-09-02T22:09:59.385721+00:00,btc-updown-5m-1788387000,5,4082031,61142334508954900914887007555390122480642019642610707239165420629281100287557,2026-09-02T22:10:00+00:00,2026-09-02T22:15:00+00:00,5.02,0.5,0.52,0.51,0.02,35.0,31.79,98
2026-09-02T22:09:59.385721+00:00,btc-updown-15m-1788386400,15,4081938,89769546332415397906045311756000161534481982909655020843276623677133873966185,2026-09-02T22:00:00+00:00,2026-09-02T22:15:00+00:00,5.02,0.01,0.02,0.015,0.01,609.93,115.6,84
2026-09-02T22:09:59.385721+00:00,btc-updown-15m-1788387300,15,4082750,24160526123213872886599831033835937339096489994984379888455109099704619865580,2026-09-02T22:15:00+00:00,2026-09-02T22:30:00+00:00,20.02,0.5,0.51,0.505,0.01,861.0,216.71,99
2026-09-02T22:11:00.477661+00:00,btc-updown-5m-1788387000,5,4082031,61142334508954900914887007555390122480642019642610707239165420629281100287557,2026-09-02T22:10:00+00:00,2026-09-02T22:15:00+00:00,4.0,0.25,0.26,0.255,0.01,85.0,185.76,99
2026-09-02T22:11:00.477661+00:00,btc-updown-5m-1788387300,5,4082760,114964107115914134966762577250765592934659163202733893502442322457651639717029,2026-09-02T22:15:00+00:00,2026-09-02T22:20:00+00:00,9.0,0.5,0.51,0.505,0.01,1023.29,19.33,99
2026-09-02T22:11:00.477661+00:00,btc-updown-15m-1788387300,15,4082750,24160526123213872886599831033835937339096489994984379888455109099704619865580,2026-09-02T22:15:00+00:00,2026-09-02T22:30:00+00:00,19.0,0.5,0.51,0.505,0.01,892.0,133.6,99
2026-09-02T22:12:01.682350+00:00,btc-updown-5m-1788387000,5,4082031,61142334508954900914887007555390122480642019642610707239165420629281100287557,2026-09-02T22:10:00+00:00,2026-09-02T22:15:00+00:00,2.98,0.57,0.58,0.575,0.01,325.65,27.0,99
2026-09-02T22:12:01.682350+00:00,btc-updown-5m-1788387300,5,4082760,114964107115914134966762577250765592934659163202733893502442322457651639717029,2026-09-02T22:15:00+00:00,2026-09-02T22:20:00+00:00,7.98,0.5,0.51,0.505,0.01,874.29,10.63,99
2026-09-02T22:12:01.682350+00:00,btc-updown-15m-1788387300,15,4082750,24160526123213872886599831033835937339096489994984379888455109099704619865580,2026-09-02T22:15:00+00:00,2026-09-02T22:30:00+00:00,17.98,0.5,0.51,0.505,0.01,852.2,103.63,99
2026-09-02T22:13:02.831803+00:00,btc-updown-5m-1788387000,5,4082031,61142334508954900914887007555390122480642019642610707239165420629281100287557,2026-09-02T22:10:00+00:00,2026-09-02T22:15:00+00:00,1.97,0.93,0.94,0.935,0.01,20.0,175.89,99
2026-09-02T22:13:02.831803+00:00,btc-updown-5m-1788387300,5,4082760,114964107115914134966762577250765592934659163202733893502442322457651639717029,2026-09-02T22:15:00+00:00,2026-09-02T22:20:00+00:00,6.97,0.5,0.51,0.505,0.01,267.29,33.99,99
2026-09-02T22:13:02.831803+00:00,btc-updown-15m-1788386400,15,4081938,89769546332415397906045311756000161534481982909655020843276623677133873966185,2026-09-02T22:00:00+00:00,2026-09-02T22:15:00+00:00,1.97,0.001,0.002,0.0015,0.001,1169.81,17.54,71
2026-09-02T22:13:02.831803+00:00,btc-updown-15m-1788387300,15,4082750,24160526123213872886599831033835937339096489994984379888455109099704619865580,2026-09-02T22:15:00+00:00,2026-09-02T22:30:00+00:00,16.97,0.5,0.51,0.505,0.01,540.2,70.93,99
2026-09-02T22:14:04.037222+00:00,btc-updown-5m-1788387000,5,4082031,61142334508954900914887007555390122480642019642610707239165420629281100287557,2026-09-02T22:10:00+00:00,2026-09-02T22:15:00+00:00,0.93,0.98,0.99,0.985,0.01,63.0,3331.74,99
2026-09-02T22:14:04.037222+00:00,btc-updown-5m-1788387300,5,4082760,114964107115914134966762577250765592934659163202733893502442322457651639717029,2026-09-02T22:15:00+00:00,2026-09-02T22:20:00+00:00,5.93,0.5,0.51,0.505,0.01,84.77,34.1,99
2026-09-02T22:14:04.037222+00:00,btc-updown-15m-1788386400,15,4081938,89769546332415397906045311756000161534481982909655020843276623677133873966185,2026-09-02T22:00:00+00:00,2026-09-02T22:15:00+00:00,0.93,0.001,0.005,0.003,0.004,1124.99,61.5,32
2026-09-02T22:14:04.037222+00:00,btc-updown-15m-1788387300,15,4082750,24160526123213872886599831033835937339096489994984379888455109099704619865580,2026-09-02T22:15:00+00:00,2026-09-02T22:30:00+00:00,15.93,0.51,0.52,0.515,0.01,581.08,57.84,91
2026-09-02T22:15:05.354411+00:00,btc-updown-5m-1788387300,5,4082760,114964107115914134966762577250765592934659163202733893502442322457651639717029,2026-09-02T22:15:00+00:00,2026-09-02T22:20:00+00:00,4.92,0.57,0.58,0.575,0.01,310.74,77.77,99
2026-09-02T22:15:05.354411+00:00,btc-updown-5m-1788387600,5,4084715,65213908678413999618084289599906909174012203177975061577098023014292690611810,2026-09-02T22:20:00+00:00,2026-09-02T22:25:00+00:00,9.92,0.5,0.51,0.505,0.01,782.09,855.85,99
2026-09-02T22:15:05.354411+00:00,btc-updown-15m-1788387300,15,4082750,24160526123213872886599831033835937339096489994984379888455109099704619865580,2026-09-02T22:15:00+00:00,2026-09-02T22:30:00+00:00,14.92,0.53,0.54,0.535,0.01,57.23,90.0,99
2026-09-02T22:15:05.354411+00:00,btc-updown-15m-1788388200,15,4086439,31293990592499250186650777979861170009356210251745164232088543036633019477849,2026-09-02T22:30:00+00:00,2026-09-02T22:45:00+00:00,29.92,0.5,0.51,0.505,0.01,446.0,495.42,95
2026-09-02T22:16:06.626027+00:00,btc-updown-5m-1788387300,5,4082760,114964107115914134966762577250765592934659163202733893502442322457651639717029,2026-09-02T22:15:00+00:00,2026-09-02T22:20:00+00:00,3.9,0.26,0.27,0.265,0.01,34.0,494.52,99
2026-09-02T22:16:06.626027+00:00,btc-updown-5m-1788387600,5,4084715,65213908678413999618084289599906909174012203177975061577098023014292690611810,2026-09-02T22:20:00+00:00,2026-09-02T22:25:00+00:00,8.9,0.5,0.51,0.505,0.01,803.09,760.04,99
2026-09-02T22:16:06.626027+00:00,btc-updown-15m-1788387300,15,4082750,24160526123213872886599831033835937339096489994984379888455109099704619865580,2026-09-02T22:15:00+00:00,2026-09-02T22:30:00+00:00,13.9,0.37,0.38,0.375,0.01,251.22,11.77,88
2026-09-02T22:16:06.626027+00:00,btc-updown-15m-1788388200,15,4086439,31293990592499250186650777979861170009356210251745164232088543036633019477849,2026-09-02T22:30:00+00:00,2026-09-02T22:45:00+00:00,28.9,0.5,0.51,0.505,0.01,742.0,454.08,97
2026-09-02T22:17:07.996872+00:00,btc-updown-5m-1788387300,5,4082760,114964107115914134966762577250765592934659163202733893502442322457651639717029,2026-09-02T22:15:00+00:00,2026-09-02T22:20:00+00:00,2.88,0.57,0.58,0.575,0.01,21.0,348.83,99
2026-09-02T22:17:07.996872+00:00,btc-updown-5m-1788387600,5,4084715,65213908678413999618084289599906909174012203177975061577098023014292690611810,2026-09-02T22:20:00+00:00,2026-09-02T22:25:00+00:00,7.88,0.5,0.51,0.505,0.01,603.09,778.04,99
2026-09-02T22:17:07.996872+00:00,btc-updown-15m-1788387300,15,4082750,24160526123213872886599831033835937339096489994984379888455109099704619865580,2026-09-02T22:15:00+00:00,2026-09-02T22:30:00+00:00,12.88,0.54,0.55,0.545,0.01,115.0,20.0,88
2026-09-02T22:17:07.996872+00:00,btc-updown-15m-1788388200,15,4086439,31293990592499250186650777979861170009356210251745164232088543036633019477849,2026-09-02T22:30:00+00:00,2026-09-02T22:45:00+00:00,27.88,0.5,0.51,0.505,0.01,658.0,454.08,97
2026-09-02T22:18:09.325934+00:00,btc-updown-5m-1788387300,5,4082760,114964107115914134966762577250765592934659163202733893502442322457651639717029,2026-09-02T22:15:00+00:00,2026-09-02T22:20:00+00:00,1.85,0.29,0.3,0.295,0.01,75.6,74.98,99
2026-09-02T22:18:09.325934+00:00,btc-updown-5m-1788387600,5,4084715,65213908678413999618084289599906909174012203177975061577098023014292690611810,2026-09-02T22:20:00+00:00,2026-09-02T22:25:00+00:00,6.85,0.5,0.51,0.505,0.01,91.0,784.01,99
2026-09-02T22:18:09.325934+00:00,btc-updown-15m-1788387300,15,4082750,24160526123213872886599831033835937339096489994984379888455109099704619865580,2026-09-02T22:15:00+00:00,2026-09-02T22:30:00+00:00,11.85,0.44,0.45,0.445,0.01,0.73,704.85,89
2026-09-02T22:18:09.325934+00:00,btc-updown-15m-1788388200,15,4086439,31293990592499250186650777979861170009356210251745164232088543036633019477849,2026-09-02T22:30:00+00:00,2026-09-02T22:45:00+00:00,26.85,0.5,0.51,0.505,0.01,738.0,454.08,97
2026-09-02T22:19:10.552509+00:00,btc-updown-5m-1788387600,5,4084715,65213908678413999618084289599906909174012203177975061577098023014292690611810,2026-09-02T22:20:00+00:00,2026-09-02T22:25:00+00:00,5.83,0.5,0.51,0.505,0.01,58.0,1112.04,99
2026-09-02T22:19:10.552509+00:00,btc-updown-15m-1788387300,15,4082750,24160526123213872886599831033835937339096489994984379888455109099704619865580,2026-09-02T22:15:00+00:00,2026-09-02T22:30:00+00:00,10.83,0.35,0.36,0.355,0.01,103.0,165.0,86
2026-09-02T22:19:10.552509+00:00,btc-updown-15m-1788388200,15,4086439,31293990592499250186650777979861170009356210251745164232088543036633019477849,2026-09-02T22:30:00+00:00,2026-09-02T22:45:00+00:00,25.83,0.5,0.51,0.505,0.01,738.0,454.08,97
2026-09-02T22:20:11.842787+00:00,btc-updown-5m-1788387600,5,4084715,65213908678413999618084289599906909174012203177975061577098023014292690611810,2026-09-02T22:20:00+00:00,2026-09-02T22:25:00+00:00,4.82,0.31,0.32,0.315,0.01,377.62,33.5,99
2026-09-02T22:20:11.842787+00:00,btc-updown-5m-1788387900,5,4086428,37642870895905192609421781353019857540199067038619760936010156227914590311231,2026-09-02T22:25:00+00:00,2026-09-02T22:30:00+00:00,9.82,0.5,0.51,0.505,0.01,960.82,1127.01,99
2026-09-02T22:20:11.842787+00:00,btc-updown-15m-1788387300,15,4082750,24160526123213872886599831033835937339096489994984379888455109099704619865580,2026-09-02T22:15:00+00:00,2026-09-02T22:30:00+00:00,9.82,0.21,0.22,0.215,0.01,134.53,33.0,82
2026-09-02T22:20:11.842787+00:00,btc-updown-15m-1788388200,15,4086439,31293990592499250186650777979861170009356210251745164232088543036633019477849,2026-09-02T22:30:00+00:00,2026-09-02T22:45:00+00:00,24.82,0.5,0.51,0.505,0.01,774.0,221.16,97
2026-09-02T22:21:13.055708+00:00,btc-updown-5m-1788387600,5,4084715,65213908678413999618084289599906909174012203177975061577098023014292690611810,2026-09-02T22:20:00+00:00,2026-09-02T22:25:00+00:00,3.78,0.14,0.15,0.145,0.01,80.86,341.0,99
2026-09-02T22:21:13.055708+00:00,btc-updown-5m-1788387900,5,4086428,37642870895905192609421781353019857540199067038619760936010156227914590311231,2026-09-02T22:25:00+00:00,2026-09-02T22:30:00+00:00,8.78,0.5,0.51,0.505,0.01,915.82,1014.88,99
2026-09-02T22:21:13.055708+00:00,btc-updown-15m-1788387300,15,4082750,24160526123213872886599831033835937339096489994984379888455109099704619865580,2026-09-02T22:15:00+00:00,2026-09-02T22:30:00+00:00,8.78,0.15,0.16,0.155,0.01,104.0,252.0,76
2026-09-02T22:21:13.055708+00:00,btc-updown-15m-1788388200,15,4086439,31293990592499250186650777979861170009356210251745164232088543036633019477849,2026-09-02T22:30:00+00:00,2026-09-02T22:45:00+00:00,23.78,0.5,0.51,0.505,0.01,774.0,219.19,97
2026-09-02T22:22:14.293078+00:00,btc-updown-5m-1788387600,5,4084715,65213908678413999618084289599906909174012203177975061577098023014292690611810,2026-09-02T22:20:00+00:00,2026-09-02T22:25:00+00:00,2.77,0.06,0.07,0.065,0.01,126.8,311.56,99
2026-09-02T22:22:14.293078+00:00,btc-updown-5m-1788387900,5,4086428,37642870895905192609421781353019857540199067038619760936010156227914590311231,2026-09-02T22:25:00+00:00,2026-09-02T22:30:00+00:00,7.77,0.5,0.51,0.505,0.01,995.82,883.33,99
2026-09-02T22:22:14.293078+00:00,btc-updown-15m-1788387300,15,4082750,24160526123213872886599831033835937339096489994984379888455109099704619865580,2026-09-02T22:15:00+00:00,2026-09-02T22:30:00+00:00,7.77,0.1,0.11,0.105,0.01,124.26,15.0,74
2026-09-02T22:22:14.293078+00:00,btc-updown-15m-1788388200,15,4086439,31293990592499250186650777979861170009356210251745164232088543036633019477849,2026-09-02T22:30:00+00:00,2026-09-02T22:45:00+00:00,22.77,0.5,0.51,0.505,0.01,774.0,219.19,97
2026-09-02T22:23:15.590095+00:00,btc-updown-5m-1788387900,5,4086428,37642870895905192609421781353019857540199067038619760936010156227914590311231,2026-09-02T22:25:00+00:00,2026-09-02T22:30:00+00:00,6.75,0.5,0.51,0.505,0.01,384.82,187.35,99
2026-09-02T22:23:15.590095+00:00,btc-updown-15m-1788387300,15,4082750,24160526123213872886599831033835937339096489994984379888455109099704619865580,2026-09-02T22:15:00+00:00,2026-09-02T22:30:00+00:00,6.75,0.1,0.11,0.105,0.01,112.0,204.0,73
2026-09-02T22:23:15.590095+00:00,btc-updown-15m-1788388200,15,4086439,31293990592499250186650777979861170009356210251745164232088543036633019477849,2026-09-02T22:30:00+00:00,2026-09-02T22:45:00+00:00,21.75,0.5,0.51,0.505,0.01,798.0,140.74,97
2026-09-02T22:24:16.700478+00:00,btc-updown-5m-1788387900,5,4086428,37642870895905192609421781353019857540199067038619760936010156227914590311231,2026-09-02T22:25:00+00:00,2026-09-02T22:30:00+00:00,5.73,0.51,0.52,0.515,0.01,52.94,138.87,99
2026-09-02T22:24:16.700478+00:00,btc-updown-15m-1788387300,15,4082750,24160526123213872886599831033835937339096489994984379888455109099704619865580,2026-09-02T22:15:00+00:00,2026-09-02T22:30:00+00:00,5.73,0.08,0.09,0.085,0.01,110.0,90.0,75
2026-09-02T22:24:16.700478+00:00,btc-updown-15m-1788388200,15,4086439,31293990592499250186650777979861170009356210251745164232088543036633019477849,2026-09-02T22:30:00+00:00,2026-09-02T22:45:00+00:00,20.73,0.5,0.51,0.505,0.01,790.0,140.74,97
2026-09-02T22:25:17.853718+00:00,btc-updown-5m-1788387900,5,4086428,37642870895905192609421781353019857540199067038619760936010156227914590311231,2026-09-02T22:25:00+00:00,2026-09-02T22:30:00+00:00,4.72,0.5,0.51,0.505,0.01,227.14,258.15,99
2026-09-02T22:25:17.853718+00:00,btc-updown-5m-1788388200,5,4086441,85222848935633509418411546864539370681334143250700315924359158436134997171512,2026-09-02T22:30:00+00:00,2026-09-02T22:35:00+00:00,9.72,0.5,0.51,0.505,0.01,891.73,138.57,99
2026-09-02T22:25:17.853718+00:00,btc-updown-15m-1788387300,15,4082750,24160526123213872886599831033835937339096489994984379888455109099704619865580,2026-09-02T22:15:00+00:00,2026-09-02T22:30:00+00:00,4.72,0.04,0.05,0.045,0.01,223.36,10.0,75
2026-09-02T22:25:17.853718+00:00,btc-updown-15m-1788388200,15,4086439,31293990592499250186650777979861170009356210251745164232088543036633019477849,2026-09-02T22:30:00+00:00,2026-09-02T22:45:00+00:00,19.72,0.5,0.51,0.505,0.01,807.0,132.35,97
2026-09-02T22:26:19.081508+00:00,btc-updown-5m-1788387900,5,4086428,37642870895905192609421781353019857540199067038619760936010156227914590311231,2026-09-02T22:25:00+00:00,2026-09-02T22:30:00+00:00,3.68,0.25,0.26,0.255,0.01,329.42,68.0,99
2026-09-02T22:26:19.081508+00:00,btc-updown-5m-1788388200,5,4086441,85222848935633509418411546864539370681334143250700315924359158436134997171512,2026-09-02T22:30:00+00:00,2026-09-02T22:35:00+00:00,8.68,0.5,0.51,0.505,0.01,897.73,123.87,99
2026-09-02T22:26:19.081508+00:00,btc-updown-15m-1788387300,15,4082750,24160526123213872886599831033835937339096489994984379888455109099704619865580,2026-09-02T22:15:00+00:00,2026-09-02T22:30:00+00:00,3.68,0.01,0.02,0.015,0.01,33.0,216.1,71
2026-09-02T22:26:19.081508+00:00,btc-updown-15m-1788388200,15,4086439,31293990592499250186650777979861170009356210251745164232088543036633019477849,2026-09-02T22:30:00+00:00,2026-09-02T22:45:00+00:00,18.68,0.5,0.51,0.505,0.01,807.0,101.21,97
2026-09-02T22:27:20.329262+00:00,btc-updown-5m-1788387900,5,4086428,37642870895905192609421781353019857540199067038619760936010156227914590311231,2026-09-02T22:25:00+00:00,2026-09-02T22:30:00+00:00,2.67,0.47,0.48,0.475,0.01,362.67,14.45,99
2026-09-02T22:27:20.329262+00:00,btc-updown-5m-1788388200,5,4086441,85222848935633509418411546864539370681334143250700315924359158436134997171512,2026-09-02T22:30:00+00:00,2026-09-02T22:35:00+00:00,7.67,0.5,0.51,0.505,0.01,637.73,100.95,99
2026-09-02T22:27:20.329262+00:00,btc-updown-15m-1788387300,15,4082750,24160526123213872886599831033835937339096489994984379888455109099704619865580,2026-09-02T22:15:00+00:00,2026-09-02T22:30:00+00:00,2.67,0.001,0.01,0.0055,0.009,197.0,0.76,76
2026-09-02T22:27:20.329262+00:00,btc-updown-15m-1788388200,15,4086439,31293990592499250186650777979861170009356210251745164232088543036633019477849,2026-09-02T22:30:00+00:00,2026-09-02T22:45:00+00:00,17.67,0.5,0.51,0.505,0.01,778.0,93.93,97
2026-09-02T22:28:21.575007+00:00,btc-updown-5m-1788387900,5,4086428,37642870895905192609421781353019857540199067038619760936010156227914590311231,2026-09-02T22:25:00+00:00,2026-09-02T22:30:00+00:00,1.65,0.11,0.12,0.115,0.01,288.05,170.69,99
2026-09-02T22:28:21.575007+00:00,btc-updown-5m-1788388200,5,4086441,85222848935633509418411546864539370681334143250700315924359158436134997171512,2026-09-02T22:30:00+00:00,2026-09-02T22:35:00+00:00,6.65,0.5,0.51,0.505,0.01,258.0,117.27,99
2026-09-02T22:28:21.575007+00:00,btc-updown-15m-1788388200,15,4086439,31293990592499250186650777979861170009356210251745164232088543036633019477849,2026-09-02T22:30:00+00:00,2026-09-02T22:45:00+00:00,16.65,0.52,0.53,0.525,0.01,450.0,23.66,97
2026-09-02T22:29:22.838198+00:00,btc-updown-5m-1788388200,5,4086441,85222848935633509418411546864539370681334143250700315924359158436134997171512,2026-09-02T22:30:00+00:00,2026-09-02T22:35:00+00:00,5.63,0.51,0.52,0.515,0.01,103.77,310.15,99
2026-09-02T22:29:22.838198+00:00,btc-updown-15m-1788388200,15,4086439,31293990592499250186650777979861170009356210251745164232088543036633019477849,2026-09-02T22:30:00+00:00,2026-09-02T22:45:00+00:00,15.63,0.53,0.54,0.535,0.01,288.68,255.29,92
2026-09-02T22:30:23.876743+00:00,btc-updown-5m-1788388200,5,4086441,85222848935633509418411546864539370681334143250700315924359158436134997171512,2026-09-02T22:30:00+00:00,2026-09-02T22:35:00+00:00,4.62,0.53,0.54,0.535,0.01,141.67,233.98,99
2026-09-02T22:30:23.876743+00:00,btc-updown-5m-1788388500,5,4086814,32747979914286268141357783519681888652762229947564820353702950399936525545638,2026-09-02T22:35:00+00:00,2026-09-02T22:40:00+00:00,9.62,0.51,0.52,0.515,0.01,227.59,15.0,99
2026-09-02T22:30:23.876743+00:00,btc-updown-15m-1788388200,15,4086439,31293990592499250186650777979861170009356210251745164232088543036633019477849,2026-09-02T22:30:00+00:00,2026-09-02T22:45:00+00:00,14.62,0.55,0.56,0.555,0.01,91.11,391.23,99
2026-09-02T22:30:23.876743+00:00,btc-updown-15m-1788389100,15,4086900,29539075245131711263184006849648387135830033007985603971134618560356794781144,2026-09-02T22:45:00+00:00,2026-09-02T23:00:00+00:00,29.62,0.5,0.51,0.505,0.01,824.48,332.51,83
2026-09-02T22:31:25.124469+00:00,btc-updown-5m-1788388200,5,4086441,85222848935633509418411546864539370681334143250700315924359158436134997171512,2026-09-02T22:30:00+00:00,2026-09-02T22:35:00+00:00,3.58,0.89,0.9,0.895,0.01,392.93,221.71,99
2026-09-02T22:31:25.124469+00:00,btc-updown-5m-1788388500,5,4086814,32747979914286268141357783519681888652762229947564820353702950399936525545638,2026-09-02T22:35:00+00:00,2026-09-02T22:40:00+00:00,8.58,0.52,0.53,0.525,0.01,80.0,230.41,99
2026-09-02T22:31:25.124469+00:00,btc-updown-15m-1788388200,15,4086439,31293990592499250186650777979861170009356210251745164232088543036633019477849,2026-09-02T22:30:00+00:00,2026-09-02T22:45:00+00:00,13.58,0.67,0.7,0.685,0.03,6.75,318.12,94
2026-09-02T22:31:25.124469+00:00,btc-updown-15m-1788389100,15,4086900,29539075245131711263184006849648387135830033007985603971134618560356794781144,2026-09-02T22:45:00+00:00,2026-09-02T23:00:00+00:00,28.58,0.5,0.51,0.505,0.01,816.39,324.18,85
2026-09-02T22:32:26.395703+00:00,btc-updown-5m-1788388200,5,4086441,85222848935633509418411546864539370681334143250700315924359158436134997171512,2026-09-02T22:30:00+00:00,2026-09-02T22:35:00+00:00,2.57,0.93,0.94,0.935,0.01,788.49,245.8,99
2026-09-02T22:32:26.395703+00:00,btc-updown-5m-1788388500,5,4086814,32747979914286268141357783519681888652762229947564820353702950399936525545638,2026-09-02T22:35:00+00:00,2026-09-02T22:40:00+00:00,7.57,0.52,0.53,0.525,0.01,27.91,186.32,99
2026-09-02T22:32:26.395703+00:00,btc-updown-15m-1788388200,15,4086439,31293990592499250186650777979861170009356210251745164232088543036633019477849,2026-09-02T22:30:00+00:00,2026-09-02T22:45:00+00:00,12.57,0.73,0.74,0.735,0.01,227.78,131.0,97
2026-09-02T22:32:26.395703+00:00,btc-updown-15m-1788389100,15,4086900,29539075245131711263184006849648387135830033007985603971134618560356794781144,2026-09-02T22:45:00+00:00,2026-09-02T23:00:00+00:00,27.57,0.5,0.51,0.505,0.01,812.39,324.18,87
2026-09-02T22:33:27.622818+00:00,btc-updown-5m-1788388200,5,4086441,85222848935633509418411546864539370681334143250700315924359158436134997171512,2026-09-02T22:30:00+00:00,2026-09-02T22:35:00+00:00,1.55,0.96,0.97,0.965,0.01,544.16,67.68,99
2026-09-02T22:33:27.622818+00:00,btc-updown-5m-1788388500,5,4086814,32747979914286268141357783519681888652762229947564820353702950399936525545638,2026-09-02T22:35:00+00:00,2026-09-02T22:40:00+00:00,6.55,0.52,0.53,0.525,0.01,13.63,325.99,99
2026-09-02T22:33:27.622818+00:00,btc-updown-15m-1788388200,15,4086439,31293990592499250186650777979861170009356210251745164232088543036633019477849,2026-09-02T22:30:00+00:00,2026-09-02T22:45:00+00:00,11.55,0.73,0.74,0.735,0.01,81.59,60.0,97
2026-09-02T22:33:27.622818+00:00,btc-updown-15m-1788389100,15,4086900,29539075245131711263184006849648387135830033007985603971134618560356794781144,2026-09-02T22:45:00+00:00,2026-09-02T23:00:00+00:00,26.55,0.5,0.51,0.505,0.01,808.5,528.26,87
2026-09-02T22:34:29.052551+00:00,btc-updown-5m-1788388500,5,4086814,32747979914286268141357783519681888652762229947564820353702950399936525545638,2026-09-02T22:35:00+00:00,2026-09-02T22:40:00+00:00,5.52,0.51,0.52,0.515,0.01,295.34,68.84,99
2026-09-02T22:34:29.052551+00:00,btc-updown-15m-1788388200,15,4086439,31293990592499250186650777979861170009356210251745164232088543036633019477849,2026-09-02T22:30:00+00:00,2026-09-02T22:45:00+00:00,10.52,0.77,0.78,0.775,0.01,138.8,63.0,98
2026-09-02T22:34:29.052551+00:00,btc-updown-15m-1788389100,15,4086900,29539075245131711263184006849648387135830033007985603971134618560356794781144,2026-09-02T22:45:00+00:00,2026-09-02T23:00:00+00:00,25.52,0.5,0.51,0.505,0.01,808.5,324.18,95
2026-09-02T22:35:30.186831+00:00,btc-updown-5m-1788388500,5,4086814,32747979914286268141357783519681888652762229947564820353702950399936525545638,2026-09-02T22:35:00+00:00,2026-09-02T22:40:00+00:00,4.5,0.52,0.53,0.525,0.01,91.77,192.99,99
2026-09-02T22:35:30.186831+00:00,btc-updown-5m-1788388800,5,4086890,88159455782894519913521438211319019014593003104221276160511023194429852197173,2026-09-02T22:40:00+00:00,2026-09-02T22:45:00+00:00,9.5,0.5,0.51,0.505,0.01,716.87,957.47,99
2026-09-02T22:35:30.186831+00:00,btc-updown-15m-1788388200,15,4086439,31293990592499250186650777979861170009356210251745164232088543036633019477849,2026-09-02T22:30:00+00:00,2026-09-02T22:45:00+00:00,9.5,0.82,0.83,0.825,0.01,19.72,137.79,96
2026-09-02T22:35:30.186831+00:00,btc-updown-15m-1788389100,15,4086900,29539075245131711263184006849648387135830033007985603971134618560356794781144,2026-09-02T22:45:00+00:00,2026-09-02T23:00:00+00:00,24.5,0.5,0.51,0.505,0.01,782.38,558.26,95
2026-09-02T22:36:31.403716+00:00,btc-updown-5m-1788388500,5,4086814,32747979914286268141357783519681888652762229947564820353702950399936525545638,2026-09-02T22:35:00+00:00,2026-09-02T22:40:00+00:00,3.48,0.48,0.49,0.485,0.01,1474.99,115.39,99
2026-09-02T22:36:31.403716+00:00,btc-updown-5m-1788388800,5,4086890,88159455782894519913521438211319019014593003104221276160511023194429852197173,2026-09-02T22:40:00+00:00,2026-09-02T22:45:00+00:00,8.48,0.5,0.51,0.505,0.01,806.87,978.47,99
2026-09-02T22:36:31.403716+00:00,btc-updown-15m-1788388200,15,4086439,31293990592499250186650777979861170009356210251745164232088543036633019477849,2026-09-02T22:30:00+00:00,2026-09-02T22:45:00+00:00,8.48,0.8,0.81,0.805,0.01,150.0,48.0,94
2026-09-02T22:36:31.403716+00:00,btc-updown-15m-1788389100,15,4086900,29539075245131711263184006849648387135830033007985603971134618560356794781144,2026-09-02T22:45:00+00:00,2026-09-02T23:00:00+00:00,23.48,0.5,0.51,0.505,0.01,702.39,352.21,95
2026-09-02T22:37:32.617784+00:00,btc-updown-5m-1788388500,5,4086814,32747979914286268141357783519681888652762229947564820353702950399936525545638,2026-09-02T22:35:00+00:00,2026-09-02T22:40:00+00:00,2.47,0.93,0.94,0.935,0.01,367.97,238.71,99
2026-09-02T22:37:32.617784+00:00,btc-updown-5m-1788388800,5,4086890,88159455782894519913521438211319019014593003104221276160511023194429852197173,2026-09-02T22:40:00+00:00,2026-09-02T22:45:00+00:00,7.47,0.5,0.51,0.505,0.01,881.87,973.8,99
2026-09-02T22:37:32.617784+00:00,btc-updown-15m-1788388200,15,4086439,31293990592499250186650777979861170009356210251745164232088543036633019477849,2026-09-02T22:30:00+00:00,2026-09-02T22:45:00+00:00,7.47,0.93,0.94,0.935,0.01,231.96,30.0,88
2026-09-02T22:37:32.617784+00:00,btc-updown-15m-1788389100,15,4086900,29539075245131711263184006849648387135830033007985603971134618560356794781144,2026-09-02T22:45:00+00:00,2026-09-02T23:00:00+00:00,22.47,0.5,0.51,0.505,0.01,352.39,398.34,95
2026-09-02T22:38:33.842861+00:00,btc-updown-5m-1788388500,5,4086814,32747979914286268141357783519681888652762229947564820353702950399936525545638,2026-09-02T22:35:00+00:00,2026-09-02T22:40:00+00:00,1.45,0.94,0.95,0.945,0.01,81.0,649.15,99
2026-09-02T22:38:33.842861+00:00,btc-updown-5m-1788388800,5,4086890,88159455782894519913521438211319019014593003104221276160511023194429852197173,2026-09-02T22:40:00+00:00,2026-09-02T22:45:00+00:00,6.45,0.5,0.51,0.505,0.01,97.87,1015.44,99
2026-09-02T22:38:33.842861+00:00,btc-updown-15m-1788388200,15,4086439,31293990592499250186650777979861170009356210251745164232088543036633019477849,2026-09-02T22:30:00+00:00,2026-09-02T22:45:00+00:00,6.45,0.93,0.94,0.935,0.01,22.49,789.85,88
2026-09-02T22:38:33.842861+00:00,btc-updown-15m-1788389100,15,4086900,29539075245131711263184006849648387135830033007985603971134618560356794781144,2026-09-02T22:45:00+00:00,2026-09-02T23:00:00+00:00,21.45,0.5,0.51,0.505,0.01,263.52,398.34,95
2026-09-02T22:39:35.296529+00:00,btc-updown-5m-1788388800,5,4086890,88159455782894519913521438211319019014593003104221276160511023194429852197173,2026-09-02T22:40:00+00:00,2026-09-02T22:45:00+00:00,5.42,0.5,0.51,0.505,0.01,16.87,850.92,99
2026-09-02T22:39:35.296529+00:00,btc-updown-15m-1788388200,15,4086439,31293990592499250186650777979861170009356210251745164232088543036633019477849,2026-09-02T22:30:00+00:00,2026-09-02T22:45:00+00:00,5.42,0.94,0.95,0.945,0.01,128.33,97.94,87
2026-09-02T22:39:35.296529+00:00,btc-updown-15m-1788389100,15,4086900,29539075245131711263184006849648387135830033007985603971134618560356794781144,2026-09-02T22:45:00+00:00,2026-09-02T23:00:00+00:00,20.42,0.5,0.51,0.505,0.01,263.52,398.34,95
2026-09-02T22:40:36.515659+00:00,btc-updown-5m-1788388800,5,4086890,88159455782894519913521438211319019014593003104221276160511023194429852197173,2026-09-02T22:40:00+00:00,2026-09-02T22:45:00+00:00,4.4,0.66,0.67,0.665,0.01,288.99,37.78,99
2026-09-02T22:40:36.515659+00:00,btc-updown-5m-1788389100,5,4086916,31041690177265464911979564888512224301472180511768342708928689398158140492406,2026-09-02T22:45:00+00:00,2026-09-02T22:50:00+00:00,9.4,0.5,0.51,0.505,0.01,84.0,972.78,99
2026-09-02T22:40:36.515659+00:00,btc-updown-15m-1788389100,15,4086900,29539075245131711263184006849648387135830033007985603971134618560356794781144,2026-09-02T22:45:00+00:00,2026-09-02T23:00:00+00:00,19.4,0.5,0.51,0.505,0.01,270.52,390.15,95
2026-09-02T22:41:37.616959+00:00,btc-updown-5m-1788388800,5,4086890,88159455782894519913521438211319019014593003104221276160511023194429852197173,2026-09-02T22:40:00+00:00,2026-09-02T22:45:00+00:00,3.38,0.5,0.51,0.505,0.01,25.74,92.63,99
2026-09-02T22:41:37.616959+00:00,btc-updown-5m-1788389100,5,4086916,31041690177265464911979564888512224301472180511768342708928689398158140492406,2026-09-02T22:45:00+00:00,2026-09-02T22:50:00+00:00,8.38,0.5,0.51,0.505,0.01,92.0,924.76,99
2026-09-02T22:41:37.616959+00:00,btc-updown-15m-1788389100,15,4086900,29539075245131711263184006849648387135830033007985603971134618560356794781144,2026-09-02T22:45:00+00:00,2026-09-02T23:00:00+00:00,18.38,0.5,0.51,0.505,0.01,320.52,390.15,97
2026-09-02T22:42:38.925447+00:00,btc-updown-5m-1788388800,5,4086890,88159455782894519913521438211319019014593003104221276160511023194429852197173,2026-09-02T22:40:00+00:00,2026-09-02T22:45:00+00:00,2.37,0.47,0.48,0.475,0.01,150.33,110.0,99
2026-09-02T22:42:38.925447+00:00,btc-updown-5m-1788389100,5,4086916,31041690177265464911979564888512224301472180511768342708928689398158140492406,2026-09-02T22:45:00+00:00,2026-09-02T22:50:00+00:00,7.37,0.5,0.51,0.505,0.01,92.0,1016.76,99
2026-09-02T22:42:38.925447+00:00,btc-updown-15m-1788388200,15,4086439,31293990592499250186650777979861170009356210251745164232088543036633019477849,2026-09-02T22:30:00+00:00,2026-09-02T22:45:00+00:00,2.37,0.99,0.996,0.993,0.006,5.0,2064.93,95
2026-09-02T22:42:38.925447+00:00,btc-updown-15m-1788389100,15,4086900,29539075245131711263184006849648387135830033007985603971134618560356794781144,2026-09-02T22:45:00+00:00,2026-09-02T23:00:00+00:00,17.37,0.5,0.51,0.505,0.01,320.52,390.15,97
2026-09-02T22:43:40.137328+00:00,btc-updown-5m-1788388800,5,4086890,88159455782894519913521438211319019014593003104221276160511023194429852197173,2026-09-02T22:40:00+00:00,2026-09-02T22:45:00+00:00,1.33,0.7,0.71,0.705,0.01,140.0,35.88,99
2026-09-02T22:43:40.137328+00:00,btc-updown-5m-1788389100,5,4086916,31041690177265464911979564888512224301472180511768342708928689398158140492406,2026-09-02T22:45:00+00:00,2026-09-02T22:50:00+00:00,6.33,0.5,0.51,0.505,0.01,90.0,980.76,99
2026-09-02T22:43:40.137328+00:00,btc-updown-15m-1788389100,15,4086900,29539075245131711263184006849648387135830033007985603971134618560356794781144,2026-09-02T22:45:00+00:00,2026-09-02T23:00:00+00:00,16.33,0.5,0.51,0.505,0.01,360.52,380.15,95
2026-09-02T22:44:41.327563+00:00,btc-updown-5m-1788389100,5,4086916,31041690177265464911979564888512224301472180511768342708928689398158140492406,2026-09-02T22:45:00+00:00,2026-09-02T22:50:00+00:00,5.32,0.45,0.46,0.455,0.01,25.0,63.47,98
2026-09-02T22:44:41.327563+00:00,btc-updown-15m-1788389100,15,4086900,29539075245131711263184006849648387135830033007985603971134618560356794781144,2026-09-02T22:45:00+00:00,2026-09-02T23:00:00+00:00,15.32,0.5,0.51,0.505,0.01,431.62,653.23,92
2026-09-02T22:45:42.363947+00:00,btc-updown-5m-1788389100,5,4086916,31041690177265464911979564888512224301472180511768342708928689398158140492406,2026-09-02T22:45:00+00:00,2026-09-02T22:50:00+00:00,4.3,0.17,0.18,0.175,0.01,134.75,65.0,99
2026-09-02T22:45:42.363947+00:00,btc-updown-5m-1788389400,5,4086927,24757169038507544876956237966774398021691161384907126791431678190245041443471,2026-09-02T22:50:00+00:00,2026-09-02T22:55:00+00:00,9.3,0.5,0.51,0.505,0.01,189.68,635.82,99
2026-09-02T22:45:42.363947+00:00,btc-updown-15m-1788389100,15,4086900,29539075245131711263184006849648387135830033007985603971134618560356794781144,2026-09-02T22:45:00+00:00,2026-09-02T23:00:00+00:00,14.3,0.32,0.33,0.325,0.01,4099.0,205.0,96
2026-09-02T22:45:42.363947+00:00,btc-updown-15m-1788390000,15,4087832,100191067334842005714843381314211305792805714651466682647325458736610081545061,2026-09-02T23:00:00+00:00,2026-09-02T23:15:00+00:00,29.3,0.5,0.51,0.505,0.01,316.0,451.44,87
2026-09-02T22:46:44.007694+00:00,btc-updown-5m-1788389100,5,4086916,31041690177265464911979564888512224301472180511768342708928689398158140492406,2026-09-02T22:45:00+00:00,2026-09-02T22:50:00+00:00,3.27,0.23,0.24,0.235,0.01,240.86,164.54,99
2026-09-02T22:46:44.007694+00:00,btc-updown-5m-1788389400,5,4086927,24757169038507544876956237966774398021691161384907126791431678190245041443471,2026-09-02T22:50:00+00:00,2026-09-02T22:55:00+00:00,8.27,0.5,0.51,0.505,0.01,253.68,646.82,99
2026-09-02T22:46:44.007694+00:00,btc-updown-15m-1788389100,15,4086900,29539075245131711263184006849648387135830033007985603971134618560356794781144,2026-09-02T22:45:00+00:00,2026-09-02T23:00:00+00:00,13.27,0.39,0.4,0.395,0.01,5973.23,100.0,93
2026-09-02T22:46:44.007694+00:00,btc-updown-15m-1788390000,15,4087832,100191067334842005714843381314211305792805714651466682647325458736610081545061,2026-09-02T23:00:00+00:00,2026-09-02T23:15:00+00:00,28.27,0.5,0.51,0.505,0.01,250.0,247.36,87
2026-09-02T22:47:45.237948+00:00,btc-updown-5m-1788389100,5,4086916,31041690177265464911979564888512224301472180511768342708928689398158140492406,2026-09-02T22:45:00+00:00,2026-09-02T22:50:00+00:00,2.25,0.02,0.03,0.025,0.01,932.87,53.94,99
2026-09-02T22:47:45.237948+00:00,btc-updown-5m-1788389400,5,4086927,24757169038507544876956237966774398021691161384907126791431678190245041443471,2026-09-02T22:50:00+00:00,2026-09-02T22:55:00+00:00,7.25,0.5,0.51,0.505,0.01,164.68,638.82,99
2026-09-02T22:47:45.237948+00:00,btc-updown-15m-1788389100,15,4086900,29539075245131711263184006849648387135830033007985603971134618560356794781144,2026-09-02T22:45:00+00:00,2026-09-02T23:00:00+00:00,12.25,0.25,0.26,0.255,0.01,282.43,85.86,91
2026-09-02T22:47:45.237948+00:00,btc-updown-15m-1788390000,15,4087832,100191067334842005714843381314211305792805714651466682647325458736610081545061,2026-09-02T23:00:00+00:00,2026-09-02T23:15:00+00:00,27.25,0.5,0.51,0.505,0.01,300.0,247.36,87
2026-09-02T22:48:46.452551+00:00,btc-updown-5m-1788389400,5,4086927,24757169038507544876956237966774398021691161384907126791431678190245041443471,2026-09-02T22:50:00+00:00,2026-09-02T22:55:00+00:00,6.23,0.5,0.51,0.505,0.01,261.68,586.82,99
2026-09-02T22:48:46.452551+00:00,btc-updown-15m-1788389100,15,4086900,29539075245131711263184006849648387135830033007985603971134618560356794781144,2026-09-02T22:45:00+00:00,2026-09-02T23:00:00+00:00,11.23,0.21,0.22,0.215,0.01,3683.0,161.0,90
2026-09-02T22:48:46.452551+00:00,btc-updown-15m-1788390000,15,4087832,100191067334842005714843381314211305792805714651466682647325458736610081545061,2026-09-02T23:00:00+00:00,2026-09-02T23:15:00+00:00,26.23,0.5,0.51,0.505,0.01,250.0,451.44,87
2026-09-02T22:49:47.689269+00:00,btc-updown-5m-1788389400,5,4086927,24757169038507544876956237966774398021691161384907126791431678190245041443471,2026-09-02T22:50:00+00:00,2026-09-02T22:55:00+00:00,5.22,0.5,0.51,0.505,0.01,270.24,279.8,99
2026-09-02T22:49:47.689269+00:00,btc-updown-15m-1788389100,15,4086900,29539075245131711263184006849648387135830033007985603971134618560356794781144,2026-09-02T22:45:00+00:00,2026-09-02T23:00:00+00:00,10.22,0.23,0.24,0.235,0.01,6599.25,102.0,89
2026-09-02T22:49:47.689269+00:00,btc-updown-15m-1788390000,15,4087832,100191067334842005714843381314211305792805714651466682647325458736610081545061,2026-09-02T23:00:00+00:00,2026-09-02T23:15:00+00:00,25.22,0.5,0.51,0.505,0.01,300.0,451.44,99
2026-09-02T22:50:48.808184+00:00,btc-updown-5m-1788389400,5,4086927,24757169038507544876956237966774398021691161384907126791431678190245041443471,2026-09-02T22:50:00+00:00,2026-09-02T22:55:00+00:00,4.2,0.31,0.32,0.315,0.01,367.28,103.0,99
2026-09-02T22:50:48.808184+00:00,btc-updown-5m-1788389700,5,4087747,65830948531078855721968539511406936949475184414118791812099418625316299081647,2026-09-02T22:55:00+00:00,2026-09-02T23:00:00+00:00,9.2,0.5,0.51,0.505,0.01,690.82,649.22,99
2026-09-02T22:50:48.808184+00:00,btc-updown-15m-1788389100,15,4086900,29539075245131711263184006849648387135830033007985603971134618560356794781144,2026-09-02T22:45:00+00:00,2026-09-02T23:00:00+00:00,9.2,0.16,0.17,0.165,0.01,40.0,123.52,89
2026-09-02T22:50:48.808184+00:00,btc-updown-15m-1788390000,15,4087832,100191067334842005714843381314211305792805714651466682647325458736610081545061,2026-09-02T23:00:00+00:00,2026-09-02T23:15:00+00:00,24.2,0.5,0.51,0.505,0.01,250.0,277.36,99
2026-09-02T22:51:50.036281+00:00,btc-updown-5m-1788389400,5,4086927,24757169038507544876956237966774398021691161384907126791431678190245041443471,2026-09-02T22:50:00+00:00,2026-09-02T22:55:00+00:00,3.17,0.61,0.62,0.615,0.01,330.15,130.0,99
2026-09-02T22:51:50.036281+00:00,btc-updown-5m-1788389700,5,4087747,65830948531078855721968539511406936949475184414118791812099418625316299081647,2026-09-02T22:55:00+00:00,2026-09-02T23:00:00+00:00,8.17,0.5,0.51,0.505,0.01,690.82,648.35,97
2026-09-02T22:51:50.036281+00:00,btc-updown-15m-1788389100,15,4086900,29539075245131711263184006849648387135830033007985603971134618560356794781144,2026-09-02T22:45:00+00:00,2026-09-02T23:00:00+00:00,8.17,0.2,0.22,0.21,0.02,130.32,193.0,87
2026-09-02T22:51:50.036281+00:00,btc-updown-15m-1788390000,15,4087832,100191067334842005714843381314211305792805714651466682647325458736610081545061,2026-09-02T23:00:00+00:00,2026-09-02T23:15:00+00:00,23.17,0.5,0.51,0.505,0.01,300.0,257.74,99
2026-09-02T22:52:51.353309+00:00,btc-updown-5m-1788389400,5,4086927,24757169038507544876956237966774398021691161384907126791431678190245041443471,2026-09-02T22:50:00+00:00,2026-09-02T22:55:00+00:00,2.15,0.28,0.29,0.285,0.01,188.15,78.0,99
2026-09-02T22:52:51.353309+00:00,btc-updown-5m-1788389700,5,4087747,65830948531078855721968539511406936949475184414118791812099418625316299081647,2026-09-02T22:55:00+00:00,2026-09-02T23:00:00+00:00,7.15,0.5,0.51,0.505,0.01,690.82,640.35,98
2026-09-02T22:52:51.353309+00:00,btc-updown-15m-1788389100,15,4086900,29539075245131711263184006849648387135830033007985603971134618560356794781144,2026-09-02T22:45:00+00:00,2026-09-02T23:00:00+00:00,7.15,0.12,0.13,0.125,0.01,177.59,108.03,87
2026-09-02T22:52:51.353309+00:00,btc-updown-15m-1788390000,15,4087832,100191067334842005714843381314211305792805714651466682647325458736610081545061,2026-09-02T23:00:00+00:00,2026-09-02T23:15:00+00:00,22.15,0.5,0.51,0.505,0.01,650.0,257.74,99
2026-09-02T22:53:52.577277+00:00,btc-updown-5m-1788389400,5,4086927,24757169038507544876956237966774398021691161384907126791431678190245041443471,2026-09-02T22:50:00+00:00,2026-09-02T22:55:00+00:00,1.13,0.01,0.02,0.015,0.01,3696.15,518.18,99
2026-09-02T22:53:52.577277+00:00,btc-updown-5m-1788389700,5,4087747,65830948531078855721968539511406936949475184414118791812099418625316299081647,2026-09-02T22:55:00+00:00,2026-09-02T23:00:00+00:00,6.13,0.5,0.51,0.505,0.01,145.0,537.39,99
2026-09-02T22:53:52.577277+00:00,btc-updown-15m-1788389100,15,4086900,29539075245131711263184006849648387135830033007985603971134618560356794781144,2026-09-02T22:45:00+00:00,2026-09-02T23:00:00+00:00,6.13,0.06,0.07,0.065,0.01,66.66,172.03,87
2026-09-02T22:53:52.577277+00:00,btc-updown-15m-1788390000,15,4087832,100191067334842005714843381314211305792805714651466682647325458736610081545061,2026-09-02T23:00:00+00:00,2026-09-02T23:15:00+00:00,21.13,0.5,0.51,0.505,0.01,392.0,238.13,99
2026-09-02T22:54:53.831816+00:00,btc-updown-5m-1788389700,5,4087747,65830948531078855721968539511406936949475184414118791812099418625316299081647,2026-09-02T22:55:00+00:00,2026-09-02T23:00:00+00:00,5.12,0.61,0.62,0.615,0.01,180.55,60.0,98
2026-09-02T22:54:53.831816+00:00,btc-updown-15m-1788389100,15,4086900,29539075245131711263184006849648387135830033007985603971134618560356794781144,2026-09-02T22:45:00+00:00,2026-09-02T23:00:00+00:00,5.12,0.06,0.07,0.065,0.01,50.0,140.03,87
2026-09-02T22:54:53.831816+00:00,btc-updown-15m-1788390000,15,4087832,100191067334842005714843381314211305792805714651466682647325458736610081545061,2026-09-02T23:00:00+00:00,2026-09-02T23:15:00+00:00,20.12,0.5,0.51,0.505,0.01,312.0,208.71,99
2026-09-02T22:55:55.051192+00:00,btc-updown-5m-1788389700,5,4087747,65830948531078855721968539511406936949475184414118791812099418625316299081647,2026-09-02T22:55:00+00:00,2026-09-02T23:00:00+00:00,4.08,0.59,0.6,0.595,0.01,114.29,194.17,99
2026-09-02T22:55:55.051192+00:00,btc-updown-5m-1788390000,5,4087830,98671658952489504835912021265820611023829160686484515693818350124505791332696,2026-09-02T23:00:00+00:00,2026-09-02T23:05:00+00:00,9.08,0.5,0.51,0.505,0.01,757.0,638.09,98
2026-09-02T22:55:55.051192+00:00,btc-updown-15m-1788389100,15,4086900,29539075245131711263184006849648387135830033007985603971134618560356794781144,2026-09-02T22:45:00+00:00,2026-09-02T23:00:00+00:00,4.08,0.03,0.04,0.035,0.01,133.71,154.03,87
2026-09-02T22:55:55.051192+00:00,btc-updown-15m-1788390000,15,4087832,100191067334842005714843381314211305792805714651466682647325458736610081545061,2026-09-02T23:00:00+00:00,2026-09-02T23:15:00+00:00,19.08,0.5,0.51,0.505,0.01,334.0,196.29,99
2026-09-02T22:56:56.233053+00:00,btc-updown-5m-1788389700,5,4087747,65830948531078855721968539511406936949475184414118791812099418625316299081647,2026-09-02T22:55:00+00:00,2026-09-02T23:00:00+00:00,3.07,0.56,0.57,0.565,0.01,376.48,68.32,99
2026-09-02T22:56:56.233053+00:00,btc-updown-5m-1788390000,5,4087830,98671658952489504835912021265820611023829160686484515693818350124505791332696,2026-09-02T23:00:00+00:00,2026-09-02T23:05:00+00:00,8.07,0.5,0.51,0.505,0.01,758.0,644.09,97
2026-09-02T22:56:56.233053+00:00,btc-updown-15m-1788389100,15,4086900,29539075245131711263184006849648387135830033007985603971134618560356794781144,2026-09-02T22:45:00+00:00,2026-09-02T23:00:00+00:00,3.07,0.01,0.02,0.015,0.01,576.33,195.0,87
2026-09-02T22:56:56.233053+00:00,btc-updown-15m-1788390000,15,4087832,100191067334842005714843381314211305792805714651466682647325458736610081545061,2026-09-02T23:00:00+00:00,2026-09-02T23:15:00+00:00,18.07,0.5,0.51,0.505,0.01,424.0,196.29,99
2026-09-02T22:57:57.447214+00:00,btc-updown-5m-1788389700,5,4087747,65830948531078855721968539511406936949475184414118791812099418625316299081647,2026-09-02T22:55:00+00:00,2026-09-02T23:00:00+00:00,2.05,0.62,0.63,0.625,0.01,199.77,37.0,99
2026-09-02T22:57:57.447214+00:00,btc-updown-5m-1788390000,5,4087830,98671658952489504835912021265820611023829160686484515693818350124505791332696,2026-09-02T23:00:00+00:00,2026-09-02T23:05:00+00:00,7.05,0.5,0.51,0.505,0.01,753.0,639.09,99
2026-09-02T22:57:57.447214+00:00,btc-updown-15m-1788390000,15,4087832,100191067334842005714843381314211305792805714651466682647325458736610081545061,2026-09-02T23:00:00+00:00,2026-09-02T23:15:00+00:00,17.05,0.5,0.51,0.505,0.01,459.0,171.58,99
2026-09-02T22:58:58.543429+00:00,btc-updown-5m-1788389700,5,4087747,65830948531078855721968539511406936949475184414118791812099418625316299081647,2026-09-02T22:55:00+00:00,2026-09-02T23:00:00+00:00,1.03,0.76,0.77,0.765,0.01,88.33,119.62,98
2026-09-02T22:58:58.543429+00:00,btc-updown-5m-1788390000,5,4087830,98671658952489504835912021265820611023829160686484515693818350124505791332696,2026-09-02T23:00:00+00:00,2026-09-02T23:05:00+00:00,6.03,0.5,0.51,0.505,0.01,145.95,576.42,99
2026-09-02T22:58:58.543429+00:00,btc-updown-15m-1788390000,15,4087832,100191067334842005714843381314211305792805714651466682647325458736610081545061,2026-09-02T23:00:00+00:00,2026-09-02T23:15:00+00:00,16.03,0.52,0.53,0.525,0.01,282.0,279.77,96
2026-09-02T22:59:59.688481+00:00,btc-updown-5m-1788390000,5,4087830,98671658952489504835912021265820611023829160686484515693818350124505791332696,2026-09-02T23:00:00+00:00,2026-09-02T23:05:00+00:00,5.02,0.46,0.5,0.48,0.04,24.26,5.2,96
2026-09-02T22:59:59.688481+00:00,btc-updown-15m-1788390000,15,4087832,100191067334842005714843381314211305792805714651466682647325458736610081545061,2026-09-02T23:00:00+00:00,2026-09-02T23:15:00+00:00,15.02,0.52,0.53,0.525,0.01,193.84,25.1,88
2026-09-02T23:01:00.710737+00:00,btc-updown-5m-1788390000,5,4087830,98671658952489504835912021265820611023829160686484515693818350124505791332696,2026-09-02T23:00:00+00:00,2026-09-02T23:05:00+00:00,4.0,0.3,0.31,0.305,0.01,395.83,66.77,99
2026-09-02T23:01:00.710737+00:00,btc-updown-5m-1788390300,5,4087865,7467391380738645540198412399097752153908348797855420741218824720737903596551,2026-09-02T23:05:00+00:00,2026-09-02T23:10:00+00:00,9.0,0.5,0.51,0.505,0.01,893.61,435.44,99
2026-09-02T23:01:00.710737+00:00,btc-updown-15m-1788390000,15,4087832,100191067334842005714843381314211305792805714651466682647325458736610081545061,2026-09-02T23:00:00+00:00,2026-09-02T23:15:00+00:00,14.0,0.44,0.45,0.445,0.01,105.1,55.0,95
2026-09-02T23:01:00.710737+00:00,btc-updown-15m-1788390900,15,4088574,16416170468228658661185030293887237253568664559722872792370961683934719402789,2026-09-02T23:15:00+00:00,2026-09-02T23:30:00+00:00,29.0,0.5,0.51,0.505,0.01,711.18,266.59,87
2026-09-02T23:02:01.989561+00:00,btc-updown-5m-1788390000,5,4087830,98671658952489504835912021265820611023829160686484515693818350124505791332696,2026-09-02T23:00:00+00:00,2026-09-02T23:05:00+00:00,2.98,0.54,0.55,0.545,0.01,352.52,51.35,99
2026-09-02T23:02:01.989561+00:00,btc-updown-5m-1788390300,5,4087865,7467391380738645540198412399097752153908348797855420741218824720737903596551,2026-09-02T23:05:00+00:00,2026-09-02T23:10:00+00:00,7.98,0.5,0.51,0.505,0.01,899.61,441.44,99
2026-09-02T23:02:01.989561+00:00,btc-updown-15m-1788390000,15,4087832,100191067334842005714843381314211305792805714651466682647325458736610081545061,2026-09-02T23:00:00+00:00,2026-09-02T23:15:00+00:00,12.98,0.53,0.54,0.535,0.01,110.0,185.0,97
2026-09-02T23:02:01.989561+00:00,btc-updown-15m-1788390900,15,4088574,16416170468228658661185030293887237253568664559722872792370961683934719402789,2026-09-02T23:15:00+00:00,2026-09-02T23:30:00+00:00,27.98,0.5,0.51,0.505,0.01,303.18,266.59,87
2026-09-02T23:03:03.336419+00:00,btc-updown-5m-1788390000,5,4087830,98671658952489504835912021265820611023829160686484515693818350124505791332696,2026-09-02T23:00:00+00:00,2026-09-02T23:05:00+00:00,1.95,0.63,0.64,0.635,0.01,237.48,118.43,99
2026-09-02T23:03:03.336419+00:00,btc-updown-5m-1788390300,5,4087865,7467391380738645540198412399097752153908348797855420741218824720737903596551,2026-09-02T23:05:00+00:00,2026-09-02T23:10:00+00:00,6.95,0.5,0.51,0.505,0.01,79.61,434.44,99
2026-09-02T23:03:03.336419+00:00,btc-updown-15m-1788390000,15,4087832,100191067334842005714843381314211305792805714651466682647325458736610081545061,2026-09-02T23:00:00+00:00,2026-09-02T23:15:00+00:00,11.95,0.54,0.55,0.545,0.01,175.85,55.0,97
2026-09-02T23:03:03.336419+00:00,btc-updown-15m-1788390900,15,4088574,16416170468228658661185030293887237253568664559722872792370961683934719402789,2026-09-02T23:15:00+00:00,2026-09-02T23:30:00+00:00,26.95,0.5,0.51,0.505,0.01,353.18,266.59,87
2026-09-02T23:04:04.548334+00:00,btc-updown-5m-1788390300,5,4087865,7467391380738645540198412399097752153908348797855420741218824720737903596551,2026-09-02T23:05:00+00:00,2026-09-02T23:10:00+00:00,5.93,0.5,0.51,0.505,0.01,190.0,418.72,99
2026-09-02T23:04:04.548334+00:00,btc-updown-15m-1788390000,15,4087832,100191067334842005714843381314211305792805714651466682647325458736610081545061,2026-09-02T23:00:00+00:00,2026-09-02T23:15:00+00:00,10.93,0.76,0.77,0.765,0.01,110.0,65.5,94
2026-09-02T23:04:04.548334+00:00,btc-updown-15m-1788390900,15,4088574,16416170468228658661185030293887237253568664559722872792370961683934719402789,2026-09-02T23:15:00+00:00,2026-09-02T23:30:00+00:00,25.93,0.5,0.51,0.505,0.01,263.18,216.59,86
2026-09-02T23:05:05.695679+00:00,btc-updown-5m-1788390300,5,4087865,7467391380738645540198412399097752153908348797855420741218824720737903596551,2026-09-02T23:05:00+00:00,2026-09-02T23:10:00+00:00,4.92,0.7,0.71,0.705,0.01,198.73,293.0,99
2026-09-02T23:05:05.695679+00:00,btc-updown-5m-1788390600,5,4087902,32024747869083152102996393504876852120493501685211055183987310297464866066334,2026-09-02T23:10:00+00:00,2026-09-02T23:15:00+00:00,9.92,0.5,0.51,0.505,0.01,258.34,678.61,99
2026-09-02T23:05:05.695679+00:00,btc-updown-15m-1788390000,15,4087832,100191067334842005714843381314211305792805714651466682647325458736610081545061,2026-09-02T23:00:00+00:00,2026-09-02T23:15:00+00:00,9.92,0.91,0.92,0.915,0.01,164.29,3.91,93
2026-09-02T23:05:05.695679+00:00,btc-updown-15m-1788390900,15,4088574,16416170468228658661185030293887237253568664559722872792370961683934719402789,2026-09-02T23:15:00+00:00,2026-09-02T23:30:00+00:00,24.92,0.5,0.51,0.505,0.01,249.79,484.62,99
2026-09-02T23:06:06.917707+00:00,btc-updown-5m-1788390300,5,4087865,7467391380738645540198412399097752153908348797855420741218824720737903596551,2026-09-02T23:05:00+00:00,2026-09-02T23:10:00+00:00,3.9,0.69,0.7,0.695,0.01,272.29,229.63,99
2026-09-02T23:06:06.917707+00:00,btc-updown-5m-1788390600,5,4087902,32024747869083152102996393504876852120493501685211055183987310297464866066334,2026-09-02T23:10:00+00:00,2026-09-02T23:15:00+00:00,8.9,0.5,0.51,0.505,0.01,268.34,1314.29,99
2026-09-02T23:06:06.917707+00:00,btc-updown-15m-1788390000,15,4087832,100191067334842005714843381314211305792805714651466682647325458736610081545061,2026-09-02T23:00:00+00:00,2026-09-02T23:15:00+00:00,8.9,0.92,0.93,0.925,0.01,186.0,191.74,93
2026-09-02T23:06:06.917707+00:00,btc-updown-15m-1788390900,15,4088574,16416170468228658661185030293887237253568664559722872792370961683934719402789,2026-09-02T23:15:00+00:00,2026-09-02T23:30:00+00:00,23.9,0.5,0.51,0.505,0.01,249.79,632.81,99
2026-09-02T23:07:08.121407+00:00,btc-updown-5m-1788390300,5,4087865,7467391380738645540198412399097752153908348797855420741218824720737903596551,2026-09-02T23:05:00+00:00,2026-09-02T23:10:00+00:00,2.87,0.95,0.96,0.955,0.01,247.32,386.28,99
2026-09-02T23:07:08.121407+00:00,btc-updown-5m-1788390600,5,4087902,32024747869083152102996393504876852120493501685211055183987310297464866066334,2026-09-02T23:10:00+00:00,2026-09-02T23:15:00+00:00,7.87,0.5,0.51,0.505,0.01,261.34,657.29,99
2026-09-02T23:07:08.121407+00:00,btc-updown-15m-1788390000,15,4087832,100191067334842005714843381314211305792805714651466682647325458736610081545061,2026-09-02T23:00:00+00:00,2026-09-02T23:15:00+00:00,7.87,0.96,0.97,0.965,0.01,217.0,105.0,93
2026-09-02T23:07:08.121407+00:00,btc-updown-15m-1788390900,15,4088574,16416170468228658661185030293887237253568664559722872792370961683934719402789,2026-09-02T23:15:00+00:00,2026-09-02T23:30:00+00:00,22.87,0.5,0.51,0.505,0.01,249.79,932.81,99
2026-09-02T23:08:09.375707+00:00,btc-updown-5m-1788390300,5,4087865,7467391380738645540198412399097752153908348797855420741218824720737903596551,2026-09-02T23:05:00+00:00,2026-09-02T23:10:00+00:00,1.85,0.96,0.97,0.965,0.01,349.03,336.9,99
2026-09-02T23:08:09.375707+00:00,btc-updown-5m-1788390600,5,4087902,32024747869083152102996393504876852120493501685211055183987310297464866066334,2026-09-02T23:10:00+00:00,2026-09-02T23:15:00+00:00,6.85,0.5,0.51,0.505,0.01,259.34,834.08,99
2026-09-02T23:08:09.375707+00:00,btc-updown-15m-1788390000,15,4087832,100191067334842005714843381314211305792805714651466682647325458736610081545061,2026-09-02T23:00:00+00:00,2026-09-02T23:15:00+00:00,6.85,0.96,0.97,0.965,0.01,220.0,30.0,93
2026-09-02T23:08:09.375707+00:00,btc-updown-15m-1788390900,15,4088574,16416170468228658661185030293887237253568664559722872792370961683934719402789,2026-09-02T23:15:00+00:00,2026-09-02T23:30:00+00:00,21.85,0.5,0.51,0.505,0.01,249.79,632.81,99
2026-09-02T23:09:10.604932+00:00,btc-updown-5m-1788390600,5,4087902,32024747869083152102996393504876852120493501685211055183987310297464866066334,2026-09-02T23:10:00+00:00,2026-09-02T23:15:00+00:00,5.83,0.5,0.51,0.505,0.01,115.0,836.14,99
2026-09-02T23:09:10.604932+00:00,btc-updown-15m-1788390000,15,4087832,100191067334842005714843381314211305792805714651466682647325458736610081545061,2026-09-02T23:00:00+00:00,2026-09-02T23:15:00+00:00,5.83,0.98,0.99,0.985,0.01,250.1,640.08,93
2026-09-02T23:09:10.604932+00:00,btc-updown-15m-1788390900,15,4088574,16416170468228658661185030293887237253568664559722872792370961683934719402789,2026-09-02T23:15:00+00:00,2026-09-02T23:30:00+00:00,20.83,0.5,0.51,0.505,0.01,259.26,932.81,99
2026-09-02T23:10:11.759435+00:00,btc-updown-5m-1788390600,5,4087902,32024747869083152102996393504876852120493501685211055183987310297464866066334,2026-09-02T23:10:00+00:00,2026-09-02T23:15:00+00:00,4.82,0.55,0.56,0.555,0.01,81.86,308.23,99
2026-09-02T23:10:11.759435+00:00,btc-updown-5m-1788390900,5,4088572,111684121274462404142464862265774653240147548890462093947436618374893913492049,2026-09-02T23:15:00+00:00,2026-09-02T23:20:00+00:00,9.82,0.5,0.51,0.505,0.01,49.5,949.41,99
2026-09-02T23:10:11.759435+00:00,btc-updown-15m-1788390000,15,4087832,100191067334842005714843381314211305792805714651466682647325458736610081545061,2026-09-02T23:00:00+00:00,2026-09-02T23:15:00+00:00,4.82,0.99,0.995,0.9925,0.005,3185.42,33.0,103
2026-09-02T23:10:11.759435+00:00,btc-updown-15m-1788390900,15,4088574,16416170468228658661185030293887237253568664559722872792370961683934719402789,2026-09-02T23:15:00+00:00,2026-09-02T23:30:00+00:00,19.82,0.48,0.49,0.485,0.01,97.01,332.08,99
2026-09-02T23:11:12.937292+00:00,btc-updown-5m-1788390600,5,4087902,32024747869083152102996393504876852120493501685211055183987310297464866066334,2026-09-02T23:10:00+00:00,2026-09-02T23:15:00+00:00,3.8,0.6,0.61,0.605,0.01,162.6,440.11,99
2026-09-02T23:11:12.937292+00:00,btc-updown-5m-1788390900,5,4088572,111684121274462404142464862265774653240147548890462093947436618374893913492049,2026-09-02T23:15:00+00:00,2026-09-02T23:20:00+00:00,8.8,0.5,0.51,0.505,0.01,59.5,1003.4,97
2026-09-02T23:11:12.937292+00:00,btc-updown-15m-1788390000,15,4087832,100191067334842005714843381314211305792805714651466682647325458736610081545061,2026-09-02T23:00:00+00:00,2026-09-02T23:15:00+00:00,3.8,0.992,0.997,0.9945,0.005,175.0,999.69,104
2026-09-02T23:11:12.937292+00:00,btc-updown-15m-1788390900,15,4088574,16416170468228658661185030293887237253568664559722872792370961683934719402789,2026-09-02T23:15:00+00:00,2026-09-02T23:30:00+00:00,18.8,0.48,0.49,0.485,0.01,149.93,330.0,99
2026-09-02T23:12:14.133878+00:00,btc-updown-5m-1788390600,5,4087902,32024747869083152102996393504876852120493501685211055183987310297464866066334,2026-09-02T23:10:00+00:00,2026-09-02T23:15:00+00:00,2.77,0.62,0.63,0.625,0.01,240.0,184.12,99
2026-09-02T23:12:14.133878+00:00,btc-updown-5m-1788390900,5,4088572,111684121274462404142464862265774653240147548890462093947436618374893913492049,2026-09-02T23:15:00+00:00,2026-09-02T23:20:00+00:00,7.77,0.5,0.51,0.505,0.01,60.5,996.4,99
2026-09-02T23:12:14.133878+00:00,btc-updown-15m-1788390000,15,4087832,100191067334842005714843381314211305792805714651466682647325458736610081545061,2026-09-02T23:00:00+00:00,2026-09-02T23:15:00+00:00,2.77,0.995,0.998,0.9965,0.003,607.58,4013.71,110
2026-09-02T23:12:14.133878+00:00,btc-updown-15m-1788390900,15,4088574,16416170468228658661185030293887237253568664559722872792370961683934719402789,2026-09-02T23:15:00+00:00,2026-09-02T23:30:00+00:00,17.77,0.48,0.49,0.485,0.01,134.62,418.0,99
2026-09-02T23:13:15.403033+00:00,btc-updown-5m-1788390600,5,4087902,32024747869083152102996393504876852120493501685211055183987310297464866066334,2026-09-02T23:10:00+00:00,2026-09-02T23:15:00+00:00,1.75,0.52,0.53,0.525,0.01,183.0,238.33,99
2026-09-02T23:13:15.403033+00:00,btc-updown-5m-1788390900,5,4088572,111684121274462404142464862265774653240147548890462093947436618374893913492049,2026-09-02T23:15:00+00:00,2026-09-02T23:20:00+00:00,6.75,0.5,0.51,0.505,0.01,41.5,996.4,99
2026-09-02T23:13:15.403033+00:00,btc-updown-15m-1788390000,15,4087832,100191067334842005714843381314211305792805714651466682647325458736610081545061,2026-09-02T23:00:00+00:00,2026-09-02T23:15:00+00:00,1.75,0.998,0.999,0.9985,0.001,190.99,3484.97,110
2026-09-02T23:13:15.403033+00:00,btc-updown-15m-1788390900,15,4088574,16416170468228658661185030293887237253568664559722872792370961683934719402789,2026-09-02T23:15:00+00:00,2026-09-02T23:30:00+00:00,16.75,0.46,0.47,0.465,0.01,269.93,215.22,99
2026-09-02T23:14:16.623431+00:00,btc-updown-5m-1788390600,5,4087902,32024747869083152102996393504876852120493501685211055183987310297464866066334,2026-09-02T23:10:00+00:00,2026-09-02T23:15:00+00:00,0.73,0.98,0.99,0.985,0.01,62.0,1247.66,98
2026-09-02T23:14:16.623431+00:00,btc-updown-5m-1788390900,5,4088572,111684121274462404142464862265774653240147548890462093947436618374893913492049,2026-09-02T23:15:00+00:00,2026-09-02T23:20:00+00:00,5.73,0.49,0.5,0.495,0.01,173.37,509.98,99
2026-09-02T23:14:16.623431+00:00,btc-updown-15m-1788390900,15,4088574,16416170468228658661185030293887237253568664559722872792370961683934719402789,2026-09-02T23:15:00+00:00,2026-09-02T23:30:00+00:00,15.73,0.46,0.47,0.465,0.01,319.93,141.8,91
2026-09-02T23:15:17.767158+00:00,btc-updown-5m-1788390900,5,4088572,111684121274462404142464862265774653240147548890462093947436618374893913492049,2026-09-02T23:15:00+00:00,2026-09-02T23:20:00+00:00,4.72,0.43,0.44,0.435,0.01,55.0,116.64,99
2026-09-02T23:15:17.767158+00:00,btc-updown-5m-1788391200,5,4090326,89879698841183861390586380913106752370388007055686829704223419675382298322727,2026-09-02T23:20:00+00:00,2026-09-02T23:25:00+00:00,9.72,0.5,0.51,0.505,0.01,30.0,1353.85,99
2026-09-02T23:15:17.767158+00:00,btc-updown-15m-1788390900,15,4088574,16416170468228658661185030293887237253568664559722872792370961683934719402789,2026-09-02T23:15:00+00:00,2026-09-02T23:30:00+00:00,14.72,0.47,0.48,0.475,0.01,263.33,202.0,99
2026-09-02T23:15:17.767158+00:00,btc-updown-15m-1788391800,15,4091627,56227699106580982834979572591017050776126772715538873638252802548834499227429,2026-09-02T23:30:00+00:00,2026-09-02T23:45:00+00:00,29.72,0.5,0.51,0.505,0.01,65.0,775.04,95
2026-09-02T23:16:19.009095+00:00,btc-updown-5m-1788390900,5,4088572,111684121274462404142464862265774653240147548890462093947436618374893913492049,2026-09-02T23:15:00+00:00,2026-09-02T23:20:00+00:00,3.68,0.17,0.18,0.175,0.01,178.53,115.0,99
2026-09-02T23:16:19.009095+00:00,btc-updown-5m-1788391200,5,4090326,89879698841183861390586380913106752370388007055686829704223419675382298322727,2026-09-02T23:20:00+00:00,2026-09-02T23:25:00+00:00,8.68,0.5,0.51,0.505,0.01,30.0,733.64,98
2026-09-02T23:16:19.009095+00:00,btc-updown-15m-1788390900,15,4088574,16416170468228658661185030293887237253568664559722872792370961683934719402789,2026-09-02T23:15:00+00:00,2026-09-02T23:30:00+00:00,13.68,0.33,0.34,0.335,0.01,98.3,261.95,84
2026-09-02T23:16:19.009095+00:00,btc-updown-15m-1788391800,15,4091627,56227699106580982834979572591017050776126772715538873638252802548834499227429,2026-09-02T23:30:00+00:00,2026-09-02T23:45:00+00:00,28.68,0.5,0.51,0.505,0.01,33.0,680.04,97
2026-09-02T23:17:20.500356+00:00,btc-updown-5m-1788390900,5,4088572,111684121274462404142464862265774653240147548890462093947436618374893913492049,2026-09-02T23:15:00+00:00,2026-09-02T23:20:00+00:00,2.67,0.02,0.03,0.025,0.01,747.35,862.18,99
2026-09-02T23:17:20.500356+00:00,btc-updown-5m-1788391200,5,4090326,89879698841183861390586380913106752370388007055686829704223419675382298322727,2026-09-02T23:20:00+00:00,2026-09-02T23:25:00+00:00,7.67,0.5,0.51,0.505,0.01,23.0,604.84,99
2026-09-02T23:17:20.500356+00:00,btc-updown-15m-1788390900,15,4088574,16416170468228658661185030293887237253568664559722872792370961683934719402789,2026-09-02T23:15:00+00:00,2026-09-02T23:30:00+00:00,12.67,0.21,0.22,0.215,0.01,100.0,152.59,84
2026-09-02T23:17:20.500356+00:00,btc-updown-15m-1788391800,15,4091627,56227699106580982834979572591017050776126772715538873638252802548834499227429,2026-09-02T23:30:00+00:00,2026-09-02T23:45:00+00:00,27.67,0.5,0.51,0.505,0.01,33.0,500.04,97
2026-09-02T23:18:21.722776+00:00,btc-updown-5m-1788391200,5,4090326,89879698841183861390586380913106752370388007055686829704223419675382298322727,2026-09-02T23:20:00+00:00,2026-09-02T23:25:00+00:00,6.65,0.49,0.5,0.495,0.01,166.65,365.0,99
2026-09-02T23:18:21.722776+00:00,btc-updown-15m-1788390900,15,4088574,16416170468228658661185030293887237253568664559722872792370961683934719402789,2026-09-02T23:15:00+00:00,2026-09-02T23:30:00+00:00,11.65,0.19,0.2,0.195,0.01,104.96,178.52,81
2026-09-02T23:18:21.722776+00:00,btc-updown-15m-1788391800,15,4091627,56227699106580982834979572591017050776126772715538873638252802548834499227429,2026-09-02T23:30:00+00:00,2026-09-02T23:45:00+00:00,26.65,0.49,0.5,0.495,0.01,284.08,235.0,97
2026-09-02T23:19:22.833121+00:00,btc-updown-5m-1788391200,5,4090326,89879698841183861390586380913106752370388007055686829704223419675382298322727,2026-09-02T23:20:00+00:00,2026-09-02T23:25:00+00:00,5.63,0.49,0.5,0.495,0.01,130.0,597.58,99
2026-09-02T23:19:22.833121+00:00,btc-updown-15m-1788390900,15,4088574,16416170468228658661185030293887237253568664559722872792370961683934719402789,2026-09-02T23:15:00+00:00,2026-09-02T23:30:00+00:00,10.63,0.19,0.2,0.195,0.01,178.0,93.01,80
2026-09-02T23:19:22.833121+00:00,btc-updown-15m-1788391800,15,4091627,56227699106580982834979572591017050776126772715538873638252802548834499227429,2026-09-02T23:30:00+00:00,2026-09-02T23:45:00+00:00,25.63,0.49,0.5,0.495,0.01,284.08,235.0,97
2026-09-02T23:20:23.969855+00:00,btc-updown-5m-1788391200,5,4090326,89879698841183861390586380913106752370388007055686829704223419675382298322727,2026-09-02T23:20:00+00:00,2026-09-02T23:25:00+00:00,4.62,0.47,0.48,0.475,0.01,59.69,314.85,99
2026-09-02T23:20:23.969855+00:00,btc-updown-5m-1788391500,5,4091574,1572454708740192301446552242828459695576808452696969092155342234807856989359,2026-09-02T23:25:00+00:00,2026-09-02T23:30:00+00:00,9.62,0.5,0.51,0.505,0.01,636.07,936.84,99
2026-09-02T23:20:23.969855+00:00,btc-updown-15m-1788390900,15,4088574,16416170468228658661185030293887237253568664559722872792370961683934719402789,2026-09-02T23:15:00+00:00,2026-09-02T23:30:00+00:00,9.62,0.17,0.18,0.175,0.01,59.79,131.71,77
2026-09-02T23:20:23.969855+00:00,btc-updown-15m-1788391800,15,4091627,56227699106580982834979572591017050776126772715538873638252802548834499227429,2026-09-02T23:30:00+00:00,2026-09-02T23:45:00+00:00,24.62,0.49,0.5,0.495,0.01,412.11,435.0,97
2026-09-02T23:21:25.183538+00:00,btc-updown-5m-1788391200,5,4090326,89879698841183861390586380913106752370388007055686829704223419675382298322727,2026-09-02T23:20:00+00:00,2026-09-02T23:25:00+00:00,3.58,0.38,0.39,0.385,0.01,331.18,273.0,99
2026-09-02T23:21:25.183538+00:00,btc-updown-5m-1788391500,5,4091574,1572454708740192301446552242828459695576808452696969092155342234807856989359,2026-09-02T23:25:00+00:00,2026-09-02T23:30:00+00:00,8.58,0.5,0.51,0.505,0.01,733.01,941.84,99
2026-09-02T23:21:25.183538+00:00,btc-updown-15m-1788390900,15,4088574,16416170468228658661185030293887237253568664559722872792370961683934719402789,2026-09-02T23:15:00+00:00,2026-09-02T23:30:00+00:00,8.58,0.12,0.13,0.125,0.01,55.0,145.0,76
2026-09-02T23:21:25.183538+00:00,btc-updown-15m-1788391800,15,4091627,56227699106580982834979572591017050776126772715538873638252802548834499227429,2026-09-02T23:30:00+00:00,2026-09-02T23:45:00+00:00,23.58,0.49,0.5,0.495,0.01,412.11,435.0,97
2026-09-02T23:22:26.622615+00:00,btc-updown-5m-1788391200,5,4090326,89879698841183861390586380913106752370388007055686829704223419675382298322727,2026-09-02T23:20:00+00:00,2026-09-02T23:25:00+00:00,2.57,0.32,0.33,0.325,0.01,85.83,444.16,99
2026-09-02T23:22:26.622615+00:00,btc-updown-5m-1788391500,5,4091574,1572454708740192301446552242828459695576808452696969092155342234807856989359,2026-09-02T23:25:00+00:00,2026-09-02T23:30:00+00:00,7.57,0.5,0.51,0.505,0.01,733.01,1039.54,99
2026-09-02T23:22:26.622615+00:00,btc-updown-15m-1788390900,15,4088574,16416170468228658661185030293887237253568664559722872792370961683934719402789,2026-09-02T23:15:00+00:00,2026-09-02T23:30:00+00:00,7.57,0.09,0.1,0.095,0.01,187.43,113.12,77
2026-09-02T23:22:26.622615+00:00,btc-updown-15m-1788391800,15,4091627,56227699106580982834979572591017050776126772715538873638252802548834499227429,2026-09-02T23:30:00+00:00,2026-09-02T23:45:00+00:00,22.57,0.49,0.5,0.495,0.01,412.11,235.0,97
2026-09-02T23:23:27.816900+00:00,btc-updown-5m-1788391200,5,4090326,89879698841183861390586380913106752370388007055686829704223419675382298322727,2026-09-02T23:20:00+00:00,2026-09-02T23:25:00+00:00,1.55,0.34,0.35,0.345,0.01,317.37,173.0,99
2026-09-02T23:23:27.816900+00:00,btc-updown-5m-1788391500,5,4091574,1572454708740192301446552242828459695576808452696969092155342234807856989359,2026-09-02T23:25:00+00:00,2026-09-02T23:30:00+00:00,6.55,0.5,0.51,0.505,0.01,167.2,1039.54,99
2026-09-02T23:23:27.816900+00:00,btc-updown-15m-1788390900,15,4088574,16416170468228658661185030293887237253568664559722872792370961683934719402789,2026-09-02T23:15:00+00:00,2026-09-02T23:30:00+00:00,6.55,0.09,0.1,0.095,0.01,30.0,138.13,76
2026-09-02T23:23:27.816900+00:00,btc-updown-15m-1788391800,15,4091627,56227699106580982834979572591017050776126772715538873638252802548834499227429,2026-09-02T23:30:00+00:00,2026-09-02T23:45:00+00:00,21.55,0.49,0.5,0.495,0.01,362.11,223.0,97
2026-09-02T23:24:29.221177+00:00,btc-updown-5m-1788391500,5,4091574,1572454708740192301446552242828459695576808452696969092155342234807856989359,2026-09-02T23:25:00+00:00,2026-09-02T23:30:00+00:00,5.52,0.5,0.51,0.505,0.01,640.2,467.06,99
2026-09-02T23:24:29.221177+00:00,btc-updown-15m-1788390900,15,4088574,16416170468228658661185030293887237253568664559722872792370961683934719402789,2026-09-02T23:15:00+00:00,2026-09-02T23:30:00+00:00,5.52,0.23,0.24,0.235,0.01,1058.0,105.0,80
2026-09-02T23:24:29.221177+00:00,btc-updown-15m-1788391800,15,4091627,56227699106580982834979572591017050776126772715538873638252802548834499227429,2026-09-02T23:30:00+00:00,2026-09-02T23:45:00+00:00,20.52,0.49,0.5,0.495,0.01,362.11,263.0,97
2026-09-02T23:25:30.315334+00:00,btc-updown-5m-1788391500,5,4091574,1572454708740192301446552242828459695576808452696969092155342234807856989359,2026-09-02T23:25:00+00:00,2026-09-02T23:30:00+00:00,4.5,0.35,0.36,0.355,0.01,62.7,266.18,99
2026-09-02T23:25:30.315334+00:00,btc-updown-5m-1788391800,5,4091618,97741782440866018216959114457694349589253664568824141480384999333832979779436,2026-09-02T23:30:00+00:00,2026-09-02T23:35:00+00:00,9.5,0.5,0.51,0.505,0.01,126.35,1479.88,99
2026-09-02T23:25:30.315334+00:00,btc-updown-15m-1788390900,15,4088574,16416170468228658661185030293887237253568664559722872792370961683934719402789,2026-09-02T23:15:00+00:00,2026-09-02T23:30:00+00:00,4.5,0.08,0.09,0.085,0.01,55.0,130.0,79
2026-09-02T23:25:30.315334+00:00,btc-updown-15m-1788391800,15,4091627,56227699106580982834979572591017050776126772715538873638252802548834499227429,2026-09-02T23:30:00+00:00,2026-09-02T23:45:00+00:00,19.5,0.49,0.5,0.495,0.01,471.11,365.0,97
2026-09-02T23:26:31.621214+00:00,btc-updown-5m-1788391500,5,4091574,1572454708740192301446552242828459695576808452696969092155342234807856989359,2026-09-02T23:25:00+00:00,2026-09-02T23:30:00+00:00,3.48,0.66,0.67,0.665,0.01,276.0,70.0,99
2026-09-02T23:26:31.621214+00:00,btc-updown-5m-1788391800,5,4091618,97741782440866018216959114457694349589253664568824141480384999333832979779436,2026-09-02T23:30:00+00:00,2026-09-02T23:35:00+00:00,8.48,0.5,0.51,0.505,0.01,126.35,739.67,97
2026-09-02T23:26:31.621214+00:00,btc-updown-15m-1788390900,15,4088574,16416170468228658661185030293887237253568664559722872792370961683934719402789,2026-09-02T23:15:00+00:00,2026-09-02T23:30:00+00:00,3.48,0.15,0.16,0.155,0.01,39.0,15.0,78
2026-09-02T23:26:31.621214+00:00,btc-updown-15m-1788391800,15,4091627,56227699106580982834979572591017050776126772715538873638252802548834499227429,2026-09-02T23:30:00+00:00,2026-09-02T23:45:00+00:00,18.48,0.49,0.5,0.495,0.01,421.11,285.0,97
2026-09-02T23:27:32.972135+00:00,btc-updown-5m-1788391500,5,4091574,1572454708740192301446552242828459695576808452696969092155342234807856989359,2026-09-02T23:25:00+00:00,2026-09-02T23:30:00+00:00,2.47,0.76,0.77,0.765,0.01,212.22,170.0,99
2026-09-02T23:27:32.972135+00:00,btc-updown-5m-1788391800,5,4091618,97741782440866018216959114457694349589253664568824141480384999333832979779436,2026-09-02T23:30:00+00:00,2026-09-02T23:35:00+00:00,7.47,0.5,0.51,0.505,0.01,126.35,731.67,99
2026-09-02T23:27:32.972135+00:00,btc-updown-15m-1788390900,15,4088574,16416170468228658661185030293887237253568664559722872792370961683934719402789,2026-09-02T23:15:00+00:00,2026-09-02T23:30:00+00:00,2.47,0.16,0.17,0.165,0.01,48.05,50.0,82
2026-09-02T23:27:32.972135+00:00,btc-updown-15m-1788391800,15,4091627,56227699106580982834979572591017050776126772715538873638252802548834499227429,2026-09-02T23:30:00+00:00,2026-09-02T23:45:00+00:00,17.47,0.49,0.5,0.495,0.01,421.11,825.0,97
2026-09-02T23:28:34.150387+00:00,btc-updown-5m-1788391500,5,4091574,1572454708740192301446552242828459695576808452696969092155342234807856989359,2026-09-02T23:25:00+00:00,2026-09-02T23:30:00+00:00,1.43,0.78,0.79,0.785,0.01,164.71,145.0,99
2026-09-02T23:28:34.150387+00:00,btc-updown-5m-1788391800,5,4091618,97741782440866018216959114457694349589253664568824141480384999333832979779436,2026-09-02T23:30:00+00:00,2026-09-02T23:35:00+00:00,6.43,0.5,0.51,0.505,0.01,118.35,704.02,99
2026-09-02T23:28:34.150387+00:00,btc-updown-15m-1788390900,15,4088574,16416170468228658661185030293887237253568664559722872792370961683934719402789,2026-09-02T23:15:00+00:00,2026-09-02T23:30:00+00:00,1.43,0.05,0.06,0.055,0.01,326.74,126.29,68
2026-09-02T23:28:34.150387+00:00,btc-updown-15m-1788391800,15,4091627,56227699106580982834979572591017050776126772715538873638252802548834499227429,2026-09-02T23:30:00+00:00,2026-09-02T23:45:00+00:00,16.43,0.49,0.5,0.495,0.01,421.11,825.0,97
2026-09-02T23:29:35.380079+00:00,btc-updown-5m-1788391800,5,4091618,97741782440866018216959114457694349589253664568824141480384999333832979779436,2026-09-02T23:30:00+00:00,2026-09-02T23:35:00+00:00,5.42,0.48,0.5,0.49,0.02,428.61,8.0,98
2026-09-02T23:29:35.380079+00:00,btc-updown-15m-1788391800,15,4091627,56227699106580982834979572591017050776126772715538873638252802548834499227429,2026-09-02T23:30:00+00:00,2026-09-02T23:45:00+00:00,15.42,0.49,0.5,0.495,0.01,142.04,400.0,91
2026-09-02T23:30:36.386095+00:00,btc-updown-5m-1788391800,5,4091618,97741782440866018216959114457694349589253664568824141480384999333832979779436,2026-09-02T23:30:00+00:00,2026-09-02T23:35:00+00:00,4.4,0.68,0.69,0.685,0.01,572.24,101.6,99
2026-09-02T23:30:36.386095+00:00,btc-updown-5m-1788392100,5,4092748,82064652696025917339612486843106559299359295444923740036797743180394449399936,2026-09-02T23:35:00+00:00,2026-09-02T23:40:00+00:00,9.4,0.5,0.51,0.505,0.01,48.5,792.85,98
2026-09-02T23:30:36.386095+00:00,btc-updown-15m-1788391800,15,4091627,56227699106580982834979572591017050776126772715538873638252802548834499227429,2026-09-02T23:30:00+00:00,2026-09-02T23:45:00+00:00,14.4,0.58,0.59,0.585,0.01,125.0,124.86,98
2026-09-02T23:30:36.386095+00:00,btc-updown-15m-1788392700,15,4092959,51293082915803991807181801110018402696459262562409603104060234970998504085640,2026-09-02T23:45:00+00:00,2026-09-03T00:00:00+00:00,29.4,0.5,0.51,0.505,0.01,75.0,1199.43,95
2026-09-02T23:31:37.603251+00:00,btc-updown-5m-1788391800,5,4091618,97741782440866018216959114457694349589253664568824141480384999333832979779436,2026-09-02T23:30:00+00:00,2026-09-02T23:35:00+00:00,3.38,0.92,0.93,0.925,0.01,1009.0,398.77,99
2026-09-02T23:31:37.603251+00:00,btc-updown-5m-1788392100,5,4092748,82064652696025917339612486843106559299359295444923740036797743180394449399936,2026-09-02T23:35:00+00:00,2026-09-02T23:40:00+00:00,8.38,0.5,0.51,0.505,0.01,41.5,722.96,97
2026-09-02T23:31:37.603251+00:00,btc-updown-15m-1788391800,15,4091627,56227699106580982834979572591017050776126772715538873638252802548834499227429,2026-09-02T23:30:00+00:00,2026-09-02T23:45:00+00:00,13.38,0.78,0.79,0.785,0.01,101.99,58.0,91
2026-09-02T23:31:37.603251+00:00,btc-updown-15m-1788392700,15,4092959,51293082915803991807181801110018402696459262562409603104060234970998504085640,2026-09-02T23:45:00+00:00,2026-09-03T00:00:00+00:00,28.38,0.5,0.51,0.505,0.01,75.0,1299.43,95
2026-09-02T23:32:38.861572+00:00,btc-updown-5m-1788391800,5,4091618,97741782440866018216959114457694349589253664568824141480384999333832979779436,2026-09-02T23:30:00+00:00,2026-09-02T23:35:00+00:00,2.37,0.23,0.24,0.235,0.01,10.0,333.93,99
2026-09-02T23:32:38.861572+00:00,btc-updown-5m-1788392100,5,4092748,82064652696025917339612486843106559299359295444923740036797743180394449399936,2026-09-02T23:35:00+00:00,2026-09-02T23:40:00+00:00,7.37,0.5,0.51,0.505,0.01,56.5,904.18,99
2026-09-02T23:32:38.861572+00:00,btc-updown-15m-1788391800,15,4091627,56227699106580982834979572591017050776126772715538873638252802548834499227429,2026-09-02T23:30:00+00:00,2026-09-02T23:45:00+00:00,12.37,0.4,0.41,0.405,0.01,114.91,50.0,98
2026-09-02T23:32:38.861572+00:00,btc-updown-15m-1788392700,15,4092959,51293082915803991807181801110018402696459262562409603104060234970998504085640,2026-09-02T23:45:00+00:00,2026-09-03T00:00:00+00:00,27.37,0.5,0.51,0.505,0.01,117.0,819.43,95
2026-09-02T23:33:40.043985+00:00,btc-updown-5m-1788391800,5,4091618,97741782440866018216959114457694349589253664568824141480384999333832979779436,2026-09-02T23:30:00+00:00,2026-09-02T23:35:00+00:00,1.33,0.06,0.07,0.065,0.01,64.36,345.06,99
2026-09-02T23:33:40.043985+00:00,btc-updown-5m-1788392100,5,4092748,82064652696025917339612486843106559299359295444923740036797743180394449399936,2026-09-02T23:35:00+00:00,2026-09-02T23:40:00+00:00,6.33,0.5,0.51,0.505,0.01,9.0,619.18,99
2026-09-02T23:33:40.043985+00:00,btc-updown-15m-1788391800,15,4091627,56227699106580982834979572591017050776126772715538873638252802548834499227429,2026-09-02T23:30:00+00:00,2026-09-02T23:45:00+00:00,11.33,0.33,0.34,0.335,0.01,110.0,105.0,86
2026-09-02T23:33:40.043985+00:00,btc-updown-15m-1788392700,15,4092959,51293082915803991807181801110018402696459262562409603104060234970998504085640,2026-09-02T23:45:00+00:00,2026-09-03T00:00:00+00:00,26.33,0.5,0.51,0.505,0.01,117.0,819.43,95
2026-09-02T23:34:41.270334+00:00,btc-updown-5m-1788392100,5,4092748,82064652696025917339612486843106559299359295444923740036797743180394449399936,2026-09-02T23:35:00+00:00,2026-09-02T23:40:00+00:00,5.32,0.47,0.49,0.48,0.02,113.33,40.4,98
2026-09-02T23:34:41.270334+00:00,btc-updown-15m-1788391800,15,4091627,56227699106580982834979572591017050776126772715538873638252802548834499227429,2026-09-02T23:30:00+00:00,2026-09-02T23:45:00+00:00,10.32,0.26,0.27,0.265,0.01,304.0,164.0,78
2026-09-02T23:34:41.270334+00:00,btc-updown-15m-1788392700,15,4092959,51293082915803991807181801110018402696459262562409603104060234970998504085640,2026-09-02T23:45:00+00:00,2026-09-03T00:00:00+00:00,25.32,0.5,0.51,0.505,0.01,137.0,759.43,95
2026-09-02T23:35:42.382727+00:00,btc-updown-5m-1788392100,5,4092748,82064652696025917339612486843106559299359295444923740036797743180394449399936,2026-09-02T23:35:00+00:00,2026-09-02T23:40:00+00:00,4.3,0.43,0.44,0.435,0.01,15.0,497.26,99
2026-09-02T23:35:42.382727+00:00,btc-updown-5m-1788392400,5,4092937,6917731103421608373433736743800160892780181780361384295865914332593000360702,2026-09-02T23:40:00+00:00,2026-09-02T23:45:00+00:00,9.3,0.5,0.51,0.505,0.01,148.32,913.43,99
2026-09-02T23:35:42.382727+00:00,btc-updown-15m-1788391800,15,4091627,56227699106580982834979572591017050776126772715538873638252802548834499227429,2026-09-02T23:30:00+00:00,2026-09-02T23:45:00+00:00,9.3,0.19,0.2,0.195,0.01,165.0,269.86,76
2026-09-02T23:35:42.382727+00:00,btc-updown-15m-1788392700,15,4092959,51293082915803991807181801110018402696459262562409603104060234970998504085640,2026-09-02T23:45:00+00:00,2026-09-03T00:00:00+00:00,24.3,0.5,0.51,0.505,0.01,137.0,775.7,95
2026-09-02T23:36:43.572011+00:00,btc-updown-5m-1788392100,5,4092748,82064652696025917339612486843106559299359295444923740036797743180394449399936,2026-09-02T23:35:00+00:00,2026-09-02T23:40:00+00:00,3.28,0.41,0.42,0.415,0.01,266.22,15.67,99
2026-09-02T23:36:43.572011+00:00,btc-updown-5m-1788392400,5,4092937,6917731103421608373433736743800160892780181780361384295865914332593000360702,2026-09-02T23:40:00+00:00,2026-09-02T23:45:00+00:00,8.28,0.5,0.51,0.505,0.01,158.32,1424.01,99
2026-09-02T23:36:43.572011+00:00,btc-updown-15m-1788391800,15,4091627,56227699106580982834979572591017050776126772715538873638252802548834499227429,2026-09-02T23:30:00+00:00,2026-09-02T23:45:00+00:00,8.28,0.16,0.17,0.165,0.01,50.0,221.96,74
2026-09-02T23:36:43.572011+00:00,btc-updown-15m-1788392700,15,4092959,51293082915803991807181801110018402696459262562409603104060234970998504085640,2026-09-02T23:45:00+00:00,2026-09-03T00:00:00+00:00,23.28,0.5,0.51,0.505,0.01,137.0,775.7,95
2026-09-02T23:37:44.977553+00:00,btc-updown-5m-1788392100,5,4092748,82064652696025917339612486843106559299359295444923740036797743180394449399936,2026-09-02T23:35:00+00:00,2026-09-02T23:40:00+00:00,2.27,0.35,0.36,0.355,0.01,7.83,325.73,99
2026-09-02T23:37:44.977553+00:00,btc-updown-5m-1788392400,5,4092937,6917731103421608373433736743800160892780181780361384295865914332593000360702,2026-09-02T23:40:00+00:00,2026-09-02T23:45:00+00:00,7.27,0.5,0.51,0.505,0.01,138.32,1411.01,99
2026-09-02T23:37:44.977553+00:00,btc-updown-15m-1788391800,15,4091627,56227699106580982834979572591017050776126772715538873638252802548834499227429,2026-09-02T23:30:00+00:00,2026-09-02T23:45:00+00:00,7.27,0.14,0.15,0.145,0.01,120.58,303.59,72
2026-09-02T23:37:44.977553+00:00,btc-updown-15m-1788392700,15,4092959,51293082915803991807181801110018402696459262562409603104060234970998504085640,2026-09-02T23:45:00+00:00,2026-09-03T00:00:00+00:00,22.27,0.5,0.51,0.505,0.01,137.0,763.93,95
2026-09-02T23:38:46.225044+00:00,btc-updown-5m-1788392100,5,4092748,82064652696025917339612486843106559299359295444923740036797743180394449399936,2026-09-02T23:35:00+00:00,2026-09-02T23:40:00+00:00,1.23,0.21,0.22,0.215,0.01,275.21,60.0,99
2026-09-02T23:38:46.225044+00:00,btc-updown-5m-1788392400,5,4092937,6917731103421608373433736743800160892780181780361384295865914332593000360702,2026-09-02T23:40:00+00:00,2026-09-02T23:45:00+00:00,6.23,0.5,0.51,0.505,0.01,114.86,388.49,99
2026-09-02T23:38:46.225044+00:00,btc-updown-15m-1788391800,15,4091627,56227699106580982834979572591017050776126772715538873638252802548834499227429,2026-09-02T23:30:00+00:00,2026-09-02T23:45:00+00:00,6.23,0.12,0.13,0.125,0.01,103.0,203.0,71
2026-09-02T23:38:46.225044+00:00,btc-updown-15m-1788392700,15,4092959,51293082915803991807181801110018402696459262562409603104060234970998504085640,2026-09-02T23:45:00+00:00,2026-09-03T00:00:00+00:00,21.23,0.5,0.51,0.505,0.01,337.0,763.93,95
2026-09-02T23:39:47.549562+00:00,btc-updown-5m-1788392400,5,4092937,6917731103421608373433736743800160892780181780361384295865914332593000360702,2026-09-02T23:40:00+00:00,2026-09-02T23:45:00+00:00,5.22,0.51,0.52,0.515,0.01,302.0,5.82,99
2026-09-02T23:39:47.549562+00:00,btc-updown-15m-1788391800,15,4091627,56227699106580982834979572591017050776126772715538873638252802548834499227429,2026-09-02T23:30:00+00:00,2026-09-02T23:45:00+00:00,5.22,0.1,0.11,0.105,0.01,355.0,273.59,70
2026-09-02T23:39:47.549562+00:00,btc-updown-15m-1788392700,15,4092959,51293082915803991807181801110018402696459262562409603104060234970998504085640,2026-09-02T23:45:00+00:00,2026-09-03T00:00:00+00:00,20.22,0.5,0.51,0.505,0.01,341.0,763.93,95
2026-09-02T23:40:48.709442+00:00,btc-updown-5m-1788392400,5,4092937,6917731103421608373433736743800160892780181780361384295865914332593000360702,2026-09-02T23:40:00+00:00,2026-09-02T23:45:00+00:00,4.2,0.39,0.4,0.395,0.01,52.08,329.13,99
2026-09-02T23:40:48.709442+00:00,btc-updown-5m-1788392700,5,4092958,31688016562323786374766564387880921382158313389434853851898267649789712369724,2026-09-02T23:45:00+00:00,2026-09-02T23:50:00+00:00,9.2,0.5,0.51,0.505,0.01,242.1,823.77,99
2026-09-02T23:40:48.709442+00:00,btc-updown-15m-1788391800,15,4091627,56227699106580982834979572591017050776126772715538873638252802548834499227429,2026-09-02T23:30:00+00:00,2026-09-02T23:45:00+00:00,4.2,0.05,0.06,0.055,0.01,346.91,94.0,68
2026-09-02T23:40:48.709442+00:00,btc-updown-15m-1788392700,15,4092959,51293082915803991807181801110018402696459262562409603104060234970998504085640,2026-09-02T23:45:00+00:00,2026-09-03T00:00:00+00:00,19.2,0.5,0.51,0.505,0.01,353.0,688.08,95
2026-09-02T23:41:49.891646+00:00,btc-updown-5m-1788392400,5,4092937,6917731103421608373433736743800160892780181780361384295865914332593000360702,2026-09-02T23:40:00+00:00,2026-09-02T23:45:00+00:00,3.18,0.33,0.34,0.335,0.01,354.42,184.44,99
2026-09-02T23:41:49.891646+00:00,btc-updown-5m-1788392700,5,4092958,31688016562323786374766564387880921382158313389434853851898267649789712369724,2026-09-02T23:45:00+00:00,2026-09-02T23:50:00+00:00,8.18,0.5,0.51,0.505,0.01,240.1,701.8,99
2026-09-02T23:41:49.891646+00:00,btc-updown-15m-1788392700,15,4092959,51293082915803991807181801110018402696459262562409603104060234970998504085640,2026-09-02T23:45:00+00:00,2026-09-03T00:00:00+00:00,18.18,0.5,0.51,0.505,0.01,403.0,708.08,95
2026-09-02T23:42:51.334566+00:00,btc-updown-5m-1788392400,5,4092937,6917731103421608373433736743800160892780181780361384295865914332593000360702,2026-09-02T23:40:00+00:00,2026-09-02T23:45:00+00:00,2.15,0.33,0.34,0.335,0.01,25.0,248.33,99
2026-09-02T23:42:51.334566+00:00,btc-updown-5m-1788392700,5,4092958,31688016562323786374766564387880921382158313389434853851898267649789712369724,2026-09-02T23:45:00+00:00,2026-09-02T23:50:00+00:00,7.15,0.5,0.51,0.505,0.01,240.1,693.8,99
2026-09-02T23:42:51.334566+00:00,btc-updown-15m-1788392700,15,4092959,51293082915803991807181801110018402696459262562409603104060234970998504085640,2026-09-02T23:45:00+00:00,2026-09-03T00:00:00+00:00,17.15,0.5,0.51,0.505,0.01,325.0,504.0,95
2026-09-02T23:43:52.507519+00:00,btc-updown-5m-1788392400,5,4092937,6917731103421608373433736743800160892780181780361384295865914332593000360702,2026-09-02T23:40:00+00:00,2026-09-02T23:45:00+00:00,1.13,0.14,0.15,0.145,0.01,3.17,529.66,99
2026-09-02T23:43:52.507519+00:00,btc-updown-5m-1788392700,5,4092958,31688016562323786374766564387880921382158313389434853851898267649789712369724,2026-09-02T23:45:00+00:00,2026-09-02T23:50:00+00:00,6.13,0.5,0.51,0.505,0.01,141.1,475.15,99
2026-09-02T23:43:52.507519+00:00,btc-updown-15m-1788392700,15,4092959,51293082915803991807181801110018402696459262562409603104060234970998504085640,2026-09-02T23:45:00+00:00,2026-09-03T00:00:00+00:00,16.13,0.5,0.51,0.505,0.01,365.0,366.74,95
2026-09-02T23:44:53.882582+00:00,btc-updown-5m-1788392700,5,4092958,31688016562323786374766564387880921382158313389434853851898267649789712369724,2026-09-02T23:45:00+00:00,2026-09-02T23:50:00+00:00,5.12,0.75,0.76,0.755,0.01,85.0,56.23,99
2026-09-02T23:44:53.882582+00:00,btc-updown-15m-1788392700,15,4092959,51293082915803991807181801110018402696459262562409603104060234970998504085640,2026-09-02T23:45:00+00:00,2026-09-03T00:00:00+00:00,15.12,0.51,0.52,0.515,0.01,214.0,213.33,93
2026-09-02T23:45:55.019603+00:00,btc-updown-5m-1788392700,5,4092958,31688016562323786374766564387880921382158313389434853851898267649789712369724,2026-09-02T23:45:00+00:00,2026-09-02T23:50:00+00:00,4.08,0.89,0.91,0.9,0.02,334.77,50.0,98
2026-09-02T23:45:55.019603+00:00,btc-updown-5m-1788393000,5,4092975,12480129102595422431113953198305200096100532217491722276182073292855601554508,2026-09-02T23:50:00+00:00,2026-09-02T23:55:00+00:00,9.08,0.5,0.51,0.505,0.01,71.0,504.96,99
2026-09-02T23:45:55.019603+00:00,btc-updown-15m-1788392700,15,4092959,51293082915803991807181801110018402696459262562409603104060234970998504085640,2026-09-02T23:45:00+00:00,2026-09-03T00:00:00+00:00,14.08,0.74,0.75,0.745,0.01,120.0,108.0,87
2026-09-02T23:45:55.019603+00:00,btc-updown-15m-1788393600,15,4093831,43948672634980567926901105782248698991878868409529382429270464514343165668134,2026-09-03T00:00:00+00:00,2026-09-03T00:15:00+00:00,29.08,0.5,0.51,0.505,0.01,250.0,649.08,93
2026-09-02T23:46:56.297693+00:00,btc-updown-5m-1788392700,5,4092958,31688016562323786374766564387880921382158313389434853851898267649789712369724,2026-09-02T23:45:00+00:00,2026-09-02T23:50:00+00:00,3.07,0.92,0.93,0.925,0.01,210.74,377.35,99
2026-09-02T23:46:56.297693+00:00,btc-updown-5m-1788393000,5,4092975,12480129102595422431113953198305200096100532217491722276182073292855601554508,2026-09-02T23:50:00+00:00,2026-09-02T23:55:00+00:00,8.07,0.5,0.51,0.505,0.01,1020.0,504.96,99
2026-09-02T23:46:56.297693+00:00,btc-updown-15m-1788392700,15,4092959,51293082915803991807181801110018402696459262562409603104060234970998504085640,2026-09-02T23:45:00+00:00,2026-09-03T00:00:00+00:00,13.07,0.74,0.75,0.745,0.01,139.05,5.0,83
2026-09-02T23:46:56.297693+00:00,btc-updown-15m-1788393600,15,4093831,43948672634980567926901105782248698991878868409529382429270464514343165668134,2026-09-03T00:00:00+00:00,2026-09-03T00:15:00+00:00,28.07,0.5,0.51,0.505,0.01,242.0,649.08,93
2026-09-02T23:47:57.622630+00:00,btc-updown-5m-1788392700,5,4092958,31688016562323786374766564387880921382158313389434853851898267649789712369724,2026-09-02T23:45:00+00:00,2026-09-02T23:50:00+00:00,2.05,0.93,0.94,0.935,0.01,1672.35,1102.08,99
2026-09-02T23:47:57.622630+00:00,btc-updown-5m-1788393000,5,4092975,12480129102595422431113953198305200096100532217491722276182073292855601554508,2026-09-02T23:50:00+00:00,2026-09-02T23:55:00+00:00,7.05,0.5,0.51,0.505,0.01,20.0,310.6,99
2026-09-02T23:47:57.622630+00:00,btc-updown-15m-1788392700,15,4092959,51293082915803991807181801110018402696459262562409603104060234970998504085640,2026-09-02T23:45:00+00:00,2026-09-03T00:00:00+00:00,12.05,0.81,0.82,0.815,0.01,20.0,103.0,81
2026-09-02T23:47:57.622630+00:00,btc-updown-15m-1788393600,15,4093831,43948672634980567926901105782248698991878868409529382429270464514343165668134,2026-09-03T00:00:00+00:00,2026-09-03T00:15:00+00:00,27.05,0.5,0.51,0.505,0.01,50.0,853.16,93
2026-09-02T23:48:58.904349+00:00,btc-updown-5m-1788393000,5,4092975,12480129102595422431113953198305200096100532217491722276182073292855601554508,2026-09-02T23:50:00+00:00,2026-09-02T23:55:00+00:00,6.03,0.5,0.51,0.505,0.01,37.0,174.75,99
2026-09-02T23:48:58.904349+00:00,btc-updown-15m-1788392700,15,4092959,51293082915803991807181801110018402696459262562409603104060234970998504085640,2026-09-02T23:45:00+00:00,2026-09-03T00:00:00+00:00,11.03,0.91,0.92,0.915,0.01,15.0,5961.0,74
2026-09-02T23:48:58.904349+00:00,btc-updown-15m-1788393600,15,4093831,43948672634980567926901105782248698991878868409529382429270464514343165668134,2026-09-03T00:00:00+00:00,2026-09-03T00:15:00+00:00,26.03,0.5,0.51,0.505,0.01,250.0,803.16,93
2026-09-02T23:50:00.023372+00:00,btc-updown-5m-1788393000,5,4092975,12480129102595422431113953198305200096100532217491722276182073292855601554508,2026-09-02T23:50:00+00:00,2026-09-02T23:55:00+00:00,5.0,0.54,0.6,0.57,0.06,10.0,6.08,93
2026-09-02T23:50:00.023372+00:00,btc-updown-5m-1788393300,5,4093762,45686350200038520519185465102587400194986749734281401403105078233547706768766,2026-09-02T23:55:00+00:00,2026-09-03T00:00:00+00:00,10.0,0.49,0.51,0.5,0.02,219.2,678.53,98
2026-09-02T23:50:00.023372+00:00,btc-updown-15m-1788392700,15,4092959,51293082915803991807181801110018402696459262562409603104060234970998504085640,2026-09-02T23:45:00+00:00,2026-09-03T00:00:00+00:00,10.0,0.92,0.93,0.925,0.01,55.0,4487.87,71
2026-09-02T23:50:00.023372+00:00,btc-updown-15m-1788393600,15,4093831,43948672634980567926901105782248698991878868409529382429270464514343165668134,2026-09-03T00:00:00+00:00,2026-09-03T00:15:00+00:00,25.0,0.5,0.51,0.505,0.01,50.0,933.16,93
2026-09-02T23:51:01.294832+00:00,btc-updown-5m-1788393000,5,4092975,12480129102595422431113953198305200096100532217491722276182073292855601554508,2026-09-02T23:50:00+00:00,2026-09-02T23:55:00+00:00,3.98,0.83,0.84,0.835,0.01,490.11,200.45,99
2026-09-02T23:51:01.294832+00:00,btc-updown-5m-1788393300,5,4093762,45686350200038520519185465102587400194986749734281401403105078233547706768766,2026-09-02T23:55:00+00:00,2026-09-03T00:00:00+00:00,8.98,0.5,0.51,0.505,0.01,55.0,648.33,99
2026-09-02T23:51:01.294832+00:00,btc-updown-15m-1788392700,15,4092959,51293082915803991807181801110018402696459262562409603104060234970998504085640,2026-09-02T23:45:00+00:00,2026-09-03T00:00:00+00:00,8.98,0.96,0.97,0.965,0.01,55.0,8575.76,70
2026-09-02T23:51:01.294832+00:00,btc-updown-15m-1788393600,15,4093831,43948672634980567926901105782248698991878868409529382429270464514343165668134,2026-09-03T00:00:00+00:00,2026-09-03T00:15:00+00:00,23.98,0.49,0.5,0.495,0.01,269.08,465.0,93
2026-09-02T23:52:02.550101+00:00,btc-updown-5m-1788393000,5,4092975,12480129102595422431113953198305200096100532217491722276182073292855601554508,2026-09-02T23:50:00+00:00,2026-09-02T23:55:00+00:00,2.97,0.98,0.99,0.985,0.01,220.9,2012.63,99
2026-09-02T23:52:02.550101+00:00,btc-updown-5m-1788393300,5,4093762,45686350200038520519185465102587400194986749734281401403105078233547706768766,2026-09-02T23:55:00+00:00,2026-09-03T00:00:00+00:00,7.97,0.49,0.5,0.495,0.01,130.31,410.0,99
2026-09-02T23:52:02.550101+00:00,btc-updown-15m-1788392700,15,4092959,51293082915803991807181801110018402696459262562409603104060234970998504085640,2026-09-02T23:45:00+00:00,2026-09-03T00:00:00+00:00,7.97,0.98,0.99,0.985,0.01,158.0,1453.0,70
2026-09-02T23:52:02.550101+00:00,btc-updown-15m-1788393600,15,4093831,43948672634980567926901105782248698991878868409529382429270464514343165668134,2026-09-03T00:00:00+00:00,2026-09-03T00:15:00+00:00,22.97,0.49,0.5,0.495,0.01,269.08,665.0,93
2026-09-02T23:53:03.835700+00:00,btc-updown-5m-1788393300,5,4093762,45686350200038520519185465102587400194986749734281401403105078233547706768766,2026-09-02T23:55:00+00:00,2026-09-03T00:00:00+00:00,6.95,0.49,0.5,0.495,0.01,131.37,329.2,99
2026-09-02T23:53:03.835700+00:00,btc-updown-15m-1788392700,15,4092959,51293082915803991807181801110018402696459262562409603104060234970998504085640,2026-09-02T23:45:00+00:00,2026-09-03T00:00:00+00:00,6.95,0.98,0.99,0.985,0.01,371.61,2603.88,70
2026-09-02T23:53:03.835700+00:00,btc-updown-15m-1788393600,15,4093831,43948672634980567926901105782248698991878868409529382429270464514343165668134,2026-09-03T00:00:00+00:00,2026-09-03T00:15:00+00:00,21.95,0.49,0.5,0.495,0.01,269.08,965.0,93
2026-09-02T23:54:04.940627+00:00,btc-updown-5m-1788393300,5,4093762,45686350200038520519185465102587400194986749734281401403105078233547706768766,2026-09-02T23:55:00+00:00,2026-09-03T00:00:00+00:00,5.93,0.48,0.49,0.485,0.01,30.37,20.0,99
2026-09-02T23:54:04.940627+00:00,btc-updown-15m-1788392700,15,4092959,51293082915803991807181801110018402696459262562409603104060234970998504085640,2026-09-02T23:45:00+00:00,2026-09-03T00:00:00+00:00,5.93,0.98,0.99,0.985,0.01,75.0,579.56,84
2026-09-02T23:54:04.940627+00:00,btc-updown-15m-1788393600,15,4093831,43948672634980567926901105782248698991878868409529382429270464514343165668134,2026-09-03T00:00:00+00:00,2026-09-03T00:15:00+00:00,20.93,0.49,0.5,0.495,0.01,249.08,957.0,93
2026-09-02T23:55:06.053227+00:00,btc-updown-5m-1788393300,5,4093762,45686350200038520519185465102587400194986749734281401403105078233547706768766,2026-09-02T23:55:00+00:00,2026-09-03T00:00:00+00:00,4.9,0.33,0.34,0.335,0.01,157.0,148.0,99
2026-09-02T23:55:06.053227+00:00,btc-updown-5m-1788393600,5,4093821,18619576573477706841867802427792480706693589350127893189825350798874870214136,2026-09-03T00:00:00+00:00,2026-09-03T00:05:00+00:00,9.9,0.49,0.5,0.495,0.01,10.0,48.0,97
2026-09-02T23:55:06.053227+00:00,btc-updown-15m-1788392700,15,4092959,51293082915803991807181801110018402696459262562409603104060234970998504085640,2026-09-02T23:45:00+00:00,2026-09-03T00:00:00+00:00,4.9,0.98,0.99,0.985,0.01,40.0,310.92,88
2026-09-02T23:55:06.053227+00:00,btc-updown-15m-1788393600,15,4093831,43948672634980567926901105782248698991878868409529382429270464514343165668134,2026-09-03T00:00:00+00:00,2026-09-03T00:15:00+00:00,19.9,0.49,0.5,0.495,0.01,175.0,707.0,93
2026-09-02T23:56:07.269779+00:00,btc-updown-5m-1788393300,5,4093762,45686350200038520519185465102587400194986749734281401403105078233547706768766,2026-09-02T23:55:00+00:00,2026-09-03T00:00:00+00:00,3.88,0.57,0.58,0.575,0.01,471.08,54.0,99
2026-09-02T23:56:07.269779+00:00,btc-updown-5m-1788393600,5,4093821,18619576573477706841867802427792480706693589350127893189825350798874870214136,2026-09-03T00:00:00+00:00,2026-09-03T00:05:00+00:00,8.88,0.48,0.49,0.485,0.01,165.74,75.0,97
2026-09-02T23:56:07.269779+00:00,btc-updown-15m-1788392700,15,4092959,51293082915803991807181801110018402696459262562409603104060234970998504085640,2026-09-02T23:45:00+00:00,2026-09-03T00:00:00+00:00,3.88,0.99,0.996,0.993,0.006,475.98,4369.31,81
2026-09-02T23:56:07.269779+00:00,btc-updown-15m-1788393600,15,4093831,43948672634980567926901105782248698991878868409529382429270464514343165668134,2026-09-03T00:00:00+00:00,2026-09-03T00:15:00+00:00,18.88,0.49,0.5,0.495,0.01,175.0,973.0,93
2026-09-02T23:57:08.490044+00:00,btc-updown-5m-1788393300,5,4093762,45686350200038520519185465102587400194986749734281401403105078233547706768766,2026-09-02T23:55:00+00:00,2026-09-03T00:00:00+00:00,2.87,0.72,0.73,0.725,0.01,255.55,134.61,99
2026-09-02T23:57:08.490044+00:00,btc-updown-5m-1788393600,5,4093821,18619576573477706841867802427792480706693589350127893189825350798874870214136,2026-09-03T00:00:00+00:00,2026-09-03T00:05:00+00:00,7.87,0.48,0.49,0.485,0.01,184.74,75.0,99
2026-09-02T23:57:08.490044+00:00,btc-updown-15m-1788392700,15,4092959,51293082915803991807181801110018402696459262562409603104060234970998504085640,2026-09-02T23:45:00+00:00,2026-09-03T00:00:00+00:00,2.87,0.996,0.998,0.997,0.002,526.71,3281.04,83
2026-09-02T23:57:08.490044+00:00,btc-updown-15m-1788393600,15,4093831,43948672634980567926901105782248698991878868409529382429270464514343165668134,2026-09-03T00:00:00+00:00,2026-09-03T00:15:00+00:00,17.87,0.49,0.5,0.495,0.01,164.9,1013.0,93
2026-09-02T23:58:09.742023+00:00,btc-updown-5m-1788393300,5,4093762,45686350200038520519185465102587400194986749734281401403105078233547706768766,2026-09-02T23:55:00+00:00,2026-09-03T00:00:00+00:00,1.85,0.93,0.94,0.935,0.01,58.33,110.0,99
2026-09-02T23:58:09.742023+00:00,btc-updown-5m-1788393600,5,4093821,18619576573477706841867802427792480706693589350127893189825350798874870214136,2026-09-03T00:00:00+00:00,2026-09-03T00:05:00+00:00,6.85,0.49,0.5,0.495,0.01,25.0,191.0,99
2026-09-02T23:58:09.742023+00:00,btc-updown-15m-1788393600,15,4093831,43948672634980567926901105782248698991878868409529382429270464514343165668134,2026-09-03T00:00:00+00:00,2026-09-03T00:15:00+00:00,16.85,0.49,0.5,0.495,0.01,130.0,1036.0,93
2026-09-02T23:59:10.925629+00:00,btc-updown-5m-1788393600,5,4093821,18619576573477706841867802427792480706693589350127893189825350798874870214136,2026-09-03T00:00:00+00:00,2026-09-03T00:05:00+00:00,5.83,0.49,0.5,0.495,0.01,345.0,7.63,99
2026-09-02T23:59:10.925629+00:00,btc-updown-15m-1788393600,15,4093831,43948672634980567926901105782248698991878868409529382429270464514343165668134,2026-09-03T00:00:00+00:00,2026-09-03T00:15:00+00:00,15.83,0.49,0.5,0.495,0.01,220.55,646.0,90
