captured_at,slug,interval_min,market_id,yes_token,window_start,window_end,minutes_left,best_bid,best_ask,mid,spread,bid_size,ask_size,book_levels
2026-10-06T00:00:16.457005+00:00,btc-updown-5m-1791244800,5,5309251,25505548692156414493788879186839494588559722023438228757256096853332931116216,2026-10-06T00:00:00+00:00,2026-10-06T00:05:00+00:00,4.73,0.42,0.43,0.425,0.01,3651.38,65.0,99
2026-10-06T00:00:16.457005+00:00,btc-updown-5m-1791245100,5,5309299,79775485247798025273542101902256040934114931677170967201272542935576260223797,2026-10-06T00:05:00+00:00,2026-10-06T00:10:00+00:00,9.73,0.5,0.51,0.505,0.01,215.56,636.78,99
2026-10-06T00:00:16.457005+00:00,btc-updown-15m-1791244800,15,5309254,78722794413390248198253287437531179527333955258455899311252833544201026660762,2026-10-06T00:00:00+00:00,2026-10-06T00:15:00+00:00,14.73,0.48,0.49,0.485,0.01,238.0,2442.74,98
2026-10-06T00:00:16.457005+00:00,btc-updown-15m-1791245700,15,5309365,46767473217791332582016801333580648157303838044727581553977059771377369682611,2026-10-06T00:15:00+00:00,2026-10-06T00:30:00+00:00,29.73,0.5,0.51,0.505,0.01,265.0,288.0,99
2026-10-06T00:01:17.727243+00:00,btc-updown-5m-1791244800,5,5309251,25505548692156414493788879186839494588559722023438228757256096853332931116216,2026-10-06T00:00:00+00:00,2026-10-06T00:05:00+00:00,3.72,0.66,0.67,0.665,0.01,343.0,970.91,99
2026-10-06T00:01:17.727243+00:00,btc-updown-5m-1791245100,5,5309299,79775485247798025273542101902256040934114931677170967201272542935576260223797,2026-10-06T00:05:00+00:00,2026-10-06T00:10:00+00:00,8.72,0.5,0.51,0.505,0.01,235.56,767.78,99
2026-10-06T00:01:17.727243+00:00,btc-updown-15m-1791244800,15,5309254,78722794413390248198253287437531179527333955258455899311252833544201026660762,2026-10-06T00:00:00+00:00,2026-10-06T00:15:00+00:00,13.72,0.59,0.6,0.595,0.01,264.0,802.1,98
2026-10-06T00:01:17.727243+00:00,btc-updown-15m-1791245700,15,5309365,46767473217791332582016801333580648157303838044727581553977059771377369682611,2026-10-06T00:15:00+00:00,2026-10-06T00:30:00+00:00,28.72,0.5,0.51,0.505,0.01,315.0,288.0,99
2026-10-06T00:02:18.958048+00:00,btc-updown-5m-1791244800,5,5309251,25505548692156414493788879186839494588559722023438228757256096853332931116216,2026-10-06T00:00:00+00:00,2026-10-06T00:05:00+00:00,2.7,0.81,0.82,0.815,0.01,1231.23,60.0,99
2026-10-06T00:02:18.958048+00:00,btc-updown-5m-1791245100,5,5309299,79775485247798025273542101902256040934114931677170967201272542935576260223797,2026-10-06T00:05:00+00:00,2026-10-06T00:10:00+00:00,7.7,0.5,0.51,0.505,0.01,234.21,612.37,99
2026-10-06T00:02:18.958048+00:00,btc-updown-15m-1791244800,15,5309254,78722794413390248198253287437531179527333955258455899311252833544201026660762,2026-10-06T00:00:00+00:00,2026-10-06T00:15:00+00:00,12.7,0.62,0.63,0.625,0.01,436.0,445.6,98
2026-10-06T00:02:18.958048+00:00,btc-updown-15m-1791245700,15,5309365,46767473217791332582016801333580648157303838044727581553977059771377369682611,2026-10-06T00:15:00+00:00,2026-10-06T00:30:00+00:00,27.7,0.5,0.51,0.505,0.01,315.0,298.0,99
2026-10-06T00:03:20.301826+00:00,btc-updown-5m-1791244800,5,5309251,25505548692156414493788879186839494588559722023438228757256096853332931116216,2026-10-06T00:00:00+00:00,2026-10-06T00:05:00+00:00,1.67,0.97,0.98,0.975,0.01,1627.15,1018.72,99
2026-10-06T00:03:20.301826+00:00,btc-updown-5m-1791245100,5,5309299,79775485247798025273542101902256040934114931677170967201272542935576260223797,2026-10-06T00:05:00+00:00,2026-10-06T00:10:00+00:00,6.67,0.5,0.51,0.505,0.01,67.65,518.37,99
2026-10-06T00:03:20.301826+00:00,btc-updown-15m-1791244800,15,5309254,78722794413390248198253287437531179527333955258455899311252833544201026660762,2026-10-06T00:00:00+00:00,2026-10-06T00:15:00+00:00,11.67,0.74,0.75,0.745,0.01,366.09,356.4,98
2026-10-06T00:03:20.301826+00:00,btc-updown-15m-1791245700,15,5309365,46767473217791332582016801333580648157303838044727581553977059771377369682611,2026-10-06T00:15:00+00:00,2026-10-06T00:30:00+00:00,26.67,0.5,0.51,0.505,0.01,235.0,298.0,99
2026-10-06T00:04:21.491687+00:00,btc-updown-5m-1791245100,5,5309299,79775485247798025273542101902256040934114931677170967201272542935576260223797,2026-10-06T00:05:00+00:00,2026-10-06T00:10:00+00:00,5.65,0.5,0.51,0.505,0.01,147.36,453.0,99
2026-10-06T00:04:21.491687+00:00,btc-updown-15m-1791244800,15,5309254,78722794413390248198253287437531179527333955258455899311252833544201026660762,2026-10-06T00:00:00+00:00,2026-10-06T00:15:00+00:00,10.65,0.75,0.76,0.755,0.01,324.52,699.7,98
2026-10-06T00:04:21.491687+00:00,btc-updown-15m-1791245700,15,5309365,46767473217791332582016801333580648157303838044727581553977059771377369682611,2026-10-06T00:15:00+00:00,2026-10-06T00:30:00+00:00,25.65,0.5,0.51,0.505,0.01,175.0,296.03,99
2026-10-06T00:05:22.602430+00:00,btc-updown-5m-1791245100,5,5309299,79775485247798025273542101902256040934114931677170967201272542935576260223797,2026-10-06T00:05:00+00:00,2026-10-06T00:10:00+00:00,4.63,0.32,0.33,0.325,0.01,1781.27,167.85,99
2026-10-06T00:05:22.602430+00:00,btc-updown-5m-1791245400,5,5309355,63233982687408831117040901814365690110408300040302632166163644442577846781907,2026-10-06T00:10:00+00:00,2026-10-06T00:15:00+00:00,9.63,0.5,0.51,0.505,0.01,116.49,614.71,99
2026-10-06T00:05:22.602430+00:00,btc-updown-15m-1791244800,15,5309254,78722794413390248198253287437531179527333955258455899311252833544201026660762,2026-10-06T00:00:00+00:00,2026-10-06T00:15:00+00:00,9.63,0.52,0.53,0.525,0.01,3545.33,598.47,98
2026-10-06T00:05:22.602430+00:00,btc-updown-15m-1791245700,15,5309365,46767473217791332582016801333580648157303838044727581553977059771377369682611,2026-10-06T00:15:00+00:00,2026-10-06T00:30:00+00:00,24.63,0.5,0.51,0.505,0.01,325.0,301.03,99
2026-10-06T00:06:23.785452+00:00,btc-updown-5m-1791245100,5,5309299,79775485247798025273542101902256040934114931677170967201272542935576260223797,2026-10-06T00:05:00+00:00,2026-10-06T00:10:00+00:00,3.62,0.12,0.13,0.125,0.01,1396.57,570.89,99
2026-10-06T00:06:23.785452+00:00,btc-updown-5m-1791245400,5,5309355,63233982687408831117040901814365690110408300040302632166163644442577846781907,2026-10-06T00:10:00+00:00,2026-10-06T00:15:00+00:00,8.62,0.5,0.51,0.505,0.01,116.49,634.71,99
2026-10-06T00:06:23.785452+00:00,btc-updown-15m-1791244800,15,5309254,78722794413390248198253287437531179527333955258455899311252833544201026660762,2026-10-06T00:00:00+00:00,2026-10-06T00:15:00+00:00,8.62,0.41,0.42,0.415,0.01,204.99,201.25,98
2026-10-06T00:06:23.785452+00:00,btc-updown-15m-1791245700,15,5309365,46767473217791332582016801333580648157303838044727581553977059771377369682611,2026-10-06T00:15:00+00:00,2026-10-06T00:30:00+00:00,23.62,0.5,0.51,0.505,0.01,345.0,301.03,99
2026-10-06T00:07:24.962605+00:00,btc-updown-5m-1791245100,5,5309299,79775485247798025273542101902256040934114931677170967201272542935576260223797,2026-10-06T00:05:00+00:00,2026-10-06T00:10:00+00:00,2.6,0.13,0.14,0.135,0.01,165.0,365.91,99
2026-10-06T00:07:24.962605+00:00,btc-updown-5m-1791245400,5,5309355,63233982687408831117040901814365690110408300040302632166163644442577846781907,2026-10-06T00:10:00+00:00,2026-10-06T00:15:00+00:00,7.6,0.5,0.51,0.505,0.01,127.14,614.71,99
2026-10-06T00:07:24.962605+00:00,btc-updown-15m-1791244800,15,5309254,78722794413390248198253287437531179527333955258455899311252833544201026660762,2026-10-06T00:00:00+00:00,2026-10-06T00:15:00+00:00,7.6,0.51,0.52,0.515,0.01,9935.75,689.98,96
2026-10-06T00:07:24.962605+00:00,btc-updown-15m-1791245700,15,5309365,46767473217791332582016801333580648157303838044727581553977059771377369682611,2026-10-06T00:15:00+00:00,2026-10-06T00:30:00+00:00,22.6,0.5,0.51,0.505,0.01,345.0,301.03,99
2026-10-06T00:08:26.119035+00:00,btc-updown-5m-1791245100,5,5309299,79775485247798025273542101902256040934114931677170967201272542935576260223797,2026-10-06T00:05:00+00:00,2026-10-06T00:10:00+00:00,1.57,0.72,0.73,0.725,0.01,120.94,58.0,99
2026-10-06T00:08:26.119035+00:00,btc-updown-5m-1791245400,5,5309355,63233982687408831117040901814365690110408300040302632166163644442577846781907,2026-10-06T00:10:00+00:00,2026-10-06T00:15:00+00:00,6.57,0.5,0.51,0.505,0.01,132.14,656.77,99
2026-10-06T00:08:26.119035+00:00,btc-updown-15m-1791244800,15,5309254,78722794413390248198253287437531179527333955258455899311252833544201026660762,2026-10-06T00:00:00+00:00,2026-10-06T00:15:00+00:00,6.57,0.76,0.77,0.765,0.01,1202.09,135.0,93
2026-10-06T00:08:26.119035+00:00,btc-updown-15m-1791245700,15,5309365,46767473217791332582016801333580648157303838044727581553977059771377369682611,2026-10-06T00:15:00+00:00,2026-10-06T00:30:00+00:00,21.57,0.5,0.51,0.505,0.01,220.0,301.03,99
2026-10-06T00:09:27.364041+00:00,btc-updown-5m-1791245400,5,5309355,63233982687408831117040901814365690110408300040302632166163644442577846781907,2026-10-06T00:10:00+00:00,2026-10-06T00:15:00+00:00,5.55,0.5,0.51,0.505,0.01,775.49,33.91,99
2026-10-06T00:09:27.364041+00:00,btc-updown-15m-1791244800,15,5309254,78722794413390248198253287437531179527333955258455899311252833544201026660762,2026-10-06T00:00:00+00:00,2026-10-06T00:15:00+00:00,5.55,0.81,0.82,0.815,0.01,229.0,1260.88,89
2026-10-06T00:09:27.364041+00:00,btc-updown-15m-1791245700,15,5309365,46767473217791332582016801333580648157303838044727581553977059771377369682611,2026-10-06T00:15:00+00:00,2026-10-06T00:30:00+00:00,20.55,0.5,0.51,0.505,0.01,180.0,301.03,99
2026-10-06T00:10:28.416757+00:00,btc-updown-5m-1791245400,5,5309355,63233982687408831117040901814365690110408300040302632166163644442577846781907,2026-10-06T00:10:00+00:00,2026-10-06T00:15:00+00:00,4.53,0.51,0.52,0.515,0.01,1199.65,41.64,99
2026-10-06T00:10:28.416757+00:00,btc-updown-5m-1791245700,5,5309358,32091815346698287904105528208610055134171472414069252660923327945207676394626,2026-10-06T00:15:00+00:00,2026-10-06T00:20:00+00:00,9.53,0.5,0.51,0.505,0.01,123.05,757.3,99
2026-10-06T00:10:28.416757+00:00,btc-updown-15m-1791244800,15,5309254,78722794413390248198253287437531179527333955258455899311252833544201026660762,2026-10-06T00:00:00+00:00,2026-10-06T00:15:00+00:00,4.53,0.82,0.83,0.825,0.01,514.17,80.0,96
2026-10-06T00:10:28.416757+00:00,btc-updown-15m-1791245700,15,5309365,46767473217791332582016801333580648157303838044727581553977059771377369682611,2026-10-06T00:15:00+00:00,2026-10-06T00:30:00+00:00,19.53,0.5,0.51,0.505,0.01,185.0,301.03,99
2026-10-06T00:11:29.705921+00:00,btc-updown-5m-1791245400,5,5309355,63233982687408831117040901814365690110408300040302632166163644442577846781907,2026-10-06T00:10:00+00:00,2026-10-06T00:15:00+00:00,3.52,0.66,0.67,0.665,0.01,451.24,225.0,99
2026-10-06T00:11:29.705921+00:00,btc-updown-5m-1791245700,5,5309358,32091815346698287904105528208610055134171472414069252660923327945207676394626,2026-10-06T00:15:00+00:00,2026-10-06T00:20:00+00:00,8.52,0.5,0.51,0.505,0.01,113.05,777.3,99
2026-10-06T00:11:29.705921+00:00,btc-updown-15m-1791244800,15,5309254,78722794413390248198253287437531179527333955258455899311252833544201026660762,2026-10-06T00:00:00+00:00,2026-10-06T00:15:00+00:00,3.52,0.89,0.9,0.895,0.01,560.99,104.35,87
2026-10-06T00:11:29.705921+00:00,btc-updown-15m-1791245700,15,5309365,46767473217791332582016801333580648157303838044727581553977059771377369682611,2026-10-06T00:15:00+00:00,2026-10-06T00:30:00+00:00,18.52,0.5,0.51,0.505,0.01,160.0,341.03,99
2026-10-06T00:12:30.892287+00:00,btc-updown-5m-1791245400,5,5309355,63233982687408831117040901814365690110408300040302632166163644442577846781907,2026-10-06T00:10:00+00:00,2026-10-06T00:15:00+00:00,2.5,0.67,0.68,0.675,0.01,33.9,73.97,99
2026-10-06T00:12:30.892287+00:00,btc-updown-5m-1791245700,5,5309358,32091815346698287904105528208610055134171472414069252660923327945207676394626,2026-10-06T00:15:00+00:00,2026-10-06T00:20:00+00:00,7.5,0.5,0.51,0.505,0.01,113.05,721.42,99
2026-10-06T00:12:30.892287+00:00,btc-updown-15m-1791244800,15,5309254,78722794413390248198253287437531179527333955258455899311252833544201026660762,2026-10-06T00:00:00+00:00,2026-10-06T00:15:00+00:00,2.5,0.95,0.96,0.955,0.01,609.0,1244.9,91
2026-10-06T00:12:30.892287+00:00,btc-updown-15m-1791245700,15,5309365,46767473217791332582016801333580648157303838044727581553977059771377369682611,2026-10-06T00:15:00+00:00,2026-10-06T00:30:00+00:00,17.5,0.49,0.5,0.495,0.01,464.02,35.0,99
2026-10-06T00:13:32.035244+00:00,btc-updown-5m-1791245400,5,5309355,63233982687408831117040901814365690110408300040302632166163644442577846781907,2026-10-06T00:10:00+00:00,2026-10-06T00:15:00+00:00,1.47,0.48,0.49,0.485,0.01,70.0,60.0,98
2026-10-06T00:13:32.035244+00:00,btc-updown-5m-1791245700,5,5309358,32091815346698287904105528208610055134171472414069252660923327945207676394626,2026-10-06T00:15:00+00:00,2026-10-06T00:20:00+00:00,6.47,0.5,0.51,0.505,0.01,118.05,590.42,99
2026-10-06T00:13:32.035244+00:00,btc-updown-15m-1791244800,15,5309254,78722794413390248198253287437531179527333955258455899311252833544201026660762,2026-10-06T00:00:00+00:00,2026-10-06T00:15:00+00:00,1.47,0.96,0.97,0.965,0.01,467.0,138.34,85
2026-10-06T00:13:32.035244+00:00,btc-updown-15m-1791245700,15,5309365,46767473217791332582016801333580648157303838044727581553977059771377369682611,2026-10-06T00:15:00+00:00,2026-10-06T00:30:00+00:00,16.47,0.49,0.5,0.495,0.01,489.02,35.0,99
2026-10-06T00:14:33.257690+00:00,btc-updown-5m-1791245700,5,5309358,32091815346698287904105528208610055134171472414069252660923327945207676394626,2026-10-06T00:15:00+00:00,2026-10-06T00:20:00+00:00,5.45,0.5,0.51,0.505,0.01,275.0,143.44,99
2026-10-06T00:14:33.257690+00:00,btc-updown-15m-1791245700,15,5309365,46767473217791332582016801333580648157303838044727581553977059771377369682611,2026-10-06T00:15:00+00:00,2026-10-06T00:30:00+00:00,15.45,0.49,0.5,0.495,0.01,283.0,55.5,87
2026-10-06T00:15:34.228436+00:00,btc-updown-5m-1791245700,5,5309358,32091815346698287904105528208610055134171472414069252660923327945207676394626,2026-10-06T00:15:00+00:00,2026-10-06T00:20:00+00:00,4.43,0.56,0.57,0.565,0.01,37.0,1157.77,99
2026-10-06T00:15:34.228436+00:00,btc-updown-5m-1791246000,5,5309378,106174891404852867316270534941565549999738150165193412614816357399000927752834,2026-10-06T00:20:00+00:00,2026-10-06T00:25:00+00:00,9.43,0.5,0.51,0.505,0.01,103.89,708.51,99
2026-10-06T00:15:34.228436+00:00,btc-updown-15m-1791245700,15,5309365,46767473217791332582016801333580648157303838044727581553977059771377369682611,2026-10-06T00:15:00+00:00,2026-10-06T00:30:00+00:00,14.43,0.52,0.53,0.525,0.01,458.36,238.0,98
2026-10-06T00:15:34.228436+00:00,btc-updown-15m-1791246600,15,5309424,27157101151132433527526585454222391667581654519519356671763939842780489588865,2026-10-06T00:30:00+00:00,2026-10-06T00:45:00+00:00,29.43,0.5,0.51,0.505,0.01,25.0,418.0,99
2026-10-06T00:16:35.404099+00:00,btc-updown-5m-1791245700,5,5309358,32091815346698287904105528208610055134171472414069252660923327945207676394626,2026-10-06T00:15:00+00:00,2026-10-06T00:20:00+00:00,3.42,0.79,0.8,0.795,0.01,1787.83,122.58,99
2026-10-06T00:16:35.404099+00:00,btc-updown-5m-1791246000,5,5309378,106174891404852867316270534941565549999738150165193412614816357399000927752834,2026-10-06T00:20:00+00:00,2026-10-06T00:25:00+00:00,8.42,0.5,0.51,0.505,0.01,98.89,757.63,99
2026-10-06T00:16:35.404099+00:00,btc-updown-15m-1791245700,15,5309365,46767473217791332582016801333580648157303838044727581553977059771377369682611,2026-10-06T00:15:00+00:00,2026-10-06T00:30:00+00:00,13.42,0.62,0.63,0.625,0.01,377.71,325.0,98
2026-10-06T00:16:35.404099+00:00,btc-updown-15m-1791246600,15,5309424,27157101151132433527526585454222391667581654519519356671763939842780489588865,2026-10-06T00:30:00+00:00,2026-10-06T00:45:00+00:00,28.42,0.5,0.51,0.505,0.01,25.0,598.41,99
2026-10-06T00:17:36.559603+00:00,btc-updown-5m-1791245700,5,5309358,32091815346698287904105528208610055134171472414069252660923327945207676394626,2026-10-06T00:15:00+00:00,2026-10-06T00:20:00+00:00,2.4,0.87,0.88,0.875,0.01,5.0,13.0,99
2026-10-06T00:17:36.559603+00:00,btc-updown-5m-1791246000,5,5309378,106174891404852867316270534941565549999738150165193412614816357399000927752834,2026-10-06T00:20:00+00:00,2026-10-06T00:25:00+00:00,7.4,0.5,0.51,0.505,0.01,78.89,767.63,99
2026-10-06T00:17:36.559603+00:00,btc-updown-15m-1791245700,15,5309365,46767473217791332582016801333580648157303838044727581553977059771377369682611,2026-10-06T00:15:00+00:00,2026-10-06T00:30:00+00:00,12.4,0.63,0.64,0.635,0.01,424.6,185.62,98
2026-10-06T00:17:36.559603+00:00,btc-updown-15m-1791246600,15,5309424,27157101151132433527526585454222391667581654519519356671763939842780489588865,2026-10-06T00:30:00+00:00,2026-10-06T00:45:00+00:00,27.4,0.5,0.51,0.505,0.01,25.0,648.41,99
2026-10-06T00:18:38.005408+00:00,btc-updown-5m-1791245700,5,5309358,32091815346698287904105528208610055134171472414069252660923327945207676394626,2026-10-06T00:15:00+00:00,2026-10-06T00:20:00+00:00,1.37,0.95,0.96,0.955,0.01,10.0,1446.87,99
2026-10-06T00:18:38.005408+00:00,btc-updown-5m-1791246000,5,5309378,106174891404852867316270534941565549999738150165193412614816357399000927752834,2026-10-06T00:20:00+00:00,2026-10-06T00:25:00+00:00,6.37,0.5,0.51,0.505,0.01,91.89,777.63,99
2026-10-06T00:18:38.005408+00:00,btc-updown-15m-1791245700,15,5309365,46767473217791332582016801333580648157303838044727581553977059771377369682611,2026-10-06T00:15:00+00:00,2026-10-06T00:30:00+00:00,11.37,0.64,0.65,0.645,0.01,124.0,865.58,98
2026-10-06T00:18:38.005408+00:00,btc-updown-15m-1791246600,15,5309424,27157101151132433527526585454222391667581654519519356671763939842780489588865,2026-10-06T00:30:00+00:00,2026-10-06T00:45:00+00:00,26.37,0.5,0.51,0.505,0.01,25.0,648.41,99
2026-10-06T00:19:39.307182+00:00,btc-updown-5m-1791246000,5,5309378,106174891404852867316270534941565549999738150165193412614816357399000927752834,2026-10-06T00:20:00+00:00,2026-10-06T00:25:00+00:00,5.35,0.48,0.49,0.485,0.01,50.0,121.0,99
2026-10-06T00:19:39.307182+00:00,btc-updown-15m-1791245700,15,5309365,46767473217791332582016801333580648157303838044727581553977059771377369682611,2026-10-06T00:15:00+00:00,2026-10-06T00:30:00+00:00,10.35,0.56,0.57,0.565,0.01,232.72,356.81,98
2026-10-06T00:19:39.307182+00:00,btc-updown-15m-1791246600,15,5309424,27157101151132433527526585454222391667581654519519356671763939842780489588865,2026-10-06T00:30:00+00:00,2026-10-06T00:45:00+00:00,25.35,0.5,0.51,0.505,0.01,25.0,438.41,99
2026-10-06T00:20:40.360934+00:00,btc-updown-5m-1791246000,5,5309378,106174891404852867316270534941565549999738150165193412614816357399000927752834,2026-10-06T00:20:00+00:00,2026-10-06T00:25:00+00:00,4.33,0.47,0.48,0.475,0.01,509.0,154.95,99
2026-10-06T00:20:40.360934+00:00,btc-updown-5m-1791246300,5,5309418,64333748218467434088450317228143660572267992518969635020246566013568499698520,2026-10-06T00:25:00+00:00,2026-10-06T00:30:00+00:00,9.33,0.5,0.51,0.505,0.01,13.58,507.63,99
2026-10-06T00:20:40.360934+00:00,btc-updown-15m-1791245700,15,5309365,46767473217791332582016801333580648157303838044727581553977059771377369682611,2026-10-06T00:15:00+00:00,2026-10-06T00:30:00+00:00,9.33,0.59,0.6,0.595,0.01,18.0,376.92,99
2026-10-06T00:20:40.360934+00:00,btc-updown-15m-1791246600,15,5309424,27157101151132433527526585454222391667581654519519356671763939842780489588865,2026-10-06T00:30:00+00:00,2026-10-06T00:45:00+00:00,24.33,0.5,0.51,0.505,0.01,30.0,443.41,99
2026-10-06T00:21:41.518683+00:00,btc-updown-5m-1791246000,5,5309378,106174891404852867316270534941565549999738150165193412614816357399000927752834,2026-10-06T00:20:00+00:00,2026-10-06T00:25:00+00:00,3.32,0.81,0.82,0.815,0.01,243.0,520.77,99
2026-10-06T00:21:41.518683+00:00,btc-updown-5m-1791246300,5,5309418,64333748218467434088450317228143660572267992518969635020246566013568499698520,2026-10-06T00:25:00+00:00,2026-10-06T00:30:00+00:00,8.32,0.5,0.51,0.505,0.01,13.58,512.63,99
2026-10-06T00:21:41.518683+00:00,btc-updown-15m-1791245700,15,5309365,46767473217791332582016801333580648157303838044727581553977059771377369682611,2026-10-06T00:15:00+00:00,2026-10-06T00:30:00+00:00,8.32,0.74,0.75,0.745,0.01,23.0,140.0,97
2026-10-06T00:21:41.518683+00:00,btc-updown-15m-1791246600,15,5309424,27157101151132433527526585454222391667581654519519356671763939842780489588865,2026-10-06T00:30:00+00:00,2026-10-06T00:45:00+00:00,23.32,0.5,0.51,0.505,0.01,30.0,653.41,99
2026-10-06T00:22:42.717674+00:00,btc-updown-5m-1791246000,5,5309378,106174891404852867316270534941565549999738150165193412614816357399000927752834,2026-10-06T00:20:00+00:00,2026-10-06T00:25:00+00:00,2.3,0.97,0.98,0.975,0.01,426.93,1892.99,99
2026-10-06T00:22:42.717674+00:00,btc-updown-5m-1791246300,5,5309418,64333748218467434088450317228143660572267992518969635020246566013568499698520,2026-10-06T00:25:00+00:00,2026-10-06T00:30:00+00:00,7.3,0.49,0.5,0.495,0.01,346.45,35.12,99
2026-10-06T00:22:42.717674+00:00,btc-updown-15m-1791245700,15,5309365,46767473217791332582016801333580648157303838044727581553977059771377369682611,2026-10-06T00:15:00+00:00,2026-10-06T00:30:00+00:00,7.3,0.85,0.86,0.855,0.01,519.97,77.59,93
2026-10-06T00:22:42.717674+00:00,btc-updown-15m-1791246600,15,5309424,27157101151132433527526585454222391667581654519519356671763939842780489588865,2026-10-06T00:30:00+00:00,2026-10-06T00:45:00+00:00,22.3,0.5,0.51,0.505,0.01,30.0,703.41,99
2026-10-06T00:23:43.854758+00:00,btc-updown-5m-1791246300,5,5309418,64333748218467434088450317228143660572267992518969635020246566013568499698520,2026-10-06T00:25:00+00:00,2026-10-06T00:30:00+00:00,6.28,0.48,0.49,0.485,0.01,341.16,52.43,99
2026-10-06T00:23:43.854758+00:00,btc-updown-15m-1791245700,15,5309365,46767473217791332582016801333580648157303838044727581553977059771377369682611,2026-10-06T00:15:00+00:00,2026-10-06T00:30:00+00:00,6.28,0.92,0.93,0.925,0.01,1396.83,200.0,93
2026-10-06T00:23:43.854758+00:00,btc-updown-15m-1791246600,15,5309424,27157101151132433527526585454222391667581654519519356671763939842780489588865,2026-10-06T00:30:00+00:00,2026-10-06T00:45:00+00:00,21.28,0.5,0.51,0.505,0.01,30.0,653.41,99
2026-10-06T00:24:44.953686+00:00,btc-updown-5m-1791246300,5,5309418,64333748218467434088450317228143660572267992518969635020246566013568499698520,2026-10-06T00:25:00+00:00,2026-10-06T00:30:00+00:00,5.27,0.5,0.51,0.505,0.01,195.0,434.63,99
2026-10-06T00:24:44.953686+00:00,btc-updown-15m-1791245700,15,5309365,46767473217791332582016801333580648157303838044727581553977059771377369682611,2026-10-06T00:15:00+00:00,2026-10-06T00:30:00+00:00,5.27,0.92,0.93,0.925,0.01,3425.76,432.26,92
2026-10-06T00:24:44.953686+00:00,btc-updown-15m-1791246600,15,5309424,27157101151132433527526585454222391667581654519519356671763939842780489588865,2026-10-06T00:30:00+00:00,2026-10-06T00:45:00+00:00,20.27,0.5,0.51,0.505,0.01,25.0,890.43,99
2026-10-06T00:25:46.032918+00:00,btc-updown-5m-1791246300,5,5309418,64333748218467434088450317228143660572267992518969635020246566013568499698520,2026-10-06T00:25:00+00:00,2026-10-06T00:30:00+00:00,4.23,0.06,0.07,0.065,0.01,587.11,338.41,99
2026-10-06T00:25:46.032918+00:00,btc-updown-5m-1791246600,5,5309421,3571400007541779565897960970871701325379992114998008877469535321507737908369,2026-10-06T00:30:00+00:00,2026-10-06T00:35:00+00:00,9.23,0.49,0.5,0.495,0.01,278.0,88.0,99
2026-10-06T00:25:46.032918+00:00,btc-updown-15m-1791245700,15,5309365,46767473217791332582016801333580648157303838044727581553977059771377369682611,2026-10-06T00:15:00+00:00,2026-10-06T00:30:00+00:00,4.23,0.76,0.77,0.765,0.01,25.0,494.29,94
2026-10-06T00:25:46.032918+00:00,btc-updown-15m-1791246600,15,5309424,27157101151132433527526585454222391667581654519519356671763939842780489588865,2026-10-06T00:30:00+00:00,2026-10-06T00:45:00+00:00,19.23,0.5,0.51,0.505,0.01,20.36,509.43,99
2026-10-06T00:26:47.204548+00:00,btc-updown-5m-1791246300,5,5309418,64333748218467434088450317228143660572267992518969635020246566013568499698520,2026-10-06T00:25:00+00:00,2026-10-06T00:30:00+00:00,3.22,0.02,0.03,0.025,0.01,2633.65,290.21,99
2026-10-06T00:26:47.204548+00:00,btc-updown-5m-1791246600,5,5309421,3571400007541779565897960970871701325379992114998008877469535321507737908369,2026-10-06T00:30:00+00:00,2026-10-06T00:35:00+00:00,8.22,0.49,0.5,0.495,0.01,288.0,68.0,99
2026-10-06T00:26:47.204548+00:00,btc-updown-15m-1791245700,15,5309365,46767473217791332582016801333580648157303838044727581553977059771377369682611,2026-10-06T00:15:00+00:00,2026-10-06T00:30:00+00:00,3.22,0.47,0.48,0.475,0.01,56.83,32.58,96
2026-10-06T00:26:47.204548+00:00,btc-updown-15m-1791246600,15,5309424,27157101151132433527526585454222391667581654519519356671763939842780489588865,2026-10-06T00:30:00+00:00,2026-10-06T00:45:00+00:00,18.22,0.5,0.51,0.505,0.01,45.36,195.23,99
2026-10-06T00:27:48.482211+00:00,btc-updown-5m-1791246300,5,5309418,64333748218467434088450317228143660572267992518969635020246566013568499698520,2026-10-06T00:25:00+00:00,2026-10-06T00:30:00+00:00,2.2,0.02,0.03,0.025,0.01,1444.21,346.31,99
2026-10-06T00:27:48.482211+00:00,btc-updown-5m-1791246600,5,5309421,3571400007541779565897960970871701325379992114998008877469535321507737908369,2026-10-06T00:30:00+00:00,2026-10-06T00:35:00+00:00,7.2,0.5,0.51,0.505,0.01,208.6,531.42,99
2026-10-06T00:27:48.482211+00:00,btc-updown-15m-1791245700,15,5309365,46767473217791332582016801333580648157303838044727581553977059771377369682611,2026-10-06T00:15:00+00:00,2026-10-06T00:30:00+00:00,2.2,0.71,0.73,0.72,0.02,24.0,3.2,94
2026-10-06T00:27:48.482211+00:00,btc-updown-15m-1791246600,15,5309424,27157101151132433527526585454222391667581654519519356671763939842780489588865,2026-10-06T00:30:00+00:00,2026-10-06T00:45:00+00:00,17.2,0.5,0.51,0.505,0.01,45.36,144.21,99
2026-10-06T00:28:49.703094+00:00,btc-updown-5m-1791246600,5,5309421,3571400007541779565897960970871701325379992114998008877469535321507737908369,2026-10-06T00:30:00+00:00,2026-10-06T00:35:00+00:00,6.18,0.5,0.51,0.505,0.01,228.6,476.81,99
2026-10-06T00:28:49.703094+00:00,btc-updown-15m-1791245700,15,5309365,46767473217791332582016801333580648157303838044727581553977059771377369682611,2026-10-06T00:15:00+00:00,2026-10-06T00:30:00+00:00,1.18,0.13,0.14,0.135,0.01,54.94,78.0,87
2026-10-06T00:28:49.703094+00:00,btc-updown-15m-1791246600,15,5309424,27157101151132433527526585454222391667581654519519356671763939842780489588865,2026-10-06T00:30:00+00:00,2026-10-06T00:45:00+00:00,16.18,0.5,0.51,0.505,0.01,45.36,155.23,99
2026-10-06T00:29:50.818987+00:00,btc-updown-5m-1791246600,5,5309421,3571400007541779565897960970871701325379992114998008877469535321507737908369,2026-10-06T00:30:00+00:00,2026-10-06T00:35:00+00:00,5.17,0.54,0.55,0.545,0.01,10.88,240.0,99
2026-10-06T00:29:50.818987+00:00,btc-updown-15m-1791246600,15,5309424,27157101151132433527526585454222391667581654519519356671763939842780489588865,2026-10-06T00:30:00+00:00,2026-10-06T00:45:00+00:00,15.17,0.51,0.53,0.52,0.02,10.0,60.0,84
2026-10-06T00:30:51.842527+00:00,btc-updown-5m-1791246600,5,5309421,3571400007541779565897960970871701325379992114998008877469535321507737908369,2026-10-06T00:30:00+00:00,2026-10-06T00:35:00+00:00,4.15,0.71,0.72,0.715,0.01,1496.89,41.86,99
2026-10-06T00:30:51.842527+00:00,btc-updown-5m-1791246900,5,5309479,100269781464351132396045136787282578915493808383450697656999864631597701456858,2026-10-06T00:35:00+00:00,2026-10-06T00:40:00+00:00,9.15,0.5,0.51,0.505,0.01,92.09,514.18,99
2026-10-06T00:30:51.842527+00:00,btc-updown-15m-1791246600,15,5309424,27157101151132433527526585454222391667581654519519356671763939842780489588865,2026-10-06T00:30:00+00:00,2026-10-06T00:45:00+00:00,14.15,0.63,0.64,0.635,0.01,168.42,3654.36,99
2026-10-06T00:30:51.842527+00:00,btc-updown-15m-1791247500,15,5309794,22094819299632195222513193898601731219143226991887867020289082539178154756872,2026-10-06T00:45:00+00:00,2026-10-06T01:00:00+00:00,29.15,0.5,0.51,0.505,0.01,125.0,468.0,99
2026-10-06T00:31:53.084001+00:00,btc-updown-5m-1791246600,5,5309421,3571400007541779565897960970871701325379992114998008877469535321507737908369,2026-10-06T00:30:00+00:00,2026-10-06T00:35:00+00:00,3.12,0.88,0.89,0.885,0.01,155.0,1375.46,99
2026-10-06T00:31:53.084001+00:00,btc-updown-5m-1791246900,5,5309479,100269781464351132396045136787282578915493808383450697656999864631597701456858,2026-10-06T00:35:00+00:00,2026-10-06T00:40:00+00:00,8.12,0.5,0.51,0.505,0.01,87.09,514.18,99
2026-10-06T00:31:53.084001+00:00,btc-updown-15m-1791246600,15,5309424,27157101151132433527526585454222391667581654519519356671763939842780489588865,2026-10-06T00:30:00+00:00,2026-10-06T00:45:00+00:00,13.12,0.68,0.69,0.685,0.01,596.3,206.0,99
2026-10-06T00:31:53.084001+00:00,btc-updown-15m-1791247500,15,5309794,22094819299632195222513193898601731219143226991887867020289082539178154756872,2026-10-06T00:45:00+00:00,2026-10-06T01:00:00+00:00,28.12,0.5,0.51,0.505,0.01,125.0,468.0,99
2026-10-06T00:32:54.251483+00:00,btc-updown-5m-1791246600,5,5309421,3571400007541779565897960970871701325379992114998008877469535321507737908369,2026-10-06T00:30:00+00:00,2026-10-06T00:35:00+00:00,2.1,0.96,0.97,0.965,0.01,2713.0,292.68,99
2026-10-06T00:32:54.251483+00:00,btc-updown-5m-1791246900,5,5309479,100269781464351132396045136787282578915493808383450697656999864631597701456858,2026-10-06T00:35:00+00:00,2026-10-06T00:40:00+00:00,7.1,0.49,0.5,0.495,0.01,380.81,38.11,99
2026-10-06T00:32:54.251483+00:00,btc-updown-15m-1791246600,15,5309424,27157101151132433527526585454222391667581654519519356671763939842780489588865,2026-10-06T00:30:00+00:00,2026-10-06T00:45:00+00:00,12.1,0.72,0.73,0.725,0.01,678.78,74.93,99
2026-10-06T00:32:54.251483+00:00,btc-updown-15m-1791247500,15,5309794,22094819299632195222513193898601731219143226991887867020289082539178154756872,2026-10-06T00:45:00+00:00,2026-10-06T01:00:00+00:00,27.1,0.5,0.51,0.505,0.01,125.0,488.41,99
2026-10-06T00:33:55.457127+00:00,btc-updown-5m-1791246600,5,5309421,3571400007541779565897960970871701325379992114998008877469535321507737908369,2026-10-06T00:30:00+00:00,2026-10-06T00:35:00+00:00,1.08,0.96,0.97,0.965,0.01,318.65,140.99,99
2026-10-06T00:33:55.457127+00:00,btc-updown-5m-1791246900,5,5309479,100269781464351132396045136787282578915493808383450697656999864631597701456858,2026-10-06T00:35:00+00:00,2026-10-06T00:40:00+00:00,6.08,0.49,0.5,0.495,0.01,154.0,25.0,99
2026-10-06T00:33:55.457127+00:00,btc-updown-15m-1791246600,15,5309424,27157101151132433527526585454222391667581654519519356671763939842780489588865,2026-10-06T00:30:00+00:00,2026-10-06T00:45:00+00:00,11.08,0.63,0.64,0.635,0.01,319.03,935.47,99
2026-10-06T00:33:55.457127+00:00,btc-updown-15m-1791247500,15,5309794,22094819299632195222513193898601731219143226991887867020289082539178154756872,2026-10-06T00:45:00+00:00,2026-10-06T01:00:00+00:00,26.08,0.5,0.51,0.505,0.01,125.0,488.41,99
2026-10-06T00:34:56.720690+00:00,btc-updown-5m-1791246900,5,5309479,100269781464351132396045136787282578915493808383450697656999864631597701456858,2026-10-06T00:35:00+00:00,2026-10-06T00:40:00+00:00,5.07,0.51,0.52,0.515,0.01,76.87,444.51,99
2026-10-06T00:34:56.720690+00:00,btc-updown-15m-1791246600,15,5309424,27157101151132433527526585454222391667581654519519356671763939842780489588865,2026-10-06T00:30:00+00:00,2026-10-06T00:45:00+00:00,10.07,0.54,0.55,0.545,0.01,111.03,585.65,99
2026-10-06T00:34:56.720690+00:00,btc-updown-15m-1791247500,15,5309794,22094819299632195222513193898601731219143226991887867020289082539178154756872,2026-10-06T00:45:00+00:00,2026-10-06T01:00:00+00:00,25.07,0.5,0.51,0.505,0.01,165.0,318.41,99
2026-10-06T00:35:57.781783+00:00,btc-updown-5m-1791246900,5,5309479,100269781464351132396045136787282578915493808383450697656999864631597701456858,2026-10-06T00:35:00+00:00,2026-10-06T00:40:00+00:00,4.05,0.51,0.52,0.515,0.01,50.0,313.64,99
2026-10-06T00:35:57.781783+00:00,btc-updown-5m-1791247200,5,5309774,20426209014273669714893244106630484617381658508321448856273594933848838330895,2026-10-06T00:40:00+00:00,2026-10-06T00:45:00+00:00,9.05,0.5,0.51,0.505,0.01,103.75,510.89,99
2026-10-06T00:35:57.781783+00:00,btc-updown-15m-1791246600,15,5309424,27157101151132433527526585454222391667581654519519356671763939842780489588865,2026-10-06T00:30:00+00:00,2026-10-06T00:45:00+00:00,9.05,0.58,0.59,0.585,0.01,794.95,190.0,99
2026-10-06T00:35:57.781783+00:00,btc-updown-15m-1791247500,15,5309794,22094819299632195222513193898601731219143226991887867020289082539178154756872,2026-10-06T00:45:00+00:00,2026-10-06T01:00:00+00:00,24.05,0.5,0.51,0.505,0.01,170.0,293.0,99
2026-10-06T00:36:58.958298+00:00,btc-updown-5m-1791246900,5,5309479,100269781464351132396045136787282578915493808383450697656999864631597701456858,2026-10-06T00:35:00+00:00,2026-10-06T00:40:00+00:00,3.03,0.16,0.17,0.165,0.01,737.98,279.93,99
2026-10-06T00:36:58.958298+00:00,btc-updown-5m-1791247200,5,5309774,20426209014273669714893244106630484617381658508321448856273594933848838330895,2026-10-06T00:40:00+00:00,2026-10-06T00:45:00+00:00,8.03,0.5,0.51,0.505,0.01,233.75,530.89,99
2026-10-06T00:36:58.958298+00:00,btc-updown-15m-1791246600,15,5309424,27157101151132433527526585454222391667581654519519356671763939842780489588865,2026-10-06T00:30:00+00:00,2026-10-06T00:45:00+00:00,8.03,0.35,0.36,0.355,0.01,165.0,2036.61,99
2026-10-06T00:36:58.958298+00:00,btc-updown-15m-1791247500,15,5309794,22094819299632195222513193898601731219143226991887867020289082539178154756872,2026-10-06T00:45:00+00:00,2026-10-06T01:00:00+00:00,23.03,0.5,0.51,0.505,0.01,250.0,293.0,99
2026-10-06T00:38:00.152755+00:00,btc-updown-5m-1791246900,5,5309479,100269781464351132396045136787282578915493808383450697656999864631597701456858,2026-10-06T00:35:00+00:00,2026-10-06T00:40:00+00:00,2.0,0.04,0.05,0.045,0.01,319.65,667.77,99
2026-10-06T00:38:00.152755+00:00,btc-updown-5m-1791247200,5,5309774,20426209014273669714893244106630484617381658508321448856273594933848838330895,2026-10-06T00:40:00+00:00,2026-10-06T00:45:00+00:00,7.0,0.5,0.51,0.505,0.01,25.0,499.92,99
2026-10-06T00:38:00.152755+00:00,btc-updown-15m-1791246600,15,5309424,27157101151132433527526585454222391667581654519519356671763939842780489588865,2026-10-06T00:30:00+00:00,2026-10-06T00:45:00+00:00,7.0,0.32,0.33,0.325,0.01,357.35,1891.06,99
2026-10-06T00:38:00.152755+00:00,btc-updown-15m-1791247500,15,5309794,22094819299632195222513193898601731219143226991887867020289082539178154756872,2026-10-06T00:45:00+00:00,2026-10-06T01:00:00+00:00,22.0,0.5,0.51,0.505,0.01,273.0,293.0,99
2026-10-06T00:39:01.300632+00:00,btc-updown-5m-1791246900,5,5309479,100269781464351132396045136787282578915493808383450697656999864631597701456858,2026-10-06T00:35:00+00:00,2026-10-06T00:40:00+00:00,0.98,0.02,0.03,0.025,0.01,890.26,1548.14,99
2026-10-06T00:39:01.300632+00:00,btc-updown-5m-1791247200,5,5309774,20426209014273669714893244106630484617381658508321448856273594933848838330895,2026-10-06T00:40:00+00:00,2026-10-06T00:45:00+00:00,5.98,0.5,0.51,0.505,0.01,89.0,222.95,99
2026-10-06T00:39:01.300632+00:00,btc-updown-15m-1791246600,15,5309424,27157101151132433527526585454222391667581654519519356671763939842780489588865,2026-10-06T00:30:00+00:00,2026-10-06T00:45:00+00:00,5.98,0.36,0.37,0.365,0.01,1054.37,59.15,99
2026-10-06T00:39:01.300632+00:00,btc-updown-15m-1791247500,15,5309794,22094819299632195222513193898601731219143226991887867020289082539178154756872,2026-10-06T00:45:00+00:00,2026-10-06T01:00:00+00:00,20.98,0.5,0.51,0.505,0.01,213.0,293.0,99
2026-10-06T00:40:02.505850+00:00,btc-updown-5m-1791247200,5,5309774,20426209014273669714893244106630484617381658508321448856273594933848838330895,2026-10-06T00:40:00+00:00,2026-10-06T00:45:00+00:00,4.97,0.42,0.43,0.425,0.01,1065.62,10.0,99
2026-10-06T00:40:02.505850+00:00,btc-updown-5m-1791247500,5,5309808,24327134296856475268892099282705389044578914219773263006554583871815128106700,2026-10-06T00:45:00+00:00,2026-10-06T00:50:00+00:00,9.97,0.5,0.51,0.505,0.01,100.31,403.57,99
2026-10-06T00:40:02.505850+00:00,btc-updown-15m-1791246600,15,5309424,27157101151132433527526585454222391667581654519519356671763939842780489588865,2026-10-06T00:30:00+00:00,2026-10-06T00:45:00+00:00,4.97,0.28,0.29,0.285,0.01,418.26,301.31,99
2026-10-06T00:40:02.505850+00:00,btc-updown-15m-1791247500,15,5309794,22094819299632195222513193898601731219143226991887867020289082539178154756872,2026-10-06T00:45:00+00:00,2026-10-06T01:00:00+00:00,19.97,0.5,0.51,0.505,0.01,248.0,293.0,99
2026-10-06T00:41:03.699685+00:00,btc-updown-5m-1791247200,5,5309774,20426209014273669714893244106630484617381658508321448856273594933848838330895,2026-10-06T00:40:00+00:00,2026-10-06T00:45:00+00:00,3.95,0.56,0.57,0.565,0.01,1351.48,152.7,99
2026-10-06T00:41:03.699685+00:00,btc-updown-5m-1791247500,5,5309808,24327134296856475268892099282705389044578914219773263006554583871815128106700,2026-10-06T00:45:00+00:00,2026-10-06T00:50:00+00:00,8.95,0.5,0.51,0.505,0.01,133.31,633.57,99
2026-10-06T00:41:03.699685+00:00,btc-updown-15m-1791246600,15,5309424,27157101151132433527526585454222391667581654519519356671763939842780489588865,2026-10-06T00:30:00+00:00,2026-10-06T00:45:00+00:00,3.95,0.39,0.4,0.395,0.01,67.55,96.0,99
2026-10-06T00:41:03.699685+00:00,btc-updown-15m-1791247500,15,5309794,22094819299632195222513193898601731219143226991887867020289082539178154756872,2026-10-06T00:45:00+00:00,2026-10-06T01:00:00+00:00,18.95,0.5,0.51,0.505,0.01,268.0,293.0,99
2026-10-06T00:42:04.861599+00:00,btc-updown-5m-1791247200,5,5309774,20426209014273669714893244106630484617381658508321448856273594933848838330895,2026-10-06T00:40:00+00:00,2026-10-06T00:45:00+00:00,2.93,0.21,0.22,0.215,0.01,303.74,37.47,99
2026-10-06T00:42:04.861599+00:00,btc-updown-5m-1791247500,5,5309808,24327134296856475268892099282705389044578914219773263006554583871815128106700,2026-10-06T00:45:00+00:00,2026-10-06T00:50:00+00:00,7.93,0.5,0.51,0.505,0.01,134.01,653.57,99
2026-10-06T00:42:04.861599+00:00,btc-updown-15m-1791246600,15,5309424,27157101151132433527526585454222391667581654519519356671763939842780489588865,2026-10-06T00:30:00+00:00,2026-10-06T00:45:00+00:00,2.93,0.12,0.14,0.13,0.02,88.34,177.28,98
2026-10-06T00:42:04.861599+00:00,btc-updown-15m-1791247500,15,5309794,22094819299632195222513193898601731219143226991887867020289082539178154756872,2026-10-06T00:45:00+00:00,2026-10-06T01:00:00+00:00,17.93,0.5,0.51,0.505,0.01,273.0,293.0,99
2026-10-06T00:43:06.014374+00:00,btc-updown-5m-1791247200,5,5309774,20426209014273669714893244106630484617381658508321448856273594933848838330895,2026-10-06T00:40:00+00:00,2026-10-06T00:45:00+00:00,1.9,0.4,0.41,0.405,0.01,192.98,75.0,99
2026-10-06T00:43:06.014374+00:00,btc-updown-5m-1791247500,5,5309808,24327134296856475268892099282705389044578914219773263006554583871815128106700,2026-10-06T00:45:00+00:00,2026-10-06T00:50:00+00:00,6.9,0.5,0.51,0.505,0.01,132.05,591.6,99
2026-10-06T00:43:06.014374+00:00,btc-updown-15m-1791246600,15,5309424,27157101151132433527526585454222391667581654519519356671763939842780489588865,2026-10-06T00:30:00+00:00,2026-10-06T00:45:00+00:00,1.9,0.1,0.11,0.105,0.01,167.92,215.0,99
2026-10-06T00:43:06.014374+00:00,btc-updown-15m-1791247500,15,5309794,22094819299632195222513193898601731219143226991887867020289082539178154756872,2026-10-06T00:45:00+00:00,2026-10-06T01:00:00+00:00,16.9,0.5,0.51,0.505,0.01,253.0,293.0,99
2026-10-06T00:44:07.201978+00:00,btc-updown-5m-1791247200,5,5309774,20426209014273669714893244106630484617381658508321448856273594933848838330895,2026-10-06T00:40:00+00:00,2026-10-06T00:45:00+00:00,0.88,0.25,0.27,0.26,0.02,26.96,312.16,92
2026-10-06T00:44:07.201978+00:00,btc-updown-5m-1791247500,5,5309808,24327134296856475268892099282705389044578914219773263006554583871815128106700,2026-10-06T00:45:00+00:00,2026-10-06T00:50:00+00:00,5.88,0.5,0.51,0.505,0.01,236.05,323.39,99
2026-10-06T00:44:07.201978+00:00,btc-updown-15m-1791246600,15,5309424,27157101151132433527526585454222391667581654519519356671763939842780489588865,2026-10-06T00:30:00+00:00,2026-10-06T00:45:00+00:00,0.88,0.02,0.03,0.025,0.01,100.0,713.74,72
2026-10-06T00:44:07.201978+00:00,btc-updown-15m-1791247500,15,5309794,22094819299632195222513193898601731219143226991887867020289082539178154756872,2026-10-06T00:45:00+00:00,2026-10-06T01:00:00+00:00,15.88,0.5,0.52,0.51,0.02,165.0,20.0,90
2026-10-06T00:45:08.440211+00:00,btc-updown-5m-1791247500,5,5309808,24327134296856475268892099282705389044578914219773263006554583871815128106700,2026-10-06T00:45:00+00:00,2026-10-06T00:50:00+00:00,4.87,0.44,0.45,0.445,0.01,109.96,411.1,99
2026-10-06T00:45:08.440211+00:00,btc-updown-5m-1791247800,5,5309821,39425239932883991879458745036034162656976985239653814001879613116295633932076,2026-10-06T00:50:00+00:00,2026-10-06T00:55:00+00:00,9.87,0.5,0.51,0.505,0.01,123.0,618.24,99
2026-10-06T00:45:08.440211+00:00,btc-updown-15m-1791247500,15,5309794,22094819299632195222513193898601731219143226991887867020289082539178154756872,2026-10-06T00:45:00+00:00,2026-10-06T01:00:00+00:00,14.87,0.48,0.49,0.485,0.01,105.0,440.28,97
2026-10-06T00:45:08.440211+00:00,btc-updown-15m-1791248400,15,5309885,1062146022591078079927874958430516230230257548607702005113548927207161795215,2026-10-06T01:00:00+00:00,2026-10-06T01:15:00+00:00,29.87,0.5,0.51,0.505,0.01,265.0,298.0,99
2026-10-06T00:46:09.659861+00:00,btc-updown-5m-1791247500,5,5309808,24327134296856475268892099282705389044578914219773263006554583871815128106700,2026-10-06T00:45:00+00:00,2026-10-06T00:50:00+00:00,3.85,0.28,0.29,0.285,0.01,565.81,313.78,99
2026-10-06T00:46:09.659861+00:00,btc-updown-5m-1791247800,5,5309821,39425239932883991879458745036034162656976985239653814001879613116295633932076,2026-10-06T00:50:00+00:00,2026-10-06T00:55:00+00:00,8.85,0.5,0.51,0.505,0.01,133.0,643.24,99
2026-10-06T00:46:09.659861+00:00,btc-updown-15m-1791247500,15,5309794,22094819299632195222513193898601731219143226991887867020289082539178154756872,2026-10-06T00:45:00+00:00,2026-10-06T01:00:00+00:00,13.85,0.4,0.41,0.405,0.01,355.0,710.24,96
2026-10-06T00:46:09.659861+00:00,btc-updown-15m-1791248400,15,5309885,1062146022591078079927874958430516230230257548607702005113548927207161795215,2026-10-06T01:00:00+00:00,2026-10-06T01:15:00+00:00,28.85,0.5,0.51,0.505,0.01,290.0,298.0,99
2026-10-06T00:47:10.805525+00:00,btc-updown-5m-1791247500,5,5309808,24327134296856475268892099282705389044578914219773263006554583871815128106700,2026-10-06T00:45:00+00:00,2026-10-06T00:50:00+00:00,2.83,0.84,0.85,0.845,0.01,85.0,625.1,99
2026-10-06T00:47:10.805525+00:00,btc-updown-5m-1791247800,5,5309821,39425239932883991879458745036034162656976985239653814001879613116295633932076,2026-10-06T00:50:00+00:00,2026-10-06T00:55:00+00:00,7.83,0.5,0.51,0.505,0.01,125.0,623.43,99
2026-10-06T00:47:10.805525+00:00,btc-updown-15m-1791247500,15,5309794,22094819299632195222513193898601731219143226991887867020289082539178154756872,2026-10-06T00:45:00+00:00,2026-10-06T01:00:00+00:00,12.83,0.65,0.66,0.655,0.01,345.0,344.0,95
2026-10-06T00:47:10.805525+00:00,btc-updown-15m-1791248400,15,5309885,1062146022591078079927874958430516230230257548607702005113548927207161795215,2026-10-06T01:00:00+00:00,2026-10-06T01:15:00+00:00,27.83,0.5,0.51,0.505,0.01,185.0,298.0,99
2026-10-06T00:48:11.997093+00:00,btc-updown-5m-1791247500,5,5309808,24327134296856475268892099282705389044578914219773263006554583871815128106700,2026-10-06T00:45:00+00:00,2026-10-06T00:50:00+00:00,1.82,0.75,0.76,0.755,0.01,539.84,196.4,99
2026-10-06T00:48:11.997093+00:00,btc-updown-5m-1791247800,5,5309821,39425239932883991879458745036034162656976985239653814001879613116295633932076,2026-10-06T00:50:00+00:00,2026-10-06T00:55:00+00:00,6.82,0.5,0.51,0.505,0.01,51.0,626.46,99
2026-10-06T00:48:11.997093+00:00,btc-updown-15m-1791247500,15,5309794,22094819299632195222513193898601731219143226991887867020289082539178154756872,2026-10-06T00:45:00+00:00,2026-10-06T01:00:00+00:00,11.82,0.56,0.57,0.565,0.01,456.99,166.0,97
2026-10-06T00:48:11.997093+00:00,btc-updown-15m-1791248400,15,5309885,1062146022591078079927874958430516230230257548607702005113548927207161795215,2026-10-06T01:00:00+00:00,2026-10-06T01:15:00+00:00,26.82,0.5,0.51,0.505,0.01,185.0,298.0,99
2026-10-06T00:49:13.137077+00:00,btc-updown-5m-1791247500,5,5309808,24327134296856475268892099282705389044578914219773263006554583871815128106700,2026-10-06T00:45:00+00:00,2026-10-06T00:50:00+00:00,0.78,0.95,0.96,0.955,0.01,128.0,224.94,84
2026-10-06T00:49:13.137077+00:00,btc-updown-5m-1791247800,5,5309821,39425239932883991879458745036034162656976985239653814001879613116295633932076,2026-10-06T00:50:00+00:00,2026-10-06T00:55:00+00:00,5.78,0.5,0.51,0.505,0.01,69.0,641.64,99
2026-10-06T00:49:13.137077+00:00,btc-updown-15m-1791247500,15,5309794,22094819299632195222513193898601731219143226991887867020289082539178154756872,2026-10-06T00:45:00+00:00,2026-10-06T01:00:00+00:00,10.78,0.55,0.56,0.555,0.01,392.91,56.42,96
2026-10-06T00:49:13.137077+00:00,btc-updown-15m-1791248400,15,5309885,1062146022591078079927874958430516230230257548607702005113548927207161795215,2026-10-06T01:00:00+00:00,2026-10-06T01:15:00+00:00,25.78,0.5,0.51,0.505,0.01,185.0,298.0,99
2026-10-06T00:50:14.321339+00:00,btc-updown-5m-1791247800,5,5309821,39425239932883991879458745036034162656976985239653814001879613116295633932076,2026-10-06T00:50:00+00:00,2026-10-06T00:55:00+00:00,4.77,0.72,0.73,0.725,0.01,180.0,20.0,99
2026-10-06T00:50:14.321339+00:00,btc-updown-5m-1791248100,5,5309864,3159208678680552907028596970994473195488005439765381644932944614623982080226,2026-10-06T00:55:00+00:00,2026-10-06T01:00:00+00:00,9.77,0.5,0.51,0.505,0.01,44.23,767.25,99
2026-10-06T00:50:14.321339+00:00,btc-updown-15m-1791247500,15,5309794,22094819299632195222513193898601731219143226991887867020289082539178154756872,2026-10-06T00:45:00+00:00,2026-10-06T01:00:00+00:00,9.77,0.72,0.73,0.725,0.01,470.33,40.0,97
2026-10-06T00:50:14.321339+00:00,btc-updown-15m-1791248400,15,5309885,1062146022591078079927874958430516230230257548607702005113548927207161795215,2026-10-06T01:00:00+00:00,2026-10-06T01:15:00+00:00,24.77,0.5,0.51,0.505,0.01,150.0,303.0,99
2026-10-06T00:51:15.463478+00:00,btc-updown-5m-1791247800,5,5309821,39425239932883991879458745036034162656976985239653814001879613116295633932076,2026-10-06T00:50:00+00:00,2026-10-06T00:55:00+00:00,3.75,0.73,0.74,0.735,0.01,1377.19,75.0,99
2026-10-06T00:51:15.463478+00:00,btc-updown-5m-1791248100,5,5309864,3159208678680552907028596970994473195488005439765381644932944614623982080226,2026-10-06T00:55:00+00:00,2026-10-06T01:00:00+00:00,8.75,0.5,0.51,0.505,0.01,19.23,745.28,99
2026-10-06T00:51:15.463478+00:00,btc-updown-15m-1791247500,15,5309794,22094819299632195222513193898601731219143226991887867020289082539178154756872,2026-10-06T00:45:00+00:00,2026-10-06T01:00:00+00:00,8.75,0.72,0.73,0.725,0.01,506.14,139.0,96
2026-10-06T00:51:15.463478+00:00,btc-updown-15m-1791248400,15,5309885,1062146022591078079927874958430516230230257548607702005113548927207161795215,2026-10-06T01:00:00+00:00,2026-10-06T01:15:00+00:00,23.75,0.5,0.51,0.505,0.01,130.0,423.0,99
2026-10-06T00:52:16.649920+00:00,btc-updown-5m-1791247800,5,5309821,39425239932883991879458745036034162656976985239653814001879613116295633932076,2026-10-06T00:50:00+00:00,2026-10-06T00:55:00+00:00,2.73,0.86,0.87,0.865,0.01,518.32,66.0,99
2026-10-06T00:52:16.649920+00:00,btc-updown-5m-1791248100,5,5309864,3159208678680552907028596970994473195488005439765381644932944614623982080226,2026-10-06T00:55:00+00:00,2026-10-06T01:00:00+00:00,7.73,0.5,0.51,0.505,0.01,15.15,745.28,99
2026-10-06T00:52:16.649920+00:00,btc-updown-15m-1791247500,15,5309794,22094819299632195222513193898601731219143226991887867020289082539178154756872,2026-10-06T00:45:00+00:00,2026-10-06T01:00:00+00:00,7.73,0.8,0.81,0.805,0.01,173.0,316.89,96
2026-10-06T00:52:16.649920+00:00,btc-updown-15m-1791248400,15,5309885,1062146022591078079927874958430516230230257548607702005113548927207161795215,2026-10-06T01:00:00+00:00,2026-10-06T01:15:00+00:00,22.73,0.5,0.51,0.505,0.01,130.0,363.41,99
2026-10-06T00:53:17.909667+00:00,btc-updown-5m-1791247800,5,5309821,39425239932883991879458745036034162656976985239653814001879613116295633932076,2026-10-06T00:50:00+00:00,2026-10-06T00:55:00+00:00,1.72,0.71,0.72,0.715,0.01,310.98,5.0,99
2026-10-06T00:53:17.909667+00:00,btc-updown-5m-1791248100,5,5309864,3159208678680552907028596970994473195488005439765381644932944614623982080226,2026-10-06T00:55:00+00:00,2026-10-06T01:00:00+00:00,6.72,0.5,0.51,0.505,0.01,15.15,619.28,99
2026-10-06T00:53:17.909667+00:00,btc-updown-15m-1791247500,15,5309794,22094819299632195222513193898601731219143226991887867020289082539178154756872,2026-10-06T00:45:00+00:00,2026-10-06T01:00:00+00:00,6.72,0.7,0.71,0.705,0.01,426.88,40.0,96
2026-10-06T00:53:17.909667+00:00,btc-updown-15m-1791248400,15,5309885,1062146022591078079927874958430516230230257548607702005113548927207161795215,2026-10-06T01:00:00+00:00,2026-10-06T01:15:00+00:00,21.72,0.5,0.51,0.505,0.01,150.0,293.0,99
2026-10-06T00:54:19.077364+00:00,btc-updown-5m-1791248100,5,5309864,3159208678680552907028596970994473195488005439765381644932944614623982080226,2026-10-06T00:55:00+00:00,2026-10-06T01:00:00+00:00,5.68,0.49,0.5,0.495,0.01,227.0,14.0,99
2026-10-06T00:54:19.077364+00:00,btc-updown-15m-1791247500,15,5309794,22094819299632195222513193898601731219143226991887867020289082539178154756872,2026-10-06T00:45:00+00:00,2026-10-06T01:00:00+00:00,5.68,0.81,0.82,0.815,0.01,877.1,170.55,95
2026-10-06T00:54:19.077364+00:00,btc-updown-15m-1791248400,15,5309885,1062146022591078079927874958430516230230257548607702005113548927207161795215,2026-10-06T01:00:00+00:00,2026-10-06T01:15:00+00:00,20.68,0.5,0.51,0.505,0.01,200.0,293.0,99
2026-10-06T00:55:20.161187+00:00,btc-updown-5m-1791248100,5,5309864,3159208678680552907028596970994473195488005439765381644932944614623982080226,2026-10-06T00:55:00+00:00,2026-10-06T01:00:00+00:00,4.67,0.53,0.54,0.535,0.01,361.5,452.21,99
2026-10-06T00:55:20.161187+00:00,btc-updown-5m-1791248400,5,5309877,3510400317115512715050583309506306555005799568446503467781774538374062400343,2026-10-06T01:00:00+00:00,2026-10-06T01:05:00+00:00,9.67,0.5,0.51,0.505,0.01,61.23,812.42,99
2026-10-06T00:55:20.161187+00:00,btc-updown-15m-1791247500,15,5309794,22094819299632195222513193898601731219143226991887867020289082539178154756872,2026-10-06T00:45:00+00:00,2026-10-06T01:00:00+00:00,4.67,0.82,0.83,0.825,0.01,2436.79,115.0,95
2026-10-06T00:55:20.161187+00:00,btc-updown-15m-1791248400,15,5309885,1062146022591078079927874958430516230230257548607702005113548927207161795215,2026-10-06T01:00:00+00:00,2026-10-06T01:15:00+00:00,19.67,0.5,0.51,0.505,0.01,205.0,293.0,99
2026-10-06T00:56:21.286758+00:00,btc-updown-5m-1791248100,5,5309864,3159208678680552907028596970994473195488005439765381644932944614623982080226,2026-10-06T00:55:00+00:00,2026-10-06T01:00:00+00:00,3.65,0.55,0.56,0.555,0.01,40.0,1425.47,99
2026-10-06T00:56:21.286758+00:00,btc-updown-5m-1791248400,5,5309877,3510400317115512715050583309506306555005799568446503467781774538374062400343,2026-10-06T01:00:00+00:00,2026-10-06T01:05:00+00:00,8.65,0.5,0.51,0.505,0.01,51.23,812.42,99
2026-10-06T00:56:21.286758+00:00,btc-updown-15m-1791247500,15,5309794,22094819299632195222513193898601731219143226991887867020289082539178154756872,2026-10-06T00:45:00+00:00,2026-10-06T01:00:00+00:00,3.65,0.89,0.9,0.895,0.01,567.6,80.0,93
2026-10-06T00:56:21.286758+00:00,btc-updown-15m-1791248400,15,5309885,1062146022591078079927874958430516230230257548607702005113548927207161795215,2026-10-06T01:00:00+00:00,2026-10-06T01:15:00+00:00,18.65,0.5,0.51,0.505,0.01,146.92,318.0,99
2026-10-06T00:57:22.490598+00:00,btc-updown-5m-1791248100,5,5309864,3159208678680552907028596970994473195488005439765381644932944614623982080226,2026-10-06T00:55:00+00:00,2026-10-06T01:00:00+00:00,2.63,0.87,0.88,0.875,0.01,279.65,489.97,99
2026-10-06T00:57:22.490598+00:00,btc-updown-5m-1791248400,5,5309877,3510400317115512715050583309506306555005799568446503467781774538374062400343,2026-10-06T01:00:00+00:00,2026-10-06T01:05:00+00:00,7.63,0.5,0.51,0.505,0.01,61.91,696.42,99
2026-10-06T00:57:22.490598+00:00,btc-updown-15m-1791247500,15,5309794,22094819299632195222513193898601731219143226991887867020289082539178154756872,2026-10-06T00:45:00+00:00,2026-10-06T01:00:00+00:00,2.63,0.97,0.98,0.975,0.01,557.6,273.0,84
2026-10-06T00:57:22.490598+00:00,btc-updown-15m-1791248400,15,5309885,1062146022591078079927874958430516230230257548607702005113548927207161795215,2026-10-06T01:00:00+00:00,2026-10-06T01:15:00+00:00,17.63,0.5,0.51,0.505,0.01,25.0,358.0,99
2026-10-06T00:58:23.631882+00:00,btc-updown-5m-1791248100,5,5309864,3159208678680552907028596970994473195488005439765381644932944614623982080226,2026-10-06T00:55:00+00:00,2026-10-06T01:00:00+00:00,1.62,0.82,0.83,0.825,0.01,341.98,146.79,99
2026-10-06T00:58:23.631882+00:00,btc-updown-5m-1791248400,5,5309877,3510400317115512715050583309506306555005799568446503467781774538374062400343,2026-10-06T01:00:00+00:00,2026-10-06T01:05:00+00:00,6.62,0.5,0.51,0.505,0.01,41.91,842.42,99
2026-10-06T00:58:23.631882+00:00,btc-updown-15m-1791248400,15,5309885,1062146022591078079927874958430516230230257548607702005113548927207161795215,2026-10-06T01:00:00+00:00,2026-10-06T01:15:00+00:00,16.62,0.5,0.51,0.505,0.01,25.0,318.0,99
2026-10-06T00:59:24.689294+00:00,btc-updown-5m-1791248400,5,5309877,3510400317115512715050583309506306555005799568446503467781774538374062400343,2026-10-06T01:00:00+00:00,2026-10-06T01:05:00+00:00,5.6,0.5,0.51,0.505,0.01,40.55,361.41,99
2026-10-06T00:59:24.689294+00:00,btc-updown-15m-1791248400,15,5309885,1062146022591078079927874958430516230230257548607702005113548927207161795215,2026-10-06T01:00:00+00:00,2026-10-06T01:15:00+00:00,15.6,0.49,0.5,0.495,0.01,60.41,105.0,87
2026-10-06T01:00:25.709284+00:00,btc-updown-5m-1791248400,5,5309877,3510400317115512715050583309506306555005799568446503467781774538374062400343,2026-10-06T01:00:00+00:00,2026-10-06T01:05:00+00:00,4.58,0.92,0.93,0.925,0.01,2017.23,205.0,99
2026-10-06T01:00:25.709284+00:00,btc-updown-5m-1791248700,5,5309949,74018435463134903103885981019209455196238200243948465805106410058512318886727,2026-10-06T01:05:00+00:00,2026-10-06T01:10:00+00:00,9.58,0.5,0.51,0.505,0.01,48.41,922.16,99
2026-10-06T01:00:25.709284+00:00,btc-updown-15m-1791248400,15,5309885,1062146022591078079927874958430516230230257548607702005113548927207161795215,2026-10-06T01:00:00+00:00,2026-10-06T01:15:00+00:00,14.58,0.8,0.81,0.805,0.01,683.0,1678.09,95
2026-10-06T01:00:25.709284+00:00,btc-updown-15m-1791249300,15,5310269,29914016333454053635043616351933640369577369282283463566460525106237262760521,2026-10-06T01:15:00+00:00,2026-10-06T01:30:00+00:00,29.58,0.5,0.51,0.505,0.01,25.0,598.41,99
2026-10-06T01:01:26.967404+00:00,btc-updown-5m-1791248400,5,5309877,3510400317115512715050583309506306555005799568446503467781774538374062400343,2026-10-06T01:00:00+00:00,2026-10-06T01:05:00+00:00,3.57,0.98,0.99,0.985,0.01,1654.43,3599.4,99
2026-10-06T01:01:26.967404+00:00,btc-updown-5m-1791248700,5,5309949,74018435463134903103885981019209455196238200243948465805106410058512318886727,2026-10-06T01:05:00+00:00,2026-10-06T01:10:00+00:00,8.57,0.5,0.51,0.505,0.01,43.41,1017.16,99
2026-10-06T01:01:26.967404+00:00,btc-updown-15m-1791248400,15,5309885,1062146022591078079927874958430516230230257548607702005113548927207161795215,2026-10-06T01:00:00+00:00,2026-10-06T01:15:00+00:00,13.57,0.83,0.84,0.835,0.01,921.04,86.91,99
2026-10-06T01:01:26.967404+00:00,btc-updown-15m-1791249300,15,5310269,29914016333454053635043616351933640369577369282283463566460525106237262760521,2026-10-06T01:15:00+00:00,2026-10-06T01:30:00+00:00,28.57,0.5,0.51,0.505,0.01,25.0,748.41,99
2026-10-06T01:02:28.113401+00:00,btc-updown-5m-1791248700,5,5309949,74018435463134903103885981019209455196238200243948465805106410058512318886727,2026-10-06T01:05:00+00:00,2026-10-06T01:10:00+00:00,7.53,0.49,0.5,0.495,0.01,10.0,331.14,99
2026-10-06T01:02:28.113401+00:00,btc-updown-15m-1791248400,15,5309885,1062146022591078079927874958430516230230257548607702005113548927207161795215,2026-10-06T01:00:00+00:00,2026-10-06T01:15:00+00:00,12.53,0.89,0.9,0.895,0.01,130.0,1833.73,99
2026-10-06T01:02:28.113401+00:00,btc-updown-15m-1791249300,15,5310269,29914016333454053635043616351933640369577369282283463566460525106237262760521,2026-10-06T01:15:00+00:00,2026-10-06T01:30:00+00:00,27.53,0.5,0.51,0.505,0.01,25.0,799.43,99
2026-10-06T01:03:29.160539+00:00,btc-updown-5m-1791248700,5,5309949,74018435463134903103885981019209455196238200243948465805106410058512318886727,2026-10-06T01:05:00+00:00,2026-10-06T01:10:00+00:00,6.52,0.48,0.49,0.485,0.01,458.51,145.0,99
2026-10-06T01:03:29.160539+00:00,btc-updown-15m-1791248400,15,5309885,1062146022591078079927874958430516230230257548607702005113548927207161795215,2026-10-06T01:00:00+00:00,2026-10-06T01:15:00+00:00,11.52,0.9,0.91,0.905,0.01,270.62,351.0,99
2026-10-06T01:03:29.160539+00:00,btc-updown-15m-1791249300,15,5310269,29914016333454053635043616351933640369577369282283463566460525106237262760521,2026-10-06T01:15:00+00:00,2026-10-06T01:30:00+00:00,26.52,0.5,0.51,0.505,0.01,25.0,914.43,99
2026-10-06T01:04:30.451129+00:00,btc-updown-5m-1791248700,5,5309949,74018435463134903103885981019209455196238200243948465805106410058512318886727,2026-10-06T01:05:00+00:00,2026-10-06T01:10:00+00:00,5.5,0.53,0.54,0.535,0.01,52.62,193.12,99
2026-10-06T01:04:30.451129+00:00,btc-updown-15m-1791248400,15,5309885,1062146022591078079927874958430516230230257548607702005113548927207161795215,2026-10-06T01:00:00+00:00,2026-10-06T01:15:00+00:00,10.5,0.85,0.86,0.855,0.01,775.81,637.33,99
2026-10-06T01:04:30.451129+00:00,btc-updown-15m-1791249300,15,5310269,29914016333454053635043616351933640369577369282283463566460525106237262760521,2026-10-06T01:15:00+00:00,2026-10-06T01:30:00+00:00,25.5,0.5,0.51,0.505,0.01,25.0,774.43,99
2026-10-06T01:05:31.559156+00:00,btc-updown-5m-1791248700,5,5309949,74018435463134903103885981019209455196238200243948465805106410058512318886727,2026-10-06T01:05:00+00:00,2026-10-06T01:10:00+00:00,4.48,0.77,0.78,0.775,0.01,74.0,604.02,99
2026-10-06T01:05:31.559156+00:00,btc-updown-5m-1791249000,5,5310247,86369584597011892690066755566013981332701667904455895157975579720458159052507,2026-10-06T01:10:00+00:00,2026-10-06T01:15:00+00:00,9.48,0.48,0.49,0.485,0.01,249.43,128.95,99
2026-10-06T01:05:31.559156+00:00,btc-updown-15m-1791248400,15,5309885,1062146022591078079927874958430516230230257548607702005113548927207161795215,2026-10-06T01:00:00+00:00,2026-10-06T01:15:00+00:00,9.48,0.93,0.94,0.935,0.01,356.7,399.06,99
2026-10-06T01:05:31.559156+00:00,btc-updown-15m-1791249300,15,5310269,29914016333454053635043616351933640369577369282283463566460525106237262760521,2026-10-06T01:15:00+00:00,2026-10-06T01:30:00+00:00,24.48,0.5,0.51,0.505,0.01,30.0,1117.15,99
2026-10-06T01:06:32.728109+00:00,btc-updown-5m-1791248700,5,5309949,74018435463134903103885981019209455196238200243948465805106410058512318886727,2026-10-06T01:05:00+00:00,2026-10-06T01:10:00+00:00,3.47,0.88,0.89,0.885,0.01,427.86,603.36,99
2026-10-06T01:06:32.728109+00:00,btc-updown-5m-1791249000,5,5310247,86369584597011892690066755566013981332701667904455895157975579720458159052507,2026-10-06T01:10:00+00:00,2026-10-06T01:15:00+00:00,8.47,0.48,0.49,0.485,0.01,228.26,156.9,99
2026-10-06T01:06:32.728109+00:00,btc-updown-15m-1791248400,15,5309885,1062146022591078079927874958430516230230257548607702005113548927207161795215,2026-10-06T01:00:00+00:00,2026-10-06T01:15:00+00:00,8.47,0.94,0.95,0.945,0.01,450.93,110.0,99
2026-10-06T01:06:32.728109+00:00,btc-updown-15m-1791249300,15,5310269,29914016333454053635043616351933640369577369282283463566460525106237262760521,2026-10-06T01:15:00+00:00,2026-10-06T01:30:00+00:00,23.47,0.5,0.51,0.505,0.01,25.0,1117.15,99
2026-10-06T01:07:33.897522+00:00,btc-updown-5m-1791248700,5,5309949,74018435463134903103885981019209455196238200243948465805106410058512318886727,2026-10-06T01:05:00+00:00,2026-10-06T01:10:00+00:00,2.45,0.78,0.79,0.785,0.01,167.17,425.35,99
2026-10-06T01:07:33.897522+00:00,btc-updown-5m-1791249000,5,5310247,86369584597011892690066755566013981332701667904455895157975579720458159052507,2026-10-06T01:10:00+00:00,2026-10-06T01:15:00+00:00,7.45,0.48,0.49,0.485,0.01,202.36,127.83,99
2026-10-06T01:07:33.897522+00:00,btc-updown-15m-1791248400,15,5309885,1062146022591078079927874958430516230230257548607702005113548927207161795215,2026-10-06T01:00:00+00:00,2026-10-06T01:15:00+00:00,7.45,0.94,0.95,0.945,0.01,35.0,1432.49,99
2026-10-06T01:07:33.897522+00:00,btc-updown-15m-1791249300,15,5310269,29914016333454053635043616351933640369577369282283463566460525106237262760521,2026-10-06T01:15:00+00:00,2026-10-06T01:30:00+00:00,22.45,0.5,0.51,0.505,0.01,25.0,977.15,99
2026-10-06T01:08:35.079771+00:00,btc-updown-5m-1791248700,5,5309949,74018435463134903103885981019209455196238200243948465805106410058512318886727,2026-10-06T01:05:00+00:00,2026-10-06T01:10:00+00:00,1.42,0.83,0.84,0.835,0.01,110.0,327.77,99
2026-10-06T01:08:35.079771+00:00,btc-updown-5m-1791249000,5,5310247,86369584597011892690066755566013981332701667904455895157975579720458159052507,2026-10-06T01:10:00+00:00,2026-10-06T01:15:00+00:00,6.42,0.47,0.48,0.475,0.01,581.18,57.95,99
2026-10-06T01:08:35.079771+00:00,btc-updown-15m-1791248400,15,5309885,1062146022591078079927874958430516230230257548607702005113548927207161795215,2026-10-06T01:00:00+00:00,2026-10-06T01:15:00+00:00,6.42,0.94,0.95,0.945,0.01,280.0,147.72,99
2026-10-06T01:08:35.079771+00:00,btc-updown-15m-1791249300,15,5310269,29914016333454053635043616351933640369577369282283463566460525106237262760521,2026-10-06T01:15:00+00:00,2026-10-06T01:30:00+00:00,21.42,0.48,0.49,0.485,0.01,372.08,282.0,99
2026-10-06T01:09:36.521113+00:00,btc-updown-5m-1791248700,5,5309949,74018435463134903103885981019209455196238200243948465805106410058512318886727,2026-10-06T01:05:00+00:00,2026-10-06T01:10:00+00:00,0.4,0.08,0.09,0.085,0.01,80.17,960.86,98
2026-10-06T01:09:36.521113+00:00,btc-updown-5m-1791249000,5,5310247,86369584597011892690066755566013981332701667904455895157975579720458159052507,2026-10-06T01:10:00+00:00,2026-10-06T01:15:00+00:00,5.4,0.41,0.42,0.415,0.01,70.0,96.57,99
2026-10-06T01:09:36.521113+00:00,btc-updown-15m-1791248400,15,5309885,1062146022591078079927874958430516230230257548607702005113548927207161795215,2026-10-06T01:00:00+00:00,2026-10-06T01:15:00+00:00,5.4,0.94,0.95,0.945,0.01,200.5,1777.17,99
2026-10-06T01:09:36.521113+00:00,btc-updown-15m-1791249300,15,5310269,29914016333454053635043616351933640369577369282283463566460525106237262760521,2026-10-06T01:15:00+00:00,2026-10-06T01:30:00+00:00,20.4,0.48,0.49,0.485,0.01,320.0,221.61,99
2026-10-06T01:10:37.671731+00:00,btc-updown-5m-1791249000,5,5310247,86369584597011892690066755566013981332701667904455895157975579720458159052507,2026-10-06T01:10:00+00:00,2026-10-06T01:15:00+00:00,4.38,0.52,0.53,0.525,0.01,319.65,48.0,98
2026-10-06T01:10:37.671731+00:00,btc-updown-5m-1791249300,5,5310262,13981698188277869979052962598552392955081843917340256622059138155406087671715,2026-10-06T01:15:00+00:00,2026-10-06T01:20:00+00:00,9.38,0.5,0.51,0.505,0.01,36.55,1096.82,99
2026-10-06T01:10:37.671731+00:00,btc-updown-15m-1791248400,15,5309885,1062146022591078079927874958430516230230257548607702005113548927207161795215,2026-10-06T01:00:00+00:00,2026-10-06T01:15:00+00:00,4.38,0.97,0.98,0.975,0.01,818.59,14.21,99
2026-10-06T01:10:37.671731+00:00,btc-updown-15m-1791249300,15,5310269,29914016333454053635043616351933640369577369282283463566460525106237262760521,2026-10-06T01:15:00+00:00,2026-10-06T01:30:00+00:00,19.38,0.48,0.49,0.485,0.01,333.5,221.6,99
2026-10-06T01:11:38.880376+00:00,btc-updown-5m-1791249000,5,5310247,86369584597011892690066755566013981332701667904455895157975579720458159052507,2026-10-06T01:10:00+00:00,2026-10-06T01:15:00+00:00,3.37,0.46,0.47,0.465,0.01,1415.09,70.79,99
2026-10-06T01:11:38.880376+00:00,btc-updown-5m-1791249300,5,5310262,13981698188277869979052962598552392955081843917340256622059138155406087671715,2026-10-06T01:15:00+00:00,2026-10-06T01:20:00+00:00,8.37,0.5,0.51,0.505,0.01,36.55,924.82,99
2026-10-06T01:11:38.880376+00:00,btc-updown-15m-1791248400,15,5309885,1062146022591078079927874958430516230230257548607702005113548927207161795215,2026-10-06T01:00:00+00:00,2026-10-06T01:15:00+00:00,3.37,0.98,0.99,0.985,0.01,80.0,654.87,99
2026-10-06T01:11:38.880376+00:00,btc-updown-15m-1791249300,15,5310269,29914016333454053635043616351933640369577369282283463566460525106237262760521,2026-10-06T01:15:00+00:00,2026-10-06T01:30:00+00:00,18.37,0.48,0.49,0.485,0.01,290.94,71.96,99
2026-10-06T01:12:40.021047+00:00,btc-updown-5m-1791249000,5,5310247,86369584597011892690066755566013981332701667904455895157975579720458159052507,2026-10-06T01:10:00+00:00,2026-10-06T01:15:00+00:00,2.33,0.58,0.59,0.585,0.01,308.0,300.0,99
2026-10-06T01:12:40.021047+00:00,btc-updown-5m-1791249300,5,5310262,13981698188277869979052962598552392955081843917340256622059138155406087671715,2026-10-06T01:15:00+00:00,2026-10-06T01:20:00+00:00,7.33,0.5,0.51,0.505,0.01,36.55,789.82,99
2026-10-06T01:12:40.021047+00:00,btc-updown-15m-1791249300,15,5310269,29914016333454053635043616351933640369577369282283463566460525106237262760521,2026-10-06T01:15:00+00:00,2026-10-06T01:30:00+00:00,17.33,0.48,0.49,0.485,0.01,235.7,93.3,99
2026-10-06T01:13:41.041156+00:00,btc-updown-5m-1791249000,5,5310247,86369584597011892690066755566013981332701667904455895157975579720458159052507,2026-10-06T01:10:00+00:00,2026-10-06T01:15:00+00:00,1.32,0.37,0.38,0.375,0.01,138.71,380.36,99
2026-10-06T01:13:41.041156+00:00,btc-updown-5m-1791249300,5,5310262,13981698188277869979052962598552392955081843917340256622059138155406087671715,2026-10-06T01:15:00+00:00,2026-10-06T01:20:00+00:00,6.32,0.5,0.51,0.505,0.01,31.55,794.82,99
2026-10-06T01:13:41.041156+00:00,btc-updown-15m-1791248400,15,5309885,1062146022591078079927874958430516230230257548607702005113548927207161795215,2026-10-06T01:00:00+00:00,2026-10-06T01:15:00+00:00,1.32,0.992,0.999,0.9955,0.007,25.0,169.76,110
2026-10-06T01:13:41.041156+00:00,btc-updown-15m-1791249300,15,5310269,29914016333454053635043616351933640369577369282283463566460525106237262760521,2026-10-06T01:15:00+00:00,2026-10-06T01:30:00+00:00,16.32,0.48,0.49,0.485,0.01,255.7,73.81,99
2026-10-06T01:14:42.295651+00:00,btc-updown-5m-1791249300,5,5310262,13981698188277869979052962598552392955081843917340256622059138155406087671715,2026-10-06T01:15:00+00:00,2026-10-06T01:20:00+00:00,5.3,0.59,0.6,0.595,0.01,495.49,114.64,99
2026-10-06T01:14:42.295651+00:00,btc-updown-15m-1791249300,15,5310269,29914016333454053635043616351933640369577369282283463566460525106237262760521,2026-10-06T01:15:00+00:00,2026-10-06T01:30:00+00:00,15.3,0.5,0.51,0.505,0.01,285.64,8.01,85
2026-10-06T01:15:43.415014+00:00,btc-updown-5m-1791249300,5,5310262,13981698188277869979052962598552392955081843917340256622059138155406087671715,2026-10-06T01:15:00+00:00,2026-10-06T01:20:00+00:00,4.28,0.5,0.51,0.505,0.01,1248.02,17.6,99
2026-10-06T01:15:43.415014+00:00,btc-updown-5m-1791249600,5,5310277,76531644854895432780557033397096267205776176223747069108400762628579546221860,2026-10-06T01:20:00+00:00,2026-10-06T01:25:00+00:00,9.28,0.49,0.5,0.495,0.01,958.71,188.0,99
2026-10-06T01:15:43.415014+00:00,btc-updown-15m-1791249300,15,5310269,29914016333454053635043616351933640369577369282283463566460525106237262760521,2026-10-06T01:15:00+00:00,2026-10-06T01:30:00+00:00,14.28,0.47,0.48,0.475,0.01,28.0,449.48,99
2026-10-06T01:15:43.415014+00:00,btc-updown-15m-1791250200,15,5310301,19467473190649107180176110145102413762285898929967958457720025592551486183455,2026-10-06T01:30:00+00:00,2026-10-06T01:45:00+00:00,29.28,0.5,0.51,0.505,0.01,10.0,593.41,99
2026-10-06T01:16:44.568281+00:00,btc-updown-5m-1791249300,5,5310262,13981698188277869979052962598552392955081843917340256622059138155406087671715,2026-10-06T01:15:00+00:00,2026-10-06T01:20:00+00:00,3.27,0.16,0.17,0.165,0.01,445.77,417.15,99
2026-10-06T01:16:44.568281+00:00,btc-updown-5m-1791249600,5,5310277,76531644854895432780557033397096267205776176223747069108400762628579546221860,2026-10-06T01:20:00+00:00,2026-10-06T01:25:00+00:00,8.27,0.49,0.5,0.495,0.01,753.0,173.0,99
2026-10-06T01:16:44.568281+00:00,btc-updown-15m-1791249300,15,5310269,29914016333454053635043616351933640369577369282283463566460525106237262760521,2026-10-06T01:15:00+00:00,2026-10-06T01:30:00+00:00,13.27,0.31,0.32,0.315,0.01,779.79,357.0,99
2026-10-06T01:16:44.568281+00:00,btc-updown-15m-1791250200,15,5310301,19467473190649107180176110145102413762285898929967958457720025592551486183455,2026-10-06T01:30:00+00:00,2026-10-06T01:45:00+00:00,28.27,0.48,0.49,0.485,0.01,406.77,70.0,99
2026-10-06T01:17:45.707634+00:00,btc-updown-5m-1791249300,5,5310262,13981698188277869979052962598552392955081843917340256622059138155406087671715,2026-10-06T01:15:00+00:00,2026-10-06T01:20:00+00:00,2.25,0.01,0.02,0.015,0.01,2377.89,2105.56,99
2026-10-06T01:17:45.707634+00:00,btc-updown-5m-1791249600,5,5310277,76531644854895432780557033397096267205776176223747069108400762628579546221860,2026-10-06T01:20:00+00:00,2026-10-06T01:25:00+00:00,7.25,0.49,0.5,0.495,0.01,533.91,174.14,99
2026-10-06T01:17:45.707634+00:00,btc-updown-15m-1791249300,15,5310269,29914016333454053635043616351933640369577369282283463566460525106237262760521,2026-10-06T01:15:00+00:00,2026-10-06T01:30:00+00:00,12.25,0.16,0.17,0.165,0.01,2408.56,184.0,99
2026-10-06T01:17:45.707634+00:00,btc-updown-15m-1791250200,15,5310301,19467473190649107180176110145102413762285898929967958457720025592551486183455,2026-10-06T01:30:00+00:00,2026-10-06T01:45:00+00:00,27.25,0.48,0.49,0.485,0.01,321.77,35.0,99
2026-10-06T01:18:46.851643+00:00,btc-updown-5m-1791249600,5,5310277,76531644854895432780557033397096267205776176223747069108400762628579546221860,2026-10-06T01:20:00+00:00,2026-10-06T01:25:00+00:00,6.23,0.49,0.5,0.495,0.01,25.0,98.58,99
2026-10-06T01:18:46.851643+00:00,btc-updown-15m-1791249300,15,5310269,29914016333454053635043616351933640369577369282283463566460525106237262760521,2026-10-06T01:15:00+00:00,2026-10-06T01:30:00+00:00,11.23,0.08,0.09,0.085,0.01,2024.99,290.66,99
2026-10-06T01:18:46.851643+00:00,btc-updown-15m-1791250200,15,5310301,19467473190649107180176110145102413762285898929967958457720025592551486183455,2026-10-06T01:30:00+00:00,2026-10-06T01:45:00+00:00,26.23,0.48,0.49,0.485,0.01,682.6,35.0,99
2026-10-06T01:19:48.239794+00:00,btc-updown-5m-1791249600,5,5310277,76531644854895432780557033397096267205776176223747069108400762628579546221860,2026-10-06T01:20:00+00:00,2026-10-06T01:25:00+00:00,5.2,0.5,0.51,0.505,0.01,145.0,215.98,99
2026-10-06T01:19:48.239794+00:00,btc-updown-15m-1791249300,15,5310269,29914016333454053635043616351933640369577369282283463566460525106237262760521,2026-10-06T01:15:00+00:00,2026-10-06T01:30:00+00:00,10.2,0.08,0.09,0.085,0.01,12.5,615.97,99
2026-10-06T01:19:48.239794+00:00,btc-updown-15m-1791250200,15,5310301,19467473190649107180176110145102413762285898929967958457720025592551486183455,2026-10-06T01:30:00+00:00,2026-10-06T01:45:00+00:00,25.2,0.48,0.49,0.485,0.01,657.6,35.0,99
2026-10-06T01:20:49.273919+00:00,btc-updown-5m-1791249600,5,5310277,76531644854895432780557033397096267205776176223747069108400762628579546221860,2026-10-06T01:20:00+00:00,2026-10-06T01:25:00+00:00,4.18,0.49,0.5,0.495,0.01,165.96,221.0,99
2026-10-06T01:20:49.273919+00:00,btc-updown-5m-1791249900,5,5310288,72487929007007318708044614117258936557010271380790388270590681611030868118609,2026-10-06T01:25:00+00:00,2026-10-06T01:30:00+00:00,9.18,0.5,0.51,0.505,0.01,202.48,676.53,99
2026-10-06T01:20:49.273919+00:00,btc-updown-15m-1791249300,15,5310269,29914016333454053635043616351933640369577369282283463566460525106237262760521,2026-10-06T01:15:00+00:00,2026-10-06T01:30:00+00:00,9.18,0.06,0.07,0.065,0.01,391.0,631.56,99
2026-10-06T01:20:49.273919+00:00,btc-updown-15m-1791250200,15,5310301,19467473190649107180176110145102413762285898929967958457720025592551486183455,2026-10-06T01:30:00+00:00,2026-10-06T01:45:00+00:00,24.18,0.48,0.49,0.485,0.01,838.1,40.0,99
2026-10-06T01:21:50.440749+00:00,btc-updown-5m-1791249600,5,5310277,76531644854895432780557033397096267205776176223747069108400762628579546221860,2026-10-06T01:20:00+00:00,2026-10-06T01:25:00+00:00,3.17,0.74,0.75,0.745,0.01,422.72,30.0,99
2026-10-06T01:21:50.440749+00:00,btc-updown-5m-1791249900,5,5310288,72487929007007318708044614117258936557010271380790388270590681611030868118609,2026-10-06T01:25:00+00:00,2026-10-06T01:30:00+00:00,8.17,0.5,0.51,0.505,0.01,197.48,676.53,99
2026-10-06T01:21:50.440749+00:00,btc-updown-15m-1791249300,15,5310269,29914016333454053635043616351933640369577369282283463566460525106237262760521,2026-10-06T01:15:00+00:00,2026-10-06T01:30:00+00:00,8.17,0.07,0.08,0.075,0.01,1911.83,549.0,99
2026-10-06T01:21:50.440749+00:00,btc-updown-15m-1791250200,15,5310301,19467473190649107180176110145102413762285898929967958457720025592551486183455,2026-10-06T01:30:00+00:00,2026-10-06T01:45:00+00:00,23.17,0.48,0.49,0.485,0.01,838.1,40.0,99
2026-10-06T01:22:51.630674+00:00,btc-updown-5m-1791249600,5,5310277,76531644854895432780557033397096267205776176223747069108400762628579546221860,2026-10-06T01:20:00+00:00,2026-10-06T01:25:00+00:00,2.15,0.91,0.93,0.92,0.02,125.66,39.9,98
2026-10-06T01:22:51.630674+00:00,btc-updown-5m-1791249900,5,5310288,72487929007007318708044614117258936557010271380790388270590681611030868118609,2026-10-06T01:25:00+00:00,2026-10-06T01:30:00+00:00,7.15,0.5,0.51,0.505,0.01,187.48,686.53,99
2026-10-06T01:22:51.630674+00:00,btc-updown-15m-1791249300,15,5310269,29914016333454053635043616351933640369577369282283463566460525106237262760521,2026-10-06T01:15:00+00:00,2026-10-06T01:30:00+00:00,7.15,0.08,0.09,0.085,0.01,535.32,5.0,99
2026-10-06T01:22:51.630674+00:00,btc-updown-15m-1791250200,15,5310301,19467473190649107180176110145102413762285898929967958457720025592551486183455,2026-10-06T01:30:00+00:00,2026-10-06T01:45:00+00:00,22.15,0.48,0.49,0.485,0.01,618.1,79.0,99
2026-10-06T01:23:52.824364+00:00,btc-updown-5m-1791249900,5,5310288,72487929007007318708044614117258936557010271380790388270590681611030868118609,2026-10-06T01:25:00+00:00,2026-10-06T01:30:00+00:00,6.13,0.49,0.51,0.5,0.02,639.42,509.94,98
2026-10-06T01:23:52.824364+00:00,btc-updown-15m-1791249300,15,5310269,29914016333454053635043616351933640369577369282283463566460525106237262760521,2026-10-06T01:15:00+00:00,2026-10-06T01:30:00+00:00,6.13,0.16,0.17,0.165,0.01,17.5,1348.32,99
2026-10-06T01:23:52.824364+00:00,btc-updown-15m-1791250200,15,5310301,19467473190649107180176110145102413762285898929967958457720025592551486183455,2026-10-06T01:30:00+00:00,2026-10-06T01:45:00+00:00,21.13,0.48,0.49,0.485,0.01,361.1,116.95,99
2026-10-06T01:24:53.992166+00:00,btc-updown-5m-1791249900,5,5310288,72487929007007318708044614117258936557010271380790388270590681611030868118609,2026-10-06T01:25:00+00:00,2026-10-06T01:30:00+00:00,5.12,0.43,0.44,0.435,0.01,230.8,89.0,99
2026-10-06T01:24:53.992166+00:00,btc-updown-15m-1791249300,15,5310269,29914016333454053635043616351933640369577369282283463566460525106237262760521,2026-10-06T01:15:00+00:00,2026-10-06T01:30:00+00:00,5.12,0.07,0.08,0.075,0.01,1660.0,264.0,99
2026-10-06T01:24:53.992166+00:00,btc-updown-15m-1791250200,15,5310301,19467473190649107180176110145102413762285898929967958457720025592551486183455,2026-10-06T01:30:00+00:00,2026-10-06T01:45:00+00:00,20.12,0.48,0.49,0.485,0.01,498.1,76.95,99
2026-10-06T01:25:55.039220+00:00,btc-updown-5m-1791249900,5,5310288,72487929007007318708044614117258936557010271380790388270590681611030868118609,2026-10-06T01:25:00+00:00,2026-10-06T01:30:00+00:00,4.08,0.5,0.51,0.505,0.01,1833.64,194.0,99
2026-10-06T01:25:55.039220+00:00,btc-updown-5m-1791250200,5,5310304,79865559156626405737739201480723870032543747730833257278201682568997381202334,2026-10-06T01:30:00+00:00,2026-10-06T01:35:00+00:00,9.08,0.5,0.51,0.505,0.01,15.0,787.8,99
2026-10-06T01:25:55.039220+00:00,btc-updown-15m-1791249300,15,5310269,29914016333454053635043616351933640369577369282283463566460525106237262760521,2026-10-06T01:15:00+00:00,2026-10-06T01:30:00+00:00,4.08,0.06,0.07,0.065,0.01,109.77,1231.37,99
2026-10-06T01:25:55.039220+00:00,btc-updown-15m-1791250200,15,5310301,19467473190649107180176110145102413762285898929967958457720025592551486183455,2026-10-06T01:30:00+00:00,2026-10-06T01:45:00+00:00,19.08,0.48,0.49,0.485,0.01,361.1,76.95,99
2026-10-06T01:26:56.274662+00:00,btc-updown-5m-1791249900,5,5310288,72487929007007318708044614117258936557010271380790388270590681611030868118609,2026-10-06T01:25:00+00:00,2026-10-06T01:30:00+00:00,3.07,0.3,0.31,0.305,0.01,3.83,2962.9,99
2026-10-06T01:26:56.274662+00:00,btc-updown-5m-1791250200,5,5310304,79865559156626405737739201480723870032543747730833257278201682568997381202334,2026-10-06T01:30:00+00:00,2026-10-06T01:35:00+00:00,8.07,0.49,0.5,0.495,0.01,691.01,99.0,99
2026-10-06T01:26:56.274662+00:00,btc-updown-15m-1791249300,15,5310269,29914016333454053635043616351933640369577369282283463566460525106237262760521,2026-10-06T01:15:00+00:00,2026-10-06T01:30:00+00:00,3.07,0.01,0.02,0.015,0.01,1049.74,279.0,99
2026-10-06T01:26:56.274662+00:00,btc-updown-15m-1791250200,15,5310301,19467473190649107180176110145102413762285898929967958457720025592551486183455,2026-10-06T01:30:00+00:00,2026-10-06T01:45:00+00:00,18.07,0.49,0.5,0.495,0.01,237.43,45.0,99
2026-10-06T01:27:57.413595+00:00,btc-updown-5m-1791249900,5,5310288,72487929007007318708044614117258936557010271380790388270590681611030868118609,2026-10-06T01:25:00+00:00,2026-10-06T01:30:00+00:00,2.05,0.06,0.07,0.065,0.01,550.82,138.07,99
2026-10-06T01:27:57.413595+00:00,btc-updown-5m-1791250200,5,5310304,79865559156626405737739201480723870032543747730833257278201682568997381202334,2026-10-06T01:30:00+00:00,2026-10-06T01:35:00+00:00,7.05,0.49,0.5,0.495,0.01,359.32,109.91,99
2026-10-06T01:27:57.413595+00:00,btc-updown-15m-1791250200,15,5310301,19467473190649107180176110145102413762285898929967958457720025592551486183455,2026-10-06T01:30:00+00:00,2026-10-06T01:45:00+00:00,17.05,0.49,0.5,0.495,0.01,402.64,6.0,99
2026-10-06T01:28:58.445679+00:00,btc-updown-5m-1791249900,5,5310288,72487929007007318708044614117258936557010271380790388270590681611030868118609,2026-10-06T01:25:00+00:00,2026-10-06T01:30:00+00:00,1.03,0.85,0.86,0.855,0.01,254.05,39.33,99
2026-10-06T01:28:58.445679+00:00,btc-updown-5m-1791250200,5,5310304,79865559156626405737739201480723870032543747730833257278201682568997381202334,2026-10-06T01:30:00+00:00,2026-10-06T01:35:00+00:00,6.03,0.49,0.5,0.495,0.01,24.91,284.91,99
2026-10-06T01:28:58.445679+00:00,btc-updown-15m-1791250200,15,5310301,19467473190649107180176110145102413762285898929967958457720025592551486183455,2026-10-06T01:30:00+00:00,2026-10-06T01:45:00+00:00,16.03,0.49,0.5,0.495,0.01,74.14,72.43,99
2026-10-06T01:29:59.636226+00:00,btc-updown-5m-1791250200,5,5310304,79865559156626405737739201480723870032543747730833257278201682568997381202334,2026-10-06T01:30:00+00:00,2026-10-06T01:35:00+00:00,5.02,0.5,0.51,0.505,0.01,131.2,5.0,99
2026-10-06T01:29:59.636226+00:00,btc-updown-15m-1791250200,15,5310301,19467473190649107180176110145102413762285898929967958457720025592551486183455,2026-10-06T01:30:00+00:00,2026-10-06T01:45:00+00:00,15.02,0.5,0.51,0.505,0.01,20.0,15.0,77
2026-10-06T01:31:00.590843+00:00,btc-updown-5m-1791250200,5,5310304,79865559156626405737739201480723870032543747730833257278201682568997381202334,2026-10-06T01:30:00+00:00,2026-10-06T01:35:00+00:00,4.0,0.2,0.21,0.205,0.01,65.0,735.23,99
2026-10-06T01:31:00.590843+00:00,btc-updown-5m-1791250500,5,5310343,3836329939307636785563434063600860909286773294015407355681605457361269072512,2026-10-06T01:35:00+00:00,2026-10-06T01:40:00+00:00,9.0,0.49,0.5,0.495,0.01,545.01,41.0,99
2026-10-06T01:31:00.590843+00:00,btc-updown-15m-1791250200,15,5310301,19467473190649107180176110145102413762285898929967958457720025592551486183455,2026-10-06T01:30:00+00:00,2026-10-06T01:45:00+00:00,14.0,0.32,0.33,0.325,0.01,893.83,167.0,99
2026-10-06T01:31:00.590843+00:00,btc-updown-15m-1791251100,15,5310370,44053860579069070446013479703490753431201714764797634026016455595597240928822,2026-10-06T01:45:00+00:00,2026-10-06T02:00:00+00:00,29.0,0.5,0.51,0.505,0.01,30.0,438.41,99
2026-10-06T01:32:01.807562+00:00,btc-updown-5m-1791250200,5,5310304,79865559156626405737739201480723870032543747730833257278201682568997381202334,2026-10-06T01:30:00+00:00,2026-10-06T01:35:00+00:00,2.98,0.39,0.4,0.395,0.01,104.26,5.0,97
2026-10-06T01:32:01.807562+00:00,btc-updown-5m-1791250500,5,5310343,3836329939307636785563434063600860909286773294015407355681605457361269072512,2026-10-06T01:35:00+00:00,2026-10-06T01:40:00+00:00,7.98,0.49,0.5,0.495,0.01,545.01,41.0,99
2026-10-06T01:32:01.807562+00:00,btc-updown-15m-1791250200,15,5310301,19467473190649107180176110145102413762285898929967958457720025592551486183455,2026-10-06T01:30:00+00:00,2026-10-06T01:45:00+00:00,12.98,0.44,0.45,0.445,0.01,918.07,130.43,99
2026-10-06T01:32:01.807562+00:00,btc-updown-15m-1791251100,15,5310370,44053860579069070446013479703490753431201714764797634026016455595597240928822,2026-10-06T01:45:00+00:00,2026-10-06T02:00:00+00:00,27.98,0.5,0.51,0.505,0.01,30.0,466.03,99
2026-10-06T01:33:03.192898+00:00,btc-updown-5m-1791250200,5,5310304,79865559156626405737739201480723870032543747730833257278201682568997381202334,2026-10-06T01:30:00+00:00,2026-10-06T01:35:00+00:00,1.95,0.19,0.2,0.195,0.01,704.69,334.0,99
2026-10-06T01:33:03.192898+00:00,btc-updown-5m-1791250500,5,5310343,3836329939307636785563434063600860909286773294015407355681605457361269072512,2026-10-06T01:35:00+00:00,2026-10-06T01:40:00+00:00,6.95,0.49,0.5,0.495,0.01,530.39,40.7,99
2026-10-06T01:33:03.192898+00:00,btc-updown-15m-1791250200,15,5310301,19467473190649107180176110145102413762285898929967958457720025592551486183455,2026-10-06T01:30:00+00:00,2026-10-06T01:45:00+00:00,11.95,0.37,0.38,0.375,0.01,95.0,100.0,97
2026-10-06T01:33:03.192898+00:00,btc-updown-15m-1791251100,15,5310370,44053860579069070446013479703490753431201714764797634026016455595597240928822,2026-10-06T01:45:00+00:00,2026-10-06T02:00:00+00:00,26.95,0.5,0.51,0.505,0.01,30.0,466.03,99
2026-10-06T01:34:04.486802+00:00,btc-updown-5m-1791250500,5,5310343,3836329939307636785563434063600860909286773294015407355681605457361269072512,2026-10-06T01:35:00+00:00,2026-10-06T01:40:00+00:00,5.93,0.49,0.5,0.495,0.01,197.26,10.0,99
2026-10-06T01:34:04.486802+00:00,btc-updown-15m-1791250200,15,5310301,19467473190649107180176110145102413762285898929967958457720025592551486183455,2026-10-06T01:30:00+00:00,2026-10-06T01:45:00+00:00,10.93,0.14,0.15,0.145,0.01,342.5,275.87,99
2026-10-06T01:34:04.486802+00:00,btc-updown-15m-1791251100,15,5310370,44053860579069070446013479703490753431201714764797634026016455595597240928822,2026-10-06T01:45:00+00:00,2026-10-06T02:00:00+00:00,25.93,0.5,0.51,0.505,0.01,60.0,296.03,99
2026-10-06T01:35:05.580554+00:00,btc-updown-5m-1791250500,5,5310343,3836329939307636785563434063600860909286773294015407355681605457361269072512,2026-10-06T01:35:00+00:00,2026-10-06T01:40:00+00:00,4.92,0.14,0.15,0.145,0.01,1237.68,105.0,99
2026-10-06T01:35:05.580554+00:00,btc-updown-5m-1791250800,5,5310355,98801609271386605594204119372929121166905952589103354674057578392897520694496,2026-10-06T01:40:00+00:00,2026-10-06T01:45:00+00:00,9.92,0.5,0.51,0.505,0.01,373.43,441.9,99
2026-10-06T01:35:05.580554+00:00,btc-updown-15m-1791250200,15,5310301,19467473190649107180176110145102413762285898929967958457720025592551486183455,2026-10-06T01:30:00+00:00,2026-10-06T01:45:00+00:00,9.92,0.05,0.06,0.055,0.01,185.0,1297.73,99
2026-10-06T01:35:05.580554+00:00,btc-updown-15m-1791251100,15,5310370,44053860579069070446013479703490753431201714764797634026016455595597240928822,2026-10-06T01:45:00+00:00,2026-10-06T02:00:00+00:00,24.92,0.5,0.51,0.505,0.01,390.0,301.03,99
2026-10-06T01:36:06.781955+00:00,btc-updown-5m-1791250500,5,5310343,3836329939307636785563434063600860909286773294015407355681605457361269072512,2026-10-06T01:35:00+00:00,2026-10-06T01:40:00+00:00,3.9,0.05,0.06,0.055,0.01,173.99,1501.05,99
2026-10-06T01:36:06.781955+00:00,btc-updown-5m-1791250800,5,5310355,98801609271386605594204119372929121166905952589103354674057578392897520694496,2026-10-06T01:40:00+00:00,2026-10-06T01:45:00+00:00,8.9,0.5,0.51,0.505,0.01,493.43,626.9,99
2026-10-06T01:36:06.781955+00:00,btc-updown-15m-1791250200,15,5310301,19467473190649107180176110145102413762285898929967958457720025592551486183455,2026-10-06T01:30:00+00:00,2026-10-06T01:45:00+00:00,8.9,0.03,0.04,0.035,0.01,1215.79,939.0,99
2026-10-06T01:36:06.781955+00:00,btc-updown-15m-1791251100,15,5310370,44053860579069070446013479703490753431201714764797634026016455595597240928822,2026-10-06T01:45:00+00:00,2026-10-06T02:00:00+00:00,23.9,0.5,0.51,0.505,0.01,814.0,280.0,99
2026-10-06T01:37:08.012672+00:00,btc-updown-5m-1791250500,5,5310343,3836329939307636785563434063600860909286773294015407355681605457361269072512,2026-10-06T01:35:00+00:00,2026-10-06T01:40:00+00:00,2.87,0.04,0.05,0.045,0.01,1290.51,408.15,99
2026-10-06T01:37:08.012672+00:00,btc-updown-5m-1791250800,5,5310355,98801609271386605594204119372929121166905952589103354674057578392897520694496,2026-10-06T01:40:00+00:00,2026-10-06T01:45:00+00:00,7.87,0.5,0.51,0.505,0.01,534.15,607.29,99
2026-10-06T01:37:08.012672+00:00,btc-updown-15m-1791250200,15,5310301,19467473190649107180176110145102413762285898929967958457720025592551486183455,2026-10-06T01:30:00+00:00,2026-10-06T01:45:00+00:00,7.87,0.03,0.039,0.0345,0.009,1041.52,106.1,142
2026-10-06T01:37:08.012672+00:00,btc-updown-15m-1791251100,15,5310370,44053860579069070446013479703490753431201714764797634026016455595597240928822,2026-10-06T01:45:00+00:00,2026-10-06T02:00:00+00:00,22.87,0.5,0.51,0.505,0.01,814.0,280.0,99
2026-10-06T01:38:09.167888+00:00,btc-updown-5m-1791250500,5,5310343,3836329939307636785563434063600860909286773294015407355681605457361269072512,2026-10-06T01:35:00+00:00,2026-10-06T01:40:00+00:00,1.85,0.11,0.12,0.115,0.01,1044.88,91.66,99
2026-10-06T01:38:09.167888+00:00,btc-updown-5m-1791250800,5,5310355,98801609271386605594204119372929121166905952589103354674057578392897520694496,2026-10-06T01:40:00+00:00,2026-10-06T01:45:00+00:00,6.85,0.5,0.51,0.505,0.01,444.15,590.71,99
2026-10-06T01:38:09.167888+00:00,btc-updown-15m-1791250200,15,5310301,19467473190649107180176110145102413762285898929967958457720025592551486183455,2026-10-06T01:30:00+00:00,2026-10-06T01:45:00+00:00,6.85,0.05,0.056,0.053,0.006,141.84,132.01,148
2026-10-06T01:38:09.167888+00:00,btc-updown-15m-1791251100,15,5310370,44053860579069070446013479703490753431201714764797634026016455595597240928822,2026-10-06T01:45:00+00:00,2026-10-06T02:00:00+00:00,21.85,0.5,0.51,0.505,0.01,369.0,240.0,99
2026-10-06T01:39:10.522507+00:00,btc-updown-5m-1791250500,5,5310343,3836329939307636785563434063600860909286773294015407355681605457361269072512,2026-10-06T01:35:00+00:00,2026-10-06T01:40:00+00:00,0.83,0.01,0.02,0.015,0.01,1800.18,2606.41,98
2026-10-06T01:39:10.522507+00:00,btc-updown-5m-1791250800,5,5310355,98801609271386605594204119372929121166905952589103354674057578392897520694496,2026-10-06T01:40:00+00:00,2026-10-06T01:45:00+00:00,5.83,0.5,0.51,0.505,0.01,439.15,195.0,99
2026-10-06T01:39:10.522507+00:00,btc-updown-15m-1791250200,15,5310301,19467473190649107180176110145102413762285898929967958457720025592551486183455,2026-10-06T01:30:00+00:00,2026-10-06T01:45:00+00:00,5.83,0.042,0.049,0.0455,0.007,6.0,26.14,146
2026-10-06T01:39:10.522507+00:00,btc-updown-15m-1791251100,15,5310370,44053860579069070446013479703490753431201714764797634026016455595597240928822,2026-10-06T01:45:00+00:00,2026-10-06T02:00:00+00:00,20.83,0.5,0.51,0.505,0.01,479.0,240.0,99
2026-10-06T01:40:11.725068+00:00,btc-updown-5m-1791250800,5,5310355,98801609271386605594204119372929121166905952589103354674057578392897520694496,2026-10-06T01:40:00+00:00,2026-10-06T01:45:00+00:00,4.82,0.25,0.26,0.255,0.01,55.0,3231.03,99
2026-10-06T01:40:11.725068+00:00,btc-updown-5m-1791251100,5,5310377,70149885099692639263369705525052304423259551359481956300283717773990582824543,2026-10-06T01:45:00+00:00,2026-10-06T01:50:00+00:00,9.82,0.5,0.51,0.505,0.01,378.03,648.07,99
2026-10-06T01:40:11.725068+00:00,btc-updown-15m-1791250200,15,5310301,19467473190649107180176110145102413762285898929967958457720025592551486183455,2026-10-06T01:30:00+00:00,2026-10-06T01:45:00+00:00,4.82,0.007,0.008,0.0075,0.001,20.0,5.0,135
2026-10-06T01:40:11.725068+00:00,btc-updown-15m-1791251100,15,5310370,44053860579069070446013479703490753431201714764797634026016455595597240928822,2026-10-06T01:45:00+00:00,2026-10-06T02:00:00+00:00,19.82,0.5,0.51,0.505,0.01,859.0,235.0,99
2026-10-06T01:41:12.855780+00:00,btc-updown-5m-1791250800,5,5310355,98801609271386605594204119372929121166905952589103354674057578392897520694496,2026-10-06T01:40:00+00:00,2026-10-06T01:45:00+00:00,3.8,0.05,0.06,0.055,0.01,138.52,219.54,99
2026-10-06T01:41:12.855780+00:00,btc-updown-5m-1791251100,5,5310377,70149885099692639263369705525052304423259551359481956300283717773990582824543,2026-10-06T01:45:00+00:00,2026-10-06T01:50:00+00:00,8.8,0.5,0.51,0.505,0.01,480.03,628.46,99
2026-10-06T01:41:12.855780+00:00,btc-updown-15m-1791250200,15,5310301,19467473190649107180176110145102413762285898929967958457720025592551486183455,2026-10-06T01:30:00+00:00,2026-10-06T01:45:00+00:00,3.8,0.001,0.006,0.0035,0.005,1066.0,100.02,129
2026-10-06T01:41:12.855780+00:00,btc-updown-15m-1791251100,15,5310370,44053860579069070446013479703490753431201714764797634026016455595597240928822,2026-10-06T01:45:00+00:00,2026-10-06T02:00:00+00:00,18.8,0.5,0.51,0.505,0.01,824.0,235.0,99
2026-10-06T01:42:14.005576+00:00,btc-updown-5m-1791250800,5,5310355,98801609271386605594204119372929121166905952589103354674057578392897520694496,2026-10-06T01:40:00+00:00,2026-10-06T01:45:00+00:00,2.77,0.02,0.03,0.025,0.01,3817.15,618.04,99
2026-10-06T01:42:14.005576+00:00,btc-updown-5m-1791251100,5,5310377,70149885099692639263369705525052304423259551359481956300283717773990582824543,2026-10-06T01:45:00+00:00,2026-10-06T01:50:00+00:00,7.77,0.5,0.51,0.505,0.01,460.94,573.66,99
2026-10-06T01:42:14.005576+00:00,btc-updown-15m-1791251100,15,5310370,44053860579069070446013479703490753431201714764797634026016455595597240928822,2026-10-06T01:45:00+00:00,2026-10-06T02:00:00+00:00,17.77,0.5,0.51,0.505,0.01,881.0,235.0,99
2026-10-06T01:43:15.055697+00:00,btc-updown-5m-1791251100,5,5310377,70149885099692639263369705525052304423259551359481956300283717773990582824543,2026-10-06T01:45:00+00:00,2026-10-06T01:50:00+00:00,6.75,0.5,0.51,0.505,0.01,402.94,10.0,99
2026-10-06T01:43:15.055697+00:00,btc-updown-15m-1791251100,15,5310370,44053860579069070446013479703490753431201714764797634026016455595597240928822,2026-10-06T01:45:00+00:00,2026-10-06T02:00:00+00:00,16.75,0.51,0.52,0.515,0.01,353.21,280.0,99
2026-10-06T01:44:16.093787+00:00,btc-updown-5m-1791251100,5,5310377,70149885099692639263369705525052304423259551359481956300283717773990582824543,2026-10-06T01:45:00+00:00,2026-10-06T01:50:00+00:00,5.73,0.53,0.54,0.535,0.01,58.0,323.53,99
2026-10-06T01:44:16.093787+00:00,btc-updown-15m-1791251100,15,5310370,44053860579069070446013479703490753431201714764797634026016455595597240928822,2026-10-06T01:45:00+00:00,2026-10-06T02:00:00+00:00,15.73,0.52,0.54,0.53,0.02,97.31,75.0,90
2026-10-06T01:45:17.093047+00:00,btc-updown-5m-1791251100,5,5310377,70149885099692639263369705525052304423259551359481956300283717773990582824543,2026-10-06T01:45:00+00:00,2026-10-06T01:50:00+00:00,4.72,0.59,0.6,0.595,0.01,1421.61,151.59,99
2026-10-06T01:45:17.093047+00:00,btc-updown-5m-1791251400,5,5310391,4752361346756257812379148720066864944450533906077714570812119333519111386490,2026-10-06T01:50:00+00:00,2026-10-06T01:55:00+00:00,9.72,0.51,0.52,0.515,0.01,141.95,393.68,99
2026-10-06T01:45:17.093047+00:00,btc-updown-15m-1791251100,15,5310370,44053860579069070446013479703490753431201714764797634026016455595597240928822,2026-10-06T01:45:00+00:00,2026-10-06T02:00:00+00:00,14.72,0.57,0.58,0.575,0.01,328.0,851.87,99
2026-10-06T01:45:17.093047+00:00,btc-updown-15m-1791252000,15,5310466,109717447729868425953518478863464593097164180657492046300912575576456962976952,2026-10-06T02:00:00+00:00,2026-10-06T02:15:00+00:00,29.72,0.5,0.51,0.505,0.01,290.0,298.0,99
2026-10-06T01:46:18.278725+00:00,btc-updown-5m-1791251100,5,5310377,70149885099692639263369705525052304423259551359481956300283717773990582824543,2026-10-06T01:45:00+00:00,2026-10-06T01:50:00+00:00,3.7,0.38,0.39,0.385,0.01,107.34,1322.94,99
2026-10-06T01:46:18.278725+00:00,btc-updown-5m-1791251400,5,5310391,4752361346756257812379148720066864944450533906077714570812119333519111386490,2026-10-06T01:50:00+00:00,2026-10-06T01:55:00+00:00,8.7,0.51,0.52,0.515,0.01,141.95,393.68,99
2026-10-06T01:46:18.278725+00:00,btc-updown-15m-1791251100,15,5310370,44053860579069070446013479703490753431201714764797634026016455595597240928822,2026-10-06T01:45:00+00:00,2026-10-06T02:00:00+00:00,13.7,0.49,0.5,0.495,0.01,456.57,38.0,99
2026-10-06T01:46:18.278725+00:00,btc-updown-15m-1791252000,15,5310466,109717447729868425953518478863464593097164180657492046300912575576456962976952,2026-10-06T02:00:00+00:00,2026-10-06T02:15:00+00:00,28.7,0.5,0.51,0.505,0.01,340.0,298.0,99
2026-10-06T01:47:19.485397+00:00,btc-updown-5m-1791251100,5,5310377,70149885099692639263369705525052304423259551359481956300283717773990582824543,2026-10-06T01:45:00+00:00,2026-10-06T01:50:00+00:00,2.68,0.74,0.75,0.745,0.01,599.23,51.0,99
2026-10-06T01:47:19.485397+00:00,btc-updown-5m-1791251400,5,5310391,4752361346756257812379148720066864944450533906077714570812119333519111386490,2026-10-06T01:50:00+00:00,2026-10-06T01:55:00+00:00,7.68,0.51,0.52,0.515,0.01,192.27,383.57,99
2026-10-06T01:47:19.485397+00:00,btc-updown-15m-1791251100,15,5310370,44053860579069070446013479703490753431201714764797634026016455595597240928822,2026-10-06T01:45:00+00:00,2026-10-06T02:00:00+00:00,12.68,0.59,0.6,0.595,0.01,698.7,10.0,99
2026-10-06T01:47:19.485397+00:00,btc-updown-15m-1791252000,15,5310466,109717447729868425953518478863464593097164180657492046300912575576456962976952,2026-10-06T02:00:00+00:00,2026-10-06T02:15:00+00:00,27.68,0.5,0.51,0.505,0.01,600.0,298.0,99
2026-10-06T01:48:20.653114+00:00,btc-updown-5m-1791251100,5,5310377,70149885099692639263369705525052304423259551359481956300283717773990582824543,2026-10-06T01:45:00+00:00,2026-10-06T01:50:00+00:00,1.67,0.95,0.96,0.955,0.01,509.31,371.49,99
2026-10-06T01:48:20.653114+00:00,btc-updown-5m-1791251400,5,5310391,4752361346756257812379148720066864944450533906077714570812119333519111386490,2026-10-06T01:50:00+00:00,2026-10-06T01:55:00+00:00,6.67,0.51,0.52,0.515,0.01,192.27,409.33,99
2026-10-06T01:48:20.653114+00:00,btc-updown-15m-1791251100,15,5310370,44053860579069070446013479703490753431201714764797634026016455595597240928822,2026-10-06T01:45:00+00:00,2026-10-06T02:00:00+00:00,11.67,0.7,0.71,0.705,0.01,33.0,745.08,99
2026-10-06T01:48:20.653114+00:00,btc-updown-15m-1791252000,15,5310466,109717447729868425953518478863464593097164180657492046300912575576456962976952,2026-10-06T02:00:00+00:00,2026-10-06T02:15:00+00:00,26.67,0.5,0.51,0.505,0.01,490.0,298.0,99
2026-10-06T01:49:21.876188+00:00,btc-updown-5m-1791251100,5,5310377,70149885099692639263369705525052304423259551359481956300283717773990582824543,2026-10-06T01:45:00+00:00,2026-10-06T01:50:00+00:00,0.65,0.98,0.99,0.985,0.01,1588.09,1084.08,98
2026-10-06T01:49:21.876188+00:00,btc-updown-5m-1791251400,5,5310391,4752361346756257812379148720066864944450533906077714570812119333519111386490,2026-10-06T01:50:00+00:00,2026-10-06T01:55:00+00:00,5.65,0.51,0.52,0.515,0.01,102.64,97.0,99
2026-10-06T01:49:21.876188+00:00,btc-updown-15m-1791251100,15,5310370,44053860579069070446013479703490753431201714764797634026016455595597240928822,2026-10-06T01:45:00+00:00,2026-10-06T02:00:00+00:00,10.65,0.59,0.6,0.595,0.01,378.0,324.98,99
2026-10-06T01:49:21.876188+00:00,btc-updown-15m-1791252000,15,5310466,109717447729868425953518478863464593097164180657492046300912575576456962976952,2026-10-06T02:00:00+00:00,2026-10-06T02:15:00+00:00,25.65,0.5,0.51,0.505,0.01,540.0,298.0,99
2026-10-06T01:50:23.118144+00:00,btc-updown-5m-1791251400,5,5310391,4752361346756257812379148720066864944450533906077714570812119333519111386490,2026-10-06T01:50:00+00:00,2026-10-06T01:55:00+00:00,4.62,0.22,0.23,0.225,0.01,3.46,1954.67,99
2026-10-06T01:50:23.118144+00:00,btc-updown-5m-1791251700,5,5310418,53920846738205049359906992480164854480133596709464225416982546836262308355330,2026-10-06T01:55:00+00:00,2026-10-06T02:00:00+00:00,9.62,0.5,0.51,0.505,0.01,418.24,633.94,99
2026-10-06T01:50:23.118144+00:00,btc-updown-15m-1791251100,15,5310370,44053860579069070446013479703490753431201714764797634026016455595597240928822,2026-10-06T01:45:00+00:00,2026-10-06T02:00:00+00:00,9.62,0.37,0.38,0.375,0.01,665.91,475.71,99
2026-10-06T01:50:23.118144+00:00,btc-updown-15m-1791252000,15,5310466,109717447729868425953518478863464593097164180657492046300912575576456962976952,2026-10-06T02:00:00+00:00,2026-10-06T02:15:00+00:00,24.62,0.5,0.51,0.505,0.01,749.0,303.0,99
2026-10-06T01:51:24.278377+00:00,btc-updown-5m-1791251400,5,5310391,4752361346756257812379148720066864944450533906077714570812119333519111386490,2026-10-06T01:50:00+00:00,2026-10-06T01:55:00+00:00,3.6,0.22,0.23,0.225,0.01,303.0,809.44,99
2026-10-06T01:51:24.278377+00:00,btc-updown-5m-1791251700,5,5310418,53920846738205049359906992480164854480133596709464225416982546836262308355330,2026-10-06T01:55:00+00:00,2026-10-06T02:00:00+00:00,8.6,0.5,0.51,0.505,0.01,281.24,633.94,99
2026-10-06T01:51:24.278377+00:00,btc-updown-15m-1791251100,15,5310370,44053860579069070446013479703490753431201714764797634026016455595597240928822,2026-10-06T01:45:00+00:00,2026-10-06T02:00:00+00:00,8.6,0.4,0.41,0.405,0.01,253.0,481.46,99
2026-10-06T01:51:24.278377+00:00,btc-updown-15m-1791252000,15,5310466,109717447729868425953518478863464593097164180657492046300912575576456962976952,2026-10-06T02:00:00+00:00,2026-10-06T02:15:00+00:00,23.6,0.5,0.51,0.505,0.01,649.0,303.0,99
2026-10-06T01:52:25.478674+00:00,btc-updown-5m-1791251400,5,5310391,4752361346756257812379148720066864944450533906077714570812119333519111386490,2026-10-06T01:50:00+00:00,2026-10-06T01:55:00+00:00,2.58,0.02,0.03,0.025,0.01,2272.6,443.45,99
2026-10-06T01:52:25.478674+00:00,btc-updown-5m-1791251700,5,5310418,53920846738205049359906992480164854480133596709464225416982546836262308355330,2026-10-06T01:55:00+00:00,2026-10-06T02:00:00+00:00,7.58,0.5,0.51,0.505,0.01,446.91,624.8,99
2026-10-06T01:52:25.478674+00:00,btc-updown-15m-1791251100,15,5310370,44053860579069070446013479703490753431201714764797634026016455595597240928822,2026-10-06T01:45:00+00:00,2026-10-06T02:00:00+00:00,7.58,0.17,0.18,0.175,0.01,12.0,748.14,99
2026-10-06T01:52:25.478674+00:00,btc-updown-15m-1791252000,15,5310466,109717447729868425953518478863464593097164180657492046300912575576456962976952,2026-10-06T02:00:00+00:00,2026-10-06T02:15:00+00:00,22.58,0.5,0.51,0.505,0.01,749.0,303.0,99
2026-10-06T01:53:26.640133+00:00,btc-updown-5m-1791251400,5,5310391,4752361346756257812379148720066864944450533906077714570812119333519111386490,2026-10-06T01:50:00+00:00,2026-10-06T01:55:00+00:00,1.57,0.02,0.03,0.025,0.01,5.0,1635.12,99
2026-10-06T01:53:26.640133+00:00,btc-updown-5m-1791251700,5,5310418,53920846738205049359906992480164854480133596709464225416982546836262308355330,2026-10-06T01:55:00+00:00,2026-10-06T02:00:00+00:00,6.57,0.5,0.51,0.505,0.01,216.91,615.0,99
2026-10-06T01:53:26.640133+00:00,btc-updown-15m-1791251100,15,5310370,44053860579069070446013479703490753431201714764797634026016455595597240928822,2026-10-06T01:45:00+00:00,2026-10-06T02:00:00+00:00,6.57,0.25,0.26,0.255,0.01,39.0,3609.22,99
2026-10-06T01:53:26.640133+00:00,btc-updown-15m-1791252000,15,5310466,109717447729868425953518478863464593097164180657492046300912575576456962976952,2026-10-06T02:00:00+00:00,2026-10-06T02:15:00+00:00,21.57,0.5,0.51,0.505,0.01,749.0,293.19,99
2026-10-06T01:54:27.859870+00:00,btc-updown-5m-1791251700,5,5310418,53920846738205049359906992480164854480133596709464225416982546836262308355330,2026-10-06T01:55:00+00:00,2026-10-06T02:00:00+00:00,5.55,0.5,0.51,0.505,0.01,340.24,441.16,99
2026-10-06T01:54:27.859870+00:00,btc-updown-15m-1791251100,15,5310370,44053860579069070446013479703490753431201714764797634026016455595597240928822,2026-10-06T01:45:00+00:00,2026-10-06T02:00:00+00:00,5.55,0.24,0.25,0.245,0.01,484.79,45.0,99
2026-10-06T01:54:27.859870+00:00,btc-updown-15m-1791252000,15,5310466,109717447729868425953518478863464593097164180657492046300912575576456962976952,2026-10-06T02:00:00+00:00,2026-10-06T02:15:00+00:00,20.55,0.5,0.51,0.505,0.01,649.0,270.01,99
2026-10-06T01:55:28.980059+00:00,btc-updown-5m-1791251700,5,5310418,53920846738205049359906992480164854480133596709464225416982546836262308355330,2026-10-06T01:55:00+00:00,2026-10-06T02:00:00+00:00,4.53,0.6,0.61,0.605,0.01,485.57,258.26,99
2026-10-06T01:55:28.980059+00:00,btc-updown-5m-1791252000,5,5310495,31757756654139215146351024087702232884198167459109481229593439875813718455983,2026-10-06T02:00:00+00:00,2026-10-06T02:05:00+00:00,9.53,0.5,0.51,0.505,0.01,375.88,270.0,99
2026-10-06T01:55:28.980059+00:00,btc-updown-15m-1791251100,15,5310370,44053860579069070446013479703490753431201714764797634026016455595597240928822,2026-10-06T01:45:00+00:00,2026-10-06T02:00:00+00:00,4.53,0.27,0.28,0.275,0.01,277.0,272.2,99
2026-10-06T01:55:28.980059+00:00,btc-updown-15m-1791252000,15,5310466,109717447729868425953518478863464593097164180657492046300912575576456962976952,2026-10-06T02:00:00+00:00,2026-10-06T02:15:00+00:00,19.53,0.5,0.51,0.505,0.01,654.0,274.99,99
2026-10-06T01:56:30.143521+00:00,btc-updown-5m-1791251700,5,5310418,53920846738205049359906992480164854480133596709464225416982546836262308355330,2026-10-06T01:55:00+00:00,2026-10-06T02:00:00+00:00,3.5,0.48,0.49,0.485,0.01,110.0,1337.85,99
2026-10-06T01:56:30.143521+00:00,btc-updown-5m-1791252000,5,5310495,31757756654139215146351024087702232884198167459109481229593439875813718455983,2026-10-06T02:00:00+00:00,2026-10-06T02:05:00+00:00,8.5,0.5,0.51,0.505,0.01,455.1,268.03,99
2026-10-06T01:56:30.143521+00:00,btc-updown-15m-1791251100,15,5310370,44053860579069070446013479703490753431201714764797634026016455595597240928822,2026-10-06T01:45:00+00:00,2026-10-06T02:00:00+00:00,3.5,0.17,0.18,0.175,0.01,247.63,268.43,99
2026-10-06T01:56:30.143521+00:00,btc-updown-15m-1791252000,15,5310466,109717447729868425953518478863464593097164180657492046300912575576456962976952,2026-10-06T02:00:00+00:00,2026-10-06T02:15:00+00:00,18.5,0.5,0.51,0.505,0.01,563.06,274.99,99
2026-10-06T01:57:31.436625+00:00,btc-updown-5m-1791251700,5,5310418,53920846738205049359906992480164854480133596709464225416982546836262308355330,2026-10-06T01:55:00+00:00,2026-10-06T02:00:00+00:00,2.48,0.26,0.27,0.265,0.01,597.19,105.0,99
2026-10-06T01:57:31.436625+00:00,btc-updown-5m-1791252000,5,5310495,31757756654139215146351024087702232884198167459109481229593439875813718455983,2026-10-06T02:00:00+00:00,2026-10-06T02:05:00+00:00,7.48,0.5,0.51,0.505,0.01,673.77,257.84,99
2026-10-06T01:57:31.436625+00:00,btc-updown-15m-1791251100,15,5310370,44053860579069070446013479703490753431201714764797634026016455595597240928822,2026-10-06T01:45:00+00:00,2026-10-06T02:00:00+00:00,2.48,0.04,0.05,0.045,0.01,216.5,341.36,99
2026-10-06T01:57:31.436625+00:00,btc-updown-15m-1791252000,15,5310466,109717447729868425953518478863464593097164180657492046300912575576456962976952,2026-10-06T02:00:00+00:00,2026-10-06T02:15:00+00:00,17.48,0.5,0.51,0.505,0.01,104.42,61.05,99
2026-10-06T01:58:32.628717+00:00,btc-updown-5m-1791251700,5,5310418,53920846738205049359906992480164854480133596709464225416982546836262308355330,2026-10-06T01:55:00+00:00,2026-10-06T02:00:00+00:00,1.47,0.64,0.65,0.645,0.01,514.09,65.62,99
2026-10-06T01:58:32.628717+00:00,btc-updown-5m-1791252000,5,5310495,31757756654139215146351024087702232884198167459109481229593439875813718455983,2026-10-06T02:00:00+00:00,2026-10-06T02:05:00+00:00,6.47,0.51,0.52,0.515,0.01,97.47,377.9,99
2026-10-06T01:58:32.628717+00:00,btc-updown-15m-1791251100,15,5310370,44053860579069070446013479703490753431201714764797634026016455595597240928822,2026-10-06T01:45:00+00:00,2026-10-06T02:00:00+00:00,1.47,0.06,0.07,0.065,0.01,35.0,371.52,99
2026-10-06T01:58:32.628717+00:00,btc-updown-15m-1791252000,15,5310466,109717447729868425953518478863464593097164180657492046300912575576456962976952,2026-10-06T02:00:00+00:00,2026-10-06T02:15:00+00:00,16.47,0.52,0.53,0.525,0.01,150.0,553.22,99
2026-10-06T01:59:34.055635+00:00,btc-updown-5m-1791251700,5,5310418,53920846738205049359906992480164854480133596709464225416982546836262308355330,2026-10-06T01:55:00+00:00,2026-10-06T02:00:00+00:00,0.43,0.02,0.03,0.025,0.01,86.22,771.66,98
2026-10-06T01:59:34.055635+00:00,btc-updown-5m-1791252000,5,5310495,31757756654139215146351024087702232884198167459109481229593439875813718455983,2026-10-06T02:00:00+00:00,2026-10-06T02:05:00+00:00,5.43,0.48,0.49,0.485,0.01,315.25,265.2,99
2026-10-06T01:59:34.055635+00:00,btc-updown-15m-1791252000,15,5310466,109717447729868425953518478863464593097164180657492046300912575576456962976952,2026-10-06T02:00:00+00:00,2026-10-06T02:15:00+00:00,15.43,0.52,0.53,0.525,0.01,79.01,64.52,87
2026-10-06T02:00:35.108734+00:00,btc-updown-5m-1791252000,5,5310495,31757756654139215146351024087702232884198167459109481229593439875813718455983,2026-10-06T02:00:00+00:00,2026-10-06T02:05:00+00:00,4.42,0.51,0.52,0.515,0.01,1050.0,357.71,99
2026-10-06T02:00:35.108734+00:00,btc-updown-5m-1791252300,5,5310513,91288845313821580451526812542883228943495198074609067882680237446548751481612,2026-10-06T02:05:00+00:00,2026-10-06T02:10:00+00:00,9.42,0.5,0.51,0.505,0.01,133.0,548.78,99
2026-10-06T02:00:35.108734+00:00,btc-updown-15m-1791252000,15,5310466,109717447729868425953518478863464593097164180657492046300912575576456962976952,2026-10-06T02:00:00+00:00,2026-10-06T02:15:00+00:00,14.42,0.51,0.52,0.515,0.01,2655.17,35.0,99
2026-10-06T02:00:35.108734+00:00,btc-updown-15m-1791252900,15,5310602,330369079259132573336449011743313808097327432408037652167723022025263520542,2026-10-06T02:15:00+00:00,2026-10-06T02:30:00+00:00,29.42,0.5,0.51,0.505,0.01,490.0,288.0,95
2026-10-06T02:01:36.333353+00:00,btc-updown-5m-1791252000,5,5310495,31757756654139215146351024087702232884198167459109481229593439875813718455983,2026-10-06T02:00:00+00:00,2026-10-06T02:05:00+00:00,3.4,0.29,0.3,0.295,0.01,446.01,539.63,99
2026-10-06T02:01:36.333353+00:00,btc-updown-5m-1791252300,5,5310513,91288845313821580451526812542883228943495198074609067882680237446548751481612,2026-10-06T02:05:00+00:00,2026-10-06T02:10:00+00:00,8.4,0.5,0.51,0.505,0.01,151.0,548.78,99
2026-10-06T02:01:36.333353+00:00,btc-updown-15m-1791252000,15,5310466,109717447729868425953518478863464593097164180657492046300912575576456962976952,2026-10-06T02:00:00+00:00,2026-10-06T02:15:00+00:00,13.4,0.39,0.4,0.395,0.01,929.0,130.0,99
2026-10-06T02:01:36.333353+00:00,btc-updown-15m-1791252900,15,5310602,330369079259132573336449011743313808097327432408037652167723022025263520542,2026-10-06T02:15:00+00:00,2026-10-06T02:30:00+00:00,28.4,0.5,0.51,0.505,0.01,670.0,288.0,95
2026-10-06T02:02:37.565515+00:00,btc-updown-5m-1791252000,5,5310495,31757756654139215146351024087702232884198167459109481229593439875813718455983,2026-10-06T02:00:00+00:00,2026-10-06T02:05:00+00:00,2.38,0.22,0.23,0.225,0.01,140.0,678.38,99
2026-10-06T02:02:37.565515+00:00,btc-updown-5m-1791252300,5,5310513,91288845313821580451526812542883228943495198074609067882680237446548751481612,2026-10-06T02:05:00+00:00,2026-10-06T02:10:00+00:00,7.38,0.5,0.51,0.505,0.01,159.45,539.18,99
2026-10-06T02:02:37.565515+00:00,btc-updown-15m-1791252000,15,5310466,109717447729868425953518478863464593097164180657492046300912575576456962976952,2026-10-06T02:00:00+00:00,2026-10-06T02:15:00+00:00,12.38,0.4,0.41,0.405,0.01,20.0,798.26,99
2026-10-06T02:02:37.565515+00:00,btc-updown-15m-1791252900,15,5310602,330369079259132573336449011743313808097327432408037652167723022025263520542,2026-10-06T02:15:00+00:00,2026-10-06T02:30:00+00:00,27.38,0.5,0.51,0.505,0.01,720.0,278.19,94
2026-10-06T02:03:38.753982+00:00,btc-updown-5m-1791252000,5,5310495,31757756654139215146351024087702232884198167459109481229593439875813718455983,2026-10-06T02:00:00+00:00,2026-10-06T02:05:00+00:00,1.37,0.04,0.05,0.045,0.01,100.0,1523.56,99
2026-10-06T02:03:38.753982+00:00,btc-updown-5m-1791252300,5,5310513,91288845313821580451526812542883228943495198074609067882680237446548751481612,2026-10-06T02:05:00+00:00,2026-10-06T02:10:00+00:00,6.37,0.5,0.51,0.505,0.01,150.45,300.16,99
2026-10-06T02:03:38.753982+00:00,btc-updown-15m-1791252000,15,5310466,109717447729868425953518478863464593097164180657492046300912575576456962976952,2026-10-06T02:00:00+00:00,2026-10-06T02:15:00+00:00,11.37,0.32,0.33,0.325,0.01,2499.0,355.04,99
2026-10-06T02:03:38.753982+00:00,btc-updown-15m-1791252900,15,5310602,330369079259132573336449011743313808097327432408037652167723022025263520542,2026-10-06T02:15:00+00:00,2026-10-06T02:30:00+00:00,26.37,0.5,0.51,0.505,0.01,620.0,288.19,94
2026-10-06T02:04:39.965463+00:00,btc-updown-5m-1791252300,5,5310513,91288845313821580451526812542883228943495198074609067882680237446548751481612,2026-10-06T02:05:00+00:00,2026-10-06T02:10:00+00:00,5.35,0.4,0.41,0.405,0.01,2.37,409.73,99
2026-10-06T02:04:39.965463+00:00,btc-updown-15m-1791252000,15,5310466,109717447729868425953518478863464593097164180657492046300912575576456962976952,2026-10-06T02:00:00+00:00,2026-10-06T02:15:00+00:00,10.35,0.24,0.25,0.245,0.01,2126.72,381.0,99
2026-10-06T02:04:39.965463+00:00,btc-updown-15m-1791252900,15,5310602,330369079259132573336449011743313808097327432408037652167723022025263520542,2026-10-06T02:15:00+00:00,2026-10-06T02:30:00+00:00,25.35,0.5,0.51,0.505,0.01,720.0,288.19,93
2026-10-06T02:05:41.010593+00:00,btc-updown-5m-1791252300,5,5310513,91288845313821580451526812542883228943495198074609067882680237446548751481612,2026-10-06T02:05:00+00:00,2026-10-06T02:10:00+00:00,4.32,0.63,0.64,0.635,0.01,322.17,311.53,99
2026-10-06T02:05:41.010593+00:00,btc-updown-5m-1791252600,5,5310585,25151175737113725026158406291153450539480968423634513983919526049647515730574,2026-10-06T02:10:00+00:00,2026-10-06T02:15:00+00:00,9.32,0.51,0.52,0.515,0.01,79.9,333.3,99
2026-10-06T02:05:41.010593+00:00,btc-updown-15m-1791252000,15,5310466,109717447729868425953518478863464593097164180657492046300912575576456962976952,2026-10-06T02:00:00+00:00,2026-10-06T02:15:00+00:00,9.32,0.35,0.36,0.355,0.01,4.49,489.17,99
2026-10-06T02:05:41.010593+00:00,btc-updown-15m-1791252900,15,5310602,330369079259132573336449011743313808097327432408037652167723022025263520542,2026-10-06T02:15:00+00:00,2026-10-06T02:30:00+00:00,24.32,0.5,0.51,0.505,0.01,769.0,293.19,95
2026-10-06T02:06:42.218905+00:00,btc-updown-5m-1791252300,5,5310513,91288845313821580451526812542883228943495198074609067882680237446548751481612,2026-10-06T02:05:00+00:00,2026-10-06T02:10:00+00:00,3.3,0.32,0.34,0.33,0.02,35.0,598.92,98
2026-10-06T02:06:42.218905+00:00,btc-updown-5m-1791252600,5,5310585,25151175737113725026158406291153450539480968423634513983919526049647515730574,2026-10-06T02:10:00+00:00,2026-10-06T02:15:00+00:00,8.3,0.51,0.52,0.515,0.01,79.9,333.3,99
2026-10-06T02:06:42.218905+00:00,btc-updown-15m-1791252000,15,5310466,109717447729868425953518478863464593097164180657492046300912575576456962976952,2026-10-06T02:00:00+00:00,2026-10-06T02:15:00+00:00,8.3,0.21,0.22,0.215,0.01,1474.84,664.99,99
2026-10-06T02:06:42.218905+00:00,btc-updown-15m-1791252900,15,5310602,330369079259132573336449011743313808097327432408037652167723022025263520542,2026-10-06T02:15:00+00:00,2026-10-06T02:30:00+00:00,23.3,0.5,0.51,0.505,0.01,769.0,293.19,95
2026-10-06T02:07:43.432303+00:00,btc-updown-5m-1791252300,5,5310513,91288845313821580451526812542883228943495198074609067882680237446548751481612,2026-10-06T02:05:00+00:00,2026-10-06T02:10:00+00:00,2.28,0.09,0.1,0.095,0.01,711.41,1115.56,99
2026-10-06T02:07:43.432303+00:00,btc-updown-5m-1791252600,5,5310585,25151175737113725026158406291153450539480968423634513983919526049647515730574,2026-10-06T02:10:00+00:00,2026-10-06T02:15:00+00:00,7.28,0.51,0.52,0.515,0.01,89.92,333.3,99
2026-10-06T02:07:43.432303+00:00,btc-updown-15m-1791252000,15,5310466,109717447729868425953518478863464593097164180657492046300912575576456962976952,2026-10-06T02:00:00+00:00,2026-10-06T02:15:00+00:00,7.28,0.1,0.11,0.105,0.01,136.43,419.7,99
2026-10-06T02:07:43.432303+00:00,btc-updown-15m-1791252900,15,5310602,330369079259132573336449011743313808097327432408037652167723022025263520542,2026-10-06T02:15:00+00:00,2026-10-06T02:30:00+00:00,22.28,0.5,0.51,0.505,0.01,769.0,293.19,95
2026-10-06T02:08:44.637455+00:00,btc-updown-5m-1791252600,5,5310585,25151175737113725026158406291153450539480968423634513983919526049647515730574,2026-10-06T02:10:00+00:00,2026-10-06T02:15:00+00:00,6.27,0.5,0.51,0.505,0.01,125.67,250.0,99
2026-10-06T02:08:44.637455+00:00,btc-updown-15m-1791252000,15,5310466,109717447729868425953518478863464593097164180657492046300912575576456962976952,2026-10-06T02:00:00+00:00,2026-10-06T02:15:00+00:00,6.27,0.06,0.07,0.065,0.01,257.5,432.0,99
2026-10-06T02:08:44.637455+00:00,btc-updown-15m-1791252900,15,5310602,330369079259132573336449011743313808097327432408037652167723022025263520542,2026-10-06T02:15:00+00:00,2026-10-06T02:30:00+00:00,21.27,0.5,0.51,0.505,0.01,769.0,293.19,95
2026-10-06T02:09:45.790182+00:00,btc-updown-5m-1791252600,5,5310585,25151175737113725026158406291153450539480968423634513983919526049647515730574,2026-10-06T02:10:00+00:00,2026-10-06T02:15:00+00:00,5.25,0.41,0.42,0.415,0.01,708.51,180.81,99
2026-10-06T02:09:45.790182+00:00,btc-updown-15m-1791252000,15,5310466,109717447729868425953518478863464593097164180657492046300912575576456962976952,2026-10-06T02:00:00+00:00,2026-10-06T02:15:00+00:00,5.25,0.02,0.03,0.025,0.01,590.25,695.25,99
2026-10-06T02:09:45.790182+00:00,btc-updown-15m-1791252900,15,5310602,330369079259132573336449011743313808097327432408037652167723022025263520542,2026-10-06T02:15:00+00:00,2026-10-06T02:30:00+00:00,20.25,0.5,0.51,0.505,0.01,779.0,270.0,93
2026-10-06T02:10:46.884003+00:00,btc-updown-5m-1791252600,5,5310585,25151175737113725026158406291153450539480968423634513983919526049647515730574,2026-10-06T02:10:00+00:00,2026-10-06T02:15:00+00:00,4.23,0.44,0.45,0.445,0.01,1568.35,19.77,99
2026-10-06T02:10:46.884003+00:00,btc-updown-5m-1791252900,5,5310605,77596599331022525488380556854838318999547779742370639296947937273276477094793,2026-10-06T02:15:00+00:00,2026-10-06T02:20:00+00:00,9.23,0.5,0.51,0.505,0.01,509.16,470.6,99
2026-10-06T02:10:46.884003+00:00,btc-updown-15m-1791252000,15,5310466,109717447729868425953518478863464593097164180657492046300912575576456962976952,2026-10-06T02:00:00+00:00,2026-10-06T02:15:00+00:00,4.23,0.02,0.03,0.025,0.01,335.0,681.74,99
2026-10-06T02:10:46.884003+00:00,btc-updown-15m-1791252900,15,5310602,330369079259132573336449011743313808097327432408037652167723022025263520542,2026-10-06T02:15:00+00:00,2026-10-06T02:30:00+00:00,19.23,0.51,0.52,0.515,0.01,270.0,263.0,93
2026-10-06T02:11:48.041336+00:00,btc-updown-5m-1791252600,5,5310585,25151175737113725026158406291153450539480968423634513983919526049647515730574,2026-10-06T02:10:00+00:00,2026-10-06T02:15:00+00:00,3.2,0.63,0.64,0.635,0.01,1088.25,423.2,99
2026-10-06T02:11:48.041336+00:00,btc-updown-5m-1791252900,5,5310605,77596599331022525488380556854838318999547779742370639296947937273276477094793,2026-10-06T02:15:00+00:00,2026-10-06T02:20:00+00:00,8.2,0.5,0.51,0.505,0.01,374.16,470.6,99
2026-10-06T02:11:48.041336+00:00,btc-updown-15m-1791252000,15,5310466,109717447729868425953518478863464593097164180657492046300912575576456962976952,2026-10-06T02:00:00+00:00,2026-10-06T02:15:00+00:00,3.2,0.03,0.031,0.0305,0.001,130.0,175.0,122
2026-10-06T02:11:48.041336+00:00,btc-updown-15m-1791252900,15,5310602,330369079259132573336449011743313808097327432408037652167723022025263520542,2026-10-06T02:15:00+00:00,2026-10-06T02:30:00+00:00,18.2,0.51,0.52,0.515,0.01,323.63,231.28,95
2026-10-06T02:12:49.228196+00:00,btc-updown-5m-1791252600,5,5310585,25151175737113725026158406291153450539480968423634513983919526049647515730574,2026-10-06T02:10:00+00:00,2026-10-06T02:15:00+00:00,2.18,0.26,0.27,0.265,0.01,10.0,1677.04,99
2026-10-06T02:12:49.228196+00:00,btc-updown-5m-1791252900,5,5310605,77596599331022525488380556854838318999547779742370639296947937273276477094793,2026-10-06T02:15:00+00:00,2026-10-06T02:20:00+00:00,7.18,0.5,0.51,0.505,0.01,519.16,447.71,99
2026-10-06T02:12:49.228196+00:00,btc-updown-15m-1791252900,15,5310602,330369079259132573336449011743313808097327432408037652167723022025263520542,2026-10-06T02:15:00+00:00,2026-10-06T02:30:00+00:00,17.18,0.51,0.52,0.515,0.01,328.63,224.35,95
2026-10-06T02:13:50.369507+00:00,btc-updown-5m-1791252600,5,5310585,25151175737113725026158406291153450539480968423634513983919526049647515730574,2026-10-06T02:10:00+00:00,2026-10-06T02:15:00+00:00,1.17,0.02,0.03,0.025,0.01,2320.02,1880.73,99
2026-10-06T02:13:50.369507+00:00,btc-updown-5m-1791252900,5,5310605,77596599331022525488380556854838318999547779742370639296947937273276477094793,2026-10-06T02:15:00+00:00,2026-10-06T02:20:00+00:00,6.17,0.5,0.51,0.505,0.01,287.16,403.71,99
2026-10-06T02:13:50.369507+00:00,btc-updown-15m-1791252900,15,5310602,330369079259132573336449011743313808097327432408037652167723022025263520542,2026-10-06T02:15:00+00:00,2026-10-06T02:30:00+00:00,16.17,0.52,0.53,0.525,0.01,217.31,280.0,95
2026-10-06T02:14:51.487872+00:00,btc-updown-5m-1791252900,5,5310605,77596599331022525488380556854838318999547779742370639296947937273276477094793,2026-10-06T02:15:00+00:00,2026-10-06T02:20:00+00:00,5.15,0.42,0.43,0.425,0.01,1.37,233.12,99
2026-10-06T02:14:51.487872+00:00,btc-updown-15m-1791252900,15,5310602,330369079259132573336449011743313808097327432408037652167723022025263520542,2026-10-06T02:15:00+00:00,2026-10-06T02:30:00+00:00,15.15,0.51,0.52,0.515,0.01,288.56,7.88,85
2026-10-06T02:15:52.458878+00:00,btc-updown-5m-1791252900,5,5310605,77596599331022525488380556854838318999547779742370639296947937273276477094793,2026-10-06T02:15:00+00:00,2026-10-06T02:20:00+00:00,4.13,0.61,0.62,0.615,0.01,1700.51,40.0,99
2026-10-06T02:15:52.458878+00:00,btc-updown-5m-1791253200,5,5310608,50056609764497324086573243677030343884678505727152109260651162950523376839607,2026-10-06T02:20:00+00:00,2026-10-06T02:25:00+00:00,9.13,0.5,0.51,0.505,0.01,428.48,265.0,99
2026-10-06T02:15:52.458878+00:00,btc-updown-15m-1791252900,15,5310602,330369079259132573336449011743313808097327432408037652167723022025263520542,2026-10-06T02:15:00+00:00,2026-10-06T02:30:00+00:00,14.13,0.57,0.58,0.575,0.01,535.12,264.47,99
2026-10-06T02:15:52.458878+00:00,btc-updown-15m-1791253800,15,5310687,3039155141907855518508959512452941838385323691763897418180318503261516501157,2026-10-06T02:30:00+00:00,2026-10-06T02:45:00+00:00,29.13,0.5,0.51,0.505,0.01,905.0,283.0,98
2026-10-06T02:16:53.626590+00:00,btc-updown-5m-1791252900,5,5310605,77596599331022525488380556854838318999547779742370639296947937273276477094793,2026-10-06T02:15:00+00:00,2026-10-06T02:20:00+00:00,3.12,0.91,0.92,0.915,0.01,1581.42,81.56,99
2026-10-06T02:16:53.626590+00:00,btc-updown-5m-1791253200,5,5310608,50056609764497324086573243677030343884678505727152109260651162950523376839607,2026-10-06T02:20:00+00:00,2026-10-06T02:25:00+00:00,8.12,0.5,0.51,0.505,0.01,291.48,265.0,99
2026-10-06T02:16:53.626590+00:00,btc-updown-15m-1791252900,15,5310602,330369079259132573336449011743313808097327432408037652167723022025263520542,2026-10-06T02:15:00+00:00,2026-10-06T02:30:00+00:00,13.12,0.73,0.74,0.735,0.01,396.92,332.06,97
2026-10-06T02:16:53.626590+00:00,btc-updown-15m-1791253800,15,5310687,3039155141907855518508959512452941838385323691763897418180318503261516501157,2026-10-06T02:30:00+00:00,2026-10-06T02:45:00+00:00,28.12,0.5,0.51,0.505,0.01,805.0,283.0,98
2026-10-06T02:17:54.798232+00:00,btc-updown-5m-1791252900,5,5310605,77596599331022525488380556854838318999547779742370639296947937273276477094793,2026-10-06T02:15:00+00:00,2026-10-06T02:20:00+00:00,2.1,0.79,0.8,0.795,0.01,541.24,86.88,99
2026-10-06T02:17:54.798232+00:00,btc-updown-5m-1791253200,5,5310608,50056609764497324086573243677030343884678505727152109260651162950523376839607,2026-10-06T02:20:00+00:00,2026-10-06T02:25:00+00:00,7.1,0.5,0.51,0.505,0.01,275.26,8.03,99
2026-10-06T02:17:54.798232+00:00,btc-updown-15m-1791252900,15,5310602,330369079259132573336449011743313808097327432408037652167723022025263520542,2026-10-06T02:15:00+00:00,2026-10-06T02:30:00+00:00,12.1,0.61,0.62,0.615,0.01,234.0,465.24,97
2026-10-06T02:17:54.798232+00:00,btc-updown-15m-1791253800,15,5310687,3039155141907855518508959512452941838385323691763897418180318503261516501157,2026-10-06T02:30:00+00:00,2026-10-06T02:45:00+00:00,27.1,0.5,0.51,0.505,0.01,805.0,283.0,99
2026-10-06T02:18:55.997512+00:00,btc-updown-5m-1791252900,5,5310605,77596599331022525488380556854838318999547779742370639296947937273276477094793,2026-10-06T02:15:00+00:00,2026-10-06T02:20:00+00:00,1.08,0.97,0.98,0.975,0.01,1992.48,430.57,96
2026-10-06T02:18:55.997512+00:00,btc-updown-5m-1791253200,5,5310608,50056609764497324086573243677030343884678505727152109260651162950523376839607,2026-10-06T02:20:00+00:00,2026-10-06T02:25:00+00:00,6.08,0.5,0.51,0.505,0.01,11.2,50.0,99
2026-10-06T02:18:55.997512+00:00,btc-updown-15m-1791252900,15,5310602,330369079259132573336449011743313808097327432408037652167723022025263520542,2026-10-06T02:15:00+00:00,2026-10-06T02:30:00+00:00,11.08,0.68,0.69,0.685,0.01,433.27,75.0,97
2026-10-06T02:18:55.997512+00:00,btc-updown-15m-1791253800,15,5310687,3039155141907855518508959512452941838385323691763897418180318503261516501157,2026-10-06T02:30:00+00:00,2026-10-06T02:45:00+00:00,26.08,0.5,0.51,0.505,0.01,905.0,293.0,98
2026-10-06T02:19:57.360244+00:00,btc-updown-5m-1791253200,5,5310608,50056609764497324086573243677030343884678505727152109260651162950523376839607,2026-10-06T02:20:00+00:00,2026-10-06T02:25:00+00:00,5.05,0.59,0.6,0.595,0.01,70.0,50.0,99
2026-10-06T02:19:57.360244+00:00,btc-updown-15m-1791252900,15,5310602,330369079259132573336449011743313808097327432408037652167723022025263520542,2026-10-06T02:15:00+00:00,2026-10-06T02:30:00+00:00,10.05,0.76,0.77,0.765,0.01,421.59,193.57,96
2026-10-06T02:19:57.360244+00:00,btc-updown-15m-1791253800,15,5310687,3039155141907855518508959512452941838385323691763897418180318503261516501157,2026-10-06T02:30:00+00:00,2026-10-06T02:45:00+00:00,25.05,0.5,0.51,0.505,0.01,805.0,293.0,98
2026-10-06T02:20:58.424021+00:00,btc-updown-5m-1791253200,5,5310608,50056609764497324086573243677030343884678505727152109260651162950523376839607,2026-10-06T02:20:00+00:00,2026-10-06T02:25:00+00:00,4.03,0.8,0.81,0.805,0.01,1155.05,133.35,99
2026-10-06T02:20:58.424021+00:00,btc-updown-5m-1791253500,5,5310671,60012554986824132250045215367039042424034937614616521248623492878220986239667,2026-10-06T02:25:00+00:00,2026-10-06T02:30:00+00:00,9.03,0.5,0.51,0.505,0.01,262.85,727.95,99
2026-10-06T02:20:58.424021+00:00,btc-updown-15m-1791252900,15,5310602,330369079259132573336449011743313808097327432408037652167723022025263520542,2026-10-06T02:15:00+00:00,2026-10-06T02:30:00+00:00,9.03,0.87,0.88,0.875,0.01,43.0,560.48,96
2026-10-06T02:20:58.424021+00:00,btc-updown-15m-1791253800,15,5310687,3039155141907855518508959512452941838385323691763897418180318503261516501157,2026-10-06T02:30:00+00:00,2026-10-06T02:45:00+00:00,24.03,0.5,0.51,0.505,0.01,600.0,298.0,98
2026-10-06T02:21:59.705897+00:00,btc-updown-5m-1791253200,5,5310608,50056609764497324086573243677030343884678505727152109260651162950523376839607,2026-10-06T02:20:00+00:00,2026-10-06T02:25:00+00:00,3.02,0.94,0.95,0.945,0.01,276.94,904.01,99
2026-10-06T02:21:59.705897+00:00,btc-updown-5m-1791253500,5,5310671,60012554986824132250045215367039042424034937614616521248623492878220986239667,2026-10-06T02:25:00+00:00,2026-10-06T02:30:00+00:00,8.02,0.5,0.51,0.505,0.01,262.85,727.95,99
2026-10-06T02:21:59.705897+00:00,btc-updown-15m-1791252900,15,5310602,330369079259132573336449011743313808097327432408037652167723022025263520542,2026-10-06T02:15:00+00:00,2026-10-06T02:30:00+00:00,8.02,0.93,0.94,0.935,0.01,293.0,398.0,93
2026-10-06T02:21:59.705897+00:00,btc-updown-15m-1791253800,15,5310687,3039155141907855518508959512452941838385323691763897418180318503261516501157,2026-10-06T02:30:00+00:00,2026-10-06T02:45:00+00:00,23.02,0.5,0.51,0.505,0.01,600.0,298.0,98
2026-10-06T02:23:00.922335+00:00,btc-updown-5m-1791253500,5,5310671,60012554986824132250045215367039042424034937614616521248623492878220986239667,2026-10-06T02:25:00+00:00,2026-10-06T02:30:00+00:00,7.0,0.5,0.51,0.505,0.01,122.85,740.98,99
2026-10-06T02:23:00.922335+00:00,btc-updown-15m-1791252900,15,5310602,330369079259132573336449011743313808097327432408037652167723022025263520542,2026-10-06T02:15:00+00:00,2026-10-06T02:30:00+00:00,7.0,0.96,0.97,0.965,0.01,631.7,165.0,88
2026-10-06T02:23:00.922335+00:00,btc-updown-15m-1791253800,15,5310687,3039155141907855518508959512452941838385323691763897418180318503261516501157,2026-10-06T02:30:00+00:00,2026-10-06T02:45:00+00:00,22.0,0.5,0.51,0.505,0.01,545.0,298.0,97
2026-10-06T02:24:02.026443+00:00,btc-updown-5m-1791253500,5,5310671,60012554986824132250045215367039042424034937614616521248623492878220986239667,2026-10-06T02:25:00+00:00,2026-10-06T02:30:00+00:00,5.97,0.49,0.5,0.495,0.01,128.86,33.0,99
2026-10-06T02:24:02.026443+00:00,btc-updown-15m-1791253800,15,5310687,3039155141907855518508959512452941838385323691763897418180318503261516501157,2026-10-06T02:30:00+00:00,2026-10-06T02:45:00+00:00,20.97,0.5,0.51,0.505,0.01,505.0,904.0,98
2026-10-06T02:25:03.098940+00:00,btc-updown-5m-1791253500,5,5310671,60012554986824132250045215367039042424034937614616521248623492878220986239667,2026-10-06T02:25:00+00:00,2026-10-06T02:30:00+00:00,4.95,0.5,0.51,0.505,0.01,46.68,819.83,99
2026-10-06T02:25:03.098940+00:00,btc-updown-5m-1791253800,5,5310683,70902002961154384352728275001167321848285039063080481022437016506578193225040,2026-10-06T02:30:00+00:00,2026-10-06T02:35:00+00:00,9.95,0.5,0.51,0.505,0.01,185.41,629.08,99
2026-10-06T02:25:03.098940+00:00,btc-updown-15m-1791252900,15,5310602,330369079259132573336449011743313808097327432408037652167723022025263520542,2026-10-06T02:15:00+00:00,2026-10-06T02:30:00+00:00,4.95,0.993,0.999,0.996,0.006,104.66,1016.0,117
2026-10-06T02:25:03.098940+00:00,btc-updown-15m-1791253800,15,5310687,3039155141907855518508959512452941838385323691763897418180318503261516501157,2026-10-06T02:30:00+00:00,2026-10-06T02:45:00+00:00,19.95,0.5,0.51,0.505,0.01,480.0,764.0,98
2026-10-06T02:26:04.288842+00:00,btc-updown-5m-1791253500,5,5310671,60012554986824132250045215367039042424034937614616521248623492878220986239667,2026-10-06T02:25:00+00:00,2026-10-06T02:30:00+00:00,3.93,0.67,0.68,0.675,0.01,1937.92,203.0,99
2026-10-06T02:26:04.288842+00:00,btc-updown-5m-1791253800,5,5310683,70902002961154384352728275001167321848285039063080481022437016506578193225040,2026-10-06T02:30:00+00:00,2026-10-06T02:35:00+00:00,8.93,0.5,0.51,0.505,0.01,135.45,865.66,99
2026-10-06T02:26:04.288842+00:00,btc-updown-15m-1791252900,15,5310602,330369079259132573336449011743313808097327432408037652167723022025263520542,2026-10-06T02:15:00+00:00,2026-10-06T02:30:00+00:00,3.93,0.998,0.999,0.9985,0.001,506.65,833.01,125
2026-10-06T02:26:04.288842+00:00,btc-updown-15m-1791253800,15,5310687,3039155141907855518508959512452941838385323691763897418180318503261516501157,2026-10-06T02:30:00+00:00,2026-10-06T02:45:00+00:00,18.93,0.5,0.51,0.505,0.01,485.0,764.0,97
2026-10-06T02:27:05.487907+00:00,btc-updown-5m-1791253500,5,5310671,60012554986824132250045215367039042424034937614616521248623492878220986239667,2026-10-06T02:25:00+00:00,2026-10-06T02:30:00+00:00,2.92,0.35,0.36,0.355,0.01,603.32,185.0,99
2026-10-06T02:27:05.487907+00:00,btc-updown-5m-1791253800,5,5310683,70902002961154384352728275001167321848285039063080481022437016506578193225040,2026-10-06T02:30:00+00:00,2026-10-06T02:35:00+00:00,7.92,0.5,0.51,0.505,0.01,135.45,845.66,99
2026-10-06T02:27:05.487907+00:00,btc-updown-15m-1791253800,15,5310687,3039155141907855518508959512452941838385323691763897418180318503261516501157,2026-10-06T02:30:00+00:00,2026-10-06T02:45:00+00:00,17.92,0.5,0.51,0.505,0.01,425.04,579.0,97
2026-10-06T02:28:06.621508+00:00,btc-updown-5m-1791253500,5,5310671,60012554986824132250045215367039042424034937614616521248623492878220986239667,2026-10-06T02:25:00+00:00,2026-10-06T02:30:00+00:00,1.9,0.04,0.05,0.045,0.01,511.74,784.84,99
2026-10-06T02:28:06.621508+00:00,btc-updown-5m-1791253800,5,5310683,70902002961154384352728275001167321848285039063080481022437016506578193225040,2026-10-06T02:30:00+00:00,2026-10-06T02:35:00+00:00,6.9,0.5,0.51,0.505,0.01,145.45,845.66,99
2026-10-06T02:28:06.621508+00:00,btc-updown-15m-1791252900,15,5310602,330369079259132573336449011743313808097327432408037652167723022025263520542,2026-10-06T02:15:00+00:00,2026-10-06T02:30:00+00:00,1.9,0.997,0.999,0.998,0.002,20.0,526.06,118
2026-10-06T02:28:06.621508+00:00,btc-updown-15m-1791253800,15,5310687,3039155141907855518508959512452941838385323691763897418180318503261516501157,2026-10-06T02:30:00+00:00,2026-10-06T02:45:00+00:00,16.9,0.5,0.51,0.505,0.01,425.04,499.0,97
2026-10-06T02:29:07.895851+00:00,btc-updown-5m-1791253800,5,5310683,70902002961154384352728275001167321848285039063080481022437016506578193225040,2026-10-06T02:30:00+00:00,2026-10-06T02:35:00+00:00,5.88,0.5,0.51,0.505,0.01,57.45,356.18,99
2026-10-06T02:29:07.895851+00:00,btc-updown-15m-1791253800,15,5310687,3039155141907855518508959512452941838385323691763897418180318503261516501157,2026-10-06T02:30:00+00:00,2026-10-06T02:45:00+00:00,15.88,0.5,0.51,0.505,0.01,425.04,93.0,91
2026-10-06T02:30:08.888661+00:00,btc-updown-5m-1791253800,5,5310683,70902002961154384352728275001167321848285039063080481022437016506578193225040,2026-10-06T02:30:00+00:00,2026-10-06T02:35:00+00:00,4.87,0.5,0.51,0.505,0.01,1517.19,54.31,99
2026-10-06T02:30:08.888661+00:00,btc-updown-5m-1791254100,5,5310742,18698776763625326401126152436504494270925535942989093029108150500373049494034,2026-10-06T02:35:00+00:00,2026-10-06T02:40:00+00:00,9.87,0.5,0.51,0.505,0.01,184.53,634.77,99
2026-10-06T02:30:08.888661+00:00,btc-updown-15m-1791253800,15,5310687,3039155141907855518508959512452941838385323691763897418180318503261516501157,2026-10-06T02:30:00+00:00,2026-10-06T02:45:00+00:00,14.87,0.51,0.52,0.515,0.01,426.88,314.0,99
2026-10-06T02:30:08.888661+00:00,btc-updown-15m-1791254700,15,5311273,73534779309784571626172783564332282793335080167185633485692750168780245139735,2026-10-06T02:45:00+00:00,2026-10-06T03:00:00+00:00,29.87,0.5,0.51,0.505,0.01,165.0,298.0,95
2026-10-06T02:31:10.067869+00:00,btc-updown-5m-1791253800,5,5310683,70902002961154384352728275001167321848285039063080481022437016506578193225040,2026-10-06T02:30:00+00:00,2026-10-06T02:35:00+00:00,3.83,0.4,0.41,0.405,0.01,229.72,446.39,99
2026-10-06T02:31:10.067869+00:00,btc-updown-5m-1791254100,5,5310742,18698776763625326401126152436504494270925535942989093029108150500373049494034,2026-10-06T02:35:00+00:00,2026-10-06T02:40:00+00:00,8.83,0.5,0.51,0.505,0.01,196.53,393.69,99
2026-10-06T02:31:10.067869+00:00,btc-updown-15m-1791253800,15,5310687,3039155141907855518508959512452941838385323691763897418180318503261516501157,2026-10-06T02:30:00+00:00,2026-10-06T02:45:00+00:00,13.83,0.47,0.48,0.475,0.01,45.0,555.42,99
2026-10-06T02:31:10.067869+00:00,btc-updown-15m-1791254700,15,5311273,73534779309784571626172783564332282793335080167185633485692750168780245139735,2026-10-06T02:45:00+00:00,2026-10-06T03:00:00+00:00,28.83,0.5,0.51,0.505,0.01,165.0,298.0,95
2026-10-06T02:32:11.326512+00:00,btc-updown-5m-1791253800,5,5310683,70902002961154384352728275001167321848285039063080481022437016506578193225040,2026-10-06T02:30:00+00:00,2026-10-06T02:35:00+00:00,2.82,0.68,0.7,0.69,0.02,285.46,582.28,98
2026-10-06T02:32:11.326512+00:00,btc-updown-5m-1791254100,5,5310742,18698776763625326401126152436504494270925535942989093029108150500373049494034,2026-10-06T02:35:00+00:00,2026-10-06T02:40:00+00:00,7.82,0.5,0.51,0.505,0.01,186.53,410.69,99
2026-10-06T02:32:11.326512+00:00,btc-updown-15m-1791253800,15,5310687,3039155141907855518508959512452941838385323691763897418180318503261516501157,2026-10-06T02:30:00+00:00,2026-10-06T02:45:00+00:00,12.82,0.52,0.53,0.525,0.01,257.99,188.0,99
2026-10-06T02:32:11.326512+00:00,btc-updown-15m-1791254700,15,5311273,73534779309784571626172783564332282793335080167185633485692750168780245139735,2026-10-06T02:45:00+00:00,2026-10-06T03:00:00+00:00,27.82,0.5,0.51,0.505,0.01,195.0,338.0,95
2026-10-06T02:33:12.565526+00:00,btc-updown-5m-1791253800,5,5310683,70902002961154384352728275001167321848285039063080481022437016506578193225040,2026-10-06T02:30:00+00:00,2026-10-06T02:35:00+00:00,1.8,0.28,0.29,0.285,0.01,265.0,525.69,99
2026-10-06T02:33:12.565526+00:00,btc-updown-5m-1791254100,5,5310742,18698776763625326401126152436504494270925535942989093029108150500373049494034,2026-10-06T02:35:00+00:00,2026-10-06T02:40:00+00:00,6.8,0.5,0.51,0.505,0.01,116.53,370.01,99
2026-10-06T02:33:12.565526+00:00,btc-updown-15m-1791253800,15,5310687,3039155141907855518508959512452941838385323691763897418180318503261516501157,2026-10-06T02:30:00+00:00,2026-10-06T02:45:00+00:00,11.8,0.44,0.45,0.445,0.01,35.0,559.83,99
2026-10-06T02:33:12.565526+00:00,btc-updown-15m-1791254700,15,5311273,73534779309784571626172783564332282793335080167185633485692750168780245139735,2026-10-06T02:45:00+00:00,2026-10-06T03:00:00+00:00,26.8,0.5,0.51,0.505,0.01,215.0,298.0,95
2026-10-06T02:34:14.058439+00:00,btc-updown-5m-1791253800,5,5310683,70902002961154384352728275001167321848285039063080481022437016506578193225040,2026-10-06T02:30:00+00:00,2026-10-06T02:35:00+00:00,0.77,0.01,0.02,0.015,0.01,60.64,2541.07,96
2026-10-06T02:34:14.058439+00:00,btc-updown-5m-1791254100,5,5310742,18698776763625326401126152436504494270925535942989093029108150500373049494034,2026-10-06T02:35:00+00:00,2026-10-06T02:40:00+00:00,5.77,0.5,0.51,0.505,0.01,101.53,252.0,99
2026-10-06T02:34:14.058439+00:00,btc-updown-15m-1791253800,15,5310687,3039155141907855518508959512452941838385323691763897418180318503261516501157,2026-10-06T02:30:00+00:00,2026-10-06T02:45:00+00:00,10.77,0.36,0.37,0.365,0.01,15.0,385.87,99
2026-10-06T02:34:14.058439+00:00,btc-updown-15m-1791254700,15,5311273,73534779309784571626172783564332282793335080167185633485692750168780245139735,2026-10-06T02:45:00+00:00,2026-10-06T03:00:00+00:00,25.77,0.5,0.51,0.505,0.01,245.0,298.0,95
2026-10-06T02:35:15.246936+00:00,btc-updown-5m-1791254100,5,5310742,18698776763625326401126152436504494270925535942989093029108150500373049494034,2026-10-06T02:35:00+00:00,2026-10-06T02:40:00+00:00,4.75,0.13,0.14,0.135,0.01,4.7,1271.86,99
2026-10-06T02:35:15.246936+00:00,btc-updown-5m-1791254400,5,5311258,81691943604888695617805960429773413503677299105855455783687985567234270105170,2026-10-06T02:40:00+00:00,2026-10-06T02:45:00+00:00,9.75,0.5,0.51,0.505,0.01,366.57,623.08,99
2026-10-06T02:35:15.246936+00:00,btc-updown-15m-1791253800,15,5310687,3039155141907855518508959512452941838385323691763897418180318503261516501157,2026-10-06T02:30:00+00:00,2026-10-06T02:45:00+00:00,9.75,0.1,0.11,0.105,0.01,30.0,703.45,99
2026-10-06T02:35:15.246936+00:00,btc-updown-15m-1791254700,15,5311273,73534779309784571626172783564332282793335080167185633485692750168780245139735,2026-10-06T02:45:00+00:00,2026-10-06T03:00:00+00:00,24.75,0.5,0.51,0.505,0.01,570.0,303.0,93
2026-10-06T02:36:16.477084+00:00,btc-updown-5m-1791254100,5,5310742,18698776763625326401126152436504494270925535942989093029108150500373049494034,2026-10-06T02:35:00+00:00,2026-10-06T02:40:00+00:00,3.73,0.43,0.44,0.435,0.01,91.0,404.58,99
2026-10-06T02:36:16.477084+00:00,btc-updown-5m-1791254400,5,5311258,81691943604888695617805960429773413503677299105855455783687985567234270105170,2026-10-06T02:40:00+00:00,2026-10-06T02:45:00+00:00,8.73,0.5,0.51,0.505,0.01,339.57,609.08,99
2026-10-06T02:36:16.477084+00:00,btc-updown-15m-1791253800,15,5310687,3039155141907855518508959512452941838385323691763897418180318503261516501157,2026-10-06T02:30:00+00:00,2026-10-06T02:45:00+00:00,8.73,0.26,0.27,0.265,0.01,340.7,80.0,99
2026-10-06T02:36:16.477084+00:00,btc-updown-15m-1791254700,15,5311273,73534779309784571626172783564332282793335080167185633485692750168780245139735,2026-10-06T02:45:00+00:00,2026-10-06T03:00:00+00:00,23.73,0.5,0.51,0.505,0.01,395.0,303.0,93
2026-10-06T02:37:17.711089+00:00,btc-updown-5m-1791254100,5,5310742,18698776763625326401126152436504494270925535942989093029108150500373049494034,2026-10-06T02:35:00+00:00,2026-10-06T02:40:00+00:00,2.72,0.68,0.69,0.685,0.01,260.0,362.51,99
2026-10-06T02:37:17.711089+00:00,btc-updown-5m-1791254400,5,5311258,81691943604888695617805960429773413503677299105855455783687985567234270105170,2026-10-06T02:40:00+00:00,2026-10-06T02:45:00+00:00,7.72,0.5,0.51,0.505,0.01,339.57,609.08,99
2026-10-06T02:37:17.711089+00:00,btc-updown-15m-1791253800,15,5310687,3039155141907855518508959512452941838385323691763897418180318503261516501157,2026-10-06T02:30:00+00:00,2026-10-06T02:45:00+00:00,7.72,0.37,0.38,0.375,0.01,500.7,178.82,99
2026-10-06T02:37:17.711089+00:00,btc-updown-15m-1791254700,15,5311273,73534779309784571626172783564332282793335080167185633485692750168780245139735,2026-10-06T02:45:00+00:00,2026-10-06T03:00:00+00:00,22.72,0.5,0.51,0.505,0.01,290.0,303.0,95
2026-10-06T02:38:19.101651+00:00,btc-updown-5m-1791254100,5,5310742,18698776763625326401126152436504494270925535942989093029108150500373049494034,2026-10-06T02:35:00+00:00,2026-10-06T02:40:00+00:00,1.68,0.94,0.95,0.945,0.01,309.99,626.57,99
2026-10-06T02:38:19.101651+00:00,btc-updown-5m-1791254400,5,5311258,81691943604888695617805960429773413503677299105855455783687985567234270105170,2026-10-06T02:40:00+00:00,2026-10-06T02:45:00+00:00,6.68,0.5,0.51,0.505,0.01,120.57,619.08,99
2026-10-06T02:38:19.101651+00:00,btc-updown-15m-1791253800,15,5310687,3039155141907855518508959512452941838385323691763897418180318503261516501157,2026-10-06T02:30:00+00:00,2026-10-06T02:45:00+00:00,6.68,0.52,0.53,0.525,0.01,108.0,758.67,99
2026-10-06T02:38:19.101651+00:00,btc-updown-15m-1791254700,15,5311273,73534779309784571626172783564332282793335080167185633485692750168780245139735,2026-10-06T02:45:00+00:00,2026-10-06T03:00:00+00:00,21.68,0.5,0.51,0.505,0.01,320.0,303.0,95
2026-10-06T02:39:20.349268+00:00,btc-updown-5m-1791254400,5,5311258,81691943604888695617805960429773413503677299105855455783687985567234270105170,2026-10-06T02:40:00+00:00,2026-10-06T02:45:00+00:00,5.67,0.51,0.52,0.515,0.01,287.62,10.0,99
2026-10-06T02:39:20.349268+00:00,btc-updown-15m-1791253800,15,5310687,3039155141907855518508959512452941838385323691763897418180318503261516501157,2026-10-06T02:30:00+00:00,2026-10-06T02:45:00+00:00,5.67,0.61,0.62,0.615,0.01,237.17,280.57,99
2026-10-06T02:39:20.349268+00:00,btc-updown-15m-1791254700,15,5311273,73534779309784571626172783564332282793335080167185633485692750168780245139735,2026-10-06T02:45:00+00:00,2026-10-06T03:00:00+00:00,20.67,0.5,0.51,0.505,0.01,280.0,303.0,95
2026-10-06T02:40:21.432248+00:00,btc-updown-5m-1791254400,5,5311258,81691943604888695617805960429773413503677299105855455783687985567234270105170,2026-10-06T02:40:00+00:00,2026-10-06T02:45:00+00:00,4.65,0.47,0.48,0.475,0.01,1885.53,5.0,99
2026-10-06T02:40:21.432248+00:00,btc-updown-5m-1791254700,5,5311276,84043041594404173733536373971475629410506672228356191271236965046005559686389,2026-10-06T02:45:00+00:00,2026-10-06T02:50:00+00:00,9.65,0.5,0.51,0.505,0.01,106.97,691.3,99
2026-10-06T02:40:21.432248+00:00,btc-updown-15m-1791253800,15,5310687,3039155141907855518508959512452941838385323691763897418180318503261516501157,2026-10-06T02:30:00+00:00,2026-10-06T02:45:00+00:00,4.65,0.58,0.59,0.585,0.01,805.0,10.0,98
2026-10-06T02:40:21.432248+00:00,btc-updown-15m-1791254700,15,5311273,73534779309784571626172783564332282793335080167185633485692750168780245139735,2026-10-06T02:45:00+00:00,2026-10-06T03:00:00+00:00,19.65,0.5,0.51,0.505,0.01,230.0,318.0,93
2026-10-06T02:41:22.633938+00:00,btc-updown-5m-1791254400,5,5311258,81691943604888695617805960429773413503677299105855455783687985567234270105170,2026-10-06T02:40:00+00:00,2026-10-06T02:45:00+00:00,3.63,0.55,0.56,0.555,0.01,55.0,1264.81,99
2026-10-06T02:41:22.633938+00:00,btc-updown-5m-1791254700,5,5311276,84043041594404173733536373971475629410506672228356191271236965046005559686389,2026-10-06T02:45:00+00:00,2026-10-06T02:50:00+00:00,8.63,0.5,0.51,0.505,0.01,92.97,823.37,99
2026-10-06T02:41:22.633938+00:00,btc-updown-15m-1791253800,15,5310687,3039155141907855518508959512452941838385323691763897418180318503261516501157,2026-10-06T02:30:00+00:00,2026-10-06T02:45:00+00:00,3.63,0.61,0.62,0.615,0.01,474.42,38.0,99
2026-10-06T02:41:22.633938+00:00,btc-updown-15m-1791254700,15,5311273,73534779309784571626172783564332282793335080167185633485692750168780245139735,2026-10-06T02:45:00+00:00,2026-10-06T03:00:00+00:00,18.63,0.5,0.51,0.505,0.01,230.0,358.0,95
2026-10-06T08:26:17.058059+00:00,btc-updown-5m-1791275100,5,5318333,93448984466575410503762564982340113501482956021106105891442796301280437111681,2026-10-06T08:25:00+00:00,2026-10-06T08:30:00+00:00,3.72,0.41,0.42,0.415,0.01,1723.58,215.19,99
2026-10-06T08:26:17.058059+00:00,btc-updown-5m-1791275400,5,5318339,25743947055429150078670844657943857000198083096552582259855063920393000436321,2026-10-06T08:30:00+00:00,2026-10-06T08:35:00+00:00,8.72,0.49,0.5,0.495,0.01,413.7,264.18,99
2026-10-06T08:26:17.058059+00:00,btc-updown-15m-1791274500,15,5318307,102810563318153825070264698894650096459892717209092156125086109768013817200883,2026-10-06T08:15:00+00:00,2026-10-06T08:30:00+00:00,3.72,0.76,0.77,0.765,0.01,1881.59,38.0,99
2026-10-06T08:26:17.058059+00:00,btc-updown-15m-1791275400,15,5318340,32066172356291805245537545344571189606092430540396895299712696889740449082751,2026-10-06T08:30:00+00:00,2026-10-06T08:45:00+00:00,18.72,0.49,0.5,0.495,0.01,264.99,581.0,97
2026-10-06T08:27:18.399076+00:00,btc-updown-5m-1791275100,5,5318333,93448984466575410503762564982340113501482956021106105891442796301280437111681,2026-10-06T08:25:00+00:00,2026-10-06T08:30:00+00:00,2.7,0.72,0.73,0.725,0.01,1381.71,78.15,99
2026-10-06T08:27:18.399076+00:00,btc-updown-5m-1791275400,5,5318339,25743947055429150078670844657943857000198083096552582259855063920393000436321,2026-10-06T08:30:00+00:00,2026-10-06T08:35:00+00:00,7.7,0.48,0.49,0.485,0.01,265.0,103.0,99
2026-10-06T08:27:18.399076+00:00,btc-updown-15m-1791274500,15,5318307,102810563318153825070264698894650096459892717209092156125086109768013817200883,2026-10-06T08:15:00+00:00,2026-10-06T08:30:00+00:00,2.7,0.94,0.95,0.945,0.01,299.0,488.69,99
2026-10-06T08:27:18.399076+00:00,btc-updown-15m-1791275400,15,5318340,32066172356291805245537545344571189606092430540396895299712696889740449082751,2026-10-06T08:30:00+00:00,2026-10-06T08:45:00+00:00,17.7,0.49,0.5,0.495,0.01,17.5,581.0,97
2026-10-06T08:28:19.591861+00:00,btc-updown-5m-1791275100,5,5318333,93448984466575410503762564982340113501482956021106105891442796301280437111681,2026-10-06T08:25:00+00:00,2026-10-06T08:30:00+00:00,1.68,0.98,0.99,0.985,0.01,1102.39,715.81,99
2026-10-06T08:28:19.591861+00:00,btc-updown-5m-1791275400,5,5318339,25743947055429150078670844657943857000198083096552582259855063920393000436321,2026-10-06T08:30:00+00:00,2026-10-06T08:35:00+00:00,6.68,0.46,0.47,0.465,0.01,206.38,30.0,99
2026-10-06T08:28:19.591861+00:00,btc-updown-15m-1791275400,15,5318340,32066172356291805245537545344571189606092430540396895299712696889740449082751,2026-10-06T08:30:00+00:00,2026-10-06T08:45:00+00:00,16.68,0.48,0.49,0.485,0.01,300.0,204.97,97
2026-10-06T08:29:20.689760+00:00,btc-updown-5m-1791275400,5,5318339,25743947055429150078670844657943857000198083096552582259855063920393000436321,2026-10-06T08:30:00+00:00,2026-10-06T08:35:00+00:00,5.67,0.48,0.49,0.485,0.01,111.0,584.95,99
2026-10-06T08:29:20.689760+00:00,btc-updown-15m-1791275400,15,5318340,32066172356291805245537545344571189606092430540396895299712696889740449082751,2026-10-06T08:30:00+00:00,2026-10-06T08:45:00+00:00,15.67,0.47,0.48,0.475,0.01,114.02,15.0,89
2026-10-06T08:30:21.673701+00:00,btc-updown-5m-1791275400,5,5318339,25743947055429150078670844657943857000198083096552582259855063920393000436321,2026-10-06T08:30:00+00:00,2026-10-06T08:35:00+00:00,4.65,0.17,0.18,0.175,0.01,253.46,718.51,99
2026-10-06T08:30:21.673701+00:00,btc-updown-5m-1791275700,5,5318395,18560990024222888907476507456252506459069614085453889590517548094687919102240,2026-10-06T08:35:00+00:00,2026-10-06T08:40:00+00:00,9.65,0.49,0.5,0.495,0.01,434.7,298.0,99
2026-10-06T08:30:21.673701+00:00,btc-updown-15m-1791275400,15,5318340,32066172356291805245537545344571189606092430540396895299712696889740449082751,2026-10-06T08:30:00+00:00,2026-10-06T08:45:00+00:00,14.65,0.31,0.32,0.315,0.01,151.55,464.33,99
2026-10-06T08:30:21.673701+00:00,btc-updown-15m-1791276300,15,5318927,82322592443476934350450011528087216601058356915738824735229547593461816960389,2026-10-06T08:45:00+00:00,2026-10-06T09:00:00+00:00,29.65,0.5,0.51,0.505,0.01,4.0,633.53,95
2026-10-06T08:31:22.834262+00:00,btc-updown-5m-1791275400,5,5318339,25743947055429150078670844657943857000198083096552582259855063920393000436321,2026-10-06T08:30:00+00:00,2026-10-06T08:35:00+00:00,3.63,0.19,0.2,0.195,0.01,1076.98,183.33,99
2026-10-06T08:31:22.834262+00:00,btc-updown-5m-1791275700,5,5318395,18560990024222888907476507456252506459069614085453889590517548094687919102240,2026-10-06T08:35:00+00:00,2026-10-06T08:40:00+00:00,8.63,0.49,0.5,0.495,0.01,448.61,293.0,99
2026-10-06T08:31:22.834262+00:00,btc-updown-15m-1791275400,15,5318340,32066172356291805245537545344571189606092430540396895299712696889740449082751,2026-10-06T08:30:00+00:00,2026-10-06T08:45:00+00:00,13.63,0.33,0.34,0.335,0.01,688.55,384.31,99
2026-10-06T08:31:22.834262+00:00,btc-updown-15m-1791276300,15,5318927,82322592443476934350450011528087216601058356915738824735229547593461816960389,2026-10-06T08:45:00+00:00,2026-10-06T09:00:00+00:00,28.63,0.5,0.51,0.505,0.01,4.0,758.53,95
2026-10-06T08:32:23.979386+00:00,btc-updown-5m-1791275400,5,5318339,25743947055429150078670844657943857000198083096552582259855063920393000436321,2026-10-06T08:30:00+00:00,2026-10-06T08:35:00+00:00,2.62,0.2,0.21,0.205,0.01,337.0,654.77,99
2026-10-06T08:32:23.979386+00:00,btc-updown-5m-1791275700,5,5318395,18560990024222888907476507456252506459069614085453889590517548094687919102240,2026-10-06T08:35:00+00:00,2026-10-06T08:40:00+00:00,7.62,0.49,0.5,0.495,0.01,414.12,241.5,99
2026-10-06T08:32:23.979386+00:00,btc-updown-15m-1791275400,15,5318340,32066172356291805245537545344571189606092430540396895299712696889740449082751,2026-10-06T08:30:00+00:00,2026-10-06T08:45:00+00:00,12.62,0.35,0.36,0.355,0.01,223.0,372.07,99
2026-10-06T08:32:23.979386+00:00,btc-updown-15m-1791276300,15,5318927,82322592443476934350450011528087216601058356915738824735229547593461816960389,2026-10-06T08:45:00+00:00,2026-10-06T09:00:00+00:00,27.62,0.5,0.51,0.505,0.01,4.0,936.59,95
2026-10-06T08:33:25.131542+00:00,btc-updown-5m-1791275400,5,5318339,25743947055429150078670844657943857000198083096552582259855063920393000436321,2026-10-06T08:30:00+00:00,2026-10-06T08:35:00+00:00,1.58,0.07,0.08,0.075,0.01,490.11,374.0,99
2026-10-06T08:33:25.131542+00:00,btc-updown-5m-1791275700,5,5318395,18560990024222888907476507456252506459069614085453889590517548094687919102240,2026-10-06T08:35:00+00:00,2026-10-06T08:40:00+00:00,6.58,0.49,0.5,0.495,0.01,399.51,299.5,99
2026-10-06T08:33:25.131542+00:00,btc-updown-15m-1791275400,15,5318340,32066172356291805245537545344571189606092430540396895299712696889740449082751,2026-10-06T08:30:00+00:00,2026-10-06T08:45:00+00:00,11.58,0.34,0.35,0.345,0.01,983.47,30.0,99
2026-10-06T08:33:25.131542+00:00,btc-updown-15m-1791276300,15,5318927,82322592443476934350450011528087216601058356915738824735229547593461816960389,2026-10-06T08:45:00+00:00,2026-10-06T09:00:00+00:00,26.58,0.5,0.51,0.505,0.01,4.0,936.59,95
2026-10-06T08:34:26.346248+00:00,btc-updown-5m-1791275700,5,5318395,18560990024222888907476507456252506459069614085453889590517548094687919102240,2026-10-06T08:35:00+00:00,2026-10-06T08:40:00+00:00,5.57,0.5,0.51,0.505,0.01,739.08,68.17,98
2026-10-06T08:34:26.346248+00:00,btc-updown-15m-1791275400,15,5318340,32066172356291805245537545344571189606092430540396895299712696889740449082751,2026-10-06T08:30:00+00:00,2026-10-06T08:45:00+00:00,10.57,0.46,0.47,0.465,0.01,381.0,64.99,99
2026-10-06T08:34:26.346248+00:00,btc-updown-15m-1791276300,15,5318927,82322592443476934350450011528087216601058356915738824735229547593461816960389,2026-10-06T08:45:00+00:00,2026-10-06T09:00:00+00:00,25.57,0.5,0.51,0.505,0.01,4.0,936.59,95
2026-10-06T08:35:27.401168+00:00,btc-updown-5m-1791275700,5,5318395,18560990024222888907476507456252506459069614085453889590517548094687919102240,2026-10-06T08:35:00+00:00,2026-10-06T08:40:00+00:00,4.55,0.28,0.29,0.285,0.01,1130.17,231.92,99
2026-10-06T08:35:27.401168+00:00,btc-updown-5m-1791276000,5,5318904,86778640167095999932739670170310609682709985600035786755418918612497545104824,2026-10-06T08:40:00+00:00,2026-10-06T08:45:00+00:00,9.55,0.49,0.5,0.495,0.01,434.95,199.17,99
2026-10-06T08:35:27.401168+00:00,btc-updown-15m-1791275400,15,5318340,32066172356291805245537545344571189606092430540396895299712696889740449082751,2026-10-06T08:30:00+00:00,2026-10-06T08:45:00+00:00,9.55,0.3,0.31,0.305,0.01,191.0,205.0,99
2026-10-06T08:35:27.401168+00:00,btc-updown-15m-1791276300,15,5318927,82322592443476934350450011528087216601058356915738824735229547593461816960389,2026-10-06T08:45:00+00:00,2026-10-06T09:00:00+00:00,24.55,0.5,0.51,0.505,0.01,25.0,964.04,93
2026-10-06T08:36:28.584194+00:00,btc-updown-5m-1791275700,5,5318395,18560990024222888907476507456252506459069614085453889590517548094687919102240,2026-10-06T08:35:00+00:00,2026-10-06T08:40:00+00:00,3.53,0.16,0.17,0.165,0.01,50.0,802.47,99
2026-10-06T08:36:28.584194+00:00,btc-updown-5m-1791276000,5,5318904,86778640167095999932739670170310609682709985600035786755418918612497545104824,2026-10-06T08:40:00+00:00,2026-10-06T08:45:00+00:00,8.53,0.49,0.5,0.495,0.01,457.98,254.17,99
2026-10-06T08:36:28.584194+00:00,btc-updown-15m-1791275400,15,5318340,32066172356291805245537545344571189606092430540396895299712696889740449082751,2026-10-06T08:30:00+00:00,2026-10-06T08:45:00+00:00,8.53,0.22,0.23,0.225,0.01,95.74,457.59,99
2026-10-06T08:36:28.584194+00:00,btc-updown-15m-1791276300,15,5318927,82322592443476934350450011528087216601058356915738824735229547593461816960389,2026-10-06T08:45:00+00:00,2026-10-06T09:00:00+00:00,23.53,0.5,0.51,0.505,0.01,50.0,814.04,95
2026-10-06T08:37:29.751084+00:00,btc-updown-5m-1791275700,5,5318395,18560990024222888907476507456252506459069614085453889590517548094687919102240,2026-10-06T08:35:00+00:00,2026-10-06T08:40:00+00:00,2.52,0.04,0.05,0.045,0.01,3666.66,94.75,99
2026-10-06T08:37:29.751084+00:00,btc-updown-5m-1791276000,5,5318904,86778640167095999932739670170310609682709985600035786755418918612497545104824,2026-10-06T08:40:00+00:00,2026-10-06T08:45:00+00:00,7.52,0.49,0.5,0.495,0.01,545.36,229.17,99
2026-10-06T08:37:29.751084+00:00,btc-updown-15m-1791275400,15,5318340,32066172356291805245537545344571189606092430540396895299712696889740449082751,2026-10-06T08:30:00+00:00,2026-10-06T08:45:00+00:00,7.52,0.18,0.19,0.185,0.01,61.0,392.2,99
2026-10-06T08:37:29.751084+00:00,btc-updown-15m-1791276300,15,5318927,82322592443476934350450011528087216601058356915738824735229547593461816960389,2026-10-06T08:45:00+00:00,2026-10-06T09:00:00+00:00,22.52,0.5,0.51,0.505,0.01,25.0,864.04,95
2026-10-06T08:38:30.946225+00:00,btc-updown-5m-1791275700,5,5318395,18560990024222888907476507456252506459069614085453889590517548094687919102240,2026-10-06T08:35:00+00:00,2026-10-06T08:40:00+00:00,1.5,0.02,0.03,0.025,0.01,905.99,641.06,99
2026-10-06T08:38:30.946225+00:00,btc-updown-5m-1791276000,5,5318904,86778640167095999932739670170310609682709985600035786755418918612497545104824,2026-10-06T08:40:00+00:00,2026-10-06T08:45:00+00:00,6.5,0.49,0.5,0.495,0.01,543.39,224.17,99
2026-10-06T08:38:30.946225+00:00,btc-updown-15m-1791275400,15,5318340,32066172356291805245537545344571189606092430540396895299712696889740449082751,2026-10-06T08:30:00+00:00,2026-10-06T08:45:00+00:00,6.5,0.17,0.18,0.175,0.01,241.0,422.7,99
2026-10-06T08:38:30.946225+00:00,btc-updown-15m-1791276300,15,5318927,82322592443476934350450011528087216601058356915738824735229547593461816960389,2026-10-06T08:45:00+00:00,2026-10-06T09:00:00+00:00,21.5,0.5,0.51,0.505,0.01,25.0,864.04,95
2026-10-06T08:39:32.118758+00:00,btc-updown-5m-1791276000,5,5318904,86778640167095999932739670170310609682709985600035786755418918612497545104824,2026-10-06T08:40:00+00:00,2026-10-06T08:45:00+00:00,5.47,0.47,0.48,0.475,0.01,200.0,60.0,99
2026-10-06T08:39:32.118758+00:00,btc-updown-15m-1791275400,15,5318340,32066172356291805245537545344571189606092430540396895299712696889740449082751,2026-10-06T08:30:00+00:00,2026-10-06T08:45:00+00:00,5.47,0.1,0.11,0.105,0.01,595.33,20.0,99
2026-10-06T08:39:32.118758+00:00,btc-updown-15m-1791276300,15,5318927,82322592443476934350450011528087216601058356915738824735229547593461816960389,2026-10-06T08:45:00+00:00,2026-10-06T09:00:00+00:00,20.47,0.5,0.51,0.505,0.01,25.0,844.04,94
2026-10-06T08:40:33.201982+00:00,btc-updown-5m-1791276000,5,5318904,86778640167095999932739670170310609682709985600035786755418918612497545104824,2026-10-06T08:40:00+00:00,2026-10-06T08:45:00+00:00,4.45,0.58,0.59,0.585,0.01,42.75,1707.04,99
2026-10-06T08:40:33.201982+00:00,btc-updown-5m-1791276300,5,5318926,26953736319434099485488123193496161021031192349438352107507889463744305142571,2026-10-06T08:45:00+00:00,2026-10-06T08:50:00+00:00,9.45,0.5,0.51,0.505,0.01,53.35,857.2,99
2026-10-06T08:40:33.201982+00:00,btc-updown-15m-1791275400,15,5318340,32066172356291805245537545344571189606092430540396895299712696889740449082751,2026-10-06T08:30:00+00:00,2026-10-06T08:45:00+00:00,4.45,0.11,0.12,0.115,0.01,112.0,485.1,99
2026-10-06T08:40:33.201982+00:00,btc-updown-15m-1791276300,15,5318927,82322592443476934350450011528087216601058356915738824735229547593461816960389,2026-10-06T08:45:00+00:00,2026-10-06T09:00:00+00:00,19.45,0.5,0.51,0.505,0.01,25.0,874.93,93
2026-10-06T08:41:34.375595+00:00,btc-updown-5m-1791276000,5,5318904,86778640167095999932739670170310609682709985600035786755418918612497545104824,2026-10-06T08:40:00+00:00,2026-10-06T08:45:00+00:00,3.43,0.87,0.88,0.875,0.01,1139.54,42.88,99
2026-10-06T08:41:34.375595+00:00,btc-updown-5m-1791276300,5,5318926,26953736319434099485488123193496161021031192349438352107507889463744305142571,2026-10-06T08:45:00+00:00,2026-10-06T08:50:00+00:00,8.43,0.5,0.51,0.505,0.01,58.35,855.82,99
2026-10-06T08:41:34.375595+00:00,btc-updown-15m-1791275400,15,5318340,32066172356291805245537545344571189606092430540396895299712696889740449082751,2026-10-06T08:30:00+00:00,2026-10-06T08:45:00+00:00,3.43,0.45,0.46,0.455,0.01,25.0,519.77,98
2026-10-06T08:41:34.375595+00:00,btc-updown-15m-1791276300,15,5318927,82322592443476934350450011528087216601058356915738824735229547593461816960389,2026-10-06T08:45:00+00:00,2026-10-06T09:00:00+00:00,18.43,0.5,0.51,0.505,0.01,25.0,974.93,95
2026-10-06T08:42:35.569460+00:00,btc-updown-5m-1791276000,5,5318904,86778640167095999932739670170310609682709985600035786755418918612497545104824,2026-10-06T08:40:00+00:00,2026-10-06T08:45:00+00:00,2.42,0.96,0.97,0.965,0.01,308.89,814.5,99
2026-10-06T08:42:35.569460+00:00,btc-updown-5m-1791276300,5,5318926,26953736319434099485488123193496161021031192349438352107507889463744305142571,2026-10-06T08:45:00+00:00,2026-10-06T08:50:00+00:00,7.42,0.5,0.51,0.505,0.01,41.16,853.85,99
2026-10-06T08:42:35.569460+00:00,btc-updown-15m-1791275400,15,5318340,32066172356291805245537545344571189606092430540396895299712696889740449082751,2026-10-06T08:30:00+00:00,2026-10-06T08:45:00+00:00,2.42,0.52,0.53,0.525,0.01,445.91,70.0,99
2026-10-06T08:42:35.569460+00:00,btc-updown-15m-1791276300,15,5318927,82322592443476934350450011528087216601058356915738824735229547593461816960389,2026-10-06T08:45:00+00:00,2026-10-06T09:00:00+00:00,17.42,0.5,0.51,0.505,0.01,25.0,915.11,95
2026-10-06T08:43:36.757110+00:00,btc-updown-5m-1791276300,5,5318926,26953736319434099485488123193496161021031192349438352107507889463744305142571,2026-10-06T08:45:00+00:00,2026-10-06T08:50:00+00:00,6.4,0.5,0.51,0.505,0.01,41.16,1006.25,99
2026-10-06T08:43:36.757110+00:00,btc-updown-15m-1791275400,15,5318340,32066172356291805245537545344571189606092430540396895299712696889740449082751,2026-10-06T08:30:00+00:00,2026-10-06T08:45:00+00:00,1.4,0.95,0.96,0.955,0.01,435.62,63.0,99
2026-10-06T08:43:36.757110+00:00,btc-updown-15m-1791276300,15,5318927,82322592443476934350450011528087216601058356915738824735229547593461816960389,2026-10-06T08:45:00+00:00,2026-10-06T09:00:00+00:00,16.4,0.48,0.49,0.485,0.01,353.5,560.0,95
2026-10-06T08:44:38.007973+00:00,btc-updown-5m-1791276300,5,5318926,26953736319434099485488123193496161021031192349438352107507889463744305142571,2026-10-06T08:45:00+00:00,2026-10-06T08:50:00+00:00,5.37,0.49,0.5,0.495,0.01,297.19,348.92,99
2026-10-06T08:44:38.007973+00:00,btc-updown-15m-1791276300,15,5318927,82322592443476934350450011528087216601058356915738824735229547593461816960389,2026-10-06T08:45:00+00:00,2026-10-06T09:00:00+00:00,15.37,0.47,0.48,0.475,0.01,62.16,109.81,87
2026-10-06T08:45:38.968813+00:00,btc-updown-5m-1791276300,5,5318926,26953736319434099485488123193496161021031192349438352107507889463744305142571,2026-10-06T08:45:00+00:00,2026-10-06T08:50:00+00:00,4.37,0.58,0.59,0.585,0.01,1197.38,186.0,99
2026-10-06T08:45:38.968813+00:00,btc-updown-5m-1791276600,5,5318936,31113649374443562770230905548378671313054937004821250843887313378566952722071,2026-10-06T08:50:00+00:00,2026-10-06T08:55:00+00:00,9.37,0.49,0.5,0.495,0.01,251.62,458.0,99
2026-10-06T08:45:38.968813+00:00,btc-updown-15m-1791276300,15,5318927,82322592443476934350450011528087216601058356915738824735229547593461816960389,2026-10-06T08:45:00+00:00,2026-10-06T09:00:00+00:00,14.37,0.53,0.54,0.535,0.01,224.31,341.8,99
2026-10-06T08:45:38.968813+00:00,btc-updown-15m-1791277200,15,5319171,113096556155126261318577884029376565062090735728851670742012473787074591668512,2026-10-06T09:00:00+00:00,2026-10-06T09:15:00+00:00,29.37,0.49,0.51,0.5,0.02,215.85,654.43,98
2026-10-06T08:46:40.141052+00:00,btc-updown-5m-1791276300,5,5318926,26953736319434099485488123193496161021031192349438352107507889463744305142571,2026-10-06T08:45:00+00:00,2026-10-06T08:50:00+00:00,3.33,0.72,0.75,0.735,0.03,486.44,267.55,97
2026-10-06T08:46:40.141052+00:00,btc-updown-5m-1791276600,5,5318936,31113649374443562770230905548378671313054937004821250843887313378566952722071,2026-10-06T08:50:00+00:00,2026-10-06T08:55:00+00:00,8.33,0.49,0.5,0.495,0.01,256.62,483.0,99
2026-10-06T08:46:40.141052+00:00,btc-updown-15m-1791276300,15,5318927,82322592443476934350450011528087216601058356915738824735229547593461816960389,2026-10-06T08:45:00+00:00,2026-10-06T09:00:00+00:00,13.33,0.57,0.58,0.575,0.01,862.98,168.0,99
2026-10-06T08:46:40.141052+00:00,btc-updown-15m-1791277200,15,5319171,113096556155126261318577884029376565062090735728851670742012473787074591668512,2026-10-06T09:00:00+00:00,2026-10-06T09:15:00+00:00,28.33,0.49,0.5,0.495,0.01,215.85,830.0,99
2026-10-06T08:47:41.326196+00:00,btc-updown-5m-1791276300,5,5318926,26953736319434099485488123193496161021031192349438352107507889463744305142571,2026-10-06T08:45:00+00:00,2026-10-06T08:50:00+00:00,2.32,0.96,0.97,0.965,0.01,1326.32,431.19,99
2026-10-06T08:47:41.326196+00:00,btc-updown-5m-1791276600,5,5318936,31113649374443562770230905548378671313054937004821250843887313378566952722071,2026-10-06T08:50:00+00:00,2026-10-06T08:55:00+00:00,7.32,0.49,0.5,0.495,0.01,21.86,621.68,99
2026-10-06T08:47:41.326196+00:00,btc-updown-15m-1791276300,15,5318927,82322592443476934350450011528087216601058356915738824735229547593461816960389,2026-10-06T08:45:00+00:00,2026-10-06T09:00:00+00:00,12.32,0.73,0.74,0.735,0.01,305.33,142.0,99
2026-10-06T08:47:41.326196+00:00,btc-updown-15m-1791277200,15,5319171,113096556155126261318577884029376565062090735728851670742012473787074591668512,2026-10-06T09:00:00+00:00,2026-10-06T09:15:00+00:00,27.32,0.49,0.5,0.495,0.01,215.85,830.0,99
2026-10-06T08:48:42.504893+00:00,btc-updown-5m-1791276300,5,5318926,26953736319434099485488123193496161021031192349438352107507889463744305142571,2026-10-06T08:45:00+00:00,2026-10-06T08:50:00+00:00,1.3,0.99,0.994,0.992,0.004,1290.0,113.31,143
2026-10-06T08:48:42.504893+00:00,btc-updown-5m-1791276600,5,5318936,31113649374443562770230905548378671313054937004821250843887313378566952722071,2026-10-06T08:50:00+00:00,2026-10-06T08:55:00+00:00,6.3,0.48,0.49,0.485,0.01,504.25,108.17,99
2026-10-06T08:48:42.504893+00:00,btc-updown-15m-1791276300,15,5318927,82322592443476934350450011528087216601058356915738824735229547593461816960389,2026-10-06T08:45:00+00:00,2026-10-06T09:00:00+00:00,11.3,0.73,0.74,0.735,0.01,66.0,828.42,99
2026-10-06T08:48:42.504893+00:00,btc-updown-15m-1791277200,15,5319171,113096556155126261318577884029376565062090735728851670742012473787074591668512,2026-10-06T09:00:00+00:00,2026-10-06T09:15:00+00:00,26.3,0.49,0.5,0.495,0.01,215.85,830.0,99
2026-10-06T08:49:43.880373+00:00,btc-updown-5m-1791276600,5,5318936,31113649374443562770230905548378671313054937004821250843887313378566952722071,2026-10-06T08:50:00+00:00,2026-10-06T08:55:00+00:00,5.28,0.4,0.41,0.405,0.01,50.9,328.01,99
2026-10-06T08:49:43.880373+00:00,btc-updown-15m-1791276300,15,5318927,82322592443476934350450011528087216601058356915738824735229547593461816960389,2026-10-06T08:45:00+00:00,2026-10-06T09:00:00+00:00,10.28,0.49,0.5,0.495,0.01,1169.0,571.91,99
2026-10-06T08:49:43.880373+00:00,btc-updown-15m-1791277200,15,5319171,113096556155126261318577884029376565062090735728851670742012473787074591668512,2026-10-06T09:00:00+00:00,2026-10-06T09:15:00+00:00,25.28,0.49,0.5,0.495,0.01,215.85,830.0,99
2026-10-06T08:50:44.966983+00:00,btc-updown-5m-1791276600,5,5318936,31113649374443562770230905548378671313054937004821250843887313378566952722071,2026-10-06T08:50:00+00:00,2026-10-06T08:55:00+00:00,4.27,0.33,0.34,0.335,0.01,347.87,200.0,99
2026-10-06T08:50:44.966983+00:00,btc-updown-5m-1791276900,5,5319141,81686203354526776064172883490846072467245130064877701911061269505920722369946,2026-10-06T08:55:00+00:00,2026-10-06T09:00:00+00:00,9.27,0.5,0.51,0.505,0.01,24.06,980.26,99
2026-10-06T08:50:44.966983+00:00,btc-updown-15m-1791276300,15,5318927,82322592443476934350450011528087216601058356915738824735229547593461816960389,2026-10-06T08:45:00+00:00,2026-10-06T09:00:00+00:00,9.27,0.53,0.54,0.535,0.01,4029.88,80.0,99
2026-10-06T08:50:44.966983+00:00,btc-updown-15m-1791277200,15,5319171,113096556155126261318577884029376565062090735728851670742012473787074591668512,2026-10-06T09:00:00+00:00,2026-10-06T09:15:00+00:00,24.27,0.49,0.5,0.495,0.01,233.85,877.0,99
2026-10-06T08:51:46.147542+00:00,btc-updown-5m-1791276600,5,5318936,31113649374443562770230905548378671313054937004821250843887313378566952722071,2026-10-06T08:50:00+00:00,2026-10-06T08:55:00+00:00,3.23,0.12,0.13,0.125,0.01,313.0,555.46,99
2026-10-06T08:51:46.147542+00:00,btc-updown-5m-1791276900,5,5319141,81686203354526776064172883490846072467245130064877701911061269505920722369946,2026-10-06T08:55:00+00:00,2026-10-06T09:00:00+00:00,8.23,0.5,0.51,0.505,0.01,15.37,975.26,99
2026-10-06T08:51:46.147542+00:00,btc-updown-15m-1791276300,15,5318927,82322592443476934350450011528087216601058356915738824735229547593461816960389,2026-10-06T08:45:00+00:00,2026-10-06T09:00:00+00:00,8.23,0.37,0.38,0.375,0.01,320.42,80.0,99
2026-10-06T08:51:46.147542+00:00,btc-updown-15m-1791277200,15,5319171,113096556155126261318577884029376565062090735728851670742012473787074591668512,2026-10-06T09:00:00+00:00,2026-10-06T09:15:00+00:00,23.23,0.49,0.5,0.495,0.01,233.85,852.0,99
2026-10-06T08:52:47.328573+00:00,btc-updown-5m-1791276600,5,5318936,31113649374443562770230905548378671313054937004821250843887313378566952722071,2026-10-06T08:50:00+00:00,2026-10-06T08:55:00+00:00,2.22,0.68,0.69,0.685,0.01,209.87,288.37,99
2026-10-06T08:52:47.328573+00:00,btc-updown-5m-1791276900,5,5319141,81686203354526776064172883490846072467245130064877701911061269505920722369946,2026-10-06T08:55:00+00:00,2026-10-06T09:00:00+00:00,7.22,0.49,0.5,0.495,0.01,528.6,273.68,99
2026-10-06T08:52:47.328573+00:00,btc-updown-15m-1791276300,15,5318927,82322592443476934350450011528087216601058356915738824735229547593461816960389,2026-10-06T08:45:00+00:00,2026-10-06T09:00:00+00:00,7.22,0.73,0.74,0.735,0.01,514.86,423.66,99
2026-10-06T08:52:47.328573+00:00,btc-updown-15m-1791277200,15,5319171,113096556155126261318577884029376565062090735728851670742012473787074591668512,2026-10-06T09:00:00+00:00,2026-10-06T09:15:00+00:00,22.22,0.49,0.5,0.495,0.01,233.85,877.0,99
2026-10-06T08:53:48.680848+00:00,btc-updown-5m-1791276600,5,5318936,31113649374443562770230905548378671313054937004821250843887313378566952722071,2026-10-06T08:50:00+00:00,2026-10-06T08:55:00+00:00,1.2,0.89,0.9,0.895,0.01,391.08,217.53,99
2026-10-06T08:53:48.680848+00:00,btc-updown-5m-1791276900,5,5319141,81686203354526776064172883490846072467245130064877701911061269505920722369946,2026-10-06T08:55:00+00:00,2026-10-06T09:00:00+00:00,6.2,0.49,0.5,0.495,0.01,470.73,47.0,99
2026-10-06T08:53:48.680848+00:00,btc-updown-15m-1791276300,15,5318927,82322592443476934350450011528087216601058356915738824735229547593461816960389,2026-10-06T08:45:00+00:00,2026-10-06T09:00:00+00:00,6.2,0.77,0.78,0.775,0.01,369.06,90.04,99
2026-10-06T08:53:48.680848+00:00,btc-updown-15m-1791277200,15,5319171,113096556155126261318577884029376565062090735728851670742012473787074591668512,2026-10-06T09:00:00+00:00,2026-10-06T09:15:00+00:00,21.2,0.49,0.5,0.495,0.01,233.85,877.0,99
2026-10-06T08:54:50.026046+00:00,btc-updown-5m-1791276900,5,5319141,81686203354526776064172883490846072467245130064877701911061269505920722369946,2026-10-06T08:55:00+00:00,2026-10-06T09:00:00+00:00,5.17,0.48,0.49,0.485,0.01,20.0,130.0,99
2026-10-06T08:54:50.026046+00:00,btc-updown-15m-1791276300,15,5318927,82322592443476934350450011528087216601058356915738824735229547593461816960389,2026-10-06T08:45:00+00:00,2026-10-06T09:00:00+00:00,5.17,0.83,0.84,0.835,0.01,234.13,283.75,99
2026-10-06T08:54:50.026046+00:00,btc-updown-15m-1791277200,15,5319171,113096556155126261318577884029376565062090735728851670742012473787074591668512,2026-10-06T09:00:00+00:00,2026-10-06T09:15:00+00:00,20.17,0.49,0.5,0.495,0.01,16.98,875.0,99
2026-10-06T08:55:51.066713+00:00,btc-updown-5m-1791276900,5,5319141,81686203354526776064172883490846072467245130064877701911061269505920722369946,2026-10-06T08:55:00+00:00,2026-10-06T09:00:00+00:00,4.15,0.45,0.46,0.455,0.01,129.72,1674.28,99
2026-10-06T08:55:51.066713+00:00,btc-updown-5m-1791277200,5,5319168,10159145986638777793480374661138766524521702458655044589885190604353350878312,2026-10-06T09:00:00+00:00,2026-10-06T09:05:00+00:00,9.15,0.49,0.5,0.495,0.01,33.19,351.48,99
2026-10-06T08:55:51.066713+00:00,btc-updown-15m-1791276300,15,5318927,82322592443476934350450011528087216601058356915738824735229547593461816960389,2026-10-06T08:45:00+00:00,2026-10-06T09:00:00+00:00,4.15,0.83,0.84,0.835,0.01,218.0,229.84,99
2026-10-06T08:55:51.066713+00:00,btc-updown-15m-1791277200,15,5319171,113096556155126261318577884029376565062090735728851670742012473787074591668512,2026-10-06T09:00:00+00:00,2026-10-06T09:15:00+00:00,19.15,0.48,0.49,0.485,0.01,253.0,354.0,99
2026-10-06T08:56:52.230926+00:00,btc-updown-5m-1791276900,5,5319141,81686203354526776064172883490846072467245130064877701911061269505920722369946,2026-10-06T08:55:00+00:00,2026-10-06T09:00:00+00:00,3.13,0.39,0.4,0.395,0.01,447.93,147.0,99
2026-10-06T08:56:52.230926+00:00,btc-updown-5m-1791277200,5,5319168,10159145986638777793480374661138766524521702458655044589885190604353350878312,2026-10-06T09:00:00+00:00,2026-10-06T09:05:00+00:00,8.13,0.49,0.5,0.495,0.01,36.22,426.48,99
2026-10-06T08:56:52.230926+00:00,btc-updown-15m-1791276300,15,5318927,82322592443476934350450011528087216601058356915738824735229547593461816960389,2026-10-06T08:45:00+00:00,2026-10-06T09:00:00+00:00,3.13,0.84,0.85,0.845,0.01,7653.8,6.17,99
2026-10-06T08:56:52.230926+00:00,btc-updown-15m-1791277200,15,5319171,113096556155126261318577884029376565062090735728851670742012473787074591668512,2026-10-06T09:00:00+00:00,2026-10-06T09:15:00+00:00,18.13,0.48,0.49,0.485,0.01,220.0,461.25,99
2026-10-06T08:57:53.398381+00:00,btc-updown-5m-1791276900,5,5319141,81686203354526776064172883490846072467245130064877701911061269505920722369946,2026-10-06T08:55:00+00:00,2026-10-06T09:00:00+00:00,2.12,0.84,0.85,0.845,0.01,180.28,702.41,99
2026-10-06T08:57:53.398381+00:00,btc-updown-5m-1791277200,5,5319168,10159145986638777793480374661138766524521702458655044589885190604353350878312,2026-10-06T09:00:00+00:00,2026-10-06T09:05:00+00:00,7.12,0.48,0.49,0.485,0.01,245.89,103.33,99
2026-10-06T08:57:53.398381+00:00,btc-updown-15m-1791277200,15,5319171,113096556155126261318577884029376565062090735728851670742012473787074591668512,2026-10-06T09:00:00+00:00,2026-10-06T09:15:00+00:00,17.12,0.48,0.49,0.485,0.01,220.0,461.25,99
2026-10-06T08:58:54.641328+00:00,btc-updown-5m-1791277200,5,5319168,10159145986638777793480374661138766524521702458655044589885190604353350878312,2026-10-06T09:00:00+00:00,2026-10-06T09:05:00+00:00,6.1,0.48,0.49,0.485,0.01,208.07,133.12,99
2026-10-06T08:58:54.641328+00:00,btc-updown-15m-1791276300,15,5318927,82322592443476934350450011528087216601058356915738824735229547593461816960389,2026-10-06T08:45:00+00:00,2026-10-06T09:00:00+00:00,1.1,0.993,0.994,0.9935,0.001,56.5,5.0,117
2026-10-06T08:58:54.641328+00:00,btc-updown-15m-1791277200,15,5319171,113096556155126261318577884029376565062090735728851670742012473787074591668512,2026-10-06T09:00:00+00:00,2026-10-06T09:15:00+00:00,16.1,0.47,0.48,0.475,0.01,143.1,334.53,99
2026-10-06T08:59:56.003385+00:00,btc-updown-5m-1791277200,5,5319168,10159145986638777793480374661138766524521702458655044589885190604353350878312,2026-10-06T09:00:00+00:00,2026-10-06T09:05:00+00:00,5.07,0.4,0.41,0.405,0.01,235.84,292.04,99
2026-10-06T08:59:56.003385+00:00,btc-updown-15m-1791277200,15,5319171,113096556155126261318577884029376565062090735728851670742012473787074591668512,2026-10-06T09:00:00+00:00,2026-10-06T09:15:00+00:00,15.07,0.43,0.44,0.435,0.01,7.0,15.0,88
2026-10-06T09:00:56.960399+00:00,btc-updown-5m-1791277200,5,5319168,10159145986638777793480374661138766524521702458655044589885190604353350878312,2026-10-06T09:00:00+00:00,2026-10-06T09:05:00+00:00,4.07,0.46,0.47,0.465,0.01,31.18,1588.04,99
2026-10-06T09:00:56.960399+00:00,btc-updown-5m-1791277500,5,5319195,25050180801611947888208582350434960065339650446399126176187483931277297743577,2026-10-06T09:05:00+00:00,2026-10-06T09:10:00+00:00,9.07,0.49,0.5,0.495,0.01,20.0,442.69,99
2026-10-06T09:00:56.960399+00:00,btc-updown-15m-1791277200,15,5319171,113096556155126261318577884029376565062090735728851670742012473787074591668512,2026-10-06T09:00:00+00:00,2026-10-06T09:15:00+00:00,14.07,0.44,0.45,0.445,0.01,348.0,395.0,99
2026-10-06T09:00:56.960399+00:00,btc-updown-15m-1791278100,15,5319270,7792986409674800158890463306785072505711178486346905638490557876440154261836,2026-10-06T09:15:00+00:00,2026-10-06T09:30:00+00:00,29.07,0.49,0.5,0.495,0.01,15.88,340.0,93
2026-10-06T09:01:58.112145+00:00,btc-updown-5m-1791277200,5,5319168,10159145986638777793480374661138766524521702458655044589885190604353350878312,2026-10-06T09:00:00+00:00,2026-10-06T09:05:00+00:00,3.03,0.49,0.5,0.495,0.01,41.5,2355.3,99
2026-10-06T09:01:58.112145+00:00,btc-updown-5m-1791277500,5,5319195,25050180801611947888208582350434960065339650446399126176187483931277297743577,2026-10-06T09:05:00+00:00,2026-10-06T09:10:00+00:00,8.03,0.48,0.49,0.485,0.01,322.83,143.6,99
2026-10-06T09:01:58.112145+00:00,btc-updown-15m-1791277200,15,5319171,113096556155126261318577884029376565062090735728851670742012473787074591668512,2026-10-06T09:00:00+00:00,2026-10-06T09:15:00+00:00,13.03,0.48,0.49,0.485,0.01,316.99,381.0,99
2026-10-06T09:01:58.112145+00:00,btc-updown-15m-1791278100,15,5319270,7792986409674800158890463306785072505711178486346905638490557876440154261836,2026-10-06T09:15:00+00:00,2026-10-06T09:30:00+00:00,28.03,0.49,0.5,0.495,0.01,25.88,670.0,93
2026-10-06T09:02:59.335564+00:00,btc-updown-5m-1791277200,5,5319168,10159145986638777793480374661138766524521702458655044589885190604353350878312,2026-10-06T09:00:00+00:00,2026-10-06T09:05:00+00:00,2.02,0.45,0.46,0.455,0.01,107.81,923.1,99
2026-10-06T09:02:59.335564+00:00,btc-updown-5m-1791277500,5,5319195,25050180801611947888208582350434960065339650446399126176187483931277297743577,2026-10-06T09:05:00+00:00,2026-10-06T09:10:00+00:00,7.02,0.48,0.49,0.485,0.01,307.77,151.75,99
2026-10-06T09:02:59.335564+00:00,btc-updown-15m-1791277200,15,5319171,113096556155126261318577884029376565062090735728851670742012473787074591668512,2026-10-06T09:00:00+00:00,2026-10-06T09:15:00+00:00,12.02,0.46,0.47,0.465,0.01,311.62,237.5,99
2026-10-06T09:02:59.335564+00:00,btc-updown-15m-1791278100,15,5319270,7792986409674800158890463306785072505711178486346905638490557876440154261836,2026-10-06T09:15:00+00:00,2026-10-06T09:30:00+00:00,27.02,0.49,0.5,0.495,0.01,25.88,670.0,93
2026-10-06T09:04:00.555900+00:00,btc-updown-5m-1791277200,5,5319168,10159145986638777793480374661138766524521702458655044589885190604353350878312,2026-10-06T09:00:00+00:00,2026-10-06T09:05:00+00:00,1.0,0.14,0.15,0.145,0.01,425.95,18.0,99
2026-10-06T09:04:00.555900+00:00,btc-updown-5m-1791277500,5,5319195,25050180801611947888208582350434960065339650446399126176187483931277297743577,2026-10-06T09:05:00+00:00,2026-10-06T09:10:00+00:00,6.0,0.48,0.49,0.485,0.01,41.57,52.05,99
2026-10-06T09:04:00.555900+00:00,btc-updown-15m-1791277200,15,5319171,113096556155126261318577884029376565062090735728851670742012473787074591668512,2026-10-06T09:00:00+00:00,2026-10-06T09:15:00+00:00,11.0,0.45,0.46,0.455,0.01,352.66,118.0,99
2026-10-06T09:04:00.555900+00:00,btc-updown-15m-1791278100,15,5319270,7792986409674800158890463306785072505711178486346905638490557876440154261836,2026-10-06T09:15:00+00:00,2026-10-06T09:30:00+00:00,26.0,0.49,0.5,0.495,0.01,25.88,645.0,93
2026-10-06T09:05:01.754637+00:00,btc-updown-5m-1791277500,5,5319195,25050180801611947888208582350434960065339650446399126176187483931277297743577,2026-10-06T09:05:00+00:00,2026-10-06T09:10:00+00:00,4.98,0.4,0.41,0.405,0.01,100.78,1119.02,99
2026-10-06T09:05:01.754637+00:00,btc-updown-5m-1791277800,5,5319262,105453129917891818063293602200674408230339675425057481371588929021073218982716,2026-10-06T09:10:00+00:00,2026-10-06T09:15:00+00:00,9.98,0.49,0.5,0.495,0.01,330.0,131.69,99
2026-10-06T09:05:01.754637+00:00,btc-updown-15m-1791277200,15,5319171,113096556155126261318577884029376565062090735728851670742012473787074591668512,2026-10-06T09:00:00+00:00,2026-10-06T09:15:00+00:00,9.98,0.36,0.37,0.365,0.01,388.58,140.0,97
2026-10-06T09:05:01.754637+00:00,btc-updown-15m-1791278100,15,5319270,7792986409674800158890463306785072505711178486346905638490557876440154261836,2026-10-06T09:15:00+00:00,2026-10-06T09:30:00+00:00,24.98,0.49,0.5,0.495,0.01,30.88,650.0,92
2026-10-06T09:06:02.942251+00:00,btc-updown-5m-1791277500,5,5319195,25050180801611947888208582350434960065339650446399126176187483931277297743577,2026-10-06T09:05:00+00:00,2026-10-06T09:10:00+00:00,3.97,0.22,0.23,0.225,0.01,661.63,70.0,99
2026-10-06T09:06:02.942251+00:00,btc-updown-5m-1791277800,5,5319262,105453129917891818063293602200674408230339675425057481371588929021073218982716,2026-10-06T09:10:00+00:00,2026-10-06T09:15:00+00:00,8.97,0.49,0.5,0.495,0.01,563.19,211.69,99
2026-10-06T09:06:02.942251+00:00,btc-updown-15m-1791277200,15,5319171,113096556155126261318577884029376565062090735728851670742012473787074591668512,2026-10-06T09:00:00+00:00,2026-10-06T09:15:00+00:00,8.97,0.29,0.3,0.295,0.01,320.27,358.25,96
2026-10-06T09:06:02.942251+00:00,btc-updown-15m-1791278100,15,5319270,7792986409674800158890463306785072505711178486346905638490557876440154261836,2026-10-06T09:15:00+00:00,2026-10-06T09:30:00+00:00,23.97,0.49,0.5,0.495,0.01,43.88,717.0,91
2026-10-06T09:07:04.101849+00:00,btc-updown-5m-1791277500,5,5319195,25050180801611947888208582350434960065339650446399126176187483931277297743577,2026-10-06T09:05:00+00:00,2026-10-06T09:10:00+00:00,2.93,0.22,0.23,0.225,0.01,70.0,1547.75,99
2026-10-06T09:07:04.101849+00:00,btc-updown-5m-1791277800,5,5319262,105453129917891818063293602200674408230339675425057481371588929021073218982716,2026-10-06T09:10:00+00:00,2026-10-06T09:15:00+00:00,7.93,0.49,0.5,0.495,0.01,537.19,33.66,99
2026-10-06T09:07:04.101849+00:00,btc-updown-15m-1791277200,15,5319171,113096556155126261318577884029376565062090735728851670742012473787074591668512,2026-10-06T09:00:00+00:00,2026-10-06T09:15:00+00:00,7.93,0.31,0.32,0.315,0.01,98.1,461.0,96
2026-10-06T09:07:04.101849+00:00,btc-updown-15m-1791278100,15,5319270,7792986409674800158890463306785072505711178486346905638490557876440154261836,2026-10-06T09:15:00+00:00,2026-10-06T09:30:00+00:00,22.93,0.49,0.5,0.495,0.01,43.88,692.0,91
2026-10-06T09:08:05.253022+00:00,btc-updown-5m-1791277500,5,5319195,25050180801611947888208582350434960065339650446399126176187483931277297743577,2026-10-06T09:05:00+00:00,2026-10-06T09:10:00+00:00,1.92,0.17,0.18,0.175,0.01,227.01,491.46,99
2026-10-06T09:08:05.253022+00:00,btc-updown-5m-1791277800,5,5319262,105453129917891818063293602200674408230339675425057481371588929021073218982716,2026-10-06T09:10:00+00:00,2026-10-06T09:15:00+00:00,6.92,0.5,0.51,0.505,0.01,159.92,40.0,99
2026-10-06T09:08:05.253022+00:00,btc-updown-15m-1791277200,15,5319171,113096556155126261318577884029376565062090735728851670742012473787074591668512,2026-10-06T09:00:00+00:00,2026-10-06T09:15:00+00:00,6.92,0.32,0.33,0.325,0.01,320.58,47.96,99
2026-10-06T09:08:05.253022+00:00,btc-updown-15m-1791278100,15,5319270,7792986409674800158890463306785072505711178486346905638490557876440154261836,2026-10-06T09:15:00+00:00,2026-10-06T09:30:00+00:00,21.92,0.49,0.5,0.495,0.01,43.88,522.0,91
2026-10-06T09:09:06.644318+00:00,btc-updown-5m-1791277800,5,5319262,105453129917891818063293602200674408230339675425057481371588929021073218982716,2026-10-06T09:10:00+00:00,2026-10-06T09:15:00+00:00,5.9,0.5,0.51,0.505,0.01,129.47,25.0,99
2026-10-06T09:09:06.644318+00:00,btc-updown-15m-1791277200,15,5319171,113096556155126261318577884029376565062090735728851670742012473787074591668512,2026-10-06T09:00:00+00:00,2026-10-06T09:15:00+00:00,5.9,0.16,0.17,0.165,0.01,71.0,451.5,99
2026-10-06T09:09:06.644318+00:00,btc-updown-15m-1791278100,15,5319270,7792986409674800158890463306785072505711178486346905638490557876440154261836,2026-10-06T09:15:00+00:00,2026-10-06T09:30:00+00:00,20.9,0.49,0.5,0.495,0.01,43.88,617.0,91
2026-10-06T09:10:07.697255+00:00,btc-updown-5m-1791277800,5,5319262,105453129917891818063293602200674408230339675425057481371588929021073218982716,2026-10-06T09:10:00+00:00,2026-10-06T09:15:00+00:00,4.88,0.21,0.22,0.215,0.01,658.76,70.45,99
2026-10-06T09:10:07.697255+00:00,btc-updown-5m-1791278100,5,5319279,69863093039322257255226222340545240948729543755416081470667778644326659900838,2026-10-06T09:15:00+00:00,2026-10-06T09:20:00+00:00,9.88,0.5,0.51,0.505,0.01,175.78,831.24,99
2026-10-06T09:10:07.697255+00:00,btc-updown-15m-1791277200,15,5319171,113096556155126261318577884029376565062090735728851670742012473787074591668512,2026-10-06T09:00:00+00:00,2026-10-06T09:15:00+00:00,4.88,0.03,0.04,0.035,0.01,332.98,878.24,96
2026-10-06T09:10:07.697255+00:00,btc-updown-15m-1791278100,15,5319270,7792986409674800158890463306785072505711178486346905638490557876440154261836,2026-10-06T09:15:00+00:00,2026-10-06T09:30:00+00:00,19.88,0.49,0.5,0.495,0.01,93.88,357.0,91
2026-10-06T09:11:08.871138+00:00,btc-updown-5m-1791277800,5,5319262,105453129917891818063293602200674408230339675425057481371588929021073218982716,2026-10-06T09:10:00+00:00,2026-10-06T09:15:00+00:00,3.87,0.07,0.08,0.075,0.01,70.0,2110.19,99
2026-10-06T09:11:08.871138+00:00,btc-updown-5m-1791278100,5,5319279,69863093039322257255226222340545240948729543755416081470667778644326659900838,2026-10-06T09:15:00+00:00,2026-10-06T09:20:00+00:00,8.87,0.5,0.51,0.505,0.01,191.78,806.24,99
2026-10-06T09:11:08.871138+00:00,btc-updown-15m-1791278100,15,5319270,7792986409674800158890463306785072505711178486346905638490557876440154261836,2026-10-06T09:15:00+00:00,2026-10-06T09:30:00+00:00,18.87,0.49,0.5,0.495,0.01,244.88,297.0,93
2026-10-06T09:12:09.938211+00:00,btc-updown-5m-1791277800,5,5319262,105453129917891818063293602200674408230339675425057481371588929021073218982716,2026-10-06T09:10:00+00:00,2026-10-06T09:15:00+00:00,2.85,0.24,0.25,0.245,0.01,14.45,1651.64,99
2026-10-06T09:12:09.938211+00:00,btc-updown-5m-1791278100,5,5319279,69863093039322257255226222340545240948729543755416081470667778644326659900838,2026-10-06T09:15:00+00:00,2026-10-06T09:20:00+00:00,7.85,0.5,0.51,0.505,0.01,173.59,565.34,99
2026-10-06T09:12:09.938211+00:00,btc-updown-15m-1791277200,15,5319171,113096556155126261318577884029376565062090735728851670742012473787074591668512,2026-10-06T09:00:00+00:00,2026-10-06T09:15:00+00:00,2.85,0.03,0.04,0.035,0.01,45.0,927.68,97
2026-10-06T09:12:09.938211+00:00,btc-updown-15m-1791278100,15,5319270,7792986409674800158890463306785072505711178486346905638490557876440154261836,2026-10-06T09:15:00+00:00,2026-10-06T09:30:00+00:00,17.85,0.49,0.5,0.495,0.01,68.88,337.0,93
2026-10-06T09:13:11.126445+00:00,btc-updown-5m-1791277800,5,5319262,105453129917891818063293602200674408230339675425057481371588929021073218982716,2026-10-06T09:10:00+00:00,2026-10-06T09:15:00+00:00,1.82,0.15,0.16,0.155,0.01,487.68,417.91,99
2026-10-06T09:13:11.126445+00:00,btc-updown-5m-1791278100,5,5319279,69863093039322257255226222340545240948729543755416081470667778644326659900838,2026-10-06T09:15:00+00:00,2026-10-06T09:20:00+00:00,6.82,0.5,0.51,0.505,0.01,221.59,15.0,99
2026-10-06T09:13:11.126445+00:00,btc-updown-15m-1791277200,15,5319171,113096556155126261318577884029376565062090735728851670742012473787074591668512,2026-10-06T09:00:00+00:00,2026-10-06T09:15:00+00:00,1.82,0.01,0.02,0.015,0.01,1967.1,1726.74,99
2026-10-06T09:13:11.126445+00:00,btc-updown-15m-1791278100,15,5319270,7792986409674800158890463306785072505711178486346905638490557876440154261836,2026-10-06T09:15:00+00:00,2026-10-06T09:30:00+00:00,16.82,0.49,0.5,0.495,0.01,40.35,197.0,93
2026-10-06T09:14:12.296722+00:00,btc-updown-5m-1791278100,5,5319279,69863093039322257255226222340545240948729543755416081470667778644326659900838,2026-10-06T09:15:00+00:00,2026-10-06T09:20:00+00:00,5.8,0.51,0.52,0.515,0.01,190.0,40.0,99
2026-10-06T09:14:12.296722+00:00,btc-updown-15m-1791278100,15,5319270,7792986409674800158890463306785072505711178486346905638490557876440154261836,2026-10-06T09:15:00+00:00,2026-10-06T09:30:00+00:00,15.8,0.48,0.49,0.485,0.01,256.01,30.0,89
2026-10-06T09:15:13.252934+00:00,btc-updown-5m-1791278100,5,5319279,69863093039322257255226222340545240948729543755416081470667778644326659900838,2026-10-06T09:15:00+00:00,2026-10-06T09:20:00+00:00,4.78,0.56,0.57,0.565,0.01,1358.18,8.43,99
2026-10-06T09:15:13.252934+00:00,btc-updown-5m-1791278400,5,5319287,54177932021425346503256845763590035825491529851548436280109463133205941597619,2026-10-06T09:20:00+00:00,2026-10-06T09:25:00+00:00,9.78,0.5,0.51,0.505,0.01,185.48,735.0,99
2026-10-06T09:15:13.252934+00:00,btc-updown-15m-1791278100,15,5319270,7792986409674800158890463306785072505711178486346905638490557876440154261836,2026-10-06T09:15:00+00:00,2026-10-06T09:30:00+00:00,14.78,0.51,0.52,0.515,0.01,1096.06,140.0,99
2026-10-06T09:15:13.252934+00:00,btc-updown-15m-1791279000,15,5319318,59240986676010173495610994278725999059192041854039893371228515797212712598522,2026-10-06T09:30:00+00:00,2026-10-06T09:45:00+00:00,29.78,0.5,0.51,0.505,0.01,30.0,639.43,95
2026-10-06T09:16:14.410490+00:00,btc-updown-5m-1791278100,5,5319279,69863093039322257255226222340545240948729543755416081470667778644326659900838,2026-10-06T09:15:00+00:00,2026-10-06T09:20:00+00:00,3.77,0.88,0.89,0.885,0.01,27.5,1422.02,99
2026-10-06T09:16:14.410490+00:00,btc-updown-5m-1791278400,5,5319287,54177932021425346503256845763590035825491529851548436280109463133205941597619,2026-10-06T09:20:00+00:00,2026-10-06T09:25:00+00:00,8.77,0.5,0.51,0.505,0.01,65.48,750.0,99
2026-10-06T09:16:14.410490+00:00,btc-updown-15m-1791278100,15,5319270,7792986409674800158890463306785072505711178486346905638490557876440154261836,2026-10-06T09:15:00+00:00,2026-10-06T09:30:00+00:00,13.77,0.7,0.71,0.705,0.01,410.21,228.0,99
2026-10-06T09:16:14.410490+00:00,btc-updown-15m-1791279000,15,5319318,59240986676010173495610994278725999059192041854039893371228515797212712598522,2026-10-06T09:30:00+00:00,2026-10-06T09:45:00+00:00,28.77,0.5,0.51,0.505,0.01,30.0,942.49,97
2026-10-06T09:17:15.579975+00:00,btc-updown-5m-1791278100,5,5319279,69863093039322257255226222340545240948729543755416081470667778644326659900838,2026-10-06T09:15:00+00:00,2026-10-06T09:20:00+00:00,2.75,0.95,0.96,0.955,0.01,1778.33,129.26,99
2026-10-06T09:17:15.579975+00:00,btc-updown-5m-1791278400,5,5319287,54177932021425346503256845763590035825491529851548436280109463133205941597619,2026-10-06T09:20:00+00:00,2026-10-06T09:25:00+00:00,7.75,0.5,0.51,0.505,0.01,236.42,633.11,99
2026-10-06T09:17:15.579975+00:00,btc-updown-15m-1791278100,15,5319270,7792986409674800158890463306785072505711178486346905638490557876440154261836,2026-10-06T09:15:00+00:00,2026-10-06T09:30:00+00:00,12.75,0.74,0.75,0.745,0.01,635.39,79.64,99
2026-10-06T09:17:15.579975+00:00,btc-updown-15m-1791279000,15,5319318,59240986676010173495610994278725999059192041854039893371228515797212712598522,2026-10-06T09:30:00+00:00,2026-10-06T09:45:00+00:00,27.75,0.5,0.51,0.505,0.01,30.0,892.49,97
2026-10-06T09:18:16.739986+00:00,btc-updown-5m-1791278100,5,5319279,69863093039322257255226222340545240948729543755416081470667778644326659900838,2026-10-06T09:15:00+00:00,2026-10-06T09:20:00+00:00,1.73,0.97,0.98,0.975,0.01,151.24,2929.72,99
2026-10-06T09:18:16.739986+00:00,btc-updown-5m-1791278400,5,5319287,54177932021425346503256845763590035825491529851548436280109463133205941597619,2026-10-06T09:20:00+00:00,2026-10-06T09:25:00+00:00,6.73,0.5,0.51,0.505,0.01,41.42,583.11,99
2026-10-06T09:18:16.739986+00:00,btc-updown-15m-1791278100,15,5319270,7792986409674800158890463306785072505711178486346905638490557876440154261836,2026-10-06T09:15:00+00:00,2026-10-06T09:30:00+00:00,11.73,0.71,0.72,0.715,0.01,1667.97,1127.11,99
2026-10-06T09:18:16.739986+00:00,btc-updown-15m-1791279000,15,5319318,59240986676010173495610994278725999059192041854039893371228515797212712598522,2026-10-06T09:30:00+00:00,2026-10-06T09:45:00+00:00,26.73,0.5,0.51,0.505,0.01,30.0,892.49,97
2026-10-06T09:19:17.929303+00:00,btc-updown-5m-1791278400,5,5319287,54177932021425346503256845763590035825491529851548436280109463133205941597619,2026-10-06T09:20:00+00:00,2026-10-06T09:25:00+00:00,5.72,0.5,0.51,0.505,0.01,113.5,34.35,99
2026-10-06T09:19:17.929303+00:00,btc-updown-15m-1791278100,15,5319270,7792986409674800158890463306785072505711178486346905638490557876440154261836,2026-10-06T09:15:00+00:00,2026-10-06T09:30:00+00:00,10.72,0.81,0.82,0.815,0.01,178.94,281.39,99
2026-10-06T09:19:17.929303+00:00,btc-updown-15m-1791279000,15,5319318,59240986676010173495610994278725999059192041854039893371228515797212712598522,2026-10-06T09:30:00+00:00,2026-10-06T09:45:00+00:00,25.72,0.5,0.51,0.505,0.01,30.0,942.49,97
2026-10-06T09:20:19.002910+00:00,btc-updown-5m-1791278400,5,5319287,54177932021425346503256845763590035825491529851548436280109463133205941597619,2026-10-06T09:20:00+00:00,2026-10-06T09:25:00+00:00,4.68,0.72,0.73,0.725,0.01,851.46,25.0,99
2026-10-06T09:20:19.002910+00:00,btc-updown-5m-1791278700,5,5319301,70051774984693897011758385149313103198760772053222241191439881751336921960303,2026-10-06T09:25:00+00:00,2026-10-06T09:30:00+00:00,9.68,0.49,0.5,0.495,0.01,553.66,208.0,99
2026-10-06T09:20:19.002910+00:00,btc-updown-15m-1791278100,15,5319270,7792986409674800158890463306785072505711178486346905638490557876440154261836,2026-10-06T09:15:00+00:00,2026-10-06T09:30:00+00:00,9.68,0.88,0.89,0.885,0.01,2893.75,27.21,93
2026-10-06T09:20:19.002910+00:00,btc-updown-15m-1791279000,15,5319318,59240986676010173495610994278725999059192041854039893371228515797212712598522,2026-10-06T09:30:00+00:00,2026-10-06T09:45:00+00:00,24.68,0.5,0.51,0.505,0.01,35.0,922.49,97
2026-10-06T09:21:20.184728+00:00,btc-updown-5m-1791278400,5,5319287,54177932021425346503256845763590035825491529851548436280109463133205941597619,2026-10-06T09:20:00+00:00,2026-10-06T09:25:00+00:00,3.67,0.78,0.79,0.785,0.01,2095.23,148.14,99
2026-10-06T09:21:20.184728+00:00,btc-updown-5m-1791278700,5,5319301,70051774984693897011758385149313103198760772053222241191439881751336921960303,2026-10-06T09:25:00+00:00,2026-10-06T09:30:00+00:00,8.67,0.49,0.5,0.495,0.01,544.6,251.0,99
2026-10-06T09:21:20.184728+00:00,btc-updown-15m-1791278100,15,5319270,7792986409674800158890463306785072505711178486346905638490557876440154261836,2026-10-06T09:15:00+00:00,2026-10-06T09:30:00+00:00,8.67,0.92,0.93,0.925,0.01,308.0,1158.84,91
2026-10-06T09:21:20.184728+00:00,btc-updown-15m-1791279000,15,5319318,59240986676010173495610994278725999059192041854039893371228515797212712598522,2026-10-06T09:30:00+00:00,2026-10-06T09:45:00+00:00,23.67,0.5,0.51,0.505,0.01,35.0,1058.49,97
2026-10-06T09:22:21.349081+00:00,btc-updown-5m-1791278400,5,5319287,54177932021425346503256845763590035825491529851548436280109463133205941597619,2026-10-06T09:20:00+00:00,2026-10-06T09:25:00+00:00,2.65,0.97,0.98,0.975,0.01,977.65,1571.57,99
2026-10-06T09:22:21.349081+00:00,btc-updown-5m-1791278700,5,5319301,70051774984693897011758385149313103198760772053222241191439881751336921960303,2026-10-06T09:25:00+00:00,2026-10-06T09:30:00+00:00,7.65,0.49,0.5,0.495,0.01,519.44,257.85,99
2026-10-06T09:22:21.349081+00:00,btc-updown-15m-1791278100,15,5319270,7792986409674800158890463306785072505711178486346905638490557876440154261836,2026-10-06T09:15:00+00:00,2026-10-06T09:30:00+00:00,7.65,0.96,0.97,0.965,0.01,1080.94,667.78,99
2026-10-06T09:22:21.349081+00:00,btc-updown-15m-1791279000,15,5319318,59240986676010173495610994278725999059192041854039893371228515797212712598522,2026-10-06T09:30:00+00:00,2026-10-06T09:45:00+00:00,22.65,0.5,0.51,0.505,0.01,35.0,1033.49,95
2026-10-06T09:23:22.513106+00:00,btc-updown-5m-1791278700,5,5319301,70051774984693897011758385149313103198760772053222241191439881751336921960303,2026-10-06T09:25:00+00:00,2026-10-06T09:30:00+00:00,6.63,0.49,0.5,0.495,0.01,472.95,296.0,99
2026-10-06T09:23:22.513106+00:00,btc-updown-15m-1791278100,15,5319270,7792986409674800158890463306785072505711178486346905638490557876440154261836,2026-10-06T09:15:00+00:00,2026-10-06T09:30:00+00:00,6.63,0.98,0.99,0.985,0.01,60.0,912.73,99
2026-10-06T09:23:22.513106+00:00,btc-updown-15m-1791279000,15,5319318,59240986676010173495610994278725999059192041854039893371228515797212712598522,2026-10-06T09:30:00+00:00,2026-10-06T09:45:00+00:00,21.63,0.48,0.49,0.485,0.01,476.25,212.0,95
2026-10-06T09:24:23.610683+00:00,btc-updown-5m-1791278700,5,5319301,70051774984693897011758385149313103198760772053222241191439881751336921960303,2026-10-06T09:25:00+00:00,2026-10-06T09:30:00+00:00,5.62,0.44,0.45,0.445,0.01,69.81,52.6,99
2026-10-06T09:24:23.610683+00:00,btc-updown-15m-1791278100,15,5319270,7792986409674800158890463306785072505711178486346905638490557876440154261836,2026-10-06T09:15:00+00:00,2026-10-06T09:30:00+00:00,5.62,0.92,0.93,0.925,0.01,268.57,329.25,99
2026-10-06T09:24:23.610683+00:00,btc-updown-15m-1791279000,15,5319318,59240986676010173495610994278725999059192041854039893371228515797212712598522,2026-10-06T09:30:00+00:00,2026-10-06T09:45:00+00:00,20.62,0.48,0.49,0.485,0.01,343.97,235.0,95
2026-10-06T09:25:24.698295+00:00,btc-updown-5m-1791278700,5,5319301,70051774984693897011758385149313103198760772053222241191439881751336921960303,2026-10-06T09:25:00+00:00,2026-10-06T09:30:00+00:00,4.6,0.81,0.82,0.815,0.01,274.72,446.2,99
2026-10-06T09:25:24.698295+00:00,btc-updown-5m-1791279000,5,5319308,103922474527248534971234345995555313302605455694761236604375313265048971625289,2026-10-06T09:30:00+00:00,2026-10-06T09:35:00+00:00,9.6,0.49,0.5,0.495,0.01,555.58,259.0,99
2026-10-06T09:25:24.698295+00:00,btc-updown-15m-1791278100,15,5319270,7792986409674800158890463306785072505711178486346905638490557876440154261836,2026-10-06T09:15:00+00:00,2026-10-06T09:30:00+00:00,4.6,0.985,0.99,0.9875,0.005,40.0,557.71,120
2026-10-06T09:25:24.698295+00:00,btc-updown-15m-1791279000,15,5319318,59240986676010173495610994278725999059192041854039893371228515797212712598522,2026-10-06T09:30:00+00:00,2026-10-06T09:45:00+00:00,19.6,0.48,0.49,0.485,0.01,310.8,382.06,95
2026-10-06T09:26:25.859240+00:00,btc-updown-5m-1791278700,5,5319301,70051774984693897011758385149313103198760772053222241191439881751336921960303,2026-10-06T09:25:00+00:00,2026-10-06T09:30:00+00:00,3.58,0.65,0.66,0.655,0.01,2784.23,29.65,99
2026-10-06T09:26:25.859240+00:00,btc-updown-5m-1791279000,5,5319308,103922474527248534971234345995555313302605455694761236604375313265048971625289,2026-10-06T09:30:00+00:00,2026-10-06T09:35:00+00:00,8.58,0.49,0.5,0.495,0.01,580.49,122.0,99
2026-10-06T09:26:25.859240+00:00,btc-updown-15m-1791278100,15,5319270,7792986409674800158890463306785072505711178486346905638490557876440154261836,2026-10-06T09:15:00+00:00,2026-10-06T09:30:00+00:00,3.58,0.959,0.96,0.9595,0.001,5.0,237.09,144
2026-10-06T09:26:25.859240+00:00,btc-updown-15m-1791279000,15,5319318,59240986676010173495610994278725999059192041854039893371228515797212712598522,2026-10-06T09:30:00+00:00,2026-10-06T09:45:00+00:00,18.58,0.48,0.49,0.485,0.01,278.31,277.06,99
2026-10-06T09:27:27.055515+00:00,btc-updown-5m-1791278700,5,5319301,70051774984693897011758385149313103198760772053222241191439881751336921960303,2026-10-06T09:25:00+00:00,2026-10-06T09:30:00+00:00,2.55,0.36,0.37,0.365,0.01,85.94,1172.18,99
2026-10-06T09:27:27.055515+00:00,btc-updown-5m-1791279000,5,5319308,103922474527248534971234345995555313302605455694761236604375313265048971625289,2026-10-06T09:30:00+00:00,2026-10-06T09:35:00+00:00,7.55,0.49,0.5,0.495,0.01,558.25,118.9,99
2026-10-06T09:27:27.055515+00:00,btc-updown-15m-1791278100,15,5319270,7792986409674800158890463306785072505711178486346905638490557876440154261836,2026-10-06T09:15:00+00:00,2026-10-06T09:30:00+00:00,2.55,0.84,0.85,0.845,0.01,246.0,5.0,126
2026-10-06T09:27:27.055515+00:00,btc-updown-15m-1791279000,15,5319318,59240986676010173495610994278725999059192041854039893371228515797212712598522,2026-10-06T09:30:00+00:00,2026-10-06T09:45:00+00:00,17.55,0.48,0.49,0.485,0.01,258.49,337.06,99
2026-10-06T09:28:28.255427+00:00,btc-updown-5m-1791279000,5,5319308,103922474527248534971234345995555313302605455694761236604375313265048971625289,2026-10-06T09:30:00+00:00,2026-10-06T09:35:00+00:00,6.53,0.49,0.5,0.495,0.01,793.27,34.36,99
2026-10-06T09:28:28.255427+00:00,btc-updown-15m-1791278100,15,5319270,7792986409674800158890463306785072505711178486346905638490557876440154261836,2026-10-06T09:15:00+00:00,2026-10-06T09:30:00+00:00,1.53,0.033,0.05,0.0415,0.017,100.6,25.0,114
2026-10-06T09:28:28.255427+00:00,btc-updown-15m-1791279000,15,5319318,59240986676010173495610994278725999059192041854039893371228515797212712598522,2026-10-06T09:30:00+00:00,2026-10-06T09:45:00+00:00,16.53,0.48,0.49,0.485,0.01,844.74,237.06,99
2026-10-06T09:29:29.353929+00:00,btc-updown-5m-1791279000,5,5319308,103922474527248534971234345995555313302605455694761236604375313265048971625289,2026-10-06T09:30:00+00:00,2026-10-06T09:35:00+00:00,5.52,0.53,0.55,0.54,0.02,406.89,329.47,98
2026-10-06T09:29:29.353929+00:00,btc-updown-15m-1791279000,15,5319318,59240986676010173495610994278725999059192041854039893371228515797212712598522,2026-10-06T09:30:00+00:00,2026-10-06T09:45:00+00:00,15.52,0.49,0.5,0.495,0.01,196.0,190.0,89
2026-10-06T09:30:30.321725+00:00,btc-updown-5m-1791279000,5,5319308,103922474527248534971234345995555313302605455694761236604375313265048971625289,2026-10-06T09:30:00+00:00,2026-10-06T09:35:00+00:00,4.5,0.73,0.74,0.735,0.01,0.22,135.0,99
2026-10-06T09:30:30.321725+00:00,btc-updown-5m-1791279300,5,5319366,2060349450939579876315917658772470506001002693235669067879257285943625984100,2026-10-06T09:35:00+00:00,2026-10-06T09:40:00+00:00,9.5,0.5,0.51,0.505,0.01,375.85,688.64,99
2026-10-06T09:30:30.321725+00:00,btc-updown-15m-1791279000,15,5319318,59240986676010173495610994278725999059192041854039893371228515797212712598522,2026-10-06T09:30:00+00:00,2026-10-06T09:45:00+00:00,14.5,0.65,0.66,0.655,0.01,328.58,407.99,99
2026-10-06T09:30:30.321725+00:00,btc-updown-15m-1791279900,15,5319393,50986648150224131181193235778919604253148012858659712116238799225005460262586,2026-10-06T09:45:00+00:00,2026-10-06T10:00:00+00:00,29.5,0.5,0.51,0.505,0.01,50.0,223.03,99
2026-10-06T09:31:31.487061+00:00,btc-updown-5m-1791279000,5,5319308,103922474527248534971234345995555313302605455694761236604375313265048971625289,2026-10-06T09:30:00+00:00,2026-10-06T09:35:00+00:00,3.48,0.84,0.87,0.855,0.03,53.06,50.0,97
2026-10-06T09:31:31.487061+00:00,btc-updown-5m-1791279300,5,5319366,2060349450939579876315917658772470506001002693235669067879257285943625984100,2026-10-06T09:35:00+00:00,2026-10-06T09:40:00+00:00,8.48,0.5,0.51,0.505,0.01,340.66,709.04,99
2026-10-06T09:31:31.487061+00:00,btc-updown-15m-1791279000,15,5319318,59240986676010173495610994278725999059192041854039893371228515797212712598522,2026-10-06T09:30:00+00:00,2026-10-06T09:45:00+00:00,13.48,0.7,0.71,0.705,0.01,590.0,116.12,99
2026-10-06T09:31:31.487061+00:00,btc-updown-15m-1791279900,15,5319393,50986648150224131181193235778919604253148012858659712116238799225005460262586,2026-10-06T09:45:00+00:00,2026-10-06T10:00:00+00:00,28.48,0.5,0.51,0.505,0.01,50.0,323.03,99
2026-10-06T09:32:32.670935+00:00,btc-updown-5m-1791279300,5,5319366,2060349450939579876315917658772470506001002693235669067879257285943625984100,2026-10-06T09:35:00+00:00,2026-10-06T09:40:00+00:00,7.47,0.5,0.51,0.505,0.01,340.66,587.25,99
2026-10-06T09:32:32.670935+00:00,btc-updown-15m-1791279000,15,5319318,59240986676010173495610994278725999059192041854039893371228515797212712598522,2026-10-06T09:30:00+00:00,2026-10-06T09:45:00+00:00,12.47,0.81,0.82,0.815,0.01,2432.94,27.56,99
2026-10-06T09:32:32.670935+00:00,btc-updown-15m-1791279900,15,5319393,50986648150224131181193235778919604253148012858659712116238799225005460262586,2026-10-06T09:45:00+00:00,2026-10-06T10:00:00+00:00,27.47,0.5,0.51,0.505,0.01,50.0,344.46,99
2026-10-06T09:33:33.728157+00:00,btc-updown-5m-1791279300,5,5319366,2060349450939579876315917658772470506001002693235669067879257285943625984100,2026-10-06T09:35:00+00:00,2026-10-06T09:40:00+00:00,6.45,0.5,0.51,0.505,0.01,111.94,577.63,99
2026-10-06T09:33:33.728157+00:00,btc-updown-15m-1791279000,15,5319318,59240986676010173495610994278725999059192041854039893371228515797212712598522,2026-10-06T09:30:00+00:00,2026-10-06T09:45:00+00:00,11.45,0.86,0.87,0.865,0.01,2087.44,435.02,99
2026-10-06T09:33:33.728157+00:00,btc-updown-15m-1791279900,15,5319393,50986648150224131181193235778919604253148012858659712116238799225005460262586,2026-10-06T09:45:00+00:00,2026-10-06T10:00:00+00:00,26.45,0.5,0.51,0.505,0.01,30.0,404.46,99
2026-10-06T09:34:34.830514+00:00,btc-updown-5m-1791279300,5,5319366,2060349450939579876315917658772470506001002693235669067879257285943625984100,2026-10-06T09:35:00+00:00,2026-10-06T09:40:00+00:00,5.43,0.53,0.54,0.535,0.01,440.98,60.0,99
2026-10-06T09:34:34.830514+00:00,btc-updown-15m-1791279000,15,5319318,59240986676010173495610994278725999059192041854039893371228515797212712598522,2026-10-06T09:30:00+00:00,2026-10-06T09:45:00+00:00,10.43,0.86,0.87,0.865,0.01,239.83,208.0,99
2026-10-06T09:34:34.830514+00:00,btc-updown-15m-1791279900,15,5319393,50986648150224131181193235778919604253148012858659712116238799225005460262586,2026-10-06T09:45:00+00:00,2026-10-06T10:00:00+00:00,25.43,0.5,0.51,0.505,0.01,60.0,91.43,99
2026-10-06T09:35:35.905329+00:00,btc-updown-5m-1791279300,5,5319366,2060349450939579876315917658772470506001002693235669067879257285943625984100,2026-10-06T09:35:00+00:00,2026-10-06T09:40:00+00:00,4.42,0.3,0.31,0.305,0.01,98.0,1941.0,99
2026-10-06T09:35:35.905329+00:00,btc-updown-5m-1791279600,5,5319383,113718461016949021407600181312684318973270474009342435965323444496002076797626,2026-10-06T09:40:00+00:00,2026-10-06T09:45:00+00:00,9.42,0.5,0.51,0.505,0.01,254.32,660.79,99
2026-10-06T09:35:35.905329+00:00,btc-updown-15m-1791279000,15,5319318,59240986676010173495610994278725999059192041854039893371228515797212712598522,2026-10-06T09:30:00+00:00,2026-10-06T09:45:00+00:00,9.42,0.78,0.79,0.785,0.01,306.0,847.51,99
2026-10-06T09:35:35.905329+00:00,btc-updown-15m-1791279900,15,5319393,50986648150224131181193235778919604253148012858659712116238799225005460262586,2026-10-06T09:45:00+00:00,2026-10-06T10:00:00+00:00,24.42,0.5,0.51,0.505,0.01,340.0,96.43,99
2026-10-06T09:36:37.083942+00:00,btc-updown-5m-1791279300,5,5319366,2060349450939579876315917658772470506001002693235669067879257285943625984100,2026-10-06T09:35:00+00:00,2026-10-06T09:40:00+00:00,3.38,0.54,0.55,0.545,0.01,634.55,335.0,99
2026-10-06T09:36:37.083942+00:00,btc-updown-5m-1791279600,5,5319383,113718461016949021407600181312684318973270474009342435965323444496002076797626,2026-10-06T09:40:00+00:00,2026-10-06T09:45:00+00:00,8.38,0.5,0.51,0.505,0.01,279.23,653.82,99
2026-10-06T09:36:37.083942+00:00,btc-updown-15m-1791279000,15,5319318,59240986676010173495610994278725999059192041854039893371228515797212712598522,2026-10-06T09:30:00+00:00,2026-10-06T09:45:00+00:00,8.38,0.9,0.91,0.905,0.01,138.0,268.12,99
2026-10-06T09:36:37.083942+00:00,btc-updown-15m-1791279900,15,5319393,50986648150224131181193235778919604253148012858659712116238799225005460262586,2026-10-06T09:45:00+00:00,2026-10-06T10:00:00+00:00,23.38,0.5,0.51,0.505,0.01,230.0,96.43,99
2026-10-06T09:37:38.298541+00:00,btc-updown-5m-1791279300,5,5319366,2060349450939579876315917658772470506001002693235669067879257285943625984100,2026-10-06T09:35:00+00:00,2026-10-06T09:40:00+00:00,2.37,0.9,0.91,0.905,0.01,326.09,347.69,99
2026-10-06T09:37:38.298541+00:00,btc-updown-5m-1791279600,5,5319383,113718461016949021407600181312684318973270474009342435965323444496002076797626,2026-10-06T09:40:00+00:00,2026-10-06T09:45:00+00:00,7.37,0.5,0.51,0.505,0.01,114.23,723.82,99
2026-10-06T09:37:38.298541+00:00,btc-updown-15m-1791279000,15,5319318,59240986676010173495610994278725999059192041854039893371228515797212712598522,2026-10-06T09:30:00+00:00,2026-10-06T09:45:00+00:00,7.37,0.95,0.96,0.955,0.01,552.4,329.0,99
2026-10-06T09:37:38.298541+00:00,btc-updown-15m-1791279900,15,5319393,50986648150224131181193235778919604253148012858659712116238799225005460262586,2026-10-06T09:45:00+00:00,2026-10-06T10:00:00+00:00,22.37,0.5,0.51,0.505,0.01,35.0,429.49,99
2026-10-06T09:38:39.458520+00:00,btc-updown-5m-1791279300,5,5319366,2060349450939579876315917658772470506001002693235669067879257285943625984100,2026-10-06T09:35:00+00:00,2026-10-06T09:40:00+00:00,1.35,0.97,0.98,0.975,0.01,2226.46,313.84,99
2026-10-06T09:38:39.458520+00:00,btc-updown-5m-1791279600,5,5319383,113718461016949021407600181312684318973270474009342435965323444496002076797626,2026-10-06T09:40:00+00:00,2026-10-06T09:45:00+00:00,6.35,0.49,0.5,0.495,0.01,377.86,190.0,99
2026-10-06T09:38:39.458520+00:00,btc-updown-15m-1791279000,15,5319318,59240986676010173495610994278725999059192041854039893371228515797212712598522,2026-10-06T09:30:00+00:00,2026-10-06T09:45:00+00:00,6.35,0.97,0.98,0.975,0.01,310.25,536.35,99
2026-10-06T09:38:39.458520+00:00,btc-updown-15m-1791279900,15,5319393,50986648150224131181193235778919604253148012858659712116238799225005460262586,2026-10-06T09:45:00+00:00,2026-10-06T10:00:00+00:00,21.35,0.5,0.51,0.505,0.01,35.0,291.43,99
2026-10-06T09:39:40.661518+00:00,btc-updown-5m-1791279600,5,5319383,113718461016949021407600181312684318973270474009342435965323444496002076797626,2026-10-06T09:40:00+00:00,2026-10-06T09:45:00+00:00,5.33,0.46,0.47,0.465,0.01,110.0,392.28,99
2026-10-06T09:39:40.661518+00:00,btc-updown-15m-1791279000,15,5319318,59240986676010173495610994278725999059192041854039893371228515797212712598522,2026-10-06T09:30:00+00:00,2026-10-06T09:45:00+00:00,5.33,0.97,0.98,0.975,0.01,1404.14,215.0,99
2026-10-06T09:39:40.661518+00:00,btc-updown-15m-1791279900,15,5319393,50986648150224131181193235778919604253148012858659712116238799225005460262586,2026-10-06T09:45:00+00:00,2026-10-06T10:00:00+00:00,20.33,0.5,0.51,0.505,0.01,35.0,615.49,99
2026-10-06T09:40:41.790256+00:00,btc-updown-5m-1791279600,5,5319383,113718461016949021407600181312684318973270474009342435965323444496002076797626,2026-10-06T09:40:00+00:00,2026-10-06T09:45:00+00:00,4.32,0.21,0.22,0.215,0.01,20.0,1715.68,99
2026-10-06T09:40:41.790256+00:00,btc-updown-5m-1791279900,5,5319407,87505131009356613395510852192770010280898743383181100914518428987539716505361,2026-10-06T09:45:00+00:00,2026-10-06T09:50:00+00:00,9.32,0.49,0.5,0.495,0.01,638.97,95.0,99
2026-10-06T09:40:41.790256+00:00,btc-updown-15m-1791279000,15,5319318,59240986676010173495610994278725999059192041854039893371228515797212712598522,2026-10-06T09:30:00+00:00,2026-10-06T09:45:00+00:00,4.32,0.965,0.97,0.9675,0.005,60.0,5.0,116
2026-10-06T09:40:41.790256+00:00,btc-updown-15m-1791279900,15,5319393,50986648150224131181193235778919604253148012858659712116238799225005460262586,2026-10-06T09:45:00+00:00,2026-10-06T10:00:00+00:00,19.32,0.5,0.51,0.505,0.01,35.0,96.43,99
2026-10-06T09:41:42.936636+00:00,btc-updown-5m-1791279600,5,5319383,113718461016949021407600181312684318973270474009342435965323444496002076797626,2026-10-06T09:40:00+00:00,2026-10-06T09:45:00+00:00,3.3,0.32,0.33,0.325,0.01,390.0,413.0,99
2026-10-06T09:41:42.936636+00:00,btc-updown-5m-1791279900,5,5319407,87505131009356613395510852192770010280898743383181100914518428987539716505361,2026-10-06T09:45:00+00:00,2026-10-06T09:50:00+00:00,8.3,0.49,0.5,0.495,0.01,633.88,85.0,99
2026-10-06T09:41:42.936636+00:00,btc-updown-15m-1791279000,15,5319318,59240986676010173495610994278725999059192041854039893371228515797212712598522,2026-10-06T09:30:00+00:00,2026-10-06T09:45:00+00:00,3.3,0.991,0.994,0.9925,0.003,20.0,258.52,133
2026-10-06T09:41:42.936636+00:00,btc-updown-15m-1791279900,15,5319393,50986648150224131181193235778919604253148012858659712116238799225005460262586,2026-10-06T09:45:00+00:00,2026-10-06T10:00:00+00:00,18.3,0.5,0.51,0.505,0.01,35.0,334.19,99
2026-10-06T09:42:44.097390+00:00,btc-updown-5m-1791279600,5,5319383,113718461016949021407600181312684318973270474009342435965323444496002076797626,2026-10-06T09:40:00+00:00,2026-10-06T09:45:00+00:00,2.27,0.18,0.19,0.185,0.01,363.68,624.19,99
2026-10-06T09:42:44.097390+00:00,btc-updown-5m-1791279900,5,5319407,87505131009356613395510852192770010280898743383181100914518428987539716505361,2026-10-06T09:45:00+00:00,2026-10-06T09:50:00+00:00,7.27,0.5,0.51,0.505,0.01,152.3,619.91,99
2026-10-06T09:42:44.097390+00:00,btc-updown-15m-1791279900,15,5319393,50986648150224131181193235778919604253148012858659712116238799225005460262586,2026-10-06T09:45:00+00:00,2026-10-06T10:00:00+00:00,17.27,0.5,0.51,0.505,0.01,35.0,274.19,99
2026-10-06T09:43:45.203301+00:00,btc-updown-5m-1791279600,5,5319383,113718461016949021407600181312684318973270474009342435965323444496002076797626,2026-10-06T09:40:00+00:00,2026-10-06T09:45:00+00:00,1.25,0.09,0.1,0.095,0.01,27.0,1137.62,99
2026-10-06T09:43:45.203301+00:00,btc-updown-5m-1791279900,5,5319407,87505131009356613395510852192770010280898743383181100914518428987539716505361,2026-10-06T09:45:00+00:00,2026-10-06T09:50:00+00:00,6.25,0.5,0.51,0.505,0.01,86.3,485.05,99
2026-10-06T09:43:45.203301+00:00,btc-updown-15m-1791279900,15,5319393,50986648150224131181193235778919604253148012858659712116238799225005460262586,2026-10-06T09:45:00+00:00,2026-10-06T10:00:00+00:00,16.25,0.49,0.51,0.5,0.02,113.0,436.77,98
2026-10-06T09:44:46.321732+00:00,btc-updown-5m-1791279900,5,5319407,87505131009356613395510852192770010280898743383181100914518428987539716505361,2026-10-06T09:45:00+00:00,2026-10-06T09:50:00+00:00,5.23,0.49,0.5,0.495,0.01,10.0,298.6,99
2026-10-06T09:44:46.321732+00:00,btc-updown-15m-1791279900,15,5319393,50986648150224131181193235778919604253148012858659712116238799225005460262586,2026-10-06T09:45:00+00:00,2026-10-06T10:00:00+00:00,15.23,0.49,0.5,0.495,0.01,18.01,45.0,87
2026-10-06T09:45:47.269037+00:00,btc-updown-5m-1791279900,5,5319407,87505131009356613395510852192770010280898743383181100914518428987539716505361,2026-10-06T09:45:00+00:00,2026-10-06T09:50:00+00:00,4.22,0.42,0.43,0.425,0.01,10.0,1148.42,98
2026-10-06T09:45:47.269037+00:00,btc-updown-5m-1791280200,5,5319411,22893737105782693476304048266745540264360164896416169218074096392883294957191,2026-10-06T09:50:00+00:00,2026-10-06T09:55:00+00:00,9.22,0.5,0.51,0.505,0.01,97.42,807.77,99
2026-10-06T09:45:47.269037+00:00,btc-updown-15m-1791279900,15,5319393,50986648150224131181193235778919604253148012858659712116238799225005460262586,2026-10-06T09:45:00+00:00,2026-10-06T10:00:00+00:00,14.22,0.43,0.44,0.435,0.01,422.11,98.63,99
2026-10-06T09:45:47.269037+00:00,btc-updown-15m-1791280800,15,5319457,102322205353471583246708845264480091582761358686052030314007272574898703021703,2026-10-06T10:00:00+00:00,2026-10-06T10:15:00+00:00,29.22,0.5,0.51,0.505,0.01,50.0,399.43,99
2026-10-06T09:46:48.439942+00:00,btc-updown-5m-1791279900,5,5319407,87505131009356613395510852192770010280898743383181100914518428987539716505361,2026-10-06T09:45:00+00:00,2026-10-06T09:50:00+00:00,3.2,0.73,0.75,0.74,0.02,130.0,1608.88,98
2026-10-06T09:46:48.439942+00:00,btc-updown-5m-1791280200,5,5319411,22893737105782693476304048266745540264360164896416169218074096392883294957191,2026-10-06T09:50:00+00:00,2026-10-06T09:55:00+00:00,8.2,0.5,0.51,0.505,0.01,81.42,872.77,99
2026-10-06T09:46:48.439942+00:00,btc-updown-15m-1791279900,15,5319393,50986648150224131181193235778919604253148012858659712116238799225005460262586,2026-10-06T09:45:00+00:00,2026-10-06T10:00:00+00:00,13.2,0.59,0.6,0.595,0.01,378.42,293.0,99
2026-10-06T09:46:48.439942+00:00,btc-updown-15m-1791280800,15,5319457,102322205353471583246708845264480091582761358686052030314007272574898703021703,2026-10-06T10:00:00+00:00,2026-10-06T10:15:00+00:00,28.2,0.5,0.51,0.505,0.01,25.0,894.43,99
2026-10-06T09:47:49.638831+00:00,btc-updown-5m-1791279900,5,5319407,87505131009356613395510852192770010280898743383181100914518428987539716505361,2026-10-06T09:45:00+00:00,2026-10-06T09:50:00+00:00,2.18,0.98,0.99,0.985,0.01,904.19,8339.12,99
2026-10-06T09:47:49.638831+00:00,btc-updown-5m-1791280200,5,5319411,22893737105782693476304048266745540264360164896416169218074096392883294957191,2026-10-06T09:50:00+00:00,2026-10-06T09:55:00+00:00,7.18,0.5,0.51,0.505,0.01,84.45,900.92,99
2026-10-06T09:47:49.638831+00:00,btc-updown-15m-1791279900,15,5319393,50986648150224131181193235778919604253148012858659712116238799225005460262586,2026-10-06T09:45:00+00:00,2026-10-06T10:00:00+00:00,12.18,0.76,0.77,0.765,0.01,326.78,248.0,99
2026-10-06T09:47:49.638831+00:00,btc-updown-15m-1791280800,15,5319457,102322205353471583246708845264480091582761358686052030314007272574898703021703,2026-10-06T10:00:00+00:00,2026-10-06T10:15:00+00:00,27.18,0.5,0.51,0.505,0.01,25.0,869.43,99
2026-10-06T09:48:50.820121+00:00,btc-updown-5m-1791280200,5,5319411,22893737105782693476304048266745540264360164896416169218074096392883294957191,2026-10-06T09:50:00+00:00,2026-10-06T09:55:00+00:00,6.17,0.5,0.51,0.505,0.01,30.0,322.15,99
2026-10-06T09:48:50.820121+00:00,btc-updown-15m-1791279900,15,5319393,50986648150224131181193235778919604253148012858659712116238799225005460262586,2026-10-06T09:45:00+00:00,2026-10-06T10:00:00+00:00,11.17,0.78,0.79,0.785,0.01,1855.98,105.93,99
2026-10-06T09:48:50.820121+00:00,btc-updown-15m-1791280800,15,5319457,102322205353471583246708845264480091582761358686052030314007272574898703021703,2026-10-06T10:00:00+00:00,2026-10-06T10:15:00+00:00,26.17,0.5,0.51,0.505,0.01,25.0,869.43,99
2026-10-06T09:49:51.903801+00:00,btc-updown-5m-1791280200,5,5319411,22893737105782693476304048266745540264360164896416169218074096392883294957191,2026-10-06T09:50:00+00:00,2026-10-06T09:55:00+00:00,5.15,0.55,0.56,0.555,0.01,90.0,115.48,99
2026-10-06T09:49:51.903801+00:00,btc-updown-15m-1791279900,15,5319393,50986648150224131181193235778919604253148012858659712116238799225005460262586,2026-10-06T09:45:00+00:00,2026-10-06T10:00:00+00:00,10.15,0.82,0.83,0.825,0.01,372.14,222.0,99
2026-10-06T09:49:51.903801+00:00,btc-updown-15m-1791280800,15,5319457,102322205353471583246708845264480091582761358686052030314007272574898703021703,2026-10-06T10:00:00+00:00,2026-10-06T10:15:00+00:00,25.15,0.5,0.51,0.505,0.01,25.0,919.43,99
2026-10-06T09:50:52.970863+00:00,btc-updown-5m-1791280200,5,5319411,22893737105782693476304048266745540264360164896416169218074096392883294957191,2026-10-06T09:50:00+00:00,2026-10-06T09:55:00+00:00,4.13,0.9,0.91,0.905,0.01,1409.08,5.0,99
2026-10-06T09:50:52.970863+00:00,btc-updown-5m-1791280500,5,5319427,65415815881464791588532063432269295181326683727255625393858977064111284524880,2026-10-06T09:55:00+00:00,2026-10-06T10:00:00+00:00,9.13,0.49,0.5,0.495,0.01,500.34,370.0,99
2026-10-06T09:50:52.970863+00:00,btc-updown-15m-1791279900,15,5319393,50986648150224131181193235778919604253148012858659712116238799225005460262586,2026-10-06T09:45:00+00:00,2026-10-06T10:00:00+00:00,9.13,0.94,0.95,0.945,0.01,632.49,342.34,99
2026-10-06T09:50:52.970863+00:00,btc-updown-15m-1791280800,15,5319457,102322205353471583246708845264480091582761358686052030314007272574898703021703,2026-10-06T10:00:00+00:00,2026-10-06T10:15:00+00:00,24.13,0.5,0.51,0.505,0.01,30.0,1188.49,99
2026-10-06T09:51:54.131098+00:00,btc-updown-5m-1791280200,5,5319411,22893737105782693476304048266745540264360164896416169218074096392883294957191,2026-10-06T09:50:00+00:00,2026-10-06T09:55:00+00:00,3.1,0.98,0.99,0.985,0.01,614.58,859.0,99
2026-10-06T09:51:54.131098+00:00,btc-updown-5m-1791280500,5,5319427,65415815881464791588532063432269295181326683727255625393858977064111284524880,2026-10-06T09:55:00+00:00,2026-10-06T10:00:00+00:00,8.1,0.49,0.5,0.495,0.01,486.04,418.0,99
2026-10-06T09:51:54.131098+00:00,btc-updown-15m-1791279900,15,5319393,50986648150224131181193235778919604253148012858659712116238799225005460262586,2026-10-06T09:45:00+00:00,2026-10-06T10:00:00+00:00,8.1,0.98,0.99,0.985,0.01,645.0,395.16,99
2026-10-06T09:51:54.131098+00:00,btc-updown-15m-1791280800,15,5319457,102322205353471583246708845264480091582761358686052030314007272574898703021703,2026-10-06T10:00:00+00:00,2026-10-06T10:15:00+00:00,23.1,0.5,0.51,0.505,0.01,30.0,1188.49,99
2026-10-06T09:52:55.348930+00:00,btc-updown-5m-1791280200,5,5319411,22893737105782693476304048266745540264360164896416169218074096392883294957191,2026-10-06T09:50:00+00:00,2026-10-06T09:55:00+00:00,2.08,0.98,0.99,0.985,0.01,495.0,1246.1,99
2026-10-06T09:52:55.348930+00:00,btc-updown-5m-1791280500,5,5319427,65415815881464791588532063432269295181326683727255625393858977064111284524880,2026-10-06T09:55:00+00:00,2026-10-06T10:00:00+00:00,7.08,0.49,0.5,0.495,0.01,414.57,327.82,99
2026-10-06T09:52:55.348930+00:00,btc-updown-15m-1791279900,15,5319393,50986648150224131181193235778919604253148012858659712116238799225005460262586,2026-10-06T09:45:00+00:00,2026-10-06T10:00:00+00:00,7.08,0.95,0.96,0.955,0.01,261.0,247.21,99
2026-10-06T09:52:55.348930+00:00,btc-updown-15m-1791280800,15,5319457,102322205353471583246708845264480091582761358686052030314007272574898703021703,2026-10-06T10:00:00+00:00,2026-10-06T10:15:00+00:00,22.08,0.5,0.51,0.505,0.01,30.0,1163.49,99
2026-10-06T09:53:56.861478+00:00,btc-updown-5m-1791280200,5,5319411,22893737105782693476304048266745540264360164896416169218074096392883294957191,2026-10-06T09:50:00+00:00,2026-10-06T09:55:00+00:00,1.07,0.994,0.997,0.9955,0.003,5.0,5.0,144
2026-10-06T09:53:56.861478+00:00,btc-updown-5m-1791280500,5,5319427,65415815881464791588532063432269295181326683727255625393858977064111284524880,2026-10-06T09:55:00+00:00,2026-10-06T10:00:00+00:00,6.07,0.49,0.5,0.495,0.01,72.91,363.32,99
2026-10-06T09:53:56.861478+00:00,btc-updown-15m-1791279900,15,5319393,50986648150224131181193235778919604253148012858659712116238799225005460262586,2026-10-06T09:45:00+00:00,2026-10-06T10:00:00+00:00,6.07,0.929,0.93,0.9295,0.001,5.0,241.76,149
2026-10-06T09:53:56.861478+00:00,btc-updown-15m-1791280800,15,5319457,102322205353471583246708845264480091582761358686052030314007272574898703021703,2026-10-06T10:00:00+00:00,2026-10-06T10:15:00+00:00,21.07,0.5,0.51,0.505,0.01,30.0,1113.49,99
2026-10-06T09:54:58.024501+00:00,btc-updown-5m-1791280500,5,5319427,65415815881464791588532063432269295181326683727255625393858977064111284524880,2026-10-06T09:55:00+00:00,2026-10-06T10:00:00+00:00,5.03,0.46,0.47,0.465,0.01,50.0,99.0,99
2026-10-06T09:54:58.024501+00:00,btc-updown-15m-1791279900,15,5319393,50986648150224131181193235778919604253148012858659712116238799225005460262586,2026-10-06T09:45:00+00:00,2026-10-06T10:00:00+00:00,5.03,0.951,0.956,0.9535,0.005,5.0,106.01,142
2026-10-06T09:54:58.024501+00:00,btc-updown-15m-1791280800,15,5319457,102322205353471583246708845264480091582761358686052030314007272574898703021703,2026-10-06T10:00:00+00:00,2026-10-06T10:15:00+00:00,20.03,0.5,0.51,0.505,0.01,30.0,1113.49,99
2026-10-06T09:55:59.079021+00:00,btc-updown-5m-1791280500,5,5319427,65415815881464791588532063432269295181326683727255625393858977064111284524880,2026-10-06T09:55:00+00:00,2026-10-06T10:00:00+00:00,4.02,0.63,0.65,0.64,0.02,50.0,52.31,98
2026-10-06T09:55:59.079021+00:00,btc-updown-5m-1791280800,5,5319447,43325885419786401796587950379408699633467197669722727525095168299129015126375,2026-10-06T10:00:00+00:00,2026-10-06T10:05:00+00:00,9.02,0.49,0.5,0.495,0.01,568.0,476.22,99
2026-10-06T09:55:59.079021+00:00,btc-updown-15m-1791279900,15,5319393,50986648150224131181193235778919604253148012858659712116238799225005460262586,2026-10-06T09:45:00+00:00,2026-10-06T10:00:00+00:00,4.02,0.975,0.979,0.977,0.004,92.0,12.61,131
2026-10-06T09:55:59.079021+00:00,btc-updown-15m-1791280800,15,5319457,102322205353471583246708845264480091582761358686052030314007272574898703021703,2026-10-06T10:00:00+00:00,2026-10-06T10:15:00+00:00,19.02,0.5,0.51,0.505,0.01,25.0,1128.49,99
2026-10-06T09:57:00.243731+00:00,btc-updown-5m-1791280500,5,5319427,65415815881464791588532063432269295181326683727255625393858977064111284524880,2026-10-06T09:55:00+00:00,2026-10-06T10:00:00+00:00,3.0,0.32,0.33,0.325,0.01,1021.21,71.31,99
2026-10-06T09:57:00.243731+00:00,btc-updown-5m-1791280800,5,5319447,43325885419786401796587950379408699633467197669722727525095168299129015126375,2026-10-06T10:00:00+00:00,2026-10-06T10:05:00+00:00,8.0,0.49,0.5,0.495,0.01,575.94,356.22,99
2026-10-06T09:57:00.243731+00:00,btc-updown-15m-1791279900,15,5319393,50986648150224131181193235778919604253148012858659712116238799225005460262586,2026-10-06T09:45:00+00:00,2026-10-06T10:00:00+00:00,3.0,0.96,0.961,0.9605,0.001,87.21,5.0,129
2026-10-06T09:57:00.243731+00:00,btc-updown-15m-1791280800,15,5319457,102322205353471583246708845264480091582761358686052030314007272574898703021703,2026-10-06T10:00:00+00:00,2026-10-06T10:15:00+00:00,18.0,0.5,0.51,0.505,0.01,25.0,654.49,99
2026-10-06T09:58:01.410432+00:00,btc-updown-5m-1791280500,5,5319427,65415815881464791588532063432269295181326683727255625393858977064111284524880,2026-10-06T09:55:00+00:00,2026-10-06T10:00:00+00:00,1.98,0.19,0.2,0.195,0.01,762.7,5.0,99
2026-10-06T09:58:01.410432+00:00,btc-updown-5m-1791280800,5,5319447,43325885419786401796587950379408699633467197669722727525095168299129015126375,2026-10-06T10:00:00+00:00,2026-10-06T10:05:00+00:00,6.98,0.49,0.5,0.495,0.01,585.34,226.22,99
2026-10-06T09:58:01.410432+00:00,btc-updown-15m-1791279900,15,5319393,50986648150224131181193235778919604253148012858659712116238799225005460262586,2026-10-06T09:45:00+00:00,2026-10-06T10:00:00+00:00,1.98,0.991,0.992,0.9915,0.001,182.67,73.98,122
2026-10-06T09:58:01.410432+00:00,btc-updown-15m-1791280800,15,5319457,102322205353471583246708845264480091582761358686052030314007272574898703021703,2026-10-06T10:00:00+00:00,2026-10-06T10:15:00+00:00,16.98,0.5,0.51,0.505,0.01,24.7,518.31,99
2026-10-06T09:59:02.593330+00:00,btc-updown-5m-1791280800,5,5319447,43325885419786401796587950379408699633467197669722727525095168299129015126375,2026-10-06T10:00:00+00:00,2026-10-06T10:05:00+00:00,5.97,0.49,0.5,0.495,0.01,263.68,198.22,99
2026-10-06T09:59:02.593330+00:00,btc-updown-15m-1791280800,15,5319457,102322205353471583246708845264480091582761358686052030314007272574898703021703,2026-10-06T10:00:00+00:00,2026-10-06T10:15:00+00:00,15.97,0.5,0.51,0.505,0.01,24.7,325.07,90
2026-10-06T10:00:03.574172+00:00,btc-updown-5m-1791280800,5,5319447,43325885419786401796587950379408699633467197669722727525095168299129015126375,2026-10-06T10:00:00+00:00,2026-10-06T10:05:00+00:00,4.95,0.37,0.38,0.375,0.01,388.0,1345.79,99
2026-10-06T10:00:03.574172+00:00,btc-updown-5m-1791281100,5,5319462,98588150032078763682789505361220752098578414568190507209999663696101767675343,2026-10-06T10:05:00+00:00,2026-10-06T10:10:00+00:00,9.95,0.49,0.5,0.495,0.01,134.35,130.0,99
2026-10-06T10:00:03.574172+00:00,btc-updown-15m-1791280800,15,5319457,102322205353471583246708845264480091582761358686052030314007272574898703021703,2026-10-06T10:00:00+00:00,2026-10-06T10:15:00+00:00,14.95,0.42,0.43,0.425,0.01,210.0,205.0,99
2026-10-06T10:00:03.574172+00:00,btc-updown-15m-1791281700,15,5319702,87483630563486894585456599454512261605877789398819310518638501054344245147184,2026-10-06T10:15:00+00:00,2026-10-06T10:30:00+00:00,29.95,0.5,0.51,0.505,0.01,25.0,291.43,99
2026-10-06T10:01:04.735497+00:00,btc-updown-5m-1791280800,5,5319447,43325885419786401796587950379408699633467197669722727525095168299129015126375,2026-10-06T10:00:00+00:00,2026-10-06T10:05:00+00:00,3.93,0.46,0.47,0.465,0.01,449.01,467.02,99
2026-10-06T10:01:04.735497+00:00,btc-updown-5m-1791281100,5,5319462,98588150032078763682789505361220752098578414568190507209999663696101767675343,2026-10-06T10:05:00+00:00,2026-10-06T10:10:00+00:00,8.93,0.49,0.5,0.495,0.01,505.35,207.0,99
2026-10-06T10:01:04.735497+00:00,btc-updown-15m-1791280800,15,5319457,102322205353471583246708845264480091582761358686052030314007272574898703021703,2026-10-06T10:00:00+00:00,2026-10-06T10:15:00+00:00,13.93,0.44,0.45,0.445,0.01,16.0,555.31,99
2026-10-06T10:01:04.735497+00:00,btc-updown-15m-1791281700,15,5319702,87483630563486894585456599454512261605877789398819310518638501054344245147184,2026-10-06T10:15:00+00:00,2026-10-06T10:30:00+00:00,28.93,0.49,0.51,0.5,0.02,45.0,954.49,98
2026-10-06T10:02:05.900464+00:00,btc-updown-5m-1791280800,5,5319447,43325885419786401796587950379408699633467197669722727525095168299129015126375,2026-10-06T10:00:00+00:00,2026-10-06T10:05:00+00:00,2.92,0.23,0.24,0.235,0.01,250.14,248.77,99
2026-10-06T10:02:05.900464+00:00,btc-updown-5m-1791281100,5,5319462,98588150032078763682789505361220752098578414568190507209999663696101767675343,2026-10-06T10:05:00+00:00,2026-10-06T10:10:00+00:00,7.92,0.49,0.5,0.495,0.01,545.55,260.0,99
2026-10-06T10:02:05.900464+00:00,btc-updown-15m-1791280800,15,5319457,102322205353471583246708845264480091582761358686052030314007272574898703021703,2026-10-06T10:00:00+00:00,2026-10-06T10:15:00+00:00,12.92,0.43,0.44,0.435,0.01,392.54,300.7,99
2026-10-06T10:02:05.900464+00:00,btc-updown-15m-1791281700,15,5319702,87483630563486894585456599454512261605877789398819310518638501054344245147184,2026-10-06T10:15:00+00:00,2026-10-06T10:30:00+00:00,27.92,0.49,0.5,0.495,0.01,40.0,245.0,99
2026-10-06T10:03:07.082042+00:00,btc-updown-5m-1791280800,5,5319447,43325885419786401796587950379408699633467197669722727525095168299129015126375,2026-10-06T10:00:00+00:00,2026-10-06T10:05:00+00:00,1.88,0.96,0.97,0.965,0.01,170.0,1540.25,99
2026-10-06T10:03:07.082042+00:00,btc-updown-5m-1791281100,5,5319462,98588150032078763682789505361220752098578414568190507209999663696101767675343,2026-10-06T10:05:00+00:00,2026-10-06T10:10:00+00:00,6.88,0.49,0.5,0.495,0.01,520.55,265.0,99
2026-10-06T10:03:07.082042+00:00,btc-updown-15m-1791280800,15,5319457,102322205353471583246708845264480091582761358686052030314007272574898703021703,2026-10-06T10:00:00+00:00,2026-10-06T10:15:00+00:00,11.88,0.72,0.73,0.725,0.01,2854.55,127.0,99
2026-10-06T10:03:07.082042+00:00,btc-updown-15m-1791281700,15,5319702,87483630563486894585456599454512261605877789398819310518638501054344245147184,2026-10-06T10:15:00+00:00,2026-10-06T10:30:00+00:00,26.88,0.49,0.5,0.495,0.01,10.0,590.0,99
2026-10-06T10:04:08.236815+00:00,btc-updown-5m-1791280800,5,5319447,43325885419786401796587950379408699633467197669722727525095168299129015126375,2026-10-06T10:00:00+00:00,2026-10-06T10:05:00+00:00,0.87,0.94,0.95,0.945,0.01,687.88,237.04,98
2026-10-06T10:04:08.236815+00:00,btc-updown-5m-1791281100,5,5319462,98588150032078763682789505361220752098578414568190507209999663696101767675343,2026-10-06T10:05:00+00:00,2026-10-06T10:10:00+00:00,5.87,0.49,0.5,0.495,0.01,80.0,285.64,99
2026-10-06T10:04:08.236815+00:00,btc-updown-15m-1791280800,15,5319457,102322205353471583246708845264480091582761358686052030314007272574898703021703,2026-10-06T10:00:00+00:00,2026-10-06T10:15:00+00:00,10.87,0.58,0.59,0.585,0.01,428.6,235.0,99
2026-10-06T10:04:08.236815+00:00,btc-updown-15m-1791281700,15,5319702,87483630563486894585456599454512261605877789398819310518638501054344245147184,2026-10-06T10:15:00+00:00,2026-10-06T10:30:00+00:00,25.87,0.49,0.5,0.495,0.01,10.0,425.0,99
2026-10-06T10:05:09.416396+00:00,btc-updown-5m-1791281100,5,5319462,98588150032078763682789505361220752098578414568190507209999663696101767675343,2026-10-06T10:05:00+00:00,2026-10-06T10:10:00+00:00,4.85,0.37,0.38,0.375,0.01,188.0,926.59,99
2026-10-06T10:05:09.416396+00:00,btc-updown-5m-1791281400,5,5319687,113610314443335890798647151174572938789356406963974548917350174250017953482141,2026-10-06T10:10:00+00:00,2026-10-06T10:15:00+00:00,9.85,0.5,0.51,0.505,0.01,178.03,497.33,99
2026-10-06T10:05:09.416396+00:00,btc-updown-15m-1791280800,15,5319457,102322205353471583246708845264480091582761358686052030314007272574898703021703,2026-10-06T10:00:00+00:00,2026-10-06T10:15:00+00:00,9.85,0.37,0.38,0.375,0.01,688.87,149.35,98
2026-10-06T10:05:09.416396+00:00,btc-updown-15m-1791281700,15,5319702,87483630563486894585456599454512261605877789398819310518638501054344245147184,2026-10-06T10:15:00+00:00,2026-10-06T10:30:00+00:00,24.85,0.49,0.5,0.495,0.01,30.0,200.0,99
2026-10-06T10:06:10.605592+00:00,btc-updown-5m-1791281100,5,5319462,98588150032078763682789505361220752098578414568190507209999663696101767675343,2026-10-06T10:05:00+00:00,2026-10-06T10:10:00+00:00,3.83,0.63,0.64,0.635,0.01,35.0,2290.67,99
2026-10-06T10:06:10.605592+00:00,btc-updown-5m-1791281400,5,5319687,113610314443335890798647151174572938789356406963974548917350174250017953482141,2026-10-06T10:10:00+00:00,2026-10-06T10:15:00+00:00,8.83,0.5,0.51,0.505,0.01,198.03,759.72,99
2026-10-06T10:06:10.605592+00:00,btc-updown-15m-1791280800,15,5319457,102322205353471583246708845264480091582761358686052030314007272574898703021703,2026-10-06T10:00:00+00:00,2026-10-06T10:15:00+00:00,8.83,0.54,0.55,0.545,0.01,15.0,703.44,99
2026-10-06T10:06:10.605592+00:00,btc-updown-15m-1791281700,15,5319702,87483630563486894585456599454512261605877789398819310518638501054344245147184,2026-10-06T10:15:00+00:00,2026-10-06T10:30:00+00:00,23.83,0.49,0.5,0.495,0.01,15.0,380.0,99
2026-10-06T10:07:11.949079+00:00,btc-updown-5m-1791281100,5,5319462,98588150032078763682789505361220752098578414568190507209999663696101767675343,2026-10-06T10:05:00+00:00,2026-10-06T10:10:00+00:00,2.82,0.49,0.54,0.515,0.05,115.0,10.0,95
2026-10-06T10:07:11.949079+00:00,btc-updown-5m-1791281400,5,5319687,113610314443335890798647151174572938789356406963974548917350174250017953482141,2026-10-06T10:10:00+00:00,2026-10-06T10:15:00+00:00,7.82,0.5,0.51,0.505,0.01,63.03,769.72,99
2026-10-06T10:07:11.949079+00:00,btc-updown-15m-1791280800,15,5319457,102322205353471583246708845264480091582761358686052030314007272574898703021703,2026-10-06T10:00:00+00:00,2026-10-06T10:15:00+00:00,7.82,0.52,0.53,0.525,0.01,299.0,5.0,99
2026-10-06T10:07:11.949079+00:00,btc-updown-15m-1791281700,15,5319702,87483630563486894585456599454512261605877789398819310518638501054344245147184,2026-10-06T10:15:00+00:00,2026-10-06T10:30:00+00:00,22.82,0.49,0.5,0.495,0.01,15.0,185.0,99
2026-10-06T10:08:13.113719+00:00,btc-updown-5m-1791281100,5,5319462,98588150032078763682789505361220752098578414568190507209999663696101767675343,2026-10-06T10:05:00+00:00,2026-10-06T10:10:00+00:00,1.78,0.89,0.9,0.895,0.01,62.0,1344.26,99
2026-10-06T10:08:13.113719+00:00,btc-updown-5m-1791281400,5,5319687,113610314443335890798647151174572938789356406963974548917350174250017953482141,2026-10-06T10:10:00+00:00,2026-10-06T10:15:00+00:00,6.78,0.5,0.51,0.505,0.01,58.03,779.72,99
2026-10-06T10:08:13.113719+00:00,btc-updown-15m-1791280800,15,5319457,102322205353471583246708845264480091582761358686052030314007272574898703021703,2026-10-06T10:00:00+00:00,2026-10-06T10:15:00+00:00,6.78,0.64,0.65,0.645,0.01,286.98,208.55,99
2026-10-06T10:08:13.113719+00:00,btc-updown-15m-1791281700,15,5319702,87483630563486894585456599454512261605877789398819310518638501054344245147184,2026-10-06T10:15:00+00:00,2026-10-06T10:30:00+00:00,21.78,0.49,0.5,0.495,0.01,15.0,430.0,99
2026-10-06T10:09:14.292692+00:00,btc-updown-5m-1791281400,5,5319687,113610314443335890798647151174572938789356406963974548917350174250017953482141,2026-10-06T10:10:00+00:00,2026-10-06T10:15:00+00:00,5.77,0.5,0.51,0.505,0.01,175.0,206.66,99
2026-10-06T10:09:14.292692+00:00,btc-updown-15m-1791280800,15,5319457,102322205353471583246708845264480091582761358686052030314007272574898703021703,2026-10-06T10:00:00+00:00,2026-10-06T10:15:00+00:00,5.77,0.71,0.72,0.715,0.01,336.25,294.0,99
2026-10-06T10:09:14.292692+00:00,btc-updown-15m-1791281700,15,5319702,87483630563486894585456599454512261605877789398819310518638501054344245147184,2026-10-06T10:15:00+00:00,2026-10-06T10:30:00+00:00,20.77,0.49,0.5,0.495,0.01,15.0,480.0,99
2026-10-06T10:10:15.351751+00:00,btc-updown-5m-1791281400,5,5319687,113610314443335890798647151174572938789356406963974548917350174250017953482141,2026-10-06T10:10:00+00:00,2026-10-06T10:15:00+00:00,4.75,0.48,0.49,0.485,0.01,9.0,75.17,99
2026-10-06T10:10:15.351751+00:00,btc-updown-5m-1791281700,5,5319712,5268306583377308713512237429899700214280854945485388047696835993765488591793,2026-10-06T10:15:00+00:00,2026-10-06T10:20:00+00:00,9.75,0.49,0.5,0.495,0.01,542.86,138.0,99
2026-10-06T10:10:15.351751+00:00,btc-updown-15m-1791280800,15,5319457,102322205353471583246708845264480091582761358686052030314007272574898703021703,2026-10-06T10:00:00+00:00,2026-10-06T10:15:00+00:00,4.75,0.67,0.68,0.675,0.01,152.0,519.67,99
2026-10-06T10:10:15.351751+00:00,btc-updown-15m-1791281700,15,5319702,87483630563486894585456599454512261605877789398819310518638501054344245147184,2026-10-06T10:15:00+00:00,2026-10-06T10:30:00+00:00,19.75,0.49,0.5,0.495,0.01,15.0,485.0,99
2026-10-06T10:11:16.508366+00:00,btc-updown-5m-1791281400,5,5319687,113610314443335890798647151174572938789356406963974548917350174250017953482141,2026-10-06T10:10:00+00:00,2026-10-06T10:15:00+00:00,3.73,0.91,0.92,0.915,0.01,226.72,559.95,99
2026-10-06T10:11:16.508366+00:00,btc-updown-5m-1791281700,5,5319712,5268306583377308713512237429899700214280854945485388047696835993765488591793,2026-10-06T10:15:00+00:00,2026-10-06T10:20:00+00:00,8.73,0.49,0.5,0.495,0.01,519.86,369.0,99
2026-10-06T10:11:16.508366+00:00,btc-updown-15m-1791280800,15,5319457,102322205353471583246708845264480091582761358686052030314007272574898703021703,2026-10-06T10:00:00+00:00,2026-10-06T10:15:00+00:00,3.73,0.96,0.97,0.965,0.01,15.0,415.6,99
2026-10-06T10:11:16.508366+00:00,btc-updown-15m-1791281700,15,5319702,87483630563486894585456599454512261605877789398819310518638501054344245147184,2026-10-06T10:15:00+00:00,2026-10-06T10:30:00+00:00,18.73,0.49,0.5,0.495,0.01,11.13,610.0,99
2026-10-06T10:12:17.680592+00:00,btc-updown-5m-1791281400,5,5319687,113610314443335890798647151174572938789356406963974548917350174250017953482141,2026-10-06T10:10:00+00:00,2026-10-06T10:15:00+00:00,2.72,0.95,0.96,0.955,0.01,494.61,269.21,99
2026-10-06T10:12:17.680592+00:00,btc-updown-5m-1791281700,5,5319712,5268306583377308713512237429899700214280854945485388047696835993765488591793,2026-10-06T10:15:00+00:00,2026-10-06T10:20:00+00:00,7.72,0.49,0.5,0.495,0.01,418.25,382.22,99
2026-10-06T10:12:17.680592+00:00,btc-updown-15m-1791281700,15,5319702,87483630563486894585456599454512261605877789398819310518638501054344245147184,2026-10-06T10:15:00+00:00,2026-10-06T10:30:00+00:00,17.72,0.49,0.5,0.495,0.01,6.13,833.33,99
2026-10-06T10:13:18.804409+00:00,btc-updown-5m-1791281400,5,5319687,113610314443335890798647151174572938789356406963974548917350174250017953482141,2026-10-06T10:10:00+00:00,2026-10-06T10:15:00+00:00,1.7,0.989,0.99,0.9895,0.001,902.25,2345.79,151
2026-10-06T10:13:18.804409+00:00,btc-updown-5m-1791281700,5,5319712,5268306583377308713512237429899700214280854945485388047696835993765488591793,2026-10-06T10:15:00+00:00,2026-10-06T10:20:00+00:00,6.7,0.49,0.5,0.495,0.01,392.74,167.22,99
2026-10-06T10:13:18.804409+00:00,btc-updown-15m-1791280800,15,5319457,102322205353471583246708845264480091582761358686052030314007272574898703021703,2026-10-06T10:00:00+00:00,2026-10-06T10:15:00+00:00,1.7,0.992,0.998,0.995,0.006,142.44,44.1,113
2026-10-06T10:13:18.804409+00:00,btc-updown-15m-1791281700,15,5319702,87483630563486894585456599454512261605877789398819310518638501054344245147184,2026-10-06T10:15:00+00:00,2026-10-06T10:30:00+00:00,16.7,0.48,0.49,0.485,0.01,254.84,234.22,99
2026-10-06T10:14:19.968275+00:00,btc-updown-5m-1791281700,5,5319712,5268306583377308713512237429899700214280854945485388047696835993765488591793,2026-10-06T10:15:00+00:00,2026-10-06T10:20:00+00:00,5.68,0.48,0.49,0.485,0.01,420.0,698.28,99
2026-10-06T10:14:19.968275+00:00,btc-updown-15m-1791281700,15,5319702,87483630563486894585456599454512261605877789398819310518638501054344245147184,2026-10-06T10:15:00+00:00,2026-10-06T10:30:00+00:00,15.68,0.47,0.48,0.475,0.01,108.61,159.22,91
2026-10-06T10:15:20.948682+00:00,btc-updown-5m-1791281700,5,5319712,5268306583377308713512237429899700214280854945485388047696835993765488591793,2026-10-06T10:15:00+00:00,2026-10-06T10:20:00+00:00,4.67,0.35,0.36,0.355,0.01,98.0,1020.18,99
2026-10-06T10:15:20.948682+00:00,btc-updown-5m-1791282000,5,5319727,66784882813367868776617972111750531166074667904005360996682810210244933558861,2026-10-06T10:20:00+00:00,2026-10-06T10:25:00+00:00,9.67,0.48,0.49,0.485,0.01,308.44,150.0,99
2026-10-06T10:15:20.948682+00:00,btc-updown-15m-1791281700,15,5319702,87483630563486894585456599454512261605877789398819310518638501054344245147184,2026-10-06T10:15:00+00:00,2026-10-06T10:30:00+00:00,14.67,0.36,0.37,0.365,0.01,1047.6,5.0,99
2026-10-06T10:15:20.948682+00:00,btc-updown-15m-1791282600,15,5319838,85711121880506012491613972268795209910435961749172860344592400740888496824694,2026-10-06T10:30:00+00:00,2026-10-06T10:45:00+00:00,29.67,0.48,0.5,0.49,0.02,416.25,290.0,98
2026-10-06T10:16:22.117779+00:00,btc-updown-5m-1791281700,5,5319712,5268306583377308713512237429899700214280854945485388047696835993765488591793,2026-10-06T10:15:00+00:00,2026-10-06T10:20:00+00:00,3.63,0.27,0.28,0.275,0.01,15.0,473.66,99
2026-10-06T10:16:22.117779+00:00,btc-updown-5m-1791282000,5,5319727,66784882813367868776617972111750531166074667904005360996682810210244933558861,2026-10-06T10:20:00+00:00,2026-10-06T10:25:00+00:00,8.63,0.48,0.49,0.485,0.01,301.13,133.52,99
2026-10-06T10:16:22.117779+00:00,btc-updown-15m-1791281700,15,5319702,87483630563486894585456599454512261605877789398819310518638501054344245147184,2026-10-06T10:15:00+00:00,2026-10-06T10:30:00+00:00,13.63,0.35,0.36,0.355,0.01,329.32,245.0,99
2026-10-06T10:16:22.117779+00:00,btc-updown-15m-1791282600,15,5319838,85711121880506012491613972268795209910435961749172860344592400740888496824694,2026-10-06T10:30:00+00:00,2026-10-06T10:45:00+00:00,28.63,0.48,0.49,0.485,0.01,260.0,350.0,99
2026-10-06T10:17:23.275264+00:00,btc-updown-5m-1791281700,5,5319712,5268306583377308713512237429899700214280854945485388047696835993765488591793,2026-10-06T10:15:00+00:00,2026-10-06T10:20:00+00:00,2.62,0.16,0.17,0.165,0.01,227.64,748.43,99
2026-10-06T10:17:23.275264+00:00,btc-updown-5m-1791282000,5,5319727,66784882813367868776617972111750531166074667904005360996682810210244933558861,2026-10-06T10:20:00+00:00,2026-10-06T10:25:00+00:00,7.62,0.48,0.49,0.485,0.01,301.04,142.57,99
2026-10-06T10:17:23.275264+00:00,btc-updown-15m-1791281700,15,5319702,87483630563486894585456599454512261605877789398819310518638501054344245147184,2026-10-06T10:15:00+00:00,2026-10-06T10:30:00+00:00,12.62,0.33,0.34,0.335,0.01,5.0,2040.1,99
2026-10-06T10:17:23.275264+00:00,btc-updown-15m-1791282600,15,5319838,85711121880506012491613972268795209910435961749172860344592400740888496824694,2026-10-06T10:30:00+00:00,2026-10-06T10:45:00+00:00,27.62,0.48,0.49,0.485,0.01,260.0,250.0,99
2026-10-06T10:18:24.431107+00:00,btc-updown-5m-1791281700,5,5319712,5268306583377308713512237429899700214280854945485388047696835993765488591793,2026-10-06T10:15:00+00:00,2026-10-06T10:20:00+00:00,1.6,0.06,0.07,0.065,0.01,439.13,811.39,99
2026-10-06T10:18:24.431107+00:00,btc-updown-5m-1791282000,5,5319727,66784882813367868776617972111750531166074667904005360996682810210244933558861,2026-10-06T10:20:00+00:00,2026-10-06T10:25:00+00:00,6.6,0.48,0.49,0.485,0.01,276.84,131.44,99
2026-10-06T10:18:24.431107+00:00,btc-updown-15m-1791281700,15,5319702,87483630563486894585456599454512261605877789398819310518638501054344245147184,2026-10-06T10:15:00+00:00,2026-10-06T10:30:00+00:00,11.6,0.3,0.31,0.305,0.01,597.0,373.0,99
2026-10-06T10:18:24.431107+00:00,btc-updown-15m-1791282600,15,5319838,85711121880506012491613972268795209910435961749172860344592400740888496824694,2026-10-06T10:30:00+00:00,2026-10-06T10:45:00+00:00,26.6,0.48,0.49,0.485,0.01,260.0,244.79,99
2026-10-06T10:19:25.766634+00:00,btc-updown-5m-1791282000,5,5319727,66784882813367868776617972111750531166074667904005360996682810210244933558861,2026-10-06T10:20:00+00:00,2026-10-06T10:25:00+00:00,5.58,0.48,0.49,0.485,0.01,175.0,30.11,99
2026-10-06T10:19:25.766634+00:00,btc-updown-15m-1791281700,15,5319702,87483630563486894585456599454512261605877789398819310518638501054344245147184,2026-10-06T10:15:00+00:00,2026-10-06T10:30:00+00:00,10.58,0.26,0.27,0.265,0.01,650.0,363.19,99
2026-10-06T10:19:25.766634+00:00,btc-updown-15m-1791282600,15,5319838,85711121880506012491613972268795209910435961749172860344592400740888496824694,2026-10-06T10:30:00+00:00,2026-10-06T10:45:00+00:00,25.58,0.48,0.49,0.485,0.01,260.0,244.79,99
2026-10-06T10:20:26.824719+00:00,btc-updown-5m-1791282000,5,5319727,66784882813367868776617972111750531166074667904005360996682810210244933558861,2026-10-06T10:20:00+00:00,2026-10-06T10:25:00+00:00,4.57,0.28,0.29,0.285,0.01,174.27,1612.95,99
2026-10-06T10:20:26.824719+00:00,btc-updown-5m-1791282300,5,5319817,21598881769703326351818919133824236210668906518858523996995691366044400341879,2026-10-06T10:25:00+00:00,2026-10-06T10:30:00+00:00,9.57,0.5,0.51,0.505,0.01,55.62,820.85,99
2026-10-06T10:20:26.824719+00:00,btc-updown-15m-1791281700,15,5319702,87483630563486894585456599454512261605877789398819310518638501054344245147184,2026-10-06T10:15:00+00:00,2026-10-06T10:30:00+00:00,9.57,0.15,0.16,0.155,0.01,13.33,119.0,99
2026-10-06T10:20:26.824719+00:00,btc-updown-15m-1791282600,15,5319838,85711121880506012491613972268795209910435961749172860344592400740888496824694,2026-10-06T10:30:00+00:00,2026-10-06T10:45:00+00:00,24.57,0.48,0.49,0.485,0.01,265.0,139.79,99
2026-10-06T10:21:28.001383+00:00,btc-updown-5m-1791282000,5,5319727,66784882813367868776617972111750531166074667904005360996682810210244933558861,2026-10-06T10:20:00+00:00,2026-10-06T10:25:00+00:00,3.53,0.53,0.54,0.535,0.01,305.0,395.19,99
2026-10-06T10:21:28.001383+00:00,btc-updown-5m-1791282300,5,5319817,21598881769703326351818919133824236210668906518858523996995691366044400341879,2026-10-06T10:25:00+00:00,2026-10-06T10:30:00+00:00,8.53,0.5,0.51,0.505,0.01,95.43,835.85,99
2026-10-06T10:21:28.001383+00:00,btc-updown-15m-1791281700,15,5319702,87483630563486894585456599454512261605877789398819310518638501054344245147184,2026-10-06T10:15:00+00:00,2026-10-06T10:30:00+00:00,8.53,0.23,0.24,0.235,0.01,515.53,281.0,99
2026-10-06T10:21:28.001383+00:00,btc-updown-15m-1791282600,15,5319838,85711121880506012491613972268795209910435961749172860344592400740888496824694,2026-10-06T10:30:00+00:00,2026-10-06T10:45:00+00:00,23.53,0.48,0.49,0.485,0.01,265.0,154.79,99
2026-10-06T10:22:29.175397+00:00,btc-updown-5m-1791282000,5,5319727,66784882813367868776617972111750531166074667904005360996682810210244933558861,2026-10-06T10:20:00+00:00,2026-10-06T10:25:00+00:00,2.52,0.77,0.78,0.775,0.01,842.64,30.0,99
2026-10-06T10:22:29.175397+00:00,btc-updown-5m-1791282300,5,5319817,21598881769703326351818919133824236210668906518858523996995691366044400341879,2026-10-06T10:25:00+00:00,2026-10-06T10:30:00+00:00,7.52,0.5,0.51,0.505,0.01,58.43,876.47,99
2026-10-06T10:22:29.175397+00:00,btc-updown-15m-1791281700,15,5319702,87483630563486894585456599454512261605877789398819310518638501054344245147184,2026-10-06T10:15:00+00:00,2026-10-06T10:30:00+00:00,7.52,0.34,0.35,0.345,0.01,323.77,359.31,99
2026-10-06T10:22:29.175397+00:00,btc-updown-15m-1791282600,15,5319838,85711121880506012491613972268795209910435961749172860344592400740888496824694,2026-10-06T10:30:00+00:00,2026-10-06T10:45:00+00:00,22.52,0.48,0.49,0.485,0.01,265.0,354.79,99
2026-10-06T10:23:30.354593+00:00,btc-updown-5m-1791282000,5,5319727,66784882813367868776617972111750531166074667904005360996682810210244933558861,2026-10-06T10:20:00+00:00,2026-10-06T10:25:00+00:00,1.5,0.93,0.94,0.935,0.01,1062.12,81.44,99
2026-10-06T10:23:30.354593+00:00,btc-updown-5m-1791282300,5,5319817,21598881769703326351818919133824236210668906518858523996995691366044400341879,2026-10-06T10:25:00+00:00,2026-10-06T10:30:00+00:00,6.5,0.49,0.5,0.495,0.01,30.0,225.7,99
2026-10-06T10:23:30.354593+00:00,btc-updown-15m-1791281700,15,5319702,87483630563486894585456599454512261605877789398819310518638501054344245147184,2026-10-06T10:15:00+00:00,2026-10-06T10:30:00+00:00,6.5,0.34,0.35,0.345,0.01,473.0,162.0,99
2026-10-06T10:23:30.354593+00:00,btc-updown-15m-1791282600,15,5319838,85711121880506012491613972268795209910435961749172860344592400740888496824694,2026-10-06T10:30:00+00:00,2026-10-06T10:45:00+00:00,21.5,0.48,0.49,0.485,0.01,265.0,354.79,99
2026-10-06T10:24:32.005577+00:00,btc-updown-5m-1791282300,5,5319817,21598881769703326351818919133824236210668906518858523996995691366044400341879,2026-10-06T10:25:00+00:00,2026-10-06T10:30:00+00:00,5.47,0.5,0.51,0.505,0.01,627.28,6.41,99
2026-10-06T10:24:32.005577+00:00,btc-updown-15m-1791281700,15,5319702,87483630563486894585456599454512261605877789398819310518638501054344245147184,2026-10-06T10:15:00+00:00,2026-10-06T10:30:00+00:00,5.47,0.33,0.34,0.335,0.01,345.07,370.0,99
2026-10-06T10:24:32.005577+00:00,btc-updown-15m-1791282600,15,5319838,85711121880506012491613972268795209910435961749172860344592400740888496824694,2026-10-06T10:30:00+00:00,2026-10-06T10:45:00+00:00,20.47,0.48,0.49,0.485,0.01,265.0,476.84,99
2026-10-06T10:25:33.063181+00:00,btc-updown-5m-1791282300,5,5319817,21598881769703326351818919133824236210668906518858523996995691366044400341879,2026-10-06T10:25:00+00:00,2026-10-06T10:30:00+00:00,4.45,0.15,0.16,0.155,0.01,799.61,751.55,99
2026-10-06T10:25:33.063181+00:00,btc-updown-5m-1791282600,5,5319837,13920230717098123294458452719544173594260288131168877830692350539370405479798,2026-10-06T10:30:00+00:00,2026-10-06T10:35:00+00:00,9.45,0.5,0.51,0.505,0.01,35.0,856.68,99
2026-10-06T10:25:33.063181+00:00,btc-updown-15m-1791281700,15,5319702,87483630563486894585456599454512261605877789398819310518638501054344245147184,2026-10-06T10:15:00+00:00,2026-10-06T10:30:00+00:00,4.45,0.04,0.05,0.045,0.01,1109.25,443.0,99
2026-10-06T10:25:33.063181+00:00,btc-updown-15m-1791282600,15,5319838,85711121880506012491613972268795209910435961749172860344592400740888496824694,2026-10-06T10:30:00+00:00,2026-10-06T10:45:00+00:00,19.45,0.48,0.49,0.485,0.01,290.0,321.84,99
2026-10-06T10:26:34.208866+00:00,btc-updown-5m-1791282300,5,5319817,21598881769703326351818919133824236210668906518858523996995691366044400341879,2026-10-06T10:25:00+00:00,2026-10-06T10:30:00+00:00,3.43,0.09,0.1,0.095,0.01,128.25,672.21,99
2026-10-06T10:26:34.208866+00:00,btc-updown-5m-1791282600,5,5319837,13920230717098123294458452719544173594260288131168877830692350539370405479798,2026-10-06T10:30:00+00:00,2026-10-06T10:35:00+00:00,8.43,0.5,0.51,0.505,0.01,39.91,781.47,99
2026-10-06T10:26:34.208866+00:00,btc-updown-15m-1791281700,15,5319702,87483630563486894585456599454512261605877789398819310518638501054344245147184,2026-10-06T10:15:00+00:00,2026-10-06T10:30:00+00:00,3.43,0.03,0.04,0.035,0.01,252.0,697.34,99
2026-10-06T10:26:34.208866+00:00,btc-updown-15m-1791282600,15,5319838,85711121880506012491613972268795209910435961749172860344592400740888496824694,2026-10-06T10:30:00+00:00,2026-10-06T10:45:00+00:00,18.43,0.48,0.49,0.485,0.01,286.65,124.78,99
2026-10-06T10:27:35.363050+00:00,btc-updown-5m-1791282300,5,5319817,21598881769703326351818919133824236210668906518858523996995691366044400341879,2026-10-06T10:25:00+00:00,2026-10-06T10:30:00+00:00,2.42,0.19,0.2,0.195,0.01,196.19,749.8,99
2026-10-06T10:27:35.363050+00:00,btc-updown-5m-1791282600,5,5319837,13920230717098123294458452719544173594260288131168877830692350539370405479798,2026-10-06T10:30:00+00:00,2026-10-06T10:35:00+00:00,7.42,0.49,0.5,0.495,0.01,13.03,183.04,99
2026-10-06T10:27:35.363050+00:00,btc-updown-15m-1791281700,15,5319702,87483630563486894585456599454512261605877789398819310518638501054344245147184,2026-10-06T10:15:00+00:00,2026-10-06T10:30:00+00:00,2.42,0.046,0.047,0.0465,0.001,40.0,15.0,136
2026-10-06T10:27:35.363050+00:00,btc-updown-15m-1791282600,15,5319838,85711121880506012491613972268795209910435961749172860344592400740888496824694,2026-10-06T10:30:00+00:00,2026-10-06T10:45:00+00:00,17.42,0.48,0.49,0.485,0.01,241.65,172.73,99
2026-10-06T10:28:36.511723+00:00,btc-updown-5m-1791282300,5,5319817,21598881769703326351818919133824236210668906518858523996995691366044400341879,2026-10-06T10:25:00+00:00,2026-10-06T10:30:00+00:00,1.4,0.2,0.21,0.205,0.01,43.16,20.0,99
2026-10-06T10:28:36.511723+00:00,btc-updown-5m-1791282600,5,5319837,13920230717098123294458452719544173594260288131168877830692350539370405479798,2026-10-06T10:30:00+00:00,2026-10-06T10:35:00+00:00,6.4,0.49,0.5,0.495,0.01,10.18,161.04,99
2026-10-06T10:28:36.511723+00:00,btc-updown-15m-1791281700,15,5319702,87483630563486894585456599454512261605877789398819310518638501054344245147184,2026-10-06T10:15:00+00:00,2026-10-06T10:30:00+00:00,1.4,0.021,0.029,0.025,0.008,54.0,31.81,128
2026-10-06T10:28:36.511723+00:00,btc-updown-15m-1791282600,15,5319838,85711121880506012491613972268795209910435961749172860344592400740888496824694,2026-10-06T10:30:00+00:00,2026-10-06T10:45:00+00:00,16.4,0.48,0.49,0.485,0.01,229.99,319.79,99
2026-10-06T10:29:37.683243+00:00,btc-updown-5m-1791282600,5,5319837,13920230717098123294458452719544173594260288131168877830692350539370405479798,2026-10-06T10:30:00+00:00,2026-10-06T10:35:00+00:00,5.38,0.48,0.49,0.485,0.01,105.0,10.0,99
2026-10-06T10:29:37.683243+00:00,btc-updown-15m-1791282600,15,5319838,85711121880506012491613972268795209910435961749172860344592400740888496824694,2026-10-06T10:30:00+00:00,2026-10-06T10:45:00+00:00,15.38,0.48,0.49,0.485,0.01,10.49,154.8,88
2026-10-06T10:30:38.632812+00:00,btc-updown-5m-1791282600,5,5319837,13920230717098123294458452719544173594260288131168877830692350539370405479798,2026-10-06T10:30:00+00:00,2026-10-06T10:35:00+00:00,4.37,0.67,0.68,0.675,0.01,404.0,422.41,99
2026-10-06T10:30:38.632812+00:00,btc-updown-5m-1791282900,5,5319883,32291067727691391087198922537688098766691527121250815739209660363068998614197,2026-10-06T10:35:00+00:00,2026-10-06T10:40:00+00:00,9.37,0.49,0.5,0.495,0.01,275.19,249.0,99
2026-10-06T10:30:38.632812+00:00,btc-updown-15m-1791282600,15,5319838,85711121880506012491613972268795209910435961749172860344592400740888496824694,2026-10-06T10:30:00+00:00,2026-10-06T10:45:00+00:00,14.37,0.56,0.57,0.565,0.01,392.02,67.45,99
2026-10-06T10:30:38.632812+00:00,btc-updown-15m-1791283500,15,5320222,38892096083039289507039472003394426231172994496940804262054920070586991076365,2026-10-06T10:45:00+00:00,2026-10-06T11:00:00+00:00,29.37,0.5,0.51,0.505,0.01,25.0,791.43,99
2026-10-06T10:31:39.809519+00:00,btc-updown-5m-1791282600,5,5319837,13920230717098123294458452719544173594260288131168877830692350539370405479798,2026-10-06T10:30:00+00:00,2026-10-06T10:35:00+00:00,3.35,0.56,0.57,0.565,0.01,387.63,560.37,99
2026-10-06T10:31:39.809519+00:00,btc-updown-5m-1791282900,5,5319883,32291067727691391087198922537688098766691527121250815739209660363068998614197,2026-10-06T10:35:00+00:00,2026-10-06T10:40:00+00:00,8.35,0.49,0.5,0.495,0.01,280.19,159.0,99
2026-10-06T10:31:39.809519+00:00,btc-updown-15m-1791282600,15,5319838,85711121880506012491613972268795209910435961749172860344592400740888496824694,2026-10-06T10:30:00+00:00,2026-10-06T10:45:00+00:00,13.35,0.5,0.51,0.505,0.01,668.84,231.0,99
2026-10-06T10:31:39.809519+00:00,btc-updown-15m-1791283500,15,5320222,38892096083039289507039472003394426231172994496940804262054920070586991076365,2026-10-06T10:45:00+00:00,2026-10-06T11:00:00+00:00,28.35,0.5,0.51,0.505,0.01,25.0,966.43,99
2026-10-06T10:32:40.974840+00:00,btc-updown-5m-1791282600,5,5319837,13920230717098123294458452719544173594260288131168877830692350539370405479798,2026-10-06T10:30:00+00:00,2026-10-06T10:35:00+00:00,2.33,0.31,0.32,0.315,0.01,1507.16,0.37,99
2026-10-06T10:32:40.974840+00:00,btc-updown-5m-1791282900,5,5319883,32291067727691391087198922537688098766691527121250815739209660363068998614197,2026-10-06T10:35:00+00:00,2026-10-06T10:40:00+00:00,7.33,0.49,0.5,0.495,0.01,329.8,168.22,99
2026-10-06T10:32:40.974840+00:00,btc-updown-15m-1791282600,15,5319838,85711121880506012491613972268795209910435961749172860344592400740888496824694,2026-10-06T10:30:00+00:00,2026-10-06T10:45:00+00:00,12.33,0.44,0.45,0.445,0.01,45.0,460.5,99
2026-10-06T10:32:40.974840+00:00,btc-updown-15m-1791283500,15,5320222,38892096083039289507039472003394426231172994496940804262054920070586991076365,2026-10-06T10:45:00+00:00,2026-10-06T11:00:00+00:00,27.33,0.5,0.51,0.505,0.01,25.0,1119.49,99
2026-10-06T10:33:42.163546+00:00,btc-updown-5m-1791282600,5,5319837,13920230717098123294458452719544173594260288131168877830692350539370405479798,2026-10-06T10:30:00+00:00,2026-10-06T10:35:00+00:00,1.3,0.04,0.05,0.045,0.01,730.37,226.24,99
2026-10-06T10:33:42.163546+00:00,btc-updown-5m-1791282900,5,5319883,32291067727691391087198922537688098766691527121250815739209660363068998614197,2026-10-06T10:35:00+00:00,2026-10-06T10:40:00+00:00,6.3,0.5,0.51,0.505,0.01,149.25,55.19,99
2026-10-06T10:33:42.163546+00:00,btc-updown-15m-1791282600,15,5319838,85711121880506012491613972268795209910435961749172860344592400740888496824694,2026-10-06T10:30:00+00:00,2026-10-06T10:45:00+00:00,11.3,0.35,0.36,0.355,0.01,710.49,53.0,99
2026-10-06T10:33:42.163546+00:00,btc-updown-15m-1791283500,15,5320222,38892096083039289507039472003394426231172994496940804262054920070586991076365,2026-10-06T10:45:00+00:00,2026-10-06T11:00:00+00:00,26.3,0.5,0.51,0.505,0.01,25.0,1119.49,99
2026-10-06T10:34:43.418299+00:00,btc-updown-5m-1791282900,5,5319883,32291067727691391087198922537688098766691527121250815739209660363068998614197,2026-10-06T10:35:00+00:00,2026-10-06T10:40:00+00:00,5.28,0.47,0.48,0.475,0.01,170.0,4.87,99
2026-10-06T10:34:43.418299+00:00,btc-updown-15m-1791282600,15,5319838,85711121880506012491613972268795209910435961749172860344592400740888496824694,2026-10-06T10:30:00+00:00,2026-10-06T10:45:00+00:00,10.28,0.23,0.24,0.235,0.01,649.0,379.0,99
2026-10-06T10:34:43.418299+00:00,btc-updown-15m-1791283500,15,5320222,38892096083039289507039472003394426231172994496940804262054920070586991076365,2026-10-06T10:45:00+00:00,2026-10-06T11:00:00+00:00,25.28,0.5,0.51,0.505,0.01,25.0,729.49,99
2026-10-06T10:35:44.475387+00:00,btc-updown-5m-1791282900,5,5319883,32291067727691391087198922537688098766691527121250815739209660363068998614197,2026-10-06T10:35:00+00:00,2026-10-06T10:40:00+00:00,4.27,0.68,0.69,0.685,0.01,112.35,998.81,99
2026-10-06T10:35:44.475387+00:00,btc-updown-5m-1791283200,5,5320210,20182617192709543030589823194491053509094086465553278069046168650993567882512,2026-10-06T10:40:00+00:00,2026-10-06T10:45:00+00:00,9.27,0.5,0.51,0.505,0.01,93.62,923.34,99
2026-10-06T10:35:44.475387+00:00,btc-updown-15m-1791282600,15,5319838,85711121880506012491613972268795209910435961749172860344592400740888496824694,2026-10-06T10:30:00+00:00,2026-10-06T10:45:00+00:00,9.27,0.29,0.3,0.295,0.01,455.92,60.0,98
2026-10-06T10:35:44.475387+00:00,btc-updown-15m-1791283500,15,5320222,38892096083039289507039472003394426231172994496940804262054920070586991076365,2026-10-06T10:45:00+00:00,2026-10-06T11:00:00+00:00,24.27,0.5,0.51,0.505,0.01,30.0,854.49,99
2026-10-06T10:36:45.701624+00:00,btc-updown-5m-1791282900,5,5319883,32291067727691391087198922537688098766691527121250815739209660363068998614197,2026-10-06T10:35:00+00:00,2026-10-06T10:40:00+00:00,3.25,0.4,0.41,0.405,0.01,753.12,18.4,99
2026-10-06T10:36:45.701624+00:00,btc-updown-5m-1791283200,5,5320210,20182617192709543030589823194491053509094086465553278069046168650993567882512,2026-10-06T10:40:00+00:00,2026-10-06T10:45:00+00:00,8.25,0.5,0.51,0.505,0.01,98.43,731.88,99
2026-10-06T10:36:45.701624+00:00,btc-updown-15m-1791282600,15,5319838,85711121880506012491613972268795209910435961749172860344592400740888496824694,2026-10-06T10:30:00+00:00,2026-10-06T10:45:00+00:00,8.25,0.17,0.18,0.175,0.01,454.4,42.97,96
2026-10-06T10:36:45.701624+00:00,btc-updown-15m-1791283500,15,5320222,38892096083039289507039472003394426231172994496940804262054920070586991076365,2026-10-06T10:45:00+00:00,2026-10-06T11:00:00+00:00,23.25,0.5,0.51,0.505,0.01,30.0,754.49,99
2026-10-06T10:37:46.874806+00:00,btc-updown-5m-1791282900,5,5319883,32291067727691391087198922537688098766691527121250815739209660363068998614197,2026-10-06T10:35:00+00:00,2026-10-06T10:40:00+00:00,2.23,0.13,0.14,0.135,0.01,411.29,331.3,99
2026-10-06T10:37:46.874806+00:00,btc-updown-5m-1791283200,5,5320210,20182617192709543030589823194491053509094086465553278069046168650993567882512,2026-10-06T10:40:00+00:00,2026-10-06T10:45:00+00:00,7.23,0.5,0.51,0.505,0.01,128.43,684.91,99
2026-10-06T10:37:46.874806+00:00,btc-updown-15m-1791282600,15,5319838,85711121880506012491613972268795209910435961749172860344592400740888496824694,2026-10-06T10:30:00+00:00,2026-10-06T10:45:00+00:00,7.23,0.09,0.1,0.095,0.01,293.78,2233.31,93
2026-10-06T10:37:46.874806+00:00,btc-updown-15m-1791283500,15,5320222,38892096083039289507039472003394426231172994496940804262054920070586991076365,2026-10-06T10:45:00+00:00,2026-10-06T11:00:00+00:00,22.23,0.5,0.51,0.505,0.01,60.0,444.49,99
2026-10-06T10:38:48.059204+00:00,btc-updown-5m-1791282900,5,5319883,32291067727691391087198922537688098766691527121250815739209660363068998614197,2026-10-06T10:35:00+00:00,2026-10-06T10:40:00+00:00,1.2,0.02,0.03,0.025,0.01,847.57,1427.86,99
2026-10-06T10:38:48.059204+00:00,btc-updown-5m-1791283200,5,5320210,20182617192709543030589823194491053509094086465553278069046168650993567882512,2026-10-06T10:40:00+00:00,2026-10-06T10:45:00+00:00,6.2,0.49,0.5,0.495,0.01,238.1,18.0,99
2026-10-06T10:38:48.059204+00:00,btc-updown-15m-1791282600,15,5319838,85711121880506012491613972268795209910435961749172860344592400740888496824694,2026-10-06T10:30:00+00:00,2026-10-06T10:45:00+00:00,6.2,0.06,0.07,0.065,0.01,45.0,2683.7,97
2026-10-06T10:38:48.059204+00:00,btc-updown-15m-1791283500,15,5320222,38892096083039289507039472003394426231172994496940804262054920070586991076365,2026-10-06T10:45:00+00:00,2026-10-06T11:00:00+00:00,21.2,0.5,0.51,0.505,0.01,60.0,444.49,99
2026-10-06T10:39:49.254617+00:00,btc-updown-5m-1791283200,5,5320210,20182617192709543030589823194491053509094086465553278069046168650993567882512,2026-10-06T10:40:00+00:00,2026-10-06T10:45:00+00:00,5.18,0.6,0.61,0.605,0.01,393.28,158.54,99
2026-10-06T10:39:49.254617+00:00,btc-updown-15m-1791282600,15,5319838,85711121880506012491613972268795209910435961749172860344592400740888496824694,2026-10-06T10:30:00+00:00,2026-10-06T10:45:00+00:00,5.18,0.09,0.1,0.095,0.01,304.66,573.66,92
2026-10-06T10:39:49.254617+00:00,btc-updown-15m-1791283500,15,5320222,38892096083039289507039472003394426231172994496940804262054920070586991076365,2026-10-06T10:45:00+00:00,2026-10-06T11:00:00+00:00,20.18,0.5,0.51,0.505,0.01,55.0,444.49,99
2026-10-06T10:40:50.311004+00:00,btc-updown-5m-1791283200,5,5320210,20182617192709543030589823194491053509094086465553278069046168650993567882512,2026-10-06T10:40:00+00:00,2026-10-06T10:45:00+00:00,4.17,0.85,0.86,0.855,0.01,90.0,644.66,99
2026-10-06T10:40:50.311004+00:00,btc-updown-5m-1791283500,5,5320228,89776242567324206508903127330322079894898255498944752981020883043342888559851,2026-10-06T10:45:00+00:00,2026-10-06T10:50:00+00:00,9.17,0.5,0.51,0.505,0.01,120.0,785.21,99
2026-10-06T10:40:50.311004+00:00,btc-updown-15m-1791282600,15,5319838,85711121880506012491613972268795209910435961749172860344592400740888496824694,2026-10-06T10:30:00+00:00,2026-10-06T10:45:00+00:00,4.17,0.14,0.15,0.145,0.01,205.0,644.09,97
2026-10-06T10:40:50.311004+00:00,btc-updown-15m-1791283500,15,5320222,38892096083039289507039472003394426231172994496940804262054920070586991076365,2026-10-06T10:45:00+00:00,2026-10-06T11:00:00+00:00,19.17,0.5,0.51,0.505,0.01,30.0,627.52,99
2026-10-06T10:41:51.456722+00:00,btc-updown-5m-1791283200,5,5320210,20182617192709543030589823194491053509094086465553278069046168650993567882512,2026-10-06T10:40:00+00:00,2026-10-06T10:45:00+00:00,3.15,0.96,0.97,0.965,0.01,1234.51,428.21,99
2026-10-06T10:41:51.456722+00:00,btc-updown-5m-1791283500,5,5320228,89776242567324206508903127330322079894898255498944752981020883043342888559851,2026-10-06T10:45:00+00:00,2026-10-06T10:50:00+00:00,8.15,0.49,0.5,0.495,0.01,11.07,120.92,99
2026-10-06T10:41:51.456722+00:00,btc-updown-15m-1791282600,15,5319838,85711121880506012491613972268795209910435961749172860344592400740888496824694,2026-10-06T10:30:00+00:00,2026-10-06T10:45:00+00:00,3.15,0.36,0.37,0.365,0.01,22.0,397.55,98
2026-10-06T10:41:51.456722+00:00,btc-updown-15m-1791283500,15,5320222,38892096083039289507039472003394426231172994496940804262054920070586991076365,2026-10-06T10:45:00+00:00,2026-10-06T11:00:00+00:00,18.15,0.5,0.51,0.505,0.01,30.0,827.52,99
2026-10-06T10:42:52.625586+00:00,btc-updown-5m-1791283500,5,5320228,89776242567324206508903127330322079894898255498944752981020883043342888559851,2026-10-06T10:45:00+00:00,2026-10-06T10:50:00+00:00,7.13,0.5,0.51,0.505,0.01,25.0,629.46,99
2026-10-06T10:42:52.625586+00:00,btc-updown-15m-1791282600,15,5319838,85711121880506012491613972268795209910435961749172860344592400740888496824694,2026-10-06T10:30:00+00:00,2026-10-06T10:45:00+00:00,2.13,0.67,0.68,0.675,0.01,5.0,4490.99,92
2026-10-06T10:42:52.625586+00:00,btc-updown-15m-1791283500,15,5320222,38892096083039289507039472003394426231172994496940804262054920070586991076365,2026-10-06T10:45:00+00:00,2026-10-06T11:00:00+00:00,17.13,0.5,0.51,0.505,0.01,30.0,827.52,99
2026-10-06T10:43:53.712868+00:00,btc-updown-5m-1791283500,5,5320228,89776242567324206508903127330322079894898255498944752981020883043342888559851,2026-10-06T10:45:00+00:00,2026-10-06T10:50:00+00:00,6.12,0.48,0.49,0.485,0.01,231.9,117.67,99
2026-10-06T10:43:53.712868+00:00,btc-updown-15m-1791282600,15,5319838,85711121880506012491613972268795209910435961749172860344592400740888496824694,2026-10-06T10:30:00+00:00,2026-10-06T10:45:00+00:00,1.12,0.98,0.99,0.985,0.01,363.45,656.51,86
2026-10-06T10:43:53.712868+00:00,btc-updown-15m-1791283500,15,5320222,38892096083039289507039472003394426231172994496940804262054920070586991076365,2026-10-06T10:45:00+00:00,2026-10-06T11:00:00+00:00,16.12,0.49,0.5,0.495,0.01,280.0,500.98,99
2026-10-06T10:44:54.771152+00:00,btc-updown-5m-1791283500,5,5320228,89776242567324206508903127330322079894898255498944752981020883043342888559851,2026-10-06T10:45:00+00:00,2026-10-06T10:50:00+00:00,5.1,0.52,0.53,0.525,0.01,50.0,455.25,99
2026-10-06T10:44:54.771152+00:00,btc-updown-15m-1791283500,15,5320222,38892096083039289507039472003394426231172994496940804262054920070586991076365,2026-10-06T10:45:00+00:00,2026-10-06T11:00:00+00:00,15.1,0.49,0.5,0.495,0.01,37.84,15.0,86
2026-10-06T10:45:55.736397+00:00,btc-updown-5m-1791283500,5,5320228,89776242567324206508903127330322079894898255498944752981020883043342888559851,2026-10-06T10:45:00+00:00,2026-10-06T10:50:00+00:00,4.08,0.37,0.38,0.375,0.01,1122.23,83.36,99
2026-10-06T10:45:55.736397+00:00,btc-updown-5m-1791283800,5,5320270,1176634527555797812278581881964404913524016975931689035403774039526210914717,2026-10-06T10:50:00+00:00,2026-10-06T10:55:00+00:00,9.08,0.48,0.49,0.485,0.01,408.68,174.6,99
2026-10-06T10:45:55.736397+00:00,btc-updown-15m-1791283500,15,5320222,38892096083039289507039472003394426231172994496940804262054920070586991076365,2026-10-06T10:45:00+00:00,2026-10-06T11:00:00+00:00,14.08,0.43,0.44,0.435,0.01,828.16,10.0,99
2026-10-06T10:45:55.736397+00:00,btc-updown-15m-1791284400,15,5320368,111056905250306583260989428789788041529244821616268192790712571501834935496429,2026-10-06T11:00:00+00:00,2026-10-06T11:15:00+00:00,29.08,0.49,0.5,0.495,0.01,275.0,630.0,99
2026-10-06T10:46:56.915316+00:00,btc-updown-5m-1791283500,5,5320228,89776242567324206508903127330322079894898255498944752981020883043342888559851,2026-10-06T10:45:00+00:00,2026-10-06T10:50:00+00:00,3.07,0.36,0.37,0.365,0.01,153.73,214.86,99
2026-10-06T10:46:56.915316+00:00,btc-updown-5m-1791283800,5,5320270,1176634527555797812278581881964404913524016975931689035403774039526210914717,2026-10-06T10:50:00+00:00,2026-10-06T10:55:00+00:00,8.07,0.48,0.49,0.485,0.01,428.59,89.6,99
2026-10-06T10:46:56.915316+00:00,btc-updown-15m-1791283500,15,5320222,38892096083039289507039472003394426231172994496940804262054920070586991076365,2026-10-06T10:45:00+00:00,2026-10-06T11:00:00+00:00,13.07,0.44,0.45,0.445,0.01,25.0,1406.18,99
2026-10-06T10:46:56.915316+00:00,btc-updown-15m-1791284400,15,5320368,111056905250306583260989428789788041529244821616268192790712571501834935496429,2026-10-06T11:00:00+00:00,2026-10-06T11:15:00+00:00,28.07,0.49,0.5,0.495,0.01,275.0,780.0,99
2026-10-06T10:47:58.078932+00:00,btc-updown-5m-1791283500,5,5320228,89776242567324206508903127330322079894898255498944752981020883043342888559851,2026-10-06T10:45:00+00:00,2026-10-06T10:50:00+00:00,2.03,0.19,0.2,0.195,0.01,522.86,222.35,99
2026-10-06T10:47:58.078932+00:00,btc-updown-5m-1791283800,5,5320270,1176634527555797812278581881964404913524016975931689035403774039526210914717,2026-10-06T10:50:00+00:00,2026-10-06T10:55:00+00:00,7.03,0.48,0.49,0.485,0.01,428.59,93.84,99
2026-10-06T10:47:58.078932+00:00,btc-updown-15m-1791283500,15,5320222,38892096083039289507039472003394426231172994496940804262054920070586991076365,2026-10-06T10:45:00+00:00,2026-10-06T11:00:00+00:00,12.03,0.39,0.4,0.395,0.01,1110.44,60.0,99
2026-10-06T10:47:58.078932+00:00,btc-updown-15m-1791284400,15,5320368,111056905250306583260989428789788041529244821616268192790712571501834935496429,2026-10-06T11:00:00+00:00,2026-10-06T11:15:00+00:00,27.03,0.49,0.5,0.495,0.01,275.0,780.0,99
2026-10-06T10:48:59.402315+00:00,btc-updown-5m-1791283500,5,5320228,89776242567324206508903127330322079894898255498944752981020883043342888559851,2026-10-06T10:45:00+00:00,2026-10-06T10:50:00+00:00,1.02,0.88,0.89,0.885,0.01,42.0,484.46,99
2026-10-06T10:48:59.402315+00:00,btc-updown-5m-1791283800,5,5320270,1176634527555797812278581881964404913524016975931689035403774039526210914717,2026-10-06T10:50:00+00:00,2026-10-06T10:55:00+00:00,6.02,0.48,0.49,0.485,0.01,248.59,222.84,99
2026-10-06T10:48:59.402315+00:00,btc-updown-15m-1791283500,15,5320222,38892096083039289507039472003394426231172994496940804262054920070586991076365,2026-10-06T10:45:00+00:00,2026-10-06T11:00:00+00:00,11.02,0.53,0.54,0.535,0.01,279.22,140.75,99
2026-10-06T10:48:59.402315+00:00,btc-updown-15m-1791284400,15,5320368,111056905250306583260989428789788041529244821616268192790712571501834935496429,2026-10-06T11:00:00+00:00,2026-10-06T11:15:00+00:00,26.02,0.49,0.5,0.495,0.01,275.0,780.0,99
2026-10-06T10:50:00.556685+00:00,btc-updown-5m-1791283800,5,5320270,1176634527555797812278581881964404913524016975931689035403774039526210914717,2026-10-06T10:50:00+00:00,2026-10-06T10:55:00+00:00,5.0,0.54,0.55,0.545,0.01,515.0,60.0,99
2026-10-06T10:50:00.556685+00:00,btc-updown-5m-1791284100,5,5320290,24913174616487489888051645624709544667027163482688378689628964479450487378208,2026-10-06T10:55:00+00:00,2026-10-06T11:00:00+00:00,10.0,0.51,0.53,0.52,0.02,15.0,70.0,98
2026-10-06T10:50:00.556685+00:00,btc-updown-15m-1791283500,15,5320222,38892096083039289507039472003394426231172994496940804262054920070586991076365,2026-10-06T10:45:00+00:00,2026-10-06T11:00:00+00:00,10.0,0.61,0.62,0.615,0.01,490.18,45.0,97
2026-10-06T10:50:00.556685+00:00,btc-updown-15m-1791284400,15,5320368,111056905250306583260989428789788041529244821616268192790712571501834935496429,2026-10-06T11:00:00+00:00,2026-10-06T11:15:00+00:00,25.0,0.49,0.5,0.495,0.01,275.0,915.0,99
2026-10-06T10:51:01.713310+00:00,btc-updown-5m-1791283800,5,5320270,1176634527555797812278581881964404913524016975931689035403774039526210914717,2026-10-06T10:50:00+00:00,2026-10-06T10:55:00+00:00,3.98,0.6,0.61,0.605,0.01,1883.01,206.07,99
2026-10-06T10:51:01.713310+00:00,btc-updown-5m-1791284100,5,5320290,24913174616487489888051645624709544667027163482688378689628964479450487378208,2026-10-06T10:55:00+00:00,2026-10-06T11:00:00+00:00,8.98,0.49,0.5,0.495,0.01,314.7,178.77,99
2026-10-06T10:51:01.713310+00:00,btc-updown-15m-1791283500,15,5320222,38892096083039289507039472003394426231172994496940804262054920070586991076365,2026-10-06T10:45:00+00:00,2026-10-06T11:00:00+00:00,8.98,0.64,0.65,0.645,0.01,599.3,220.16,98
2026-10-06T10:51:01.713310+00:00,btc-updown-15m-1791284400,15,5320368,111056905250306583260989428789788041529244821616268192790712571501834935496429,2026-10-06T11:00:00+00:00,2026-10-06T11:15:00+00:00,23.98,0.49,0.5,0.495,0.01,280.0,825.0,99
2026-10-06T10:52:02.899721+00:00,btc-updown-5m-1791283800,5,5320270,1176634527555797812278581881964404913524016975931689035403774039526210914717,2026-10-06T10:50:00+00:00,2026-10-06T10:55:00+00:00,2.97,0.63,0.64,0.635,0.01,40.0,985.79,99
2026-10-06T10:52:02.899721+00:00,btc-updown-5m-1791284100,5,5320290,24913174616487489888051645624709544667027163482688378689628964479450487378208,2026-10-06T10:55:00+00:00,2026-10-06T11:00:00+00:00,7.97,0.49,0.5,0.495,0.01,74.91,187.98,99
2026-10-06T10:52:02.899721+00:00,btc-updown-15m-1791283500,15,5320222,38892096083039289507039472003394426231172994496940804262054920070586991076365,2026-10-06T10:45:00+00:00,2026-10-06T11:00:00+00:00,7.97,0.65,0.66,0.655,0.01,311.39,560.65,98
2026-10-06T10:52:02.899721+00:00,btc-updown-15m-1791284400,15,5320368,111056905250306583260989428789788041529244821616268192790712571501834935496429,2026-10-06T11:00:00+00:00,2026-10-06T11:15:00+00:00,22.97,0.49,0.5,0.495,0.01,280.0,825.0,99
2026-10-06T10:53:04.053085+00:00,btc-updown-5m-1791283800,5,5320270,1176634527555797812278581881964404913524016975931689035403774039526210914717,2026-10-06T10:50:00+00:00,2026-10-06T10:55:00+00:00,1.93,0.79,0.8,0.795,0.01,5.0,796.27,99
2026-10-06T10:53:04.053085+00:00,btc-updown-5m-1791284100,5,5320290,24913174616487489888051645624709544667027163482688378689628964479450487378208,2026-10-06T10:55:00+00:00,2026-10-06T11:00:00+00:00,6.93,0.49,0.5,0.495,0.01,67.86,212.98,99
2026-10-06T10:53:04.053085+00:00,btc-updown-15m-1791283500,15,5320222,38892096083039289507039472003394426231172994496940804262054920070586991076365,2026-10-06T10:45:00+00:00,2026-10-06T11:00:00+00:00,6.93,0.72,0.73,0.725,0.01,581.36,76.0,97
2026-10-06T10:53:04.053085+00:00,btc-updown-15m-1791284400,15,5320368,111056905250306583260989428789788041529244821616268192790712571501834935496429,2026-10-06T11:00:00+00:00,2026-10-06T11:15:00+00:00,21.93,0.49,0.5,0.495,0.01,280.0,675.0,99
2026-10-06T10:54:05.228488+00:00,btc-updown-5m-1791283800,5,5320270,1176634527555797812278581881964404913524016975931689035403774039526210914717,2026-10-06T10:50:00+00:00,2026-10-06T10:55:00+00:00,0.92,0.04,0.05,0.045,0.01,327.95,240.0,98
2026-10-06T10:54:05.228488+00:00,btc-updown-5m-1791284100,5,5320290,24913174616487489888051645624709544667027163482688378689628964479450487378208,2026-10-06T10:55:00+00:00,2026-10-06T11:00:00+00:00,5.92,0.48,0.49,0.485,0.01,226.8,29.6,99
2026-10-06T10:54:05.228488+00:00,btc-updown-15m-1791283500,15,5320222,38892096083039289507039472003394426231172994496940804262054920070586991076365,2026-10-06T10:45:00+00:00,2026-10-06T11:00:00+00:00,5.92,0.51,0.52,0.515,0.01,75.0,514.31,98
2026-10-06T10:54:05.228488+00:00,btc-updown-15m-1791284400,15,5320368,111056905250306583260989428789788041529244821616268192790712571501834935496429,2026-10-06T11:00:00+00:00,2026-10-06T11:15:00+00:00,20.92,0.49,0.5,0.495,0.01,280.0,825.0,99
2026-10-06T10:55:06.405145+00:00,btc-updown-5m-1791284100,5,5320290,24913174616487489888051645624709544667027163482688378689628964479450487378208,2026-10-06T10:55:00+00:00,2026-10-06T11:00:00+00:00,4.9,0.72,0.73,0.725,0.01,73.99,649.92,99
2026-10-06T10:55:06.405145+00:00,btc-updown-5m-1791284400,5,5320358,67182983557410241370819188932709498160354909583670947979924249858731661696762,2026-10-06T11:00:00+00:00,2026-10-06T11:05:00+00:00,9.9,0.5,0.51,0.505,0.01,75.68,581.55,99
2026-10-06T10:55:06.405145+00:00,btc-updown-15m-1791283500,15,5320222,38892096083039289507039472003394426231172994496940804262054920070586991076365,2026-10-06T10:45:00+00:00,2026-10-06T11:00:00+00:00,4.9,0.65,0.66,0.655,0.01,5.0,2767.27,99
2026-10-06T10:55:06.405145+00:00,btc-updown-15m-1791284400,15,5320368,111056905250306583260989428789788041529244821616268192790712571501834935496429,2026-10-06T11:00:00+00:00,2026-10-06T11:15:00+00:00,19.9,0.49,0.5,0.495,0.01,10.0,655.0,99
2026-10-06T10:56:07.630158+00:00,btc-updown-5m-1791284100,5,5320290,24913174616487489888051645624709544667027163482688378689628964479450487378208,2026-10-06T10:55:00+00:00,2026-10-06T11:00:00+00:00,3.88,0.5,0.51,0.505,0.01,184.8,1503.33,99
2026-10-06T10:56:07.630158+00:00,btc-updown-5m-1791284400,5,5320358,67182983557410241370819188932709498160354909583670947979924249858731661696762,2026-10-06T11:00:00+00:00,2026-10-06T11:05:00+00:00,8.88,0.5,0.51,0.505,0.01,65.68,798.94,99
2026-10-06T10:56:07.630158+00:00,btc-updown-15m-1791283500,15,5320222,38892096083039289507039472003394426231172994496940804262054920070586991076365,2026-10-06T10:45:00+00:00,2026-10-06T11:00:00+00:00,3.88,0.39,0.4,0.395,0.01,115.0,1312.6,99
2026-10-06T10:56:07.630158+00:00,btc-updown-15m-1791284400,15,5320368,111056905250306583260989428789788041529244821616268192790712571501834935496429,2026-10-06T11:00:00+00:00,2026-10-06T11:15:00+00:00,18.88,0.49,0.5,0.495,0.01,10.0,570.0,99
2026-10-06T10:57:08.817362+00:00,btc-updown-5m-1791284100,5,5320290,24913174616487489888051645624709544667027163482688378689628964479450487378208,2026-10-06T10:55:00+00:00,2026-10-06T11:00:00+00:00,2.87,0.44,0.45,0.445,0.01,1391.57,88.0,99
2026-10-06T10:57:08.817362+00:00,btc-updown-5m-1791284400,5,5320358,67182983557410241370819188932709498160354909583670947979924249858731661696762,2026-10-06T11:00:00+00:00,2026-10-06T11:05:00+00:00,7.87,0.5,0.51,0.505,0.01,71.49,803.94,99
2026-10-06T10:57:08.817362+00:00,btc-updown-15m-1791283500,15,5320222,38892096083039289507039472003394426231172994496940804262054920070586991076365,2026-10-06T10:45:00+00:00,2026-10-06T11:00:00+00:00,2.87,0.32,0.33,0.325,0.01,13.52,396.0,99
2026-10-06T10:57:08.817362+00:00,btc-updown-15m-1791284400,15,5320368,111056905250306583260989428789788041529244821616268192790712571501834935496429,2026-10-06T11:00:00+00:00,2026-10-06T11:15:00+00:00,17.87,0.49,0.5,0.495,0.01,10.0,606.68,99
2026-10-06T10:58:09.972916+00:00,btc-updown-5m-1791284100,5,5320290,24913174616487489888051645624709544667027163482688378689628964479450487378208,2026-10-06T10:55:00+00:00,2026-10-06T11:00:00+00:00,1.85,0.13,0.14,0.135,0.01,11.0,365.88,93
2026-10-06T10:58:09.972916+00:00,btc-updown-5m-1791284400,5,5320358,67182983557410241370819188932709498160354909583670947979924249858731661696762,2026-10-06T11:00:00+00:00,2026-10-06T11:05:00+00:00,6.85,0.5,0.51,0.505,0.01,81.49,858.94,99
2026-10-06T10:58:09.972916+00:00,btc-updown-15m-1791283500,15,5320222,38892096083039289507039472003394426231172994496940804262054920070586991076365,2026-10-06T10:45:00+00:00,2026-10-06T11:00:00+00:00,1.85,0.04,0.05,0.045,0.01,29.99,493.48,99
2026-10-06T10:58:09.972916+00:00,btc-updown-15m-1791284400,15,5320368,111056905250306583260989428789788041529244821616268192790712571501834935496429,2026-10-06T11:00:00+00:00,2026-10-06T11:15:00+00:00,16.85,0.49,0.5,0.495,0.01,19.99,370.68,99
2026-10-06T10:59:11.185917+00:00,btc-updown-5m-1791284400,5,5320358,67182983557410241370819188932709498160354909583670947979924249858731661696762,2026-10-06T11:00:00+00:00,2026-10-06T11:05:00+00:00,5.82,0.47,0.48,0.475,0.01,401.22,327.66,99
2026-10-06T10:59:11.185917+00:00,btc-updown-15m-1791284400,15,5320368,111056905250306583260989428789788041529244821616268192790712571501834935496429,2026-10-06T11:00:00+00:00,2026-10-06T11:15:00+00:00,15.82,0.49,0.5,0.495,0.01,235.99,320.68,87
2026-10-06T11:00:12.160280+00:00,btc-updown-5m-1791284400,5,5320358,67182983557410241370819188932709498160354909583670947979924249858731661696762,2026-10-06T11:00:00+00:00,2026-10-06T11:05:00+00:00,4.8,0.74,0.75,0.745,0.01,153.78,1713.1,99
2026-10-06T11:00:12.160280+00:00,btc-updown-5m-1791284700,5,5320388,28542384874436329760565695656912023700507475982225957989957747050949940939684,2026-10-06T11:05:00+00:00,2026-10-06T11:10:00+00:00,9.8,0.49,0.5,0.495,0.01,324.0,78.0,99
2026-10-06T11:00:12.160280+00:00,btc-updown-15m-1791284400,15,5320368,111056905250306583260989428789788041529244821616268192790712571501834935496429,2026-10-06T11:00:00+00:00,2026-10-06T11:15:00+00:00,14.8,0.61,0.62,0.615,0.01,287.0,402.51,97
2026-10-06T11:00:12.160280+00:00,btc-updown-15m-1791285300,15,5320544,82996971660229687923176471788455360194503195431283469713574469129303038010711,2026-10-06T11:15:00+00:00,2026-10-06T11:30:00+00:00,29.8,0.5,0.51,0.505,0.01,25.0,629.49,99
2026-10-06T11:01:13.377725+00:00,btc-updown-5m-1791284400,5,5320358,67182983557410241370819188932709498160354909583670947979924249858731661696762,2026-10-06T11:00:00+00:00,2026-10-06T11:05:00+00:00,3.78,0.67,0.68,0.675,0.01,1605.18,3.52,99
2026-10-06T11:01:13.377725+00:00,btc-updown-5m-1791284700,5,5320388,28542384874436329760565695656912023700507475982225957989957747050949940939684,2026-10-06T11:05:00+00:00,2026-10-06T11:10:00+00:00,8.78,0.49,0.5,0.495,0.01,456.23,78.0,99
2026-10-06T11:01:13.377725+00:00,btc-updown-15m-1791284400,15,5320368,111056905250306583260989428789788041529244821616268192790712571501834935496429,2026-10-06T11:00:00+00:00,2026-10-06T11:15:00+00:00,13.78,0.59,0.6,0.595,0.01,325.91,330.0,97
2026-10-06T11:01:13.377725+00:00,btc-updown-15m-1791285300,15,5320544,82996971660229687923176471788455360194503195431283469713574469129303038010711,2026-10-06T11:15:00+00:00,2026-10-06T11:30:00+00:00,28.78,0.5,0.51,0.505,0.01,30.0,926.43,99
2026-10-06T11:02:14.548815+00:00,btc-updown-5m-1791284400,5,5320358,67182983557410241370819188932709498160354909583670947979924249858731661696762,2026-10-06T11:00:00+00:00,2026-10-06T11:05:00+00:00,2.77,0.47,0.48,0.475,0.01,16.0,1005.75,99
2026-10-06T11:02:14.548815+00:00,btc-updown-5m-1791284700,5,5320388,28542384874436329760565695656912023700507475982225957989957747050949940939684,2026-10-06T11:05:00+00:00,2026-10-06T11:10:00+00:00,7.77,0.49,0.5,0.495,0.01,484.46,71.0,99
2026-10-06T11:02:14.548815+00:00,btc-updown-15m-1791284400,15,5320368,111056905250306583260989428789788041529244821616268192790712571501834935496429,2026-10-06T11:00:00+00:00,2026-10-06T11:15:00+00:00,12.77,0.5,0.51,0.505,0.01,15.0,348.27,98
2026-10-06T11:02:14.548815+00:00,btc-updown-15m-1791285300,15,5320544,82996971660229687923176471788455360194503195431283469713574469129303038010711,2026-10-06T11:15:00+00:00,2026-10-06T11:30:00+00:00,27.77,0.5,0.51,0.505,0.01,30.0,1029.49,99
2026-10-06T11:03:15.696844+00:00,btc-updown-5m-1791284400,5,5320358,67182983557410241370819188932709498160354909583670947979924249858731661696762,2026-10-06T11:00:00+00:00,2026-10-06T11:05:00+00:00,1.75,0.97,0.98,0.975,0.01,1023.88,1634.67,99
2026-10-06T11:03:15.696844+00:00,btc-updown-5m-1791284700,5,5320388,28542384874436329760565695656912023700507475982225957989957747050949940939684,2026-10-06T11:05:00+00:00,2026-10-06T11:10:00+00:00,6.75,0.5,0.51,0.505,0.01,109.0,651.9,99
2026-10-06T11:03:15.696844+00:00,btc-updown-15m-1791284400,15,5320368,111056905250306583260989428789788041529244821616268192790712571501834935496429,2026-10-06T11:00:00+00:00,2026-10-06T11:15:00+00:00,11.75,0.73,0.74,0.735,0.01,417.72,270.93,96
2026-10-06T11:03:15.696844+00:00,btc-updown-15m-1791285300,15,5320544,82996971660229687923176471788455360194503195431283469713574469129303038010711,2026-10-06T11:15:00+00:00,2026-10-06T11:30:00+00:00,26.75,0.5,0.51,0.505,0.01,30.0,1029.49,99
2026-10-06T11:04:16.862430+00:00,btc-updown-5m-1791284700,5,5320388,28542384874436329760565695656912023700507475982225957989957747050949940939684,2026-10-06T11:05:00+00:00,2026-10-06T11:10:00+00:00,5.73,0.47,0.48,0.475,0.01,84.99,160.0,99
2026-10-06T11:04:16.862430+00:00,btc-updown-15m-1791284400,15,5320368,111056905250306583260989428789788041529244821616268192790712571501834935496429,2026-10-06T11:00:00+00:00,2026-10-06T11:15:00+00:00,10.73,0.66,0.67,0.665,0.01,63.0,683.0,94
2026-10-06T11:04:16.862430+00:00,btc-updown-15m-1791285300,15,5320544,82996971660229687923176471788455360194503195431283469713574469129303038010711,2026-10-06T11:15:00+00:00,2026-10-06T11:30:00+00:00,25.73,0.5,0.51,0.505,0.01,30.0,1079.49,99
2026-10-06T11:05:17.921401+00:00,btc-updown-5m-1791284700,5,5320388,28542384874436329760565695656912023700507475982225957989957747050949940939684,2026-10-06T11:05:00+00:00,2026-10-06T11:10:00+00:00,4.72,0.25,0.26,0.255,0.01,513.17,212.66,99
2026-10-06T11:05:17.921401+00:00,btc-updown-5m-1791285000,5,5320407,99766448093455461608306621471105627923927360804352013873737488413296639882178,2026-10-06T11:10:00+00:00,2026-10-06T11:15:00+00:00,9.72,0.5,0.51,0.505,0.01,89.74,756.28,99
2026-10-06T11:05:17.921401+00:00,btc-updown-15m-1791284400,15,5320368,111056905250306583260989428789788041529244821616268192790712571501834935496429,2026-10-06T11:00:00+00:00,2026-10-06T11:15:00+00:00,9.72,0.48,0.49,0.485,0.01,115.18,396.67,99
2026-10-06T11:05:17.921401+00:00,btc-updown-15m-1791285300,15,5320544,82996971660229687923176471788455360194503195431283469713574469129303038010711,2026-10-06T11:15:00+00:00,2026-10-06T11:30:00+00:00,24.72,0.5,0.51,0.505,0.01,35.0,984.49,99
2026-10-06T11:06:19.082209+00:00,btc-updown-5m-1791284700,5,5320388,28542384874436329760565695656912023700507475982225957989957747050949940939684,2026-10-06T11:05:00+00:00,2026-10-06T11:10:00+00:00,3.68,0.53,0.54,0.535,0.01,286.9,340.0,99
2026-10-06T11:06:19.082209+00:00,btc-updown-5m-1791285000,5,5320407,99766448093455461608306621471105627923927360804352013873737488413296639882178,2026-10-06T11:10:00+00:00,2026-10-06T11:15:00+00:00,8.68,0.5,0.51,0.505,0.01,89.74,755.78,99
2026-10-06T11:06:19.082209+00:00,btc-updown-15m-1791284400,15,5320368,111056905250306583260989428789788041529244821616268192790712571501834935496429,2026-10-06T11:00:00+00:00,2026-10-06T11:15:00+00:00,8.68,0.65,0.66,0.655,0.01,8.14,503.14,95
2026-10-06T11:06:19.082209+00:00,btc-updown-15m-1791285300,15,5320544,82996971660229687923176471788455360194503195431283469713574469129303038010711,2026-10-06T11:15:00+00:00,2026-10-06T11:30:00+00:00,23.68,0.5,0.51,0.505,0.01,35.0,784.49,99
2026-10-06T11:07:20.241893+00:00,btc-updown-5m-1791284700,5,5320388,28542384874436329760565695656912023700507475982225957989957747050949940939684,2026-10-06T11:05:00+00:00,2026-10-06T11:10:00+00:00,2.67,0.48,0.49,0.485,0.01,95.0,488.02,99
2026-10-06T11:07:20.241893+00:00,btc-updown-5m-1791285000,5,5320407,99766448093455461608306621471105627923927360804352013873737488413296639882178,2026-10-06T11:10:00+00:00,2026-10-06T11:15:00+00:00,7.67,0.5,0.51,0.505,0.01,83.74,727.78,99
2026-10-06T11:07:20.241893+00:00,btc-updown-15m-1791284400,15,5320368,111056905250306583260989428789788041529244821616268192790712571501834935496429,2026-10-06T11:00:00+00:00,2026-10-06T11:15:00+00:00,7.67,0.64,0.65,0.645,0.01,154.11,198.0,99
2026-10-06T11:07:20.241893+00:00,btc-updown-15m-1791285300,15,5320544,82996971660229687923176471788455360194503195431283469713574469129303038010711,2026-10-06T11:15:00+00:00,2026-10-06T11:30:00+00:00,22.67,0.5,0.51,0.505,0.01,35.0,1034.49,99
2026-10-06T11:08:21.435857+00:00,btc-updown-5m-1791284700,5,5320388,28542384874436329760565695656912023700507475982225957989957747050949940939684,2026-10-06T11:05:00+00:00,2026-10-06T11:10:00+00:00,1.65,0.02,0.03,0.025,0.01,1465.52,479.25,99
2026-10-06T11:08:21.435857+00:00,btc-updown-5m-1791285000,5,5320407,99766448093455461608306621471105627923927360804352013873737488413296639882178,2026-10-06T11:10:00+00:00,2026-10-06T11:15:00+00:00,6.65,0.49,0.5,0.495,0.01,540.71,55.0,99
2026-10-06T11:08:21.435857+00:00,btc-updown-15m-1791284400,15,5320368,111056905250306583260989428789788041529244821616268192790712571501834935496429,2026-10-06T11:00:00+00:00,2026-10-06T11:15:00+00:00,6.65,0.36,0.37,0.365,0.01,327.66,5.29,99
2026-10-06T11:08:21.435857+00:00,btc-updown-15m-1791285300,15,5320544,82996971660229687923176471788455360194503195431283469713574469129303038010711,2026-10-06T11:15:00+00:00,2026-10-06T11:30:00+00:00,21.65,0.5,0.51,0.505,0.01,35.0,774.49,99
2026-10-06T11:09:22.618146+00:00,btc-updown-5m-1791285000,5,5320407,99766448093455461608306621471105627923927360804352013873737488413296639882178,2026-10-06T11:10:00+00:00,2026-10-06T11:15:00+00:00,5.63,0.52,0.53,0.525,0.01,160.0,106.84,99
2026-10-06T11:09:22.618146+00:00,btc-updown-15m-1791284400,15,5320368,111056905250306583260989428789788041529244821616268192790712571501834935496429,2026-10-06T11:00:00+00:00,2026-10-06T11:15:00+00:00,5.63,0.31,0.32,0.315,0.01,82.55,400.0,99
2026-10-06T11:09:22.618146+00:00,btc-updown-15m-1791285300,15,5320544,82996971660229687923176471788455360194503195431283469713574469129303038010711,2026-10-06T11:15:00+00:00,2026-10-06T11:30:00+00:00,20.63,0.5,0.51,0.505,0.01,35.0,504.49,99
2026-10-06T11:10:23.685979+00:00,btc-updown-5m-1791285000,5,5320407,99766448093455461608306621471105627923927360804352013873737488413296639882178,2026-10-06T11:10:00+00:00,2026-10-06T11:15:00+00:00,4.62,0.34,0.35,0.345,0.01,77.0,1584.61,99
2026-10-06T11:10:23.685979+00:00,btc-updown-5m-1791285300,5,5320535,34314003830111511655050145652451525391932106756798373113517657332897253924849,2026-10-06T11:15:00+00:00,2026-10-06T11:20:00+00:00,9.62,0.5,0.51,0.505,0.01,220.96,705.02,99
2026-10-06T11:10:23.685979+00:00,btc-updown-15m-1791284400,15,5320368,111056905250306583260989428789788041529244821616268192790712571501834935496429,2026-10-06T11:00:00+00:00,2026-10-06T11:15:00+00:00,4.62,0.09,0.11,0.1,0.02,48.0,39.19,97
2026-10-06T11:10:23.685979+00:00,btc-updown-15m-1791285300,15,5320544,82996971660229687923176471788455360194503195431283469713574469129303038010711,2026-10-06T11:15:00+00:00,2026-10-06T11:30:00+00:00,19.62,0.5,0.51,0.505,0.01,100.0,519.49,99
2026-10-06T11:11:24.906410+00:00,btc-updown-5m-1791285000,5,5320407,99766448093455461608306621471105627923927360804352013873737488413296639882178,2026-10-06T11:10:00+00:00,2026-10-06T11:15:00+00:00,3.6,0.59,0.6,0.595,0.01,35.0,1824.1,99
2026-10-06T11:11:24.906410+00:00,btc-updown-5m-1791285300,5,5320535,34314003830111511655050145652451525391932106756798373113517657332897253924849,2026-10-06T11:15:00+00:00,2026-10-06T11:20:00+00:00,8.6,0.5,0.51,0.505,0.01,200.96,647.59,99
2026-10-06T11:11:24.906410+00:00,btc-updown-15m-1791284400,15,5320368,111056905250306583260989428789788041529244821616268192790712571501834935496429,2026-10-06T11:00:00+00:00,2026-10-06T11:15:00+00:00,3.6,0.25,0.26,0.255,0.01,391.73,97.32,99
2026-10-06T11:11:24.906410+00:00,btc-updown-15m-1791285300,15,5320544,82996971660229687923176471788455360194503195431283469713574469129303038010711,2026-10-06T11:15:00+00:00,2026-10-06T11:30:00+00:00,18.6,0.5,0.51,0.505,0.01,60.0,519.49,99
2026-10-06T11:12:26.064140+00:00,btc-updown-5m-1791285000,5,5320407,99766448093455461608306621471105627923927360804352013873737488413296639882178,2026-10-06T11:10:00+00:00,2026-10-06T11:15:00+00:00,2.57,0.84,0.85,0.845,0.01,50.0,1345.01,99
2026-10-06T11:12:26.064140+00:00,btc-updown-5m-1791285300,5,5320535,34314003830111511655050145652451525391932106756798373113517657332897253924849,2026-10-06T11:15:00+00:00,2026-10-06T11:20:00+00:00,7.57,0.5,0.51,0.505,0.01,197.96,638.35,99
2026-10-06T11:12:26.064140+00:00,btc-updown-15m-1791284400,15,5320368,111056905250306583260989428789788041529244821616268192790712571501834935496429,2026-10-06T11:00:00+00:00,2026-10-06T11:15:00+00:00,2.57,0.45,0.46,0.455,0.01,20.0,494.68,96
2026-10-06T11:12:26.064140+00:00,btc-updown-15m-1791285300,15,5320544,82996971660229687923176471788455360194503195431283469713574469129303038010711,2026-10-06T11:15:00+00:00,2026-10-06T11:30:00+00:00,17.57,0.5,0.51,0.505,0.01,35.0,606.43,99
2026-10-06T11:13:27.229978+00:00,btc-updown-5m-1791285300,5,5320535,34314003830111511655050145652451525391932106756798373113517657332897253924849,2026-10-06T11:15:00+00:00,2026-10-06T11:20:00+00:00,6.55,0.49,0.5,0.495,0.01,68.03,13.0,99
2026-10-06T11:13:27.229978+00:00,btc-updown-15m-1791284400,15,5320368,111056905250306583260989428789788041529244821616268192790712571501834935496429,2026-10-06T11:00:00+00:00,2026-10-06T11:15:00+00:00,1.55,0.95,0.96,0.955,0.01,170.4,240.32,92
2026-10-06T11:13:27.229978+00:00,btc-updown-15m-1791285300,15,5320544,82996971660229687923176471788455360194503195431283469713574469129303038010711,2026-10-06T11:15:00+00:00,2026-10-06T11:30:00+00:00,16.55,0.5,0.51,0.505,0.01,25.0,656.43,99
2026-10-06T11:14:28.300500+00:00,btc-updown-5m-1791285300,5,5320535,34314003830111511655050145652451525391932106756798373113517657332897253924849,2026-10-06T11:15:00+00:00,2026-10-06T11:20:00+00:00,5.53,0.48,0.51,0.495,0.03,78.0,326.37,97
2026-10-06T11:14:28.300500+00:00,btc-updown-15m-1791285300,15,5320544,82996971660229687923176471788455360194503195431283469713574469129303038010711,2026-10-06T11:15:00+00:00,2026-10-06T11:30:00+00:00,15.53,0.51,0.52,0.515,0.01,222.88,828.36,91
2026-10-06T11:15:29.267334+00:00,btc-updown-5m-1791285300,5,5320535,34314003830111511655050145652451525391932106756798373113517657332897253924849,2026-10-06T11:15:00+00:00,2026-10-06T11:20:00+00:00,4.52,0.41,0.42,0.415,0.01,1602.68,49.76,99
2026-10-06T11:15:29.267334+00:00,btc-updown-5m-1791285600,5,5320562,43389041252291531950450933307609654225327531753385818767484708512959605198262,2026-10-06T11:20:00+00:00,2026-10-06T11:25:00+00:00,9.52,0.5,0.51,0.505,0.01,37.36,729.94,99
2026-10-06T11:15:29.267334+00:00,btc-updown-15m-1791285300,15,5320544,82996971660229687923176471788455360194503195431283469713574469129303038010711,2026-10-06T11:15:00+00:00,2026-10-06T11:30:00+00:00,14.52,0.43,0.44,0.435,0.01,735.22,80.0,99
2026-10-06T11:15:29.267334+00:00,btc-updown-15m-1791286200,15,5320962,12476770965974629246084572490462132558421423971112168375552467646425130304708,2026-10-06T11:30:00+00:00,2026-10-06T11:45:00+00:00,29.52,0.49,0.5,0.495,0.01,428.06,325.0,99
2026-10-06T11:16:30.519920+00:00,btc-updown-5m-1791285300,5,5320535,34314003830111511655050145652451525391932106756798373113517657332897253924849,2026-10-06T11:15:00+00:00,2026-10-06T11:20:00+00:00,3.5,0.93,0.94,0.935,0.01,998.83,16.0,99
2026-10-06T11:16:30.519920+00:00,btc-updown-5m-1791285600,5,5320562,43389041252291531950450933307609654225327531753385818767484708512959605198262,2026-10-06T11:20:00+00:00,2026-10-06T11:25:00+00:00,8.5,0.5,0.51,0.505,0.01,37.27,1110.94,99
2026-10-06T11:16:30.519920+00:00,btc-updown-15m-1791285300,15,5320544,82996971660229687923176471788455360194503195431283469713574469129303038010711,2026-10-06T11:15:00+00:00,2026-10-06T11:30:00+00:00,13.5,0.8,0.81,0.805,0.01,134.0,45.27,99
2026-10-06T11:16:30.519920+00:00,btc-updown-15m-1791286200,15,5320962,12476770965974629246084572490462132558421423971112168375552467646425130304708,2026-10-06T11:30:00+00:00,2026-10-06T11:45:00+00:00,28.5,0.49,0.5,0.495,0.01,225.0,860.0,99
2026-10-06T11:17:31.694879+00:00,btc-updown-5m-1791285600,5,5320562,43389041252291531950450933307609654225327531753385818767484708512959605198262,2026-10-06T11:20:00+00:00,2026-10-06T11:25:00+00:00,7.48,0.49,0.5,0.495,0.01,10.0,399.7,99
2026-10-06T11:17:31.694879+00:00,btc-updown-15m-1791285300,15,5320544,82996971660229687923176471788455360194503195431283469713574469129303038010711,2026-10-06T11:15:00+00:00,2026-10-06T11:30:00+00:00,12.48,0.85,0.86,0.855,0.01,21.0,501.23,99
2026-10-06T11:17:31.694879+00:00,btc-updown-15m-1791286200,15,5320962,12476770965974629246084572490462132558421423971112168375552467646425130304708,2026-10-06T11:30:00+00:00,2026-10-06T11:45:00+00:00,27.48,0.49,0.5,0.495,0.01,225.0,1010.0,99
2026-10-06T11:18:32.784594+00:00,btc-updown-5m-1791285600,5,5320562,43389041252291531950450933307609654225327531753385818767484708512959605198262,2026-10-06T11:20:00+00:00,2026-10-06T11:25:00+00:00,6.47,0.48,0.49,0.485,0.01,607.02,132.6,99
2026-10-06T11:18:32.784594+00:00,btc-updown-15m-1791285300,15,5320544,82996971660229687923176471788455360194503195431283469713574469129303038010711,2026-10-06T11:15:00+00:00,2026-10-06T11:30:00+00:00,11.47,0.88,0.89,0.885,0.01,310.0,23.0,99
2026-10-06T11:18:32.784594+00:00,btc-updown-15m-1791286200,15,5320962,12476770965974629246084572490462132558421423971112168375552467646425130304708,2026-10-06T11:30:00+00:00,2026-10-06T11:45:00+00:00,26.47,0.49,0.5,0.495,0.01,225.0,1010.0,99
2026-10-06T11:19:34.147293+00:00,btc-updown-5m-1791285600,5,5320562,43389041252291531950450933307609654225327531753385818767484708512959605198262,2026-10-06T11:20:00+00:00,2026-10-06T11:25:00+00:00,5.43,0.44,0.47,0.455,0.03,307.46,307.8,97
2026-10-06T11:19:34.147293+00:00,btc-updown-15m-1791285300,15,5320544,82996971660229687923176471788455360194503195431283469713574469129303038010711,2026-10-06T11:15:00+00:00,2026-10-06T11:30:00+00:00,10.43,0.88,0.89,0.885,0.01,430.1,18.56,99
2026-10-06T11:19:34.147293+00:00,btc-updown-15m-1791286200,15,5320962,12476770965974629246084572490462132558421423971112168375552467646425130304708,2026-10-06T11:30:00+00:00,2026-10-06T11:45:00+00:00,25.43,0.49,0.5,0.495,0.01,225.0,870.0,99
2026-10-06T11:20:35.196199+00:00,btc-updown-5m-1791285600,5,5320562,43389041252291531950450933307609654225327531753385818767484708512959605198262,2026-10-06T11:20:00+00:00,2026-10-06T11:25:00+00:00,4.42,0.2,0.21,0.205,0.01,62.06,2268.02,99
2026-10-06T11:20:35.196199+00:00,btc-updown-5m-1791285900,5,5320565,5787370479585990514601346108381233139823547375865255571888927985446998751235,2026-10-06T11:25:00+00:00,2026-10-06T11:30:00+00:00,9.42,0.48,0.49,0.485,0.01,496.0,146.6,99
2026-10-06T11:20:35.196199+00:00,btc-updown-15m-1791285300,15,5320544,82996971660229687923176471788455360194503195431283469713574469129303038010711,2026-10-06T11:15:00+00:00,2026-10-06T11:30:00+00:00,9.42,0.76,0.77,0.765,0.01,185.0,1161.66,99
2026-10-06T11:20:35.196199+00:00,btc-updown-15m-1791286200,15,5320962,12476770965974629246084572490462132558421423971112168375552467646425130304708,2026-10-06T11:30:00+00:00,2026-10-06T11:45:00+00:00,24.42,0.49,0.5,0.495,0.01,230.0,900.0,99
2026-10-06T11:21:36.377336+00:00,btc-updown-5m-1791285600,5,5320562,43389041252291531950450933307609654225327531753385818767484708512959605198262,2026-10-06T11:20:00+00:00,2026-10-06T11:25:00+00:00,3.4,0.4,0.41,0.405,0.01,380.31,321.41,99
2026-10-06T11:21:36.377336+00:00,btc-updown-5m-1791285900,5,5320565,5787370479585990514601346108381233139823547375865255571888927985446998751235,2026-10-06T11:25:00+00:00,2026-10-06T11:30:00+00:00,8.4,0.48,0.49,0.485,0.01,511.0,132.11,99
2026-10-06T11:21:36.377336+00:00,btc-updown-15m-1791285300,15,5320544,82996971660229687923176471788455360194503195431283469713574469129303038010711,2026-10-06T11:15:00+00:00,2026-10-06T11:30:00+00:00,8.4,0.89,0.9,0.895,0.01,2185.63,210.01,99
2026-10-06T11:21:36.377336+00:00,btc-updown-15m-1791286200,15,5320962,12476770965974629246084572490462132558421423971112168375552467646425130304708,2026-10-06T11:30:00+00:00,2026-10-06T11:45:00+00:00,23.4,0.49,0.5,0.495,0.01,230.0,900.0,99
2026-10-06T11:22:37.559721+00:00,btc-updown-5m-1791285600,5,5320562,43389041252291531950450933307609654225327531753385818767484708512959605198262,2026-10-06T11:20:00+00:00,2026-10-06T11:25:00+00:00,2.38,0.16,0.17,0.165,0.01,286.72,372.69,99
2026-10-06T11:22:37.559721+00:00,btc-updown-5m-1791285900,5,5320565,5787370479585990514601346108381233139823547375865255571888927985446998751235,2026-10-06T11:25:00+00:00,2026-10-06T11:30:00+00:00,7.38,0.48,0.49,0.485,0.01,495.23,168.43,99
2026-10-06T11:22:37.559721+00:00,btc-updown-15m-1791285300,15,5320544,82996971660229687923176471788455360194503195431283469713574469129303038010711,2026-10-06T11:15:00+00:00,2026-10-06T11:30:00+00:00,7.38,0.86,0.87,0.865,0.01,161.0,436.91,99
2026-10-06T11:22:37.559721+00:00,btc-updown-15m-1791286200,15,5320962,12476770965974629246084572490462132558421423971112168375552467646425130304708,2026-10-06T11:30:00+00:00,2026-10-06T11:45:00+00:00,22.38,0.49,0.5,0.495,0.01,230.0,645.0,99
2026-10-06T11:23:38.726123+00:00,btc-updown-5m-1791285600,5,5320562,43389041252291531950450933307609654225327531753385818767484708512959605198262,2026-10-06T11:20:00+00:00,2026-10-06T11:25:00+00:00,1.37,0.03,0.04,0.035,0.01,679.58,781.83,99
2026-10-06T11:23:38.726123+00:00,btc-updown-5m-1791285900,5,5320565,5787370479585990514601346108381233139823547375865255571888927985446998751235,2026-10-06T11:25:00+00:00,2026-10-06T11:30:00+00:00,6.37,0.48,0.49,0.485,0.01,520.33,72.38,99
2026-10-06T11:23:38.726123+00:00,btc-updown-15m-1791285300,15,5320544,82996971660229687923176471788455360194503195431283469713574469129303038010711,2026-10-06T11:15:00+00:00,2026-10-06T11:30:00+00:00,6.37,0.88,0.89,0.885,0.01,175.22,279.37,99
2026-10-06T11:23:38.726123+00:00,btc-updown-15m-1791286200,15,5320962,12476770965974629246084572490462132558421423971112168375552467646425130304708,2026-10-06T11:30:00+00:00,2026-10-06T11:45:00+00:00,21.37,0.49,0.5,0.495,0.01,230.0,625.0,99
2026-10-06T11:24:39.885388+00:00,btc-updown-5m-1791285900,5,5320565,5787370479585990514601346108381233139823547375865255571888927985446998751235,2026-10-06T11:25:00+00:00,2026-10-06T11:30:00+00:00,5.35,0.43,0.44,0.435,0.01,379.48,85.65,99
2026-10-06T11:24:39.885388+00:00,btc-updown-15m-1791285300,15,5320544,82996971660229687923176471788455360194503195431283469713574469129303038010711,2026-10-06T11:15:00+00:00,2026-10-06T11:30:00+00:00,5.35,0.85,0.86,0.855,0.01,2049.28,140.11,99
2026-10-06T11:24:39.885388+00:00,btc-updown-15m-1791286200,15,5320962,12476770965974629246084572490462132558421423971112168375552467646425130304708,2026-10-06T11:30:00+00:00,2026-10-06T11:45:00+00:00,20.35,0.49,0.5,0.495,0.01,230.0,625.0,99
2026-10-06T11:25:40.956842+00:00,btc-updown-5m-1791285900,5,5320565,5787370479585990514601346108381233139823547375865255571888927985446998751235,2026-10-06T11:25:00+00:00,2026-10-06T11:30:00+00:00,4.33,0.29,0.3,0.295,0.01,485.92,335.0,99
2026-10-06T11:25:40.956842+00:00,btc-updown-5m-1791286200,5,5320952,40016881221771223229155557993271843145034440332162855065807127459077610160240,2026-10-06T11:30:00+00:00,2026-10-06T11:35:00+00:00,9.33,0.5,0.51,0.505,0.01,123.22,868.37,99
2026-10-06T11:25:40.956842+00:00,btc-updown-15m-1791285300,15,5320544,82996971660229687923176471788455360194503195431283469713574469129303038010711,2026-10-06T11:15:00+00:00,2026-10-06T11:30:00+00:00,4.33,0.82,0.83,0.825,0.01,421.83,142.59,99
2026-10-06T11:25:40.956842+00:00,btc-updown-15m-1791286200,15,5320962,12476770965974629246084572490462132558421423971112168375552467646425130304708,2026-10-06T11:30:00+00:00,2026-10-06T11:45:00+00:00,19.33,0.49,0.5,0.495,0.01,225.0,470.0,99
2026-10-06T11:26:42.122104+00:00,btc-updown-5m-1791285900,5,5320565,5787370479585990514601346108381233139823547375865255571888927985446998751235,2026-10-06T11:25:00+00:00,2026-10-06T11:30:00+00:00,3.3,0.14,0.15,0.145,0.01,504.73,1764.07,99
2026-10-06T11:26:42.122104+00:00,btc-updown-5m-1791286200,5,5320952,40016881221771223229155557993271843145034440332162855065807127459077610160240,2026-10-06T11:30:00+00:00,2026-10-06T11:35:00+00:00,8.3,0.5,0.51,0.505,0.01,273.22,769.6,99
2026-10-06T11:26:42.122104+00:00,btc-updown-15m-1791285300,15,5320544,82996971660229687923176471788455360194503195431283469713574469129303038010711,2026-10-06T11:15:00+00:00,2026-10-06T11:30:00+00:00,3.3,0.77,0.78,0.775,0.01,205.0,228.63,99
2026-10-06T11:26:42.122104+00:00,btc-updown-15m-1791286200,15,5320962,12476770965974629246084572490462132558421423971112168375552467646425130304708,2026-10-06T11:30:00+00:00,2026-10-06T11:45:00+00:00,18.3,0.49,0.5,0.495,0.01,225.0,490.0,99
2026-10-06T11:27:43.275797+00:00,btc-updown-5m-1791285900,5,5320565,5787370479585990514601346108381233139823547375865255571888927985446998751235,2026-10-06T11:25:00+00:00,2026-10-06T11:30:00+00:00,2.28,0.23,0.24,0.235,0.01,440.0,635.83,99
2026-10-06T11:27:43.275797+00:00,btc-updown-5m-1791286200,5,5320952,40016881221771223229155557993271843145034440332162855065807127459077610160240,2026-10-06T11:30:00+00:00,2026-10-06T11:35:00+00:00,7.28,0.5,0.51,0.505,0.01,263.22,726.6,99
2026-10-06T11:27:43.275797+00:00,btc-updown-15m-1791285300,15,5320544,82996971660229687923176471788455360194503195431283469713574469129303038010711,2026-10-06T11:15:00+00:00,2026-10-06T11:30:00+00:00,2.28,0.93,0.94,0.935,0.01,184.45,400.48,99
2026-10-06T11:27:43.275797+00:00,btc-updown-15m-1791286200,15,5320962,12476770965974629246084572490462132558421423971112168375552467646425130304708,2026-10-06T11:30:00+00:00,2026-10-06T11:45:00+00:00,17.28,0.49,0.5,0.495,0.01,220.0,590.0,99
2026-10-06T11:28:44.437513+00:00,btc-updown-5m-1791285900,5,5320565,5787370479585990514601346108381233139823547375865255571888927985446998751235,2026-10-06T11:25:00+00:00,2026-10-06T11:30:00+00:00,1.27,0.02,0.03,0.025,0.01,1326.55,2728.34,99
2026-10-06T11:28:44.437513+00:00,btc-updown-5m-1791286200,5,5320952,40016881221771223229155557993271843145034440332162855065807127459077610160240,2026-10-06T11:30:00+00:00,2026-10-06T11:35:00+00:00,6.27,0.5,0.51,0.505,0.01,50.03,717.86,99
2026-10-06T11:28:44.437513+00:00,btc-updown-15m-1791285300,15,5320544,82996971660229687923176471788455360194503195431283469713574469129303038010711,2026-10-06T11:15:00+00:00,2026-10-06T11:30:00+00:00,1.27,0.87,0.88,0.875,0.01,30.3,199.9,99
2026-10-06T11:28:44.437513+00:00,btc-updown-15m-1791286200,15,5320962,12476770965974629246084572490462132558421423971112168375552467646425130304708,2026-10-06T11:30:00+00:00,2026-10-06T11:45:00+00:00,16.27,0.49,0.5,0.495,0.01,356.19,450.0,99
2026-10-06T11:29:45.978795+00:00,btc-updown-5m-1791286200,5,5320952,40016881221771223229155557993271843145034440332162855065807127459077610160240,2026-10-06T11:30:00+00:00,2026-10-06T11:35:00+00:00,5.25,0.47,0.48,0.475,0.01,85.06,173.35,99
2026-10-06T11:29:45.978795+00:00,btc-updown-15m-1791286200,15,5320962,12476770965974629246084572490462132558421423971112168375552467646425130304708,2026-10-06T11:30:00+00:00,2026-10-06T11:45:00+00:00,15.25,0.49,0.5,0.495,0.01,35.58,155.98,87
2026-10-06T11:30:46.940733+00:00,btc-updown-5m-1791286200,5,5320952,40016881221771223229155557993271843145034440332162855065807127459077610160240,2026-10-06T11:30:00+00:00,2026-10-06T11:35:00+00:00,4.23,0.6,0.61,0.605,0.01,1544.14,267.79,99
2026-10-06T11:30:46.940733+00:00,btc-updown-5m-1791286500,5,5321001,28865483675769607503464050133505043066576312436846665643891573100353396060018,2026-10-06T11:35:00+00:00,2026-10-06T11:40:00+00:00,9.23,0.5,0.51,0.505,0.01,115.78,787.89,99
2026-10-06T11:30:46.940733+00:00,btc-updown-15m-1791286200,15,5320962,12476770965974629246084572490462132558421423971112168375552467646425130304708,2026-10-06T11:30:00+00:00,2026-10-06T11:45:00+00:00,14.23,0.54,0.55,0.545,0.01,240.0,460.0,99
2026-10-06T11:30:46.940733+00:00,btc-updown-15m-1791287100,15,5321419,110136219701368663213286089085262653649218943472792211535996534125756141541952,2026-10-06T11:45:00+00:00,2026-10-06T12:00:00+00:00,29.23,0.49,0.5,0.495,0.01,350.42,295.0,99
2026-10-06T11:31:48.152168+00:00,btc-updown-5m-1791286200,5,5320952,40016881221771223229155557993271843145034440332162855065807127459077610160240,2026-10-06T11:30:00+00:00,2026-10-06T11:35:00+00:00,3.2,0.82,0.83,0.825,0.01,340.88,1217.11,99
2026-10-06T11:31:48.152168+00:00,btc-updown-5m-1791286500,5,5321001,28865483675769607503464050133505043066576312436846665643891573100353396060018,2026-10-06T11:35:00+00:00,2026-10-06T11:40:00+00:00,8.2,0.5,0.51,0.505,0.01,120.78,740.28,99
2026-10-06T11:31:48.152168+00:00,btc-updown-15m-1791286200,15,5320962,12476770965974629246084572490462132558421423971112168375552467646425130304708,2026-10-06T11:30:00+00:00,2026-10-06T11:45:00+00:00,13.2,0.62,0.63,0.625,0.01,336.84,346.0,99
2026-10-06T11:31:48.152168+00:00,btc-updown-15m-1791287100,15,5321419,110136219701368663213286089085262653649218943472792211535996534125756141541952,2026-10-06T11:45:00+00:00,2026-10-06T12:00:00+00:00,28.2,0.49,0.5,0.495,0.01,350.42,415.0,99
2026-10-06T11:32:49.323351+00:00,btc-updown-5m-1791286200,5,5320952,40016881221771223229155557993271843145034440332162855065807127459077610160240,2026-10-06T11:30:00+00:00,2026-10-06T11:35:00+00:00,2.18,0.93,0.94,0.935,0.01,1179.31,66.89,99
2026-10-06T11:32:49.323351+00:00,btc-updown-5m-1791286500,5,5321001,28865483675769607503464050133505043066576312436846665643891573100353396060018,2026-10-06T11:35:00+00:00,2026-10-06T11:40:00+00:00,7.18,0.5,0.51,0.505,0.01,190.59,50.0,99
2026-10-06T11:32:49.323351+00:00,btc-updown-15m-1791286200,15,5320962,12476770965974629246084572490462132558421423971112168375552467646425130304708,2026-10-06T11:30:00+00:00,2026-10-06T11:45:00+00:00,12.18,0.69,0.7,0.695,0.01,483.33,57.25,99
2026-10-06T11:32:49.323351+00:00,btc-updown-15m-1791287100,15,5321419,110136219701368663213286089085262653649218943472792211535996534125756141541952,2026-10-06T11:45:00+00:00,2026-10-06T12:00:00+00:00,27.18,0.49,0.5,0.495,0.01,220.0,415.0,99
2026-10-06T11:33:50.501274+00:00,btc-updown-5m-1791286500,5,5321001,28865483675769607503464050133505043066576312436846665643891573100353396060018,2026-10-06T11:35:00+00:00,2026-10-06T11:40:00+00:00,6.17,0.5,0.51,0.505,0.01,66.59,108.18,99
2026-10-06T11:33:50.501274+00:00,btc-updown-15m-1791286200,15,5320962,12476770965974629246084572490462132558421423971112168375552467646425130304708,2026-10-06T11:30:00+00:00,2026-10-06T11:45:00+00:00,11.17,0.83,0.84,0.835,0.01,290.0,345.44,99
2026-10-06T11:33:50.501274+00:00,btc-updown-15m-1791287100,15,5321419,110136219701368663213286089085262653649218943472792211535996534125756141541952,2026-10-06T11:45:00+00:00,2026-10-06T12:00:00+00:00,26.17,0.49,0.5,0.495,0.01,220.0,725.0,99
2026-10-06T11:34:51.902872+00:00,btc-updown-5m-1791286500,5,5321001,28865483675769607503464050133505043066576312436846665643891573100353396060018,2026-10-06T11:35:00+00:00,2026-10-06T11:40:00+00:00,5.15,0.46,0.47,0.465,0.01,60.0,232.8,99
2026-10-06T11:34:51.902872+00:00,btc-updown-15m-1791286200,15,5320962,12476770965974629246084572490462132558421423971112168375552467646425130304708,2026-10-06T11:30:00+00:00,2026-10-06T11:45:00+00:00,10.15,0.81,0.82,0.815,0.01,173.27,192.46,99
2026-10-06T11:34:51.902872+00:00,btc-updown-15m-1791287100,15,5321419,110136219701368663213286089085262653649218943472792211535996534125756141541952,2026-10-06T11:45:00+00:00,2026-10-06T12:00:00+00:00,25.15,0.49,0.5,0.495,0.01,220.0,725.0,99
2026-10-06T11:35:52.961754+00:00,btc-updown-5m-1791286500,5,5321001,28865483675769607503464050133505043066576312436846665643891573100353396060018,2026-10-06T11:35:00+00:00,2026-10-06T11:40:00+00:00,4.13,0.33,0.34,0.335,0.01,150.49,2167.59,99
2026-10-06T11:35:52.961754+00:00,btc-updown-5m-1791286800,5,5321411,27872996332236031243334384363546230366217290151230273141981490483127609923550,2026-10-06T11:40:00+00:00,2026-10-06T11:45:00+00:00,9.13,0.48,0.49,0.485,0.01,487.03,155.0,99
2026-10-06T11:35:52.961754+00:00,btc-updown-15m-1791286200,15,5320962,12476770965974629246084572490462132558421423971112168375552467646425130304708,2026-10-06T11:30:00+00:00,2026-10-06T11:45:00+00:00,9.13,0.81,0.82,0.815,0.01,2243.5,135.79,99
2026-10-06T11:35:52.961754+00:00,btc-updown-15m-1791287100,15,5321419,110136219701368663213286089085262653649218943472792211535996534125756141541952,2026-10-06T11:45:00+00:00,2026-10-06T12:00:00+00:00,24.13,0.49,0.5,0.495,0.01,225.0,735.0,99
2026-10-06T11:36:54.134007+00:00,btc-updown-5m-1791286500,5,5321001,28865483675769607503464050133505043066576312436846665643891573100353396060018,2026-10-06T11:35:00+00:00,2026-10-06T11:40:00+00:00,3.1,0.29,0.3,0.295,0.01,60.0,353.59,99
2026-10-06T11:36:54.134007+00:00,btc-updown-5m-1791286800,5,5321411,27872996332236031243334384363546230366217290151230273141981490483127609923550,2026-10-06T11:40:00+00:00,2026-10-06T11:45:00+00:00,8.1,0.48,0.49,0.485,0.01,638.94,125.0,99
2026-10-06T11:36:54.134007+00:00,btc-updown-15m-1791286200,15,5320962,12476770965974629246084572490462132558421423971112168375552467646425130304708,2026-10-06T11:30:00+00:00,2026-10-06T11:45:00+00:00,8.1,0.83,0.84,0.835,0.01,19.0,35.0,96
2026-10-06T11:36:54.134007+00:00,btc-updown-15m-1791287100,15,5321419,110136219701368663213286089085262653649218943472792211535996534125756141541952,2026-10-06T11:45:00+00:00,2026-10-06T12:00:00+00:00,23.1,0.49,0.5,0.495,0.01,225.0,735.0,99
2026-10-06T11:37:55.285357+00:00,btc-updown-5m-1791286500,5,5321001,28865483675769607503464050133505043066576312436846665643891573100353396060018,2026-10-06T11:35:00+00:00,2026-10-06T11:40:00+00:00,2.08,0.76,0.77,0.765,0.01,217.75,169.01,99
2026-10-06T11:37:55.285357+00:00,btc-updown-5m-1791286800,5,5321411,27872996332236031243334384363546230366217290151230273141981490483127609923550,2026-10-06T11:40:00+00:00,2026-10-06T11:45:00+00:00,7.08,0.48,0.49,0.485,0.01,491.94,91.81,99
2026-10-06T11:37:55.285357+00:00,btc-updown-15m-1791286200,15,5320962,12476770965974629246084572490462132558421423971112168375552467646425130304708,2026-10-06T11:30:00+00:00,2026-10-06T11:45:00+00:00,7.08,0.88,0.89,0.885,0.01,237.37,268.09,91
2026-10-06T11:37:55.285357+00:00,btc-updown-15m-1791287100,15,5321419,110136219701368663213286089085262653649218943472792211535996534125756141541952,2026-10-06T11:45:00+00:00,2026-10-06T12:00:00+00:00,22.08,0.49,0.5,0.495,0.01,225.0,735.0,99
2026-10-06T11:38:56.455069+00:00,btc-updown-5m-1791286500,5,5321001,28865483675769607503464050133505043066576312436846665643891573100353396060018,2026-10-06T11:35:00+00:00,2026-10-06T11:40:00+00:00,1.07,0.97,0.98,0.975,0.01,849.32,503.53,99
2026-10-06T11:38:56.455069+00:00,btc-updown-5m-1791286800,5,5321411,27872996332236031243334384363546230366217290151230273141981490483127609923550,2026-10-06T11:40:00+00:00,2026-10-06T11:45:00+00:00,6.07,0.48,0.49,0.485,0.01,261.94,64.73,99
2026-10-06T11:38:56.455069+00:00,btc-updown-15m-1791286200,15,5320962,12476770965974629246084572490462132558421423971112168375552467646425130304708,2026-10-06T11:30:00+00:00,2026-10-06T11:45:00+00:00,6.07,0.95,0.96,0.955,0.01,244.0,388.0,94
2026-10-06T11:38:56.455069+00:00,btc-updown-15m-1791287100,15,5321419,110136219701368663213286089085262653649218943472792211535996534125756141541952,2026-10-06T11:45:00+00:00,2026-10-06T12:00:00+00:00,21.07,0.49,0.5,0.495,0.01,8.0,735.0,99
2026-10-06T11:39:57.673948+00:00,btc-updown-5m-1791286800,5,5321411,27872996332236031243334384363546230366217290151230273141981490483127609923550,2026-10-06T11:40:00+00:00,2026-10-06T11:45:00+00:00,5.05,0.52,0.57,0.545,0.05,357.08,224.11,95
2026-10-06T11:39:57.673948+00:00,btc-updown-15m-1791286200,15,5320962,12476770965974629246084572490462132558421423971112168375552467646425130304708,2026-10-06T11:30:00+00:00,2026-10-06T11:45:00+00:00,5.05,0.97,0.98,0.975,0.01,335.99,519.0,91
2026-10-06T11:39:57.673948+00:00,btc-updown-15m-1791287100,15,5321419,110136219701368663213286089085262653649218943472792211535996534125756141541952,2026-10-06T11:45:00+00:00,2026-10-06T12:00:00+00:00,20.05,0.49,0.5,0.495,0.01,16.97,735.0,99
2026-10-06T11:40:58.787714+00:00,btc-updown-5m-1791286800,5,5321411,27872996332236031243334384363546230366217290151230273141981490483127609923550,2026-10-06T11:40:00+00:00,2026-10-06T11:45:00+00:00,4.03,0.68,0.69,0.685,0.01,353.88,59.95,99
2026-10-06T11:40:58.787714+00:00,btc-updown-5m-1791287100,5,5321432,25182683972466949650859704115969041272252148231997359868418828687390066977001,2026-10-06T11:45:00+00:00,2026-10-06T11:50:00+00:00,9.03,0.49,0.5,0.495,0.01,225.19,166.63,99
2026-10-06T11:40:58.787714+00:00,btc-updown-15m-1791286200,15,5320962,12476770965974629246084572490462132558421423971112168375552467646425130304708,2026-10-06T11:30:00+00:00,2026-10-06T11:45:00+00:00,4.03,0.98,0.99,0.985,0.01,982.23,113.89,93
2026-10-06T11:40:58.787714+00:00,btc-updown-15m-1791287100,15,5321419,110136219701368663213286089085262653649218943472792211535996534125756141541952,2026-10-06T11:45:00+00:00,2026-10-06T12:00:00+00:00,19.03,0.48,0.49,0.485,0.01,265.0,257.98,99
2026-10-06T11:41:59.942859+00:00,btc-updown-5m-1791286800,5,5321411,27872996332236031243334384363546230366217290151230273141981490483127609923550,2026-10-06T11:40:00+00:00,2026-10-06T11:45:00+00:00,3.02,0.37,0.38,0.375,0.01,20.0,1378.33,99
2026-10-06T11:41:59.942859+00:00,btc-updown-5m-1791287100,5,5321432,25182683972466949650859704115969041272252148231997359868418828687390066977001,2026-10-06T11:45:00+00:00,2026-10-06T11:50:00+00:00,8.02,0.49,0.5,0.495,0.01,25.0,215.0,99
2026-10-06T11:41:59.942859+00:00,btc-updown-15m-1791286200,15,5320962,12476770965974629246084572490462132558421423971112168375552467646425130304708,2026-10-06T11:30:00+00:00,2026-10-06T11:45:00+00:00,3.02,0.954,0.96,0.957,0.006,5.0,419.86,116
2026-10-06T11:41:59.942859+00:00,btc-updown-15m-1791287100,15,5321419,110136219701368663213286089085262653649218943472792211535996534125756141541952,2026-10-06T11:45:00+00:00,2026-10-06T12:00:00+00:00,18.02,0.48,0.49,0.485,0.01,264.99,443.67,99
2026-10-06T11:43:01.134167+00:00,btc-updown-5m-1791286800,5,5321411,27872996332236031243334384363546230366217290151230273141981490483127609923550,2026-10-06T11:40:00+00:00,2026-10-06T11:45:00+00:00,1.98,0.02,0.03,0.025,0.01,85.2,707.09,99
2026-10-06T11:43:01.134167+00:00,btc-updown-5m-1791287100,5,5321432,25182683972466949650859704115969041272252148231997359868418828687390066977001,2026-10-06T11:45:00+00:00,2026-10-06T11:50:00+00:00,6.98,0.49,0.5,0.495,0.01,33.03,200.78,99
2026-10-06T11:43:01.134167+00:00,btc-updown-15m-1791286200,15,5320962,12476770965974629246084572490462132558421423971112168375552467646425130304708,2026-10-06T11:30:00+00:00,2026-10-06T11:45:00+00:00,1.98,0.91,0.911,0.9105,0.001,319.27,17.0,130
2026-10-06T11:43:01.134167+00:00,btc-updown-15m-1791287100,15,5321419,110136219701368663213286089085262653649218943472792211535996534125756141541952,2026-10-06T11:45:00+00:00,2026-10-06T12:00:00+00:00,16.98,0.48,0.49,0.485,0.01,259.24,283.67,99
2026-10-06T11:44:02.306153+00:00,btc-updown-5m-1791286800,5,5321411,27872996332236031243334384363546230366217290151230273141981490483127609923550,2026-10-06T11:40:00+00:00,2026-10-06T11:45:00+00:00,0.97,0.08,0.081,0.0805,0.001,66.85,5.0,147
2026-10-06T11:44:02.306153+00:00,btc-updown-5m-1791287100,5,5321432,25182683972466949650859704115969041272252148231997359868418828687390066977001,2026-10-06T11:45:00+00:00,2026-10-06T11:50:00+00:00,5.97,0.49,0.5,0.495,0.01,124.0,98.78,99
2026-10-06T11:44:02.306153+00:00,btc-updown-15m-1791287100,15,5321419,110136219701368663213286089085262653649218943472792211535996534125756141541952,2026-10-06T11:45:00+00:00,2026-10-06T12:00:00+00:00,15.97,0.48,0.49,0.485,0.01,271.67,42.98,93
2026-10-06T11:45:03.372560+00:00,btc-updown-5m-1791287100,5,5321432,25182683972466949650859704115969041272252148231997359868418828687390066977001,2026-10-06T11:45:00+00:00,2026-10-06T11:50:00+00:00,4.95,0.53,0.54,0.535,0.01,140.33,541.0,99
2026-10-06T11:45:03.372560+00:00,btc-updown-5m-1791287400,5,5321441,67887640780206469998866805000981400173349420046258764241796427338771854371066,2026-10-06T11:50:00+00:00,2026-10-06T11:55:00+00:00,9.95,0.5,0.51,0.505,0.01,55.81,612.41,99
2026-10-06T11:45:03.372560+00:00,btc-updown-15m-1791287100,15,5321419,110136219701368663213286089085262653649218943472792211535996534125756141541952,2026-10-06T11:45:00+00:00,2026-10-06T12:00:00+00:00,14.95,0.5,0.51,0.505,0.01,815.45,105.0,99
2026-10-06T11:45:03.372560+00:00,btc-updown-15m-1791288000,15,5322211,97841694754842120390608192358893287694865643721278911803826949243506063123800,2026-10-06T12:00:00+00:00,2026-10-06T12:15:00+00:00,29.95,0.48,0.5,0.49,0.02,203.75,294.5,98
2026-10-06T11:46:04.547942+00:00,btc-updown-5m-1791287100,5,5321432,25182683972466949650859704115969041272252148231997359868418828687390066977001,2026-10-06T11:45:00+00:00,2026-10-06T11:50:00+00:00,3.93,0.8,0.81,0.805,0.01,2613.01,63.87,99
2026-10-06T11:46:04.547942+00:00,btc-updown-5m-1791287400,5,5321441,67887640780206469998866805000981400173349420046258764241796427338771854371066,2026-10-06T11:50:00+00:00,2026-10-06T11:55:00+00:00,8.93,0.5,0.51,0.505,0.01,61.19,894.8,99
2026-10-06T11:46:04.547942+00:00,btc-updown-15m-1791287100,15,5321419,110136219701368663213286089085262653649218943472792211535996534125756141541952,2026-10-06T11:45:00+00:00,2026-10-06T12:00:00+00:00,13.93,0.64,0.65,0.645,0.01,472.28,15.0,99
2026-10-06T11:46:04.547942+00:00,btc-updown-15m-1791288000,15,5322211,97841694754842120390608192358893287694865643721278911803826949243506063123800,2026-10-06T12:00:00+00:00,2026-10-06T12:15:00+00:00,28.93,0.48,0.49,0.485,0.01,439.3,295.0,99
2026-10-06T11:47:05.713017+00:00,btc-updown-5m-1791287100,5,5321432,25182683972466949650859704115969041272252148231997359868418828687390066977001,2026-10-06T11:45:00+00:00,2026-10-06T11:50:00+00:00,2.92,0.71,0.72,0.715,0.01,1790.0,5.0,99
2026-10-06T11:47:05.713017+00:00,btc-updown-5m-1791287400,5,5321441,67887640780206469998866805000981400173349420046258764241796427338771854371066,2026-10-06T11:50:00+00:00,2026-10-06T11:55:00+00:00,7.92,0.5,0.51,0.505,0.01,30.19,908.9,99
2026-10-06T11:47:05.713017+00:00,btc-updown-15m-1791287100,15,5321419,110136219701368663213286089085262653649218943472792211535996534125756141541952,2026-10-06T11:45:00+00:00,2026-10-06T12:00:00+00:00,12.92,0.59,0.6,0.595,0.01,768.62,305.0,99
2026-10-06T11:47:05.713017+00:00,btc-updown-15m-1791288000,15,5322211,97841694754842120390608192358893287694865643721278911803826949243506063123800,2026-10-06T12:00:00+00:00,2026-10-06T12:15:00+00:00,27.92,0.48,0.49,0.485,0.01,283.05,145.0,99
2026-10-06T11:48:06.893193+00:00,btc-updown-5m-1791287100,5,5321432,25182683972466949650859704115969041272252148231997359868418828687390066977001,2026-10-06T11:45:00+00:00,2026-10-06T11:50:00+00:00,1.9,0.71,0.72,0.715,0.01,1184.0,31.61,99
2026-10-06T11:48:06.893193+00:00,btc-updown-5m-1791287400,5,5321441,67887640780206469998866805000981400173349420046258764241796427338771854371066,2026-10-06T11:50:00+00:00,2026-10-06T11:55:00+00:00,6.9,0.5,0.51,0.505,0.01,40.19,760.93,99
2026-10-06T11:48:06.893193+00:00,btc-updown-15m-1791287100,15,5321419,110136219701368663213286089085262653649218943472792211535996534125756141541952,2026-10-06T11:45:00+00:00,2026-10-06T12:00:00+00:00,11.9,0.54,0.55,0.545,0.01,967.53,41.56,99
2026-10-06T11:48:06.893193+00:00,btc-updown-15m-1791288000,15,5322211,97841694754842120390608192358893287694865643721278911803826949243506063123800,2026-10-06T12:00:00+00:00,2026-10-06T12:15:00+00:00,26.9,0.48,0.49,0.485,0.01,283.05,295.0,99
2026-10-06T11:49:08.077906+00:00,btc-updown-5m-1791287400,5,5321441,67887640780206469998866805000981400173349420046258764241796427338771854371066,2026-10-06T11:50:00+00:00,2026-10-06T11:55:00+00:00,5.87,0.49,0.5,0.495,0.01,270.0,180.2,99
2026-10-06T11:49:08.077906+00:00,btc-updown-15m-1791287100,15,5321419,110136219701368663213286089085262653649218943472792211535996534125756141541952,2026-10-06T11:45:00+00:00,2026-10-06T12:00:00+00:00,10.87,0.66,0.67,0.665,0.01,264.3,250.0,99
2026-10-06T11:49:08.077906+00:00,btc-updown-15m-1791288000,15,5322211,97841694754842120390608192358893287694865643721278911803826949243506063123800,2026-10-06T12:00:00+00:00,2026-10-06T12:15:00+00:00,25.87,0.48,0.49,0.485,0.01,283.05,295.0,99
2026-10-06T11:50:09.150455+00:00,btc-updown-5m-1791287400,5,5321441,67887640780206469998866805000981400173349420046258764241796427338771854371066,2026-10-06T11:50:00+00:00,2026-10-06T11:55:00+00:00,4.85,0.34,0.35,0.345,0.01,1562.53,14.83,99
2026-10-06T11:50:09.150455+00:00,btc-updown-5m-1791287700,5,5321561,913764012284219587464422820484115959773595784530901385013643921610356191144,2026-10-06T11:55:00+00:00,2026-10-06T12:00:00+00:00,9.85,0.5,0.51,0.505,0.01,55.35,568.22,99
2026-10-06T11:50:09.150455+00:00,btc-updown-15m-1791287100,15,5321419,110136219701368663213286089085262653649218943472792211535996534125756141541952,2026-10-06T11:45:00+00:00,2026-10-06T12:00:00+00:00,9.85,0.45,0.46,0.455,0.01,249.26,220.0,99
2026-10-06T11:50:09.150455+00:00,btc-updown-15m-1791288000,15,5322211,97841694754842120390608192358893287694865643721278911803826949243506063123800,2026-10-06T12:00:00+00:00,2026-10-06T12:15:00+00:00,24.85,0.48,0.49,0.485,0.01,293.05,170.0,99
2026-10-06T11:51:10.316732+00:00,btc-updown-5m-1791287400,5,5321441,67887640780206469998866805000981400173349420046258764241796427338771854371066,2026-10-06T11:50:00+00:00,2026-10-06T11:55:00+00:00,3.83,0.53,0.54,0.535,0.01,1495.81,25.14,99
2026-10-06T11:51:10.316732+00:00,btc-updown-5m-1791287700,5,5321561,913764012284219587464422820484115959773595784530901385013643921610356191144,2026-10-06T11:55:00+00:00,2026-10-06T12:00:00+00:00,8.83,0.5,0.51,0.505,0.01,20.35,740.22,99
2026-10-06T11:51:10.316732+00:00,btc-updown-15m-1791287100,15,5321419,110136219701368663213286089085262653649218943472792211535996534125756141541952,2026-10-06T11:45:00+00:00,2026-10-06T12:00:00+00:00,8.83,0.58,0.59,0.585,0.01,168.0,356.12,99
2026-10-06T11:51:10.316732+00:00,btc-updown-15m-1791288000,15,5322211,97841694754842120390608192358893287694865643721278911803826949243506063123800,2026-10-06T12:00:00+00:00,2026-10-06T12:15:00+00:00,23.83,0.48,0.49,0.485,0.01,293.05,347.06,99
2026-10-06T11:52:11.466239+00:00,btc-updown-5m-1791287400,5,5321441,67887640780206469998866805000981400173349420046258764241796427338771854371066,2026-10-06T11:50:00+00:00,2026-10-06T11:55:00+00:00,2.82,0.58,0.59,0.585,0.01,1501.86,179.59,99
2026-10-06T11:52:11.466239+00:00,btc-updown-5m-1791287700,5,5321561,913764012284219587464422820484115959773595784530901385013643921610356191144,2026-10-06T11:55:00+00:00,2026-10-06T12:00:00+00:00,7.82,0.49,0.5,0.495,0.01,487.03,120.0,99
2026-10-06T11:52:11.466239+00:00,btc-updown-15m-1791287100,15,5321419,110136219701368663213286089085262653649218943472792211535996534125756141541952,2026-10-06T11:45:00+00:00,2026-10-06T12:00:00+00:00,7.82,0.62,0.63,0.625,0.01,66.0,325.62,99
2026-10-06T11:52:11.466239+00:00,btc-updown-15m-1791288000,15,5322211,97841694754842120390608192358893287694865643721278911803826949243506063123800,2026-10-06T12:00:00+00:00,2026-10-06T12:15:00+00:00,22.82,0.48,0.49,0.485,0.01,293.05,447.06,99
2026-10-06T11:53:12.654301+00:00,btc-updown-5m-1791287400,5,5321441,67887640780206469998866805000981400173349420046258764241796427338771854371066,2026-10-06T11:50:00+00:00,2026-10-06T11:55:00+00:00,1.8,0.69,0.7,0.695,0.01,1662.08,40.0,99
2026-10-06T11:53:12.654301+00:00,btc-updown-5m-1791287700,5,5321561,913764012284219587464422820484115959773595784530901385013643921610356191144,2026-10-06T11:55:00+00:00,2026-10-06T12:00:00+00:00,6.8,0.49,0.5,0.495,0.01,285.0,143.12,99
2026-10-06T11:53:12.654301+00:00,btc-updown-15m-1791287100,15,5321419,110136219701368663213286089085262653649218943472792211535996534125756141541952,2026-10-06T11:45:00+00:00,2026-10-06T12:00:00+00:00,6.8,0.65,0.66,0.655,0.01,373.81,130.0,97
2026-10-06T11:53:12.654301+00:00,btc-updown-15m-1791288000,15,5322211,97841694754842120390608192358893287694865643721278911803826949243506063123800,2026-10-06T12:00:00+00:00,2026-10-06T12:15:00+00:00,21.8,0.48,0.49,0.485,0.01,293.05,368.63,99
2026-10-06T11:54:13.814572+00:00,btc-updown-5m-1791287400,5,5321441,67887640780206469998866805000981400173349420046258764241796427338771854371066,2026-10-06T11:50:00+00:00,2026-10-06T11:55:00+00:00,0.78,0.02,0.03,0.025,0.01,566.9,1198.66,94
2026-10-06T11:54:13.814572+00:00,btc-updown-5m-1791287700,5,5321561,913764012284219587464422820484115959773595784530901385013643921610356191144,2026-10-06T11:55:00+00:00,2026-10-06T12:00:00+00:00,5.78,0.45,0.46,0.455,0.01,442.28,80.0,99
2026-10-06T11:54:13.814572+00:00,btc-updown-15m-1791287100,15,5321419,110136219701368663213286089085262653649218943472792211535996534125756141541952,2026-10-06T11:45:00+00:00,2026-10-06T12:00:00+00:00,5.78,0.39,0.4,0.395,0.01,352.49,270.99,97
2026-10-06T11:54:13.814572+00:00,btc-updown-15m-1791288000,15,5322211,97841694754842120390608192358893287694865643721278911803826949243506063123800,2026-10-06T12:00:00+00:00,2026-10-06T12:15:00+00:00,20.78,0.48,0.49,0.485,0.01,235.0,385.69,99
2026-10-06T11:55:14.965987+00:00,btc-updown-5m-1791287700,5,5321561,913764012284219587464422820484115959773595784530901385013643921610356191144,2026-10-06T11:55:00+00:00,2026-10-06T12:00:00+00:00,4.77,0.37,0.38,0.375,0.01,173.0,1321.22,99
2026-10-06T11:55:14.965987+00:00,btc-updown-5m-1791288000,5,5322201,96934818024960681838928292074522221300986631098431229496408840651041869287257,2026-10-06T12:00:00+00:00,2026-10-06T12:05:00+00:00,9.77,0.5,0.51,0.505,0.01,73.35,534.24,99
2026-10-06T11:55:14.965987+00:00,btc-updown-15m-1791287100,15,5321419,110136219701368663213286089085262653649218943472792211535996534125756141541952,2026-10-06T11:45:00+00:00,2026-10-06T12:00:00+00:00,4.77,0.28,0.29,0.285,0.01,1281.7,35.0,99
2026-10-06T11:55:14.965987+00:00,btc-updown-15m-1791288000,15,5322211,97841694754842120390608192358893287694865643721278911803826949243506063123800,2026-10-06T12:00:00+00:00,2026-10-06T12:15:00+00:00,19.77,0.48,0.49,0.485,0.01,235.0,177.06,99
2026-10-06T11:56:16.138471+00:00,btc-updown-5m-1791287700,5,5321561,913764012284219587464422820484115959773595784530901385013643921610356191144,2026-10-06T11:55:00+00:00,2026-10-06T12:00:00+00:00,3.73,0.44,0.46,0.45,0.02,80.0,108.0,98
2026-10-06T11:56:16.138471+00:00,btc-updown-5m-1791288000,5,5322201,96934818024960681838928292074522221300986631098431229496408840651041869287257,2026-10-06T12:00:00+00:00,2026-10-06T12:05:00+00:00,8.73,0.5,0.51,0.505,0.01,81.35,854.24,99
2026-10-06T11:56:16.138471+00:00,btc-updown-15m-1791287100,15,5321419,110136219701368663213286089085262653649218943472792211535996534125756141541952,2026-10-06T11:45:00+00:00,2026-10-06T12:00:00+00:00,3.73,0.35,0.36,0.355,0.01,140.87,675.23,98
2026-10-06T11:56:16.138471+00:00,btc-updown-15m-1791288000,15,5322211,97841694754842120390608192358893287694865643721278911803826949243506063123800,2026-10-06T12:00:00+00:00,2026-10-06T12:15:00+00:00,18.73,0.48,0.49,0.485,0.01,235.0,327.06,99
2026-10-06T11:57:17.310337+00:00,btc-updown-5m-1791287700,5,5321561,913764012284219587464422820484115959773595784530901385013643921610356191144,2026-10-06T11:55:00+00:00,2026-10-06T12:00:00+00:00,2.72,0.09,0.1,0.095,0.01,1021.47,2200.42,99
2026-10-06T11:57:17.310337+00:00,btc-updown-5m-1791288000,5,5322201,96934818024960681838928292074522221300986631098431229496408840651041869287257,2026-10-06T12:00:00+00:00,2026-10-06T12:05:00+00:00,7.72,0.5,0.51,0.505,0.01,259.96,512.16,99
2026-10-06T11:57:17.310337+00:00,btc-updown-15m-1791287100,15,5321419,110136219701368663213286089085262653649218943472792211535996534125756141541952,2026-10-06T11:45:00+00:00,2026-10-06T12:00:00+00:00,2.72,0.07,0.08,0.075,0.01,342.73,459.2,90
2026-10-06T11:57:17.310337+00:00,btc-updown-15m-1791288000,15,5322211,97841694754842120390608192358893287694865643721278911803826949243506063123800,2026-10-06T12:00:00+00:00,2026-10-06T12:15:00+00:00,17.72,0.48,0.49,0.485,0.01,372.0,327.06,99
2026-10-06T11:58:18.457274+00:00,btc-updown-5m-1791287700,5,5321561,913764012284219587464422820484115959773595784530901385013643921610356191144,2026-10-06T11:55:00+00:00,2026-10-06T12:00:00+00:00,1.7,0.08,0.09,0.085,0.01,111.91,625.82,99
2026-10-06T11:58:18.457274+00:00,btc-updown-5m-1791288000,5,5322201,96934818024960681838928292074522221300986631098431229496408840651041869287257,2026-10-06T12:00:00+00:00,2026-10-06T12:05:00+00:00,6.7,0.5,0.51,0.505,0.01,139.96,340.0,99
2026-10-06T11:58:18.457274+00:00,btc-updown-15m-1791287100,15,5321419,110136219701368663213286089085262653649218943472792211535996534125756141541952,2026-10-06T11:45:00+00:00,2026-10-06T12:00:00+00:00,1.7,0.04,0.05,0.045,0.01,71.0,411.29,93
2026-10-06T11:58:18.457274+00:00,btc-updown-15m-1791288000,15,5322211,97841694754842120390608192358893287694865643721278911803826949243506063123800,2026-10-06T12:00:00+00:00,2026-10-06T12:15:00+00:00,16.7,0.48,0.49,0.485,0.01,235.0,54.59,99
2026-10-06T11:59:19.603773+00:00,btc-updown-5m-1791288000,5,5322201,96934818024960681838928292074522221300986631098431229496408840651041869287257,2026-10-06T12:00:00+00:00,2026-10-06T12:05:00+00:00,5.68,0.5,0.51,0.505,0.01,26.0,129.53,99
2026-10-06T11:59:19.603773+00:00,btc-updown-15m-1791288000,15,5322211,97841694754842120390608192358893287694865643721278911803826949243506063123800,2026-10-06T12:00:00+00:00,2026-10-06T12:15:00+00:00,15.68,0.48,0.49,0.485,0.01,172.0,194.41,87
2026-10-06T12:00:20.558486+00:00,btc-updown-5m-1791288000,5,5322201,96934818024960681838928292074522221300986631098431229496408840651041869287257,2026-10-06T12:00:00+00:00,2026-10-06T12:05:00+00:00,4.67,0.7,0.71,0.705,0.01,766.02,46.45,99
2026-10-06T12:00:20.558486+00:00,btc-updown-5m-1791288300,5,5322876,103466890297622395976312719607842701057900260719656920458092220151921744269748,2026-10-06T12:05:00+00:00,2026-10-06T12:10:00+00:00,9.67,0.49,0.5,0.495,0.01,202.0,45.0,99
2026-10-06T12:00:20.558486+00:00,btc-updown-15m-1791288000,15,5322211,97841694754842120390608192358893287694865643721278911803826949243506063123800,2026-10-06T12:00:00+00:00,2026-10-06T12:15:00+00:00,14.67,0.62,0.63,0.625,0.01,238.0,244.41,99
2026-10-06T12:00:20.558486+00:00,btc-updown-15m-1791288900,15,5323802,111233554131973883733712464981975023604859965204881149494327989383501627033782,2026-10-06T12:15:00+00:00,2026-10-06T12:30:00+00:00,29.67,0.5,0.51,0.505,0.01,25.0,391.43,99
2026-10-06T12:01:21.744532+00:00,btc-updown-5m-1791288000,5,5322201,96934818024960681838928292074522221300986631098431229496408840651041869287257,2026-10-06T12:00:00+00:00,2026-10-06T12:05:00+00:00,3.65,0.5,0.52,0.51,0.02,3.8,7.17,96
2026-10-06T12:01:21.744532+00:00,btc-updown-5m-1791288300,5,5322876,103466890297622395976312719607842701057900260719656920458092220151921744269748,2026-10-06T12:05:00+00:00,2026-10-06T12:10:00+00:00,8.65,0.49,0.5,0.495,0.01,815.0,45.0,99
2026-10-06T12:01:21.744532+00:00,btc-updown-15m-1791288000,15,5322211,97841694754842120390608192358893287694865643721278911803826949243506063123800,2026-10-06T12:00:00+00:00,2026-10-06T12:15:00+00:00,13.65,0.51,0.52,0.515,0.01,494.0,10.0,98
2026-10-06T12:01:21.744532+00:00,btc-updown-15m-1791288900,15,5323802,111233554131973883733712464981975023604859965204881149494327989383501627033782,2026-10-06T12:15:00+00:00,2026-10-06T12:30:00+00:00,28.65,0.5,0.51,0.505,0.01,25.0,819.49,99
2026-10-06T12:02:22.934602+00:00,btc-updown-5m-1791288000,5,5322201,96934818024960681838928292074522221300986631098431229496408840651041869287257,2026-10-06T12:00:00+00:00,2026-10-06T12:05:00+00:00,2.63,0.82,0.83,0.825,0.01,969.96,53.89,99
2026-10-06T12:02:22.934602+00:00,btc-updown-5m-1791288300,5,5322876,103466890297622395976312719607842701057900260719656920458092220151921744269748,2026-10-06T12:05:00+00:00,2026-10-06T12:10:00+00:00,7.63,0.5,0.51,0.505,0.01,67.0,491.41,99
2026-10-06T12:02:22.934602+00:00,btc-updown-15m-1791288000,15,5322211,97841694754842120390608192358893287694865643721278911803826949243506063123800,2026-10-06T12:00:00+00:00,2026-10-06T12:15:00+00:00,12.63,0.61,0.62,0.615,0.01,3359.3,130.12,97
2026-10-06T12:02:22.934602+00:00,btc-updown-15m-1791288900,15,5323802,111233554131973883733712464981975023604859965204881149494327989383501627033782,2026-10-06T12:15:00+00:00,2026-10-06T12:30:00+00:00,27.63,0.5,0.51,0.505,0.01,25.0,1029.49,99
2026-10-06T12:03:24.330981+00:00,btc-updown-5m-1791288000,5,5322201,96934818024960681838928292074522221300986631098431229496408840651041869287257,2026-10-06T12:00:00+00:00,2026-10-06T12:05:00+00:00,1.6,0.95,0.96,0.955,0.01,387.57,416.5,99
2026-10-06T12:03:24.330981+00:00,btc-updown-5m-1791288300,5,5322876,103466890297622395976312719607842701057900260719656920458092220151921744269748,2026-10-06T12:05:00+00:00,2026-10-06T12:10:00+00:00,6.6,0.5,0.51,0.505,0.01,30.0,516.41,99
2026-10-06T12:03:24.330981+00:00,btc-updown-15m-1791288000,15,5322211,97841694754842120390608192358893287694865643721278911803826949243506063123800,2026-10-06T12:00:00+00:00,2026-10-06T12:15:00+00:00,11.6,0.65,0.66,0.655,0.01,243.0,1420.33,93
2026-10-06T12:03:24.330981+00:00,btc-updown-15m-1791288900,15,5323802,111233554131973883733712464981975023604859965204881149494327989383501627033782,2026-10-06T12:15:00+00:00,2026-10-06T12:30:00+00:00,26.6,0.5,0.51,0.505,0.01,25.0,1029.49,99
2026-10-06T12:04:25.518581+00:00,btc-updown-5m-1791288300,5,5322876,103466890297622395976312719607842701057900260719656920458092220151921744269748,2026-10-06T12:05:00+00:00,2026-10-06T12:10:00+00:00,5.58,0.51,0.52,0.515,0.01,98.16,323.1,99
2026-10-06T12:04:25.518581+00:00,btc-updown-15m-1791288000,15,5322211,97841694754842120390608192358893287694865643721278911803826949243506063123800,2026-10-06T12:00:00+00:00,2026-10-06T12:15:00+00:00,10.58,0.65,0.66,0.655,0.01,1929.04,20.46,96
2026-10-06T12:04:25.518581+00:00,btc-updown-15m-1791288900,15,5323802,111233554131973883733712464981975023604859965204881149494327989383501627033782,2026-10-06T12:15:00+00:00,2026-10-06T12:30:00+00:00,25.58,0.5,0.51,0.505,0.01,25.0,1029.49,99
2026-10-06T12:05:26.605456+00:00,btc-updown-5m-1791288300,5,5322876,103466890297622395976312719607842701057900260719656920458092220151921744269748,2026-10-06T12:05:00+00:00,2026-10-06T12:10:00+00:00,4.57,0.37,0.38,0.375,0.01,1352.0,42.36,99
2026-10-06T12:05:26.605456+00:00,btc-updown-5m-1791288600,5,5323426,53226090746929501916703584181194494246872211598525306654524671501479802674938,2026-10-06T12:10:00+00:00,2026-10-06T12:15:00+00:00,9.57,0.5,0.51,0.505,0.01,58.69,721.15,99
2026-10-06T12:05:26.605456+00:00,btc-updown-15m-1791288000,15,5322211,97841694754842120390608192358893287694865643721278911803826949243506063123800,2026-10-06T12:00:00+00:00,2026-10-06T12:15:00+00:00,9.57,0.59,0.6,0.595,0.01,706.54,35.0,96
2026-10-06T12:05:26.605456+00:00,btc-updown-15m-1791288900,15,5323802,111233554131973883733712464981975023604859965204881149494327989383501627033782,2026-10-06T12:15:00+00:00,2026-10-06T12:30:00+00:00,24.57,0.5,0.51,0.505,0.01,30.0,874.49,99
2026-10-06T12:06:27.783695+00:00,btc-updown-5m-1791288300,5,5322876,103466890297622395976312719607842701057900260719656920458092220151921744269748,2026-10-06T12:05:00+00:00,2026-10-06T12:10:00+00:00,3.55,0.36,0.37,0.365,0.01,5.0,1765.04,99
2026-10-06T12:06:27.783695+00:00,btc-updown-5m-1791288600,5,5323426,53226090746929501916703584181194494246872211598525306654524671501479802674938,2026-10-06T12:10:00+00:00,2026-10-06T12:15:00+00:00,8.55,0.5,0.51,0.505,0.01,44.69,718.15,99
2026-10-06T12:06:27.783695+00:00,btc-updown-15m-1791288000,15,5322211,97841694754842120390608192358893287694865643721278911803826949243506063123800,2026-10-06T12:00:00+00:00,2026-10-06T12:15:00+00:00,8.55,0.59,0.6,0.595,0.01,20.0,398.0,99
2026-10-06T12:06:27.783695+00:00,btc-updown-15m-1791288900,15,5323802,111233554131973883733712464981975023604859965204881149494327989383501627033782,2026-10-06T12:15:00+00:00,2026-10-06T12:30:00+00:00,23.55,0.5,0.51,0.505,0.01,30.0,924.49,99
2026-10-06T12:07:28.948579+00:00,btc-updown-5m-1791288300,5,5322876,103466890297622395976312719607842701057900260719656920458092220151921744269748,2026-10-06T12:05:00+00:00,2026-10-06T12:10:00+00:00,2.53,0.43,0.44,0.435,0.01,1065.09,107.13,99
2026-10-06T12:07:28.948579+00:00,btc-updown-5m-1791288600,5,5323426,53226090746929501916703584181194494246872211598525306654524671501479802674938,2026-10-06T12:10:00+00:00,2026-10-06T12:15:00+00:00,7.53,0.5,0.51,0.505,0.01,39.69,708.15,99
2026-10-06T12:07:28.948579+00:00,btc-updown-15m-1791288000,15,5322211,97841694754842120390608192358893287694865643721278911803826949243506063123800,2026-10-06T12:00:00+00:00,2026-10-06T12:15:00+00:00,7.53,0.66,0.67,0.665,0.01,324.88,317.76,99
2026-10-06T12:07:28.948579+00:00,btc-updown-15m-1791288900,15,5323802,111233554131973883733712464981975023604859965204881149494327989383501627033782,2026-10-06T12:15:00+00:00,2026-10-06T12:30:00+00:00,22.53,0.5,0.51,0.505,0.01,30.0,824.49,99
2026-10-06T12:08:30.137916+00:00,btc-updown-5m-1791288300,5,5322876,103466890297622395976312719607842701057900260719656920458092220151921744269748,2026-10-06T12:05:00+00:00,2026-10-06T12:10:00+00:00,1.5,0.87,0.88,0.875,0.01,51.53,748.54,99
2026-10-06T12:08:30.137916+00:00,btc-updown-5m-1791288600,5,5323426,53226090746929501916703584181194494246872211598525306654524671501479802674938,2026-10-06T12:10:00+00:00,2026-10-06T12:15:00+00:00,6.5,0.5,0.51,0.505,0.01,39.69,834.15,99
2026-10-06T12:08:30.137916+00:00,btc-updown-15m-1791288000,15,5322211,97841694754842120390608192358893287694865643721278911803826949243506063123800,2026-10-06T12:00:00+00:00,2026-10-06T12:15:00+00:00,6.5,0.8,0.81,0.805,0.01,1754.16,754.0,99
2026-10-06T12:08:30.137916+00:00,btc-updown-15m-1791288900,15,5323802,111233554131973883733712464981975023604859965204881149494327989383501627033782,2026-10-06T12:15:00+00:00,2026-10-06T12:30:00+00:00,21.5,0.5,0.51,0.505,0.01,30.0,881.43,99
2026-10-06T12:09:31.305103+00:00,btc-updown-5m-1791288600,5,5323426,53226090746929501916703584181194494246872211598525306654524671501479802674938,2026-10-06T12:10:00+00:00,2026-10-06T12:15:00+00:00,5.48,0.46,0.47,0.465,0.01,318.37,25.0,99
2026-10-06T12:09:31.305103+00:00,btc-updown-15m-1791288000,15,5322211,97841694754842120390608192358893287694865643721278911803826949243506063123800,2026-10-06T12:00:00+00:00,2026-10-06T12:15:00+00:00,5.48,0.83,0.84,0.835,0.01,1392.98,65.37,99
2026-10-06T12:09:31.305103+00:00,btc-updown-15m-1791288900,15,5323802,111233554131973883733712464981975023604859965204881149494327989383501627033782,2026-10-06T12:15:00+00:00,2026-10-06T12:30:00+00:00,20.48,0.5,0.51,0.505,0.01,30.0,1084.49,99
2026-10-06T12:10:32.362862+00:00,btc-updown-5m-1791288600,5,5323426,53226090746929501916703584181194494246872211598525306654524671501479802674938,2026-10-06T12:10:00+00:00,2026-10-06T12:15:00+00:00,4.47,0.48,0.49,0.485,0.01,280.95,689.87,99
2026-10-06T12:10:32.362862+00:00,btc-updown-5m-1791288900,5,5323797,69716398358181111900075960038683873014779044972065965089040839666734529344773,2026-10-06T12:15:00+00:00,2026-10-06T12:20:00+00:00,9.47,0.5,0.51,0.505,0.01,100.32,897.62,99
2026-10-06T12:10:32.362862+00:00,btc-updown-15m-1791288000,15,5322211,97841694754842120390608192358893287694865643721278911803826949243506063123800,2026-10-06T12:00:00+00:00,2026-10-06T12:15:00+00:00,4.47,0.89,0.9,0.895,0.01,949.0,286.0,99
2026-10-06T12:10:32.362862+00:00,btc-updown-15m-1791288900,15,5323802,111233554131973883733712464981975023604859965204881149494327989383501627033782,2026-10-06T12:15:00+00:00,2026-10-06T12:30:00+00:00,19.47,0.5,0.51,0.505,0.01,25.0,1099.49,99
2026-10-06T12:11:33.534651+00:00,btc-updown-5m-1791288600,5,5323426,53226090746929501916703584181194494246872211598525306654524671501479802674938,2026-10-06T12:10:00+00:00,2026-10-06T12:15:00+00:00,3.45,0.31,0.32,0.315,0.01,308.4,517.46,99
2026-10-06T12:11:33.534651+00:00,btc-updown-5m-1791288900,5,5323797,69716398358181111900075960038683873014779044972065965089040839666734529344773,2026-10-06T12:15:00+00:00,2026-10-06T12:20:00+00:00,8.45,0.5,0.51,0.505,0.01,96.32,776.62,99
2026-10-06T12:11:33.534651+00:00,btc-updown-15m-1791288000,15,5322211,97841694754842120390608192358893287694865643721278911803826949243506063123800,2026-10-06T12:00:00+00:00,2026-10-06T12:15:00+00:00,3.45,0.88,0.89,0.885,0.01,442.04,166.1,94
2026-10-06T12:11:33.534651+00:00,btc-updown-15m-1791288900,15,5323802,111233554131973883733712464981975023604859965204881149494327989383501627033782,2026-10-06T12:15:00+00:00,2026-10-06T12:30:00+00:00,18.45,0.5,0.51,0.505,0.01,25.0,889.49,99
2026-10-06T12:12:34.701770+00:00,btc-updown-5m-1791288600,5,5323426,53226090746929501916703584181194494246872211598525306654524671501479802674938,2026-10-06T12:10:00+00:00,2026-10-06T12:15:00+00:00,2.43,0.55,0.56,0.555,0.01,157.0,778.0,99
2026-10-06T12:12:34.701770+00:00,btc-updown-5m-1791288900,5,5323797,69716398358181111900075960038683873014779044972065965089040839666734529344773,2026-10-06T12:15:00+00:00,2026-10-06T12:20:00+00:00,7.43,0.5,0.51,0.505,0.01,86.32,751.62,99
2026-10-06T12:12:34.701770+00:00,btc-updown-15m-1791288000,15,5322211,97841694754842120390608192358893287694865643721278911803826949243506063123800,2026-10-06T12:00:00+00:00,2026-10-06T12:15:00+00:00,2.43,0.97,0.98,0.975,0.01,519.42,58.56,91
2026-10-06T12:12:34.701770+00:00,btc-updown-15m-1791288900,15,5323802,111233554131973883733712464981975023604859965204881149494327989383501627033782,2026-10-06T12:15:00+00:00,2026-10-06T12:30:00+00:00,17.43,0.5,0.51,0.505,0.01,25.0,939.49,99
2026-10-06T12:13:35.873241+00:00,btc-updown-5m-1791288900,5,5323797,69716398358181111900075960038683873014779044972065965089040839666734529344773,2026-10-06T12:15:00+00:00,2026-10-06T12:20:00+00:00,6.42,0.5,0.51,0.505,0.01,54.23,538.97,99
2026-10-06T12:13:35.873241+00:00,btc-updown-15m-1791288000,15,5322211,97841694754842120390608192358893287694865643721278911803826949243506063123800,2026-10-06T12:00:00+00:00,2026-10-06T12:15:00+00:00,1.42,0.789,0.79,0.7895,0.001,13.37,5.54,107
2026-10-06T12:13:35.873241+00:00,btc-updown-15m-1791288900,15,5323802,111233554131973883733712464981975023604859965204881149494327989383501627033782,2026-10-06T12:15:00+00:00,2026-10-06T12:30:00+00:00,16.42,0.5,0.51,0.505,0.01,17.0,819.49,99
2026-10-06T12:14:36.942851+00:00,btc-updown-5m-1791288900,5,5323797,69716398358181111900075960038683873014779044972065965089040839666734529344773,2026-10-06T12:15:00+00:00,2026-10-06T12:20:00+00:00,5.4,0.57,0.58,0.575,0.01,71.0,424.98,99
2026-10-06T12:14:36.942851+00:00,btc-updown-15m-1791288900,15,5323802,111233554131973883733712464981975023604859965204881149494327989383501627033782,2026-10-06T12:15:00+00:00,2026-10-06T12:30:00+00:00,15.4,0.51,0.52,0.515,0.01,67.08,188.69,87
2026-10-06T12:15:37.906514+00:00,btc-updown-5m-1791288900,5,5323797,69716398358181111900075960038683873014779044972065965089040839666734529344773,2026-10-06T12:15:00+00:00,2026-10-06T12:20:00+00:00,4.38,0.48,0.49,0.485,0.01,115.0,1518.73,99
2026-10-06T12:15:37.906514+00:00,btc-updown-5m-1791289200,5,5323814,65830636969857798094833962782511387490237166745693754336806798234094854888893,2026-10-06T12:20:00+00:00,2026-10-06T12:25:00+00:00,9.38,0.48,0.49,0.485,0.01,300.11,154.6,99
2026-10-06T12:15:37.906514+00:00,btc-updown-15m-1791288900,15,5323802,111233554131973883733712464981975023604859965204881149494327989383501627033782,2026-10-06T12:15:00+00:00,2026-10-06T12:30:00+00:00,14.38,0.47,0.48,0.475,0.01,1305.54,180.49,99
2026-10-06T12:15:37.906514+00:00,btc-updown-15m-1791289800,15,5324150,68813366784216976206341832470941199152605257495390774371536487965996807649682,2026-10-06T12:30:00+00:00,2026-10-06T12:45:00+00:00,29.38,0.48,0.49,0.485,0.01,325.18,50.0,99
2026-10-06T12:16:39.080638+00:00,btc-updown-5m-1791288900,5,5323797,69716398358181111900075960038683873014779044972065965089040839666734529344773,2026-10-06T12:15:00+00:00,2026-10-06T12:20:00+00:00,3.35,0.25,0.26,0.255,0.01,1.46,600.35,99
2026-10-06T12:16:39.080638+00:00,btc-updown-5m-1791289200,5,5323814,65830636969857798094833962782511387490237166745693754336806798234094854888893,2026-10-06T12:20:00+00:00,2026-10-06T12:25:00+00:00,8.35,0.48,0.49,0.485,0.01,322.81,104.6,99
2026-10-06T12:16:39.080638+00:00,btc-updown-15m-1791288900,15,5323802,111233554131973883733712464981975023604859965204881149494327989383501627033782,2026-10-06T12:15:00+00:00,2026-10-06T12:30:00+00:00,13.35,0.36,0.37,0.365,0.01,1255.53,291.88,99
2026-10-06T12:16:39.080638+00:00,btc-updown-15m-1791289800,15,5324150,68813366784216976206341832470941199152605257495390774371536487965996807649682,2026-10-06T12:30:00+00:00,2026-10-06T12:45:00+00:00,28.35,0.48,0.49,0.485,0.01,317.92,50.0,99
2026-10-06T12:17:40.273274+00:00,btc-updown-5m-1791288900,5,5323797,69716398358181111900075960038683873014779044972065965089040839666734529344773,2026-10-06T12:15:00+00:00,2026-10-06T12:20:00+00:00,2.33,0.03,0.04,0.035,0.01,333.24,671.29,99
2026-10-06T12:17:40.273274+00:00,btc-updown-5m-1791289200,5,5323814,65830636969857798094833962782511387490237166745693754336806798234094854888893,2026-10-06T12:20:00+00:00,2026-10-06T12:25:00+00:00,7.33,0.48,0.49,0.485,0.01,479.81,94.39,99
2026-10-06T12:17:40.273274+00:00,btc-updown-15m-1791288900,15,5323802,111233554131973883733712464981975023604859965204881149494327989383501627033782,2026-10-06T12:15:00+00:00,2026-10-06T12:30:00+00:00,12.33,0.22,0.23,0.225,0.01,1287.88,408.43,99
2026-10-06T12:17:40.273274+00:00,btc-updown-15m-1791289800,15,5324150,68813366784216976206341832470941199152605257495390774371536487965996807649682,2026-10-06T12:30:00+00:00,2026-10-06T12:45:00+00:00,27.33,0.48,0.49,0.485,0.01,332.92,25.0,99
2026-10-06T12:18:41.431536+00:00,btc-updown-5m-1791289200,5,5323814,65830636969857798094833962782511387490237166745693754336806798234094854888893,2026-10-06T12:20:00+00:00,2026-10-06T12:25:00+00:00,6.32,0.5,0.51,0.505,0.01,40.0,20.0,99
2026-10-06T12:18:41.431536+00:00,btc-updown-15m-1791288900,15,5323802,111233554131973883733712464981975023604859965204881149494327989383501627033782,2026-10-06T12:15:00+00:00,2026-10-06T12:30:00+00:00,11.32,0.19,0.2,0.195,0.01,884.73,497.08,99
2026-10-06T12:18:41.431536+00:00,btc-updown-15m-1791289800,15,5324150,68813366784216976206341832470941199152605257495390774371536487965996807649682,2026-10-06T12:30:00+00:00,2026-10-06T12:45:00+00:00,26.32,0.48,0.49,0.485,0.01,437.92,25.0,99
2026-10-06T12:19:42.522942+00:00,btc-updown-5m-1791289200,5,5323814,65830636969857798094833962782511387490237166745693754336806798234094854888893,2026-10-06T12:20:00+00:00,2026-10-06T12:25:00+00:00,5.3,0.49,0.5,0.495,0.01,426.98,55.0,99
2026-10-06T12:19:42.522942+00:00,btc-updown-15m-1791288900,15,5323802,111233554131973883733712464981975023604859965204881149494327989383501627033782,2026-10-06T12:15:00+00:00,2026-10-06T12:30:00+00:00,10.3,0.13,0.14,0.135,0.01,229.24,396.28,99
2026-10-06T12:19:42.522942+00:00,btc-updown-15m-1791289800,15,5324150,68813366784216976206341832470941199152605257495390774371536487965996807649682,2026-10-06T12:30:00+00:00,2026-10-06T12:45:00+00:00,25.3,0.48,0.49,0.485,0.01,622.92,25.0,99
2026-10-06T12:20:43.608563+00:00,btc-updown-5m-1791289200,5,5323814,65830636969857798094833962782511387490237166745693754336806798234094854888893,2026-10-06T12:20:00+00:00,2026-10-06T12:25:00+00:00,4.28,0.79,0.8,0.795,0.01,2205.69,128.75,99
2026-10-06T12:20:43.608563+00:00,btc-updown-5m-1791289500,5,5324118,19944298403276199244699703909899501113676637155982729525714128619319749914630,2026-10-06T12:25:00+00:00,2026-10-06T12:30:00+00:00,9.28,0.5,0.51,0.505,0.01,51.37,721.6,99
2026-10-06T12:20:43.608563+00:00,btc-updown-15m-1791288900,15,5323802,111233554131973883733712464981975023604859965204881149494327989383501627033782,2026-10-06T12:15:00+00:00,2026-10-06T12:30:00+00:00,9.28,0.23,0.24,0.235,0.01,599.49,36.66,99
2026-10-06T12:20:43.608563+00:00,btc-updown-15m-1791289800,15,5324150,68813366784216976206341832470941199152605257495390774371536487965996807649682,2026-10-06T12:30:00+00:00,2026-10-06T12:45:00+00:00,24.28,0.48,0.49,0.485,0.01,454.17,80.0,99
2026-10-06T12:21:44.832060+00:00,btc-updown-5m-1791289200,5,5323814,65830636969857798094833962782511387490237166745693754336806798234094854888893,2026-10-06T12:20:00+00:00,2026-10-06T12:25:00+00:00,3.27,0.64,0.65,0.645,0.01,158.19,536.26,99
2026-10-06T12:21:44.832060+00:00,btc-updown-5m-1791289500,5,5324118,19944298403276199244699703909899501113676637155982729525714128619319749914630,2026-10-06T12:25:00+00:00,2026-10-06T12:30:00+00:00,8.27,0.5,0.51,0.505,0.01,79.18,663.26,99
2026-10-06T12:21:44.832060+00:00,btc-updown-15m-1791288900,15,5323802,111233554131973883733712464981975023604859965204881149494327989383501627033782,2026-10-06T12:15:00+00:00,2026-10-06T12:30:00+00:00,8.27,0.14,0.15,0.145,0.01,299.52,1461.38,99
2026-10-06T12:21:44.832060+00:00,btc-updown-15m-1791289800,15,5324150,68813366784216976206341832470941199152605257495390774371536487965996807649682,2026-10-06T12:30:00+00:00,2026-10-06T12:45:00+00:00,23.27,0.48,0.49,0.485,0.01,417.92,27.75,99
2026-10-06T12:22:46.001826+00:00,btc-updown-5m-1791289200,5,5323814,65830636969857798094833962782511387490237166745693754336806798234094854888893,2026-10-06T12:20:00+00:00,2026-10-06T12:25:00+00:00,2.23,0.35,0.36,0.355,0.01,291.28,624.28,99
2026-10-06T12:22:46.001826+00:00,btc-updown-5m-1791289500,5,5324118,19944298403276199244699703909899501113676637155982729525714128619319749914630,2026-10-06T12:25:00+00:00,2026-10-06T12:30:00+00:00,7.23,0.5,0.51,0.505,0.01,224.18,673.26,99
2026-10-06T12:22:46.001826+00:00,btc-updown-15m-1791288900,15,5323802,111233554131973883733712464981975023604859965204881149494327989383501627033782,2026-10-06T12:15:00+00:00,2026-10-06T12:30:00+00:00,7.23,0.06,0.07,0.065,0.01,357.0,302.75,99
2026-10-06T12:22:46.001826+00:00,btc-updown-15m-1791289800,15,5324150,68813366784216976206341832470941199152605257495390774371536487965996807649682,2026-10-06T12:30:00+00:00,2026-10-06T12:45:00+00:00,22.23,0.48,0.49,0.485,0.01,774.92,27.75,99
2026-10-06T12:23:47.158347+00:00,btc-updown-5m-1791289200,5,5323814,65830636969857798094833962782511387490237166745693754336806798234094854888893,2026-10-06T12:20:00+00:00,2026-10-06T12:25:00+00:00,1.22,0.84,0.85,0.845,0.01,351.83,229.19,99
2026-10-06T12:23:47.158347+00:00,btc-updown-5m-1791289500,5,5324118,19944298403276199244699703909899501113676637155982729525714128619319749914630,2026-10-06T12:25:00+00:00,2026-10-06T12:30:00+00:00,6.22,0.5,0.51,0.505,0.01,82.18,599.23,99
2026-10-06T12:23:47.158347+00:00,btc-updown-15m-1791288900,15,5323802,111233554131973883733712464981975023604859965204881149494327989383501627033782,2026-10-06T12:15:00+00:00,2026-10-06T12:30:00+00:00,6.22,0.07,0.08,0.075,0.01,375.99,249.72,99
2026-10-06T12:23:47.158347+00:00,btc-updown-15m-1791289800,15,5324150,68813366784216976206341832470941199152605257495390774371536487965996807649682,2026-10-06T12:30:00+00:00,2026-10-06T12:45:00+00:00,21.22,0.48,0.49,0.485,0.01,452.92,27.75,99
2026-10-06T12:24:48.347099+00:00,btc-updown-5m-1791289500,5,5324118,19944298403276199244699703909899501113676637155982729525714128619319749914630,2026-10-06T12:25:00+00:00,2026-10-06T12:30:00+00:00,5.2,0.38,0.39,0.385,0.01,115.48,42.31,99
2026-10-06T12:24:48.347099+00:00,btc-updown-15m-1791288900,15,5323802,111233554131973883733712464981975023604859965204881149494327989383501627033782,2026-10-06T12:15:00+00:00,2026-10-06T12:30:00+00:00,5.2,0.03,0.04,0.035,0.01,43.0,776.96,99
2026-10-06T12:24:48.347099+00:00,btc-updown-15m-1791289800,15,5324150,68813366784216976206341832470941199152605257495390774371536487965996807649682,2026-10-06T12:30:00+00:00,2026-10-06T12:45:00+00:00,20.2,0.49,0.5,0.495,0.01,666.0,247.19,99
2026-10-06T12:25:49.474989+00:00,btc-updown-5m-1791289500,5,5324118,19944298403276199244699703909899501113676637155982729525714128619319749914630,2026-10-06T12:25:00+00:00,2026-10-06T12:30:00+00:00,4.18,0.11,0.12,0.115,0.01,782.01,535.92,99
2026-10-06T12:25:49.474989+00:00,btc-updown-5m-1791289800,5,5324152,27828063618260716523707123039373461395284900274596815676805208940419774048742,2026-10-06T12:30:00+00:00,2026-10-06T12:35:00+00:00,9.18,0.5,0.51,0.505,0.01,234.77,718.92,99
2026-10-06T12:25:49.474989+00:00,btc-updown-15m-1791288900,15,5323802,111233554131973883733712464981975023604859965204881149494327989383501627033782,2026-10-06T12:15:00+00:00,2026-10-06T12:30:00+00:00,4.18,0.003,0.009,0.006,0.006,25.0,56.0,127
2026-10-06T12:25:49.474989+00:00,btc-updown-15m-1791289800,15,5324150,68813366784216976206341832470941199152605257495390774371536487965996807649682,2026-10-06T12:30:00+00:00,2026-10-06T12:45:00+00:00,19.18,0.49,0.5,0.495,0.01,681.0,232.19,99
2026-10-06T12:26:50.659664+00:00,btc-updown-5m-1791289500,5,5324118,19944298403276199244699703909899501113676637155982729525714128619319749914630,2026-10-06T12:25:00+00:00,2026-10-06T12:30:00+00:00,3.17,0.09,0.1,0.095,0.01,283.0,771.01,99
2026-10-06T12:26:50.659664+00:00,btc-updown-5m-1791289800,5,5324152,27828063618260716523707123039373461395284900274596815676805208940419774048742,2026-10-06T12:30:00+00:00,2026-10-06T12:35:00+00:00,8.17,0.51,0.52,0.515,0.01,248.86,235.1,99
2026-10-06T12:26:50.659664+00:00,btc-updown-15m-1791288900,15,5323802,111233554131973883733712464981975023604859965204881149494327989383501627033782,2026-10-06T12:15:00+00:00,2026-10-06T12:30:00+00:00,3.17,0.001,0.004,0.0025,0.003,987.58,33.41,120
2026-10-06T12:26:50.659664+00:00,btc-updown-15m-1791289800,15,5324150,68813366784216976206341832470941199152605257495390774371536487965996807649682,2026-10-06T12:30:00+00:00,2026-10-06T12:45:00+00:00,18.17,0.49,0.5,0.495,0.01,706.0,232.19,99
2026-10-06T12:27:51.827163+00:00,btc-updown-5m-1791289500,5,5324118,19944298403276199244699703909899501113676637155982729525714128619319749914630,2026-10-06T12:25:00+00:00,2026-10-06T12:30:00+00:00,2.15,0.08,0.09,0.085,0.01,134.76,1480.96,99
2026-10-06T12:27:51.827163+00:00,btc-updown-5m-1791289800,5,5324152,27828063618260716523707123039373461395284900274596815676805208940419774048742,2026-10-06T12:30:00+00:00,2026-10-06T12:35:00+00:00,7.15,0.51,0.52,0.515,0.01,245.67,213.73,99
2026-10-06T12:27:51.827163+00:00,btc-updown-15m-1791289800,15,5324150,68813366784216976206341832470941199152605257495390774371536487965996807649682,2026-10-06T12:30:00+00:00,2026-10-06T12:45:00+00:00,17.15,0.49,0.5,0.495,0.01,481.43,227.19,99
2026-10-06T12:28:52.931267+00:00,btc-updown-5m-1791289800,5,5324152,27828063618260716523707123039373461395284900274596815676805208940419774048742,2026-10-06T12:30:00+00:00,2026-10-06T12:35:00+00:00,6.13,0.54,0.55,0.545,0.01,45.47,537.2,99
2026-10-06T12:28:52.931267+00:00,btc-updown-15m-1791289800,15,5324150,68813366784216976206341832470941199152605257495390774371536487965996807649682,2026-10-06T12:30:00+00:00,2026-10-06T12:45:00+00:00,16.13,0.49,0.5,0.495,0.01,740.49,222.19,99
2026-10-06T12:29:53.899616+00:00,btc-updown-5m-1791289800,5,5324152,27828063618260716523707123039373461395284900274596815676805208940419774048742,2026-10-06T12:30:00+00:00,2026-10-06T12:35:00+00:00,5.12,0.48,0.49,0.485,0.01,5.0,60.0,99
2026-10-06T12:29:53.899616+00:00,btc-updown-15m-1791289800,15,5324150,68813366784216976206341832470941199152605257495390774371536487965996807649682,2026-10-06T12:30:00+00:00,2026-10-06T12:45:00+00:00,15.12,0.45,0.46,0.455,0.01,120.0,10.0,87
2026-10-06T12:30:54.884642+00:00,btc-updown-5m-1791289800,5,5324152,27828063618260716523707123039373461395284900274596815676805208940419774048742,2026-10-06T12:30:00+00:00,2026-10-06T12:35:00+00:00,4.1,0.26,0.27,0.265,0.01,970.95,412.8,99
2026-10-06T12:30:54.884642+00:00,btc-updown-5m-1791290100,5,5324204,52362962232849803508686986798387764697542392490277981654997464656604005959791,2026-10-06T12:35:00+00:00,2026-10-06T12:40:00+00:00,9.1,0.5,0.51,0.505,0.01,223.11,620.32,99
2026-10-06T12:30:54.884642+00:00,btc-updown-15m-1791289800,15,5324150,68813366784216976206341832470941199152605257495390774371536487965996807649682,2026-10-06T12:30:00+00:00,2026-10-06T12:45:00+00:00,14.1,0.39,0.4,0.395,0.01,35.0,474.0,99
2026-10-06T12:30:54.884642+00:00,btc-updown-15m-1791290700,15,5324432,105071086698042540690886599827190341184452342506368578594223391606284834966367,2026-10-06T12:45:00+00:00,2026-10-06T13:00:00+00:00,29.1,0.49,0.5,0.495,0.01,804.49,205.0,99
2026-10-06T12:31:56.077275+00:00,btc-updown-5m-1791289800,5,5324152,27828063618260716523707123039373461395284900274596815676805208940419774048742,2026-10-06T12:30:00+00:00,2026-10-06T12:35:00+00:00,3.07,0.75,0.76,0.755,0.01,327.03,386.23,99
2026-10-06T12:31:56.077275+00:00,btc-updown-5m-1791290100,5,5324204,52362962232849803508686986798387764697542392490277981654997464656604005959791,2026-10-06T12:35:00+00:00,2026-10-06T12:40:00+00:00,8.07,0.5,0.51,0.505,0.01,83.11,635.32,99
2026-10-06T12:31:56.077275+00:00,btc-updown-15m-1791289800,15,5324150,68813366784216976206341832470941199152605257495390774371536487965996807649682,2026-10-06T12:30:00+00:00,2026-10-06T12:45:00+00:00,13.07,0.59,0.6,0.595,0.01,2338.64,6.75,99
2026-10-06T12:31:56.077275+00:00,btc-updown-15m-1791290700,15,5324432,105071086698042540690886599827190341184452342506368578594223391606284834966367,2026-10-06T12:45:00+00:00,2026-10-06T13:00:00+00:00,28.07,0.49,0.5,0.495,0.01,789.49,205.0,99
2026-10-06T12:32:57.235304+00:00,btc-updown-5m-1791289800,5,5324152,27828063618260716523707123039373461395284900274596815676805208940419774048742,2026-10-06T12:30:00+00:00,2026-10-06T12:35:00+00:00,2.05,0.86,0.87,0.865,0.01,1636.33,40.0,99
2026-10-06T12:32:57.235304+00:00,btc-updown-5m-1791290100,5,5324204,52362962232849803508686986798387764697542392490277981654997464656604005959791,2026-10-06T12:35:00+00:00,2026-10-06T12:40:00+00:00,7.05,0.5,0.51,0.505,0.01,127.72,621.59,99
2026-10-06T12:32:57.235304+00:00,btc-updown-15m-1791289800,15,5324150,68813366784216976206341832470941199152605257495390774371536487965996807649682,2026-10-06T12:30:00+00:00,2026-10-06T12:45:00+00:00,12.05,0.63,0.64,0.635,0.01,286.0,1488.0,99
2026-10-06T12:32:57.235304+00:00,btc-updown-15m-1791290700,15,5324432,105071086698042540690886599827190341184452342506368578594223391606284834966367,2026-10-06T12:45:00+00:00,2026-10-06T13:00:00+00:00,27.05,0.49,0.5,0.495,0.01,708.25,230.0,99
2026-10-06T12:33:58.419928+00:00,btc-updown-5m-1791289800,5,5324152,27828063618260716523707123039373461395284900274596815676805208940419774048742,2026-10-06T12:30:00+00:00,2026-10-06T12:35:00+00:00,1.03,0.35,0.36,0.355,0.01,451.55,909.01,94
2026-10-06T12:33:58.419928+00:00,btc-updown-5m-1791290100,5,5324204,52362962232849803508686986798387764697542392490277981654997464656604005959791,2026-10-06T12:35:00+00:00,2026-10-06T12:40:00+00:00,6.03,0.5,0.51,0.505,0.01,235.72,160.0,99
2026-10-06T12:33:58.419928+00:00,btc-updown-15m-1791289800,15,5324150,68813366784216976206341832470941199152605257495390774371536487965996807649682,2026-10-06T12:30:00+00:00,2026-10-06T12:45:00+00:00,11.03,0.49,0.5,0.495,0.01,545.1,53.0,99
2026-10-06T12:33:58.419928+00:00,btc-updown-15m-1791290700,15,5324432,105071086698042540690886599827190341184452342506368578594223391606284834966367,2026-10-06T12:45:00+00:00,2026-10-06T13:00:00+00:00,26.03,0.49,0.5,0.495,0.01,708.25,305.0,99
2026-10-06T12:34:59.599291+00:00,btc-updown-5m-1791290100,5,5324204,52362962232849803508686986798387764697542392490277981654997464656604005959791,2026-10-06T12:35:00+00:00,2026-10-06T12:40:00+00:00,5.02,0.6,0.61,0.605,0.01,347.39,222.37,99
2026-10-06T12:34:59.599291+00:00,btc-updown-15m-1791289800,15,5324150,68813366784216976206341832470941199152605257495390774371536487965996807649682,2026-10-06T12:30:00+00:00,2026-10-06T12:45:00+00:00,10.02,0.64,0.65,0.645,0.01,20.0,2183.7,99
2026-10-06T12:34:59.599291+00:00,btc-updown-15m-1791290700,15,5324432,105071086698042540690886599827190341184452342506368578594223391606284834966367,2026-10-06T12:45:00+00:00,2026-10-06T13:00:00+00:00,25.02,0.49,0.5,0.495,0.01,708.25,230.0,99
2026-10-06T12:36:00.686507+00:00,btc-updown-5m-1791290100,5,5324204,52362962232849803508686986798387764697542392490277981654997464656604005959791,2026-10-06T12:35:00+00:00,2026-10-06T12:40:00+00:00,4.0,0.74,0.75,0.745,0.01,931.43,364.09,99
2026-10-06T12:36:00.686507+00:00,btc-updown-5m-1791290400,5,5324417,81545974706227471930659462941127150288135404078724214932476258178841939598648,2026-10-06T12:40:00+00:00,2026-10-06T12:45:00+00:00,9.0,0.5,0.51,0.505,0.01,131.76,726.57,99
2026-10-06T12:36:00.686507+00:00,btc-updown-15m-1791289800,15,5324150,68813366784216976206341832470941199152605257495390774371536487965996807649682,2026-10-06T12:30:00+00:00,2026-10-06T12:45:00+00:00,9.0,0.69,0.7,0.695,0.01,411.54,233.0,99
2026-10-06T12:36:00.686507+00:00,btc-updown-15m-1791290700,15,5324432,105071086698042540690886599827190341184452342506368578594223391606284834966367,2026-10-06T12:45:00+00:00,2026-10-06T13:00:00+00:00,24.0,0.49,0.5,0.495,0.01,553.25,310.0,99
2026-10-06T12:37:01.881480+00:00,btc-updown-5m-1791290100,5,5324204,52362962232849803508686986798387764697542392490277981654997464656604005959791,2026-10-06T12:35:00+00:00,2026-10-06T12:40:00+00:00,2.98,0.6,0.61,0.605,0.01,2414.19,5.0,97
2026-10-06T12:37:01.881480+00:00,btc-updown-5m-1791290400,5,5324417,81545974706227471930659462941127150288135404078724214932476258178841939598648,2026-10-06T12:40:00+00:00,2026-10-06T12:45:00+00:00,7.98,0.5,0.51,0.505,0.01,131.56,590.57,99
2026-10-06T12:37:01.881480+00:00,btc-updown-15m-1791289800,15,5324150,68813366784216976206341832470941199152605257495390774371536487965996807649682,2026-10-06T12:30:00+00:00,2026-10-06T12:45:00+00:00,7.98,0.64,0.65,0.645,0.01,303.0,256.46,99
2026-10-06T12:37:01.881480+00:00,btc-updown-15m-1791290700,15,5324432,105071086698042540690886599827190341184452342506368578594223391606284834966367,2026-10-06T12:45:00+00:00,2026-10-06T13:00:00+00:00,22.98,0.49,0.5,0.495,0.01,713.25,235.0,99
2026-10-06T12:38:03.089246+00:00,btc-updown-5m-1791290100,5,5324204,52362962232849803508686986798387764697542392490277981654997464656604005959791,2026-10-06T12:35:00+00:00,2026-10-06T12:40:00+00:00,1.95,0.39,0.4,0.395,0.01,633.13,234.0,99
2026-10-06T12:38:03.089246+00:00,btc-updown-5m-1791290400,5,5324417,81545974706227471930659462941127150288135404078724214932476258178841939598648,2026-10-06T12:40:00+00:00,2026-10-06T12:45:00+00:00,6.95,0.5,0.51,0.505,0.01,111.56,585.57,99
2026-10-06T12:38:03.089246+00:00,btc-updown-15m-1791289800,15,5324150,68813366784216976206341832470941199152605257495390774371536487965996807649682,2026-10-06T12:30:00+00:00,2026-10-06T12:45:00+00:00,6.95,0.51,0.52,0.515,0.01,454.99,135.0,99
2026-10-06T12:38:03.089246+00:00,btc-updown-15m-1791290700,15,5324432,105071086698042540690886599827190341184452342506368578594223391606284834966367,2026-10-06T12:45:00+00:00,2026-10-06T13:00:00+00:00,21.95,0.49,0.5,0.495,0.01,784.68,210.0,99
2026-10-06T12:39:04.250625+00:00,btc-updown-5m-1791290100,5,5324204,52362962232849803508686986798387764697542392490277981654997464656604005959791,2026-10-06T12:35:00+00:00,2026-10-06T12:40:00+00:00,0.93,0.98,0.99,0.985,0.01,496.12,2016.4,95
2026-10-06T12:39:04.250625+00:00,btc-updown-5m-1791290400,5,5324417,81545974706227471930659462941127150288135404078724214932476258178841939598648,2026-10-06T12:40:00+00:00,2026-10-06T12:45:00+00:00,5.93,0.5,0.51,0.505,0.01,22.53,300.52,99
2026-10-06T12:39:04.250625+00:00,btc-updown-15m-1791289800,15,5324150,68813366784216976206341832470941199152605257495390774371536487965996807649682,2026-10-06T12:30:00+00:00,2026-10-06T12:45:00+00:00,5.93,0.74,0.75,0.745,0.01,233.0,167.76,99
2026-10-06T12:39:04.250625+00:00,btc-updown-15m-1791290700,15,5324432,105071086698042540690886599827190341184452342506368578594223391606284834966367,2026-10-06T12:45:00+00:00,2026-10-06T13:00:00+00:00,20.93,0.49,0.5,0.495,0.01,624.68,210.0,99
2026-10-06T12:40:05.423832+00:00,btc-updown-5m-1791290400,5,5324417,81545974706227471930659462941127150288135404078724214932476258178841939598648,2026-10-06T12:40:00+00:00,2026-10-06T12:45:00+00:00,4.92,0.81,0.82,0.815,0.01,104.73,1032.14,99
2026-10-06T12:40:05.423832+00:00,btc-updown-5m-1791290700,5,5324440,32462933880972617860772981233135368089439359761974810199851965425575861843985,2026-10-06T12:45:00+00:00,2026-10-06T12:50:00+00:00,9.92,0.5,0.51,0.505,0.01,122.69,617.87,99
2026-10-06T12:40:05.423832+00:00,btc-updown-15m-1791289800,15,5324150,68813366784216976206341832470941199152605257495390774371536487965996807649682,2026-10-06T12:30:00+00:00,2026-10-06T12:45:00+00:00,4.92,0.93,0.94,0.935,0.01,615.24,67.4,99
2026-10-06T12:40:05.423832+00:00,btc-updown-15m-1791290700,15,5324432,105071086698042540690886599827190341184452342506368578594223391606284834966367,2026-10-06T12:45:00+00:00,2026-10-06T13:00:00+00:00,19.92,0.49,0.5,0.495,0.01,519.68,275.0,99
2026-10-06T12:41:06.610719+00:00,btc-updown-5m-1791290400,5,5324417,81545974706227471930659462941127150288135404078724214932476258178841939598648,2026-10-06T12:40:00+00:00,2026-10-06T12:45:00+00:00,3.9,0.88,0.89,0.885,0.01,1958.03,5.0,99
2026-10-06T12:41:06.610719+00:00,btc-updown-5m-1791290700,5,5324440,32462933880972617860772981233135368089439359761974810199851965425575861843985,2026-10-06T12:45:00+00:00,2026-10-06T12:50:00+00:00,8.9,0.5,0.51,0.505,0.01,119.0,644.61,99
2026-10-06T12:41:06.610719+00:00,btc-updown-15m-1791289800,15,5324150,68813366784216976206341832470941199152605257495390774371536487965996807649682,2026-10-06T12:30:00+00:00,2026-10-06T12:45:00+00:00,3.9,0.96,0.97,0.965,0.01,2277.13,135.0,99
2026-10-06T12:41:06.610719+00:00,btc-updown-15m-1791290700,15,5324432,105071086698042540690886599827190341184452342506368578594223391606284834966367,2026-10-06T12:45:00+00:00,2026-10-06T13:00:00+00:00,18.9,0.49,0.5,0.495,0.01,448.25,350.0,99
2026-10-06T12:42:07.901980+00:00,btc-updown-5m-1791290400,5,5324417,81545974706227471930659462941127150288135404078724214932476258178841939598648,2026-10-06T12:40:00+00:00,2026-10-06T12:45:00+00:00,2.88,0.9,0.91,0.905,0.01,539.11,382.13,99
2026-10-06T12:42:07.901980+00:00,btc-updown-5m-1791290700,5,5324440,32462933880972617860772981233135368089439359761974810199851965425575861843985,2026-10-06T12:45:00+00:00,2026-10-06T12:50:00+00:00,7.88,0.5,0.51,0.505,0.01,117.0,637.64,99
2026-10-06T12:42:07.901980+00:00,btc-updown-15m-1791289800,15,5324150,68813366784216976206341832470941199152605257495390774371536487965996807649682,2026-10-06T12:30:00+00:00,2026-10-06T12:45:00+00:00,2.88,0.98,0.99,0.985,0.01,444.13,409.08,99
2026-10-06T12:42:07.901980+00:00,btc-updown-15m-1791290700,15,5324432,105071086698042540690886599827190341184452342506368578594223391606284834966367,2026-10-06T12:45:00+00:00,2026-10-06T13:00:00+00:00,17.88,0.49,0.5,0.495,0.01,295.19,300.0,99
2026-10-06T12:43:09.048234+00:00,btc-updown-5m-1791290400,5,5324417,81545974706227471930659462941127150288135404078724214932476258178841939598648,2026-10-06T12:40:00+00:00,2026-10-06T12:45:00+00:00,1.85,0.92,0.93,0.925,0.01,390.96,510.0,99
2026-10-06T12:43:09.048234+00:00,btc-updown-5m-1791290700,5,5324440,32462933880972617860772981233135368089439359761974810199851965425575861843985,2026-10-06T12:45:00+00:00,2026-10-06T12:50:00+00:00,6.85,0.5,0.51,0.505,0.01,28.8,616.46,99
2026-10-06T12:43:09.048234+00:00,btc-updown-15m-1791290700,15,5324432,105071086698042540690886599827190341184452342506368578594223391606284834966367,2026-10-06T12:45:00+00:00,2026-10-06T13:00:00+00:00,16.85,0.49,0.5,0.495,0.01,295.19,260.0,99
2026-10-06T12:44:10.102303+00:00,btc-updown-5m-1791290700,5,5324440,32462933880972617860772981233135368089439359761974810199851965425575861843985,2026-10-06T12:45:00+00:00,2026-10-06T12:50:00+00:00,5.83,0.49,0.5,0.495,0.01,165.0,56.19,99
2026-10-06T12:44:10.102303+00:00,btc-updown-15m-1791290700,15,5324432,105071086698042540690886599827190341184452342506368578594223391606284834966367,2026-10-06T12:45:00+00:00,2026-10-06T13:00:00+00:00,15.83,0.49,0.5,0.495,0.01,79.99,190.0,89
2026-10-06T12:45:11.068890+00:00,btc-updown-5m-1791290700,5,5324440,32462933880972617860772981233135368089439359761974810199851965425575861843985,2026-10-06T12:45:00+00:00,2026-10-06T12:50:00+00:00,4.82,0.54,0.55,0.545,0.01,188.0,5.0,99
2026-10-06T12:45:11.068890+00:00,btc-updown-5m-1791291000,5,5324505,23040415424050467547400675175227503198934018211111957280591014813765132501952,2026-10-06T12:50:00+00:00,2026-10-06T12:55:00+00:00,9.82,0.5,0.51,0.505,0.01,35.0,770.64,99
2026-10-06T12:45:11.068890+00:00,btc-updown-15m-1791290700,15,5324432,105071086698042540690886599827190341184452342506368578594223391606284834966367,2026-10-06T12:45:00+00:00,2026-10-06T13:00:00+00:00,14.82,0.51,0.52,0.515,0.01,171.0,372.49,99
2026-10-06T12:45:11.068890+00:00,btc-updown-15m-1791291600,15,5324535,55186261844076750696880657755792522158261484761155787140708609142983215679262,2026-10-06T13:00:00+00:00,2026-10-06T13:15:00+00:00,29.82,0.5,0.51,0.505,0.01,25.0,676.43,99
2026-10-06T12:46:12.296550+00:00,btc-updown-5m-1791290700,5,5324440,32462933880972617860772981233135368089439359761974810199851965425575861843985,2026-10-06T12:45:00+00:00,2026-10-06T12:50:00+00:00,3.8,0.4,0.41,0.405,0.01,228.0,1628.59,99
2026-10-06T12:46:12.296550+00:00,btc-updown-5m-1791291000,5,5324505,23040415424050467547400675175227503198934018211111957280591014813765132501952,2026-10-06T12:50:00+00:00,2026-10-06T12:55:00+00:00,8.8,0.5,0.51,0.505,0.01,50.0,730.03,99
2026-10-06T12:46:12.296550+00:00,btc-updown-15m-1791290700,15,5324432,105071086698042540690886599827190341184452342506368578594223391606284834966367,2026-10-06T12:45:00+00:00,2026-10-06T13:00:00+00:00,13.8,0.43,0.44,0.435,0.01,441.44,79.0,99
2026-10-06T12:46:12.296550+00:00,btc-updown-15m-1791291600,15,5324535,55186261844076750696880657755792522158261484761155787140708609142983215679262,2026-10-06T13:00:00+00:00,2026-10-06T13:15:00+00:00,28.8,0.5,0.51,0.505,0.01,70.0,546.43,99
2026-10-06T12:47:13.566502+00:00,btc-updown-5m-1791290700,5,5324440,32462933880972617860772981233135368089439359761974810199851965425575861843985,2026-10-06T12:45:00+00:00,2026-10-06T12:50:00+00:00,2.78,0.11,0.12,0.115,0.01,11.4,2008.37,99
2026-10-06T12:47:13.566502+00:00,btc-updown-5m-1791291000,5,5324505,23040415424050467547400675175227503198934018211111957280591014813765132501952,2026-10-06T12:50:00+00:00,2026-10-06T12:55:00+00:00,7.78,0.5,0.51,0.505,0.01,30.38,725.03,99
2026-10-06T12:47:13.566502+00:00,btc-updown-15m-1791290700,15,5324432,105071086698042540690886599827190341184452342506368578594223391606284834966367,2026-10-06T12:45:00+00:00,2026-10-06T13:00:00+00:00,12.78,0.31,0.32,0.315,0.01,1383.5,75.0,99
2026-10-06T12:47:13.566502+00:00,btc-updown-15m-1791291600,15,5324535,55186261844076750696880657755792522158261484761155787140708609142983215679262,2026-10-06T13:00:00+00:00,2026-10-06T13:15:00+00:00,27.78,0.5,0.51,0.505,0.01,70.0,275.0,99
2026-10-06T12:48:14.726147+00:00,btc-updown-5m-1791290700,5,5324440,32462933880972617860772981233135368089439359761974810199851965425575861843985,2026-10-06T12:45:00+00:00,2026-10-06T12:50:00+00:00,1.77,0.01,0.02,0.015,0.01,2614.18,1372.38,99
2026-10-06T12:48:14.726147+00:00,btc-updown-5m-1791291000,5,5324505,23040415424050467547400675175227503198934018211111957280591014813765132501952,2026-10-06T12:50:00+00:00,2026-10-06T12:55:00+00:00,6.77,0.5,0.51,0.505,0.01,40.0,250.0,99
2026-10-06T12:48:14.726147+00:00,btc-updown-15m-1791290700,15,5324432,105071086698042540690886599827190341184452342506368578594223391606284834966367,2026-10-06T12:45:00+00:00,2026-10-06T13:00:00+00:00,11.77,0.27,0.28,0.275,0.01,136.8,456.38,99
2026-10-06T12:48:14.726147+00:00,btc-updown-15m-1791291600,15,5324535,55186261844076750696880657755792522158261484761155787140708609142983215679262,2026-10-06T13:00:00+00:00,2026-10-06T13:15:00+00:00,26.77,0.5,0.51,0.505,0.01,70.0,295.0,99
2026-10-06T12:49:16.035549+00:00,btc-updown-5m-1791291000,5,5324505,23040415424050467547400675175227503198934018211111957280591014813765132501952,2026-10-06T12:50:00+00:00,2026-10-06T12:55:00+00:00,5.73,0.48,0.49,0.485,0.01,337.56,20.0,99
2026-10-06T12:49:16.035549+00:00,btc-updown-15m-1791290700,15,5324432,105071086698042540690886599827190341184452342506368578594223391606284834966367,2026-10-06T12:45:00+00:00,2026-10-06T13:00:00+00:00,10.73,0.18,0.19,0.185,0.01,48.64,657.67,99
2026-10-06T12:49:16.035549+00:00,btc-updown-15m-1791291600,15,5324535,55186261844076750696880657755792522158261484761155787140708609142983215679262,2026-10-06T13:00:00+00:00,2026-10-06T13:15:00+00:00,25.73,0.5,0.51,0.505,0.01,70.0,300.0,99
2026-10-06T12:50:17.141237+00:00,btc-updown-5m-1791291000,5,5324505,23040415424050467547400675175227503198934018211111957280591014813765132501952,2026-10-06T12:50:00+00:00,2026-10-06T12:55:00+00:00,4.72,0.74,0.75,0.745,0.01,25.01,1885.72,99
2026-10-06T12:50:17.141237+00:00,btc-updown-5m-1791291300,5,5324518,112498413195878961657091729967145642798167480851358962067965561952518708140884,2026-10-06T12:55:00+00:00,2026-10-06T13:00:00+00:00,9.72,0.5,0.51,0.505,0.01,98.75,630.41,99
2026-10-06T12:50:17.141237+00:00,btc-updown-15m-1791290700,15,5324432,105071086698042540690886599827190341184452342506368578594223391606284834966367,2026-10-06T12:45:00+00:00,2026-10-06T13:00:00+00:00,9.72,0.25,0.26,0.255,0.01,1235.59,1813.89,99
2026-10-06T12:50:17.141237+00:00,btc-updown-15m-1791291600,15,5324535,55186261844076750696880657755792522158261484761155787140708609142983215679262,2026-10-06T13:00:00+00:00,2026-10-06T13:15:00+00:00,24.72,0.5,0.51,0.505,0.01,122.0,294.11,99
2026-10-06T12:51:18.323816+00:00,btc-updown-5m-1791291000,5,5324505,23040415424050467547400675175227503198934018211111957280591014813765132501952,2026-10-06T12:50:00+00:00,2026-10-06T12:55:00+00:00,3.7,0.97,0.98,0.975,0.01,858.23,2414.64,99
2026-10-06T12:51:18.323816+00:00,btc-updown-5m-1791291300,5,5324518,112498413195878961657091729967145642798167480851358962067965561952518708140884,2026-10-06T12:55:00+00:00,2026-10-06T13:00:00+00:00,8.7,0.49,0.5,0.495,0.01,543.0,25.0,99
2026-10-06T12:51:18.323816+00:00,btc-updown-15m-1791290700,15,5324432,105071086698042540690886599827190341184452342506368578594223391606284834966367,2026-10-06T12:45:00+00:00,2026-10-06T13:00:00+00:00,8.7,0.64,0.65,0.645,0.01,169.0,210.0,99
2026-10-06T12:51:18.323816+00:00,btc-updown-15m-1791291600,15,5324535,55186261844076750696880657755792522158261484761155787140708609142983215679262,2026-10-06T13:00:00+00:00,2026-10-06T13:15:00+00:00,23.7,0.5,0.51,0.505,0.01,82.0,724.11,99
2026-10-06T12:52:19.505511+00:00,btc-updown-5m-1791291000,5,5324505,23040415424050467547400675175227503198934018211111957280591014813765132501952,2026-10-06T12:50:00+00:00,2026-10-06T12:55:00+00:00,2.68,0.97,0.98,0.975,0.01,853.38,304.05,99
2026-10-06T12:52:19.505511+00:00,btc-updown-5m-1791291300,5,5324518,112498413195878961657091729967145642798167480851358962067965561952518708140884,2026-10-06T12:55:00+00:00,2026-10-06T13:00:00+00:00,7.68,0.51,0.52,0.515,0.01,124.94,262.74,99
2026-10-06T12:52:19.505511+00:00,btc-updown-15m-1791290700,15,5324432,105071086698042540690886599827190341184452342506368578594223391606284834966367,2026-10-06T12:45:00+00:00,2026-10-06T13:00:00+00:00,7.68,0.6,0.61,0.605,0.01,103.32,4026.71,99
2026-10-06T12:52:19.505511+00:00,btc-updown-15m-1791291600,15,5324535,55186261844076750696880657755792522158261484761155787140708609142983215679262,2026-10-06T13:00:00+00:00,2026-10-06T13:15:00+00:00,22.68,0.5,0.51,0.505,0.01,40.0,845.54,99
2026-10-06T12:53:20.655906+00:00,btc-updown-5m-1791291300,5,5324518,112498413195878961657091729967145642798167480851358962067965561952518708140884,2026-10-06T12:55:00+00:00,2026-10-06T13:00:00+00:00,6.67,0.51,0.52,0.515,0.01,74.65,278.11,99
2026-10-06T12:53:20.655906+00:00,btc-updown-15m-1791290700,15,5324432,105071086698042540690886599827190341184452342506368578594223391606284834966367,2026-10-06T12:45:00+00:00,2026-10-06T13:00:00+00:00,6.67,0.59,0.6,0.595,0.01,40.0,376.43,99
2026-10-06T12:53:20.655906+00:00,btc-updown-15m-1791291600,15,5324535,55186261844076750696880657755792522158261484761155787140708609142983215679262,2026-10-06T13:00:00+00:00,2026-10-06T13:15:00+00:00,21.67,0.5,0.51,0.505,0.01,40.0,845.54,99
2026-10-06T12:54:21.888346+00:00,btc-updown-5m-1791291300,5,5324518,112498413195878961657091729967145642798167480851358962067965561952518708140884,2026-10-06T12:55:00+00:00,2026-10-06T13:00:00+00:00,5.65,0.51,0.52,0.515,0.01,77.02,472.07,99
2026-10-06T12:54:21.888346+00:00,btc-updown-15m-1791290700,15,5324432,105071086698042540690886599827190341184452342506368578594223391606284834966367,2026-10-06T12:45:00+00:00,2026-10-06T13:00:00+00:00,5.65,0.75,0.76,0.755,0.01,10.15,378.89,99
2026-10-06T12:54:21.888346+00:00,btc-updown-15m-1791291600,15,5324535,55186261844076750696880657755792522158261484761155787140708609142983215679262,2026-10-06T13:00:00+00:00,2026-10-06T13:15:00+00:00,20.65,0.5,0.51,0.505,0.01,40.0,795.54,99
2026-10-06T12:55:22.974997+00:00,btc-updown-5m-1791291300,5,5324518,112498413195878961657091729967145642798167480851358962067965561952518708140884,2026-10-06T12:55:00+00:00,2026-10-06T13:00:00+00:00,4.63,0.16,0.17,0.165,0.01,262.32,1304.09,99
2026-10-06T12:55:22.974997+00:00,btc-updown-5m-1791291600,5,5324532,26132878332010356008049928785756927496441327421997810073682224797158232932828,2026-10-06T13:00:00+00:00,2026-10-06T13:05:00+00:00,9.63,0.49,0.5,0.495,0.01,473.59,122.0,99
2026-10-06T12:55:22.974997+00:00,btc-updown-15m-1791290700,15,5324432,105071086698042540690886599827190341184452342506368578594223391606284834966367,2026-10-06T12:45:00+00:00,2026-10-06T13:00:00+00:00,4.63,0.35,0.36,0.355,0.01,354.25,63.0,99
2026-10-06T12:55:22.974997+00:00,btc-updown-15m-1791291600,15,5324535,55186261844076750696880657755792522158261484761155787140708609142983215679262,2026-10-06T13:00:00+00:00,2026-10-06T13:15:00+00:00,19.63,0.5,0.51,0.505,0.01,40.0,650.54,99
2026-10-06T12:56:24.204146+00:00,btc-updown-5m-1791291300,5,5324518,112498413195878961657091729967145642798167480851358962067965561952518708140884,2026-10-06T12:55:00+00:00,2026-10-06T13:00:00+00:00,3.6,0.12,0.13,0.125,0.01,782.57,180.0,99
2026-10-06T12:56:24.204146+00:00,btc-updown-5m-1791291600,5,5324532,26132878332010356008049928785756927496441327421997810073682224797158232932828,2026-10-06T13:00:00+00:00,2026-10-06T13:05:00+00:00,8.6,0.49,0.5,0.495,0.01,475.59,117.34,99
2026-10-06T12:56:24.204146+00:00,btc-updown-15m-1791290700,15,5324432,105071086698042540690886599827190341184452342506368578594223391606284834966367,2026-10-06T12:45:00+00:00,2026-10-06T13:00:00+00:00,3.6,0.32,0.33,0.325,0.01,326.03,161.43,99
2026-10-06T12:56:24.204146+00:00,btc-updown-15m-1791291600,15,5324535,55186261844076750696880657755792522158261484761155787140708609142983215679262,2026-10-06T13:00:00+00:00,2026-10-06T13:15:00+00:00,18.6,0.5,0.51,0.505,0.01,40.0,485.54,99
2026-10-06T12:57:25.367314+00:00,btc-updown-5m-1791291300,5,5324518,112498413195878961657091729967145642798167480851358962067965561952518708140884,2026-10-06T12:55:00+00:00,2026-10-06T13:00:00+00:00,2.58,0.07,0.08,0.075,0.01,190.0,3945.45,99
2026-10-06T12:57:25.367314+00:00,btc-updown-5m-1791291600,5,5324532,26132878332010356008049928785756927496441327421997810073682224797158232932828,2026-10-06T13:00:00+00:00,2026-10-06T13:05:00+00:00,7.58,0.49,0.5,0.495,0.01,418.61,85.54,99
2026-10-06T12:57:25.367314+00:00,btc-updown-15m-1791290700,15,5324432,105071086698042540690886599827190341184452342506368578594223391606284834966367,2026-10-06T12:45:00+00:00,2026-10-06T13:00:00+00:00,2.58,0.27,0.28,0.275,0.01,80.0,361.15,99
2026-10-06T12:57:25.367314+00:00,btc-updown-15m-1791291600,15,5324535,55186261844076750696880657755792522158261484761155787140708609142983215679262,2026-10-06T13:00:00+00:00,2026-10-06T13:15:00+00:00,17.58,0.5,0.51,0.505,0.01,40.0,400.93,99
2026-10-06T12:58:26.517012+00:00,btc-updown-5m-1791291300,5,5324518,112498413195878961657091729967145642798167480851358962067965561952518708140884,2026-10-06T12:55:00+00:00,2026-10-06T13:00:00+00:00,1.57,0.01,0.02,0.015,0.01,80.83,1819.63,99
2026-10-06T12:58:26.517012+00:00,btc-updown-5m-1791291600,5,5324532,26132878332010356008049928785756927496441327421997810073682224797158232932828,2026-10-06T13:00:00+00:00,2026-10-06T13:05:00+00:00,6.57,0.46,0.47,0.465,0.01,362.64,841.82,96
2026-10-06T12:58:26.517012+00:00,btc-updown-15m-1791290700,15,5324432,105071086698042540690886599827190341184452342506368578594223391606284834966367,2026-10-06T12:45:00+00:00,2026-10-06T13:00:00+00:00,1.57,0.07,0.08,0.075,0.01,48.72,666.55,99
2026-10-06T12:58:26.517012+00:00,btc-updown-15m-1791291600,15,5324535,55186261844076750696880657755792522158261484761155787140708609142983215679262,2026-10-06T13:00:00+00:00,2026-10-06T13:15:00+00:00,16.57,0.5,0.51,0.505,0.01,40.0,400.93,99
2026-10-06T12:59:27.671980+00:00,btc-updown-5m-1791291600,5,5324532,26132878332010356008049928785756927496441327421997810073682224797158232932828,2026-10-06T13:00:00+00:00,2026-10-06T13:05:00+00:00,5.55,0.48,0.49,0.485,0.01,410.38,166.12,99
2026-10-06T12:59:27.671980+00:00,btc-updown-15m-1791291600,15,5324535,55186261844076750696880657755792522158261484761155787140708609142983215679262,2026-10-06T13:00:00+00:00,2026-10-06T13:15:00+00:00,15.55,0.5,0.51,0.505,0.01,35.0,61.24,87
2026-10-06T13:00:28.613988+00:00,btc-updown-5m-1791291600,5,5324532,26132878332010356008049928785756927496441327421997810073682224797158232932828,2026-10-06T13:00:00+00:00,2026-10-06T13:05:00+00:00,4.53,0.16,0.17,0.165,0.01,173.67,446.23,99
2026-10-06T13:00:28.613988+00:00,btc-updown-5m-1791291900,5,5324547,75951715434152955478487502955943723761619169678603183162849737768265579920681,2026-10-06T13:05:00+00:00,2026-10-06T13:10:00+00:00,9.53,0.49,0.5,0.495,0.01,531.0,75.0,99
2026-10-06T13:00:28.613988+00:00,btc-updown-15m-1791291600,15,5324535,55186261844076750696880657755792522158261484761155787140708609142983215679262,2026-10-06T13:00:00+00:00,2026-10-06T13:15:00+00:00,14.53,0.31,0.32,0.315,0.01,708.92,484.99,99
2026-10-06T13:00:28.613988+00:00,btc-updown-15m-1791292500,15,5324712,85825480835515221081665972432614953503494007027515954452640563701844235504590,2026-10-06T13:15:00+00:00,2026-10-06T13:30:00+00:00,29.53,0.5,0.51,0.505,0.01,80.0,411.43,99
2026-10-06T13:01:29.831202+00:00,btc-updown-5m-1791291600,5,5324532,26132878332010356008049928785756927496441327421997810073682224797158232932828,2026-10-06T13:00:00+00:00,2026-10-06T13:05:00+00:00,3.52,0.31,0.32,0.315,0.01,114.31,72.51,99
2026-10-06T13:01:29.831202+00:00,btc-updown-5m-1791291900,5,5324547,75951715434152955478487502955943723761619169678603183162849737768265579920681,2026-10-06T13:05:00+00:00,2026-10-06T13:10:00+00:00,8.52,0.49,0.5,0.495,0.01,387.47,75.0,99
2026-10-06T13:01:29.831202+00:00,btc-updown-15m-1791291600,15,5324535,55186261844076750696880657755792522158261484761155787140708609142983215679262,2026-10-06T13:00:00+00:00,2026-10-06T13:15:00+00:00,13.52,0.41,0.42,0.415,0.01,566.79,173.47,99
2026-10-06T13:01:29.831202+00:00,btc-updown-15m-1791292500,15,5324712,85825480835515221081665972432614953503494007027515954452640563701844235504590,2026-10-06T13:15:00+00:00,2026-10-06T13:30:00+00:00,28.52,0.5,0.51,0.505,0.01,70.0,361.43,99
2026-10-06T13:02:30.996909+00:00,btc-updown-5m-1791291600,5,5324532,26132878332010356008049928785756927496441327421997810073682224797158232932828,2026-10-06T13:00:00+00:00,2026-10-06T13:05:00+00:00,2.5,0.21,0.22,0.215,0.01,598.0,348.46,99
2026-10-06T13:02:30.996909+00:00,btc-updown-5m-1791291900,5,5324547,75951715434152955478487502955943723761619169678603183162849737768265579920681,2026-10-06T13:05:00+00:00,2026-10-06T13:10:00+00:00,7.5,0.49,0.5,0.495,0.01,382.47,78.0,99
2026-10-06T13:02:30.996909+00:00,btc-updown-15m-1791291600,15,5324535,55186261844076750696880657755792522158261484761155787140708609142983215679262,2026-10-06T13:00:00+00:00,2026-10-06T13:15:00+00:00,12.5,0.36,0.38,0.37,0.02,20.0,234.0,98
2026-10-06T13:02:30.996909+00:00,btc-updown-15m-1791292500,15,5324712,85825480835515221081665972432614953503494007027515954452640563701844235504590,2026-10-06T13:15:00+00:00,2026-10-06T13:30:00+00:00,27.5,0.5,0.51,0.505,0.01,70.0,811.43,99
2026-10-06T13:03:32.155219+00:00,btc-updown-5m-1791291600,5,5324532,26132878332010356008049928785756927496441327421997810073682224797158232932828,2026-10-06T13:00:00+00:00,2026-10-06T13:05:00+00:00,1.47,0.05,0.06,0.055,0.01,952.38,773.51,99
2026-10-06T13:03:32.155219+00:00,btc-updown-5m-1791291900,5,5324547,75951715434152955478487502955943723761619169678603183162849737768265579920681,2026-10-06T13:05:00+00:00,2026-10-06T13:10:00+00:00,6.47,0.5,0.51,0.505,0.01,170.0,530.68,99
2026-10-06T13:03:32.155219+00:00,btc-updown-15m-1791291600,15,5324535,55186261844076750696880657755792522158261484761155787140708609142983215679262,2026-10-06T13:00:00+00:00,2026-10-06T13:15:00+00:00,11.47,0.33,0.34,0.335,0.01,224.84,427.98,99
2026-10-06T13:03:32.155219+00:00,btc-updown-15m-1791292500,15,5324712,85825480835515221081665972432614953503494007027515954452640563701844235504590,2026-10-06T13:15:00+00:00,2026-10-06T13:30:00+00:00,26.47,0.5,0.51,0.505,0.01,70.0,361.43,99
2026-10-06T13:04:33.342993+00:00,btc-updown-5m-1791291900,5,5324547,75951715434152955478487502955943723761619169678603183162849737768265579920681,2026-10-06T13:05:00+00:00,2026-10-06T13:10:00+00:00,5.45,0.43,0.44,0.435,0.01,10.0,142.36,99
2026-10-06T13:04:33.342993+00:00,btc-updown-15m-1791291600,15,5324535,55186261844076750696880657755792522158261484761155787140708609142983215679262,2026-10-06T13:00:00+00:00,2026-10-06T13:15:00+00:00,10.45,0.27,0.28,0.275,0.01,1196.73,416.43,99
2026-10-06T13:04:33.342993+00:00,btc-updown-15m-1791292500,15,5324712,85825480835515221081665972432614953503494007027515954452640563701844235504590,2026-10-06T13:15:00+00:00,2026-10-06T13:30:00+00:00,25.45,0.5,0.51,0.505,0.01,70.0,361.43,99
2026-10-06T13:05:34.397261+00:00,btc-updown-5m-1791291900,5,5324547,75951715434152955478487502955943723761619169678603183162849737768265579920681,2026-10-06T13:05:00+00:00,2026-10-06T13:10:00+00:00,4.43,0.67,0.68,0.675,0.01,4909.89,105.25,99
2026-10-06T13:05:34.397261+00:00,btc-updown-5m-1791292200,5,5324624,92222359486752343419102934678749759546906070538350759312989939349231144770904,2026-10-06T13:10:00+00:00,2026-10-06T13:15:00+00:00,9.43,0.5,0.51,0.505,0.01,100.27,668.53,99
2026-10-06T13:05:34.397261+00:00,btc-updown-15m-1791291600,15,5324535,55186261844076750696880657755792522158261484761155787140708609142983215679262,2026-10-06T13:00:00+00:00,2026-10-06T13:15:00+00:00,9.43,0.4,0.41,0.405,0.01,137.76,396.81,99
2026-10-06T13:05:34.397261+00:00,btc-updown-15m-1791292500,15,5324712,85825480835515221081665972432614953503494007027515954452640563701844235504590,2026-10-06T13:15:00+00:00,2026-10-06T13:30:00+00:00,24.43,0.5,0.51,0.505,0.01,80.0,366.43,99
2026-10-06T13:06:35.621930+00:00,btc-updown-5m-1791291900,5,5324547,75951715434152955478487502955943723761619169678603183162849737768265579920681,2026-10-06T13:05:00+00:00,2026-10-06T13:10:00+00:00,3.42,0.59,0.6,0.595,0.01,40.0,1769.96,99
2026-10-06T13:06:35.621930+00:00,btc-updown-5m-1791292200,5,5324624,92222359486752343419102934678749759546906070538350759312989939349231144770904,2026-10-06T13:10:00+00:00,2026-10-06T13:15:00+00:00,8.42,0.5,0.51,0.505,0.01,100.27,676.56,99
2026-10-06T13:06:35.621930+00:00,btc-updown-15m-1791291600,15,5324535,55186261844076750696880657755792522158261484761155787140708609142983215679262,2026-10-06T13:00:00+00:00,2026-10-06T13:15:00+00:00,8.42,0.31,0.32,0.315,0.01,1193.38,150.18,99
2026-10-06T13:06:35.621930+00:00,btc-updown-15m-1791292500,15,5324712,85825480835515221081665972432614953503494007027515954452640563701844235504590,2026-10-06T13:15:00+00:00,2026-10-06T13:30:00+00:00,23.42,0.5,0.51,0.505,0.01,80.0,364.46,99
2026-10-06T13:07:36.820355+00:00,btc-updown-5m-1791291900,5,5324547,75951715434152955478487502955943723761619169678603183162849737768265579920681,2026-10-06T13:05:00+00:00,2026-10-06T13:10:00+00:00,2.4,0.7,0.71,0.705,0.01,3030.94,134.44,99
2026-10-06T13:07:36.820355+00:00,btc-updown-5m-1791292200,5,5324624,92222359486752343419102934678749759546906070538350759312989939349231144770904,2026-10-06T13:10:00+00:00,2026-10-06T13:15:00+00:00,7.4,0.5,0.51,0.505,0.01,23.0,601.56,99
2026-10-06T13:07:36.820355+00:00,btc-updown-15m-1791291600,15,5324535,55186261844076750696880657755792522158261484761155787140708609142983215679262,2026-10-06T13:00:00+00:00,2026-10-06T13:15:00+00:00,7.4,0.3,0.31,0.305,0.01,94.48,270.91,99
2026-10-06T13:07:36.820355+00:00,btc-updown-15m-1791292500,15,5324712,85825480835515221081665972432614953503494007027515954452640563701844235504590,2026-10-06T13:15:00+00:00,2026-10-06T13:30:00+00:00,22.4,0.5,0.51,0.505,0.01,80.0,514.46,99
2026-10-06T13:08:38.013800+00:00,btc-updown-5m-1791291900,5,5324547,75951715434152955478487502955943723761619169678603183162849737768265579920681,2026-10-06T13:05:00+00:00,2026-10-06T13:10:00+00:00,1.37,0.1,0.11,0.105,0.01,5.0,906.18,99
2026-10-06T13:08:38.013800+00:00,btc-updown-5m-1791292200,5,5324624,92222359486752343419102934678749759546906070538350759312989939349231144770904,2026-10-06T13:10:00+00:00,2026-10-06T13:15:00+00:00,6.37,0.49,0.5,0.495,0.01,15.21,873.06,99
2026-10-06T13:08:38.013800+00:00,btc-updown-15m-1791291600,15,5324535,55186261844076750696880657755792522158261484761155787140708609142983215679262,2026-10-06T13:00:00+00:00,2026-10-06T13:15:00+00:00,6.37,0.15,0.16,0.155,0.01,55.0,407.89,99
2026-10-06T13:08:38.013800+00:00,btc-updown-15m-1791292500,15,5324712,85825480835515221081665972432614953503494007027515954452640563701844235504590,2026-10-06T13:15:00+00:00,2026-10-06T13:30:00+00:00,21.37,0.5,0.51,0.505,0.01,80.0,293.03,99
2026-10-06T13:09:39.169653+00:00,btc-updown-5m-1791292200,5,5324624,92222359486752343419102934678749759546906070538350759312989939349231144770904,2026-10-06T13:10:00+00:00,2026-10-06T13:15:00+00:00,5.35,0.48,0.49,0.485,0.01,143.05,336.28,99
2026-10-06T13:09:39.169653+00:00,btc-updown-15m-1791291600,15,5324535,55186261844076750696880657755792522158261484761155787140708609142983215679262,2026-10-06T13:00:00+00:00,2026-10-06T13:15:00+00:00,5.35,0.09,0.1,0.095,0.01,187.15,2226.37,99
2026-10-06T13:09:39.169653+00:00,btc-updown-15m-1791292500,15,5324712,85825480835515221081665972432614953503494007027515954452640563701844235504590,2026-10-06T13:15:00+00:00,2026-10-06T13:30:00+00:00,20.35,0.5,0.51,0.505,0.01,455.0,293.03,99
2026-10-06T13:10:40.224671+00:00,btc-updown-5m-1791292200,5,5324624,92222359486752343419102934678749759546906070538350759312989939349231144770904,2026-10-06T13:10:00+00:00,2026-10-06T13:15:00+00:00,4.33,0.3,0.31,0.305,0.01,82.0,1181.17,99
2026-10-06T13:10:40.224671+00:00,btc-updown-5m-1791292500,5,5324715,6975643052894203981737789101781490012258745228964001054220119036311146818438,2026-10-06T13:15:00+00:00,2026-10-06T13:20:00+00:00,9.33,0.5,0.51,0.505,0.01,130.44,618.15,99
2026-10-06T13:10:40.224671+00:00,btc-updown-15m-1791291600,15,5324535,55186261844076750696880657755792522158261484761155787140708609142983215679262,2026-10-06T13:00:00+00:00,2026-10-06T13:15:00+00:00,4.33,0.02,0.03,0.025,0.01,490.78,364.95,99
2026-10-06T13:10:40.224671+00:00,btc-updown-15m-1791292500,15,5324712,85825480835515221081665972432614953503494007027515954452640563701844235504590,2026-10-06T13:15:00+00:00,2026-10-06T13:30:00+00:00,19.33,0.5,0.51,0.505,0.01,460.0,293.03,99
2026-10-06T13:11:41.420533+00:00,btc-updown-5m-1791292200,5,5324624,92222359486752343419102934678749759546906070538350759312989939349231144770904,2026-10-06T13:10:00+00:00,2026-10-06T13:15:00+00:00,3.32,0.38,0.39,0.385,0.01,442.34,330.17,99
2026-10-06T13:11:41.420533+00:00,btc-updown-5m-1791292500,5,5324715,6975643052894203981737789101781490012258745228964001054220119036311146818438,2026-10-06T13:15:00+00:00,2026-10-06T13:20:00+00:00,8.32,0.5,0.51,0.505,0.01,465.94,623.15,99
2026-10-06T13:11:41.420533+00:00,btc-updown-15m-1791291600,15,5324535,55186261844076750696880657755792522158261484761155787140708609142983215679262,2026-10-06T13:00:00+00:00,2026-10-06T13:15:00+00:00,3.32,0.01,0.02,0.015,0.01,295.81,1165.92,99
2026-10-06T13:11:41.420533+00:00,btc-updown-15m-1791292500,15,5324712,85825480835515221081665972432614953503494007027515954452640563701844235504590,2026-10-06T13:15:00+00:00,2026-10-06T13:30:00+00:00,18.32,0.5,0.51,0.505,0.01,533.0,268.42,99
2026-10-06T13:12:42.580827+00:00,btc-updown-5m-1791292200,5,5324624,92222359486752343419102934678749759546906070538350759312989939349231144770904,2026-10-06T13:10:00+00:00,2026-10-06T13:15:00+00:00,2.3,0.73,0.74,0.735,0.01,436.29,279.3,99
2026-10-06T13:12:42.580827+00:00,btc-updown-5m-1791292500,5,5324715,6975643052894203981737789101781490012258745228964001054220119036311146818438,2026-10-06T13:15:00+00:00,2026-10-06T13:20:00+00:00,7.3,0.5,0.51,0.505,0.01,211.54,619.41,99
2026-10-06T13:12:42.580827+00:00,btc-updown-15m-1791291600,15,5324535,55186261844076750696880657755792522158261484761155787140708609142983215679262,2026-10-06T13:00:00+00:00,2026-10-06T13:15:00+00:00,2.3,0.017,0.019,0.018,0.002,49.02,18.1,127
2026-10-06T13:12:42.580827+00:00,btc-updown-15m-1791292500,15,5324712,85825480835515221081665972432614953503494007027515954452640563701844235504590,2026-10-06T13:15:00+00:00,2026-10-06T13:30:00+00:00,17.3,0.5,0.51,0.505,0.01,378.0,65.0,99
2026-10-06T13:13:43.750814+00:00,btc-updown-5m-1791292200,5,5324624,92222359486752343419102934678749759546906070538350759312989939349231144770904,2026-10-06T13:10:00+00:00,2026-10-06T13:15:00+00:00,1.28,0.55,0.56,0.555,0.01,55.0,584.67,99
2026-10-06T13:13:43.750814+00:00,btc-updown-5m-1791292500,5,5324715,6975643052894203981737789101781490012258745228964001054220119036311146818438,2026-10-06T13:15:00+00:00,2026-10-06T13:20:00+00:00,6.28,0.49,0.5,0.495,0.01,646.94,170.46,99
2026-10-06T13:13:43.750814+00:00,btc-updown-15m-1791291600,15,5324535,55186261844076750696880657755792522158261484761155787140708609142983215679262,2026-10-06T13:00:00+00:00,2026-10-06T13:15:00+00:00,1.28,0.004,0.005,0.0045,0.001,5.0,10.0,122
2026-10-06T13:13:43.750814+00:00,btc-updown-15m-1791292500,15,5324712,85825480835515221081665972432614953503494007027515954452640563701844235504590,2026-10-06T13:15:00+00:00,2026-10-06T13:30:00+00:00,16.28,0.5,0.51,0.505,0.01,263.0,140.0,99
2026-10-06T13:14:44.893497+00:00,btc-updown-5m-1791292500,5,5324715,6975643052894203981737789101781490012258745228964001054220119036311146818438,2026-10-06T13:15:00+00:00,2026-10-06T13:20:00+00:00,5.27,0.51,0.52,0.515,0.01,176.0,453.8,99
2026-10-06T13:14:44.893497+00:00,btc-updown-15m-1791292500,15,5324712,85825480835515221081665972432614953503494007027515954452640563701844235504590,2026-10-06T13:15:00+00:00,2026-10-06T13:30:00+00:00,15.27,0.5,0.51,0.505,0.01,165.0,10.0,87
2026-10-06T13:15:45.866553+00:00,btc-updown-5m-1791292500,5,5324715,6975643052894203981737789101781490012258745228964001054220119036311146818438,2026-10-06T13:15:00+00:00,2026-10-06T13:20:00+00:00,4.25,0.62,0.63,0.625,0.01,711.0,130.0,99
2026-10-06T13:15:45.866553+00:00,btc-updown-5m-1791292800,5,5324733,46233989037330291499528515249954430324905048708599946405432271068108824871069,2026-10-06T13:20:00+00:00,2026-10-06T13:25:00+00:00,9.25,0.5,0.51,0.505,0.01,331.98,620.1,99
2026-10-06T13:15:45.866553+00:00,btc-updown-15m-1791292500,15,5324712,85825480835515221081665972432614953503494007027515954452640563701844235504590,2026-10-06T13:15:00+00:00,2026-10-06T13:30:00+00:00,14.25,0.55,0.56,0.555,0.01,363.96,337.0,99
2026-10-06T13:15:45.866553+00:00,btc-updown-15m-1791293400,15,5324955,22594676632708002989344385226735648546184993566241472768831635465358508506854,2026-10-06T13:30:00+00:00,2026-10-06T13:45:00+00:00,29.25,0.5,0.51,0.505,0.01,385.0,280.0,99
2026-10-06T13:16:47.054067+00:00,btc-updown-5m-1791292500,5,5324715,6975643052894203981737789101781490012258745228964001054220119036311146818438,2026-10-06T13:15:00+00:00,2026-10-06T13:20:00+00:00,3.22,0.4,0.41,0.405,0.01,220.64,515.24,99
2026-10-06T13:16:47.054067+00:00,btc-updown-5m-1791292800,5,5324733,46233989037330291499528515249954430324905048708599946405432271068108824871069,2026-10-06T13:20:00+00:00,2026-10-06T13:25:00+00:00,8.22,0.5,0.51,0.505,0.01,374.59,620.1,99
2026-10-06T13:16:47.054067+00:00,btc-updown-15m-1791292500,15,5324712,85825480835515221081665972432614953503494007027515954452640563701844235504590,2026-10-06T13:15:00+00:00,2026-10-06T13:30:00+00:00,13.22,0.48,0.49,0.485,0.01,50.0,622.01,99
2026-10-06T13:16:47.054067+00:00,btc-updown-15m-1791293400,15,5324955,22594676632708002989344385226735648546184993566241472768831635465358508506854,2026-10-06T13:30:00+00:00,2026-10-06T13:45:00+00:00,28.22,0.5,0.51,0.505,0.01,620.0,280.0,99
2026-10-06T13:17:48.244829+00:00,btc-updown-5m-1791292500,5,5324715,6975643052894203981737789101781490012258745228964001054220119036311146818438,2026-10-06T13:15:00+00:00,2026-10-06T13:20:00+00:00,2.2,0.13,0.14,0.135,0.01,37.38,1003.77,99
2026-10-06T13:17:48.244829+00:00,btc-updown-5m-1791292800,5,5324733,46233989037330291499528515249954430324905048708599946405432271068108824871069,2026-10-06T13:20:00+00:00,2026-10-06T13:25:00+00:00,7.2,0.5,0.51,0.505,0.01,399.96,620.1,99
2026-10-06T13:17:48.244829+00:00,btc-updown-15m-1791292500,15,5324712,85825480835515221081665972432614953503494007027515954452640563701844235504590,2026-10-06T13:15:00+00:00,2026-10-06T13:30:00+00:00,12.2,0.35,0.36,0.355,0.01,1278.42,275.0,99
2026-10-06T13:17:48.244829+00:00,btc-updown-15m-1791293400,15,5324955,22594676632708002989344385226735648546184993566241472768831635465358508506854,2026-10-06T13:30:00+00:00,2026-10-06T13:45:00+00:00,27.2,0.5,0.51,0.505,0.01,715.0,265.19,99
2026-10-06T13:18:49.410511+00:00,btc-updown-5m-1791292800,5,5324733,46233989037330291499528515249954430324905048708599946405432271068108824871069,2026-10-06T13:20:00+00:00,2026-10-06T13:25:00+00:00,6.18,0.52,0.53,0.525,0.01,50.0,255.0,99
2026-10-06T13:18:49.410511+00:00,btc-updown-15m-1791292500,15,5324712,85825480835515221081665972432614953503494007027515954452640563701844235504590,2026-10-06T13:15:00+00:00,2026-10-06T13:30:00+00:00,11.18,0.26,0.27,0.265,0.01,1053.69,2878.81,99
2026-10-06T13:18:49.410511+00:00,btc-updown-15m-1791293400,15,5324955,22594676632708002989344385226735648546184993566241472768831635465358508506854,2026-10-06T13:30:00+00:00,2026-10-06T13:45:00+00:00,26.18,0.5,0.51,0.505,0.01,1090.0,225.0,99
2026-10-06T13:19:50.481329+00:00,btc-updown-5m-1791292800,5,5324733,46233989037330291499528515249954430324905048708599946405432271068108824871069,2026-10-06T13:20:00+00:00,2026-10-06T13:25:00+00:00,5.17,0.63,0.64,0.635,0.01,16.34,249.65,99
2026-10-06T13:19:50.481329+00:00,btc-updown-15m-1791292500,15,5324712,85825480835515221081665972432614953503494007027515954452640563701844235504590,2026-10-06T13:15:00+00:00,2026-10-06T13:30:00+00:00,10.17,0.39,0.4,0.395,0.01,424.0,406.15,99
2026-10-06T13:19:50.481329+00:00,btc-updown-15m-1791293400,15,5324955,22594676632708002989344385226735648546184993566241472768831635465358508506854,2026-10-06T13:30:00+00:00,2026-10-06T13:45:00+00:00,25.17,0.5,0.51,0.505,0.01,715.0,225.0,99
2026-10-06T13:20:51.542413+00:00,btc-updown-5m-1791292800,5,5324733,46233989037330291499528515249954430324905048708599946405432271068108824871069,2026-10-06T13:20:00+00:00,2026-10-06T13:25:00+00:00,4.15,0.79,0.8,0.795,0.01,390.2,311.92,99
2026-10-06T13:20:51.542413+00:00,btc-updown-5m-1791293100,5,5324936,53427907194598117734279088119438071454319019934496871003294417751105534636777,2026-10-06T13:25:00+00:00,2026-10-06T13:30:00+00:00,9.15,0.5,0.51,0.505,0.01,186.06,628.9,99
2026-10-06T13:20:51.542413+00:00,btc-updown-15m-1791292500,15,5324712,85825480835515221081665972432614953503494007027515954452640563701844235504590,2026-10-06T13:15:00+00:00,2026-10-06T13:30:00+00:00,9.15,0.46,0.47,0.465,0.01,155.04,130.0,99
2026-10-06T13:20:51.542413+00:00,btc-updown-15m-1791293400,15,5324955,22594676632708002989344385226735648546184993566241472768831635465358508506854,2026-10-06T13:30:00+00:00,2026-10-06T13:45:00+00:00,24.15,0.5,0.51,0.505,0.01,297.0,230.0,99
2026-10-06T13:21:52.742392+00:00,btc-updown-5m-1791292800,5,5324733,46233989037330291499528515249954430324905048708599946405432271068108824871069,2026-10-06T13:20:00+00:00,2026-10-06T13:25:00+00:00,3.13,0.91,0.92,0.915,0.01,433.28,366.15,99
2026-10-06T13:21:52.742392+00:00,btc-updown-5m-1791293100,5,5324936,53427907194598117734279088119438071454319019934496871003294417751105534636777,2026-10-06T13:25:00+00:00,2026-10-06T13:30:00+00:00,8.13,0.5,0.51,0.505,0.01,229.06,45.39,99
2026-10-06T13:21:52.742392+00:00,btc-updown-15m-1791292500,15,5324712,85825480835515221081665972432614953503494007027515954452640563701844235504590,2026-10-06T13:15:00+00:00,2026-10-06T13:30:00+00:00,8.13,0.59,0.6,0.595,0.01,0.96,655.23,99
2026-10-06T13:21:52.742392+00:00,btc-updown-15m-1791293400,15,5324955,22594676632708002989344385226735648546184993566241472768831635465358508506854,2026-10-06T13:30:00+00:00,2026-10-06T13:45:00+00:00,23.13,0.5,0.51,0.505,0.01,447.0,230.0,99
2026-10-06T13:22:53.941801+00:00,btc-updown-5m-1791292800,5,5324733,46233989037330291499528515249954430324905048708599946405432271068108824871069,2026-10-06T13:20:00+00:00,2026-10-06T13:25:00+00:00,2.12,0.85,0.86,0.855,0.01,342.93,120.0,99
2026-10-06T13:22:53.941801+00:00,btc-updown-5m-1791293100,5,5324936,53427907194598117734279088119438071454319019934496871003294417751105534636777,2026-10-06T13:25:00+00:00,2026-10-06T13:30:00+00:00,7.12,0.5,0.51,0.505,0.01,172.21,0.19,99
2026-10-06T13:22:53.941801+00:00,btc-updown-15m-1791292500,15,5324712,85825480835515221081665972432614953503494007027515954452640563701844235504590,2026-10-06T13:15:00+00:00,2026-10-06T13:30:00+00:00,7.12,0.46,0.47,0.465,0.01,497.34,103.0,99
2026-10-06T13:22:53.941801+00:00,btc-updown-15m-1791293400,15,5324955,22594676632708002989344385226735648546184993566241472768831635465358508506854,2026-10-06T13:30:00+00:00,2026-10-06T13:45:00+00:00,22.12,0.5,0.51,0.505,0.01,447.0,230.0,99
2026-10-06T13:23:55.092897+00:00,btc-updown-5m-1791293100,5,5324936,53427907194598117734279088119438071454319019934496871003294417751105534636777,2026-10-06T13:25:00+00:00,2026-10-06T13:30:00+00:00,6.08,0.5,0.52,0.51,0.02,15.0,306.73,98
2026-10-06T13:23:55.092897+00:00,btc-updown-15m-1791292500,15,5324712,85825480835515221081665972432614953503494007027515954452640563701844235504590,2026-10-06T13:15:00+00:00,2026-10-06T13:30:00+00:00,6.08,0.47,0.48,0.475,0.01,777.29,10.0,99
2026-10-06T13:23:55.092897+00:00,btc-updown-15m-1791293400,15,5324955,22594676632708002989344385226735648546184993566241472768831635465358508506854,2026-10-06T13:30:00+00:00,2026-10-06T13:45:00+00:00,21.08,0.5,0.51,0.505,0.01,517.0,230.0,99
2026-10-06T13:24:56.213044+00:00,btc-updown-5m-1791293100,5,5324936,53427907194598117734279088119438071454319019934496871003294417751105534636777,2026-10-06T13:25:00+00:00,2026-10-06T13:30:00+00:00,5.07,0.56,0.57,0.565,0.01,125.76,58.24,99
2026-10-06T13:24:56.213044+00:00,btc-updown-15m-1791292500,15,5324712,85825480835515221081665972432614953503494007027515954452640563701844235504590,2026-10-06T13:15:00+00:00,2026-10-06T13:30:00+00:00,5.07,0.48,0.49,0.485,0.01,20.0,432.91,99
2026-10-06T13:24:56.213044+00:00,btc-updown-15m-1791293400,15,5324955,22594676632708002989344385226735648546184993566241472768831635465358508506854,2026-10-06T13:30:00+00:00,2026-10-06T13:45:00+00:00,20.07,0.5,0.51,0.505,0.01,592.0,230.0,99
2026-10-06T13:25:57.425148+00:00,btc-updown-5m-1791293100,5,5324936,53427907194598117734279088119438071454319019934496871003294417751105534636777,2026-10-06T13:25:00+00:00,2026-10-06T13:30:00+00:00,4.05,0.63,0.64,0.635,0.01,2110.45,18.0,99
2026-10-06T13:25:57.425148+00:00,btc-updown-5m-1791293400,5,5324951,8559594625814609965629263538768964628829071700399338301240031042462382111571,2026-10-06T13:30:00+00:00,2026-10-06T13:35:00+00:00,9.05,0.5,0.51,0.505,0.01,163.02,494.47,99
2026-10-06T13:25:57.425148+00:00,btc-updown-15m-1791292500,15,5324712,85825480835515221081665972432614953503494007027515954452640563701844235504590,2026-10-06T13:15:00+00:00,2026-10-06T13:30:00+00:00,4.05,0.55,0.56,0.555,0.01,75.2,306.99,99
2026-10-06T13:25:57.425148+00:00,btc-updown-15m-1791293400,15,5324955,22594676632708002989344385226735648546184993566241472768831635465358508506854,2026-10-06T13:30:00+00:00,2026-10-06T13:45:00+00:00,19.05,0.5,0.51,0.505,0.01,287.0,230.0,99
2026-10-06T18:27:04.548579+00:00,btc-updown-5m-1791311100,5,5336017,80798959320786614164511454173097425176462720140284042778398578630800574256194,2026-10-06T18:25:00+00:00,2026-10-06T18:30:00+00:00,2.93,0.89,0.9,0.895,0.01,1002.9,151.22,98
2026-10-06T18:27:04.548579+00:00,btc-updown-5m-1791311400,5,5336038,78755018221991734775493294000875817177562112117941671489252584290209469033906,2026-10-06T18:30:00+00:00,2026-10-06T18:35:00+00:00,7.93,0.5,0.51,0.505,0.01,204.32,525.09,99
2026-10-06T18:27:04.548579+00:00,btc-updown-15m-1791310500,15,5335984,60299298188277837764442759629472363175003918917428944264136360710717746674027,2026-10-06T18:15:00+00:00,2026-10-06T18:30:00+00:00,2.93,0.032,0.039,0.0355,0.007,95.0,30.0,127
2026-10-06T18:27:04.548579+00:00,btc-updown-15m-1791311400,15,5336030,86015232300410639632755771549693163076331960000978724319051747580870673749264,2026-10-06T18:30:00+00:00,2026-10-06T18:45:00+00:00,17.93,0.5,0.51,0.505,0.01,115.0,240.0,99
2026-10-06T18:28:06.441846+00:00,btc-updown-5m-1791311100,5,5336017,80798959320786614164511454173097425176462720140284042778398578630800574256194,2026-10-06T18:25:00+00:00,2026-10-06T18:30:00+00:00,1.9,0.97,0.98,0.975,0.01,6209.53,320.12,99
2026-10-06T18:28:06.441846+00:00,btc-updown-5m-1791311400,5,5336038,78755018221991734775493294000875817177562112117941671489252584290209469033906,2026-10-06T18:30:00+00:00,2026-10-06T18:35:00+00:00,6.9,0.5,0.51,0.505,0.01,87.13,376.83,99
2026-10-06T18:28:06.441846+00:00,btc-updown-15m-1791310500,15,5335984,60299298188277837764442759629472363175003918917428944264136360710717746674027,2026-10-06T18:15:00+00:00,2026-10-06T18:30:00+00:00,1.9,0.02,0.022,0.021,0.002,169.0,46.0,127
2026-10-06T18:28:06.441846+00:00,btc-updown-15m-1791311400,15,5336030,86015232300410639632755771549693163076331960000978724319051747580870673749264,2026-10-06T18:30:00+00:00,2026-10-06T18:45:00+00:00,16.9,0.5,0.51,0.505,0.01,180.0,355.0,99
2026-10-06T18:29:07.702619+00:00,btc-updown-5m-1791311400,5,5336038,78755018221991734775493294000875817177562112117941671489252584290209469033906,2026-10-06T18:30:00+00:00,2026-10-06T18:35:00+00:00,5.88,0.49,0.5,0.495,0.01,84.11,1440.51,99
2026-10-06T18:29:07.702619+00:00,btc-updown-15m-1791311400,15,5336030,86015232300410639632755771549693163076331960000978724319051747580870673749264,2026-10-06T18:30:00+00:00,2026-10-06T18:45:00+00:00,15.88,0.5,0.51,0.505,0.01,200.0,55.0,89
2026-10-06T18:30:08.902632+00:00,btc-updown-5m-1791311400,5,5336038,78755018221991734775493294000875817177562112117941671489252584290209469033906,2026-10-06T18:30:00+00:00,2026-10-06T18:35:00+00:00,4.87,0.48,0.49,0.485,0.01,1955.25,58.25,99
2026-10-06T18:30:08.902632+00:00,btc-updown-5m-1791311700,5,5336238,231243597213529428050050704183117541784039749312782402529899674964753846747,2026-10-06T18:35:00+00:00,2026-10-06T18:40:00+00:00,9.87,0.49,0.51,0.5,0.02,573.89,655.58,98
2026-10-06T18:30:08.902632+00:00,btc-updown-15m-1791311400,15,5336030,86015232300410639632755771549693163076331960000978724319051747580870673749264,2026-10-06T18:30:00+00:00,2026-10-06T18:45:00+00:00,14.87,0.5,0.51,0.505,0.01,436.03,13.0,98
2026-10-06T18:30:08.902632+00:00,btc-updown-15m-1791312300,15,5336287,77397259638014651272611627254767796688655889361981279111677193476823254212060,2026-10-06T18:45:00+00:00,2026-10-06T19:00:00+00:00,29.87,0.49,0.51,0.5,0.02,550.1,570.0,98
2026-10-06T18:31:10.265773+00:00,btc-updown-5m-1791311400,5,5336038,78755018221991734775493294000875817177562112117941671489252584290209469033906,2026-10-06T18:30:00+00:00,2026-10-06T18:35:00+00:00,3.83,0.11,0.12,0.115,0.01,1358.9,892.22,99
2026-10-06T18:31:10.265773+00:00,btc-updown-5m-1791311700,5,5336238,231243597213529428050050704183117541784039749312782402529899674964753846747,2026-10-06T18:35:00+00:00,2026-10-06T18:40:00+00:00,8.83,0.49,0.5,0.495,0.01,851.89,33.0,99
2026-10-06T18:31:10.265773+00:00,btc-updown-15m-1791311400,15,5336030,86015232300410639632755771549693163076331960000978724319051747580870673749264,2026-10-06T18:30:00+00:00,2026-10-06T18:45:00+00:00,13.83,0.25,0.26,0.255,0.01,1423.7,272.94,97
2026-10-06T18:31:10.265773+00:00,btc-updown-15m-1791312300,15,5336287,77397259638014651272611627254767796688655889361981279111677193476823254212060,2026-10-06T18:45:00+00:00,2026-10-06T19:00:00+00:00,28.83,0.5,0.51,0.505,0.01,70.0,380.0,99
2026-10-06T18:32:11.500582+00:00,btc-updown-5m-1791311400,5,5336038,78755018221991734775493294000875817177562112117941671489252584290209469033906,2026-10-06T18:30:00+00:00,2026-10-06T18:35:00+00:00,2.82,0.03,0.04,0.035,0.01,998.22,736.5,99
2026-10-06T18:32:11.500582+00:00,btc-updown-5m-1791311700,5,5336238,231243597213529428050050704183117541784039749312782402529899674964753846747,2026-10-06T18:35:00+00:00,2026-10-06T18:40:00+00:00,7.82,0.49,0.51,0.5,0.02,871.89,383.61,98
2026-10-06T18:32:11.500582+00:00,btc-updown-15m-1791311400,15,5336030,86015232300410639632755771549693163076331960000978724319051747580870673749264,2026-10-06T18:30:00+00:00,2026-10-06T18:45:00+00:00,12.82,0.22,0.23,0.225,0.01,1888.0,187.58,97
2026-10-06T18:32:11.500582+00:00,btc-updown-15m-1791312300,15,5336287,77397259638014651272611627254767796688655889361981279111677193476823254212060,2026-10-06T18:45:00+00:00,2026-10-06T19:00:00+00:00,27.82,0.5,0.51,0.505,0.01,70.0,230.0,99
2026-10-06T18:33:13.033414+00:00,btc-updown-5m-1791311400,5,5336038,78755018221991734775493294000875817177562112117941671489252584290209469033906,2026-10-06T18:30:00+00:00,2026-10-06T18:35:00+00:00,1.78,0.01,0.02,0.015,0.01,1457.83,2062.05,99
2026-10-06T18:33:13.033414+00:00,btc-updown-5m-1791311700,5,5336238,231243597213529428050050704183117541784039749312782402529899674964753846747,2026-10-06T18:35:00+00:00,2026-10-06T18:40:00+00:00,6.78,0.5,0.51,0.505,0.01,45.0,70.0,99
2026-10-06T18:33:13.033414+00:00,btc-updown-15m-1791311400,15,5336030,86015232300410639632755771549693163076331960000978724319051747580870673749264,2026-10-06T18:30:00+00:00,2026-10-06T18:45:00+00:00,11.78,0.18,0.19,0.185,0.01,1747.0,506.74,97
2026-10-06T18:33:13.033414+00:00,btc-updown-15m-1791312300,15,5336287,77397259638014651272611627254767796688655889361981279111677193476823254212060,2026-10-06T18:45:00+00:00,2026-10-06T19:00:00+00:00,26.78,0.5,0.51,0.505,0.01,425.0,230.0,99
2026-10-06T18:34:14.249984+00:00,btc-updown-5m-1791311700,5,5336238,231243597213529428050050704183117541784039749312782402529899674964753846747,2026-10-06T18:35:00+00:00,2026-10-06T18:40:00+00:00,5.77,0.5,0.51,0.505,0.01,90.0,272.26,99
2026-10-06T18:34:14.249984+00:00,btc-updown-15m-1791311400,15,5336030,86015232300410639632755771549693163076331960000978724319051747580870673749264,2026-10-06T18:30:00+00:00,2026-10-06T18:45:00+00:00,10.77,0.11,0.12,0.115,0.01,5.0,823.83,97
2026-10-06T18:34:14.249984+00:00,btc-updown-15m-1791312300,15,5336287,77397259638014651272611627254767796688655889361981279111677193476823254212060,2026-10-06T18:45:00+00:00,2026-10-06T19:00:00+00:00,25.77,0.5,0.51,0.505,0.01,500.0,230.0,99
2026-10-06T18:35:15.379566+00:00,btc-updown-5m-1791311700,5,5336238,231243597213529428050050704183117541784039749312782402529899674964753846747,2026-10-06T18:35:00+00:00,2026-10-06T18:40:00+00:00,4.75,0.25,0.26,0.255,0.01,596.23,442.53,94
2026-10-06T18:35:15.379566+00:00,btc-updown-5m-1791312000,5,5336259,88492127229307078434302575690836200080006968149674872528367907900081624424417,2026-10-06T18:40:00+00:00,2026-10-06T18:45:00+00:00,9.75,0.5,0.51,0.505,0.01,426.38,500.0,99
2026-10-06T18:35:15.379566+00:00,btc-updown-15m-1791311400,15,5336030,86015232300410639632755771549693163076331960000978724319051747580870673749264,2026-10-06T18:30:00+00:00,2026-10-06T18:45:00+00:00,9.75,0.04,0.05,0.045,0.01,1496.13,489.38,96
2026-10-06T18:35:15.379566+00:00,btc-updown-15m-1791312300,15,5336287,77397259638014651272611627254767796688655889361981279111677193476823254212060,2026-10-06T18:45:00+00:00,2026-10-06T19:00:00+00:00,24.75,0.5,0.51,0.505,0.01,632.0,235.0,99
2026-10-06T18:36:16.580912+00:00,btc-updown-5m-1791311700,5,5336238,231243597213529428050050704183117541784039749312782402529899674964753846747,2026-10-06T18:35:00+00:00,2026-10-06T18:40:00+00:00,3.73,0.28,0.29,0.285,0.01,972.13,228.0,99
2026-10-06T18:36:16.580912+00:00,btc-updown-5m-1791312000,5,5336259,88492127229307078434302575690836200080006968149674872528367907900081624424417,2026-10-06T18:40:00+00:00,2026-10-06T18:45:00+00:00,8.73,0.5,0.51,0.505,0.01,441.38,505.0,99
2026-10-06T18:36:16.580912+00:00,btc-updown-15m-1791311400,15,5336030,86015232300410639632755771549693163076331960000978724319051747580870673749264,2026-10-06T18:30:00+00:00,2026-10-06T18:45:00+00:00,8.73,0.05,0.06,0.055,0.01,157.4,424.61,96
2026-10-06T18:36:16.580912+00:00,btc-updown-15m-1791312300,15,5336287,77397259638014651272611627254767796688655889361981279111677193476823254212060,2026-10-06T18:45:00+00:00,2026-10-06T19:00:00+00:00,23.73,0.5,0.51,0.505,0.01,547.0,235.0,99
2026-10-06T18:37:17.775410+00:00,btc-updown-5m-1791311700,5,5336238,231243597213529428050050704183117541784039749312782402529899674964753846747,2026-10-06T18:35:00+00:00,2026-10-06T18:40:00+00:00,2.72,0.06,0.07,0.065,0.01,290.0,923.16,99
2026-10-06T18:37:17.775410+00:00,btc-updown-5m-1791312000,5,5336259,88492127229307078434302575690836200080006968149674872528367907900081624424417,2026-10-06T18:40:00+00:00,2026-10-06T18:45:00+00:00,7.72,0.5,0.51,0.505,0.01,770.63,465.78,99
2026-10-06T18:37:17.775410+00:00,btc-updown-15m-1791311400,15,5336030,86015232300410639632755771549693163076331960000978724319051747580870673749264,2026-10-06T18:30:00+00:00,2026-10-06T18:45:00+00:00,7.72,0.03,0.04,0.035,0.01,998.5,684.0,87
2026-10-06T18:37:17.775410+00:00,btc-updown-15m-1791312300,15,5336287,77397259638014651272611627254767796688655889361981279111677193476823254212060,2026-10-06T18:45:00+00:00,2026-10-06T19:00:00+00:00,22.72,0.5,0.51,0.505,0.01,707.0,225.19,99
2026-10-06T18:38:18.964714+00:00,btc-updown-5m-1791311700,5,5336238,231243597213529428050050704183117541784039749312782402529899674964753846747,2026-10-06T18:35:00+00:00,2026-10-06T18:40:00+00:00,1.7,0.33,0.34,0.335,0.01,72.0,1703.19,99
2026-10-06T18:38:18.964714+00:00,btc-updown-5m-1791312000,5,5336259,88492127229307078434302575690836200080006968149674872528367907900081624424417,2026-10-06T18:40:00+00:00,2026-10-06T18:45:00+00:00,6.7,0.51,0.52,0.515,0.01,147.23,357.0,99
2026-10-06T18:38:18.964714+00:00,btc-updown-15m-1791311400,15,5336030,86015232300410639632755771549693163076331960000978724319051747580870673749264,2026-10-06T18:30:00+00:00,2026-10-06T18:45:00+00:00,6.7,0.05,0.06,0.055,0.01,1660.09,15.0,85
2026-10-06T18:38:18.964714+00:00,btc-updown-15m-1791312300,15,5336287,77397259638014651272611627254767796688655889361981279111677193476823254212060,2026-10-06T18:45:00+00:00,2026-10-06T19:00:00+00:00,21.7,0.5,0.51,0.505,0.01,547.0,225.19,99
2026-10-06T18:39:20.174588+00:00,btc-updown-5m-1791311700,5,5336238,231243597213529428050050704183117541784039749312782402529899674964753846747,2026-10-06T18:35:00+00:00,2026-10-06T18:40:00+00:00,0.67,0.01,0.02,0.015,0.01,2496.64,2121.09,99
2026-10-06T18:39:20.174588+00:00,btc-updown-5m-1791312000,5,5336259,88492127229307078434302575690836200080006968149674872528367907900081624424417,2026-10-06T18:40:00+00:00,2026-10-06T18:45:00+00:00,5.67,0.51,0.52,0.515,0.01,514.24,100.2,99
2026-10-06T18:39:20.174588+00:00,btc-updown-15m-1791311400,15,5336030,86015232300410639632755771549693163076331960000978724319051747580870673749264,2026-10-06T18:30:00+00:00,2026-10-06T18:45:00+00:00,5.67,0.03,0.04,0.035,0.01,248.57,375.14,84
2026-10-06T18:39:20.174588+00:00,btc-updown-15m-1791312300,15,5336287,77397259638014651272611627254767796688655889361981279111677193476823254212060,2026-10-06T18:45:00+00:00,2026-10-06T19:00:00+00:00,20.67,0.5,0.51,0.505,0.01,547.0,225.19,99
2026-10-06T18:40:21.440918+00:00,btc-updown-5m-1791312000,5,5336259,88492127229307078434302575690836200080006968149674872528367907900081624424417,2026-10-06T18:40:00+00:00,2026-10-06T18:45:00+00:00,4.65,0.34,0.35,0.345,0.01,547.98,161.29,99
2026-10-06T18:40:21.440918+00:00,btc-updown-5m-1791312300,5,5336298,62083015139524234190478686362922876838608653583074468213845655966273023756474,2026-10-06T18:45:00+00:00,2026-10-06T18:50:00+00:00,9.65,0.5,0.51,0.505,0.01,279.32,680.27,99
2026-10-06T18:40:21.440918+00:00,btc-updown-15m-1791311400,15,5336030,86015232300410639632755771549693163076331960000978724319051747580870673749264,2026-10-06T18:30:00+00:00,2026-10-06T18:45:00+00:00,4.65,0.01,0.02,0.015,0.01,1731.92,1420.04,88
2026-10-06T18:40:21.440918+00:00,btc-updown-15m-1791312300,15,5336287,77397259638014651272611627254767796688655889361981279111677193476823254212060,2026-10-06T18:45:00+00:00,2026-10-06T19:00:00+00:00,19.65,0.5,0.51,0.505,0.01,552.0,222.99,99
2026-10-06T18:41:22.678162+00:00,btc-updown-5m-1791312000,5,5336259,88492127229307078434302575690836200080006968149674872528367907900081624424417,2026-10-06T18:40:00+00:00,2026-10-06T18:45:00+00:00,3.63,0.33,0.34,0.335,0.01,259.1,1740.81,99
2026-10-06T18:41:22.678162+00:00,btc-updown-5m-1791312300,5,5336298,62083015139524234190478686362922876838608653583074468213845655966273023756474,2026-10-06T18:45:00+00:00,2026-10-06T18:50:00+00:00,8.63,0.5,0.51,0.505,0.01,276.32,680.27,99
2026-10-06T18:41:22.678162+00:00,btc-updown-15m-1791311400,15,5336030,86015232300410639632755771549693163076331960000978724319051747580870673749264,2026-10-06T18:30:00+00:00,2026-10-06T18:45:00+00:00,3.63,0.004,0.009,0.0065,0.005,310.01,12.73,106
2026-10-06T18:41:22.678162+00:00,btc-updown-15m-1791312300,15,5336287,77397259638014651272611627254767796688655889361981279111677193476823254212060,2026-10-06T18:45:00+00:00,2026-10-06T19:00:00+00:00,18.63,0.5,0.51,0.505,0.01,627.0,222.99,99
2026-10-06T18:42:23.908490+00:00,btc-updown-5m-1791312000,5,5336259,88492127229307078434302575690836200080006968149674872528367907900081624424417,2026-10-06T18:40:00+00:00,2026-10-06T18:45:00+00:00,2.62,0.76,0.77,0.765,0.01,1938.51,13.89,99
2026-10-06T18:42:23.908490+00:00,btc-updown-5m-1791312300,5,5336298,62083015139524234190478686362922876838608653583074468213845655966273023756474,2026-10-06T18:45:00+00:00,2026-10-06T18:50:00+00:00,7.62,0.5,0.51,0.505,0.01,258.19,679.38,99
2026-10-06T18:42:23.908490+00:00,btc-updown-15m-1791311400,15,5336030,86015232300410639632755771549693163076331960000978724319051747580870673749264,2026-10-06T18:30:00+00:00,2026-10-06T18:45:00+00:00,2.62,0.006,0.007,0.0065,0.001,40.0,100.0,114
2026-10-06T18:42:23.908490+00:00,btc-updown-15m-1791312300,15,5336287,77397259638014651272611627254767796688655889361981279111677193476823254212060,2026-10-06T18:45:00+00:00,2026-10-06T19:00:00+00:00,17.62,0.5,0.51,0.505,0.01,547.0,222.99,99
2026-10-06T18:43:25.121558+00:00,btc-updown-5m-1791312000,5,5336259,88492127229307078434302575690836200080006968149674872528367907900081624424417,2026-10-06T18:40:00+00:00,2026-10-06T18:45:00+00:00,1.58,0.89,0.9,0.895,0.01,565.44,259.13,99
2026-10-06T18:43:25.121558+00:00,btc-updown-5m-1791312300,5,5336298,62083015139524234190478686362922876838608653583074468213845655966273023756474,2026-10-06T18:45:00+00:00,2026-10-06T18:50:00+00:00,6.58,0.5,0.51,0.505,0.01,101.19,684.38,99
2026-10-06T18:43:25.121558+00:00,btc-updown-15m-1791311400,15,5336030,86015232300410639632755771549693163076331960000978724319051747580870673749264,2026-10-06T18:30:00+00:00,2026-10-06T18:45:00+00:00,1.58,0.002,0.009,0.0055,0.007,206.29,45.0,105
2026-10-06T18:43:25.121558+00:00,btc-updown-15m-1791312300,15,5336287,77397259638014651272611627254767796688655889361981279111677193476823254212060,2026-10-06T18:45:00+00:00,2026-10-06T19:00:00+00:00,16.58,0.5,0.51,0.505,0.01,357.0,97.45,99
2026-10-06T18:44:26.340630+00:00,btc-updown-5m-1791312300,5,5336298,62083015139524234190478686362922876838608653583074468213845655966273023756474,2026-10-06T18:45:00+00:00,2026-10-06T18:50:00+00:00,5.57,0.57,0.58,0.575,0.01,80.0,723.48,99
2026-10-06T18:44:26.340630+00:00,btc-updown-15m-1791312300,15,5336287,77397259638014651272611627254767796688655889361981279111677193476823254212060,2026-10-06T18:45:00+00:00,2026-10-06T19:00:00+00:00,15.57,0.5,0.51,0.505,0.01,402.0,17.45,89
2026-10-06T18:45:27.377367+00:00,btc-updown-5m-1791312300,5,5336298,62083015139524234190478686362922876838608653583074468213845655966273023756474,2026-10-06T18:45:00+00:00,2026-10-06T18:50:00+00:00,4.55,0.28,0.29,0.285,0.01,423.27,841.46,99
2026-10-06T18:45:27.377367+00:00,btc-updown-5m-1791312600,5,5336555,21009735942215090602252974548954987715647897703138184436126245351535165250062,2026-10-06T18:50:00+00:00,2026-10-06T18:55:00+00:00,9.55,0.5,0.51,0.505,0.01,305.42,648.94,99
2026-10-06T18:45:27.377367+00:00,btc-updown-15m-1791312300,15,5336287,77397259638014651272611627254767796688655889361981279111677193476823254212060,2026-10-06T18:45:00+00:00,2026-10-06T19:00:00+00:00,14.55,0.38,0.39,0.385,0.01,309.92,417.74,98
2026-10-06T18:45:27.377367+00:00,btc-updown-15m-1791313200,15,5338746,42651288981604831654666881540715746109124491510279801653950366682768997624191,2026-10-06T19:00:00+00:00,2026-10-06T19:15:00+00:00,29.55,0.5,0.51,0.505,0.01,245.0,335.0,99
2026-10-06T18:46:28.640000+00:00,btc-updown-5m-1791312300,5,5336298,62083015139524234190478686362922876838608653583074468213845655966273023756474,2026-10-06T18:45:00+00:00,2026-10-06T18:50:00+00:00,3.53,0.17,0.18,0.175,0.01,102.09,4342.66,99
2026-10-06T18:46:28.640000+00:00,btc-updown-5m-1791312600,5,5336555,21009735942215090602252974548954987715647897703138184436126245351535165250062,2026-10-06T18:50:00+00:00,2026-10-06T18:55:00+00:00,8.53,0.5,0.51,0.505,0.01,308.42,648.94,99
2026-10-06T18:46:28.640000+00:00,btc-updown-15m-1791312300,15,5336287,77397259638014651272611627254767796688655889361981279111677193476823254212060,2026-10-06T18:45:00+00:00,2026-10-06T19:00:00+00:00,13.53,0.33,0.34,0.335,0.01,200.0,386.92,98
2026-10-06T18:46:28.640000+00:00,btc-updown-15m-1791313200,15,5338746,42651288981604831654666881540715746109124491510279801653950366682768997624191,2026-10-06T19:00:00+00:00,2026-10-06T19:15:00+00:00,28.53,0.5,0.51,0.505,0.01,395.0,285.0,99
2026-10-06T18:47:29.820890+00:00,btc-updown-5m-1791312300,5,5336298,62083015139524234190478686362922876838608653583074468213845655966273023756474,2026-10-06T18:45:00+00:00,2026-10-06T18:50:00+00:00,2.52,0.11,0.12,0.115,0.01,122.02,3734.14,99
2026-10-06T18:47:29.820890+00:00,btc-updown-5m-1791312600,5,5336555,21009735942215090602252974548954987715647897703138184436126245351535165250062,2026-10-06T18:50:00+00:00,2026-10-06T18:55:00+00:00,7.52,0.5,0.51,0.505,0.01,312.67,600.94,99
2026-10-06T18:47:29.820890+00:00,btc-updown-15m-1791312300,15,5336287,77397259638014651272611627254767796688655889361981279111677193476823254212060,2026-10-06T18:45:00+00:00,2026-10-06T19:00:00+00:00,12.52,0.32,0.33,0.325,0.01,355.56,274.0,98
2026-10-06T18:47:29.820890+00:00,btc-updown-15m-1791313200,15,5338746,42651288981604831654666881540715746109124491510279801653950366682768997624191,2026-10-06T19:00:00+00:00,2026-10-06T19:15:00+00:00,27.52,0.5,0.51,0.505,0.01,320.0,285.0,99
2026-10-06T18:48:31.030867+00:00,btc-updown-5m-1791312600,5,5336555,21009735942215090602252974548954987715647897703138184436126245351535165250062,2026-10-06T18:50:00+00:00,2026-10-06T18:55:00+00:00,6.48,0.5,0.51,0.505,0.01,622.58,583.09,99
2026-10-06T18:48:31.030867+00:00,btc-updown-15m-1791312300,15,5336287,77397259638014651272611627254767796688655889361981279111677193476823254212060,2026-10-06T18:45:00+00:00,2026-10-06T19:00:00+00:00,11.48,0.14,0.15,0.145,0.01,1555.86,2213.77,96
2026-10-06T18:48:31.030867+00:00,btc-updown-15m-1791313200,15,5338746,42651288981604831654666881540715746109124491510279801653950366682768997624191,2026-10-06T19:00:00+00:00,2026-10-06T19:15:00+00:00,26.48,0.5,0.51,0.505,0.01,630.0,275.19,99
2026-10-06T18:49:32.134374+00:00,btc-updown-5m-1791312600,5,5336555,21009735942215090602252974548954987715647897703138184436126245351535165250062,2026-10-06T18:50:00+00:00,2026-10-06T18:55:00+00:00,5.47,0.48,0.49,0.485,0.01,6.91,642.57,99
2026-10-06T18:49:32.134374+00:00,btc-updown-15m-1791312300,15,5336287,77397259638014651272611627254767796688655889361981279111677193476823254212060,2026-10-06T18:45:00+00:00,2026-10-06T19:00:00+00:00,10.47,0.11,0.12,0.115,0.01,754.07,295.0,96
2026-10-06T18:49:32.134374+00:00,btc-updown-15m-1791313200,15,5338746,42651288981604831654666881540715746109124491510279801653950366682768997624191,2026-10-06T19:00:00+00:00,2026-10-06T19:15:00+00:00,25.47,0.5,0.51,0.505,0.01,630.0,275.19,99
2026-10-06T18:50:33.328990+00:00,btc-updown-5m-1791312600,5,5336555,21009735942215090602252974548954987715647897703138184436126245351535165250062,2026-10-06T18:50:00+00:00,2026-10-06T18:55:00+00:00,4.45,0.6,0.61,0.605,0.01,110.0,1044.99,99
2026-10-06T18:50:33.328990+00:00,btc-updown-5m-1791312900,5,5338618,112096219398230983975769138795970004787528586994522348727933516113342708121999,2026-10-06T18:55:00+00:00,2026-10-06T19:00:00+00:00,9.45,0.51,0.52,0.515,0.01,101.0,477.88,99
2026-10-06T18:50:33.328990+00:00,btc-updown-15m-1791312300,15,5336287,77397259638014651272611627254767796688655889361981279111677193476823254212060,2026-10-06T18:45:00+00:00,2026-10-06T19:00:00+00:00,9.45,0.13,0.14,0.135,0.01,377.49,189.0,98
2026-10-06T18:50:33.328990+00:00,btc-updown-15m-1791313200,15,5338746,42651288981604831654666881540715746109124491510279801653950366682768997624191,2026-10-06T19:00:00+00:00,2026-10-06T19:15:00+00:00,24.45,0.5,0.51,0.505,0.01,677.0,280.19,99
2026-10-06T18:51:34.900614+00:00,btc-updown-5m-1791312600,5,5336555,21009735942215090602252974548954987715647897703138184436126245351535165250062,2026-10-06T18:50:00+00:00,2026-10-06T18:55:00+00:00,3.43,0.71,0.72,0.715,0.01,1974.11,220.0,99
2026-10-06T18:51:34.900614+00:00,btc-updown-5m-1791312900,5,5338618,112096219398230983975769138795970004787528586994522348727933516113342708121999,2026-10-06T18:55:00+00:00,2026-10-06T19:00:00+00:00,8.43,0.51,0.52,0.515,0.01,106.0,473.0,99
2026-10-06T18:51:34.900614+00:00,btc-updown-15m-1791312300,15,5336287,77397259638014651272611627254767796688655889361981279111677193476823254212060,2026-10-06T18:45:00+00:00,2026-10-06T19:00:00+00:00,8.43,0.14,0.15,0.145,0.01,436.5,330.0,96
2026-10-06T18:51:34.900614+00:00,btc-updown-15m-1791313200,15,5338746,42651288981604831654666881540715746109124491510279801653950366682768997624191,2026-10-06T19:00:00+00:00,2026-10-06T19:15:00+00:00,23.43,0.5,0.51,0.505,0.01,517.0,276.26,99
2026-10-06T18:52:36.091083+00:00,btc-updown-5m-1791312600,5,5336555,21009735942215090602252974548954987715647897703138184436126245351535165250062,2026-10-06T18:50:00+00:00,2026-10-06T18:55:00+00:00,2.4,0.93,0.94,0.935,0.01,4520.46,810.08,99
2026-10-06T18:52:36.091083+00:00,btc-updown-5m-1791312900,5,5338618,112096219398230983975769138795970004787528586994522348727933516113342708121999,2026-10-06T18:55:00+00:00,2026-10-06T19:00:00+00:00,7.4,0.51,0.52,0.515,0.01,110.08,460.68,99
2026-10-06T18:52:36.091083+00:00,btc-updown-15m-1791312300,15,5336287,77397259638014651272611627254767796688655889361981279111677193476823254212060,2026-10-06T18:45:00+00:00,2026-10-06T19:00:00+00:00,7.4,0.17,0.18,0.175,0.01,17.0,8069.53,95
2026-10-06T18:52:36.091083+00:00,btc-updown-15m-1791313200,15,5338746,42651288981604831654666881540715746109124491510279801653950366682768997624191,2026-10-06T19:00:00+00:00,2026-10-06T19:15:00+00:00,22.4,0.5,0.51,0.505,0.01,442.0,276.26,99
2026-10-06T18:53:37.321705+00:00,btc-updown-5m-1791312600,5,5336555,21009735942215090602252974548954987715647897703138184436126245351535165250062,2026-10-06T18:50:00+00:00,2026-10-06T18:55:00+00:00,1.38,0.96,0.97,0.965,0.01,50.26,3373.55,99
2026-10-06T18:53:37.321705+00:00,btc-updown-5m-1791312900,5,5338618,112096219398230983975769138795970004787528586994522348727933516113342708121999,2026-10-06T18:55:00+00:00,2026-10-06T19:00:00+00:00,6.38,0.51,0.52,0.515,0.01,29.14,470.68,99
2026-10-06T18:53:37.321705+00:00,btc-updown-15m-1791312300,15,5336287,77397259638014651272611627254767796688655889361981279111677193476823254212060,2026-10-06T18:45:00+00:00,2026-10-06T19:00:00+00:00,6.38,0.11,0.12,0.115,0.01,16.0,1113.38,99
2026-10-06T18:53:37.321705+00:00,btc-updown-15m-1791313200,15,5338746,42651288981604831654666881540715746109124491510279801653950366682768997624191,2026-10-06T19:00:00+00:00,2026-10-06T19:15:00+00:00,21.38,0.5,0.51,0.505,0.01,292.0,225.0,99
2026-10-06T18:54:38.524543+00:00,btc-updown-5m-1791312900,5,5338618,112096219398230983975769138795970004787528586994522348727933516113342708121999,2026-10-06T18:55:00+00:00,2026-10-06T19:00:00+00:00,5.37,0.5,0.51,0.505,0.01,241.76,180.0,99
2026-10-06T18:54:38.524543+00:00,btc-updown-15m-1791312300,15,5336287,77397259638014651272611627254767796688655889361981279111677193476823254212060,2026-10-06T18:45:00+00:00,2026-10-06T19:00:00+00:00,5.37,0.06,0.07,0.065,0.01,399.05,263.02,98
2026-10-06T18:54:38.524543+00:00,btc-updown-15m-1791313200,15,5338746,42651288981604831654666881540715746109124491510279801653950366682768997624191,2026-10-06T19:00:00+00:00,2026-10-06T19:15:00+00:00,20.37,0.5,0.51,0.505,0.01,517.0,225.0,99
2026-10-06T18:55:39.756949+00:00,btc-updown-5m-1791312900,5,5338618,112096219398230983975769138795970004787528586994522348727933516113342708121999,2026-10-06T18:55:00+00:00,2026-10-06T19:00:00+00:00,4.35,0.38,0.39,0.385,0.01,876.75,1007.26,99
2026-10-06T18:55:39.756949+00:00,btc-updown-5m-1791313200,5,5338723,19451863698435307824953634002367238253294125584996909927722653396210214599557,2026-10-06T19:00:00+00:00,2026-10-06T19:05:00+00:00,9.35,0.5,0.51,0.505,0.01,130.97,680.64,99
2026-10-06T18:55:39.756949+00:00,btc-updown-15m-1791312300,15,5336287,77397259638014651272611627254767796688655889361981279111677193476823254212060,2026-10-06T18:45:00+00:00,2026-10-06T19:00:00+00:00,4.35,0.03,0.04,0.035,0.01,410.58,444.95,96
2026-10-06T18:55:39.756949+00:00,btc-updown-15m-1791313200,15,5338746,42651288981604831654666881540715746109124491510279801653950366682768997624191,2026-10-06T19:00:00+00:00,2026-10-06T19:15:00+00:00,19.35,0.5,0.51,0.505,0.01,522.0,189.01,99
2026-10-06T18:56:40.925661+00:00,btc-updown-5m-1791312900,5,5338618,112096219398230983975769138795970004787528586994522348727933516113342708121999,2026-10-06T18:55:00+00:00,2026-10-06T19:00:00+00:00,3.33,0.09,0.1,0.095,0.01,1412.7,76.1,99
2026-10-06T18:56:40.925661+00:00,btc-updown-5m-1791313200,5,5338723,19451863698435307824953634002367238253294125584996909927722653396210214599557,2026-10-06T19:00:00+00:00,2026-10-06T19:05:00+00:00,8.33,0.5,0.51,0.505,0.01,145.97,685.64,99
2026-10-06T18:56:40.925661+00:00,btc-updown-15m-1791313200,15,5338746,42651288981604831654666881540715746109124491510279801653950366682768997624191,2026-10-06T19:00:00+00:00,2026-10-06T19:15:00+00:00,18.33,0.51,0.52,0.515,0.01,140.0,330.0,99
2026-10-06T18:57:42.002647+00:00,btc-updown-5m-1791312900,5,5338618,112096219398230983975769138795970004787528586994522348727933516113342708121999,2026-10-06T18:55:00+00:00,2026-10-06T19:00:00+00:00,2.3,0.02,0.03,0.025,0.01,2148.7,291.0,99
2026-10-06T18:57:42.002647+00:00,btc-updown-5m-1791313200,5,5338723,19451863698435307824953634002367238253294125584996909927722653396210214599557,2026-10-06T19:00:00+00:00,2026-10-06T19:05:00+00:00,7.3,0.5,0.51,0.505,0.01,310.02,644.29,99
2026-10-06T18:57:42.002647+00:00,btc-updown-15m-1791312300,15,5336287,77397259638014651272611627254767796688655889361981279111677193476823254212060,2026-10-06T18:45:00+00:00,2026-10-06T19:00:00+00:00,2.3,0.002,0.007,0.0045,0.005,42.84,36.58,120
2026-10-06T18:57:42.002647+00:00,btc-updown-15m-1791313200,15,5338746,42651288981604831654666881540715746109124491510279801653950366682768997624191,2026-10-06T19:00:00+00:00,2026-10-06T19:15:00+00:00,17.3,0.51,0.52,0.515,0.01,225.71,324.21,99
2026-10-06T18:58:43.206908+00:00,btc-updown-5m-1791313200,5,5338723,19451863698435307824953634002367238253294125584996909927722653396210214599557,2026-10-06T19:00:00+00:00,2026-10-06T19:05:00+00:00,6.28,0.5,0.51,0.505,0.01,10.0,269.8,99
2026-10-06T18:58:43.206908+00:00,btc-updown-15m-1791312300,15,5336287,77397259638014651272611627254767796688655889361981279111677193476823254212060,2026-10-06T18:45:00+00:00,2026-10-06T19:00:00+00:00,1.28,0.001,0.002,0.0015,0.001,15.0,106.32,114
2026-10-06T18:58:43.206908+00:00,btc-updown-15m-1791313200,15,5338746,42651288981604831654666881540715746109124491510279801653950366682768997624191,2026-10-06T19:00:00+00:00,2026-10-06T19:15:00+00:00,16.28,0.52,0.53,0.525,0.01,295.37,135.0,99
2026-10-06T18:59:44.302565+00:00,btc-updown-5m-1791313200,5,5338723,19451863698435307824953634002367238253294125584996909927722653396210214599557,2026-10-06T19:00:00+00:00,2026-10-06T19:05:00+00:00,5.27,0.5,0.51,0.505,0.01,399.8,23.77,99
2026-10-06T18:59:44.302565+00:00,btc-updown-15m-1791313200,15,5338746,42651288981604831654666881540715746109124491510279801653950366682768997624191,2026-10-06T19:00:00+00:00,2026-10-06T19:15:00+00:00,15.27,0.52,0.53,0.525,0.01,85.0,20.26,85
2026-10-06T19:00:45.505061+00:00,btc-updown-5m-1791313200,5,5338723,19451863698435307824953634002367238253294125584996909927722653396210214599557,2026-10-06T19:00:00+00:00,2026-10-06T19:05:00+00:00,4.25,0.37,0.38,0.375,0.01,241.2,497.49,99
2026-10-06T19:00:45.505061+00:00,btc-updown-5m-1791313500,5,5339771,39296661194028547553918914260385932551371081844567066364694830937726557676802,2026-10-06T19:05:00+00:00,2026-10-06T19:10:00+00:00,9.25,0.51,0.52,0.515,0.01,111.0,506.68,99
2026-10-06T19:00:45.505061+00:00,btc-updown-15m-1791313200,15,5338746,42651288981604831654666881540715746109124491510279801653950366682768997624191,2026-10-06T19:00:00+00:00,2026-10-06T19:15:00+00:00,14.25,0.44,0.45,0.445,0.01,314.89,266.0,99
2026-10-06T19:00:45.505061+00:00,btc-updown-15m-1791314100,15,5339846,27324288973158793138903595588315012235897647485035966044473927525622280175401,2026-10-06T19:15:00+00:00,2026-10-06T19:30:00+00:00,29.25,0.5,0.51,0.505,0.01,1005.0,285.0,99
2026-10-06T19:01:47.500989+00:00,btc-updown-5m-1791313200,5,5338723,19451863698435307824953634002367238253294125584996909927722653396210214599557,2026-10-06T19:00:00+00:00,2026-10-06T19:05:00+00:00,3.22,0.53,0.54,0.535,0.01,15.0,975.63,98
2026-10-06T19:01:47.500989+00:00,btc-updown-5m-1791313500,5,5339771,39296661194028547553918914260385932551371081844567066364694830937726557676802,2026-10-06T19:05:00+00:00,2026-10-06T19:10:00+00:00,8.22,0.51,0.52,0.515,0.01,111.0,236.9,99
2026-10-06T19:01:47.500989+00:00,btc-updown-15m-1791313200,15,5338746,42651288981604831654666881540715746109124491510279801653950366682768997624191,2026-10-06T19:00:00+00:00,2026-10-06T19:15:00+00:00,13.22,0.53,0.54,0.535,0.01,174.0,447.26,98
2026-10-06T19:01:47.500989+00:00,btc-updown-15m-1791314100,15,5339846,27324288973158793138903595588315012235897647485035966044473927525622280175401,2026-10-06T19:15:00+00:00,2026-10-06T19:30:00+00:00,28.22,0.5,0.51,0.505,0.01,320.0,285.0,99
2026-10-06T19:02:48.678043+00:00,btc-updown-5m-1791313200,5,5338723,19451863698435307824953634002367238253294125584996909927722653396210214599557,2026-10-06T19:00:00+00:00,2026-10-06T19:05:00+00:00,2.2,0.57,0.58,0.575,0.01,40.61,2345.63,99
2026-10-06T19:02:48.678043+00:00,btc-updown-5m-1791313500,5,5339771,39296661194028547553918914260385932551371081844567066364694830937726557676802,2026-10-06T19:05:00+00:00,2026-10-06T19:10:00+00:00,7.2,0.51,0.52,0.515,0.01,114.69,241.9,99
2026-10-06T19:02:48.678043+00:00,btc-updown-15m-1791313200,15,5338746,42651288981604831654666881540715746109124491510279801653950366682768997624191,2026-10-06T19:00:00+00:00,2026-10-06T19:15:00+00:00,12.2,0.52,0.53,0.525,0.01,221.13,1227.53,98
2026-10-06T19:02:48.678043+00:00,btc-updown-15m-1791314100,15,5339846,27324288973158793138903595588315012235897647485035966044473927525622280175401,2026-10-06T19:15:00+00:00,2026-10-06T19:30:00+00:00,27.2,0.5,0.51,0.505,0.01,470.0,285.0,99
2026-10-06T19:03:49.872756+00:00,btc-updown-5m-1791313200,5,5338723,19451863698435307824953634002367238253294125584996909927722653396210214599557,2026-10-06T19:00:00+00:00,2026-10-06T19:05:00+00:00,1.18,0.83,0.84,0.835,0.01,255.85,1161.04,99
2026-10-06T19:03:49.872756+00:00,btc-updown-5m-1791313500,5,5339771,39296661194028547553918914260385932551371081844567066364694830937726557676802,2026-10-06T19:05:00+00:00,2026-10-06T19:10:00+00:00,6.18,0.51,0.52,0.515,0.01,109.69,237.28,99
2026-10-06T19:03:49.872756+00:00,btc-updown-15m-1791313200,15,5338746,42651288981604831654666881540715746109124491510279801653950366682768997624191,2026-10-06T19:00:00+00:00,2026-10-06T19:15:00+00:00,11.18,0.59,0.6,0.595,0.01,201.13,339.82,99
2026-10-06T19:03:49.872756+00:00,btc-updown-15m-1791314100,15,5339846,27324288973158793138903595588315012235897647485035966044473927525622280175401,2026-10-06T19:15:00+00:00,2026-10-06T19:30:00+00:00,26.18,0.5,0.51,0.505,0.01,470.0,285.0,99
2026-10-06T19:04:51.041044+00:00,btc-updown-5m-1791313500,5,5339771,39296661194028547553918914260385932551371081844567066364694830937726557676802,2026-10-06T19:05:00+00:00,2026-10-06T19:10:00+00:00,5.15,0.63,0.64,0.635,0.01,170.84,283.15,99
2026-10-06T19:04:51.041044+00:00,btc-updown-15m-1791313200,15,5338746,42651288981604831654666881540715746109124491510279801653950366682768997624191,2026-10-06T19:00:00+00:00,2026-10-06T19:15:00+00:00,10.15,0.67,0.68,0.675,0.01,107.97,1330.11,97
2026-10-06T19:04:51.041044+00:00,btc-updown-15m-1791314100,15,5339846,27324288973158793138903595588315012235897647485035966044473927525622280175401,2026-10-06T19:15:00+00:00,2026-10-06T19:30:00+00:00,25.15,0.5,0.51,0.505,0.01,470.0,285.0,99
2026-10-06T19:05:52.353443+00:00,btc-updown-5m-1791313500,5,5339771,39296661194028547553918914260385932551371081844567066364694830937726557676802,2026-10-06T19:05:00+00:00,2026-10-06T19:10:00+00:00,4.13,0.72,0.73,0.725,0.01,2026.84,143.0,99
2026-10-06T19:05:52.353443+00:00,btc-updown-5m-1791313800,5,5339785,29047662110942495078652458191562545074925847953835596679058448364188238324156,2026-10-06T19:10:00+00:00,2026-10-06T19:15:00+00:00,9.13,0.5,0.51,0.505,0.01,125.97,605.27,99
2026-10-06T19:05:52.353443+00:00,btc-updown-15m-1791313200,15,5338746,42651288981604831654666881540715746109124491510279801653950366682768997624191,2026-10-06T19:00:00+00:00,2026-10-06T19:15:00+00:00,9.13,0.73,0.74,0.735,0.01,471.65,52.0,97
2026-10-06T19:05:52.353443+00:00,btc-updown-15m-1791314100,15,5339846,27324288973158793138903595588315012235897647485035966044473927525622280175401,2026-10-06T19:15:00+00:00,2026-10-06T19:30:00+00:00,24.13,0.5,0.51,0.505,0.01,400.0,285.6,99
2026-10-06T19:06:54.027044+00:00,btc-updown-5m-1791313500,5,5339771,39296661194028547553918914260385932551371081844567066364694830937726557676802,2026-10-06T19:05:00+00:00,2026-10-06T19:10:00+00:00,3.1,0.5,0.51,0.505,0.01,88.03,2469.45,99
2026-10-06T19:06:54.027044+00:00,btc-updown-5m-1791313800,5,5339785,29047662110942495078652458191562545074925847953835596679058448364188238324156,2026-10-06T19:10:00+00:00,2026-10-06T19:15:00+00:00,8.1,0.5,0.51,0.505,0.01,85.97,868.89,99
2026-10-06T19:06:54.027044+00:00,btc-updown-15m-1791313200,15,5338746,42651288981604831654666881540715746109124491510279801653950366682768997624191,2026-10-06T19:00:00+00:00,2026-10-06T19:15:00+00:00,8.1,0.49,0.5,0.495,0.01,36.0,235.5,98
2026-10-06T19:06:54.027044+00:00,btc-updown-15m-1791314100,15,5339846,27324288973158793138903595588315012235897647485035966044473927525622280175401,2026-10-06T19:15:00+00:00,2026-10-06T19:30:00+00:00,23.1,0.5,0.51,0.505,0.01,400.0,230.0,99
2026-10-06T19:07:55.248639+00:00,btc-updown-5m-1791313500,5,5339771,39296661194028547553918914260385932551371081844567066364694830937726557676802,2026-10-06T19:05:00+00:00,2026-10-06T19:10:00+00:00,2.08,0.45,0.46,0.455,0.01,2229.85,211.31,99
2026-10-06T19:07:55.248639+00:00,btc-updown-5m-1791313800,5,5339785,29047662110942495078652458191562545074925847953835596679058448364188238324156,2026-10-06T19:10:00+00:00,2026-10-06T19:15:00+00:00,7.08,0.5,0.51,0.505,0.01,110.02,549.28,99
2026-10-06T19:07:55.248639+00:00,btc-updown-15m-1791313200,15,5338746,42651288981604831654666881540715746109124491510279801653950366682768997624191,2026-10-06T19:00:00+00:00,2026-10-06T19:15:00+00:00,7.08,0.59,0.6,0.595,0.01,339.72,74.0,98
2026-10-06T19:07:55.248639+00:00,btc-updown-15m-1791314100,15,5339846,27324288973158793138903595588315012235897647485035966044473927525622280175401,2026-10-06T19:15:00+00:00,2026-10-06T19:30:00+00:00,22.08,0.5,0.51,0.505,0.01,475.0,230.0,99
2026-10-06T19:08:56.852766+00:00,btc-updown-5m-1791313500,5,5339771,39296661194028547553918914260385932551371081844567066364694830937726557676802,2026-10-06T19:05:00+00:00,2026-10-06T19:10:00+00:00,1.07,0.01,0.02,0.015,0.01,2465.79,1374.86,99
2026-10-06T19:08:56.852766+00:00,btc-updown-5m-1791313800,5,5339785,29047662110942495078652458191562545074925847953835596679058448364188238324156,2026-10-06T19:10:00+00:00,2026-10-06T19:15:00+00:00,6.07,0.5,0.51,0.505,0.01,80.76,349.28,99
2026-10-06T19:08:56.852766+00:00,btc-updown-15m-1791313200,15,5338746,42651288981604831654666881540715746109124491510279801653950366682768997624191,2026-10-06T19:00:00+00:00,2026-10-06T19:15:00+00:00,6.07,0.36,0.37,0.365,0.01,80.0,9035.56,99
2026-10-06T19:08:56.852766+00:00,btc-updown-15m-1791314100,15,5339846,27324288973158793138903595588315012235897647485035966044473927525622280175401,2026-10-06T19:15:00+00:00,2026-10-06T19:30:00+00:00,21.07,0.5,0.51,0.505,0.01,475.0,230.0,99
2026-10-06T19:09:58.018897+00:00,btc-updown-5m-1791313800,5,5339785,29047662110942495078652458191562545074925847953835596679058448364188238324156,2026-10-06T19:10:00+00:00,2026-10-06T19:15:00+00:00,5.03,0.45,0.46,0.455,0.01,323.24,55.0,99
2026-10-06T19:09:58.018897+00:00,btc-updown-15m-1791313200,15,5338746,42651288981604831654666881540715746109124491510279801653950366682768997624191,2026-10-06T19:00:00+00:00,2026-10-06T19:15:00+00:00,5.03,0.28,0.29,0.285,0.01,407.56,47.0,95
2026-10-06T19:09:58.018897+00:00,btc-updown-15m-1791314100,15,5339846,27324288973158793138903595588315012235897647485035966044473927525622280175401,2026-10-06T19:15:00+00:00,2026-10-06T19:30:00+00:00,20.03,0.5,0.51,0.505,0.01,1000.0,223.01,99
2026-10-06T19:10:59.391070+00:00,btc-updown-5m-1791313800,5,5339785,29047662110942495078652458191562545074925847953835596679058448364188238324156,2026-10-06T19:10:00+00:00,2026-10-06T19:15:00+00:00,4.02,0.36,0.37,0.365,0.01,345.0,465.48,99
2026-10-06T19:10:59.391070+00:00,btc-updown-5m-1791314100,5,5339835,36211384207467939585968680142533959323224085469220878389158854332260126008704,2026-10-06T19:15:00+00:00,2026-10-06T19:20:00+00:00,9.02,0.51,0.52,0.515,0.01,66.0,395.97,99
2026-10-06T19:10:59.391070+00:00,btc-updown-15m-1791313200,15,5338746,42651288981604831654666881540715746109124491510279801653950366682768997624191,2026-10-06T19:00:00+00:00,2026-10-06T19:15:00+00:00,4.02,0.2,0.21,0.205,0.01,55.0,2151.04,99
2026-10-06T19:10:59.391070+00:00,btc-updown-15m-1791314100,15,5339846,27324288973158793138903595588315012235897647485035966044473927525622280175401,2026-10-06T19:15:00+00:00,2026-10-06T19:30:00+00:00,19.02,0.51,0.52,0.515,0.01,90.0,340.0,99
2026-10-06T19:12:01.052339+00:00,btc-updown-5m-1791313800,5,5339785,29047662110942495078652458191562545074925847953835596679058448364188238324156,2026-10-06T19:10:00+00:00,2026-10-06T19:15:00+00:00,2.98,0.03,0.04,0.035,0.01,4092.91,819.0,99
2026-10-06T19:12:01.052339+00:00,btc-updown-5m-1791314100,5,5339835,36211384207467939585968680142533959323224085469220878389158854332260126008704,2026-10-06T19:15:00+00:00,2026-10-06T19:20:00+00:00,7.98,0.51,0.52,0.515,0.01,232.64,275.0,99
2026-10-06T19:12:01.052339+00:00,btc-updown-15m-1791313200,15,5338746,42651288981604831654666881540715746109124491510279801653950366682768997624191,2026-10-06T19:00:00+00:00,2026-10-06T19:15:00+00:00,2.98,0.02,0.03,0.025,0.01,188.76,898.9,93
2026-10-06T19:12:01.052339+00:00,btc-updown-15m-1791314100,15,5339846,27324288973158793138903595588315012235897647485035966044473927525622280175401,2026-10-06T19:15:00+00:00,2026-10-06T19:30:00+00:00,17.98,0.51,0.52,0.515,0.01,627.23,337.76,99
2026-10-06T19:13:02.258889+00:00,btc-updown-5m-1791313800,5,5339785,29047662110942495078652458191562545074925847953835596679058448364188238324156,2026-10-06T19:10:00+00:00,2026-10-06T19:15:00+00:00,1.97,0.12,0.13,0.125,0.01,257.76,574.52,99
2026-10-06T19:13:02.258889+00:00,btc-updown-5m-1791314100,5,5339835,36211384207467939585968680142533959323224085469220878389158854332260126008704,2026-10-06T19:15:00+00:00,2026-10-06T19:20:00+00:00,6.97,0.51,0.52,0.515,0.01,120.64,228.83,99
2026-10-06T19:13:02.258889+00:00,btc-updown-15m-1791313200,15,5338746,42651288981604831654666881540715746109124491510279801653950366682768997624191,2026-10-06T19:00:00+00:00,2026-10-06T19:15:00+00:00,1.97,0.03,0.04,0.035,0.01,476.99,91.0,89
2026-10-06T19:13:02.258889+00:00,btc-updown-15m-1791314100,15,5339846,27324288973158793138903595588315012235897647485035966044473927525622280175401,2026-10-06T19:15:00+00:00,2026-10-06T19:30:00+00:00,16.97,0.52,0.53,0.525,0.01,329.99,354.0,99
2026-10-06T19:14:03.451623+00:00,btc-updown-5m-1791313800,5,5339785,29047662110942495078652458191562545074925847953835596679058448364188238324156,2026-10-06T19:10:00+00:00,2026-10-06T19:15:00+00:00,0.95,0.09,0.1,0.095,0.01,59.95,1633.0,93
2026-10-06T19:14:03.451623+00:00,btc-updown-5m-1791314100,5,5339835,36211384207467939585968680142533959323224085469220878389158854332260126008704,2026-10-06T19:15:00+00:00,2026-10-06T19:20:00+00:00,5.95,0.51,0.52,0.515,0.01,19.06,168.08,99
2026-10-06T19:14:03.451623+00:00,btc-updown-15m-1791313200,15,5338746,42651288981604831654666881540715746109124491510279801653950366682768997624191,2026-10-06T19:00:00+00:00,2026-10-06T19:15:00+00:00,0.95,0.002,0.009,0.0055,0.007,75.28,61.0,102
2026-10-06T19:14:03.451623+00:00,btc-updown-15m-1791314100,15,5339846,27324288973158793138903595588315012235897647485035966044473927525622280175401,2026-10-06T19:15:00+00:00,2026-10-06T19:30:00+00:00,15.95,0.54,0.55,0.545,0.01,60.0,323.73,91
2026-10-06T19:15:04.667855+00:00,btc-updown-5m-1791314100,5,5339835,36211384207467939585968680142533959323224085469220878389158854332260126008704,2026-10-06T19:15:00+00:00,2026-10-06T19:20:00+00:00,4.93,0.57,0.58,0.575,0.01,90.0,1805.29,99
2026-10-06T19:15:04.667855+00:00,btc-updown-5m-1791314400,5,5339855,56460608788701796581613813248153298475421999146191230114475048107874368747021,2026-10-06T19:20:00+00:00,2026-10-06T19:25:00+00:00,9.93,0.5,0.51,0.505,0.01,120.51,398.81,99
2026-10-06T19:15:04.667855+00:00,btc-updown-15m-1791314100,15,5339846,27324288973158793138903595588315012235897647485035966044473927525622280175401,2026-10-06T19:15:00+00:00,2026-10-06T19:30:00+00:00,14.93,0.55,0.56,0.555,0.01,426.34,173.0,96
2026-10-06T19:15:04.667855+00:00,btc-updown-15m-1791315000,15,5340101,50653987953847430701395010227523032455501956921288672377057463759427212411185,2026-10-06T19:30:00+00:00,2026-10-06T19:45:00+00:00,29.93,0.49,0.5,0.495,0.01,663.13,205.0,99
2026-10-06T19:16:06.052534+00:00,btc-updown-5m-1791314100,5,5339835,36211384207467939585968680142533959323224085469220878389158854332260126008704,2026-10-06T19:15:00+00:00,2026-10-06T19:20:00+00:00,3.9,0.54,0.55,0.545,0.01,996.79,83.68,99
2026-10-06T19:16:06.052534+00:00,btc-updown-5m-1791314400,5,5339855,56460608788701796581613813248153298475421999146191230114475048107874368747021,2026-10-06T19:20:00+00:00,2026-10-06T19:25:00+00:00,8.9,0.5,0.51,0.505,0.01,148.51,582.43,99
2026-10-06T19:16:06.052534+00:00,btc-updown-15m-1791314100,15,5339846,27324288973158793138903595588315012235897647485035966044473927525622280175401,2026-10-06T19:15:00+00:00,2026-10-06T19:30:00+00:00,13.9,0.52,0.53,0.525,0.01,588.82,303.45,99
2026-10-06T19:16:06.052534+00:00,btc-updown-15m-1791315000,15,5340101,50653987953847430701395010227523032455501956921288672377057463759427212411185,2026-10-06T19:30:00+00:00,2026-10-06T19:45:00+00:00,28.9,0.49,0.5,0.495,0.01,1013.13,205.0,99
2026-10-06T19:17:07.252126+00:00,btc-updown-5m-1791314100,5,5339835,36211384207467939585968680142533959323224085469220878389158854332260126008704,2026-10-06T19:15:00+00:00,2026-10-06T19:20:00+00:00,2.88,0.45,0.46,0.455,0.01,53.0,2414.17,99
2026-10-06T19:17:07.252126+00:00,btc-updown-5m-1791314400,5,5339855,56460608788701796581613813248153298475421999146191230114475048107874368747021,2026-10-06T19:20:00+00:00,2026-10-06T19:25:00+00:00,7.88,0.5,0.51,0.505,0.01,157.56,577.43,99
2026-10-06T19:17:07.252126+00:00,btc-updown-15m-1791314100,15,5339846,27324288973158793138903595588315012235897647485035966044473927525622280175401,2026-10-06T19:15:00+00:00,2026-10-06T19:30:00+00:00,12.88,0.5,0.51,0.505,0.01,5.0,770.41,97
2026-10-06T19:17:07.252126+00:00,btc-updown-15m-1791315000,15,5340101,50653987953847430701395010227523032455501956921288672377057463759427212411185,2026-10-06T19:30:00+00:00,2026-10-06T19:45:00+00:00,27.88,0.49,0.5,0.495,0.01,1013.13,205.0,99
2026-10-06T19:18:08.401532+00:00,btc-updown-5m-1791314100,5,5339835,36211384207467939585968680142533959323224085469220878389158854332260126008704,2026-10-06T19:15:00+00:00,2026-10-06T19:20:00+00:00,1.87,0.03,0.04,0.035,0.01,889.48,982.66,99
2026-10-06T19:18:08.401532+00:00,btc-updown-5m-1791314400,5,5339855,56460608788701796581613813248153298475421999146191230114475048107874368747021,2026-10-06T19:20:00+00:00,2026-10-06T19:25:00+00:00,6.87,0.5,0.51,0.505,0.01,374.56,10.0,99
2026-10-06T19:18:08.401532+00:00,btc-updown-15m-1791314100,15,5339846,27324288973158793138903595588315012235897647485035966044473927525622280175401,2026-10-06T19:15:00+00:00,2026-10-06T19:30:00+00:00,11.87,0.28,0.29,0.285,0.01,937.26,388.02,99
2026-10-06T19:18:08.401532+00:00,btc-updown-15m-1791315000,15,5340101,50653987953847430701395010227523032455501956921288672377057463759427212411185,2026-10-06T19:30:00+00:00,2026-10-06T19:45:00+00:00,26.87,0.49,0.5,0.495,0.01,1013.13,205.0,99
2026-10-06T19:19:09.590456+00:00,btc-updown-5m-1791314400,5,5339855,56460608788701796581613813248153298475421999146191230114475048107874368747021,2026-10-06T19:20:00+00:00,2026-10-06T19:25:00+00:00,5.85,0.51,0.52,0.515,0.01,110.0,133.45,99
2026-10-06T19:19:09.590456+00:00,btc-updown-15m-1791314100,15,5339846,27324288973158793138903595588315012235897647485035966044473927525622280175401,2026-10-06T19:15:00+00:00,2026-10-06T19:30:00+00:00,10.85,0.32,0.33,0.325,0.01,421.8,273.0,99
2026-10-06T19:19:09.590456+00:00,btc-updown-15m-1791315000,15,5340101,50653987953847430701395010227523032455501956921288672377057463759427212411185,2026-10-06T19:30:00+00:00,2026-10-06T19:45:00+00:00,25.85,0.49,0.5,0.495,0.01,1613.13,205.0,99
2026-10-06T19:20:10.779566+00:00,btc-updown-5m-1791314400,5,5339855,56460608788701796581613813248153298475421999146191230114475048107874368747021,2026-10-06T19:20:00+00:00,2026-10-06T19:25:00+00:00,4.83,0.75,0.76,0.755,0.01,83.8,1007.94,99
2026-10-06T19:20:10.779566+00:00,btc-updown-5m-1791314700,5,5340077,2745821117418887729639602715464580160107122216215035279876916750951679550509,2026-10-06T19:25:00+00:00,2026-10-06T19:30:00+00:00,9.83,0.5,0.51,0.505,0.01,133.59,15.21,99
2026-10-06T19:20:10.779566+00:00,btc-updown-15m-1791314100,15,5339846,27324288973158793138903595588315012235897647485035966044473927525622280175401,2026-10-06T19:15:00+00:00,2026-10-06T19:30:00+00:00,9.83,0.64,0.65,0.645,0.01,36.0,2109.93,97
2026-10-06T19:20:10.779566+00:00,btc-updown-15m-1791315000,15,5340101,50653987953847430701395010227523032455501956921288672377057463759427212411185,2026-10-06T19:30:00+00:00,2026-10-06T19:45:00+00:00,24.83,0.49,0.5,0.495,0.01,1023.13,210.0,99
2026-10-06T19:21:12.017448+00:00,btc-updown-5m-1791314400,5,5339855,56460608788701796581613813248153298475421999146191230114475048107874368747021,2026-10-06T19:20:00+00:00,2026-10-06T19:25:00+00:00,3.8,0.65,0.66,0.655,0.01,1744.13,61.69,99
2026-10-06T19:21:12.017448+00:00,btc-updown-5m-1791314700,5,5340077,2745821117418887729639602715464580160107122216215035279876916750951679550509,2026-10-06T19:25:00+00:00,2026-10-06T19:30:00+00:00,8.8,0.5,0.51,0.505,0.01,172.59,260.4,99
2026-10-06T19:21:12.017448+00:00,btc-updown-15m-1791314100,15,5339846,27324288973158793138903595588315012235897647485035966044473927525622280175401,2026-10-06T19:15:00+00:00,2026-10-06T19:30:00+00:00,8.8,0.52,0.53,0.525,0.01,685.67,32.0,98
2026-10-06T19:21:12.017448+00:00,btc-updown-15m-1791315000,15,5340101,50653987953847430701395010227523032455501956921288672377057463759427212411185,2026-10-06T19:30:00+00:00,2026-10-06T19:45:00+00:00,23.8,0.49,0.5,0.495,0.01,1023.13,210.0,99
2026-10-06T19:22:13.197337+00:00,btc-updown-5m-1791314400,5,5339855,56460608788701796581613813248153298475421999146191230114475048107874368747021,2026-10-06T19:20:00+00:00,2026-10-06T19:25:00+00:00,2.78,0.74,0.75,0.745,0.01,1859.18,320.52,99
2026-10-06T19:22:13.197337+00:00,btc-updown-5m-1791314700,5,5340077,2745821117418887729639602715464580160107122216215035279876916750951679550509,2026-10-06T19:25:00+00:00,2026-10-06T19:30:00+00:00,7.78,0.5,0.51,0.505,0.01,24.55,286.0,99
2026-10-06T19:22:13.197337+00:00,btc-updown-15m-1791314100,15,5339846,27324288973158793138903595588315012235897647485035966044473927525622280175401,2026-10-06T19:15:00+00:00,2026-10-06T19:30:00+00:00,7.78,0.53,0.54,0.535,0.01,75.39,1478.75,98
2026-10-06T19:22:13.197337+00:00,btc-updown-15m-1791315000,15,5340101,50653987953847430701395010227523032455501956921288672377057463759427212411185,2026-10-06T19:30:00+00:00,2026-10-06T19:45:00+00:00,22.78,0.49,0.5,0.495,0.01,1023.13,210.0,99
2026-10-06T19:23:14.439117+00:00,btc-updown-5m-1791314400,5,5339855,56460608788701796581613813248153298475421999146191230114475048107874368747021,2026-10-06T19:20:00+00:00,2026-10-06T19:25:00+00:00,1.77,0.76,0.77,0.765,0.01,1825.59,61.71,99
2026-10-06T19:23:14.439117+00:00,btc-updown-5m-1791314700,5,5340077,2745821117418887729639602715464580160107122216215035279876916750951679550509,2026-10-06T19:25:00+00:00,2026-10-06T19:30:00+00:00,6.77,0.49,0.5,0.495,0.01,60.0,20.0,99
2026-10-06T19:23:14.439117+00:00,btc-updown-15m-1791314100,15,5339846,27324288973158793138903595588315012235897647485035966044473927525622280175401,2026-10-06T19:15:00+00:00,2026-10-06T19:30:00+00:00,6.77,0.49,0.5,0.495,0.01,294.83,135.0,96
2026-10-06T19:23:14.439117+00:00,btc-updown-15m-1791315000,15,5340101,50653987953847430701395010227523032455501956921288672377057463759427212411185,2026-10-06T19:30:00+00:00,2026-10-06T19:45:00+00:00,21.77,0.49,0.5,0.495,0.01,1023.13,210.0,99
2026-10-06T19:24:15.649103+00:00,btc-updown-5m-1791314400,5,5339855,56460608788701796581613813248153298475421999146191230114475048107874368747021,2026-10-06T19:20:00+00:00,2026-10-06T19:25:00+00:00,0.75,0.96,0.97,0.965,0.01,1385.94,140.69,98
2026-10-06T19:24:15.649103+00:00,btc-updown-5m-1791314700,5,5340077,2745821117418887729639602715464580160107122216215035279876916750951679550509,2026-10-06T19:25:00+00:00,2026-10-06T19:30:00+00:00,5.75,0.49,0.5,0.495,0.01,253.15,23.0,99
2026-10-06T19:24:15.649103+00:00,btc-updown-15m-1791314100,15,5339846,27324288973158793138903595588315012235897647485035966044473927525622280175401,2026-10-06T19:15:00+00:00,2026-10-06T19:30:00+00:00,5.75,0.45,0.46,0.455,0.01,1302.5,80.0,99
2026-10-06T19:24:15.649103+00:00,btc-updown-15m-1791315000,15,5340101,50653987953847430701395010227523032455501956921288672377057463759427212411185,2026-10-06T19:30:00+00:00,2026-10-06T19:45:00+00:00,20.75,0.49,0.5,0.495,0.01,1023.13,210.0,99
2026-10-06T19:25:17.124003+00:00,btc-updown-5m-1791314700,5,5340077,2745821117418887729639602715464580160107122216215035279876916750951679550509,2026-10-06T19:25:00+00:00,2026-10-06T19:30:00+00:00,4.72,0.4,0.41,0.405,0.01,307.99,534.86,99
2026-10-06T19:25:17.124003+00:00,btc-updown-5m-1791315000,5,5340092,33112337431839619807264944095465987686683000534257914486805731904334437337625,2026-10-06T19:30:00+00:00,2026-10-06T19:35:00+00:00,9.72,0.5,0.51,0.505,0.01,125.49,20.0,99
2026-10-06T19:25:17.124003+00:00,btc-updown-15m-1791314100,15,5339846,27324288973158793138903595588315012235897647485035966044473927525622280175401,2026-10-06T19:15:00+00:00,2026-10-06T19:30:00+00:00,4.72,0.37,0.38,0.375,0.01,100.0,306.69,99
2026-10-06T19:25:17.124003+00:00,btc-updown-15m-1791315000,15,5340101,50653987953847430701395010227523032455501956921288672377057463759427212411185,2026-10-06T19:30:00+00:00,2026-10-06T19:45:00+00:00,19.72,0.49,0.5,0.495,0.01,1038.13,184.08,99
2026-10-06T19:26:18.369902+00:00,btc-updown-5m-1791314700,5,5340077,2745821117418887729639602715464580160107122216215035279876916750951679550509,2026-10-06T19:25:00+00:00,2026-10-06T19:30:00+00:00,3.7,0.22,0.23,0.225,0.01,4816.67,34.85,99
2026-10-06T19:26:18.369902+00:00,btc-updown-5m-1791315000,5,5340092,33112337431839619807264944095465987686683000534257914486805731904334437337625,2026-10-06T19:30:00+00:00,2026-10-06T19:35:00+00:00,8.7,0.5,0.51,0.505,0.01,130.49,270.0,99
2026-10-06T19:26:18.369902+00:00,btc-updown-15m-1791314100,15,5339846,27324288973158793138903595588315012235897647485035966044473927525622280175401,2026-10-06T19:15:00+00:00,2026-10-06T19:30:00+00:00,3.7,0.23,0.24,0.235,0.01,117.7,432.75,99
2026-10-06T19:26:18.369902+00:00,btc-updown-15m-1791315000,15,5340101,50653987953847430701395010227523032455501956921288672377057463759427212411185,2026-10-06T19:30:00+00:00,2026-10-06T19:45:00+00:00,18.7,0.49,0.5,0.495,0.01,1188.13,184.08,99
2026-10-06T19:27:19.554448+00:00,btc-updown-5m-1791314700,5,5340077,2745821117418887729639602715464580160107122216215035279876916750951679550509,2026-10-06T19:25:00+00:00,2026-10-06T19:30:00+00:00,2.68,0.26,0.27,0.265,0.01,132.52,1065.47,99
2026-10-06T19:27:19.554448+00:00,btc-updown-5m-1791315000,5,5340092,33112337431839619807264944095465987686683000534257914486805731904334437337625,2026-10-06T19:30:00+00:00,2026-10-06T19:35:00+00:00,7.68,0.5,0.51,0.505,0.01,134.38,270.19,99
2026-10-06T19:27:19.554448+00:00,btc-updown-15m-1791314100,15,5339846,27324288973158793138903595588315012235897647485035966044473927525622280175401,2026-10-06T19:15:00+00:00,2026-10-06T19:30:00+00:00,2.68,0.25,0.26,0.255,0.01,1345.66,186.65,99
2026-10-06T19:27:19.554448+00:00,btc-updown-15m-1791315000,15,5340101,50653987953847430701395010227523032455501956921288672377057463759427212411185,2026-10-06T19:30:00+00:00,2026-10-06T19:45:00+00:00,17.68,0.49,0.5,0.495,0.01,1478.13,184.08,99
2026-10-06T19:28:20.775513+00:00,btc-updown-5m-1791314700,5,5340077,2745821117418887729639602715464580160107122216215035279876916750951679550509,2026-10-06T19:25:00+00:00,2026-10-06T19:30:00+00:00,1.67,0.91,0.92,0.915,0.01,582.99,381.45,99
2026-10-06T19:28:20.775513+00:00,btc-updown-5m-1791315000,5,5340092,33112337431839619807264944095465987686683000534257914486805731904334437337625,2026-10-06T19:30:00+00:00,2026-10-06T19:35:00+00:00,6.67,0.5,0.51,0.505,0.01,476.29,406.09,99
2026-10-06T19:28:20.775513+00:00,btc-updown-15m-1791314100,15,5339846,27324288973158793138903595588315012235897647485035966044473927525622280175401,2026-10-06T19:15:00+00:00,2026-10-06T19:30:00+00:00,1.67,0.9,0.91,0.905,0.01,285.41,155.85,96
2026-10-06T19:28:20.775513+00:00,btc-updown-15m-1791315000,15,5340101,50653987953847430701395010227523032455501956921288672377057463759427212411185,2026-10-06T19:30:00+00:00,2026-10-06T19:45:00+00:00,16.67,0.49,0.5,0.495,0.01,908.13,139.08,99
2026-10-06T19:29:21.942407+00:00,btc-updown-5m-1791314700,5,5340077,2745821117418887729639602715464580160107122216215035279876916750951679550509,2026-10-06T19:25:00+00:00,2026-10-06T19:30:00+00:00,0.65,0.98,0.99,0.985,0.01,1186.77,1383.43,96
2026-10-06T19:29:21.942407+00:00,btc-updown-5m-1791315000,5,5340092,33112337431839619807264944095465987686683000534257914486805731904334437337625,2026-10-06T19:30:00+00:00,2026-10-06T19:35:00+00:00,5.65,0.5,0.51,0.505,0.01,28.12,479.16,99
2026-10-06T19:29:21.942407+00:00,btc-updown-15m-1791314100,15,5339846,27324288973158793138903595588315012235897647485035966044473927525622280175401,2026-10-06T19:15:00+00:00,2026-10-06T19:30:00+00:00,0.65,0.97,0.98,0.975,0.01,771.31,118.6,80
2026-10-06T19:29:21.942407+00:00,btc-updown-15m-1791315000,15,5340101,50653987953847430701395010227523032455501956921288672377057463759427212411185,2026-10-06T19:30:00+00:00,2026-10-06T19:45:00+00:00,15.65,0.49,0.5,0.495,0.01,305.1,136.58,89
2026-10-06T19:30:23.137303+00:00,btc-updown-5m-1791315000,5,5340092,33112337431839619807264944095465987686683000534257914486805731904334437337625,2026-10-06T19:30:00+00:00,2026-10-06T19:35:00+00:00,4.62,0.75,0.76,0.755,0.01,198.0,1391.73,99
2026-10-06T19:30:23.137303+00:00,btc-updown-5m-1791315300,5,5340147,11054969739439486849185900601188233472525123628900254928914854221855684161011,2026-10-06T19:35:00+00:00,2026-10-06T19:40:00+00:00,9.62,0.5,0.51,0.505,0.01,110.71,643.44,99
2026-10-06T19:30:23.137303+00:00,btc-updown-15m-1791315000,15,5340101,50653987953847430701395010227523032455501956921288672377057463759427212411185,2026-10-06T19:30:00+00:00,2026-10-06T19:45:00+00:00,14.62,0.63,0.64,0.635,0.01,2503.28,98.85,99
2026-10-06T19:30:23.137303+00:00,btc-updown-15m-1791315900,15,5340173,82052142403897697488677644417437351802522612092729738658881540068160626540673,2026-10-06T19:45:00+00:00,2026-10-06T20:00:00+00:00,29.62,0.5,0.51,0.505,0.01,50.0,290.0,99
2026-10-06T19:31:24.362633+00:00,btc-updown-5m-1791315000,5,5340092,33112337431839619807264944095465987686683000534257914486805731904334437337625,2026-10-06T19:30:00+00:00,2026-10-06T19:35:00+00:00,3.6,0.71,0.72,0.715,0.01,1733.0,81.48,99
2026-10-06T19:31:24.362633+00:00,btc-updown-5m-1791315300,5,5340147,11054969739439486849185900601188233472525123628900254928914854221855684161011,2026-10-06T19:35:00+00:00,2026-10-06T19:40:00+00:00,8.6,0.5,0.51,0.505,0.01,107.87,648.44,99
2026-10-06T19:31:24.362633+00:00,btc-updown-15m-1791315000,15,5340101,50653987953847430701395010227523032455501956921288672377057463759427212411185,2026-10-06T19:30:00+00:00,2026-10-06T19:45:00+00:00,13.6,0.6,0.61,0.605,0.01,587.07,90.0,99
2026-10-06T19:31:24.362633+00:00,btc-updown-15m-1791315900,15,5340173,82052142403897697488677644417437351802522612092729738658881540068160626540673,2026-10-06T19:45:00+00:00,2026-10-06T20:00:00+00:00,28.6,0.5,0.51,0.505,0.01,125.0,295.0,99
2026-10-06T19:32:25.522206+00:00,btc-updown-5m-1791315000,5,5340092,33112337431839619807264944095465987686683000534257914486805731904334437337625,2026-10-06T19:30:00+00:00,2026-10-06T19:35:00+00:00,2.58,0.97,0.98,0.975,0.01,657.1,325.0,99
2026-10-06T19:32:25.522206+00:00,btc-updown-5m-1791315300,5,5340147,11054969739439486849185900601188233472525123628900254928914854221855684161011,2026-10-06T19:35:00+00:00,2026-10-06T19:40:00+00:00,7.58,0.5,0.51,0.505,0.01,107.87,1026.89,99
2026-10-06T19:32:25.522206+00:00,btc-updown-15m-1791315000,15,5340101,50653987953847430701395010227523032455501956921288672377057463759427212411185,2026-10-06T19:30:00+00:00,2026-10-06T19:45:00+00:00,12.58,0.79,0.8,0.795,0.01,418.42,297.0,98
2026-10-06T19:32:25.522206+00:00,btc-updown-15m-1791315900,15,5340173,82052142403897697488677644417437351802522612092729738658881540068160626540673,2026-10-06T19:45:00+00:00,2026-10-06T20:00:00+00:00,27.58,0.5,0.51,0.505,0.01,25.0,480.0,99
2026-10-06T19:33:26.706872+00:00,btc-updown-5m-1791315300,5,5340147,11054969739439486849185900601188233472525123628900254928914854221855684161011,2026-10-06T19:35:00+00:00,2026-10-06T19:40:00+00:00,6.57,0.49,0.5,0.495,0.01,281.0,173.0,99
2026-10-06T19:33:26.706872+00:00,btc-updown-15m-1791315000,15,5340101,50653987953847430701395010227523032455501956921288672377057463759427212411185,2026-10-06T19:30:00+00:00,2026-10-06T19:45:00+00:00,11.57,0.85,0.86,0.855,0.01,1375.47,85.0,97
2026-10-06T19:33:26.706872+00:00,btc-updown-15m-1791315900,15,5340173,82052142403897697488677644417437351802522612092729738658881540068160626540673,2026-10-06T19:45:00+00:00,2026-10-06T20:00:00+00:00,26.57,0.5,0.51,0.505,0.01,25.0,480.0,99
2026-10-06T19:34:27.725910+00:00,btc-updown-5m-1791315300,5,5340147,11054969739439486849185900601188233472525123628900254928914854221855684161011,2026-10-06T19:35:00+00:00,2026-10-06T19:40:00+00:00,5.55,0.45,0.46,0.455,0.01,110.0,20.0,99
2026-10-06T19:34:27.725910+00:00,btc-updown-15m-1791315000,15,5340101,50653987953847430701395010227523032455501956921288672377057463759427212411185,2026-10-06T19:30:00+00:00,2026-10-06T19:45:00+00:00,10.55,0.72,0.73,0.725,0.01,135.0,558.06,96
2026-10-06T19:34:27.725910+00:00,btc-updown-15m-1791315900,15,5340173,82052142403897697488677644417437351802522612092729738658881540068160626540673,2026-10-06T19:45:00+00:00,2026-10-06T20:00:00+00:00,25.55,0.5,0.51,0.505,0.01,100.0,360.0,99
2026-10-06T19:35:28.848277+00:00,btc-updown-5m-1791315300,5,5340147,11054969739439486849185900601188233472525123628900254928914854221855684161011,2026-10-06T19:35:00+00:00,2026-10-06T19:40:00+00:00,4.53,0.23,0.24,0.235,0.01,282.74,892.36,99
2026-10-06T19:35:28.848277+00:00,btc-updown-5m-1791315600,5,5340160,33612923067488619634582146807885929040196559264735941300814800013897296148123,2026-10-06T19:40:00+00:00,2026-10-06T19:45:00+00:00,9.53,0.5,0.51,0.505,0.01,86.55,768.95,99
2026-10-06T19:35:28.848277+00:00,btc-updown-15m-1791315000,15,5340101,50653987953847430701395010227523032455501956921288672377057463759427212411185,2026-10-06T19:30:00+00:00,2026-10-06T19:45:00+00:00,9.53,0.58,0.59,0.585,0.01,372.0,448.2,98
2026-10-06T19:35:28.848277+00:00,btc-updown-15m-1791315900,15,5340173,82052142403897697488677644417437351802522612092729738658881540068160626540673,2026-10-06T19:45:00+00:00,2026-10-06T20:00:00+00:00,24.53,0.5,0.51,0.505,0.01,145.0,245.0,99
2026-10-06T19:36:30.067514+00:00,btc-updown-5m-1791315300,5,5340147,11054969739439486849185900601188233472525123628900254928914854221855684161011,2026-10-06T19:35:00+00:00,2026-10-06T19:40:00+00:00,3.5,0.35,0.36,0.355,0.01,1633.49,42.25,99
2026-10-06T19:36:30.067514+00:00,btc-updown-5m-1791315600,5,5340160,33612923067488619634582146807885929040196559264735941300814800013897296148123,2026-10-06T19:40:00+00:00,2026-10-06T19:45:00+00:00,8.5,0.5,0.51,0.505,0.01,86.46,773.15,99
2026-10-06T19:36:30.067514+00:00,btc-updown-15m-1791315000,15,5340101,50653987953847430701395010227523032455501956921288672377057463759427212411185,2026-10-06T19:30:00+00:00,2026-10-06T19:45:00+00:00,8.5,0.68,0.69,0.685,0.01,1226.19,43.0,99
2026-10-06T19:36:30.067514+00:00,btc-updown-15m-1791315900,15,5340173,82052142403897697488677644417437351802522612092729738658881540068160626540673,2026-10-06T19:45:00+00:00,2026-10-06T20:00:00+00:00,23.5,0.5,0.51,0.505,0.01,105.0,285.0,99
2026-10-06T19:37:31.340819+00:00,btc-updown-5m-1791315300,5,5340147,11054969739439486849185900601188233472525123628900254928914854221855684161011,2026-10-06T19:35:00+00:00,2026-10-06T19:40:00+00:00,2.48,0.21,0.22,0.215,0.01,741.51,485.0,99
2026-10-06T19:37:31.340819+00:00,btc-updown-5m-1791315600,5,5340160,33612923067488619634582146807885929040196559264735941300814800013897296148123,2026-10-06T19:40:00+00:00,2026-10-06T19:45:00+00:00,7.48,0.5,0.51,0.505,0.01,91.46,969.03,99
2026-10-06T19:37:31.340819+00:00,btc-updown-15m-1791315000,15,5340101,50653987953847430701395010227523032455501956921288672377057463759427212411185,2026-10-06T19:30:00+00:00,2026-10-06T19:45:00+00:00,7.48,0.64,0.65,0.645,0.01,2928.35,89.0,96
2026-10-06T19:37:31.340819+00:00,btc-updown-15m-1791315900,15,5340173,82052142403897697488677644417437351802522612092729738658881540068160626540673,2026-10-06T19:45:00+00:00,2026-10-06T20:00:00+00:00,22.48,0.5,0.51,0.505,0.01,145.0,245.0,99
2026-10-06T19:38:32.485611+00:00,btc-updown-5m-1791315300,5,5340147,11054969739439486849185900601188233472525123628900254928914854221855684161011,2026-10-06T19:35:00+00:00,2026-10-06T19:40:00+00:00,1.47,0.02,0.03,0.025,0.01,1607.08,1265.91,99
2026-10-06T19:38:32.485611+00:00,btc-updown-5m-1791315600,5,5340160,33612923067488619634582146807885929040196559264735941300814800013897296148123,2026-10-06T19:40:00+00:00,2026-10-06T19:45:00+00:00,6.47,0.5,0.51,0.505,0.01,111.46,690.23,99
2026-10-06T19:38:32.485611+00:00,btc-updown-15m-1791315000,15,5340101,50653987953847430701395010227523032455501956921288672377057463759427212411185,2026-10-06T19:30:00+00:00,2026-10-06T19:45:00+00:00,6.47,0.48,0.49,0.485,0.01,190.89,361.28,98
2026-10-06T19:38:32.485611+00:00,btc-updown-15m-1791315900,15,5340173,82052142403897697488677644417437351802522612092729738658881540068160626540673,2026-10-06T19:45:00+00:00,2026-10-06T20:00:00+00:00,21.47,0.5,0.51,0.505,0.01,145.0,245.0,99
2026-10-06T19:39:33.682507+00:00,btc-updown-5m-1791315600,5,5340160,33612923067488619634582146807885929040196559264735941300814800013897296148123,2026-10-06T19:40:00+00:00,2026-10-06T19:45:00+00:00,5.45,0.51,0.52,0.515,0.01,180.0,60.0,99
2026-10-06T19:39:33.682507+00:00,btc-updown-15m-1791315000,15,5340101,50653987953847430701395010227523032455501956921288672377057463759427212411185,2026-10-06T19:30:00+00:00,2026-10-06T19:45:00+00:00,5.45,0.63,0.64,0.635,0.01,129.0,182.0,96
2026-10-06T19:39:33.682507+00:00,btc-updown-15m-1791315900,15,5340173,82052142403897697488677644417437351802522612092729738658881540068160626540673,2026-10-06T19:45:00+00:00,2026-10-06T20:00:00+00:00,20.45,0.5,0.51,0.505,0.01,205.0,245.0,99
2026-10-06T19:40:35.066270+00:00,btc-updown-5m-1791315600,5,5340160,33612923067488619634582146807885929040196559264735941300814800013897296148123,2026-10-06T19:40:00+00:00,2026-10-06T19:45:00+00:00,4.42,0.65,0.66,0.655,0.01,1791.73,156.29,99
2026-10-06T19:40:35.066270+00:00,btc-updown-5m-1791315900,5,5340183,19102561986572453636136217235363206120246939704985836545430097345726635883476,2026-10-06T19:45:00+00:00,2026-10-06T19:50:00+00:00,9.42,0.5,0.51,0.505,0.01,110.85,839.66,99
2026-10-06T19:40:35.066270+00:00,btc-updown-15m-1791315000,15,5340101,50653987953847430701395010227523032455501956921288672377057463759427212411185,2026-10-06T19:30:00+00:00,2026-10-06T19:45:00+00:00,4.42,0.81,0.82,0.815,0.01,68.0,391.15,92
2026-10-06T19:40:35.066270+00:00,btc-updown-15m-1791315900,15,5340173,82052142403897697488677644417437351802522612092729738658881540068160626540673,2026-10-06T19:45:00+00:00,2026-10-06T20:00:00+00:00,19.42,0.5,0.51,0.505,0.01,105.0,260.0,99
2026-10-06T19:41:36.244807+00:00,btc-updown-5m-1791315600,5,5340160,33612923067488619634582146807885929040196559264735941300814800013897296148123,2026-10-06T19:40:00+00:00,2026-10-06T19:45:00+00:00,3.4,0.53,0.54,0.535,0.01,2156.33,48.79,99
2026-10-06T19:41:36.244807+00:00,btc-updown-5m-1791315900,5,5340183,19102561986572453636136217235363206120246939704985836545430097345726635883476,2026-10-06T19:45:00+00:00,2026-10-06T19:50:00+00:00,8.4,0.5,0.51,0.505,0.01,100.85,1099.69,99
2026-10-06T19:41:36.244807+00:00,btc-updown-15m-1791315000,15,5340101,50653987953847430701395010227523032455501956921288672377057463759427212411185,2026-10-06T19:30:00+00:00,2026-10-06T19:45:00+00:00,3.4,0.75,0.76,0.755,0.01,317.33,50.0,96
2026-10-06T19:41:36.244807+00:00,btc-updown-15m-1791315900,15,5340173,82052142403897697488677644417437351802522612092729738658881540068160626540673,2026-10-06T19:45:00+00:00,2026-10-06T20:00:00+00:00,18.4,0.5,0.51,0.505,0.01,173.7,68.99,99
2026-10-06T19:42:37.426573+00:00,btc-updown-5m-1791315600,5,5340160,33612923067488619634582146807885929040196559264735941300814800013897296148123,2026-10-06T19:40:00+00:00,2026-10-06T19:45:00+00:00,2.38,0.56,0.57,0.565,0.01,85.0,1392.53,99
2026-10-06T19:42:37.426573+00:00,btc-updown-5m-1791315900,5,5340183,19102561986572453636136217235363206120246939704985836545430097345726635883476,2026-10-06T19:45:00+00:00,2026-10-06T19:50:00+00:00,7.38,0.5,0.51,0.505,0.01,90.85,1099.69,99
2026-10-06T19:42:37.426573+00:00,btc-updown-15m-1791315000,15,5340101,50653987953847430701395010227523032455501956921288672377057463759427212411185,2026-10-06T19:30:00+00:00,2026-10-06T19:45:00+00:00,2.38,0.82,0.83,0.825,0.01,365.24,70.0,96
2026-10-06T19:42:37.426573+00:00,btc-updown-15m-1791315900,15,5340173,82052142403897697488677644417437351802522612092729738658881540068160626540673,2026-10-06T19:45:00+00:00,2026-10-06T20:00:00+00:00,17.38,0.5,0.51,0.505,0.01,173.7,68.99,99
2026-10-06T19:43:38.702784+00:00,btc-updown-5m-1791315600,5,5340160,33612923067488619634582146807885929040196559264735941300814800013897296148123,2026-10-06T19:40:00+00:00,2026-10-06T19:45:00+00:00,1.37,0.18,0.19,0.185,0.01,35.0,2016.13,99
2026-10-06T19:43:38.702784+00:00,btc-updown-5m-1791315900,5,5340183,19102561986572453636136217235363206120246939704985836545430097345726635883476,2026-10-06T19:45:00+00:00,2026-10-06T19:50:00+00:00,6.37,0.5,0.51,0.505,0.01,104.85,1089.69,99
2026-10-06T19:43:38.702784+00:00,btc-updown-15m-1791315000,15,5340101,50653987953847430701395010227523032455501956921288672377057463759427212411185,2026-10-06T19:30:00+00:00,2026-10-06T19:45:00+00:00,1.37,0.6,0.63,0.615,0.03,30.0,155.0,82
2026-10-06T19:43:38.702784+00:00,btc-updown-15m-1791315900,15,5340173,82052142403897697488677644417437351802522612092729738658881540068160626540673,2026-10-06T19:45:00+00:00,2026-10-06T20:00:00+00:00,16.37,0.5,0.51,0.505,0.01,173.7,63.12,99
2026-10-06T19:44:39.915467+00:00,btc-updown-5m-1791315900,5,5340183,19102561986572453636136217235363206120246939704985836545430097345726635883476,2026-10-06T19:45:00+00:00,2026-10-06T19:50:00+00:00,5.35,0.47,0.48,0.475,0.01,0.56,264.54,99
2026-10-06T19:44:39.915467+00:00,btc-updown-15m-1791315000,15,5340101,50653987953847430701395010227523032455501956921288672377057463759427212411185,2026-10-06T19:30:00+00:00,2026-10-06T19:45:00+00:00,0.35,0.98,0.99,0.985,0.01,119.96,721.77,83
2026-10-06T19:44:39.915467+00:00,btc-updown-15m-1791315900,15,5340173,82052142403897697488677644417437351802522612092729738658881540068160626540673,2026-10-06T19:45:00+00:00,2026-10-06T20:00:00+00:00,15.35,0.5,0.51,0.505,0.01,15.0,100.75,85
2026-10-06T19:45:41.313989+00:00,btc-updown-5m-1791315900,5,5340183,19102561986572453636136217235363206120246939704985836545430097345726635883476,2026-10-06T19:45:00+00:00,2026-10-06T19:50:00+00:00,4.32,0.77,0.78,0.775,0.01,215.42,439.31,99
2026-10-06T19:45:41.313989+00:00,btc-updown-5m-1791316200,5,5340250,36590021527302482290409649080895909519619252481059921925826463142133446758393,2026-10-06T19:50:00+00:00,2026-10-06T19:55:00+00:00,9.32,0.5,0.51,0.505,0.01,86.49,537.38,99
2026-10-06T19:45:41.313989+00:00,btc-updown-15m-1791315900,15,5340173,82052142403897697488677644417437351802522612092729738658881540068160626540673,2026-10-06T19:45:00+00:00,2026-10-06T20:00:00+00:00,14.32,0.63,0.64,0.635,0.01,729.6,18.0,99
2026-10-06T19:45:41.313989+00:00,btc-updown-15m-1791316800,15,5340507,82152818997252815041452773344732907177534211722094490132923181492024516348487,2026-10-06T20:00:00+00:00,2026-10-06T20:15:00+00:00,29.32,0.5,0.51,0.505,0.01,25.0,295.0,99
2026-10-06T19:46:42.483155+00:00,btc-updown-5m-1791315900,5,5340183,19102561986572453636136217235363206120246939704985836545430097345726635883476,2026-10-06T19:45:00+00:00,2026-10-06T19:50:00+00:00,3.3,0.94,0.95,0.945,0.01,572.09,659.15,99
2026-10-06T19:46:42.483155+00:00,btc-updown-5m-1791316200,5,5340250,36590021527302482290409649080895909519619252481059921925826463142133446758393,2026-10-06T19:50:00+00:00,2026-10-06T19:55:00+00:00,8.3,0.5,0.51,0.505,0.01,101.3,341.0,99
2026-10-06T19:46:42.483155+00:00,btc-updown-15m-1791315900,15,5340173,82052142403897697488677644417437351802522612092729738658881540068160626540673,2026-10-06T19:45:00+00:00,2026-10-06T20:00:00+00:00,13.3,0.77,0.78,0.775,0.01,325.65,342.63,96
2026-10-06T19:46:42.483155+00:00,btc-updown-15m-1791316800,15,5340507,82152818997252815041452773344732907177534211722094490132923181492024516348487,2026-10-06T20:00:00+00:00,2026-10-06T20:15:00+00:00,28.3,0.5,0.51,0.505,0.01,25.0,575.0,99
2026-10-06T19:47:43.734047+00:00,btc-updown-5m-1791315900,5,5340183,19102561986572453636136217235363206120246939704985836545430097345726635883476,2026-10-06T19:45:00+00:00,2026-10-06T19:50:00+00:00,2.28,0.98,0.99,0.985,0.01,2320.75,1530.65,99
2026-10-06T19:47:43.734047+00:00,btc-updown-5m-1791316200,5,5340250,36590021527302482290409649080895909519619252481059921925826463142133446758393,2026-10-06T19:50:00+00:00,2026-10-06T19:55:00+00:00,7.28,0.5,0.51,0.505,0.01,83.3,381.09,99
2026-10-06T19:47:43.734047+00:00,btc-updown-15m-1791315900,15,5340173,82052142403897697488677644417437351802522612092729738658881540068160626540673,2026-10-06T19:45:00+00:00,2026-10-06T20:00:00+00:00,12.28,0.83,0.84,0.835,0.01,659.1,30.0,97
2026-10-06T19:47:43.734047+00:00,btc-updown-15m-1791316800,15,5340507,82152818997252815041452773344732907177534211722094490132923181492024516348487,2026-10-06T20:00:00+00:00,2026-10-06T20:15:00+00:00,27.28,0.5,0.51,0.505,0.01,25.0,550.0,99
2026-10-06T19:48:45.322479+00:00,btc-updown-5m-1791316200,5,5340250,36590021527302482290409649080895909519619252481059921925826463142133446758393,2026-10-06T19:50:00+00:00,2026-10-06T19:55:00+00:00,6.25,0.48,0.49,0.485,0.01,585.97,19.78,99
2026-10-06T19:48:45.322479+00:00,btc-updown-15m-1791315900,15,5340173,82052142403897697488677644417437351802522612092729738658881540068160626540673,2026-10-06T19:45:00+00:00,2026-10-06T20:00:00+00:00,11.25,0.91,0.92,0.915,0.01,307.74,2755.99,99
2026-10-06T19:48:45.322479+00:00,btc-updown-15m-1791316800,15,5340507,82152818997252815041452773344732907177534211722094490132923181492024516348487,2026-10-06T20:00:00+00:00,2026-10-06T20:15:00+00:00,26.25,0.5,0.51,0.505,0.01,25.0,657.04,99
2026-10-06T19:49:46.458866+00:00,btc-updown-5m-1791316200,5,5340250,36590021527302482290409649080895909519619252481059921925826463142133446758393,2026-10-06T19:50:00+00:00,2026-10-06T19:55:00+00:00,5.23,0.5,0.51,0.505,0.01,45.0,323.37,99
2026-10-06T19:49:46.458866+00:00,btc-updown-15m-1791315900,15,5340173,82052142403897697488677644417437351802522612092729738658881540068160626540673,2026-10-06T19:45:00+00:00,2026-10-06T20:00:00+00:00,10.23,0.89,0.9,0.895,0.01,94.99,467.97,99
2026-10-06T19:49:46.458866+00:00,btc-updown-15m-1791316800,15,5340507,82152818997252815041452773344732907177534211722094490132923181492024516348487,2026-10-06T20:00:00+00:00,2026-10-06T20:15:00+00:00,25.23,0.5,0.51,0.505,0.01,25.0,657.04,99
2026-10-06T19:50:47.658630+00:00,btc-updown-5m-1791316200,5,5340250,36590021527302482290409649080895909519619252481059921925826463142133446758393,2026-10-06T19:50:00+00:00,2026-10-06T19:55:00+00:00,4.22,0.23,0.24,0.235,0.01,1729.43,46.66,99
2026-10-06T19:50:47.658630+00:00,btc-updown-5m-1791316500,5,5340402,31154737173929703916709946989351648520038863205853435233976901580041553884341,2026-10-06T19:55:00+00:00,2026-10-06T20:00:00+00:00,9.22,0.5,0.51,0.505,0.01,70.96,893.38,99
2026-10-06T19:50:47.658630+00:00,btc-updown-15m-1791315900,15,5340173,82052142403897697488677644417437351802522612092729738658881540068160626540673,2026-10-06T19:45:00+00:00,2026-10-06T20:00:00+00:00,9.22,0.84,0.85,0.845,0.01,708.47,12.92,99
2026-10-06T19:50:47.658630+00:00,btc-updown-15m-1791316800,15,5340507,82152818997252815041452773344732907177534211722094490132923181492024516348487,2026-10-06T20:00:00+00:00,2026-10-06T20:15:00+00:00,24.22,0.5,0.51,0.505,0.01,30.0,684.49,99
2026-10-06T19:51:48.856647+00:00,btc-updown-5m-1791316200,5,5340250,36590021527302482290409649080895909519619252481059921925826463142133446758393,2026-10-06T19:50:00+00:00,2026-10-06T19:55:00+00:00,3.2,0.3,0.32,0.31,0.02,59.21,75.0,98
2026-10-06T19:51:48.856647+00:00,btc-updown-5m-1791316500,5,5340402,31154737173929703916709946989351648520038863205853435233976901580041553884341,2026-10-06T19:55:00+00:00,2026-10-06T20:00:00+00:00,8.2,0.5,0.51,0.505,0.01,65.96,883.38,99
2026-10-06T19:51:48.856647+00:00,btc-updown-15m-1791315900,15,5340173,82052142403897697488677644417437351802522612092729738658881540068160626540673,2026-10-06T19:45:00+00:00,2026-10-06T20:00:00+00:00,8.2,0.89,0.9,0.895,0.01,87.05,475.93,99
2026-10-06T19:51:48.856647+00:00,btc-updown-15m-1791316800,15,5340507,82152818997252815041452773344732907177534211722094490132923181492024516348487,2026-10-06T20:00:00+00:00,2026-10-06T20:15:00+00:00,23.2,0.5,0.51,0.505,0.01,30.0,684.49,99
2026-10-06T19:52:49.999592+00:00,btc-updown-5m-1791316200,5,5340250,36590021527302482290409649080895909519619252481059921925826463142133446758393,2026-10-06T19:50:00+00:00,2026-10-06T19:55:00+00:00,2.18,0.05,0.06,0.055,0.01,524.65,366.98,99
2026-10-06T19:52:49.999592+00:00,btc-updown-5m-1791316500,5,5340402,31154737173929703916709946989351648520038863205853435233976901580041553884341,2026-10-06T19:55:00+00:00,2026-10-06T20:00:00+00:00,7.18,0.5,0.51,0.505,0.01,65.96,1182.49,99
2026-10-06T19:52:49.999592+00:00,btc-updown-15m-1791315900,15,5340173,82052142403897697488677644417437351802522612092729738658881540068160626540673,2026-10-06T19:45:00+00:00,2026-10-06T20:00:00+00:00,7.18,0.84,0.85,0.845,0.01,205.0,609.78,99
2026-10-06T19:52:49.999592+00:00,btc-updown-15m-1791316800,15,5340507,82152818997252815041452773344732907177534211722094490132923181492024516348487,2026-10-06T20:00:00+00:00,2026-10-06T20:15:00+00:00,22.18,0.5,0.51,0.505,0.01,105.0,524.49,99
2026-10-06T19:53:51.201316+00:00,btc-updown-5m-1791316200,5,5340250,36590021527302482290409649080895909519619252481059921925826463142133446758393,2026-10-06T19:50:00+00:00,2026-10-06T19:55:00+00:00,1.15,0.02,0.03,0.025,0.01,480.02,1778.55,99
2026-10-06T19:53:51.201316+00:00,btc-updown-5m-1791316500,5,5340402,31154737173929703916709946989351648520038863205853435233976901580041553884341,2026-10-06T19:55:00+00:00,2026-10-06T20:00:00+00:00,6.15,0.5,0.51,0.505,0.01,64.96,196.0,99
2026-10-06T19:53:51.201316+00:00,btc-updown-15m-1791315900,15,5340173,82052142403897697488677644417437351802522612092729738658881540068160626540673,2026-10-06T19:45:00+00:00,2026-10-06T20:00:00+00:00,6.15,0.89,0.9,0.895,0.01,2205.07,183.0,99
2026-10-06T19:53:51.201316+00:00,btc-updown-15m-1791316800,15,5340507,82152818997252815041452773344732907177534211722094490132923181492024516348487,2026-10-06T20:00:00+00:00,2026-10-06T20:15:00+00:00,21.15,0.5,0.51,0.505,0.01,105.0,422.45,99
2026-10-06T19:54:52.367167+00:00,btc-updown-5m-1791316500,5,5340402,31154737173929703916709946989351648520038863205853435233976901580041553884341,2026-10-06T19:55:00+00:00,2026-10-06T20:00:00+00:00,5.13,0.54,0.55,0.545,0.01,118.86,296.8,99
2026-10-06T19:54:52.367167+00:00,btc-updown-15m-1791315900,15,5340173,82052142403897697488677644417437351802522612092729738658881540068160626540673,2026-10-06T19:45:00+00:00,2026-10-06T20:00:00+00:00,5.13,0.93,0.94,0.935,0.01,370.0,773.93,99
2026-10-06T19:54:52.367167+00:00,btc-updown-15m-1791316800,15,5340507,82152818997252815041452773344732907177534211722094490132923181492024516348487,2026-10-06T20:00:00+00:00,2026-10-06T20:15:00+00:00,20.13,0.5,0.51,0.505,0.01,30.0,524.49,99
2026-10-06T19:55:53.528818+00:00,btc-updown-5m-1791316500,5,5340402,31154737173929703916709946989351648520038863205853435233976901580041553884341,2026-10-06T19:55:00+00:00,2026-10-06T20:00:00+00:00,4.12,0.74,0.75,0.745,0.01,135.0,1095.64,99
2026-10-06T19:55:53.528818+00:00,btc-updown-5m-1791316800,5,5340537,9283820016980198063709531126224664269071687816903742018234791534425509484778,2026-10-06T20:00:00+00:00,2026-10-06T20:05:00+00:00,9.12,0.5,0.51,0.505,0.01,148.9,635.56,99
2026-10-06T19:55:53.528818+00:00,btc-updown-15m-1791315900,15,5340173,82052142403897697488677644417437351802522612092729738658881540068160626540673,2026-10-06T19:45:00+00:00,2026-10-06T20:00:00+00:00,4.12,0.97,0.98,0.975,0.01,384.57,470.85,99
2026-10-06T19:55:53.528818+00:00,btc-updown-15m-1791316800,15,5340507,82152818997252815041452773344732907177534211722094490132923181492024516348487,2026-10-06T20:00:00+00:00,2026-10-06T20:15:00+00:00,19.12,0.5,0.51,0.505,0.01,30.0,699.49,99
2026-10-06T19:56:54.681092+00:00,btc-updown-5m-1791316500,5,5340402,31154737173929703916709946989351648520038863205853435233976901580041553884341,2026-10-06T19:55:00+00:00,2026-10-06T20:00:00+00:00,3.1,0.79,0.8,0.795,0.01,392.09,516.09,99
2026-10-06T19:56:54.681092+00:00,btc-updown-5m-1791316800,5,5340537,9283820016980198063709531126224664269071687816903742018234791534425509484778,2026-10-06T20:00:00+00:00,2026-10-06T20:05:00+00:00,8.1,0.5,0.51,0.505,0.01,143.9,500.56,99
2026-10-06T19:56:54.681092+00:00,btc-updown-15m-1791315900,15,5340173,82052142403897697488677644417437351802522612092729738658881540068160626540673,2026-10-06T19:45:00+00:00,2026-10-06T20:00:00+00:00,3.1,0.98,0.99,0.985,0.01,579.18,174.82,92
2026-10-06T19:56:54.681092+00:00,btc-updown-15m-1791316800,15,5340507,82152818997252815041452773344732907177534211722094490132923181492024516348487,2026-10-06T20:00:00+00:00,2026-10-06T20:15:00+00:00,18.1,0.5,0.51,0.505,0.01,100.0,529.79,99
2026-10-06T19:57:55.909814+00:00,btc-updown-5m-1791316500,5,5340402,31154737173929703916709946989351648520038863205853435233976901580041553884341,2026-10-06T19:55:00+00:00,2026-10-06T20:00:00+00:00,2.08,0.92,0.93,0.925,0.01,714.4,185.89,99
2026-10-06T19:57:55.909814+00:00,btc-updown-5m-1791316800,5,5340537,9283820016980198063709531126224664269071687816903742018234791534425509484778,2026-10-06T20:00:00+00:00,2026-10-06T20:05:00+00:00,7.08,0.5,0.51,0.505,0.01,143.9,498.59,99
2026-10-06T19:57:55.909814+00:00,btc-updown-15m-1791316800,15,5340507,82152818997252815041452773344732907177534211722094490132923181492024516348487,2026-10-06T20:00:00+00:00,2026-10-06T20:15:00+00:00,17.08,0.5,0.51,0.505,0.01,100.0,682.85,99
2026-10-06T19:58:56.967922+00:00,btc-updown-5m-1791316800,5,5340537,9283820016980198063709531126224664269071687816903742018234791534425509484778,2026-10-06T20:00:00+00:00,2026-10-06T20:05:00+00:00,6.07,0.5,0.51,0.505,0.01,157.51,10.0,99
2026-10-06T19:58:56.967922+00:00,btc-updown-15m-1791316800,15,5340507,82152818997252815041452773344732907177534211722094490132923181492024516348487,2026-10-06T20:00:00+00:00,2026-10-06T20:15:00+00:00,16.07,0.5,0.51,0.505,0.01,30.0,549.24,99
2026-10-06T19:59:57.921500+00:00,btc-updown-5m-1791316800,5,5340537,9283820016980198063709531126224664269071687816903742018234791534425509484778,2026-10-06T20:00:00+00:00,2026-10-06T20:05:00+00:00,5.05,0.49,0.5,0.495,0.01,216.0,316.8,99
2026-10-06T19:59:57.921500+00:00,btc-updown-15m-1791316800,15,5340507,82152818997252815041452773344732907177534211722094490132923181492024516348487,2026-10-06T20:00:00+00:00,2026-10-06T20:15:00+00:00,15.05,0.48,0.49,0.485,0.01,142.0,60.0,84
2026-10-06T20:00:58.942779+00:00,btc-updown-5m-1791316800,5,5340537,9283820016980198063709531126224664269071687816903742018234791534425509484778,2026-10-06T20:00:00+00:00,2026-10-06T20:05:00+00:00,4.03,0.55,0.56,0.555,0.01,45.0,1428.91,99
2026-10-06T20:00:58.942779+00:00,btc-updown-5m-1791317100,5,5340593,111956524739838388850255166075331215165952176733984725759855862971584938522872,2026-10-06T20:05:00+00:00,2026-10-06T20:10:00+00:00,9.03,0.49,0.5,0.495,0.01,51.33,201.0,99
2026-10-06T20:00:58.942779+00:00,btc-updown-15m-1791316800,15,5340507,82152818997252815041452773344732907177534211722094490132923181492024516348487,2026-10-06T20:00:00+00:00,2026-10-06T20:15:00+00:00,14.03,0.53,0.54,0.535,0.01,206.0,359.42,99
2026-10-06T20:00:58.942779+00:00,btc-updown-15m-1791317700,15,5340922,5611143222257009675034740560448934075402901598158600733798667858933964804370,2026-10-06T20:15:00+00:00,2026-10-06T20:30:00+00:00,29.03,0.5,0.51,0.505,0.01,25.0,562.04,99
2026-10-06T20:02:00.318357+00:00,btc-updown-5m-1791316800,5,5340537,9283820016980198063709531126224664269071687816903742018234791534425509484778,2026-10-06T20:00:00+00:00,2026-10-06T20:05:00+00:00,3.0,0.27,0.28,0.275,0.01,109.24,1528.47,99
2026-10-06T20:02:00.318357+00:00,btc-updown-5m-1791317100,5,5340593,111956524739838388850255166075331215165952176733984725759855862971584938522872,2026-10-06T20:05:00+00:00,2026-10-06T20:10:00+00:00,8.0,0.49,0.5,0.495,0.01,25.0,211.0,99
2026-10-06T20:02:00.318357+00:00,btc-updown-15m-1791316800,15,5340507,82152818997252815041452773344732907177534211722094490132923181492024516348487,2026-10-06T20:00:00+00:00,2026-10-06T20:15:00+00:00,13.0,0.41,0.42,0.415,0.01,290.19,292.73,99
2026-10-06T20:02:00.318357+00:00,btc-updown-15m-1791317700,15,5340922,5611143222257009675034740560448934075402901598158600733798667858933964804370,2026-10-06T20:15:00+00:00,2026-10-06T20:30:00+00:00,28.0,0.5,0.51,0.505,0.01,25.0,512.04,99
2026-10-06T20:03:01.614793+00:00,btc-updown-5m-1791316800,5,5340537,9283820016980198063709531126224664269071687816903742018234791534425509484778,2026-10-06T20:00:00+00:00,2026-10-06T20:05:00+00:00,1.98,0.37,0.38,0.375,0.01,58.51,1098.35,99
2026-10-06T20:03:01.614793+00:00,btc-updown-5m-1791317100,5,5340593,111956524739838388850255166075331215165952176733984725759855862971584938522872,2026-10-06T20:05:00+00:00,2026-10-06T20:10:00+00:00,6.98,0.49,0.5,0.495,0.01,35.0,199.0,99
2026-10-06T20:03:01.614793+00:00,btc-updown-15m-1791316800,15,5340507,82152818997252815041452773344732907177534211722094490132923181492024516348487,2026-10-06T20:00:00+00:00,2026-10-06T20:15:00+00:00,11.98,0.46,0.47,0.465,0.01,677.57,4.11,99
2026-10-06T20:03:01.614793+00:00,btc-updown-15m-1791317700,15,5340922,5611143222257009675034740560448934075402901598158600733798667858933964804370,2026-10-06T20:15:00+00:00,2026-10-06T20:30:00+00:00,26.98,0.5,0.51,0.505,0.01,25.0,412.04,99
2026-10-06T20:04:02.866504+00:00,btc-updown-5m-1791316800,5,5340537,9283820016980198063709531126224664269071687816903742018234791534425509484778,2026-10-06T20:00:00+00:00,2026-10-06T20:05:00+00:00,0.97,0.01,0.02,0.015,0.01,1577.18,1493.64,98
2026-10-06T20:04:02.866504+00:00,btc-updown-5m-1791317100,5,5340593,111956524739838388850255166075331215165952176733984725759855862971584938522872,2026-10-06T20:05:00+00:00,2026-10-06T20:10:00+00:00,5.97,0.5,0.51,0.505,0.01,105.0,10.0,99
2026-10-06T20:04:02.866504+00:00,btc-updown-15m-1791316800,15,5340507,82152818997252815041452773344732907177534211722094490132923181492024516348487,2026-10-06T20:00:00+00:00,2026-10-06T20:15:00+00:00,10.97,0.35,0.36,0.355,0.01,523.99,59.0,99
2026-10-06T20:04:02.866504+00:00,btc-updown-15m-1791317700,15,5340922,5611143222257009675034740560448934075402901598158600733798667858933964804370,2026-10-06T20:15:00+00:00,2026-10-06T20:30:00+00:00,25.97,0.5,0.51,0.505,0.01,25.0,412.04,99
2026-10-06T20:05:04.092760+00:00,btc-updown-5m-1791317100,5,5340593,111956524739838388850255166075331215165952176733984725759855862971584938522872,2026-10-06T20:05:00+00:00,2026-10-06T20:10:00+00:00,4.93,0.48,0.49,0.485,0.01,93.0,620.77,99
2026-10-06T20:05:04.092760+00:00,btc-updown-5m-1791317400,5,5340782,68327208468014233677205076934490018121968305126870906273364214335491232144396,2026-10-06T20:10:00+00:00,2026-10-06T20:15:00+00:00,9.93,0.5,0.51,0.505,0.01,86.29,296.65,99
2026-10-06T20:05:04.092760+00:00,btc-updown-15m-1791316800,15,5340507,82152818997252815041452773344732907177534211722094490132923181492024516348487,2026-10-06T20:00:00+00:00,2026-10-06T20:15:00+00:00,9.93,0.37,0.38,0.375,0.01,987.43,18.0,96
2026-10-06T20:05:04.092760+00:00,btc-updown-15m-1791317700,15,5340922,5611143222257009675034740560448934075402901598158600733798667858933964804370,2026-10-06T20:15:00+00:00,2026-10-06T20:30:00+00:00,24.93,0.5,0.51,0.505,0.01,30.0,422.04,99
2026-10-06T20:06:05.360867+00:00,btc-updown-5m-1791317100,5,5340593,111956524739838388850255166075331215165952176733984725759855862971584938522872,2026-10-06T20:05:00+00:00,2026-10-06T20:10:00+00:00,3.92,0.68,0.69,0.685,0.01,60.97,1303.66,99
2026-10-06T20:06:05.360867+00:00,btc-updown-5m-1791317400,5,5340782,68327208468014233677205076934490018121968305126870906273364214335491232144396,2026-10-06T20:10:00+00:00,2026-10-06T20:15:00+00:00,8.92,0.5,0.51,0.505,0.01,84.33,288.79,99
2026-10-06T20:06:05.360867+00:00,btc-updown-15m-1791316800,15,5340507,82152818997252815041452773344732907177534211722094490132923181492024516348487,2026-10-06T20:00:00+00:00,2026-10-06T20:15:00+00:00,8.92,0.49,0.5,0.495,0.01,60.0,1544.84,99
2026-10-06T20:06:05.360867+00:00,btc-updown-15m-1791317700,15,5340922,5611143222257009675034740560448934075402901598158600733798667858933964804370,2026-10-06T20:15:00+00:00,2026-10-06T20:30:00+00:00,23.92,0.5,0.51,0.505,0.01,30.0,522.04,99
2026-10-06T20:07:06.613527+00:00,btc-updown-5m-1791317100,5,5340593,111956524739838388850255166075331215165952176733984725759855862971584938522872,2026-10-06T20:05:00+00:00,2026-10-06T20:10:00+00:00,2.9,0.45,0.46,0.455,0.01,300.63,590.08,99
2026-10-06T20:07:06.613527+00:00,btc-updown-5m-1791317400,5,5340782,68327208468014233677205076934490018121968305126870906273364214335491232144396,2026-10-06T20:10:00+00:00,2026-10-06T20:15:00+00:00,7.9,0.5,0.51,0.505,0.01,161.55,288.79,99
2026-10-06T20:07:06.613527+00:00,btc-updown-15m-1791316800,15,5340507,82152818997252815041452773344732907177534211722094490132923181492024516348487,2026-10-06T20:00:00+00:00,2026-10-06T20:15:00+00:00,7.9,0.37,0.38,0.375,0.01,251.07,366.75,99
2026-10-06T20:07:06.613527+00:00,btc-updown-15m-1791317700,15,5340922,5611143222257009675034740560448934075402901598158600733798667858933964804370,2026-10-06T20:15:00+00:00,2026-10-06T20:30:00+00:00,22.9,0.5,0.51,0.505,0.01,30.0,422.04,99
2026-10-06T20:08:07.815051+00:00,btc-updown-5m-1791317100,5,5340593,111956524739838388850255166075331215165952176733984725759855862971584938522872,2026-10-06T20:05:00+00:00,2026-10-06T20:10:00+00:00,1.88,0.57,0.58,0.575,0.01,2340.84,20.26,99
2026-10-06T20:08:07.815051+00:00,btc-updown-5m-1791317400,5,5340782,68327208468014233677205076934490018121968305126870906273364214335491232144396,2026-10-06T20:10:00+00:00,2026-10-06T20:15:00+00:00,6.88,0.5,0.51,0.505,0.01,171.55,293.79,99
2026-10-06T20:08:07.815051+00:00,btc-updown-15m-1791316800,15,5340507,82152818997252815041452773344732907177534211722094490132923181492024516348487,2026-10-06T20:00:00+00:00,2026-10-06T20:15:00+00:00,6.88,0.37,0.38,0.375,0.01,354.79,177.0,98
2026-10-06T20:08:07.815051+00:00,btc-updown-15m-1791317700,15,5340922,5611143222257009675034740560448934075402901598158600733798667858933964804370,2026-10-06T20:15:00+00:00,2026-10-06T20:30:00+00:00,21.88,0.5,0.51,0.505,0.01,55.0,432.04,99
2026-10-06T20:09:08.978763+00:00,btc-updown-5m-1791317100,5,5340593,111956524739838388850255166075331215165952176733984725759855862971584938522872,2026-10-06T20:05:00+00:00,2026-10-06T20:10:00+00:00,0.87,0.23,0.24,0.235,0.01,5.0,304.11,95
2026-10-06T20:09:08.978763+00:00,btc-updown-5m-1791317400,5,5340782,68327208468014233677205076934490018121968305126870906273364214335491232144396,2026-10-06T20:10:00+00:00,2026-10-06T20:15:00+00:00,5.87,0.5,0.51,0.505,0.01,78.05,140.0,99
2026-10-06T20:09:08.978763+00:00,btc-updown-15m-1791316800,15,5340507,82152818997252815041452773344732907177534211722094490132923181492024516348487,2026-10-06T20:00:00+00:00,2026-10-06T20:15:00+00:00,5.87,0.32,0.33,0.325,0.01,45.0,308.47,96
2026-10-06T20:09:08.978763+00:00,btc-updown-15m-1791317700,15,5340922,5611143222257009675034740560448934075402901598158600733798667858933964804370,2026-10-06T20:15:00+00:00,2026-10-06T20:30:00+00:00,20.87,0.5,0.51,0.505,0.01,30.0,432.04,99
2026-10-06T20:10:10.186511+00:00,btc-updown-5m-1791317400,5,5340782,68327208468014233677205076934490018121968305126870906273364214335491232144396,2026-10-06T20:10:00+00:00,2026-10-06T20:15:00+00:00,4.83,0.51,0.52,0.515,0.01,1756.81,138.02,99
2026-10-06T20:10:10.186511+00:00,btc-updown-5m-1791317700,5,5340919,17187955218735952060221205091491303212927947567568094733213396978714176654102,2026-10-06T20:15:00+00:00,2026-10-06T20:20:00+00:00,9.83,0.5,0.51,0.505,0.01,83.53,392.45,99
2026-10-06T20:10:10.186511+00:00,btc-updown-15m-1791316800,15,5340507,82152818997252815041452773344732907177534211722094490132923181492024516348487,2026-10-06T20:00:00+00:00,2026-10-06T20:15:00+00:00,4.83,0.31,0.32,0.315,0.01,13.0,376.22,96
2026-10-06T20:10:10.186511+00:00,btc-updown-15m-1791317700,15,5340922,5611143222257009675034740560448934075402901598158600733798667858933964804370,2026-10-06T20:15:00+00:00,2026-10-06T20:30:00+00:00,19.83,0.5,0.51,0.505,0.01,30.0,352.04,99
2026-10-06T20:11:11.481882+00:00,btc-updown-5m-1791317400,5,5340782,68327208468014233677205076934490018121968305126870906273364214335491232144396,2026-10-06T20:10:00+00:00,2026-10-06T20:15:00+00:00,3.82,0.17,0.18,0.175,0.01,126.01,1404.03,99
2026-10-06T20:11:11.481882+00:00,btc-updown-5m-1791317700,5,5340919,17187955218735952060221205091491303212927947567568094733213396978714176654102,2026-10-06T20:15:00+00:00,2026-10-06T20:20:00+00:00,8.82,0.5,0.51,0.505,0.01,80.65,434.45,99
2026-10-06T20:11:11.481882+00:00,btc-updown-15m-1791316800,15,5340507,82152818997252815041452773344732907177534211722094490132923181492024516348487,2026-10-06T20:00:00+00:00,2026-10-06T20:15:00+00:00,3.82,0.1,0.11,0.105,0.01,197.0,334.62,99
2026-10-06T20:11:11.481882+00:00,btc-updown-15m-1791317700,15,5340922,5611143222257009675034740560448934075402901598158600733798667858933964804370,2026-10-06T20:15:00+00:00,2026-10-06T20:30:00+00:00,18.82,0.5,0.51,0.505,0.01,30.0,272.04,99
2026-10-06T20:12:12.697543+00:00,btc-updown-5m-1791317400,5,5340782,68327208468014233677205076934490018121968305126870906273364214335491232144396,2026-10-06T20:10:00+00:00,2026-10-06T20:15:00+00:00,2.8,0.15,0.16,0.155,0.01,67.33,1454.47,99
2026-10-06T20:12:12.697543+00:00,btc-updown-5m-1791317700,5,5340919,17187955218735952060221205091491303212927947567568094733213396978714176654102,2026-10-06T20:15:00+00:00,2026-10-06T20:20:00+00:00,7.8,0.5,0.51,0.505,0.01,50.65,434.45,99
2026-10-06T20:12:12.697543+00:00,btc-updown-15m-1791316800,15,5340507,82152818997252815041452773344732907177534211722094490132923181492024516348487,2026-10-06T20:00:00+00:00,2026-10-06T20:15:00+00:00,2.8,0.06,0.07,0.065,0.01,260.0,665.56,96
2026-10-06T20:12:12.697543+00:00,btc-updown-15m-1791317700,15,5340922,5611143222257009675034740560448934075402901598158600733798667858933964804370,2026-10-06T20:15:00+00:00,2026-10-06T20:30:00+00:00,17.8,0.5,0.51,0.505,0.01,55.0,323.06,99
2026-10-06T20:13:13.836397+00:00,btc-updown-5m-1791317400,5,5340782,68327208468014233677205076934490018121968305126870906273364214335491232144396,2026-10-06T20:10:00+00:00,2026-10-06T20:15:00+00:00,1.78,0.09,0.1,0.095,0.01,92.12,1630.07,99
2026-10-06T20:13:13.836397+00:00,btc-updown-5m-1791317700,5,5340919,17187955218735952060221205091491303212927947567568094733213396978714176654102,2026-10-06T20:15:00+00:00,2026-10-06T20:20:00+00:00,6.78,0.5,0.51,0.505,0.01,39.65,369.92,99
2026-10-06T20:13:13.836397+00:00,btc-updown-15m-1791316800,15,5340507,82152818997252815041452773344732907177534211722094490132923181492024516348487,2026-10-06T20:00:00+00:00,2026-10-06T20:15:00+00:00,1.78,0.03,0.04,0.035,0.01,262.9,773.82,94
2026-10-06T20:13:13.836397+00:00,btc-updown-15m-1791317700,15,5340922,5611143222257009675034740560448934075402901598158600733798667858933964804370,2026-10-06T20:15:00+00:00,2026-10-06T20:30:00+00:00,16.78,0.5,0.51,0.505,0.01,55.0,179.05,99
2026-10-06T20:14:15.020943+00:00,btc-updown-5m-1791317400,5,5340782,68327208468014233677205076934490018121968305126870906273364214335491232144396,2026-10-06T20:10:00+00:00,2026-10-06T20:15:00+00:00,0.75,0.88,0.9,0.89,0.02,358.62,75.0,98
2026-10-06T20:14:15.020943+00:00,btc-updown-5m-1791317700,5,5340919,17187955218735952060221205091491303212927947567568094733213396978714176654102,2026-10-06T20:15:00+00:00,2026-10-06T20:20:00+00:00,5.75,0.5,0.51,0.505,0.01,497.95,112.09,99
2026-10-06T20:14:15.020943+00:00,btc-updown-15m-1791316800,15,5340507,82152818997252815041452773344732907177534211722094490132923181492024516348487,2026-10-06T20:00:00+00:00,2026-10-06T20:15:00+00:00,0.75,0.04,0.05,0.045,0.01,334.01,18.0,91
2026-10-06T20:14:15.020943+00:00,btc-updown-15m-1791317700,15,5340922,5611143222257009675034740560448934075402901598158600733798667858933964804370,2026-10-06T20:15:00+00:00,2026-10-06T20:30:00+00:00,15.75,0.5,0.51,0.505,0.01,70.0,109.05,89
2026-10-06T20:15:16.369924+00:00,btc-updown-5m-1791317700,5,5340919,17187955218735952060221205091491303212927947567568094733213396978714176654102,2026-10-06T20:15:00+00:00,2026-10-06T20:20:00+00:00,4.73,0.68,0.69,0.685,0.01,543.84,11.0,99
2026-10-06T20:15:16.369924+00:00,btc-updown-5m-1791318000,5,5341049,15701184323299356837735774351827900383377420116696305501366968518397836609294,2026-10-06T20:20:00+00:00,2026-10-06T20:25:00+00:00,9.73,0.5,0.51,0.505,0.01,98.74,310.26,99
2026-10-06T20:15:16.369924+00:00,btc-updown-15m-1791317700,15,5340922,5611143222257009675034740560448934075402901598158600733798667858933964804370,2026-10-06T20:15:00+00:00,2026-10-06T20:30:00+00:00,14.73,0.59,0.6,0.595,0.01,461.7,10.0,98
2026-10-06T20:15:16.369924+00:00,btc-updown-15m-1791318600,15,5341129,25390888945089890547848971167306290965367093168908203784458706687123213354234,2026-10-06T20:30:00+00:00,2026-10-06T20:45:00+00:00,29.73,0.5,0.51,0.505,0.01,25.0,350.41,99
2026-10-06T20:16:17.675064+00:00,btc-updown-5m-1791317700,5,5340919,17187955218735952060221205091491303212927947567568094733213396978714176654102,2026-10-06T20:15:00+00:00,2026-10-06T20:20:00+00:00,3.72,0.78,0.79,0.785,0.01,140.0,1696.02,99
2026-10-06T20:16:17.675064+00:00,btc-updown-5m-1791318000,5,5341049,15701184323299356837735774351827900383377420116696305501366968518397836609294,2026-10-06T20:20:00+00:00,2026-10-06T20:25:00+00:00,8.72,0.5,0.51,0.505,0.01,95.88,306.33,99
2026-10-06T20:16:17.675064+00:00,btc-updown-15m-1791317700,15,5340922,5611143222257009675034740560448934075402901598158600733798667858933964804370,2026-10-06T20:15:00+00:00,2026-10-06T20:30:00+00:00,13.72,0.64,0.65,0.645,0.01,463.77,808.0,95
2026-10-06T20:16:17.675064+00:00,btc-updown-15m-1791318600,15,5341129,25390888945089890547848971167306290965367093168908203784458706687123213354234,2026-10-06T20:30:00+00:00,2026-10-06T20:45:00+00:00,28.72,0.5,0.51,0.505,0.01,25.0,250.41,99
2026-10-06T20:17:18.848504+00:00,btc-updown-5m-1791317700,5,5340919,17187955218735952060221205091491303212927947567568094733213396978714176654102,2026-10-06T20:15:00+00:00,2026-10-06T20:20:00+00:00,2.7,0.88,0.89,0.885,0.01,489.0,737.49,99
2026-10-06T20:17:18.848504+00:00,btc-updown-5m-1791318000,5,5341049,15701184323299356837735774351827900383377420116696305501366968518397836609294,2026-10-06T20:20:00+00:00,2026-10-06T20:25:00+00:00,7.7,0.5,0.51,0.505,0.01,76.88,426.44,99
2026-10-06T20:17:18.848504+00:00,btc-updown-15m-1791317700,15,5340922,5611143222257009675034740560448934075402901598158600733798667858933964804370,2026-10-06T20:15:00+00:00,2026-10-06T20:30:00+00:00,12.7,0.68,0.69,0.685,0.01,240.77,866.13,94
2026-10-06T20:17:18.848504+00:00,btc-updown-15m-1791318600,15,5341129,25390888945089890547848971167306290965367093168908203784458706687123213354234,2026-10-06T20:30:00+00:00,2026-10-06T20:45:00+00:00,27.7,0.5,0.51,0.505,0.01,34.91,551.43,99
2026-10-06T20:18:20.021425+00:00,btc-updown-5m-1791317700,5,5340919,17187955218735952060221205091491303212927947567568094733213396978714176654102,2026-10-06T20:15:00+00:00,2026-10-06T20:20:00+00:00,1.67,0.78,0.79,0.785,0.01,2032.24,9.06,99
2026-10-06T20:18:20.021425+00:00,btc-updown-5m-1791318000,5,5341049,15701184323299356837735774351827900383377420116696305501366968518397836609294,2026-10-06T20:20:00+00:00,2026-10-06T20:25:00+00:00,6.67,0.48,0.49,0.485,0.01,176.03,11.59,99
2026-10-06T20:18:20.021425+00:00,btc-updown-15m-1791317700,15,5340922,5611143222257009675034740560448934075402901598158600733798667858933964804370,2026-10-06T20:15:00+00:00,2026-10-06T20:30:00+00:00,11.67,0.58,0.59,0.585,0.01,533.96,135.13,99
2026-10-06T20:18:20.021425+00:00,btc-updown-15m-1791318600,15,5341129,25390888945089890547848971167306290965367093168908203784458706687123213354234,2026-10-06T20:30:00+00:00,2026-10-06T20:45:00+00:00,26.67,0.5,0.51,0.505,0.01,34.91,451.43,99
2026-10-06T20:19:21.170972+00:00,btc-updown-5m-1791318000,5,5341049,15701184323299356837735774351827900383377420116696305501366968518397836609294,2026-10-06T20:20:00+00:00,2026-10-06T20:25:00+00:00,5.65,0.47,0.48,0.475,0.01,307.5,22.0,99
2026-10-06T20:19:21.170972+00:00,btc-updown-15m-1791317700,15,5340922,5611143222257009675034740560448934075402901598158600733798667858933964804370,2026-10-06T20:15:00+00:00,2026-10-06T20:30:00+00:00,10.65,0.63,0.64,0.635,0.01,731.0,24.0,99
2026-10-06T20:19:21.170972+00:00,btc-updown-15m-1791318600,15,5341129,25390888945089890547848971167306290965367093168908203784458706687123213354234,2026-10-06T20:30:00+00:00,2026-10-06T20:45:00+00:00,25.65,0.5,0.51,0.505,0.01,34.91,250.41,99
2026-10-06T20:20:22.212059+00:00,btc-updown-5m-1791318000,5,5341049,15701184323299356837735774351827900383377420116696305501366968518397836609294,2026-10-06T20:20:00+00:00,2026-10-06T20:25:00+00:00,4.63,0.5,0.51,0.505,0.01,1438.03,186.34,99
2026-10-06T20:20:22.212059+00:00,btc-updown-5m-1791318300,5,5341121,105901278516866421949130381219473287535967317634700967395169653036648956051973,2026-10-06T20:25:00+00:00,2026-10-06T20:30:00+00:00,9.63,0.5,0.51,0.505,0.01,105.37,412.47,99
2026-10-06T20:20:22.212059+00:00,btc-updown-15m-1791317700,15,5340922,5611143222257009675034740560448934075402901598158600733798667858933964804370,2026-10-06T20:15:00+00:00,2026-10-06T20:30:00+00:00,9.63,0.64,0.65,0.645,0.01,813.96,3.32,99
2026-10-06T20:20:22.212059+00:00,btc-updown-15m-1791318600,15,5341129,25390888945089890547848971167306290965367093168908203784458706687123213354234,2026-10-06T20:30:00+00:00,2026-10-06T20:45:00+00:00,24.63,0.5,0.51,0.505,0.01,39.91,461.43,99
2026-10-06T20:21:23.488364+00:00,btc-updown-5m-1791318000,5,5341049,15701184323299356837735774351827900383377420116696305501366968518397836609294,2026-10-06T20:20:00+00:00,2026-10-06T20:25:00+00:00,3.62,0.75,0.76,0.755,0.01,1259.51,48.38,99
2026-10-06T20:21:23.488364+00:00,btc-updown-5m-1791318300,5,5341121,105901278516866421949130381219473287535967317634700967395169653036648956051973,2026-10-06T20:25:00+00:00,2026-10-06T20:30:00+00:00,8.62,0.5,0.51,0.505,0.01,105.37,422.47,99
2026-10-06T20:21:23.488364+00:00,btc-updown-15m-1791317700,15,5340922,5611143222257009675034740560448934075402901598158600733798667858933964804370,2026-10-06T20:15:00+00:00,2026-10-06T20:30:00+00:00,8.62,0.76,0.77,0.765,0.01,495.9,1237.3,91
2026-10-06T20:21:23.488364+00:00,btc-updown-15m-1791318600,15,5341129,25390888945089890547848971167306290965367093168908203784458706687123213354234,2026-10-06T20:30:00+00:00,2026-10-06T20:45:00+00:00,23.62,0.5,0.51,0.505,0.01,39.91,661.43,99
2026-10-06T20:22:24.642400+00:00,btc-updown-5m-1791318000,5,5341049,15701184323299356837735774351827900383377420116696305501366968518397836609294,2026-10-06T20:20:00+00:00,2026-10-06T20:25:00+00:00,2.6,0.26,0.27,0.265,0.01,564.29,5.0,99
2026-10-06T20:22:24.642400+00:00,btc-updown-5m-1791318300,5,5341121,105901278516866421949130381219473287535967317634700967395169653036648956051973,2026-10-06T20:25:00+00:00,2026-10-06T20:30:00+00:00,7.6,0.5,0.51,0.505,0.01,100.37,436.58,99
2026-10-06T20:22:24.642400+00:00,btc-updown-15m-1791317700,15,5340922,5611143222257009675034740560448934075402901598158600733798667858933964804370,2026-10-06T20:15:00+00:00,2026-10-06T20:30:00+00:00,7.6,0.5,0.51,0.505,0.01,45.0,311.08,99
2026-10-06T20:22:24.642400+00:00,btc-updown-15m-1791318600,15,5341129,25390888945089890547848971167306290965367093168908203784458706687123213354234,2026-10-06T20:30:00+00:00,2026-10-06T20:45:00+00:00,22.6,0.5,0.51,0.505,0.01,39.91,361.43,99
2026-10-06T20:23:25.894442+00:00,btc-updown-5m-1791318000,5,5341049,15701184323299356837735774351827900383377420116696305501366968518397836609294,2026-10-06T20:20:00+00:00,2026-10-06T20:25:00+00:00,1.58,0.07,0.08,0.075,0.01,116.77,1571.11,99
2026-10-06T20:23:25.894442+00:00,btc-updown-5m-1791318300,5,5341121,105901278516866421949130381219473287535967317634700967395169653036648956051973,2026-10-06T20:25:00+00:00,2026-10-06T20:30:00+00:00,6.58,0.5,0.51,0.505,0.01,40.37,270.77,99
2026-10-06T20:23:25.894442+00:00,btc-updown-15m-1791317700,15,5340922,5611143222257009675034740560448934075402901598158600733798667858933964804370,2026-10-06T20:15:00+00:00,2026-10-06T20:30:00+00:00,6.58,0.43,0.44,0.435,0.01,873.27,195.0,98
2026-10-06T20:23:25.894442+00:00,btc-updown-15m-1791318600,15,5341129,25390888945089890547848971167306290965367093168908203784458706687123213354234,2026-10-06T20:30:00+00:00,2026-10-06T20:45:00+00:00,21.58,0.5,0.51,0.505,0.01,64.91,301.43,99
2026-10-06T20:24:27.094209+00:00,btc-updown-5m-1791318300,5,5341121,105901278516866421949130381219473287535967317634700967395169653036648956051973,2026-10-06T20:25:00+00:00,2026-10-06T20:30:00+00:00,5.55,0.5,0.51,0.505,0.01,442.08,84.17,99
2026-10-06T20:24:27.094209+00:00,btc-updown-15m-1791317700,15,5340922,5611143222257009675034740560448934075402901598158600733798667858933964804370,2026-10-06T20:15:00+00:00,2026-10-06T20:30:00+00:00,5.55,0.41,0.42,0.415,0.01,348.88,514.16,99
2026-10-06T20:24:27.094209+00:00,btc-updown-15m-1791318600,15,5341129,25390888945089890547848971167306290965367093168908203784458706687123213354234,2026-10-06T20:30:00+00:00,2026-10-06T20:45:00+00:00,20.55,0.5,0.51,0.505,0.01,64.91,301.43,99
2026-10-06T20:25:28.111094+00:00,btc-updown-5m-1791318300,5,5341121,105901278516866421949130381219473287535967317634700967395169653036648956051973,2026-10-06T20:25:00+00:00,2026-10-06T20:30:00+00:00,4.53,0.78,0.79,0.785,0.01,584.1,373.0,99
2026-10-06T20:25:28.111094+00:00,btc-updown-5m-1791318600,5,5341138,66922262766443528649771729120005624534414769695592885865903217209554344437061,2026-10-06T20:30:00+00:00,2026-10-06T20:35:00+00:00,9.53,0.5,0.51,0.505,0.01,216.16,278.26,99
2026-10-06T20:25:28.111094+00:00,btc-updown-15m-1791317700,15,5340922,5611143222257009675034740560448934075402901598158600733798667858933964804370,2026-10-06T20:15:00+00:00,2026-10-06T20:30:00+00:00,4.53,0.71,0.72,0.715,0.01,1775.33,126.0,99
2026-10-06T20:25:28.111094+00:00,btc-updown-15m-1791318600,15,5341129,25390888945089890547848971167306290965367093168908203784458706687123213354234,2026-10-06T20:30:00+00:00,2026-10-06T20:45:00+00:00,19.53,0.5,0.51,0.505,0.01,37.91,316.43,99
2026-10-06T20:26:29.343196+00:00,btc-updown-5m-1791318300,5,5341121,105901278516866421949130381219473287535967317634700967395169653036648956051973,2026-10-06T20:25:00+00:00,2026-10-06T20:30:00+00:00,3.52,0.77,0.78,0.775,0.01,461.37,405.67,99
2026-10-06T20:26:29.343196+00:00,btc-updown-5m-1791318600,5,5341138,66922262766443528649771729120005624534414769695592885865903217209554344437061,2026-10-06T20:30:00+00:00,2026-10-06T20:35:00+00:00,8.52,0.5,0.51,0.505,0.01,235.97,272.37,99
2026-10-06T20:26:29.343196+00:00,btc-updown-15m-1791317700,15,5340922,5611143222257009675034740560448934075402901598158600733798667858933964804370,2026-10-06T20:15:00+00:00,2026-10-06T20:30:00+00:00,3.52,0.66,0.67,0.665,0.01,250.11,204.31,99
2026-10-06T20:26:29.343196+00:00,btc-updown-15m-1791318600,15,5341129,25390888945089890547848971167306290965367093168908203784458706687123213354234,2026-10-06T20:30:00+00:00,2026-10-06T20:45:00+00:00,18.52,0.5,0.51,0.505,0.01,62.91,316.43,99
2026-10-06T20:27:30.573304+00:00,btc-updown-5m-1791318300,5,5341121,105901278516866421949130381219473287535967317634700967395169653036648956051973,2026-10-06T20:25:00+00:00,2026-10-06T20:30:00+00:00,2.5,0.66,0.67,0.665,0.01,1343.75,254.86,99
2026-10-06T20:27:30.573304+00:00,btc-updown-5m-1791318600,5,5341138,66922262766443528649771729120005624534414769695592885865903217209554344437061,2026-10-06T20:30:00+00:00,2026-10-06T20:35:00+00:00,7.5,0.5,0.51,0.505,0.01,225.97,272.37,99
2026-10-06T20:27:30.573304+00:00,btc-updown-15m-1791317700,15,5340922,5611143222257009675034740560448934075402901598158600733798667858933964804370,2026-10-06T20:15:00+00:00,2026-10-06T20:30:00+00:00,2.5,0.52,0.53,0.525,0.01,234.09,230.0,99
2026-10-06T20:27:30.573304+00:00,btc-updown-15m-1791318600,15,5341129,25390888945089890547848971167306290965367093168908203784458706687123213354234,2026-10-06T20:30:00+00:00,2026-10-06T20:45:00+00:00,17.5,0.5,0.51,0.505,0.01,87.91,236.43,99
2026-10-06T20:28:31.750690+00:00,btc-updown-5m-1791318300,5,5341121,105901278516866421949130381219473287535967317634700967395169653036648956051973,2026-10-06T20:25:00+00:00,2026-10-06T20:30:00+00:00,1.48,0.73,0.74,0.735,0.01,4561.07,70.15,99
2026-10-06T20:28:31.750690+00:00,btc-updown-5m-1791318600,5,5341138,66922262766443528649771729120005624534414769695592885865903217209554344437061,2026-10-06T20:30:00+00:00,2026-10-06T20:35:00+00:00,6.48,0.5,0.51,0.505,0.01,218.97,272.37,99
2026-10-06T20:28:31.750690+00:00,btc-updown-15m-1791317700,15,5340922,5611143222257009675034740560448934075402901598158600733798667858933964804370,2026-10-06T20:15:00+00:00,2026-10-06T20:30:00+00:00,1.48,0.42,0.43,0.425,0.01,772.54,145.0,95
2026-10-06T20:28:31.750690+00:00,btc-updown-15m-1791318600,15,5341129,25390888945089890547848971167306290965367093168908203784458706687123213354234,2026-10-06T20:30:00+00:00,2026-10-06T20:45:00+00:00,16.48,0.5,0.51,0.505,0.01,87.91,231.43,99
2026-10-06T20:29:32.929451+00:00,btc-updown-5m-1791318300,5,5341121,105901278516866421949130381219473287535967317634700967395169653036648956051973,2026-10-06T20:25:00+00:00,2026-10-06T20:30:00+00:00,0.47,0.08,0.09,0.085,0.01,117.81,224.74,97
2026-10-06T20:29:32.929451+00:00,btc-updown-5m-1791318600,5,5341138,66922262766443528649771729120005624534414769695592885865903217209554344437061,2026-10-06T20:30:00+00:00,2026-10-06T20:35:00+00:00,5.47,0.51,0.52,0.515,0.01,30.0,475.8,99
2026-10-06T20:29:32.929451+00:00,btc-updown-15m-1791318600,15,5341129,25390888945089890547848971167306290965367093168908203784458706687123213354234,2026-10-06T20:30:00+00:00,2026-10-06T20:45:00+00:00,15.47,0.5,0.51,0.505,0.01,83.91,81.43,85
2026-10-06T20:30:34.011793+00:00,btc-updown-5m-1791318600,5,5341138,66922262766443528649771729120005624534414769695592885865903217209554344437061,2026-10-06T20:30:00+00:00,2026-10-06T20:35:00+00:00,4.43,0.46,0.47,0.465,0.01,27.74,334.02,99
2026-10-06T20:30:34.011793+00:00,btc-updown-5m-1791318900,5,5341199,105935356844079605534683239559969250233235685396934942084773719217724472227734,2026-10-06T20:35:00+00:00,2026-10-06T20:40:00+00:00,9.43,0.5,0.51,0.505,0.01,108.98,243.25,99
2026-10-06T20:30:34.011793+00:00,btc-updown-15m-1791318600,15,5341129,25390888945089890547848971167306290965367093168908203784458706687123213354234,2026-10-06T20:30:00+00:00,2026-10-06T20:45:00+00:00,14.43,0.49,0.5,0.495,0.01,156.5,409.23,98
2026-10-06T20:30:34.011793+00:00,btc-updown-15m-1791319500,15,5342818,27210390889481074311961635675831909516992131718852602575296274134791950509094,2026-10-06T20:45:00+00:00,2026-10-06T21:00:00+00:00,29.43,0.5,0.51,0.505,0.01,39.91,230.41,99
2026-10-06T20:31:35.722252+00:00,btc-updown-5m-1791318600,5,5341138,66922262766443528649771729120005624534414769695592885865903217209554344437061,2026-10-06T20:30:00+00:00,2026-10-06T20:35:00+00:00,3.42,0.83,0.84,0.835,0.01,849.35,171.49,99
2026-10-06T20:31:35.722252+00:00,btc-updown-5m-1791318900,5,5341199,105935356844079605534683239559969250233235685396934942084773719217724472227734,2026-10-06T20:35:00+00:00,2026-10-06T20:40:00+00:00,8.42,0.5,0.51,0.505,0.01,123.98,287.36,99
2026-10-06T20:31:35.722252+00:00,btc-updown-15m-1791318600,15,5341129,25390888945089890547848971167306290965367093168908203784458706687123213354234,2026-10-06T20:30:00+00:00,2026-10-06T20:45:00+00:00,13.42,0.68,0.69,0.685,0.01,85.0,3860.37,99
2026-10-06T20:31:35.722252+00:00,btc-updown-15m-1791319500,15,5342818,27210390889481074311961635675831909516992131718852602575296274134791950509094,2026-10-06T20:45:00+00:00,2026-10-06T21:00:00+00:00,28.42,0.5,0.51,0.505,0.01,114.91,230.41,99
2026-10-06T20:32:36.875900+00:00,btc-updown-5m-1791318600,5,5341138,66922262766443528649771729120005624534414769695592885865903217209554344437061,2026-10-06T20:30:00+00:00,2026-10-06T20:35:00+00:00,2.4,0.91,0.92,0.915,0.01,80.0,398.12,99
2026-10-06T20:32:36.875900+00:00,btc-updown-5m-1791318900,5,5341199,105935356844079605534683239559969250233235685396934942084773719217724472227734,2026-10-06T20:35:00+00:00,2026-10-06T20:40:00+00:00,7.4,0.5,0.51,0.505,0.01,123.98,10.0,99
2026-10-06T20:32:36.875900+00:00,btc-updown-15m-1791318600,15,5341129,25390888945089890547848971167306290965367093168908203784458706687123213354234,2026-10-06T20:30:00+00:00,2026-10-06T20:45:00+00:00,12.4,0.68,0.69,0.685,0.01,712.5,3652.02,99
2026-10-06T20:32:36.875900+00:00,btc-updown-15m-1791319500,15,5342818,27210390889481074311961635675831909516992131718852602575296274134791950509094,2026-10-06T20:45:00+00:00,2026-10-06T21:00:00+00:00,27.4,0.5,0.51,0.505,0.01,114.91,250.41,99
2026-10-06T20:33:38.058832+00:00,btc-updown-5m-1791318600,5,5341138,66922262766443528649771729120005624534414769695592885865903217209554344437061,2026-10-06T20:30:00+00:00,2026-10-06T20:35:00+00:00,1.37,0.97,0.98,0.975,0.01,779.91,411.08,99
2026-10-06T20:33:38.058832+00:00,btc-updown-5m-1791318900,5,5341199,105935356844079605534683239559969250233235685396934942084773719217724472227734,2026-10-06T20:35:00+00:00,2026-10-06T20:40:00+00:00,6.37,0.5,0.51,0.505,0.01,123.98,0.19,99
2026-10-06T20:33:38.058832+00:00,btc-updown-15m-1791318600,15,5341129,25390888945089890547848971167306290965367093168908203784458706687123213354234,2026-10-06T20:30:00+00:00,2026-10-06T20:45:00+00:00,11.37,0.67,0.68,0.675,0.01,1426.68,1139.16,94
2026-10-06T20:33:38.058832+00:00,btc-updown-15m-1791319500,15,5342818,27210390889481074311961635675831909516992131718852602575296274134791950509094,2026-10-06T20:45:00+00:00,2026-10-06T21:00:00+00:00,26.37,0.5,0.51,0.505,0.01,39.91,250.41,99
2026-10-06T20:34:39.194528+00:00,btc-updown-5m-1791318900,5,5341199,105935356844079605534683239559969250233235685396934942084773719217724472227734,2026-10-06T20:35:00+00:00,2026-10-06T20:40:00+00:00,5.35,0.45,0.46,0.455,0.01,60.0,120.0,99
2026-10-06T20:34:39.194528+00:00,btc-updown-15m-1791318600,15,5341129,25390888945089890547848971167306290965367093168908203784458706687123213354234,2026-10-06T20:30:00+00:00,2026-10-06T20:45:00+00:00,10.35,0.58,0.59,0.585,0.01,1452.84,624.89,95
2026-10-06T20:34:39.194528+00:00,btc-updown-15m-1791319500,15,5342818,27210390889481074311961635675831909516992131718852602575296274134791950509094,2026-10-06T20:45:00+00:00,2026-10-06T21:00:00+00:00,25.35,0.5,0.51,0.505,0.01,39.91,250.41,99
2026-10-06T20:35:40.305944+00:00,btc-updown-5m-1791318900,5,5341199,105935356844079605534683239559969250233235685396934942084773719217724472227734,2026-10-06T20:35:00+00:00,2026-10-06T20:40:00+00:00,4.33,0.5,0.51,0.505,0.01,400.68,1111.25,99
2026-10-06T20:35:40.305944+00:00,btc-updown-5m-1791319200,5,5342780,62085759266309761863658889645209594997791610005096454832598483038014837061888,2026-10-06T20:40:00+00:00,2026-10-06T20:45:00+00:00,9.33,0.5,0.51,0.505,0.01,99.45,298.7,99
2026-10-06T20:35:40.305944+00:00,btc-updown-15m-1791318600,15,5341129,25390888945089890547848971167306290965367093168908203784458706687123213354234,2026-10-06T20:30:00+00:00,2026-10-06T20:45:00+00:00,9.33,0.65,0.66,0.655,0.01,1622.0,97.92,99
2026-10-06T20:35:40.305944+00:00,btc-updown-15m-1791319500,15,5342818,27210390889481074311961635675831909516992131718852602575296274134791950509094,2026-10-06T20:45:00+00:00,2026-10-06T21:00:00+00:00,24.33,0.5,0.51,0.505,0.01,44.91,260.41,99
2026-10-06T20:36:41.551333+00:00,btc-updown-5m-1791318900,5,5341199,105935356844079605534683239559969250233235685396934942084773719217724472227734,2026-10-06T20:35:00+00:00,2026-10-06T20:40:00+00:00,3.32,0.55,0.58,0.565,0.03,204.09,15.0,97
2026-10-06T20:36:41.551333+00:00,btc-updown-5m-1791319200,5,5342780,62085759266309761863658889645209594997791610005096454832598483038014837061888,2026-10-06T20:40:00+00:00,2026-10-06T20:45:00+00:00,8.32,0.5,0.51,0.505,0.01,94.45,318.7,99
2026-10-06T20:36:41.551333+00:00,btc-updown-15m-1791318600,15,5341129,25390888945089890547848971167306290965367093168908203784458706687123213354234,2026-10-06T20:30:00+00:00,2026-10-06T20:45:00+00:00,8.32,0.69,0.7,0.695,0.01,365.09,314.41,99
2026-10-06T20:36:41.551333+00:00,btc-updown-15m-1791319500,15,5342818,27210390889481074311961635675831909516992131718852602575296274134791950509094,2026-10-06T20:45:00+00:00,2026-10-06T21:00:00+00:00,23.32,0.5,0.51,0.505,0.01,44.91,260.41,99
2026-10-06T20:37:42.844153+00:00,btc-updown-5m-1791318900,5,5341199,105935356844079605534683239559969250233235685396934942084773719217724472227734,2026-10-06T20:35:00+00:00,2026-10-06T20:40:00+00:00,2.3,0.39,0.4,0.395,0.01,35.83,2625.56,99
2026-10-06T20:37:42.844153+00:00,btc-updown-5m-1791319200,5,5342780,62085759266309761863658889645209594997791610005096454832598483038014837061888,2026-10-06T20:40:00+00:00,2026-10-06T20:45:00+00:00,7.3,0.5,0.51,0.505,0.01,94.45,318.7,99
2026-10-06T20:37:42.844153+00:00,btc-updown-15m-1791318600,15,5341129,25390888945089890547848971167306290965367093168908203784458706687123213354234,2026-10-06T20:30:00+00:00,2026-10-06T20:45:00+00:00,7.3,0.64,0.65,0.645,0.01,1296.63,99.77,99
2026-10-06T20:37:42.844153+00:00,btc-updown-15m-1791319500,15,5342818,27210390889481074311961635675831909516992131718852602575296274134791950509094,2026-10-06T20:45:00+00:00,2026-10-06T21:00:00+00:00,22.3,0.5,0.51,0.505,0.01,44.91,250.41,99
2026-10-06T20:38:43.999109+00:00,btc-updown-5m-1791318900,5,5341199,105935356844079605534683239559969250233235685396934942084773719217724472227734,2026-10-06T20:35:00+00:00,2026-10-06T20:40:00+00:00,1.28,0.11,0.12,0.115,0.01,85.0,758.49,99
2026-10-06T20:38:43.999109+00:00,btc-updown-5m-1791319200,5,5342780,62085759266309761863658889645209594997791610005096454832598483038014837061888,2026-10-06T20:40:00+00:00,2026-10-06T20:45:00+00:00,6.28,0.49,0.5,0.495,0.01,151.1,55.0,99
2026-10-06T20:38:43.999109+00:00,btc-updown-15m-1791318600,15,5341129,25390888945089890547848971167306290965367093168908203784458706687123213354234,2026-10-06T20:30:00+00:00,2026-10-06T20:45:00+00:00,6.28,0.61,0.62,0.615,0.01,744.7,37.0,97
2026-10-06T20:38:43.999109+00:00,btc-updown-15m-1791319500,15,5342818,27210390889481074311961635675831909516992131718852602575296274134791950509094,2026-10-06T20:45:00+00:00,2026-10-06T21:00:00+00:00,21.28,0.5,0.51,0.505,0.01,69.91,301.43,99
2026-10-06T20:39:45.231275+00:00,btc-updown-5m-1791319200,5,5342780,62085759266309761863658889645209594997791610005096454832598483038014837061888,2026-10-06T20:40:00+00:00,2026-10-06T20:45:00+00:00,5.25,0.49,0.5,0.495,0.01,416.8,60.9,99
2026-10-06T20:39:45.231275+00:00,btc-updown-15m-1791318600,15,5341129,25390888945089890547848971167306290965367093168908203784458706687123213354234,2026-10-06T20:30:00+00:00,2026-10-06T20:45:00+00:00,5.25,0.78,0.79,0.785,0.01,410.93,163.91,95
2026-10-06T20:39:45.231275+00:00,btc-updown-15m-1791319500,15,5342818,27210390889481074311961635675831909516992131718852602575296274134791950509094,2026-10-06T20:45:00+00:00,2026-10-06T21:00:00+00:00,20.25,0.5,0.51,0.505,0.01,44.91,301.43,99
2026-10-06T20:40:46.400322+00:00,btc-updown-5m-1791319200,5,5342780,62085759266309761863658889645209594997791610005096454832598483038014837061888,2026-10-06T20:40:00+00:00,2026-10-06T20:45:00+00:00,4.23,0.64,0.65,0.645,0.01,3885.25,123.51,99
2026-10-06T20:40:46.400322+00:00,btc-updown-5m-1791319500,5,5342836,22027655460235124822708539679521795702709962938394903832194243100915180150165,2026-10-06T20:45:00+00:00,2026-10-06T20:50:00+00:00,9.23,0.5,0.51,0.505,0.01,123.76,339.55,99
2026-10-06T20:40:46.400322+00:00,btc-updown-15m-1791318600,15,5341129,25390888945089890547848971167306290965367093168908203784458706687123213354234,2026-10-06T20:30:00+00:00,2026-10-06T20:45:00+00:00,4.23,0.87,0.88,0.875,0.01,407.13,86.67,97
2026-10-06T20:40:46.400322+00:00,btc-updown-15m-1791319500,15,5342818,27210390889481074311961635675831909516992131718852602575296274134791950509094,2026-10-06T20:45:00+00:00,2026-10-06T21:00:00+00:00,19.23,0.5,0.51,0.505,0.01,39.91,316.43,99
2026-10-06T20:41:47.626943+00:00,btc-updown-5m-1791319200,5,5342780,62085759266309761863658889645209594997791610005096454832598483038014837061888,2026-10-06T20:40:00+00:00,2026-10-06T20:45:00+00:00,3.22,0.7,0.71,0.705,0.01,45.0,1501.21,99
2026-10-06T20:41:47.626943+00:00,btc-updown-5m-1791319500,5,5342836,22027655460235124822708539679521795702709962938394903832194243100915180150165,2026-10-06T20:45:00+00:00,2026-10-06T20:50:00+00:00,8.22,0.5,0.51,0.505,0.01,113.76,339.55,99
2026-10-06T20:41:47.626943+00:00,btc-updown-15m-1791318600,15,5341129,25390888945089890547848971167306290965367093168908203784458706687123213354234,2026-10-06T20:30:00+00:00,2026-10-06T20:45:00+00:00,3.22,0.91,0.92,0.915,0.01,290.2,253.61,95
2026-10-06T20:41:47.626943+00:00,btc-updown-15m-1791319500,15,5342818,27210390889481074311961635675831909516992131718852602575296274134791950509094,2026-10-06T20:45:00+00:00,2026-10-06T21:00:00+00:00,18.22,0.5,0.51,0.505,0.01,39.91,341.43,99
2026-10-06T20:42:48.755778+00:00,btc-updown-5m-1791319200,5,5342780,62085759266309761863658889645209594997791610005096454832598483038014837061888,2026-10-06T20:40:00+00:00,2026-10-06T20:45:00+00:00,2.2,0.46,0.47,0.465,0.01,1133.0,635.23,99
2026-10-06T20:42:48.755778+00:00,btc-updown-5m-1791319500,5,5342836,22027655460235124822708539679521795702709962938394903832194243100915180150165,2026-10-06T20:45:00+00:00,2026-10-06T20:50:00+00:00,7.2,0.5,0.51,0.505,0.01,8.76,351.69,99
2026-10-06T20:42:48.755778+00:00,btc-updown-15m-1791318600,15,5341129,25390888945089890547848971167306290965367093168908203784458706687123213354234,2026-10-06T20:30:00+00:00,2026-10-06T20:45:00+00:00,2.2,0.89,0.9,0.895,0.01,734.0,261.62,94
2026-10-06T20:42:48.755778+00:00,btc-updown-15m-1791319500,15,5342818,27210390889481074311961635675831909516992131718852602575296274134791950509094,2026-10-06T20:45:00+00:00,2026-10-06T21:00:00+00:00,17.2,0.5,0.51,0.505,0.01,64.91,234.46,99
2026-10-06T20:43:49.964804+00:00,btc-updown-5m-1791319200,5,5342780,62085759266309761863658889645209594997791610005096454832598483038014837061888,2026-10-06T20:40:00+00:00,2026-10-06T20:45:00+00:00,1.18,0.13,0.14,0.135,0.01,78.67,978.11,99
2026-10-06T20:43:49.964804+00:00,btc-updown-5m-1791319500,5,5342836,22027655460235124822708539679521795702709962938394903832194243100915180150165,2026-10-06T20:45:00+00:00,2026-10-06T20:50:00+00:00,6.18,0.5,0.51,0.505,0.01,18.76,351.69,99
2026-10-06T20:43:49.964804+00:00,btc-updown-15m-1791318600,15,5341129,25390888945089890547848971167306290965367093168908203784458706687123213354234,2026-10-06T20:30:00+00:00,2026-10-06T20:45:00+00:00,1.18,0.9,0.91,0.905,0.01,676.96,80.0,84
2026-10-06T20:43:49.964804+00:00,btc-updown-15m-1791319500,15,5342818,27210390889481074311961635675831909516992131718852602575296274134791950509094,2026-10-06T20:45:00+00:00,2026-10-06T21:00:00+00:00,16.18,0.5,0.51,0.505,0.01,29.91,254.46,99
2026-10-06T20:44:51.183796+00:00,btc-updown-5m-1791319500,5,5342836,22027655460235124822708539679521795702709962938394903832194243100915180150165,2026-10-06T20:45:00+00:00,2026-10-06T20:50:00+00:00,5.15,0.45,0.46,0.455,0.01,20.0,616.8,99
2026-10-06T20:44:51.183796+00:00,btc-updown-15m-1791319500,15,5342818,27210390889481074311961635675831909516992131718852602575296274134791950509094,2026-10-06T20:45:00+00:00,2026-10-06T21:00:00+00:00,15.15,0.49,0.5,0.495,0.01,25.0,255.0,85
2026-10-06T20:45:52.528449+00:00,btc-updown-5m-1791319500,5,5342836,22027655460235124822708539679521795702709962938394903832194243100915180150165,2026-10-06T20:45:00+00:00,2026-10-06T20:50:00+00:00,4.13,0.73,0.74,0.735,0.01,16.17,1148.64,99
2026-10-06T20:45:52.528449+00:00,btc-updown-5m-1791319800,5,5343009,34349102293635245808252818818885729996332987925623102709220663787395940862,2026-10-06T20:50:00+00:00,2026-10-06T20:55:00+00:00,9.13,0.5,0.51,0.505,0.01,98.23,344.63,99
2026-10-06T20:45:52.528449+00:00,btc-updown-15m-1791319500,15,5342818,27210390889481074311961635675831909516992131718852602575296274134791950509094,2026-10-06T20:45:00+00:00,2026-10-06T21:00:00+00:00,14.13,0.62,0.63,0.625,0.01,303.0,346.45,97
2026-10-06T20:45:52.528449+00:00,btc-updown-15m-1791320400,15,5343236,112191644300756641227993749652858501636437531670568953635929874666156079938113,2026-10-06T21:00:00+00:00,2026-10-06T21:15:00+00:00,29.13,0.5,0.51,0.505,0.01,25.0,250.41,99
2026-10-06T20:46:53.715625+00:00,btc-updown-5m-1791319500,5,5342836,22027655460235124822708539679521795702709962938394903832194243100915180150165,2026-10-06T20:45:00+00:00,2026-10-06T20:50:00+00:00,3.12,0.79,0.8,0.795,0.01,2825.74,135.15,99
2026-10-06T20:46:53.715625+00:00,btc-updown-5m-1791319800,5,5343009,34349102293635245808252818818885729996332987925623102709220663787395940862,2026-10-06T20:50:00+00:00,2026-10-06T20:55:00+00:00,8.12,0.5,0.51,0.505,0.01,103.04,300.74,99
2026-10-06T20:46:53.715625+00:00,btc-updown-15m-1791319500,15,5342818,27210390889481074311961635675831909516992131718852602575296274134791950509094,2026-10-06T20:45:00+00:00,2026-10-06T21:00:00+00:00,13.12,0.63,0.64,0.635,0.01,459.0,236.0,99
2026-10-06T20:46:53.715625+00:00,btc-updown-15m-1791320400,15,5343236,112191644300756641227993749652858501636437531670568953635929874666156079938113,2026-10-06T21:00:00+00:00,2026-10-06T21:15:00+00:00,28.12,0.5,0.51,0.505,0.01,34.91,250.41,99
2026-10-06T20:47:54.885519+00:00,btc-updown-5m-1791319500,5,5342836,22027655460235124822708539679521795702709962938394903832194243100915180150165,2026-10-06T20:45:00+00:00,2026-10-06T20:50:00+00:00,2.1,0.92,0.93,0.925,0.01,205.0,737.31,99
2026-10-06T20:47:54.885519+00:00,btc-updown-5m-1791319800,5,5343009,34349102293635245808252818818885729996332987925623102709220663787395940862,2026-10-06T20:50:00+00:00,2026-10-06T20:55:00+00:00,7.1,0.5,0.51,0.505,0.01,103.04,296.81,99
2026-10-06T20:47:54.885519+00:00,btc-updown-15m-1791319500,15,5342818,27210390889481074311961635675831909516992131718852602575296274134791950509094,2026-10-06T20:45:00+00:00,2026-10-06T21:00:00+00:00,12.1,0.65,0.66,0.655,0.01,744.73,2.75,98
2026-10-06T20:47:54.885519+00:00,btc-updown-15m-1791320400,15,5343236,112191644300756641227993749652858501636437531670568953635929874666156079938113,2026-10-06T21:00:00+00:00,2026-10-06T21:15:00+00:00,27.1,0.5,0.51,0.505,0.01,34.91,250.41,99
2026-10-06T20:48:56.052573+00:00,btc-updown-5m-1791319500,5,5342836,22027655460235124822708539679521795702709962938394903832194243100915180150165,2026-10-06T20:45:00+00:00,2026-10-06T20:50:00+00:00,1.07,0.98,0.99,0.985,0.01,1590.01,3068.33,98
2026-10-06T20:48:56.052573+00:00,btc-updown-5m-1791319800,5,5343009,34349102293635245808252818818885729996332987925623102709220663787395940862,2026-10-06T20:50:00+00:00,2026-10-06T20:55:00+00:00,6.07,0.5,0.51,0.505,0.01,63.04,190.03,99
2026-10-06T20:48:56.052573+00:00,btc-updown-15m-1791319500,15,5342818,27210390889481074311961635675831909516992131718852602575296274134791950509094,2026-10-06T20:45:00+00:00,2026-10-06T21:00:00+00:00,11.07,0.69,0.7,0.695,0.01,5.0,1384.66,98
2026-10-06T20:48:56.052573+00:00,btc-updown-15m-1791320400,15,5343236,112191644300756641227993749652858501636437531670568953635929874666156079938113,2026-10-06T21:00:00+00:00,2026-10-06T21:15:00+00:00,26.07,0.5,0.51,0.505,0.01,34.91,250.41,99
2026-10-06T20:49:57.223803+00:00,btc-updown-5m-1791319800,5,5343009,34349102293635245808252818818885729996332987925623102709220663787395940862,2026-10-06T20:50:00+00:00,2026-10-06T20:55:00+00:00,5.05,0.37,0.38,0.375,0.01,11.0,220.0,99
2026-10-06T20:49:57.223803+00:00,btc-updown-15m-1791319500,15,5342818,27210390889481074311961635675831909516992131718852602575296274134791950509094,2026-10-06T20:45:00+00:00,2026-10-06T21:00:00+00:00,10.05,0.45,0.46,0.455,0.01,909.9,138.0,97
2026-10-06T20:49:57.223803+00:00,btc-updown-15m-1791320400,15,5343236,112191644300756641227993749652858501636437531670568953635929874666156079938113,2026-10-06T21:00:00+00:00,2026-10-06T21:15:00+00:00,25.05,0.5,0.51,0.505,0.01,34.91,245.41,99
2026-10-06T20:50:58.396235+00:00,btc-updown-5m-1791319800,5,5343009,34349102293635245808252818818885729996332987925623102709220663787395940862,2026-10-06T20:50:00+00:00,2026-10-06T20:55:00+00:00,4.03,0.31,0.32,0.315,0.01,157.5,262.62,99
2026-10-06T20:50:58.396235+00:00,btc-updown-5m-1791320100,5,5343204,55981715386748458393746291626762635536033665744145750256877545397651643995916,2026-10-06T20:55:00+00:00,2026-10-06T21:00:00+00:00,9.03,0.5,0.51,0.505,0.01,86.12,328.23,99
2026-10-06T20:50:58.396235+00:00,btc-updown-15m-1791319500,15,5342818,27210390889481074311961635675831909516992131718852602575296274134791950509094,2026-10-06T20:45:00+00:00,2026-10-06T21:00:00+00:00,9.03,0.46,0.47,0.465,0.01,999.8,160.0,99
2026-10-06T20:50:58.396235+00:00,btc-updown-15m-1791320400,15,5343236,112191644300756641227993749652858501636437531670568953635929874666156079938113,2026-10-06T21:00:00+00:00,2026-10-06T21:15:00+00:00,24.03,0.5,0.51,0.505,0.01,39.91,250.41,99
2026-10-06T20:51:59.555677+00:00,btc-updown-5m-1791319800,5,5343009,34349102293635245808252818818885729996332987925623102709220663787395940862,2026-10-06T20:50:00+00:00,2026-10-06T20:55:00+00:00,3.02,0.59,0.6,0.595,0.01,2089.96,230.0,99
2026-10-06T20:51:59.555677+00:00,btc-updown-5m-1791320100,5,5343204,55981715386748458393746291626762635536033665744145750256877545397651643995916,2026-10-06T20:55:00+00:00,2026-10-06T21:00:00+00:00,8.02,0.5,0.51,0.505,0.01,91.12,290.23,99
2026-10-06T20:51:59.555677+00:00,btc-updown-15m-1791319500,15,5342818,27210390889481074311961635675831909516992131718852602575296274134791950509094,2026-10-06T20:45:00+00:00,2026-10-06T21:00:00+00:00,8.02,0.58,0.59,0.585,0.01,593.58,100.0,99
2026-10-06T20:51:59.555677+00:00,btc-updown-15m-1791320400,15,5343236,112191644300756641227993749652858501636437531670568953635929874666156079938113,2026-10-06T21:00:00+00:00,2026-10-06T21:15:00+00:00,23.02,0.5,0.51,0.505,0.01,39.91,250.41,99
2026-10-06T20:53:00.809725+00:00,btc-updown-5m-1791319800,5,5343009,34349102293635245808252818818885729996332987925623102709220663787395940862,2026-10-06T20:50:00+00:00,2026-10-06T20:55:00+00:00,2.0,0.21,0.22,0.215,0.01,47.0,4227.92,99
2026-10-06T20:53:00.809725+00:00,btc-updown-5m-1791320100,5,5343204,55981715386748458393746291626762635536033665744145750256877545397651643995916,2026-10-06T20:55:00+00:00,2026-10-06T21:00:00+00:00,7.0,0.5,0.51,0.505,0.01,86.12,289.34,99
2026-10-06T20:53:00.809725+00:00,btc-updown-15m-1791319500,15,5342818,27210390889481074311961635675831909516992131718852602575296274134791950509094,2026-10-06T20:45:00+00:00,2026-10-06T21:00:00+00:00,7.0,0.42,0.43,0.425,0.01,315.0,370.23,97
2026-10-06T20:53:00.809725+00:00,btc-updown-15m-1791320400,15,5343236,112191644300756641227993749652858501636437531670568953635929874666156079938113,2026-10-06T21:00:00+00:00,2026-10-06T21:15:00+00:00,22.0,0.5,0.51,0.505,0.01,39.91,250.41,99
2026-10-06T20:54:02.006672+00:00,btc-updown-5m-1791319800,5,5343009,34349102293635245808252818818885729996332987925623102709220663787395940862,2026-10-06T20:50:00+00:00,2026-10-06T20:55:00+00:00,0.97,0.08,0.09,0.085,0.01,276.79,63.0,95
2026-10-06T20:54:02.006672+00:00,btc-updown-5m-1791320100,5,5343204,55981715386748458393746291626762635536033665744145750256877545397651643995916,2026-10-06T20:55:00+00:00,2026-10-06T21:00:00+00:00,5.97,0.5,0.51,0.505,0.01,103.12,169.73,99
2026-10-06T20:54:02.006672+00:00,btc-updown-15m-1791319500,15,5342818,27210390889481074311961635675831909516992131718852602575296274134791950509094,2026-10-06T20:45:00+00:00,2026-10-06T21:00:00+00:00,5.97,0.49,0.5,0.495,0.01,305.7,15.0,99
2026-10-06T20:54:02.006672+00:00,btc-updown-15m-1791320400,15,5343236,112191644300756641227993749652858501636437531670568953635929874666156079938113,2026-10-06T21:00:00+00:00,2026-10-06T21:15:00+00:00,20.97,0.5,0.51,0.505,0.01,39.91,250.41,99
2026-10-06T20:55:03.200001+00:00,btc-updown-5m-1791320100,5,5343204,55981715386748458393746291626762635536033665744145750256877545397651643995916,2026-10-06T20:55:00+00:00,2026-10-06T21:00:00+00:00,4.95,0.51,0.52,0.515,0.01,1127.62,169.0,99
2026-10-06T20:55:03.200001+00:00,btc-updown-5m-1791320400,5,5343225,74815383805093197262511893286362825819151955239474846917615762839468305172676,2026-10-06T21:00:00+00:00,2026-10-06T21:05:00+00:00,9.95,0.5,0.51,0.505,0.01,83.56,433.93,99
2026-10-06T20:55:03.200001+00:00,btc-updown-15m-1791319500,15,5342818,27210390889481074311961635675831909516992131718852602575296274134791950509094,2026-10-06T20:45:00+00:00,2026-10-06T21:00:00+00:00,4.95,0.49,0.5,0.495,0.01,280.07,1396.0,99
2026-10-06T20:55:03.200001+00:00,btc-updown-15m-1791320400,15,5343236,112191644300756641227993749652858501636437531670568953635929874666156079938113,2026-10-06T21:00:00+00:00,2026-10-06T21:15:00+00:00,19.95,0.48,0.49,0.485,0.01,169.65,35.0,99
2026-10-06T20:56:04.439782+00:00,btc-updown-5m-1791320100,5,5343204,55981715386748458393746291626762635536033665744145750256877545397651643995916,2026-10-06T20:55:00+00:00,2026-10-06T21:00:00+00:00,3.93,0.45,0.46,0.455,0.01,1810.47,148.0,99
2026-10-06T20:56:04.439782+00:00,btc-updown-5m-1791320400,5,5343225,74815383805093197262511893286362825819151955239474846917615762839468305172676,2026-10-06T21:00:00+00:00,2026-10-06T21:05:00+00:00,8.93,0.5,0.51,0.505,0.01,78.56,260.93,99
2026-10-06T20:56:04.439782+00:00,btc-updown-15m-1791319500,15,5342818,27210390889481074311961635675831909516992131718852602575296274134791950509094,2026-10-06T20:45:00+00:00,2026-10-06T21:00:00+00:00,3.93,0.41,0.42,0.415,0.01,371.0,351.0,98
2026-10-06T20:56:04.439782+00:00,btc-updown-15m-1791320400,15,5343236,112191644300756641227993749652858501636437531670568953635929874666156079938113,2026-10-06T21:00:00+00:00,2026-10-06T21:15:00+00:00,18.93,0.48,0.49,0.485,0.01,169.65,35.0,99
2026-10-06T20:57:05.618309+00:00,btc-updown-5m-1791320100,5,5343204,55981715386748458393746291626762635536033665744145750256877545397651643995916,2026-10-06T20:55:00+00:00,2026-10-06T21:00:00+00:00,2.92,0.16,0.17,0.165,0.01,294.04,1600.11,99
2026-10-06T20:57:05.618309+00:00,btc-updown-5m-1791320400,5,5343225,74815383805093197262511893286362825819151955239474846917615762839468305172676,2026-10-06T21:00:00+00:00,2026-10-06T21:05:00+00:00,7.92,0.5,0.51,0.505,0.01,127.78,280.93,99
2026-10-06T20:57:05.618309+00:00,btc-updown-15m-1791319500,15,5342818,27210390889481074311961635675831909516992131718852602575296274134791950509094,2026-10-06T20:45:00+00:00,2026-10-06T21:00:00+00:00,2.92,0.15,0.16,0.155,0.01,236.32,285.89,95
2026-10-06T20:57:05.618309+00:00,btc-updown-15m-1791320400,15,5343236,112191644300756641227993749652858501636437531670568953635929874666156079938113,2026-10-06T21:00:00+00:00,2026-10-06T21:15:00+00:00,17.92,0.48,0.49,0.485,0.01,334.65,35.0,99
2026-10-06T20:58:06.803308+00:00,btc-updown-5m-1791320100,5,5343204,55981715386748458393746291626762635536033665744145750256877545397651643995916,2026-10-06T20:55:00+00:00,2026-10-06T21:00:00+00:00,1.9,0.04,0.05,0.045,0.01,285.0,478.92,99
2026-10-06T20:58:06.803308+00:00,btc-updown-5m-1791320400,5,5343225,74815383805093197262511893286362825819151955239474846917615762839468305172676,2026-10-06T21:00:00+00:00,2026-10-06T21:05:00+00:00,6.9,0.5,0.51,0.505,0.01,192.78,75.7,99
2026-10-06T20:58:06.803308+00:00,btc-updown-15m-1791319500,15,5342818,27210390889481074311961635675831909516992131718852602575296274134791950509094,2026-10-06T20:45:00+00:00,2026-10-06T21:00:00+00:00,1.9,0.04,0.05,0.045,0.01,667.3,337.0,90
2026-10-06T20:58:06.803308+00:00,btc-updown-15m-1791320400,15,5343236,112191644300756641227993749652858501636437531670568953635929874666156079938113,2026-10-06T21:00:00+00:00,2026-10-06T21:15:00+00:00,16.9,0.48,0.49,0.485,0.01,339.65,35.0,99
2026-10-06T20:59:07.960992+00:00,btc-updown-5m-1791320400,5,5343225,74815383805093197262511893286362825819151955239474846917615762839468305172676,2026-10-06T21:00:00+00:00,2026-10-06T21:05:00+00:00,5.88,0.51,0.52,0.515,0.01,6.38,225.8,99
2026-10-06T20:59:07.960992+00:00,btc-updown-15m-1791319500,15,5342818,27210390889481074311961635675831909516992131718852602575296274134791950509094,2026-10-06T20:45:00+00:00,2026-10-06T21:00:00+00:00,0.88,0.02,0.03,0.025,0.01,79.9,412.65,78
2026-10-06T20:59:07.960992+00:00,btc-updown-15m-1791320400,15,5343236,112191644300756641227993749652858501636437531670568953635929874666156079938113,2026-10-06T21:00:00+00:00,2026-10-06T21:15:00+00:00,15.88,0.5,0.51,0.505,0.01,45.0,127.15,85
2026-10-06T21:00:09.009765+00:00,btc-updown-5m-1791320400,5,5343225,74815383805093197262511893286362825819151955239474846917615762839468305172676,2026-10-06T21:00:00+00:00,2026-10-06T21:05:00+00:00,4.85,0.65,0.66,0.655,0.01,107.0,157.58,99
2026-10-06T21:00:09.009765+00:00,btc-updown-5m-1791320700,5,5343351,81871057326351159682554518368373375293572814523633821722117578158190107994016,2026-10-06T21:05:00+00:00,2026-10-06T21:10:00+00:00,9.85,0.49,0.51,0.5,0.02,95.0,318.28,98
2026-10-06T21:00:09.009765+00:00,btc-updown-15m-1791320400,15,5343236,112191644300756641227993749652858501636437531670568953635929874666156079938113,2026-10-06T21:00:00+00:00,2026-10-06T21:15:00+00:00,14.85,0.59,0.6,0.595,0.01,42.56,9679.01,99
2026-10-06T21:00:09.009765+00:00,btc-updown-15m-1791321300,15,5343443,99653642293249263137592946667328005666631119367837795497186656776128892633863,2026-10-06T21:15:00+00:00,2026-10-06T21:30:00+00:00,29.85,0.5,0.51,0.505,0.01,25.0,265.0,95
2026-10-06T21:01:10.284423+00:00,btc-updown-5m-1791320400,5,5343225,74815383805093197262511893286362825819151955239474846917615762839468305172676,2026-10-06T21:00:00+00:00,2026-10-06T21:05:00+00:00,3.83,0.48,0.49,0.485,0.01,99.5,1282.62,99
2026-10-06T21:01:10.284423+00:00,btc-updown-5m-1791320700,5,5343351,81871057326351159682554518368373375293572814523633821722117578158190107994016,2026-10-06T21:05:00+00:00,2026-10-06T21:10:00+00:00,8.83,0.5,0.51,0.505,0.01,78.0,280.28,99
2026-10-06T21:01:10.284423+00:00,btc-updown-15m-1791320400,15,5343236,112191644300756641227993749652858501636437531670568953635929874666156079938113,2026-10-06T21:00:00+00:00,2026-10-06T21:15:00+00:00,13.83,0.49,0.5,0.495,0.01,340.0,297.07,99
2026-10-06T21:01:10.284423+00:00,btc-updown-15m-1791321300,15,5343443,99653642293249263137592946667328005666631119367837795497186656776128892633863,2026-10-06T21:15:00+00:00,2026-10-06T21:30:00+00:00,28.83,0.5,0.51,0.505,0.01,50.0,95.0,95
2026-10-06T21:02:11.476589+00:00,btc-updown-5m-1791320400,5,5343225,74815383805093197262511893286362825819151955239474846917615762839468305172676,2026-10-06T21:00:00+00:00,2026-10-06T21:05:00+00:00,2.82,0.25,0.28,0.265,0.03,5.0,902.68,92
2026-10-06T21:02:11.476589+00:00,btc-updown-5m-1791320700,5,5343351,81871057326351159682554518368373375293572814523633821722117578158190107994016,2026-10-06T21:05:00+00:00,2026-10-06T21:10:00+00:00,7.82,0.5,0.51,0.505,0.01,87.41,300.28,99
2026-10-06T21:02:11.476589+00:00,btc-updown-15m-1791320400,15,5343236,112191644300756641227993749652858501636437531670568953635929874666156079938113,2026-10-06T21:00:00+00:00,2026-10-06T21:15:00+00:00,12.82,0.42,0.43,0.425,0.01,20.91,83.33,99
2026-10-06T21:02:11.476589+00:00,btc-updown-15m-1791321300,15,5343443,99653642293249263137592946667328005666631119367837795497186656776128892633863,2026-10-06T21:15:00+00:00,2026-10-06T21:30:00+00:00,27.82,0.5,0.51,0.505,0.01,50.0,115.41,95
2026-10-06T21:03:12.656348+00:00,btc-updown-5m-1791320400,5,5343225,74815383805093197262511893286362825819151955239474846917615762839468305172676,2026-10-06T21:00:00+00:00,2026-10-06T21:05:00+00:00,1.8,0.01,0.02,0.015,0.01,2507.73,2522.99,99
2026-10-06T21:03:12.656348+00:00,btc-updown-5m-1791320700,5,5343351,81871057326351159682554518368373375293572814523633821722117578158190107994016,2026-10-06T21:05:00+00:00,2026-10-06T21:10:00+00:00,6.8,0.5,0.51,0.505,0.01,108.41,157.61,99
2026-10-06T21:03:12.656348+00:00,btc-updown-15m-1791320400,15,5343236,112191644300756641227993749652858501636437531670568953635929874666156079938113,2026-10-06T21:00:00+00:00,2026-10-06T21:15:00+00:00,11.8,0.19,0.2,0.195,0.01,1787.56,1432.83,95
2026-10-06T21:03:12.656348+00:00,btc-updown-15m-1791321300,15,5343443,99653642293249263137592946667328005666631119367837795497186656776128892633863,2026-10-06T21:15:00+00:00,2026-10-06T21:30:00+00:00,26.8,0.5,0.51,0.505,0.01,100.0,95.0,95
2026-10-06T21:04:13.822310+00:00,btc-updown-5m-1791320700,5,5343351,81871057326351159682554518368373375293572814523633821722117578158190107994016,2026-10-06T21:05:00+00:00,2026-10-06T21:10:00+00:00,5.78,0.5,0.51,0.505,0.01,35.0,201.3,99
2026-10-06T21:04:13.822310+00:00,btc-updown-15m-1791320400,15,5343236,112191644300756641227993749652858501636437531670568953635929874666156079938113,2026-10-06T21:00:00+00:00,2026-10-06T21:15:00+00:00,10.78,0.11,0.12,0.115,0.01,1520.55,1313.59,94
2026-10-06T21:04:13.822310+00:00,btc-updown-15m-1791321300,15,5343443,99653642293249263137592946667328005666631119367837795497186656776128892633863,2026-10-06T21:15:00+00:00,2026-10-06T21:30:00+00:00,25.78,0.5,0.51,0.505,0.01,100.0,95.0,95
2026-10-06T21:05:14.937843+00:00,btc-updown-5m-1791320700,5,5343351,81871057326351159682554518368373375293572814523633821722117578158190107994016,2026-10-06T21:05:00+00:00,2026-10-06T21:10:00+00:00,4.77,0.81,0.82,0.815,0.01,500.43,361.57,99
2026-10-06T21:05:14.937843+00:00,btc-updown-5m-1791321000,5,5343356,102398712821042784395024045551444044129612546802687369171438073903097181596432,2026-10-06T21:10:00+00:00,2026-10-06T21:15:00+00:00,9.77,0.5,0.51,0.505,0.01,179.08,157.22,99
2026-10-06T21:05:14.937843+00:00,btc-updown-15m-1791320400,15,5343236,112191644300756641227993749652858501636437531670568953635929874666156079938113,2026-10-06T21:00:00+00:00,2026-10-06T21:15:00+00:00,9.77,0.21,0.22,0.215,0.01,694.0,384.39,93
2026-10-06T21:05:14.937843+00:00,btc-updown-15m-1791321300,15,5343443,99653642293249263137592946667328005666631119367837795497186656776128892633863,2026-10-06T21:15:00+00:00,2026-10-06T21:30:00+00:00,24.77,0.5,0.51,0.505,0.01,431.81,100.0,95
2026-10-06T21:06:16.189456+00:00,btc-updown-5m-1791320700,5,5343351,81871057326351159682554518368373375293572814523633821722117578158190107994016,2026-10-06T21:05:00+00:00,2026-10-06T21:10:00+00:00,3.73,0.92,0.93,0.925,0.01,193.62,866.93,99
2026-10-06T21:06:16.189456+00:00,btc-updown-5m-1791321000,5,5343356,102398712821042784395024045551444044129612546802687369171438073903097181596432,2026-10-06T21:10:00+00:00,2026-10-06T21:15:00+00:00,8.73,0.5,0.51,0.505,0.01,195.08,132.61,99
2026-10-06T21:06:16.189456+00:00,btc-updown-15m-1791320400,15,5343236,112191644300756641227993749652858501636437531670568953635929874666156079938113,2026-10-06T21:00:00+00:00,2026-10-06T21:15:00+00:00,8.73,0.26,0.27,0.265,0.01,135.0,389.77,97
2026-10-06T21:06:16.189456+00:00,btc-updown-15m-1791321300,15,5343443,99653642293249263137592946667328005666631119367837795497186656776128892633863,2026-10-06T21:15:00+00:00,2026-10-06T21:30:00+00:00,23.73,0.5,0.51,0.505,0.01,176.81,100.0,95
2026-10-06T21:07:17.407072+00:00,btc-updown-5m-1791320700,5,5343351,81871057326351159682554518368373375293572814523633821722117578158190107994016,2026-10-06T21:05:00+00:00,2026-10-06T21:10:00+00:00,2.72,0.97,0.98,0.975,0.01,999.84,718.28,99
2026-10-06T21:07:17.407072+00:00,btc-updown-5m-1791321000,5,5343356,102398712821042784395024045551444044129612546802687369171438073903097181596432,2026-10-06T21:10:00+00:00,2026-10-06T21:15:00+00:00,7.72,0.5,0.51,0.505,0.01,190.28,5.0,99
2026-10-06T21:07:17.407072+00:00,btc-updown-15m-1791320400,15,5343236,112191644300756641227993749652858501636437531670568953635929874666156079938113,2026-10-06T21:00:00+00:00,2026-10-06T21:15:00+00:00,7.72,0.29,0.3,0.295,0.01,359.79,340.68,97
2026-10-06T21:07:17.407072+00:00,btc-updown-15m-1791321300,15,5343443,99653642293249263137592946667328005666631119367837795497186656776128892633863,2026-10-06T21:15:00+00:00,2026-10-06T21:30:00+00:00,22.72,0.5,0.51,0.505,0.01,176.62,100.0,95
2026-10-06T21:08:18.557671+00:00,btc-updown-5m-1791320700,5,5343351,81871057326351159682554518368373375293572814523633821722117578158190107994016,2026-10-06T21:05:00+00:00,2026-10-06T21:10:00+00:00,1.7,0.98,0.99,0.985,0.01,871.69,1986.88,99
2026-10-06T21:08:18.557671+00:00,btc-updown-5m-1791321000,5,5343356,102398712821042784395024045551444044129612546802687369171438073903097181596432,2026-10-06T21:10:00+00:00,2026-10-06T21:15:00+00:00,6.7,0.5,0.51,0.505,0.01,291.5,20.0,99
2026-10-06T21:08:18.557671+00:00,btc-updown-15m-1791320400,15,5343236,112191644300756641227993749652858501636437531670568953635929874666156079938113,2026-10-06T21:00:00+00:00,2026-10-06T21:15:00+00:00,6.7,0.22,0.23,0.225,0.01,1657.6,43.0,96
2026-10-06T21:08:18.557671+00:00,btc-updown-15m-1791321300,15,5343443,99653642293249263137592946667328005666631119367837795497186656776128892633863,2026-10-06T21:15:00+00:00,2026-10-06T21:30:00+00:00,21.7,0.5,0.51,0.505,0.01,176.62,100.0,95
2026-10-06T21:09:19.674912+00:00,btc-updown-5m-1791321000,5,5343356,102398712821042784395024045551444044129612546802687369171438073903097181596432,2026-10-06T21:10:00+00:00,2026-10-06T21:15:00+00:00,5.68,0.49,0.5,0.495,0.01,125.2,155.0,99
2026-10-06T21:09:19.674912+00:00,btc-updown-15m-1791320400,15,5343236,112191644300756641227993749652858501636437531670568953635929874666156079938113,2026-10-06T21:00:00+00:00,2026-10-06T21:15:00+00:00,5.68,0.19,0.2,0.195,0.01,616.76,7023.92,96
2026-10-06T21:09:19.674912+00:00,btc-updown-15m-1791321300,15,5343443,99653642293249263137592946667328005666631119367837795497186656776128892633863,2026-10-06T21:15:00+00:00,2026-10-06T21:30:00+00:00,20.68,0.5,0.51,0.505,0.01,176.62,100.0,95
2026-10-06T21:10:20.721232+00:00,btc-updown-5m-1791321000,5,5343356,102398712821042784395024045551444044129612546802687369171438073903097181596432,2026-10-06T21:10:00+00:00,2026-10-06T21:15:00+00:00,4.67,0.24,0.25,0.245,0.01,82.36,2103.46,99
2026-10-06T21:10:20.721232+00:00,btc-updown-5m-1791321300,5,5343446,73280707245942307140744333710350090472149377684032151122458054019304493529060,2026-10-06T21:15:00+00:00,2026-10-06T21:20:00+00:00,9.67,0.5,0.51,0.505,0.01,312.49,440.93,99
2026-10-06T21:10:20.721232+00:00,btc-updown-15m-1791320400,15,5343236,112191644300756641227993749652858501636437531670568953635929874666156079938113,2026-10-06T21:00:00+00:00,2026-10-06T21:15:00+00:00,4.67,0.04,0.05,0.045,0.01,1397.11,502.35,92
2026-10-06T21:10:20.721232+00:00,btc-updown-15m-1791321300,15,5343443,99653642293249263137592946667328005666631119367837795497186656776128892633863,2026-10-06T21:15:00+00:00,2026-10-06T21:30:00+00:00,19.67,0.5,0.51,0.505,0.01,181.62,100.0,95
2026-10-06T21:11:22.009337+00:00,btc-updown-5m-1791321000,5,5343356,102398712821042784395024045551444044129612546802687369171438073903097181596432,2026-10-06T21:10:00+00:00,2026-10-06T21:15:00+00:00,3.63,0.22,0.23,0.225,0.01,343.42,348.95,99
2026-10-06T21:11:22.009337+00:00,btc-updown-5m-1791321300,5,5343446,73280707245942307140744333710350090472149377684032151122458054019304493529060,2026-10-06T21:15:00+00:00,2026-10-06T21:20:00+00:00,8.63,0.5,0.51,0.505,0.01,185.49,438.93,99
2026-10-06T21:11:22.009337+00:00,btc-updown-15m-1791320400,15,5343236,112191644300756641227993749652858501636437531670568953635929874666156079938113,2026-10-06T21:00:00+00:00,2026-10-06T21:15:00+00:00,3.63,0.02,0.03,0.025,0.01,225.0,370.22,92
2026-10-06T21:11:22.009337+00:00,btc-updown-15m-1791321300,15,5343443,99653642293249263137592946667328005666631119367837795497186656776128892633863,2026-10-06T21:15:00+00:00,2026-10-06T21:30:00+00:00,18.63,0.5,0.51,0.505,0.01,356.62,85.02,97
2026-10-06T21:12:23.169460+00:00,btc-updown-5m-1791321000,5,5343356,102398712821042784395024045551444044129612546802687369171438073903097181596432,2026-10-06T21:10:00+00:00,2026-10-06T21:15:00+00:00,2.62,0.13,0.14,0.135,0.01,212.99,616.6,99
2026-10-06T21:12:23.169460+00:00,btc-updown-5m-1791321300,5,5343446,73280707245942307140744333710350090472149377684032151122458054019304493529060,2026-10-06T21:15:00+00:00,2026-10-06T21:20:00+00:00,7.62,0.5,0.51,0.505,0.01,194.89,419.32,99
2026-10-06T21:12:23.169460+00:00,btc-updown-15m-1791320400,15,5343236,112191644300756641227993749652858501636437531670568953635929874666156079938113,2026-10-06T21:00:00+00:00,2026-10-06T21:15:00+00:00,2.62,0.02,0.03,0.025,0.01,950.25,752.93,91
2026-10-06T21:12:23.169460+00:00,btc-updown-15m-1791321300,15,5343443,99653642293249263137592946667328005666631119367837795497186656776128892633863,2026-10-06T21:15:00+00:00,2026-10-06T21:30:00+00:00,17.62,0.5,0.51,0.505,0.01,406.81,85.02,97
2026-10-06T21:13:24.348893+00:00,btc-updown-5m-1791321000,5,5343356,102398712821042784395024045551444044129612546802687369171438073903097181596432,2026-10-06T21:10:00+00:00,2026-10-06T21:15:00+00:00,1.6,0.28,0.29,0.285,0.01,2.0,2490.62,99
2026-10-06T21:13:24.348893+00:00,btc-updown-5m-1791321300,5,5343446,73280707245942307140744333710350090472149377684032151122458054019304493529060,2026-10-06T21:15:00+00:00,2026-10-06T21:20:00+00:00,6.6,0.5,0.51,0.505,0.01,209.89,339.75,99
2026-10-06T21:13:24.348893+00:00,btc-updown-15m-1791320400,15,5343236,112191644300756641227993749652858501636437531670568953635929874666156079938113,2026-10-06T21:00:00+00:00,2026-10-06T21:15:00+00:00,1.6,0.02,0.021,0.0205,0.001,899.87,76.0,106
2026-10-06T21:13:24.348893+00:00,btc-updown-15m-1791321300,15,5343443,99653642293249263137592946667328005666631119367837795497186656776128892633863,2026-10-06T21:15:00+00:00,2026-10-06T21:30:00+00:00,16.6,0.5,0.51,0.505,0.01,236.61,79.15,97
2026-10-06T21:14:25.513518+00:00,btc-updown-5m-1791321000,5,5343356,102398712821042784395024045551444044129612546802687369171438073903097181596432,2026-10-06T21:10:00+00:00,2026-10-06T21:15:00+00:00,0.58,0.21,0.22,0.215,0.01,94.25,15.0,95
2026-10-06T21:14:25.513518+00:00,btc-updown-5m-1791321300,5,5343446,73280707245942307140744333710350090472149377684032151122458054019304493529060,2026-10-06T21:15:00+00:00,2026-10-06T21:20:00+00:00,5.58,0.51,0.52,0.515,0.01,334.8,102.79,99
2026-10-06T21:14:25.513518+00:00,btc-updown-15m-1791321300,15,5343443,99653642293249263137592946667328005666631119367837795497186656776128892633863,2026-10-06T21:15:00+00:00,2026-10-06T21:30:00+00:00,15.58,0.5,0.51,0.505,0.01,251.61,10.0,79
2026-10-06T21:15:26.544544+00:00,btc-updown-5m-1791321300,5,5343446,73280707245942307140744333710350090472149377684032151122458054019304493529060,2026-10-06T21:15:00+00:00,2026-10-06T21:20:00+00:00,4.57,0.49,0.5,0.495,0.01,1068.53,30.0,99
2026-10-06T21:15:26.544544+00:00,btc-updown-5m-1791321600,5,5343457,44221437175808270342094688188442629828827360665454903329865462569169416210158,2026-10-06T21:20:00+00:00,2026-10-06T21:25:00+00:00,9.57,0.5,0.51,0.505,0.01,124.49,360.17,99
2026-10-06T21:15:26.544544+00:00,btc-updown-15m-1791321300,15,5343443,99653642293249263137592946667328005666631119367837795497186656776128892633863,2026-10-06T21:15:00+00:00,2026-10-06T21:30:00+00:00,14.57,0.51,0.52,0.515,0.01,304.49,374.33,99
2026-10-06T21:15:26.544544+00:00,btc-updown-15m-1791322200,15,5343489,98064868662205492176528379477255239839765983551706772650018461491424343493829,2026-10-06T21:30:00+00:00,2026-10-06T21:45:00+00:00,29.57,0.5,0.51,0.505,0.01,64.91,90.0,95
2026-10-06T21:16:27.809658+00:00,btc-updown-5m-1791321300,5,5343446,73280707245942307140744333710350090472149377684032151122458054019304493529060,2026-10-06T21:15:00+00:00,2026-10-06T21:20:00+00:00,3.55,0.49,0.5,0.495,0.01,1641.41,72.2,99
2026-10-06T21:16:27.809658+00:00,btc-updown-5m-1791321600,5,5343457,44221437175808270342094688188442629828827360665454903329865462569169416210158,2026-10-06T21:20:00+00:00,2026-10-06T21:25:00+00:00,8.55,0.5,0.51,0.505,0.01,139.49,360.17,99
2026-10-06T21:16:27.809658+00:00,btc-updown-15m-1791321300,15,5343443,99653642293249263137592946667328005666631119367837795497186656776128892633863,2026-10-06T21:15:00+00:00,2026-10-06T21:30:00+00:00,13.55,0.51,0.52,0.515,0.01,298.0,409.0,99
2026-10-06T21:16:27.809658+00:00,btc-updown-15m-1791322200,15,5343489,98064868662205492176528379477255239839765983551706772650018461491424343493829,2026-10-06T21:30:00+00:00,2026-10-06T21:45:00+00:00,28.55,0.5,0.51,0.505,0.01,169.72,95.0,95
2026-10-06T21:17:29.048633+00:00,btc-updown-5m-1791321300,5,5343446,73280707245942307140744333710350090472149377684032151122458054019304493529060,2026-10-06T21:15:00+00:00,2026-10-06T21:20:00+00:00,2.52,0.22,0.23,0.225,0.01,46.0,425.16,99
2026-10-06T21:17:29.048633+00:00,btc-updown-5m-1791321600,5,5343457,44221437175808270342094688188442629828827360665454903329865462569169416210158,2026-10-06T21:20:00+00:00,2026-10-06T21:25:00+00:00,7.52,0.5,0.51,0.505,0.01,128.89,415.17,99
2026-10-06T21:17:29.048633+00:00,btc-updown-15m-1791321300,15,5343443,99653642293249263137592946667328005666631119367837795497186656776128892633863,2026-10-06T21:15:00+00:00,2026-10-06T21:30:00+00:00,12.52,0.39,0.4,0.395,0.01,750.44,719.83,98
2026-10-06T21:17:29.048633+00:00,btc-updown-15m-1791322200,15,5343489,98064868662205492176528379477255239839765983551706772650018461491424343493829,2026-10-06T21:30:00+00:00,2026-10-06T21:45:00+00:00,27.52,0.5,0.51,0.505,0.01,189.72,95.0,95
2026-10-06T21:18:30.201735+00:00,btc-updown-5m-1791321300,5,5343446,73280707245942307140744333710350090472149377684032151122458054019304493529060,2026-10-06T21:15:00+00:00,2026-10-06T21:20:00+00:00,1.5,0.02,0.03,0.025,0.01,34.34,1227.18,99
2026-10-06T21:18:30.201735+00:00,btc-updown-5m-1791321600,5,5343457,44221437175808270342094688188442629828827360665454903329865462569169416210158,2026-10-06T21:20:00+00:00,2026-10-06T21:25:00+00:00,6.5,0.5,0.51,0.505,0.01,148.89,341.53,99
2026-10-06T21:18:30.201735+00:00,btc-updown-15m-1791321300,15,5343443,99653642293249263137592946667328005666631119367837795497186656776128892633863,2026-10-06T21:15:00+00:00,2026-10-06T21:30:00+00:00,11.5,0.24,0.25,0.245,0.01,2535.84,1429.44,95
2026-10-06T21:18:30.201735+00:00,btc-updown-15m-1791322200,15,5343489,98064868662205492176528379477255239839765983551706772650018461491424343493829,2026-10-06T21:30:00+00:00,2026-10-06T21:45:00+00:00,26.5,0.5,0.51,0.505,0.01,269.72,105.0,95
2026-10-06T21:19:31.338260+00:00,btc-updown-5m-1791321600,5,5343457,44221437175808270342094688188442629828827360665454903329865462569169416210158,2026-10-06T21:20:00+00:00,2026-10-06T21:25:00+00:00,5.48,0.48,0.49,0.485,0.01,61.4,303.84,98
2026-10-06T21:19:31.338260+00:00,btc-updown-15m-1791321300,15,5343443,99653642293249263137592946667328005666631119367837795497186656776128892633863,2026-10-06T21:15:00+00:00,2026-10-06T21:30:00+00:00,10.48,0.18,0.19,0.185,0.01,28.71,782.47,94
2026-10-06T21:19:31.338260+00:00,btc-updown-15m-1791322200,15,5343489,98064868662205492176528379477255239839765983551706772650018461491424343493829,2026-10-06T21:30:00+00:00,2026-10-06T21:45:00+00:00,25.48,0.5,0.51,0.505,0.01,194.72,105.0,95
2026-10-06T21:20:32.344956+00:00,btc-updown-5m-1791321600,5,5343457,44221437175808270342094688188442629828827360665454903329865462569169416210158,2026-10-06T21:20:00+00:00,2026-10-06T21:25:00+00:00,4.47,0.3,0.31,0.305,0.01,23.81,1168.19,99
2026-10-06T21:20:32.344956+00:00,btc-updown-5m-1791321900,5,5343484,73323977583368970843375641825096339034409473126896051483806967404297442553371,2026-10-06T21:25:00+00:00,2026-10-06T21:30:00+00:00,9.47,0.5,0.51,0.505,0.01,163.65,312.65,99
2026-10-06T21:20:32.344956+00:00,btc-updown-15m-1791321300,15,5343443,99653642293249263137592946667328005666631119367837795497186656776128892633863,2026-10-06T21:15:00+00:00,2026-10-06T21:30:00+00:00,9.47,0.1,0.11,0.105,0.01,347.93,277.45,91
2026-10-06T21:20:32.344956+00:00,btc-updown-15m-1791322200,15,5343489,98064868662205492176528379477255239839765983551706772650018461491424343493829,2026-10-06T21:30:00+00:00,2026-10-06T21:45:00+00:00,24.47,0.5,0.51,0.505,0.01,541.72,110.0,95
2026-10-06T21:21:33.560234+00:00,btc-updown-5m-1791321600,5,5343457,44221437175808270342094688188442629828827360665454903329865462569169416210158,2026-10-06T21:20:00+00:00,2026-10-06T21:25:00+00:00,3.45,0.73,0.74,0.735,0.01,392.02,273.73,99
2026-10-06T21:21:33.560234+00:00,btc-updown-5m-1791321900,5,5343484,73323977583368970843375641825096339034409473126896051483806967404297442553371,2026-10-06T21:25:00+00:00,2026-10-06T21:30:00+00:00,8.45,0.5,0.51,0.505,0.01,193.65,307.65,99
2026-10-06T21:21:33.560234+00:00,btc-updown-15m-1791321300,15,5343443,99653642293249263137592946667328005666631119367837795497186656776128892633863,2026-10-06T21:15:00+00:00,2026-10-06T21:30:00+00:00,8.45,0.27,0.28,0.275,0.01,65.0,772.23,97
2026-10-06T21:21:33.560234+00:00,btc-updown-15m-1791322200,15,5343489,98064868662205492176528379477255239839765983551706772650018461491424343493829,2026-10-06T21:30:00+00:00,2026-10-06T21:45:00+00:00,23.45,0.5,0.51,0.505,0.01,366.72,110.0,95
2026-10-06T21:22:34.656647+00:00,btc-updown-5m-1791321600,5,5343457,44221437175808270342094688188442629828827360665454903329865462569169416210158,2026-10-06T21:20:00+00:00,2026-10-06T21:25:00+00:00,2.43,0.88,0.89,0.885,0.01,919.01,1211.58,99
2026-10-06T21:22:34.656647+00:00,btc-updown-5m-1791321900,5,5343484,73323977583368970843375641825096339034409473126896051483806967404297442553371,2026-10-06T21:25:00+00:00,2026-10-06T21:30:00+00:00,7.43,0.5,0.51,0.505,0.01,191.05,307.65,99
2026-10-06T21:22:34.656647+00:00,btc-updown-15m-1791321300,15,5343443,99653642293249263137592946667328005666631119367837795497186656776128892633863,2026-10-06T21:15:00+00:00,2026-10-06T21:30:00+00:00,7.43,0.24,0.25,0.245,0.01,380.71,620.81,96
2026-10-06T21:22:34.656647+00:00,btc-updown-15m-1791322200,15,5343489,98064868662205492176528379477255239839765983551706772650018461491424343493829,2026-10-06T21:30:00+00:00,2026-10-06T21:45:00+00:00,22.43,0.5,0.51,0.505,0.01,366.71,110.0,95
2026-10-06T21:23:35.832968+00:00,btc-updown-5m-1791321600,5,5343457,44221437175808270342094688188442629828827360665454903329865462569169416210158,2026-10-06T21:20:00+00:00,2026-10-06T21:25:00+00:00,1.42,0.97,0.98,0.975,0.01,2530.36,636.85,99
2026-10-06T21:23:35.832968+00:00,btc-updown-5m-1791321900,5,5343484,73323977583368970843375641825096339034409473126896051483806967404297442553371,2026-10-06T21:25:00+00:00,2026-10-06T21:30:00+00:00,6.42,0.5,0.52,0.51,0.02,30.0,91.68,98
2026-10-06T21:23:35.832968+00:00,btc-updown-15m-1791321300,15,5343443,99653642293249263137592946667328005666631119367837795497186656776128892633863,2026-10-06T21:15:00+00:00,2026-10-06T21:30:00+00:00,6.42,0.33,0.34,0.335,0.01,1856.92,155.98,99
2026-10-06T21:23:35.832968+00:00,btc-updown-15m-1791322200,15,5343489,98064868662205492176528379477255239839765983551706772650018461491424343493829,2026-10-06T21:30:00+00:00,2026-10-06T21:45:00+00:00,21.42,0.5,0.51,0.505,0.01,284.71,110.0,95
2026-10-06T21:24:36.975879+00:00,btc-updown-5m-1791321900,5,5343484,73323977583368970843375641825096339034409473126896051483806967404297442553371,2026-10-06T21:25:00+00:00,2026-10-06T21:30:00+00:00,5.4,0.55,0.56,0.555,0.01,270.0,10.0,99
2026-10-06T21:24:36.975879+00:00,btc-updown-15m-1791321300,15,5343443,99653642293249263137592946667328005666631119367837795497186656776128892633863,2026-10-06T21:15:00+00:00,2026-10-06T21:30:00+00:00,5.4,0.4,0.41,0.405,0.01,10.0,1734.9,97
2026-10-06T21:24:36.975879+00:00,btc-updown-15m-1791322200,15,5343489,98064868662205492176528379477255239839765983551706772650018461491424343493829,2026-10-06T21:30:00+00:00,2026-10-06T21:45:00+00:00,20.4,0.5,0.51,0.505,0.01,309.71,110.0,95
2026-10-06T21:25:38.028332+00:00,btc-updown-5m-1791321900,5,5343484,73323977583368970843375641825096339034409473126896051483806967404297442553371,2026-10-06T21:25:00+00:00,2026-10-06T21:30:00+00:00,4.37,0.66,0.67,0.665,0.01,502.12,230.37,99
2026-10-06T21:25:38.028332+00:00,btc-updown-5m-1791322200,5,5343504,82626943633470716339433329466159284468019848785218783516782683319707427558152,2026-10-06T21:30:00+00:00,2026-10-06T21:35:00+00:00,9.37,0.5,0.51,0.505,0.01,145.43,488.71,99
2026-10-06T21:25:38.028332+00:00,btc-updown-15m-1791321300,15,5343443,99653642293249263137592946667328005666631119367837795497186656776128892633863,2026-10-06T21:15:00+00:00,2026-10-06T21:30:00+00:00,4.37,0.49,0.5,0.495,0.01,116.0,539.06,99
2026-10-06T21:25:38.028332+00:00,btc-updown-15m-1791322200,15,5343489,98064868662205492176528379477255239839765983551706772650018461491424343493829,2026-10-06T21:30:00+00:00,2026-10-06T21:45:00+00:00,19.37,0.5,0.51,0.505,0.01,226.71,110.0,95
2026-10-06T21:26:39.252810+00:00,btc-updown-5m-1791321900,5,5343484,73323977583368970843375641825096339034409473126896051483806967404297442553371,2026-10-06T21:25:00+00:00,2026-10-06T21:30:00+00:00,3.35,0.54,0.55,0.545,0.01,75.0,1767.87,99
2026-10-06T21:26:39.252810+00:00,btc-updown-5m-1791322200,5,5343504,82626943633470716339433329466159284468019848785218783516782683319707427558152,2026-10-06T21:30:00+00:00,2026-10-06T21:35:00+00:00,8.35,0.5,0.51,0.505,0.01,135.43,513.71,99
2026-10-06T21:26:39.252810+00:00,btc-updown-15m-1791321300,15,5343443,99653642293249263137592946667328005666631119367837795497186656776128892633863,2026-10-06T21:15:00+00:00,2026-10-06T21:30:00+00:00,3.35,0.34,0.35,0.345,0.01,34.0,10893.38,98
2026-10-06T21:26:39.252810+00:00,btc-updown-15m-1791322200,15,5343489,98064868662205492176528379477255239839765983551706772650018461491424343493829,2026-10-06T21:30:00+00:00,2026-10-06T21:45:00+00:00,18.35,0.5,0.51,0.505,0.01,251.71,110.0,95
2026-10-06T21:27:40.364925+00:00,btc-updown-5m-1791321900,5,5343484,73323977583368970843375641825096339034409473126896051483806967404297442553371,2026-10-06T21:25:00+00:00,2026-10-06T21:30:00+00:00,2.33,0.69,0.7,0.695,0.01,300.28,165.55,99
2026-10-06T21:27:40.364925+00:00,btc-updown-5m-1791322200,5,5343504,82626943633470716339433329466159284468019848785218783516782683319707427558152,2026-10-06T21:30:00+00:00,2026-10-06T21:35:00+00:00,7.33,0.5,0.51,0.505,0.01,138.62,513.71,99
2026-10-06T21:27:40.364925+00:00,btc-updown-15m-1791321300,15,5343443,99653642293249263137592946667328005666631119367837795497186656776128892633863,2026-10-06T21:15:00+00:00,2026-10-06T21:30:00+00:00,2.33,0.4,0.41,0.405,0.01,80.0,36.82,92
2026-10-06T21:27:40.364925+00:00,btc-updown-15m-1791322200,15,5343489,98064868662205492176528379477255239839765983551706772650018461491424343493829,2026-10-06T21:30:00+00:00,2026-10-06T21:45:00+00:00,17.33,0.5,0.51,0.505,0.01,231.71,110.0,95
2026-10-06T21:28:41.480720+00:00,btc-updown-5m-1791321900,5,5343484,73323977583368970843375641825096339034409473126896051483806967404297442553371,2026-10-06T21:25:00+00:00,2026-10-06T21:30:00+00:00,1.32,0.92,0.93,0.925,0.01,567.17,70.0,99
2026-10-06T21:28:41.480720+00:00,btc-updown-5m-1791322200,5,5343504,82626943633470716339433329466159284468019848785218783516782683319707427558152,2026-10-06T21:30:00+00:00,2026-10-06T21:35:00+00:00,6.32,0.5,0.51,0.505,0.01,10.0,585.74,99
2026-10-06T21:28:41.480720+00:00,btc-updown-15m-1791321300,15,5343443,99653642293249263137592946667328005666631119367837795497186656776128892633863,2026-10-06T21:15:00+00:00,2026-10-06T21:30:00+00:00,1.32,0.66,0.67,0.665,0.01,5.0,2244.56,94
2026-10-06T21:28:41.480720+00:00,btc-updown-15m-1791322200,15,5343489,98064868662205492176528379477255239839765983551706772650018461491424343493829,2026-10-06T21:30:00+00:00,2026-10-06T21:45:00+00:00,16.32,0.5,0.51,0.505,0.01,231.71,105.0,95
2026-10-06T21:29:42.570744+00:00,btc-updown-5m-1791322200,5,5343504,82626943633470716339433329466159284468019848785218783516782683319707427558152,2026-10-06T21:30:00+00:00,2026-10-06T21:35:00+00:00,5.3,0.56,0.57,0.565,0.01,165.0,153.0,99
2026-10-06T21:29:42.570744+00:00,btc-updown-15m-1791322200,15,5343489,98064868662205492176528379477255239839765983551706772650018461491424343493829,2026-10-06T21:30:00+00:00,2026-10-06T21:45:00+00:00,15.3,0.51,0.52,0.515,0.01,91.53,10.0,83
2026-10-06T21:30:43.488348+00:00,btc-updown-5m-1791322200,5,5343504,82626943633470716339433329466159284468019848785218783516782683319707427558152,2026-10-06T21:30:00+00:00,2026-10-06T21:35:00+00:00,4.28,0.66,0.67,0.665,0.01,1044.84,11.0,99
2026-10-06T21:30:43.488348+00:00,btc-updown-5m-1791322500,5,5343548,105944078008499533724876998085613301363547098055751304500281523073513282574839,2026-10-06T21:35:00+00:00,2026-10-06T21:40:00+00:00,9.28,0.5,0.51,0.505,0.01,80.33,573.58,99
2026-10-06T21:30:43.488348+00:00,btc-updown-15m-1791322200,15,5343489,98064868662205492176528379477255239839765983551706772650018461491424343493829,2026-10-06T21:30:00+00:00,2026-10-06T21:45:00+00:00,14.28,0.55,0.56,0.555,0.01,481.1,267.0,99
2026-10-06T21:30:43.488348+00:00,btc-updown-15m-1791323100,15,5343669,92967745298922893640026874160262254739786430468897598662414751559482709332852,2026-10-06T21:45:00+00:00,2026-10-06T22:00:00+00:00,29.28,0.5,0.51,0.505,0.01,125.0,145.0,97
2026-10-06T21:31:44.764461+00:00,btc-updown-5m-1791322200,5,5343504,82626943633470716339433329466159284468019848785218783516782683319707427558152,2026-10-06T21:30:00+00:00,2026-10-06T21:35:00+00:00,3.27,0.84,0.89,0.865,0.05,311.8,271.59,95
2026-10-06T21:31:44.764461+00:00,btc-updown-5m-1791322500,5,5343548,105944078008499533724876998085613301363547098055751304500281523073513282574839,2026-10-06T21:35:00+00:00,2026-10-06T21:40:00+00:00,8.27,0.5,0.51,0.505,0.01,40.33,553.97,99
2026-10-06T21:31:44.764461+00:00,btc-updown-15m-1791322200,15,5343489,98064868662205492176528379477255239839765983551706772650018461491424343493829,2026-10-06T21:30:00+00:00,2026-10-06T21:45:00+00:00,13.27,0.62,0.63,0.625,0.01,186.11,449.58,99
2026-10-06T21:31:44.764461+00:00,btc-updown-15m-1791323100,15,5343669,92967745298922893640026874160262254739786430468897598662414751559482709332852,2026-10-06T21:45:00+00:00,2026-10-06T22:00:00+00:00,28.27,0.5,0.51,0.505,0.01,325.0,210.0,97
2026-10-06T21:32:45.971658+00:00,btc-updown-5m-1791322200,5,5343504,82626943633470716339433329466159284468019848785218783516782683319707427558152,2026-10-06T21:30:00+00:00,2026-10-06T21:35:00+00:00,2.25,0.96,0.97,0.965,0.01,1438.58,371.56,99
2026-10-06T21:32:45.971658+00:00,btc-updown-5m-1791322500,5,5343548,105944078008499533724876998085613301363547098055751304500281523073513282574839,2026-10-06T21:35:00+00:00,2026-10-06T21:40:00+00:00,7.25,0.5,0.51,0.505,0.01,38.33,573.97,99
2026-10-06T21:32:45.971658+00:00,btc-updown-15m-1791322200,15,5343489,98064868662205492176528379477255239839765983551706772650018461491424343493829,2026-10-06T21:30:00+00:00,2026-10-06T21:45:00+00:00,12.25,0.72,0.73,0.725,0.01,394.98,293.67,98
2026-10-06T21:32:45.971658+00:00,btc-updown-15m-1791323100,15,5343669,92967745298922893640026874160262254739786430468897598662414751559482709332852,2026-10-06T21:45:00+00:00,2026-10-06T22:00:00+00:00,27.25,0.5,0.51,0.505,0.01,150.0,210.0,97
2026-10-06T21:33:47.096151+00:00,btc-updown-5m-1791322500,5,5343548,105944078008499533724876998085613301363547098055751304500281523073513282574839,2026-10-06T21:35:00+00:00,2026-10-06T21:40:00+00:00,6.22,0.5,0.51,0.505,0.01,25.0,531.35,99
2026-10-06T21:33:47.096151+00:00,btc-updown-15m-1791322200,15,5343489,98064868662205492176528379477255239839765983551706772650018461491424343493829,2026-10-06T21:30:00+00:00,2026-10-06T21:45:00+00:00,11.22,0.73,0.74,0.735,0.01,584.4,74.14,95
2026-10-06T21:33:47.096151+00:00,btc-updown-15m-1791323100,15,5343669,92967745298922893640026874160262254739786430468897598662414751559482709332852,2026-10-06T21:45:00+00:00,2026-10-06T22:00:00+00:00,26.22,0.5,0.51,0.505,0.01,125.0,210.0,97
2026-10-06T21:34:48.080662+00:00,btc-updown-5m-1791322500,5,5343548,105944078008499533724876998085613301363547098055751304500281523073513282574839,2026-10-06T21:35:00+00:00,2026-10-06T21:40:00+00:00,5.2,0.49,0.5,0.495,0.01,296.19,6.28,99
2026-10-06T21:34:48.080662+00:00,btc-updown-15m-1791322200,15,5343489,98064868662205492176528379477255239839765983551706772650018461491424343493829,2026-10-06T21:30:00+00:00,2026-10-06T21:45:00+00:00,10.2,0.75,0.76,0.755,0.01,361.84,918.68,96
2026-10-06T21:34:48.080662+00:00,btc-updown-15m-1791323100,15,5343669,92967745298922893640026874160262254739786430468897598662414751559482709332852,2026-10-06T21:45:00+00:00,2026-10-06T22:00:00+00:00,25.2,0.5,0.51,0.505,0.01,125.0,250.41,97
2026-10-06T21:35:49.127311+00:00,btc-updown-5m-1791322500,5,5343548,105944078008499533724876998085613301363547098055751304500281523073513282574839,2026-10-06T21:35:00+00:00,2026-10-06T21:40:00+00:00,4.18,0.49,0.5,0.495,0.01,87.08,660.1,99
2026-10-06T21:35:49.127311+00:00,btc-updown-5m-1791322800,5,5343625,46716228799628304723070843434639478265364167994436299407386409879719826759960,2026-10-06T21:40:00+00:00,2026-10-06T21:45:00+00:00,9.18,0.5,0.51,0.505,0.01,62.41,420.98,99
2026-10-06T21:35:49.127311+00:00,btc-updown-15m-1791322200,15,5343489,98064868662205492176528379477255239839765983551706772650018461491424343493829,2026-10-06T21:30:00+00:00,2026-10-06T21:45:00+00:00,9.18,0.75,0.76,0.755,0.01,85.96,2646.37,96
2026-10-06T21:35:49.127311+00:00,btc-updown-15m-1791323100,15,5343669,92967745298922893640026874160262254739786430468897598662414751559482709332852,2026-10-06T21:45:00+00:00,2026-10-06T22:00:00+00:00,24.18,0.5,0.51,0.505,0.01,149.82,260.41,97
2026-10-06T21:36:50.391702+00:00,btc-updown-5m-1791322500,5,5343548,105944078008499533724876998085613301363547098055751304500281523073513282574839,2026-10-06T21:35:00+00:00,2026-10-06T21:40:00+00:00,3.17,0.43,0.44,0.435,0.01,395.31,2.61,99
2026-10-06T21:36:50.391702+00:00,btc-updown-5m-1791322800,5,5343625,46716228799628304723070843434639478265364167994436299407386409879719826759960,2026-10-06T21:40:00+00:00,2026-10-06T21:45:00+00:00,8.17,0.5,0.51,0.505,0.01,57.41,440.98,99
2026-10-06T21:36:50.391702+00:00,btc-updown-15m-1791322200,15,5343489,98064868662205492176528379477255239839765983551706772650018461491424343493829,2026-10-06T21:30:00+00:00,2026-10-06T21:45:00+00:00,8.17,0.74,0.75,0.745,0.01,3693.13,966.41,98
2026-10-06T21:36:50.391702+00:00,btc-updown-15m-1791323100,15,5343669,92967745298922893640026874160262254739786430468897598662414751559482709332852,2026-10-06T21:45:00+00:00,2026-10-06T22:00:00+00:00,23.17,0.5,0.51,0.505,0.01,174.82,260.41,97
2026-10-06T21:37:51.542813+00:00,btc-updown-5m-1791322500,5,5343548,105944078008499533724876998085613301363547098055751304500281523073513282574839,2026-10-06T21:35:00+00:00,2026-10-06T21:40:00+00:00,2.15,0.47,0.48,0.475,0.01,622.65,121.0,99
2026-10-06T21:37:51.542813+00:00,btc-updown-5m-1791322800,5,5343625,46716228799628304723070843434639478265364167994436299407386409879719826759960,2026-10-06T21:40:00+00:00,2026-10-06T21:45:00+00:00,7.15,0.5,0.51,0.505,0.01,57.41,440.98,99
2026-10-06T21:37:51.542813+00:00,btc-updown-15m-1791322200,15,5343489,98064868662205492176528379477255239839765983551706772650018461491424343493829,2026-10-06T21:30:00+00:00,2026-10-06T21:45:00+00:00,7.15,0.76,0.77,0.765,0.01,1234.65,5.0,96
2026-10-06T21:37:51.542813+00:00,btc-updown-15m-1791323100,15,5343669,92967745298922893640026874160262254739786430468897598662414751559482709332852,2026-10-06T21:45:00+00:00,2026-10-06T22:00:00+00:00,22.15,0.5,0.51,0.505,0.01,139.91,250.41,97
2026-10-06T21:38:52.638137+00:00,btc-updown-5m-1791322500,5,5343548,105944078008499533724876998085613301363547098055751304500281523073513282574839,2026-10-06T21:35:00+00:00,2026-10-06T21:40:00+00:00,1.13,0.01,0.02,0.015,0.01,1266.48,780.02,99
2026-10-06T21:38:52.638137+00:00,btc-updown-5m-1791322800,5,5343625,46716228799628304723070843434639478265364167994436299407386409879719826759960,2026-10-06T21:40:00+00:00,2026-10-06T21:45:00+00:00,6.13,0.49,0.5,0.495,0.01,13.03,75.0,99
2026-10-06T21:38:52.638137+00:00,btc-updown-15m-1791322200,15,5343489,98064868662205492176528379477255239839765983551706772650018461491424343493829,2026-10-06T21:30:00+00:00,2026-10-06T21:45:00+00:00,6.13,0.61,0.62,0.615,0.01,805.91,163.0,99
2026-10-06T21:38:52.638137+00:00,btc-updown-15m-1791323100,15,5343669,92967745298922893640026874160262254739786430468897598662414751559482709332852,2026-10-06T21:45:00+00:00,2026-10-06T22:00:00+00:00,21.13,0.5,0.51,0.505,0.01,174.82,170.41,97
2026-10-06T21:39:53.757334+00:00,btc-updown-5m-1791322800,5,5343625,46716228799628304723070843434639478265364167994436299407386409879719826759960,2026-10-06T21:40:00+00:00,2026-10-06T21:45:00+00:00,5.12,0.62,0.63,0.625,0.01,215.52,60.92,99
2026-10-06T21:39:53.757334+00:00,btc-updown-15m-1791322200,15,5343489,98064868662205492176528379477255239839765983551706772650018461491424343493829,2026-10-06T21:30:00+00:00,2026-10-06T21:45:00+00:00,5.12,0.89,0.9,0.895,0.01,1123.29,1286.92,95
2026-10-06T21:39:53.757334+00:00,btc-updown-15m-1791323100,15,5343669,92967745298922893640026874160262254739786430468897598662414751559482709332852,2026-10-06T21:45:00+00:00,2026-10-06T22:00:00+00:00,20.12,0.5,0.51,0.505,0.01,149.82,220.0,97
2026-10-06T21:40:55.068842+00:00,btc-updown-5m-1791322800,5,5343625,46716228799628304723070843434639478265364167994436299407386409879719826759960,2026-10-06T21:40:00+00:00,2026-10-06T21:45:00+00:00,4.08,0.42,0.43,0.425,0.01,1658.29,20.0,99
2026-10-06T21:40:55.068842+00:00,btc-updown-5m-1791323100,5,5343656,103272535936832786673989486049312010413546975545766347706172095625141714598334,2026-10-06T21:45:00+00:00,2026-10-06T21:50:00+00:00,9.08,0.5,0.51,0.505,0.01,135.89,339.67,99
2026-10-06T21:40:55.068842+00:00,btc-updown-15m-1791322200,15,5343489,98064868662205492176528379477255239839765983551706772650018461491424343493829,2026-10-06T21:30:00+00:00,2026-10-06T21:45:00+00:00,4.08,0.84,0.85,0.845,0.01,1899.04,77.48,98
2026-10-06T21:40:55.068842+00:00,btc-updown-15m-1791323100,15,5343669,92967745298922893640026874160262254739786430468897598662414751559482709332852,2026-10-06T21:45:00+00:00,2026-10-06T22:00:00+00:00,19.08,0.5,0.51,0.505,0.01,174.82,185.41,97
2026-10-06T21:41:56.274473+00:00,btc-updown-5m-1791322800,5,5343625,46716228799628304723070843434639478265364167994436299407386409879719826759960,2026-10-06T21:40:00+00:00,2026-10-06T21:45:00+00:00,3.07,0.56,0.57,0.565,0.01,6.0,4606.41,99
2026-10-06T21:41:56.274473+00:00,btc-updown-5m-1791323100,5,5343656,103272535936832786673989486049312010413546975545766347706172095625141714598334,2026-10-06T21:45:00+00:00,2026-10-06T21:50:00+00:00,8.07,0.5,0.51,0.505,0.01,125.89,339.67,99
2026-10-06T21:41:56.274473+00:00,btc-updown-15m-1791322200,15,5343489,98064868662205492176528379477255239839765983551706772650018461491424343493829,2026-10-06T21:30:00+00:00,2026-10-06T21:45:00+00:00,3.07,0.92,0.93,0.925,0.01,51.0,665.33,94
2026-10-06T21:41:56.274473+00:00,btc-updown-15m-1791323100,15,5343669,92967745298922893640026874160262254739786430468897598662414751559482709332852,2026-10-06T21:45:00+00:00,2026-10-06T22:00:00+00:00,18.07,0.5,0.51,0.505,0.01,199.82,185.41,97
2026-10-06T21:42:57.374856+00:00,btc-updown-5m-1791322800,5,5343625,46716228799628304723070843434639478265364167994436299407386409879719826759960,2026-10-06T21:40:00+00:00,2026-10-06T21:45:00+00:00,2.05,0.21,0.22,0.215,0.01,91.94,2138.28,99
2026-10-06T21:42:57.374856+00:00,btc-updown-5m-1791323100,5,5343656,103272535936832786673989486049312010413546975545766347706172095625141714598334,2026-10-06T21:45:00+00:00,2026-10-06T21:50:00+00:00,7.05,0.5,0.51,0.505,0.01,125.89,300.45,99
2026-10-06T21:42:57.374856+00:00,btc-updown-15m-1791322200,15,5343489,98064868662205492176528379477255239839765983551706772650018461491424343493829,2026-10-06T21:30:00+00:00,2026-10-06T21:45:00+00:00,2.05,0.89,0.9,0.895,0.01,226.0,431.66,97
2026-10-06T21:42:57.374856+00:00,btc-updown-15m-1791323100,15,5343669,92967745298922893640026874160262254739786430468897598662414751559482709332852,2026-10-06T21:45:00+00:00,2026-10-06T22:00:00+00:00,17.05,0.5,0.51,0.505,0.01,189.91,185.41,97
2026-10-06T21:43:58.503744+00:00,btc-updown-5m-1791322800,5,5343625,46716228799628304723070843434639478265364167994436299407386409879719826759960,2026-10-06T21:40:00+00:00,2026-10-06T21:45:00+00:00,1.03,0.08,0.1,0.09,0.02,337.99,5.0,97
2026-10-06T21:43:58.503744+00:00,btc-updown-5m-1791323100,5,5343656,103272535936832786673989486049312010413546975545766347706172095625141714598334,2026-10-06T21:45:00+00:00,2026-10-06T21:50:00+00:00,6.03,0.5,0.51,0.505,0.01,101.39,300.45,99
2026-10-06T21:43:58.503744+00:00,btc-updown-15m-1791322200,15,5343489,98064868662205492176528379477255239839765983551706772650018461491424343493829,2026-10-06T21:30:00+00:00,2026-10-06T21:45:00+00:00,1.03,0.98,0.99,0.985,0.01,553.63,554.39,80
2026-10-06T21:43:58.503744+00:00,btc-updown-15m-1791323100,15,5343669,92967745298922893640026874160262254739786430468897598662414751559482709332852,2026-10-06T21:45:00+00:00,2026-10-06T22:00:00+00:00,16.03,0.5,0.51,0.505,0.01,199.82,118.9,97
2026-10-06T21:44:59.645459+00:00,btc-updown-5m-1791323100,5,5343656,103272535936832786673989486049312010413546975545766347706172095625141714598334,2026-10-06T21:45:00+00:00,2026-10-06T21:50:00+00:00,5.02,0.49,0.5,0.495,0.01,186.19,20.0,99
2026-10-06T21:44:59.645459+00:00,btc-updown-15m-1791323100,15,5343669,92967745298922893640026874160262254739786430468897598662414751559482709332852,2026-10-06T21:45:00+00:00,2026-10-06T22:00:00+00:00,15.02,0.48,0.5,0.49,0.02,22.3,20.0,75
2026-10-06T21:46:00.796357+00:00,btc-updown-5m-1791323100,5,5343656,103272535936832786673989486049312010413546975545766347706172095625141714598334,2026-10-06T21:45:00+00:00,2026-10-06T21:50:00+00:00,4.0,0.55,0.56,0.555,0.01,47.77,1894.24,99
2026-10-06T21:46:00.796357+00:00,btc-updown-5m-1791323400,5,5343780,82014785964276706577971509638152753639341828939769254014326211586205920852808,2026-10-06T21:50:00+00:00,2026-10-06T21:55:00+00:00,9.0,0.5,0.51,0.505,0.01,97.0,285.24,99
2026-10-06T21:46:00.796357+00:00,btc-updown-15m-1791323100,15,5343669,92967745298922893640026874160262254739786430468897598662414751559482709332852,2026-10-06T21:45:00+00:00,2026-10-06T22:00:00+00:00,14.0,0.51,0.52,0.515,0.01,307.72,303.0,98
2026-10-06T21:46:00.796357+00:00,btc-updown-15m-1791324000,15,5346391,100729705566922707710842389221876513630012988181883491723138138912303943364738,2026-10-06T22:00:00+00:00,2026-10-06T22:15:00+00:00,29.0,0.5,0.51,0.505,0.01,225.0,145.0,89
2026-10-06T21:47:01.945317+00:00,btc-updown-5m-1791323100,5,5343656,103272535936832786673989486049312010413546975545766347706172095625141714598334,2026-10-06T21:45:00+00:00,2026-10-06T21:50:00+00:00,2.98,0.5,0.51,0.505,0.01,2862.25,76.73,98
2026-10-06T21:47:01.945317+00:00,btc-updown-5m-1791323400,5,5343780,82014785964276706577971509638152753639341828939769254014326211586205920852808,2026-10-06T21:50:00+00:00,2026-10-06T21:55:00+00:00,7.98,0.5,0.51,0.505,0.01,97.0,285.24,99
2026-10-06T21:47:01.945317+00:00,btc-updown-15m-1791323100,15,5343669,92967745298922893640026874160262254739786430468897598662414751559482709332852,2026-10-06T21:45:00+00:00,2026-10-06T22:00:00+00:00,12.98,0.46,0.47,0.465,0.01,1793.82,2279.0,98
2026-10-06T21:47:01.945317+00:00,btc-updown-15m-1791324000,15,5346391,100729705566922707710842389221876513630012988181883491723138138912303943364738,2026-10-06T22:00:00+00:00,2026-10-06T22:15:00+00:00,27.98,0.5,0.51,0.505,0.01,69.82,145.0,89
2026-10-06T21:48:03.153574+00:00,btc-updown-5m-1791323100,5,5343656,103272535936832786673989486049312010413546975545766347706172095625141714598334,2026-10-06T21:45:00+00:00,2026-10-06T21:50:00+00:00,1.95,0.79,0.8,0.795,0.01,1048.12,47.5,99
2026-10-06T21:48:03.153574+00:00,btc-updown-5m-1791323400,5,5343780,82014785964276706577971509638152753639341828939769254014326211586205920852808,2026-10-06T21:50:00+00:00,2026-10-06T21:55:00+00:00,6.95,0.5,0.51,0.505,0.01,102.0,290.24,99
2026-10-06T21:48:03.153574+00:00,btc-updown-15m-1791323100,15,5343669,92967745298922893640026874160262254739786430468897598662414751559482709332852,2026-10-06T21:45:00+00:00,2026-10-06T22:00:00+00:00,11.95,0.54,0.55,0.545,0.01,396.13,2029.92,99
2026-10-06T21:48:03.153574+00:00,btc-updown-15m-1791324000,15,5346391,100729705566922707710842389221876513630012988181883491723138138912303943364738,2026-10-06T22:00:00+00:00,2026-10-06T22:15:00+00:00,26.95,0.5,0.51,0.505,0.01,69.82,245.41,89
2026-10-06T21:49:04.318438+00:00,btc-updown-5m-1791323100,5,5343656,103272535936832786673989486049312010413546975545766347706172095625141714598334,2026-10-06T21:45:00+00:00,2026-10-06T21:50:00+00:00,0.93,0.92,0.93,0.925,0.01,662.8,1960.12,96
2026-10-06T21:49:04.318438+00:00,btc-updown-5m-1791323400,5,5343780,82014785964276706577971509638152753639341828939769254014326211586205920852808,2026-10-06T21:50:00+00:00,2026-10-06T21:55:00+00:00,5.93,0.5,0.51,0.505,0.01,87.0,152.13,99
2026-10-06T21:49:04.318438+00:00,btc-updown-15m-1791323100,15,5343669,92967745298922893640026874160262254739786430468897598662414751559482709332852,2026-10-06T21:45:00+00:00,2026-10-06T22:00:00+00:00,10.93,0.54,0.55,0.545,0.01,414.84,165.0,99
2026-10-06T21:49:04.318438+00:00,btc-updown-15m-1791324000,15,5346391,100729705566922707710842389221876513630012988181883491723138138912303943364738,2026-10-06T22:00:00+00:00,2026-10-06T22:15:00+00:00,25.93,0.5,0.51,0.505,0.01,69.82,245.41,89
2026-10-06T21:50:05.494802+00:00,btc-updown-5m-1791323400,5,5343780,82014785964276706577971509638152753639341828939769254014326211586205920852808,2026-10-06T21:50:00+00:00,2026-10-06T21:55:00+00:00,4.92,0.52,0.53,0.525,0.01,1525.5,67.89,99
2026-10-06T21:50:05.494802+00:00,btc-updown-5m-1791323700,5,5344102,75949928644561900138707025481952424590907900618434999904377400416402003906573,2026-10-06T21:55:00+00:00,2026-10-06T22:00:00+00:00,9.92,0.5,0.51,0.505,0.01,81.47,415.17,99
2026-10-06T21:50:05.494802+00:00,btc-updown-15m-1791323100,15,5343669,92967745298922893640026874160262254739786430468897598662414751559482709332852,2026-10-06T21:45:00+00:00,2026-10-06T22:00:00+00:00,9.92,0.56,0.57,0.565,0.01,44.0,3318.53,99
2026-10-06T21:50:05.494802+00:00,btc-updown-15m-1791324000,15,5346391,100729705566922707710842389221876513630012988181883491723138138912303943364738,2026-10-06T22:00:00+00:00,2026-10-06T22:15:00+00:00,24.92,0.5,0.51,0.505,0.01,74.82,250.41,89
2026-10-06T21:51:07.045785+00:00,btc-updown-5m-1791323400,5,5343780,82014785964276706577971509638152753639341828939769254014326211586205920852808,2026-10-06T21:50:00+00:00,2026-10-06T21:55:00+00:00,3.88,0.46,0.47,0.465,0.01,3298.39,144.37,99
2026-10-06T21:51:07.045785+00:00,btc-updown-5m-1791323700,5,5344102,75949928644561900138707025481952424590907900618434999904377400416402003906573,2026-10-06T21:55:00+00:00,2026-10-06T22:00:00+00:00,8.88,0.5,0.51,0.505,0.01,59.28,296.17,99
2026-10-06T21:51:07.045785+00:00,btc-updown-15m-1791323100,15,5343669,92967745298922893640026874160262254739786430468897598662414751559482709332852,2026-10-06T21:45:00+00:00,2026-10-06T22:00:00+00:00,8.88,0.51,0.52,0.515,0.01,1929.71,516.42,99
2026-10-06T21:51:07.045785+00:00,btc-updown-15m-1791324000,15,5346391,100729705566922707710842389221876513630012988181883491723138138912303943364738,2026-10-06T22:00:00+00:00,2026-10-06T22:15:00+00:00,23.88,0.5,0.51,0.505,0.01,74.82,250.41,89
2026-10-06T21:52:08.186289+00:00,btc-updown-5m-1791323400,5,5343780,82014785964276706577971509638152753639341828939769254014326211586205920852808,2026-10-06T21:50:00+00:00,2026-10-06T21:55:00+00:00,2.87,0.2,0.21,0.205,0.01,201.46,1698.42,99
2026-10-06T21:52:08.186289+00:00,btc-updown-5m-1791323700,5,5344102,75949928644561900138707025481952424590907900618434999904377400416402003906573,2026-10-06T21:55:00+00:00,2026-10-06T22:00:00+00:00,7.87,0.5,0.51,0.505,0.01,59.28,310.28,99
2026-10-06T21:52:08.186289+00:00,btc-updown-15m-1791323100,15,5343669,92967745298922893640026874160262254739786430468897598662414751559482709332852,2026-10-06T21:45:00+00:00,2026-10-06T22:00:00+00:00,7.87,0.4,0.41,0.405,0.01,435.55,130.0,98
2026-10-06T21:52:08.186289+00:00,btc-updown-15m-1791324000,15,5346391,100729705566922707710842389221876513630012988181883491723138138912303943364738,2026-10-06T22:00:00+00:00,2026-10-06T22:15:00+00:00,22.87,0.5,0.51,0.505,0.01,74.82,130.41,89
2026-10-06T21:53:09.322270+00:00,btc-updown-5m-1791323400,5,5343780,82014785964276706577971509638152753639341828939769254014326211586205920852808,2026-10-06T21:50:00+00:00,2026-10-06T21:55:00+00:00,1.85,0.12,0.13,0.125,0.01,62.05,1982.63,99
2026-10-06T21:53:09.322270+00:00,btc-updown-5m-1791323700,5,5344102,75949928644561900138707025481952424590907900618434999904377400416402003906573,2026-10-06T21:55:00+00:00,2026-10-06T22:00:00+00:00,6.85,0.5,0.51,0.505,0.01,74.28,266.26,99
2026-10-06T21:53:09.322270+00:00,btc-updown-15m-1791323100,15,5343669,92967745298922893640026874160262254739786430468897598662414751559482709332852,2026-10-06T21:45:00+00:00,2026-10-06T22:00:00+00:00,6.85,0.36,0.37,0.365,0.01,1374.72,72.94,98
2026-10-06T21:53:09.322270+00:00,btc-updown-15m-1791324000,15,5346391,100729705566922707710842389221876513630012988181883491723138138912303943364738,2026-10-06T22:00:00+00:00,2026-10-06T22:15:00+00:00,21.85,0.5,0.51,0.505,0.01,74.82,130.41,89
2026-10-06T21:54:10.464249+00:00,btc-updown-5m-1791323700,5,5344102,75949928644561900138707025481952424590907900618434999904377400416402003906573,2026-10-06T21:55:00+00:00,2026-10-06T22:00:00+00:00,5.83,0.49,0.5,0.495,0.01,34.8,211.8,99
2026-10-06T21:54:10.464249+00:00,btc-updown-15m-1791323100,15,5343669,92967745298922893640026874160262254739786430468897598662414751559482709332852,2026-10-06T21:45:00+00:00,2026-10-06T22:00:00+00:00,5.83,0.35,0.36,0.355,0.01,339.17,382.28,97
2026-10-06T21:54:10.464249+00:00,btc-updown-15m-1791324000,15,5346391,100729705566922707710842389221876513630012988181883491723138138912303943364738,2026-10-06T22:00:00+00:00,2026-10-06T22:15:00+00:00,20.83,0.5,0.51,0.505,0.01,74.82,130.41,89
2026-10-06T21:55:11.562837+00:00,btc-updown-5m-1791323700,5,5344102,75949928644561900138707025481952424590907900618434999904377400416402003906573,2026-10-06T21:55:00+00:00,2026-10-06T22:00:00+00:00,4.82,0.2,0.21,0.205,0.01,1704.97,55.84,98
2026-10-06T21:55:11.562837+00:00,btc-updown-5m-1791324000,5,5346389,5870324484616074230642682005262067434152245243967472013704385543781963447375,2026-10-06T22:00:00+00:00,2026-10-06T22:05:00+00:00,9.82,0.5,0.51,0.505,0.01,110.27,288.46,99
2026-10-06T21:55:11.562837+00:00,btc-updown-15m-1791323100,15,5343669,92967745298922893640026874160262254739786430468897598662414751559482709332852,2026-10-06T21:45:00+00:00,2026-10-06T22:00:00+00:00,4.82,0.12,0.13,0.125,0.01,2108.3,22.46,96
2026-10-06T21:55:11.562837+00:00,btc-updown-15m-1791324000,15,5346391,100729705566922707710842389221876513630012988181883491723138138912303943364738,2026-10-06T22:00:00+00:00,2026-10-06T22:15:00+00:00,19.82,0.5,0.51,0.505,0.01,119.82,130.41,89
2026-10-06T21:56:12.797106+00:00,btc-updown-5m-1791323700,5,5344102,75949928644561900138707025481952424590907900618434999904377400416402003906573,2026-10-06T21:55:00+00:00,2026-10-06T22:00:00+00:00,3.8,0.18,0.19,0.185,0.01,178.58,435.66,99
2026-10-06T21:56:12.797106+00:00,btc-updown-5m-1791324000,5,5346389,5870324484616074230642682005262067434152245243967472013704385543781963447375,2026-10-06T22:00:00+00:00,2026-10-06T22:05:00+00:00,8.8,0.5,0.51,0.505,0.01,155.27,245.46,99
2026-10-06T21:56:12.797106+00:00,btc-updown-15m-1791323100,15,5343669,92967745298922893640026874160262254739786430468897598662414751559482709332852,2026-10-06T21:45:00+00:00,2026-10-06T22:00:00+00:00,3.8,0.1,0.11,0.105,0.01,400.98,364.9,96
2026-10-06T21:56:12.797106+00:00,btc-updown-15m-1791324000,15,5346391,100729705566922707710842389221876513630012988181883491723138138912303943364738,2026-10-06T22:00:00+00:00,2026-10-06T22:15:00+00:00,18.8,0.5,0.51,0.505,0.01,109.91,95.02,89
2026-10-06T21:57:13.936520+00:00,btc-updown-5m-1791323700,5,5344102,75949928644561900138707025481952424590907900618434999904377400416402003906573,2026-10-06T21:55:00+00:00,2026-10-06T22:00:00+00:00,2.78,0.46,0.47,0.465,0.01,11.0,410.5,99
2026-10-06T21:57:13.936520+00:00,btc-updown-5m-1791324000,5,5346389,5870324484616074230642682005262067434152245243967472013704385543781963447375,2026-10-06T22:00:00+00:00,2026-10-06T22:05:00+00:00,7.78,0.5,0.51,0.505,0.01,220.27,153.47,99
2026-10-06T21:57:13.936520+00:00,btc-updown-15m-1791323100,15,5343669,92967745298922893640026874160262254739786430468897598662414751559482709332852,2026-10-06T21:45:00+00:00,2026-10-06T22:00:00+00:00,2.78,0.25,0.26,0.255,0.01,203.0,25.0,92
2026-10-06T21:57:13.936520+00:00,btc-updown-15m-1791324000,15,5346391,100729705566922707710842389221876513630012988181883491723138138912303943364738,2026-10-06T22:00:00+00:00,2026-10-06T22:15:00+00:00,17.78,0.5,0.51,0.505,0.01,94.91,95.02,89
2026-10-06T21:58:15.092904+00:00,btc-updown-5m-1791323700,5,5344102,75949928644561900138707025481952424590907900618434999904377400416402003906573,2026-10-06T21:55:00+00:00,2026-10-06T22:00:00+00:00,1.75,0.98,0.99,0.985,0.01,1657.73,7675.62,99
2026-10-06T21:58:15.092904+00:00,btc-updown-5m-1791324000,5,5346389,5870324484616074230642682005262067434152245243967472013704385543781963447375,2026-10-06T22:00:00+00:00,2026-10-06T22:05:00+00:00,6.75,0.5,0.51,0.505,0.01,190.27,193.47,99
2026-10-06T21:58:15.092904+00:00,btc-updown-15m-1791323100,15,5343669,92967745298922893640026874160262254739786430468897598662414751559482709332852,2026-10-06T21:45:00+00:00,2026-10-06T22:00:00+00:00,1.75,0.94,0.95,0.945,0.01,360.83,81.32,89
2026-10-06T21:58:15.092904+00:00,btc-updown-15m-1791324000,15,5346391,100729705566922707710842389221876513630012988181883491723138138912303943364738,2026-10-06T22:00:00+00:00,2026-10-06T22:15:00+00:00,16.75,0.5,0.51,0.505,0.01,94.91,155.43,89
2026-10-06T21:59:16.260715+00:00,btc-updown-5m-1791324000,5,5346389,5870324484616074230642682005262067434152245243967472013704385543781963447375,2026-10-06T22:00:00+00:00,2026-10-06T22:05:00+00:00,5.73,0.45,0.46,0.455,0.01,354.18,97.0,97
2026-10-06T21:59:16.260715+00:00,btc-updown-15m-1791324000,15,5346391,100729705566922707710842389221876513630012988181883491723138138912303943364738,2026-10-06T22:00:00+00:00,2026-10-06T22:15:00+00:00,15.73,0.5,0.51,0.505,0.01,42.91,146.43,85
2026-10-06T22:00:17.166797+00:00,btc-updown-5m-1791324000,5,5346389,5870324484616074230642682005262067434152245243967472013704385543781963447375,2026-10-06T22:00:00+00:00,2026-10-06T22:05:00+00:00,4.72,0.48,0.49,0.485,0.01,422.75,1198.36,99
2026-10-06T22:00:17.166797+00:00,btc-updown-5m-1791324300,5,5346403,49437121656719813005695938097698753926753983886166476493032527433539337566422,2026-10-06T22:05:00+00:00,2026-10-06T22:10:00+00:00,9.72,0.49,0.5,0.495,0.01,175.0,79.0,99
2026-10-06T22:00:17.166797+00:00,btc-updown-15m-1791324000,15,5346391,100729705566922707710842389221876513630012988181883491723138138912303943364738,2026-10-06T22:00:00+00:00,2026-10-06T22:15:00+00:00,14.72,0.49,0.5,0.495,0.01,862.38,55.0,99
2026-10-06T22:00:17.166797+00:00,btc-updown-15m-1791324900,15,5346423,1627576320538681313327615947936820302518291399441216055668980640408469522590,2026-10-06T22:15:00+00:00,2026-10-06T22:30:00+00:00,29.72,0.5,0.51,0.505,0.01,25.0,230.41,89
2026-10-06T22:01:18.437998+00:00,btc-updown-5m-1791324000,5,5346389,5870324484616074230642682005262067434152245243967472013704385543781963447375,2026-10-06T22:00:00+00:00,2026-10-06T22:05:00+00:00,3.7,0.34,0.36,0.35,0.02,5.0,45.0,98
2026-10-06T22:01:18.437998+00:00,btc-updown-5m-1791324300,5,5346403,49437121656719813005695938097698753926753983886166476493032527433539337566422,2026-10-06T22:05:00+00:00,2026-10-06T22:10:00+00:00,8.7,0.49,0.5,0.495,0.01,110.0,71.0,99
2026-10-06T22:01:18.437998+00:00,btc-updown-15m-1791324000,15,5346391,100729705566922707710842389221876513630012988181883491723138138912303943364738,2026-10-06T22:00:00+00:00,2026-10-06T22:15:00+00:00,13.7,0.44,0.45,0.445,0.01,94.85,515.0,98
2026-10-06T22:01:18.437998+00:00,btc-updown-15m-1791324900,15,5346423,1627576320538681313327615947936820302518291399441216055668980640408469522590,2026-10-06T22:15:00+00:00,2026-10-06T22:30:00+00:00,28.7,0.5,0.51,0.505,0.01,50.0,230.41,89
2026-10-06T22:02:19.581315+00:00,btc-updown-5m-1791324000,5,5346389,5870324484616074230642682005262067434152245243967472013704385543781963447375,2026-10-06T22:00:00+00:00,2026-10-06T22:05:00+00:00,2.68,0.08,0.09,0.085,0.01,75.93,551.34,99
2026-10-06T22:02:19.581315+00:00,btc-updown-5m-1791324300,5,5346403,49437121656719813005695938097698753926753983886166476493032527433539337566422,2026-10-06T22:05:00+00:00,2026-10-06T22:10:00+00:00,7.68,0.49,0.5,0.495,0.01,94.36,20.0,99
2026-10-06T22:02:19.581315+00:00,btc-updown-15m-1791324000,15,5346391,100729705566922707710842389221876513630012988181883491723138138912303943364738,2026-10-06T22:00:00+00:00,2026-10-06T22:15:00+00:00,12.68,0.32,0.33,0.325,0.01,404.9,337.45,93
2026-10-06T22:02:19.581315+00:00,btc-updown-15m-1791324900,15,5346423,1627576320538681313327615947936820302518291399441216055668980640408469522590,2026-10-06T22:15:00+00:00,2026-10-06T22:30:00+00:00,27.68,0.5,0.51,0.505,0.01,25.0,155.41,89
2026-10-06T22:03:20.727826+00:00,btc-updown-5m-1791324000,5,5346389,5870324484616074230642682005262067434152245243967472013704385543781963447375,2026-10-06T22:00:00+00:00,2026-10-06T22:05:00+00:00,1.67,0.17,0.19,0.18,0.02,90.38,18.59,98
2026-10-06T22:03:20.727826+00:00,btc-updown-5m-1791324300,5,5346403,49437121656719813005695938097698753926753983886166476493032527433539337566422,2026-10-06T22:05:00+00:00,2026-10-06T22:10:00+00:00,6.67,0.5,0.51,0.505,0.01,30.0,176.92,99
2026-10-06T22:03:20.727826+00:00,btc-updown-15m-1791324000,15,5346391,100729705566922707710842389221876513630012988181883491723138138912303943364738,2026-10-06T22:00:00+00:00,2026-10-06T22:15:00+00:00,11.67,0.39,0.4,0.395,0.01,529.99,321.78,93
2026-10-06T22:03:20.727826+00:00,btc-updown-15m-1791324900,15,5346423,1627576320538681313327615947936820302518291399441216055668980640408469522590,2026-10-06T22:15:00+00:00,2026-10-06T22:30:00+00:00,26.67,0.5,0.51,0.505,0.01,44.82,230.41,89
2026-10-06T22:04:21.915194+00:00,btc-updown-5m-1791324300,5,5346403,49437121656719813005695938097698753926753983886166476493032527433539337566422,2026-10-06T22:05:00+00:00,2026-10-06T22:10:00+00:00,5.65,0.48,0.49,0.485,0.01,10.0,615.0,99
2026-10-06T22:04:21.915194+00:00,btc-updown-15m-1791324000,15,5346391,100729705566922707710842389221876513630012988181883491723138138912303943364738,2026-10-06T22:00:00+00:00,2026-10-06T22:15:00+00:00,10.65,0.59,0.6,0.595,0.01,104.61,130.33,99
2026-10-06T22:04:21.915194+00:00,btc-updown-15m-1791324900,15,5346423,1627576320538681313327615947936820302518291399441216055668980640408469522590,2026-10-06T22:15:00+00:00,2026-10-06T22:30:00+00:00,25.65,0.5,0.51,0.505,0.01,34.91,190.0,89
2026-10-06T22:05:22.992031+00:00,btc-updown-5m-1791324300,5,5346403,49437121656719813005695938097698753926753983886166476493032527433539337566422,2026-10-06T22:05:00+00:00,2026-10-06T22:10:00+00:00,4.63,0.59,0.6,0.595,0.01,1242.73,92.16,99
2026-10-06T22:05:22.992031+00:00,btc-updown-5m-1791324600,5,5346411,9916663272152210293898177200240847267625261035545301246777002033723265172736,2026-10-06T22:10:00+00:00,2026-10-06T22:15:00+00:00,9.63,0.5,0.51,0.505,0.01,53.07,806.07,99
2026-10-06T22:05:22.992031+00:00,btc-updown-15m-1791324000,15,5346391,100729705566922707710842389221876513630012988181883491723138138912303943364738,2026-10-06T22:00:00+00:00,2026-10-06T22:15:00+00:00,9.63,0.69,0.7,0.695,0.01,344.91,433.54,98
2026-10-06T22:05:22.992031+00:00,btc-updown-15m-1791324900,15,5346423,1627576320538681313327615947936820302518291399441216055668980640408469522590,2026-10-06T22:15:00+00:00,2026-10-06T22:30:00+00:00,24.63,0.5,0.51,0.505,0.01,39.91,441.43,89
2026-10-06T22:06:24.230852+00:00,btc-updown-5m-1791324300,5,5346403,49437121656719813005695938097698753926753983886166476493032527433539337566422,2026-10-06T22:05:00+00:00,2026-10-06T22:10:00+00:00,3.6,0.32,0.33,0.325,0.01,63.43,5.0,99
2026-10-06T22:06:24.230852+00:00,btc-updown-5m-1791324600,5,5346411,9916663272152210293898177200240847267625261035545301246777002033723265172736,2026-10-06T22:10:00+00:00,2026-10-06T22:15:00+00:00,8.6,0.5,0.51,0.505,0.01,53.07,768.07,99
2026-10-06T22:06:24.230852+00:00,btc-updown-15m-1791324000,15,5346391,100729705566922707710842389221876513630012988181883491723138138912303943364738,2026-10-06T22:00:00+00:00,2026-10-06T22:15:00+00:00,8.6,0.58,0.59,0.585,0.01,30.0,829.25,98
2026-10-06T22:06:24.230852+00:00,btc-updown-15m-1791324900,15,5346423,1627576320538681313327615947936820302518291399441216055668980640408469522590,2026-10-06T22:15:00+00:00,2026-10-06T22:30:00+00:00,23.6,0.5,0.51,0.505,0.01,39.91,441.43,87
2026-10-06T22:07:25.384779+00:00,btc-updown-5m-1791324300,5,5346403,49437121656719813005695938097698753926753983886166476493032527433539337566422,2026-10-06T22:05:00+00:00,2026-10-06T22:10:00+00:00,2.58,0.33,0.34,0.335,0.01,725.29,346.52,99
2026-10-06T22:07:25.384779+00:00,btc-updown-5m-1791324600,5,5346411,9916663272152210293898177200240847267625261035545301246777002033723265172736,2026-10-06T22:10:00+00:00,2026-10-06T22:15:00+00:00,7.58,0.5,0.51,0.505,0.01,53.07,768.07,99
2026-10-06T22:07:25.384779+00:00,btc-updown-15m-1791324000,15,5346391,100729705566922707710842389221876513630012988181883491723138138912303943364738,2026-10-06T22:00:00+00:00,2026-10-06T22:15:00+00:00,7.58,0.63,0.64,0.635,0.01,205.91,457.32,99
2026-10-06T22:07:25.384779+00:00,btc-updown-15m-1791324900,15,5346423,1627576320538681313327615947936820302518291399441216055668980640408469522590,2026-10-06T22:15:00+00:00,2026-10-06T22:30:00+00:00,22.58,0.5,0.51,0.505,0.01,30.0,340.41,87
2026-10-06T22:08:26.506836+00:00,btc-updown-5m-1791324300,5,5346403,49437121656719813005695938097698753926753983886166476493032527433539337566422,2026-10-06T22:05:00+00:00,2026-10-06T22:10:00+00:00,1.57,0.29,0.3,0.295,0.01,34.69,2340.02,99
2026-10-06T22:08:26.506836+00:00,btc-updown-5m-1791324600,5,5346411,9916663272152210293898177200240847267625261035545301246777002033723265172736,2026-10-06T22:10:00+00:00,2026-10-06T22:15:00+00:00,6.57,0.5,0.51,0.505,0.01,58.07,491.07,99
2026-10-06T22:08:26.506836+00:00,btc-updown-15m-1791324000,15,5346391,100729705566922707710842389221876513630012988181883491723138138912303943364738,2026-10-06T22:00:00+00:00,2026-10-06T22:15:00+00:00,6.57,0.67,0.68,0.675,0.01,249.0,352.5,97
2026-10-06T22:08:26.506836+00:00,btc-updown-15m-1791324900,15,5346423,1627576320538681313327615947936820302518291399441216055668980640408469522590,2026-10-06T22:15:00+00:00,2026-10-06T22:30:00+00:00,21.57,0.5,0.51,0.505,0.01,39.91,340.41,87
2026-10-06T22:09:27.602358+00:00,btc-updown-5m-1791324600,5,5346411,9916663272152210293898177200240847267625261035545301246777002033723265172736,2026-10-06T22:10:00+00:00,2026-10-06T22:15:00+00:00,5.55,0.5,0.51,0.505,0.01,668.07,69.02,99
2026-10-06T22:09:27.602358+00:00,btc-updown-15m-1791324000,15,5346391,100729705566922707710842389221876513630012988181883491723138138912303943364738,2026-10-06T22:00:00+00:00,2026-10-06T22:15:00+00:00,5.55,0.89,0.9,0.895,0.01,437.49,166.0,91
2026-10-06T22:09:27.602358+00:00,btc-updown-15m-1791324900,15,5346423,1627576320538681313327615947936820302518291399441216055668980640408469522590,2026-10-06T22:15:00+00:00,2026-10-06T22:30:00+00:00,20.55,0.5,0.51,0.505,0.01,34.91,541.43,89
2026-10-06T22:10:28.635012+00:00,btc-updown-5m-1791324600,5,5346411,9916663272152210293898177200240847267625261035545301246777002033723265172736,2026-10-06T22:10:00+00:00,2026-10-06T22:15:00+00:00,4.53,0.3,0.31,0.305,0.01,98.55,1223.65,99
2026-10-06T22:10:28.635012+00:00,btc-updown-5m-1791324900,5,5346431,59224094642188707487048399591401402132976351775837928933978316327062181249134,2026-10-06T22:15:00+00:00,2026-10-06T22:20:00+00:00,9.53,0.5,0.51,0.505,0.01,89.67,573.71,99
2026-10-06T22:10:28.635012+00:00,btc-updown-15m-1791324000,15,5346391,100729705566922707710842389221876513630012988181883491723138138912303943364738,2026-10-06T22:00:00+00:00,2026-10-06T22:15:00+00:00,4.53,0.78,0.79,0.785,0.01,12.72,425.11,96
2026-10-06T22:10:28.635012+00:00,btc-updown-15m-1791324900,15,5346423,1627576320538681313327615947936820302518291399441216055668980640408469522590,2026-10-06T22:15:00+00:00,2026-10-06T22:30:00+00:00,19.53,0.5,0.51,0.505,0.01,34.91,411.43,89
2026-10-06T22:11:29.864519+00:00,btc-updown-5m-1791324600,5,5346411,9916663272152210293898177200240847267625261035545301246777002033723265172736,2026-10-06T22:10:00+00:00,2026-10-06T22:15:00+00:00,3.52,0.12,0.13,0.125,0.01,74.5,508.3,99
2026-10-06T22:11:29.864519+00:00,btc-updown-5m-1791324900,5,5346431,59224094642188707487048399591401402132976351775837928933978316327062181249134,2026-10-06T22:15:00+00:00,2026-10-06T22:20:00+00:00,8.52,0.49,0.5,0.495,0.01,339.87,100.0,99
2026-10-06T22:11:29.864519+00:00,btc-updown-15m-1791324000,15,5346391,100729705566922707710842389221876513630012988181883491723138138912303943364738,2026-10-06T22:00:00+00:00,2026-10-06T22:15:00+00:00,3.52,0.63,0.64,0.635,0.01,5672.6,178.8,99
2026-10-06T22:11:29.864519+00:00,btc-updown-15m-1791324900,15,5346423,1627576320538681313327615947936820302518291399441216055668980640408469522590,2026-10-06T22:15:00+00:00,2026-10-06T22:30:00+00:00,18.52,0.5,0.51,0.505,0.01,24.91,331.43,89
2026-10-06T22:12:31.018946+00:00,btc-updown-5m-1791324600,5,5346411,9916663272152210293898177200240847267625261035545301246777002033723265172736,2026-10-06T22:10:00+00:00,2026-10-06T22:15:00+00:00,2.48,0.07,0.08,0.075,0.01,123.95,549.06,99
2026-10-06T22:12:31.018946+00:00,btc-updown-5m-1791324900,5,5346431,59224094642188707487048399591401402132976351775837928933978316327062181249134,2026-10-06T22:15:00+00:00,2026-10-06T22:20:00+00:00,7.48,0.49,0.5,0.495,0.01,339.87,100.0,99
2026-10-06T22:12:31.018946+00:00,btc-updown-15m-1791324000,15,5346391,100729705566922707710842389221876513630012988181883491723138138912303943364738,2026-10-06T22:00:00+00:00,2026-10-06T22:15:00+00:00,2.48,0.6,0.61,0.605,0.01,53.47,504.39,98
2026-10-06T22:12:31.018946+00:00,btc-updown-15m-1791324900,15,5346423,1627576320538681313327615947936820302518291399441216055668980640408469522590,2026-10-06T22:15:00+00:00,2026-10-06T22:30:00+00:00,17.48,0.5,0.51,0.505,0.01,24.91,251.43,89
2026-10-06T22:13:32.615709+00:00,btc-updown-5m-1791324900,5,5346431,59224094642188707487048399591401402132976351775837928933978316327062181249134,2026-10-06T22:15:00+00:00,2026-10-06T22:20:00+00:00,6.47,0.49,0.5,0.495,0.01,265.75,78.0,99
2026-10-06T22:13:32.615709+00:00,btc-updown-15m-1791324000,15,5346391,100729705566922707710842389221876513630012988181883491723138138912303943364738,2026-10-06T22:00:00+00:00,2026-10-06T22:15:00+00:00,1.47,0.08,0.09,0.085,0.01,3090.9,402.32,90
2026-10-06T22:13:32.615709+00:00,btc-updown-15m-1791324900,15,5346423,1627576320538681313327615947936820302518291399441216055668980640408469522590,2026-10-06T22:15:00+00:00,2026-10-06T22:30:00+00:00,16.47,0.5,0.51,0.505,0.01,49.91,181.43,89
2026-10-06T22:14:33.628569+00:00,btc-updown-5m-1791324900,5,5346431,59224094642188707487048399591401402132976351775837928933978316327062181249134,2026-10-06T22:15:00+00:00,2026-10-06T22:20:00+00:00,5.45,0.48,0.49,0.485,0.01,41.25,250.0,99
2026-10-06T22:14:33.628569+00:00,btc-updown-15m-1791324900,15,5346423,1627576320538681313327615947936820302518291399441216055668980640408469522590,2026-10-06T22:15:00+00:00,2026-10-06T22:30:00+00:00,15.45,0.5,0.51,0.505,0.01,44.91,130.41,85
2026-10-06T22:15:34.539435+00:00,btc-updown-5m-1791324900,5,5346431,59224094642188707487048399591401402132976351775837928933978316327062181249134,2026-10-06T22:15:00+00:00,2026-10-06T22:20:00+00:00,4.43,0.23,0.24,0.235,0.01,19.85,1830.0,99
2026-10-06T22:15:34.539435+00:00,btc-updown-5m-1791325200,5,5346434,65819734776147384429634955776698303369733501698284763049871024799449006848104,2026-10-06T22:20:00+00:00,2026-10-06T22:25:00+00:00,9.43,0.5,0.51,0.505,0.01,68.07,456.71,99
2026-10-06T22:15:34.539435+00:00,btc-updown-15m-1791324900,15,5346423,1627576320538681313327615947936820302518291399441216055668980640408469522590,2026-10-06T22:15:00+00:00,2026-10-06T22:30:00+00:00,14.43,0.34,0.35,0.345,0.01,144.0,1826.27,96
2026-10-06T22:15:34.539435+00:00,btc-updown-15m-1791325800,15,5346529,72190196018593616554528214132042805698633026445943460630335545651473958876901,2026-10-06T22:30:00+00:00,2026-10-06T22:45:00+00:00,29.43,0.5,0.51,0.505,0.01,165.0,115.41,88
2026-10-06T22:16:35.722509+00:00,btc-updown-5m-1791324900,5,5346431,59224094642188707487048399591401402132976351775837928933978316327062181249134,2026-10-06T22:15:00+00:00,2026-10-06T22:20:00+00:00,3.42,0.11,0.12,0.115,0.01,818.58,334.65,99
2026-10-06T22:16:35.722509+00:00,btc-updown-5m-1791325200,5,5346434,65819734776147384429634955776698303369733501698284763049871024799449006848104,2026-10-06T22:20:00+00:00,2026-10-06T22:25:00+00:00,8.42,0.5,0.51,0.505,0.01,57.07,393.08,99
2026-10-06T22:16:35.722509+00:00,btc-updown-15m-1791324900,15,5346423,1627576320538681313327615947936820302518291399441216055668980640408469522590,2026-10-06T22:15:00+00:00,2026-10-06T22:30:00+00:00,13.42,0.34,0.35,0.345,0.01,1024.95,269.0,92
2026-10-06T22:16:35.722509+00:00,btc-updown-15m-1791325800,15,5346529,72190196018593616554528214132042805698633026445943460630335545651473958876901,2026-10-06T22:30:00+00:00,2026-10-06T22:45:00+00:00,28.42,0.5,0.51,0.505,0.01,190.0,95.0,89
2026-10-06T22:17:36.839499+00:00,btc-updown-5m-1791324900,5,5346431,59224094642188707487048399591401402132976351775837928933978316327062181249134,2026-10-06T22:15:00+00:00,2026-10-06T22:20:00+00:00,2.4,0.05,0.06,0.055,0.01,33.83,1531.05,99
2026-10-06T22:17:36.839499+00:00,btc-updown-5m-1791325200,5,5346434,65819734776147384429634955776698303369733501698284763049871024799449006848104,2026-10-06T22:20:00+00:00,2026-10-06T22:25:00+00:00,7.4,0.5,0.51,0.505,0.01,57.07,393.08,99
2026-10-06T22:17:36.839499+00:00,btc-updown-15m-1791324900,15,5346423,1627576320538681313327615947936820302518291399441216055668980640408469522590,2026-10-06T22:15:00+00:00,2026-10-06T22:30:00+00:00,12.4,0.31,0.32,0.315,0.01,720.95,25.0,91
2026-10-06T22:17:36.839499+00:00,btc-updown-15m-1791325800,15,5346529,72190196018593616554528214132042805698633026445943460630335545651473958876901,2026-10-06T22:30:00+00:00,2026-10-06T22:45:00+00:00,27.4,0.5,0.51,0.505,0.01,190.0,95.0,88
2026-10-06T22:18:37.930733+00:00,btc-updown-5m-1791324900,5,5346431,59224094642188707487048399591401402132976351775837928933978316327062181249134,2026-10-06T22:15:00+00:00,2026-10-06T22:20:00+00:00,1.38,0.01,0.02,0.015,0.01,3495.36,1368.92,99
2026-10-06T22:18:37.930733+00:00,btc-updown-5m-1791325200,5,5346434,65819734776147384429634955776698303369733501698284763049871024799449006848104,2026-10-06T22:20:00+00:00,2026-10-06T22:25:00+00:00,6.38,0.49,0.5,0.495,0.01,289.77,27.0,99
2026-10-06T22:18:37.930733+00:00,btc-updown-15m-1791324900,15,5346423,1627576320538681313327615947936820302518291399441216055668980640408469522590,2026-10-06T22:15:00+00:00,2026-10-06T22:30:00+00:00,11.38,0.36,0.37,0.365,0.01,373.79,178.43,91
2026-10-06T22:18:37.930733+00:00,btc-updown-15m-1791325800,15,5346529,72190196018593616554528214132042805698633026445943460630335545651473958876901,2026-10-06T22:30:00+00:00,2026-10-06T22:45:00+00:00,26.38,0.5,0.51,0.505,0.01,190.0,95.0,88
2026-10-06T22:19:39.075918+00:00,btc-updown-5m-1791324900,5,5346431,59224094642188707487048399591401402132976351775837928933978316327062181249134,2026-10-06T22:15:00+00:00,2026-10-06T22:20:00+00:00,0.35,0.04,0.05,0.045,0.01,28.86,175.0,71
2026-10-06T22:19:39.075918+00:00,btc-updown-5m-1791325200,5,5346434,65819734776147384429634955776698303369733501698284763049871024799449006848104,2026-10-06T22:20:00+00:00,2026-10-06T22:25:00+00:00,5.35,0.53,0.54,0.535,0.01,182.44,10.0,99
2026-10-06T22:19:39.075918+00:00,btc-updown-15m-1791324900,15,5346423,1627576320538681313327615947936820302518291399441216055668980640408469522590,2026-10-06T22:15:00+00:00,2026-10-06T22:30:00+00:00,10.35,0.55,0.56,0.555,0.01,100.0,3052.91,97
2026-10-06T22:19:39.075918+00:00,btc-updown-15m-1791325800,15,5346529,72190196018593616554528214132042805698633026445943460630335545651473958876901,2026-10-06T22:30:00+00:00,2026-10-06T22:45:00+00:00,25.35,0.5,0.51,0.505,0.01,184.81,115.41,88
2026-10-06T22:20:40.224378+00:00,btc-updown-5m-1791325200,5,5346434,65819734776147384429634955776698303369733501698284763049871024799449006848104,2026-10-06T22:20:00+00:00,2026-10-06T22:25:00+00:00,4.33,0.74,0.75,0.745,0.01,753.3,65.0,99
2026-10-06T22:20:40.224378+00:00,btc-updown-5m-1791325500,5,5346510,27205011721112923935905832710330629114215634057910799521463379122755614308190,2026-10-06T22:25:00+00:00,2026-10-06T22:30:00+00:00,9.33,0.5,0.51,0.505,0.01,73.43,464.71,99
2026-10-06T22:20:40.224378+00:00,btc-updown-15m-1791324900,15,5346423,1627576320538681313327615947936820302518291399441216055668980640408469522590,2026-10-06T22:15:00+00:00,2026-10-06T22:30:00+00:00,9.33,0.65,0.66,0.655,0.01,799.87,45.0,91
2026-10-06T22:20:40.224378+00:00,btc-updown-15m-1791325800,15,5346529,72190196018593616554528214132042805698633026445943460630335545651473958876901,2026-10-06T22:30:00+00:00,2026-10-06T22:45:00+00:00,24.33,0.5,0.51,0.505,0.01,149.81,240.41,89
2026-10-06T22:21:41.487431+00:00,btc-updown-5m-1791325200,5,5346434,65819734776147384429634955776698303369733501698284763049871024799449006848104,2026-10-06T22:20:00+00:00,2026-10-06T22:25:00+00:00,3.32,0.75,0.76,0.755,0.01,951.41,156.93,99
2026-10-06T22:21:41.487431+00:00,btc-updown-5m-1791325500,5,5346510,27205011721112923935905832710330629114215634057910799521463379122755614308190,2026-10-06T22:25:00+00:00,2026-10-06T22:30:00+00:00,8.32,0.5,0.51,0.505,0.01,73.43,455.29,99
2026-10-06T22:21:41.487431+00:00,btc-updown-15m-1791324900,15,5346423,1627576320538681313327615947936820302518291399441216055668980640408469522590,2026-10-06T22:15:00+00:00,2026-10-06T22:30:00+00:00,8.32,0.66,0.67,0.665,0.01,210.0,398.91,92
2026-10-06T22:21:41.487431+00:00,btc-updown-15m-1791325800,15,5346529,72190196018593616554528214132042805698633026445943460630335545651473958876901,2026-10-06T22:30:00+00:00,2026-10-06T22:45:00+00:00,23.32,0.5,0.51,0.505,0.01,149.81,240.41,89
2026-10-06T22:22:42.630775+00:00,btc-updown-5m-1791325200,5,5346434,65819734776147384429634955776698303369733501698284763049871024799449006848104,2026-10-06T22:20:00+00:00,2026-10-06T22:25:00+00:00,2.3,0.91,0.92,0.915,0.01,788.9,310.11,99
2026-10-06T22:22:42.630775+00:00,btc-updown-5m-1791325500,5,5346510,27205011721112923935905832710330629114215634057910799521463379122755614308190,2026-10-06T22:25:00+00:00,2026-10-06T22:30:00+00:00,7.3,0.5,0.51,0.505,0.01,68.43,455.29,99
2026-10-06T22:22:42.630775+00:00,btc-updown-15m-1791324900,15,5346423,1627576320538681313327615947936820302518291399441216055668980640408469522590,2026-10-06T22:15:00+00:00,2026-10-06T22:30:00+00:00,7.3,0.66,0.67,0.665,0.01,36.49,25.36,89
2026-10-06T22:22:42.630775+00:00,btc-updown-15m-1791325800,15,5346529,72190196018593616554528214132042805698633026445943460630335545651473958876901,2026-10-06T22:30:00+00:00,2026-10-06T22:45:00+00:00,22.3,0.5,0.51,0.505,0.01,149.81,240.41,88
2026-10-06T22:23:43.770850+00:00,btc-updown-5m-1791325200,5,5346434,65819734776147384429634955776698303369733501698284763049871024799449006848104,2026-10-06T22:20:00+00:00,2026-10-06T22:25:00+00:00,1.28,0.54,0.55,0.545,0.01,2303.99,225.31,99
2026-10-06T22:23:43.770850+00:00,btc-updown-5m-1791325500,5,5346510,27205011721112923935905832710330629114215634057910799521463379122755614308190,2026-10-06T22:25:00+00:00,2026-10-06T22:30:00+00:00,6.28,0.5,0.51,0.505,0.01,73.43,435.29,99
2026-10-06T22:23:43.770850+00:00,btc-updown-15m-1791324900,15,5346423,1627576320538681313327615947936820302518291399441216055668980640408469522590,2026-10-06T22:15:00+00:00,2026-10-06T22:30:00+00:00,6.28,0.51,0.52,0.515,0.01,54.09,326.59,97
2026-10-06T22:23:43.770850+00:00,btc-updown-15m-1791325800,15,5346529,72190196018593616554528214132042805698633026445943460630335545651473958876901,2026-10-06T22:30:00+00:00,2026-10-06T22:45:00+00:00,21.28,0.5,0.51,0.505,0.01,149.81,171.43,88
2026-10-06T22:24:44.905144+00:00,btc-updown-5m-1791325500,5,5346510,27205011721112923935905832710330629114215634057910799521463379122755614308190,2026-10-06T22:25:00+00:00,2026-10-06T22:30:00+00:00,5.27,0.35,0.36,0.355,0.01,6.0,333.0,99
2026-10-06T22:24:44.905144+00:00,btc-updown-15m-1791324900,15,5346423,1627576320538681313327615947936820302518291399441216055668980640408469522590,2026-10-06T22:15:00+00:00,2026-10-06T22:30:00+00:00,5.27,0.21,0.22,0.215,0.01,351.31,199.0,91
2026-10-06T22:24:44.905144+00:00,btc-updown-15m-1791325800,15,5346529,72190196018593616554528214132042805698633026445943460630335545651473958876901,2026-10-06T22:30:00+00:00,2026-10-06T22:45:00+00:00,20.27,0.5,0.51,0.505,0.01,189.81,120.41,87
2026-10-06T22:25:45.918676+00:00,btc-updown-5m-1791325500,5,5346510,27205011721112923935905832710330629114215634057910799521463379122755614308190,2026-10-06T22:25:00+00:00,2026-10-06T22:30:00+00:00,4.25,0.13,0.14,0.135,0.01,71.76,3082.66,99
2026-10-06T22:25:45.918676+00:00,btc-updown-5m-1791325800,5,5346525,45814673608270941117769660225119465830245109782654966346611539499642792395177,2026-10-06T22:30:00+00:00,2026-10-06T22:35:00+00:00,9.25,0.5,0.51,0.505,0.01,205.81,408.42,99
2026-10-06T22:25:45.918676+00:00,btc-updown-15m-1791324900,15,5346423,1627576320538681313327615947936820302518291399441216055668980640408469522590,2026-10-06T22:15:00+00:00,2026-10-06T22:30:00+00:00,4.25,0.1,0.11,0.105,0.01,273.32,377.91,87
2026-10-06T22:25:45.918676+00:00,btc-updown-15m-1791325800,15,5346529,72190196018593616554528214132042805698633026445943460630335545651473958876901,2026-10-06T22:30:00+00:00,2026-10-06T22:45:00+00:00,19.25,0.5,0.51,0.505,0.01,219.81,120.41,87
2026-10-06T22:26:47.106980+00:00,btc-updown-5m-1791325500,5,5346510,27205011721112923935905832710330629114215634057910799521463379122755614308190,2026-10-06T22:25:00+00:00,2026-10-06T22:30:00+00:00,3.22,0.23,0.24,0.235,0.01,826.29,227.42,99
2026-10-06T22:26:47.106980+00:00,btc-updown-5m-1791325800,5,5346525,45814673608270941117769660225119465830245109782654966346611539499642792395177,2026-10-06T22:30:00+00:00,2026-10-06T22:35:00+00:00,8.22,0.5,0.51,0.505,0.01,11.81,374.2,99
2026-10-06T22:26:47.106980+00:00,btc-updown-15m-1791324900,15,5346423,1627576320538681313327615947936820302518291399441216055668980640408469522590,2026-10-06T22:15:00+00:00,2026-10-06T22:30:00+00:00,3.22,0.15,0.16,0.155,0.01,348.17,15.31,81
2026-10-06T22:26:47.106980+00:00,btc-updown-15m-1791325800,15,5346529,72190196018593616554528214132042805698633026445943460630335545651473958876901,2026-10-06T22:30:00+00:00,2026-10-06T22:45:00+00:00,18.22,0.5,0.51,0.505,0.01,244.81,89.68,91
2026-10-06T22:27:48.232936+00:00,btc-updown-5m-1791325500,5,5346510,27205011721112923935905832710330629114215634057910799521463379122755614308190,2026-10-06T22:25:00+00:00,2026-10-06T22:30:00+00:00,2.2,0.17,0.18,0.175,0.01,347.23,90.0,99
2026-10-06T22:27:48.232936+00:00,btc-updown-5m-1791325800,5,5346525,45814673608270941117769660225119465830245109782654966346611539499642792395177,2026-10-06T22:30:00+00:00,2026-10-06T22:35:00+00:00,7.2,0.5,0.51,0.505,0.01,11.81,319.2,99
2026-10-06T22:27:48.232936+00:00,btc-updown-15m-1791324900,15,5346423,1627576320538681313327615947936820302518291399441216055668980640408469522590,2026-10-06T22:15:00+00:00,2026-10-06T22:30:00+00:00,2.2,0.16,0.17,0.165,0.01,10.21,477.7,81
2026-10-06T22:27:48.232936+00:00,btc-updown-15m-1791325800,15,5346529,72190196018593616554528214132042805698633026445943460630335545651473958876901,2026-10-06T22:30:00+00:00,2026-10-06T22:45:00+00:00,17.2,0.5,0.51,0.505,0.01,204.81,89.68,91
2026-10-06T22:28:49.366305+00:00,btc-updown-5m-1791325800,5,5346525,45814673608270941117769660225119465830245109782654966346611539499642792395177,2026-10-06T22:30:00+00:00,2026-10-06T22:35:00+00:00,6.18,0.51,0.52,0.515,0.01,30.0,22.81,99
2026-10-06T22:28:49.366305+00:00,btc-updown-15m-1791325800,15,5346529,72190196018593616554528214132042805698633026445943460630335545651473958876901,2026-10-06T22:30:00+00:00,2026-10-06T22:45:00+00:00,16.18,0.5,0.51,0.505,0.01,449.81,83.81,91
2026-10-06T22:29:50.272878+00:00,btc-updown-5m-1791325800,5,5346525,45814673608270941117769660225119465830245109782654966346611539499642792395177,2026-10-06T22:30:00+00:00,2026-10-06T22:35:00+00:00,5.17,0.43,0.44,0.435,0.01,11.22,190.0,98
2026-10-06T22:29:50.272878+00:00,btc-updown-15m-1791325800,15,5346529,72190196018593616554528214132042805698633026445943460630335545651473958876901,2026-10-06T22:30:00+00:00,2026-10-06T22:45:00+00:00,15.17,0.47,0.48,0.475,0.01,16.84,77.7,83
2026-10-06T22:30:51.158142+00:00,btc-updown-5m-1791325800,5,5346525,45814673608270941117769660225119465830245109782654966346611539499642792395177,2026-10-06T22:30:00+00:00,2026-10-06T22:35:00+00:00,4.15,0.34,0.35,0.345,0.01,368.89,56.94,99
2026-10-06T22:30:51.158142+00:00,btc-updown-5m-1791326100,5,5346620,15950995331709724361715508998114226193099421950164742087866210663444073033348,2026-10-06T22:35:00+00:00,2026-10-06T22:40:00+00:00,9.15,0.5,0.51,0.505,0.01,339.74,410.42,99
2026-10-06T22:30:51.158142+00:00,btc-updown-15m-1791325800,15,5346529,72190196018593616554528214132042805698633026445943460630335545651473958876901,2026-10-06T22:30:00+00:00,2026-10-06T22:45:00+00:00,14.15,0.42,0.43,0.425,0.01,491.12,133.77,95
2026-10-06T22:30:51.158142+00:00,btc-updown-15m-1791326700,15,5346659,21371973545534734986157198726993157323128221208761254518516133528610019140996,2026-10-06T22:45:00+00:00,2026-10-06T23:00:00+00:00,29.15,0.5,0.51,0.505,0.01,495.0,95.0,89
2026-10-06T22:31:52.332753+00:00,btc-updown-5m-1791325800,5,5346525,45814673608270941117769660225119465830245109782654966346611539499642792395177,2026-10-06T22:30:00+00:00,2026-10-06T22:35:00+00:00,3.13,0.63,0.64,0.635,0.01,210.0,307.7,99
2026-10-06T22:31:52.332753+00:00,btc-updown-5m-1791326100,5,5346620,15950995331709724361715508998114226193099421950164742087866210663444073033348,2026-10-06T22:35:00+00:00,2026-10-06T22:40:00+00:00,8.13,0.5,0.51,0.505,0.01,334.74,410.42,99
2026-10-06T22:31:52.332753+00:00,btc-updown-15m-1791325800,15,5346529,72190196018593616554528214132042805698633026445943460630335545651473958876901,2026-10-06T22:30:00+00:00,2026-10-06T22:45:00+00:00,13.13,0.56,0.57,0.565,0.01,326.83,54.06,97
2026-10-06T22:31:52.332753+00:00,btc-updown-15m-1791326700,15,5346659,21371973545534734986157198726993157323128221208761254518516133528610019140996,2026-10-06T22:45:00+00:00,2026-10-06T23:00:00+00:00,28.13,0.5,0.51,0.505,0.01,564.81,95.0,89
2026-10-06T22:32:53.519017+00:00,btc-updown-5m-1791325800,5,5346525,45814673608270941117769660225119465830245109782654966346611539499642792395177,2026-10-06T22:30:00+00:00,2026-10-06T22:35:00+00:00,2.12,0.69,0.7,0.695,0.01,619.95,89.29,99
2026-10-06T22:32:53.519017+00:00,btc-updown-5m-1791326100,5,5346620,15950995331709724361715508998114226193099421950164742087866210663444073033348,2026-10-06T22:35:00+00:00,2026-10-06T22:40:00+00:00,7.12,0.5,0.51,0.505,0.01,339.53,410.42,99
2026-10-06T22:32:53.519017+00:00,btc-updown-15m-1791325800,15,5346529,72190196018593616554528214132042805698633026445943460630335545651473958876901,2026-10-06T22:30:00+00:00,2026-10-06T22:45:00+00:00,12.12,0.57,0.58,0.575,0.01,20.0,354.46,96
2026-10-06T22:32:53.519017+00:00,btc-updown-15m-1791326700,15,5346659,21371973545534734986157198726993157323128221208761254518516133528610019140996,2026-10-06T22:45:00+00:00,2026-10-06T23:00:00+00:00,27.12,0.5,0.51,0.505,0.01,469.81,95.0,89
2026-10-06T22:33:54.674287+00:00,btc-updown-5m-1791325800,5,5346525,45814673608270941117769660225119465830245109782654966346611539499642792395177,2026-10-06T22:30:00+00:00,2026-10-06T22:35:00+00:00,1.1,0.87,0.88,0.875,0.01,320.0,125.0,99
2026-10-06T22:33:54.674287+00:00,btc-updown-5m-1791326100,5,5346620,15950995331709724361715508998114226193099421950164742087866210663444073033348,2026-10-06T22:35:00+00:00,2026-10-06T22:40:00+00:00,6.1,0.5,0.51,0.505,0.01,193.83,410.42,99
2026-10-06T22:33:54.674287+00:00,btc-updown-15m-1791325800,15,5346529,72190196018593616554528214132042805698633026445943460630335545651473958876901,2026-10-06T22:30:00+00:00,2026-10-06T22:45:00+00:00,11.1,0.57,0.58,0.575,0.01,629.31,55.0,96
2026-10-06T22:33:54.674287+00:00,btc-updown-15m-1791326700,15,5346659,21371973545534734986157198726993157323128221208761254518516133528610019140996,2026-10-06T22:45:00+00:00,2026-10-06T23:00:00+00:00,26.1,0.5,0.51,0.505,0.01,489.81,95.0,89
2026-10-06T22:34:55.809782+00:00,btc-updown-5m-1791326100,5,5346620,15950995331709724361715508998114226193099421950164742087866210663444073033348,2026-10-06T22:35:00+00:00,2026-10-06T22:40:00+00:00,5.08,0.5,0.51,0.505,0.01,38.96,350.3,99
2026-10-06T22:34:55.809782+00:00,btc-updown-15m-1791325800,15,5346529,72190196018593616554528214132042805698633026445943460630335545651473958876901,2026-10-06T22:30:00+00:00,2026-10-06T22:45:00+00:00,10.08,0.74,0.75,0.745,0.01,246.95,720.0,91
2026-10-06T22:34:55.809782+00:00,btc-updown-15m-1791326700,15,5346659,21371973545534734986157198726993157323128221208761254518516133528610019140996,2026-10-06T22:45:00+00:00,2026-10-06T23:00:00+00:00,25.08,0.5,0.51,0.505,0.01,439.81,95.0,88
2026-10-06T22:35:56.850051+00:00,btc-updown-5m-1791326100,5,5346620,15950995331709724361715508998114226193099421950164742087866210663444073033348,2026-10-06T22:35:00+00:00,2026-10-06T22:40:00+00:00,4.07,0.35,0.36,0.355,0.01,1401.65,32.45,98
2026-10-06T22:35:56.850051+00:00,btc-updown-5m-1791326400,5,5346634,47370175026053707246060443067291886297612123915293431881708303558655592611797,2026-10-06T22:40:00+00:00,2026-10-06T22:45:00+00:00,9.07,0.5,0.51,0.505,0.01,133.32,430.36,99
2026-10-06T22:35:56.850051+00:00,btc-updown-15m-1791325800,15,5346529,72190196018593616554528214132042805698633026445943460630335545651473958876901,2026-10-06T22:30:00+00:00,2026-10-06T22:45:00+00:00,9.07,0.66,0.67,0.665,0.01,1231.55,82.63,95
2026-10-06T22:35:56.850051+00:00,btc-updown-15m-1791326700,15,5346659,21371973545534734986157198726993157323128221208761254518516133528610019140996,2026-10-06T22:45:00+00:00,2026-10-06T23:00:00+00:00,24.07,0.5,0.51,0.505,0.01,444.81,100.0,89
2026-10-06T22:36:58.083107+00:00,btc-updown-5m-1791326100,5,5346620,15950995331709724361715508998114226193099421950164742087866210663444073033348,2026-10-06T22:35:00+00:00,2026-10-06T22:40:00+00:00,3.03,0.37,0.38,0.375,0.01,10.0,1459.02,99
2026-10-06T22:36:58.083107+00:00,btc-updown-5m-1791326400,5,5346634,47370175026053707246060443067291886297612123915293431881708303558655592611797,2026-10-06T22:40:00+00:00,2026-10-06T22:45:00+00:00,8.03,0.5,0.51,0.505,0.01,153.32,385.23,99
2026-10-06T22:36:58.083107+00:00,btc-updown-15m-1791325800,15,5346529,72190196018593616554528214132042805698633026445943460630335545651473958876901,2026-10-06T22:30:00+00:00,2026-10-06T22:45:00+00:00,8.03,0.71,0.72,0.715,0.01,190.0,368.87,94
2026-10-06T22:36:58.083107+00:00,btc-updown-15m-1791326700,15,5346659,21371973545534734986157198726993157323128221208761254518516133528610019140996,2026-10-06T22:45:00+00:00,2026-10-06T23:00:00+00:00,23.03,0.5,0.51,0.505,0.01,394.81,100.0,89
2026-10-06T22:37:59.228787+00:00,btc-updown-5m-1791326100,5,5346620,15950995331709724361715508998114226193099421950164742087866210663444073033348,2026-10-06T22:35:00+00:00,2026-10-06T22:40:00+00:00,2.02,0.39,0.4,0.395,0.01,998.07,41.0,99
2026-10-06T22:37:59.228787+00:00,btc-updown-5m-1791326400,5,5346634,47370175026053707246060443067291886297612123915293431881708303558655592611797,2026-10-06T22:40:00+00:00,2026-10-06T22:45:00+00:00,7.02,0.5,0.51,0.505,0.01,162.9,380.23,99
2026-10-06T22:37:59.228787+00:00,btc-updown-15m-1791325800,15,5346529,72190196018593616554528214132042805698633026445943460630335545651473958876901,2026-10-06T22:30:00+00:00,2026-10-06T22:45:00+00:00,7.02,0.79,0.8,0.795,0.01,1003.74,145.0,91
2026-10-06T22:37:59.228787+00:00,btc-updown-15m-1791326700,15,5346659,21371973545534734986157198726993157323128221208761254518516133528610019140996,2026-10-06T22:45:00+00:00,2026-10-06T23:00:00+00:00,22.02,0.5,0.51,0.505,0.01,394.81,100.0,94
2026-10-06T22:39:00.357046+00:00,btc-updown-5m-1791326100,5,5346620,15950995331709724361715508998114226193099421950164742087866210663444073033348,2026-10-06T22:35:00+00:00,2026-10-06T22:40:00+00:00,1.0,0.09,0.1,0.095,0.01,80.0,584.55,92
2026-10-06T22:39:00.357046+00:00,btc-updown-5m-1791326400,5,5346634,47370175026053707246060443067291886297612123915293431881708303558655592611797,2026-10-06T22:40:00+00:00,2026-10-06T22:45:00+00:00,6.0,0.5,0.51,0.505,0.01,125.4,330.23,99
2026-10-06T22:39:00.357046+00:00,btc-updown-15m-1791325800,15,5346529,72190196018593616554528214132042805698633026445943460630335545651473958876901,2026-10-06T22:30:00+00:00,2026-10-06T22:45:00+00:00,6.0,0.78,0.79,0.785,0.01,980.97,60.0,92
2026-10-06T22:39:00.357046+00:00,btc-updown-15m-1791326700,15,5346659,21371973545534734986157198726993157323128221208761254518516133528610019140996,2026-10-06T22:45:00+00:00,2026-10-06T23:00:00+00:00,21.0,0.5,0.51,0.505,0.01,444.81,100.0,99
2026-10-06T22:40:01.549603+00:00,btc-updown-5m-1791326400,5,5346634,47370175026053707246060443067291886297612123915293431881708303558655592611797,2026-10-06T22:40:00+00:00,2026-10-06T22:45:00+00:00,4.98,0.5,0.51,0.505,0.01,219.92,1260.9,99
2026-10-06T22:40:01.549603+00:00,btc-updown-5m-1791326700,5,5346660,87944931768257445049678056992983865806836501889695361967124174834684468506507,2026-10-06T22:45:00+00:00,2026-10-06T22:50:00+00:00,9.98,0.5,0.51,0.505,0.01,159.51,567.41,99
2026-10-06T22:40:01.549603+00:00,btc-updown-15m-1791325800,15,5346529,72190196018593616554528214132042805698633026445943460630335545651473958876901,2026-10-06T22:30:00+00:00,2026-10-06T22:45:00+00:00,4.98,0.83,0.84,0.835,0.01,611.22,244.57,88
2026-10-06T22:40:01.549603+00:00,btc-updown-15m-1791326700,15,5346659,21371973545534734986157198726993157323128221208761254518516133528610019140996,2026-10-06T22:45:00+00:00,2026-10-06T23:00:00+00:00,19.98,0.5,0.51,0.505,0.01,439.81,100.0,99
2026-10-06T22:41:03.113665+00:00,btc-updown-5m-1791326400,5,5346634,47370175026053707246060443067291886297612123915293431881708303558655592611797,2026-10-06T22:40:00+00:00,2026-10-06T22:45:00+00:00,3.95,0.82,0.83,0.825,0.01,768.22,199.14,99
2026-10-06T22:41:03.113665+00:00,btc-updown-5m-1791326700,5,5346660,87944931768257445049678056992983865806836501889695361967124174834684468506507,2026-10-06T22:45:00+00:00,2026-10-06T22:50:00+00:00,8.95,0.5,0.51,0.505,0.01,243.51,389.41,99
2026-10-06T22:41:03.113665+00:00,btc-updown-15m-1791325800,15,5346529,72190196018593616554528214132042805698633026445943460630335545651473958876901,2026-10-06T22:30:00+00:00,2026-10-06T22:45:00+00:00,3.95,0.93,0.94,0.935,0.01,1892.38,60.99,80
2026-10-06T22:41:03.113665+00:00,btc-updown-15m-1791326700,15,5346659,21371973545534734986157198726993157323128221208761254518516133528610019140996,2026-10-06T22:45:00+00:00,2026-10-06T23:00:00+00:00,18.95,0.5,0.51,0.505,0.01,424.81,100.0,99
2026-10-06T22:42:04.298539+00:00,btc-updown-5m-1791326400,5,5346634,47370175026053707246060443067291886297612123915293431881708303558655592611797,2026-10-06T22:40:00+00:00,2026-10-06T22:45:00+00:00,2.93,0.87,0.88,0.875,0.01,897.04,259.18,99
2026-10-06T22:42:04.298539+00:00,btc-updown-5m-1791326700,5,5346660,87944931768257445049678056992983865806836501889695361967124174834684468506507,2026-10-06T22:45:00+00:00,2026-10-06T22:50:00+00:00,7.93,0.5,0.51,0.505,0.01,233.09,399.41,99
2026-10-06T22:42:04.298539+00:00,btc-updown-15m-1791325800,15,5346529,72190196018593616554528214132042805698633026445943460630335545651473958876901,2026-10-06T22:30:00+00:00,2026-10-06T22:45:00+00:00,2.93,0.81,0.82,0.815,0.01,142.0,1832.03,75
2026-10-06T22:42:04.298539+00:00,btc-updown-15m-1791326700,15,5346659,21371973545534734986157198726993157323128221208761254518516133528610019140996,2026-10-06T22:45:00+00:00,2026-10-06T23:00:00+00:00,17.93,0.5,0.51,0.505,0.01,404.81,105.39,99
2026-10-06T22:43:05.522096+00:00,btc-updown-5m-1791326400,5,5346634,47370175026053707246060443067291886297612123915293431881708303558655592611797,2026-10-06T22:40:00+00:00,2026-10-06T22:45:00+00:00,1.92,0.62,0.63,0.625,0.01,95.57,90.0,99
2026-10-06T22:43:05.522096+00:00,btc-updown-5m-1791326700,5,5346660,87944931768257445049678056992983865806836501889695361967124174834684468506507,2026-10-06T22:45:00+00:00,2026-10-06T22:50:00+00:00,6.92,0.5,0.51,0.505,0.01,94.85,404.41,99
2026-10-06T22:43:05.522096+00:00,btc-updown-15m-1791325800,15,5346529,72190196018593616554528214132042805698633026445943460630335545651473958876901,2026-10-06T22:30:00+00:00,2026-10-06T22:45:00+00:00,1.92,0.89,0.9,0.895,0.01,289.03,80.95,79
2026-10-06T22:43:05.522096+00:00,btc-updown-15m-1791326700,15,5346659,21371973545534734986157198726993157323128221208761254518516133528610019140996,2026-10-06T22:45:00+00:00,2026-10-06T23:00:00+00:00,16.92,0.5,0.51,0.505,0.01,404.81,105.39,99
2026-10-06T22:44:06.674967+00:00,btc-updown-5m-1791326700,5,5346660,87944931768257445049678056992983865806836501889695361967124174834684468506507,2026-10-06T22:45:00+00:00,2026-10-06T22:50:00+00:00,5.9,0.5,0.51,0.505,0.01,9.85,146.9,99
2026-10-06T22:44:06.674967+00:00,btc-updown-15m-1791326700,15,5346659,21371973545534734986157198726993157323128221208761254518516133528610019140996,2026-10-06T22:45:00+00:00,2026-10-06T23:00:00+00:00,15.9,0.5,0.51,0.505,0.01,349.81,161.09,89
2026-10-06T22:45:07.615756+00:00,btc-updown-5m-1791326700,5,5346660,87944931768257445049678056992983865806836501889695361967124174834684468506507,2026-10-06T22:45:00+00:00,2026-10-06T22:50:00+00:00,4.88,0.58,0.59,0.585,0.01,1421.97,100.0,99
2026-10-06T22:45:07.615756+00:00,btc-updown-5m-1791327000,5,5346679,55968571485420770114510807013883164969838930399908463195082947017407985114072,2026-10-06T22:50:00+00:00,2026-10-06T22:55:00+00:00,9.88,0.5,0.51,0.505,0.01,94.72,213.37,99
2026-10-06T22:45:07.615756+00:00,btc-updown-15m-1791326700,15,5346659,21371973545534734986157198726993157323128221208761254518516133528610019140996,2026-10-06T22:45:00+00:00,2026-10-06T23:00:00+00:00,14.88,0.58,0.59,0.585,0.01,98.0,771.0,99
2026-10-06T22:45:07.615756+00:00,btc-updown-15m-1791327600,15,5347113,77107142914493993532903343952870585956369144706697063864428200697248822859855,2026-10-06T23:00:00+00:00,2026-10-06T23:15:00+00:00,29.88,0.5,0.51,0.505,0.01,165.0,145.0,99
2026-10-06T22:46:08.872014+00:00,btc-updown-5m-1791326700,5,5346660,87944931768257445049678056992983865806836501889695361967124174834684468506507,2026-10-06T22:45:00+00:00,2026-10-06T22:50:00+00:00,3.87,0.83,0.84,0.835,0.01,37.28,396.07,99
2026-10-06T22:46:08.872014+00:00,btc-updown-5m-1791327000,5,5346679,55968571485420770114510807013883164969838930399908463195082947017407985114072,2026-10-06T22:50:00+00:00,2026-10-06T22:55:00+00:00,8.87,0.5,0.51,0.505,0.01,109.72,349.37,99
2026-10-06T22:46:08.872014+00:00,btc-updown-15m-1791326700,15,5346659,21371973545534734986157198726993157323128221208761254518516133528610019140996,2026-10-06T22:45:00+00:00,2026-10-06T23:00:00+00:00,13.87,0.67,0.68,0.675,0.01,61.0,436.45,97
2026-10-06T22:46:08.872014+00:00,btc-updown-15m-1791327600,15,5347113,77107142914493993532903343952870585956369144706697063864428200697248822859855,2026-10-06T23:00:00+00:00,2026-10-06T23:15:00+00:00,28.87,0.5,0.51,0.505,0.01,125.0,190.0,99
2026-10-06T22:47:09.992940+00:00,btc-updown-5m-1791326700,5,5346660,87944931768257445049678056992983865806836501889695361967124174834684468506507,2026-10-06T22:45:00+00:00,2026-10-06T22:50:00+00:00,2.85,0.91,0.92,0.915,0.01,115.0,1187.06,99
2026-10-06T22:47:09.992940+00:00,btc-updown-5m-1791327000,5,5346679,55968571485420770114510807013883164969838930399908463195082947017407985114072,2026-10-06T22:50:00+00:00,2026-10-06T22:55:00+00:00,7.85,0.5,0.51,0.505,0.01,84.72,398.48,99
2026-10-06T22:47:09.992940+00:00,btc-updown-15m-1791326700,15,5346659,21371973545534734986157198726993157323128221208761254518516133528610019140996,2026-10-06T22:45:00+00:00,2026-10-06T23:00:00+00:00,12.85,0.68,0.69,0.685,0.01,406.68,248.69,97
2026-10-06T22:47:09.992940+00:00,btc-updown-15m-1791327600,15,5347113,77107142914493993532903343952870585956369144706697063864428200697248822859855,2026-10-06T23:00:00+00:00,2026-10-06T23:15:00+00:00,27.85,0.5,0.51,0.505,0.01,134.91,230.41,99
2026-10-06T22:48:11.110626+00:00,btc-updown-5m-1791326700,5,5346660,87944931768257445049678056992983865806836501889695361967124174834684468506507,2026-10-06T22:45:00+00:00,2026-10-06T22:50:00+00:00,1.82,0.97,0.98,0.975,0.01,808.56,300.7,99
2026-10-06T22:48:11.110626+00:00,btc-updown-5m-1791327000,5,5346679,55968571485420770114510807013883164969838930399908463195082947017407985114072,2026-10-06T22:50:00+00:00,2026-10-06T22:55:00+00:00,6.82,0.5,0.51,0.505,0.01,99.72,438.48,99
2026-10-06T22:48:11.110626+00:00,btc-updown-15m-1791326700,15,5346659,21371973545534734986157198726993157323128221208761254518516133528610019140996,2026-10-06T22:45:00+00:00,2026-10-06T23:00:00+00:00,11.82,0.72,0.73,0.725,0.01,331.4,2155.02,91
2026-10-06T22:48:11.110626+00:00,btc-updown-15m-1791327600,15,5347113,77107142914493993532903343952870585956369144706697063864428200697248822859855,2026-10-06T23:00:00+00:00,2026-10-06T23:15:00+00:00,26.82,0.5,0.51,0.505,0.01,134.91,285.41,99
2026-10-06T22:49:12.264109+00:00,btc-updown-5m-1791327000,5,5346679,55968571485420770114510807013883164969838930399908463195082947017407985114072,2026-10-06T22:50:00+00:00,2026-10-06T22:55:00+00:00,5.8,0.49,0.5,0.495,0.01,155.0,458.0,99
2026-10-06T22:49:12.264109+00:00,btc-updown-15m-1791326700,15,5346659,21371973545534734986157198726993157323128221208761254518516133528610019140996,2026-10-06T22:45:00+00:00,2026-10-06T23:00:00+00:00,10.8,0.71,0.72,0.715,0.01,1412.95,374.86,92
2026-10-06T22:49:12.264109+00:00,btc-updown-15m-1791327600,15,5347113,77107142914493993532903343952870585956369144706697063864428200697248822859855,2026-10-06T23:00:00+00:00,2026-10-06T23:15:00+00:00,25.8,0.5,0.51,0.505,0.01,134.91,285.41,99
2026-10-06T22:50:13.271247+00:00,btc-updown-5m-1791327000,5,5346679,55968571485420770114510807013883164969838930399908463195082947017407985114072,2026-10-06T22:50:00+00:00,2026-10-06T22:55:00+00:00,4.78,0.41,0.42,0.415,0.01,174.62,406.88,99
2026-10-06T22:50:13.271247+00:00,btc-updown-5m-1791327300,5,5347034,107453325492328588742132198499505790468290810575897032670825835945700308700702,2026-10-06T22:55:00+00:00,2026-10-06T23:00:00+00:00,9.78,0.5,0.51,0.505,0.01,79.65,459.56,99
2026-10-06T22:50:13.271247+00:00,btc-updown-15m-1791326700,15,5346659,21371973545534734986157198726993157323128221208761254518516133528610019140996,2026-10-06T22:45:00+00:00,2026-10-06T23:00:00+00:00,9.78,0.7,0.71,0.705,0.01,392.0,587.86,94
2026-10-06T22:50:13.271247+00:00,btc-updown-15m-1791327600,15,5347113,77107142914493993532903343952870585956369144706697063864428200697248822859855,2026-10-06T23:00:00+00:00,2026-10-06T23:15:00+00:00,24.78,0.5,0.51,0.505,0.01,139.91,290.41,99
2026-10-06T22:51:14.533155+00:00,btc-updown-5m-1791327000,5,5346679,55968571485420770114510807013883164969838930399908463195082947017407985114072,2026-10-06T22:50:00+00:00,2026-10-06T22:55:00+00:00,3.77,0.38,0.39,0.385,0.01,1631.23,21.0,99
2026-10-06T22:51:14.533155+00:00,btc-updown-5m-1791327300,5,5347034,107453325492328588742132198499505790468290810575897032670825835945700308700702,2026-10-06T22:55:00+00:00,2026-10-06T23:00:00+00:00,8.77,0.5,0.51,0.505,0.01,79.65,338.56,99
2026-10-06T22:51:14.533155+00:00,btc-updown-15m-1791326700,15,5346659,21371973545534734986157198726993157323128221208761254518516133528610019140996,2026-10-06T22:45:00+00:00,2026-10-06T23:00:00+00:00,8.77,0.72,0.73,0.725,0.01,223.0,2162.49,92
2026-10-06T22:51:14.533155+00:00,btc-updown-15m-1791327600,15,5347113,77107142914493993532903343952870585956369144706697063864428200697248822859855,2026-10-06T23:00:00+00:00,2026-10-06T23:15:00+00:00,23.77,0.5,0.51,0.505,0.01,139.91,290.41,99
2026-10-06T22:52:15.657498+00:00,btc-updown-5m-1791327000,5,5346679,55968571485420770114510807013883164969838930399908463195082947017407985114072,2026-10-06T22:50:00+00:00,2026-10-06T22:55:00+00:00,2.75,0.39,0.4,0.395,0.01,107.8,225.91,99
2026-10-06T22:52:15.657498+00:00,btc-updown-5m-1791327300,5,5347034,107453325492328588742132198499505790468290810575897032670825835945700308700702,2026-10-06T22:55:00+00:00,2026-10-06T23:00:00+00:00,7.75,0.5,0.51,0.505,0.01,89.33,312.67,99
2026-10-06T22:52:15.657498+00:00,btc-updown-15m-1791326700,15,5346659,21371973545534734986157198726993157323128221208761254518516133528610019140996,2026-10-06T22:45:00+00:00,2026-10-06T23:00:00+00:00,7.75,0.75,0.76,0.755,0.01,2326.69,123.35,90
2026-10-06T22:52:15.657498+00:00,btc-updown-15m-1791327600,15,5347113,77107142914493993532903343952870585956369144706697063864428200697248822859855,2026-10-06T23:00:00+00:00,2026-10-06T23:15:00+00:00,22.75,0.5,0.51,0.505,0.01,139.91,270.0,99
2026-10-06T22:53:16.816428+00:00,btc-updown-5m-1791327000,5,5346679,55968571485420770114510807013883164969838930399908463195082947017407985114072,2026-10-06T22:50:00+00:00,2026-10-06T22:55:00+00:00,1.73,0.06,0.07,0.065,0.01,238.38,280.13,99
2026-10-06T22:53:16.816428+00:00,btc-updown-5m-1791327300,5,5347034,107453325492328588742132198499505790468290810575897032670825835945700308700702,2026-10-06T22:55:00+00:00,2026-10-06T23:00:00+00:00,6.73,0.5,0.51,0.505,0.01,94.33,218.53,99
2026-10-06T22:53:16.816428+00:00,btc-updown-15m-1791326700,15,5346659,21371973545534734986157198726993157323128221208761254518516133528610019140996,2026-10-06T22:45:00+00:00,2026-10-06T23:00:00+00:00,6.73,0.63,0.64,0.635,0.01,56.51,299.55,98
2026-10-06T22:53:16.816428+00:00,btc-updown-15m-1791327600,15,5347113,77107142914493993532903343952870585956369144706697063864428200697248822859855,2026-10-06T23:00:00+00:00,2026-10-06T23:15:00+00:00,21.73,0.5,0.51,0.505,0.01,139.91,270.0,99
2026-10-06T22:54:17.929326+00:00,btc-updown-5m-1791327300,5,5347034,107453325492328588742132198499505790468290810575897032670825835945700308700702,2026-10-06T22:55:00+00:00,2026-10-06T23:00:00+00:00,5.72,0.5,0.51,0.505,0.01,70.0,135.0,99
2026-10-06T22:54:17.929326+00:00,btc-updown-15m-1791326700,15,5346659,21371973545534734986157198726993157323128221208761254518516133528610019140996,2026-10-06T22:45:00+00:00,2026-10-06T23:00:00+00:00,5.72,0.46,0.47,0.465,0.01,31.24,362.1,96
2026-10-06T22:54:17.929326+00:00,btc-updown-15m-1791327600,15,5347113,77107142914493993532903343952870585956369144706697063864428200697248822859855,2026-10-06T23:00:00+00:00,2026-10-06T23:15:00+00:00,20.72,0.5,0.51,0.505,0.01,139.91,100.0,99
2026-10-06T22:55:18.948557+00:00,btc-updown-5m-1791327300,5,5347034,107453325492328588742132198499505790468290810575897032670825835945700308700702,2026-10-06T22:55:00+00:00,2026-10-06T23:00:00+00:00,4.7,0.44,0.45,0.445,0.01,342.81,195.87,99
2026-10-06T22:55:18.948557+00:00,btc-updown-5m-1791327600,5,5347083,14367937654203063994185021961843749501412166405794834315623834454948264723513,2026-10-06T23:00:00+00:00,2026-10-06T23:05:00+00:00,9.7,0.5,0.51,0.505,0.01,174.21,293.03,99
2026-10-06T22:55:18.948557+00:00,btc-updown-15m-1791326700,15,5346659,21371973545534734986157198726993157323128221208761254518516133528610019140996,2026-10-06T22:45:00+00:00,2026-10-06T23:00:00+00:00,4.7,0.46,0.47,0.465,0.01,2692.0,159.51,99
2026-10-06T22:55:18.948557+00:00,btc-updown-15m-1791327600,15,5347113,77107142914493993532903343952870585956369144706697063864428200697248822859855,2026-10-06T23:00:00+00:00,2026-10-06T23:15:00+00:00,19.7,0.5,0.51,0.505,0.01,139.91,115.0,99
2026-10-06T22:56:20.198022+00:00,btc-updown-5m-1791327300,5,5347034,107453325492328588742132198499505790468290810575897032670825835945700308700702,2026-10-06T22:55:00+00:00,2026-10-06T23:00:00+00:00,3.67,0.51,0.52,0.515,0.01,97.57,896.22,99
2026-10-06T22:56:20.198022+00:00,btc-updown-5m-1791327600,5,5347083,14367937654203063994185021961843749501412166405794834315623834454948264723513,2026-10-06T23:00:00+00:00,2026-10-06T23:05:00+00:00,8.67,0.5,0.51,0.505,0.01,174.21,250.03,99
2026-10-06T22:56:20.198022+00:00,btc-updown-15m-1791326700,15,5346659,21371973545534734986157198726993157323128221208761254518516133528610019140996,2026-10-06T22:45:00+00:00,2026-10-06T23:00:00+00:00,3.67,0.51,0.52,0.515,0.01,534.93,102.99,99
2026-10-06T22:56:20.198022+00:00,btc-updown-15m-1791327600,15,5347113,77107142914493993532903343952870585956369144706697063864428200697248822859855,2026-10-06T23:00:00+00:00,2026-10-06T23:15:00+00:00,18.67,0.5,0.51,0.505,0.01,164.91,115.0,99
2026-10-06T22:57:21.331742+00:00,btc-updown-5m-1791327300,5,5347034,107453325492328588742132198499505790468290810575897032670825835945700308700702,2026-10-06T22:55:00+00:00,2026-10-06T23:00:00+00:00,2.65,0.46,0.47,0.465,0.01,1656.5,5.0,99
2026-10-06T22:57:21.331742+00:00,btc-updown-5m-1791327600,5,5347083,14367937654203063994185021961843749501412166405794834315623834454948264723513,2026-10-06T23:00:00+00:00,2026-10-06T23:05:00+00:00,7.65,0.5,0.51,0.505,0.01,164.21,250.03,99
2026-10-06T22:57:21.331742+00:00,btc-updown-15m-1791326700,15,5346659,21371973545534734986157198726993157323128221208761254518516133528610019140996,2026-10-06T22:45:00+00:00,2026-10-06T23:00:00+00:00,2.65,0.46,0.47,0.465,0.01,8048.0,85.0,95
2026-10-06T22:57:21.331742+00:00,btc-updown-15m-1791327600,15,5347113,77107142914493993532903343952870585956369144706697063864428200697248822859855,2026-10-06T23:00:00+00:00,2026-10-06T23:15:00+00:00,17.65,0.5,0.51,0.505,0.01,164.91,115.0,99
2026-10-06T22:58:22.500698+00:00,btc-updown-5m-1791327300,5,5347034,107453325492328588742132198499505790468290810575897032670825835945700308700702,2026-10-06T22:55:00+00:00,2026-10-06T23:00:00+00:00,1.63,0.53,0.54,0.535,0.01,377.68,60.0,99
2026-10-06T22:58:22.500698+00:00,btc-updown-5m-1791327600,5,5347083,14367937654203063994185021961843749501412166405794834315623834454948264723513,2026-10-06T23:00:00+00:00,2026-10-06T23:05:00+00:00,6.63,0.5,0.51,0.505,0.01,169.21,250.03,99
2026-10-06T22:58:22.500698+00:00,btc-updown-15m-1791326700,15,5346659,21371973545534734986157198726993157323128221208761254518516133528610019140996,2026-10-06T22:45:00+00:00,2026-10-06T23:00:00+00:00,1.63,0.48,0.49,0.485,0.01,6243.0,18.2,93
2026-10-06T22:58:22.500698+00:00,btc-updown-15m-1791327600,15,5347113,77107142914493993532903343952870585956369144706697063864428200697248822859855,2026-10-06T23:00:00+00:00,2026-10-06T23:15:00+00:00,16.63,0.5,0.51,0.505,0.01,164.91,115.0,99
2026-10-06T22:59:23.642000+00:00,btc-updown-5m-1791327600,5,5347083,14367937654203063994185021961843749501412166405794834315623834454948264723513,2026-10-06T23:00:00+00:00,2026-10-06T23:05:00+00:00,5.62,0.5,0.51,0.505,0.01,81.71,237.14,99
2026-10-06T22:59:23.642000+00:00,btc-updown-15m-1791326700,15,5346659,21371973545534734986157198726993157323128221208761254518516133528610019140996,2026-10-06T22:45:00+00:00,2026-10-06T23:00:00+00:00,0.62,0.01,0.02,0.015,0.01,1694.18,1453.44,78
2026-10-06T22:59:23.642000+00:00,btc-updown-15m-1791327600,15,5347113,77107142914493993532903343952870585956369144706697063864428200697248822859855,2026-10-06T23:00:00+00:00,2026-10-06T23:15:00+00:00,15.62,0.5,0.51,0.505,0.01,159.91,79.01,85
2026-10-06T23:00:24.669892+00:00,btc-updown-5m-1791327600,5,5347083,14367937654203063994185021961843749501412166405794834315623834454948264723513,2026-10-06T23:00:00+00:00,2026-10-06T23:05:00+00:00,4.6,0.47,0.48,0.475,0.01,159.43,1692.56,99
2026-10-06T23:00:24.669892+00:00,btc-updown-5m-1791327900,5,5347133,32294473707853753238186817884030981880204412218147879636107038991589969323212,2026-10-06T23:05:00+00:00,2026-10-06T23:10:00+00:00,9.6,0.5,0.51,0.505,0.01,85.46,276.53,99
2026-10-06T23:00:24.669892+00:00,btc-updown-15m-1791327600,15,5347113,77107142914493993532903343952870585956369144706697063864428200697248822859855,2026-10-06T23:00:00+00:00,2026-10-06T23:15:00+00:00,14.6,0.5,0.51,0.505,0.01,143.2,553.66,97
2026-10-06T23:00:24.669892+00:00,btc-updown-15m-1791328500,15,5347261,71543829338038083988858504596315461825220554385012843543110272898853197569134,2026-10-06T23:15:00+00:00,2026-10-06T23:30:00+00:00,29.6,0.5,0.51,0.505,0.01,265.0,146.02,99
2026-10-06T23:01:25.904632+00:00,btc-updown-5m-1791327600,5,5347083,14367937654203063994185021961843749501412166405794834315623834454948264723513,2026-10-06T23:00:00+00:00,2026-10-06T23:05:00+00:00,3.58,0.76,0.77,0.765,0.01,1217.48,122.68,99
2026-10-06T23:01:25.904632+00:00,btc-updown-5m-1791327900,5,5347133,32294473707853753238186817884030981880204412218147879636107038991589969323212,2026-10-06T23:05:00+00:00,2026-10-06T23:10:00+00:00,8.58,0.5,0.51,0.505,0.01,90.46,291.53,99
2026-10-06T23:01:25.904632+00:00,btc-updown-15m-1791327600,15,5347113,77107142914493993532903343952870585956369144706697063864428200697248822859855,2026-10-06T23:00:00+00:00,2026-10-06T23:15:00+00:00,13.58,0.63,0.64,0.635,0.01,313.06,561.58,99
2026-10-06T23:01:25.904632+00:00,btc-updown-15m-1791328500,15,5347261,71543829338038083988858504596315461825220554385012843543110272898853197569134,2026-10-06T23:15:00+00:00,2026-10-06T23:30:00+00:00,28.58,0.5,0.51,0.505,0.01,284.81,146.02,99
2026-10-06T23:02:27.040935+00:00,btc-updown-5m-1791327600,5,5347083,14367937654203063994185021961843749501412166405794834315623834454948264723513,2026-10-06T23:00:00+00:00,2026-10-06T23:05:00+00:00,2.55,0.86,0.87,0.865,0.01,901.62,258.4,99
2026-10-06T23:02:27.040935+00:00,btc-updown-5m-1791327900,5,5347133,32294473707853753238186817884030981880204412218147879636107038991589969323212,2026-10-06T23:05:00+00:00,2026-10-06T23:10:00+00:00,7.55,0.5,0.51,0.505,0.01,90.46,291.53,99
2026-10-06T23:02:27.040935+00:00,btc-updown-15m-1791327600,15,5347113,77107142914493993532903343952870585956369144706697063864428200697248822859855,2026-10-06T23:00:00+00:00,2026-10-06T23:15:00+00:00,12.55,0.62,0.63,0.625,0.01,674.33,86.55,97
2026-10-06T23:02:27.040935+00:00,btc-updown-15m-1791328500,15,5347261,71543829338038083988858504596315461825220554385012843543110272898853197569134,2026-10-06T23:15:00+00:00,2026-10-06T23:30:00+00:00,27.55,0.5,0.51,0.505,0.01,284.81,95.0,99
2026-10-06T23:03:28.191497+00:00,btc-updown-5m-1791327600,5,5347083,14367937654203063994185021961843749501412166405794834315623834454948264723513,2026-10-06T23:00:00+00:00,2026-10-06T23:05:00+00:00,1.53,0.37,0.38,0.375,0.01,25.0,662.58,98
2026-10-06T23:03:28.191497+00:00,btc-updown-5m-1791327900,5,5347133,32294473707853753238186817884030981880204412218147879636107038991589969323212,2026-10-06T23:05:00+00:00,2026-10-06T23:10:00+00:00,6.53,0.5,0.51,0.505,0.01,62.46,271.92,99
2026-10-06T23:03:28.191497+00:00,btc-updown-15m-1791327600,15,5347113,77107142914493993532903343952870585956369144706697063864428200697248822859855,2026-10-06T23:00:00+00:00,2026-10-06T23:15:00+00:00,11.53,0.49,0.5,0.495,0.01,369.06,108.0,97
2026-10-06T23:03:28.191497+00:00,btc-updown-15m-1791328500,15,5347261,71543829338038083988858504596315461825220554385012843543110272898853197569134,2026-10-06T23:15:00+00:00,2026-10-06T23:30:00+00:00,26.53,0.5,0.51,0.505,0.01,284.81,146.02,99
2026-10-06T23:04:29.349251+00:00,btc-updown-5m-1791327600,5,5347083,14367937654203063994185021961843749501412166405794834315623834454948264723513,2026-10-06T23:00:00+00:00,2026-10-06T23:05:00+00:00,0.52,0.02,0.03,0.025,0.01,699.81,777.9,96
2026-10-06T23:04:29.349251+00:00,btc-updown-5m-1791327900,5,5347133,32294473707853753238186817884030981880204412218147879636107038991589969323212,2026-10-06T23:05:00+00:00,2026-10-06T23:10:00+00:00,5.52,0.5,0.51,0.505,0.01,624.36,5.0,99
2026-10-06T23:04:29.349251+00:00,btc-updown-15m-1791327600,15,5347113,77107142914493993532903343952870585956369144706697063864428200697248822859855,2026-10-06T23:00:00+00:00,2026-10-06T23:15:00+00:00,10.52,0.48,0.49,0.485,0.01,113.42,320.9,97
2026-10-06T23:04:29.349251+00:00,btc-updown-15m-1791328500,15,5347261,71543829338038083988858504596315461825220554385012843543110272898853197569134,2026-10-06T23:15:00+00:00,2026-10-06T23:30:00+00:00,25.52,0.5,0.51,0.505,0.01,284.81,146.02,99
2026-10-06T23:05:30.795116+00:00,btc-updown-5m-1791327900,5,5347133,32294473707853753238186817884030981880204412218147879636107038991589969323212,2026-10-06T23:05:00+00:00,2026-10-06T23:10:00+00:00,4.5,0.22,0.23,0.225,0.01,669.63,325.83,99
2026-10-06T23:05:30.795116+00:00,btc-updown-5m-1791328200,5,5347192,40318140570714443385273310729929001817719258965634653664587595090640452659940,2026-10-06T23:10:00+00:00,2026-10-06T23:15:00+00:00,9.5,0.5,0.51,0.505,0.01,82.69,270.53,99
2026-10-06T23:05:30.795116+00:00,btc-updown-15m-1791327600,15,5347113,77107142914493993532903343952870585956369144706697063864428200697248822859855,2026-10-06T23:00:00+00:00,2026-10-06T23:15:00+00:00,9.5,0.33,0.34,0.335,0.01,10.0,475.68,94
2026-10-06T23:05:30.795116+00:00,btc-updown-15m-1791328500,15,5347261,71543829338038083988858504596315461825220554385012843543110272898853197569134,2026-10-06T23:15:00+00:00,2026-10-06T23:30:00+00:00,24.5,0.5,0.51,0.505,0.01,289.81,100.0,99
2026-10-06T23:06:32.220016+00:00,btc-updown-5m-1791327900,5,5347133,32294473707853753238186817884030981880204412218147879636107038991589969323212,2026-10-06T23:05:00+00:00,2026-10-06T23:10:00+00:00,3.47,0.11,0.12,0.115,0.01,200.1,825.0,99
2026-10-06T23:06:32.220016+00:00,btc-updown-5m-1791328200,5,5347192,40318140570714443385273310729929001817719258965634653664587595090640452659940,2026-10-06T23:10:00+00:00,2026-10-06T23:15:00+00:00,8.47,0.5,0.51,0.505,0.01,92.69,298.56,99
2026-10-06T23:06:32.220016+00:00,btc-updown-15m-1791327600,15,5347113,77107142914493993532903343952870585956369144706697063864428200697248822859855,2026-10-06T23:00:00+00:00,2026-10-06T23:15:00+00:00,8.47,0.24,0.25,0.245,0.01,370.69,219.89,94
2026-10-06T23:06:32.220016+00:00,btc-updown-15m-1791328500,15,5347261,71543829338038083988858504596315461825220554385012843543110272898853197569134,2026-10-06T23:15:00+00:00,2026-10-06T23:30:00+00:00,23.47,0.5,0.51,0.505,0.01,369.81,100.0,99
2026-10-06T23:07:33.359201+00:00,btc-updown-5m-1791327900,5,5347133,32294473707853753238186817884030981880204412218147879636107038991589969323212,2026-10-06T23:05:00+00:00,2026-10-06T23:10:00+00:00,2.45,0.08,0.09,0.085,0.01,526.59,300.64,99
2026-10-06T23:07:33.359201+00:00,btc-updown-5m-1791328200,5,5347192,40318140570714443385273310729929001817719258965634653664587595090640452659940,2026-10-06T23:10:00+00:00,2026-10-06T23:15:00+00:00,7.45,0.5,0.51,0.505,0.01,36.16,269.14,99
2026-10-06T23:07:33.359201+00:00,btc-updown-15m-1791327600,15,5347113,77107142914493993532903343952870585956369144706697063864428200697248822859855,2026-10-06T23:00:00+00:00,2026-10-06T23:15:00+00:00,7.45,0.31,0.32,0.315,0.01,478.13,345.52,92
2026-10-06T23:07:33.359201+00:00,btc-updown-15m-1791328500,15,5347261,71543829338038083988858504596315461825220554385012843543110272898853197569134,2026-10-06T23:15:00+00:00,2026-10-06T23:30:00+00:00,22.45,0.5,0.51,0.505,0.01,439.81,100.0,99
2026-10-06T23:08:34.484539+00:00,btc-updown-5m-1791327900,5,5347133,32294473707853753238186817884030981880204412218147879636107038991589969323212,2026-10-06T23:05:00+00:00,2026-10-06T23:10:00+00:00,1.43,0.05,0.06,0.055,0.01,25.38,502.35,99
2026-10-06T23:08:34.484539+00:00,btc-updown-5m-1791328200,5,5347192,40318140570714443385273310729929001817719258965634653664587595090640452659940,2026-10-06T23:10:00+00:00,2026-10-06T23:15:00+00:00,6.43,0.49,0.5,0.495,0.01,195.6,10.0,99
2026-10-06T23:08:34.484539+00:00,btc-updown-15m-1791327600,15,5347113,77107142914493993532903343952870585956369144706697063864428200697248822859855,2026-10-06T23:00:00+00:00,2026-10-06T23:15:00+00:00,6.43,0.32,0.33,0.325,0.01,70.0,870.75,94
2026-10-06T23:08:34.484539+00:00,btc-updown-15m-1791328500,15,5347261,71543829338038083988858504596315461825220554385012843543110272898853197569134,2026-10-06T23:15:00+00:00,2026-10-06T23:30:00+00:00,21.43,0.5,0.51,0.505,0.01,309.81,100.0,99
2026-10-06T23:09:35.597354+00:00,btc-updown-5m-1791328200,5,5347192,40318140570714443385273310729929001817719258965634653664587595090640452659940,2026-10-06T23:10:00+00:00,2026-10-06T23:15:00+00:00,5.42,0.5,0.51,0.505,0.01,265.5,45.79,99
2026-10-06T23:09:35.597354+00:00,btc-updown-15m-1791327600,15,5347113,77107142914493993532903343952870585956369144706697063864428200697248822859855,2026-10-06T23:00:00+00:00,2026-10-06T23:15:00+00:00,5.42,0.31,0.32,0.315,0.01,6352.24,190.0,92
2026-10-06T23:09:35.597354+00:00,btc-updown-15m-1791328500,15,5347261,71543829338038083988858504596315461825220554385012843543110272898853197569134,2026-10-06T23:15:00+00:00,2026-10-06T23:30:00+00:00,20.42,0.5,0.51,0.505,0.01,384.81,85.02,99
2026-10-06T23:10:36.625026+00:00,btc-updown-5m-1791328200,5,5347192,40318140570714443385273310729929001817719258965634653664587595090640452659940,2026-10-06T23:10:00+00:00,2026-10-06T23:15:00+00:00,4.4,0.8,0.81,0.805,0.01,979.46,63.76,99
2026-10-06T23:10:36.625026+00:00,btc-updown-5m-1791328500,5,5347273,97035831662898043728164626703894110803495196804800354960352173729286278269629,2026-10-06T23:15:00+00:00,2026-10-06T23:20:00+00:00,9.4,0.5,0.51,0.505,0.01,117.34,470.09,99
2026-10-06T23:10:36.625026+00:00,btc-updown-15m-1791327600,15,5347113,77107142914493993532903343952870585956369144706697063864428200697248822859855,2026-10-06T23:00:00+00:00,2026-10-06T23:15:00+00:00,4.4,0.5,0.51,0.505,0.01,964.93,5.83,90
2026-10-06T23:10:36.625026+00:00,btc-updown-15m-1791328500,15,5347261,71543829338038083988858504596315461825220554385012843543110272898853197569134,2026-10-06T23:15:00+00:00,2026-10-06T23:30:00+00:00,19.4,0.5,0.51,0.505,0.01,364.81,85.02,99
2026-10-06T23:11:37.883439+00:00,btc-updown-5m-1791328200,5,5347192,40318140570714443385273310729929001817719258965634653664587595090640452659940,2026-10-06T23:10:00+00:00,2026-10-06T23:15:00+00:00,3.38,0.88,0.89,0.885,0.01,316.0,436.76,99
2026-10-06T23:11:37.883439+00:00,btc-updown-5m-1791328500,5,5347273,97035831662898043728164626703894110803495196804800354960352173729286278269629,2026-10-06T23:15:00+00:00,2026-10-06T23:20:00+00:00,8.38,0.5,0.51,0.505,0.01,117.34,405.68,99
2026-10-06T23:11:37.883439+00:00,btc-updown-15m-1791327600,15,5347113,77107142914493993532903343952870585956369144706697063864428200697248822859855,2026-10-06T23:00:00+00:00,2026-10-06T23:15:00+00:00,3.38,0.47,0.48,0.475,0.01,10.0,1522.9,94
2026-10-06T23:11:37.883439+00:00,btc-updown-15m-1791328500,15,5347261,71543829338038083988858504596315461825220554385012843543110272898853197569134,2026-10-06T23:15:00+00:00,2026-10-06T23:30:00+00:00,18.38,0.5,0.51,0.505,0.01,329.9,110.02,99
2026-10-06T23:12:39.057220+00:00,btc-updown-5m-1791328200,5,5347192,40318140570714443385273310729929001817719258965634653664587595090640452659940,2026-10-06T23:10:00+00:00,2026-10-06T23:15:00+00:00,2.35,0.92,0.93,0.925,0.01,353.6,48.43,99
2026-10-06T23:12:39.057220+00:00,btc-updown-5m-1791328500,5,5347273,97035831662898043728164626703894110803495196804800354960352173729286278269629,2026-10-06T23:15:00+00:00,2026-10-06T23:20:00+00:00,7.35,0.5,0.51,0.505,0.01,80.69,386.07,99
2026-10-06T23:12:39.057220+00:00,btc-updown-15m-1791327600,15,5347113,77107142914493993532903343952870585956369144706697063864428200697248822859855,2026-10-06T23:00:00+00:00,2026-10-06T23:15:00+00:00,2.35,0.37,0.38,0.375,0.01,641.24,80.0,95
2026-10-06T23:12:39.057220+00:00,btc-updown-15m-1791328500,15,5347261,71543829338038083988858504596315461825220554385012843543110272898853197569134,2026-10-06T23:15:00+00:00,2026-10-06T23:30:00+00:00,17.35,0.5,0.51,0.505,0.01,304.81,160.02,99
2026-10-06T23:13:40.198751+00:00,btc-updown-5m-1791328200,5,5347192,40318140570714443385273310729929001817719258965634653664587595090640452659940,2026-10-06T23:10:00+00:00,2026-10-06T23:15:00+00:00,1.33,0.98,0.99,0.985,0.01,1269.03,1318.32,99
2026-10-06T23:13:40.198751+00:00,btc-updown-5m-1791328500,5,5347273,97035831662898043728164626703894110803495196804800354960352173729286278269629,2026-10-06T23:15:00+00:00,2026-10-06T23:20:00+00:00,6.33,0.5,0.51,0.505,0.01,10.0,260.65,99
2026-10-06T23:13:40.198751+00:00,btc-updown-15m-1791327600,15,5347113,77107142914493993532903343952870585956369144706697063864428200697248822859855,2026-10-06T23:00:00+00:00,2026-10-06T23:15:00+00:00,1.33,0.34,0.35,0.345,0.01,80.0,586.56,84
2026-10-06T23:13:40.198751+00:00,btc-updown-15m-1791328500,15,5347261,71543829338038083988858504596315461825220554385012843543110272898853197569134,2026-10-06T23:15:00+00:00,2026-10-06T23:30:00+00:00,16.33,0.5,0.51,0.505,0.01,254.81,154.15,99
2026-10-06T23:14:41.309794+00:00,btc-updown-5m-1791328500,5,5347273,97035831662898043728164626703894110803495196804800354960352173729286278269629,2026-10-06T23:15:00+00:00,2026-10-06T23:20:00+00:00,5.32,0.48,0.49,0.485,0.01,15.07,252.8,99
2026-10-06T23:14:41.309794+00:00,btc-updown-15m-1791328500,15,5347261,71543829338038083988858504596315461825220554385012843543110272898853197569134,2026-10-06T23:15:00+00:00,2026-10-06T23:30:00+00:00,15.32,0.5,0.51,0.505,0.01,192.79,287.22,85
2026-10-06T23:15:42.259911+00:00,btc-updown-5m-1791328500,5,5347273,97035831662898043728164626703894110803495196804800354960352173729286278269629,2026-10-06T23:15:00+00:00,2026-10-06T23:20:00+00:00,4.3,0.42,0.43,0.425,0.01,1341.93,10.41,99
2026-10-06T23:15:42.259911+00:00,btc-updown-5m-1791328800,5,5347363,94068821420221915857084927102526283176989094651985674148398906007707334310192,2026-10-06T23:20:00+00:00,2026-10-06T23:25:00+00:00,9.3,0.5,0.51,0.505,0.01,154.43,418.14,99
2026-10-06T23:15:42.259911+00:00,btc-updown-15m-1791328500,15,5347261,71543829338038083988858504596315461825220554385012843543110272898853197569134,2026-10-06T23:15:00+00:00,2026-10-06T23:30:00+00:00,14.3,0.48,0.49,0.485,0.01,371.88,312.3,98
2026-10-06T23:15:42.259911+00:00,btc-updown-15m-1791329400,15,5347495,50827801111873973358510704911599951355634842515989457524705957374059134180639,2026-10-06T23:30:00+00:00,2026-10-06T23:45:00+00:00,29.3,0.49,0.5,0.495,0.01,656.53,199.64,99
2026-10-06T23:16:43.567628+00:00,btc-updown-5m-1791328500,5,5347273,97035831662898043728164626703894110803495196804800354960352173729286278269629,2026-10-06T23:15:00+00:00,2026-10-06T23:20:00+00:00,3.28,0.17,0.18,0.175,0.01,447.23,199.22,99
2026-10-06T23:16:43.567628+00:00,btc-updown-5m-1791328800,5,5347363,94068821420221915857084927102526283176989094651985674148398906007707334310192,2026-10-06T23:20:00+00:00,2026-10-06T23:25:00+00:00,8.28,0.5,0.51,0.505,0.01,159.43,403.52,99
2026-10-06T23:16:43.567628+00:00,btc-updown-15m-1791328500,15,5347261,71543829338038083988858504596315461825220554385012843543110272898853197569134,2026-10-06T23:15:00+00:00,2026-10-06T23:30:00+00:00,13.28,0.36,0.37,0.365,0.01,732.0,99.0,97
2026-10-06T23:16:43.567628+00:00,btc-updown-15m-1791329400,15,5347495,50827801111873973358510704911599951355634842515989457524705957374059134180639,2026-10-06T23:30:00+00:00,2026-10-06T23:45:00+00:00,28.28,0.49,0.5,0.495,0.01,656.53,199.64,99
2026-10-06T23:17:44.710713+00:00,btc-updown-5m-1791328500,5,5347273,97035831662898043728164626703894110803495196804800354960352173729286278269629,2026-10-06T23:15:00+00:00,2026-10-06T23:20:00+00:00,2.27,0.07,0.08,0.075,0.01,570.1,220.79,99
2026-10-06T23:17:44.710713+00:00,btc-updown-5m-1791328800,5,5347363,94068821420221915857084927102526283176989094651985674148398906007707334310192,2026-10-06T23:20:00+00:00,2026-10-06T23:25:00+00:00,7.27,0.5,0.51,0.505,0.01,291.9,381.94,99
2026-10-06T23:17:44.710713+00:00,btc-updown-15m-1791328500,15,5347261,71543829338038083988858504596315461825220554385012843543110272898853197569134,2026-10-06T23:15:00+00:00,2026-10-06T23:30:00+00:00,12.27,0.3,0.31,0.305,0.01,2389.84,115.0,96
2026-10-06T23:17:44.710713+00:00,btc-updown-15m-1791329400,15,5347495,50827801111873973358510704911599951355634842515989457524705957374059134180639,2026-10-06T23:30:00+00:00,2026-10-06T23:45:00+00:00,27.27,0.49,0.5,0.495,0.01,806.53,199.64,99
2026-10-06T23:18:45.837503+00:00,btc-updown-5m-1791328500,5,5347273,97035831662898043728164626703894110803495196804800354960352173729286278269629,2026-10-06T23:15:00+00:00,2026-10-06T23:20:00+00:00,1.25,0.06,0.07,0.065,0.01,250.89,380.22,99
2026-10-06T23:18:45.837503+00:00,btc-updown-5m-1791328800,5,5347363,94068821420221915857084927102526283176989094651985674148398906007707334310192,2026-10-06T23:20:00+00:00,2026-10-06T23:25:00+00:00,6.25,0.52,0.53,0.525,0.01,0.17,64.92,99
2026-10-06T23:18:45.837503+00:00,btc-updown-15m-1791328500,15,5347261,71543829338038083988858504596315461825220554385012843543110272898853197569134,2026-10-06T23:15:00+00:00,2026-10-06T23:30:00+00:00,11.25,0.39,0.4,0.395,0.01,982.29,825.38,97
2026-10-06T23:18:45.837503+00:00,btc-updown-15m-1791329400,15,5347495,50827801111873973358510704911599951355634842515989457524705957374059134180639,2026-10-06T23:30:00+00:00,2026-10-06T23:45:00+00:00,26.25,0.49,0.5,0.495,0.01,806.53,199.64,99
2026-10-06T23:19:46.996734+00:00,btc-updown-5m-1791328800,5,5347363,94068821420221915857084927102526283176989094651985674148398906007707334310192,2026-10-06T23:20:00+00:00,2026-10-06T23:25:00+00:00,5.23,0.59,0.6,0.595,0.01,98.85,631.62,99
2026-10-06T23:19:46.996734+00:00,btc-updown-15m-1791328500,15,5347261,71543829338038083988858504596315461825220554385012843543110272898853197569134,2026-10-06T23:15:00+00:00,2026-10-06T23:30:00+00:00,10.23,0.42,0.43,0.425,0.01,304.84,535.51,98
2026-10-06T23:19:46.996734+00:00,btc-updown-15m-1791329400,15,5347495,50827801111873973358510704911599951355634842515989457524705957374059134180639,2026-10-06T23:30:00+00:00,2026-10-06T23:45:00+00:00,25.23,0.49,0.5,0.495,0.01,806.53,199.64,99
2026-10-06T23:20:48.023688+00:00,btc-updown-5m-1791328800,5,5347363,94068821420221915857084927102526283176989094651985674148398906007707334310192,2026-10-06T23:20:00+00:00,2026-10-06T23:25:00+00:00,4.2,0.77,0.78,0.775,0.01,171.2,1552.12,99
2026-10-06T23:20:48.023688+00:00,btc-updown-5m-1791329100,5,5347470,108403415760128903869902565455536525358304407567627064196205390987085639823490,2026-10-06T23:25:00+00:00,2026-10-06T23:30:00+00:00,9.2,0.5,0.51,0.505,0.01,351.58,416.44,99
2026-10-06T23:20:48.023688+00:00,btc-updown-15m-1791328500,15,5347261,71543829338038083988858504596315461825220554385012843543110272898853197569134,2026-10-06T23:15:00+00:00,2026-10-06T23:30:00+00:00,9.2,0.47,0.48,0.475,0.01,90.0,242.3,98
2026-10-06T23:20:48.023688+00:00,btc-updown-15m-1791329400,15,5347495,50827801111873973358510704911599951355634842515989457524705957374059134180639,2026-10-06T23:30:00+00:00,2026-10-06T23:45:00+00:00,24.2,0.49,0.5,0.495,0.01,623.98,196.64,99
2026-10-06T23:21:49.347886+00:00,btc-updown-5m-1791328800,5,5347363,94068821420221915857084927102526283176989094651985674148398906007707334310192,2026-10-06T23:20:00+00:00,2026-10-06T23:25:00+00:00,3.18,0.96,0.97,0.965,0.01,513.09,802.27,99
2026-10-06T23:21:49.347886+00:00,btc-updown-5m-1791329100,5,5347470,108403415760128903869902565455536525358304407567627064196205390987085639823490,2026-10-06T23:25:00+00:00,2026-10-06T23:30:00+00:00,8.18,0.5,0.51,0.505,0.01,361.58,416.44,99
2026-10-06T23:21:49.347886+00:00,btc-updown-15m-1791328500,15,5347261,71543829338038083988858504596315461825220554385012843543110272898853197569134,2026-10-06T23:15:00+00:00,2026-10-06T23:30:00+00:00,8.18,0.69,0.7,0.695,0.01,48.74,2674.21,93
2026-10-06T23:21:49.347886+00:00,btc-updown-15m-1791329400,15,5347495,50827801111873973358510704911599951355634842515989457524705957374059134180639,2026-10-06T23:30:00+00:00,2026-10-06T23:45:00+00:00,23.18,0.49,0.5,0.495,0.01,623.98,196.64,99
2026-10-06T23:22:50.446851+00:00,btc-updown-5m-1791328800,5,5347363,94068821420221915857084927102526283176989094651985674148398906007707334310192,2026-10-06T23:20:00+00:00,2026-10-06T23:25:00+00:00,2.17,0.98,0.99,0.985,0.01,120.0,645.81,99
2026-10-06T23:22:50.446851+00:00,btc-updown-5m-1791329100,5,5347470,108403415760128903869902565455536525358304407567627064196205390987085639823490,2026-10-06T23:25:00+00:00,2026-10-06T23:30:00+00:00,7.17,0.5,0.51,0.505,0.01,225.05,426.44,99
2026-10-06T23:22:50.446851+00:00,btc-updown-15m-1791328500,15,5347261,71543829338038083988858504596315461825220554385012843543110272898853197569134,2026-10-06T23:15:00+00:00,2026-10-06T23:30:00+00:00,7.17,0.75,0.76,0.755,0.01,23.0,2283.86,94
2026-10-06T23:22:50.446851+00:00,btc-updown-15m-1791329400,15,5347495,50827801111873973358510704911599951355634842515989457524705957374059134180639,2026-10-06T23:30:00+00:00,2026-10-06T23:45:00+00:00,22.17,0.49,0.5,0.495,0.01,543.98,196.64,99
2026-10-06T23:23:51.579890+00:00,btc-updown-5m-1791329100,5,5347470,108403415760128903869902565455536525358304407567627064196205390987085639823490,2026-10-06T23:25:00+00:00,2026-10-06T23:30:00+00:00,6.15,0.5,0.51,0.505,0.01,207.33,397.02,99
2026-10-06T23:23:51.579890+00:00,btc-updown-15m-1791328500,15,5347261,71543829338038083988858504596315461825220554385012843543110272898853197569134,2026-10-06T23:15:00+00:00,2026-10-06T23:30:00+00:00,6.15,0.76,0.77,0.765,0.01,322.6,1628.4,93
2026-10-06T23:23:51.579890+00:00,btc-updown-15m-1791329400,15,5347495,50827801111873973358510704911599951355634842515989457524705957374059134180639,2026-10-06T23:30:00+00:00,2026-10-06T23:45:00+00:00,21.15,0.49,0.5,0.495,0.01,543.98,196.64,99
2026-10-06T23:24:52.611722+00:00,btc-updown-5m-1791329100,5,5347470,108403415760128903869902565455536525358304407567627064196205390987085639823490,2026-10-06T23:25:00+00:00,2026-10-06T23:30:00+00:00,5.13,0.58,0.59,0.585,0.01,180.39,307.25,99
2026-10-06T23:24:52.611722+00:00,btc-updown-15m-1791328500,15,5347261,71543829338038083988858504596315461825220554385012843543110272898853197569134,2026-10-06T23:15:00+00:00,2026-10-06T23:30:00+00:00,5.13,0.85,0.86,0.855,0.01,428.58,140.0,92
2026-10-06T23:24:52.611722+00:00,btc-updown-15m-1791329400,15,5347495,50827801111873973358510704911599951355634842515989457524705957374059134180639,2026-10-06T23:30:00+00:00,2026-10-06T23:45:00+00:00,20.13,0.49,0.5,0.495,0.01,503.98,196.64,99
2026-10-06T23:25:53.633757+00:00,btc-updown-5m-1791329100,5,5347470,108403415760128903869902565455536525358304407567627064196205390987085639823490,2026-10-06T23:25:00+00:00,2026-10-06T23:30:00+00:00,4.12,0.45,0.46,0.455,0.01,976.45,380.23,99
2026-10-06T23:25:53.633757+00:00,btc-updown-5m-1791329400,5,5347502,83356043927423376929815645166678902360983116163023734099661662966094799042303,2026-10-06T23:30:00+00:00,2026-10-06T23:35:00+00:00,9.12,0.5,0.51,0.505,0.01,102.38,503.14,99
2026-10-06T23:25:53.633757+00:00,btc-updown-15m-1791328500,15,5347261,71543829338038083988858504596315461825220554385012843543110272898853197569134,2026-10-06T23:15:00+00:00,2026-10-06T23:30:00+00:00,4.12,0.78,0.79,0.785,0.01,1269.26,894.22,94
2026-10-06T23:25:53.633757+00:00,btc-updown-15m-1791329400,15,5347495,50827801111873973358510704911599951355634842515989457524705957374059134180639,2026-10-06T23:30:00+00:00,2026-10-06T23:45:00+00:00,19.12,0.49,0.5,0.495,0.01,518.98,196.64,99
2026-10-06T23:26:54.823988+00:00,btc-updown-5m-1791329100,5,5347470,108403415760128903869902565455536525358304407567627064196205390987085639823490,2026-10-06T23:25:00+00:00,2026-10-06T23:30:00+00:00,3.1,0.38,0.39,0.385,0.01,41.58,1748.29,99
2026-10-06T23:26:54.823988+00:00,btc-updown-5m-1791329400,5,5347502,83356043927423376929815645166678902360983116163023734099661662966094799042303,2026-10-06T23:30:00+00:00,2026-10-06T23:35:00+00:00,8.1,0.5,0.51,0.505,0.01,92.38,639.14,99
2026-10-06T23:26:54.823988+00:00,btc-updown-15m-1791328500,15,5347261,71543829338038083988858504596315461825220554385012843543110272898853197569134,2026-10-06T23:15:00+00:00,2026-10-06T23:30:00+00:00,3.1,0.74,0.75,0.745,0.01,155.11,1163.42,89
2026-10-06T23:26:54.823988+00:00,btc-updown-15m-1791329400,15,5347495,50827801111873973358510704911599951355634842515989457524705957374059134180639,2026-10-06T23:30:00+00:00,2026-10-06T23:45:00+00:00,18.1,0.49,0.5,0.495,0.01,543.98,196.64,99
