captured_at,slug,interval_min,market_id,yes_token,window_start,window_end,minutes_left,best_bid,best_ask,mid,spread,bid_size,ask_size,book_levels
2026-08-31T00:00:05.899450+00:00,btc-updown-5m-1788134400,5,3987693,53102866453886821948981917697403540298499965136930693049026176241637980112109,2026-08-31T00:00:00+00:00,2026-08-31T00:05:00+00:00,4.92,0.33,0.34,0.335,0.01,203.22,103.28,99
2026-08-31T00:00:05.899450+00:00,btc-updown-5m-1788134700,5,3987713,36238915461361468347901367559238450988951181393685367172531330463097099870441,2026-08-31T00:05:00+00:00,2026-08-31T00:10:00+00:00,9.92,0.5,0.51,0.505,0.01,643.79,303.9,99
2026-08-31T00:00:05.899450+00:00,btc-updown-15m-1788134400,15,3987711,58586633452408075235938775057318465063370854813835103264431478483247525184327,2026-08-31T00:00:00+00:00,2026-08-31T00:15:00+00:00,14.92,0.41,0.42,0.415,0.01,75.52,60.0,99
2026-08-31T00:00:05.899450+00:00,btc-updown-15m-1788135300,15,3987778,16044625433901194375669286154936738899265175066539233464280488726236698188275,2026-08-31T00:15:00+00:00,2026-08-31T00:30:00+00:00,29.92,0.5,0.51,0.505,0.01,466.0,140.47,69
2026-08-31T00:01:06.791625+00:00,btc-updown-5m-1788134400,5,3987693,53102866453886821948981917697403540298499965136930693049026176241637980112109,2026-08-31T00:00:00+00:00,2026-08-31T00:05:00+00:00,3.9,0.17,0.18,0.175,0.01,142.84,132.8,99
2026-08-31T00:01:06.791625+00:00,btc-updown-5m-1788134700,5,3987713,36238915461361468347901367559238450988951181393685367172531330463097099870441,2026-08-31T00:05:00+00:00,2026-08-31T00:10:00+00:00,8.9,0.5,0.51,0.505,0.01,661.09,524.01,99
2026-08-31T00:01:06.791625+00:00,btc-updown-15m-1788134400,15,3987711,58586633452408075235938775057318465063370854813835103264431478483247525184327,2026-08-31T00:00:00+00:00,2026-08-31T00:15:00+00:00,13.9,0.32,0.33,0.325,0.01,171.09,22.78,99
2026-08-31T00:01:06.791625+00:00,btc-updown-15m-1788135300,15,3987778,16044625433901194375669286154936738899265175066539233464280488726236698188275,2026-08-31T00:15:00+00:00,2026-08-31T00:30:00+00:00,28.9,0.5,0.51,0.505,0.01,466.0,345.47,74
2026-08-31T00:02:07.694128+00:00,btc-updown-5m-1788134400,5,3987693,53102866453886821948981917697403540298499965136930693049026176241637980112109,2026-08-31T00:00:00+00:00,2026-08-31T00:05:00+00:00,2.88,0.45,0.46,0.455,0.01,244.5,100.0,99
2026-08-31T00:02:07.694128+00:00,btc-updown-5m-1788134700,5,3987713,36238915461361468347901367559238450988951181393685367172531330463097099870441,2026-08-31T00:05:00+00:00,2026-08-31T00:10:00+00:00,7.88,0.5,0.51,0.505,0.01,659.09,510.2,99
2026-08-31T00:02:07.694128+00:00,btc-updown-15m-1788134400,15,3987711,58586633452408075235938775057318465063370854813835103264431478483247525184327,2026-08-31T00:00:00+00:00,2026-08-31T00:15:00+00:00,12.88,0.51,0.52,0.515,0.01,36.36,53.0,99
2026-08-31T00:02:07.694128+00:00,btc-updown-15m-1788135300,15,3987778,16044625433901194375669286154936738899265175066539233464280488726236698188275,2026-08-31T00:15:00+00:00,2026-08-31T00:30:00+00:00,27.88,0.5,0.51,0.505,0.01,466.0,345.47,77
2026-08-31T00:03:08.606057+00:00,btc-updown-5m-1788134400,5,3987693,53102866453886821948981917697403540298499965136930693049026176241637980112109,2026-08-31T00:00:00+00:00,2026-08-31T00:05:00+00:00,1.87,0.52,0.53,0.525,0.01,25.0,20.0,99
2026-08-31T00:03:08.606057+00:00,btc-updown-5m-1788134700,5,3987713,36238915461361468347901367559238450988951181393685367172531330463097099870441,2026-08-31T00:05:00+00:00,2026-08-31T00:10:00+00:00,6.87,0.5,0.51,0.505,0.01,141.91,511.29,99
2026-08-31T00:03:08.606057+00:00,btc-updown-15m-1788134400,15,3987711,58586633452408075235938775057318465063370854813835103264431478483247525184327,2026-08-31T00:00:00+00:00,2026-08-31T00:15:00+00:00,11.87,0.55,0.56,0.555,0.01,20.0,96.94,99
2026-08-31T00:03:08.606057+00:00,btc-updown-15m-1788135300,15,3987778,16044625433901194375669286154936738899265175066539233464280488726236698188275,2026-08-31T00:15:00+00:00,2026-08-31T00:30:00+00:00,26.87,0.5,0.51,0.505,0.01,346.0,345.47,77
2026-08-31T00:04:09.487986+00:00,btc-updown-5m-1788134400,5,3987693,53102866453886821948981917697403540298499965136930693049026176241637980112109,2026-08-31T00:00:00+00:00,2026-08-31T00:05:00+00:00,0.85,0.93,0.94,0.935,0.01,295.01,8.93,99
2026-08-31T00:04:09.487986+00:00,btc-updown-5m-1788134700,5,3987713,36238915461361468347901367559238450988951181393685367172531330463097099870441,2026-08-31T00:05:00+00:00,2026-08-31T00:10:00+00:00,5.85,0.5,0.51,0.505,0.01,47.53,233.08,99
2026-08-31T00:04:09.487986+00:00,btc-updown-15m-1788134400,15,3987711,58586633452408075235938775057318465063370854813835103264431478483247525184327,2026-08-31T00:00:00+00:00,2026-08-31T00:15:00+00:00,10.85,0.59,0.6,0.595,0.01,151.96,25.0,99
2026-08-31T00:04:09.487986+00:00,btc-updown-15m-1788135300,15,3987778,16044625433901194375669286154936738899265175066539233464280488726236698188275,2026-08-31T00:15:00+00:00,2026-08-31T00:30:00+00:00,25.85,0.5,0.51,0.505,0.01,313.68,260.0,77
2026-08-31T00:05:10.382169+00:00,btc-updown-5m-1788134700,5,3987713,36238915461361468347901367559238450988951181393685367172531330463097099870441,2026-08-31T00:05:00+00:00,2026-08-31T00:10:00+00:00,4.83,0.59,0.6,0.595,0.01,155.0,38.0,99
2026-08-31T00:05:10.382169+00:00,btc-updown-5m-1788135000,5,3987732,111639650923597352604137472005400239229888001726690281631827881067080047338191,2026-08-31T00:10:00+00:00,2026-08-31T00:15:00+00:00,9.83,0.5,0.51,0.505,0.01,472.0,342.91,99
2026-08-31T00:05:10.382169+00:00,btc-updown-15m-1788134400,15,3987711,58586633452408075235938775057318465063370854813835103264431478483247525184327,2026-08-31T00:00:00+00:00,2026-08-31T00:15:00+00:00,9.83,0.66,0.67,0.665,0.01,160.0,160.71,99
2026-08-31T00:05:10.382169+00:00,btc-updown-15m-1788135300,15,3987778,16044625433901194375669286154936738899265175066539233464280488726236698188275,2026-08-31T00:15:00+00:00,2026-08-31T00:30:00+00:00,24.83,0.5,0.51,0.505,0.01,203.68,260.0,76
2026-08-31T00:06:11.277448+00:00,btc-updown-5m-1788134700,5,3987713,36238915461361468347901367559238450988951181393685367172531330463097099870441,2026-08-31T00:05:00+00:00,2026-08-31T00:10:00+00:00,3.82,0.43,0.44,0.435,0.01,15.0,35.0,99
2026-08-31T00:06:11.277448+00:00,btc-updown-5m-1788135000,5,3987732,111639650923597352604137472005400239229888001726690281631827881067080047338191,2026-08-31T00:10:00+00:00,2026-08-31T00:15:00+00:00,8.82,0.5,0.51,0.505,0.01,457.8,295.69,99
2026-08-31T00:06:11.277448+00:00,btc-updown-15m-1788134400,15,3987711,58586633452408075235938775057318465063370854813835103264431478483247525184327,2026-08-31T00:00:00+00:00,2026-08-31T00:15:00+00:00,8.82,0.56,0.57,0.565,0.01,94.53,75.0,99
2026-08-31T00:06:11.277448+00:00,btc-updown-15m-1788135300,15,3987778,16044625433901194375669286154936738899265175066539233464280488726236698188275,2026-08-31T00:15:00+00:00,2026-08-31T00:30:00+00:00,23.82,0.5,0.51,0.505,0.01,293.68,310.0,76
2026-08-31T00:07:12.172218+00:00,btc-updown-5m-1788134700,5,3987713,36238915461361468347901367559238450988951181393685367172531330463097099870441,2026-08-31T00:05:00+00:00,2026-08-31T00:10:00+00:00,2.8,0.06,0.07,0.065,0.01,183.82,188.73,99
2026-08-31T00:07:12.172218+00:00,btc-updown-5m-1788135000,5,3987732,111639650923597352604137472005400239229888001726690281631827881067080047338191,2026-08-31T00:10:00+00:00,2026-08-31T00:15:00+00:00,7.8,0.5,0.51,0.505,0.01,457.71,232.58,99
2026-08-31T00:07:12.172218+00:00,btc-updown-15m-1788134400,15,3987711,58586633452408075235938775057318465063370854813835103264431478483247525184327,2026-08-31T00:00:00+00:00,2026-08-31T00:15:00+00:00,7.8,0.24,0.25,0.245,0.01,6209.5,13.0,99
2026-08-31T00:07:12.172218+00:00,btc-updown-15m-1788135300,15,3987778,16044625433901194375669286154936738899265175066539233464280488726236698188275,2026-08-31T00:15:00+00:00,2026-08-31T00:30:00+00:00,22.8,0.5,0.51,0.505,0.01,363.68,310.0,78
2026-08-31T00:08:13.069425+00:00,btc-updown-5m-1788135000,5,3987732,111639650923597352604137472005400239229888001726690281631827881067080047338191,2026-08-31T00:10:00+00:00,2026-08-31T00:15:00+00:00,6.78,0.5,0.51,0.505,0.01,17.91,86.28,99
2026-08-31T00:08:13.069425+00:00,btc-updown-15m-1788134400,15,3987711,58586633452408075235938775057318465063370854813835103264431478483247525184327,2026-08-31T00:00:00+00:00,2026-08-31T00:15:00+00:00,6.78,0.12,0.13,0.125,0.01,50.0,240.74,99
2026-08-31T00:08:13.069425+00:00,btc-updown-15m-1788135300,15,3987778,16044625433901194375669286154936738899265175066539233464280488726236698188275,2026-08-31T00:15:00+00:00,2026-08-31T00:30:00+00:00,21.78,0.5,0.51,0.505,0.01,363.68,210.0,78
2026-08-31T00:09:13.857948+00:00,btc-updown-5m-1788135000,5,3987732,111639650923597352604137472005400239229888001726690281631827881067080047338191,2026-08-31T00:10:00+00:00,2026-08-31T00:15:00+00:00,5.78,0.5,0.51,0.505,0.01,10.0,104.0,99
2026-08-31T00:09:13.857948+00:00,btc-updown-15m-1788134400,15,3987711,58586633452408075235938775057318465063370854813835103264431478483247525184327,2026-08-31T00:00:00+00:00,2026-08-31T00:15:00+00:00,5.78,0.07,0.08,0.075,0.01,165.6,233.0,99
2026-08-31T00:09:13.857948+00:00,btc-updown-15m-1788135300,15,3987778,16044625433901194375669286154936738899265175066539233464280488726236698188275,2026-08-31T00:15:00+00:00,2026-08-31T00:30:00+00:00,20.78,0.5,0.51,0.505,0.01,413.68,220.0,78
2026-08-31T00:10:14.642320+00:00,btc-updown-5m-1788135000,5,3987732,111639650923597352604137472005400239229888001726690281631827881067080047338191,2026-08-31T00:10:00+00:00,2026-08-31T00:15:00+00:00,4.77,0.5,0.51,0.505,0.01,156.98,301.74,99
2026-08-31T00:10:14.642320+00:00,btc-updown-5m-1788135300,5,3987777,113527786348021147850838461797228918801555223557606531473681867860347788894648,2026-08-31T00:15:00+00:00,2026-08-31T00:20:00+00:00,9.77,0.51,0.52,0.515,0.01,121.93,82.91,99
2026-08-31T00:10:14.642320+00:00,btc-updown-15m-1788134400,15,3987711,58586633452408075235938775057318465063370854813835103264431478483247525184327,2026-08-31T00:00:00+00:00,2026-08-31T00:15:00+00:00,4.77,0.03,0.04,0.035,0.01,443.7,63.5,99
2026-08-31T00:10:14.642320+00:00,btc-updown-15m-1788135300,15,3987778,16044625433901194375669286154936738899265175066539233464280488726236698188275,2026-08-31T00:15:00+00:00,2026-08-31T00:30:00+00:00,19.77,0.5,0.51,0.505,0.01,418.68,335.48,81
2026-08-31T00:11:15.532504+00:00,btc-updown-5m-1788135000,5,3987732,111639650923597352604137472005400239229888001726690281631827881067080047338191,2026-08-31T00:10:00+00:00,2026-08-31T00:15:00+00:00,3.75,0.59,0.6,0.595,0.01,162.0,70.0,99
2026-08-31T00:11:15.532504+00:00,btc-updown-5m-1788135300,5,3987777,113527786348021147850838461797228918801555223557606531473681867860347788894648,2026-08-31T00:15:00+00:00,2026-08-31T00:20:00+00:00,8.75,0.51,0.52,0.515,0.01,64.2,115.76,99
2026-08-31T00:11:15.532504+00:00,btc-updown-15m-1788134400,15,3987711,58586633452408075235938775057318465063370854813835103264431478483247525184327,2026-08-31T00:00:00+00:00,2026-08-31T00:15:00+00:00,3.75,0.03,0.04,0.035,0.01,290.0,20.29,99
2026-08-31T00:11:15.532504+00:00,btc-updown-15m-1788135300,15,3987778,16044625433901194375669286154936738899265175066539233464280488726236698188275,2026-08-31T00:15:00+00:00,2026-08-31T00:30:00+00:00,18.75,0.5,0.51,0.505,0.01,487.8,331.36,87
2026-08-31T00:12:16.457889+00:00,btc-updown-5m-1788135000,5,3987732,111639650923597352604137472005400239229888001726690281631827881067080047338191,2026-08-31T00:10:00+00:00,2026-08-31T00:15:00+00:00,2.73,0.87,0.88,0.875,0.01,307.0,4.19,99
2026-08-31T00:12:16.457889+00:00,btc-updown-5m-1788135300,5,3987777,113527786348021147850838461797228918801555223557606531473681867860347788894648,2026-08-31T00:15:00+00:00,2026-08-31T00:20:00+00:00,7.73,0.52,0.53,0.525,0.01,82.0,285.02,99
2026-08-31T00:12:16.457889+00:00,btc-updown-15m-1788134400,15,3987711,58586633452408075235938775057318465063370854813835103264431478483247525184327,2026-08-31T00:00:00+00:00,2026-08-31T00:15:00+00:00,2.73,0.06,0.07,0.065,0.01,8.0,150.0,112
2026-08-31T00:12:16.457889+00:00,btc-updown-15m-1788135300,15,3987778,16044625433901194375669286154936738899265175066539233464280488726236698188275,2026-08-31T00:15:00+00:00,2026-08-31T00:30:00+00:00,17.73,0.5,0.51,0.505,0.01,487.8,321.55,87
2026-08-31T00:13:17.348314+00:00,btc-updown-5m-1788135300,5,3987777,113527786348021147850838461797228918801555223557606531473681867860347788894648,2026-08-31T00:15:00+00:00,2026-08-31T00:20:00+00:00,6.72,0.52,0.53,0.525,0.01,15.41,278.69,99
2026-08-31T00:13:17.348314+00:00,btc-updown-15m-1788134400,15,3987711,58586633452408075235938775057318465063370854813835103264431478483247525184327,2026-08-31T00:00:00+00:00,2026-08-31T00:15:00+00:00,1.72,0.21,0.22,0.215,0.01,6.0,63.87,113
2026-08-31T00:13:17.348314+00:00,btc-updown-15m-1788135300,15,3987778,16044625433901194375669286154936738899265175066539233464280488726236698188275,2026-08-31T00:15:00+00:00,2026-08-31T00:30:00+00:00,16.72,0.5,0.51,0.505,0.01,301.8,311.74,87
2026-08-31T00:14:18.127474+00:00,btc-updown-5m-1788135300,5,3987777,113527786348021147850838461797228918801555223557606531473681867860347788894648,2026-08-31T00:15:00+00:00,2026-08-31T00:20:00+00:00,5.7,0.51,0.52,0.515,0.01,327.15,20.0,99
2026-08-31T00:14:18.127474+00:00,btc-updown-15m-1788134400,15,3987711,58586633452408075235938775057318465063370854813835103264431478483247525184327,2026-08-31T00:00:00+00:00,2026-08-31T00:15:00+00:00,0.7,0.97,0.98,0.975,0.01,95.0,70.0,108
2026-08-31T00:14:18.127474+00:00,btc-updown-15m-1788135300,15,3987778,16044625433901194375669286154936738899265175066539233464280488726236698188275,2026-08-31T00:15:00+00:00,2026-08-31T00:30:00+00:00,15.7,0.5,0.51,0.505,0.01,271.8,259.44,88
2026-08-31T00:15:18.934355+00:00,btc-updown-5m-1788135300,5,3987777,113527786348021147850838461797228918801555223557606531473681867860347788894648,2026-08-31T00:15:00+00:00,2026-08-31T00:20:00+00:00,4.7,0.54,0.55,0.545,0.01,509.0,88.58,99
2026-08-31T00:15:18.934355+00:00,btc-updown-5m-1788135600,5,3987790,55587887629002893055983090426535791975565288707931846725554432010979209731874,2026-08-31T00:20:00+00:00,2026-08-31T00:25:00+00:00,9.7,0.5,0.51,0.505,0.01,622.96,371.97,99
2026-08-31T00:15:18.934355+00:00,btc-updown-15m-1788135300,15,3987778,16044625433901194375669286154936738899265175066539233464280488726236698188275,2026-08-31T00:15:00+00:00,2026-08-31T00:30:00+00:00,14.7,0.53,0.54,0.535,0.01,49.77,247.0,99
2026-08-31T00:15:18.934355+00:00,btc-updown-15m-1788136200,15,3987936,107850682242305397229188548783373274499243225271896595000395409735518443702094,2026-08-31T00:30:00+00:00,2026-08-31T00:45:00+00:00,29.7,0.5,0.51,0.505,0.01,219.72,434.54,89
2026-08-31T00:16:19.835806+00:00,btc-updown-5m-1788135300,5,3987777,113527786348021147850838461797228918801555223557606531473681867860347788894648,2026-08-31T00:15:00+00:00,2026-08-31T00:20:00+00:00,3.68,0.76,0.77,0.765,0.01,234.0,180.0,99
2026-08-31T00:16:19.835806+00:00,btc-updown-5m-1788135600,5,3987790,55587887629002893055983090426535791975565288707931846725554432010979209731874,2026-08-31T00:20:00+00:00,2026-08-31T00:25:00+00:00,8.68,0.5,0.51,0.505,0.01,673.76,427.39,99
2026-08-31T00:16:19.835806+00:00,btc-updown-15m-1788135300,15,3987778,16044625433901194375669286154936738899265175066539233464280488726236698188275,2026-08-31T00:15:00+00:00,2026-08-31T00:30:00+00:00,13.68,0.63,0.64,0.635,0.01,15.0,93.6,99
2026-08-31T00:16:19.835806+00:00,btc-updown-15m-1788136200,15,3987936,107850682242305397229188548783373274499243225271896595000395409735518443702094,2026-08-31T00:30:00+00:00,2026-08-31T00:45:00+00:00,28.68,0.5,0.51,0.505,0.01,419.72,549.54,88
2026-08-31T00:17:20.721444+00:00,btc-updown-5m-1788135300,5,3987777,113527786348021147850838461797228918801555223557606531473681867860347788894648,2026-08-31T00:15:00+00:00,2026-08-31T00:20:00+00:00,2.67,0.94,0.95,0.945,0.01,262.85,66.09,99
2026-08-31T00:17:20.721444+00:00,btc-updown-5m-1788135600,5,3987790,55587887629002893055983090426535791975565288707931846725554432010979209731874,2026-08-31T00:20:00+00:00,2026-08-31T00:25:00+00:00,7.67,0.5,0.51,0.505,0.01,613.76,253.17,99
2026-08-31T00:17:20.721444+00:00,btc-updown-15m-1788135300,15,3987778,16044625433901194375669286154936738899265175066539233464280488726236698188275,2026-08-31T00:15:00+00:00,2026-08-31T00:30:00+00:00,12.67,0.73,0.74,0.735,0.01,14.85,5236.45,99
2026-08-31T00:17:20.721444+00:00,btc-updown-15m-1788136200,15,3987936,107850682242305397229188548783373274499243225271896595000395409735518443702094,2026-08-31T00:30:00+00:00,2026-08-31T00:45:00+00:00,27.67,0.5,0.51,0.505,0.01,169.72,669.54,88
2026-08-31T00:18:21.612445+00:00,btc-updown-5m-1788135300,5,3987777,113527786348021147850838461797228918801555223557606531473681867860347788894648,2026-08-31T00:15:00+00:00,2026-08-31T00:20:00+00:00,1.65,0.97,0.98,0.975,0.01,74.24,614.3,99
2026-08-31T00:18:21.612445+00:00,btc-updown-5m-1788135600,5,3987790,55587887629002893055983090426535791975565288707931846725554432010979209731874,2026-08-31T00:20:00+00:00,2026-08-31T00:25:00+00:00,6.65,0.49,0.5,0.495,0.01,220.69,33.8,99
2026-08-31T00:18:21.612445+00:00,btc-updown-15m-1788135300,15,3987778,16044625433901194375669286154936738899265175066539233464280488726236698188275,2026-08-31T00:15:00+00:00,2026-08-31T00:30:00+00:00,11.65,0.73,0.74,0.735,0.01,55.63,2297.0,99
2026-08-31T00:18:21.612445+00:00,btc-updown-15m-1788136200,15,3987936,107850682242305397229188548783373274499243225271896595000395409735518443702094,2026-08-31T00:30:00+00:00,2026-08-31T00:45:00+00:00,26.65,0.5,0.51,0.505,0.01,169.72,669.54,88
2026-08-31T00:19:22.505058+00:00,btc-updown-5m-1788135600,5,3987790,55587887629002893055983090426535791975565288707931846725554432010979209731874,2026-08-31T00:20:00+00:00,2026-08-31T00:25:00+00:00,5.63,0.49,0.5,0.495,0.01,47.44,10.0,99
2026-08-31T00:19:22.505058+00:00,btc-updown-15m-1788135300,15,3987778,16044625433901194375669286154936738899265175066539233464280488726236698188275,2026-08-31T00:15:00+00:00,2026-08-31T00:30:00+00:00,10.63,0.75,0.76,0.755,0.01,27.31,121.54,99
2026-08-31T00:19:22.505058+00:00,btc-updown-15m-1788136200,15,3987936,107850682242305397229188548783373274499243225271896595000395409735518443702094,2026-08-31T00:30:00+00:00,2026-08-31T00:45:00+00:00,25.63,0.5,0.51,0.505,0.01,137.4,719.08,90
2026-08-31T00:20:23.288895+00:00,btc-updown-5m-1788135600,5,3987790,55587887629002893055983090426535791975565288707931846725554432010979209731874,2026-08-31T00:20:00+00:00,2026-08-31T00:25:00+00:00,4.62,0.52,0.53,0.525,0.01,320.0,61.0,99
2026-08-31T00:20:23.288895+00:00,btc-updown-5m-1788135900,5,3987916,106994936009085413743587505908056367703264237640936115933053538848525461541113,2026-08-31T00:25:00+00:00,2026-08-31T00:30:00+00:00,9.62,0.5,0.51,0.505,0.01,102.46,1158.03,99
2026-08-31T00:20:23.288895+00:00,btc-updown-15m-1788135300,15,3987778,16044625433901194375669286154936738899265175066539233464280488726236698188275,2026-08-31T00:15:00+00:00,2026-08-31T00:30:00+00:00,9.62,0.79,0.8,0.795,0.01,160.0,45.18,99
2026-08-31T00:20:23.288895+00:00,btc-updown-15m-1788136200,15,3987936,107850682242305397229188548783373274499243225271896595000395409735518443702094,2026-08-31T00:30:00+00:00,2026-08-31T00:45:00+00:00,24.62,0.5,0.51,0.505,0.01,137.4,719.08,90
2026-08-31T00:21:24.216974+00:00,btc-updown-5m-1788135600,5,3987790,55587887629002893055983090426535791975565288707931846725554432010979209731874,2026-08-31T00:20:00+00:00,2026-08-31T00:25:00+00:00,3.6,0.77,0.78,0.775,0.01,316.5,50.0,99
2026-08-31T00:21:24.216974+00:00,btc-updown-5m-1788135900,5,3987916,106994936009085413743587505908056367703264237640936115933053538848525461541113,2026-08-31T00:25:00+00:00,2026-08-31T00:30:00+00:00,8.6,0.5,0.51,0.505,0.01,102.46,1124.68,99
2026-08-31T00:21:24.216974+00:00,btc-updown-15m-1788135300,15,3987778,16044625433901194375669286154936738899265175066539233464280488726236698188275,2026-08-31T00:15:00+00:00,2026-08-31T00:30:00+00:00,8.6,0.88,0.89,0.885,0.01,96.93,108.31,99
2026-08-31T00:21:24.216974+00:00,btc-updown-15m-1788136200,15,3987936,107850682242305397229188548783373274499243225271896595000395409735518443702094,2026-08-31T00:30:00+00:00,2026-08-31T00:45:00+00:00,23.6,0.5,0.51,0.505,0.01,137.4,515.0,89
2026-08-31T00:22:25.134441+00:00,btc-updown-5m-1788135600,5,3987790,55587887629002893055983090426535791975565288707931846725554432010979209731874,2026-08-31T00:20:00+00:00,2026-08-31T00:25:00+00:00,2.58,0.81,0.82,0.815,0.01,217.99,166.16,99
2026-08-31T00:22:25.134441+00:00,btc-updown-5m-1788135900,5,3987916,106994936009085413743587505908056367703264237640936115933053538848525461541113,2026-08-31T00:25:00+00:00,2026-08-31T00:30:00+00:00,7.58,0.5,0.51,0.505,0.01,102.46,574.68,99
2026-08-31T00:22:25.134441+00:00,btc-updown-15m-1788135300,15,3987778,16044625433901194375669286154936738899265175066539233464280488726236698188275,2026-08-31T00:15:00+00:00,2026-08-31T00:30:00+00:00,7.58,0.88,0.89,0.885,0.01,163.0,10.0,99
2026-08-31T00:22:25.134441+00:00,btc-updown-15m-1788136200,15,3987936,107850682242305397229188548783373274499243225271896595000395409735518443702094,2026-08-31T00:30:00+00:00,2026-08-31T00:45:00+00:00,22.58,0.5,0.51,0.505,0.01,137.4,515.0,89
2026-08-31T00:23:26.018350+00:00,btc-updown-5m-1788135600,5,3987790,55587887629002893055983090426535791975565288707931846725554432010979209731874,2026-08-31T00:20:00+00:00,2026-08-31T00:25:00+00:00,1.57,0.88,0.89,0.885,0.01,27.5,294.51,99
2026-08-31T00:23:26.018350+00:00,btc-updown-5m-1788135900,5,3987916,106994936009085413743587505908056367703264237640936115933053538848525461541113,2026-08-31T00:25:00+00:00,2026-08-31T00:30:00+00:00,6.57,0.49,0.5,0.495,0.01,362.87,56.0,99
2026-08-31T00:23:26.018350+00:00,btc-updown-15m-1788135300,15,3987778,16044625433901194375669286154936738899265175066539233464280488726236698188275,2026-08-31T00:15:00+00:00,2026-08-31T00:30:00+00:00,6.57,0.92,0.93,0.925,0.01,93.0,55.0,99
2026-08-31T00:23:26.018350+00:00,btc-updown-15m-1788136200,15,3987936,107850682242305397229188548783373274499243225271896595000395409735518443702094,2026-08-31T00:30:00+00:00,2026-08-31T00:45:00+00:00,21.57,0.5,0.51,0.505,0.01,137.4,719.08,90
2026-08-31T00:24:26.895500+00:00,btc-updown-5m-1788135900,5,3987916,106994936009085413743587505908056367703264237640936115933053538848525461541113,2026-08-31T00:25:00+00:00,2026-08-31T00:30:00+00:00,5.57,0.5,0.51,0.505,0.01,15.0,231.71,99
2026-08-31T00:24:26.895500+00:00,btc-updown-15m-1788135300,15,3987778,16044625433901194375669286154936738899265175066539233464280488726236698188275,2026-08-31T00:15:00+00:00,2026-08-31T00:30:00+00:00,5.57,0.96,0.97,0.965,0.01,214.31,5.0,99
2026-08-31T00:24:26.895500+00:00,btc-updown-15m-1788136200,15,3987936,107850682242305397229188548783373274499243225271896595000395409735518443702094,2026-08-31T00:30:00+00:00,2026-08-31T00:45:00+00:00,20.57,0.5,0.51,0.505,0.01,17.72,719.08,90
2026-08-31T00:25:27.677507+00:00,btc-updown-5m-1788135900,5,3987916,106994936009085413743587505908056367703264237640936115933053538848525461541113,2026-08-31T00:25:00+00:00,2026-08-31T00:30:00+00:00,4.55,0.55,0.56,0.555,0.01,372.41,77.69,99
2026-08-31T00:25:27.677507+00:00,btc-updown-5m-1788136200,5,3987928,50390077209380412016139354682516042397426178830611438691276778371178172011741,2026-08-31T00:30:00+00:00,2026-08-31T00:35:00+00:00,9.55,0.5,0.51,0.505,0.01,22.71,1493.9,99
2026-08-31T00:25:27.677507+00:00,btc-updown-15m-1788135300,15,3987778,16044625433901194375669286154936738899265175066539233464280488726236698188275,2026-08-31T00:15:00+00:00,2026-08-31T00:30:00+00:00,4.55,0.97,0.98,0.975,0.01,239.7,2033.3,99
2026-08-31T00:25:27.677507+00:00,btc-updown-15m-1788136200,15,3987936,107850682242305397229188548783373274499243225271896595000395409735518443702094,2026-08-31T00:30:00+00:00,2026-08-31T00:45:00+00:00,19.55,0.5,0.51,0.505,0.01,22.72,724.08,90
2026-08-31T00:26:28.572851+00:00,btc-updown-5m-1788135900,5,3987916,106994936009085413743587505908056367703264237640936115933053538848525461541113,2026-08-31T00:25:00+00:00,2026-08-31T00:30:00+00:00,3.53,0.24,0.25,0.245,0.01,80.68,202.0,99
2026-08-31T00:26:28.572851+00:00,btc-updown-5m-1788136200,5,3987928,50390077209380412016139354682516042397426178830611438691276778371178172011741,2026-08-31T00:30:00+00:00,2026-08-31T00:35:00+00:00,8.53,0.5,0.51,0.505,0.01,22.71,3484.0,99
2026-08-31T00:26:28.572851+00:00,btc-updown-15m-1788135300,15,3987778,16044625433901194375669286154936738899265175066539233464280488726236698188275,2026-08-31T00:15:00+00:00,2026-08-31T00:30:00+00:00,3.53,0.95,0.96,0.955,0.01,205.4,1.87,99
2026-08-31T00:26:28.572851+00:00,btc-updown-15m-1788136200,15,3987936,107850682242305397229188548783373274499243225271896595000395409735518443702094,2026-08-31T00:30:00+00:00,2026-08-31T00:45:00+00:00,18.53,0.5,0.51,0.505,0.01,17.56,704.08,90
2026-08-31T00:27:29.453188+00:00,btc-updown-5m-1788135900,5,3987916,106994936009085413743587505908056367703264237640936115933053538848525461541113,2026-08-31T00:25:00+00:00,2026-08-31T00:30:00+00:00,2.52,0.12,0.13,0.125,0.01,228.93,154.0,99
2026-08-31T00:27:29.453188+00:00,btc-updown-5m-1788136200,5,3987928,50390077209380412016139354682516042397426178830611438691276778371178172011741,2026-08-31T00:30:00+00:00,2026-08-31T00:35:00+00:00,7.52,0.5,0.51,0.505,0.01,22.71,4124.0,99
2026-08-31T00:27:29.453188+00:00,btc-updown-15m-1788135300,15,3987778,16044625433901194375669286154936738899265175066539233464280488726236698188275,2026-08-31T00:15:00+00:00,2026-08-31T00:30:00+00:00,2.52,0.97,0.98,0.975,0.01,236.26,59.0,99
2026-08-31T00:27:29.453188+00:00,btc-updown-15m-1788136200,15,3987936,107850682242305397229188548783373274499243225271896595000395409735518443702094,2026-08-31T00:30:00+00:00,2026-08-31T00:45:00+00:00,17.52,0.5,0.51,0.505,0.01,17.56,704.08,90
2026-08-31T00:28:30.332233+00:00,btc-updown-5m-1788135900,5,3987916,106994936009085413743587505908056367703264237640936115933053538848525461541113,2026-08-31T00:25:00+00:00,2026-08-31T00:30:00+00:00,1.5,0.03,0.04,0.035,0.01,514.11,423.4,99
2026-08-31T00:28:30.332233+00:00,btc-updown-5m-1788136200,5,3987928,50390077209380412016139354682516042397426178830611438691276778371178172011741,2026-08-31T00:30:00+00:00,2026-08-31T00:35:00+00:00,6.5,0.5,0.51,0.505,0.01,13.01,80.83,99
2026-08-31T00:28:30.332233+00:00,btc-updown-15m-1788136200,15,3987936,107850682242305397229188548783373274499243225271896595000395409735518443702094,2026-08-31T00:30:00+00:00,2026-08-31T00:45:00+00:00,16.5,0.5,0.51,0.505,0.01,3.44,534.08,90
2026-08-31T00:29:31.191231+00:00,btc-updown-5m-1788136200,5,3987928,50390077209380412016139354682516042397426178830611438691276778371178172011741,2026-08-31T00:30:00+00:00,2026-08-31T00:35:00+00:00,5.48,0.51,0.52,0.515,0.01,168.0,8.07,99
2026-08-31T00:29:31.191231+00:00,btc-updown-15m-1788136200,15,3987936,107850682242305397229188548783373274499243225271896595000395409735518443702094,2026-08-31T00:30:00+00:00,2026-08-31T00:45:00+00:00,15.48,0.49,0.5,0.495,0.01,478.12,250.0,96
2026-08-31T00:30:31.865458+00:00,btc-updown-5m-1788136200,5,3987928,50390077209380412016139354682516042397426178830611438691276778371178172011741,2026-08-31T00:30:00+00:00,2026-08-31T00:35:00+00:00,4.48,0.46,0.47,0.465,0.01,201.7,15.0,99
2026-08-31T00:30:31.865458+00:00,btc-updown-5m-1788136500,5,3987983,83019476716363615104795585412571476601886898015977929634378269144224696808179,2026-08-31T00:35:00+00:00,2026-08-31T00:40:00+00:00,9.48,0.5,0.51,0.505,0.01,121.11,827.33,99
2026-08-31T00:30:31.865458+00:00,btc-updown-15m-1788136200,15,3987936,107850682242305397229188548783373274499243225271896595000395409735518443702094,2026-08-31T00:30:00+00:00,2026-08-31T00:45:00+00:00,14.48,0.48,0.49,0.485,0.01,243.2,40.19,99
2026-08-31T00:30:31.865458+00:00,btc-updown-15m-1788137100,15,3988085,44664705621990996202679112713280276519369547677918967822978235923417696411722,2026-08-31T00:45:00+00:00,2026-08-31T01:00:00+00:00,29.48,0.5,0.51,0.505,0.01,256.0,754.82,91
2026-08-31T00:31:32.758101+00:00,btc-updown-5m-1788136200,5,3987928,50390077209380412016139354682516042397426178830611438691276778371178172011741,2026-08-31T00:30:00+00:00,2026-08-31T00:35:00+00:00,3.47,0.57,0.58,0.575,0.01,301.76,168.0,99
2026-08-31T00:31:32.758101+00:00,btc-updown-5m-1788136500,5,3987983,83019476716363615104795585412571476601886898015977929634378269144224696808179,2026-08-31T00:35:00+00:00,2026-08-31T00:40:00+00:00,8.47,0.5,0.51,0.505,0.01,121.11,1379.82,99
2026-08-31T00:31:32.758101+00:00,btc-updown-15m-1788136200,15,3987936,107850682242305397229188548783373274499243225271896595000395409735518443702094,2026-08-31T00:30:00+00:00,2026-08-31T00:45:00+00:00,13.47,0.52,0.53,0.525,0.01,321.2,638.0,99
2026-08-31T00:31:32.758101+00:00,btc-updown-15m-1788137100,15,3988085,44664705621990996202679112713280276519369547677918967822978235923417696411722,2026-08-31T00:45:00+00:00,2026-08-31T01:00:00+00:00,28.47,0.5,0.51,0.505,0.01,306.0,754.82,91
2026-08-31T00:32:33.646240+00:00,btc-updown-5m-1788136200,5,3987928,50390077209380412016139354682516042397426178830611438691276778371178172011741,2026-08-31T00:30:00+00:00,2026-08-31T00:35:00+00:00,2.45,0.75,0.76,0.755,0.01,108.96,340.1,99
2026-08-31T00:32:33.646240+00:00,btc-updown-5m-1788136500,5,3987983,83019476716363615104795585412571476601886898015977929634378269144224696808179,2026-08-31T00:35:00+00:00,2026-08-31T00:40:00+00:00,7.45,0.5,0.51,0.505,0.01,109.09,2501.82,99
2026-08-31T00:32:33.646240+00:00,btc-updown-15m-1788136200,15,3987936,107850682242305397229188548783373274499243225271896595000395409735518443702094,2026-08-31T00:30:00+00:00,2026-08-31T00:45:00+00:00,12.45,0.58,0.59,0.585,0.01,35.0,277.4,99
2026-08-31T00:32:33.646240+00:00,btc-updown-15m-1788137100,15,3988085,44664705621990996202679112713280276519369547677918967822978235923417696411722,2026-08-31T00:45:00+00:00,2026-08-31T01:00:00+00:00,27.45,0.5,0.51,0.505,0.01,286.0,1054.82,91
2026-08-31T00:33:34.537242+00:00,btc-updown-5m-1788136200,5,3987928,50390077209380412016139354682516042397426178830611438691276778371178172011741,2026-08-31T00:30:00+00:00,2026-08-31T00:35:00+00:00,1.43,0.94,0.95,0.945,0.01,196.44,193.81,99
2026-08-31T00:33:34.537242+00:00,btc-updown-5m-1788136500,5,3987983,83019476716363615104795585412571476601886898015977929634378269144224696808179,2026-08-31T00:35:00+00:00,2026-08-31T00:40:00+00:00,6.43,0.5,0.51,0.505,0.01,99.46,4669.57,99
2026-08-31T00:33:34.537242+00:00,btc-updown-15m-1788136200,15,3987936,107850682242305397229188548783373274499243225271896595000395409735518443702094,2026-08-31T00:30:00+00:00,2026-08-31T00:45:00+00:00,11.43,0.63,0.64,0.635,0.01,49.0,12907.0,99
2026-08-31T00:33:34.537242+00:00,btc-updown-15m-1788137100,15,3988085,44664705621990996202679112713280276519369547677918967822978235923417696411722,2026-08-31T00:45:00+00:00,2026-08-31T01:00:00+00:00,26.43,0.5,0.51,0.505,0.01,56.0,850.74,88
2026-08-31T00:34:35.412730+00:00,btc-updown-5m-1788136500,5,3987983,83019476716363615104795585412571476601886898015977929634378269144224696808179,2026-08-31T00:35:00+00:00,2026-08-31T00:40:00+00:00,5.42,0.5,0.51,0.505,0.01,135.1,241.0,99
2026-08-31T00:34:35.412730+00:00,btc-updown-15m-1788136200,15,3987936,107850682242305397229188548783373274499243225271896595000395409735518443702094,2026-08-31T00:30:00+00:00,2026-08-31T00:45:00+00:00,10.42,0.61,0.62,0.615,0.01,138.0,206.58,99
2026-08-31T00:34:35.412730+00:00,btc-updown-15m-1788137100,15,3988085,44664705621990996202679112713280276519369547677918967822978235923417696411722,2026-08-31T00:45:00+00:00,2026-08-31T01:00:00+00:00,25.42,0.49,0.5,0.495,0.01,261.0,468.0,88
2026-08-31T00:35:36.205336+00:00,btc-updown-5m-1788136500,5,3987983,83019476716363615104795585412571476601886898015977929634378269144224696808179,2026-08-31T00:35:00+00:00,2026-08-31T00:40:00+00:00,4.4,0.87,0.88,0.875,0.01,21.49,440.0,98
2026-08-31T00:35:36.205336+00:00,btc-updown-5m-1788136800,5,3988077,86577901981046305119976313975797610431770593268469004850550096106118788312212,2026-08-31T00:40:00+00:00,2026-08-31T00:45:00+00:00,9.4,0.49,0.5,0.495,0.01,494.59,1118.13,99
2026-08-31T00:35:36.205336+00:00,btc-updown-15m-1788136200,15,3987936,107850682242305397229188548783373274499243225271896595000395409735518443702094,2026-08-31T00:30:00+00:00,2026-08-31T00:45:00+00:00,9.4,0.8,0.82,0.81,0.02,5.0,14150.0,98
2026-08-31T00:35:36.205336+00:00,btc-updown-15m-1788137100,15,3988085,44664705621990996202679112713280276519369547677918967822978235923417696411722,2026-08-31T00:45:00+00:00,2026-08-31T01:00:00+00:00,24.4,0.49,0.5,0.495,0.01,261.0,678.0,88
2026-08-31T00:36:37.120074+00:00,btc-updown-5m-1788136500,5,3987983,83019476716363615104795585412571476601886898015977929634378269144224696808179,2026-08-31T00:35:00+00:00,2026-08-31T00:40:00+00:00,3.38,0.93,0.94,0.935,0.01,145.0,9.74,99
2026-08-31T00:36:37.120074+00:00,btc-updown-5m-1788136800,5,3988077,86577901981046305119976313975797610431770593268469004850550096106118788312212,2026-08-31T00:40:00+00:00,2026-08-31T00:45:00+00:00,8.38,0.49,0.5,0.495,0.01,448.4,3609.13,99
2026-08-31T00:36:37.120074+00:00,btc-updown-15m-1788136200,15,3987936,107850682242305397229188548783373274499243225271896595000395409735518443702094,2026-08-31T00:30:00+00:00,2026-08-31T00:45:00+00:00,8.38,0.86,0.87,0.865,0.01,10.0,73.0,99
2026-08-31T00:36:37.120074+00:00,btc-updown-15m-1788137100,15,3988085,44664705621990996202679112713280276519369547677918967822978235923417696411722,2026-08-31T00:45:00+00:00,2026-08-31T01:00:00+00:00,23.38,0.49,0.5,0.495,0.01,261.0,888.0,88
2026-08-31T00:37:38.001958+00:00,btc-updown-5m-1788136500,5,3987983,83019476716363615104795585412571476601886898015977929634378269144224696808179,2026-08-31T00:35:00+00:00,2026-08-31T00:40:00+00:00,2.37,0.92,0.93,0.925,0.01,45.0,115.39,99
2026-08-31T00:37:38.001958+00:00,btc-updown-5m-1788136800,5,3988077,86577901981046305119976313975797610431770593268469004850550096106118788312212,2026-08-31T00:40:00+00:00,2026-08-31T00:45:00+00:00,7.37,0.49,0.5,0.495,0.01,368.03,6036.31,99
2026-08-31T00:37:38.001958+00:00,btc-updown-15m-1788136200,15,3987936,107850682242305397229188548783373274499243225271896595000395409735518443702094,2026-08-31T00:30:00+00:00,2026-08-31T00:45:00+00:00,7.37,0.83,0.84,0.835,0.01,75.0,116.89,99
2026-08-31T00:37:38.001958+00:00,btc-updown-15m-1788137100,15,3988085,44664705621990996202679112713280276519369547677918967822978235923417696411722,2026-08-31T00:45:00+00:00,2026-08-31T01:00:00+00:00,22.37,0.49,0.5,0.495,0.01,465.08,1098.0,89
2026-08-31T00:38:38.885231+00:00,btc-updown-5m-1788136500,5,3987983,83019476716363615104795585412571476601886898015977929634378269144224696808179,2026-08-31T00:35:00+00:00,2026-08-31T00:40:00+00:00,1.37,0.97,0.98,0.975,0.01,641.52,87.0,99
2026-08-31T00:38:38.885231+00:00,btc-updown-5m-1788136800,5,3988077,86577901981046305119976313975797610431770593268469004850550096106118788312212,2026-08-31T00:40:00+00:00,2026-08-31T00:45:00+00:00,6.37,0.49,0.5,0.495,0.01,370.72,6264.77,99
2026-08-31T00:38:38.885231+00:00,btc-updown-15m-1788136200,15,3987936,107850682242305397229188548783373274499243225271896595000395409735518443702094,2026-08-31T00:30:00+00:00,2026-08-31T00:45:00+00:00,6.37,0.85,0.86,0.855,0.01,5.0,325.27,99
2026-08-31T00:38:38.885231+00:00,btc-updown-15m-1788137100,15,3988085,44664705621990996202679112713280276519369547677918967822978235923417696411722,2026-08-31T00:45:00+00:00,2026-08-31T01:00:00+00:00,21.37,0.49,0.5,0.495,0.01,465.08,1308.0,90
2026-08-31T00:39:39.762430+00:00,btc-updown-5m-1788136800,5,3988077,86577901981046305119976313975797610431770593268469004850550096106118788312212,2026-08-31T00:40:00+00:00,2026-08-31T00:45:00+00:00,5.35,0.49,0.5,0.495,0.01,99.0,4946.45,99
2026-08-31T00:39:39.762430+00:00,btc-updown-15m-1788136200,15,3987936,107850682242305397229188548783373274499243225271896595000395409735518443702094,2026-08-31T00:30:00+00:00,2026-08-31T00:45:00+00:00,5.35,0.81,0.82,0.815,0.01,50.0,292.18,99
2026-08-31T00:39:39.762430+00:00,btc-updown-15m-1788137100,15,3988085,44664705621990996202679112713280276519369547677918967822978235923417696411722,2026-08-31T00:45:00+00:00,2026-08-31T01:00:00+00:00,20.35,0.49,0.5,0.495,0.01,465.08,1518.0,90
2026-08-31T00:40:40.556882+00:00,btc-updown-5m-1788136800,5,3988077,86577901981046305119976313975797610431770593268469004850550096106118788312212,2026-08-31T00:40:00+00:00,2026-08-31T00:45:00+00:00,4.33,0.51,0.52,0.515,0.01,359.44,200.09,99
2026-08-31T00:40:40.556882+00:00,btc-updown-5m-1788137100,5,3988086,31903975521733028912938582037041192622784661607502460942108299358864242642117,2026-08-31T00:45:00+00:00,2026-08-31T00:50:00+00:00,9.33,0.49,0.5,0.495,0.01,473.01,1256.74,99
2026-08-31T00:40:40.556882+00:00,btc-updown-15m-1788136200,15,3987936,107850682242305397229188548783373274499243225271896595000395409735518443702094,2026-08-31T00:30:00+00:00,2026-08-31T00:45:00+00:00,4.33,0.89,0.9,0.895,0.01,178.29,15.0,99
2026-08-31T00:40:40.556882+00:00,btc-updown-15m-1788137100,15,3988085,44664705621990996202679112713280276519369547677918967822978235923417696411722,2026-08-31T00:45:00+00:00,2026-08-31T01:00:00+00:00,19.33,0.49,0.5,0.495,0.01,670.08,1523.0,90
2026-08-31T00:41:41.446871+00:00,btc-updown-5m-1788136800,5,3988077,86577901981046305119976313975797610431770593268469004850550096106118788312212,2026-08-31T00:40:00+00:00,2026-08-31T00:45:00+00:00,3.32,0.66,0.67,0.665,0.01,207.0,31.25,99
2026-08-31T00:41:41.446871+00:00,btc-updown-5m-1788137100,5,3988086,31903975521733028912938582037041192622784661607502460942108299358864242642117,2026-08-31T00:45:00+00:00,2026-08-31T00:50:00+00:00,8.32,0.49,0.5,0.495,0.01,473.01,2471.74,99
2026-08-31T00:41:41.446871+00:00,btc-updown-15m-1788136200,15,3987936,107850682242305397229188548783373274499243225271896595000395409735518443702094,2026-08-31T00:30:00+00:00,2026-08-31T00:45:00+00:00,3.32,0.95,0.96,0.955,0.01,465.99,216.37,99
2026-08-31T00:41:41.446871+00:00,btc-updown-15m-1788137100,15,3988085,44664705621990996202679112713280276519369547677918967822978235923417696411722,2026-08-31T00:45:00+00:00,2026-08-31T01:00:00+00:00,18.32,0.49,0.5,0.495,0.01,670.08,1313.0,90
2026-08-31T00:42:42.333422+00:00,btc-updown-5m-1788136800,5,3988077,86577901981046305119976313975797610431770593268469004850550096106118788312212,2026-08-31T00:40:00+00:00,2026-08-31T00:45:00+00:00,2.3,0.66,0.67,0.665,0.01,324.55,266.28,99
2026-08-31T00:42:42.333422+00:00,btc-updown-5m-1788137100,5,3988086,31903975521733028912938582037041192622784661607502460942108299358864242642117,2026-08-31T00:45:00+00:00,2026-08-31T00:50:00+00:00,7.3,0.49,0.5,0.495,0.01,461.2,4513.72,99
2026-08-31T00:42:42.333422+00:00,btc-updown-15m-1788137100,15,3988085,44664705621990996202679112713280276519369547677918967822978235923417696411722,2026-08-31T00:45:00+00:00,2026-08-31T01:00:00+00:00,17.3,0.49,0.5,0.495,0.01,55.49,1313.0,90
2026-08-31T00:43:43.108956+00:00,btc-updown-5m-1788136800,5,3988077,86577901981046305119976313975797610431770593268469004850550096106118788312212,2026-08-31T00:40:00+00:00,2026-08-31T00:45:00+00:00,1.28,0.8,0.81,0.805,0.01,164.0,104.72,99
2026-08-31T00:43:43.108956+00:00,btc-updown-5m-1788137100,5,3988086,31903975521733028912938582037041192622784661607502460942108299358864242642117,2026-08-31T00:45:00+00:00,2026-08-31T00:50:00+00:00,6.28,0.49,0.5,0.495,0.01,408.36,6315.0,99
2026-08-31T00:43:43.108956+00:00,btc-updown-15m-1788137100,15,3988085,44664705621990996202679112713280276519369547677918967822978235923417696411722,2026-08-31T00:45:00+00:00,2026-08-31T01:00:00+00:00,16.28,0.49,0.5,0.495,0.01,42.88,851.0,90
2026-08-31T00:44:43.886240+00:00,btc-updown-5m-1788137100,5,3988086,31903975521733028912938582037041192622784661607502460942108299358864242642117,2026-08-31T00:45:00+00:00,2026-08-31T00:50:00+00:00,5.28,0.49,0.5,0.495,0.01,23.19,6689.91,99
2026-08-31T00:44:43.886240+00:00,btc-updown-15m-1788137100,15,3988085,44664705621990996202679112713280276519369547677918967822978235923417696411722,2026-08-31T00:45:00+00:00,2026-08-31T01:00:00+00:00,15.28,0.48,0.49,0.485,0.01,19.32,265.08,87
2026-08-31T00:45:44.564965+00:00,btc-updown-5m-1788137100,5,3988086,31903975521733028912938582037041192622784661607502460942108299358864242642117,2026-08-31T00:45:00+00:00,2026-08-31T00:50:00+00:00,4.27,0.49,0.5,0.495,0.01,23.19,980.0,99
2026-08-31T00:45:44.564965+00:00,btc-updown-5m-1788137400,5,3988140,13176526493324379784716797953979431389313082760438620337651856842107483184582,2026-08-31T00:50:00+00:00,2026-08-31T00:55:00+00:00,9.27,0.49,0.5,0.495,0.01,240.1,513.78,99
2026-08-31T00:45:44.564965+00:00,btc-updown-15m-1788137100,15,3988085,44664705621990996202679112713280276519369547677918967822978235923417696411722,2026-08-31T00:45:00+00:00,2026-08-31T01:00:00+00:00,14.27,0.48,0.49,0.485,0.01,19.32,265.08,63
2026-08-31T00:45:44.564965+00:00,btc-updown-15m-1788138000,15,3988214,6001656257473273254685419645661888243432161370845990720184094248867802799940,2026-08-31T01:00:00+00:00,2026-08-31T01:15:00+00:00,29.27,0.5,0.51,0.505,0.01,200.0,499.86,88
2026-08-31T00:46:45.447428+00:00,btc-updown-5m-1788137100,5,3988086,31903975521733028912938582037041192622784661607502460942108299358864242642117,2026-08-31T00:45:00+00:00,2026-08-31T00:50:00+00:00,3.25,0.49,0.5,0.495,0.01,23.19,10.0,99
2026-08-31T00:46:45.447428+00:00,btc-updown-5m-1788137400,5,3988140,13176526493324379784716797953979431389313082760438620337651856842107483184582,2026-08-31T00:50:00+00:00,2026-08-31T00:55:00+00:00,8.25,0.49,0.5,0.495,0.01,240.1,513.78,99
2026-08-31T00:46:45.447428+00:00,btc-updown-15m-1788137100,15,3988085,44664705621990996202679112713280276519369547677918967822978235923417696411722,2026-08-31T00:45:00+00:00,2026-08-31T01:00:00+00:00,13.25,0.48,0.49,0.485,0.01,19.32,265.08,55
2026-08-31T00:46:45.447428+00:00,btc-updown-15m-1788138000,15,3988214,6001656257473273254685419645661888243432161370845990720184094248867802799940,2026-08-31T01:00:00+00:00,2026-08-31T01:15:00+00:00,28.25,0.5,0.51,0.505,0.01,200.0,499.86,88
2026-08-31T00:47:46.414307+00:00,btc-updown-5m-1788137100,5,3988086,31903975521733028912938582037041192622784661607502460942108299358864242642117,2026-08-31T00:45:00+00:00,2026-08-31T00:50:00+00:00,2.23,0.49,0.5,0.495,0.01,23.19,5.0,99
2026-08-31T00:47:46.414307+00:00,btc-updown-5m-1788137400,5,3988140,13176526493324379784716797953979431389313082760438620337651856842107483184582,2026-08-31T00:50:00+00:00,2026-08-31T00:55:00+00:00,7.23,0.49,0.5,0.495,0.01,240.1,513.78,99
2026-08-31T00:47:46.414307+00:00,btc-updown-15m-1788137100,15,3988085,44664705621990996202679112713280276519369547677918967822978235923417696411722,2026-08-31T00:45:00+00:00,2026-08-31T01:00:00+00:00,12.23,0.48,0.49,0.485,0.01,19.32,69.0,41
2026-08-31T00:47:46.414307+00:00,btc-updown-15m-1788138000,15,3988214,6001656257473273254685419645661888243432161370845990720184094248867802799940,2026-08-31T01:00:00+00:00,2026-08-31T01:15:00+00:00,27.23,0.5,0.51,0.505,0.01,200.0,499.86,88
2026-08-31T00:48:47.289443+00:00,btc-updown-5m-1788137100,5,3988086,31903975521733028912938582037041192622784661607502460942108299358864242642117,2026-08-31T00:45:00+00:00,2026-08-31T00:50:00+00:00,1.22,0.49,0.5,0.495,0.01,23.19,5.0,99
2026-08-31T00:48:47.289443+00:00,btc-updown-5m-1788137400,5,3988140,13176526493324379784716797953979431389313082760438620337651856842107483184582,2026-08-31T00:50:00+00:00,2026-08-31T00:55:00+00:00,6.22,0.49,0.5,0.495,0.01,240.1,10.0,99
2026-08-31T00:48:47.289443+00:00,btc-updown-15m-1788137100,15,3988085,44664705621990996202679112713280276519369547677918967822978235923417696411722,2026-08-31T00:45:00+00:00,2026-08-31T01:00:00+00:00,11.22,0.48,0.49,0.485,0.01,19.32,69.0,37
2026-08-31T00:48:47.289443+00:00,btc-updown-15m-1788138000,15,3988214,6001656257473273254685419645661888243432161370845990720184094248867802799940,2026-08-31T01:00:00+00:00,2026-08-31T01:15:00+00:00,26.22,0.5,0.51,0.505,0.01,200.0,499.86,88
2026-08-31T00:49:48.163255+00:00,btc-updown-5m-1788137100,5,3988086,31903975521733028912938582037041192622784661607502460942108299358864242642117,2026-08-31T00:45:00+00:00,2026-08-31T00:50:00+00:00,0.2,0.49,0.5,0.495,0.01,23.19,5.0,99
2026-08-31T00:49:48.163255+00:00,btc-updown-5m-1788137400,5,3988140,13176526493324379784716797953979431389313082760438620337651856842107483184582,2026-08-31T00:50:00+00:00,2026-08-31T00:55:00+00:00,5.2,0.49,0.51,0.5,0.02,230.1,356.6,95
2026-08-31T00:49:48.163255+00:00,btc-updown-15m-1788137100,15,3988085,44664705621990996202679112713280276519369547677918967822978235923417696411722,2026-08-31T00:45:00+00:00,2026-08-31T01:00:00+00:00,10.2,0.48,0.49,0.485,0.01,19.32,69.0,35
2026-08-31T00:49:48.163255+00:00,btc-updown-15m-1788138000,15,3988214,6001656257473273254685419645661888243432161370845990720184094248867802799940,2026-08-31T01:00:00+00:00,2026-08-31T01:15:00+00:00,25.2,0.5,0.51,0.505,0.01,200.0,499.86,87
2026-08-31T00:50:49.053847+00:00,btc-updown-5m-1788137400,5,3988140,13176526493324379784716797953979431389313082760438620337651856842107483184582,2026-08-31T00:50:00+00:00,2026-08-31T00:55:00+00:00,4.18,0.49,0.51,0.5,0.02,225.09,346.6,72
2026-08-31T00:50:49.053847+00:00,btc-updown-5m-1788137700,5,3988157,77789493626059450552165366395586401745085475334124473271744261039427946391614,2026-08-31T00:55:00+00:00,2026-08-31T01:00:00+00:00,9.18,0.5,0.51,0.505,0.01,107.73,559.19,99
2026-08-31T00:50:49.053847+00:00,btc-updown-15m-1788137100,15,3988085,44664705621990996202679112713280276519369547677918967822978235923417696411722,2026-08-31T00:45:00+00:00,2026-08-31T01:00:00+00:00,9.18,0.48,0.49,0.485,0.01,19.32,69.0,35
2026-08-31T00:50:49.053847+00:00,btc-updown-15m-1788138000,15,3988214,6001656257473273254685419645661888243432161370845990720184094248867802799940,2026-08-31T01:00:00+00:00,2026-08-31T01:15:00+00:00,24.18,0.5,0.51,0.505,0.01,200.0,499.86,87
2026-08-31T00:51:50.043362+00:00,btc-updown-5m-1788137400,5,3988140,13176526493324379784716797953979431389313082760438620337651856842107483184582,2026-08-31T00:50:00+00:00,2026-08-31T00:55:00+00:00,3.17,0.49,0.51,0.5,0.02,225.09,346.6,72
2026-08-31T00:51:50.043362+00:00,btc-updown-5m-1788137700,5,3988157,77789493626059450552165366395586401745085475334124473271744261039427946391614,2026-08-31T00:55:00+00:00,2026-08-31T01:00:00+00:00,8.17,0.5,0.51,0.505,0.01,107.73,559.19,99
2026-08-31T00:51:50.043362+00:00,btc-updown-15m-1788137100,15,3988085,44664705621990996202679112713280276519369547677918967822978235923417696411722,2026-08-31T00:45:00+00:00,2026-08-31T01:00:00+00:00,8.17,0.48,0.49,0.485,0.01,19.32,69.0,35
2026-08-31T00:51:50.043362+00:00,btc-updown-15m-1788138000,15,3988214,6001656257473273254685419645661888243432161370845990720184094248867802799940,2026-08-31T01:00:00+00:00,2026-08-31T01:15:00+00:00,23.17,0.5,0.51,0.505,0.01,200.0,499.86,87
2026-08-31T00:52:50.966250+00:00,btc-updown-5m-1788137400,5,3988140,13176526493324379784716797953979431389313082760438620337651856842107483184582,2026-08-31T00:50:00+00:00,2026-08-31T00:55:00+00:00,2.17,0.49,0.51,0.5,0.02,225.09,346.6,72
2026-08-31T00:52:50.966250+00:00,btc-updown-5m-1788137700,5,3988157,77789493626059450552165366395586401745085475334124473271744261039427946391614,2026-08-31T00:55:00+00:00,2026-08-31T01:00:00+00:00,7.17,0.5,0.51,0.505,0.01,107.73,559.19,99
2026-08-31T00:52:50.966250+00:00,btc-updown-15m-1788137100,15,3988085,44664705621990996202679112713280276519369547677918967822978235923417696411722,2026-08-31T00:45:00+00:00,2026-08-31T01:00:00+00:00,7.17,0.48,0.49,0.485,0.01,19.32,69.0,35
2026-08-31T00:52:50.966250+00:00,btc-updown-15m-1788138000,15,3988214,6001656257473273254685419645661888243432161370845990720184094248867802799940,2026-08-31T01:00:00+00:00,2026-08-31T01:15:00+00:00,22.17,0.5,0.51,0.505,0.01,200.0,499.86,87
2026-08-31T00:53:51.862325+00:00,btc-updown-5m-1788137400,5,3988140,13176526493324379784716797953979431389313082760438620337651856842107483184582,2026-08-31T00:50:00+00:00,2026-08-31T00:55:00+00:00,1.15,0.49,0.51,0.5,0.02,225.09,346.6,72
2026-08-31T00:53:51.862325+00:00,btc-updown-5m-1788137700,5,3988157,77789493626059450552165366395586401745085475334124473271744261039427946391614,2026-08-31T00:55:00+00:00,2026-08-31T01:00:00+00:00,6.15,0.5,0.51,0.505,0.01,107.73,549.19,99
2026-08-31T00:53:51.862325+00:00,btc-updown-15m-1788137100,15,3988085,44664705621990996202679112713280276519369547677918967822978235923417696411722,2026-08-31T00:45:00+00:00,2026-08-31T01:00:00+00:00,6.15,0.48,0.49,0.485,0.01,19.32,69.0,35
2026-08-31T00:53:51.862325+00:00,btc-updown-15m-1788138000,15,3988214,6001656257473273254685419645661888243432161370845990720184094248867802799940,2026-08-31T01:00:00+00:00,2026-08-31T01:15:00+00:00,21.15,0.5,0.51,0.505,0.01,200.0,499.86,87
2026-08-31T00:54:52.741086+00:00,btc-updown-5m-1788137400,5,3988140,13176526493324379784716797953979431389313082760438620337651856842107483184582,2026-08-31T00:50:00+00:00,2026-08-31T00:55:00+00:00,0.13,0.49,0.51,0.5,0.02,225.09,346.6,72
2026-08-31T00:54:52.741086+00:00,btc-updown-5m-1788137700,5,3988157,77789493626059450552165366395586401745085475334124473271744261039427946391614,2026-08-31T00:55:00+00:00,2026-08-31T01:00:00+00:00,5.13,0.5,0.51,0.505,0.01,101.73,370.19,97
2026-08-31T00:54:52.741086+00:00,btc-updown-15m-1788137100,15,3988085,44664705621990996202679112713280276519369547677918967822978235923417696411722,2026-08-31T00:45:00+00:00,2026-08-31T01:00:00+00:00,5.13,0.48,0.49,0.485,0.01,19.32,69.0,35
2026-08-31T00:54:52.741086+00:00,btc-updown-15m-1788138000,15,3988214,6001656257473273254685419645661888243432161370845990720184094248867802799940,2026-08-31T01:00:00+00:00,2026-08-31T01:15:00+00:00,20.13,0.5,0.51,0.505,0.01,200.0,499.86,87
2026-08-31T00:55:53.627250+00:00,btc-updown-5m-1788137700,5,3988157,77789493626059450552165366395586401745085475334124473271744261039427946391614,2026-08-31T00:55:00+00:00,2026-08-31T01:00:00+00:00,4.12,0.5,0.51,0.505,0.01,101.73,345.14,73
2026-08-31T00:55:53.627250+00:00,btc-updown-5m-1788138000,5,3988210,59279222734362000834016378422151477063356125896536867868164562936532771237479,2026-08-31T01:00:00+00:00,2026-08-31T01:05:00+00:00,9.12,0.5,0.51,0.505,0.01,103.69,450.16,99
2026-08-31T00:55:53.627250+00:00,btc-updown-15m-1788137100,15,3988085,44664705621990996202679112713280276519369547677918967822978235923417696411722,2026-08-31T00:45:00+00:00,2026-08-31T01:00:00+00:00,4.12,0.48,0.49,0.485,0.01,19.32,69.0,35
2026-08-31T00:55:53.627250+00:00,btc-updown-15m-1788138000,15,3988214,6001656257473273254685419645661888243432161370845990720184094248867802799940,2026-08-31T01:00:00+00:00,2026-08-31T01:15:00+00:00,19.12,0.5,0.51,0.505,0.01,200.0,499.86,87
2026-08-31T00:56:54.503622+00:00,btc-updown-5m-1788137700,5,3988157,77789493626059450552165366395586401745085475334124473271744261039427946391614,2026-08-31T00:55:00+00:00,2026-08-31T01:00:00+00:00,3.1,0.5,0.51,0.505,0.01,101.73,345.14,73
2026-08-31T00:56:54.503622+00:00,btc-updown-5m-1788138000,5,3988210,59279222734362000834016378422151477063356125896536867868164562936532771237479,2026-08-31T01:00:00+00:00,2026-08-31T01:05:00+00:00,8.1,0.5,0.51,0.505,0.01,103.69,450.16,99
2026-08-31T00:56:54.503622+00:00,btc-updown-15m-1788137100,15,3988085,44664705621990996202679112713280276519369547677918967822978235923417696411722,2026-08-31T00:45:00+00:00,2026-08-31T01:00:00+00:00,3.1,0.48,0.49,0.485,0.01,19.32,69.0,35
2026-08-31T00:56:54.503622+00:00,btc-updown-15m-1788138000,15,3988214,6001656257473273254685419645661888243432161370845990720184094248867802799940,2026-08-31T01:00:00+00:00,2026-08-31T01:15:00+00:00,18.1,0.5,0.51,0.505,0.01,200.0,499.86,87
2026-08-31T00:57:55.375665+00:00,btc-updown-5m-1788137700,5,3988157,77789493626059450552165366395586401745085475334124473271744261039427946391614,2026-08-31T00:55:00+00:00,2026-08-31T01:00:00+00:00,2.08,0.5,0.51,0.505,0.01,101.73,345.14,73
2026-08-31T00:57:55.375665+00:00,btc-updown-5m-1788138000,5,3988210,59279222734362000834016378422151477063356125896536867868164562936532771237479,2026-08-31T01:00:00+00:00,2026-08-31T01:05:00+00:00,7.08,0.5,0.51,0.505,0.01,103.69,450.16,99
2026-08-31T00:57:55.375665+00:00,btc-updown-15m-1788137100,15,3988085,44664705621990996202679112713280276519369547677918967822978235923417696411722,2026-08-31T00:45:00+00:00,2026-08-31T01:00:00+00:00,2.08,0.48,0.49,0.485,0.01,19.32,69.0,35
2026-08-31T00:57:55.375665+00:00,btc-updown-15m-1788138000,15,3988214,6001656257473273254685419645661888243432161370845990720184094248867802799940,2026-08-31T01:00:00+00:00,2026-08-31T01:15:00+00:00,17.08,0.5,0.51,0.505,0.01,200.0,499.86,87
2026-08-31T00:58:56.260944+00:00,btc-updown-5m-1788137700,5,3988157,77789493626059450552165366395586401745085475334124473271744261039427946391614,2026-08-31T00:55:00+00:00,2026-08-31T01:00:00+00:00,1.07,0.5,0.51,0.505,0.01,101.73,345.14,73
2026-08-31T00:58:56.260944+00:00,btc-updown-5m-1788138000,5,3988210,59279222734362000834016378422151477063356125896536867868164562936532771237479,2026-08-31T01:00:00+00:00,2026-08-31T01:05:00+00:00,6.07,0.5,0.51,0.505,0.01,103.69,397.16,99
2026-08-31T00:58:56.260944+00:00,btc-updown-15m-1788137100,15,3988085,44664705621990996202679112713280276519369547677918967822978235923417696411722,2026-08-31T00:45:00+00:00,2026-08-31T01:00:00+00:00,1.07,0.48,0.49,0.485,0.01,19.32,69.0,35
2026-08-31T00:58:56.260944+00:00,btc-updown-15m-1788138000,15,3988214,6001656257473273254685419645661888243432161370845990720184094248867802799940,2026-08-31T01:00:00+00:00,2026-08-31T01:15:00+00:00,16.07,0.5,0.51,0.505,0.01,200.0,499.86,87
2026-08-31T00:59:57.135768+00:00,btc-updown-5m-1788137700,5,3988157,77789493626059450552165366395586401745085475334124473271744261039427946391614,2026-08-31T00:55:00+00:00,2026-08-31T01:00:00+00:00,0.05,0.5,0.51,0.505,0.01,101.73,345.14,73
2026-08-31T00:59:57.135768+00:00,btc-updown-5m-1788138000,5,3988210,59279222734362000834016378422151477063356125896536867868164562936532771237479,2026-08-31T01:00:00+00:00,2026-08-31T01:05:00+00:00,5.05,0.5,0.51,0.505,0.01,97.69,371.16,95
2026-08-31T00:59:57.135768+00:00,btc-updown-15m-1788137100,15,3988085,44664705621990996202679112713280276519369547677918967822978235923417696411722,2026-08-31T00:45:00+00:00,2026-08-31T01:00:00+00:00,0.05,0.48,0.49,0.485,0.01,19.32,69.0,29
2026-08-31T00:59:57.135768+00:00,btc-updown-15m-1788138000,15,3988214,6001656257473273254685419645661888243432161370845990720184094248867802799940,2026-08-31T01:00:00+00:00,2026-08-31T01:15:00+00:00,15.05,0.5,0.51,0.505,0.01,200.0,289.86,85
2026-08-31T01:00:58.022031+00:00,btc-updown-5m-1788138000,5,3988210,59279222734362000834016378422151477063356125896536867868164562936532771237479,2026-08-31T01:00:00+00:00,2026-08-31T01:05:00+00:00,4.03,0.5,0.51,0.505,0.01,97.69,340.56,73
2026-08-31T01:00:58.022031+00:00,btc-updown-5m-1788138300,5,3988235,22800870900024472006271807323134269213958503293599336010267066569385605968898,2026-08-31T01:05:00+00:00,2026-08-31T01:10:00+00:00,9.03,0.5,0.51,0.505,0.01,116.18,428.38,99
2026-08-31T01:00:58.022031+00:00,btc-updown-15m-1788138000,15,3988214,6001656257473273254685419645661888243432161370845990720184094248867802799940,2026-08-31T01:00:00+00:00,2026-08-31T01:15:00+00:00,14.03,0.5,0.51,0.505,0.01,200.0,284.08,45
2026-08-31T01:00:58.022031+00:00,btc-updown-15m-1788138900,15,3988262,57586587833593201750374864079835491019959339520335442216437219486044006274786,2026-08-31T01:15:00+00:00,2026-08-31T01:30:00+00:00,29.03,0.49,0.51,0.5,0.02,85.63,295.63,90
2026-08-31T01:01:58.908765+00:00,btc-updown-5m-1788138000,5,3988210,59279222734362000834016378422151477063356125896536867868164562936532771237479,2026-08-31T01:00:00+00:00,2026-08-31T01:05:00+00:00,3.03,0.5,0.51,0.505,0.01,97.69,340.56,73
2026-08-31T01:01:58.908765+00:00,btc-updown-5m-1788138300,5,3988235,22800870900024472006271807323134269213958503293599336010267066569385605968898,2026-08-31T01:05:00+00:00,2026-08-31T01:10:00+00:00,8.03,0.5,0.51,0.505,0.01,116.18,428.38,99
2026-08-31T01:01:58.908765+00:00,btc-updown-15m-1788138000,15,3988214,6001656257473273254685419645661888243432161370845990720184094248867802799940,2026-08-31T01:00:00+00:00,2026-08-31T01:15:00+00:00,13.03,0.5,0.51,0.505,0.01,200.0,284.08,45
2026-08-31T01:01:58.908765+00:00,btc-updown-15m-1788138900,15,3988262,57586587833593201750374864079835491019959339520335442216437219486044006274786,2026-08-31T01:15:00+00:00,2026-08-31T01:30:00+00:00,28.03,0.49,0.51,0.5,0.02,85.63,295.63,90
2026-08-31T01:02:59.797612+00:00,btc-updown-5m-1788138000,5,3988210,59279222734362000834016378422151477063356125896536867868164562936532771237479,2026-08-31T01:00:00+00:00,2026-08-31T01:05:00+00:00,2.02,0.5,0.51,0.505,0.01,97.69,340.56,73
2026-08-31T01:02:59.797612+00:00,btc-updown-5m-1788138300,5,3988235,22800870900024472006271807323134269213958503293599336010267066569385605968898,2026-08-31T01:05:00+00:00,2026-08-31T01:10:00+00:00,7.02,0.5,0.51,0.505,0.01,116.18,428.38,99
2026-08-31T01:02:59.797612+00:00,btc-updown-15m-1788138000,15,3988214,6001656257473273254685419645661888243432161370845990720184094248867802799940,2026-08-31T01:00:00+00:00,2026-08-31T01:15:00+00:00,12.02,0.49,0.51,0.5,0.02,80.0,80.0,32
2026-08-31T01:02:59.797612+00:00,btc-updown-15m-1788138900,15,3988262,57586587833593201750374864079835491019959339520335442216437219486044006274786,2026-08-31T01:15:00+00:00,2026-08-31T01:30:00+00:00,27.02,0.49,0.51,0.5,0.02,85.63,295.63,90
2026-08-31T01:04:00.699851+00:00,btc-updown-5m-1788138000,5,3988210,59279222734362000834016378422151477063356125896536867868164562936532771237479,2026-08-31T01:00:00+00:00,2026-08-31T01:05:00+00:00,1.0,0.5,0.51,0.505,0.01,5.0,240.12,73
2026-08-31T01:04:00.699851+00:00,btc-updown-5m-1788138300,5,3988235,22800870900024472006271807323134269213958503293599336010267066569385605968898,2026-08-31T01:05:00+00:00,2026-08-31T01:10:00+00:00,6.0,0.5,0.51,0.505,0.01,116.18,360.38,99
2026-08-31T01:04:00.699851+00:00,btc-updown-15m-1788138000,15,3988214,6001656257473273254685419645661888243432161370845990720184094248867802799940,2026-08-31T01:00:00+00:00,2026-08-31T01:15:00+00:00,11.0,0.49,0.51,0.5,0.02,80.0,80.0,28
2026-08-31T01:04:00.699851+00:00,btc-updown-15m-1788138900,15,3988262,57586587833593201750374864079835491019959339520335442216437219486044006274786,2026-08-31T01:15:00+00:00,2026-08-31T01:30:00+00:00,26.0,0.49,0.51,0.5,0.02,85.63,85.63,86
2026-08-31T01:05:01.616211+00:00,btc-updown-5m-1788138300,5,3988235,22800870900024472006271807323134269213958503293599336010267066569385605968898,2026-08-31T01:05:00+00:00,2026-08-31T01:10:00+00:00,4.98,0.5,0.51,0.505,0.01,110.18,336.02,83
2026-08-31T01:05:01.616211+00:00,btc-updown-5m-1788138600,5,3988252,46307196736840112597410516843320717477595615838259453114031338962212273068302,2026-08-31T01:10:00+00:00,2026-08-31T01:15:00+00:00,9.98,0.5,0.51,0.505,0.01,111.56,407.43,99
2026-08-31T01:05:01.616211+00:00,btc-updown-15m-1788138000,15,3988214,6001656257473273254685419645661888243432161370845990720184094248867802799940,2026-08-31T01:00:00+00:00,2026-08-31T01:15:00+00:00,9.98,0.49,0.51,0.5,0.02,30.0,30.0,28
2026-08-31T01:05:01.616211+00:00,btc-updown-15m-1788138900,15,3988262,57586587833593201750374864079835491019959339520335442216437219486044006274786,2026-08-31T01:15:00+00:00,2026-08-31T01:30:00+00:00,24.98,0.49,0.51,0.5,0.02,85.63,35.63,86
2026-08-31T01:06:02.521038+00:00,btc-updown-5m-1788138300,5,3988235,22800870900024472006271807323134269213958503293599336010267066569385605968898,2026-08-31T01:05:00+00:00,2026-08-31T01:10:00+00:00,3.97,0.5,0.51,0.505,0.01,10.0,115.98,42
2026-08-31T01:06:02.521038+00:00,btc-updown-5m-1788138600,5,3988252,46307196736840112597410516843320717477595615838259453114031338962212273068302,2026-08-31T01:10:00+00:00,2026-08-31T01:15:00+00:00,8.97,0.5,0.51,0.505,0.01,111.56,310.48,99
2026-08-31T01:06:02.521038+00:00,btc-updown-15m-1788138000,15,3988214,6001656257473273254685419645661888243432161370845990720184094248867802799940,2026-08-31T01:00:00+00:00,2026-08-31T01:15:00+00:00,8.97,0.49,0.51,0.5,0.02,30.0,30.0,28
2026-08-31T01:06:02.521038+00:00,btc-updown-15m-1788138900,15,3988262,57586587833593201750374864079835491019959339520335442216437219486044006274786,2026-08-31T01:15:00+00:00,2026-08-31T01:30:00+00:00,23.97,0.49,0.51,0.5,0.02,85.63,35.63,86
2026-08-31T01:07:03.406877+00:00,btc-updown-5m-1788138300,5,3988235,22800870900024472006271807323134269213958503293599336010267066569385605968898,2026-08-31T01:05:00+00:00,2026-08-31T01:10:00+00:00,2.95,0.5,0.51,0.505,0.01,10.0,115.98,41
2026-08-31T01:07:03.406877+00:00,btc-updown-5m-1788138600,5,3988252,46307196736840112597410516843320717477595615838259453114031338962212273068302,2026-08-31T01:10:00+00:00,2026-08-31T01:15:00+00:00,7.95,0.5,0.51,0.505,0.01,111.56,302.48,99
2026-08-31T01:07:03.406877+00:00,btc-updown-15m-1788138000,15,3988214,6001656257473273254685419645661888243432161370845990720184094248867802799940,2026-08-31T01:00:00+00:00,2026-08-31T01:15:00+00:00,7.95,0.49,0.51,0.5,0.02,30.0,30.0,28
2026-08-31T01:07:03.406877+00:00,btc-updown-15m-1788138900,15,3988262,57586587833593201750374864079835491019959339520335442216437219486044006274786,2026-08-31T01:15:00+00:00,2026-08-31T01:30:00+00:00,22.95,0.49,0.51,0.5,0.02,85.63,35.63,86
2026-08-31T01:08:04.287056+00:00,btc-updown-5m-1788138300,5,3988235,22800870900024472006271807323134269213958503293599336010267066569385605968898,2026-08-31T01:05:00+00:00,2026-08-31T01:10:00+00:00,1.93,0.5,0.51,0.505,0.01,10.0,115.98,41
2026-08-31T01:08:04.287056+00:00,btc-updown-5m-1788138600,5,3988252,46307196736840112597410516843320717477595615838259453114031338962212273068302,2026-08-31T01:10:00+00:00,2026-08-31T01:15:00+00:00,6.93,0.5,0.51,0.505,0.01,11.0,192.12,99
2026-08-31T01:08:04.287056+00:00,btc-updown-15m-1788138000,15,3988214,6001656257473273254685419645661888243432161370845990720184094248867802799940,2026-08-31T01:00:00+00:00,2026-08-31T01:15:00+00:00,6.93,0.49,0.51,0.5,0.02,30.0,30.0,28
2026-08-31T01:08:04.287056+00:00,btc-updown-15m-1788138900,15,3988262,57586587833593201750374864079835491019959339520335442216437219486044006274786,2026-08-31T01:15:00+00:00,2026-08-31T01:30:00+00:00,21.93,0.49,0.51,0.5,0.02,85.63,35.63,86
2026-08-31T01:09:05.170762+00:00,btc-updown-5m-1788138300,5,3988235,22800870900024472006271807323134269213958503293599336010267066569385605968898,2026-08-31T01:05:00+00:00,2026-08-31T01:10:00+00:00,0.92,0.5,0.51,0.505,0.01,10.0,58.0,39
2026-08-31T01:09:05.170762+00:00,btc-updown-5m-1788138600,5,3988252,46307196736840112597410516843320717477595615838259453114031338962212273068302,2026-08-31T01:10:00+00:00,2026-08-31T01:15:00+00:00,5.92,0.5,0.51,0.505,0.01,5.0,170.0,86
2026-08-31T01:09:05.170762+00:00,btc-updown-15m-1788138000,15,3988214,6001656257473273254685419645661888243432161370845990720184094248867802799940,2026-08-31T01:00:00+00:00,2026-08-31T01:15:00+00:00,5.92,0.49,0.51,0.5,0.02,30.0,30.0,28
2026-08-31T01:09:05.170762+00:00,btc-updown-15m-1788138900,15,3988262,57586587833593201750374864079835491019959339520335442216437219486044006274786,2026-08-31T01:15:00+00:00,2026-08-31T01:30:00+00:00,20.92,0.49,0.51,0.5,0.02,55.63,5.63,86
2026-08-31T01:10:06.090228+00:00,btc-updown-5m-1788138600,5,3988252,46307196736840112597410516843320717477595615838259453114031338962212273068302,2026-08-31T01:10:00+00:00,2026-08-31T01:15:00+00:00,4.9,0.5,0.51,0.505,0.01,5.0,50.0,83
2026-08-31T01:10:06.090228+00:00,btc-updown-5m-1788138900,5,3988263,2675091494541214825424040663258972464293124273339188646480072610696267804794,2026-08-31T01:15:00+00:00,2026-08-31T01:20:00+00:00,9.9,0.5,0.51,0.505,0.01,11.0,263.79,99
2026-08-31T01:10:06.090228+00:00,btc-updown-15m-1788138000,15,3988214,6001656257473273254685419645661888243432161370845990720184094248867802799940,2026-08-31T01:00:00+00:00,2026-08-31T01:15:00+00:00,4.9,0.49,0.51,0.5,0.02,30.0,30.0,28
2026-08-31T01:10:06.090228+00:00,btc-updown-15m-1788138900,15,3988262,57586587833593201750374864079835491019959339520335442216437219486044006274786,2026-08-31T01:15:00+00:00,2026-08-31T01:30:00+00:00,19.9,0.49,0.51,0.5,0.02,55.63,5.63,86
2026-08-31T01:11:06.976278+00:00,btc-updown-5m-1788138600,5,3988252,46307196736840112597410516843320717477595615838259453114031338962212273068302,2026-08-31T01:10:00+00:00,2026-08-31T01:15:00+00:00,3.9,0.38,0.39,0.385,0.01,72.14,95.02,99
2026-08-31T01:11:06.976278+00:00,btc-updown-5m-1788138900,5,3988263,2675091494541214825424040663258972464293124273339188646480072610696267804794,2026-08-31T01:15:00+00:00,2026-08-31T01:20:00+00:00,8.9,0.5,0.51,0.505,0.01,206.91,423.12,99
2026-08-31T01:11:06.976278+00:00,btc-updown-15m-1788138900,15,3988262,57586587833593201750374864079835491019959339520335442216437219486044006274786,2026-08-31T01:15:00+00:00,2026-08-31T01:30:00+00:00,18.9,0.51,0.52,0.515,0.01,498.76,298.99,94
2026-08-31T01:12:07.795180+00:00,btc-updown-5m-1788138600,5,3988252,46307196736840112597410516843320717477595615838259453114031338962212273068302,2026-08-31T01:10:00+00:00,2026-08-31T01:15:00+00:00,2.88,0.23,0.24,0.235,0.01,2.18,25.0,99
2026-08-31T01:12:07.795180+00:00,btc-updown-5m-1788138900,5,3988263,2675091494541214825424040663258972464293124273339188646480072610696267804794,2026-08-31T01:15:00+00:00,2026-08-31T01:20:00+00:00,7.88,0.5,0.51,0.505,0.01,366.91,405.12,99
2026-08-31T01:12:07.795180+00:00,btc-updown-15m-1788138900,15,3988262,57586587833593201750374864079835491019959339520335442216437219486044006274786,2026-08-31T01:15:00+00:00,2026-08-31T01:30:00+00:00,17.88,0.51,0.52,0.515,0.01,458.76,235.14,94
2026-08-31T01:13:08.582511+00:00,btc-updown-5m-1788138600,5,3988252,46307196736840112597410516843320717477595615838259453114031338962212273068302,2026-08-31T01:10:00+00:00,2026-08-31T01:15:00+00:00,1.87,0.02,0.03,0.025,0.01,30.0,300.97,99
2026-08-31T01:13:08.582511+00:00,btc-updown-5m-1788138900,5,3988263,2675091494541214825424040663258972464293124273339188646480072610696267804794,2026-08-31T01:15:00+00:00,2026-08-31T01:20:00+00:00,6.87,0.5,0.51,0.505,0.01,547.73,436.09,99
2026-08-31T01:13:08.582511+00:00,btc-updown-15m-1788138900,15,3988262,57586587833593201750374864079835491019959339520335442216437219486044006274786,2026-08-31T01:15:00+00:00,2026-08-31T01:30:00+00:00,16.87,0.51,0.52,0.515,0.01,350.88,230.0,90
2026-08-31T01:14:09.385600+00:00,btc-updown-5m-1788138900,5,3988263,2675091494541214825424040663258972464293124273339188646480072610696267804794,2026-08-31T01:15:00+00:00,2026-08-31T01:20:00+00:00,5.85,0.51,0.52,0.515,0.01,315.0,36.39,99
2026-08-31T01:14:09.385600+00:00,btc-updown-15m-1788138900,15,3988262,57586587833593201750374864079835491019959339520335442216437219486044006274786,2026-08-31T01:15:00+00:00,2026-08-31T01:30:00+00:00,15.85,0.51,0.52,0.515,0.01,347.26,26.65,95
2026-08-31T01:15:10.070389+00:00,btc-updown-5m-1788138900,5,3988263,2675091494541214825424040663258972464293124273339188646480072610696267804794,2026-08-31T01:15:00+00:00,2026-08-31T01:20:00+00:00,4.83,0.49,0.5,0.495,0.01,151.21,39.0,99
2026-08-31T01:15:10.070389+00:00,btc-updown-5m-1788139200,5,3988276,92038902896587030155928931056664510337861995856678898110285662303501747865923,2026-08-31T01:20:00+00:00,2026-08-31T01:25:00+00:00,9.83,0.5,0.51,0.505,0.01,841.0,477.11,99
2026-08-31T01:15:10.070389+00:00,btc-updown-15m-1788138900,15,3988262,57586587833593201750374864079835491019959339520335442216437219486044006274786,2026-08-31T01:15:00+00:00,2026-08-31T01:30:00+00:00,14.83,0.52,0.53,0.525,0.01,167.0,15.0,92
2026-08-31T01:15:10.070389+00:00,btc-updown-15m-1788139800,15,3988404,75143340593702832696834736633485766857535146065589547715856978936728871915834,2026-08-31T01:30:00+00:00,2026-08-31T01:45:00+00:00,29.83,0.5,0.51,0.505,0.01,471.0,245.4,79
2026-08-31T01:16:10.960292+00:00,btc-updown-5m-1788138900,5,3988263,2675091494541214825424040663258972464293124273339188646480072610696267804794,2026-08-31T01:15:00+00:00,2026-08-31T01:20:00+00:00,3.83,0.28,0.29,0.285,0.01,240.7,145.18,99
2026-08-31T01:16:10.960292+00:00,btc-updown-5m-1788139200,5,3988276,92038902896587030155928931056664510337861995856678898110285662303501747865923,2026-08-31T01:20:00+00:00,2026-08-31T01:25:00+00:00,8.83,0.5,0.51,0.505,0.01,1176.0,237.2,99
2026-08-31T01:16:10.960292+00:00,btc-updown-15m-1788138900,15,3988262,57586587833593201750374864079835491019959339520335442216437219486044006274786,2026-08-31T01:15:00+00:00,2026-08-31T01:30:00+00:00,13.83,0.41,0.42,0.415,0.01,5.0,148.56,99
2026-08-31T01:16:10.960292+00:00,btc-updown-15m-1788139800,15,3988404,75143340593702832696834736633485766857535146065589547715856978936728871915834,2026-08-31T01:30:00+00:00,2026-08-31T01:45:00+00:00,28.83,0.5,0.51,0.505,0.01,521.0,240.4,79
2026-08-31T01:17:11.866358+00:00,btc-updown-5m-1788138900,5,3988263,2675091494541214825424040663258972464293124273339188646480072610696267804794,2026-08-31T01:15:00+00:00,2026-08-31T01:20:00+00:00,2.82,0.49,0.5,0.495,0.01,86.0,185.2,99
2026-08-31T01:17:11.866358+00:00,btc-updown-5m-1788139200,5,3988276,92038902896587030155928931056664510337861995856678898110285662303501747865923,2026-08-31T01:20:00+00:00,2026-08-31T01:25:00+00:00,7.82,0.5,0.51,0.505,0.01,986.0,237.2,99
2026-08-31T01:17:11.866358+00:00,btc-updown-15m-1788138900,15,3988262,57586587833593201750374864079835491019959339520335442216437219486044006274786,2026-08-31T01:15:00+00:00,2026-08-31T01:30:00+00:00,12.82,0.45,0.46,0.455,0.01,91.23,145.0,98
2026-08-31T01:17:11.866358+00:00,btc-updown-15m-1788139800,15,3988404,75143340593702832696834736633485766857535146065589547715856978936728871915834,2026-08-31T01:30:00+00:00,2026-08-31T01:45:00+00:00,27.82,0.5,0.51,0.505,0.01,521.0,240.4,81
2026-08-31T01:18:12.774103+00:00,btc-updown-5m-1788138900,5,3988263,2675091494541214825424040663258972464293124273339188646480072610696267804794,2026-08-31T01:15:00+00:00,2026-08-31T01:20:00+00:00,1.8,0.48,0.49,0.485,0.01,80.68,160.0,99
2026-08-31T01:18:12.774103+00:00,btc-updown-5m-1788139200,5,3988276,92038902896587030155928931056664510337861995856678898110285662303501747865923,2026-08-31T01:20:00+00:00,2026-08-31T01:25:00+00:00,6.8,0.5,0.51,0.505,0.01,563.91,242.1,99
2026-08-31T01:18:12.774103+00:00,btc-updown-15m-1788138900,15,3988262,57586587833593201750374864079835491019959339520335442216437219486044006274786,2026-08-31T01:15:00+00:00,2026-08-31T01:30:00+00:00,11.8,0.49,0.5,0.495,0.01,10.0,60.0,99
2026-08-31T01:18:12.774103+00:00,btc-updown-15m-1788139800,15,3988404,75143340593702832696834736633485766857535146065589547715856978936728871915834,2026-08-31T01:30:00+00:00,2026-08-31T01:45:00+00:00,26.8,0.5,0.51,0.505,0.01,521.0,240.4,81
2026-08-31T01:19:13.679247+00:00,btc-updown-5m-1788138900,5,3988263,2675091494541214825424040663258972464293124273339188646480072610696267804794,2026-08-31T01:15:00+00:00,2026-08-31T01:20:00+00:00,0.78,0.95,0.96,0.955,0.01,6.24,85.6,99
2026-08-31T01:19:13.679247+00:00,btc-updown-5m-1788139200,5,3988276,92038902896587030155928931056664510337861995856678898110285662303501747865923,2026-08-31T01:20:00+00:00,2026-08-31T01:25:00+00:00,5.78,0.51,0.52,0.515,0.01,39.91,115.82,99
2026-08-31T01:19:13.679247+00:00,btc-updown-15m-1788138900,15,3988262,57586587833593201750374864079835491019959339520335442216437219486044006274786,2026-08-31T01:15:00+00:00,2026-08-31T01:30:00+00:00,10.78,0.57,0.58,0.575,0.01,115.0,9.25,99
2026-08-31T01:19:13.679247+00:00,btc-updown-15m-1788139800,15,3988404,75143340593702832696834736633485766857535146065589547715856978936728871915834,2026-08-31T01:30:00+00:00,2026-08-31T01:45:00+00:00,25.78,0.5,0.51,0.505,0.01,500.83,240.4,91
2026-08-31T01:20:14.578805+00:00,btc-updown-5m-1788139200,5,3988276,92038902896587030155928931056664510337861995856678898110285662303501747865923,2026-08-31T01:20:00+00:00,2026-08-31T01:25:00+00:00,4.77,0.83,0.84,0.835,0.01,43.82,48.0,99
2026-08-31T01:20:14.578805+00:00,btc-updown-5m-1788139500,5,3988307,80140511114783233320870479012993537285379881638923482530858620518761683908955,2026-08-31T01:25:00+00:00,2026-08-31T01:30:00+00:00,9.77,0.5,0.51,0.505,0.01,810.0,483.05,99
2026-08-31T01:20:14.578805+00:00,btc-updown-15m-1788138900,15,3988262,57586587833593201750374864079835491019959339520335442216437219486044006274786,2026-08-31T01:15:00+00:00,2026-08-31T01:30:00+00:00,9.77,0.87,0.88,0.875,0.01,143.0,25.0,99
2026-08-31T01:20:14.578805+00:00,btc-updown-15m-1788139800,15,3988404,75143340593702832696834736633485766857535146065589547715856978936728871915834,2026-08-31T01:30:00+00:00,2026-08-31T01:45:00+00:00,24.77,0.5,0.51,0.505,0.01,220.82,260.57,91
2026-08-31T01:21:15.479015+00:00,btc-updown-5m-1788139200,5,3988276,92038902896587030155928931056664510337861995856678898110285662303501747865923,2026-08-31T01:20:00+00:00,2026-08-31T01:25:00+00:00,3.75,0.72,0.73,0.725,0.01,49.85,175.67,99
2026-08-31T01:21:15.479015+00:00,btc-updown-5m-1788139500,5,3988307,80140511114783233320870479012993537285379881638923482530858620518761683908955,2026-08-31T01:25:00+00:00,2026-08-31T01:30:00+00:00,8.75,0.5,0.51,0.505,0.01,713.0,404.67,99
2026-08-31T01:21:15.479015+00:00,btc-updown-15m-1788138900,15,3988262,57586587833593201750374864079835491019959339520335442216437219486044006274786,2026-08-31T01:15:00+00:00,2026-08-31T01:30:00+00:00,8.75,0.81,0.82,0.815,0.01,60.01,129.0,99
2026-08-31T01:21:15.479015+00:00,btc-updown-15m-1788139800,15,3988404,75143340593702832696834736633485766857535146065589547715856978936728871915834,2026-08-31T01:30:00+00:00,2026-08-31T01:45:00+00:00,23.75,0.5,0.51,0.505,0.01,280.82,260.57,91
2026-08-31T01:22:16.392457+00:00,btc-updown-5m-1788139200,5,3988276,92038902896587030155928931056664510337861995856678898110285662303501747865923,2026-08-31T01:20:00+00:00,2026-08-31T01:25:00+00:00,2.73,0.71,0.72,0.715,0.01,104.05,199.0,99
2026-08-31T01:22:16.392457+00:00,btc-updown-5m-1788139500,5,3988307,80140511114783233320870479012993537285379881638923482530858620518761683908955,2026-08-31T01:25:00+00:00,2026-08-31T01:30:00+00:00,7.73,0.5,0.51,0.505,0.01,713.0,346.67,99
2026-08-31T01:22:16.392457+00:00,btc-updown-15m-1788138900,15,3988262,57586587833593201750374864079835491019959339520335442216437219486044006274786,2026-08-31T01:15:00+00:00,2026-08-31T01:30:00+00:00,7.73,0.78,0.79,0.785,0.01,217.35,40.0,98
2026-08-31T01:22:16.392457+00:00,btc-updown-15m-1788139800,15,3988404,75143340593702832696834736633485766857535146065589547715856978936728871915834,2026-08-31T01:30:00+00:00,2026-08-31T01:45:00+00:00,22.73,0.5,0.51,0.505,0.01,280.82,240.4,91
2026-08-31T01:23:17.416853+00:00,btc-updown-5m-1788139200,5,3988276,92038902896587030155928931056664510337861995856678898110285662303501747865923,2026-08-31T01:20:00+00:00,2026-08-31T01:25:00+00:00,1.72,0.98,0.99,0.985,0.01,703.52,1498.41,99
2026-08-31T01:23:17.416853+00:00,btc-updown-5m-1788139500,5,3988307,80140511114783233320870479012993537285379881638923482530858620518761683908955,2026-08-31T01:25:00+00:00,2026-08-31T01:30:00+00:00,6.72,0.5,0.51,0.505,0.01,109.27,305.04,99
2026-08-31T01:23:17.416853+00:00,btc-updown-15m-1788138900,15,3988262,57586587833593201750374864079835491019959339520335442216437219486044006274786,2026-08-31T01:15:00+00:00,2026-08-31T01:30:00+00:00,6.72,0.93,0.94,0.935,0.01,174.99,10.0,99
2026-08-31T01:23:17.416853+00:00,btc-updown-15m-1788139800,15,3988404,75143340593702832696834736633485766857535146065589547715856978936728871915834,2026-08-31T01:30:00+00:00,2026-08-31T01:45:00+00:00,21.72,0.5,0.51,0.505,0.01,211.0,220.17,91
2026-08-31T01:24:18.323066+00:00,btc-updown-5m-1788139500,5,3988307,80140511114783233320870479012993537285379881638923482530858620518761683908955,2026-08-31T01:25:00+00:00,2026-08-31T01:30:00+00:00,5.7,0.5,0.51,0.505,0.01,182.97,210.0,99
2026-08-31T01:24:18.323066+00:00,btc-updown-15m-1788138900,15,3988262,57586587833593201750374864079835491019959339520335442216437219486044006274786,2026-08-31T01:15:00+00:00,2026-08-31T01:30:00+00:00,5.7,0.93,0.94,0.935,0.01,46.48,161.0,99
2026-08-31T01:24:18.323066+00:00,btc-updown-15m-1788139800,15,3988404,75143340593702832696834736633485766857535146065589547715856978936728871915834,2026-08-31T01:30:00+00:00,2026-08-31T01:45:00+00:00,20.7,0.5,0.51,0.505,0.01,220.82,320.17,91
2026-08-31T01:25:19.094859+00:00,btc-updown-5m-1788139500,5,3988307,80140511114783233320870479012993537285379881638923482530858620518761683908955,2026-08-31T01:25:00+00:00,2026-08-31T01:30:00+00:00,4.68,0.61,0.62,0.615,0.01,227.0,228.16,99
2026-08-31T01:25:19.094859+00:00,btc-updown-5m-1788139800,5,3988416,109281388494518492891719042321433882753687272832875071733389871576878491250012,2026-08-31T01:30:00+00:00,2026-08-31T01:35:00+00:00,9.68,0.5,0.51,0.505,0.01,30.79,507.23,99
2026-08-31T01:25:19.094859+00:00,btc-updown-15m-1788138900,15,3988262,57586587833593201750374864079835491019959339520335442216437219486044006274786,2026-08-31T01:15:00+00:00,2026-08-31T01:30:00+00:00,4.68,0.97,0.98,0.975,0.01,107.3,150.0,99
2026-08-31T01:25:19.094859+00:00,btc-updown-15m-1788139800,15,3988404,75143340593702832696834736633485766857535146065589547715856978936728871915834,2026-08-31T01:30:00+00:00,2026-08-31T01:45:00+00:00,19.68,0.5,0.51,0.505,0.01,266.0,429.17,91
2026-08-31T01:26:19.968500+00:00,btc-updown-5m-1788139500,5,3988307,80140511114783233320870479012993537285379881638923482530858620518761683908955,2026-08-31T01:25:00+00:00,2026-08-31T01:30:00+00:00,3.68,0.81,0.82,0.815,0.01,513.53,35.54,99
2026-08-31T01:26:19.968500+00:00,btc-updown-5m-1788139800,5,3988416,109281388494518492891719042321433882753687272832875071733389871576878491250012,2026-08-31T01:30:00+00:00,2026-08-31T01:35:00+00:00,8.68,0.5,0.51,0.505,0.01,30.79,449.0,99
2026-08-31T01:26:19.968500+00:00,btc-updown-15m-1788139800,15,3988404,75143340593702832696834736633485766857535146065589547715856978936728871915834,2026-08-31T01:30:00+00:00,2026-08-31T01:45:00+00:00,18.68,0.5,0.51,0.505,0.01,206.24,569.17,95
2026-08-31T01:27:20.768817+00:00,btc-updown-5m-1788139500,5,3988307,80140511114783233320870479012993537285379881638923482530858620518761683908955,2026-08-31T01:25:00+00:00,2026-08-31T01:30:00+00:00,2.67,0.38,0.39,0.385,0.01,302.93,129.19,99
2026-08-31T01:27:20.768817+00:00,btc-updown-5m-1788139800,5,3988416,109281388494518492891719042321433882753687272832875071733389871576878491250012,2026-08-31T01:30:00+00:00,2026-08-31T01:35:00+00:00,7.67,0.5,0.51,0.505,0.01,35.79,421.19,99
2026-08-31T01:27:20.768817+00:00,btc-updown-15m-1788138900,15,3988262,57586587833593201750374864079835491019959339520335442216437219486044006274786,2026-08-31T01:15:00+00:00,2026-08-31T01:30:00+00:00,2.67,0.98,0.99,0.985,0.01,60.0,81.81,99
2026-08-31T01:27:20.768817+00:00,btc-updown-15m-1788139800,15,3988404,75143340593702832696834736633485766857535146065589547715856978936728871915834,2026-08-31T01:30:00+00:00,2026-08-31T01:45:00+00:00,17.67,0.5,0.51,0.505,0.01,206.24,479.17,95
2026-08-31T01:28:21.686582+00:00,btc-updown-5m-1788139500,5,3988307,80140511114783233320870479012993537285379881638923482530858620518761683908955,2026-08-31T01:25:00+00:00,2026-08-31T01:30:00+00:00,1.65,0.76,0.77,0.765,0.01,72.1,193.81,99
2026-08-31T01:28:21.686582+00:00,btc-updown-5m-1788139800,5,3988416,109281388494518492891719042321433882753687272832875071733389871576878491250012,2026-08-31T01:30:00+00:00,2026-08-31T01:35:00+00:00,6.65,0.5,0.51,0.505,0.01,30.7,421.09,99
2026-08-31T01:28:21.686582+00:00,btc-updown-15m-1788138900,15,3988262,57586587833593201750374864079835491019959339520335442216437219486044006274786,2026-08-31T01:15:00+00:00,2026-08-31T01:30:00+00:00,1.65,0.998,0.999,0.9985,0.001,724.78,1632.7,111
2026-08-31T01:28:21.686582+00:00,btc-updown-15m-1788139800,15,3988404,75143340593702832696834736633485766857535146065589547715856978936728871915834,2026-08-31T01:30:00+00:00,2026-08-31T01:45:00+00:00,16.65,0.5,0.51,0.505,0.01,456.83,479.17,95
2026-08-31T01:29:22.620031+00:00,btc-updown-5m-1788139500,5,3988307,80140511114783233320870479012993537285379881638923482530858620518761683908955,2026-08-31T01:25:00+00:00,2026-08-31T01:30:00+00:00,0.63,0.92,0.93,0.925,0.01,96.0,236.27,99
2026-08-31T01:29:22.620031+00:00,btc-updown-5m-1788139800,5,3988416,109281388494518492891719042321433882753687272832875071733389871576878491250012,2026-08-31T01:30:00+00:00,2026-08-31T01:35:00+00:00,5.63,0.47,0.5,0.485,0.03,278.28,144.0,97
2026-08-31T01:29:22.620031+00:00,btc-updown-15m-1788139800,15,3988404,75143340593702832696834736633485766857535146065589547715856978936728871915834,2026-08-31T01:30:00+00:00,2026-08-31T01:45:00+00:00,15.63,0.5,0.51,0.505,0.01,504.83,302.2,94
2026-08-31T01:30:23.432962+00:00,btc-updown-5m-1788139800,5,3988416,109281388494518492891719042321433882753687272832875071733389871576878491250012,2026-08-31T01:30:00+00:00,2026-08-31T01:35:00+00:00,4.62,0.38,0.39,0.385,0.01,110.0,319.67,99
2026-08-31T01:30:23.432962+00:00,btc-updown-5m-1788140100,5,3988479,107871124712274381082346915006443364801955003754962950208278070621282646249112,2026-08-31T01:35:00+00:00,2026-08-31T01:40:00+00:00,9.62,0.5,0.51,0.505,0.01,789.0,553.28,99
2026-08-31T01:30:23.432962+00:00,btc-updown-15m-1788139800,15,3988404,75143340593702832696834736633485766857535146065589547715856978936728871915834,2026-08-31T01:30:00+00:00,2026-08-31T01:45:00+00:00,14.62,0.44,0.45,0.445,0.01,81.01,11.46,99
2026-08-31T01:30:23.432962+00:00,btc-updown-15m-1788140700,15,3988564,1452598333829347903641367343807568686853704035411968829200404775427808788955,2026-08-31T01:45:00+00:00,2026-08-31T02:00:00+00:00,29.62,0.5,0.51,0.505,0.01,286.0,290.83,91
2026-08-31T01:31:24.412579+00:00,btc-updown-5m-1788139800,5,3988416,109281388494518492891719042321433882753687272832875071733389871576878491250012,2026-08-31T01:30:00+00:00,2026-08-31T01:35:00+00:00,3.6,0.37,0.38,0.375,0.01,412.93,72.82,99
2026-08-31T01:31:24.412579+00:00,btc-updown-5m-1788140100,5,3988479,107871124712274381082346915006443364801955003754962950208278070621282646249112,2026-08-31T01:35:00+00:00,2026-08-31T01:40:00+00:00,8.6,0.5,0.51,0.505,0.01,729.0,500.07,99
2026-08-31T01:31:24.412579+00:00,btc-updown-15m-1788139800,15,3988404,75143340593702832696834736633485766857535146065589547715856978936728871915834,2026-08-31T01:30:00+00:00,2026-08-31T01:45:00+00:00,13.6,0.44,0.45,0.445,0.01,123.71,25.0,99
2026-08-31T01:31:24.412579+00:00,btc-updown-15m-1788140700,15,3988564,1452598333829347903641367343807568686853704035411968829200404775427808788955,2026-08-31T01:45:00+00:00,2026-08-31T02:00:00+00:00,28.6,0.5,0.51,0.505,0.01,336.0,290.83,91
2026-08-31T01:32:25.300859+00:00,btc-updown-5m-1788139800,5,3988416,109281388494518492891719042321433882753687272832875071733389871576878491250012,2026-08-31T01:30:00+00:00,2026-08-31T01:35:00+00:00,2.58,0.07,0.08,0.075,0.01,258.0,65.0,99
2026-08-31T01:32:25.300859+00:00,btc-updown-5m-1788140100,5,3988479,107871124712274381082346915006443364801955003754962950208278070621282646249112,2026-08-31T01:35:00+00:00,2026-08-31T01:40:00+00:00,7.58,0.5,0.51,0.505,0.01,709.91,417.32,99
2026-08-31T01:32:25.300859+00:00,btc-updown-15m-1788139800,15,3988404,75143340593702832696834736633485766857535146065589547715856978936728871915834,2026-08-31T01:30:00+00:00,2026-08-31T01:45:00+00:00,12.58,0.28,0.29,0.285,0.01,5.0,240.02,99
2026-08-31T01:32:25.300859+00:00,btc-updown-15m-1788140700,15,3988564,1452598333829347903641367343807568686853704035411968829200404775427808788955,2026-08-31T01:45:00+00:00,2026-08-31T02:00:00+00:00,27.58,0.5,0.51,0.505,0.01,516.0,290.83,91
2026-08-31T01:33:26.186707+00:00,btc-updown-5m-1788139800,5,3988416,109281388494518492891719042321433882753687272832875071733389871576878491250012,2026-08-31T01:30:00+00:00,2026-08-31T01:35:00+00:00,1.57,0.09,0.1,0.095,0.01,179.0,297.84,99
2026-08-31T01:33:26.186707+00:00,btc-updown-5m-1788140100,5,3988479,107871124712274381082346915006443364801955003754962950208278070621282646249112,2026-08-31T01:35:00+00:00,2026-08-31T01:40:00+00:00,6.57,0.5,0.51,0.505,0.01,128.91,398.6,99
2026-08-31T01:33:26.186707+00:00,btc-updown-15m-1788139800,15,3988404,75143340593702832696834736633485766857535146065589547715856978936728871915834,2026-08-31T01:30:00+00:00,2026-08-31T01:45:00+00:00,11.57,0.34,0.35,0.345,0.01,144.2,140.0,99
2026-08-31T01:33:26.186707+00:00,btc-updown-15m-1788140700,15,3988564,1452598333829347903641367343807568686853704035411968829200404775427808788955,2026-08-31T01:45:00+00:00,2026-08-31T02:00:00+00:00,26.57,0.5,0.51,0.505,0.01,249.84,255.0,91
2026-08-31T01:34:27.064794+00:00,btc-updown-5m-1788140100,5,3988479,107871124712274381082346915006443364801955003754962950208278070621282646249112,2026-08-31T01:35:00+00:00,2026-08-31T01:40:00+00:00,5.55,0.52,0.53,0.525,0.01,188.0,55.0,99
2026-08-31T01:34:27.064794+00:00,btc-updown-15m-1788139800,15,3988404,75143340593702832696834736633485766857535146065589547715856978936728871915834,2026-08-31T01:30:00+00:00,2026-08-31T01:45:00+00:00,10.55,0.27,0.28,0.275,0.01,119.61,122.93,99
2026-08-31T01:34:27.064794+00:00,btc-updown-15m-1788140700,15,3988564,1452598333829347903641367343807568686853704035411968829200404775427808788955,2026-08-31T01:45:00+00:00,2026-08-31T02:00:00+00:00,25.55,0.5,0.51,0.505,0.01,369.84,255.0,99
2026-08-31T01:35:27.849697+00:00,btc-updown-5m-1788140100,5,3988479,107871124712274381082346915006443364801955003754962950208278070621282646249112,2026-08-31T01:35:00+00:00,2026-08-31T01:40:00+00:00,4.55,0.53,0.54,0.535,0.01,241.0,24.0,99
2026-08-31T01:35:27.849697+00:00,btc-updown-5m-1788140400,5,3988510,105204638657044313158768831391818257544121624331831301119863356379986668066148,2026-08-31T01:40:00+00:00,2026-08-31T01:45:00+00:00,9.55,0.5,0.51,0.505,0.01,832.36,436.41,99
2026-08-31T01:35:27.849697+00:00,btc-updown-15m-1788139800,15,3988404,75143340593702832696834736633485766857535146065589547715856978936728871915834,2026-08-31T01:30:00+00:00,2026-08-31T01:45:00+00:00,9.55,0.28,0.29,0.285,0.01,13.61,741.93,99
2026-08-31T01:35:27.849697+00:00,btc-updown-15m-1788140700,15,3988564,1452598333829347903641367343807568686853704035411968829200404775427808788955,2026-08-31T01:45:00+00:00,2026-08-31T02:00:00+00:00,24.55,0.5,0.51,0.505,0.01,369.84,255.0,99
2026-08-31T01:36:28.771417+00:00,btc-updown-5m-1788140100,5,3988479,107871124712274381082346915006443364801955003754962950208278070621282646249112,2026-08-31T01:35:00+00:00,2026-08-31T01:40:00+00:00,3.53,0.81,0.82,0.815,0.01,60.0,136.78,99
2026-08-31T01:36:28.771417+00:00,btc-updown-5m-1788140400,5,3988510,105204638657044313158768831391818257544121624331831301119863356379986668066148,2026-08-31T01:40:00+00:00,2026-08-31T01:45:00+00:00,8.53,0.5,0.51,0.505,0.01,822.36,432.03,99
2026-08-31T01:36:28.771417+00:00,btc-updown-15m-1788139800,15,3988404,75143340593702832696834736633485766857535146065589547715856978936728871915834,2026-08-31T01:30:00+00:00,2026-08-31T01:45:00+00:00,8.53,0.38,0.39,0.385,0.01,239.0,35.0,99
2026-08-31T01:36:28.771417+00:00,btc-updown-15m-1788140700,15,3988564,1452598333829347903641367343807568686853704035411968829200404775427808788955,2026-08-31T01:45:00+00:00,2026-08-31T02:00:00+00:00,23.53,0.5,0.51,0.505,0.01,189.84,255.0,99
2026-08-31T01:37:29.656867+00:00,btc-updown-5m-1788140100,5,3988479,107871124712274381082346915006443364801955003754962950208278070621282646249112,2026-08-31T01:35:00+00:00,2026-08-31T01:40:00+00:00,2.52,0.81,0.82,0.815,0.01,233.77,56.34,99
2026-08-31T01:37:29.656867+00:00,btc-updown-5m-1788140400,5,3988510,105204638657044313158768831391818257544121624331831301119863356379986668066148,2026-08-31T01:40:00+00:00,2026-08-31T01:45:00+00:00,7.52,0.5,0.51,0.505,0.01,822.36,423.85,99
2026-08-31T01:37:29.656867+00:00,btc-updown-15m-1788139800,15,3988404,75143340593702832696834736633485766857535146065589547715856978936728871915834,2026-08-31T01:30:00+00:00,2026-08-31T01:45:00+00:00,7.52,0.37,0.38,0.375,0.01,70.0,10.0,99
2026-08-31T01:37:29.656867+00:00,btc-updown-15m-1788140700,15,3988564,1452598333829347903641367343807568686853704035411968829200404775427808788955,2026-08-31T01:45:00+00:00,2026-08-31T02:00:00+00:00,22.52,0.5,0.51,0.505,0.01,189.84,265.0,99
2026-08-31T01:38:30.536238+00:00,btc-updown-5m-1788140100,5,3988479,107871124712274381082346915006443364801955003754962950208278070621282646249112,2026-08-31T01:35:00+00:00,2026-08-31T01:40:00+00:00,1.5,0.92,0.93,0.925,0.01,286.0,191.15,99
2026-08-31T01:38:30.536238+00:00,btc-updown-5m-1788140400,5,3988510,105204638657044313158768831391818257544121624331831301119863356379986668066148,2026-08-31T01:40:00+00:00,2026-08-31T01:45:00+00:00,6.5,0.5,0.51,0.505,0.01,120.0,237.33,99
2026-08-31T01:38:30.536238+00:00,btc-updown-15m-1788139800,15,3988404,75143340593702832696834736633485766857535146065589547715856978936728871915834,2026-08-31T01:30:00+00:00,2026-08-31T01:45:00+00:00,6.5,0.4,0.41,0.405,0.01,149.0,22.56,98
2026-08-31T01:38:30.536238+00:00,btc-updown-15m-1788140700,15,3988564,1452598333829347903641367343807568686853704035411968829200404775427808788955,2026-08-31T01:45:00+00:00,2026-08-31T02:00:00+00:00,21.5,0.5,0.51,0.505,0.01,189.84,265.0,99
2026-08-31T01:39:31.582626+00:00,btc-updown-5m-1788140400,5,3988510,105204638657044313158768831391818257544121624331831301119863356379986668066148,2026-08-31T01:40:00+00:00,2026-08-31T01:45:00+00:00,5.48,0.61,0.66,0.635,0.05,15.0,183.4,95
2026-08-31T01:39:31.582626+00:00,btc-updown-15m-1788139800,15,3988404,75143340593702832696834736633485766857535146065589547715856978936728871915834,2026-08-31T01:30:00+00:00,2026-08-31T01:45:00+00:00,5.48,0.8,0.81,0.805,0.01,44.0,32.0,99
2026-08-31T01:39:31.582626+00:00,btc-updown-15m-1788140700,15,3988564,1452598333829347903641367343807568686853704035411968829200404775427808788955,2026-08-31T01:45:00+00:00,2026-08-31T02:00:00+00:00,20.48,0.5,0.51,0.505,0.01,159.84,425.0,99
2026-08-31T01:40:32.368663+00:00,btc-updown-5m-1788140400,5,3988510,105204638657044313158768831391818257544121624331831301119863356379986668066148,2026-08-31T01:40:00+00:00,2026-08-31T01:45:00+00:00,4.47,0.67,0.68,0.675,0.01,242.88,64.99,99
2026-08-31T01:40:32.368663+00:00,btc-updown-5m-1788140700,5,3988570,63481011056091384114132808353138016378275203222510979979216183056858648543902,2026-08-31T01:45:00+00:00,2026-08-31T01:50:00+00:00,9.47,0.5,0.51,0.505,0.01,793.72,352.46,99
2026-08-31T01:40:32.368663+00:00,btc-updown-15m-1788139800,15,3988404,75143340593702832696834736633485766857535146065589547715856978936728871915834,2026-08-31T01:30:00+00:00,2026-08-31T01:45:00+00:00,4.47,0.73,0.74,0.735,0.01,25.0,31.18,99
2026-08-31T01:40:32.368663+00:00,btc-updown-15m-1788140700,15,3988564,1452598333829347903641367343807568686853704035411968829200404775427808788955,2026-08-31T01:45:00+00:00,2026-08-31T02:00:00+00:00,19.47,0.5,0.51,0.505,0.01,159.84,629.08,99
2026-08-31T01:41:33.242811+00:00,btc-updown-5m-1788140400,5,3988510,105204638657044313158768831391818257544121624331831301119863356379986668066148,2026-08-31T01:40:00+00:00,2026-08-31T01:45:00+00:00,3.45,0.55,0.56,0.555,0.01,313.09,49.19,99
2026-08-31T01:41:33.242811+00:00,btc-updown-5m-1788140700,5,3988570,63481011056091384114132808353138016378275203222510979979216183056858648543902,2026-08-31T01:45:00+00:00,2026-08-31T01:50:00+00:00,8.45,0.5,0.51,0.505,0.01,798.72,348.65,99
2026-08-31T01:41:33.242811+00:00,btc-updown-15m-1788139800,15,3988404,75143340593702832696834736633485766857535146065589547715856978936728871915834,2026-08-31T01:30:00+00:00,2026-08-31T01:45:00+00:00,3.45,0.67,0.68,0.675,0.01,50.0,34.0,99
2026-08-31T01:41:33.242811+00:00,btc-updown-15m-1788140700,15,3988564,1452598333829347903641367343807568686853704035411968829200404775427808788955,2026-08-31T01:45:00+00:00,2026-08-31T02:00:00+00:00,18.45,0.5,0.51,0.505,0.01,265.14,609.08,99
2026-08-31T01:42:34.117695+00:00,btc-updown-5m-1788140400,5,3988510,105204638657044313158768831391818257544121624331831301119863356379986668066148,2026-08-31T01:40:00+00:00,2026-08-31T01:45:00+00:00,2.43,0.36,0.37,0.365,0.01,317.09,133.48,99
2026-08-31T01:42:34.117695+00:00,btc-updown-5m-1788140700,5,3988570,63481011056091384114132808353138016378275203222510979979216183056858648543902,2026-08-31T01:45:00+00:00,2026-08-31T01:50:00+00:00,7.43,0.5,0.51,0.505,0.01,798.72,321.87,99
2026-08-31T01:42:34.117695+00:00,btc-updown-15m-1788139800,15,3988404,75143340593702832696834736633485766857535146065589547715856978936728871915834,2026-08-31T01:30:00+00:00,2026-08-31T01:45:00+00:00,2.43,0.48,0.49,0.485,0.01,38.97,451.17,99
2026-08-31T01:42:34.117695+00:00,btc-updown-15m-1788140700,15,3988564,1452598333829347903641367343807568686853704035411968829200404775427808788955,2026-08-31T01:45:00+00:00,2026-08-31T02:00:00+00:00,17.43,0.5,0.51,0.505,0.01,315.14,469.08,99
2026-08-31T01:43:34.996275+00:00,btc-updown-5m-1788140400,5,3988510,105204638657044313158768831391818257544121624331831301119863356379986668066148,2026-08-31T01:40:00+00:00,2026-08-31T01:45:00+00:00,1.43,0.02,0.03,0.025,0.01,690.41,303.95,99
2026-08-31T01:43:34.996275+00:00,btc-updown-5m-1788140700,5,3988570,63481011056091384114132808353138016378275203222510979979216183056858648543902,2026-08-31T01:45:00+00:00,2026-08-31T01:50:00+00:00,6.43,0.5,0.51,0.505,0.01,173.12,272.87,99
2026-08-31T01:43:34.996275+00:00,btc-updown-15m-1788139800,15,3988404,75143340593702832696834736633485766857535146065589547715856978936728871915834,2026-08-31T01:30:00+00:00,2026-08-31T01:45:00+00:00,1.43,0.08,0.09,0.085,0.01,50.93,5.53,99
2026-08-31T01:43:34.996275+00:00,btc-updown-15m-1788140700,15,3988564,1452598333829347903641367343807568686853704035411968829200404775427808788955,2026-08-31T01:45:00+00:00,2026-08-31T02:00:00+00:00,16.43,0.5,0.51,0.505,0.01,265.14,128.36,99
2026-08-31T01:44:35.871858+00:00,btc-updown-5m-1788140700,5,3988570,63481011056091384114132808353138016378275203222510979979216183056858648543902,2026-08-31T01:45:00+00:00,2026-08-31T01:50:00+00:00,5.42,0.49,0.5,0.495,0.01,151.0,42.0,96
2026-08-31T01:44:35.871858+00:00,btc-updown-15m-1788140700,15,3988564,1452598333829347903641367343807568686853704035411968829200404775427808788955,2026-08-31T01:45:00+00:00,2026-08-31T02:00:00+00:00,15.42,0.5,0.51,0.505,0.01,250.0,349.53,96
2026-08-31T01:45:36.564658+00:00,btc-updown-5m-1788140700,5,3988570,63481011056091384114132808353138016378275203222510979979216183056858648543902,2026-08-31T01:45:00+00:00,2026-08-31T01:50:00+00:00,4.4,0.79,0.8,0.795,0.01,64.69,196.45,99
2026-08-31T01:45:36.564658+00:00,btc-updown-5m-1788141000,5,3988584,96028942302990979090287925538845864037738026322666143593813690004754820165753,2026-08-31T01:50:00+00:00,2026-08-31T01:55:00+00:00,9.4,0.49,0.51,0.5,0.02,501.13,574.81,98
2026-08-31T01:45:36.564658+00:00,btc-updown-15m-1788140700,15,3988564,1452598333829347903641367343807568686853704035411968829200404775427808788955,2026-08-31T01:45:00+00:00,2026-08-31T02:00:00+00:00,14.4,0.67,0.68,0.675,0.01,150.0,16.04,99
2026-08-31T01:45:36.564658+00:00,btc-updown-15m-1788141600,15,3988629,54694952322200110203519444586867766946088060977451084147004168729416838964594,2026-08-31T02:00:00+00:00,2026-08-31T02:15:00+00:00,29.4,0.5,0.51,0.505,0.01,261.0,594.49,73
2026-08-31T01:46:37.479443+00:00,btc-updown-5m-1788140700,5,3988570,63481011056091384114132808353138016378275203222510979979216183056858648543902,2026-08-31T01:45:00+00:00,2026-08-31T01:50:00+00:00,3.38,0.82,0.83,0.825,0.01,207.99,140.59,99
2026-08-31T01:46:37.479443+00:00,btc-updown-5m-1788141000,5,3988584,96028942302990979090287925538845864037738026322666143593813690004754820165753,2026-08-31T01:50:00+00:00,2026-08-31T01:55:00+00:00,8.38,0.5,0.51,0.505,0.01,20.0,488.76,99
2026-08-31T01:46:37.479443+00:00,btc-updown-15m-1788140700,15,3988564,1452598333829347903641367343807568686853704035411968829200404775427808788955,2026-08-31T01:45:00+00:00,2026-08-31T02:00:00+00:00,13.38,0.67,0.68,0.675,0.01,65.0,17.64,99
2026-08-31T01:46:37.479443+00:00,btc-updown-15m-1788141600,15,3988629,54694952322200110203519444586867766946088060977451084147004168729416838964594,2026-08-31T02:00:00+00:00,2026-08-31T02:15:00+00:00,28.38,0.5,0.51,0.505,0.01,261.0,694.49,72
2026-08-31T01:47:38.354851+00:00,btc-updown-5m-1788140700,5,3988570,63481011056091384114132808353138016378275203222510979979216183056858648543902,2026-08-31T01:45:00+00:00,2026-08-31T01:50:00+00:00,2.37,0.57,0.6,0.585,0.03,282.65,58.0,97
2026-08-31T01:47:38.354851+00:00,btc-updown-5m-1788141000,5,3988584,96028942302990979090287925538845864037738026322666143593813690004754820165753,2026-08-31T01:50:00+00:00,2026-08-31T01:55:00+00:00,7.37,0.5,0.51,0.505,0.01,23.0,308.79,99
2026-08-31T01:47:38.354851+00:00,btc-updown-15m-1788140700,15,3988564,1452598333829347903641367343807568686853704035411968829200404775427808788955,2026-08-31T01:45:00+00:00,2026-08-31T02:00:00+00:00,12.37,0.51,0.52,0.515,0.01,151.16,9.46,99
2026-08-31T01:47:38.354851+00:00,btc-updown-15m-1788141600,15,3988629,54694952322200110203519444586867766946088060977451084147004168729416838964594,2026-08-31T02:00:00+00:00,2026-08-31T02:15:00+00:00,27.37,0.5,0.51,0.505,0.01,338.83,465.5,74
2026-08-31T01:48:39.371168+00:00,btc-updown-5m-1788140700,5,3988570,63481011056091384114132808353138016378275203222510979979216183056858648543902,2026-08-31T01:45:00+00:00,2026-08-31T01:50:00+00:00,1.35,0.36,0.37,0.365,0.01,193.18,240.15,99
2026-08-31T01:48:39.371168+00:00,btc-updown-5m-1788141000,5,3988584,96028942302990979090287925538845864037738026322666143593813690004754820165753,2026-08-31T01:50:00+00:00,2026-08-31T01:55:00+00:00,6.35,0.5,0.51,0.505,0.01,28.0,118.79,99
2026-08-31T01:48:39.371168+00:00,btc-updown-15m-1788140700,15,3988564,1452598333829347903641367343807568686853704035411968829200404775427808788955,2026-08-31T01:45:00+00:00,2026-08-31T02:00:00+00:00,11.35,0.44,0.45,0.445,0.01,20.68,134.27,99
2026-08-31T01:48:39.371168+00:00,btc-updown-15m-1788141600,15,3988629,54694952322200110203519444586867766946088060977451084147004168729416838964594,2026-08-31T02:00:00+00:00,2026-08-31T02:15:00+00:00,26.35,0.5,0.51,0.505,0.01,384.83,465.5,74
2026-08-31T01:49:40.360871+00:00,btc-updown-5m-1788141000,5,3988584,96028942302990979090287925538845864037738026322666143593813690004754820165753,2026-08-31T01:50:00+00:00,2026-08-31T01:55:00+00:00,5.33,0.5,0.53,0.515,0.03,103.0,26.66,93
2026-08-31T01:49:40.360871+00:00,btc-updown-15m-1788140700,15,3988564,1452598333829347903641367343807568686853704035411968829200404775427808788955,2026-08-31T01:45:00+00:00,2026-08-31T02:00:00+00:00,10.33,0.5,0.51,0.505,0.01,101.8,0.83,98
2026-08-31T01:49:40.360871+00:00,btc-updown-15m-1788141600,15,3988629,54694952322200110203519444586867766946088060977451084147004168729416838964594,2026-08-31T02:00:00+00:00,2026-08-31T02:15:00+00:00,25.33,0.5,0.51,0.505,0.01,334.83,261.42,82
2026-08-31T01:50:41.149567+00:00,btc-updown-5m-1788141000,5,3988584,96028942302990979090287925538845864037738026322666143593813690004754820165753,2026-08-31T01:50:00+00:00,2026-08-31T01:55:00+00:00,4.32,0.65,0.66,0.655,0.01,193.14,126.29,99
2026-08-31T01:50:41.149567+00:00,btc-updown-5m-1788141300,5,3988598,112642981755493176610869102946422400290970151185771308281795387964196289693064,2026-08-31T01:55:00+00:00,2026-08-31T02:00:00+00:00,9.32,0.5,0.51,0.505,0.01,674.04,249.0,99
2026-08-31T01:50:41.149567+00:00,btc-updown-15m-1788140700,15,3988564,1452598333829347903641367343807568686853704035411968829200404775427808788955,2026-08-31T01:45:00+00:00,2026-08-31T02:00:00+00:00,9.32,0.52,0.53,0.525,0.01,107.0,128.0,99
2026-08-31T01:50:41.149567+00:00,btc-updown-15m-1788141600,15,3988629,54694952322200110203519444586867766946088060977451084147004168729416838964594,2026-08-31T02:00:00+00:00,2026-08-31T02:15:00+00:00,24.32,0.5,0.51,0.505,0.01,274.83,261.42,82
2026-08-31T01:51:42.133698+00:00,btc-updown-5m-1788141000,5,3988584,96028942302990979090287925538845864037738026322666143593813690004754820165753,2026-08-31T01:50:00+00:00,2026-08-31T01:55:00+00:00,3.3,0.72,0.73,0.725,0.01,59.27,252.56,99
2026-08-31T01:51:42.133698+00:00,btc-updown-5m-1788141300,5,3988598,112642981755493176610869102946422400290970151185771308281795387964196289693064,2026-08-31T01:55:00+00:00,2026-08-31T02:00:00+00:00,8.3,0.5,0.51,0.505,0.01,674.04,249.0,99
2026-08-31T01:51:42.133698+00:00,btc-updown-15m-1788140700,15,3988564,1452598333829347903641367343807568686853704035411968829200404775427808788955,2026-08-31T01:45:00+00:00,2026-08-31T02:00:00+00:00,8.3,0.55,0.56,0.555,0.01,5431.25,183.01,99
2026-08-31T01:51:42.133698+00:00,btc-updown-15m-1788141600,15,3988629,54694952322200110203519444586867766946088060977451084147004168729416838964594,2026-08-31T02:00:00+00:00,2026-08-31T02:15:00+00:00,23.3,0.5,0.51,0.505,0.01,274.83,261.42,82
2026-08-31T01:52:43.029727+00:00,btc-updown-5m-1788141000,5,3988584,96028942302990979090287925538845864037738026322666143593813690004754820165753,2026-08-31T01:50:00+00:00,2026-08-31T01:55:00+00:00,2.28,0.59,0.6,0.595,0.01,15.0,82.0,98
2026-08-31T01:52:43.029727+00:00,btc-updown-5m-1788141300,5,3988598,112642981755493176610869102946422400290970151185771308281795387964196289693064,2026-08-31T01:55:00+00:00,2026-08-31T02:00:00+00:00,7.28,0.5,0.51,0.505,0.01,674.04,237.07,99
2026-08-31T01:52:43.029727+00:00,btc-updown-15m-1788140700,15,3988564,1452598333829347903641367343807568686853704035411968829200404775427808788955,2026-08-31T01:45:00+00:00,2026-08-31T02:00:00+00:00,7.28,0.34,0.36,0.35,0.02,10.0,15.0,96
2026-08-31T01:52:43.029727+00:00,btc-updown-15m-1788141600,15,3988629,54694952322200110203519444586867766946088060977451084147004168729416838964594,2026-08-31T02:00:00+00:00,2026-08-31T02:15:00+00:00,22.28,0.5,0.51,0.505,0.01,274.83,261.42,82
2026-08-31T01:53:43.913235+00:00,btc-updown-5m-1788141000,5,3988584,96028942302990979090287925538845864037738026322666143593813690004754820165753,2026-08-31T01:50:00+00:00,2026-08-31T01:55:00+00:00,1.28,0.26,0.27,0.265,0.01,136.92,650.07,99
2026-08-31T01:53:43.913235+00:00,btc-updown-5m-1788141300,5,3988598,112642981755493176610869102946422400290970151185771308281795387964196289693064,2026-08-31T01:55:00+00:00,2026-08-31T02:00:00+00:00,6.28,0.49,0.5,0.495,0.01,278.33,61.1,99
2026-08-31T01:53:43.913235+00:00,btc-updown-15m-1788140700,15,3988564,1452598333829347903641367343807568686853704035411968829200404775427808788955,2026-08-31T01:45:00+00:00,2026-08-31T02:00:00+00:00,6.28,0.2,0.21,0.205,0.01,174.0,20.0,99
2026-08-31T01:53:43.913235+00:00,btc-updown-15m-1788141600,15,3988629,54694952322200110203519444586867766946088060977451084147004168729416838964594,2026-08-31T02:00:00+00:00,2026-08-31T02:15:00+00:00,21.28,0.5,0.51,0.505,0.01,384.83,261.42,83
2026-08-31T01:54:44.791546+00:00,btc-updown-5m-1788141300,5,3988598,112642981755493176610869102946422400290970151185771308281795387964196289693064,2026-08-31T01:55:00+00:00,2026-08-31T02:00:00+00:00,5.27,0.55,0.56,0.555,0.01,50.0,25.0,99
2026-08-31T01:54:44.791546+00:00,btc-updown-15m-1788140700,15,3988564,1452598333829347903641367343807568686853704035411968829200404775427808788955,2026-08-31T01:45:00+00:00,2026-08-31T02:00:00+00:00,5.27,0.24,0.27,0.255,0.03,29.99,26.08,94
2026-08-31T01:54:44.791546+00:00,btc-updown-15m-1788141600,15,3988629,54694952322200110203519444586867766946088060977451084147004168729416838964594,2026-08-31T02:00:00+00:00,2026-08-31T02:15:00+00:00,20.27,0.5,0.51,0.505,0.01,324.83,261.42,83
2026-08-31T01:55:45.568234+00:00,btc-updown-5m-1788141300,5,3988598,112642981755493176610869102946422400290970151185771308281795387964196289693064,2026-08-31T01:55:00+00:00,2026-08-31T02:00:00+00:00,4.25,0.63,0.64,0.635,0.01,47.03,314.25,99
2026-08-31T01:55:45.568234+00:00,btc-updown-5m-1788141600,5,3988642,52285305404681479143755787674305978153130266301864147585575272893231702049448,2026-08-31T02:00:00+00:00,2026-08-31T02:05:00+00:00,9.25,0.5,0.51,0.505,0.01,758.0,239.0,99
2026-08-31T01:55:45.568234+00:00,btc-updown-15m-1788140700,15,3988564,1452598333829347903641367343807568686853704035411968829200404775427808788955,2026-08-31T01:45:00+00:00,2026-08-31T02:00:00+00:00,4.25,0.21,0.22,0.215,0.01,5.0,15.0,98
2026-08-31T01:55:45.568234+00:00,btc-updown-15m-1788141600,15,3988629,54694952322200110203519444586867766946088060977451084147004168729416838964594,2026-08-31T02:00:00+00:00,2026-08-31T02:15:00+00:00,19.25,0.51,0.52,0.515,0.01,246.08,274.62,87
2026-08-31T01:56:46.438992+00:00,btc-updown-5m-1788141300,5,3988598,112642981755493176610869102946422400290970151185771308281795387964196289693064,2026-08-31T01:55:00+00:00,2026-08-31T02:00:00+00:00,3.23,0.56,0.57,0.565,0.01,30.98,247.0,99
2026-08-31T01:56:46.438992+00:00,btc-updown-5m-1788141600,5,3988642,52285305404681479143755787674305978153130266301864147585575272893231702049448,2026-08-31T02:00:00+00:00,2026-08-31T02:05:00+00:00,8.23,0.51,0.53,0.52,0.02,73.0,245.21,98
2026-08-31T01:56:46.438992+00:00,btc-updown-15m-1788140700,15,3988564,1452598333829347903641367343807568686853704035411968829200404775427808788955,2026-08-31T01:45:00+00:00,2026-08-31T02:00:00+00:00,3.23,0.1,0.11,0.105,0.01,2002.81,89.98,96
2026-08-31T01:56:46.438992+00:00,btc-updown-15m-1788141600,15,3988629,54694952322200110203519444586867766946088060977451084147004168729416838964594,2026-08-31T02:00:00+00:00,2026-08-31T02:15:00+00:00,18.23,0.51,0.52,0.515,0.01,251.08,319.64,87
2026-08-31T01:57:47.326368+00:00,btc-updown-5m-1788141300,5,3988598,112642981755493176610869102946422400290970151185771308281795387964196289693064,2026-08-31T01:55:00+00:00,2026-08-31T02:00:00+00:00,2.22,0.28,0.29,0.285,0.01,161.78,50.0,99
2026-08-31T01:57:47.326368+00:00,btc-updown-5m-1788141600,5,3988642,52285305404681479143755787674305978153130266301864147585575272893231702049448,2026-08-31T02:00:00+00:00,2026-08-31T02:05:00+00:00,7.22,0.51,0.53,0.52,0.02,70.95,255.21,98
2026-08-31T01:57:47.326368+00:00,btc-updown-15m-1788140700,15,3988564,1452598333829347903641367343807568686853704035411968829200404775427808788955,2026-08-31T01:45:00+00:00,2026-08-31T02:00:00+00:00,2.22,0.05,0.06,0.055,0.01,2117.56,100.0,99
2026-08-31T01:57:47.326368+00:00,btc-updown-15m-1788141600,15,3988629,54694952322200110203519444586867766946088060977451084147004168729416838964594,2026-08-31T02:00:00+00:00,2026-08-31T02:15:00+00:00,17.22,0.51,0.52,0.515,0.01,301.08,169.64,85
2026-08-31T01:58:48.229387+00:00,btc-updown-5m-1788141300,5,3988598,112642981755493176610869102946422400290970151185771308281795387964196289693064,2026-08-31T01:55:00+00:00,2026-08-31T02:00:00+00:00,1.2,0.03,0.04,0.035,0.01,504.99,597.07,99
2026-08-31T01:58:48.229387+00:00,btc-updown-5m-1788141600,5,3988642,52285305404681479143755787674305978153130266301864147585575272893231702049448,2026-08-31T02:00:00+00:00,2026-08-31T02:05:00+00:00,6.2,0.49,0.51,0.5,0.02,230.22,25.0,98
2026-08-31T01:58:48.229387+00:00,btc-updown-15m-1788141600,15,3988629,54694952322200110203519444586867766946088060977451084147004168729416838964594,2026-08-31T02:00:00+00:00,2026-08-31T02:15:00+00:00,16.2,0.51,0.52,0.515,0.01,228.63,164.64,85
2026-08-31T01:59:49.014513+00:00,btc-updown-5m-1788141600,5,3988642,52285305404681479143755787674305978153130266301864147585575272893231702049448,2026-08-31T02:00:00+00:00,2026-08-31T02:05:00+00:00,5.18,0.69,0.73,0.71,0.04,55.14,5.74,83
2026-08-31T01:59:49.014513+00:00,btc-updown-15m-1788141600,15,3988629,54694952322200110203519444586867766946088060977451084147004168729416838964594,2026-08-31T02:00:00+00:00,2026-08-31T02:15:00+00:00,15.18,0.51,0.52,0.515,0.01,253.28,234.98,88
2026-08-31T02:00:49.693992+00:00,btc-updown-5m-1788141600,5,3988642,52285305404681479143755787674305978153130266301864147585575272893231702049448,2026-08-31T02:00:00+00:00,2026-08-31T02:05:00+00:00,4.18,0.33,0.34,0.335,0.01,87.91,145.16,99
2026-08-31T02:00:49.693992+00:00,btc-updown-5m-1788141900,5,3988670,49166392380388685367871743022898172725456148139398075697378267963475100783907,2026-08-31T02:05:00+00:00,2026-08-31T02:10:00+00:00,9.18,0.5,0.51,0.505,0.01,774.96,180.46,99
2026-08-31T02:00:49.693992+00:00,btc-updown-15m-1788141600,15,3988629,54694952322200110203519444586867766946088060977451084147004168729416838964594,2026-08-31T02:00:00+00:00,2026-08-31T02:15:00+00:00,14.18,0.44,0.45,0.445,0.01,55.0,232.0,99
2026-08-31T02:00:49.693992+00:00,btc-updown-15m-1788142500,15,3988732,99122469616153738619827420466275869422383600766049619929610844771485607082960,2026-08-31T02:15:00+00:00,2026-08-31T02:30:00+00:00,29.18,0.5,0.51,0.505,0.01,537.54,70.0,90
2026-08-31T02:01:50.610593+00:00,btc-updown-5m-1788141600,5,3988642,52285305404681479143755787674305978153130266301864147585575272893231702049448,2026-08-31T02:00:00+00:00,2026-08-31T02:05:00+00:00,3.17,0.35,0.36,0.355,0.01,138.9,276.0,99
2026-08-31T02:01:50.610593+00:00,btc-updown-5m-1788141900,5,3988670,49166392380388685367871743022898172725456148139398075697378267963475100783907,2026-08-31T02:05:00+00:00,2026-08-31T02:10:00+00:00,8.17,0.5,0.51,0.505,0.01,1073.72,165.42,99
2026-08-31T02:01:50.610593+00:00,btc-updown-15m-1788141600,15,3988629,54694952322200110203519444586867766946088060977451084147004168729416838964594,2026-08-31T02:00:00+00:00,2026-08-31T02:15:00+00:00,13.17,0.44,0.45,0.445,0.01,30.3,15.0,99
2026-08-31T02:01:50.610593+00:00,btc-updown-15m-1788142500,15,3988732,99122469616153738619827420466275869422383600766049619929610844771485607082960,2026-08-31T02:15:00+00:00,2026-08-31T02:30:00+00:00,28.17,0.5,0.51,0.505,0.01,487.54,70.0,89
2026-08-31T02:02:51.500836+00:00,btc-updown-5m-1788141600,5,3988642,52285305404681479143755787674305978153130266301864147585575272893231702049448,2026-08-31T02:00:00+00:00,2026-08-31T02:05:00+00:00,2.15,0.15,0.16,0.155,0.01,339.09,65.59,99
2026-08-31T02:02:51.500836+00:00,btc-updown-5m-1788141900,5,3988670,49166392380388685367871743022898172725456148139398075697378267963475100783907,2026-08-31T02:05:00+00:00,2026-08-31T02:10:00+00:00,7.15,0.5,0.51,0.505,0.01,893.72,162.42,99
2026-08-31T02:02:51.500836+00:00,btc-updown-15m-1788141600,15,3988629,54694952322200110203519444586867766946088060977451084147004168729416838964594,2026-08-31T02:00:00+00:00,2026-08-31T02:15:00+00:00,12.15,0.36,0.37,0.365,0.01,4958.79,130.0,99
2026-08-31T02:02:51.500836+00:00,btc-updown-15m-1788142500,15,3988732,99122469616153738619827420466275869422383600766049619929610844771485607082960,2026-08-31T02:15:00+00:00,2026-08-31T02:30:00+00:00,27.15,0.5,0.51,0.505,0.01,487.54,70.0,89
2026-08-31T02:03:52.390318+00:00,btc-updown-5m-1788141600,5,3988642,52285305404681479143755787674305978153130266301864147585575272893231702049448,2026-08-31T02:00:00+00:00,2026-08-31T02:05:00+00:00,1.13,0.21,0.22,0.215,0.01,85.03,49.81,99
2026-08-31T02:03:52.390318+00:00,btc-updown-5m-1788141900,5,3988670,49166392380388685367871743022898172725456148139398075697378267963475100783907,2026-08-31T02:05:00+00:00,2026-08-31T02:10:00+00:00,6.13,0.51,0.52,0.515,0.01,101.55,29.58,99
2026-08-31T02:03:52.390318+00:00,btc-updown-15m-1788141600,15,3988629,54694952322200110203519444586867766946088060977451084147004168729416838964594,2026-08-31T02:00:00+00:00,2026-08-31T02:15:00+00:00,11.13,0.46,0.47,0.465,0.01,5.0,130.19,99
2026-08-31T02:03:52.390318+00:00,btc-updown-15m-1788142500,15,3988732,99122469616153738619827420466275869422383600766049619929610844771485607082960,2026-08-31T02:15:00+00:00,2026-08-31T02:30:00+00:00,26.13,0.51,0.52,0.515,0.01,294.5,133.92,89
2026-08-31T02:04:53.330268+00:00,btc-updown-5m-1788141900,5,3988670,49166392380388685367871743022898172725456148139398075697378267963475100783907,2026-08-31T02:05:00+00:00,2026-08-31T02:10:00+00:00,5.12,0.6,0.61,0.605,0.01,78.35,50.0,99
2026-08-31T02:04:53.330268+00:00,btc-updown-15m-1788141600,15,3988629,54694952322200110203519444586867766946088060977451084147004168729416838964594,2026-08-31T02:00:00+00:00,2026-08-31T02:15:00+00:00,10.12,0.52,0.53,0.525,0.01,171.2,10.0,99
2026-08-31T02:04:53.330268+00:00,btc-updown-15m-1788142500,15,3988732,99122469616153738619827420466275869422383600766049619929610844771485607082960,2026-08-31T02:15:00+00:00,2026-08-31T02:30:00+00:00,25.12,0.51,0.52,0.515,0.01,301.5,442.25,99
2026-08-31T02:05:54.101393+00:00,btc-updown-5m-1788141900,5,3988670,49166392380388685367871743022898172725456148139398075697378267963475100783907,2026-08-31T02:05:00+00:00,2026-08-31T02:10:00+00:00,4.1,0.91,0.92,0.915,0.01,160.0,70.0,98
2026-08-31T02:05:54.101393+00:00,btc-updown-5m-1788142200,5,3988683,65713687378506358926061196523368237573274761499255331263130738414047518389677,2026-08-31T02:10:00+00:00,2026-08-31T02:15:00+00:00,9.1,0.5,0.51,0.505,0.01,1106.0,113.19,99
2026-08-31T02:05:54.101393+00:00,btc-updown-15m-1788141600,15,3988629,54694952322200110203519444586867766946088060977451084147004168729416838964594,2026-08-31T02:00:00+00:00,2026-08-31T02:15:00+00:00,9.1,0.71,0.72,0.715,0.01,120.0,10.0,99
2026-08-31T02:05:54.101393+00:00,btc-updown-15m-1788142500,15,3988732,99122469616153738619827420466275869422383600766049619929610844771485607082960,2026-08-31T02:15:00+00:00,2026-08-31T02:30:00+00:00,24.1,0.51,0.52,0.515,0.01,253.08,343.01,99
2026-08-31T02:06:54.982122+00:00,btc-updown-5m-1788142200,5,3988683,65713687378506358926061196523368237573274761499255331263130738414047518389677,2026-08-31T02:10:00+00:00,2026-08-31T02:15:00+00:00,8.1,0.52,0.55,0.535,0.03,29.16,183.78,97
2026-08-31T02:06:54.982122+00:00,btc-updown-15m-1788141600,15,3988629,54694952322200110203519444586867766946088060977451084147004168729416838964594,2026-08-31T02:00:00+00:00,2026-08-31T02:15:00+00:00,8.1,0.8,0.81,0.805,0.01,40.0,5.0,99
2026-08-31T02:06:54.982122+00:00,btc-updown-15m-1788142500,15,3988732,99122469616153738619827420466275869422383600766049619929610844771485607082960,2026-08-31T02:15:00+00:00,2026-08-31T02:30:00+00:00,23.1,0.51,0.52,0.515,0.01,7.0,653.01,99
2026-08-31T02:07:55.770153+00:00,btc-updown-5m-1788141900,5,3988670,49166392380388685367871743022898172725456148139398075697378267963475100783907,2026-08-31T02:05:00+00:00,2026-08-31T02:10:00+00:00,2.08,0.98,0.99,0.985,0.01,759.6,406.96,119
2026-08-31T02:07:55.770153+00:00,btc-updown-5m-1788142200,5,3988683,65713687378506358926061196523368237573274761499255331263130738414047518389677,2026-08-31T02:10:00+00:00,2026-08-31T02:15:00+00:00,7.08,0.52,0.53,0.525,0.01,117.58,18.03,99
2026-08-31T02:07:55.770153+00:00,btc-updown-15m-1788141600,15,3988629,54694952322200110203519444586867766946088060977451084147004168729416838964594,2026-08-31T02:00:00+00:00,2026-08-31T02:15:00+00:00,7.08,0.79,0.8,0.795,0.01,55.4,90.0,99
2026-08-31T02:07:55.770153+00:00,btc-updown-15m-1788142500,15,3988732,99122469616153738619827420466275869422383600766049619929610844771485607082960,2026-08-31T02:15:00+00:00,2026-08-31T02:30:00+00:00,22.08,0.51,0.52,0.515,0.01,7.0,503.01,99
2026-08-31T02:08:56.641152+00:00,btc-updown-5m-1788141900,5,3988670,49166392380388685367871743022898172725456148139398075697378267963475100783907,2026-08-31T02:05:00+00:00,2026-08-31T02:10:00+00:00,1.07,0.99,0.998,0.994,0.008,3845.32,41.12,118
2026-08-31T02:08:56.641152+00:00,btc-updown-5m-1788142200,5,3988683,65713687378506358926061196523368237573274761499255331263130738414047518389677,2026-08-31T02:10:00+00:00,2026-08-31T02:15:00+00:00,6.07,0.34,0.35,0.345,0.01,133.0,781.8,96
2026-08-31T02:08:56.641152+00:00,btc-updown-15m-1788141600,15,3988629,54694952322200110203519444586867766946088060977451084147004168729416838964594,2026-08-31T02:00:00+00:00,2026-08-31T02:15:00+00:00,6.07,0.67,0.68,0.675,0.01,128.32,156.58,99
2026-08-31T02:08:56.641152+00:00,btc-updown-15m-1788142500,15,3988732,99122469616153738619827420466275869422383600766049619929610844771485607082960,2026-08-31T02:15:00+00:00,2026-08-31T02:30:00+00:00,21.07,0.51,0.52,0.515,0.01,57.0,343.01,99
2026-08-31T02:09:57.527979+00:00,btc-updown-5m-1788142200,5,3988683,65713687378506358926061196523368237573274761499255331263130738414047518389677,2026-08-31T02:10:00+00:00,2026-08-31T02:15:00+00:00,5.05,0.55,0.56,0.555,0.01,5.09,15.0,97
2026-08-31T02:09:57.527979+00:00,btc-updown-15m-1788141600,15,3988629,54694952322200110203519444586867766946088060977451084147004168729416838964594,2026-08-31T02:00:00+00:00,2026-08-31T02:15:00+00:00,5.05,0.79,0.8,0.795,0.01,87.8,131.2,99
2026-08-31T02:09:57.527979+00:00,btc-updown-15m-1788142500,15,3988732,99122469616153738619827420466275869422383600766049619929610844771485607082960,2026-08-31T02:15:00+00:00,2026-08-31T02:30:00+00:00,20.05,0.51,0.52,0.515,0.01,57.0,373.01,99
2026-08-31T02:10:58.315558+00:00,btc-updown-5m-1788142200,5,3988683,65713687378506358926061196523368237573274761499255331263130738414047518389677,2026-08-31T02:10:00+00:00,2026-08-31T02:15:00+00:00,4.03,0.78,0.79,0.785,0.01,358.27,115.0,99
2026-08-31T02:10:58.315558+00:00,btc-updown-5m-1788142500,5,3988734,60460532311542066192238968653878885658526942677456829901883554943303404431504,2026-08-31T02:15:00+00:00,2026-08-31T02:20:00+00:00,9.03,0.52,0.53,0.525,0.01,17.0,103.69,99
2026-08-31T02:10:58.315558+00:00,btc-updown-15m-1788141600,15,3988629,54694952322200110203519444586867766946088060977451084147004168729416838964594,2026-08-31T02:00:00+00:00,2026-08-31T02:15:00+00:00,4.03,0.93,0.94,0.935,0.01,65.0,25.0,99
2026-08-31T02:10:58.315558+00:00,btc-updown-15m-1788142500,15,3988732,99122469616153738619827420466275869422383600766049619929610844771485607082960,2026-08-31T02:15:00+00:00,2026-08-31T02:30:00+00:00,19.03,0.51,0.52,0.515,0.01,7.0,551.08,99
2026-08-31T02:11:59.189143+00:00,btc-updown-5m-1788142200,5,3988683,65713687378506358926061196523368237573274761499255331263130738414047518389677,2026-08-31T02:10:00+00:00,2026-08-31T02:15:00+00:00,3.02,0.94,0.95,0.945,0.01,310.11,122.61,99
2026-08-31T02:11:59.189143+00:00,btc-updown-5m-1788142500,5,3988734,60460532311542066192238968653878885658526942677456829901883554943303404431504,2026-08-31T02:15:00+00:00,2026-08-31T02:20:00+00:00,8.02,0.52,0.53,0.525,0.01,15.12,3.92,99
2026-08-31T02:11:59.189143+00:00,btc-updown-15m-1788141600,15,3988629,54694952322200110203519444586867766946088060977451084147004168729416838964594,2026-08-31T02:00:00+00:00,2026-08-31T02:15:00+00:00,3.02,0.98,0.99,0.985,0.01,887.84,191.75,99
2026-08-31T02:11:59.189143+00:00,btc-updown-15m-1788142500,15,3988732,99122469616153738619827420466275869422383600766049619929610844771485607082960,2026-08-31T02:15:00+00:00,2026-08-31T02:30:00+00:00,18.02,0.5,0.51,0.505,0.01,199.9,505.66,99
2026-08-31T02:13:00.078867+00:00,btc-updown-5m-1788142500,5,3988734,60460532311542066192238968653878885658526942677456829901883554943303404431504,2026-08-31T02:15:00+00:00,2026-08-31T02:20:00+00:00,7.0,0.52,0.53,0.525,0.01,9.16,70.0,98
2026-08-31T02:13:00.078867+00:00,btc-updown-15m-1788142500,15,3988732,99122469616153738619827420466275869422383600766049619929610844771485607082960,2026-08-31T02:15:00+00:00,2026-08-31T02:30:00+00:00,17.0,0.49,0.5,0.495,0.01,473.81,372.44,99
2026-08-31T02:14:00.761847+00:00,btc-updown-5m-1788142500,5,3988734,60460532311542066192238968653878885658526942677456829901883554943303404431504,2026-08-31T02:15:00+00:00,2026-08-31T02:20:00+00:00,6.0,0.53,0.54,0.535,0.01,385.0,15.0,99
2026-08-31T02:14:00.761847+00:00,btc-updown-15m-1788142500,15,3988732,99122469616153738619827420466275869422383600766049619929610844771485607082960,2026-08-31T02:15:00+00:00,2026-08-31T02:30:00+00:00,16.0,0.49,0.5,0.495,0.01,260.03,492.44,96
2026-08-31T02:15:01.446454+00:00,btc-updown-5m-1788142500,5,3988734,60460532311542066192238968653878885658526942677456829901883554943303404431504,2026-08-31T02:15:00+00:00,2026-08-31T02:20:00+00:00,4.98,0.32,0.33,0.325,0.01,15.0,45.0,99
2026-08-31T02:15:01.446454+00:00,btc-updown-5m-1788142800,5,3988739,81057678114483226811293151014237898417708853624628356273723977597035707698852,2026-08-31T02:20:00+00:00,2026-08-31T02:25:00+00:00,9.98,0.49,0.5,0.495,0.01,204.54,603.0,99
2026-08-31T02:15:01.446454+00:00,btc-updown-15m-1788142500,15,3988732,99122469616153738619827420466275869422383600766049619929610844771485607082960,2026-08-31T02:15:00+00:00,2026-08-31T02:30:00+00:00,14.98,0.4,0.41,0.405,0.01,10.28,6.0,86
2026-08-31T02:15:01.446454+00:00,btc-updown-15m-1788143400,15,3988815,8173529866370981802739618809348503972244067674484464465147664533623044627266,2026-08-31T02:30:00+00:00,2026-08-31T02:45:00+00:00,29.98,0.49,0.5,0.495,0.01,254.62,265.0,72
2026-08-31T02:16:02.349149+00:00,btc-updown-5m-1788142500,5,3988734,60460532311542066192238968653878885658526942677456829901883554943303404431504,2026-08-31T02:15:00+00:00,2026-08-31T02:20:00+00:00,3.97,0.26,0.27,0.265,0.01,82.46,178.11,99
2026-08-31T02:16:02.349149+00:00,btc-updown-5m-1788142800,5,3988739,81057678114483226811293151014237898417708853624628356273723977597035707698852,2026-08-31T02:20:00+00:00,2026-08-31T02:25:00+00:00,8.97,0.49,0.5,0.495,0.01,60.35,629.0,99
2026-08-31T02:16:02.349149+00:00,btc-updown-15m-1788142500,15,3988732,99122469616153738619827420466275869422383600766049619929610844771485607082960,2026-08-31T02:15:00+00:00,2026-08-31T02:30:00+00:00,13.97,0.37,0.38,0.375,0.01,143.41,146.5,99
2026-08-31T02:16:02.349149+00:00,btc-updown-15m-1788143400,15,3988815,8173529866370981802739618809348503972244067674484464465147664533623044627266,2026-08-31T02:30:00+00:00,2026-08-31T02:45:00+00:00,28.97,0.49,0.5,0.495,0.01,209.08,465.0,76
2026-08-31T02:17:03.228929+00:00,btc-updown-5m-1788142500,5,3988734,60460532311542066192238968653878885658526942677456829901883554943303404431504,2026-08-31T02:15:00+00:00,2026-08-31T02:20:00+00:00,2.95,0.22,0.23,0.225,0.01,49.79,284.68,99
2026-08-31T02:17:03.228929+00:00,btc-updown-5m-1788142800,5,3988739,81057678114483226811293151014237898417708853624628356273723977597035707698852,2026-08-31T02:20:00+00:00,2026-08-31T02:25:00+00:00,7.95,0.49,0.5,0.495,0.01,58.47,740.0,99
2026-08-31T02:17:03.228929+00:00,btc-updown-15m-1788142500,15,3988732,99122469616153738619827420466275869422383600766049619929610844771485607082960,2026-08-31T02:15:00+00:00,2026-08-31T02:30:00+00:00,12.95,0.38,0.39,0.385,0.01,95.32,55.0,99
2026-08-31T02:17:03.228929+00:00,btc-updown-15m-1788143400,15,3988815,8173529866370981802739618809348503972244067674484464465147664533623044627266,2026-08-31T02:30:00+00:00,2026-08-31T02:45:00+00:00,27.95,0.49,0.5,0.495,0.01,209.08,473.0,79
2026-08-31T02:18:04.147791+00:00,btc-updown-5m-1788142500,5,3988734,60460532311542066192238968653878885658526942677456829901883554943303404431504,2026-08-31T02:15:00+00:00,2026-08-31T02:20:00+00:00,1.93,0.04,0.05,0.045,0.01,134.9,138.0,99
2026-08-31T02:18:04.147791+00:00,btc-updown-5m-1788142800,5,3988739,81057678114483226811293151014237898417708853624628356273723977597035707698852,2026-08-31T02:20:00+00:00,2026-08-31T02:25:00+00:00,6.93,0.49,0.5,0.495,0.01,52.33,301.0,99
2026-08-31T02:18:04.147791+00:00,btc-updown-15m-1788142500,15,3988732,99122469616153738619827420466275869422383600766049619929610844771485607082960,2026-08-31T02:15:00+00:00,2026-08-31T02:30:00+00:00,11.93,0.29,0.3,0.295,0.01,115.2,30.14,99
2026-08-31T02:18:04.147791+00:00,btc-updown-15m-1788143400,15,3988815,8173529866370981802739618809348503972244067674484464465147664533623044627266,2026-08-31T02:30:00+00:00,2026-08-31T02:45:00+00:00,26.93,0.49,0.5,0.495,0.01,209.08,473.0,78
2026-08-31T02:19:05.036938+00:00,btc-updown-5m-1788142800,5,3988739,81057678114483226811293151014237898417708853624628356273723977597035707698852,2026-08-31T02:20:00+00:00,2026-08-31T02:25:00+00:00,5.92,0.48,0.49,0.485,0.01,20.0,10.0,81
2026-08-31T02:19:05.036938+00:00,btc-updown-15m-1788142500,15,3988732,99122469616153738619827420466275869422383600766049619929610844771485607082960,2026-08-31T02:15:00+00:00,2026-08-31T02:30:00+00:00,10.92,0.19,0.2,0.195,0.01,25.0,133.1,99
2026-08-31T02:19:05.036938+00:00,btc-updown-15m-1788143400,15,3988815,8173529866370981802739618809348503972244067674484464465147664533623044627266,2026-08-31T02:30:00+00:00,2026-08-31T02:45:00+00:00,25.92,0.49,0.5,0.495,0.01,209.08,473.0,88
2026-08-31T02:20:05.818951+00:00,btc-updown-5m-1788142800,5,3988739,81057678114483226811293151014237898417708853624628356273723977597035707698852,2026-08-31T02:20:00+00:00,2026-08-31T02:25:00+00:00,4.92,0.47,0.48,0.475,0.01,93.54,50.93,99
2026-08-31T02:20:05.818951+00:00,btc-updown-5m-1788143100,5,3988783,70899493827649483281419268564949255652448961449709666595203583881443547235898,2026-08-31T02:25:00+00:00,2026-08-31T02:30:00+00:00,9.92,0.5,0.53,0.515,0.03,26.0,137.94,97
2026-08-31T02:20:05.818951+00:00,btc-updown-15m-1788142500,15,3988732,99122469616153738619827420466275869422383600766049619929610844771485607082960,2026-08-31T02:15:00+00:00,2026-08-31T02:30:00+00:00,9.92,0.2,0.21,0.205,0.01,45.75,235.07,99
2026-08-31T02:20:05.818951+00:00,btc-updown-15m-1788143400,15,3988815,8173529866370981802739618809348503972244067674484464465147664533623044627266,2026-08-31T02:30:00+00:00,2026-08-31T02:45:00+00:00,24.92,0.49,0.5,0.495,0.01,209.08,273.0,94
2026-08-31T02:21:06.796555+00:00,btc-updown-5m-1788142800,5,3988739,81057678114483226811293151014237898417708853624628356273723977597035707698852,2026-08-31T02:20:00+00:00,2026-08-31T02:25:00+00:00,3.9,0.4,0.41,0.405,0.01,78.0,178.43,99
2026-08-31T02:21:06.796555+00:00,btc-updown-5m-1788143100,5,3988783,70899493827649483281419268564949255652448961449709666595203583881443547235898,2026-08-31T02:25:00+00:00,2026-08-31T02:30:00+00:00,8.9,0.5,0.51,0.505,0.01,24.0,152.19,99
2026-08-31T02:21:06.796555+00:00,btc-updown-15m-1788142500,15,3988732,99122469616153738619827420466275869422383600766049619929610844771485607082960,2026-08-31T02:15:00+00:00,2026-08-31T02:30:00+00:00,8.9,0.16,0.17,0.165,0.01,145.0,131.38,99
2026-08-31T02:21:06.796555+00:00,btc-updown-15m-1788143400,15,3988815,8173529866370981802739618809348503972244067674484464465147664533623044627266,2026-08-31T02:30:00+00:00,2026-08-31T02:45:00+00:00,23.9,0.49,0.5,0.495,0.01,209.08,473.0,94
2026-08-31T02:22:07.676465+00:00,btc-updown-5m-1788142800,5,3988739,81057678114483226811293151014237898417708853624628356273723977597035707698852,2026-08-31T02:20:00+00:00,2026-08-31T02:25:00+00:00,2.88,0.4,0.41,0.405,0.01,146.66,244.43,99
2026-08-31T02:22:07.676465+00:00,btc-updown-5m-1788143100,5,3988783,70899493827649483281419268564949255652448961449709666595203583881443547235898,2026-08-31T02:25:00+00:00,2026-08-31T02:30:00+00:00,7.88,0.5,0.51,0.505,0.01,14.0,158.31,99
2026-08-31T02:22:07.676465+00:00,btc-updown-15m-1788142500,15,3988732,99122469616153738619827420466275869422383600766049619929610844771485607082960,2026-08-31T02:15:00+00:00,2026-08-31T02:30:00+00:00,7.88,0.14,0.15,0.145,0.01,108.0,85.0,99
2026-08-31T02:22:07.676465+00:00,btc-updown-15m-1788143400,15,3988815,8173529866370981802739618809348503972244067674484464465147664533623044627266,2026-08-31T02:30:00+00:00,2026-08-31T02:45:00+00:00,22.88,0.49,0.5,0.495,0.01,209.08,153.0,93
2026-08-31T02:23:08.560884+00:00,btc-updown-5m-1788142800,5,3988739,81057678114483226811293151014237898417708853624628356273723977597035707698852,2026-08-31T02:20:00+00:00,2026-08-31T02:25:00+00:00,1.87,0.15,0.16,0.155,0.01,260.1,165.4,99
2026-08-31T02:23:08.560884+00:00,btc-updown-5m-1788143100,5,3988783,70899493827649483281419268564949255652448961449709666595203583881443547235898,2026-08-31T02:25:00+00:00,2026-08-31T02:30:00+00:00,6.87,0.49,0.5,0.495,0.01,165.0,91.0,99
2026-08-31T02:23:08.560884+00:00,btc-updown-15m-1788142500,15,3988732,99122469616153738619827420466275869422383600766049619929610844771485607082960,2026-08-31T02:15:00+00:00,2026-08-31T02:30:00+00:00,6.87,0.08,0.09,0.085,0.01,236.26,31.34,99
2026-08-31T02:23:08.560884+00:00,btc-updown-15m-1788143400,15,3988815,8173529866370981802739618809348503972244067674484464465147664533623044627266,2026-08-31T02:30:00+00:00,2026-08-31T02:45:00+00:00,21.87,0.49,0.5,0.495,0.01,209.08,153.0,93
2026-08-31T02:24:09.434533+00:00,btc-updown-5m-1788142800,5,3988739,81057678114483226811293151014237898417708853624628356273723977597035707698852,2026-08-31T02:20:00+00:00,2026-08-31T02:25:00+00:00,0.85,0.33,0.41,0.37,0.08,90.9,20.0,89
2026-08-31T02:24:09.434533+00:00,btc-updown-5m-1788143100,5,3988783,70899493827649483281419268564949255652448961449709666595203583881443547235898,2026-08-31T02:25:00+00:00,2026-08-31T02:30:00+00:00,5.85,0.49,0.5,0.495,0.01,123.42,20.0,99
2026-08-31T02:24:09.434533+00:00,btc-updown-15m-1788142500,15,3988732,99122469616153738619827420466275869422383600766049619929610844771485607082960,2026-08-31T02:15:00+00:00,2026-08-31T02:30:00+00:00,5.85,0.12,0.13,0.125,0.01,170.0,117.0,99
2026-08-31T02:24:09.434533+00:00,btc-updown-15m-1788143400,15,3988815,8173529866370981802739618809348503972244067674484464465147664533623044627266,2026-08-31T02:30:00+00:00,2026-08-31T02:45:00+00:00,20.85,0.49,0.5,0.495,0.01,209.08,153.0,93
2026-08-31T02:25:10.312887+00:00,btc-updown-5m-1788143100,5,3988783,70899493827649483281419268564949255652448961449709666595203583881443547235898,2026-08-31T02:25:00+00:00,2026-08-31T02:30:00+00:00,4.83,0.43,0.44,0.435,0.01,44.09,205.49,99
2026-08-31T02:25:10.312887+00:00,btc-updown-5m-1788143400,5,3988821,82879241670515916444964343411046326850534822132923618924850640495152905231605,2026-08-31T02:30:00+00:00,2026-08-31T02:35:00+00:00,9.83,0.5,0.51,0.505,0.01,36.0,234.35,99
2026-08-31T02:25:10.312887+00:00,btc-updown-15m-1788142500,15,3988732,99122469616153738619827420466275869422383600766049619929610844771485607082960,2026-08-31T02:15:00+00:00,2026-08-31T02:30:00+00:00,4.83,0.06,0.07,0.065,0.01,288.72,72.29,99
2026-08-31T02:25:10.312887+00:00,btc-updown-15m-1788143400,15,3988815,8173529866370981802739618809348503972244067674484464465147664533623044627266,2026-08-31T02:30:00+00:00,2026-08-31T02:45:00+00:00,19.83,0.49,0.5,0.495,0.01,414.08,116.0,95
2026-08-31T02:26:11.225274+00:00,btc-updown-5m-1788143100,5,3988783,70899493827649483281419268564949255652448961449709666595203583881443547235898,2026-08-31T02:25:00+00:00,2026-08-31T02:30:00+00:00,3.82,0.52,0.53,0.525,0.01,159.0,265.43,99
2026-08-31T02:26:11.225274+00:00,btc-updown-5m-1788143400,5,3988821,82879241670515916444964343411046326850534822132923618924850640495152905231605,2026-08-31T02:30:00+00:00,2026-08-31T02:35:00+00:00,8.82,0.5,0.51,0.505,0.01,34.97,437.12,99
2026-08-31T02:26:11.225274+00:00,btc-updown-15m-1788142500,15,3988732,99122469616153738619827420466275869422383600766049619929610844771485607082960,2026-08-31T02:15:00+00:00,2026-08-31T02:30:00+00:00,3.82,0.05,0.06,0.055,0.01,106.1,16.58,99
2026-08-31T02:26:11.225274+00:00,btc-updown-15m-1788143400,15,3988815,8173529866370981802739618809348503972244067674484464465147664533623044627266,2026-08-31T02:30:00+00:00,2026-08-31T02:45:00+00:00,18.82,0.49,0.5,0.495,0.01,414.08,310.84,97
2026-08-31T02:27:12.111578+00:00,btc-updown-5m-1788143100,5,3988783,70899493827649483281419268564949255652448961449709666595203583881443547235898,2026-08-31T02:25:00+00:00,2026-08-31T02:30:00+00:00,2.8,0.56,0.57,0.565,0.01,40.0,260.47,99
2026-08-31T02:27:12.111578+00:00,btc-updown-5m-1788143400,5,3988821,82879241670515916444964343411046326850534822132923618924850640495152905231605,2026-08-31T02:30:00+00:00,2026-08-31T02:35:00+00:00,7.8,0.5,0.51,0.505,0.01,28.71,412.98,99
2026-08-31T02:27:12.111578+00:00,btc-updown-15m-1788142500,15,3988732,99122469616153738619827420466275869422383600766049619929610844771485607082960,2026-08-31T02:15:00+00:00,2026-08-31T02:30:00+00:00,2.8,0.03,0.04,0.035,0.01,40.0,58.9,99
2026-08-31T02:27:12.111578+00:00,btc-updown-15m-1788143400,15,3988815,8173529866370981802739618809348503972244067674484464465147664533623044627266,2026-08-31T02:30:00+00:00,2026-08-31T02:45:00+00:00,17.8,0.49,0.5,0.495,0.01,414.08,250.84,97
2026-08-31T02:28:13.011605+00:00,btc-updown-5m-1788143100,5,3988783,70899493827649483281419268564949255652448961449709666595203583881443547235898,2026-08-31T02:25:00+00:00,2026-08-31T02:30:00+00:00,1.78,0.68,0.69,0.685,0.01,242.55,86.03,99
2026-08-31T02:28:13.011605+00:00,btc-updown-5m-1788143400,5,3988821,82879241670515916444964343411046326850534822132923618924850640495152905231605,2026-08-31T02:30:00+00:00,2026-08-31T02:35:00+00:00,6.78,0.5,0.51,0.505,0.01,33.71,412.98,99
2026-08-31T02:28:13.011605+00:00,btc-updown-15m-1788142500,15,3988732,99122469616153738619827420466275869422383600766049619929610844771485607082960,2026-08-31T02:15:00+00:00,2026-08-31T02:30:00+00:00,1.78,0.01,0.02,0.015,0.01,760.37,250.3,99
2026-08-31T02:28:13.011605+00:00,btc-updown-15m-1788143400,15,3988815,8173529866370981802739618809348503972244067674484464465147664533623044627266,2026-08-31T02:30:00+00:00,2026-08-31T02:45:00+00:00,16.78,0.5,0.51,0.505,0.01,157.84,802.62,97
2026-08-31T02:29:13.897233+00:00,btc-updown-5m-1788143100,5,3988783,70899493827649483281419268564949255652448961449709666595203583881443547235898,2026-08-31T02:25:00+00:00,2026-08-31T02:30:00+00:00,0.78,0.98,0.99,0.985,0.01,227.57,2095.06,99
2026-08-31T02:29:13.897233+00:00,btc-updown-5m-1788143400,5,3988821,82879241670515916444964343411046326850534822132923618924850640495152905231605,2026-08-31T02:30:00+00:00,2026-08-31T02:35:00+00:00,5.78,0.51,0.52,0.515,0.01,36.49,44.07,99
2026-08-31T02:29:13.897233+00:00,btc-updown-15m-1788143400,15,3988815,8173529866370981802739618809348503972244067674484464465147664533623044627266,2026-08-31T02:30:00+00:00,2026-08-31T02:45:00+00:00,15.78,0.5,0.51,0.505,0.01,113.84,528.09,94
2026-08-31T02:30:14.701637+00:00,btc-updown-5m-1788143400,5,3988821,82879241670515916444964343411046326850534822132923618924850640495152905231605,2026-08-31T02:30:00+00:00,2026-08-31T02:35:00+00:00,4.77,0.46,0.47,0.465,0.01,118.72,182.87,99
2026-08-31T02:30:14.701637+00:00,btc-updown-5m-1788143700,5,3988876,238858429518440148112166657219279411253626149094672837171865546709797623110,2026-08-31T02:35:00+00:00,2026-08-31T02:40:00+00:00,9.77,0.49,0.5,0.495,0.01,428.52,713.0,99
2026-08-31T02:30:14.701637+00:00,btc-updown-15m-1788143400,15,3988815,8173529866370981802739618809348503972244067674484464465147664533623044627266,2026-08-31T02:30:00+00:00,2026-08-31T02:45:00+00:00,14.77,0.5,0.51,0.505,0.01,22.04,553.96,98
2026-08-31T02:30:14.701637+00:00,btc-updown-15m-1788144300,15,3988915,104285667045038851038998484337625760136806743593982811787538269392848220287856,2026-08-31T02:45:00+00:00,2026-08-31T03:00:00+00:00,29.77,0.5,0.51,0.505,0.01,50.0,884.85,90
2026-08-31T02:31:15.602907+00:00,btc-updown-5m-1788143400,5,3988821,82879241670515916444964343411046326850534822132923618924850640495152905231605,2026-08-31T02:30:00+00:00,2026-08-31T02:35:00+00:00,3.75,0.57,0.58,0.575,0.01,154.0,162.0,99
2026-08-31T02:31:15.602907+00:00,btc-updown-5m-1788143700,5,3988876,238858429518440148112166657219279411253626149094672837171865546709797623110,2026-08-31T02:35:00+00:00,2026-08-31T02:40:00+00:00,8.75,0.49,0.5,0.495,0.01,389.12,723.0,99
2026-08-31T02:31:15.602907+00:00,btc-updown-15m-1788143400,15,3988815,8173529866370981802739618809348503972244067674484464465147664533623044627266,2026-08-31T02:30:00+00:00,2026-08-31T02:45:00+00:00,13.75,0.51,0.52,0.515,0.01,201.0,245.58,99
2026-08-31T02:31:15.602907+00:00,btc-updown-15m-1788144300,15,3988915,104285667045038851038998484337625760136806743593982811787538269392848220287856,2026-08-31T02:45:00+00:00,2026-08-31T03:00:00+00:00,28.75,0.5,0.51,0.505,0.01,50.0,784.85,91
2026-08-31T02:32:16.492525+00:00,btc-updown-5m-1788143400,5,3988821,82879241670515916444964343411046326850534822132923618924850640495152905231605,2026-08-31T02:30:00+00:00,2026-08-31T02:35:00+00:00,2.73,0.61,0.62,0.615,0.01,125.19,31.38,99
2026-08-31T02:32:16.492525+00:00,btc-updown-5m-1788143700,5,3988876,238858429518440148112166657219279411253626149094672837171865546709797623110,2026-08-31T02:35:00+00:00,2026-08-31T02:40:00+00:00,7.73,0.49,0.5,0.495,0.01,381.12,718.0,99
2026-08-31T02:32:16.492525+00:00,btc-updown-15m-1788143400,15,3988815,8173529866370981802739618809348503972244067674484464465147664533623044627266,2026-08-31T02:30:00+00:00,2026-08-31T02:45:00+00:00,12.73,0.53,0.54,0.535,0.01,134.0,170.0,99
2026-08-31T02:32:16.492525+00:00,btc-updown-15m-1788144300,15,3988915,104285667045038851038998484337625760136806743593982811787538269392848220287856,2026-08-31T02:45:00+00:00,2026-08-31T03:00:00+00:00,27.73,0.5,0.51,0.505,0.01,50.0,784.85,91
2026-08-31T02:33:17.379566+00:00,btc-updown-5m-1788143400,5,3988821,82879241670515916444964343411046326850534822132923618924850640495152905231605,2026-08-31T02:30:00+00:00,2026-08-31T02:35:00+00:00,1.72,0.53,0.54,0.535,0.01,361.07,163.84,99
2026-08-31T02:33:17.379566+00:00,btc-updown-5m-1788143700,5,3988876,238858429518440148112166657219279411253626149094672837171865546709797623110,2026-08-31T02:35:00+00:00,2026-08-31T02:40:00+00:00,6.72,0.49,0.5,0.495,0.01,381.12,144.0,99
2026-08-31T02:33:17.379566+00:00,btc-updown-15m-1788143400,15,3988815,8173529866370981802739618809348503972244067674484464465147664533623044627266,2026-08-31T02:30:00+00:00,2026-08-31T02:45:00+00:00,11.72,0.53,0.54,0.535,0.01,130.0,197.0,99
2026-08-31T02:33:17.379566+00:00,btc-updown-15m-1788144300,15,3988915,104285667045038851038998484337625760136806743593982811787538269392848220287856,2026-08-31T02:45:00+00:00,2026-08-31T03:00:00+00:00,26.72,0.5,0.51,0.505,0.01,50.0,784.85,90
2026-08-31T02:34:18.284789+00:00,btc-updown-5m-1788143400,5,3988821,82879241670515916444964343411046326850534822132923618924850640495152905231605,2026-08-31T02:30:00+00:00,2026-08-31T02:35:00+00:00,0.7,0.01,0.02,0.015,0.01,2175.55,214.68,99
2026-08-31T02:34:18.284789+00:00,btc-updown-5m-1788143700,5,3988876,238858429518440148112166657219279411253626149094672837171865546709797623110,2026-08-31T02:35:00+00:00,2026-08-31T02:40:00+00:00,5.7,0.49,0.5,0.495,0.01,91.47,93.0,99
2026-08-31T02:34:18.284789+00:00,btc-updown-15m-1788143400,15,3988815,8173529866370981802739618809348503972244067674484464465147664533623044627266,2026-08-31T02:30:00+00:00,2026-08-31T02:45:00+00:00,10.7,0.39,0.4,0.395,0.01,171.0,35.4,99
2026-08-31T02:34:18.284789+00:00,btc-updown-15m-1788144300,15,3988915,104285667045038851038998484337625760136806743593982811787538269392848220287856,2026-08-31T02:45:00+00:00,2026-08-31T03:00:00+00:00,25.7,0.5,0.51,0.505,0.01,33.83,650.86,99
2026-08-31T02:35:19.153696+00:00,btc-updown-5m-1788143700,5,3988876,238858429518440148112166657219279411253626149094672837171865546709797623110,2026-08-31T02:35:00+00:00,2026-08-31T02:40:00+00:00,4.68,0.29,0.3,0.295,0.01,93.75,201.81,99
2026-08-31T02:35:19.153696+00:00,btc-updown-5m-1788144000,5,3988879,62938284037706814774956613493389529120111999326487133435225546431987531253222,2026-08-31T02:40:00+00:00,2026-08-31T02:45:00+00:00,9.68,0.5,0.51,0.505,0.01,26.79,605.1,99
2026-08-31T02:35:19.153696+00:00,btc-updown-15m-1788143400,15,3988815,8173529866370981802739618809348503972244067674484464465147664533623044627266,2026-08-31T02:30:00+00:00,2026-08-31T02:45:00+00:00,9.68,0.28,0.29,0.285,0.01,2.56,171.3,99
2026-08-31T02:35:19.153696+00:00,btc-updown-15m-1788144300,15,3988915,104285667045038851038998484337625760136806743593982811787538269392848220287856,2026-08-31T02:45:00+00:00,2026-08-31T03:00:00+00:00,24.68,0.5,0.51,0.505,0.01,62.05,630.86,99
2026-08-31T02:36:20.053330+00:00,btc-updown-5m-1788143700,5,3988876,238858429518440148112166657219279411253626149094672837171865546709797623110,2026-08-31T02:35:00+00:00,2026-08-31T02:40:00+00:00,3.67,0.08,0.09,0.085,0.01,85.0,496.97,99
2026-08-31T02:36:20.053330+00:00,btc-updown-5m-1788144000,5,3988879,62938284037706814774956613493389529120111999326487133435225546431987531253222,2026-08-31T02:40:00+00:00,2026-08-31T02:45:00+00:00,8.67,0.5,0.51,0.505,0.01,59.76,429.0,99
2026-08-31T02:36:20.053330+00:00,btc-updown-15m-1788143400,15,3988815,8173529866370981802739618809348503972244067674484464465147664533623044627266,2026-08-31T02:30:00+00:00,2026-08-31T02:45:00+00:00,8.67,0.12,0.13,0.125,0.01,4546.86,5.0,99
2026-08-31T02:36:20.053330+00:00,btc-updown-15m-1788144300,15,3988915,104285667045038851038998484337625760136806743593982811787538269392848220287856,2026-08-31T02:45:00+00:00,2026-08-31T03:00:00+00:00,23.67,0.5,0.51,0.505,0.01,318.22,429.08,99
2026-08-31T02:37:20.919138+00:00,btc-updown-5m-1788143700,5,3988876,238858429518440148112166657219279411253626149094672837171865546709797623110,2026-08-31T02:35:00+00:00,2026-08-31T02:40:00+00:00,2.67,0.15,0.16,0.155,0.01,37.91,278.16,99
2026-08-31T02:37:20.919138+00:00,btc-updown-5m-1788144000,5,3988879,62938284037706814774956613493389529120111999326487133435225546431987531253222,2026-08-31T02:40:00+00:00,2026-08-31T02:45:00+00:00,7.67,0.5,0.51,0.505,0.01,7.76,255.14,99
2026-08-31T02:37:20.919138+00:00,btc-updown-15m-1788143400,15,3988815,8173529866370981802739618809348503972244067674484464465147664533623044627266,2026-08-31T02:30:00+00:00,2026-08-31T02:45:00+00:00,7.67,0.22,0.23,0.225,0.01,14.33,297.3,99
2026-08-31T02:37:20.919138+00:00,btc-updown-15m-1788144300,15,3988915,104285667045038851038998484337625760136806743593982811787538269392848220287856,2026-08-31T02:45:00+00:00,2026-08-31T03:00:00+00:00,22.67,0.5,0.51,0.505,0.01,278.22,417.31,99
2026-08-31T02:38:21.851848+00:00,btc-updown-5m-1788143700,5,3988876,238858429518440148112166657219279411253626149094672837171865546709797623110,2026-08-31T02:35:00+00:00,2026-08-31T02:40:00+00:00,1.65,0.03,0.04,0.035,0.01,174.81,252.59,99
2026-08-31T02:38:21.851848+00:00,btc-updown-5m-1788144000,5,3988879,62938284037706814774956613493389529120111999326487133435225546431987531253222,2026-08-31T02:40:00+00:00,2026-08-31T02:45:00+00:00,6.65,0.49,0.5,0.495,0.01,192.74,35.0,99
2026-08-31T02:38:21.851848+00:00,btc-updown-15m-1788143400,15,3988815,8173529866370981802739618809348503972244067674484464465147664533623044627266,2026-08-31T02:30:00+00:00,2026-08-31T02:45:00+00:00,6.65,0.16,0.17,0.165,0.01,117.48,71.19,99
2026-08-31T02:38:21.851848+00:00,btc-updown-15m-1788144300,15,3988915,104285667045038851038998484337625760136806743593982811787538269392848220287856,2026-08-31T02:45:00+00:00,2026-08-31T03:00:00+00:00,21.65,0.5,0.51,0.505,0.01,308.22,217.31,99
2026-08-31T02:39:22.731864+00:00,btc-updown-5m-1788144000,5,3988879,62938284037706814774956613493389529120111999326487133435225546431987531253222,2026-08-31T02:40:00+00:00,2026-08-31T02:45:00+00:00,5.63,0.45,0.46,0.455,0.01,143.03,5.67,99
2026-08-31T02:39:22.731864+00:00,btc-updown-15m-1788143400,15,3988815,8173529866370981802739618809348503972244067674484464465147664533623044627266,2026-08-31T02:30:00+00:00,2026-08-31T02:45:00+00:00,5.63,0.05,0.06,0.055,0.01,296.46,25.0,99
2026-08-31T02:39:22.731864+00:00,btc-updown-15m-1788144300,15,3988915,104285667045038851038998484337625760136806743593982811787538269392848220287856,2026-08-31T02:45:00+00:00,2026-08-31T03:00:00+00:00,20.63,0.5,0.51,0.505,0.01,288.22,217.31,99
2026-08-31T02:40:23.505141+00:00,btc-updown-5m-1788144000,5,3988879,62938284037706814774956613493389529120111999326487133435225546431987531253222,2026-08-31T02:40:00+00:00,2026-08-31T02:45:00+00:00,4.62,0.44,0.45,0.445,0.01,165.0,83.77,99
2026-08-31T02:40:23.505141+00:00,btc-updown-5m-1788144300,5,3988911,50645257552573184417794689437999976761074160237167497602908123674752698190185,2026-08-31T02:45:00+00:00,2026-08-31T02:50:00+00:00,9.62,0.5,0.51,0.505,0.01,735.83,300.13,99
2026-08-31T02:40:23.505141+00:00,btc-updown-15m-1788143400,15,3988815,8173529866370981802739618809348503972244067674484464465147664533623044627266,2026-08-31T02:30:00+00:00,2026-08-31T02:45:00+00:00,4.62,0.03,0.04,0.035,0.01,242.43,145.0,99
2026-08-31T02:40:23.505141+00:00,btc-updown-15m-1788144300,15,3988915,104285667045038851038998484337625760136806743593982811787538269392848220287856,2026-08-31T02:45:00+00:00,2026-08-31T03:00:00+00:00,19.62,0.5,0.51,0.505,0.01,303.22,255.0,99
2026-08-31T02:41:24.405844+00:00,btc-updown-5m-1788144000,5,3988879,62938284037706814774956613493389529120111999326487133435225546431987531253222,2026-08-31T02:40:00+00:00,2026-08-31T02:45:00+00:00,3.6,0.3,0.31,0.305,0.01,161.14,68.51,99
2026-08-31T02:41:24.405844+00:00,btc-updown-5m-1788144300,5,3988911,50645257552573184417794689437999976761074160237167497602908123674752698190185,2026-08-31T02:45:00+00:00,2026-08-31T02:50:00+00:00,8.6,0.5,0.51,0.505,0.01,797.76,233.83,99
2026-08-31T02:41:24.405844+00:00,btc-updown-15m-1788143400,15,3988815,8173529866370981802739618809348503972244067674484464465147664533623044627266,2026-08-31T02:30:00+00:00,2026-08-31T02:45:00+00:00,3.6,0.01,0.02,0.015,0.01,1532.34,177.97,99
2026-08-31T02:41:24.405844+00:00,btc-updown-15m-1788144300,15,3988915,104285667045038851038998484337625760136806743593982811787538269392848220287856,2026-08-31T02:45:00+00:00,2026-08-31T03:00:00+00:00,18.6,0.5,0.51,0.505,0.01,353.22,255.0,99
2026-08-31T02:42:25.275733+00:00,btc-updown-5m-1788144000,5,3988879,62938284037706814774956613493389529120111999326487133435225546431987531253222,2026-08-31T02:40:00+00:00,2026-08-31T02:45:00+00:00,2.58,0.14,0.15,0.145,0.01,97.92,224.19,99
2026-08-31T02:42:25.275733+00:00,btc-updown-5m-1788144300,5,3988911,50645257552573184417794689437999976761074160237167497602908123674752698190185,2026-08-31T02:45:00+00:00,2026-08-31T02:50:00+00:00,7.58,0.5,0.51,0.505,0.01,837.76,225.83,99
2026-08-31T02:42:25.275733+00:00,btc-updown-15m-1788144300,15,3988915,104285667045038851038998484337625760136806743593982811787538269392848220287856,2026-08-31T02:45:00+00:00,2026-08-31T03:00:00+00:00,17.58,0.5,0.51,0.505,0.01,303.22,251.07,99
2026-08-31T02:43:26.051870+00:00,btc-updown-5m-1788144000,5,3988879,62938284037706814774956613493389529120111999326487133435225546431987531253222,2026-08-31T02:40:00+00:00,2026-08-31T02:45:00+00:00,1.57,0.23,0.24,0.235,0.01,73.0,208.0,99
2026-08-31T02:43:26.051870+00:00,btc-updown-5m-1788144300,5,3988911,50645257552573184417794689437999976761074160237167497602908123674752698190185,2026-08-31T02:45:00+00:00,2026-08-31T02:50:00+00:00,6.57,0.5,0.51,0.505,0.01,139.86,208.58,99
2026-08-31T02:43:26.051870+00:00,btc-updown-15m-1788144300,15,3988915,104285667045038851038998484337625760136806743593982811787538269392848220287856,2026-08-31T02:45:00+00:00,2026-08-31T03:00:00+00:00,16.57,0.5,0.51,0.505,0.01,333.22,241.27,99
2026-08-31T02:44:26.812346+00:00,btc-updown-5m-1788144300,5,3988911,50645257552573184417794689437999976761074160237167497602908123674752698190185,2026-08-31T02:45:00+00:00,2026-08-31T02:50:00+00:00,5.57,0.48,0.49,0.485,0.01,28.0,45.95,99
2026-08-31T02:44:26.812346+00:00,btc-updown-15m-1788144300,15,3988915,104285667045038851038998484337625760136806743593982811787538269392848220287856,2026-08-31T02:45:00+00:00,2026-08-31T03:00:00+00:00,15.57,0.5,0.51,0.505,0.01,218.57,209.49,97
2026-08-31T02:45:27.472875+00:00,btc-updown-5m-1788144300,5,3988911,50645257552573184417794689437999976761074160237167497602908123674752698190185,2026-08-31T02:45:00+00:00,2026-08-31T02:50:00+00:00,4.55,0.61,0.62,0.615,0.01,178.97,179.0,99
2026-08-31T02:45:27.472875+00:00,btc-updown-5m-1788144600,5,3988930,55461306589856987885064480762284863187737594498040945395653910778761627430043,2026-08-31T02:50:00+00:00,2026-08-31T02:55:00+00:00,9.55,0.5,0.51,0.505,0.01,260.41,377.13,99
2026-08-31T02:45:27.472875+00:00,btc-updown-15m-1788144300,15,3988915,104285667045038851038998484337625760136806743593982811787538269392848220287856,2026-08-31T02:45:00+00:00,2026-08-31T03:00:00+00:00,14.55,0.55,0.56,0.555,0.01,225.0,20.0,99
2026-08-31T02:45:27.472875+00:00,btc-updown-15m-1788145200,15,3989006,111249666626900859256129671469999509063720050942916126353483583296168996165292,2026-08-31T03:00:00+00:00,2026-08-31T03:15:00+00:00,29.55,0.5,0.51,0.505,0.01,1121.0,274.64,79
2026-08-31T02:46:28.355306+00:00,btc-updown-5m-1788144300,5,3988911,50645257552573184417794689437999976761074160237167497602908123674752698190185,2026-08-31T02:45:00+00:00,2026-08-31T02:50:00+00:00,3.53,0.57,0.59,0.58,0.02,41.0,2.0,97
2026-08-31T02:46:28.355306+00:00,btc-updown-5m-1788144600,5,3988930,55461306589856987885064480762284863187737594498040945395653910778761627430043,2026-08-31T02:50:00+00:00,2026-08-31T02:55:00+00:00,8.53,0.5,0.51,0.505,0.01,142.41,310.23,99
2026-08-31T02:46:28.355306+00:00,btc-updown-15m-1788144300,15,3988915,104285667045038851038998484337625760136806743593982811787538269392848220287856,2026-08-31T02:45:00+00:00,2026-08-31T03:00:00+00:00,13.53,0.53,0.54,0.535,0.01,99.0,155.18,99
2026-08-31T02:46:28.355306+00:00,btc-updown-15m-1788145200,15,3989006,111249666626900859256129671469999509063720050942916126353483583296168996165292,2026-08-31T03:00:00+00:00,2026-08-31T03:15:00+00:00,28.53,0.5,0.51,0.505,0.01,318.83,270.15,79
2026-08-31T02:47:29.235561+00:00,btc-updown-5m-1788144300,5,3988911,50645257552573184417794689437999976761074160237167497602908123674752698190185,2026-08-31T02:45:00+00:00,2026-08-31T02:50:00+00:00,2.52,0.3,0.31,0.305,0.01,312.71,65.0,99
2026-08-31T02:47:29.235561+00:00,btc-updown-5m-1788144600,5,3988930,55461306589856987885064480762284863187737594498040945395653910778761627430043,2026-08-31T02:50:00+00:00,2026-08-31T02:55:00+00:00,7.52,0.5,0.51,0.505,0.01,288.41,302.23,99
2026-08-31T02:47:29.235561+00:00,btc-updown-15m-1788144300,15,3988915,104285667045038851038998484337625760136806743593982811787538269392848220287856,2026-08-31T02:45:00+00:00,2026-08-31T03:00:00+00:00,12.52,0.41,0.42,0.415,0.01,189.35,76.0,99
2026-08-31T02:47:29.235561+00:00,btc-updown-15m-1788145200,15,3989006,111249666626900859256129671469999509063720050942916126353483583296168996165292,2026-08-31T03:00:00+00:00,2026-08-31T03:15:00+00:00,27.52,0.5,0.51,0.505,0.01,354.83,257.98,81
2026-08-31T02:48:30.120654+00:00,btc-updown-5m-1788144300,5,3988911,50645257552573184417794689437999976761074160237167497602908123674752698190185,2026-08-31T02:45:00+00:00,2026-08-31T02:50:00+00:00,1.5,0.02,0.03,0.025,0.01,814.36,376.56,99
2026-08-31T02:48:30.120654+00:00,btc-updown-5m-1788144600,5,3988930,55461306589856987885064480762284863187737594498040945395653910778761627430043,2026-08-31T02:50:00+00:00,2026-08-31T02:55:00+00:00,6.5,0.5,0.51,0.505,0.01,103.86,244.47,99
2026-08-31T02:48:30.120654+00:00,btc-updown-15m-1788144300,15,3988915,104285667045038851038998484337625760136806743593982811787538269392848220287856,2026-08-31T02:45:00+00:00,2026-08-31T03:00:00+00:00,11.5,0.27,0.29,0.28,0.02,20.0,154.18,98
2026-08-31T02:48:30.120654+00:00,btc-updown-15m-1788145200,15,3989006,111249666626900859256129671469999509063720050942916126353483583296168996165292,2026-08-31T03:00:00+00:00,2026-08-31T03:15:00+00:00,26.5,0.5,0.51,0.505,0.01,431.0,257.98,81
2026-08-31T02:49:30.999148+00:00,btc-updown-5m-1788144600,5,3988930,55461306589856987885064480762284863187737594498040945395653910778761627430043,2026-08-31T02:50:00+00:00,2026-08-31T02:55:00+00:00,5.5,0.48,0.49,0.485,0.01,1.15,93.58,97
2026-08-31T02:49:30.999148+00:00,btc-updown-15m-1788144300,15,3988915,104285667045038851038998484337625760136806743593982811787538269392848220287856,2026-08-31T02:45:00+00:00,2026-08-31T03:00:00+00:00,10.5,0.16,0.17,0.165,0.01,50.0,130.19,99
2026-08-31T02:49:30.999148+00:00,btc-updown-15m-1788145200,15,3989006,111249666626900859256129671469999509063720050942916126353483583296168996165292,2026-08-31T03:00:00+00:00,2026-08-31T03:15:00+00:00,25.5,0.5,0.51,0.505,0.01,401.0,257.98,99
2026-08-31T02:50:31.772446+00:00,btc-updown-5m-1788144600,5,3988930,55461306589856987885064480762284863187737594498040945395653910778761627430043,2026-08-31T02:50:00+00:00,2026-08-31T02:55:00+00:00,4.48,0.24,0.25,0.245,0.01,24.0,136.0,99
2026-08-31T02:50:31.772446+00:00,btc-updown-5m-1788144900,5,3988945,47409280295395690072146183635652618511386487739116090326075915653793742674814,2026-08-31T02:55:00+00:00,2026-08-31T03:00:00+00:00,9.48,0.5,0.51,0.505,0.01,947.36,290.86,99
2026-08-31T02:50:31.772446+00:00,btc-updown-15m-1788144300,15,3988915,104285667045038851038998484337625760136806743593982811787538269392848220287856,2026-08-31T02:45:00+00:00,2026-08-31T03:00:00+00:00,9.48,0.1,0.11,0.105,0.01,53.88,153.16,99
2026-08-31T02:50:31.772446+00:00,btc-updown-15m-1788145200,15,3989006,111249666626900859256129671469999509063720050942916126353483583296168996165292,2026-08-31T03:00:00+00:00,2026-08-31T03:15:00+00:00,24.48,0.5,0.51,0.505,0.01,429.0,209.08,99
2026-08-31T02:51:32.663533+00:00,btc-updown-5m-1788144600,5,3988930,55461306589856987885064480762284863187737594498040945395653910778761627430043,2026-08-31T02:50:00+00:00,2026-08-31T02:55:00+00:00,3.47,0.11,0.12,0.115,0.01,176.15,211.16,99
2026-08-31T02:51:32.663533+00:00,btc-updown-5m-1788144900,5,3988945,47409280295395690072146183635652618511386487739116090326075915653793742674814,2026-08-31T02:55:00+00:00,2026-08-31T03:00:00+00:00,8.47,0.5,0.51,0.505,0.01,1806.36,193.62,99
2026-08-31T02:51:32.663533+00:00,btc-updown-15m-1788144300,15,3988915,104285667045038851038998484337625760136806743593982811787538269392848220287856,2026-08-31T02:45:00+00:00,2026-08-31T03:00:00+00:00,8.47,0.05,0.06,0.055,0.01,900.62,73.0,99
2026-08-31T02:51:32.663533+00:00,btc-updown-15m-1788145200,15,3989006,111249666626900859256129671469999509063720050942916126353483583296168996165292,2026-08-31T03:00:00+00:00,2026-08-31T03:15:00+00:00,23.47,0.51,0.52,0.515,0.01,170.0,208.61,99
2026-08-31T02:52:33.541535+00:00,btc-updown-5m-1788144600,5,3988930,55461306589856987885064480762284863187737594498040945395653910778761627430043,2026-08-31T02:50:00+00:00,2026-08-31T02:55:00+00:00,2.45,0.01,0.02,0.015,0.01,1788.67,120.0,99
2026-08-31T02:52:33.541535+00:00,btc-updown-5m-1788144900,5,3988945,47409280295395690072146183635652618511386487739116090326075915653793742674814,2026-08-31T02:55:00+00:00,2026-08-31T03:00:00+00:00,7.45,0.52,0.53,0.525,0.01,330.0,159.75,99
2026-08-31T02:52:33.541535+00:00,btc-updown-15m-1788144300,15,3988915,104285667045038851038998484337625760136806743593982811787538269392848220287856,2026-08-31T02:45:00+00:00,2026-08-31T03:00:00+00:00,7.45,0.04,0.05,0.045,0.01,25.0,315.4,99
2026-08-31T02:52:33.541535+00:00,btc-updown-15m-1788145200,15,3989006,111249666626900859256129671469999509063720050942916126353483583296168996165292,2026-08-31T03:00:00+00:00,2026-08-31T03:15:00+00:00,22.45,0.51,0.52,0.515,0.01,495.0,208.61,99
2026-08-31T02:53:34.407019+00:00,btc-updown-5m-1788144900,5,3988945,47409280295395690072146183635652618511386487739116090326075915653793742674814,2026-08-31T02:55:00+00:00,2026-08-31T03:00:00+00:00,6.43,0.49,0.5,0.495,0.01,262.87,14.55,98
2026-08-31T02:53:34.407019+00:00,btc-updown-15m-1788144300,15,3988915,104285667045038851038998484337625760136806743593982811787538269392848220287856,2026-08-31T02:45:00+00:00,2026-08-31T03:00:00+00:00,6.43,0.02,0.03,0.025,0.01,825.18,132.7,99
2026-08-31T02:53:34.407019+00:00,btc-updown-15m-1788145200,15,3989006,111249666626900859256129671469999509063720050942916126353483583296168996165292,2026-08-31T03:00:00+00:00,2026-08-31T03:15:00+00:00,21.43,0.51,0.52,0.515,0.01,691.08,152.72,99
2026-08-31T02:54:35.173916+00:00,btc-updown-5m-1788144900,5,3988945,47409280295395690072146183635652618511386487739116090326075915653793742674814,2026-08-31T02:55:00+00:00,2026-08-31T03:00:00+00:00,5.42,0.44,0.48,0.46,0.04,168.0,138.96,96
2026-08-31T02:54:35.173916+00:00,btc-updown-15m-1788144300,15,3988915,104285667045038851038998484337625760136806743593982811787538269392848220287856,2026-08-31T02:45:00+00:00,2026-08-31T03:00:00+00:00,5.42,0.01,0.02,0.015,0.01,2220.17,197.65,99
2026-08-31T02:54:35.173916+00:00,btc-updown-15m-1788145200,15,3989006,111249666626900859256129671469999509063720050942916126353483583296168996165292,2026-08-31T03:00:00+00:00,2026-08-31T03:15:00+00:00,20.42,0.51,0.52,0.515,0.01,691.08,152.72,99
2026-08-31T02:55:35.953177+00:00,btc-updown-5m-1788144900,5,3988945,47409280295395690072146183635652618511386487739116090326075915653793742674814,2026-08-31T02:55:00+00:00,2026-08-31T03:00:00+00:00,4.42,0.22,0.23,0.225,0.01,130.0,99.0,99
2026-08-31T02:55:35.953177+00:00,btc-updown-5m-1788145200,5,3989007,111067988514834664572832405852866729776955330107256581599022602075372491172925,2026-08-31T03:00:00+00:00,2026-08-31T03:05:00+00:00,9.42,0.5,0.51,0.505,0.01,1573.86,131.38,99
2026-08-31T02:55:35.953177+00:00,btc-updown-15m-1788145200,15,3989006,111249666626900859256129671469999509063720050942916126353483583296168996165292,2026-08-31T03:00:00+00:00,2026-08-31T03:15:00+00:00,19.42,0.51,0.52,0.515,0.01,570.0,137.57,99
2026-08-31T02:56:36.735223+00:00,btc-updown-5m-1788144900,5,3988945,47409280295395690072146183635652618511386487739116090326075915653793742674814,2026-08-31T02:55:00+00:00,2026-08-31T03:00:00+00:00,3.4,0.12,0.13,0.125,0.01,202.41,197.53,99
2026-08-31T02:56:36.735223+00:00,btc-updown-5m-1788145200,5,3989007,111067988514834664572832405852866729776955330107256581599022602075372491172925,2026-08-31T03:00:00+00:00,2026-08-31T03:05:00+00:00,8.4,0.5,0.51,0.505,0.01,1394.86,97.06,99
2026-08-31T02:56:36.735223+00:00,btc-updown-15m-1788144300,15,3988915,104285667045038851038998484337625760136806743593982811787538269392848220287856,2026-08-31T02:45:00+00:00,2026-08-31T03:00:00+00:00,3.4,0.001,0.002,0.0015,0.001,3074.85,1000.0,110
2026-08-31T02:56:36.735223+00:00,btc-updown-15m-1788145200,15,3989006,111249666626900859256129671469999509063720050942916126353483583296168996165292,2026-08-31T03:00:00+00:00,2026-08-31T03:15:00+00:00,18.4,0.51,0.52,0.515,0.01,968.67,0.58,99
2026-08-31T02:57:37.607969+00:00,btc-updown-5m-1788144900,5,3988945,47409280295395690072146183635652618511386487739116090326075915653793742674814,2026-08-31T02:55:00+00:00,2026-08-31T03:00:00+00:00,2.38,0.71,0.72,0.715,0.01,40.44,176.0,99
2026-08-31T02:57:37.607969+00:00,btc-updown-5m-1788145200,5,3989007,111067988514834664572832405852866729776955330107256581599022602075372491172925,2026-08-31T03:00:00+00:00,2026-08-31T03:05:00+00:00,7.38,0.5,0.51,0.505,0.01,1441.86,61.8,99
2026-08-31T02:57:37.607969+00:00,btc-updown-15m-1788144300,15,3988915,104285667045038851038998484337625760136806743593982811787538269392848220287856,2026-08-31T02:45:00+00:00,2026-08-31T03:00:00+00:00,2.38,0.001,0.004,0.0025,0.003,3649.89,946.7,108
2026-08-31T02:57:37.607969+00:00,btc-updown-15m-1788145200,15,3989006,111249666626900859256129671469999509063720050942916126353483583296168996165292,2026-08-31T03:00:00+00:00,2026-08-31T03:15:00+00:00,17.38,0.52,0.53,0.525,0.01,37.81,230.31,99
2026-08-31T02:58:38.479718+00:00,btc-updown-5m-1788144900,5,3988945,47409280295395690072146183635652618511386487739116090326075915653793742674814,2026-08-31T02:55:00+00:00,2026-08-31T03:00:00+00:00,1.37,0.62,0.63,0.625,0.01,221.74,113.45,98
2026-08-31T02:58:38.479718+00:00,btc-updown-5m-1788145200,5,3989007,111067988514834664572832405852866729776955330107256581599022602075372491172925,2026-08-31T03:00:00+00:00,2026-08-31T03:05:00+00:00,6.37,0.51,0.52,0.515,0.01,117.81,27.38,99
2026-08-31T02:58:38.479718+00:00,btc-updown-15m-1788144300,15,3988915,104285667045038851038998484337625760136806743593982811787538269392848220287856,2026-08-31T02:45:00+00:00,2026-08-31T03:00:00+00:00,1.37,0.001,0.002,0.0015,0.001,1895.0,1000.0,108
2026-08-31T02:58:38.479718+00:00,btc-updown-15m-1788145200,15,3989006,111249666626900859256129671469999509063720050942916126353483583296168996165292,2026-08-31T03:00:00+00:00,2026-08-31T03:15:00+00:00,16.37,0.52,0.54,0.53,0.02,227.31,207.19,98
2026-08-31T02:59:39.352175+00:00,btc-updown-5m-1788145200,5,3989007,111067988514834664572832405852866729776955330107256581599022602075372491172925,2026-08-31T03:00:00+00:00,2026-08-31T03:05:00+00:00,5.35,0.53,0.54,0.535,0.01,45.0,1.68,98
2026-08-31T02:59:39.352175+00:00,btc-updown-15m-1788145200,15,3989006,111249666626900859256129671469999509063720050942916126353483583296168996165292,2026-08-31T03:00:00+00:00,2026-08-31T03:15:00+00:00,15.35,0.53,0.54,0.535,0.01,566.04,196.04,92
2026-08-31T03:00:40.023023+00:00,btc-updown-5m-1788145200,5,3989007,111067988514834664572832405852866729776955330107256581599022602075372491172925,2026-08-31T03:00:00+00:00,2026-08-31T03:05:00+00:00,4.33,0.3,0.31,0.305,0.01,131.2,117.95,99
2026-08-31T03:00:40.023023+00:00,btc-updown-5m-1788145500,5,3989010,92120320446734322420896156712313703272630403287802054344408763117375981258848,2026-08-31T03:05:00+00:00,2026-08-31T03:10:00+00:00,9.33,0.5,0.51,0.505,0.01,966.08,270.22,99
2026-08-31T03:00:40.023023+00:00,btc-updown-15m-1788145200,15,3989006,111249666626900859256129671469999509063720050942916126353483583296168996165292,2026-08-31T03:00:00+00:00,2026-08-31T03:15:00+00:00,14.33,0.4,0.41,0.405,0.01,217.4,130.56,99
2026-08-31T03:00:40.023023+00:00,btc-updown-15m-1788146100,15,3989042,62478614989532618237432563598554370021979762504739460374821820853351552968118,2026-08-31T03:15:00+00:00,2026-08-31T03:30:00+00:00,29.33,0.5,0.51,0.505,0.01,617.6,198.36,79
2026-08-31T03:01:40.901215+00:00,btc-updown-5m-1788145200,5,3989007,111067988514834664572832405852866729776955330107256581599022602075372491172925,2026-08-31T03:00:00+00:00,2026-08-31T03:05:00+00:00,3.33,0.39,0.42,0.405,0.03,28.0,255.52,97
2026-08-31T03:01:40.901215+00:00,btc-updown-5m-1788145500,5,3989010,92120320446734322420896156712313703272630403287802054344408763117375981258848,2026-08-31T03:05:00+00:00,2026-08-31T03:10:00+00:00,8.33,0.51,0.52,0.515,0.01,660.78,32.09,99
2026-08-31T03:01:40.901215+00:00,btc-updown-15m-1788145200,15,3989006,111249666626900859256129671469999509063720050942916126353483583296168996165292,2026-08-31T03:00:00+00:00,2026-08-31T03:15:00+00:00,13.33,0.45,0.46,0.455,0.01,337.23,155.57,99
2026-08-31T03:01:40.901215+00:00,btc-updown-15m-1788146100,15,3989042,62478614989532618237432563598554370021979762504739460374821820853351552968118,2026-08-31T03:15:00+00:00,2026-08-31T03:30:00+00:00,28.33,0.51,0.52,0.515,0.01,242.82,213.33,81
2026-08-31T03:02:41.778918+00:00,btc-updown-5m-1788145200,5,3989007,111067988514834664572832405852866729776955330107256581599022602075372491172925,2026-08-31T03:00:00+00:00,2026-08-31T03:05:00+00:00,2.32,0.86,0.87,0.865,0.01,78.0,139.75,99
2026-08-31T03:02:41.778918+00:00,btc-updown-5m-1788145500,5,3989010,92120320446734322420896156712313703272630403287802054344408763117375981258848,2026-08-31T03:05:00+00:00,2026-08-31T03:10:00+00:00,7.32,0.51,0.53,0.52,0.02,555.78,349.93,98
2026-08-31T03:02:41.778918+00:00,btc-updown-15m-1788145200,15,3989006,111249666626900859256129671469999509063720050942916126353483583296168996165292,2026-08-31T03:00:00+00:00,2026-08-31T03:15:00+00:00,12.32,0.67,0.68,0.675,0.01,5.0,147.04,99
2026-08-31T03:02:41.778918+00:00,btc-updown-15m-1788146100,15,3989042,62478614989532618237432563598554370021979762504739460374821820853351552968118,2026-08-31T03:15:00+00:00,2026-08-31T03:30:00+00:00,27.32,0.51,0.52,0.515,0.01,125.82,211.26,81
2026-08-31T03:03:42.655336+00:00,btc-updown-5m-1788145500,5,3989010,92120320446734322420896156712313703272630403287802054344408763117375981258848,2026-08-31T03:05:00+00:00,2026-08-31T03:10:00+00:00,6.3,0.51,0.52,0.515,0.01,496.14,33.98,99
2026-08-31T03:03:42.655336+00:00,btc-updown-15m-1788145200,15,3989006,111249666626900859256129671469999509063720050942916126353483583296168996165292,2026-08-31T03:00:00+00:00,2026-08-31T03:15:00+00:00,11.3,0.84,0.85,0.845,0.01,75.0,232.2,99
2026-08-31T03:03:42.655336+00:00,btc-updown-15m-1788146100,15,3989042,62478614989532618237432563598554370021979762504739460374821820853351552968118,2026-08-31T03:15:00+00:00,2026-08-31T03:30:00+00:00,26.3,0.51,0.52,0.515,0.01,65.83,261.26,80
2026-08-31T03:04:43.422642+00:00,btc-updown-5m-1788145500,5,3989010,92120320446734322420896156712313703272630403287802054344408763117375981258848,2026-08-31T03:05:00+00:00,2026-08-31T03:10:00+00:00,5.28,0.47,0.48,0.475,0.01,14.08,6.0,99
2026-08-31T03:04:43.422642+00:00,btc-updown-15m-1788145200,15,3989006,111249666626900859256129671469999509063720050942916126353483583296168996165292,2026-08-31T03:00:00+00:00,2026-08-31T03:15:00+00:00,10.28,0.79,0.8,0.795,0.01,5.0,290.0,99
2026-08-31T03:04:43.422642+00:00,btc-updown-15m-1788146100,15,3989042,62478614989532618237432563598554370021979762504739460374821820853351552968118,2026-08-31T03:15:00+00:00,2026-08-31T03:30:00+00:00,25.28,0.51,0.52,0.515,0.01,321.9,261.26,92
2026-08-31T03:05:44.193338+00:00,btc-updown-5m-1788145500,5,3989010,92120320446734322420896156712313703272630403287802054344408763117375981258848,2026-08-31T03:05:00+00:00,2026-08-31T03:10:00+00:00,4.27,0.28,0.29,0.285,0.01,176.33,178.08,99
2026-08-31T03:05:44.193338+00:00,btc-updown-5m-1788145800,5,3989022,80902544571839939883153300784703038532155622258476568459816491256591489715401,2026-08-31T03:10:00+00:00,2026-08-31T03:15:00+00:00,9.27,0.5,0.51,0.505,0.01,941.1,319.46,99
2026-08-31T03:05:44.193338+00:00,btc-updown-15m-1788145200,15,3989006,111249666626900859256129671469999509063720050942916126353483583296168996165292,2026-08-31T03:00:00+00:00,2026-08-31T03:15:00+00:00,9.27,0.74,0.75,0.745,0.01,218.0,141.45,99
2026-08-31T03:05:44.193338+00:00,btc-updown-15m-1788146100,15,3989042,62478614989532618237432563598554370021979762504739460374821820853351552968118,2026-08-31T03:15:00+00:00,2026-08-31T03:30:00+00:00,24.27,0.51,0.52,0.515,0.01,321.9,211.26,91
2026-08-31T03:06:45.069957+00:00,btc-updown-5m-1788145500,5,3989010,92120320446734322420896156712313703272630403287802054344408763117375981258848,2026-08-31T03:05:00+00:00,2026-08-31T03:10:00+00:00,3.25,0.22,0.23,0.225,0.01,107.69,369.0,99
2026-08-31T03:06:45.069957+00:00,btc-updown-5m-1788145800,5,3989022,80902544571839939883153300784703038532155622258476568459816491256591489715401,2026-08-31T03:10:00+00:00,2026-08-31T03:15:00+00:00,8.25,0.5,0.51,0.505,0.01,946.1,275.58,99
2026-08-31T03:06:45.069957+00:00,btc-updown-15m-1788145200,15,3989006,111249666626900859256129671469999509063720050942916126353483583296168996165292,2026-08-31T03:00:00+00:00,2026-08-31T03:15:00+00:00,8.25,0.72,0.73,0.725,0.01,174.98,5.0,99
2026-08-31T03:06:45.069957+00:00,btc-updown-15m-1788146100,15,3989042,62478614989532618237432563598554370021979762504739460374821820853351552968118,2026-08-31T03:15:00+00:00,2026-08-31T03:30:00+00:00,23.25,0.51,0.52,0.515,0.01,321.9,211.26,92
2026-08-31T03:07:45.946851+00:00,btc-updown-5m-1788145500,5,3989010,92120320446734322420896156712313703272630403287802054344408763117375981258848,2026-08-31T03:05:00+00:00,2026-08-31T03:10:00+00:00,2.25,0.21,0.23,0.22,0.02,100.0,159.37,98
2026-08-31T03:07:45.946851+00:00,btc-updown-5m-1788145800,5,3989022,80902544571839939883153300784703038532155622258476568459816491256591489715401,2026-08-31T03:10:00+00:00,2026-08-31T03:15:00+00:00,7.25,0.5,0.51,0.505,0.01,996.1,322.58,99
2026-08-31T03:07:45.946851+00:00,btc-updown-15m-1788145200,15,3989006,111249666626900859256129671469999509063720050942916126353483583296168996165292,2026-08-31T03:00:00+00:00,2026-08-31T03:15:00+00:00,7.25,0.79,0.8,0.795,0.01,25.0,207.0,99
2026-08-31T03:07:45.946851+00:00,btc-updown-15m-1788146100,15,3989042,62478614989532618237432563598554370021979762504739460374821820853351552968118,2026-08-31T03:15:00+00:00,2026-08-31T03:30:00+00:00,22.25,0.51,0.52,0.515,0.01,321.9,211.26,92
2026-08-31T03:08:47.224570+00:00,btc-updown-5m-1788145500,5,3989010,92120320446734322420896156712313703272630403287802054344408763117375981258848,2026-08-31T03:05:00+00:00,2026-08-31T03:10:00+00:00,1.22,0.12,0.13,0.125,0.01,170.78,149.0,99
2026-08-31T03:08:47.224570+00:00,btc-updown-5m-1788145800,5,3989022,80902544571839939883153300784703038532155622258476568459816491256591489715401,2026-08-31T03:10:00+00:00,2026-08-31T03:15:00+00:00,6.22,0.5,0.51,0.505,0.01,547.1,255.61,99
2026-08-31T03:08:47.224570+00:00,btc-updown-15m-1788145200,15,3989006,111249666626900859256129671469999509063720050942916126353483583296168996165292,2026-08-31T03:00:00+00:00,2026-08-31T03:15:00+00:00,6.22,0.85,0.86,0.855,0.01,30.0,81.98,99
2026-08-31T03:08:47.224570+00:00,btc-updown-15m-1788146100,15,3989042,62478614989532618237432563598554370021979762504739460374821820853351552968118,2026-08-31T03:15:00+00:00,2026-08-31T03:30:00+00:00,21.22,0.51,0.52,0.515,0.01,321.9,211.26,92
2026-08-31T03:09:48.119022+00:00,btc-updown-5m-1788145500,5,3989010,92120320446734322420896156712313703272630403287802054344408763117375981258848,2026-08-31T03:05:00+00:00,2026-08-31T03:10:00+00:00,0.2,0.98,0.99,0.985,0.01,271.36,1397.41,99
2026-08-31T03:09:48.119022+00:00,btc-updown-5m-1788145800,5,3989022,80902544571839939883153300784703038532155622258476568459816491256591489715401,2026-08-31T03:10:00+00:00,2026-08-31T03:15:00+00:00,5.2,0.57,0.6,0.585,0.03,262.27,14.6,96
2026-08-31T03:09:48.119022+00:00,btc-updown-15m-1788145200,15,3989006,111249666626900859256129671469999509063720050942916126353483583296168996165292,2026-08-31T03:00:00+00:00,2026-08-31T03:15:00+00:00,5.2,0.95,0.96,0.955,0.01,266.54,64.95,99
2026-08-31T03:09:48.119022+00:00,btc-updown-15m-1788146100,15,3989042,62478614989532618237432563598554370021979762504739460374821820853351552968118,2026-08-31T03:15:00+00:00,2026-08-31T03:30:00+00:00,20.2,0.51,0.52,0.515,0.01,53.0,211.26,92
2026-08-31T03:10:48.991651+00:00,btc-updown-5m-1788145800,5,3989022,80902544571839939883153300784703038532155622258476568459816491256591489715401,2026-08-31T03:10:00+00:00,2026-08-31T03:15:00+00:00,4.2,0.83,0.84,0.835,0.01,188.41,22.94,99
2026-08-31T03:10:48.991651+00:00,btc-updown-5m-1788146100,5,3989040,67105624740405888458738870461150067250158798816409015750689685688549148301649,2026-08-31T03:15:00+00:00,2026-08-31T03:20:00+00:00,9.2,0.5,0.51,0.505,0.01,821.3,537.21,99
2026-08-31T03:10:48.991651+00:00,btc-updown-15m-1788145200,15,3989006,111249666626900859256129671469999509063720050942916126353483583296168996165292,2026-08-31T03:00:00+00:00,2026-08-31T03:15:00+00:00,4.2,0.97,0.98,0.975,0.01,418.76,706.95,99
2026-08-31T03:10:48.991651+00:00,btc-updown-15m-1788146100,15,3989042,62478614989532618237432563598554370021979762504739460374821820853351552968118,2026-08-31T03:15:00+00:00,2026-08-31T03:30:00+00:00,19.2,0.51,0.52,0.515,0.01,203.08,417.17,95
2026-08-31T03:11:49.874610+00:00,btc-updown-5m-1788145800,5,3989022,80902544571839939883153300784703038532155622258476568459816491256591489715401,2026-08-31T03:10:00+00:00,2026-08-31T03:15:00+00:00,3.18,0.79,0.8,0.795,0.01,240.76,57.35,99
2026-08-31T03:11:49.874610+00:00,btc-updown-5m-1788146100,5,3989040,67105624740405888458738870461150067250158798816409015750689685688549148301649,2026-08-31T03:15:00+00:00,2026-08-31T03:20:00+00:00,8.18,0.5,0.51,0.505,0.01,811.3,547.21,99
2026-08-31T03:11:49.874610+00:00,btc-updown-15m-1788145200,15,3989006,111249666626900859256129671469999509063720050942916126353483583296168996165292,2026-08-31T03:00:00+00:00,2026-08-31T03:15:00+00:00,3.18,0.996,0.998,0.997,0.002,30.05,1979.96,110
2026-08-31T03:11:49.874610+00:00,btc-updown-15m-1788146100,15,3989042,62478614989532618237432563598554370021979762504739460374821820853351552968118,2026-08-31T03:15:00+00:00,2026-08-31T03:30:00+00:00,18.18,0.51,0.52,0.515,0.01,7.0,297.93,95
2026-08-31T03:12:50.754956+00:00,btc-updown-5m-1788145800,5,3989022,80902544571839939883153300784703038532155622258476568459816491256591489715401,2026-08-31T03:10:00+00:00,2026-08-31T03:15:00+00:00,2.17,0.98,0.99,0.985,0.01,316.12,3217.05,99
2026-08-31T03:12:50.754956+00:00,btc-updown-5m-1788146100,5,3989040,67105624740405888458738870461150067250158798816409015750689685688549148301649,2026-08-31T03:15:00+00:00,2026-08-31T03:20:00+00:00,7.17,0.5,0.51,0.505,0.01,831.84,584.03,99
2026-08-31T03:12:50.754956+00:00,btc-updown-15m-1788145200,15,3989006,111249666626900859256129671469999509063720050942916126353483583296168996165292,2026-08-31T03:00:00+00:00,2026-08-31T03:15:00+00:00,2.17,0.995,0.998,0.9965,0.003,202.1,74.95,108
2026-08-31T03:12:50.754956+00:00,btc-updown-15m-1788146100,15,3989042,62478614989532618237432563598554370021979762504739460374821820853351552968118,2026-08-31T03:15:00+00:00,2026-08-31T03:30:00+00:00,17.17,0.51,0.52,0.515,0.01,4.95,596.26,95
2026-08-31T03:13:51.638475+00:00,btc-updown-5m-1788146100,5,3989040,67105624740405888458738870461150067250158798816409015750689685688549148301649,2026-08-31T03:15:00+00:00,2026-08-31T03:20:00+00:00,6.15,0.5,0.51,0.505,0.01,138.68,312.14,99
2026-08-31T03:13:51.638475+00:00,btc-updown-15m-1788146100,15,3989042,62478614989532618237432563598554370021979762504739460374821820853351552968118,2026-08-31T03:15:00+00:00,2026-08-31T03:30:00+00:00,16.15,0.51,0.52,0.515,0.01,10.31,523.33,95
2026-08-31T03:14:52.309253+00:00,btc-updown-5m-1788146100,5,3989040,67105624740405888458738870461150067250158798816409015750689685688549148301649,2026-08-31T03:15:00+00:00,2026-08-31T03:20:00+00:00,5.13,0.45,0.46,0.455,0.01,47.58,168.0,99
2026-08-31T03:14:52.309253+00:00,btc-updown-15m-1788146100,15,3989042,62478614989532618237432563598554370021979762504739460374821820853351552968118,2026-08-31T03:15:00+00:00,2026-08-31T03:30:00+00:00,15.13,0.5,0.54,0.52,0.04,191.43,547.39,87
2026-08-31T03:15:52.990296+00:00,btc-updown-5m-1788146100,5,3989040,67105624740405888458738870461150067250158798816409015750689685688549148301649,2026-08-31T03:15:00+00:00,2026-08-31T03:20:00+00:00,4.13,0.53,0.54,0.535,0.01,311.62,116.0,99
2026-08-31T03:15:52.990296+00:00,btc-updown-5m-1788146400,5,3989054,612011299572673755700809571643178598326211318135874548732221731023548367222,2026-08-31T03:20:00+00:00,2026-08-31T03:25:00+00:00,9.13,0.5,0.51,0.505,0.01,1006.4,674.95,99
2026-08-31T03:15:52.990296+00:00,btc-updown-15m-1788146100,15,3989042,62478614989532618237432563598554370021979762504739460374821820853351552968118,2026-08-31T03:15:00+00:00,2026-08-31T03:30:00+00:00,14.13,0.51,0.52,0.515,0.01,254.2,75.64,99
2026-08-31T03:15:52.990296+00:00,btc-updown-15m-1788147000,15,3989078,42948861872330844773285883921621150509900525842224494141711069876562354555376,2026-08-31T03:30:00+00:00,2026-08-31T03:45:00+00:00,29.13,0.5,0.51,0.505,0.01,447.48,589.63,78
2026-08-31T03:16:53.866123+00:00,btc-updown-5m-1788146100,5,3989040,67105624740405888458738870461150067250158798816409015750689685688549148301649,2026-08-31T03:15:00+00:00,2026-08-31T03:20:00+00:00,3.12,0.37,0.38,0.375,0.01,113.8,38.0,99
2026-08-31T03:16:53.866123+00:00,btc-updown-5m-1788146400,5,3989054,612011299572673755700809571643178598326211318135874548732221731023548367222,2026-08-31T03:20:00+00:00,2026-08-31T03:25:00+00:00,8.12,0.5,0.51,0.505,0.01,1200.4,788.95,99
2026-08-31T03:16:53.866123+00:00,btc-updown-15m-1788146100,15,3989042,62478614989532618237432563598554370021979762504739460374821820853351552968118,2026-08-31T03:15:00+00:00,2026-08-31T03:30:00+00:00,13.12,0.45,0.46,0.455,0.01,25.0,220.39,99
2026-08-31T03:16:53.866123+00:00,btc-updown-15m-1788147000,15,3989078,42948861872330844773285883921621150509900525842224494141711069876562354555376,2026-08-31T03:30:00+00:00,2026-08-31T03:45:00+00:00,28.12,0.5,0.51,0.505,0.01,403.8,605.48,79
2026-08-31T03:17:54.747864+00:00,btc-updown-5m-1788146100,5,3989040,67105624740405888458738870461150067250158798816409015750689685688549148301649,2026-08-31T03:15:00+00:00,2026-08-31T03:20:00+00:00,2.1,0.05,0.06,0.055,0.01,864.92,19.92,99
2026-08-31T03:17:54.747864+00:00,btc-updown-5m-1788146400,5,3989054,612011299572673755700809571643178598326211318135874548732221731023548367222,2026-08-31T03:20:00+00:00,2026-08-31T03:25:00+00:00,7.1,0.5,0.51,0.505,0.01,1235.03,590.95,99
2026-08-31T03:17:54.747864+00:00,btc-updown-15m-1788146100,15,3989042,62478614989532618237432563598554370021979762504739460374821820853351552968118,2026-08-31T03:15:00+00:00,2026-08-31T03:30:00+00:00,12.1,0.29,0.3,0.295,0.01,11.18,108.76,99
2026-08-31T03:17:54.747864+00:00,btc-updown-15m-1788147000,15,3989078,42948861872330844773285883921621150509900525842224494141711069876562354555376,2026-08-31T03:30:00+00:00,2026-08-31T03:45:00+00:00,27.1,0.5,0.51,0.505,0.01,273.8,592.28,79
2026-08-31T03:18:55.619762+00:00,btc-updown-5m-1788146100,5,3989040,67105624740405888458738870461150067250158798816409015750689685688549148301649,2026-08-31T03:15:00+00:00,2026-08-31T03:20:00+00:00,1.08,0.01,0.02,0.015,0.01,2287.72,252.59,99
2026-08-31T03:18:55.619762+00:00,btc-updown-5m-1788146400,5,3989054,612011299572673755700809571643178598326211318135874548732221731023548367222,2026-08-31T03:20:00+00:00,2026-08-31T03:25:00+00:00,6.08,0.5,0.51,0.505,0.01,163.19,302.37,99
2026-08-31T03:18:55.619762+00:00,btc-updown-15m-1788146100,15,3989042,62478614989532618237432563598554370021979762504739460374821820853351552968118,2026-08-31T03:15:00+00:00,2026-08-31T03:30:00+00:00,11.08,0.31,0.32,0.315,0.01,10.46,150.0,99
2026-08-31T03:18:55.619762+00:00,btc-updown-15m-1788147000,15,3989078,42948861872330844773285883921621150509900525842224494141711069876562354555376,2026-08-31T03:30:00+00:00,2026-08-31T03:45:00+00:00,26.08,0.5,0.51,0.505,0.01,293.8,579.08,79
2026-08-31T03:19:56.498326+00:00,btc-updown-5m-1788146400,5,3989054,612011299572673755700809571643178598326211318135874548732221731023548367222,2026-08-31T03:20:00+00:00,2026-08-31T03:25:00+00:00,5.07,0.38,0.39,0.385,0.01,33.87,81.98,98
2026-08-31T03:19:56.498326+00:00,btc-updown-15m-1788146100,15,3989042,62478614989532618237432563598554370021979762504739460374821820853351552968118,2026-08-31T03:15:00+00:00,2026-08-31T03:30:00+00:00,10.07,0.19,0.2,0.195,0.01,88.31,113.1,99
2026-08-31T03:19:56.498326+00:00,btc-updown-15m-1788147000,15,3989078,42948861872330844773285883921621150509900525842224494141711069876562354555376,2026-08-31T03:30:00+00:00,2026-08-31T03:45:00+00:00,25.07,0.5,0.51,0.505,0.01,353.8,519.08,92
2026-08-31T03:20:57.276949+00:00,btc-updown-5m-1788146400,5,3989054,612011299572673755700809571643178598326211318135874548732221731023548367222,2026-08-31T03:20:00+00:00,2026-08-31T03:25:00+00:00,4.05,0.7,0.71,0.705,0.01,193.33,104.1,99
2026-08-31T03:20:57.276949+00:00,btc-updown-5m-1788146700,5,3989069,33773676234818212148139030857386369268984939827026186068344052557651573426190,2026-08-31T03:25:00+00:00,2026-08-31T03:30:00+00:00,9.05,0.5,0.51,0.505,0.01,1475.2,551.06,99
2026-08-31T03:20:57.276949+00:00,btc-updown-15m-1788146100,15,3989042,62478614989532618237432563598554370021979762504739460374821820853351552968118,2026-08-31T03:15:00+00:00,2026-08-31T03:30:00+00:00,9.05,0.38,0.39,0.385,0.01,133.0,133.98,99
2026-08-31T03:20:57.276949+00:00,btc-updown-15m-1788147000,15,3989078,42948861872330844773285883921621150509900525842224494141711069876562354555376,2026-08-31T03:30:00+00:00,2026-08-31T03:45:00+00:00,24.05,0.5,0.51,0.505,0.01,373.8,469.08,92
2026-08-31T03:21:58.158823+00:00,btc-updown-5m-1788146400,5,3989054,612011299572673755700809571643178598326211318135874548732221731023548367222,2026-08-31T03:20:00+00:00,2026-08-31T03:25:00+00:00,3.03,0.9,0.91,0.905,0.01,194.05,68.0,99
2026-08-31T03:21:58.158823+00:00,btc-updown-5m-1788146700,5,3989069,33773676234818212148139030857386369268984939827026186068344052557651573426190,2026-08-31T03:25:00+00:00,2026-08-31T03:30:00+00:00,8.03,0.5,0.51,0.505,0.01,1570.2,561.06,99
2026-08-31T03:21:58.158823+00:00,btc-updown-15m-1788146100,15,3989042,62478614989532618237432563598554370021979762504739460374821820853351552968118,2026-08-31T03:15:00+00:00,2026-08-31T03:30:00+00:00,8.03,0.53,0.54,0.535,0.01,101.7,33.3,99
2026-08-31T03:21:58.158823+00:00,btc-updown-15m-1788147000,15,3989078,42948861872330844773285883921621150509900525842224494141711069876562354555376,2026-08-31T03:30:00+00:00,2026-08-31T03:45:00+00:00,23.03,0.5,0.51,0.505,0.01,77.0,542.28,92
2026-08-31T03:22:59.027816+00:00,btc-updown-5m-1788146400,5,3989054,612011299572673755700809571643178598326211318135874548732221731023548367222,2026-08-31T03:20:00+00:00,2026-08-31T03:25:00+00:00,2.02,0.98,0.99,0.985,0.01,991.55,6211.28,99
2026-08-31T03:22:59.027816+00:00,btc-updown-5m-1788146700,5,3989069,33773676234818212148139030857386369268984939827026186068344052557651573426190,2026-08-31T03:25:00+00:00,2026-08-31T03:30:00+00:00,7.02,0.5,0.51,0.505,0.01,956.2,101.07,99
2026-08-31T03:22:59.027816+00:00,btc-updown-15m-1788146100,15,3989042,62478614989532618237432563598554370021979762504739460374821820853351552968118,2026-08-31T03:15:00+00:00,2026-08-31T03:30:00+00:00,7.02,0.72,0.73,0.725,0.01,10.0,206.0,99
2026-08-31T03:22:59.027816+00:00,btc-updown-15m-1788147000,15,3989078,42948861872330844773285883921621150509900525842224494141711069876562354555376,2026-08-31T03:30:00+00:00,2026-08-31T03:45:00+00:00,22.02,0.5,0.51,0.505,0.01,37.0,615.47,92
2026-08-31T03:23:59.897735+00:00,btc-updown-5m-1788146400,5,3989054,612011299572673755700809571643178598326211318135874548732221731023548367222,2026-08-31T03:20:00+00:00,2026-08-31T03:25:00+00:00,1.02,0.995,0.999,0.997,0.004,112.5,1415.66,113
2026-08-31T03:23:59.897735+00:00,btc-updown-5m-1788146700,5,3989069,33773676234818212148139030857386369268984939827026186068344052557651573426190,2026-08-31T03:25:00+00:00,2026-08-31T03:30:00+00:00,6.02,0.51,0.52,0.515,0.01,625.34,25.0,99
2026-08-31T03:23:59.897735+00:00,btc-updown-15m-1788146100,15,3989042,62478614989532618237432563598554370021979762504739460374821820853351552968118,2026-08-31T03:15:00+00:00,2026-08-31T03:30:00+00:00,6.02,0.82,0.83,0.825,0.01,106.46,99.0,99
2026-08-31T03:23:59.897735+00:00,btc-updown-15m-1788147000,15,3989078,42948861872330844773285883921621150509900525842224494141711069876562354555376,2026-08-31T03:30:00+00:00,2026-08-31T03:45:00+00:00,21.02,0.5,0.51,0.505,0.01,37.0,662.27,92
2026-08-31T03:25:00.780173+00:00,btc-updown-5m-1788146700,5,3989069,33773676234818212148139030857386369268984939827026186068344052557651573426190,2026-08-31T03:25:00+00:00,2026-08-31T03:30:00+00:00,5.0,0.65,0.66,0.655,0.01,25.57,15.0,98
2026-08-31T03:25:00.780173+00:00,btc-updown-5m-1788147000,5,3989072,84641700746990119232725066731755908083837682652818152191376603798445076762899,2026-08-31T03:30:00+00:00,2026-08-31T03:35:00+00:00,10.0,0.5,0.51,0.505,0.01,705.52,406.83,99
2026-08-31T03:25:00.780173+00:00,btc-updown-15m-1788146100,15,3989042,62478614989532618237432563598554370021979762504739460374821820853351552968118,2026-08-31T03:15:00+00:00,2026-08-31T03:30:00+00:00,5.0,0.91,0.93,0.92,0.02,112.95,15.0,98
2026-08-31T03:25:00.780173+00:00,btc-updown-15m-1788147000,15,3989078,42948861872330844773285883921621150509900525842224494141711069876562354555376,2026-08-31T03:30:00+00:00,2026-08-31T03:45:00+00:00,20.0,0.5,0.51,0.505,0.01,37.0,432.27,95
2026-08-31T03:26:01.673787+00:00,btc-updown-5m-1788146700,5,3989069,33773676234818212148139030857386369268984939827026186068344052557651573426190,2026-08-31T03:25:00+00:00,2026-08-31T03:30:00+00:00,3.98,0.58,0.59,0.585,0.01,65.0,145.0,99
2026-08-31T03:26:01.673787+00:00,btc-updown-5m-1788147000,5,3989072,84641700746990119232725066731755908083837682652818152191376603798445076762899,2026-08-31T03:30:00+00:00,2026-08-31T03:35:00+00:00,8.98,0.5,0.51,0.505,0.01,779.42,2917.21,99
2026-08-31T03:26:01.673787+00:00,btc-updown-15m-1788146100,15,3989042,62478614989532618237432563598554370021979762504739460374821820853351552968118,2026-08-31T03:15:00+00:00,2026-08-31T03:30:00+00:00,3.98,0.94,0.95,0.945,0.01,115.0,163.77,99
2026-08-31T03:26:01.673787+00:00,btc-updown-15m-1788147000,15,3989078,42948861872330844773285883921621150509900525842224494141711069876562354555376,2026-08-31T03:30:00+00:00,2026-08-31T03:45:00+00:00,18.98,0.5,0.51,0.505,0.01,37.0,412.27,96
2026-08-31T03:27:02.555709+00:00,btc-updown-5m-1788146700,5,3989069,33773676234818212148139030857386369268984939827026186068344052557651573426190,2026-08-31T03:25:00+00:00,2026-08-31T03:30:00+00:00,2.97,0.39,0.4,0.395,0.01,146.9,17.74,99
2026-08-31T03:27:02.555709+00:00,btc-updown-5m-1788147000,5,3989072,84641700746990119232725066731755908083837682652818152191376603798445076762899,2026-08-31T03:30:00+00:00,2026-08-31T03:35:00+00:00,7.97,0.5,0.51,0.505,0.01,679.42,3540.89,99
2026-08-31T03:27:02.555709+00:00,btc-updown-15m-1788146100,15,3989042,62478614989532618237432563598554370021979762504739460374821820853351552968118,2026-08-31T03:15:00+00:00,2026-08-31T03:30:00+00:00,2.97,0.89,0.9,0.895,0.01,179.0,35.0,99
2026-08-31T03:27:02.555709+00:00,btc-updown-15m-1788147000,15,3989078,42948861872330844773285883921621150509900525842224494141711069876562354555376,2026-08-31T03:30:00+00:00,2026-08-31T03:45:00+00:00,17.97,0.5,0.51,0.505,0.01,187.0,832.56,97
2026-08-31T03:28:03.424054+00:00,btc-updown-5m-1788146700,5,3989069,33773676234818212148139030857386369268984939827026186068344052557651573426190,2026-08-31T03:25:00+00:00,2026-08-31T03:30:00+00:00,1.95,0.58,0.59,0.585,0.01,149.19,172.83,99
2026-08-31T03:28:03.424054+00:00,btc-updown-5m-1788147000,5,3989072,84641700746990119232725066731755908083837682652818152191376603798445076762899,2026-08-31T03:30:00+00:00,2026-08-31T03:35:00+00:00,6.95,0.5,0.51,0.505,0.01,310.0,370.89,99
2026-08-31T03:28:03.424054+00:00,btc-updown-15m-1788146100,15,3989042,62478614989532618237432563598554370021979762504739460374821820853351552968118,2026-08-31T03:15:00+00:00,2026-08-31T03:30:00+00:00,1.95,0.97,0.98,0.975,0.01,450.19,77.39,99
2026-08-31T03:28:03.424054+00:00,btc-updown-15m-1788147000,15,3989078,42948861872330844773285883921621150509900525842224494141711069876562354555376,2026-08-31T03:30:00+00:00,2026-08-31T03:45:00+00:00,16.95,0.5,0.51,0.505,0.01,187.0,1002.55,97
2026-08-31T03:29:04.316121+00:00,btc-updown-5m-1788146700,5,3989069,33773676234818212148139030857386369268984939827026186068344052557651573426190,2026-08-31T03:25:00+00:00,2026-08-31T03:30:00+00:00,0.93,0.65,0.66,0.655,0.01,88.0,41.0,99
2026-08-31T03:29:04.316121+00:00,btc-updown-5m-1788147000,5,3989072,84641700746990119232725066731755908083837682652818152191376603798445076762899,2026-08-31T03:30:00+00:00,2026-08-31T03:35:00+00:00,5.93,0.5,0.51,0.505,0.01,326.98,340.99,99
2026-08-31T03:29:04.316121+00:00,btc-updown-15m-1788147000,15,3989078,42948861872330844773285883921621150509900525842224494141711069876562354555376,2026-08-31T03:30:00+00:00,2026-08-31T03:45:00+00:00,15.93,0.5,0.51,0.505,0.01,1.0,297.27,89
2026-08-31T03:30:05.123998+00:00,btc-updown-5m-1788147000,5,3989072,84641700746990119232725066731755908083837682652818152191376603798445076762899,2026-08-31T03:30:00+00:00,2026-08-31T03:35:00+00:00,4.92,0.34,0.35,0.345,0.01,282.83,28.42,99
2026-08-31T03:30:05.123998+00:00,btc-updown-5m-1788147300,5,3989150,35642670155936103420800946691547438832761404360188672821632596895193245657992,2026-08-31T03:35:00+00:00,2026-08-31T03:40:00+00:00,9.92,0.5,0.51,0.505,0.01,83.53,394.86,99
2026-08-31T03:30:05.123998+00:00,btc-updown-15m-1788147000,15,3989078,42948861872330844773285883921621150509900525842224494141711069876562354555376,2026-08-31T03:30:00+00:00,2026-08-31T03:45:00+00:00,14.92,0.43,0.44,0.435,0.01,30.0,95.0,99
2026-08-31T03:30:05.123998+00:00,btc-updown-15m-1788147900,15,3989202,75727640725141190322055418736692172526282605972930280881701910429885325243453,2026-08-31T03:45:00+00:00,2026-08-31T04:00:00+00:00,29.92,0.49,0.5,0.495,0.01,274.73,240.0,77
2026-08-31T03:31:06.003890+00:00,btc-updown-5m-1788147000,5,3989072,84641700746990119232725066731755908083837682652818152191376603798445076762899,2026-08-31T03:30:00+00:00,2026-08-31T03:35:00+00:00,3.9,0.25,0.26,0.255,0.01,106.33,86.0,99
2026-08-31T03:31:06.003890+00:00,btc-updown-5m-1788147300,5,3989150,35642670155936103420800946691547438832761404360188672821632596895193245657992,2026-08-31T03:35:00+00:00,2026-08-31T03:40:00+00:00,8.9,0.5,0.51,0.505,0.01,76.46,362.95,99
2026-08-31T03:31:06.003890+00:00,btc-updown-15m-1788147000,15,3989078,42948861872330844773285883921621150509900525842224494141711069876562354555376,2026-08-31T03:30:00+00:00,2026-08-31T03:45:00+00:00,13.9,0.35,0.36,0.355,0.01,122.2,5.6,99
2026-08-31T03:31:06.003890+00:00,btc-updown-15m-1788147900,15,3989202,75727640725141190322055418736692172526282605972930280881701910429885325243453,2026-08-31T03:45:00+00:00,2026-08-31T04:00:00+00:00,28.9,0.49,0.5,0.495,0.01,274.73,350.0,77
2026-08-31T03:32:06.883003+00:00,btc-updown-5m-1788147000,5,3989072,84641700746990119232725066731755908083837682652818152191376603798445076762899,2026-08-31T03:30:00+00:00,2026-08-31T03:35:00+00:00,2.9,0.26,0.27,0.265,0.01,38.0,236.0,99
2026-08-31T03:32:06.883003+00:00,btc-updown-5m-1788147300,5,3989150,35642670155936103420800946691547438832761404360188672821632596895193245657992,2026-08-31T03:35:00+00:00,2026-08-31T03:40:00+00:00,7.9,0.5,0.51,0.505,0.01,647.95,404.95,99
2026-08-31T03:32:06.883003+00:00,btc-updown-15m-1788147000,15,3989078,42948861872330844773285883921621150509900525842224494141711069876562354555376,2026-08-31T03:30:00+00:00,2026-08-31T03:45:00+00:00,12.9,0.36,0.37,0.365,0.01,2397.6,25.0,99
2026-08-31T03:32:06.883003+00:00,btc-updown-15m-1788147900,15,3989202,75727640725141190322055418736692172526282605972930280881701910429885325243453,2026-08-31T03:45:00+00:00,2026-08-31T04:00:00+00:00,27.9,0.49,0.5,0.495,0.01,274.73,320.0,79
2026-08-31T03:33:07.745863+00:00,btc-updown-5m-1788147000,5,3989072,84641700746990119232725066731755908083837682652818152191376603798445076762899,2026-08-31T03:30:00+00:00,2026-08-31T03:35:00+00:00,1.88,0.32,0.33,0.325,0.01,248.0,13.0,99
2026-08-31T03:33:07.745863+00:00,btc-updown-5m-1788147300,5,3989150,35642670155936103420800946691547438832761404360188672821632596895193245657992,2026-08-31T03:35:00+00:00,2026-08-31T03:40:00+00:00,6.88,0.5,0.51,0.505,0.01,240.95,354.95,99
2026-08-31T03:33:07.745863+00:00,btc-updown-15m-1788147000,15,3989078,42948861872330844773285883921621150509900525842224494141711069876562354555376,2026-08-31T03:30:00+00:00,2026-08-31T03:45:00+00:00,11.88,0.44,0.45,0.445,0.01,96.0,91.0,99
2026-08-31T03:33:07.745863+00:00,btc-updown-15m-1788147900,15,3989202,75727640725141190322055418736692172526282605972930280881701910429885325243453,2026-08-31T03:45:00+00:00,2026-08-31T04:00:00+00:00,26.88,0.49,0.5,0.495,0.01,274.73,360.0,79
2026-08-31T03:34:08.622333+00:00,btc-updown-5m-1788147000,5,3989072,84641700746990119232725066731755908083837682652818152191376603798445076762899,2026-08-31T03:30:00+00:00,2026-08-31T03:35:00+00:00,0.87,0.04,0.05,0.045,0.01,414.91,24.28,99
2026-08-31T03:34:08.622333+00:00,btc-updown-5m-1788147300,5,3989150,35642670155936103420800946691547438832761404360188672821632596895193245657992,2026-08-31T03:35:00+00:00,2026-08-31T03:40:00+00:00,5.87,0.5,0.51,0.505,0.01,13.13,308.83,99
2026-08-31T03:34:08.622333+00:00,btc-updown-15m-1788147000,15,3989078,42948861872330844773285883921621150509900525842224494141711069876562354555376,2026-08-31T03:30:00+00:00,2026-08-31T03:45:00+00:00,10.87,0.45,0.46,0.455,0.01,75.0,176.38,99
2026-08-31T03:34:08.622333+00:00,btc-updown-15m-1788147900,15,3989202,75727640725141190322055418736692172526282605972930280881701910429885325243453,2026-08-31T03:45:00+00:00,2026-08-31T04:00:00+00:00,25.87,0.49,0.5,0.495,0.01,258.07,167.83,83
2026-08-31T03:35:09.486733+00:00,btc-updown-5m-1788147300,5,3989150,35642670155936103420800946691547438832761404360188672821632596895193245657992,2026-08-31T03:35:00+00:00,2026-08-31T03:40:00+00:00,4.85,0.42,0.43,0.425,0.01,119.23,86.85,99
2026-08-31T03:35:09.486733+00:00,btc-updown-5m-1788147600,5,3989160,6193882632725896129736784868243834887535517798570221433916633850368514077263,2026-08-31T03:40:00+00:00,2026-08-31T03:45:00+00:00,9.85,0.5,0.51,0.505,0.01,92.86,295.31,99
2026-08-31T03:35:09.486733+00:00,btc-updown-15m-1788147000,15,3989078,42948861872330844773285883921621150509900525842224494141711069876562354555376,2026-08-31T03:30:00+00:00,2026-08-31T03:45:00+00:00,9.85,0.4,0.41,0.405,0.01,125.0,33.85,99
2026-08-31T03:35:09.486733+00:00,btc-updown-15m-1788147900,15,3989202,75727640725141190322055418736692172526282605972930280881701910429885325243453,2026-08-31T03:45:00+00:00,2026-08-31T04:00:00+00:00,24.85,0.49,0.5,0.495,0.01,219.08,326.0,93
2026-08-31T03:36:10.376442+00:00,btc-updown-5m-1788147300,5,3989150,35642670155936103420800946691547438832761404360188672821632596895193245657992,2026-08-31T03:35:00+00:00,2026-08-31T03:40:00+00:00,3.83,0.78,0.79,0.785,0.01,351.31,55.63,99
2026-08-31T03:36:10.376442+00:00,btc-updown-5m-1788147600,5,3989160,6193882632725896129736784868243834887535517798570221433916633850368514077263,2026-08-31T03:40:00+00:00,2026-08-31T03:45:00+00:00,8.83,0.5,0.52,0.51,0.02,182.91,21.25,98
2026-08-31T03:36:10.376442+00:00,btc-updown-15m-1788147000,15,3989078,42948861872330844773285883921621150509900525842224494141711069876562354555376,2026-08-31T03:30:00+00:00,2026-08-31T03:45:00+00:00,8.83,0.63,0.64,0.635,0.01,25.0,10.0,99
2026-08-31T03:36:10.376442+00:00,btc-updown-15m-1788147900,15,3989202,75727640725141190322055418736692172526282605972930280881701910429885325243453,2026-08-31T03:45:00+00:00,2026-08-31T04:00:00+00:00,23.83,0.49,0.5,0.495,0.01,219.08,406.0,93
2026-08-31T03:37:11.264394+00:00,btc-updown-5m-1788147300,5,3989150,35642670155936103420800946691547438832761404360188672821632596895193245657992,2026-08-31T03:35:00+00:00,2026-08-31T03:40:00+00:00,2.82,0.94,0.95,0.945,0.01,232.39,237.96,99
2026-08-31T03:37:11.264394+00:00,btc-updown-5m-1788147600,5,3989160,6193882632725896129736784868243834887535517798570221433916633850368514077263,2026-08-31T03:40:00+00:00,2026-08-31T03:45:00+00:00,7.82,0.5,0.52,0.51,0.02,232.91,57.01,98
2026-08-31T03:37:11.264394+00:00,btc-updown-15m-1788147000,15,3989078,42948861872330844773285883921621150509900525842224494141711069876562354555376,2026-08-31T03:30:00+00:00,2026-08-31T03:45:00+00:00,7.82,0.76,0.77,0.765,0.01,9.0,163.19,99
2026-08-31T03:37:11.264394+00:00,btc-updown-15m-1788147900,15,3989202,75727640725141190322055418736692172526282605972930280881701910429885325243453,2026-08-31T03:45:00+00:00,2026-08-31T04:00:00+00:00,22.82,0.49,0.5,0.495,0.01,219.08,406.0,93
2026-08-31T03:38:12.129949+00:00,btc-updown-5m-1788147300,5,3989150,35642670155936103420800946691547438832761404360188672821632596895193245657992,2026-08-31T03:35:00+00:00,2026-08-31T03:40:00+00:00,1.8,0.98,0.99,0.985,0.01,1177.26,1702.28,99
2026-08-31T03:38:12.129949+00:00,btc-updown-5m-1788147600,5,3989160,6193882632725896129736784868243834887535517798570221433916633850368514077263,2026-08-31T03:40:00+00:00,2026-08-31T03:45:00+00:00,6.8,0.51,0.54,0.525,0.03,25.0,106.4,97
2026-08-31T03:38:12.129949+00:00,btc-updown-15m-1788147000,15,3989078,42948861872330844773285883921621150509900525842224494141711069876562354555376,2026-08-31T03:30:00+00:00,2026-08-31T03:45:00+00:00,6.8,0.86,0.87,0.865,0.01,160.0,243.15,99
2026-08-31T03:38:12.129949+00:00,btc-updown-15m-1788147900,15,3989202,75727640725141190322055418736692172526282605972930280881701910429885325243453,2026-08-31T03:45:00+00:00,2026-08-31T04:00:00+00:00,21.8,0.49,0.5,0.495,0.01,219.08,406.0,93
2026-08-31T03:39:13.002609+00:00,btc-updown-5m-1788147600,5,3989160,6193882632725896129736784868243834887535517798570221433916633850368514077263,2026-08-31T03:40:00+00:00,2026-08-31T03:45:00+00:00,5.78,0.5,0.51,0.505,0.01,78.04,17.04,97
2026-08-31T03:39:13.002609+00:00,btc-updown-15m-1788147000,15,3989078,42948861872330844773285883921621150509900525842224494141711069876562354555376,2026-08-31T03:30:00+00:00,2026-08-31T03:45:00+00:00,5.78,0.87,0.88,0.875,0.01,166.0,60.84,99
2026-08-31T03:39:13.002609+00:00,btc-updown-15m-1788147900,15,3989202,75727640725141190322055418736692172526282605972930280881701910429885325243453,2026-08-31T03:45:00+00:00,2026-08-31T04:00:00+00:00,20.78,0.49,0.5,0.495,0.01,219.08,406.0,93
2026-08-31T03:40:13.779581+00:00,btc-updown-5m-1788147600,5,3989160,6193882632725896129736784868243834887535517798570221433916633850368514077263,2026-08-31T03:40:00+00:00,2026-08-31T03:45:00+00:00,4.78,0.27,0.28,0.275,0.01,282.49,67.0,99
2026-08-31T03:40:13.779581+00:00,btc-updown-5m-1788147900,5,3989196,54440402827160563600096305114673153119105246714544825454282045130873268389083,2026-08-31T03:45:00+00:00,2026-08-31T03:50:00+00:00,9.78,0.49,0.5,0.495,0.01,117.61,544.67,99
2026-08-31T03:40:13.779581+00:00,btc-updown-15m-1788147000,15,3989078,42948861872330844773285883921621150509900525842224494141711069876562354555376,2026-08-31T03:30:00+00:00,2026-08-31T03:45:00+00:00,4.78,0.81,0.82,0.815,0.01,218.0,34.63,99
2026-08-31T03:40:13.779581+00:00,btc-updown-15m-1788147900,15,3989202,75727640725141190322055418736692172526282605972930280881701910429885325243453,2026-08-31T03:45:00+00:00,2026-08-31T04:00:00+00:00,19.78,0.49,0.5,0.495,0.01,5.21,326.0,95
2026-08-31T03:41:14.651395+00:00,btc-updown-5m-1788147600,5,3989160,6193882632725896129736784868243834887535517798570221433916633850368514077263,2026-08-31T03:40:00+00:00,2026-08-31T03:45:00+00:00,3.77,0.18,0.19,0.185,0.01,69.34,170.4,99
2026-08-31T03:41:14.651395+00:00,btc-updown-5m-1788147900,5,3989196,54440402827160563600096305114673153119105246714544825454282045130873268389083,2026-08-31T03:45:00+00:00,2026-08-31T03:50:00+00:00,8.77,0.49,0.5,0.495,0.01,42.27,504.67,99
2026-08-31T03:41:14.651395+00:00,btc-updown-15m-1788147000,15,3989078,42948861872330844773285883921621150509900525842224494141711069876562354555376,2026-08-31T03:30:00+00:00,2026-08-31T03:45:00+00:00,3.77,0.76,0.77,0.765,0.01,120.0,113.0,99
2026-08-31T03:41:14.651395+00:00,btc-updown-15m-1788147900,15,3989202,75727640725141190322055418736692172526282605972930280881701910429885325243453,2026-08-31T03:45:00+00:00,2026-08-31T04:00:00+00:00,18.77,0.48,0.49,0.485,0.01,10.0,286.87,97
2026-08-31T03:42:15.522454+00:00,btc-updown-5m-1788147600,5,3989160,6193882632725896129736784868243834887535517798570221433916633850368514077263,2026-08-31T03:40:00+00:00,2026-08-31T03:45:00+00:00,2.75,0.18,0.19,0.185,0.01,133.0,167.0,99
2026-08-31T03:42:15.522454+00:00,btc-updown-5m-1788147900,5,3989196,54440402827160563600096305114673153119105246714544825454282045130873268389083,2026-08-31T03:45:00+00:00,2026-08-31T03:50:00+00:00,7.75,0.49,0.5,0.495,0.01,92.27,554.67,99
2026-08-31T03:42:15.522454+00:00,btc-updown-15m-1788147000,15,3989078,42948861872330844773285883921621150509900525842224494141711069876562354555376,2026-08-31T03:30:00+00:00,2026-08-31T03:45:00+00:00,2.75,0.85,0.86,0.855,0.01,74.0,37.0,99
2026-08-31T03:42:15.522454+00:00,btc-updown-15m-1788147900,15,3989202,75727640725141190322055418736692172526282605972930280881701910429885325243453,2026-08-31T03:45:00+00:00,2026-08-31T04:00:00+00:00,17.75,0.48,0.49,0.485,0.01,223.33,80.6,97
2026-08-31T03:43:16.417304+00:00,btc-updown-5m-1788147600,5,3989160,6193882632725896129736784868243834887535517798570221433916633850368514077263,2026-08-31T03:40:00+00:00,2026-08-31T03:45:00+00:00,1.73,0.84,0.85,0.845,0.01,134.06,104.4,99
2026-08-31T03:43:16.417304+00:00,btc-updown-5m-1788147900,5,3989196,54440402827160563600096305114673153119105246714544825454282045130873268389083,2026-08-31T03:45:00+00:00,2026-08-31T03:50:00+00:00,6.73,0.47,0.48,0.475,0.01,113.53,130.0,99
2026-08-31T03:43:16.417304+00:00,btc-updown-15m-1788147900,15,3989202,75727640725141190322055418736692172526282605972930280881701910429885325243453,2026-08-31T03:45:00+00:00,2026-08-31T04:00:00+00:00,16.73,0.48,0.49,0.485,0.01,218.33,80.6,97
2026-08-31T03:44:17.185031+00:00,btc-updown-5m-1788147900,5,3989196,54440402827160563600096305114673153119105246714544825454282045130873268389083,2026-08-31T03:45:00+00:00,2026-08-31T03:50:00+00:00,5.72,0.48,0.5,0.49,0.02,49.38,703.57,98
2026-08-31T03:44:17.185031+00:00,btc-updown-15m-1788147900,15,3989202,75727640725141190322055418736692172526282605972930280881701910429885325243453,2026-08-31T03:45:00+00:00,2026-08-31T04:00:00+00:00,15.72,0.47,0.48,0.475,0.01,180.15,412.97,89
2026-08-31T03:45:17.854494+00:00,btc-updown-5m-1788147900,5,3989196,54440402827160563600096305114673153119105246714544825454282045130873268389083,2026-08-31T03:45:00+00:00,2026-08-31T03:50:00+00:00,4.72,0.48,0.49,0.485,0.01,107.76,251.52,99
2026-08-31T03:45:17.854494+00:00,btc-updown-5m-1788148200,5,3989212,53783766842589070839821438778059030395916644356585004398201697945862866085214,2026-08-31T03:50:00+00:00,2026-08-31T03:55:00+00:00,9.72,0.49,0.5,0.495,0.01,229.63,577.58,99
2026-08-31T03:45:17.854494+00:00,btc-updown-15m-1788147900,15,3989202,75727640725141190322055418736692172526282605972930280881701910429885325243453,2026-08-31T03:45:00+00:00,2026-08-31T04:00:00+00:00,14.72,0.48,0.49,0.485,0.01,35.14,65.0,99
2026-08-31T03:45:17.854494+00:00,btc-updown-15m-1788148800,15,3990239,54378937874267111080662737768673414406947297410707134389784146965518681507379,2026-08-31T04:00:00+00:00,2026-08-31T04:15:00+00:00,29.72,0.49,0.5,0.495,0.01,229.44,220.0,89
2026-08-31T03:46:18.729249+00:00,btc-updown-5m-1788147900,5,3989196,54440402827160563600096305114673153119105246714544825454282045130873268389083,2026-08-31T03:45:00+00:00,2026-08-31T03:50:00+00:00,3.7,0.52,0.53,0.525,0.01,254.0,88.03,99
2026-08-31T03:46:18.729249+00:00,btc-updown-5m-1788148200,5,3989212,53783766842589070839821438778059030395916644356585004398201697945862866085214,2026-08-31T03:50:00+00:00,2026-08-31T03:55:00+00:00,8.7,0.48,0.49,0.485,0.01,77.57,75.0,99
2026-08-31T03:46:18.729249+00:00,btc-updown-15m-1788147900,15,3989202,75727640725141190322055418736692172526282605972930280881701910429885325243453,2026-08-31T03:45:00+00:00,2026-08-31T04:00:00+00:00,13.7,0.5,0.51,0.505,0.01,29.0,245.0,99
2026-08-31T03:46:18.729249+00:00,btc-updown-15m-1788148800,15,3990239,54378937874267111080662737768673414406947297410707134389784146965518681507379,2026-08-31T04:00:00+00:00,2026-08-31T04:15:00+00:00,28.7,0.49,0.5,0.495,0.01,246.79,886.0,89
2026-08-31T03:47:19.601116+00:00,btc-updown-5m-1788147900,5,3989196,54440402827160563600096305114673153119105246714544825454282045130873268389083,2026-08-31T03:45:00+00:00,2026-08-31T03:50:00+00:00,2.68,0.59,0.6,0.595,0.01,390.23,28.0,99
2026-08-31T03:47:19.601116+00:00,btc-updown-5m-1788148200,5,3989212,53783766842589070839821438778059030395916644356585004398201697945862866085214,2026-08-31T03:50:00+00:00,2026-08-31T03:55:00+00:00,7.68,0.48,0.49,0.485,0.01,113.15,65.0,99
2026-08-31T03:47:19.601116+00:00,btc-updown-15m-1788147900,15,3989202,75727640725141190322055418736692172526282605972930280881701910429885325243453,2026-08-31T03:45:00+00:00,2026-08-31T04:00:00+00:00,12.68,0.54,0.55,0.545,0.01,235.38,14.0,99
2026-08-31T03:47:19.601116+00:00,btc-updown-15m-1788148800,15,3990239,54378937874267111080662737768673414406947297410707134389784146965518681507379,2026-08-31T04:00:00+00:00,2026-08-31T04:15:00+00:00,27.68,0.49,0.5,0.495,0.01,246.79,652.0,89
2026-08-31T03:48:20.494879+00:00,btc-updown-5m-1788147900,5,3989196,54440402827160563600096305114673153119105246714544825454282045130873268389083,2026-08-31T03:45:00+00:00,2026-08-31T03:50:00+00:00,1.67,0.74,0.75,0.745,0.01,115.0,11.13,98
2026-08-31T03:48:20.494879+00:00,btc-updown-5m-1788148200,5,3989212,53783766842589070839821438778059030395916644356585004398201697945862866085214,2026-08-31T03:50:00+00:00,2026-08-31T03:55:00+00:00,6.67,0.48,0.49,0.485,0.01,68.15,70.0,99
2026-08-31T03:48:20.494879+00:00,btc-updown-15m-1788147900,15,3989202,75727640725141190322055418736692172526282605972930280881701910429885325243453,2026-08-31T03:45:00+00:00,2026-08-31T04:00:00+00:00,11.67,0.55,0.56,0.555,0.01,114.0,130.0,99
2026-08-31T03:48:20.494879+00:00,btc-updown-15m-1788148800,15,3990239,54378937874267111080662737768673414406947297410707134389784146965518681507379,2026-08-31T04:00:00+00:00,2026-08-31T04:15:00+00:00,26.67,0.49,0.5,0.495,0.01,60.0,822.0,89
2026-08-31T03:49:21.385109+00:00,btc-updown-5m-1788147900,5,3989196,54440402827160563600096305114673153119105246714544825454282045130873268389083,2026-08-31T03:45:00+00:00,2026-08-31T03:50:00+00:00,0.65,0.98,0.99,0.985,0.01,542.87,1638.7,99
2026-08-31T03:49:21.385109+00:00,btc-updown-5m-1788148200,5,3989212,53783766842589070839821438778059030395916644356585004398201697945862866085214,2026-08-31T03:50:00+00:00,2026-08-31T03:55:00+00:00,5.65,0.48,0.49,0.485,0.01,40.0,98.29,99
2026-08-31T03:49:21.385109+00:00,btc-updown-15m-1788147900,15,3989202,75727640725141190322055418736692172526282605972930280881701910429885325243453,2026-08-31T03:45:00+00:00,2026-08-31T04:00:00+00:00,10.65,0.58,0.59,0.585,0.01,260.56,7.57,99
2026-08-31T03:49:21.385109+00:00,btc-updown-15m-1788148800,15,3990239,54378937874267111080662737768673414406947297410707134389784146965518681507379,2026-08-31T04:00:00+00:00,2026-08-31T04:15:00+00:00,25.65,0.49,0.5,0.495,0.01,60.0,802.0,95
2026-08-31T03:50:22.257612+00:00,btc-updown-5m-1788148200,5,3989212,53783766842589070839821438778059030395916644356585004398201697945862866085214,2026-08-31T03:50:00+00:00,2026-08-31T03:55:00+00:00,4.63,0.36,0.37,0.365,0.01,0.3,350.02,99
2026-08-31T03:50:22.257612+00:00,btc-updown-5m-1788148500,5,3990209,111544923065510879915510891519199838339005488653205859832463096683049712778881,2026-08-31T03:55:00+00:00,2026-08-31T04:00:00+00:00,9.63,0.49,0.5,0.495,0.01,216.63,1064.72,99
2026-08-31T03:50:22.257612+00:00,btc-updown-15m-1788147900,15,3989202,75727640725141190322055418736692172526282605972930280881701910429885325243453,2026-08-31T03:45:00+00:00,2026-08-31T04:00:00+00:00,9.63,0.5,0.51,0.505,0.01,114.06,187.06,99
2026-08-31T03:50:22.257612+00:00,btc-updown-15m-1788148800,15,3990239,54378937874267111080662737768673414406947297410707134389784146965518681507379,2026-08-31T04:00:00+00:00,2026-08-31T04:15:00+00:00,24.63,0.49,0.5,0.495,0.01,10.0,680.0,95
2026-08-31T03:51:23.133816+00:00,btc-updown-5m-1788148200,5,3989212,53783766842589070839821438778059030395916644356585004398201697945862866085214,2026-08-31T03:50:00+00:00,2026-08-31T03:55:00+00:00,3.62,0.22,0.23,0.225,0.01,74.44,365.48,99
2026-08-31T03:51:23.133816+00:00,btc-updown-5m-1788148500,5,3990209,111544923065510879915510891519199838339005488653205859832463096683049712778881,2026-08-31T03:55:00+00:00,2026-08-31T04:00:00+00:00,8.62,0.49,0.5,0.495,0.01,170.09,644.72,99
2026-08-31T03:51:23.133816+00:00,btc-updown-15m-1788147900,15,3989202,75727640725141190322055418736692172526282605972930280881701910429885325243453,2026-08-31T03:45:00+00:00,2026-08-31T04:00:00+00:00,8.62,0.4,0.41,0.405,0.01,140.0,110.0,99
2026-08-31T03:51:23.133816+00:00,btc-updown-15m-1788148800,15,3990239,54378937874267111080662737768673414406947297410707134389784146965518681507379,2026-08-31T04:00:00+00:00,2026-08-31T04:15:00+00:00,23.62,0.49,0.5,0.495,0.01,314.08,630.0,95
2026-08-31T03:52:24.126576+00:00,btc-updown-5m-1788148200,5,3989212,53783766842589070839821438778059030395916644356585004398201697945862866085214,2026-08-31T03:50:00+00:00,2026-08-31T03:55:00+00:00,2.6,0.13,0.14,0.135,0.01,585.01,141.98,99
2026-08-31T03:52:24.126576+00:00,btc-updown-5m-1788148500,5,3990209,111544923065510879915510891519199838339005488653205859832463096683049712778881,2026-08-31T03:55:00+00:00,2026-08-31T04:00:00+00:00,7.6,0.48,0.49,0.485,0.01,77.03,60.0,99
2026-08-31T03:52:24.126576+00:00,btc-updown-15m-1788147900,15,3989202,75727640725141190322055418736692172526282605972930280881701910429885325243453,2026-08-31T03:45:00+00:00,2026-08-31T04:00:00+00:00,7.6,0.36,0.37,0.365,0.01,40.0,89.65,99
2026-08-31T03:52:24.126576+00:00,btc-updown-15m-1788148800,15,3990239,54378937874267111080662737768673414406947297410707134389784146965518681507379,2026-08-31T04:00:00+00:00,2026-08-31T04:15:00+00:00,22.6,0.49,0.5,0.495,0.01,60.0,630.0,95
2026-08-31T03:53:24.996256+00:00,btc-updown-5m-1788148200,5,3989212,53783766842589070839821438778059030395916644356585004398201697945862866085214,2026-08-31T03:50:00+00:00,2026-08-31T03:55:00+00:00,1.6,0.01,0.02,0.015,0.01,3303.61,311.83,99
2026-08-31T03:53:24.996256+00:00,btc-updown-5m-1788148500,5,3990209,111544923065510879915510891519199838339005488653205859832463096683049712778881,2026-08-31T03:55:00+00:00,2026-08-31T04:00:00+00:00,6.6,0.48,0.49,0.485,0.01,191.75,8.6,98
2026-08-31T03:53:24.996256+00:00,btc-updown-15m-1788147900,15,3989202,75727640725141190322055418736692172526282605972930280881701910429885325243453,2026-08-31T03:45:00+00:00,2026-08-31T04:00:00+00:00,6.6,0.22,0.23,0.225,0.01,5255.08,11.47,99
2026-08-31T03:53:24.996256+00:00,btc-updown-15m-1788148800,15,3990239,54378937874267111080662737768673414406947297410707134389784146965518681507379,2026-08-31T04:00:00+00:00,2026-08-31T04:15:00+00:00,21.6,0.49,0.5,0.495,0.01,10.0,550.0,95
2026-08-31T03:54:25.878174+00:00,btc-updown-5m-1788148500,5,3990209,111544923065510879915510891519199838339005488653205859832463096683049712778881,2026-08-31T03:55:00+00:00,2026-08-31T04:00:00+00:00,5.58,0.48,0.49,0.485,0.01,91.02,29.61,98
2026-08-31T03:54:25.878174+00:00,btc-updown-15m-1788147900,15,3989202,75727640725141190322055418736692172526282605972930280881701910429885325243453,2026-08-31T03:45:00+00:00,2026-08-31T04:00:00+00:00,5.58,0.27,0.28,0.275,0.01,131.09,6.42,99
2026-08-31T03:54:25.878174+00:00,btc-updown-15m-1788148800,15,3990239,54378937874267111080662737768673414406947297410707134389784146965518681507379,2026-08-31T04:00:00+00:00,2026-08-31T04:15:00+00:00,20.58,0.49,0.5,0.495,0.01,264.08,550.0,95
2026-08-31T03:55:26.643748+00:00,btc-updown-5m-1788148500,5,3990209,111544923065510879915510891519199838339005488653205859832463096683049712778881,2026-08-31T03:55:00+00:00,2026-08-31T04:00:00+00:00,4.57,0.29,0.3,0.295,0.01,93.83,55.33,99
2026-08-31T03:55:26.643748+00:00,btc-updown-5m-1788148800,5,3990250,5331443794554726308182954827588061492737842880013464639140530275922917204184,2026-08-31T04:00:00+00:00,2026-08-31T04:05:00+00:00,9.57,0.5,0.51,0.505,0.01,78.74,430.0,99
2026-08-31T03:55:26.643748+00:00,btc-updown-15m-1788147900,15,3989202,75727640725141190322055418736692172526282605972930280881701910429885325243453,2026-08-31T03:45:00+00:00,2026-08-31T04:00:00+00:00,4.57,0.1,0.11,0.105,0.01,120.0,5.0,99
2026-08-31T03:55:26.643748+00:00,btc-updown-15m-1788148800,15,3990239,54378937874267111080662737768673414406947297410707134389784146965518681507379,2026-08-31T04:00:00+00:00,2026-08-31T04:15:00+00:00,19.57,0.49,0.5,0.495,0.01,244.08,500.0,95
2026-08-31T03:56:27.540377+00:00,btc-updown-5m-1788148500,5,3990209,111544923065510879915510891519199838339005488653205859832463096683049712778881,2026-08-31T03:55:00+00:00,2026-08-31T04:00:00+00:00,3.55,0.37,0.38,0.375,0.01,172.0,39.36,99
2026-08-31T03:56:27.540377+00:00,btc-updown-5m-1788148800,5,3990250,5331443794554726308182954827588061492737842880013464639140530275922917204184,2026-08-31T04:00:00+00:00,2026-08-31T04:05:00+00:00,8.55,0.5,0.51,0.505,0.01,77.7,315.0,99
2026-08-31T03:56:27.540377+00:00,btc-updown-15m-1788147900,15,3989202,75727640725141190322055418736692172526282605972930280881701910429885325243453,2026-08-31T03:45:00+00:00,2026-08-31T04:00:00+00:00,3.55,0.11,0.12,0.115,0.01,3.0,50.0,99
2026-08-31T03:56:27.540377+00:00,btc-updown-15m-1788148800,15,3990239,54378937874267111080662737768673414406947297410707134389784146965518681507379,2026-08-31T04:00:00+00:00,2026-08-31T04:15:00+00:00,18.55,0.49,0.5,0.495,0.01,204.08,494.84,95
2026-08-31T03:57:28.424798+00:00,btc-updown-5m-1788148500,5,3990209,111544923065510879915510891519199838339005488653205859832463096683049712778881,2026-08-31T03:55:00+00:00,2026-08-31T04:00:00+00:00,2.53,0.12,0.13,0.125,0.01,97.48,128.59,99
2026-08-31T03:57:28.424798+00:00,btc-updown-5m-1788148800,5,3990250,5331443794554726308182954827588061492737842880013464639140530275922917204184,2026-08-31T04:00:00+00:00,2026-08-31T04:05:00+00:00,7.53,0.5,0.51,0.505,0.01,127.7,1025.0,99
2026-08-31T03:57:28.424798+00:00,btc-updown-15m-1788147900,15,3989202,75727640725141190322055418736692172526282605972930280881701910429885325243453,2026-08-31T03:45:00+00:00,2026-08-31T04:00:00+00:00,2.53,0.01,0.02,0.015,0.01,580.96,176.11,99
2026-08-31T03:57:28.424798+00:00,btc-updown-15m-1788148800,15,3990239,54378937874267111080662737768673414406947297410707134389784146965518681507379,2026-08-31T04:00:00+00:00,2026-08-31T04:15:00+00:00,17.53,0.49,0.5,0.495,0.01,364.08,454.84,95
2026-08-31T03:58:29.290543+00:00,btc-updown-5m-1788148500,5,3990209,111544923065510879915510891519199838339005488653205859832463096683049712778881,2026-08-31T03:55:00+00:00,2026-08-31T04:00:00+00:00,1.52,0.01,0.02,0.015,0.01,2713.18,519.4,99
2026-08-31T03:58:29.290543+00:00,btc-updown-5m-1788148800,5,3990250,5331443794554726308182954827588061492737842880013464639140530275922917204184,2026-08-31T04:00:00+00:00,2026-08-31T04:05:00+00:00,6.52,0.49,0.5,0.495,0.01,24.81,102.0,99
2026-08-31T03:58:29.290543+00:00,btc-updown-15m-1788148800,15,3990239,54378937874267111080662737768673414406947297410707134389784146965518681507379,2026-08-31T04:00:00+00:00,2026-08-31T04:15:00+00:00,16.52,0.49,0.5,0.495,0.01,314.08,591.84,95
2026-08-31T03:59:30.051869+00:00,btc-updown-5m-1788148800,5,3990250,5331443794554726308182954827588061492737842880013464639140530275922917204184,2026-08-31T04:00:00+00:00,2026-08-31T04:05:00+00:00,5.5,0.51,0.52,0.515,0.01,102.0,7.45,96
2026-08-31T03:59:30.051869+00:00,btc-updown-15m-1788148800,15,3990239,54378937874267111080662737768673414406947297410707134389784146965518681507379,2026-08-31T04:00:00+00:00,2026-08-31T04:15:00+00:00,15.5,0.49,0.5,0.495,0.01,165.47,559.66,93
2026-08-31T04:00:30.720919+00:00,btc-updown-5m-1788148800,5,3990250,5331443794554726308182954827588061492737842880013464639140530275922917204184,2026-08-31T04:00:00+00:00,2026-08-31T04:05:00+00:00,4.5,0.28,0.29,0.285,0.01,279.0,45.0,99
2026-08-31T04:00:30.720919+00:00,btc-updown-5m-1788149100,5,3990321,19272337769139240249307619704163555889045986414967637859156167934289787300576,2026-08-31T04:05:00+00:00,2026-08-31T04:10:00+00:00,9.5,0.5,0.51,0.505,0.01,160.63,367.5,99
2026-08-31T04:00:30.720919+00:00,btc-updown-15m-1788148800,15,3990239,54378937874267111080662737768673414406947297410707134389784146965518681507379,2026-08-31T04:00:00+00:00,2026-08-31T04:15:00+00:00,14.5,0.37,0.38,0.375,0.01,185.07,60.0,99
2026-08-31T04:00:30.720919+00:00,btc-updown-15m-1788149700,15,3990345,58728711704979507260536610247468505718907143452294863507169074969363387531477,2026-08-31T04:15:00+00:00,2026-08-31T04:30:00+00:00,29.5,0.5,0.51,0.505,0.01,156.0,349.86,74
2026-08-31T04:01:31.599565+00:00,btc-updown-5m-1788148800,5,3990250,5331443794554726308182954827588061492737842880013464639140530275922917204184,2026-08-31T04:00:00+00:00,2026-08-31T04:05:00+00:00,3.48,0.15,0.16,0.155,0.01,103.0,170.58,99
2026-08-31T04:01:31.599565+00:00,btc-updown-5m-1788149100,5,3990321,19272337769139240249307619704163555889045986414967637859156167934289787300576,2026-08-31T04:05:00+00:00,2026-08-31T04:10:00+00:00,8.48,0.49,0.5,0.495,0.01,96.51,34.0,99
2026-08-31T04:01:31.599565+00:00,btc-updown-15m-1788148800,15,3990239,54378937874267111080662737768673414406947297410707134389784146965518681507379,2026-08-31T04:00:00+00:00,2026-08-31T04:15:00+00:00,13.48,0.32,0.33,0.325,0.01,287.66,50.11,99
2026-08-31T04:01:31.599565+00:00,btc-updown-15m-1788149700,15,3990345,58728711704979507260536610247468505718907143452294863507169074969363387531477,2026-08-31T04:15:00+00:00,2026-08-31T04:30:00+00:00,28.48,0.5,0.51,0.505,0.01,67.83,313.2,73
2026-08-31T04:02:32.489463+00:00,btc-updown-5m-1788149100,5,3990321,19272337769139240249307619704163555889045986414967637859156167934289787300576,2026-08-31T04:05:00+00:00,2026-08-31T04:10:00+00:00,7.47,0.5,0.51,0.505,0.01,135.0,301.73,99
2026-08-31T04:02:32.489463+00:00,btc-updown-15m-1788148800,15,3990239,54378937874267111080662737768673414406947297410707134389784146965518681507379,2026-08-31T04:00:00+00:00,2026-08-31T04:15:00+00:00,12.47,0.12,0.13,0.125,0.01,14193.3,10.0,98
2026-08-31T04:02:32.489463+00:00,btc-updown-15m-1788149700,15,3990345,58728711704979507260536610247468505718907143452294863507169074969363387531477,2026-08-31T04:15:00+00:00,2026-08-31T04:30:00+00:00,27.47,0.5,0.51,0.505,0.01,196.0,313.2,75
2026-08-31T04:03:33.254835+00:00,btc-updown-5m-1788149100,5,3990321,19272337769139240249307619704163555889045986414967637859156167934289787300576,2026-08-31T04:05:00+00:00,2026-08-31T04:10:00+00:00,6.45,0.53,0.54,0.535,0.01,39.0,15.0,99
2026-08-31T04:03:33.254835+00:00,btc-updown-15m-1788148800,15,3990239,54378937874267111080662737768673414406947297410707134389784146965518681507379,2026-08-31T04:00:00+00:00,2026-08-31T04:15:00+00:00,11.45,0.11,0.12,0.115,0.01,5.0,31.31,99
2026-08-31T04:03:33.254835+00:00,btc-updown-15m-1788149700,15,3990345,58728711704979507260536610247468505718907143452294863507169074969363387531477,2026-08-31T04:15:00+00:00,2026-08-31T04:30:00+00:00,26.45,0.5,0.51,0.505,0.01,746.0,263.2,75
2026-08-31T04:04:34.032507+00:00,btc-updown-5m-1788149100,5,3990321,19272337769139240249307619704163555889045986414967637859156167934289787300576,2026-08-31T04:05:00+00:00,2026-08-31T04:10:00+00:00,5.43,0.47,0.48,0.475,0.01,28.22,15.0,99
2026-08-31T04:04:34.032507+00:00,btc-updown-15m-1788148800,15,3990239,54378937874267111080662737768673414406947297410707134389784146965518681507379,2026-08-31T04:00:00+00:00,2026-08-31T04:15:00+00:00,10.43,0.07,0.08,0.075,0.01,229.1,220.2,99
2026-08-31T04:04:34.032507+00:00,btc-updown-15m-1788149700,15,3990345,58728711704979507260536610247468505718907143452294863507169074969363387531477,2026-08-31T04:15:00+00:00,2026-08-31T04:30:00+00:00,25.43,0.5,0.51,0.505,0.01,789.91,264.08,91
2026-08-31T04:05:34.805827+00:00,btc-updown-5m-1788149100,5,3990321,19272337769139240249307619704163555889045986414967637859156167934289787300576,2026-08-31T04:05:00+00:00,2026-08-31T04:10:00+00:00,4.43,0.32,0.33,0.325,0.01,6.19,6.84,99
2026-08-31T04:05:34.805827+00:00,btc-updown-5m-1788149400,5,3990333,35803529281514216736676932370714885389915511619640999299623930293442889130439,2026-08-31T04:10:00+00:00,2026-08-31T04:15:00+00:00,9.43,0.5,0.51,0.505,0.01,943.74,332.32,99
2026-08-31T04:05:34.805827+00:00,btc-updown-15m-1788148800,15,3990239,54378937874267111080662737768673414406947297410707134389784146965518681507379,2026-08-31T04:00:00+00:00,2026-08-31T04:15:00+00:00,9.43,0.05,0.06,0.055,0.01,862.91,188.76,99
2026-08-31T04:05:34.805827+00:00,btc-updown-15m-1788149700,15,3990345,58728711704979507260536610247468505718907143452294863507169074969363387531477,2026-08-31T04:15:00+00:00,2026-08-31T04:30:00+00:00,24.43,0.5,0.51,0.505,0.01,789.91,214.08,93
2026-08-31T04:06:35.682097+00:00,btc-updown-5m-1788149100,5,3990321,19272337769139240249307619704163555889045986414967637859156167934289787300576,2026-08-31T04:05:00+00:00,2026-08-31T04:10:00+00:00,3.42,0.83,0.84,0.835,0.01,20.0,82.26,99
2026-08-31T04:06:35.682097+00:00,btc-updown-5m-1788149400,5,3990333,35803529281514216736676932370714885389915511619640999299623930293442889130439,2026-08-31T04:10:00+00:00,2026-08-31T04:15:00+00:00,8.42,0.5,0.51,0.505,0.01,877.74,278.22,99
2026-08-31T04:06:35.682097+00:00,btc-updown-15m-1788148800,15,3990239,54378937874267111080662737768673414406947297410707134389784146965518681507379,2026-08-31T04:00:00+00:00,2026-08-31T04:15:00+00:00,8.42,0.1,0.11,0.105,0.01,130.0,172.59,99
2026-08-31T04:06:35.682097+00:00,btc-updown-15m-1788149700,15,3990345,58728711704979507260536610247468505718907143452294863507169074969363387531477,2026-08-31T04:15:00+00:00,2026-08-31T04:30:00+00:00,23.42,0.5,0.51,0.505,0.01,359.91,10.0,93
2026-08-31T04:07:36.553967+00:00,btc-updown-5m-1788149100,5,3990321,19272337769139240249307619704163555889045986414967637859156167934289787300576,2026-08-31T04:05:00+00:00,2026-08-31T04:10:00+00:00,2.4,0.95,0.96,0.955,0.01,98.0,280.58,99
2026-08-31T04:07:36.553967+00:00,btc-updown-5m-1788149400,5,3990333,35803529281514216736676932370714885389915511619640999299623930293442889130439,2026-08-31T04:10:00+00:00,2026-08-31T04:15:00+00:00,7.4,0.5,0.51,0.505,0.01,901.74,270.81,99
2026-08-31T04:07:36.553967+00:00,btc-updown-15m-1788148800,15,3990239,54378937874267111080662737768673414406947297410707134389784146965518681507379,2026-08-31T04:00:00+00:00,2026-08-31T04:15:00+00:00,7.4,0.16,0.17,0.165,0.01,92.0,85.0,99
2026-08-31T04:07:36.553967+00:00,btc-updown-15m-1788149700,15,3990345,58728711704979507260536610247468505718907143452294863507169074969363387531477,2026-08-31T04:15:00+00:00,2026-08-31T04:30:00+00:00,22.4,0.5,0.51,0.505,0.01,269.91,214.08,93
2026-08-31T04:08:37.416188+00:00,btc-updown-5m-1788149100,5,3990321,19272337769139240249307619704163555889045986414967637859156167934289787300576,2026-08-31T04:05:00+00:00,2026-08-31T04:10:00+00:00,1.38,0.97,0.98,0.975,0.01,87.0,214.36,99
2026-08-31T04:08:37.416188+00:00,btc-updown-5m-1788149400,5,3990333,35803529281514216736676932370714885389915511619640999299623930293442889130439,2026-08-31T04:10:00+00:00,2026-08-31T04:15:00+00:00,6.38,0.47,0.55,0.51,0.08,272.04,20.0,77
2026-08-31T04:08:37.416188+00:00,btc-updown-15m-1788148800,15,3990239,54378937874267111080662737768673414406947297410707134389784146965518681507379,2026-08-31T04:00:00+00:00,2026-08-31T04:15:00+00:00,6.38,0.08,0.09,0.085,0.01,340.35,30.0,99
2026-08-31T04:08:37.416188+00:00,btc-updown-15m-1788149700,15,3990345,58728711704979507260536610247468505718907143452294863507169074969363387531477,2026-08-31T04:15:00+00:00,2026-08-31T04:30:00+00:00,21.38,0.5,0.51,0.505,0.01,289.91,228.08,93
2026-08-31T04:09:38.371737+00:00,btc-updown-5m-1788149400,5,3990333,35803529281514216736676932370714885389915511619640999299623930293442889130439,2026-08-31T04:10:00+00:00,2026-08-31T04:15:00+00:00,5.37,0.54,0.57,0.555,0.03,89.0,20.52,97
2026-08-31T04:09:38.371737+00:00,btc-updown-15m-1788148800,15,3990239,54378937874267111080662737768673414406947297410707134389784146965518681507379,2026-08-31T04:00:00+00:00,2026-08-31T04:15:00+00:00,5.37,0.03,0.04,0.035,0.01,121.15,172.5,99
2026-08-31T04:09:38.371737+00:00,btc-updown-15m-1788149700,15,3990345,58728711704979507260536610247468505718907143452294863507169074969363387531477,2026-08-31T04:15:00+00:00,2026-08-31T04:30:00+00:00,20.37,0.5,0.51,0.505,0.01,339.91,10.0,91
2026-08-31T04:10:39.145179+00:00,btc-updown-5m-1788149400,5,3990333,35803529281514216736676932370714885389915511619640999299623930293442889130439,2026-08-31T04:10:00+00:00,2026-08-31T04:15:00+00:00,4.35,0.66,0.67,0.665,0.01,29.0,154.27,99
2026-08-31T04:10:39.145179+00:00,btc-updown-5m-1788149700,5,3990343,2512734497785712466188421707327665176553302459641483092364988764464703941554,2026-08-31T04:15:00+00:00,2026-08-31T04:20:00+00:00,9.35,0.5,0.51,0.505,0.01,234.41,307.08,99
2026-08-31T04:10:39.145179+00:00,btc-updown-15m-1788148800,15,3990239,54378937874267111080662737768673414406947297410707134389784146965518681507379,2026-08-31T04:00:00+00:00,2026-08-31T04:15:00+00:00,4.35,0.01,0.02,0.015,0.01,2822.06,36.45,99
2026-08-31T04:10:39.145179+00:00,btc-updown-15m-1788149700,15,3990345,58728711704979507260536610247468505718907143452294863507169074969363387531477,2026-08-31T04:15:00+00:00,2026-08-31T04:30:00+00:00,19.35,0.5,0.51,0.505,0.01,339.91,76.0,97
2026-08-31T04:11:40.008914+00:00,btc-updown-5m-1788149400,5,3990333,35803529281514216736676932370714885389915511619640999299623930293442889130439,2026-08-31T04:10:00+00:00,2026-08-31T04:15:00+00:00,3.33,0.41,0.42,0.415,0.01,193.25,7.68,99
2026-08-31T04:11:40.008914+00:00,btc-updown-5m-1788149700,5,3990343,2512734497785712466188421707327665176553302459641483092364988764464703941554,2026-08-31T04:15:00+00:00,2026-08-31T04:20:00+00:00,8.33,0.5,0.51,0.505,0.01,234.41,253.01,99
2026-08-31T04:11:40.008914+00:00,btc-updown-15m-1788148800,15,3990239,54378937874267111080662737768673414406947297410707134389784146965518681507379,2026-08-31T04:00:00+00:00,2026-08-31T04:15:00+00:00,3.33,0.01,0.02,0.015,0.01,4170.0,143.06,105
2026-08-31T04:11:40.008914+00:00,btc-updown-15m-1788149700,15,3990345,58728711704979507260536610247468505718907143452294863507169074969363387531477,2026-08-31T04:15:00+00:00,2026-08-31T04:30:00+00:00,18.33,0.5,0.51,0.505,0.01,389.91,76.0,97
2026-08-31T04:12:40.887025+00:00,btc-updown-5m-1788149400,5,3990333,35803529281514216736676932370714885389915511619640999299623930293442889130439,2026-08-31T04:10:00+00:00,2026-08-31T04:15:00+00:00,2.33,0.12,0.13,0.125,0.01,166.49,136.79,99
2026-08-31T04:12:40.887025+00:00,btc-updown-5m-1788149700,5,3990343,2512734497785712466188421707327665176553302459641483092364988764464703941554,2026-08-31T04:15:00+00:00,2026-08-31T04:20:00+00:00,7.33,0.5,0.51,0.505,0.01,344.41,295.01,99
2026-08-31T04:12:40.887025+00:00,btc-updown-15m-1788149700,15,3990345,58728711704979507260536610247468505718907143452294863507169074969363387531477,2026-08-31T04:15:00+00:00,2026-08-31T04:30:00+00:00,17.33,0.5,0.51,0.505,0.01,689.91,122.07,95
2026-08-31T04:13:41.664577+00:00,btc-updown-5m-1788149400,5,3990333,35803529281514216736676932370714885389915511619640999299623930293442889130439,2026-08-31T04:10:00+00:00,2026-08-31T04:15:00+00:00,1.32,0.03,0.04,0.035,0.01,30.92,324.91,99
2026-08-31T04:13:41.664577+00:00,btc-updown-5m-1788149700,5,3990343,2512734497785712466188421707327665176553302459641483092364988764464703941554,2026-08-31T04:15:00+00:00,2026-08-31T04:20:00+00:00,6.32,0.5,0.51,0.505,0.01,109.05,243.39,99
2026-08-31T04:13:41.664577+00:00,btc-updown-15m-1788148800,15,3990239,54378937874267111080662737768673414406947297410707134389784146965518681507379,2026-08-31T04:00:00+00:00,2026-08-31T04:15:00+00:00,1.32,0.001,0.005,0.003,0.004,225.0,43.0,106
2026-08-31T04:13:41.664577+00:00,btc-updown-15m-1788149700,15,3990345,58728711704979507260536610247468505718907143452294863507169074969363387531477,2026-08-31T04:15:00+00:00,2026-08-31T04:30:00+00:00,16.32,0.5,0.51,0.505,0.01,670.91,62.27,95
2026-08-31T04:14:42.536479+00:00,btc-updown-5m-1788149700,5,3990343,2512734497785712466188421707327665176553302459641483092364988764464703941554,2026-08-31T04:15:00+00:00,2026-08-31T04:20:00+00:00,5.3,0.49,0.5,0.495,0.01,295.99,29.73,99
2026-08-31T04:14:42.536479+00:00,btc-updown-15m-1788149700,15,3990345,58728711704979507260536610247468505718907143452294863507169074969363387531477,2026-08-31T04:15:00+00:00,2026-08-31T04:30:00+00:00,15.3,0.52,0.53,0.525,0.01,785.68,19.0,82
2026-08-31T09:15:56.025980+00:00,btc-updown-5m-1788167700,5,3996971,89961528830497697484749871705222366013963121186472043190862045549561687488461,2026-08-31T09:15:00+00:00,2026-08-31T09:20:00+00:00,4.07,0.5,0.51,0.505,0.01,150.58,334.81,59
2026-08-31T09:15:56.025980+00:00,btc-updown-5m-1788168000,5,3996985,19420129108882515810243518904023753911797504822534124447612712770933034082715,2026-08-31T09:20:00+00:00,2026-08-31T09:25:00+00:00,9.07,0.5,0.51,0.505,0.01,155.38,388.67,97
2026-08-31T09:15:56.025980+00:00,btc-updown-15m-1788167700,15,3996964,82984398880134449023536080775142942132980569718997049678849835471870403743886,2026-08-31T09:15:00+00:00,2026-08-31T09:30:00+00:00,14.07,0.5,0.51,0.505,0.01,50.0,50.0,26
2026-08-31T09:15:56.025980+00:00,btc-updown-15m-1788168600,15,3997042,20793613538591705732908689736401680078657420770372558692017208865015815634409,2026-08-31T09:30:00+00:00,2026-08-31T09:45:00+00:00,29.07,0.5,0.51,0.505,0.01,50.0,135.48,85
2026-08-31T09:16:57.350048+00:00,btc-updown-5m-1788167700,5,3996971,89961528830497697484749871705222366013963121186472043190862045549561687488461,2026-08-31T09:15:00+00:00,2026-08-31T09:20:00+00:00,3.05,0.5,0.51,0.505,0.01,150.58,334.81,59
2026-08-31T09:16:57.350048+00:00,btc-updown-5m-1788168000,5,3996985,19420129108882515810243518904023753911797504822534124447612712770933034082715,2026-08-31T09:20:00+00:00,2026-08-31T09:25:00+00:00,8.05,0.5,0.51,0.505,0.01,155.38,388.67,97
2026-08-31T09:16:57.350048+00:00,btc-updown-15m-1788167700,15,3996964,82984398880134449023536080775142942132980569718997049678849835471870403743886,2026-08-31T09:15:00+00:00,2026-08-31T09:30:00+00:00,13.05,0.5,0.51,0.505,0.01,50.0,50.0,26
2026-08-31T09:16:57.350048+00:00,btc-updown-15m-1788168600,15,3997042,20793613538591705732908689736401680078657420770372558692017208865015815634409,2026-08-31T09:30:00+00:00,2026-08-31T09:45:00+00:00,28.05,0.5,0.51,0.505,0.01,50.0,135.48,85
2026-08-31T09:17:58.499769+00:00,btc-updown-5m-1788167700,5,3996971,89961528830497697484749871705222366013963121186472043190862045549561687488461,2026-08-31T09:15:00+00:00,2026-08-31T09:20:00+00:00,2.03,0.5,0.51,0.505,0.01,150.58,334.81,59
2026-08-31T09:17:58.499769+00:00,btc-updown-5m-1788168000,5,3996985,19420129108882515810243518904023753911797504822534124447612712770933034082715,2026-08-31T09:20:00+00:00,2026-08-31T09:25:00+00:00,7.03,0.5,0.51,0.505,0.01,155.38,388.67,97
2026-08-31T09:17:58.499769+00:00,btc-updown-15m-1788167700,15,3996964,82984398880134449023536080775142942132980569718997049678849835471870403743886,2026-08-31T09:15:00+00:00,2026-08-31T09:30:00+00:00,12.03,0.5,0.51,0.505,0.01,50.0,50.0,24
2026-08-31T09:17:58.499769+00:00,btc-updown-15m-1788168600,15,3997042,20793613538591705732908689736401680078657420770372558692017208865015815634409,2026-08-31T09:30:00+00:00,2026-08-31T09:45:00+00:00,27.03,0.5,0.51,0.505,0.01,50.0,135.48,85
2026-08-31T09:18:59.626160+00:00,btc-updown-5m-1788167700,5,3996971,89961528830497697484749871705222366013963121186472043190862045549561687488461,2026-08-31T09:15:00+00:00,2026-08-31T09:20:00+00:00,1.02,0.5,0.51,0.505,0.01,150.58,334.81,59
2026-08-31T09:18:59.626160+00:00,btc-updown-5m-1788168000,5,3996985,19420129108882515810243518904023753911797504822534124447612712770933034082715,2026-08-31T09:20:00+00:00,2026-08-31T09:25:00+00:00,6.02,0.5,0.51,0.505,0.01,150.38,335.67,97
2026-08-31T09:18:59.626160+00:00,btc-updown-15m-1788167700,15,3996964,82984398880134449023536080775142942132980569718997049678849835471870403743886,2026-08-31T09:15:00+00:00,2026-08-31T09:30:00+00:00,11.02,0.5,0.51,0.505,0.01,50.0,50.0,24
2026-08-31T09:18:59.626160+00:00,btc-updown-15m-1788168600,15,3997042,20793613538591705732908689736401680078657420770372558692017208865015815634409,2026-08-31T09:30:00+00:00,2026-08-31T09:45:00+00:00,26.02,0.5,0.51,0.505,0.01,50.0,135.48,85
2026-08-31T09:20:00.891846+00:00,btc-updown-5m-1788168000,5,3996985,19420129108882515810243518904023753911797504822534124447612712770933034082715,2026-08-31T09:20:00+00:00,2026-08-31T09:25:00+00:00,5.0,0.5,0.51,0.505,0.01,150.38,335.67,59
2026-08-31T09:20:00.891846+00:00,btc-updown-5m-1788168300,5,3997027,21288415440689008363324086966512135164625711310280653183449590024255935960464,2026-08-31T09:25:00+00:00,2026-08-31T09:30:00+00:00,10.0,0.5,0.51,0.505,0.01,155.45,388.73,83
2026-08-31T09:20:00.891846+00:00,btc-updown-15m-1788167700,15,3996964,82984398880134449023536080775142942132980569718997049678849835471870403743886,2026-08-31T09:15:00+00:00,2026-08-31T09:30:00+00:00,10.0,0.5,0.51,0.505,0.01,50.0,50.0,24
2026-08-31T09:20:00.891846+00:00,btc-updown-15m-1788168600,15,3997042,20793613538591705732908689736401680078657420770372558692017208865015815634409,2026-08-31T09:30:00+00:00,2026-08-31T09:45:00+00:00,25.0,0.5,0.51,0.505,0.01,50.0,135.48,85
2026-08-31T09:21:02.026491+00:00,btc-updown-5m-1788168000,5,3996985,19420129108882515810243518904023753911797504822534124447612712770933034082715,2026-08-31T09:20:00+00:00,2026-08-31T09:25:00+00:00,3.97,0.5,0.51,0.505,0.01,150.38,335.67,59
2026-08-31T09:21:02.026491+00:00,btc-updown-5m-1788168300,5,3997027,21288415440689008363324086966512135164625711310280653183449590024255935960464,2026-08-31T09:25:00+00:00,2026-08-31T09:30:00+00:00,8.97,0.5,0.51,0.505,0.01,155.45,388.73,83
2026-08-31T09:21:02.026491+00:00,btc-updown-15m-1788167700,15,3996964,82984398880134449023536080775142942132980569718997049678849835471870403743886,2026-08-31T09:15:00+00:00,2026-08-31T09:30:00+00:00,8.97,0.5,0.51,0.505,0.01,50.0,50.0,24
2026-08-31T09:21:02.026491+00:00,btc-updown-15m-1788168600,15,3997042,20793613538591705732908689736401680078657420770372558692017208865015815634409,2026-08-31T09:30:00+00:00,2026-08-31T09:45:00+00:00,23.97,0.5,0.51,0.505,0.01,50.0,135.48,85
2026-08-31T09:22:03.230014+00:00,btc-updown-5m-1788168000,5,3996985,19420129108882515810243518904023753911797504822534124447612712770933034082715,2026-08-31T09:20:00+00:00,2026-08-31T09:25:00+00:00,2.95,0.5,0.51,0.505,0.01,150.38,335.67,59
2026-08-31T09:22:03.230014+00:00,btc-updown-5m-1788168300,5,3997027,21288415440689008363324086966512135164625711310280653183449590024255935960464,2026-08-31T09:25:00+00:00,2026-08-31T09:30:00+00:00,7.95,0.5,0.51,0.505,0.01,155.45,388.73,81
2026-08-31T09:22:03.230014+00:00,btc-updown-15m-1788167700,15,3996964,82984398880134449023536080775142942132980569718997049678849835471870403743886,2026-08-31T09:15:00+00:00,2026-08-31T09:30:00+00:00,7.95,0.5,0.51,0.505,0.01,50.0,50.0,24
2026-08-31T09:22:03.230014+00:00,btc-updown-15m-1788168600,15,3997042,20793613538591705732908689736401680078657420770372558692017208865015815634409,2026-08-31T09:30:00+00:00,2026-08-31T09:45:00+00:00,22.95,0.5,0.51,0.505,0.01,50.0,135.48,85
2026-08-31T09:23:04.362901+00:00,btc-updown-5m-1788168000,5,3996985,19420129108882515810243518904023753911797504822534124447612712770933034082715,2026-08-31T09:20:00+00:00,2026-08-31T09:25:00+00:00,1.93,0.5,0.51,0.505,0.01,150.38,335.67,59
2026-08-31T09:23:04.362901+00:00,btc-updown-5m-1788168300,5,3997027,21288415440689008363324086966512135164625711310280653183449590024255935960464,2026-08-31T09:25:00+00:00,2026-08-31T09:30:00+00:00,6.93,0.5,0.51,0.505,0.01,155.45,378.73,81
2026-08-31T09:23:04.362901+00:00,btc-updown-15m-1788167700,15,3996964,82984398880134449023536080775142942132980569718997049678849835471870403743886,2026-08-31T09:15:00+00:00,2026-08-31T09:30:00+00:00,6.93,0.5,0.51,0.505,0.01,50.0,50.0,24
2026-08-31T09:23:04.362901+00:00,btc-updown-15m-1788168600,15,3997042,20793613538591705732908689736401680078657420770372558692017208865015815634409,2026-08-31T09:30:00+00:00,2026-08-31T09:45:00+00:00,21.93,0.5,0.51,0.505,0.01,50.0,135.48,85
2026-08-31T09:24:05.497436+00:00,btc-updown-5m-1788168000,5,3996985,19420129108882515810243518904023753911797504822534124447612712770933034082715,2026-08-31T09:20:00+00:00,2026-08-31T09:25:00+00:00,0.92,0.5,0.51,0.505,0.01,150.38,335.67,59
2026-08-31T09:24:05.497436+00:00,btc-updown-5m-1788168300,5,3997027,21288415440689008363324086966512135164625711310280653183449590024255935960464,2026-08-31T09:25:00+00:00,2026-08-31T09:30:00+00:00,5.92,0.5,0.51,0.505,0.01,150.45,335.73,71
2026-08-31T09:24:05.497436+00:00,btc-updown-15m-1788167700,15,3996964,82984398880134449023536080775142942132980569718997049678849835471870403743886,2026-08-31T09:15:00+00:00,2026-08-31T09:30:00+00:00,5.92,0.5,0.51,0.505,0.01,50.0,50.0,24
2026-08-31T09:24:05.497436+00:00,btc-updown-15m-1788168600,15,3997042,20793613538591705732908689736401680078657420770372558692017208865015815634409,2026-08-31T09:30:00+00:00,2026-08-31T09:45:00+00:00,20.92,0.5,0.51,0.505,0.01,50.0,135.48,85
2026-08-31T09:25:06.707865+00:00,btc-updown-5m-1788168300,5,3997027,21288415440689008363324086966512135164625711310280653183449590024255935960464,2026-08-31T09:25:00+00:00,2026-08-31T09:30:00+00:00,4.9,0.5,0.51,0.505,0.01,150.45,335.73,59
2026-08-31T09:25:06.707865+00:00,btc-updown-5m-1788168600,5,3997036,12635413801275543136240425124830725396449290779271051704678414753298626389266,2026-08-31T09:30:00+00:00,2026-08-31T09:35:00+00:00,9.9,0.5,0.51,0.505,0.01,155.24,388.47,83
2026-08-31T09:25:06.707865+00:00,btc-updown-15m-1788167700,15,3996964,82984398880134449023536080775142942132980569718997049678849835471870403743886,2026-08-31T09:15:00+00:00,2026-08-31T09:30:00+00:00,4.9,0.5,0.51,0.505,0.01,50.0,50.0,24
2026-08-31T09:25:06.707865+00:00,btc-updown-15m-1788168600,15,3997042,20793613538591705732908689736401680078657420770372558692017208865015815634409,2026-08-31T09:30:00+00:00,2026-08-31T09:45:00+00:00,19.9,0.5,0.51,0.505,0.01,50.0,135.48,85
2026-08-31T09:26:07.868384+00:00,btc-updown-5m-1788168300,5,3997027,21288415440689008363324086966512135164625711310280653183449590024255935960464,2026-08-31T09:25:00+00:00,2026-08-31T09:30:00+00:00,3.88,0.5,0.51,0.505,0.01,150.45,335.73,59
2026-08-31T09:26:07.868384+00:00,btc-updown-5m-1788168600,5,3997036,12635413801275543136240425124830725396449290779271051704678414753298626389266,2026-08-31T09:30:00+00:00,2026-08-31T09:35:00+00:00,8.88,0.5,0.51,0.505,0.01,155.24,388.47,83
2026-08-31T09:26:07.868384+00:00,btc-updown-15m-1788167700,15,3996964,82984398880134449023536080775142942132980569718997049678849835471870403743886,2026-08-31T09:15:00+00:00,2026-08-31T09:30:00+00:00,3.88,0.5,0.51,0.505,0.01,50.0,50.0,24
2026-08-31T09:26:07.868384+00:00,btc-updown-15m-1788168600,15,3997042,20793613538591705732908689736401680078657420770372558692017208865015815634409,2026-08-31T09:30:00+00:00,2026-08-31T09:45:00+00:00,18.88,0.5,0.51,0.505,0.01,50.0,135.48,85
2026-08-31T09:27:09.033010+00:00,btc-updown-5m-1788168300,5,3997027,21288415440689008363324086966512135164625711310280653183449590024255935960464,2026-08-31T09:25:00+00:00,2026-08-31T09:30:00+00:00,2.85,0.5,0.51,0.505,0.01,150.45,335.73,59
2026-08-31T09:27:09.033010+00:00,btc-updown-5m-1788168600,5,3997036,12635413801275543136240425124830725396449290779271051704678414753298626389266,2026-08-31T09:30:00+00:00,2026-08-31T09:35:00+00:00,7.85,0.5,0.51,0.505,0.01,155.24,388.47,81
2026-08-31T09:27:09.033010+00:00,btc-updown-15m-1788167700,15,3996964,82984398880134449023536080775142942132980569718997049678849835471870403743886,2026-08-31T09:15:00+00:00,2026-08-31T09:30:00+00:00,2.85,0.5,0.51,0.505,0.01,50.0,50.0,24
2026-08-31T09:27:09.033010+00:00,btc-updown-15m-1788168600,15,3997042,20793613538591705732908689736401680078657420770372558692017208865015815634409,2026-08-31T09:30:00+00:00,2026-08-31T09:45:00+00:00,17.85,0.5,0.51,0.505,0.01,50.0,135.48,85
2026-08-31T09:28:10.155067+00:00,btc-updown-5m-1788168300,5,3997027,21288415440689008363324086966512135164625711310280653183449590024255935960464,2026-08-31T09:25:00+00:00,2026-08-31T09:30:00+00:00,1.83,0.5,0.51,0.505,0.01,150.45,335.73,59
2026-08-31T09:28:10.155067+00:00,btc-updown-5m-1788168600,5,3997036,12635413801275543136240425124830725396449290779271051704678414753298626389266,2026-08-31T09:30:00+00:00,2026-08-31T09:35:00+00:00,6.83,0.5,0.51,0.505,0.01,155.24,378.47,81
2026-08-31T09:28:10.155067+00:00,btc-updown-15m-1788167700,15,3996964,82984398880134449023536080775142942132980569718997049678849835471870403743886,2026-08-31T09:15:00+00:00,2026-08-31T09:30:00+00:00,1.83,0.5,0.51,0.505,0.01,50.0,50.0,24
2026-08-31T09:28:10.155067+00:00,btc-updown-15m-1788168600,15,3997042,20793613538591705732908689736401680078657420770372558692017208865015815634409,2026-08-31T09:30:00+00:00,2026-08-31T09:45:00+00:00,16.83,0.5,0.51,0.505,0.01,50.0,135.48,85
2026-08-31T09:29:11.274880+00:00,btc-updown-5m-1788168300,5,3997027,21288415440689008363324086966512135164625711310280653183449590024255935960464,2026-08-31T09:25:00+00:00,2026-08-31T09:30:00+00:00,0.82,0.5,0.51,0.505,0.01,150.45,335.73,59
2026-08-31T09:29:11.274880+00:00,btc-updown-5m-1788168600,5,3997036,12635413801275543136240425124830725396449290779271051704678414753298626389266,2026-08-31T09:30:00+00:00,2026-08-31T09:35:00+00:00,5.82,0.5,0.51,0.505,0.01,150.24,335.47,67
2026-08-31T09:29:11.274880+00:00,btc-updown-15m-1788167700,15,3996964,82984398880134449023536080775142942132980569718997049678849835471870403743886,2026-08-31T09:15:00+00:00,2026-08-31T09:30:00+00:00,0.82,0.5,0.51,0.505,0.01,50.0,50.0,24
2026-08-31T09:29:11.274880+00:00,btc-updown-15m-1788168600,15,3997042,20793613538591705732908689736401680078657420770372558692017208865015815634409,2026-08-31T09:30:00+00:00,2026-08-31T09:45:00+00:00,15.82,0.5,0.51,0.505,0.01,50.0,85.48,83
2026-08-31T09:30:12.468893+00:00,btc-updown-5m-1788168600,5,3997036,12635413801275543136240425124830725396449290779271051704678414753298626389266,2026-08-31T09:30:00+00:00,2026-08-31T09:35:00+00:00,4.8,0.5,0.51,0.505,0.01,150.24,335.47,59
2026-08-31T09:30:12.468893+00:00,btc-updown-5m-1788168900,5,3997097,51357391342832741221070283726523384117080001101787972214535218799194403641505,2026-08-31T09:35:00+00:00,2026-08-31T09:40:00+00:00,9.8,0.5,0.51,0.505,0.01,155.98,388.13,83
2026-08-31T09:30:12.468893+00:00,btc-updown-15m-1788168600,15,3997042,20793613538591705732908689736401680078657420770372558692017208865015815634409,2026-08-31T09:30:00+00:00,2026-08-31T09:45:00+00:00,14.8,0.5,0.51,0.505,0.01,50.0,50.0,24
2026-08-31T09:30:12.468893+00:00,btc-updown-15m-1788169500,15,3997853,46109536257390433228276560694896620355991417875302374455326608768318726314624,2026-08-31T09:45:00+00:00,2026-08-31T10:00:00+00:00,29.8,0.5,0.51,0.505,0.01,50.0,135.79,67
2026-08-31T09:31:13.608178+00:00,btc-updown-5m-1788168600,5,3997036,12635413801275543136240425124830725396449290779271051704678414753298626389266,2026-08-31T09:30:00+00:00,2026-08-31T09:35:00+00:00,3.78,0.5,0.51,0.505,0.01,150.24,335.47,59
2026-08-31T09:31:13.608178+00:00,btc-updown-5m-1788168900,5,3997097,51357391342832741221070283726523384117080001101787972214535218799194403641505,2026-08-31T09:35:00+00:00,2026-08-31T09:40:00+00:00,8.78,0.5,0.51,0.505,0.01,155.98,388.13,83
2026-08-31T09:31:13.608178+00:00,btc-updown-15m-1788168600,15,3997042,20793613538591705732908689736401680078657420770372558692017208865015815634409,2026-08-31T09:30:00+00:00,2026-08-31T09:45:00+00:00,13.78,0.5,0.51,0.505,0.01,50.0,50.0,24
2026-08-31T09:31:13.608178+00:00,btc-updown-15m-1788169500,15,3997853,46109536257390433228276560694896620355991417875302374455326608768318726314624,2026-08-31T09:45:00+00:00,2026-08-31T10:00:00+00:00,28.78,0.5,0.51,0.505,0.01,50.0,135.79,67
2026-08-31T09:32:14.766071+00:00,btc-updown-5m-1788168600,5,3997036,12635413801275543136240425124830725396449290779271051704678414753298626389266,2026-08-31T09:30:00+00:00,2026-08-31T09:35:00+00:00,2.77,0.5,0.51,0.505,0.01,150.24,335.47,59
2026-08-31T09:32:14.766071+00:00,btc-updown-5m-1788168900,5,3997097,51357391342832741221070283726523384117080001101787972214535218799194403641505,2026-08-31T09:35:00+00:00,2026-08-31T09:40:00+00:00,7.77,0.5,0.51,0.505,0.01,155.98,388.13,81
2026-08-31T09:32:14.766071+00:00,btc-updown-15m-1788168600,15,3997042,20793613538591705732908689736401680078657420770372558692017208865015815634409,2026-08-31T09:30:00+00:00,2026-08-31T09:45:00+00:00,12.77,0.5,0.51,0.505,0.01,50.0,50.0,22
2026-08-31T09:32:14.766071+00:00,btc-updown-15m-1788169500,15,3997853,46109536257390433228276560694896620355991417875302374455326608768318726314624,2026-08-31T09:45:00+00:00,2026-08-31T10:00:00+00:00,27.77,0.5,0.51,0.505,0.01,50.0,135.79,67
2026-08-31T09:33:15.900903+00:00,btc-updown-5m-1788168600,5,3997036,12635413801275543136240425124830725396449290779271051704678414753298626389266,2026-08-31T09:30:00+00:00,2026-08-31T09:35:00+00:00,1.75,0.5,0.51,0.505,0.01,150.24,335.47,59
2026-08-31T09:33:15.900903+00:00,btc-updown-5m-1788168900,5,3997097,51357391342832741221070283726523384117080001101787972214535218799194403641505,2026-08-31T09:35:00+00:00,2026-08-31T09:40:00+00:00,6.75,0.5,0.51,0.505,0.01,155.98,378.13,81
2026-08-31T09:33:15.900903+00:00,btc-updown-15m-1788168600,15,3997042,20793613538591705732908689736401680078657420770372558692017208865015815634409,2026-08-31T09:30:00+00:00,2026-08-31T09:45:00+00:00,11.75,0.5,0.51,0.505,0.01,50.0,50.0,22
2026-08-31T09:33:15.900903+00:00,btc-updown-15m-1788169500,15,3997853,46109536257390433228276560694896620355991417875302374455326608768318726314624,2026-08-31T09:45:00+00:00,2026-08-31T10:00:00+00:00,26.75,0.5,0.51,0.505,0.01,50.0,135.79,67
2026-08-31T09:34:17.022417+00:00,btc-updown-5m-1788168600,5,3997036,12635413801275543136240425124830725396449290779271051704678414753298626389266,2026-08-31T09:30:00+00:00,2026-08-31T09:35:00+00:00,0.72,0.5,0.51,0.505,0.01,150.24,335.47,59
2026-08-31T09:34:17.022417+00:00,btc-updown-5m-1788168900,5,3997097,51357391342832741221070283726523384117080001101787972214535218799194403641505,2026-08-31T09:35:00+00:00,2026-08-31T09:40:00+00:00,5.72,0.5,0.51,0.505,0.01,150.98,335.13,67
2026-08-31T09:34:17.022417+00:00,btc-updown-15m-1788168600,15,3997042,20793613538591705732908689736401680078657420770372558692017208865015815634409,2026-08-31T09:30:00+00:00,2026-08-31T09:45:00+00:00,10.72,0.5,0.51,0.505,0.01,50.0,50.0,22
2026-08-31T09:34:17.022417+00:00,btc-updown-15m-1788169500,15,3997853,46109536257390433228276560694896620355991417875302374455326608768318726314624,2026-08-31T09:45:00+00:00,2026-08-31T10:00:00+00:00,25.72,0.5,0.51,0.505,0.01,50.0,135.79,67
2026-08-31T09:35:18.196449+00:00,btc-updown-5m-1788168900,5,3997097,51357391342832741221070283726523384117080001101787972214535218799194403641505,2026-08-31T09:35:00+00:00,2026-08-31T09:40:00+00:00,4.7,0.5,0.51,0.505,0.01,150.98,335.13,59
2026-08-31T09:35:18.196449+00:00,btc-updown-5m-1788169200,5,3997782,42646689453976115499469013024918797426598347748589217118859153090305072632608,2026-08-31T09:40:00+00:00,2026-08-31T09:45:00+00:00,9.7,0.5,0.51,0.505,0.01,155.71,388.73,83
2026-08-31T09:35:18.196449+00:00,btc-updown-15m-1788168600,15,3997042,20793613538591705732908689736401680078657420770372558692017208865015815634409,2026-08-31T09:30:00+00:00,2026-08-31T09:45:00+00:00,9.7,0.5,0.51,0.505,0.01,50.0,50.0,22
2026-08-31T09:35:18.196449+00:00,btc-updown-15m-1788169500,15,3997853,46109536257390433228276560694896620355991417875302374455326608768318726314624,2026-08-31T09:45:00+00:00,2026-08-31T10:00:00+00:00,24.7,0.5,0.51,0.505,0.01,50.0,135.79,67
2026-08-31T09:36:19.340515+00:00,btc-updown-5m-1788168900,5,3997097,51357391342832741221070283726523384117080001101787972214535218799194403641505,2026-08-31T09:35:00+00:00,2026-08-31T09:40:00+00:00,3.68,0.5,0.51,0.505,0.01,150.98,335.13,59
2026-08-31T09:36:19.340515+00:00,btc-updown-5m-1788169200,5,3997782,42646689453976115499469013024918797426598347748589217118859153090305072632608,2026-08-31T09:40:00+00:00,2026-08-31T09:45:00+00:00,8.68,0.5,0.51,0.505,0.01,155.71,388.73,83
2026-08-31T09:36:19.340515+00:00,btc-updown-15m-1788168600,15,3997042,20793613538591705732908689736401680078657420770372558692017208865015815634409,2026-08-31T09:30:00+00:00,2026-08-31T09:45:00+00:00,8.68,0.5,0.51,0.505,0.01,50.0,50.0,22
2026-08-31T09:36:19.340515+00:00,btc-updown-15m-1788169500,15,3997853,46109536257390433228276560694896620355991417875302374455326608768318726314624,2026-08-31T09:45:00+00:00,2026-08-31T10:00:00+00:00,23.68,0.5,0.51,0.505,0.01,50.0,135.79,67
2026-08-31T09:37:20.595027+00:00,btc-updown-5m-1788168900,5,3997097,51357391342832741221070283726523384117080001101787972214535218799194403641505,2026-08-31T09:35:00+00:00,2026-08-31T09:40:00+00:00,2.67,0.5,0.51,0.505,0.01,150.98,335.13,59
2026-08-31T09:37:20.595027+00:00,btc-updown-5m-1788169200,5,3997782,42646689453976115499469013024918797426598347748589217118859153090305072632608,2026-08-31T09:40:00+00:00,2026-08-31T09:45:00+00:00,7.67,0.5,0.51,0.505,0.01,155.71,388.73,81
2026-08-31T09:37:20.595027+00:00,btc-updown-15m-1788168600,15,3997042,20793613538591705732908689736401680078657420770372558692017208865015815634409,2026-08-31T09:30:00+00:00,2026-08-31T09:45:00+00:00,7.67,0.5,0.51,0.505,0.01,50.0,50.0,22
2026-08-31T09:37:20.595027+00:00,btc-updown-15m-1788169500,15,3997853,46109536257390433228276560694896620355991417875302374455326608768318726314624,2026-08-31T09:45:00+00:00,2026-08-31T10:00:00+00:00,22.67,0.5,0.51,0.505,0.01,50.0,135.79,67
2026-08-31T09:38:21.712555+00:00,btc-updown-5m-1788168900,5,3997097,51357391342832741221070283726523384117080001101787972214535218799194403641505,2026-08-31T09:35:00+00:00,2026-08-31T09:40:00+00:00,1.65,0.5,0.51,0.505,0.01,150.98,335.13,59
2026-08-31T09:38:21.712555+00:00,btc-updown-5m-1788169200,5,3997782,42646689453976115499469013024918797426598347748589217118859153090305072632608,2026-08-31T09:40:00+00:00,2026-08-31T09:45:00+00:00,6.65,0.5,0.51,0.505,0.01,155.71,378.73,81
2026-08-31T09:38:21.712555+00:00,btc-updown-15m-1788168600,15,3997042,20793613538591705732908689736401680078657420770372558692017208865015815634409,2026-08-31T09:30:00+00:00,2026-08-31T09:45:00+00:00,6.65,0.5,0.51,0.505,0.01,50.0,50.0,22
2026-08-31T09:38:21.712555+00:00,btc-updown-15m-1788169500,15,3997853,46109536257390433228276560694896620355991417875302374455326608768318726314624,2026-08-31T09:45:00+00:00,2026-08-31T10:00:00+00:00,21.65,0.5,0.51,0.505,0.01,50.0,135.79,67
2026-08-31T09:39:22.859807+00:00,btc-updown-5m-1788168900,5,3997097,51357391342832741221070283726523384117080001101787972214535218799194403641505,2026-08-31T09:35:00+00:00,2026-08-31T09:40:00+00:00,0.63,0.5,0.51,0.505,0.01,150.98,335.13,59
2026-08-31T09:39:22.859807+00:00,btc-updown-5m-1788169200,5,3997782,42646689453976115499469013024918797426598347748589217118859153090305072632608,2026-08-31T09:40:00+00:00,2026-08-31T09:45:00+00:00,5.63,0.5,0.51,0.505,0.01,150.71,335.73,67
2026-08-31T09:39:22.859807+00:00,btc-updown-15m-1788168600,15,3997042,20793613538591705732908689736401680078657420770372558692017208865015815634409,2026-08-31T09:30:00+00:00,2026-08-31T09:45:00+00:00,5.63,0.5,0.51,0.505,0.01,50.0,50.0,22
2026-08-31T09:39:22.859807+00:00,btc-updown-15m-1788169500,15,3997853,46109536257390433228276560694896620355991417875302374455326608768318726314624,2026-08-31T09:45:00+00:00,2026-08-31T10:00:00+00:00,20.63,0.5,0.51,0.505,0.01,50.0,135.79,67
2026-08-31T09:40:24.010780+00:00,btc-updown-5m-1788169200,5,3997782,42646689453976115499469013024918797426598347748589217118859153090305072632608,2026-08-31T09:40:00+00:00,2026-08-31T09:45:00+00:00,4.6,0.5,0.51,0.505,0.01,150.71,335.73,59
2026-08-31T09:40:24.010780+00:00,btc-updown-5m-1788169500,5,3997848,42918981623724357593414506022164288542416771419269953028076061534692015324890,2026-08-31T09:45:00+00:00,2026-08-31T09:50:00+00:00,9.6,0.5,0.51,0.505,0.01,153.7,385.61,83
2026-08-31T09:40:24.010780+00:00,btc-updown-15m-1788168600,15,3997042,20793613538591705732908689736401680078657420770372558692017208865015815634409,2026-08-31T09:30:00+00:00,2026-08-31T09:45:00+00:00,4.6,0.5,0.51,0.505,0.01,50.0,50.0,22
2026-08-31T09:40:24.010780+00:00,btc-updown-15m-1788169500,15,3997853,46109536257390433228276560694896620355991417875302374455326608768318726314624,2026-08-31T09:45:00+00:00,2026-08-31T10:00:00+00:00,19.6,0.5,0.51,0.505,0.01,50.0,135.79,67
2026-08-31T09:41:25.166549+00:00,btc-updown-5m-1788169200,5,3997782,42646689453976115499469013024918797426598347748589217118859153090305072632608,2026-08-31T09:40:00+00:00,2026-08-31T09:45:00+00:00,3.58,0.5,0.51,0.505,0.01,150.71,335.73,59
2026-08-31T09:41:25.166549+00:00,btc-updown-5m-1788169500,5,3997848,42918981623724357593414506022164288542416771419269953028076061534692015324890,2026-08-31T09:45:00+00:00,2026-08-31T09:50:00+00:00,8.58,0.5,0.51,0.505,0.01,153.7,385.61,83
2026-08-31T09:41:25.166549+00:00,btc-updown-15m-1788168600,15,3997042,20793613538591705732908689736401680078657420770372558692017208865015815634409,2026-08-31T09:30:00+00:00,2026-08-31T09:45:00+00:00,3.58,0.5,0.51,0.505,0.01,50.0,50.0,22
2026-08-31T09:41:25.166549+00:00,btc-updown-15m-1788169500,15,3997853,46109536257390433228276560694896620355991417875302374455326608768318726314624,2026-08-31T09:45:00+00:00,2026-08-31T10:00:00+00:00,18.58,0.5,0.51,0.505,0.01,50.0,135.79,67
2026-08-31T09:42:26.356917+00:00,btc-updown-5m-1788169200,5,3997782,42646689453976115499469013024918797426598347748589217118859153090305072632608,2026-08-31T09:40:00+00:00,2026-08-31T09:45:00+00:00,2.57,0.5,0.51,0.505,0.01,150.71,335.73,59
2026-08-31T09:42:26.356917+00:00,btc-updown-5m-1788169500,5,3997848,42918981623724357593414506022164288542416771419269953028076061534692015324890,2026-08-31T09:45:00+00:00,2026-08-31T09:50:00+00:00,7.57,0.5,0.51,0.505,0.01,153.7,385.61,81
2026-08-31T09:42:26.356917+00:00,btc-updown-15m-1788168600,15,3997042,20793613538591705732908689736401680078657420770372558692017208865015815634409,2026-08-31T09:30:00+00:00,2026-08-31T09:45:00+00:00,2.57,0.5,0.51,0.505,0.01,50.0,50.0,22
2026-08-31T09:42:26.356917+00:00,btc-updown-15m-1788169500,15,3997853,46109536257390433228276560694896620355991417875302374455326608768318726314624,2026-08-31T09:45:00+00:00,2026-08-31T10:00:00+00:00,17.57,0.5,0.51,0.505,0.01,50.0,135.79,67
2026-08-31T09:43:27.530994+00:00,btc-updown-5m-1788169200,5,3997782,42646689453976115499469013024918797426598347748589217118859153090305072632608,2026-08-31T09:40:00+00:00,2026-08-31T09:45:00+00:00,1.55,0.5,0.51,0.505,0.01,150.71,335.73,59
2026-08-31T09:43:27.530994+00:00,btc-updown-5m-1788169500,5,3997848,42918981623724357593414506022164288542416771419269953028076061534692015324890,2026-08-31T09:45:00+00:00,2026-08-31T09:50:00+00:00,6.55,0.5,0.51,0.505,0.01,153.7,375.61,81
2026-08-31T09:43:27.530994+00:00,btc-updown-15m-1788168600,15,3997042,20793613538591705732908689736401680078657420770372558692017208865015815634409,2026-08-31T09:30:00+00:00,2026-08-31T09:45:00+00:00,1.55,0.5,0.51,0.505,0.01,50.0,50.0,22
2026-08-31T09:43:27.530994+00:00,btc-updown-15m-1788169500,15,3997853,46109536257390433228276560694896620355991417875302374455326608768318726314624,2026-08-31T09:45:00+00:00,2026-08-31T10:00:00+00:00,16.55,0.5,0.51,0.505,0.01,50.0,135.79,67
2026-08-31T09:44:28.667232+00:00,btc-updown-5m-1788169200,5,3997782,42646689453976115499469013024918797426598347748589217118859153090305072632608,2026-08-31T09:40:00+00:00,2026-08-31T09:45:00+00:00,0.53,0.5,0.51,0.505,0.01,150.71,335.73,59
2026-08-31T09:44:28.667232+00:00,btc-updown-5m-1788169500,5,3997848,42918981623724357593414506022164288542416771419269953028076061534692015324890,2026-08-31T09:45:00+00:00,2026-08-31T09:50:00+00:00,5.53,0.5,0.51,0.505,0.01,148.7,332.61,67
2026-08-31T09:44:28.667232+00:00,btc-updown-15m-1788168600,15,3997042,20793613538591705732908689736401680078657420770372558692017208865015815634409,2026-08-31T09:30:00+00:00,2026-08-31T09:45:00+00:00,0.53,0.5,0.51,0.505,0.01,50.0,50.0,22
2026-08-31T09:44:28.667232+00:00,btc-updown-15m-1788169500,15,3997853,46109536257390433228276560694896620355991417875302374455326608768318726314624,2026-08-31T09:45:00+00:00,2026-08-31T10:00:00+00:00,15.53,0.5,0.51,0.505,0.01,50.0,85.79,59
2026-08-31T09:45:29.834156+00:00,btc-updown-5m-1788169500,5,3997848,42918981623724357593414506022164288542416771419269953028076061534692015324890,2026-08-31T09:45:00+00:00,2026-08-31T09:50:00+00:00,4.52,0.5,0.51,0.505,0.01,148.7,332.61,59
2026-08-31T09:45:29.834156+00:00,btc-updown-5m-1788169800,5,3997863,84088359427320664372193466485605901867603113917665915218530161227823470556600,2026-08-31T09:50:00+00:00,2026-08-31T09:55:00+00:00,9.52,0.5,0.51,0.505,0.01,155.77,387.83,83
2026-08-31T09:45:29.834156+00:00,btc-updown-15m-1788169500,15,3997853,46109536257390433228276560694896620355991417875302374455326608768318726314624,2026-08-31T09:45:00+00:00,2026-08-31T10:00:00+00:00,14.52,0.5,0.51,0.505,0.01,50.0,50.0,24
2026-08-31T09:45:29.834156+00:00,btc-updown-15m-1788170400,15,3997902,70098889363367651692289779866536273561968163894590721298344843915297041286516,2026-08-31T10:00:00+00:00,2026-08-31T10:15:00+00:00,29.52,0.5,0.51,0.505,0.01,50.0,135.49,85
2026-08-31T09:46:31.017918+00:00,btc-updown-5m-1788169500,5,3997848,42918981623724357593414506022164288542416771419269953028076061534692015324890,2026-08-31T09:45:00+00:00,2026-08-31T09:50:00+00:00,3.48,0.5,0.51,0.505,0.01,148.7,332.61,59
2026-08-31T09:46:31.017918+00:00,btc-updown-5m-1788169800,5,3997863,84088359427320664372193466485605901867603113917665915218530161227823470556600,2026-08-31T09:50:00+00:00,2026-08-31T09:55:00+00:00,8.48,0.5,0.51,0.505,0.01,155.77,387.83,83
2026-08-31T09:46:31.017918+00:00,btc-updown-15m-1788169500,15,3997853,46109536257390433228276560694896620355991417875302374455326608768318726314624,2026-08-31T09:45:00+00:00,2026-08-31T10:00:00+00:00,13.48,0.5,0.51,0.505,0.01,50.0,50.0,24
2026-08-31T09:46:31.017918+00:00,btc-updown-15m-1788170400,15,3997902,70098889363367651692289779866536273561968163894590721298344843915297041286516,2026-08-31T10:00:00+00:00,2026-08-31T10:15:00+00:00,28.48,0.5,0.51,0.505,0.01,50.0,135.49,85
2026-08-31T09:47:32.185633+00:00,btc-updown-5m-1788169500,5,3997848,42918981623724357593414506022164288542416771419269953028076061534692015324890,2026-08-31T09:45:00+00:00,2026-08-31T09:50:00+00:00,2.47,0.5,0.51,0.505,0.01,148.7,332.61,59
2026-08-31T09:47:32.185633+00:00,btc-updown-5m-1788169800,5,3997863,84088359427320664372193466485605901867603113917665915218530161227823470556600,2026-08-31T09:50:00+00:00,2026-08-31T09:55:00+00:00,7.47,0.5,0.51,0.505,0.01,155.77,387.83,81
2026-08-31T09:47:32.185633+00:00,btc-updown-15m-1788169500,15,3997853,46109536257390433228276560694896620355991417875302374455326608768318726314624,2026-08-31T09:45:00+00:00,2026-08-31T10:00:00+00:00,12.47,0.5,0.51,0.505,0.01,50.0,50.0,22
2026-08-31T09:47:32.185633+00:00,btc-updown-15m-1788170400,15,3997902,70098889363367651692289779866536273561968163894590721298344843915297041286516,2026-08-31T10:00:00+00:00,2026-08-31T10:15:00+00:00,27.47,0.5,0.51,0.505,0.01,50.0,135.49,85
2026-08-31T09:48:33.312319+00:00,btc-updown-5m-1788169500,5,3997848,42918981623724357593414506022164288542416771419269953028076061534692015324890,2026-08-31T09:45:00+00:00,2026-08-31T09:50:00+00:00,1.45,0.5,0.51,0.505,0.01,148.7,332.61,59
2026-08-31T09:48:33.312319+00:00,btc-updown-5m-1788169800,5,3997863,84088359427320664372193466485605901867603113917665915218530161227823470556600,2026-08-31T09:50:00+00:00,2026-08-31T09:55:00+00:00,6.45,0.5,0.51,0.505,0.01,155.77,377.83,81
2026-08-31T09:48:33.312319+00:00,btc-updown-15m-1788169500,15,3997853,46109536257390433228276560694896620355991417875302374455326608768318726314624,2026-08-31T09:45:00+00:00,2026-08-31T10:00:00+00:00,11.45,0.5,0.51,0.505,0.01,50.0,50.0,22
2026-08-31T09:48:33.312319+00:00,btc-updown-15m-1788170400,15,3997902,70098889363367651692289779866536273561968163894590721298344843915297041286516,2026-08-31T10:00:00+00:00,2026-08-31T10:15:00+00:00,26.45,0.5,0.51,0.505,0.01,50.0,135.49,85
2026-08-31T09:49:34.446292+00:00,btc-updown-5m-1788169500,5,3997848,42918981623724357593414506022164288542416771419269953028076061534692015324890,2026-08-31T09:45:00+00:00,2026-08-31T09:50:00+00:00,0.43,0.5,0.51,0.505,0.01,148.7,332.61,59
2026-08-31T09:49:34.446292+00:00,btc-updown-5m-1788169800,5,3997863,84088359427320664372193466485605901867603113917665915218530161227823470556600,2026-08-31T09:50:00+00:00,2026-08-31T09:55:00+00:00,5.43,0.5,0.51,0.505,0.01,150.77,334.83,67
2026-08-31T09:49:34.446292+00:00,btc-updown-15m-1788169500,15,3997853,46109536257390433228276560694896620355991417875302374455326608768318726314624,2026-08-31T09:45:00+00:00,2026-08-31T10:00:00+00:00,10.43,0.5,0.51,0.505,0.01,50.0,50.0,22
2026-08-31T09:49:34.446292+00:00,btc-updown-15m-1788170400,15,3997902,70098889363367651692289779866536273561968163894590721298344843915297041286516,2026-08-31T10:00:00+00:00,2026-08-31T10:15:00+00:00,25.43,0.5,0.51,0.505,0.01,50.0,135.49,85
2026-08-31T09:50:35.619174+00:00,btc-updown-5m-1788169800,5,3997863,84088359427320664372193466485605901867603113917665915218530161227823470556600,2026-08-31T09:50:00+00:00,2026-08-31T09:55:00+00:00,4.42,0.5,0.51,0.505,0.01,150.77,334.83,59
2026-08-31T09:50:35.619174+00:00,btc-updown-5m-1788170100,5,3997880,105960650217644530600688585554370147042137682636632720704346660276471664335082,2026-08-31T09:55:00+00:00,2026-08-31T10:00:00+00:00,9.42,0.5,0.51,0.505,0.01,155.82,387.65,83
2026-08-31T09:50:35.619174+00:00,btc-updown-15m-1788169500,15,3997853,46109536257390433228276560694896620355991417875302374455326608768318726314624,2026-08-31T09:45:00+00:00,2026-08-31T10:00:00+00:00,9.42,0.5,0.51,0.505,0.01,50.0,50.0,22
2026-08-31T09:50:35.619174+00:00,btc-updown-15m-1788170400,15,3997902,70098889363367651692289779866536273561968163894590721298344843915297041286516,2026-08-31T10:00:00+00:00,2026-08-31T10:15:00+00:00,24.42,0.5,0.51,0.505,0.01,50.0,135.49,85
2026-08-31T09:51:36.744551+00:00,btc-updown-5m-1788169800,5,3997863,84088359427320664372193466485605901867603113917665915218530161227823470556600,2026-08-31T09:50:00+00:00,2026-08-31T09:55:00+00:00,3.4,0.5,0.51,0.505,0.01,150.77,334.83,59
2026-08-31T09:51:36.744551+00:00,btc-updown-5m-1788170100,5,3997880,105960650217644530600688585554370147042137682636632720704346660276471664335082,2026-08-31T09:55:00+00:00,2026-08-31T10:00:00+00:00,8.4,0.5,0.51,0.505,0.01,155.82,387.65,83
2026-08-31T09:51:36.744551+00:00,btc-updown-15m-1788169500,15,3997853,46109536257390433228276560694896620355991417875302374455326608768318726314624,2026-08-31T09:45:00+00:00,2026-08-31T10:00:00+00:00,8.4,0.5,0.51,0.505,0.01,50.0,50.0,22
2026-08-31T09:51:36.744551+00:00,btc-updown-15m-1788170400,15,3997902,70098889363367651692289779866536273561968163894590721298344843915297041286516,2026-08-31T10:00:00+00:00,2026-08-31T10:15:00+00:00,23.4,0.5,0.51,0.505,0.01,50.0,135.49,85
2026-08-31T09:52:37.940664+00:00,btc-updown-5m-1788169800,5,3997863,84088359427320664372193466485605901867603113917665915218530161227823470556600,2026-08-31T09:50:00+00:00,2026-08-31T09:55:00+00:00,2.38,0.5,0.51,0.505,0.01,150.77,334.83,59
2026-08-31T09:52:37.940664+00:00,btc-updown-5m-1788170100,5,3997880,105960650217644530600688585554370147042137682636632720704346660276471664335082,2026-08-31T09:55:00+00:00,2026-08-31T10:00:00+00:00,7.38,0.5,0.51,0.505,0.01,155.82,387.65,81
2026-08-31T09:52:37.940664+00:00,btc-updown-15m-1788169500,15,3997853,46109536257390433228276560694896620355991417875302374455326608768318726314624,2026-08-31T09:45:00+00:00,2026-08-31T10:00:00+00:00,7.38,0.5,0.51,0.505,0.01,50.0,50.0,22
2026-08-31T09:52:37.940664+00:00,btc-updown-15m-1788170400,15,3997902,70098889363367651692289779866536273561968163894590721298344843915297041286516,2026-08-31T10:00:00+00:00,2026-08-31T10:15:00+00:00,22.38,0.5,0.51,0.505,0.01,50.0,135.49,85
2026-08-31T09:53:39.139150+00:00,btc-updown-5m-1788169800,5,3997863,84088359427320664372193466485605901867603113917665915218530161227823470556600,2026-08-31T09:50:00+00:00,2026-08-31T09:55:00+00:00,1.35,0.5,0.51,0.505,0.01,150.77,334.83,59
2026-08-31T09:53:39.139150+00:00,btc-updown-5m-1788170100,5,3997880,105960650217644530600688585554370147042137682636632720704346660276471664335082,2026-08-31T09:55:00+00:00,2026-08-31T10:00:00+00:00,6.35,0.5,0.51,0.505,0.01,155.82,377.65,81
2026-08-31T09:53:39.139150+00:00,btc-updown-15m-1788169500,15,3997853,46109536257390433228276560694896620355991417875302374455326608768318726314624,2026-08-31T09:45:00+00:00,2026-08-31T10:00:00+00:00,6.35,0.5,0.51,0.505,0.01,50.0,50.0,22
2026-08-31T09:53:39.139150+00:00,btc-updown-15m-1788170400,15,3997902,70098889363367651692289779866536273561968163894590721298344843915297041286516,2026-08-31T10:00:00+00:00,2026-08-31T10:15:00+00:00,21.35,0.5,0.51,0.505,0.01,50.0,135.49,85
2026-08-31T09:54:40.348456+00:00,btc-updown-5m-1788169800,5,3997863,84088359427320664372193466485605901867603113917665915218530161227823470556600,2026-08-31T09:50:00+00:00,2026-08-31T09:55:00+00:00,0.33,0.5,0.51,0.505,0.01,150.77,334.83,59
2026-08-31T09:54:40.348456+00:00,btc-updown-5m-1788170100,5,3997880,105960650217644530600688585554370147042137682636632720704346660276471664335082,2026-08-31T09:55:00+00:00,2026-08-31T10:00:00+00:00,5.33,0.5,0.51,0.505,0.01,150.82,334.65,67
2026-08-31T09:54:40.348456+00:00,btc-updown-15m-1788169500,15,3997853,46109536257390433228276560694896620355991417875302374455326608768318726314624,2026-08-31T09:45:00+00:00,2026-08-31T10:00:00+00:00,5.33,0.5,0.51,0.505,0.01,50.0,50.0,22
2026-08-31T09:54:40.348456+00:00,btc-updown-15m-1788170400,15,3997902,70098889363367651692289779866536273561968163894590721298344843915297041286516,2026-08-31T10:00:00+00:00,2026-08-31T10:15:00+00:00,20.33,0.5,0.51,0.505,0.01,50.0,135.49,85
2026-08-31T09:55:41.517202+00:00,btc-updown-5m-1788170100,5,3997880,105960650217644530600688585554370147042137682636632720704346660276471664335082,2026-08-31T09:55:00+00:00,2026-08-31T10:00:00+00:00,4.32,0.5,0.51,0.505,0.01,150.82,334.65,59
2026-08-31T09:55:41.517202+00:00,btc-updown-5m-1788170400,5,3997899,89246524583515239579997714408720661577130313149667846398788452662534787235339,2026-08-31T10:00:00+00:00,2026-08-31T10:05:00+00:00,9.32,0.5,0.51,0.505,0.01,155.81,388.73,83
2026-08-31T09:55:41.517202+00:00,btc-updown-15m-1788169500,15,3997853,46109536257390433228276560694896620355991417875302374455326608768318726314624,2026-08-31T09:45:00+00:00,2026-08-31T10:00:00+00:00,4.32,0.5,0.51,0.505,0.01,50.0,50.0,22
2026-08-31T09:55:41.517202+00:00,btc-updown-15m-1788170400,15,3997902,70098889363367651692289779866536273561968163894590721298344843915297041286516,2026-08-31T10:00:00+00:00,2026-08-31T10:15:00+00:00,19.32,0.5,0.51,0.505,0.01,50.0,135.49,85
2026-08-31T09:56:42.825423+00:00,btc-updown-5m-1788170100,5,3997880,105960650217644530600688585554370147042137682636632720704346660276471664335082,2026-08-31T09:55:00+00:00,2026-08-31T10:00:00+00:00,3.3,0.5,0.51,0.505,0.01,150.82,334.65,59
2026-08-31T09:56:42.825423+00:00,btc-updown-5m-1788170400,5,3997899,89246524583515239579997714408720661577130313149667846398788452662534787235339,2026-08-31T10:00:00+00:00,2026-08-31T10:05:00+00:00,8.3,0.5,0.51,0.505,0.01,155.81,388.73,83
2026-08-31T09:56:42.825423+00:00,btc-updown-15m-1788169500,15,3997853,46109536257390433228276560694896620355991417875302374455326608768318726314624,2026-08-31T09:45:00+00:00,2026-08-31T10:00:00+00:00,3.3,0.5,0.51,0.505,0.01,50.0,50.0,22
2026-08-31T09:56:42.825423+00:00,btc-updown-15m-1788170400,15,3997902,70098889363367651692289779866536273561968163894590721298344843915297041286516,2026-08-31T10:00:00+00:00,2026-08-31T10:15:00+00:00,18.3,0.5,0.51,0.505,0.01,50.0,135.49,85
2026-08-31T09:57:44.002463+00:00,btc-updown-5m-1788170100,5,3997880,105960650217644530600688585554370147042137682636632720704346660276471664335082,2026-08-31T09:55:00+00:00,2026-08-31T10:00:00+00:00,2.27,0.5,0.51,0.505,0.01,150.82,334.65,59
2026-08-31T09:57:44.002463+00:00,btc-updown-5m-1788170400,5,3997899,89246524583515239579997714408720661577130313149667846398788452662534787235339,2026-08-31T10:00:00+00:00,2026-08-31T10:05:00+00:00,7.27,0.5,0.51,0.505,0.01,155.81,388.73,81
2026-08-31T09:57:44.002463+00:00,btc-updown-15m-1788169500,15,3997853,46109536257390433228276560694896620355991417875302374455326608768318726314624,2026-08-31T09:45:00+00:00,2026-08-31T10:00:00+00:00,2.27,0.5,0.51,0.505,0.01,50.0,50.0,22
2026-08-31T09:57:44.002463+00:00,btc-updown-15m-1788170400,15,3997902,70098889363367651692289779866536273561968163894590721298344843915297041286516,2026-08-31T10:00:00+00:00,2026-08-31T10:15:00+00:00,17.27,0.5,0.51,0.505,0.01,50.0,135.49,85
2026-08-31T09:58:45.125170+00:00,btc-updown-5m-1788170100,5,3997880,105960650217644530600688585554370147042137682636632720704346660276471664335082,2026-08-31T09:55:00+00:00,2026-08-31T10:00:00+00:00,1.25,0.5,0.51,0.505,0.01,150.82,334.65,59
2026-08-31T09:58:45.125170+00:00,btc-updown-5m-1788170400,5,3997899,89246524583515239579997714408720661577130313149667846398788452662534787235339,2026-08-31T10:00:00+00:00,2026-08-31T10:05:00+00:00,6.25,0.5,0.51,0.505,0.01,155.81,378.73,81
2026-08-31T09:58:45.125170+00:00,btc-updown-15m-1788169500,15,3997853,46109536257390433228276560694896620355991417875302374455326608768318726314624,2026-08-31T09:45:00+00:00,2026-08-31T10:00:00+00:00,1.25,0.5,0.51,0.505,0.01,50.0,50.0,22
2026-08-31T09:58:45.125170+00:00,btc-updown-15m-1788170400,15,3997902,70098889363367651692289779866536273561968163894590721298344843915297041286516,2026-08-31T10:00:00+00:00,2026-08-31T10:15:00+00:00,16.25,0.5,0.51,0.505,0.01,50.0,135.49,85
2026-08-31T09:59:46.696586+00:00,btc-updown-5m-1788170100,5,3997880,105960650217644530600688585554370147042137682636632720704346660276471664335082,2026-08-31T09:55:00+00:00,2026-08-31T10:00:00+00:00,0.23,0.5,0.51,0.505,0.01,150.82,334.65,59
2026-08-31T09:59:46.696586+00:00,btc-updown-5m-1788170400,5,3997899,89246524583515239579997714408720661577130313149667846398788452662534787235339,2026-08-31T10:00:00+00:00,2026-08-31T10:05:00+00:00,5.23,0.5,0.51,0.505,0.01,150.81,335.73,57
2026-08-31T09:59:46.696586+00:00,btc-updown-15m-1788169500,15,3997853,46109536257390433228276560694896620355991417875302374455326608768318726314624,2026-08-31T09:45:00+00:00,2026-08-31T10:00:00+00:00,0.23,0.5,0.51,0.505,0.01,50.0,50.0,22
2026-08-31T09:59:46.696586+00:00,btc-updown-15m-1788170400,15,3997902,70098889363367651692289779866536273561968163894590721298344843915297041286516,2026-08-31T10:00:00+00:00,2026-08-31T10:15:00+00:00,15.23,0.5,0.51,0.505,0.01,50.0,85.49,83
2026-08-31T10:00:47.834722+00:00,btc-updown-5m-1788170400,5,3997899,89246524583515239579997714408720661577130313149667846398788452662534787235339,2026-08-31T10:00:00+00:00,2026-08-31T10:05:00+00:00,4.22,0.5,0.51,0.505,0.01,150.81,335.73,57
2026-08-31T10:00:47.834722+00:00,btc-updown-5m-1788170700,5,3997905,69502549094933767240257039524504683799449215763863415769325063816869981153095,2026-08-31T10:05:00+00:00,2026-08-31T10:10:00+00:00,9.22,0.5,0.51,0.505,0.01,155.85,388.62,97
2026-08-31T10:00:47.834722+00:00,btc-updown-15m-1788170400,15,3997902,70098889363367651692289779866536273561968163894590721298344843915297041286516,2026-08-31T10:00:00+00:00,2026-08-31T10:15:00+00:00,14.22,0.5,0.51,0.505,0.01,50.0,50.0,26
2026-08-31T10:00:47.834722+00:00,btc-updown-15m-1788171300,15,3998009,93452065793215794335440061353265737011381927110025960870715939014231985674640,2026-08-31T10:15:00+00:00,2026-08-31T10:30:00+00:00,29.22,0.5,0.51,0.505,0.01,50.0,135.72,67
2026-08-31T10:01:49.021694+00:00,btc-updown-5m-1788170400,5,3997899,89246524583515239579997714408720661577130313149667846398788452662534787235339,2026-08-31T10:00:00+00:00,2026-08-31T10:05:00+00:00,3.18,0.5,0.51,0.505,0.01,150.81,335.73,57
2026-08-31T10:01:49.021694+00:00,btc-updown-5m-1788170700,5,3997905,69502549094933767240257039524504683799449215763863415769325063816869981153095,2026-08-31T10:05:00+00:00,2026-08-31T10:10:00+00:00,8.18,0.5,0.51,0.505,0.01,155.85,388.62,97
2026-08-31T10:01:49.021694+00:00,btc-updown-15m-1788170400,15,3997902,70098889363367651692289779866536273561968163894590721298344843915297041286516,2026-08-31T10:00:00+00:00,2026-08-31T10:15:00+00:00,13.18,0.5,0.51,0.505,0.01,50.0,50.0,26
2026-08-31T10:01:49.021694+00:00,btc-updown-15m-1788171300,15,3998009,93452065793215794335440061353265737011381927110025960870715939014231985674640,2026-08-31T10:15:00+00:00,2026-08-31T10:30:00+00:00,28.18,0.5,0.51,0.505,0.01,50.0,135.72,67
2026-08-31T10:02:50.189608+00:00,btc-updown-5m-1788170400,5,3997899,89246524583515239579997714408720661577130313149667846398788452662534787235339,2026-08-31T10:00:00+00:00,2026-08-31T10:05:00+00:00,2.17,0.5,0.51,0.505,0.01,150.81,335.73,57
2026-08-31T10:02:50.189608+00:00,btc-updown-5m-1788170700,5,3997905,69502549094933767240257039524504683799449215763863415769325063816869981153095,2026-08-31T10:05:00+00:00,2026-08-31T10:10:00+00:00,7.17,0.5,0.51,0.505,0.01,155.85,388.62,97
2026-08-31T10:02:50.189608+00:00,btc-updown-15m-1788170400,15,3997902,70098889363367651692289779866536273561968163894590721298344843915297041286516,2026-08-31T10:00:00+00:00,2026-08-31T10:15:00+00:00,12.17,0.5,0.51,0.505,0.01,50.0,50.0,24
2026-08-31T10:02:50.189608+00:00,btc-updown-15m-1788171300,15,3998009,93452065793215794335440061353265737011381927110025960870715939014231985674640,2026-08-31T10:15:00+00:00,2026-08-31T10:30:00+00:00,27.17,0.5,0.51,0.505,0.01,50.0,135.72,67
2026-08-31T10:03:51.324311+00:00,btc-updown-5m-1788170400,5,3997899,89246524583515239579997714408720661577130313149667846398788452662534787235339,2026-08-31T10:00:00+00:00,2026-08-31T10:05:00+00:00,1.15,0.5,0.51,0.505,0.01,150.81,335.73,57
2026-08-31T10:03:51.324311+00:00,btc-updown-5m-1788170700,5,3997905,69502549094933767240257039524504683799449215763863415769325063816869981153095,2026-08-31T10:05:00+00:00,2026-08-31T10:10:00+00:00,6.15,0.5,0.51,0.505,0.01,150.85,373.62,97
2026-08-31T10:03:51.324311+00:00,btc-updown-15m-1788170400,15,3997902,70098889363367651692289779866536273561968163894590721298344843915297041286516,2026-08-31T10:00:00+00:00,2026-08-31T10:15:00+00:00,11.15,0.5,0.51,0.505,0.01,50.0,50.0,24
2026-08-31T10:03:51.324311+00:00,btc-updown-15m-1788171300,15,3998009,93452065793215794335440061353265737011381927110025960870715939014231985674640,2026-08-31T10:15:00+00:00,2026-08-31T10:30:00+00:00,26.15,0.5,0.51,0.505,0.01,50.0,135.72,67
2026-08-31T10:04:53.017439+00:00,btc-updown-5m-1788170400,5,3997899,89246524583515239579997714408720661577130313149667846398788452662534787235339,2026-08-31T10:00:00+00:00,2026-08-31T10:05:00+00:00,0.12,0.5,0.51,0.505,0.01,150.81,335.73,57
2026-08-31T10:04:53.017439+00:00,btc-updown-5m-1788170700,5,3997905,69502549094933767240257039524504683799449215763863415769325063816869981153095,2026-08-31T10:05:00+00:00,2026-08-31T10:10:00+00:00,5.12,0.5,0.51,0.505,0.01,150.85,335.62,91
2026-08-31T10:04:53.017439+00:00,btc-updown-15m-1788170400,15,3997902,70098889363367651692289779866536273561968163894590721298344843915297041286516,2026-08-31T10:00:00+00:00,2026-08-31T10:15:00+00:00,10.12,0.5,0.51,0.505,0.01,50.0,50.0,24
2026-08-31T10:04:53.017439+00:00,btc-updown-15m-1788171300,15,3998009,93452065793215794335440061353265737011381927110025960870715939014231985674640,2026-08-31T10:15:00+00:00,2026-08-31T10:30:00+00:00,25.12,0.5,0.51,0.505,0.01,50.0,135.72,67
2026-08-31T10:05:54.135422+00:00,btc-updown-5m-1788170700,5,3997905,69502549094933767240257039524504683799449215763863415769325063816869981153095,2026-08-31T10:05:00+00:00,2026-08-31T10:10:00+00:00,4.1,0.5,0.51,0.505,0.01,150.85,335.62,59
2026-08-31T10:05:54.135422+00:00,btc-updown-5m-1788171000,5,3997924,37760535709648223736041396595420707968032236379292570817984480902832182738565,2026-08-31T10:10:00+00:00,2026-08-31T10:15:00+00:00,9.1,0.5,0.51,0.505,0.01,155.63,388.91,83
2026-08-31T10:05:54.135422+00:00,btc-updown-15m-1788170400,15,3997902,70098889363367651692289779866536273561968163894590721298344843915297041286516,2026-08-31T10:00:00+00:00,2026-08-31T10:15:00+00:00,9.1,0.5,0.51,0.505,0.01,50.0,50.0,24
2026-08-31T10:05:54.135422+00:00,btc-updown-15m-1788171300,15,3998009,93452065793215794335440061353265737011381927110025960870715939014231985674640,2026-08-31T10:15:00+00:00,2026-08-31T10:30:00+00:00,24.1,0.5,0.51,0.505,0.01,50.0,135.72,67
2026-08-31T10:06:55.258833+00:00,btc-updown-5m-1788170700,5,3997905,69502549094933767240257039524504683799449215763863415769325063816869981153095,2026-08-31T10:05:00+00:00,2026-08-31T10:10:00+00:00,3.08,0.5,0.51,0.505,0.01,150.85,335.62,59
2026-08-31T10:06:55.258833+00:00,btc-updown-5m-1788171000,5,3997924,37760535709648223736041396595420707968032236379292570817984480902832182738565,2026-08-31T10:10:00+00:00,2026-08-31T10:15:00+00:00,8.08,0.5,0.51,0.505,0.01,155.63,388.91,83
2026-08-31T10:06:55.258833+00:00,btc-updown-15m-1788170400,15,3997902,70098889363367651692289779866536273561968163894590721298344843915297041286516,2026-08-31T10:00:00+00:00,2026-08-31T10:15:00+00:00,8.08,0.5,0.51,0.505,0.01,50.0,50.0,24
2026-08-31T10:06:55.258833+00:00,btc-updown-15m-1788171300,15,3998009,93452065793215794335440061353265737011381927110025960870715939014231985674640,2026-08-31T10:15:00+00:00,2026-08-31T10:30:00+00:00,23.08,0.5,0.51,0.505,0.01,50.0,135.72,67
2026-08-31T10:07:56.433694+00:00,btc-updown-5m-1788170700,5,3997905,69502549094933767240257039524504683799449215763863415769325063816869981153095,2026-08-31T10:05:00+00:00,2026-08-31T10:10:00+00:00,2.07,0.5,0.51,0.505,0.01,150.85,335.62,59
2026-08-31T10:07:56.433694+00:00,btc-updown-5m-1788171000,5,3997924,37760535709648223736041396595420707968032236379292570817984480902832182738565,2026-08-31T10:10:00+00:00,2026-08-31T10:15:00+00:00,7.07,0.5,0.51,0.505,0.01,155.63,388.91,81
2026-08-31T10:07:56.433694+00:00,btc-updown-15m-1788170400,15,3997902,70098889363367651692289779866536273561968163894590721298344843915297041286516,2026-08-31T10:00:00+00:00,2026-08-31T10:15:00+00:00,7.07,0.5,0.51,0.505,0.01,50.0,50.0,24
2026-08-31T10:07:56.433694+00:00,btc-updown-15m-1788171300,15,3998009,93452065793215794335440061353265737011381927110025960870715939014231985674640,2026-08-31T10:15:00+00:00,2026-08-31T10:30:00+00:00,22.07,0.5,0.51,0.505,0.01,50.0,135.72,67
2026-08-31T10:08:57.552934+00:00,btc-updown-5m-1788170700,5,3997905,69502549094933767240257039524504683799449215763863415769325063816869981153095,2026-08-31T10:05:00+00:00,2026-08-31T10:10:00+00:00,1.05,0.5,0.51,0.505,0.01,150.85,335.62,59
2026-08-31T10:08:57.552934+00:00,btc-updown-5m-1788171000,5,3997924,37760535709648223736041396595420707968032236379292570817984480902832182738565,2026-08-31T10:10:00+00:00,2026-08-31T10:15:00+00:00,6.05,0.5,0.51,0.505,0.01,150.63,335.91,73
2026-08-31T10:08:57.552934+00:00,btc-updown-15m-1788170400,15,3997902,70098889363367651692289779866536273561968163894590721298344843915297041286516,2026-08-31T10:00:00+00:00,2026-08-31T10:15:00+00:00,6.05,0.5,0.51,0.505,0.01,50.0,50.0,24
2026-08-31T10:08:57.552934+00:00,btc-updown-15m-1788171300,15,3998009,93452065793215794335440061353265737011381927110025960870715939014231985674640,2026-08-31T10:15:00+00:00,2026-08-31T10:30:00+00:00,21.05,0.5,0.51,0.505,0.01,50.0,135.72,67
2026-08-31T10:09:58.721365+00:00,btc-updown-5m-1788170700,5,3997905,69502549094933767240257039524504683799449215763863415769325063816869981153095,2026-08-31T10:05:00+00:00,2026-08-31T10:10:00+00:00,0.03,0.5,0.51,0.505,0.01,150.85,335.62,59
2026-08-31T10:09:58.721365+00:00,btc-updown-5m-1788171000,5,3997924,37760535709648223736041396595420707968032236379292570817984480902832182738565,2026-08-31T10:10:00+00:00,2026-08-31T10:15:00+00:00,5.03,0.5,0.51,0.505,0.01,150.63,335.91,59
2026-08-31T10:09:58.721365+00:00,btc-updown-15m-1788170400,15,3997902,70098889363367651692289779866536273561968163894590721298344843915297041286516,2026-08-31T10:00:00+00:00,2026-08-31T10:15:00+00:00,5.03,0.5,0.51,0.505,0.01,50.0,50.0,24
2026-08-31T10:09:58.721365+00:00,btc-updown-15m-1788171300,15,3998009,93452065793215794335440061353265737011381927110025960870715939014231985674640,2026-08-31T10:15:00+00:00,2026-08-31T10:30:00+00:00,20.03,0.5,0.51,0.505,0.01,50.0,135.72,67
2026-08-31T10:10:59.847482+00:00,btc-updown-5m-1788171000,5,3997924,37760535709648223736041396595420707968032236379292570817984480902832182738565,2026-08-31T10:10:00+00:00,2026-08-31T10:15:00+00:00,4.02,0.5,0.51,0.505,0.01,150.63,335.91,59
2026-08-31T10:10:59.847482+00:00,btc-updown-5m-1788171300,5,3998010,4729543724601828245686800573660666832998976938676585026743728539788536960794,2026-08-31T10:15:00+00:00,2026-08-31T10:20:00+00:00,9.02,0.5,0.51,0.505,0.01,155.18,389.56,83
2026-08-31T10:10:59.847482+00:00,btc-updown-15m-1788170400,15,3997902,70098889363367651692289779866536273561968163894590721298344843915297041286516,2026-08-31T10:00:00+00:00,2026-08-31T10:15:00+00:00,4.02,0.5,0.51,0.505,0.01,50.0,50.0,24
2026-08-31T10:10:59.847482+00:00,btc-updown-15m-1788171300,15,3998009,93452065793215794335440061353265737011381927110025960870715939014231985674640,2026-08-31T10:15:00+00:00,2026-08-31T10:30:00+00:00,19.02,0.5,0.51,0.505,0.01,50.0,135.72,67
2026-08-31T10:12:01.227216+00:00,btc-updown-5m-1788171000,5,3997924,37760535709648223736041396595420707968032236379292570817984480902832182738565,2026-08-31T10:10:00+00:00,2026-08-31T10:15:00+00:00,2.98,0.5,0.51,0.505,0.01,150.63,335.91,59
2026-08-31T10:12:01.227216+00:00,btc-updown-5m-1788171300,5,3998010,4729543724601828245686800573660666832998976938676585026743728539788536960794,2026-08-31T10:15:00+00:00,2026-08-31T10:20:00+00:00,7.98,0.5,0.51,0.505,0.01,155.18,389.56,81
2026-08-31T10:12:01.227216+00:00,btc-updown-15m-1788170400,15,3997902,70098889363367651692289779866536273561968163894590721298344843915297041286516,2026-08-31T10:00:00+00:00,2026-08-31T10:15:00+00:00,2.98,0.5,0.51,0.505,0.01,50.0,50.0,24
2026-08-31T10:12:01.227216+00:00,btc-updown-15m-1788171300,15,3998009,93452065793215794335440061353265737011381927110025960870715939014231985674640,2026-08-31T10:15:00+00:00,2026-08-31T10:30:00+00:00,17.98,0.5,0.51,0.505,0.01,50.0,135.72,67
2026-08-31T10:13:02.355096+00:00,btc-updown-5m-1788171000,5,3997924,37760535709648223736041396595420707968032236379292570817984480902832182738565,2026-08-31T10:10:00+00:00,2026-08-31T10:15:00+00:00,1.97,0.5,0.51,0.505,0.01,150.63,335.91,59
2026-08-31T10:13:02.355096+00:00,btc-updown-5m-1788171300,5,3998010,4729543724601828245686800573660666832998976938676585026743728539788536960794,2026-08-31T10:15:00+00:00,2026-08-31T10:20:00+00:00,6.97,0.5,0.51,0.505,0.01,155.18,379.56,81
2026-08-31T10:13:02.355096+00:00,btc-updown-15m-1788170400,15,3997902,70098889363367651692289779866536273561968163894590721298344843915297041286516,2026-08-31T10:00:00+00:00,2026-08-31T10:15:00+00:00,1.97,0.5,0.51,0.505,0.01,50.0,50.0,24
2026-08-31T10:13:02.355096+00:00,btc-updown-15m-1788171300,15,3998009,93452065793215794335440061353265737011381927110025960870715939014231985674640,2026-08-31T10:15:00+00:00,2026-08-31T10:30:00+00:00,16.97,0.5,0.51,0.505,0.01,50.0,135.72,67
2026-08-31T10:14:03.489533+00:00,btc-updown-5m-1788171000,5,3997924,37760535709648223736041396595420707968032236379292570817984480902832182738565,2026-08-31T10:10:00+00:00,2026-08-31T10:15:00+00:00,0.95,0.5,0.51,0.505,0.01,150.63,335.91,59
2026-08-31T10:14:03.489533+00:00,btc-updown-5m-1788171300,5,3998010,4729543724601828245686800573660666832998976938676585026743728539788536960794,2026-08-31T10:15:00+00:00,2026-08-31T10:20:00+00:00,5.95,0.5,0.51,0.505,0.01,150.18,336.56,71
2026-08-31T10:14:03.489533+00:00,btc-updown-15m-1788170400,15,3997902,70098889363367651692289779866536273561968163894590721298344843915297041286516,2026-08-31T10:00:00+00:00,2026-08-31T10:15:00+00:00,0.95,0.5,0.51,0.505,0.01,50.0,50.0,24
2026-08-31T10:14:03.489533+00:00,btc-updown-15m-1788171300,15,3998009,93452065793215794335440061353265737011381927110025960870715939014231985674640,2026-08-31T10:15:00+00:00,2026-08-31T10:30:00+00:00,15.95,0.5,0.51,0.505,0.01,50.0,85.72,59
2026-08-31T10:15:04.644806+00:00,btc-updown-5m-1788171300,5,3998010,4729543724601828245686800573660666832998976938676585026743728539788536960794,2026-08-31T10:15:00+00:00,2026-08-31T10:20:00+00:00,4.93,0.5,0.51,0.505,0.01,150.18,336.56,59
2026-08-31T10:15:04.644806+00:00,btc-updown-5m-1788171600,5,3998023,90277529064813757543177723461434840582606525781947851882645097430458166522625,2026-08-31T10:20:00+00:00,2026-08-31T10:25:00+00:00,9.93,0.5,0.51,0.505,0.01,150.0,278.0,83
2026-08-31T10:15:04.644806+00:00,btc-updown-15m-1788171300,15,3998009,93452065793215794335440061353265737011381927110025960870715939014231985674640,2026-08-31T10:15:00+00:00,2026-08-31T10:30:00+00:00,14.93,0.5,0.51,0.505,0.01,50.0,50.0,26
2026-08-31T10:15:04.644806+00:00,btc-updown-15m-1788172200,15,3998052,90150209718848131013898399879742835482867576493234269677955902928870324581368,2026-08-31T10:30:00+00:00,2026-08-31T10:45:00+00:00,29.93,0.49,0.51,0.5,0.02,85.36,85.36,66
2026-08-31T10:16:05.791750+00:00,btc-updown-5m-1788171300,5,3998010,4729543724601828245686800573660666832998976938676585026743728539788536960794,2026-08-31T10:15:00+00:00,2026-08-31T10:20:00+00:00,3.92,0.5,0.51,0.505,0.01,150.18,336.56,59
2026-08-31T10:16:05.791750+00:00,btc-updown-5m-1788171600,5,3998023,90277529064813757543177723461434840582606525781947851882645097430458166522625,2026-08-31T10:20:00+00:00,2026-08-31T10:25:00+00:00,8.92,0.5,0.51,0.505,0.01,150.0,278.0,83
2026-08-31T10:16:05.791750+00:00,btc-updown-15m-1788171300,15,3998009,93452065793215794335440061353265737011381927110025960870715939014231985674640,2026-08-31T10:15:00+00:00,2026-08-31T10:30:00+00:00,13.92,0.5,0.51,0.505,0.01,50.0,50.0,26
2026-08-31T10:16:05.791750+00:00,btc-updown-15m-1788172200,15,3998052,90150209718848131013898399879742835482867576493234269677955902928870324581368,2026-08-31T10:30:00+00:00,2026-08-31T10:45:00+00:00,28.92,0.49,0.51,0.5,0.02,85.36,85.36,66
2026-08-31T10:17:07.012148+00:00,btc-updown-5m-1788171300,5,3998010,4729543724601828245686800573660666832998976938676585026743728539788536960794,2026-08-31T10:15:00+00:00,2026-08-31T10:20:00+00:00,2.88,0.5,0.51,0.505,0.01,150.18,336.56,59
2026-08-31T10:17:07.012148+00:00,btc-updown-5m-1788171600,5,3998023,90277529064813757543177723461434840582606525781947851882645097430458166522625,2026-08-31T10:20:00+00:00,2026-08-31T10:25:00+00:00,7.88,0.5,0.51,0.505,0.01,150.0,278.0,83
2026-08-31T10:17:07.012148+00:00,btc-updown-15m-1788171300,15,3998009,93452065793215794335440061353265737011381927110025960870715939014231985674640,2026-08-31T10:15:00+00:00,2026-08-31T10:30:00+00:00,12.88,0.5,0.51,0.505,0.01,50.0,50.0,24
2026-08-31T10:17:07.012148+00:00,btc-updown-15m-1788172200,15,3998052,90150209718848131013898399879742835482867576493234269677955902928870324581368,2026-08-31T10:30:00+00:00,2026-08-31T10:45:00+00:00,27.88,0.49,0.51,0.5,0.02,85.36,85.36,66
2026-08-31T10:18:08.177160+00:00,btc-updown-5m-1788171300,5,3998010,4729543724601828245686800573660666832998976938676585026743728539788536960794,2026-08-31T10:15:00+00:00,2026-08-31T10:20:00+00:00,1.87,0.5,0.51,0.505,0.01,150.18,336.56,59
2026-08-31T10:18:08.177160+00:00,btc-updown-5m-1788171600,5,3998023,90277529064813757543177723461434840582606525781947851882645097430458166522625,2026-08-31T10:20:00+00:00,2026-08-31T10:25:00+00:00,6.87,0.5,0.51,0.505,0.01,150.0,278.0,83
2026-08-31T10:18:08.177160+00:00,btc-updown-15m-1788171300,15,3998009,93452065793215794335440061353265737011381927110025960870715939014231985674640,2026-08-31T10:15:00+00:00,2026-08-31T10:30:00+00:00,11.87,0.5,0.51,0.505,0.01,50.0,50.0,24
2026-08-31T10:18:08.177160+00:00,btc-updown-15m-1788172200,15,3998052,90150209718848131013898399879742835482867576493234269677955902928870324581368,2026-08-31T10:30:00+00:00,2026-08-31T10:45:00+00:00,26.87,0.49,0.51,0.5,0.02,85.36,85.36,66
2026-08-31T10:19:09.299000+00:00,btc-updown-5m-1788171300,5,3998010,4729543724601828245686800573660666832998976938676585026743728539788536960794,2026-08-31T10:15:00+00:00,2026-08-31T10:20:00+00:00,0.85,0.5,0.51,0.505,0.01,150.18,336.56,59
2026-08-31T10:19:09.299000+00:00,btc-updown-5m-1788171600,5,3998023,90277529064813757543177723461434840582606525781947851882645097430458166522625,2026-08-31T10:20:00+00:00,2026-08-31T10:25:00+00:00,5.85,0.5,0.51,0.505,0.01,150.0,278.0,77
2026-08-31T10:19:09.299000+00:00,btc-updown-15m-1788171300,15,3998009,93452065793215794335440061353265737011381927110025960870715939014231985674640,2026-08-31T10:15:00+00:00,2026-08-31T10:30:00+00:00,10.85,0.5,0.51,0.505,0.01,50.0,50.0,24
2026-08-31T10:19:09.299000+00:00,btc-updown-15m-1788172200,15,3998052,90150209718848131013898399879742835482867576493234269677955902928870324581368,2026-08-31T10:30:00+00:00,2026-08-31T10:45:00+00:00,25.85,0.49,0.51,0.5,0.02,85.36,85.36,66
2026-08-31T10:20:10.458301+00:00,btc-updown-5m-1788171600,5,3998023,90277529064813757543177723461434840582606525781947851882645097430458166522625,2026-08-31T10:20:00+00:00,2026-08-31T10:25:00+00:00,4.83,0.5,0.51,0.505,0.01,150.0,278.0,21
2026-08-31T10:20:10.458301+00:00,btc-updown-5m-1788171900,5,3998036,106581841452442105165603136556590748839613615423806684263975802925395218905582,2026-08-31T10:25:00+00:00,2026-08-31T10:30:00+00:00,9.83,0.5,0.51,0.505,0.01,155.02,388.93,83
2026-08-31T10:20:10.458301+00:00,btc-updown-15m-1788171300,15,3998009,93452065793215794335440061353265737011381927110025960870715939014231985674640,2026-08-31T10:15:00+00:00,2026-08-31T10:30:00+00:00,9.83,0.5,0.51,0.505,0.01,50.0,50.0,24
2026-08-31T10:20:10.458301+00:00,btc-updown-15m-1788172200,15,3998052,90150209718848131013898399879742835482867576493234269677955902928870324581368,2026-08-31T10:30:00+00:00,2026-08-31T10:45:00+00:00,24.83,0.49,0.51,0.5,0.02,85.36,85.36,66
2026-08-31T10:21:11.593657+00:00,btc-updown-5m-1788171600,5,3998023,90277529064813757543177723461434840582606525781947851882645097430458166522625,2026-08-31T10:20:00+00:00,2026-08-31T10:25:00+00:00,3.82,0.5,0.51,0.505,0.01,150.0,278.0,17
2026-08-31T10:21:11.593657+00:00,btc-updown-5m-1788171900,5,3998036,106581841452442105165603136556590748839613615423806684263975802925395218905582,2026-08-31T10:25:00+00:00,2026-08-31T10:30:00+00:00,8.82,0.5,0.51,0.505,0.01,155.02,388.93,83
2026-08-31T10:21:11.593657+00:00,btc-updown-15m-1788171300,15,3998009,93452065793215794335440061353265737011381927110025960870715939014231985674640,2026-08-31T10:15:00+00:00,2026-08-31T10:30:00+00:00,8.82,0.5,0.51,0.505,0.01,50.0,50.0,24
2026-08-31T10:21:11.593657+00:00,btc-updown-15m-1788172200,15,3998052,90150209718848131013898399879742835482867576493234269677955902928870324581368,2026-08-31T10:30:00+00:00,2026-08-31T10:45:00+00:00,23.82,0.49,0.51,0.5,0.02,85.36,85.36,66
2026-08-31T10:22:12.757070+00:00,btc-updown-5m-1788171600,5,3998023,90277529064813757543177723461434840582606525781947851882645097430458166522625,2026-08-31T10:20:00+00:00,2026-08-31T10:25:00+00:00,2.8,0.5,0.51,0.505,0.01,150.0,278.0,15
2026-08-31T10:22:12.757070+00:00,btc-updown-5m-1788171900,5,3998036,106581841452442105165603136556590748839613615423806684263975802925395218905582,2026-08-31T10:25:00+00:00,2026-08-31T10:30:00+00:00,7.8,0.5,0.51,0.505,0.01,155.02,285.79,81
2026-08-31T10:22:12.757070+00:00,btc-updown-15m-1788171300,15,3998009,93452065793215794335440061353265737011381927110025960870715939014231985674640,2026-08-31T10:15:00+00:00,2026-08-31T10:30:00+00:00,7.8,0.5,0.51,0.505,0.01,50.0,50.0,12
2026-08-31T10:22:12.757070+00:00,btc-updown-15m-1788172200,15,3998052,90150209718848131013898399879742835482867576493234269677955902928870324581368,2026-08-31T10:30:00+00:00,2026-08-31T10:45:00+00:00,22.8,0.49,0.51,0.5,0.02,85.36,5.36,63
2026-08-31T10:23:13.882620+00:00,btc-updown-5m-1788171600,5,3998023,90277529064813757543177723461434840582606525781947851882645097430458166522625,2026-08-31T10:20:00+00:00,2026-08-31T10:25:00+00:00,1.78,0.5,0.51,0.505,0.01,150.0,158.0,13
2026-08-31T10:23:13.882620+00:00,btc-updown-5m-1788171900,5,3998036,106581841452442105165603136556590748839613615423806684263975802925395218905582,2026-08-31T10:25:00+00:00,2026-08-31T10:30:00+00:00,6.78,0.5,0.51,0.505,0.01,155.02,155.79,81
2026-08-31T10:23:13.882620+00:00,btc-updown-15m-1788171300,15,3998009,93452065793215794335440061353265737011381927110025960870715939014231985674640,2026-08-31T10:15:00+00:00,2026-08-31T10:30:00+00:00,6.78,0.5,0.51,0.505,0.01,50.0,50.0,12
2026-08-31T10:23:13.882620+00:00,btc-updown-15m-1788172200,15,3998052,90150209718848131013898399879742835482867576493234269677955902928870324581368,2026-08-31T10:30:00+00:00,2026-08-31T10:45:00+00:00,21.78,0.49,0.51,0.5,0.02,85.36,5.36,63
2026-08-31T10:24:15.036950+00:00,btc-updown-5m-1788171600,5,3998023,90277529064813757543177723461434840582606525781947851882645097430458166522625,2026-08-31T10:20:00+00:00,2026-08-31T10:25:00+00:00,0.75,0.5,0.51,0.505,0.01,150.0,158.0,11
2026-08-31T10:24:15.036950+00:00,btc-updown-5m-1788171900,5,3998036,106581841452442105165603136556590748839613615423806684263975802925395218905582,2026-08-31T10:25:00+00:00,2026-08-31T10:30:00+00:00,5.75,0.5,0.51,0.505,0.01,150.02,150.79,64
2026-08-31T10:24:15.036950+00:00,btc-updown-15m-1788171300,15,3998009,93452065793215794335440061353265737011381927110025960870715939014231985674640,2026-08-31T10:15:00+00:00,2026-08-31T10:30:00+00:00,5.75,0.5,0.51,0.505,0.01,50.0,50.0,12
2026-08-31T10:24:15.036950+00:00,btc-updown-15m-1788172200,15,3998052,90150209718848131013898399879742835482867576493234269677955902928870324581368,2026-08-31T10:30:00+00:00,2026-08-31T10:45:00+00:00,20.75,0.49,0.51,0.5,0.02,85.36,5.36,63
2026-08-31T10:25:16.265502+00:00,btc-updown-5m-1788171900,5,3998036,106581841452442105165603136556590748839613615423806684263975802925395218905582,2026-08-31T10:25:00+00:00,2026-08-31T10:30:00+00:00,4.73,0.5,0.51,0.505,0.01,50.0,50.0,56
2026-08-31T10:25:16.265502+00:00,btc-updown-5m-1788172200,5,3998056,68280846723357952783549909560498857477064583319994010868321737678427238853578,2026-08-31T10:30:00+00:00,2026-08-31T10:35:00+00:00,9.73,0.5,0.51,0.505,0.01,105.81,180.88,99
2026-08-31T10:25:16.265502+00:00,btc-updown-15m-1788171300,15,3998009,93452065793215794335440061353265737011381927110025960870715939014231985674640,2026-08-31T10:15:00+00:00,2026-08-31T10:30:00+00:00,4.73,0.5,0.51,0.505,0.01,50.0,50.0,12
2026-08-31T10:25:16.265502+00:00,btc-updown-15m-1788172200,15,3998052,90150209718848131013898399879742835482867576493234269677955902928870324581368,2026-08-31T10:30:00+00:00,2026-08-31T10:45:00+00:00,19.73,0.49,0.51,0.5,0.02,85.36,5.36,63
2026-08-31T10:26:17.408649+00:00,btc-updown-5m-1788171900,5,3998036,106581841452442105165603136556590748839613615423806684263975802925395218905582,2026-08-31T10:25:00+00:00,2026-08-31T10:30:00+00:00,3.72,0.5,0.51,0.505,0.01,50.0,50.0,26
2026-08-31T10:26:17.408649+00:00,btc-updown-5m-1788172200,5,3998056,68280846723357952783549909560498857477064583319994010868321737678427238853578,2026-08-31T10:30:00+00:00,2026-08-31T10:35:00+00:00,8.72,0.5,0.51,0.505,0.01,105.81,123.48,84
2026-08-31T10:26:17.408649+00:00,btc-updown-15m-1788171300,15,3998009,93452065793215794335440061353265737011381927110025960870715939014231985674640,2026-08-31T10:15:00+00:00,2026-08-31T10:30:00+00:00,3.72,0.5,0.51,0.505,0.01,50.0,50.0,12
2026-08-31T10:26:17.408649+00:00,btc-updown-15m-1788172200,15,3998052,90150209718848131013898399879742835482867576493234269677955902928870324581368,2026-08-31T10:30:00+00:00,2026-08-31T10:45:00+00:00,18.72,0.49,0.51,0.5,0.02,85.36,5.36,63
2026-08-31T10:27:18.589846+00:00,btc-updown-5m-1788171900,5,3998036,106581841452442105165603136556590748839613615423806684263975802925395218905582,2026-08-31T10:25:00+00:00,2026-08-31T10:30:00+00:00,2.7,0.5,0.51,0.505,0.01,50.0,50.0,23
2026-08-31T10:27:18.589846+00:00,btc-updown-5m-1788172200,5,3998056,68280846723357952783549909560498857477064583319994010868321737678427238853578,2026-08-31T10:30:00+00:00,2026-08-31T10:35:00+00:00,7.7,0.5,0.51,0.505,0.01,105.81,115.48,82
2026-08-31T10:27:18.589846+00:00,btc-updown-15m-1788171300,15,3998009,93452065793215794335440061353265737011381927110025960870715939014231985674640,2026-08-31T10:15:00+00:00,2026-08-31T10:30:00+00:00,2.7,0.5,0.51,0.505,0.01,50.0,50.0,12
2026-08-31T10:27:18.589846+00:00,btc-updown-15m-1788172200,15,3998052,90150209718848131013898399879742835482867576493234269677955902928870324581368,2026-08-31T10:30:00+00:00,2026-08-31T10:45:00+00:00,17.7,0.49,0.51,0.5,0.02,85.36,5.36,63
2026-08-31T10:28:19.748336+00:00,btc-updown-5m-1788171900,5,3998036,106581841452442105165603136556590748839613615423806684263975802925395218905582,2026-08-31T10:25:00+00:00,2026-08-31T10:30:00+00:00,1.68,0.5,0.51,0.505,0.01,50.0,50.0,21
2026-08-31T10:28:19.748336+00:00,btc-updown-5m-1788172200,5,3998056,68280846723357952783549909560498857477064583319994010868321737678427238853578,2026-08-31T10:30:00+00:00,2026-08-31T10:35:00+00:00,6.68,0.5,0.51,0.505,0.01,105.81,105.48,82
2026-08-31T10:28:19.748336+00:00,btc-updown-15m-1788171300,15,3998009,93452065793215794335440061353265737011381927110025960870715939014231985674640,2026-08-31T10:15:00+00:00,2026-08-31T10:30:00+00:00,1.68,0.5,0.51,0.505,0.01,50.0,50.0,12
2026-08-31T10:28:19.748336+00:00,btc-updown-15m-1788172200,15,3998052,90150209718848131013898399879742835482867576493234269677955902928870324581368,2026-08-31T10:30:00+00:00,2026-08-31T10:45:00+00:00,16.68,0.49,0.51,0.5,0.02,75.36,5.36,63
2026-08-31T10:29:20.861688+00:00,btc-updown-5m-1788171900,5,3998036,106581841452442105165603136556590748839613615423806684263975802925395218905582,2026-08-31T10:25:00+00:00,2026-08-31T10:30:00+00:00,0.67,0.5,0.51,0.505,0.01,50.0,50.0,16
2026-08-31T10:29:20.861688+00:00,btc-updown-5m-1788172200,5,3998056,68280846723357952783549909560498857477064583319994010868321737678427238853578,2026-08-31T10:30:00+00:00,2026-08-31T10:35:00+00:00,5.67,0.5,0.51,0.505,0.01,100.81,100.48,65
2026-08-31T10:29:20.861688+00:00,btc-updown-15m-1788171300,15,3998009,93452065793215794335440061353265737011381927110025960870715939014231985674640,2026-08-31T10:15:00+00:00,2026-08-31T10:30:00+00:00,0.67,0.5,0.51,0.505,0.01,50.0,50.0,12
2026-08-31T10:29:20.861688+00:00,btc-updown-15m-1788172200,15,3998052,90150209718848131013898399879742835482867576493234269677955902928870324581368,2026-08-31T10:30:00+00:00,2026-08-31T10:45:00+00:00,15.67,0.49,0.51,0.5,0.02,5.36,5.36,48
2026-08-31T10:30:22.037523+00:00,btc-updown-5m-1788172200,5,3998056,68280846723357952783549909560498857477064583319994010868321737678427238853578,2026-08-31T10:30:00+00:00,2026-08-31T10:35:00+00:00,4.63,0.47,0.53,0.5,0.06,30.0,30.0,54
2026-08-31T10:30:22.037523+00:00,btc-updown-5m-1788172500,5,3998099,16616060032233697119002406157855807714556886511683153984277710384131469250526,2026-08-31T10:35:00+00:00,2026-08-31T10:40:00+00:00,9.63,0.5,0.51,0.505,0.01,105.11,297.47,84
2026-08-31T10:30:22.037523+00:00,btc-updown-15m-1788172200,15,3998052,90150209718848131013898399879742835482867576493234269677955902928870324581368,2026-08-31T10:30:00+00:00,2026-08-31T10:45:00+00:00,14.63,0.11,0.89,0.5,0.78,10.9,10.9,22
2026-08-31T10:30:22.037523+00:00,btc-updown-15m-1788173100,15,3998125,11781004472740965154058261534859762412037064815963147046645398863639992331477,2026-08-31T10:45:00+00:00,2026-08-31T11:00:00+00:00,29.63,0.49,0.51,0.5,0.02,35.66,55.66,63
2026-08-31T10:31:23.156855+00:00,btc-updown-5m-1788172200,5,3998056,68280846723357952783549909560498857477064583319994010868321737678427238853578,2026-08-31T10:30:00+00:00,2026-08-31T10:35:00+00:00,3.62,0.47,0.53,0.5,0.06,30.0,30.0,22
2026-08-31T10:31:23.156855+00:00,btc-updown-5m-1788172500,5,3998099,16616060032233697119002406157855807714556886511683153984277710384131469250526,2026-08-31T10:35:00+00:00,2026-08-31T10:40:00+00:00,8.62,0.5,0.51,0.505,0.01,105.11,239.81,83
2026-08-31T10:31:23.156855+00:00,btc-updown-15m-1788172200,15,3998052,90150209718848131013898399879742835482867576493234269677955902928870324581368,2026-08-31T10:30:00+00:00,2026-08-31T10:45:00+00:00,13.62,0.11,0.89,0.5,0.78,10.9,10.9,22
2026-08-31T10:31:23.156855+00:00,btc-updown-15m-1788173100,15,3998125,11781004472740965154058261534859762412037064815963147046645398863639992331477,2026-08-31T10:45:00+00:00,2026-08-31T11:00:00+00:00,28.62,0.49,0.51,0.5,0.02,35.66,5.66,63
2026-08-31T10:32:24.380317+00:00,btc-updown-5m-1788172200,5,3998056,68280846723357952783549909560498857477064583319994010868321737678427238853578,2026-08-31T10:30:00+00:00,2026-08-31T10:35:00+00:00,2.6,0.47,0.53,0.5,0.06,30.0,30.0,21
2026-08-31T10:32:24.380317+00:00,btc-updown-5m-1788172500,5,3998099,16616060032233697119002406157855807714556886511683153984277710384131469250526,2026-08-31T10:35:00+00:00,2026-08-31T10:40:00+00:00,7.6,0.5,0.51,0.505,0.01,105.11,231.81,81
2026-08-31T10:32:24.380317+00:00,btc-updown-15m-1788172200,15,3998052,90150209718848131013898399879742835482867576493234269677955902928870324581368,2026-08-31T10:30:00+00:00,2026-08-31T10:45:00+00:00,12.6,0.05,0.95,0.5,0.9,5.0,5.0,10
2026-08-31T10:32:24.380317+00:00,btc-updown-15m-1788173100,15,3998125,11781004472740965154058261534859762412037064815963147046645398863639992331477,2026-08-31T10:45:00+00:00,2026-08-31T11:00:00+00:00,27.6,0.49,0.51,0.5,0.02,35.66,5.66,63
2026-08-31T10:33:25.503579+00:00,btc-updown-5m-1788172200,5,3998056,68280846723357952783549909560498857477064583319994010868321737678427238853578,2026-08-31T10:30:00+00:00,2026-08-31T10:35:00+00:00,1.58,0.46,0.54,0.5,0.08,15.0,15.0,19
2026-08-31T10:33:25.503579+00:00,btc-updown-5m-1788172500,5,3998099,16616060032233697119002406157855807714556886511683153984277710384131469250526,2026-08-31T10:35:00+00:00,2026-08-31T10:40:00+00:00,6.58,0.5,0.51,0.505,0.01,105.11,221.81,81
2026-08-31T10:33:25.503579+00:00,btc-updown-15m-1788172200,15,3998052,90150209718848131013898399879742835482867576493234269677955902928870324581368,2026-08-31T10:30:00+00:00,2026-08-31T10:45:00+00:00,11.58,0.05,0.95,0.5,0.9,5.0,5.0,10
2026-08-31T10:33:25.503579+00:00,btc-updown-15m-1788173100,15,3998125,11781004472740965154058261534859762412037064815963147046645398863639992331477,2026-08-31T10:45:00+00:00,2026-08-31T11:00:00+00:00,26.58,0.49,0.51,0.5,0.02,35.66,5.66,63
2026-08-31T10:34:26.712013+00:00,btc-updown-5m-1788172200,5,3998056,68280846723357952783549909560498857477064583319994010868321737678427238853578,2026-08-31T10:30:00+00:00,2026-08-31T10:35:00+00:00,0.57,0.1,0.9,0.5,0.8,10.0,10.0,14
2026-08-31T10:34:26.712013+00:00,btc-updown-5m-1788172500,5,3998099,16616060032233697119002406157855807714556886511683153984277710384131469250526,2026-08-31T10:35:00+00:00,2026-08-31T10:40:00+00:00,5.57,0.5,0.51,0.505,0.01,100.11,216.81,66
2026-08-31T10:34:26.712013+00:00,btc-updown-15m-1788172200,15,3998052,90150209718848131013898399879742835482867576493234269677955902928870324581368,2026-08-31T10:30:00+00:00,2026-08-31T10:45:00+00:00,10.57,0.05,0.95,0.5,0.9,5.0,5.0,10
2026-08-31T10:34:26.712013+00:00,btc-updown-15m-1788173100,15,3998125,11781004472740965154058261534859762412037064815963147046645398863639992331477,2026-08-31T10:45:00+00:00,2026-08-31T11:00:00+00:00,25.57,0.49,0.51,0.5,0.02,35.66,5.66,62
2026-08-31T10:35:27.880564+00:00,btc-updown-5m-1788172500,5,3998099,16616060032233697119002406157855807714556886511683153984277710384131469250526,2026-08-31T10:35:00+00:00,2026-08-31T10:40:00+00:00,4.55,0.47,0.53,0.5,0.06,30.0,30.0,54
2026-08-31T10:35:27.880564+00:00,btc-updown-5m-1788172800,5,3998105,90472401703386503399313758325256395757081167221805207227289176339362927113907,2026-08-31T10:40:00+00:00,2026-08-31T10:45:00+00:00,9.55,0.5,0.51,0.505,0.01,105.15,301.46,83
2026-08-31T10:35:27.880564+00:00,btc-updown-15m-1788172200,15,3998052,90150209718848131013898399879742835482867576493234269677955902928870324581368,2026-08-31T10:30:00+00:00,2026-08-31T10:45:00+00:00,9.55,0.05,0.95,0.5,0.9,5.0,5.0,10
2026-08-31T10:35:27.880564+00:00,btc-updown-15m-1788173100,15,3998125,11781004472740965154058261534859762412037064815963147046645398863639992331477,2026-08-31T10:45:00+00:00,2026-08-31T11:00:00+00:00,24.55,0.49,0.51,0.5,0.02,35.66,5.66,62
2026-08-31T10:36:29.052424+00:00,btc-updown-5m-1788172500,5,3998099,16616060032233697119002406157855807714556886511683153984277710384131469250526,2026-08-31T10:35:00+00:00,2026-08-31T10:40:00+00:00,3.52,0.47,0.53,0.5,0.06,30.0,30.0,21
2026-08-31T10:36:29.052424+00:00,btc-updown-5m-1788172800,5,3998105,90472401703386503399313758325256395757081167221805207227289176339362927113907,2026-08-31T10:40:00+00:00,2026-08-31T10:45:00+00:00,8.52,0.5,0.51,0.505,0.01,105.15,243.77,83
2026-08-31T10:36:29.052424+00:00,btc-updown-15m-1788172200,15,3998052,90150209718848131013898399879742835482867576493234269677955902928870324581368,2026-08-31T10:30:00+00:00,2026-08-31T10:45:00+00:00,8.52,0.05,0.95,0.5,0.9,5.0,5.0,10
2026-08-31T10:36:29.052424+00:00,btc-updown-15m-1788173100,15,3998125,11781004472740965154058261534859762412037064815963147046645398863639992331477,2026-08-31T10:45:00+00:00,2026-08-31T11:00:00+00:00,23.52,0.49,0.51,0.5,0.02,35.66,5.66,62
2026-08-31T10:37:30.376478+00:00,btc-updown-5m-1788172500,5,3998099,16616060032233697119002406157855807714556886511683153984277710384131469250526,2026-08-31T10:35:00+00:00,2026-08-31T10:40:00+00:00,2.5,0.47,0.53,0.5,0.06,30.0,30.0,21
2026-08-31T10:37:30.376478+00:00,btc-updown-5m-1788172800,5,3998105,90472401703386503399313758325256395757081167221805207227289176339362927113907,2026-08-31T10:40:00+00:00,2026-08-31T10:45:00+00:00,7.5,0.5,0.51,0.505,0.01,105.15,235.77,81
2026-08-31T10:37:30.376478+00:00,btc-updown-15m-1788172200,15,3998052,90150209718848131013898399879742835482867576493234269677955902928870324581368,2026-08-31T10:30:00+00:00,2026-08-31T10:45:00+00:00,7.5,0.05,0.95,0.5,0.9,5.0,5.0,10
2026-08-31T10:37:30.376478+00:00,btc-updown-15m-1788173100,15,3998125,11781004472740965154058261534859762412037064815963147046645398863639992331477,2026-08-31T10:45:00+00:00,2026-08-31T11:00:00+00:00,22.5,0.49,0.51,0.5,0.02,25.66,5.66,62
2026-08-31T10:38:31.510511+00:00,btc-updown-5m-1788172500,5,3998099,16616060032233697119002406157855807714556886511683153984277710384131469250526,2026-08-31T10:35:00+00:00,2026-08-31T10:40:00+00:00,1.48,0.46,0.54,0.5,0.08,15.0,15.0,19
2026-08-31T10:38:31.510511+00:00,btc-updown-5m-1788172800,5,3998105,90472401703386503399313758325256395757081167221805207227289176339362927113907,2026-08-31T10:40:00+00:00,2026-08-31T10:45:00+00:00,6.48,0.5,0.51,0.505,0.01,105.15,225.77,81
2026-08-31T10:38:31.510511+00:00,btc-updown-15m-1788172200,15,3998052,90150209718848131013898399879742835482867576493234269677955902928870324581368,2026-08-31T10:30:00+00:00,2026-08-31T10:45:00+00:00,6.48,0.05,0.95,0.5,0.9,5.0,5.0,10
2026-08-31T10:38:31.510511+00:00,btc-updown-15m-1788173100,15,3998125,11781004472740965154058261534859762412037064815963147046645398863639992331477,2026-08-31T10:45:00+00:00,2026-08-31T11:00:00+00:00,21.48,0.49,0.51,0.5,0.02,5.66,5.66,62
2026-08-31T10:39:32.624479+00:00,btc-updown-5m-1788172500,5,3998099,16616060032233697119002406157855807714556886511683153984277710384131469250526,2026-08-31T10:35:00+00:00,2026-08-31T10:40:00+00:00,0.47,0.1,0.9,0.5,0.8,10.0,10.0,14
2026-08-31T10:39:32.624479+00:00,btc-updown-5m-1788172800,5,3998105,90472401703386503399313758325256395757081167221805207227289176339362927113907,2026-08-31T10:40:00+00:00,2026-08-31T10:45:00+00:00,5.47,0.5,0.51,0.505,0.01,100.15,220.77,65
2026-08-31T10:39:32.624479+00:00,btc-updown-15m-1788172200,15,3998052,90150209718848131013898399879742835482867576493234269677955902928870324581368,2026-08-31T10:30:00+00:00,2026-08-31T10:45:00+00:00,5.47,0.05,0.95,0.5,0.9,5.0,5.0,10
2026-08-31T10:39:32.624479+00:00,btc-updown-15m-1788173100,15,3998125,11781004472740965154058261534859762412037064815963147046645398863639992331477,2026-08-31T10:45:00+00:00,2026-08-31T11:00:00+00:00,20.47,0.49,0.51,0.5,0.02,5.66,5.66,62
2026-08-31T10:40:33.785855+00:00,btc-updown-5m-1788172800,5,3998105,90472401703386503399313758325256395757081167221805207227289176339362927113907,2026-08-31T10:40:00+00:00,2026-08-31T10:45:00+00:00,4.45,0.47,0.53,0.5,0.06,30.0,30.0,54
2026-08-31T10:40:33.785855+00:00,btc-updown-5m-1788173100,5,3998128,23673348249737333570522836138486449729093693732409416115300882641504180940945,2026-08-31T10:45:00+00:00,2026-08-31T10:50:00+00:00,9.45,0.5,0.51,0.505,0.01,105.59,339.65,79
2026-08-31T10:40:33.785855+00:00,btc-updown-15m-1788172200,15,3998052,90150209718848131013898399879742835482867576493234269677955902928870324581368,2026-08-31T10:30:00+00:00,2026-08-31T10:45:00+00:00,4.45,0.05,0.95,0.5,0.9,5.0,5.0,10
2026-08-31T10:40:33.785855+00:00,btc-updown-15m-1788173100,15,3998125,11781004472740965154058261534859762412037064815963147046645398863639992331477,2026-08-31T10:45:00+00:00,2026-08-31T11:00:00+00:00,19.45,0.49,0.51,0.5,0.02,5.66,5.66,62
2026-08-31T10:41:34.941416+00:00,btc-updown-5m-1788172800,5,3998105,90472401703386503399313758325256395757081167221805207227289176339362927113907,2026-08-31T10:40:00+00:00,2026-08-31T10:45:00+00:00,3.43,0.11,0.12,0.115,0.01,117.0,93.0,99
2026-08-31T10:41:34.941416+00:00,btc-updown-5m-1788173100,5,3998128,23673348249737333570522836138486449729093693732409416115300882641504180940945,2026-08-31T10:45:00+00:00,2026-08-31T10:50:00+00:00,8.43,0.5,0.51,0.505,0.01,54.94,301.01,98
2026-08-31T10:41:34.941416+00:00,btc-updown-15m-1788172200,15,3998052,90150209718848131013898399879742835482867576493234269677955902928870324581368,2026-08-31T10:30:00+00:00,2026-08-31T10:45:00+00:00,3.43,0.82,0.83,0.825,0.01,32.0,10.0,99
2026-08-31T10:41:34.941416+00:00,btc-updown-15m-1788173100,15,3998125,11781004472740965154058261534859762412037064815963147046645398863639992331477,2026-08-31T10:45:00+00:00,2026-08-31T11:00:00+00:00,18.43,0.48,0.49,0.485,0.01,107.58,55.0,82
2026-08-31T10:42:36.121961+00:00,btc-updown-5m-1788172800,5,3998105,90472401703386503399313758325256395757081167221805207227289176339362927113907,2026-08-31T10:40:00+00:00,2026-08-31T10:45:00+00:00,2.4,0.12,0.13,0.125,0.01,255.53,31.92,99
2026-08-31T10:42:36.121961+00:00,btc-updown-5m-1788173100,5,3998128,23673348249737333570522836138486449729093693732409416115300882641504180940945,2026-08-31T10:45:00+00:00,2026-08-31T10:50:00+00:00,7.4,0.5,0.51,0.505,0.01,34.57,243.04,99
2026-08-31T10:42:36.121961+00:00,btc-updown-15m-1788172200,15,3998052,90150209718848131013898399879742835482867576493234269677955902928870324581368,2026-08-31T10:30:00+00:00,2026-08-31T10:45:00+00:00,2.4,0.93,0.94,0.935,0.01,170.14,36.27,99
2026-08-31T10:42:36.121961+00:00,btc-updown-15m-1788173100,15,3998125,11781004472740965154058261534859762412037064815963147046645398863639992331477,2026-08-31T10:45:00+00:00,2026-08-31T11:00:00+00:00,17.4,0.48,0.49,0.485,0.01,315.91,60.0,82
2026-08-31T10:43:37.301146+00:00,btc-updown-5m-1788172800,5,3998105,90472401703386503399313758325256395757081167221805207227289176339362927113907,2026-08-31T10:40:00+00:00,2026-08-31T10:45:00+00:00,1.38,0.08,0.09,0.085,0.01,57.26,102.0,99
2026-08-31T10:43:37.301146+00:00,btc-updown-5m-1788173100,5,3998128,23673348249737333570522836138486449729093693732409416115300882641504180940945,2026-08-31T10:45:00+00:00,2026-08-31T10:50:00+00:00,6.38,0.5,0.51,0.505,0.01,38.43,342.01,99
2026-08-31T10:43:37.301146+00:00,btc-updown-15m-1788173100,15,3998125,11781004472740965154058261534859762412037064815963147046645398863639992331477,2026-08-31T10:45:00+00:00,2026-08-31T11:00:00+00:00,16.38,0.48,0.49,0.485,0.01,313.98,10.0,82
2026-08-31T10:44:38.350865+00:00,btc-updown-5m-1788172800,5,3998105,90472401703386503399313758325256395757081167221805207227289176339362927113907,2026-08-31T10:40:00+00:00,2026-08-31T10:45:00+00:00,0.37,0.62,0.82,0.72,0.2,8.0,0.07,54
2026-08-31T10:44:38.350865+00:00,btc-updown-5m-1788173100,5,3998128,23673348249737333570522836138486449729093693732409416115300882641504180940945,2026-08-31T10:45:00+00:00,2026-08-31T10:50:00+00:00,5.37,0.54,0.57,0.555,0.03,61.0,178.0,96
2026-08-31T10:44:38.350865+00:00,btc-updown-15m-1788173100,15,3998125,11781004472740965154058261534859762412037064815963147046645398863639992331477,2026-08-31T10:45:00+00:00,2026-08-31T11:00:00+00:00,15.37,0.48,0.49,0.485,0.01,401.36,67.75,83
2026-08-31T10:45:39.423328+00:00,btc-updown-5m-1788173100,5,3998128,23673348249737333570522836138486449729093693732409416115300882641504180940945,2026-08-31T10:45:00+00:00,2026-08-31T10:50:00+00:00,4.35,0.32,0.33,0.325,0.01,57.0,33.87,99
2026-08-31T10:45:39.423328+00:00,btc-updown-5m-1788173400,5,3998137,4535953775793063995726033432311302619241331101082037653754091353922287724477,2026-08-31T10:50:00+00:00,2026-08-31T10:55:00+00:00,9.35,0.49,0.5,0.495,0.01,235.24,575.0,99
2026-08-31T10:45:39.423328+00:00,btc-updown-15m-1788173100,15,3998125,11781004472740965154058261534859762412037064815963147046645398863639992331477,2026-08-31T10:45:00+00:00,2026-08-31T11:00:00+00:00,14.35,0.4,0.41,0.405,0.01,75.4,10.24,99
2026-08-31T10:45:39.423328+00:00,btc-updown-15m-1788174000,15,3998517,110923085749010520553927305006809238414731362214849032553377176048782639886064,2026-08-31T11:00:00+00:00,2026-08-31T11:15:00+00:00,29.35,0.49,0.5,0.495,0.01,269.69,632.0,76
2026-08-31T10:46:40.605451+00:00,btc-updown-5m-1788173100,5,3998128,23673348249737333570522836138486449729093693732409416115300882641504180940945,2026-08-31T10:45:00+00:00,2026-08-31T10:50:00+00:00,3.33,0.53,0.54,0.535,0.01,167.87,26.89,99
2026-08-31T10:46:40.605451+00:00,btc-updown-5m-1788173400,5,3998137,4535953775793063995726033432311302619241331101082037653754091353922287724477,2026-08-31T10:50:00+00:00,2026-08-31T10:55:00+00:00,8.33,0.49,0.5,0.495,0.01,189.12,580.0,99
2026-08-31T10:46:40.605451+00:00,btc-updown-15m-1788173100,15,3998125,11781004472740965154058261534859762412037064815963147046645398863639992331477,2026-08-31T10:45:00+00:00,2026-08-31T11:00:00+00:00,13.33,0.49,0.5,0.495,0.01,56.0,248.98,99
2026-08-31T10:46:40.605451+00:00,btc-updown-15m-1788174000,15,3998517,110923085749010520553927305006809238414731362214849032553377176048782639886064,2026-08-31T11:00:00+00:00,2026-08-31T11:15:00+00:00,28.33,0.49,0.5,0.495,0.01,269.69,432.0,76
2026-08-31T10:47:41.780129+00:00,btc-updown-5m-1788173100,5,3998128,23673348249737333570522836138486449729093693732409416115300882641504180940945,2026-08-31T10:45:00+00:00,2026-08-31T10:50:00+00:00,2.32,0.68,0.69,0.685,0.01,170.17,22.5,99
2026-08-31T10:47:41.780129+00:00,btc-updown-5m-1788173400,5,3998137,4535953775793063995726033432311302619241331101082037653754091353922287724477,2026-08-31T10:50:00+00:00,2026-08-31T10:55:00+00:00,7.32,0.49,0.5,0.495,0.01,201.12,580.0,99
2026-08-31T10:47:41.780129+00:00,btc-updown-15m-1788173100,15,3998125,11781004472740965154058261534859762412037064815963147046645398863639992331477,2026-08-31T10:45:00+00:00,2026-08-31T11:00:00+00:00,12.32,0.56,0.57,0.565,0.01,60.0,40.0,99
2026-08-31T10:47:41.780129+00:00,btc-updown-15m-1788174000,15,3998517,110923085749010520553927305006809238414731362214849032553377176048782639886064,2026-08-31T11:00:00+00:00,2026-08-31T11:15:00+00:00,27.32,0.49,0.5,0.495,0.01,269.69,512.0,77
2026-08-31T10:48:42.934433+00:00,btc-updown-5m-1788173100,5,3998128,23673348249737333570522836138486449729093693732409416115300882641504180940945,2026-08-31T10:45:00+00:00,2026-08-31T10:50:00+00:00,1.3,0.79,0.8,0.795,0.01,130.0,3.75,97
2026-08-31T10:48:42.934433+00:00,btc-updown-5m-1788173400,5,3998137,4535953775793063995726033432311302619241331101082037653754091353922287724477,2026-08-31T10:50:00+00:00,2026-08-31T10:55:00+00:00,6.3,0.49,0.5,0.495,0.01,204.15,59.73,99
2026-08-31T10:48:42.934433+00:00,btc-updown-15m-1788173100,15,3998125,11781004472740965154058261534859762412037064815963147046645398863639992331477,2026-08-31T10:45:00+00:00,2026-08-31T11:00:00+00:00,11.3,0.56,0.57,0.565,0.01,68.0,50.0,99
2026-08-31T10:48:42.934433+00:00,btc-updown-15m-1788174000,15,3998517,110923085749010520553927305006809238414731362214849032553377176048782639886064,2026-08-31T11:00:00+00:00,2026-08-31T11:15:00+00:00,26.3,0.49,0.5,0.495,0.01,269.69,712.0,77
2026-08-31T10:49:44.076662+00:00,btc-updown-5m-1788173100,5,3998128,23673348249737333570522836138486449729093693732409416115300882641504180940945,2026-08-31T10:45:00+00:00,2026-08-31T10:50:00+00:00,0.27,0.98,0.99,0.985,0.01,5.0,7.0,92
2026-08-31T10:49:44.076662+00:00,btc-updown-5m-1788173400,5,3998137,4535953775793063995726033432311302619241331101082037653754091353922287724477,2026-08-31T10:50:00+00:00,2026-08-31T10:55:00+00:00,5.27,0.4,0.41,0.405,0.01,116.48,176.7,98
2026-08-31T10:49:44.076662+00:00,btc-updown-15m-1788173100,15,3998125,11781004472740965154058261534859762412037064815963147046645398863639992331477,2026-08-31T10:45:00+00:00,2026-08-31T11:00:00+00:00,10.27,0.4,0.41,0.405,0.01,25.0,9.55,99
2026-08-31T10:49:44.076662+00:00,btc-updown-15m-1788174000,15,3998517,110923085749010520553927305006809238414731362214849032553377176048782639886064,2026-08-31T11:00:00+00:00,2026-08-31T11:15:00+00:00,25.27,0.49,0.5,0.495,0.01,269.69,532.0,81
2026-08-31T10:50:45.266036+00:00,btc-updown-5m-1788173400,5,3998137,4535953775793063995726033432311302619241331101082037653754091353922287724477,2026-08-31T10:50:00+00:00,2026-08-31T10:55:00+00:00,4.25,0.47,0.48,0.475,0.01,201.0,175.0,99
2026-08-31T10:50:45.266036+00:00,btc-updown-5m-1788173700,5,3998481,91208762995327530601863951422439792945030920879516310188013850431959432022830,2026-08-31T10:55:00+00:00,2026-08-31T11:00:00+00:00,9.25,0.5,0.51,0.505,0.01,102.59,325.13,99
2026-08-31T10:50:45.266036+00:00,btc-updown-15m-1788173100,15,3998125,11781004472740965154058261534859762412037064815963147046645398863639992331477,2026-08-31T10:45:00+00:00,2026-08-31T11:00:00+00:00,9.25,0.51,0.52,0.515,0.01,66.4,115.0,99
2026-08-31T10:50:45.266036+00:00,btc-updown-15m-1788174000,15,3998517,110923085749010520553927305006809238414731362214849032553377176048782639886064,2026-08-31T11:00:00+00:00,2026-08-31T11:15:00+00:00,24.25,0.49,0.5,0.495,0.01,269.69,632.0,80
2026-08-31T10:51:46.396703+00:00,btc-updown-5m-1788173400,5,3998137,4535953775793063995726033432311302619241331101082037653754091353922287724477,2026-08-31T10:50:00+00:00,2026-08-31T10:55:00+00:00,3.23,0.72,0.73,0.725,0.01,199.68,60.0,99
2026-08-31T10:51:46.396703+00:00,btc-updown-5m-1788173700,5,3998481,91208762995327530601863951422439792945030920879516310188013850431959432022830,2026-08-31T10:55:00+00:00,2026-08-31T11:00:00+00:00,8.23,0.5,0.51,0.505,0.01,102.59,315.13,99
2026-08-31T10:51:46.396703+00:00,btc-updown-15m-1788173100,15,3998125,11781004472740965154058261534859762412037064815963147046645398863639992331477,2026-08-31T10:45:00+00:00,2026-08-31T11:00:00+00:00,8.23,0.64,0.66,0.65,0.02,11.6,15.0,98
2026-08-31T10:51:46.396703+00:00,btc-updown-15m-1788174000,15,3998517,110923085749010520553927305006809238414731362214849032553377176048782639886064,2026-08-31T11:00:00+00:00,2026-08-31T11:15:00+00:00,23.23,0.49,0.5,0.495,0.01,269.69,807.0,80
2026-08-31T10:52:47.567174+00:00,btc-updown-5m-1788173400,5,3998137,4535953775793063995726033432311302619241331101082037653754091353922287724477,2026-08-31T10:50:00+00:00,2026-08-31T10:55:00+00:00,2.22,0.98,0.99,0.985,0.01,69.67,6440.06,99
2026-08-31T10:52:47.567174+00:00,btc-updown-5m-1788173700,5,3998481,91208762995327530601863951422439792945030920879516310188013850431959432022830,2026-08-31T10:55:00+00:00,2026-08-31T11:00:00+00:00,7.22,0.5,0.51,0.505,0.01,97.59,449.13,99
2026-08-31T10:52:47.567174+00:00,btc-updown-15m-1788173100,15,3998125,11781004472740965154058261534859762412037064815963147046645398863639992331477,2026-08-31T10:45:00+00:00,2026-08-31T11:00:00+00:00,7.22,0.87,0.88,0.875,0.01,49.06,120.34,99
2026-08-31T10:52:47.567174+00:00,btc-updown-15m-1788174000,15,3998517,110923085749010520553927305006809238414731362214849032553377176048782639886064,2026-08-31T11:00:00+00:00,2026-08-31T11:15:00+00:00,22.22,0.49,0.5,0.495,0.01,219.69,1017.0,79
2026-08-31T10:53:48.732298+00:00,btc-updown-5m-1788173700,5,3998481,91208762995327530601863951422439792945030920879516310188013850431959432022830,2026-08-31T10:55:00+00:00,2026-08-31T11:00:00+00:00,6.2,0.49,0.5,0.495,0.01,1.22,586.86,99
2026-08-31T10:53:48.732298+00:00,btc-updown-15m-1788173100,15,3998125,11781004472740965154058261534859762412037064815963147046645398863639992331477,2026-08-31T10:45:00+00:00,2026-08-31T11:00:00+00:00,6.2,0.95,0.96,0.955,0.01,77.4,195.32,99
2026-08-31T10:53:48.732298+00:00,btc-updown-15m-1788174000,15,3998517,110923085749010520553927305006809238414731362214849032553377176048782639886064,2026-08-31T11:00:00+00:00,2026-08-31T11:15:00+00:00,21.2,0.49,0.5,0.495,0.01,10.0,780.0,79
2026-08-31T10:54:49.789435+00:00,btc-updown-5m-1788173700,5,3998481,91208762995327530601863951422439792945030920879516310188013850431959432022830,2026-08-31T10:55:00+00:00,2026-08-31T11:00:00+00:00,5.18,0.43,0.45,0.44,0.02,20.0,82.0,98
2026-08-31T10:54:49.789435+00:00,btc-updown-15m-1788173100,15,3998125,11781004472740965154058261534859762412037064815963147046645398863639992331477,2026-08-31T10:45:00+00:00,2026-08-31T11:00:00+00:00,5.18,0.96,0.97,0.965,0.01,50.0,135.82,99
2026-08-31T10:54:49.789435+00:00,btc-updown-15m-1788174000,15,3998517,110923085749010520553927305006809238414731362214849032553377176048782639886064,2026-08-31T11:00:00+00:00,2026-08-31T11:15:00+00:00,20.18,0.49,0.5,0.495,0.01,210.0,853.0,79
2026-08-31T10:55:50.827048+00:00,btc-updown-5m-1788173700,5,3998481,91208762995327530601863951422439792945030920879516310188013850431959432022830,2026-08-31T10:55:00+00:00,2026-08-31T11:00:00+00:00,4.17,0.58,0.59,0.585,0.01,280.06,117.05,99
2026-08-31T10:55:50.827048+00:00,btc-updown-5m-1788174000,5,3998503,9268168069092930137560684181796268816080509154807782607620687857284866093823,2026-08-31T11:00:00+00:00,2026-08-31T11:05:00+00:00,9.17,0.48,0.49,0.485,0.01,246.25,621.78,99
2026-08-31T10:55:50.827048+00:00,btc-updown-15m-1788174000,15,3998517,110923085749010520553927305006809238414731362214849032553377176048782639886064,2026-08-31T11:00:00+00:00,2026-08-31T11:15:00+00:00,19.17,0.48,0.49,0.485,0.01,278.06,520.08,85
2026-08-31T10:56:51.870064+00:00,btc-updown-5m-1788173700,5,3998481,91208762995327530601863951422439792945030920879516310188013850431959432022830,2026-08-31T10:55:00+00:00,2026-08-31T11:00:00+00:00,3.15,0.36,0.37,0.365,0.01,350.43,54.75,99
2026-08-31T10:56:51.870064+00:00,btc-updown-5m-1788174000,5,3998503,9268168069092930137560684181796268816080509154807782607620687857284866093823,2026-08-31T11:00:00+00:00,2026-08-31T11:05:00+00:00,8.15,0.48,0.49,0.485,0.01,222.98,472.6,99
2026-08-31T10:56:51.870064+00:00,btc-updown-15m-1788173100,15,3998125,11781004472740965154058261534859762412037064815963147046645398863639992331477,2026-08-31T10:45:00+00:00,2026-08-31T11:00:00+00:00,3.15,0.98,0.99,0.985,0.01,253.07,191.58,103
2026-08-31T10:56:51.870064+00:00,btc-updown-15m-1788174000,15,3998517,110923085749010520553927305006809238414731362214849032553377176048782639886064,2026-08-31T11:00:00+00:00,2026-08-31T11:15:00+00:00,18.15,0.48,0.49,0.485,0.01,266.29,599.05,86
2026-08-31T10:57:53.093034+00:00,btc-updown-5m-1788173700,5,3998481,91208762995327530601863951422439792945030920879516310188013850431959432022830,2026-08-31T10:55:00+00:00,2026-08-31T11:00:00+00:00,2.12,0.69,0.7,0.695,0.01,211.0,91.5,99
2026-08-31T10:57:53.093034+00:00,btc-updown-5m-1788174000,5,3998503,9268168069092930137560684181796268816080509154807782607620687857284866093823,2026-08-31T11:00:00+00:00,2026-08-31T11:05:00+00:00,7.12,0.48,0.49,0.485,0.01,242.98,472.6,99
2026-08-31T10:57:53.093034+00:00,btc-updown-15m-1788174000,15,3998517,110923085749010520553927305006809238414731362214849032553377176048782639886064,2026-08-31T11:00:00+00:00,2026-08-31T11:15:00+00:00,17.12,0.48,0.49,0.485,0.01,266.29,590.0,86
2026-08-31T10:58:54.124602+00:00,btc-updown-5m-1788173700,5,3998481,91208762995327530601863951422439792945030920879516310188013850431959432022830,2026-08-31T10:55:00+00:00,2026-08-31T11:00:00+00:00,1.1,0.9,0.93,0.915,0.03,75.0,0.23,96
2026-08-31T10:58:54.124602+00:00,btc-updown-5m-1788174000,5,3998503,9268168069092930137560684181796268816080509154807782607620687857284866093823,2026-08-31T11:00:00+00:00,2026-08-31T11:05:00+00:00,6.1,0.48,0.49,0.485,0.01,265.86,276.31,99
2026-08-31T10:58:54.124602+00:00,btc-updown-15m-1788174000,15,3998517,110923085749010520553927305006809238414731362214849032553377176048782639886064,2026-08-31T11:00:00+00:00,2026-08-31T11:15:00+00:00,16.1,0.47,0.48,0.475,0.01,477.77,392.31,89
2026-08-31T10:59:55.308253+00:00,btc-updown-5m-1788174000,5,3998503,9268168069092930137560684181796268816080509154807782607620687857284866093823,2026-08-31T11:00:00+00:00,2026-08-31T11:05:00+00:00,5.08,0.58,0.59,0.585,0.01,168.0,196.52,96
2026-08-31T10:59:55.308253+00:00,btc-updown-15m-1788174000,15,3998517,110923085749010520553927305006809238414731362214849032553377176048782639886064,2026-08-31T11:00:00+00:00,2026-08-31T11:15:00+00:00,15.08,0.46,0.47,0.465,0.01,303.39,124.85,89
2026-08-31T11:00:56.235710+00:00,btc-updown-5m-1788174000,5,3998503,9268168069092930137560684181796268816080509154807782607620687857284866093823,2026-08-31T11:00:00+00:00,2026-08-31T11:05:00+00:00,4.07,0.25,0.26,0.255,0.01,150.0,190.0,98
2026-08-31T11:00:56.235710+00:00,btc-updown-5m-1788174300,5,3998543,56871801204049599632054657670141223284957798501482696669102951641232816375674,2026-08-31T11:05:00+00:00,2026-08-31T11:10:00+00:00,9.07,0.49,0.5,0.495,0.01,392.57,773.81,99
2026-08-31T11:00:56.235710+00:00,btc-updown-15m-1788174000,15,3998517,110923085749010520553927305006809238414731362214849032553377176048782639886064,2026-08-31T11:00:00+00:00,2026-08-31T11:15:00+00:00,14.07,0.36,0.37,0.365,0.01,5.0,272.0,99
2026-08-31T11:00:56.235710+00:00,btc-updown-15m-1788174900,15,3998886,108358165167839204339068319086881687933431725887812863750762678632029776927770,2026-08-31T11:15:00+00:00,2026-08-31T11:30:00+00:00,29.07,0.48,0.49,0.485,0.01,560.5,301.83,93
2026-08-31T11:01:57.406664+00:00,btc-updown-5m-1788174000,5,3998503,9268168069092930137560684181796268816080509154807782607620687857284866093823,2026-08-31T11:00:00+00:00,2026-08-31T11:05:00+00:00,3.05,0.26,0.27,0.265,0.01,202.67,86.22,99
2026-08-31T11:01:57.406664+00:00,btc-updown-5m-1788174300,5,3998543,56871801204049599632054657670141223284957798501482696669102951641232816375674,2026-08-31T11:05:00+00:00,2026-08-31T11:10:00+00:00,8.05,0.49,0.5,0.495,0.01,392.57,778.81,99
2026-08-31T11:01:57.406664+00:00,btc-updown-15m-1788174000,15,3998517,110923085749010520553927305006809238414731362214849032553377176048782639886064,2026-08-31T11:00:00+00:00,2026-08-31T11:15:00+00:00,13.05,0.39,0.4,0.395,0.01,180.0,142.0,99
2026-08-31T11:01:57.406664+00:00,btc-updown-15m-1788174900,15,3998886,108358165167839204339068319086881687933431725887812863750762678632029776927770,2026-08-31T11:15:00+00:00,2026-08-31T11:30:00+00:00,28.05,0.48,0.49,0.485,0.01,560.5,113.83,93
2026-08-31T11:02:58.728212+00:00,btc-updown-5m-1788174000,5,3998503,9268168069092930137560684181796268816080509154807782607620687857284866093823,2026-08-31T11:00:00+00:00,2026-08-31T11:05:00+00:00,2.03,0.12,0.13,0.125,0.01,115.29,190.54,99
2026-08-31T11:02:58.728212+00:00,btc-updown-5m-1788174300,5,3998543,56871801204049599632054657670141223284957798501482696669102951641232816375674,2026-08-31T11:05:00+00:00,2026-08-31T11:10:00+00:00,7.03,0.49,0.5,0.495,0.01,384.48,773.55,99
2026-08-31T11:02:58.728212+00:00,btc-updown-15m-1788174000,15,3998517,110923085749010520553927305006809238414731362214849032553377176048782639886064,2026-08-31T11:00:00+00:00,2026-08-31T11:15:00+00:00,12.03,0.37,0.38,0.375,0.01,128.37,292.0,99
2026-08-31T11:02:58.728212+00:00,btc-updown-15m-1788174900,15,3998886,108358165167839204339068319086881687933431725887812863750762678632029776927770,2026-08-31T11:15:00+00:00,2026-08-31T11:30:00+00:00,27.03,0.48,0.49,0.485,0.01,760.5,113.83,93
2026-08-31T11:03:59.865206+00:00,btc-updown-5m-1788174300,5,3998543,56871801204049599632054657670141223284957798501482696669102951641232816375674,2026-08-31T11:05:00+00:00,2026-08-31T11:10:00+00:00,6.02,0.49,0.5,0.495,0.01,80.97,230.56,99
2026-08-31T11:03:59.865206+00:00,btc-updown-15m-1788174000,15,3998517,110923085749010520553927305006809238414731362214849032553377176048782639886064,2026-08-31T11:00:00+00:00,2026-08-31T11:15:00+00:00,11.02,0.23,0.24,0.235,0.01,5.0,230.0,99
2026-08-31T11:03:59.865206+00:00,btc-updown-15m-1788174900,15,3998886,108358165167839204339068319086881687933431725887812863750762678632029776927770,2026-08-31T11:15:00+00:00,2026-08-31T11:30:00+00:00,26.02,0.48,0.49,0.485,0.01,402.17,309.91,93
2026-08-31T11:05:00.964951+00:00,btc-updown-5m-1788174300,5,3998543,56871801204049599632054657670141223284957798501482696669102951641232816375674,2026-08-31T11:05:00+00:00,2026-08-31T11:10:00+00:00,5.0,0.45,0.46,0.455,0.01,45.55,83.95,99
2026-08-31T11:05:00.964951+00:00,btc-updown-5m-1788174600,5,3998875,26212263929151341458687452100011503527441212948464120457381934473442833991253,2026-08-31T11:10:00+00:00,2026-08-31T11:15:00+00:00,10.0,0.49,0.5,0.495,0.01,263.84,506.49,99
2026-08-31T11:05:00.964951+00:00,btc-updown-15m-1788174000,15,3998517,110923085749010520553927305006809238414731362214849032553377176048782639886064,2026-08-31T11:00:00+00:00,2026-08-31T11:15:00+00:00,10.0,0.17,0.18,0.175,0.01,125.0,105.0,99
2026-08-31T11:05:00.964951+00:00,btc-updown-15m-1788174900,15,3998886,108358165167839204339068319086881687933431725887812863750762678632029776927770,2026-08-31T11:15:00+00:00,2026-08-31T11:30:00+00:00,25.0,0.48,0.49,0.485,0.01,402.17,269.91,99
2026-08-31T11:06:02.234466+00:00,btc-updown-5m-1788174300,5,3998543,56871801204049599632054657670141223284957798501482696669102951641232816375674,2026-08-31T11:05:00+00:00,2026-08-31T11:10:00+00:00,3.97,0.26,0.27,0.265,0.01,112.43,134.22,99
2026-08-31T11:06:02.234466+00:00,btc-updown-5m-1788174600,5,3998875,26212263929151341458687452100011503527441212948464120457381934473442833991253,2026-08-31T11:10:00+00:00,2026-08-31T11:15:00+00:00,8.97,0.49,0.5,0.495,0.01,421.0,1284.49,99
2026-08-31T11:06:02.234466+00:00,btc-updown-15m-1788174000,15,3998517,110923085749010520553927305006809238414731362214849032553377176048782639886064,2026-08-31T11:00:00+00:00,2026-08-31T11:15:00+00:00,8.97,0.08,0.09,0.085,0.01,775.0,70.0,99
2026-08-31T11:06:02.234466+00:00,btc-updown-15m-1788174900,15,3998886,108358165167839204339068319086881687933431725887812863750762678632029776927770,2026-08-31T11:15:00+00:00,2026-08-31T11:30:00+00:00,23.97,0.48,0.49,0.485,0.01,432.17,265.82,99
2026-08-31T11:07:03.840755+00:00,btc-updown-5m-1788174300,5,3998543,56871801204049599632054657670141223284957798501482696669102951641232816375674,2026-08-31T11:05:00+00:00,2026-08-31T11:10:00+00:00,2.95,0.83,0.84,0.835,0.01,117.0,206.4,99
2026-08-31T11:07:03.840755+00:00,btc-updown-5m-1788174600,5,3998875,26212263929151341458687452100011503527441212948464120457381934473442833991253,2026-08-31T11:10:00+00:00,2026-08-31T11:15:00+00:00,7.95,0.49,0.5,0.495,0.01,373.03,684.31,99
2026-08-31T11:07:03.840755+00:00,btc-updown-15m-1788174000,15,3998517,110923085749010520553927305006809238414731362214849032553377176048782639886064,2026-08-31T11:00:00+00:00,2026-08-31T11:15:00+00:00,7.95,0.31,0.32,0.315,0.01,17.0,48.45,99
2026-08-31T11:07:03.840755+00:00,btc-updown-15m-1788174900,15,3998886,108358165167839204339068319086881687933431725887812863750762678632029776927770,2026-08-31T11:15:00+00:00,2026-08-31T11:30:00+00:00,22.95,0.48,0.49,0.485,0.01,374.0,305.82,99
2026-08-31T11:08:05.145787+00:00,btc-updown-5m-1788174300,5,3998543,56871801204049599632054657670141223284957798501482696669102951641232816375674,2026-08-31T11:05:00+00:00,2026-08-31T11:10:00+00:00,1.92,0.92,0.93,0.925,0.01,80.0,961.31,99
2026-08-31T11:08:05.145787+00:00,btc-updown-5m-1788174600,5,3998875,26212263929151341458687452100011503527441212948464120457381934473442833991253,2026-08-31T11:10:00+00:00,2026-08-31T11:15:00+00:00,6.92,0.49,0.5,0.495,0.01,373.03,203.0,99
2026-08-31T11:08:05.145787+00:00,btc-updown-15m-1788174000,15,3998517,110923085749010520553927305006809238414731362214849032553377176048782639886064,2026-08-31T11:00:00+00:00,2026-08-31T11:15:00+00:00,6.92,0.36,0.37,0.365,0.01,218.0,76.54,99
2026-08-31T11:08:05.145787+00:00,btc-updown-15m-1788174900,15,3998886,108358165167839204339068319086881687933431725887812863750762678632029776927770,2026-08-31T11:15:00+00:00,2026-08-31T11:30:00+00:00,21.92,0.48,0.49,0.485,0.01,374.0,605.82,99
2026-08-31T11:09:06.293918+00:00,btc-updown-5m-1788174300,5,3998543,56871801204049599632054657670141223284957798501482696669102951641232816375674,2026-08-31T11:05:00+00:00,2026-08-31T11:10:00+00:00,0.9,0.24,0.25,0.245,0.01,15.0,62.0,99
2026-08-31T11:09:06.293918+00:00,btc-updown-5m-1788174600,5,3998875,26212263929151341458687452100011503527441212948464120457381934473442833991253,2026-08-31T11:10:00+00:00,2026-08-31T11:15:00+00:00,5.9,0.49,0.5,0.495,0.01,30.0,87.0,99
2026-08-31T11:09:06.293918+00:00,btc-updown-15m-1788174000,15,3998517,110923085749010520553927305006809238414731362214849032553377176048782639886064,2026-08-31T11:00:00+00:00,2026-08-31T11:15:00+00:00,5.9,0.1,0.11,0.105,0.01,63.44,272.0,99
2026-08-31T11:09:06.293918+00:00,btc-updown-15m-1788174900,15,3998886,108358165167839204339068319086881687933431725887812863750762678632029776927770,2026-08-31T11:15:00+00:00,2026-08-31T11:30:00+00:00,20.9,0.48,0.49,0.485,0.01,495.45,86.73,99
2026-08-31T11:10:07.409813+00:00,btc-updown-5m-1788174600,5,3998875,26212263929151341458687452100011503527441212948464120457381934473442833991253,2026-08-31T11:10:00+00:00,2026-08-31T11:15:00+00:00,4.88,0.52,0.53,0.525,0.01,88.61,130.27,99
2026-08-31T11:10:07.409813+00:00,btc-updown-5m-1788174900,5,3998882,54883312046686704129568025173865827923372759517693540654250240732834404094846,2026-08-31T11:15:00+00:00,2026-08-31T11:20:00+00:00,9.88,0.49,0.5,0.495,0.01,567.37,680.0,99
2026-08-31T11:10:07.409813+00:00,btc-updown-15m-1788174000,15,3998517,110923085749010520553927305006809238414731362214849032553377176048782639886064,2026-08-31T11:00:00+00:00,2026-08-31T11:15:00+00:00,4.88,0.06,0.07,0.065,0.01,49.89,165.0,99
2026-08-31T11:10:07.409813+00:00,btc-updown-15m-1788174900,15,3998886,108358165167839204339068319086881687933431725887812863750762678632029776927770,2026-08-31T11:15:00+00:00,2026-08-31T11:30:00+00:00,19.88,0.48,0.49,0.485,0.01,347.12,215.08,99
2026-08-31T11:11:08.540850+00:00,btc-updown-5m-1788174600,5,3998875,26212263929151341458687452100011503527441212948464120457381934473442833991253,2026-08-31T11:10:00+00:00,2026-08-31T11:15:00+00:00,3.87,0.59,0.6,0.595,0.01,294.06,101.3,99
2026-08-31T11:11:08.540850+00:00,btc-updown-5m-1788174900,5,3998882,54883312046686704129568025173865827923372759517693540654250240732834404094846,2026-08-31T11:15:00+00:00,2026-08-31T11:20:00+00:00,8.87,0.49,0.5,0.495,0.01,596.0,695.0,99
2026-08-31T11:11:08.540850+00:00,btc-updown-15m-1788174000,15,3998517,110923085749010520553927305006809238414731362214849032553377176048782639886064,2026-08-31T11:00:00+00:00,2026-08-31T11:15:00+00:00,3.87,0.04,0.05,0.045,0.01,84.65,210.0,99
2026-08-31T11:11:08.540850+00:00,btc-updown-15m-1788174900,15,3998886,108358165167839204339068319086881687933431725887812863750762678632029776927770,2026-08-31T11:15:00+00:00,2026-08-31T11:30:00+00:00,18.87,0.48,0.49,0.485,0.01,297.12,219.91,99
2026-08-31T11:12:09.914976+00:00,btc-updown-5m-1788174600,5,3998875,26212263929151341458687452100011503527441212948464120457381934473442833991253,2026-08-31T11:10:00+00:00,2026-08-31T11:15:00+00:00,2.85,0.76,0.77,0.765,0.01,254.97,205.12,99
2026-08-31T11:12:09.914976+00:00,btc-updown-5m-1788174900,5,3998882,54883312046686704129568025173865827923372759517693540654250240732834404094846,2026-08-31T11:15:00+00:00,2026-08-31T11:20:00+00:00,7.85,0.49,0.5,0.495,0.01,440.0,684.8,99
2026-08-31T11:12:09.914976+00:00,btc-updown-15m-1788174000,15,3998517,110923085749010520553927305006809238414731362214849032553377176048782639886064,2026-08-31T11:00:00+00:00,2026-08-31T11:15:00+00:00,2.85,0.04,0.05,0.045,0.01,30.0,109.49,99
2026-08-31T11:12:09.914976+00:00,btc-updown-15m-1788174900,15,3998886,108358165167839204339068319086881687933431725887812863750762678632029776927770,2026-08-31T11:15:00+00:00,2026-08-31T11:30:00+00:00,17.85,0.48,0.49,0.485,0.01,297.12,408.99,99
2026-08-31T11:13:11.066975+00:00,btc-updown-5m-1788174600,5,3998875,26212263929151341458687452100011503527441212948464120457381934473442833991253,2026-08-31T11:10:00+00:00,2026-08-31T11:15:00+00:00,1.82,0.96,0.97,0.965,0.01,369.04,232.96,99
2026-08-31T11:13:11.066975+00:00,btc-updown-5m-1788174900,5,3998882,54883312046686704129568025173865827923372759517693540654250240732834404094846,2026-08-31T11:15:00+00:00,2026-08-31T11:20:00+00:00,6.82,0.49,0.5,0.495,0.01,521.06,143.0,99
2026-08-31T11:13:11.066975+00:00,btc-updown-15m-1788174000,15,3998517,110923085749010520553927305006809238414731362214849032553377176048782639886064,2026-08-31T11:00:00+00:00,2026-08-31T11:15:00+00:00,1.82,0.05,0.06,0.055,0.01,31.0,73.91,99
2026-08-31T11:13:11.066975+00:00,btc-updown-15m-1788174900,15,3998886,108358165167839204339068319086881687933431725887812863750762678632029776927770,2026-08-31T11:15:00+00:00,2026-08-31T11:30:00+00:00,16.82,0.48,0.49,0.485,0.01,297.12,403.99,99
2026-08-31T11:14:12.186500+00:00,btc-updown-5m-1788174900,5,3998882,54883312046686704129568025173865827923372759517693540654250240732834404094846,2026-08-31T11:15:00+00:00,2026-08-31T11:20:00+00:00,5.8,0.49,0.5,0.495,0.01,31.07,80.0,99
2026-08-31T11:14:12.186500+00:00,btc-updown-15m-1788174900,15,3998886,108358165167839204339068319086881687933431725887812863750762678632029776927770,2026-08-31T11:15:00+00:00,2026-08-31T11:30:00+00:00,15.8,0.48,0.49,0.485,0.01,38.07,203.99,95
2026-08-31T11:15:13.126506+00:00,btc-updown-5m-1788174900,5,3998882,54883312046686704129568025173865827923372759517693540654250240732834404094846,2026-08-31T11:15:00+00:00,2026-08-31T11:20:00+00:00,4.78,0.56,0.57,0.565,0.01,38.44,310.18,99
2026-08-31T11:15:13.126506+00:00,btc-updown-5m-1788175200,5,3998905,37075353609260398365183483644232174106066873999812862120433347346930089848579,2026-08-31T11:20:00+00:00,2026-08-31T11:25:00+00:00,9.78,0.49,0.5,0.495,0.01,482.74,618.77,99
2026-08-31T11:15:13.126506+00:00,btc-updown-15m-1788174900,15,3998886,108358165167839204339068319086881687933431725887812863750762678632029776927770,2026-08-31T11:15:00+00:00,2026-08-31T11:30:00+00:00,14.78,0.5,0.51,0.505,0.01,130.0,50.14,99
2026-08-31T11:15:13.126506+00:00,btc-updown-15m-1788175800,15,3999041,26753021742392904895141262333164252343787256408374909393932713538102947202000,2026-08-31T11:30:00+00:00,2026-08-31T11:45:00+00:00,29.78,0.5,0.51,0.505,0.01,45.0,701.87,93
2026-08-31T11:16:14.276170+00:00,btc-updown-5m-1788174900,5,3998882,54883312046686704129568025173865827923372759517693540654250240732834404094846,2026-08-31T11:15:00+00:00,2026-08-31T11:20:00+00:00,3.77,0.58,0.59,0.585,0.01,431.88,10.9,99
2026-08-31T11:16:14.276170+00:00,btc-updown-5m-1788175200,5,3998905,37075353609260398365183483644232174106066873999812862120433347346930089848579,2026-08-31T11:20:00+00:00,2026-08-31T11:25:00+00:00,8.77,0.49,0.5,0.495,0.01,426.04,638.77,99
2026-08-31T11:16:14.276170+00:00,btc-updown-15m-1788174900,15,3998886,108358165167839204339068319086881687933431725887812863750762678632029776927770,2026-08-31T11:15:00+00:00,2026-08-31T11:30:00+00:00,13.77,0.53,0.54,0.535,0.01,123.0,234.83,99
2026-08-31T11:16:14.276170+00:00,btc-updown-15m-1788175800,15,3999041,26753021742392904895141262333164252343787256408374909393932713538102947202000,2026-08-31T11:30:00+00:00,2026-08-31T11:45:00+00:00,28.77,0.5,0.51,0.505,0.01,45.0,1001.87,93
2026-08-31T11:17:15.484925+00:00,btc-updown-5m-1788174900,5,3998882,54883312046686704129568025173865827923372759517693540654250240732834404094846,2026-08-31T11:15:00+00:00,2026-08-31T11:20:00+00:00,2.75,0.14,0.15,0.145,0.01,124.05,70.0,99
2026-08-31T11:17:15.484925+00:00,btc-updown-5m-1788175200,5,3998905,37075353609260398365183483644232174106066873999812862120433347346930089848579,2026-08-31T11:20:00+00:00,2026-08-31T11:25:00+00:00,7.75,0.49,0.5,0.495,0.01,537.05,638.77,99
2026-08-31T11:17:15.484925+00:00,btc-updown-15m-1788174900,15,3998886,108358165167839204339068319086881687933431725887812863750762678632029776927770,2026-08-31T11:15:00+00:00,2026-08-31T11:30:00+00:00,12.75,0.35,0.36,0.355,0.01,197.0,208.0,99
2026-08-31T11:17:15.484925+00:00,btc-updown-15m-1788175800,15,3999041,26753021742392904895141262333164252343787256408374909393932713538102947202000,2026-08-31T11:30:00+00:00,2026-08-31T11:45:00+00:00,27.75,0.5,0.51,0.505,0.01,45.0,555.21,93
2026-08-31T11:18:16.618985+00:00,btc-updown-5m-1788174900,5,3998882,54883312046686704129568025173865827923372759517693540654250240732834404094846,2026-08-31T11:15:00+00:00,2026-08-31T11:20:00+00:00,1.73,0.19,0.2,0.195,0.01,64.82,117.0,99
2026-08-31T11:18:16.618985+00:00,btc-updown-5m-1788175200,5,3998905,37075353609260398365183483644232174106066873999812862120433347346930089848579,2026-08-31T11:20:00+00:00,2026-08-31T11:25:00+00:00,6.73,0.49,0.51,0.5,0.02,432.63,473.93,98
2026-08-31T11:18:16.618985+00:00,btc-updown-15m-1788174900,15,3998886,108358165167839204339068319086881687933431725887812863750762678632029776927770,2026-08-31T11:15:00+00:00,2026-08-31T11:30:00+00:00,11.73,0.41,0.42,0.415,0.01,135.0,42.0,99
2026-08-31T11:18:16.618985+00:00,btc-updown-15m-1788175800,15,3999041,26753021742392904895141262333164252343787256408374909393932713538102947202000,2026-08-31T11:30:00+00:00,2026-08-31T11:45:00+00:00,26.73,0.5,0.51,0.505,0.01,32.83,916.08,93
2026-08-31T11:19:17.762073+00:00,btc-updown-5m-1788174900,5,3998882,54883312046686704129568025173865827923372759517693540654250240732834404094846,2026-08-31T11:15:00+00:00,2026-08-31T11:20:00+00:00,0.72,0.07,0.08,0.075,0.01,108.27,7.5,99
2026-08-31T11:19:17.762073+00:00,btc-updown-5m-1788175200,5,3998905,37075353609260398365183483644232174106066873999812862120433347346930089848579,2026-08-31T11:20:00+00:00,2026-08-31T11:25:00+00:00,5.72,0.49,0.5,0.495,0.01,45.62,239.54,99
2026-08-31T11:19:17.762073+00:00,btc-updown-15m-1788174900,15,3998886,108358165167839204339068319086881687933431725887812863750762678632029776927770,2026-08-31T11:15:00+00:00,2026-08-31T11:30:00+00:00,10.72,0.41,0.42,0.415,0.01,280.0,25.0,99
2026-08-31T11:19:17.762073+00:00,btc-updown-15m-1788175800,15,3999041,26753021742392904895141262333164252343787256408374909393932713538102947202000,2026-08-31T11:30:00+00:00,2026-08-31T11:45:00+00:00,25.72,0.5,0.51,0.505,0.01,32.83,1016.08,95
2026-08-31T11:20:18.906680+00:00,btc-updown-5m-1788175200,5,3998905,37075353609260398365183483644232174106066873999812862120433347346930089848579,2026-08-31T11:20:00+00:00,2026-08-31T11:25:00+00:00,4.7,0.47,0.48,0.475,0.01,123.11,223.43,99
2026-08-31T11:20:18.906680+00:00,btc-updown-5m-1788175500,5,3999028,74019026219698145693624082727931596008829451139881961525902141184710699898803,2026-08-31T11:25:00+00:00,2026-08-31T11:30:00+00:00,9.7,0.41,0.43,0.42,0.02,284.0,10.0,98
2026-08-31T11:20:18.906680+00:00,btc-updown-15m-1788174900,15,3998886,108358165167839204339068319086881687933431725887812863750762678632029776927770,2026-08-31T11:15:00+00:00,2026-08-31T11:30:00+00:00,9.7,0.42,0.43,0.425,0.01,13.66,264.0,99
2026-08-31T11:20:18.906680+00:00,btc-updown-15m-1788175800,15,3999041,26753021742392904895141262333164252343787256408374909393932713538102947202000,2026-08-31T11:30:00+00:00,2026-08-31T11:45:00+00:00,24.7,0.5,0.51,0.505,0.01,32.83,896.47,95
2026-08-31T11:21:20.031740+00:00,btc-updown-5m-1788175200,5,3998905,37075353609260398365183483644232174106066873999812862120433347346930089848579,2026-08-31T11:20:00+00:00,2026-08-31T11:25:00+00:00,3.67,0.27,0.29,0.28,0.02,267.06,313.91,98
2026-08-31T11:21:20.031740+00:00,btc-updown-5m-1788175500,5,3999028,74019026219698145693624082727931596008829451139881961525902141184710699898803,2026-08-31T11:25:00+00:00,2026-08-31T11:30:00+00:00,8.67,0.43,0.44,0.435,0.01,1408.24,51.64,99
2026-08-31T11:21:20.031740+00:00,btc-updown-15m-1788174900,15,3998886,108358165167839204339068319086881687933431725887812863750762678632029776927770,2026-08-31T11:15:00+00:00,2026-08-31T11:30:00+00:00,8.67,0.29,0.3,0.295,0.01,13.0,60.43,99
2026-08-31T11:21:20.031740+00:00,btc-updown-15m-1788175800,15,3999041,26753021742392904895141262333164252343787256408374909393932713538102947202000,2026-08-31T11:30:00+00:00,2026-08-31T11:45:00+00:00,23.67,0.5,0.51,0.505,0.01,32.83,616.47,95
2026-08-31T11:22:21.250337+00:00,btc-updown-5m-1788175200,5,3998905,37075353609260398365183483644232174106066873999812862120433347346930089848579,2026-08-31T11:20:00+00:00,2026-08-31T11:25:00+00:00,2.65,0.12,0.13,0.125,0.01,77.3,574.76,99
2026-08-31T11:22:21.250337+00:00,btc-updown-5m-1788175500,5,3999028,74019026219698145693624082727931596008829451139881961525902141184710699898803,2026-08-31T11:25:00+00:00,2026-08-31T11:30:00+00:00,7.65,0.43,0.44,0.435,0.01,878.24,51.64,99
2026-08-31T11:22:21.250337+00:00,btc-updown-15m-1788174900,15,3998886,108358165167839204339068319086881687933431725887812863750762678632029776927770,2026-08-31T11:15:00+00:00,2026-08-31T11:30:00+00:00,7.65,0.2,0.21,0.205,0.01,81.0,66.0,99
2026-08-31T11:22:21.250337+00:00,btc-updown-15m-1788175800,15,3999041,26753021742392904895141262333164252343787256408374909393932713538102947202000,2026-08-31T11:30:00+00:00,2026-08-31T11:45:00+00:00,22.65,0.5,0.51,0.505,0.01,32.83,456.47,95
2026-08-31T11:23:22.431861+00:00,btc-updown-5m-1788175200,5,3998905,37075353609260398365183483644232174106066873999812862120433347346930089848579,2026-08-31T11:20:00+00:00,2026-08-31T11:25:00+00:00,1.63,0.02,0.03,0.025,0.01,427.97,403.77,99
2026-08-31T11:23:22.431861+00:00,btc-updown-5m-1788175500,5,3999028,74019026219698145693624082727931596008829451139881961525902141184710699898803,2026-08-31T11:25:00+00:00,2026-08-31T11:30:00+00:00,6.63,0.45,0.47,0.46,0.02,1064.11,126.67,98
2026-08-31T11:23:22.431861+00:00,btc-updown-15m-1788174900,15,3998886,108358165167839204339068319086881687933431725887812863750762678632029776927770,2026-08-31T11:15:00+00:00,2026-08-31T11:30:00+00:00,6.63,0.15,0.16,0.155,0.01,70.0,196.0,99
2026-08-31T11:23:22.431861+00:00,btc-updown-15m-1788175800,15,3999041,26753021742392904895141262333164252343787256408374909393932713538102947202000,2026-08-31T11:30:00+00:00,2026-08-31T11:45:00+00:00,21.63,0.49,0.5,0.495,0.01,459.08,62.0,95
2026-08-31T11:24:23.561956+00:00,btc-updown-5m-1788175500,5,3999028,74019026219698145693624082727931596008829451139881961525902141184710699898803,2026-08-31T11:25:00+00:00,2026-08-31T11:30:00+00:00,5.62,0.46,0.48,0.47,0.02,339.44,2.64,98
2026-08-31T11:24:23.561956+00:00,btc-updown-15m-1788174900,15,3998886,108358165167839204339068319086881687933431725887812863750762678632029776927770,2026-08-31T11:15:00+00:00,2026-08-31T11:30:00+00:00,5.62,0.15,0.16,0.155,0.01,128.0,87.23,99
2026-08-31T11:24:23.561956+00:00,btc-updown-15m-1788175800,15,3999041,26753021742392904895141262333164252343787256408374909393932713538102947202000,2026-08-31T11:30:00+00:00,2026-08-31T11:45:00+00:00,20.62,0.49,0.5,0.495,0.01,255.0,312.0,95
2026-08-31T11:25:24.637917+00:00,btc-updown-5m-1788175500,5,3999028,74019026219698145693624082727931596008829451139881961525902141184710699898803,2026-08-31T11:25:00+00:00,2026-08-31T11:30:00+00:00,4.6,0.53,0.54,0.535,0.01,285.65,434.99,99
2026-08-31T11:25:24.637917+00:00,btc-updown-5m-1788175800,5,3999043,81674721196476548096056513274627449039057330577171213839504084386216550903575,2026-08-31T11:30:00+00:00,2026-08-31T11:35:00+00:00,9.6,0.5,0.51,0.505,0.01,117.67,596.89,99
2026-08-31T11:25:24.637917+00:00,btc-updown-15m-1788174900,15,3998886,108358165167839204339068319086881687933431725887812863750762678632029776927770,2026-08-31T11:15:00+00:00,2026-08-31T11:30:00+00:00,4.6,0.15,0.16,0.155,0.01,20.0,58.82,99
2026-08-31T11:25:24.637917+00:00,btc-updown-15m-1788175800,15,3999041,26753021742392904895141262333164252343787256408374909393932713538102947202000,2026-08-31T11:30:00+00:00,2026-08-31T11:45:00+00:00,19.6,0.49,0.5,0.495,0.01,285.0,262.0,95
2026-08-31T11:26:25.990420+00:00,btc-updown-5m-1788175500,5,3999028,74019026219698145693624082727931596008829451139881961525902141184710699898803,2026-08-31T11:25:00+00:00,2026-08-31T11:30:00+00:00,3.58,0.2,0.21,0.205,0.01,268.25,25.0,99
2026-08-31T11:26:25.990420+00:00,btc-updown-5m-1788175800,5,3999043,81674721196476548096056513274627449039057330577171213839504084386216550903575,2026-08-31T11:30:00+00:00,2026-08-31T11:35:00+00:00,8.58,0.5,0.51,0.505,0.01,132.67,576.92,99
2026-08-31T11:26:25.990420+00:00,btc-updown-15m-1788174900,15,3998886,108358165167839204339068319086881687933431725887812863750762678632029776927770,2026-08-31T11:15:00+00:00,2026-08-31T11:30:00+00:00,3.58,0.03,0.04,0.035,0.01,335.5,178.9,99
2026-08-31T11:26:25.990420+00:00,btc-updown-15m-1788175800,15,3999041,26753021742392904895141262333164252343787256408374909393932713538102947202000,2026-08-31T11:30:00+00:00,2026-08-31T11:45:00+00:00,18.58,0.49,0.5,0.495,0.01,318.19,204.0,97
2026-08-31T11:27:27.142502+00:00,btc-updown-5m-1788175500,5,3999028,74019026219698145693624082727931596008829451139881961525902141184710699898803,2026-08-31T11:25:00+00:00,2026-08-31T11:30:00+00:00,2.55,0.01,0.02,0.015,0.01,3570.9,439.37,99
2026-08-31T11:27:27.142502+00:00,btc-updown-5m-1788175800,5,3999043,81674721196476548096056513274627449039057330577171213839504084386216550903575,2026-08-31T11:30:00+00:00,2026-08-31T11:35:00+00:00,7.55,0.49,0.51,0.5,0.02,399.05,536.85,98
2026-08-31T11:27:27.142502+00:00,btc-updown-15m-1788175800,15,3999041,26753021742392904895141262333164252343787256408374909393932713538102947202000,2026-08-31T11:30:00+00:00,2026-08-31T11:45:00+00:00,17.55,0.49,0.5,0.495,0.01,408.19,155.84,97
2026-08-31T11:28:28.183654+00:00,btc-updown-5m-1788175500,5,3999028,74019026219698145693624082727931596008829451139881961525902141184710699898803,2026-08-31T11:25:00+00:00,2026-08-31T11:30:00+00:00,1.53,0.001,0.004,0.0025,0.003,4945.01,99.96,111
2026-08-31T11:28:28.183654+00:00,btc-updown-5m-1788175800,5,3999043,81674721196476548096056513274627449039057330577171213839504084386216550903575,2026-08-31T11:30:00+00:00,2026-08-31T11:35:00+00:00,6.53,0.5,0.51,0.505,0.01,57.92,510.54,99
2026-08-31T11:28:28.183654+00:00,btc-updown-15m-1788175800,15,3999041,26753021742392904895141262333164252343787256408374909393932713538102947202000,2026-08-31T11:30:00+00:00,2026-08-31T11:45:00+00:00,16.53,0.49,0.5,0.495,0.01,364.08,20.64,97
2026-08-31T11:29:29.264661+00:00,btc-updown-5m-1788175800,5,3999043,81674721196476548096056513274627449039057330577171213839504084386216550903575,2026-08-31T11:30:00+00:00,2026-08-31T11:35:00+00:00,5.52,0.51,0.52,0.515,0.01,60.14,228.0,98
2026-08-31T11:29:29.264661+00:00,btc-updown-15m-1788175800,15,3999041,26753021742392904895141262333164252343787256408374909393932713538102947202000,2026-08-31T11:30:00+00:00,2026-08-31T11:45:00+00:00,15.52,0.5,0.51,0.505,0.01,250.0,147.03,96
2026-08-31T11:30:30.202516+00:00,btc-updown-5m-1788175800,5,3999043,81674721196476548096056513274627449039057330577171213839504084386216550903575,2026-08-31T11:30:00+00:00,2026-08-31T11:35:00+00:00,4.5,0.4,0.41,0.405,0.01,304.02,243.7,99
2026-08-31T11:30:30.202516+00:00,btc-updown-5m-1788176100,5,3999088,44501876770705821430054724769181899954376477177573430771399478505429477837334,2026-08-31T11:35:00+00:00,2026-08-31T11:40:00+00:00,9.5,0.5,0.51,0.505,0.01,819.19,592.99,99
2026-08-31T11:30:30.202516+00:00,btc-updown-15m-1788175800,15,3999041,26753021742392904895141262333164252343787256408374909393932713538102947202000,2026-08-31T11:30:00+00:00,2026-08-31T11:45:00+00:00,14.5,0.47,0.48,0.475,0.01,168.44,215.2,99
2026-08-31T11:30:30.202516+00:00,btc-updown-15m-1788176700,15,3999887,58550697699477747736863155656992975265376121316974027259165587209811022382736,2026-08-31T11:45:00+00:00,2026-08-31T12:00:00+00:00,29.5,0.5,0.51,0.505,0.01,390.0,445.08,93
2026-08-31T11:31:31.509222+00:00,btc-updown-5m-1788175800,5,3999043,81674721196476548096056513274627449039057330577171213839504084386216550903575,2026-08-31T11:30:00+00:00,2026-08-31T11:35:00+00:00,3.48,0.52,0.53,0.525,0.01,105.0,309.0,99
2026-08-31T11:31:31.509222+00:00,btc-updown-5m-1788176100,5,3999088,44501876770705821430054724769181899954376477177573430771399478505429477837334,2026-08-31T11:35:00+00:00,2026-08-31T11:40:00+00:00,8.48,0.5,0.51,0.505,0.01,744.19,530.87,99
2026-08-31T11:31:31.509222+00:00,btc-updown-15m-1788175800,15,3999041,26753021742392904895141262333164252343787256408374909393932713538102947202000,2026-08-31T11:30:00+00:00,2026-08-31T11:45:00+00:00,13.48,0.52,0.53,0.525,0.01,205.2,231.68,99
2026-08-31T11:31:31.509222+00:00,btc-updown-15m-1788176700,15,3999887,58550697699477747736863155656992975265376121316974027259165587209811022382736,2026-08-31T11:45:00+00:00,2026-08-31T12:00:00+00:00,28.48,0.5,0.51,0.505,0.01,310.0,445.08,93
2026-08-31T11:32:32.659999+00:00,btc-updown-5m-1788175800,5,3999043,81674721196476548096056513274627449039057330577171213839504084386216550903575,2026-08-31T11:30:00+00:00,2026-08-31T11:35:00+00:00,2.47,0.58,0.59,0.585,0.01,197.32,13.3,99
2026-08-31T11:32:32.659999+00:00,btc-updown-5m-1788176100,5,3999088,44501876770705821430054724769181899954376477177573430771399478505429477837334,2026-08-31T11:35:00+00:00,2026-08-31T11:40:00+00:00,7.47,0.5,0.51,0.505,0.01,734.19,542.87,99
2026-08-31T11:32:32.659999+00:00,btc-updown-15m-1788175800,15,3999041,26753021742392904895141262333164252343787256408374909393932713538102947202000,2026-08-31T11:30:00+00:00,2026-08-31T11:45:00+00:00,12.47,0.52,0.53,0.525,0.01,255.0,103.0,99
2026-08-31T11:32:32.659999+00:00,btc-updown-15m-1788176700,15,3999887,58550697699477747736863155656992975265376121316974027259165587209811022382736,2026-08-31T11:45:00+00:00,2026-08-31T12:00:00+00:00,27.47,0.5,0.51,0.505,0.01,293.83,431.25,93
2026-08-31T11:33:33.896720+00:00,btc-updown-5m-1788175800,5,3999043,81674721196476548096056513274627449039057330577171213839504084386216550903575,2026-08-31T11:30:00+00:00,2026-08-31T11:35:00+00:00,1.45,0.09,0.1,0.095,0.01,20.1,210.77,99
2026-08-31T11:33:33.896720+00:00,btc-updown-5m-1788176100,5,3999088,44501876770705821430054724769181899954376477177573430771399478505429477837334,2026-08-31T11:35:00+00:00,2026-08-31T11:40:00+00:00,6.45,0.5,0.51,0.505,0.01,48.51,425.93,99
2026-08-31T11:33:33.896720+00:00,btc-updown-15m-1788175800,15,3999041,26753021742392904895141262333164252343787256408374909393932713538102947202000,2026-08-31T11:30:00+00:00,2026-08-31T11:45:00+00:00,11.45,0.38,0.39,0.385,0.01,191.61,50.0,99
2026-08-31T11:33:33.896720+00:00,btc-updown-15m-1788176700,15,3999887,58550697699477747736863155656992975265376121316974027259165587209811022382736,2026-08-31T11:45:00+00:00,2026-08-31T12:00:00+00:00,26.45,0.5,0.51,0.505,0.01,220.0,415.08,93
2026-08-31T11:34:35.011936+00:00,btc-updown-5m-1788176100,5,3999088,44501876770705821430054724769181899954376477177573430771399478505429477837334,2026-08-31T11:35:00+00:00,2026-08-31T11:40:00+00:00,5.42,0.52,0.53,0.525,0.01,95.23,46.0,99
2026-08-31T11:34:35.011936+00:00,btc-updown-15m-1788175800,15,3999041,26753021742392904895141262333164252343787256408374909393932713538102947202000,2026-08-31T11:30:00+00:00,2026-08-31T11:45:00+00:00,10.42,0.39,0.4,0.395,0.01,157.03,54.21,98
2026-08-31T11:34:35.011936+00:00,btc-updown-15m-1788176700,15,3999887,58550697699477747736863155656992975265376121316974027259165587209811022382736,2026-08-31T11:45:00+00:00,2026-08-31T12:00:00+00:00,25.42,0.5,0.51,0.505,0.01,220.0,415.08,97
2026-08-31T11:35:36.036390+00:00,btc-updown-5m-1788176100,5,3999088,44501876770705821430054724769181899954376477177573430771399478505429477837334,2026-08-31T11:35:00+00:00,2026-08-31T11:40:00+00:00,4.4,0.26,0.27,0.265,0.01,145.7,123.0,99
2026-08-31T11:35:36.036390+00:00,btc-updown-5m-1788176400,5,3999883,54982330757970623366344733913040964214435475035969493633267146770234338456652,2026-08-31T11:40:00+00:00,2026-08-31T11:45:00+00:00,9.4,0.5,0.51,0.505,0.01,256.35,459.36,99
2026-08-31T11:35:36.036390+00:00,btc-updown-15m-1788175800,15,3999041,26753021742392904895141262333164252343787256408374909393932713538102947202000,2026-08-31T11:30:00+00:00,2026-08-31T11:45:00+00:00,9.4,0.21,0.22,0.215,0.01,86.0,192.0,99
2026-08-31T11:35:36.036390+00:00,btc-updown-15m-1788176700,15,3999887,58550697699477747736863155656992975265376121316974027259165587209811022382736,2026-08-31T11:45:00+00:00,2026-08-31T12:00:00+00:00,24.4,0.5,0.51,0.505,0.01,420.0,415.08,97
2026-08-31T11:36:37.195739+00:00,btc-updown-5m-1788176100,5,3999088,44501876770705821430054724769181899954376477177573430771399478505429477837334,2026-08-31T11:35:00+00:00,2026-08-31T11:40:00+00:00,3.38,0.16,0.17,0.165,0.01,56.16,40.0,99
2026-08-31T11:36:37.195739+00:00,btc-updown-5m-1788176400,5,3999883,54982330757970623366344733913040964214435475035969493633267146770234338456652,2026-08-31T11:40:00+00:00,2026-08-31T11:45:00+00:00,8.38,0.5,0.51,0.505,0.01,211.35,459.36,99
2026-08-31T11:36:37.195739+00:00,btc-updown-15m-1788175800,15,3999041,26753021742392904895141262333164252343787256408374909393932713538102947202000,2026-08-31T11:30:00+00:00,2026-08-31T11:45:00+00:00,8.38,0.16,0.17,0.165,0.01,56.0,60.0,99
2026-08-31T11:36:37.195739+00:00,btc-updown-15m-1788176700,15,3999887,58550697699477747736863155656992975265376121316974027259165587209811022382736,2026-08-31T11:45:00+00:00,2026-08-31T12:00:00+00:00,23.38,0.5,0.51,0.505,0.01,420.0,415.08,97
2026-08-31T11:37:38.384770+00:00,btc-updown-5m-1788176100,5,3999088,44501876770705821430054724769181899954376477177573430771399478505429477837334,2026-08-31T11:35:00+00:00,2026-08-31T11:40:00+00:00,2.37,0.29,0.3,0.295,0.01,342.61,312.0,99
2026-08-31T11:37:38.384770+00:00,btc-updown-5m-1788176400,5,3999883,54982330757970623366344733913040964214435475035969493633267146770234338456652,2026-08-31T11:40:00+00:00,2026-08-31T11:45:00+00:00,7.37,0.5,0.51,0.505,0.01,306.45,202.93,99
2026-08-31T11:37:38.384770+00:00,btc-updown-15m-1788175800,15,3999041,26753021742392904895141262333164252343787256408374909393932713538102947202000,2026-08-31T11:30:00+00:00,2026-08-31T11:45:00+00:00,7.37,0.23,0.24,0.235,0.01,17.0,173.44,99
2026-08-31T11:37:38.384770+00:00,btc-updown-15m-1788176700,15,3999887,58550697699477747736863155656992975265376121316974027259165587209811022382736,2026-08-31T11:45:00+00:00,2026-08-31T12:00:00+00:00,22.37,0.5,0.51,0.505,0.01,420.0,415.08,97
2026-08-31T11:38:39.513795+00:00,btc-updown-5m-1788176100,5,3999088,44501876770705821430054724769181899954376477177573430771399478505429477837334,2026-08-31T11:35:00+00:00,2026-08-31T11:40:00+00:00,1.35,0.51,0.52,0.515,0.01,60.0,232.0,99
2026-08-31T11:38:39.513795+00:00,btc-updown-5m-1788176400,5,3999883,54982330757970623366344733913040964214435475035969493633267146770234338456652,2026-08-31T11:40:00+00:00,2026-08-31T11:45:00+00:00,6.35,0.52,0.53,0.525,0.01,25.0,395.41,99
2026-08-31T11:38:39.513795+00:00,btc-updown-15m-1788175800,15,3999041,26753021742392904895141262333164252343787256408374909393932713538102947202000,2026-08-31T11:30:00+00:00,2026-08-31T11:45:00+00:00,6.35,0.25,0.26,0.255,0.01,97.42,82.0,98
2026-08-31T11:38:39.513795+00:00,btc-updown-15m-1788176700,15,3999887,58550697699477747736863155656992975265376121316974027259165587209811022382736,2026-08-31T11:45:00+00:00,2026-08-31T12:00:00+00:00,21.35,0.5,0.51,0.505,0.01,353.83,211.0,97
2026-08-31T11:39:40.692136+00:00,btc-updown-5m-1788176400,5,3999883,54982330757970623366344733913040964214435475035969493633267146770234338456652,2026-08-31T11:40:00+00:00,2026-08-31T11:45:00+00:00,5.33,0.56,0.59,0.575,0.03,50.0,336.47,97
2026-08-31T11:39:40.692136+00:00,btc-updown-15m-1788175800,15,3999041,26753021742392904895141262333164252343787256408374909393932713538102947202000,2026-08-31T11:30:00+00:00,2026-08-31T11:45:00+00:00,5.33,0.18,0.19,0.185,0.01,268.78,127.23,99
2026-08-31T11:39:40.692136+00:00,btc-updown-15m-1788176700,15,3999887,58550697699477747736863155656992975265376121316974027259165587209811022382736,2026-08-31T11:45:00+00:00,2026-08-31T12:00:00+00:00,20.33,0.5,0.51,0.505,0.01,703.83,211.0,97
2026-08-31T11:40:41.739571+00:00,btc-updown-5m-1788176400,5,3999883,54982330757970623366344733913040964214435475035969493633267146770234338456652,2026-08-31T11:40:00+00:00,2026-08-31T11:45:00+00:00,4.32,0.59,0.6,0.595,0.01,93.79,275.41,99
2026-08-31T11:40:41.739571+00:00,btc-updown-5m-1788176700,5,3999892,9474083715471602806527393009469977130808942944700040805605397623239231407467,2026-08-31T11:45:00+00:00,2026-08-31T11:50:00+00:00,9.32,0.5,0.51,0.505,0.01,251.65,499.15,99
2026-08-31T11:40:41.739571+00:00,btc-updown-15m-1788175800,15,3999041,26753021742392904895141262333164252343787256408374909393932713538102947202000,2026-08-31T11:30:00+00:00,2026-08-31T11:45:00+00:00,4.32,0.15,0.16,0.155,0.01,51.33,70.0,99
2026-08-31T11:40:41.739571+00:00,btc-updown-15m-1788176700,15,3999887,58550697699477747736863155656992975265376121316974027259165587209811022382736,2026-08-31T11:45:00+00:00,2026-08-31T12:00:00+00:00,19.32,0.5,0.51,0.505,0.01,303.83,202.0,97
2026-08-31T11:41:43.011682+00:00,btc-updown-5m-1788176400,5,3999883,54982330757970623366344733913040964214435475035969493633267146770234338456652,2026-08-31T11:40:00+00:00,2026-08-31T11:45:00+00:00,3.28,0.29,0.3,0.295,0.01,97.0,276.0,99
2026-08-31T11:41:43.011682+00:00,btc-updown-5m-1788176700,5,3999892,9474083715471602806527393009469977130808942944700040805605397623239231407467,2026-08-31T11:45:00+00:00,2026-08-31T11:50:00+00:00,8.28,0.5,0.51,0.505,0.01,262.65,484.34,99
2026-08-31T11:41:43.011682+00:00,btc-updown-15m-1788175800,15,3999041,26753021742392904895141262333164252343787256408374909393932713538102947202000,2026-08-31T11:30:00+00:00,2026-08-31T11:45:00+00:00,3.28,0.04,0.05,0.045,0.01,57.77,203.53,99
2026-08-31T11:41:43.011682+00:00,btc-updown-15m-1788176700,15,3999887,58550697699477747736863155656992975265376121316974027259165587209811022382736,2026-08-31T11:45:00+00:00,2026-08-31T12:00:00+00:00,18.28,0.5,0.51,0.505,0.01,703.83,202.0,97
2026-08-31T11:42:44.214677+00:00,btc-updown-5m-1788176400,5,3999883,54982330757970623366344733913040964214435475035969493633267146770234338456652,2026-08-31T11:40:00+00:00,2026-08-31T11:45:00+00:00,2.27,0.29,0.3,0.295,0.01,25.0,568.79,99
2026-08-31T11:42:44.214677+00:00,btc-updown-5m-1788176700,5,3999892,9474083715471602806527393009469977130808942944700040805605397623239231407467,2026-08-31T11:45:00+00:00,2026-08-31T11:50:00+00:00,7.27,0.51,0.52,0.515,0.01,0.97,346.0,99
2026-08-31T11:42:44.214677+00:00,btc-updown-15m-1788175800,15,3999041,26753021742392904895141262333164252343787256408374909393932713538102947202000,2026-08-31T11:30:00+00:00,2026-08-31T11:45:00+00:00,2.27,0.01,0.02,0.015,0.01,14.49,123.18,99
2026-08-31T11:42:44.214677+00:00,btc-updown-15m-1788176700,15,3999887,58550697699477747736863155656992975265376121316974027259165587209811022382736,2026-08-31T11:45:00+00:00,2026-08-31T12:00:00+00:00,17.27,0.5,0.51,0.505,0.01,403.83,406.08,97
2026-08-31T11:43:45.360092+00:00,btc-updown-5m-1788176700,5,3999892,9474083715471602806527393009469977130808942944700040805605397623239231407467,2026-08-31T11:45:00+00:00,2026-08-31T11:50:00+00:00,6.25,0.52,0.53,0.525,0.01,71.16,471.81,99
2026-08-31T11:43:45.360092+00:00,btc-updown-15m-1788176700,15,3999887,58550697699477747736863155656992975265376121316974027259165587209811022382736,2026-08-31T11:45:00+00:00,2026-08-31T12:00:00+00:00,16.25,0.51,0.52,0.515,0.01,486.08,184.58,97
2026-08-31T11:44:46.308639+00:00,btc-updown-5m-1788176700,5,3999892,9474083715471602806527393009469977130808942944700040805605397623239231407467,2026-08-31T11:45:00+00:00,2026-08-31T11:50:00+00:00,5.23,0.55,0.57,0.56,0.02,0.54,58.18,98
2026-08-31T11:44:46.308639+00:00,btc-updown-15m-1788176700,15,3999887,58550697699477747736863155656992975265376121316974027259165587209811022382736,2026-08-31T11:45:00+00:00,2026-08-31T12:00:00+00:00,15.23,0.53,0.54,0.535,0.01,188.68,30.0,98
2026-08-31T11:45:47.227290+00:00,btc-updown-5m-1788176700,5,3999892,9474083715471602806527393009469977130808942944700040805605397623239231407467,2026-08-31T11:45:00+00:00,2026-08-31T11:50:00+00:00,4.22,0.73,0.74,0.735,0.01,220.32,168.61,99
2026-08-31T11:45:47.227290+00:00,btc-updown-5m-1788177000,5,3999902,736903863083812777409966188405046322724717148592985804418737472287151728016,2026-08-31T11:50:00+00:00,2026-08-31T11:55:00+00:00,9.22,0.54,0.55,0.545,0.01,52.56,362.04,99
2026-08-31T11:45:47.227290+00:00,btc-updown-15m-1788176700,15,3999887,58550697699477747736863155656992975265376121316974027259165587209811022382736,2026-08-31T11:45:00+00:00,2026-08-31T12:00:00+00:00,14.22,0.6,0.61,0.605,0.01,280.36,62.0,99
2026-08-31T11:45:47.227290+00:00,btc-updown-15m-1788177600,15,3999952,17036885891747797992529969750773062674513360870947235332501458408617704948964,2026-08-31T12:00:00+00:00,2026-08-31T12:15:00+00:00,29.22,0.5,0.51,0.505,0.01,375.0,439.08,93
2026-08-31T11:46:48.427363+00:00,btc-updown-5m-1788176700,5,3999892,9474083715471602806527393009469977130808942944700040805605397623239231407467,2026-08-31T11:45:00+00:00,2026-08-31T11:50:00+00:00,3.2,0.61,0.62,0.615,0.01,128.0,155.93,99
2026-08-31T11:46:48.427363+00:00,btc-updown-5m-1788177000,5,3999902,736903863083812777409966188405046322724717148592985804418737472287151728016,2026-08-31T11:50:00+00:00,2026-08-31T11:55:00+00:00,8.2,0.54,0.55,0.545,0.01,62.56,620.29,99
2026-08-31T11:46:48.427363+00:00,btc-updown-15m-1788176700,15,3999887,58550697699477747736863155656992975265376121316974027259165587209811022382736,2026-08-31T11:45:00+00:00,2026-08-31T12:00:00+00:00,13.2,0.53,0.54,0.535,0.01,66.0,175.0,99
2026-08-31T11:46:48.427363+00:00,btc-updown-15m-1788177600,15,3999952,17036885891747797992529969750773062674513360870947235332501458408617704948964,2026-08-31T12:00:00+00:00,2026-08-31T12:15:00+00:00,28.2,0.5,0.51,0.505,0.01,455.0,235.0,93
2026-08-31T11:47:49.605060+00:00,btc-updown-5m-1788176700,5,3999892,9474083715471602806527393009469977130808942944700040805605397623239231407467,2026-08-31T11:45:00+00:00,2026-08-31T11:50:00+00:00,2.18,0.23,0.24,0.235,0.01,84.99,175.0,99
2026-08-31T11:47:49.605060+00:00,btc-updown-5m-1788177000,5,3999902,736903863083812777409966188405046322724717148592985804418737472287151728016,2026-08-31T11:50:00+00:00,2026-08-31T11:55:00+00:00,7.18,0.53,0.54,0.535,0.01,26.0,245.58,99
2026-08-31T11:47:49.605060+00:00,btc-updown-15m-1788176700,15,3999887,58550697699477747736863155656992975265376121316974027259165587209811022382736,2026-08-31T11:45:00+00:00,2026-08-31T12:00:00+00:00,12.18,0.4,0.41,0.405,0.01,328.0,108.0,99
2026-08-31T11:47:49.605060+00:00,btc-updown-15m-1788177600,15,3999952,17036885891747797992529969750773062674513360870947235332501458408617704948964,2026-08-31T12:00:00+00:00,2026-08-31T12:15:00+00:00,27.18,0.51,0.52,0.515,0.01,88.33,590.0,93
2026-08-31T11:48:50.730678+00:00,btc-updown-5m-1788176700,5,3999892,9474083715471602806527393009469977130808942944700040805605397623239231407467,2026-08-31T11:45:00+00:00,2026-08-31T11:50:00+00:00,1.17,0.11,0.12,0.115,0.01,60.57,35.0,98
2026-08-31T11:48:50.730678+00:00,btc-updown-5m-1788177000,5,3999902,736903863083812777409966188405046322724717148592985804418737472287151728016,2026-08-31T11:50:00+00:00,2026-08-31T11:55:00+00:00,6.17,0.53,0.55,0.54,0.02,25.92,472.73,98
2026-08-31T11:48:50.730678+00:00,btc-updown-15m-1788176700,15,3999887,58550697699477747736863155656992975265376121316974027259165587209811022382736,2026-08-31T11:45:00+00:00,2026-08-31T12:00:00+00:00,11.17,0.41,0.42,0.415,0.01,171.37,146.19,99
2026-08-31T11:48:50.730678+00:00,btc-updown-15m-1788177600,15,3999952,17036885891747797992529969750773062674513360870947235332501458408617704948964,2026-08-31T12:00:00+00:00,2026-08-31T12:15:00+00:00,26.17,0.51,0.52,0.515,0.01,284.41,570.76,93
2026-08-31T11:49:51.879313+00:00,btc-updown-5m-1788177000,5,3999902,736903863083812777409966188405046322724717148592985804418737472287151728016,2026-08-31T11:50:00+00:00,2026-08-31T11:55:00+00:00,5.15,0.51,0.53,0.52,0.02,191.6,8.0,97
2026-08-31T11:49:51.879313+00:00,btc-updown-15m-1788176700,15,3999887,58550697699477747736863155656992975265376121316974027259165587209811022382736,2026-08-31T11:45:00+00:00,2026-08-31T12:00:00+00:00,10.15,0.31,0.32,0.315,0.01,104.83,207.12,99
2026-08-31T11:49:51.879313+00:00,btc-updown-15m-1788177600,15,3999952,17036885891747797992529969750773062674513360870947235332501458408617704948964,2026-08-31T12:00:00+00:00,2026-08-31T12:15:00+00:00,25.15,0.51,0.52,0.515,0.01,282.36,570.76,95
2026-08-31T11:50:52.924228+00:00,btc-updown-5m-1788177000,5,3999902,736903863083812777409966188405046322724717148592985804418737472287151728016,2026-08-31T11:50:00+00:00,2026-08-31T11:55:00+00:00,4.13,0.68,0.69,0.685,0.01,380.4,114.93,99
2026-08-31T11:50:52.924228+00:00,btc-updown-5m-1788177300,5,3999914,30824088028644907034763478726900329481473273951701134781320769180874677802665,2026-08-31T11:55:00+00:00,2026-08-31T12:00:00+00:00,9.13,0.51,0.52,0.515,0.01,111.0,230.0,99
2026-08-31T11:50:52.924228+00:00,btc-updown-15m-1788176700,15,3999887,58550697699477747736863155656992975265376121316974027259165587209811022382736,2026-08-31T11:45:00+00:00,2026-08-31T12:00:00+00:00,9.13,0.39,0.4,0.395,0.01,32.0,197.0,99
2026-08-31T11:50:52.924228+00:00,btc-updown-15m-1788177600,15,3999952,17036885891747797992529969750773062674513360870947235332501458408617704948964,2026-08-31T12:00:00+00:00,2026-08-31T12:15:00+00:00,24.13,0.51,0.52,0.515,0.01,282.36,362.43,95
2026-08-31T11:51:54.211450+00:00,btc-updown-5m-1788177000,5,3999902,736903863083812777409966188405046322724717148592985804418737472287151728016,2026-08-31T11:50:00+00:00,2026-08-31T11:55:00+00:00,3.1,0.39,0.4,0.395,0.01,130.33,180.47,99
2026-08-31T11:51:54.211450+00:00,btc-updown-5m-1788177300,5,3999914,30824088028644907034763478726900329481473273951701134781320769180874677802665,2026-08-31T11:55:00+00:00,2026-08-31T12:00:00+00:00,8.1,0.51,0.52,0.515,0.01,101.0,220.0,99
2026-08-31T11:51:54.211450+00:00,btc-updown-15m-1788176700,15,3999887,58550697699477747736863155656992975265376121316974027259165587209811022382736,2026-08-31T11:45:00+00:00,2026-08-31T12:00:00+00:00,8.1,0.24,0.25,0.245,0.01,238.78,200.0,99
2026-08-31T11:51:54.211450+00:00,btc-updown-15m-1788177600,15,3999952,17036885891747797992529969750773062674513360870947235332501458408617704948964,2026-08-31T12:00:00+00:00,2026-08-31T12:15:00+00:00,23.1,0.51,0.52,0.515,0.01,582.36,344.76,95
2026-08-31T11:52:55.363183+00:00,btc-updown-5m-1788177000,5,3999902,736903863083812777409966188405046322724717148592985804418737472287151728016,2026-08-31T11:50:00+00:00,2026-08-31T11:55:00+00:00,2.08,0.5,0.51,0.505,0.01,157.24,175.0,99
2026-08-31T11:52:55.363183+00:00,btc-updown-5m-1788177300,5,3999914,30824088028644907034763478726900329481473273951701134781320769180874677802665,2026-08-31T11:55:00+00:00,2026-08-31T12:00:00+00:00,7.08,0.51,0.52,0.515,0.01,101.0,215.0,99
2026-08-31T11:52:55.363183+00:00,btc-updown-15m-1788176700,15,3999887,58550697699477747736863155656992975265376121316974027259165587209811022382736,2026-08-31T11:45:00+00:00,2026-08-31T12:00:00+00:00,7.08,0.26,0.27,0.265,0.01,182.0,318.84,99
2026-08-31T11:52:55.363183+00:00,btc-updown-15m-1788177600,15,3999952,17036885891747797992529969750773062674513360870947235332501458408617704948964,2026-08-31T12:00:00+00:00,2026-08-31T12:15:00+00:00,22.08,0.51,0.52,0.515,0.01,282.36,366.43,95
2026-08-31T11:53:56.484950+00:00,btc-updown-5m-1788177000,5,3999902,736903863083812777409966188405046322724717148592985804418737472287151728016,2026-08-31T11:50:00+00:00,2026-08-31T11:55:00+00:00,1.07,0.02,0.03,0.025,0.01,518.47,238.33,99
2026-08-31T11:53:56.484950+00:00,btc-updown-5m-1788177300,5,3999914,30824088028644907034763478726900329481473273951701134781320769180874677802665,2026-08-31T11:55:00+00:00,2026-08-31T12:00:00+00:00,6.07,0.51,0.52,0.515,0.01,68.89,15.0,99
2026-08-31T11:53:56.484950+00:00,btc-updown-15m-1788176700,15,3999887,58550697699477747736863155656992975265376121316974027259165587209811022382736,2026-08-31T11:45:00+00:00,2026-08-31T12:00:00+00:00,6.07,0.1,0.11,0.105,0.01,118.86,221.29,99
2026-08-31T11:53:56.484950+00:00,btc-updown-15m-1788177600,15,3999952,17036885891747797992529969750773062674513360870947235332501458408617704948964,2026-08-31T12:00:00+00:00,2026-08-31T12:15:00+00:00,21.07,0.51,0.52,0.515,0.01,282.36,344.76,95
2026-08-31T11:54:57.625914+00:00,btc-updown-5m-1788177300,5,3999914,30824088028644907034763478726900329481473273951701134781320769180874677802665,2026-08-31T11:55:00+00:00,2026-08-31T12:00:00+00:00,5.05,0.57,0.59,0.58,0.02,357.14,15.0,97
2026-08-31T11:54:57.625914+00:00,btc-updown-15m-1788176700,15,3999887,58550697699477747736863155656992975265376121316974027259165587209811022382736,2026-08-31T11:45:00+00:00,2026-08-31T12:00:00+00:00,5.05,0.05,0.06,0.055,0.01,137.51,125.0,99
2026-08-31T11:54:57.625914+00:00,btc-updown-15m-1788177600,15,3999952,17036885891747797992529969750773062674513360870947235332501458408617704948964,2026-08-31T12:00:00+00:00,2026-08-31T12:15:00+00:00,20.05,0.51,0.52,0.515,0.01,582.36,324.76,95
2026-08-31T11:55:58.640545+00:00,btc-updown-5m-1788177300,5,3999914,30824088028644907034763478726900329481473273951701134781320769180874677802665,2026-08-31T11:55:00+00:00,2026-08-31T12:00:00+00:00,4.03,0.72,0.73,0.725,0.01,392.16,46.0,99
2026-08-31T11:55:58.640545+00:00,btc-updown-5m-1788177600,5,3999955,32809553737539785021579309879215646780869360101501053998652032842702832420447,2026-08-31T12:00:00+00:00,2026-08-31T12:05:00+00:00,9.03,0.51,0.52,0.515,0.01,60.0,235.0,99
2026-08-31T11:55:58.640545+00:00,btc-updown-15m-1788176700,15,3999887,58550697699477747736863155656992975265376121316974027259165587209811022382736,2026-08-31T11:45:00+00:00,2026-08-31T12:00:00+00:00,4.03,0.1,0.11,0.105,0.01,135.0,312.0,99
2026-08-31T11:55:58.640545+00:00,btc-updown-15m-1788177600,15,3999952,17036885891747797992529969750773062674513360870947235332501458408617704948964,2026-08-31T12:00:00+00:00,2026-08-31T12:15:00+00:00,19.03,0.51,0.52,0.515,0.01,587.36,317.63,95
2026-08-31T11:56:59.864565+00:00,btc-updown-5m-1788177300,5,3999914,30824088028644907034763478726900329481473273951701134781320769180874677802665,2026-08-31T11:55:00+00:00,2026-08-31T12:00:00+00:00,3.02,0.72,0.73,0.725,0.01,270.92,87.78,99
2026-08-31T11:56:59.864565+00:00,btc-updown-5m-1788177600,5,3999955,32809553737539785021579309879215646780869360101501053998652032842702832420447,2026-08-31T12:00:00+00:00,2026-08-31T12:05:00+00:00,8.02,0.51,0.52,0.515,0.01,60.0,235.0,99
2026-08-31T11:56:59.864565+00:00,btc-updown-15m-1788176700,15,3999887,58550697699477747736863155656992975265376121316974027259165587209811022382736,2026-08-31T11:45:00+00:00,2026-08-31T12:00:00+00:00,3.02,0.03,0.04,0.035,0.01,121.64,225.0,99
2026-08-31T11:56:59.864565+00:00,btc-updown-15m-1788177600,15,3999952,17036885891747797992529969750773062674513360870947235332501458408617704948964,2026-08-31T12:00:00+00:00,2026-08-31T12:15:00+00:00,18.02,0.51,0.52,0.515,0.01,549.03,312.65,95
2026-08-31T11:58:01.020922+00:00,btc-updown-5m-1788177300,5,3999914,30824088028644907034763478726900329481473273951701134781320769180874677802665,2026-08-31T11:55:00+00:00,2026-08-31T12:00:00+00:00,1.98,0.77,0.78,0.775,0.01,50.0,195.05,99
2026-08-31T11:58:01.020922+00:00,btc-updown-5m-1788177600,5,3999955,32809553737539785021579309879215646780869360101501053998652032842702832420447,2026-08-31T12:00:00+00:00,2026-08-31T12:05:00+00:00,6.98,0.51,0.52,0.515,0.01,69.39,255.83,99
2026-08-31T11:58:01.020922+00:00,btc-updown-15m-1788177600,15,3999952,17036885891747797992529969750773062674513360870947235332501458408617704948964,2026-08-31T12:00:00+00:00,2026-08-31T12:15:00+00:00,16.98,0.51,0.52,0.515,0.01,588.03,235.0,95
2026-08-31T11:59:02.077750+00:00,btc-updown-5m-1788177300,5,3999914,30824088028644907034763478726900329481473273951701134781320769180874677802665,2026-08-31T11:55:00+00:00,2026-08-31T12:00:00+00:00,0.97,0.9,0.91,0.905,0.01,7.95,34.47,99
2026-08-31T11:59:02.077750+00:00,btc-updown-5m-1788177600,5,3999955,32809553737539785021579309879215646780869360101501053998652032842702832420447,2026-08-31T12:00:00+00:00,2026-08-31T12:05:00+00:00,5.97,0.51,0.53,0.52,0.02,82.34,182.67,98
2026-08-31T11:59:02.077750+00:00,btc-updown-15m-1788177600,15,3999952,17036885891747797992529969750773062674513360870947235332501458408617704948964,2026-08-31T12:00:00+00:00,2026-08-31T12:15:00+00:00,15.97,0.51,0.53,0.52,0.02,545.34,259.9,91
2026-08-31T12:00:03.139587+00:00,btc-updown-5m-1788177600,5,3999955,32809553737539785021579309879215646780869360101501053998652032842702832420447,2026-08-31T12:00:00+00:00,2026-08-31T12:05:00+00:00,4.95,0.48,0.49,0.485,0.01,94.83,222.6,99
2026-08-31T12:00:03.139587+00:00,btc-updown-5m-1788177900,5,3999963,83869619182080137868904357979327388207976940526230458341188628157129793889164,2026-08-31T12:05:00+00:00,2026-08-31T12:10:00+00:00,9.95,0.51,0.52,0.515,0.01,5.0,46.36,99
2026-08-31T12:00:03.139587+00:00,btc-updown-15m-1788177600,15,3999952,17036885891747797992529969750773062674513360870947235332501458408617704948964,2026-08-31T12:00:00+00:00,2026-08-31T12:15:00+00:00,14.95,0.5,0.51,0.505,0.01,100.29,135.0,99
2026-08-31T12:00:03.139587+00:00,btc-updown-15m-1788178500,15,4000296,48846700970166398737646537272110465596343629630512604941160935346204875372050,2026-08-31T12:15:00+00:00,2026-08-31T12:30:00+00:00,29.95,0.5,0.51,0.505,0.01,396.0,339.08,93
2026-08-31T12:01:04.365732+00:00,btc-updown-5m-1788177600,5,3999955,32809553737539785021579309879215646780869360101501053998652032842702832420447,2026-08-31T12:00:00+00:00,2026-08-31T12:05:00+00:00,3.93,0.29,0.3,0.295,0.01,225.0,55.0,99
2026-08-31T12:01:04.365732+00:00,btc-updown-5m-1788177900,5,3999963,83869619182080137868904357979327388207976940526230458341188628157129793889164,2026-08-31T12:05:00+00:00,2026-08-31T12:10:00+00:00,8.93,0.51,0.52,0.515,0.01,43.0,294.43,99
2026-08-31T12:01:04.365732+00:00,btc-updown-15m-1788177600,15,3999952,17036885891747797992529969750773062674513360870947235332501458408617704948964,2026-08-31T12:00:00+00:00,2026-08-31T12:15:00+00:00,13.93,0.47,0.48,0.475,0.01,10.0,5.0,99
2026-08-31T12:01:04.365732+00:00,btc-updown-15m-1788178500,15,4000296,48846700970166398737646537272110465596343629630512604941160935346204875372050,2026-08-31T12:15:00+00:00,2026-08-31T12:30:00+00:00,28.93,0.5,0.51,0.505,0.01,779.83,405.09,93
2026-08-31T12:02:05.601247+00:00,btc-updown-5m-1788177600,5,3999955,32809553737539785021579309879215646780869360101501053998652032842702832420447,2026-08-31T12:00:00+00:00,2026-08-31T12:05:00+00:00,2.92,0.97,0.98,0.975,0.01,425.57,827.78,99
2026-08-31T12:02:05.601247+00:00,btc-updown-5m-1788177900,5,3999963,83869619182080137868904357979327388207976940526230458341188628157129793889164,2026-08-31T12:05:00+00:00,2026-08-31T12:10:00+00:00,7.92,0.51,0.52,0.515,0.01,33.0,270.19,99
2026-08-31T12:02:05.601247+00:00,btc-updown-15m-1788177600,15,3999952,17036885891747797992529969750773062674513360870947235332501458408617704948964,2026-08-31T12:00:00+00:00,2026-08-31T12:15:00+00:00,12.92,0.84,0.85,0.845,0.01,167.03,11.87,99
2026-08-31T12:02:05.601247+00:00,btc-updown-15m-1788178500,15,4000296,48846700970166398737646537272110465596343629630512604941160935346204875372050,2026-08-31T12:15:00+00:00,2026-08-31T12:30:00+00:00,27.92,0.5,0.51,0.505,0.01,266.0,321.17,93
2026-08-31T12:03:06.761123+00:00,btc-updown-5m-1788177900,5,3999963,83869619182080137868904357979327388207976940526230458341188628157129793889164,2026-08-31T12:05:00+00:00,2026-08-31T12:10:00+00:00,6.9,0.51,0.52,0.515,0.01,48.69,218.99,99
2026-08-31T12:03:06.761123+00:00,btc-updown-15m-1788177600,15,3999952,17036885891747797992529969750773062674513360870947235332501458408617704948964,2026-08-31T12:00:00+00:00,2026-08-31T12:15:00+00:00,11.9,0.92,0.93,0.925,0.01,120.0,420.0,99
2026-08-31T12:03:06.761123+00:00,btc-updown-15m-1788178500,15,4000296,48846700970166398737646537272110465596343629630512604941160935346204875372050,2026-08-31T12:15:00+00:00,2026-08-31T12:30:00+00:00,26.9,0.5,0.51,0.505,0.01,266.0,661.17,93
2026-08-31T12:04:07.796349+00:00,btc-updown-5m-1788177900,5,3999963,83869619182080137868904357979327388207976940526230458341188628157129793889164,2026-08-31T12:05:00+00:00,2026-08-31T12:10:00+00:00,5.88,0.5,0.51,0.505,0.01,206.04,76.58,99
2026-08-31T12:04:07.796349+00:00,btc-updown-15m-1788177600,15,3999952,17036885891747797992529969750773062674513360870947235332501458408617704948964,2026-08-31T12:00:00+00:00,2026-08-31T12:15:00+00:00,10.88,0.93,0.94,0.935,0.01,337.38,20.0,99
2026-08-31T12:04:07.796349+00:00,btc-updown-15m-1788178500,15,4000296,48846700970166398737646537272110465596343629630512604941160935346204875372050,2026-08-31T12:15:00+00:00,2026-08-31T12:30:00+00:00,25.88,0.5,0.51,0.505,0.01,266.0,645.25,94
2026-08-31T12:05:08.837217+00:00,btc-updown-5m-1788177900,5,3999963,83869619182080137868904357979327388207976940526230458341188628157129793889164,2026-08-31T12:05:00+00:00,2026-08-31T12:10:00+00:00,4.87,0.55,0.56,0.555,0.01,22.65,148.3,99
2026-08-31T12:05:08.837217+00:00,btc-updown-5m-1788178200,5,4000201,41663376755383159556929680853721619641245429129332659797027100758422383222120,2026-08-31T12:10:00+00:00,2026-08-31T12:15:00+00:00,9.87,0.5,0.51,0.505,0.01,229.11,1333.99,99
2026-08-31T12:05:08.837217+00:00,btc-updown-15m-1788177600,15,3999952,17036885891747797992529969750773062674513360870947235332501458408617704948964,2026-08-31T12:00:00+00:00,2026-08-31T12:15:00+00:00,9.87,0.96,0.97,0.965,0.01,10.0,347.31,99
2026-08-31T12:05:08.837217+00:00,btc-updown-15m-1788178500,15,4000296,48846700970166398737646537272110465596343629630512604941160935346204875372050,2026-08-31T12:15:00+00:00,2026-08-31T12:30:00+00:00,24.87,0.5,0.51,0.505,0.01,66.0,845.25,95
2026-08-31T12:06:10.067292+00:00,btc-updown-5m-1788177900,5,3999963,83869619182080137868904357979327388207976940526230458341188628157129793889164,2026-08-31T12:05:00+00:00,2026-08-31T12:10:00+00:00,3.83,0.77,0.78,0.775,0.01,168.13,183.95,99
2026-08-31T12:06:10.067292+00:00,btc-updown-5m-1788178200,5,4000201,41663376755383159556929680853721619641245429129332659797027100758422383222120,2026-08-31T12:10:00+00:00,2026-08-31T12:15:00+00:00,8.83,0.49,0.5,0.495,0.01,70.46,77.0,99
2026-08-31T12:06:10.067292+00:00,btc-updown-15m-1788177600,15,3999952,17036885891747797992529969750773062674513360870947235332501458408617704948964,2026-08-31T12:00:00+00:00,2026-08-31T12:15:00+00:00,8.83,0.97,0.98,0.975,0.01,133.26,409.95,99
2026-08-31T12:06:10.067292+00:00,btc-updown-15m-1788178500,15,4000296,48846700970166398737646537272110465596343629630512604941160935346204875372050,2026-08-31T12:15:00+00:00,2026-08-31T12:30:00+00:00,23.83,0.5,0.51,0.505,0.01,66.0,843.28,95
2026-08-31T12:07:11.267008+00:00,btc-updown-5m-1788177900,5,3999963,83869619182080137868904357979327388207976940526230458341188628157129793889164,2026-08-31T12:05:00+00:00,2026-08-31T12:10:00+00:00,2.82,0.24,0.25,0.245,0.01,213.57,71.0,99
2026-08-31T12:07:11.267008+00:00,btc-updown-5m-1788178200,5,4000201,41663376755383159556929680853721619641245429129332659797027100758422383222120,2026-08-31T12:10:00+00:00,2026-08-31T12:15:00+00:00,7.82,0.49,0.5,0.495,0.01,112.46,147.0,99
2026-08-31T12:07:11.267008+00:00,btc-updown-15m-1788177600,15,3999952,17036885891747797992529969750773062674513360870947235332501458408617704948964,2026-08-31T12:00:00+00:00,2026-08-31T12:15:00+00:00,7.82,0.94,0.95,0.945,0.01,274.0,229.72,113
2026-08-31T12:07:11.267008+00:00,btc-updown-15m-1788178500,15,4000296,48846700970166398737646537272110465596343629630512604941160935346204875372050,2026-08-31T12:15:00+00:00,2026-08-31T12:30:00+00:00,22.82,0.5,0.51,0.505,0.01,56.0,643.28,95
2026-08-31T12:08:12.406137+00:00,btc-updown-5m-1788177900,5,3999963,83869619182080137868904357979327388207976940526230458341188628157129793889164,2026-08-31T12:05:00+00:00,2026-08-31T12:10:00+00:00,1.8,0.21,0.22,0.215,0.01,350.16,65.0,99
2026-08-31T12:08:12.406137+00:00,btc-updown-5m-1788178200,5,4000201,41663376755383159556929680853721619641245429129332659797027100758422383222120,2026-08-31T12:10:00+00:00,2026-08-31T12:15:00+00:00,6.8,0.49,0.5,0.495,0.01,317.65,72.0,99
2026-08-31T12:08:12.406137+00:00,btc-updown-15m-1788177600,15,3999952,17036885891747797992529969750773062674513360870947235332501458408617704948964,2026-08-31T12:00:00+00:00,2026-08-31T12:15:00+00:00,6.8,0.96,0.97,0.965,0.01,135.0,253.85,114
2026-08-31T12:08:12.406137+00:00,btc-updown-15m-1788178500,15,4000296,48846700970166398737646537272110465596343629630512604941160935346204875372050,2026-08-31T12:15:00+00:00,2026-08-31T12:30:00+00:00,21.8,0.5,0.51,0.505,0.01,256.0,543.28,95
2026-08-31T12:09:13.555603+00:00,btc-updown-5m-1788178200,5,4000201,41663376755383159556929680853721619641245429129332659797027100758422383222120,2026-08-31T12:10:00+00:00,2026-08-31T12:15:00+00:00,5.78,0.44,0.45,0.445,0.01,262.76,25.0,99
2026-08-31T12:09:13.555603+00:00,btc-updown-15m-1788177600,15,3999952,17036885891747797992529969750773062674513360870947235332501458408617704948964,2026-08-31T12:00:00+00:00,2026-08-31T12:15:00+00:00,5.78,0.87,0.88,0.875,0.01,35.0,143.0,112
2026-08-31T12:09:13.555603+00:00,btc-updown-15m-1788178500,15,4000296,48846700970166398737646537272110465596343629630512604941160935346204875372050,2026-08-31T12:15:00+00:00,2026-08-31T12:30:00+00:00,20.78,0.5,0.51,0.505,0.01,56.0,320.25,95
2026-08-31T12:10:14.656903+00:00,btc-updown-5m-1788178200,5,4000201,41663376755383159556929680853721619641245429129332659797027100758422383222120,2026-08-31T12:10:00+00:00,2026-08-31T12:15:00+00:00,4.77,0.5,0.51,0.505,0.01,191.9,88.23,99
2026-08-31T12:10:14.656903+00:00,btc-updown-5m-1788178500,5,4000288,97598375129784262533801929758107895499176184370984442169064426745625510736041,2026-08-31T12:15:00+00:00,2026-08-31T12:20:00+00:00,9.77,0.49,0.5,0.495,0.01,645.32,485.4,99
2026-08-31T12:10:14.656903+00:00,btc-updown-15m-1788177600,15,3999952,17036885891747797992529969750773062674513360870947235332501458408617704948964,2026-08-31T12:00:00+00:00,2026-08-31T12:15:00+00:00,4.77,0.94,0.949,0.9445,0.009,241.47,13.7,114
2026-08-31T12:10:14.656903+00:00,btc-updown-15m-1788178500,15,4000296,48846700970166398737646537272110465596343629630512604941160935346204875372050,2026-08-31T12:15:00+00:00,2026-08-31T12:30:00+00:00,19.77,0.5,0.51,0.505,0.01,256.0,220.25,95
2026-08-31T12:11:15.946710+00:00,btc-updown-5m-1788178200,5,4000201,41663376755383159556929680853721619641245429129332659797027100758422383222120,2026-08-31T12:10:00+00:00,2026-08-31T12:15:00+00:00,3.75,0.58,0.59,0.585,0.01,137.05,287.0,99
2026-08-31T12:11:15.946710+00:00,btc-updown-5m-1788178500,5,4000288,97598375129784262533801929758107895499176184370984442169064426745625510736041,2026-08-31T12:15:00+00:00,2026-08-31T12:20:00+00:00,8.75,0.49,0.5,0.495,0.01,553.0,500.4,99
2026-08-31T12:11:15.946710+00:00,btc-updown-15m-1788177600,15,3999952,17036885891747797992529969750773062674513360870947235332501458408617704948964,2026-08-31T12:00:00+00:00,2026-08-31T12:15:00+00:00,3.75,0.97,0.979,0.9745,0.009,197.0,15.0,113
2026-08-31T12:11:15.946710+00:00,btc-updown-15m-1788178500,15,4000296,48846700970166398737646537272110465596343629630512604941160935346204875372050,2026-08-31T12:15:00+00:00,2026-08-31T12:30:00+00:00,18.75,0.5,0.51,0.505,0.01,261.0,240.25,95
2026-08-31T12:12:17.132563+00:00,btc-updown-5m-1788178200,5,4000201,41663376755383159556929680853721619641245429129332659797027100758422383222120,2026-08-31T12:10:00+00:00,2026-08-31T12:15:00+00:00,2.72,0.25,0.26,0.255,0.01,1249.9,39.41,99
2026-08-31T12:12:17.132563+00:00,btc-updown-5m-1788178500,5,4000288,97598375129784262533801929758107895499176184370984442169064426745625510736041,2026-08-31T12:15:00+00:00,2026-08-31T12:20:00+00:00,7.72,0.5,0.51,0.505,0.01,116.0,345.01,99
2026-08-31T12:12:17.132563+00:00,btc-updown-15m-1788177600,15,3999952,17036885891747797992529969750773062674513360870947235332501458408617704948964,2026-08-31T12:00:00+00:00,2026-08-31T12:15:00+00:00,2.72,0.95,0.959,0.9545,0.009,257.0,15.0,115
2026-08-31T12:12:17.132563+00:00,btc-updown-15m-1788178500,15,4000296,48846700970166398737646537272110465596343629630512604941160935346204875372050,2026-08-31T12:15:00+00:00,2026-08-31T12:30:00+00:00,17.72,0.5,0.51,0.505,0.01,261.0,268.28,95
2026-08-31T12:13:18.276118+00:00,btc-updown-5m-1788178200,5,4000201,41663376755383159556929680853721619641245429129332659797027100758422383222120,2026-08-31T12:10:00+00:00,2026-08-31T12:15:00+00:00,1.7,0.34,0.36,0.35,0.02,20.23,59.0,98
2026-08-31T12:13:18.276118+00:00,btc-updown-5m-1788178500,5,4000288,97598375129784262533801929758107895499176184370984442169064426745625510736041,2026-08-31T12:15:00+00:00,2026-08-31T12:20:00+00:00,6.7,0.51,0.52,0.515,0.01,71.0,420.0,99
2026-08-31T12:13:18.276118+00:00,btc-updown-15m-1788177600,15,3999952,17036885891747797992529969750773062674513360870947235332501458408617704948964,2026-08-31T12:00:00+00:00,2026-08-31T12:15:00+00:00,1.7,0.982,0.99,0.986,0.008,20.0,31.2,116
2026-08-31T12:13:18.276118+00:00,btc-updown-15m-1788178500,15,4000296,48846700970166398737646537272110465596343629630512604941160935346204875372050,2026-08-31T12:15:00+00:00,2026-08-31T12:30:00+00:00,16.7,0.5,0.51,0.505,0.01,200.0,613.95,95
2026-08-31T12:14:19.414964+00:00,btc-updown-5m-1788178200,5,4000201,41663376755383159556929680853721619641245429129332659797027100758422383222120,2026-08-31T12:10:00+00:00,2026-08-31T12:15:00+00:00,0.68,0.04,0.05,0.045,0.01,155.0,48.22,99
2026-08-31T12:14:19.414964+00:00,btc-updown-5m-1788178500,5,4000288,97598375129784262533801929758107895499176184370984442169064426745625510736041,2026-08-31T12:15:00+00:00,2026-08-31T12:20:00+00:00,5.68,0.51,0.52,0.515,0.01,8.0,116.0,99
2026-08-31T12:14:19.414964+00:00,btc-updown-15m-1788178500,15,4000296,48846700970166398737646537272110465596343629630512604941160935346204875372050,2026-08-31T12:15:00+00:00,2026-08-31T12:30:00+00:00,15.68,0.5,0.51,0.505,0.01,19.6,398.26,98
2026-08-31T12:15:20.640808+00:00,btc-updown-5m-1788178500,5,4000288,97598375129784262533801929758107895499176184370984442169064426745625510736041,2026-08-31T12:15:00+00:00,2026-08-31T12:20:00+00:00,4.67,0.5,0.51,0.505,0.01,238.52,50.0,99
2026-08-31T12:15:20.640808+00:00,btc-updown-5m-1788178800,5,4000316,26922929628553045781288402153964675234413012243842085914845615971488449662213,2026-08-31T12:20:00+00:00,2026-08-31T12:25:00+00:00,9.67,0.52,0.53,0.525,0.01,77.22,663.24,99
2026-08-31T12:15:20.640808+00:00,btc-updown-15m-1788178500,15,4000296,48846700970166398737646537272110465596343629630512604941160935346204875372050,2026-08-31T12:15:00+00:00,2026-08-31T12:30:00+00:00,14.67,0.48,0.49,0.485,0.01,74.0,78.24,99
2026-08-31T12:15:20.640808+00:00,btc-updown-15m-1788179400,15,4000526,41817105908143630124532894576819284059519694887631444976363202962737921731836,2026-08-31T12:30:00+00:00,2026-08-31T12:45:00+00:00,29.67,0.51,0.52,0.515,0.01,140.0,323.33,93
2026-08-31T12:16:21.797640+00:00,btc-updown-5m-1788178500,5,4000288,97598375129784262533801929758107895499176184370984442169064426745625510736041,2026-08-31T12:15:00+00:00,2026-08-31T12:20:00+00:00,3.65,0.43,0.44,0.435,0.01,75.3,280.0,99
2026-08-31T12:16:21.797640+00:00,btc-updown-5m-1788178800,5,4000316,26922929628553045781288402153964675234413012243842085914845615971488449662213,2026-08-31T12:20:00+00:00,2026-08-31T12:25:00+00:00,8.65,0.52,0.53,0.525,0.01,72.22,1143.24,99
2026-08-31T12:16:21.797640+00:00,btc-updown-15m-1788178500,15,4000296,48846700970166398737646537272110465596343629630512604941160935346204875372050,2026-08-31T12:15:00+00:00,2026-08-31T12:30:00+00:00,13.65,0.47,0.48,0.475,0.01,190.2,65.0,99
2026-08-31T12:16:21.797640+00:00,btc-updown-15m-1788179400,15,4000526,41817105908143630124532894576819284059519694887631444976363202962737921731836,2026-08-31T12:30:00+00:00,2026-08-31T12:45:00+00:00,28.65,0.51,0.52,0.515,0.01,85.34,515.48,93
2026-08-31T12:17:22.982002+00:00,btc-updown-5m-1788178500,5,4000288,97598375129784262533801929758107895499176184370984442169064426745625510736041,2026-08-31T12:15:00+00:00,2026-08-31T12:20:00+00:00,2.63,0.27,0.28,0.275,0.01,351.36,148.79,99
2026-08-31T12:17:22.982002+00:00,btc-updown-5m-1788178800,5,4000316,26922929628553045781288402153964675234413012243842085914845615971488449662213,2026-08-31T12:20:00+00:00,2026-08-31T12:25:00+00:00,7.63,0.52,0.53,0.525,0.01,72.22,1143.24,99
2026-08-31T12:17:22.982002+00:00,btc-updown-15m-1788178500,15,4000296,48846700970166398737646537272110465596343629630512604941160935346204875372050,2026-08-31T12:15:00+00:00,2026-08-31T12:30:00+00:00,12.63,0.41,0.42,0.415,0.01,25.0,126.0,99
2026-08-31T12:17:22.982002+00:00,btc-updown-15m-1788179400,15,4000526,41817105908143630124532894576819284059519694887631444976363202962737921731836,2026-08-31T12:30:00+00:00,2026-08-31T12:45:00+00:00,27.63,0.51,0.52,0.515,0.01,105.34,515.48,93
2026-08-31T12:18:24.163968+00:00,btc-updown-5m-1788178500,5,4000288,97598375129784262533801929758107895499176184370984442169064426745625510736041,2026-08-31T12:15:00+00:00,2026-08-31T12:20:00+00:00,1.6,0.07,0.08,0.075,0.01,205.0,212.93,99
2026-08-31T12:18:24.163968+00:00,btc-updown-5m-1788178800,5,4000316,26922929628553045781288402153964675234413012243842085914845615971488449662213,2026-08-31T12:20:00+00:00,2026-08-31T12:25:00+00:00,6.6,0.52,0.53,0.525,0.01,58.38,372.65,99
2026-08-31T12:18:24.163968+00:00,btc-updown-15m-1788178500,15,4000296,48846700970166398737646537272110465596343629630512604941160935346204875372050,2026-08-31T12:15:00+00:00,2026-08-31T12:30:00+00:00,11.6,0.35,0.36,0.355,0.01,115.0,100.0,99
2026-08-31T12:18:24.163968+00:00,btc-updown-15m-1788179400,15,4000526,41817105908143630124532894576819284059519694887631444976363202962737921731836,2026-08-31T12:30:00+00:00,2026-08-31T12:45:00+00:00,26.6,0.51,0.52,0.515,0.01,105.34,465.48,93
2026-08-31T12:19:25.408968+00:00,btc-updown-5m-1788178500,5,4000288,97598375129784262533801929758107895499176184370984442169064426745625510736041,2026-08-31T12:15:00+00:00,2026-08-31T12:20:00+00:00,0.58,0.56,0.57,0.565,0.01,70.0,69.99,97
2026-08-31T12:19:25.408968+00:00,btc-updown-5m-1788178800,5,4000316,26922929628553045781288402153964675234413012243842085914845615971488449662213,2026-08-31T12:20:00+00:00,2026-08-31T12:25:00+00:00,5.58,0.5,0.51,0.505,0.01,73.33,155.01,99
2026-08-31T12:19:25.408968+00:00,btc-updown-15m-1788178500,15,4000296,48846700970166398737646537272110465596343629630512604941160935346204875372050,2026-08-31T12:15:00+00:00,2026-08-31T12:30:00+00:00,10.58,0.47,0.48,0.475,0.01,10.0,312.0,99
2026-08-31T12:19:25.408968+00:00,btc-updown-15m-1788179400,15,4000526,41817105908143630124532894576819284059519694887631444976363202962737921731836,2026-08-31T12:30:00+00:00,2026-08-31T12:45:00+00:00,25.58,0.51,0.52,0.515,0.01,85.34,865.48,97
2026-08-31T12:20:26.805092+00:00,btc-updown-5m-1788178800,5,4000316,26922929628553045781288402153964675234413012243842085914845615971488449662213,2026-08-31T12:20:00+00:00,2026-08-31T12:25:00+00:00,4.57,0.46,0.47,0.465,0.01,90.0,59.22,99
2026-08-31T12:20:26.805092+00:00,btc-updown-5m-1788179100,5,4000501,1796853550907826117150982806518052238433106153937706445449419835263391325231,2026-08-31T12:25:00+00:00,2026-08-31T12:30:00+00:00,9.57,0.49,0.5,0.495,0.01,552.55,98.0,99
2026-08-31T12:20:26.805092+00:00,btc-updown-15m-1788178500,15,4000296,48846700970166398737646537272110465596343629630512604941160935346204875372050,2026-08-31T12:15:00+00:00,2026-08-31T12:30:00+00:00,9.57,0.49,0.5,0.495,0.01,150.0,170.0,99
2026-08-31T12:20:26.805092+00:00,btc-updown-15m-1788179400,15,4000526,41817105908143630124532894576819284059519694887631444976363202962737921731836,2026-08-31T12:30:00+00:00,2026-08-31T12:45:00+00:00,24.57,0.51,0.52,0.515,0.01,85.34,520.48,97
2026-08-31T12:21:28.185751+00:00,btc-updown-5m-1788178800,5,4000316,26922929628553045781288402153964675234413012243842085914845615971488449662213,2026-08-31T12:20:00+00:00,2026-08-31T12:25:00+00:00,3.53,0.22,0.23,0.225,0.01,361.68,76.9,99
2026-08-31T12:21:28.185751+00:00,btc-updown-5m-1788179100,5,4000501,1796853550907826117150982806518052238433106153937706445449419835263391325231,2026-08-31T12:25:00+00:00,2026-08-31T12:30:00+00:00,8.53,0.49,0.5,0.495,0.01,605.0,19.0,99
2026-08-31T12:21:28.185751+00:00,btc-updown-15m-1788178500,15,4000296,48846700970166398737646537272110465596343629630512604941160935346204875372050,2026-08-31T12:15:00+00:00,2026-08-31T12:30:00+00:00,8.53,0.34,0.35,0.345,0.01,140.0,15.0,99
2026-08-31T12:21:28.185751+00:00,btc-updown-15m-1788179400,15,4000526,41817105908143630124532894576819284059519694887631444976363202962737921731836,2026-08-31T12:30:00+00:00,2026-08-31T12:45:00+00:00,23.53,0.51,0.52,0.515,0.01,115.34,520.48,97
2026-08-31T12:22:29.352564+00:00,btc-updown-5m-1788178800,5,4000316,26922929628553045781288402153964675234413012243842085914845615971488449662213,2026-08-31T12:20:00+00:00,2026-08-31T12:25:00+00:00,2.52,0.01,0.02,0.015,0.01,1484.3,15.0,99
2026-08-31T12:22:29.352564+00:00,btc-updown-5m-1788179100,5,4000501,1796853550907826117150982806518052238433106153937706445449419835263391325231,2026-08-31T12:25:00+00:00,2026-08-31T12:30:00+00:00,7.52,0.49,0.5,0.495,0.01,552.77,19.0,99
2026-08-31T12:22:29.352564+00:00,btc-updown-15m-1788178500,15,4000296,48846700970166398737646537272110465596343629630512604941160935346204875372050,2026-08-31T12:15:00+00:00,2026-08-31T12:30:00+00:00,7.52,0.15,0.16,0.155,0.01,94.98,165.0,99
2026-08-31T12:22:29.352564+00:00,btc-updown-15m-1788179400,15,4000526,41817105908143630124532894576819284059519694887631444976363202962737921731836,2026-08-31T12:30:00+00:00,2026-08-31T12:45:00+00:00,22.52,0.51,0.52,0.515,0.01,321.42,220.0,97
2026-08-31T12:23:30.520846+00:00,btc-updown-5m-1788178800,5,4000316,26922929628553045781288402153964675234413012243842085914845615971488449662213,2026-08-31T12:20:00+00:00,2026-08-31T12:25:00+00:00,1.5,0.07,0.08,0.075,0.01,93.0,20.0,99
2026-08-31T12:23:30.520846+00:00,btc-updown-5m-1788179100,5,4000501,1796853550907826117150982806518052238433106153937706445449419835263391325231,2026-08-31T12:25:00+00:00,2026-08-31T12:30:00+00:00,6.5,0.5,0.51,0.505,0.01,60.0,15.0,99
2026-08-31T12:23:30.520846+00:00,btc-updown-15m-1788178500,15,4000296,48846700970166398737646537272110465596343629630512604941160935346204875372050,2026-08-31T12:15:00+00:00,2026-08-31T12:30:00+00:00,6.5,0.33,0.34,0.335,0.01,93.31,60.0,99
2026-08-31T12:23:30.520846+00:00,btc-updown-15m-1788179400,15,4000526,41817105908143630124532894576819284059519694887631444976363202962737921731836,2026-08-31T12:30:00+00:00,2026-08-31T12:45:00+00:00,21.5,0.51,0.52,0.515,0.01,65.34,507.16,97
2026-08-31T12:24:31.675381+00:00,btc-updown-5m-1788179100,5,4000501,1796853550907826117150982806518052238433106153937706445449419835263391325231,2026-08-31T12:25:00+00:00,2026-08-31T12:30:00+00:00,5.48,0.46,0.48,0.47,0.02,54.14,22.0,98
2026-08-31T12:24:31.675381+00:00,btc-updown-15m-1788178500,15,4000296,48846700970166398737646537272110465596343629630512604941160935346204875372050,2026-08-31T12:15:00+00:00,2026-08-31T12:30:00+00:00,5.48,0.06,0.07,0.065,0.01,302.0,81.0,99
2026-08-31T12:24:31.675381+00:00,btc-updown-15m-1788179400,15,4000526,41817105908143630124532894576819284059519694887631444976363202962737921731836,2026-08-31T12:30:00+00:00,2026-08-31T12:45:00+00:00,20.48,0.51,0.52,0.515,0.01,371.42,405.23,97
2026-08-31T12:25:32.784806+00:00,btc-updown-5m-1788179100,5,4000501,1796853550907826117150982806518052238433106153937706445449419835263391325231,2026-08-31T12:25:00+00:00,2026-08-31T12:30:00+00:00,4.47,0.13,0.14,0.135,0.01,163.0,232.0,99
2026-08-31T12:25:32.784806+00:00,btc-updown-5m-1788179400,5,4000519,81333698310201598419393282206387685392932645893032819734972463769896421958538,2026-08-31T12:30:00+00:00,2026-08-31T12:35:00+00:00,9.47,0.5,0.51,0.505,0.01,1802.48,226.6,99
2026-08-31T12:25:32.784806+00:00,btc-updown-15m-1788179400,15,4000526,41817105908143630124532894576819284059519694887631444976363202962737921731836,2026-08-31T12:30:00+00:00,2026-08-31T12:45:00+00:00,19.47,0.51,0.52,0.515,0.01,803.42,205.0,97
2026-08-31T12:26:34.022228+00:00,btc-updown-5m-1788179100,5,4000501,1796853550907826117150982806518052238433106153937706445449419835263391325231,2026-08-31T12:25:00+00:00,2026-08-31T12:30:00+00:00,3.43,0.02,0.03,0.025,0.01,1072.73,136.0,99
2026-08-31T12:26:34.022228+00:00,btc-updown-5m-1788179400,5,4000519,81333698310201598419393282206387685392932645893032819734972463769896421958538,2026-08-31T12:30:00+00:00,2026-08-31T12:35:00+00:00,8.43,0.51,0.52,0.515,0.01,720.0,279.03,99
2026-08-31T12:26:34.022228+00:00,btc-updown-15m-1788179400,15,4000526,41817105908143630124532894576819284059519694887631444976363202962737921731836,2026-08-31T12:30:00+00:00,2026-08-31T12:45:00+00:00,18.43,0.53,0.54,0.535,0.01,225.34,530.91,97
2026-08-31T12:27:35.082513+00:00,btc-updown-5m-1788179100,5,4000501,1796853550907826117150982806518052238433106153937706445449419835263391325231,2026-08-31T12:25:00+00:00,2026-08-31T12:30:00+00:00,2.42,0.03,0.04,0.035,0.01,20.0,433.55,99
2026-08-31T12:27:35.082513+00:00,btc-updown-5m-1788179400,5,4000519,81333698310201598419393282206387685392932645893032819734972463769896421958538,2026-08-31T12:30:00+00:00,2026-08-31T12:35:00+00:00,7.42,0.52,0.53,0.525,0.01,38.0,353.15,99
2026-08-31T12:27:35.082513+00:00,btc-updown-15m-1788178500,15,4000296,48846700970166398737646537272110465596343629630512604941160935346204875372050,2026-08-31T12:15:00+00:00,2026-08-31T12:30:00+00:00,2.42,0.001,0.002,0.0015,0.001,1772.71,1559.91,110
2026-08-31T12:27:35.082513+00:00,btc-updown-15m-1788179400,15,4000526,41817105908143630124532894576819284059519694887631444976363202962737921731836,2026-08-31T12:30:00+00:00,2026-08-31T12:45:00+00:00,17.42,0.53,0.54,0.535,0.01,165.34,529.42,97
2026-08-31T12:28:36.223812+00:00,btc-updown-5m-1788179100,5,4000501,1796853550907826117150982806518052238433106153937706445449419835263391325231,2026-08-31T12:25:00+00:00,2026-08-31T12:30:00+00:00,1.4,0.001,0.004,0.0025,0.003,1930.7,8.04,115
2026-08-31T12:28:36.223812+00:00,btc-updown-5m-1788179400,5,4000519,81333698310201598419393282206387685392932645893032819734972463769896421958538,2026-08-31T12:30:00+00:00,2026-08-31T12:35:00+00:00,6.4,0.52,0.53,0.525,0.01,33.54,205.0,99
2026-08-31T12:28:36.223812+00:00,btc-updown-15m-1788179400,15,4000526,41817105908143630124532894576819284059519694887631444976363202962737921731836,2026-08-31T12:30:00+00:00,2026-08-31T12:45:00+00:00,16.4,0.53,0.54,0.535,0.01,330.89,351.79,97
2026-08-31T12:29:37.278701+00:00,btc-updown-5m-1788179400,5,4000519,81333698310201598419393282206387685392932645893032819734972463769896421958538,2026-08-31T12:30:00+00:00,2026-08-31T12:35:00+00:00,5.38,0.53,0.56,0.545,0.03,27.0,20.37,97
2026-08-31T12:29:37.278701+00:00,btc-updown-15m-1788179400,15,4000526,41817105908143630124532894576819284059519694887631444976363202962737921731836,2026-08-31T12:30:00+00:00,2026-08-31T12:45:00+00:00,15.38,0.53,0.54,0.535,0.01,600.7,5.0,98
2026-08-31T12:30:38.283763+00:00,btc-updown-5m-1788179400,5,4000519,81333698310201598419393282206387685392932645893032819734972463769896421958538,2026-08-31T12:30:00+00:00,2026-08-31T12:35:00+00:00,4.37,0.17,0.18,0.175,0.01,69.58,295.92,99
2026-08-31T12:30:38.283763+00:00,btc-updown-5m-1788179700,5,4000622,3525932383191328866008086702867313843913778590669060259082689919279205630524,2026-08-31T12:35:00+00:00,2026-08-31T12:40:00+00:00,9.37,0.5,0.51,0.505,0.01,1747.59,522.57,99
2026-08-31T12:30:38.283763+00:00,btc-updown-15m-1788179400,15,4000526,41817105908143630124532894576819284059519694887631444976363202962737921731836,2026-08-31T12:30:00+00:00,2026-08-31T12:45:00+00:00,14.37,0.3,0.31,0.305,0.01,326.77,23.77,98
2026-08-31T12:30:38.283763+00:00,btc-updown-15m-1788180300,15,4001259,115664630091799047820234975197111867606965437907654889759121515411211508469188,2026-08-31T12:45:00+00:00,2026-08-31T13:00:00+00:00,29.37,0.51,0.52,0.515,0.01,556.0,285.38,93
2026-08-31T12:31:39.504049+00:00,btc-updown-5m-1788179400,5,4000519,81333698310201598419393282206387685392932645893032819734972463769896421958538,2026-08-31T12:30:00+00:00,2026-08-31T12:35:00+00:00,3.35,0.05,0.06,0.055,0.01,64.71,270.51,99
2026-08-31T12:31:39.504049+00:00,btc-updown-5m-1788179700,5,4000622,3525932383191328866008086702867313843913778590669060259082689919279205630524,2026-08-31T12:35:00+00:00,2026-08-31T12:40:00+00:00,8.35,0.5,0.51,0.505,0.01,1157.95,456.75,99
2026-08-31T12:31:39.504049+00:00,btc-updown-15m-1788179400,15,4000526,41817105908143630124532894576819284059519694887631444976363202962737921731836,2026-08-31T12:30:00+00:00,2026-08-31T12:45:00+00:00,13.35,0.2,0.21,0.205,0.01,99.99,282.23,99
2026-08-31T12:31:39.504049+00:00,btc-updown-15m-1788180300,15,4001259,115664630091799047820234975197111867606965437907654889759121515411211508469188,2026-08-31T12:45:00+00:00,2026-08-31T13:00:00+00:00,28.35,0.52,0.53,0.525,0.01,642.22,469.47,93
2026-08-31T12:32:40.680555+00:00,btc-updown-5m-1788179400,5,4000519,81333698310201598419393282206387685392932645893032819734972463769896421958538,2026-08-31T12:30:00+00:00,2026-08-31T12:35:00+00:00,2.33,0.16,0.17,0.165,0.01,333.56,114.49,99
2026-08-31T12:32:40.680555+00:00,btc-updown-5m-1788179700,5,4000622,3525932383191328866008086702867313843913778590669060259082689919279205630524,2026-08-31T12:35:00+00:00,2026-08-31T12:40:00+00:00,7.33,0.5,0.51,0.505,0.01,1175.93,388.48,99
2026-08-31T12:32:40.680555+00:00,btc-updown-15m-1788179400,15,4000526,41817105908143630124532894576819284059519694887631444976363202962737921731836,2026-08-31T12:30:00+00:00,2026-08-31T12:45:00+00:00,12.33,0.36,0.37,0.365,0.01,369.0,28.0,98
2026-08-31T12:32:40.680555+00:00,btc-updown-15m-1788180300,15,4001259,115664630091799047820234975197111867606965437907654889759121515411211508469188,2026-08-31T12:45:00+00:00,2026-08-31T13:00:00+00:00,27.33,0.52,0.53,0.525,0.01,442.22,469.47,93
2026-08-31T12:33:41.856344+00:00,btc-updown-5m-1788179400,5,4000519,81333698310201598419393282206387685392932645893032819734972463769896421958538,2026-08-31T12:30:00+00:00,2026-08-31T12:35:00+00:00,1.32,0.31,0.32,0.315,0.01,15.0,223.46,99
2026-08-31T12:33:41.856344+00:00,btc-updown-5m-1788179700,5,4000622,3525932383191328866008086702867313843913778590669060259082689919279205630524,2026-08-31T12:35:00+00:00,2026-08-31T12:40:00+00:00,6.32,0.51,0.52,0.515,0.01,85.49,378.0,99
2026-08-31T12:33:41.856344+00:00,btc-updown-15m-1788179400,15,4000526,41817105908143630124532894576819284059519694887631444976363202962737921731836,2026-08-31T12:30:00+00:00,2026-08-31T12:45:00+00:00,11.32,0.48,0.49,0.485,0.01,202.0,20.0,99
2026-08-31T12:33:41.856344+00:00,btc-updown-15m-1788180300,15,4001259,115664630091799047820234975197111867606965437907654889759121515411211508469188,2026-08-31T12:45:00+00:00,2026-08-31T13:00:00+00:00,26.32,0.53,0.54,0.535,0.01,218.68,575.91,93
2026-08-31T12:34:43.001068+00:00,btc-updown-5m-1788179700,5,4000622,3525932383191328866008086702867313843913778590669060259082689919279205630524,2026-08-31T12:35:00+00:00,2026-08-31T12:40:00+00:00,5.28,0.5,0.51,0.505,0.01,44.85,163.03,99
2026-08-31T12:34:43.001068+00:00,btc-updown-15m-1788179400,15,4000526,41817105908143630124532894576819284059519694887631444976363202962737921731836,2026-08-31T12:30:00+00:00,2026-08-31T12:45:00+00:00,10.28,0.4,0.41,0.405,0.01,261.0,105.0,99
2026-08-31T12:34:43.001068+00:00,btc-updown-15m-1788180300,15,4001259,115664630091799047820234975197111867606965437907654889759121515411211508469188,2026-08-31T12:45:00+00:00,2026-08-31T13:00:00+00:00,25.28,0.53,0.54,0.535,0.01,218.68,625.91,99
2026-08-31T12:35:44.126967+00:00,btc-updown-5m-1788179700,5,4000622,3525932383191328866008086702867313843913778590669060259082689919279205630524,2026-08-31T12:35:00+00:00,2026-08-31T12:40:00+00:00,4.27,0.59,0.6,0.595,0.01,159.87,221.25,99
2026-08-31T12:35:44.126967+00:00,btc-updown-5m-1788180000,5,4001245,32581723079320218786905574123201889057010176701522372863725192770552372373279,2026-08-31T12:40:00+00:00,2026-08-31T12:45:00+00:00,9.27,0.5,0.51,0.505,0.01,1023.75,475.39,99
2026-08-31T12:35:44.126967+00:00,btc-updown-15m-1788179400,15,4000526,41817105908143630124532894576819284059519694887631444976363202962737921731836,2026-08-31T12:30:00+00:00,2026-08-31T12:45:00+00:00,9.27,0.46,0.47,0.465,0.01,173.04,227.0,99
2026-08-31T12:35:44.126967+00:00,btc-updown-15m-1788180300,15,4001259,115664630091799047820234975197111867606965437907654889759121515411211508469188,2026-08-31T12:45:00+00:00,2026-08-31T13:00:00+00:00,24.27,0.53,0.54,0.535,0.01,218.68,622.02,99
2026-08-31T12:36:45.476873+00:00,btc-updown-5m-1788179700,5,4000622,3525932383191328866008086702867313843913778590669060259082689919279205630524,2026-08-31T12:35:00+00:00,2026-08-31T12:40:00+00:00,3.25,0.66,0.67,0.665,0.01,376.0,159.26,99
2026-08-31T12:36:45.476873+00:00,btc-updown-5m-1788180000,5,4001245,32581723079320218786905574123201889057010176701522372863725192770552372373279,2026-08-31T12:40:00+00:00,2026-08-31T12:45:00+00:00,8.25,0.5,0.51,0.505,0.01,1039.75,473.42,99
2026-08-31T12:36:45.476873+00:00,btc-updown-15m-1788179400,15,4000526,41817105908143630124532894576819284059519694887631444976363202962737921731836,2026-08-31T12:30:00+00:00,2026-08-31T12:45:00+00:00,8.25,0.55,0.56,0.555,0.01,190.0,347.0,99
2026-08-31T12:36:45.476873+00:00,btc-updown-15m-1788180300,15,4001259,115664630091799047820234975197111867606965437907654889759121515411211508469188,2026-08-31T12:45:00+00:00,2026-08-31T13:00:00+00:00,23.25,0.53,0.54,0.535,0.01,218.68,722.02,99
2026-08-31T12:37:47.055807+00:00,btc-updown-5m-1788179700,5,4000622,3525932383191328866008086702867313843913778590669060259082689919279205630524,2026-08-31T12:35:00+00:00,2026-08-31T12:40:00+00:00,2.22,0.34,0.35,0.345,0.01,205.97,5.0,99
2026-08-31T12:37:47.055807+00:00,btc-updown-5m-1788180000,5,4001245,32581723079320218786905574123201889057010176701522372863725192770552372373279,2026-08-31T12:40:00+00:00,2026-08-31T12:45:00+00:00,7.22,0.5,0.51,0.505,0.01,1839.75,470.42,99
2026-08-31T12:37:47.055807+00:00,btc-updown-15m-1788179400,15,4000526,41817105908143630124532894576819284059519694887631444976363202962737921731836,2026-08-31T12:30:00+00:00,2026-08-31T12:45:00+00:00,7.22,0.33,0.34,0.335,0.01,335.0,10.0,99
2026-08-31T12:37:47.055807+00:00,btc-updown-15m-1788180300,15,4001259,115664630091799047820234975197111867606965437907654889759121515411211508469188,2026-08-31T12:45:00+00:00,2026-08-31T13:00:00+00:00,22.22,0.53,0.54,0.535,0.01,30.0,572.02,99
2026-08-31T12:38:48.273868+00:00,btc-updown-5m-1788180000,5,4001245,32581723079320218786905574123201889057010176701522372863725192770552372373279,2026-08-31T12:40:00+00:00,2026-08-31T12:45:00+00:00,6.2,0.5,0.51,0.505,0.01,973.61,231.46,99
2026-08-31T12:38:48.273868+00:00,btc-updown-15m-1788179400,15,4000526,41817105908143630124532894576819284059519694887631444976363202962737921731836,2026-08-31T12:30:00+00:00,2026-08-31T12:45:00+00:00,6.2,0.12,0.13,0.125,0.01,145.0,100.0,99
2026-08-31T12:38:48.273868+00:00,btc-updown-15m-1788180300,15,4001259,115664630091799047820234975197111867606965437907654889759121515411211508469188,2026-08-31T12:45:00+00:00,2026-08-31T13:00:00+00:00,21.2,0.53,0.54,0.535,0.01,218.68,345.37,99
2026-08-31T12:39:49.376126+00:00,btc-updown-5m-1788180000,5,4001245,32581723079320218786905574123201889057010176701522372863725192770552372373279,2026-08-31T12:40:00+00:00,2026-08-31T12:45:00+00:00,5.18,0.41,0.47,0.44,0.06,169.52,25.98,94
2026-08-31T12:39:49.376126+00:00,btc-updown-15m-1788179400,15,4000526,41817105908143630124532894576819284059519694887631444976363202962737921731836,2026-08-31T12:30:00+00:00,2026-08-31T12:45:00+00:00,5.18,0.04,0.05,0.045,0.01,115.0,274.79,99
2026-08-31T12:39:49.376126+00:00,btc-updown-15m-1788180300,15,4001259,115664630091799047820234975197111867606965437907654889759121515411211508469188,2026-08-31T12:45:00+00:00,2026-08-31T13:00:00+00:00,20.18,0.53,0.54,0.535,0.01,378.68,295.37,99
2026-08-31T12:40:50.484049+00:00,btc-updown-5m-1788180000,5,4001245,32581723079320218786905574123201889057010176701522372863725192770552372373279,2026-08-31T12:40:00+00:00,2026-08-31T12:45:00+00:00,4.17,0.11,0.12,0.115,0.01,538.18,78.0,99
2026-08-31T12:40:50.484049+00:00,btc-updown-5m-1788180300,5,4001262,86945553494504914450019968418636678053499065036873402150938923061624494127702,2026-08-31T12:45:00+00:00,2026-08-31T12:50:00+00:00,9.17,0.5,0.51,0.505,0.01,1839.24,367.19,99
2026-08-31T12:40:50.484049+00:00,btc-updown-15m-1788180300,15,4001259,115664630091799047820234975197111867606965437907654889759121515411211508469188,2026-08-31T12:45:00+00:00,2026-08-31T13:00:00+00:00,19.17,0.53,0.54,0.535,0.01,532.72,291.48,99
2026-08-31T12:41:51.741132+00:00,btc-updown-5m-1788180000,5,4001245,32581723079320218786905574123201889057010176701522372863725192770552372373279,2026-08-31T12:40:00+00:00,2026-08-31T12:45:00+00:00,3.15,0.03,0.04,0.035,0.01,691.23,175.0,99
2026-08-31T12:41:51.741132+00:00,btc-updown-5m-1788180300,5,4001262,86945553494504914450019968418636678053499065036873402150938923061624494127702,2026-08-31T12:45:00+00:00,2026-08-31T12:50:00+00:00,8.15,0.51,0.52,0.515,0.01,718.0,300.77,99
2026-08-31T12:41:51.741132+00:00,btc-updown-15m-1788180300,15,4001259,115664630091799047820234975197111867606965437907654889759121515411211508469188,2026-08-31T12:45:00+00:00,2026-08-31T13:00:00+00:00,18.15,0.53,0.54,0.535,0.01,554.72,230.0,99
2026-08-31T12:42:52.815845+00:00,btc-updown-5m-1788180000,5,4001245,32581723079320218786905574123201889057010176701522372863725192770552372373279,2026-08-31T12:40:00+00:00,2026-08-31T12:45:00+00:00,2.13,0.05,0.06,0.055,0.01,153.2,128.08,99
2026-08-31T12:42:52.815845+00:00,btc-updown-5m-1788180300,5,4001262,86945553494504914450019968418636678053499065036873402150938923061624494127702,2026-08-31T12:45:00+00:00,2026-08-31T12:50:00+00:00,7.13,0.51,0.52,0.515,0.01,135.74,177.79,99
2026-08-31T12:42:52.815845+00:00,btc-updown-15m-1788180300,15,4001259,115664630091799047820234975197111867606965437907654889759121515411211508469188,2026-08-31T12:45:00+00:00,2026-08-31T13:00:00+00:00,17.13,0.54,0.56,0.55,0.02,47.82,558.05,98
2026-08-31T12:43:53.886551+00:00,btc-updown-5m-1788180300,5,4001262,86945553494504914450019968418636678053499065036873402150938923061624494127702,2026-08-31T12:45:00+00:00,2026-08-31T12:50:00+00:00,6.12,0.51,0.52,0.515,0.01,46.57,263.92,99
2026-08-31T12:43:53.886551+00:00,btc-updown-15m-1788180300,15,4001259,115664630091799047820234975197111867606965437907654889759121515411211508469188,2026-08-31T12:45:00+00:00,2026-08-31T13:00:00+00:00,16.12,0.55,0.56,0.555,0.01,822.62,373.0,99
2026-08-31T12:44:54.874096+00:00,btc-updown-5m-1788180300,5,4001262,86945553494504914450019968418636678053499065036873402150938923061624494127702,2026-08-31T12:45:00+00:00,2026-08-31T12:50:00+00:00,5.1,0.53,0.54,0.535,0.01,39.36,7.11,99
2026-08-31T12:44:54.874096+00:00,btc-updown-15m-1788180300,15,4001259,115664630091799047820234975197111867606965437907654889759121515411211508469188,2026-08-31T12:45:00+00:00,2026-08-31T13:00:00+00:00,15.1,0.55,0.56,0.555,0.01,705.34,224.98,99
2026-08-31T12:45:55.912223+00:00,btc-updown-5m-1788180300,5,4001262,86945553494504914450019968418636678053499065036873402150938923061624494127702,2026-08-31T12:45:00+00:00,2026-08-31T12:50:00+00:00,4.08,0.25,0.26,0.255,0.01,1611.65,338.91,99
2026-08-31T12:45:55.912223+00:00,btc-updown-5m-1788180600,5,4001333,72504240039677991723888235857389185271558925608675632756849046872639786509918,2026-08-31T12:50:00+00:00,2026-08-31T12:55:00+00:00,9.08,0.5,0.51,0.505,0.01,1829.12,436.19,99
2026-08-31T12:45:55.912223+00:00,btc-updown-15m-1788180300,15,4001259,115664630091799047820234975197111867606965437907654889759121515411211508469188,2026-08-31T12:45:00+00:00,2026-08-31T13:00:00+00:00,14.08,0.38,0.39,0.385,0.01,441.5,20.0,99
2026-08-31T12:45:55.912223+00:00,btc-updown-15m-1788181200,15,4001492,89421014529895292687724197970707748830635534760470385172920781080971472694255,2026-08-31T13:00:00+00:00,2026-08-31T13:15:00+00:00,29.08,0.52,0.53,0.525,0.01,1084.46,396.23,91
2026-08-31T12:46:57.155836+00:00,btc-updown-5m-1788180300,5,4001262,86945553494504914450019968418636678053499065036873402150938923061624494127702,2026-08-31T12:45:00+00:00,2026-08-31T12:50:00+00:00,3.05,0.37,0.38,0.375,0.01,127.94,276.0,99
2026-08-31T12:46:57.155836+00:00,btc-updown-5m-1788180600,5,4001333,72504240039677991723888235857389185271558925608675632756849046872639786509918,2026-08-31T12:50:00+00:00,2026-08-31T12:55:00+00:00,8.05,0.5,0.51,0.505,0.01,1307.76,406.76,99
2026-08-31T12:46:57.155836+00:00,btc-updown-15m-1788180300,15,4001259,115664630091799047820234975197111867606965437907654889759121515411211508469188,2026-08-31T12:45:00+00:00,2026-08-31T13:00:00+00:00,13.05,0.49,0.5,0.495,0.01,26.0,280.0,99
2026-08-31T12:46:57.155836+00:00,btc-updown-15m-1788181200,15,4001492,89421014529895292687724197970707748830635534760470385172920781080971472694255,2026-08-31T13:00:00+00:00,2026-08-31T13:15:00+00:00,28.05,0.52,0.53,0.525,0.01,499.84,396.23,91
2026-08-31T12:47:58.327786+00:00,btc-updown-5m-1788180300,5,4001262,86945553494504914450019968418636678053499065036873402150938923061624494127702,2026-08-31T12:45:00+00:00,2026-08-31T12:50:00+00:00,2.03,0.54,0.55,0.545,0.01,9.4,250.62,99
2026-08-31T12:47:58.327786+00:00,btc-updown-5m-1788180600,5,4001333,72504240039677991723888235857389185271558925608675632756849046872639786509918,2026-08-31T12:50:00+00:00,2026-08-31T12:55:00+00:00,7.03,0.5,0.51,0.505,0.01,981.76,205.0,99
2026-08-31T12:47:58.327786+00:00,btc-updown-15m-1788180300,15,4001259,115664630091799047820234975197111867606965437907654889759121515411211508469188,2026-08-31T12:45:00+00:00,2026-08-31T13:00:00+00:00,12.03,0.57,0.58,0.575,0.01,47.67,130.91,99
2026-08-31T12:47:58.327786+00:00,btc-updown-15m-1788181200,15,4001492,89421014529895292687724197970707748830635534760470385172920781080971472694255,2026-08-31T13:00:00+00:00,2026-08-31T13:15:00+00:00,27.03,0.52,0.53,0.525,0.01,692.15,227.0,91
2026-08-31T12:48:59.496011+00:00,btc-updown-5m-1788180300,5,4001262,86945553494504914450019968418636678053499065036873402150938923061624494127702,2026-08-31T12:45:00+00:00,2026-08-31T12:50:00+00:00,1.02,0.06,0.07,0.065,0.01,125.5,70.0,99
2026-08-31T12:48:59.496011+00:00,btc-updown-5m-1788180600,5,4001333,72504240039677991723888235857389185271558925608675632756849046872639786509918,2026-08-31T12:50:00+00:00,2026-08-31T12:55:00+00:00,6.02,0.52,0.53,0.525,0.01,149.83,73.39,99
2026-08-31T12:48:59.496011+00:00,btc-updown-15m-1788180300,15,4001259,115664630091799047820234975197111867606965437907654889759121515411211508469188,2026-08-31T12:45:00+00:00,2026-08-31T13:00:00+00:00,11.02,0.45,0.46,0.455,0.01,110.0,71.0,99
2026-08-31T12:48:59.496011+00:00,btc-updown-15m-1788181200,15,4001492,89421014529895292687724197970707748830635534760470385172920781080971472694255,2026-08-31T13:00:00+00:00,2026-08-31T13:15:00+00:00,26.02,0.52,0.53,0.525,0.01,892.15,227.0,91
2026-08-31T12:50:00.666951+00:00,btc-updown-5m-1788180600,5,4001333,72504240039677991723888235857389185271558925608675632756849046872639786509918,2026-08-31T12:50:00+00:00,2026-08-31T12:55:00+00:00,5.0,0.39,0.4,0.395,0.01,85.0,600.0,91
2026-08-31T12:50:00.666951+00:00,btc-updown-5m-1788180900,5,4001473,34690505453034157036746668852666352118312024936761081415943069151987297132803,2026-08-31T12:55:00+00:00,2026-08-31T13:00:00+00:00,10.0,0.5,0.51,0.505,0.01,149.08,414.95,99
2026-08-31T12:50:00.666951+00:00,btc-updown-15m-1788180300,15,4001259,115664630091799047820234975197111867606965437907654889759121515411211508469188,2026-08-31T12:45:00+00:00,2026-08-31T13:00:00+00:00,10.0,0.28,0.29,0.285,0.01,226.0,25.0,99
2026-08-31T12:50:00.666951+00:00,btc-updown-15m-1788181200,15,4001492,89421014529895292687724197970707748830635534760470385172920781080971472694255,2026-08-31T13:00:00+00:00,2026-08-31T13:15:00+00:00,25.0,0.53,0.54,0.535,0.01,310.0,525.91,97
2026-08-31T12:51:01.905113+00:00,btc-updown-5m-1788180600,5,4001333,72504240039677991723888235857389185271558925608675632756849046872639786509918,2026-08-31T12:50:00+00:00,2026-08-31T12:55:00+00:00,3.98,0.72,0.73,0.725,0.01,204.0,146.13,99
2026-08-31T12:51:01.905113+00:00,btc-updown-5m-1788180900,5,4001473,34690505453034157036746668852666352118312024936761081415943069151987297132803,2026-08-31T12:55:00+00:00,2026-08-31T13:00:00+00:00,8.98,0.51,0.53,0.52,0.02,104.0,455.65,98
2026-08-31T12:51:01.905113+00:00,btc-updown-15m-1788180300,15,4001259,115664630091799047820234975197111867606965437907654889759121515411211508469188,2026-08-31T12:45:00+00:00,2026-08-31T13:00:00+00:00,8.98,0.45,0.46,0.455,0.01,26.0,157.82,99
2026-08-31T12:51:01.905113+00:00,btc-updown-15m-1788181200,15,4001492,89421014529895292687724197970707748830635534760470385172920781080971472694255,2026-08-31T13:00:00+00:00,2026-08-31T13:15:00+00:00,23.98,0.53,0.54,0.535,0.01,278.68,349.63,97
2026-08-31T12:52:03.252435+00:00,btc-updown-5m-1788180600,5,4001333,72504240039677991723888235857389185271558925608675632756849046872639786509918,2026-08-31T12:50:00+00:00,2026-08-31T12:55:00+00:00,2.95,0.71,0.72,0.715,0.01,380.11,191.95,99
2026-08-31T12:52:03.252435+00:00,btc-updown-5m-1788180900,5,4001473,34690505453034157036746668852666352118312024936761081415943069151987297132803,2026-08-31T12:55:00+00:00,2026-08-31T13:00:00+00:00,7.95,0.52,0.53,0.525,0.01,39.0,303.52,99
2026-08-31T12:52:03.252435+00:00,btc-updown-15m-1788180300,15,4001259,115664630091799047820234975197111867606965437907654889759121515411211508469188,2026-08-31T12:45:00+00:00,2026-08-31T13:00:00+00:00,7.95,0.4,0.41,0.405,0.01,11.88,226.0,98
2026-08-31T12:52:03.252435+00:00,btc-updown-15m-1788181200,15,4001492,89421014529895292687724197970707748830635534760470385172920781080971472694255,2026-08-31T13:00:00+00:00,2026-08-31T13:15:00+00:00,22.95,0.53,0.54,0.535,0.01,270.68,357.63,97
2026-08-31T12:53:04.406605+00:00,btc-updown-5m-1788180600,5,4001333,72504240039677991723888235857389185271558925608675632756849046872639786509918,2026-08-31T12:50:00+00:00,2026-08-31T12:55:00+00:00,1.93,0.95,0.96,0.955,0.01,84.62,562.35,99
2026-08-31T12:53:04.406605+00:00,btc-updown-5m-1788180900,5,4001473,34690505453034157036746668852666352118312024936761081415943069151987297132803,2026-08-31T12:55:00+00:00,2026-08-31T13:00:00+00:00,6.93,0.53,0.54,0.535,0.01,34.9,383.95,99
2026-08-31T12:53:04.406605+00:00,btc-updown-15m-1788180300,15,4001259,115664630091799047820234975197111867606965437907654889759121515411211508469188,2026-08-31T12:45:00+00:00,2026-08-31T13:00:00+00:00,6.93,0.52,0.53,0.525,0.01,20.0,60.0,99
2026-08-31T12:53:04.406605+00:00,btc-updown-15m-1788181200,15,4001492,89421014529895292687724197970707748830635534760470385172920781080971472694255,2026-08-31T13:00:00+00:00,2026-08-31T13:15:00+00:00,21.93,0.53,0.54,0.535,0.01,270.68,357.63,97
2026-08-31T12:54:05.571411+00:00,btc-updown-5m-1788180900,5,4001473,34690505453034157036746668852666352118312024936761081415943069151987297132803,2026-08-31T12:55:00+00:00,2026-08-31T13:00:00+00:00,5.92,0.52,0.53,0.525,0.01,219.1,16.1,99
2026-08-31T12:54:05.571411+00:00,btc-updown-15m-1788180300,15,4001259,115664630091799047820234975197111867606965437907654889759121515411211508469188,2026-08-31T12:45:00+00:00,2026-08-31T13:00:00+00:00,5.92,0.43,0.44,0.435,0.01,251.0,120.0,99
2026-08-31T12:54:05.571411+00:00,btc-updown-15m-1788181200,15,4001492,89421014529895292687724197970707748830635534760470385172920781080971472694255,2026-08-31T13:00:00+00:00,2026-08-31T13:15:00+00:00,20.92,0.53,0.54,0.535,0.01,270.68,348.0,97
2026-08-31T12:55:06.660509+00:00,btc-updown-5m-1788180900,5,4001473,34690505453034157036746668852666352118312024936761081415943069151987297132803,2026-08-31T12:55:00+00:00,2026-08-31T13:00:00+00:00,4.9,0.4,0.41,0.405,0.01,429.87,14.55,99
2026-08-31T12:55:06.660509+00:00,btc-updown-5m-1788181200,5,4001490,68671143755193284577409895325407023923057661146003708604664944815974724052633,2026-08-31T13:00:00+00:00,2026-08-31T13:05:00+00:00,9.9,0.5,0.51,0.505,0.01,878.13,400.99,99
2026-08-31T12:55:06.660509+00:00,btc-updown-15m-1788180300,15,4001259,115664630091799047820234975197111867606965437907654889759121515411211508469188,2026-08-31T12:45:00+00:00,2026-08-31T13:00:00+00:00,4.9,0.33,0.34,0.335,0.01,408.97,41.0,99
2026-08-31T12:55:06.660509+00:00,btc-updown-15m-1788181200,15,4001492,89421014529895292687724197970707748830635534760470385172920781080971472694255,2026-08-31T13:00:00+00:00,2026-08-31T13:15:00+00:00,19.9,0.53,0.54,0.535,0.01,226.5,348.0,97
2026-08-31T12:56:07.880981+00:00,btc-updown-5m-1788180900,5,4001473,34690505453034157036746668852666352118312024936761081415943069151987297132803,2026-08-31T12:55:00+00:00,2026-08-31T13:00:00+00:00,3.88,0.26,0.27,0.265,0.01,92.0,220.59,99
2026-08-31T12:56:07.880981+00:00,btc-updown-5m-1788181200,5,4001490,68671143755193284577409895325407023923057661146003708604664944815974724052633,2026-08-31T13:00:00+00:00,2026-08-31T13:05:00+00:00,8.88,0.51,0.53,0.52,0.02,185.0,5.0,98
2026-08-31T12:56:07.880981+00:00,btc-updown-15m-1788180300,15,4001259,115664630091799047820234975197111867606965437907654889759121515411211508469188,2026-08-31T12:45:00+00:00,2026-08-31T13:00:00+00:00,3.88,0.17,0.18,0.175,0.01,24.0,200.0,99
2026-08-31T12:56:07.880981+00:00,btc-updown-15m-1788181200,15,4001492,89421014529895292687724197970707748830635534760470385172920781080971472694255,2026-08-31T13:00:00+00:00,2026-08-31T13:15:00+00:00,18.88,0.53,0.54,0.535,0.01,263.37,290.0,97
2026-08-31T12:57:09.101169+00:00,btc-updown-5m-1788180900,5,4001473,34690505453034157036746668852666352118312024936761081415943069151987297132803,2026-08-31T12:55:00+00:00,2026-08-31T13:00:00+00:00,2.85,0.57,0.58,0.575,0.01,45.0,403.79,99
2026-08-31T12:57:09.101169+00:00,btc-updown-5m-1788181200,5,4001490,68671143755193284577409895325407023923057661146003708604664944815974724052633,2026-08-31T13:00:00+00:00,2026-08-31T13:05:00+00:00,7.85,0.52,0.54,0.53,0.02,35.0,511.64,98
2026-08-31T12:57:09.101169+00:00,btc-updown-15m-1788180300,15,4001259,115664630091799047820234975197111867606965437907654889759121515411211508469188,2026-08-31T12:45:00+00:00,2026-08-31T13:00:00+00:00,2.85,0.34,0.35,0.345,0.01,15.8,83.0,99
2026-08-31T12:57:09.101169+00:00,btc-updown-15m-1788181200,15,4001492,89421014529895292687724197970707748830635534760470385172920781080971472694255,2026-08-31T13:00:00+00:00,2026-08-31T13:15:00+00:00,17.85,0.53,0.54,0.535,0.01,163.37,398.0,97
2026-08-31T12:58:10.315168+00:00,btc-updown-5m-1788180900,5,4001473,34690505453034157036746668852666352118312024936761081415943069151987297132803,2026-08-31T12:55:00+00:00,2026-08-31T13:00:00+00:00,1.83,0.79,0.8,0.795,0.01,66.29,450.08,99
2026-08-31T12:58:10.315168+00:00,btc-updown-5m-1788181200,5,4001490,68671143755193284577409895325407023923057661146003708604664944815974724052633,2026-08-31T13:00:00+00:00,2026-08-31T13:05:00+00:00,6.83,0.52,0.53,0.525,0.01,19.99,220.0,99
2026-08-31T12:58:10.315168+00:00,btc-updown-15m-1788180300,15,4001259,115664630091799047820234975197111867606965437907654889759121515411211508469188,2026-08-31T12:45:00+00:00,2026-08-31T13:00:00+00:00,1.83,0.58,0.59,0.585,0.01,97.37,4074.0,99
2026-08-31T12:58:10.315168+00:00,btc-updown-15m-1788181200,15,4001492,89421014529895292687724197970707748830635534760470385172920781080971472694255,2026-08-31T13:00:00+00:00,2026-08-31T13:15:00+00:00,16.83,0.53,0.54,0.535,0.01,137.11,398.0,97
2026-08-31T12:59:11.464946+00:00,btc-updown-5m-1788181200,5,4001490,68671143755193284577409895325407023923057661146003708604664944815974724052633,2026-08-31T13:00:00+00:00,2026-08-31T13:05:00+00:00,5.82,0.5,0.51,0.505,0.01,401.13,29.35,99
2026-08-31T12:59:11.464946+00:00,btc-updown-15m-1788180300,15,4001259,115664630091799047820234975197111867606965437907654889759121515411211508469188,2026-08-31T12:45:00+00:00,2026-08-31T13:00:00+00:00,0.82,0.95,0.96,0.955,0.01,194.0,151.15,99
2026-08-31T12:59:11.464946+00:00,btc-updown-15m-1788181200,15,4001492,89421014529895292687724197970707748830635534760470385172920781080971472694255,2026-08-31T13:00:00+00:00,2026-08-31T13:15:00+00:00,15.82,0.53,0.54,0.535,0.01,137.11,238.0,96
2026-08-31T13:00:12.521968+00:00,btc-updown-5m-1788181200,5,4001490,68671143755193284577409895325407023923057661146003708604664944815974724052633,2026-08-31T13:00:00+00:00,2026-08-31T13:05:00+00:00,4.8,0.66,0.67,0.665,0.01,94.1,90.98,99
2026-08-31T13:00:12.521968+00:00,btc-updown-5m-1788181500,5,4001503,43797021446309839574384315051968899859627543776957851858351317548534475959054,2026-08-31T13:05:00+00:00,2026-08-31T13:10:00+00:00,9.8,0.5,0.51,0.505,0.01,775.55,412.14,99
2026-08-31T13:00:12.521968+00:00,btc-updown-15m-1788181200,15,4001492,89421014529895292687724197970707748830635534760470385172920781080971472694255,2026-08-31T13:00:00+00:00,2026-08-31T13:15:00+00:00,14.8,0.59,0.6,0.595,0.01,55.0,130.83,99
2026-08-31T13:00:12.521968+00:00,btc-updown-15m-1788182100,15,4001543,50984302893779705890823889960910256856716511106374405359364589583313860791906,2026-08-31T13:15:00+00:00,2026-08-31T13:30:00+00:00,29.8,0.5,0.51,0.505,0.01,471.0,344.08,93
2026-08-31T13:01:13.802367+00:00,btc-updown-5m-1788181200,5,4001490,68671143755193284577409895325407023923057661146003708604664944815974724052633,2026-08-31T13:00:00+00:00,2026-08-31T13:05:00+00:00,3.78,0.87,0.88,0.875,0.01,55.0,120.86,99
2026-08-31T13:01:13.802367+00:00,btc-updown-5m-1788181500,5,4001503,43797021446309839574384315051968899859627543776957851858351317548534475959054,2026-08-31T13:05:00+00:00,2026-08-31T13:10:00+00:00,8.78,0.5,0.51,0.505,0.01,701.15,643.08,99
2026-08-31T13:01:13.802367+00:00,btc-updown-15m-1788181200,15,4001492,89421014529895292687724197970707748830635534760470385172920781080971472694255,2026-08-31T13:00:00+00:00,2026-08-31T13:15:00+00:00,13.78,0.7,0.71,0.705,0.01,6.64,215.0,99
2026-08-31T13:01:13.802367+00:00,btc-updown-15m-1788182100,15,4001543,50984302893779705890823889960910256856716511106374405359364589583313860791906,2026-08-31T13:15:00+00:00,2026-08-31T13:30:00+00:00,28.78,0.5,0.51,0.505,0.01,371.0,290.0,93
2026-08-31T13:02:14.983558+00:00,btc-updown-5m-1788181500,5,4001503,43797021446309839574384315051968899859627543776957851858351317548534475959054,2026-08-31T13:05:00+00:00,2026-08-31T13:10:00+00:00,7.77,0.5,0.51,0.505,0.01,704.49,400.92,99
2026-08-31T13:02:14.983558+00:00,btc-updown-15m-1788181200,15,4001492,89421014529895292687724197970707748830635534760470385172920781080971472694255,2026-08-31T13:00:00+00:00,2026-08-31T13:15:00+00:00,12.77,0.88,0.89,0.885,0.01,105.0,290.0,99
2026-08-31T13:02:14.983558+00:00,btc-updown-15m-1788182100,15,4001543,50984302893779705890823889960910256856716511106374405359364589583313860791906,2026-08-31T13:15:00+00:00,2026-08-31T13:30:00+00:00,27.77,0.5,0.51,0.505,0.01,231.0,1100.0,93
2026-08-31T13:03:16.019503+00:00,btc-updown-5m-1788181500,5,4001503,43797021446309839574384315051968899859627543776957851858351317548534475959054,2026-08-31T13:05:00+00:00,2026-08-31T13:10:00+00:00,6.73,0.5,0.51,0.505,0.01,122.0,375.57,99
2026-08-31T13:03:16.019503+00:00,btc-updown-15m-1788181200,15,4001492,89421014529895292687724197970707748830635534760470385172920781080971472694255,2026-08-31T13:00:00+00:00,2026-08-31T13:15:00+00:00,11.73,0.8,0.81,0.805,0.01,60.0,70.0,99
2026-08-31T13:03:16.019503+00:00,btc-updown-15m-1788182100,15,4001543,50984302893779705890823889960910256856716511106374405359364589583313860791906,2026-08-31T13:15:00+00:00,2026-08-31T13:30:00+00:00,26.73,0.5,0.51,0.505,0.01,230.34,290.0,93
2026-08-31T13:04:17.076313+00:00,btc-updown-5m-1788181500,5,4001503,43797021446309839574384315051968899859627543776957851858351317548534475959054,2026-08-31T13:05:00+00:00,2026-08-31T13:10:00+00:00,5.72,0.52,0.53,0.525,0.01,34.97,60.0,99
2026-08-31T13:04:17.076313+00:00,btc-updown-15m-1788181200,15,4001492,89421014529895292687724197970707748830635534760470385172920781080971472694255,2026-08-31T13:00:00+00:00,2026-08-31T13:15:00+00:00,10.72,0.81,0.82,0.815,0.01,164.73,21.34,99
2026-08-31T13:04:17.076313+00:00,btc-updown-15m-1788182100,15,4001543,50984302893779705890823889960910256856716511106374405359364589583313860791906,2026-08-31T13:15:00+00:00,2026-08-31T13:30:00+00:00,25.72,0.5,0.51,0.505,0.01,330.34,240.98,94
2026-08-31T13:05:18.131224+00:00,btc-updown-5m-1788181500,5,4001503,43797021446309839574384315051968899859627543776957851858351317548534475959054,2026-08-31T13:05:00+00:00,2026-08-31T13:10:00+00:00,4.7,0.39,0.4,0.395,0.01,23.76,211.97,99
2026-08-31T13:05:18.131224+00:00,btc-updown-5m-1788181800,5,4001528,111223525070618625297980366019650880639880383456126051946944822663612235823056,2026-08-31T13:10:00+00:00,2026-08-31T13:15:00+00:00,9.7,0.5,0.51,0.505,0.01,238.12,690.42,99
2026-08-31T13:05:18.131224+00:00,btc-updown-15m-1788181200,15,4001492,89421014529895292687724197970707748830635534760470385172920781080971472694255,2026-08-31T13:00:00+00:00,2026-08-31T13:15:00+00:00,9.7,0.75,0.76,0.755,0.01,51.0,115.0,99
2026-08-31T13:05:18.131224+00:00,btc-updown-15m-1788182100,15,4001543,50984302893779705890823889960910256856716511106374405359364589583313860791906,2026-08-31T13:15:00+00:00,2026-08-31T13:30:00+00:00,24.7,0.5,0.51,0.505,0.01,440.34,205.0,95
2026-08-31T13:06:19.375467+00:00,btc-updown-5m-1788181500,5,4001503,43797021446309839574384315051968899859627543776957851858351317548534475959054,2026-08-31T13:05:00+00:00,2026-08-31T13:10:00+00:00,3.68,0.5,0.51,0.505,0.01,91.11,119.9,99
2026-08-31T13:06:19.375467+00:00,btc-updown-5m-1788181800,5,4001528,111223525070618625297980366019650880639880383456126051946944822663612235823056,2026-08-31T13:10:00+00:00,2026-08-31T13:15:00+00:00,8.68,0.5,0.51,0.505,0.01,238.12,621.42,99
2026-08-31T13:06:19.375467+00:00,btc-updown-15m-1788181200,15,4001492,89421014529895292687724197970707748830635534760470385172920781080971472694255,2026-08-31T13:00:00+00:00,2026-08-31T13:15:00+00:00,8.68,0.83,0.84,0.835,0.01,175.0,249.0,99
2026-08-31T13:06:19.375467+00:00,btc-updown-15m-1788182100,15,4001543,50984302893779705890823889960910256856716511106374405359364589583313860791906,2026-08-31T13:15:00+00:00,2026-08-31T13:30:00+00:00,23.68,0.5,0.51,0.505,0.01,390.34,205.0,95
2026-08-31T13:07:20.539908+00:00,btc-updown-5m-1788181500,5,4001503,43797021446309839574384315051968899859627543776957851858351317548534475959054,2026-08-31T13:05:00+00:00,2026-08-31T13:10:00+00:00,2.67,0.54,0.55,0.545,0.01,586.0,149.57,99
2026-08-31T13:07:20.539908+00:00,btc-updown-5m-1788181800,5,4001528,111223525070618625297980366019650880639880383456126051946944822663612235823056,2026-08-31T13:10:00+00:00,2026-08-31T13:15:00+00:00,7.67,0.5,0.51,0.505,0.01,247.1,613.42,99
2026-08-31T13:07:20.539908+00:00,btc-updown-15m-1788181200,15,4001492,89421014529895292687724197970707748830635534760470385172920781080971472694255,2026-08-31T13:00:00+00:00,2026-08-31T13:15:00+00:00,7.67,0.85,0.86,0.855,0.01,167.0,270.0,99
2026-08-31T13:07:20.539908+00:00,btc-updown-15m-1788182100,15,4001543,50984302893779705890823889960910256856716511106374405359364589583313860791906,2026-08-31T13:15:00+00:00,2026-08-31T13:30:00+00:00,22.67,0.5,0.51,0.505,0.01,230.34,255.0,95
2026-08-31T13:08:21.680293+00:00,btc-updown-5m-1788181500,5,4001503,43797021446309839574384315051968899859627543776957851858351317548534475959054,2026-08-31T13:05:00+00:00,2026-08-31T13:10:00+00:00,1.65,0.89,0.9,0.895,0.01,35.0,511.32,99
2026-08-31T13:08:21.680293+00:00,btc-updown-5m-1788181800,5,4001528,111223525070618625297980366019650880639880383456126051946944822663612235823056,2026-08-31T13:10:00+00:00,2026-08-31T13:15:00+00:00,6.65,0.5,0.51,0.505,0.01,169.1,840.94,99
2026-08-31T13:08:21.680293+00:00,btc-updown-15m-1788181200,15,4001492,89421014529895292687724197970707748830635534760470385172920781080971472694255,2026-08-31T13:00:00+00:00,2026-08-31T13:15:00+00:00,6.65,0.93,0.94,0.935,0.01,181.0,205.0,99
2026-08-31T13:08:21.680293+00:00,btc-updown-15m-1788182100,15,4001543,50984302893779705890823889960910256856716511106374405359364589583313860791906,2026-08-31T13:15:00+00:00,2026-08-31T13:30:00+00:00,21.65,0.5,0.51,0.505,0.01,200.34,255.0,95
2026-08-31T13:09:22.824295+00:00,btc-updown-5m-1788181500,5,4001503,43797021446309839574384315051968899859627543776957851858351317548534475959054,2026-08-31T13:05:00+00:00,2026-08-31T13:10:00+00:00,0.63,0.83,0.84,0.835,0.01,144.95,55.0,99
2026-08-31T13:09:22.824295+00:00,btc-updown-5m-1788181800,5,4001528,111223525070618625297980366019650880639880383456126051946944822663612235823056,2026-08-31T13:10:00+00:00,2026-08-31T13:15:00+00:00,5.63,0.49,0.51,0.5,0.02,185.27,274.0,98
2026-08-31T13:09:22.824295+00:00,btc-updown-15m-1788181200,15,4001492,89421014529895292687724197970707748830635534760470385172920781080971472694255,2026-08-31T13:00:00+00:00,2026-08-31T13:15:00+00:00,5.63,0.9,0.91,0.905,0.01,185.0,104.94,99
2026-08-31T13:09:22.824295+00:00,btc-updown-15m-1788182100,15,4001543,50984302893779705890823889960910256856716511106374405359364589583313860791906,2026-08-31T13:15:00+00:00,2026-08-31T13:30:00+00:00,20.63,0.5,0.51,0.505,0.01,330.34,255.0,95
2026-08-31T13:10:24.430963+00:00,btc-updown-5m-1788181800,5,4001528,111223525070618625297980366019650880639880383456126051946944822663612235823056,2026-08-31T13:10:00+00:00,2026-08-31T13:15:00+00:00,4.6,0.39,0.4,0.395,0.01,35.01,204.84,99
2026-08-31T13:10:24.430963+00:00,btc-updown-5m-1788182100,5,4001546,40303222011024979307934392935494176181719096615213755306184570023746365042961,2026-08-31T13:15:00+00:00,2026-08-31T13:20:00+00:00,9.6,0.5,0.51,0.505,0.01,113.95,2081.69,99
2026-08-31T13:10:24.430963+00:00,btc-updown-15m-1788181200,15,4001492,89421014529895292687724197970707748830635534760470385172920781080971472694255,2026-08-31T13:00:00+00:00,2026-08-31T13:15:00+00:00,4.6,0.91,0.92,0.915,0.01,181.0,367.0,99
2026-08-31T13:10:24.430963+00:00,btc-updown-15m-1788182100,15,4001543,50984302893779705890823889960910256856716511106374405359364589583313860791906,2026-08-31T13:15:00+00:00,2026-08-31T13:30:00+00:00,19.6,0.5,0.51,0.505,0.01,335.34,355.0,95
2026-08-31T13:11:25.586872+00:00,btc-updown-5m-1788181800,5,4001528,111223525070618625297980366019650880639880383456126051946944822663612235823056,2026-08-31T13:10:00+00:00,2026-08-31T13:15:00+00:00,3.58,0.5,0.51,0.505,0.01,74.99,545.19,99
2026-08-31T13:11:25.586872+00:00,btc-updown-5m-1788182100,5,4001546,40303222011024979307934392935494176181719096615213755306184570023746365042961,2026-08-31T13:15:00+00:00,2026-08-31T13:20:00+00:00,8.58,0.5,0.51,0.505,0.01,118.95,659.69,99
2026-08-31T13:11:25.586872+00:00,btc-updown-15m-1788181200,15,4001492,89421014529895292687724197970707748830635534760470385172920781080971472694255,2026-08-31T13:00:00+00:00,2026-08-31T13:15:00+00:00,3.58,0.96,0.97,0.965,0.01,270.0,242.9,99
2026-08-31T13:11:25.586872+00:00,btc-updown-15m-1788182100,15,4001543,50984302893779705890823889960910256856716511106374405359364589583313860791906,2026-08-31T13:15:00+00:00,2026-08-31T13:30:00+00:00,18.58,0.5,0.51,0.505,0.01,335.34,145.0,95
2026-08-31T13:12:26.739244+00:00,btc-updown-5m-1788181800,5,4001528,111223525070618625297980366019650880639880383456126051946944822663612235823056,2026-08-31T13:10:00+00:00,2026-08-31T13:15:00+00:00,2.57,0.83,0.84,0.835,0.01,1005.41,71.92,99
2026-08-31T13:12:26.739244+00:00,btc-updown-5m-1788182100,5,4001546,40303222011024979307934392935494176181719096615213755306184570023746365042961,2026-08-31T13:15:00+00:00,2026-08-31T13:20:00+00:00,7.57,0.5,0.51,0.505,0.01,116.93,636.59,99
2026-08-31T13:12:26.739244+00:00,btc-updown-15m-1788182100,15,4001543,50984302893779705890823889960910256856716511106374405359364589583313860791906,2026-08-31T13:15:00+00:00,2026-08-31T13:30:00+00:00,17.57,0.5,0.51,0.505,0.01,205.34,255.0,95
2026-08-31T13:13:27.815595+00:00,btc-updown-5m-1788181800,5,4001528,111223525070618625297980366019650880639880383456126051946944822663612235823056,2026-08-31T13:10:00+00:00,2026-08-31T13:15:00+00:00,1.55,0.71,0.72,0.715,0.01,51.23,300.97,99
2026-08-31T13:13:27.815595+00:00,btc-updown-5m-1788182100,5,4001546,40303222011024979307934392935494176181719096615213755306184570023746365042961,2026-08-31T13:15:00+00:00,2026-08-31T13:20:00+00:00,6.55,0.5,0.51,0.505,0.01,44.89,625.65,99
2026-08-31T13:13:27.815595+00:00,btc-updown-15m-1788181200,15,4001492,89421014529895292687724197970707748830635534760470385172920781080971472694255,2026-08-31T13:00:00+00:00,2026-08-31T13:15:00+00:00,1.55,0.991,0.999,0.995,0.008,100.0,2638.96,106
2026-08-31T13:13:27.815595+00:00,btc-updown-15m-1788182100,15,4001543,50984302893779705890823889960910256856716511106374405359364589583313860791906,2026-08-31T13:15:00+00:00,2026-08-31T13:30:00+00:00,16.55,0.49,0.5,0.495,0.01,640.81,6.3,95
2026-08-31T13:14:28.947977+00:00,btc-updown-5m-1788182100,5,4001546,40303222011024979307934392935494176181719096615213755306184570023746365042961,2026-08-31T13:15:00+00:00,2026-08-31T13:20:00+00:00,5.53,0.51,0.52,0.515,0.01,25.0,76.14,99
2026-08-31T13:14:28.947977+00:00,btc-updown-15m-1788182100,15,4001543,50984302893779705890823889960910256856716511106374405359364589583313860791906,2026-08-31T13:15:00+00:00,2026-08-31T13:30:00+00:00,15.53,0.5,0.51,0.505,0.01,299.0,3.64,96
2026-08-31T13:15:29.951235+00:00,btc-updown-5m-1788182100,5,4001546,40303222011024979307934392935494176181719096615213755306184570023746365042961,2026-08-31T13:15:00+00:00,2026-08-31T13:20:00+00:00,4.52,0.34,0.35,0.345,0.01,252.89,338.25,99
2026-08-31T13:15:29.951235+00:00,btc-updown-5m-1788182400,5,4001572,21099704420760368013736372555588459206098823005470479855897648739010394650773,2026-08-31T13:20:00+00:00,2026-08-31T13:25:00+00:00,9.52,0.5,0.51,0.505,0.01,112.9,2077.19,99
2026-08-31T13:15:29.951235+00:00,btc-updown-15m-1788182100,15,4001543,50984302893779705890823889960910256856716511106374405359364589583313860791906,2026-08-31T13:15:00+00:00,2026-08-31T13:30:00+00:00,14.52,0.41,0.42,0.415,0.01,74.24,205.52,99
2026-08-31T13:15:29.951235+00:00,btc-updown-15m-1788183000,15,4001748,13607029739229287647625782926534833299766334403662183851944343447847364293874,2026-08-31T13:30:00+00:00,2026-08-31T13:45:00+00:00,29.52,0.5,0.51,0.505,0.01,233.0,615.0,93
2026-08-31T13:16:31.146576+00:00,btc-updown-5m-1788182100,5,4001546,40303222011024979307934392935494176181719096615213755306184570023746365042961,2026-08-31T13:15:00+00:00,2026-08-31T13:20:00+00:00,3.48,0.42,0.43,0.425,0.01,119.88,208.75,99
2026-08-31T13:16:31.146576+00:00,btc-updown-5m-1788182400,5,4001572,21099704420760368013736372555588459206098823005470479855897648739010394650773,2026-08-31T13:20:00+00:00,2026-08-31T13:25:00+00:00,8.48,0.5,0.51,0.505,0.01,91.4,654.4,99
2026-08-31T13:16:31.146576+00:00,btc-updown-15m-1788182100,15,4001543,50984302893779705890823889960910256856716511106374405359364589583313860791906,2026-08-31T13:15:00+00:00,2026-08-31T13:30:00+00:00,13.48,0.46,0.47,0.465,0.01,313.34,57.0,99
2026-08-31T13:16:31.146576+00:00,btc-updown-15m-1788183000,15,4001748,13607029739229287647625782926534833299766334403662183851944343447847364293874,2026-08-31T13:30:00+00:00,2026-08-31T13:45:00+00:00,28.48,0.5,0.51,0.505,0.01,233.0,590.0,93
2026-08-31T13:17:32.290438+00:00,btc-updown-5m-1788182100,5,4001546,40303222011024979307934392935494176181719096615213755306184570023746365042961,2026-08-31T13:15:00+00:00,2026-08-31T13:20:00+00:00,2.47,0.32,0.33,0.325,0.01,236.0,273.7,99
2026-08-31T13:17:32.290438+00:00,btc-updown-5m-1788182400,5,4001572,21099704420760368013736372555588459206098823005470479855897648739010394650773,2026-08-31T13:20:00+00:00,2026-08-31T13:25:00+00:00,7.47,0.5,0.51,0.505,0.01,54.38,636.4,99
2026-08-31T13:17:32.290438+00:00,btc-updown-15m-1788182100,15,4001543,50984302893779705890823889960910256856716511106374405359364589583313860791906,2026-08-31T13:15:00+00:00,2026-08-31T13:30:00+00:00,12.47,0.43,0.44,0.435,0.01,342.0,55.0,99
2026-08-31T13:17:32.290438+00:00,btc-updown-15m-1788183000,15,4001748,13607029739229287647625782926534833299766334403662183851944343447847364293874,2026-08-31T13:30:00+00:00,2026-08-31T13:45:00+00:00,27.47,0.5,0.51,0.505,0.01,233.0,530.0,93
2026-08-31T13:18:33.472836+00:00,btc-updown-5m-1788182100,5,4001546,40303222011024979307934392935494176181719096615213755306184570023746365042961,2026-08-31T13:15:00+00:00,2026-08-31T13:20:00+00:00,1.45,0.06,0.07,0.065,0.01,121.32,221.36,99
2026-08-31T13:18:33.472836+00:00,btc-updown-5m-1788182400,5,4001572,21099704420760368013736372555588459206098823005470479855897648739010394650773,2026-08-31T13:20:00+00:00,2026-08-31T13:25:00+00:00,6.45,0.5,0.51,0.505,0.01,37.15,594.47,99
2026-08-31T13:18:33.472836+00:00,btc-updown-15m-1788182100,15,4001543,50984302893779705890823889960910256856716511106374405359364589583313860791906,2026-08-31T13:15:00+00:00,2026-08-31T13:30:00+00:00,11.45,0.32,0.33,0.325,0.01,188.0,257.0,99
2026-08-31T13:18:33.472836+00:00,btc-updown-15m-1788183000,15,4001748,13607029739229287647625782926534833299766334403662183851944343447847364293874,2026-08-31T13:30:00+00:00,2026-08-31T13:45:00+00:00,26.45,0.5,0.51,0.505,0.01,317.0,485.62,93
2026-08-31T13:19:34.619316+00:00,btc-updown-5m-1788182400,5,4001572,21099704420760368013736372555588459206098823005470479855897648739010394650773,2026-08-31T13:20:00+00:00,2026-08-31T13:25:00+00:00,5.43,0.47,0.48,0.475,0.01,25.0,31.5,99
2026-08-31T13:19:34.619316+00:00,btc-updown-15m-1788182100,15,4001543,50984302893779705890823889960910256856716511106374405359364589583313860791906,2026-08-31T13:15:00+00:00,2026-08-31T13:30:00+00:00,10.43,0.15,0.16,0.155,0.01,162.82,115.0,99
2026-08-31T13:19:34.619316+00:00,btc-updown-15m-1788183000,15,4001748,13607029739229287647625782926534833299766334403662183851944343447847364293874,2026-08-31T13:30:00+00:00,2026-08-31T13:45:00+00:00,25.43,0.5,0.51,0.505,0.01,217.0,225.62,95
2026-08-31T13:20:36.000233+00:00,btc-updown-5m-1788182400,5,4001572,21099704420760368013736372555588459206098823005470479855897648739010394650773,2026-08-31T13:20:00+00:00,2026-08-31T13:25:00+00:00,4.4,0.71,0.72,0.715,0.01,0.1,517.02,99
2026-08-31T13:20:36.000233+00:00,btc-updown-5m-1788182700,5,4001731,72146396450151440484445763094626990640451390378776014301925257253583221047545,2026-08-31T13:25:00+00:00,2026-08-31T13:30:00+00:00,9.4,0.5,0.51,0.505,0.01,1034.19,569.44,99
2026-08-31T13:20:36.000233+00:00,btc-updown-15m-1788182100,15,4001543,50984302893779705890823889960910256856716511106374405359364589583313860791906,2026-08-31T13:15:00+00:00,2026-08-31T13:30:00+00:00,9.4,0.18,0.19,0.185,0.01,247.8,20.0,99
2026-08-31T13:20:36.000233+00:00,btc-updown-15m-1788183000,15,4001748,13607029739229287647625782926534833299766334403662183851944343447847364293874,2026-08-31T13:30:00+00:00,2026-08-31T13:45:00+00:00,24.4,0.5,0.51,0.505,0.01,317.0,435.62,95
2026-08-31T13:21:37.152524+00:00,btc-updown-5m-1788182400,5,4001572,21099704420760368013736372555588459206098823005470479855897648739010394650773,2026-08-31T13:20:00+00:00,2026-08-31T13:25:00+00:00,3.38,0.92,0.93,0.925,0.01,253.1,159.65,99
2026-08-31T13:21:37.152524+00:00,btc-updown-5m-1788182700,5,4001731,72146396450151440484445763094626990640451390378776014301925257253583221047545,2026-08-31T13:25:00+00:00,2026-08-31T13:30:00+00:00,8.38,0.5,0.51,0.505,0.01,859.19,544.46,99
2026-08-31T13:21:37.152524+00:00,btc-updown-15m-1788182100,15,4001543,50984302893779705890823889960910256856716511106374405359364589583313860791906,2026-08-31T13:15:00+00:00,2026-08-31T13:30:00+00:00,8.38,0.34,0.35,0.345,0.01,194.0,205.0,98
2026-08-31T13:21:37.152524+00:00,btc-updown-15m-1788183000,15,4001748,13607029739229287647625782926534833299766334403662183851944343447847364293874,2026-08-31T13:30:00+00:00,2026-08-31T13:45:00+00:00,23.38,0.5,0.51,0.505,0.01,217.0,665.62,95
2026-08-31T13:22:38.348818+00:00,btc-updown-5m-1788182400,5,4001572,21099704420760368013736372555588459206098823005470479855897648739010394650773,2026-08-31T13:20:00+00:00,2026-08-31T13:25:00+00:00,2.37,0.8,0.81,0.805,0.01,110.0,79.14,99
2026-08-31T13:22:38.348818+00:00,btc-updown-5m-1788182700,5,4001731,72146396450151440484445763094626990640451390378776014301925257253583221047545,2026-08-31T13:25:00+00:00,2026-08-31T13:30:00+00:00,7.37,0.5,0.51,0.505,0.01,680.17,476.43,99
2026-08-31T13:22:38.348818+00:00,btc-updown-15m-1788182100,15,4001543,50984302893779705890823889960910256856716511106374405359364589583313860791906,2026-08-31T13:15:00+00:00,2026-08-31T13:30:00+00:00,7.37,0.15,0.16,0.155,0.01,268.69,140.4,99
2026-08-31T13:22:38.348818+00:00,btc-updown-15m-1788183000,15,4001748,13607029739229287647625782926534833299766334403662183851944343447847364293874,2026-08-31T13:30:00+00:00,2026-08-31T13:45:00+00:00,22.37,0.5,0.51,0.505,0.01,217.0,435.62,95
2026-08-31T13:23:39.536020+00:00,btc-updown-5m-1788182400,5,4001572,21099704420760368013736372555588459206098823005470479855897648739010394650773,2026-08-31T13:20:00+00:00,2026-08-31T13:25:00+00:00,1.35,0.95,0.96,0.955,0.01,145.71,177.31,99
2026-08-31T13:23:39.536020+00:00,btc-updown-5m-1788182700,5,4001731,72146396450151440484445763094626990640451390378776014301925257253583221047545,2026-08-31T13:25:00+00:00,2026-08-31T13:30:00+00:00,6.35,0.5,0.51,0.505,0.01,28.65,217.8,99
2026-08-31T13:23:39.536020+00:00,btc-updown-15m-1788182100,15,4001543,50984302893779705890823889960910256856716511106374405359364589583313860791906,2026-08-31T13:15:00+00:00,2026-08-31T13:30:00+00:00,6.35,0.18,0.19,0.185,0.01,170.0,83.48,99
2026-08-31T13:23:39.536020+00:00,btc-updown-15m-1788183000,15,4001748,13607029739229287647625782926534833299766334403662183851944343447847364293874,2026-08-31T13:30:00+00:00,2026-08-31T13:45:00+00:00,21.35,0.5,0.51,0.505,0.01,217.0,435.62,95
2026-08-31T13:24:40.712333+00:00,btc-updown-5m-1788182700,5,4001731,72146396450151440484445763094626990640451390378776014301925257253583221047545,2026-08-31T13:25:00+00:00,2026-08-31T13:30:00+00:00,5.33,0.49,0.5,0.495,0.01,60.08,90.56,99
2026-08-31T13:24:40.712333+00:00,btc-updown-15m-1788182100,15,4001543,50984302893779705890823889960910256856716511106374405359364589583313860791906,2026-08-31T13:15:00+00:00,2026-08-31T13:30:00+00:00,5.33,0.24,0.25,0.245,0.01,353.0,230.72,99
2026-08-31T13:24:40.712333+00:00,btc-updown-15m-1788183000,15,4001748,13607029739229287647625782926534833299766334403662183851944343447847364293874,2026-08-31T13:30:00+00:00,2026-08-31T13:45:00+00:00,20.33,0.5,0.51,0.505,0.01,210.68,450.0,95
2026-08-31T13:25:41.793220+00:00,btc-updown-5m-1788182700,5,4001731,72146396450151440484445763094626990640451390378776014301925257253583221047545,2026-08-31T13:25:00+00:00,2026-08-31T13:30:00+00:00,4.32,0.21,0.22,0.215,0.01,54.97,364.42,99
2026-08-31T13:25:41.793220+00:00,btc-updown-5m-1788183000,5,4001751,57622674555656872306251698777691899499439954132165538100929631635192273173833,2026-08-31T13:30:00+00:00,2026-08-31T13:35:00+00:00,9.32,0.5,0.51,0.505,0.01,164.38,864.88,99
2026-08-31T13:25:41.793220+00:00,btc-updown-15m-1788182100,15,4001543,50984302893779705890823889960910256856716511106374405359364589583313860791906,2026-08-31T13:15:00+00:00,2026-08-31T13:30:00+00:00,4.32,0.09,0.1,0.095,0.01,165.0,223.4,99
2026-08-31T13:25:41.793220+00:00,btc-updown-15m-1788183000,15,4001748,13607029739229287647625782926534833299766334403662183851944343447847364293874,2026-08-31T13:30:00+00:00,2026-08-31T13:45:00+00:00,19.32,0.5,0.51,0.505,0.01,215.68,455.0,95
2026-08-31T13:26:42.947944+00:00,btc-updown-5m-1788182700,5,4001731,72146396450151440484445763094626990640451390378776014301925257253583221047545,2026-08-31T13:25:00+00:00,2026-08-31T13:30:00+00:00,3.3,0.05,0.06,0.055,0.01,392.82,183.57,99
2026-08-31T13:26:42.947944+00:00,btc-updown-5m-1788183000,5,4001751,57622674555656872306251698777691899499439954132165538100929631635192273173833,2026-08-31T13:30:00+00:00,2026-08-31T13:35:00+00:00,8.3,0.5,0.51,0.505,0.01,136.01,614.88,99
2026-08-31T13:26:42.947944+00:00,btc-updown-15m-1788182100,15,4001543,50984302893779705890823889960910256856716511106374405359364589583313860791906,2026-08-31T13:15:00+00:00,2026-08-31T13:30:00+00:00,3.3,0.01,0.02,0.015,0.01,619.99,250.46,99
2026-08-31T13:26:42.947944+00:00,btc-updown-15m-1788183000,15,4001748,13607029739229287647625782926534833299766334403662183851944343447847364293874,2026-08-31T13:30:00+00:00,2026-08-31T13:45:00+00:00,18.3,0.5,0.51,0.505,0.01,455.68,239.08,97
2026-08-31T13:27:44.088513+00:00,btc-updown-5m-1788182700,5,4001731,72146396450151440484445763094626990640451390378776014301925257253583221047545,2026-08-31T13:25:00+00:00,2026-08-31T13:30:00+00:00,2.27,0.13,0.14,0.135,0.01,180.76,148.52,99
2026-08-31T13:27:44.088513+00:00,btc-updown-5m-1788183000,5,4001751,57622674555656872306251698777691899499439954132165538100929631635192273173833,2026-08-31T13:30:00+00:00,2026-08-31T13:35:00+00:00,7.27,0.5,0.51,0.505,0.01,74.99,601.88,99
2026-08-31T13:27:44.088513+00:00,btc-updown-15m-1788182100,15,4001543,50984302893779705890823889960910256856716511106374405359364589583313860791906,2026-08-31T13:15:00+00:00,2026-08-31T13:30:00+00:00,2.27,0.03,0.04,0.035,0.01,93.0,205.0,99
2026-08-31T13:27:44.088513+00:00,btc-updown-15m-1788183000,15,4001748,13607029739229287647625782926534833299766334403662183851944343447847364293874,2026-08-31T13:30:00+00:00,2026-08-31T13:45:00+00:00,17.27,0.5,0.51,0.505,0.01,200.68,640.0,97
2026-08-31T13:28:45.286697+00:00,btc-updown-5m-1788182700,5,4001731,72146396450151440484445763094626990640451390378776014301925257253583221047545,2026-08-31T13:25:00+00:00,2026-08-31T13:30:00+00:00,1.25,0.42,0.43,0.425,0.01,217.0,221.87,99
2026-08-31T13:28:45.286697+00:00,btc-updown-5m-1788183000,5,4001751,57622674555656872306251698777691899499439954132165538100929631635192273173833,2026-08-31T13:30:00+00:00,2026-08-31T13:35:00+00:00,6.25,0.49,0.5,0.495,0.01,555.11,56.1,99
2026-08-31T13:28:45.286697+00:00,btc-updown-15m-1788182100,15,4001543,50984302893779705890823889960910256856716511106374405359364589583313860791906,2026-08-31T13:15:00+00:00,2026-08-31T13:30:00+00:00,1.25,0.05,0.06,0.055,0.01,55.0,16.03,108
2026-08-31T13:28:45.286697+00:00,btc-updown-15m-1788183000,15,4001748,13607029739229287647625782926534833299766334403662183851944343447847364293874,2026-08-31T13:30:00+00:00,2026-08-31T13:45:00+00:00,16.25,0.5,0.51,0.505,0.01,492.68,245.0,97
2026-08-31T13:29:46.487736+00:00,btc-updown-5m-1788183000,5,4001751,57622674555656872306251698777691899499439954132165538100929631635192273173833,2026-08-31T13:30:00+00:00,2026-08-31T13:35:00+00:00,5.23,0.48,0.49,0.485,0.01,22.14,78.17,99
2026-08-31T13:29:46.487736+00:00,btc-updown-15m-1788183000,15,4001748,13607029739229287647625782926534833299766334403662183851944343447847364293874,2026-08-31T13:30:00+00:00,2026-08-31T13:45:00+00:00,15.23,0.5,0.51,0.505,0.01,9.54,454.19,98
2026-08-31T13:30:47.514532+00:00,btc-updown-5m-1788183000,5,4001751,57622674555656872306251698777691899499439954132165538100929631635192273173833,2026-08-31T13:30:00+00:00,2026-08-31T13:35:00+00:00,4.22,0.85,0.86,0.855,0.01,40.0,714.18,99
2026-08-31T13:30:47.514532+00:00,btc-updown-5m-1788183300,5,4001802,8844292316554255548965324816480721004225043711645543378965590591585374783593,2026-08-31T13:35:00+00:00,2026-08-31T13:40:00+00:00,9.22,0.5,0.51,0.505,0.01,100.04,2022.33,99
2026-08-31T13:30:47.514532+00:00,btc-updown-15m-1788183000,15,4001748,13607029739229287647625782926534833299766334403662183851944343447847364293874,2026-08-31T13:30:00+00:00,2026-08-31T13:45:00+00:00,14.22,0.74,0.75,0.745,0.01,5.0,271.9,99
2026-08-31T13:30:47.514532+00:00,btc-updown-15m-1788183900,15,4002005,82422348298235262583003849750841149560653433731641860762061834454796968121261,2026-08-31T13:45:00+00:00,2026-08-31T14:00:00+00:00,29.22,0.5,0.51,0.505,0.01,226.0,1299.08,93
2026-08-31T13:31:48.847117+00:00,btc-updown-5m-1788183000,5,4001751,57622674555656872306251698777691899499439954132165538100929631635192273173833,2026-08-31T13:30:00+00:00,2026-08-31T13:35:00+00:00,3.2,0.87,0.88,0.875,0.01,203.81,75.74,99
2026-08-31T13:31:48.847117+00:00,btc-updown-5m-1788183300,5,4001802,8844292316554255548965324816480721004225043711645543378965590591585374783593,2026-08-31T13:35:00+00:00,2026-08-31T13:40:00+00:00,8.2,0.5,0.51,0.505,0.01,73.04,653.1,99
2026-08-31T13:31:48.847117+00:00,btc-updown-15m-1788183000,15,4001748,13607029739229287647625782926534833299766334403662183851944343447847364293874,2026-08-31T13:30:00+00:00,2026-08-31T13:45:00+00:00,13.2,0.71,0.72,0.715,0.01,75.0,78.47,99
2026-08-31T13:31:48.847117+00:00,btc-updown-15m-1788183900,15,4002005,82422348298235262583003849750841149560653433731641860762061834454796968121261,2026-08-31T13:45:00+00:00,2026-08-31T14:00:00+00:00,28.2,0.5,0.51,0.505,0.01,226.0,699.08,93
2026-08-31T13:32:50.040481+00:00,btc-updown-5m-1788183000,5,4001751,57622674555656872306251698777691899499439954132165538100929631635192273173833,2026-08-31T13:30:00+00:00,2026-08-31T13:35:00+00:00,2.17,0.44,0.45,0.445,0.01,145.0,227.54,99
2026-08-31T13:32:50.040481+00:00,btc-updown-5m-1788183300,5,4001802,8844292316554255548965324816480721004225043711645543378965590591585374783593,2026-08-31T13:35:00+00:00,2026-08-31T13:40:00+00:00,7.17,0.5,0.51,0.505,0.01,43.62,593.13,99
2026-08-31T13:32:50.040481+00:00,btc-updown-15m-1788183000,15,4001748,13607029739229287647625782926534833299766334403662183851944343447847364293874,2026-08-31T13:30:00+00:00,2026-08-31T13:45:00+00:00,12.17,0.49,0.5,0.495,0.01,235.0,95.0,99
2026-08-31T13:32:50.040481+00:00,btc-updown-15m-1788183900,15,4002005,82422348298235262583003849750841149560653433731641860762061834454796968121261,2026-08-31T13:45:00+00:00,2026-08-31T14:00:00+00:00,27.17,0.5,0.51,0.505,0.01,416.0,489.08,93
2026-08-31T13:33:51.209454+00:00,btc-updown-5m-1788183000,5,4001751,57622674555656872306251698777691899499439954132165538100929631635192273173833,2026-08-31T13:30:00+00:00,2026-08-31T13:35:00+00:00,1.15,0.11,0.12,0.115,0.01,21.0,218.4,99
2026-08-31T13:33:51.209454+00:00,btc-updown-5m-1788183300,5,4001802,8844292316554255548965324816480721004225043711645543378965590591585374783593,2026-08-31T13:35:00+00:00,2026-08-31T13:40:00+00:00,6.15,0.5,0.51,0.505,0.01,41.48,555.21,99
2026-08-31T13:33:51.209454+00:00,btc-updown-15m-1788183000,15,4001748,13607029739229287647625782926534833299766334403662183851944343447847364293874,2026-08-31T13:30:00+00:00,2026-08-31T13:45:00+00:00,11.15,0.42,0.43,0.425,0.01,120.0,252.0,99
2026-08-31T13:33:51.209454+00:00,btc-updown-15m-1788183900,15,4002005,82422348298235262583003849750841149560653433731641860762061834454796968121261,2026-08-31T13:45:00+00:00,2026-08-31T14:00:00+00:00,26.15,0.5,0.51,0.505,0.01,416.0,285.0,93
2026-08-31T13:34:52.393420+00:00,btc-updown-5m-1788183300,5,4001802,8844292316554255548965324816480721004225043711645543378965590591585374783593,2026-08-31T13:35:00+00:00,2026-08-31T13:40:00+00:00,5.13,0.55,0.56,0.555,0.01,712.28,64.63,99
2026-08-31T13:34:52.393420+00:00,btc-updown-15m-1788183000,15,4001748,13607029739229287647625782926534833299766334403662183851944343447847364293874,2026-08-31T13:30:00+00:00,2026-08-31T13:45:00+00:00,10.13,0.42,0.44,0.43,0.02,120.0,128.98,98
2026-08-31T13:34:52.393420+00:00,btc-updown-15m-1788183900,15,4002005,82422348298235262583003849750841149560653433731641860762061834454796968121261,2026-08-31T13:45:00+00:00,2026-08-31T14:00:00+00:00,25.13,0.5,0.51,0.505,0.01,416.0,285.0,97
2026-08-31T13:35:53.523152+00:00,btc-updown-5m-1788183300,5,4001802,8844292316554255548965324816480721004225043711645543378965590591585374783593,2026-08-31T13:35:00+00:00,2026-08-31T13:40:00+00:00,4.12,0.26,0.27,0.265,0.01,302.91,391.89,99
2026-08-31T13:35:53.523152+00:00,btc-updown-5m-1788183600,5,4002003,16733807590777155277499892380712903678693030958061088775833536497342951769013,2026-08-31T13:40:00+00:00,2026-08-31T13:45:00+00:00,9.12,0.5,0.51,0.505,0.01,1387.7,452.09,99
2026-08-31T13:35:53.523152+00:00,btc-updown-15m-1788183000,15,4001748,13607029739229287647625782926534833299766334403662183851944343447847364293874,2026-08-31T13:30:00+00:00,2026-08-31T13:45:00+00:00,9.12,0.22,0.23,0.225,0.01,75.0,573.6,99
2026-08-31T13:35:53.523152+00:00,btc-updown-15m-1788183900,15,4002005,82422348298235262583003849750841149560653433731641860762061834454796968121261,2026-08-31T13:45:00+00:00,2026-08-31T14:00:00+00:00,24.12,0.5,0.51,0.505,0.01,536.0,285.0,97
2026-08-31T13:36:54.685995+00:00,btc-updown-5m-1788183300,5,4001802,8844292316554255548965324816480721004225043711645543378965590591585374783593,2026-08-31T13:35:00+00:00,2026-08-31T13:40:00+00:00,3.1,0.3,0.31,0.305,0.01,54.0,220.0,99
2026-08-31T13:36:54.685995+00:00,btc-updown-5m-1788183600,5,4002003,16733807590777155277499892380712903678693030958061088775833536497342951769013,2026-08-31T13:40:00+00:00,2026-08-31T13:45:00+00:00,8.1,0.5,0.51,0.505,0.01,953.7,436.88,99
2026-08-31T13:36:54.685995+00:00,btc-updown-15m-1788183000,15,4001748,13607029739229287647625782926534833299766334403662183851944343447847364293874,2026-08-31T13:30:00+00:00,2026-08-31T13:45:00+00:00,8.1,0.23,0.24,0.235,0.01,198.0,5.0,99
2026-08-31T13:36:54.685995+00:00,btc-updown-15m-1788183900,15,4002005,82422348298235262583003849750841149560653433731641860762061834454796968121261,2026-08-31T13:45:00+00:00,2026-08-31T14:00:00+00:00,23.1,0.5,0.51,0.505,0.01,536.0,285.0,97
2026-08-31T13:37:55.864067+00:00,btc-updown-5m-1788183300,5,4001802,8844292316554255548965324816480721004225043711645543378965590591585374783593,2026-08-31T13:35:00+00:00,2026-08-31T13:40:00+00:00,2.08,0.5,0.51,0.505,0.01,149.8,128.81,99
2026-08-31T13:37:55.864067+00:00,btc-updown-5m-1788183600,5,4002003,16733807590777155277499892380712903678693030958061088775833536497342951769013,2026-08-31T13:40:00+00:00,2026-08-31T13:45:00+00:00,7.08,0.5,0.51,0.505,0.01,900.94,438.88,99
2026-08-31T13:37:55.864067+00:00,btc-updown-15m-1788183000,15,4001748,13607029739229287647625782926534833299766334403662183851944343447847364293874,2026-08-31T13:30:00+00:00,2026-08-31T13:45:00+00:00,7.08,0.33,0.34,0.335,0.01,135.0,155.0,99
2026-08-31T13:37:55.864067+00:00,btc-updown-15m-1788183900,15,4002005,82422348298235262583003849750841149560653433731641860762061834454796968121261,2026-08-31T13:45:00+00:00,2026-08-31T14:00:00+00:00,22.08,0.5,0.51,0.505,0.01,308.0,285.0,97
2026-08-31T13:38:57.070843+00:00,btc-updown-5m-1788183300,5,4001802,8844292316554255548965324816480721004225043711645543378965590591585374783593,2026-08-31T13:35:00+00:00,2026-08-31T13:40:00+00:00,1.05,0.95,0.96,0.955,0.01,93.0,55.0,99
2026-08-31T13:38:57.070843+00:00,btc-updown-5m-1788183600,5,4002003,16733807590777155277499892380712903678693030958061088775833536497342951769013,2026-08-31T13:40:00+00:00,2026-08-31T13:45:00+00:00,6.05,0.5,0.51,0.505,0.01,232.42,178.82,99
2026-08-31T13:38:57.070843+00:00,btc-updown-15m-1788183000,15,4001748,13607029739229287647625782926534833299766334403662183851944343447847364293874,2026-08-31T13:30:00+00:00,2026-08-31T13:45:00+00:00,6.05,0.5,0.51,0.505,0.01,5.0,310.0,99
2026-08-31T13:38:57.070843+00:00,btc-updown-15m-1788183900,15,4002005,82422348298235262583003849750841149560653433731641860762061834454796968121261,2026-08-31T13:45:00+00:00,2026-08-31T14:00:00+00:00,21.05,0.5,0.51,0.505,0.01,218.0,315.0,97
2026-08-31T13:39:58.245819+00:00,btc-updown-5m-1788183600,5,4002003,16733807590777155277499892380712903678693030958061088775833536497342951769013,2026-08-31T13:40:00+00:00,2026-08-31T13:45:00+00:00,5.03,0.62,0.64,0.63,0.02,156.41,56.0,98
2026-08-31T13:39:58.245819+00:00,btc-updown-15m-1788183000,15,4001748,13607029739229287647625782926534833299766334403662183851944343447847364293874,2026-08-31T13:30:00+00:00,2026-08-31T13:45:00+00:00,5.03,0.76,0.77,0.765,0.01,223.0,40.0,99
2026-08-31T13:39:58.245819+00:00,btc-updown-15m-1788183900,15,4002005,82422348298235262583003849750841149560653433731641860762061834454796968121261,2026-08-31T13:45:00+00:00,2026-08-31T14:00:00+00:00,20.03,0.5,0.51,0.505,0.01,218.0,699.08,97
2026-08-31T13:40:59.359676+00:00,btc-updown-5m-1788183600,5,4002003,16733807590777155277499892380712903678693030958061088775833536497342951769013,2026-08-31T13:40:00+00:00,2026-08-31T13:45:00+00:00,4.02,0.43,0.44,0.435,0.01,161.98,358.88,99
2026-08-31T13:40:59.359676+00:00,btc-updown-5m-1788183900,5,4002006,82015479931841314251682979990280623616830088916665948654493487305659512717179,2026-08-31T13:45:00+00:00,2026-08-31T13:50:00+00:00,9.02,0.5,0.51,0.505,0.01,90.88,904.2,99
2026-08-31T13:40:59.359676+00:00,btc-updown-15m-1788183000,15,4001748,13607029739229287647625782926534833299766334403662183851944343447847364293874,2026-08-31T13:30:00+00:00,2026-08-31T13:45:00+00:00,4.02,0.66,0.67,0.665,0.01,100.0,122.98,99
2026-08-31T13:40:59.359676+00:00,btc-updown-15m-1788183900,15,4002005,82422348298235262583003849750841149560653433731641860762061834454796968121261,2026-08-31T13:45:00+00:00,2026-08-31T14:00:00+00:00,19.02,0.5,0.51,0.505,0.01,28.0,584.08,97
2026-08-31T13:42:00.506625+00:00,btc-updown-5m-1788183600,5,4002003,16733807590777155277499892380712903678693030958061088775833536497342951769013,2026-08-31T13:40:00+00:00,2026-08-31T13:45:00+00:00,3.0,0.7,0.71,0.705,0.01,11.2,488.22,99
2026-08-31T13:42:00.506625+00:00,btc-updown-5m-1788183900,5,4002006,82015479931841314251682979990280623616830088916665948654493487305659512717179,2026-08-31T13:45:00+00:00,2026-08-31T13:50:00+00:00,8.0,0.5,0.51,0.505,0.01,85.88,853.2,99
2026-08-31T13:42:00.506625+00:00,btc-updown-15m-1788183000,15,4001748,13607029739229287647625782926534833299766334403662183851944343447847364293874,2026-08-31T13:30:00+00:00,2026-08-31T13:45:00+00:00,3.0,0.89,0.9,0.895,0.01,84.15,110.65,99
2026-08-31T13:42:00.506625+00:00,btc-updown-15m-1788183900,15,4002005,82422348298235262583003849750841149560653433731641860762061834454796968121261,2026-08-31T13:45:00+00:00,2026-08-31T14:00:00+00:00,18.0,0.5,0.51,0.505,0.01,18.0,799.08,99
2026-08-31T13:43:01.652006+00:00,btc-updown-5m-1788183600,5,4002003,16733807590777155277499892380712903678693030958061088775833536497342951769013,2026-08-31T13:40:00+00:00,2026-08-31T13:45:00+00:00,1.98,0.78,0.79,0.785,0.01,119.0,184.51,99
2026-08-31T13:43:01.652006+00:00,btc-updown-5m-1788183900,5,4002006,82015479931841314251682979990280623616830088916665948654493487305659512717179,2026-08-31T13:45:00+00:00,2026-08-31T13:50:00+00:00,6.98,0.5,0.51,0.505,0.01,61.86,733.2,99
2026-08-31T13:43:01.652006+00:00,btc-updown-15m-1788183000,15,4001748,13607029739229287647625782926534833299766334403662183851944343447847364293874,2026-08-31T13:30:00+00:00,2026-08-31T13:45:00+00:00,1.98,0.96,0.97,0.965,0.01,75.0,111.17,99
2026-08-31T13:43:01.652006+00:00,btc-updown-15m-1788183900,15,4002005,82422348298235262583003849750841149560653433731641860762061834454796968121261,2026-08-31T13:45:00+00:00,2026-08-31T14:00:00+00:00,16.98,0.49,0.5,0.495,0.01,500.28,623.9,99
2026-08-31T13:44:02.794353+00:00,btc-updown-5m-1788183600,5,4002003,16733807590777155277499892380712903678693030958061088775833536497342951769013,2026-08-31T13:40:00+00:00,2026-08-31T13:45:00+00:00,0.97,0.21,0.22,0.215,0.01,36.16,25.0,99
2026-08-31T13:44:02.794353+00:00,btc-updown-5m-1788183900,5,4002006,82015479931841314251682979990280623616830088916665948654493487305659512717179,2026-08-31T13:45:00+00:00,2026-08-31T13:50:00+00:00,5.97,0.49,0.5,0.495,0.01,45.49,63.38,99
2026-08-31T13:44:02.794353+00:00,btc-updown-15m-1788183000,15,4001748,13607029739229287647625782926534833299766334403662183851944343447847364293874,2026-08-31T13:30:00+00:00,2026-08-31T13:45:00+00:00,0.97,0.94,0.95,0.945,0.01,63.0,94.73,107
2026-08-31T13:44:02.794353+00:00,btc-updown-15m-1788183900,15,4002005,82422348298235262583003849750841149560653433731641860762061834454796968121261,2026-08-31T13:45:00+00:00,2026-08-31T14:00:00+00:00,15.97,0.49,0.5,0.495,0.01,328.41,283.9,98
2026-08-31T13:45:03.925609+00:00,btc-updown-5m-1788183900,5,4002006,82015479931841314251682979990280623616830088916665948654493487305659512717179,2026-08-31T13:45:00+00:00,2026-08-31T13:50:00+00:00,4.95,0.41,0.42,0.415,0.01,200.0,309.95,99
2026-08-31T13:45:03.925609+00:00,btc-updown-5m-1788184200,5,4002091,67508370180400095973271737412433127649897874347630820768130373542288350088748,2026-08-31T13:50:00+00:00,2026-08-31T13:55:00+00:00,9.95,0.5,0.51,0.505,0.01,140.97,292.15,99
2026-08-31T13:45:03.925609+00:00,btc-updown-15m-1788183900,15,4002005,82422348298235262583003849750841149560653433731641860762061834454796968121261,2026-08-31T13:45:00+00:00,2026-08-31T14:00:00+00:00,14.95,0.45,0.46,0.455,0.01,150.0,175.0,99
2026-08-31T13:45:03.925609+00:00,btc-updown-15m-1788184800,15,4002432,19616723850232082278078048276865678422346916466790091126337524499790819080448,2026-08-31T14:00:00+00:00,2026-08-31T14:15:00+00:00,29.95,0.5,0.51,0.505,0.01,357.92,344.37,93
2026-08-31T13:46:05.132931+00:00,btc-updown-5m-1788183900,5,4002006,82015479931841314251682979990280623616830088916665948654493487305659512717179,2026-08-31T13:45:00+00:00,2026-08-31T13:50:00+00:00,3.92,0.15,0.16,0.155,0.01,55.96,207.52,99
2026-08-31T13:46:05.132931+00:00,btc-updown-5m-1788184200,5,4002091,67508370180400095973271737412433127649897874347630820768130373542288350088748,2026-08-31T13:50:00+00:00,2026-08-31T13:55:00+00:00,8.92,0.5,0.51,0.505,0.01,245.97,548.34,99
2026-08-31T13:46:05.132931+00:00,btc-updown-15m-1788183900,15,4002005,82422348298235262583003849750841149560653433731641860762061834454796968121261,2026-08-31T13:45:00+00:00,2026-08-31T14:00:00+00:00,13.92,0.31,0.32,0.315,0.01,215.0,25.0,99
2026-08-31T13:46:05.132931+00:00,btc-updown-15m-1788184800,15,4002432,19616723850232082278078048276865678422346916466790091126337524499790819080448,2026-08-31T14:00:00+00:00,2026-08-31T14:15:00+00:00,28.92,0.5,0.51,0.505,0.01,1277.92,544.37,93
2026-08-31T13:47:06.287115+00:00,btc-updown-5m-1788183900,5,4002006,82015479931841314251682979990280623616830088916665948654493487305659512717179,2026-08-31T13:45:00+00:00,2026-08-31T13:50:00+00:00,2.9,0.06,0.07,0.065,0.01,400.83,20.0,99
2026-08-31T13:47:06.287115+00:00,btc-updown-5m-1788184200,5,4002091,67508370180400095973271737412433127649897874347630820768130373542288350088748,2026-08-31T13:50:00+00:00,2026-08-31T13:55:00+00:00,7.9,0.5,0.51,0.505,0.01,115.88,500.46,99
2026-08-31T13:47:06.287115+00:00,btc-updown-15m-1788183900,15,4002005,82422348298235262583003849750841149560653433731641860762061834454796968121261,2026-08-31T13:45:00+00:00,2026-08-31T14:00:00+00:00,12.9,0.25,0.26,0.255,0.01,238.7,516.8,99
2026-08-31T13:47:06.287115+00:00,btc-updown-15m-1788184800,15,4002432,19616723850232082278078048276865678422346916466790091126337524499790819080448,2026-08-31T14:00:00+00:00,2026-08-31T14:15:00+00:00,27.9,0.5,0.51,0.505,0.01,577.92,290.29,93
2026-08-31T13:48:07.428714+00:00,btc-updown-5m-1788183900,5,4002006,82015479931841314251682979990280623616830088916665948654493487305659512717179,2026-08-31T13:45:00+00:00,2026-08-31T13:50:00+00:00,1.88,0.31,0.32,0.315,0.01,342.0,100.93,99
2026-08-31T13:48:07.428714+00:00,btc-updown-5m-1788184200,5,4002091,67508370180400095973271737412433127649897874347630820768130373542288350088748,2026-08-31T13:50:00+00:00,2026-08-31T13:55:00+00:00,6.88,0.5,0.51,0.505,0.01,30.0,493.94,99
2026-08-31T13:48:07.428714+00:00,btc-updown-15m-1788183900,15,4002005,82422348298235262583003849750841149560653433731641860762061834454796968121261,2026-08-31T13:45:00+00:00,2026-08-31T14:00:00+00:00,11.88,0.45,0.46,0.455,0.01,15.0,253.0,99
2026-08-31T13:48:07.428714+00:00,btc-updown-15m-1788184800,15,4002432,19616723850232082278078048276865678422346916466790091126337524499790819080448,2026-08-31T14:00:00+00:00,2026-08-31T14:15:00+00:00,26.88,0.5,0.51,0.505,0.01,357.92,290.29,93
2026-08-31T13:49:08.567576+00:00,btc-updown-5m-1788183900,5,4002006,82015479931841314251682979990280623616830088916665948654493487305659512717179,2026-08-31T13:45:00+00:00,2026-08-31T13:50:00+00:00,0.87,0.01,0.02,0.015,0.01,468.96,177.08,99
2026-08-31T13:49:08.567576+00:00,btc-updown-5m-1788184200,5,4002091,67508370180400095973271737412433127649897874347630820768130373542288350088748,2026-08-31T13:50:00+00:00,2026-08-31T13:55:00+00:00,5.87,0.49,0.5,0.495,0.01,241.5,336.0,99
2026-08-31T13:49:08.567576+00:00,btc-updown-15m-1788183900,15,4002005,82422348298235262583003849750841149560653433731641860762061834454796968121261,2026-08-31T13:45:00+00:00,2026-08-31T14:00:00+00:00,10.87,0.35,0.36,0.355,0.01,241.5,135.0,99
2026-08-31T13:49:08.567576+00:00,btc-updown-15m-1788184800,15,4002432,19616723850232082278078048276865678422346916466790091126337524499790819080448,2026-08-31T14:00:00+00:00,2026-08-31T14:15:00+00:00,25.87,0.5,0.51,0.505,0.01,477.92,504.37,99
2026-08-31T13:50:09.744883+00:00,btc-updown-5m-1788184200,5,4002091,67508370180400095973271737412433127649897874347630820768130373542288350088748,2026-08-31T13:50:00+00:00,2026-08-31T13:55:00+00:00,4.85,0.37,0.38,0.375,0.01,164.84,217.0,99
2026-08-31T13:50:09.744883+00:00,btc-updown-5m-1788184500,5,4002404,6390441719734406502854134057570352563228794840640601034083532210523977512574,2026-08-31T13:55:00+00:00,2026-08-31T14:00:00+00:00,9.85,0.5,0.51,0.505,0.01,294.31,437.21,99
2026-08-31T13:50:09.744883+00:00,btc-updown-15m-1788183900,15,4002005,82422348298235262583003849750841149560653433731641860762061834454796968121261,2026-08-31T13:45:00+00:00,2026-08-31T14:00:00+00:00,9.85,0.3,0.31,0.305,0.01,8.0,119.98,99
2026-08-31T13:50:09.744883+00:00,btc-updown-15m-1788184800,15,4002432,19616723850232082278078048276865678422346916466790091126337524499790819080448,2026-08-31T14:00:00+00:00,2026-08-31T14:15:00+00:00,24.85,0.5,0.51,0.505,0.01,427.92,300.29,99
2026-08-31T13:51:10.964295+00:00,btc-updown-5m-1788184200,5,4002091,67508370180400095973271737412433127649897874347630820768130373542288350088748,2026-08-31T13:50:00+00:00,2026-08-31T13:55:00+00:00,3.83,0.28,0.29,0.285,0.01,461.59,133.87,99
2026-08-31T13:51:10.964295+00:00,btc-updown-5m-1788184500,5,4002404,6390441719734406502854134057570352563228794840640601034083532210523977512574,2026-08-31T13:55:00+00:00,2026-08-31T14:00:00+00:00,8.83,0.5,0.51,0.505,0.01,942.31,563.7,99
2026-08-31T13:51:10.964295+00:00,btc-updown-15m-1788183900,15,4002005,82422348298235262583003849750841149560653433731641860762061834454796968121261,2026-08-31T13:45:00+00:00,2026-08-31T14:00:00+00:00,8.83,0.22,0.23,0.225,0.01,100.0,133.0,99
2026-08-31T13:51:10.964295+00:00,btc-updown-15m-1788184800,15,4002432,19616723850232082278078048276865678422346916466790091126337524499790819080448,2026-08-31T14:00:00+00:00,2026-08-31T14:15:00+00:00,23.83,0.5,0.51,0.505,0.01,427.92,300.29,99
2026-08-31T13:52:12.152494+00:00,btc-updown-5m-1788184200,5,4002091,67508370180400095973271737412433127649897874347630820768130373542288350088748,2026-08-31T13:50:00+00:00,2026-08-31T13:55:00+00:00,2.8,0.14,0.15,0.145,0.01,74.95,492.63,99
2026-08-31T13:52:12.152494+00:00,btc-updown-5m-1788184500,5,4002404,6390441719734406502854134057570352563228794840640601034083532210523977512574,2026-08-31T13:55:00+00:00,2026-08-31T14:00:00+00:00,7.8,0.5,0.51,0.505,0.01,560.29,548.63,99
2026-08-31T13:52:12.152494+00:00,btc-updown-15m-1788183900,15,4002005,82422348298235262583003849750841149560653433731641860762061834454796968121261,2026-08-31T13:45:00+00:00,2026-08-31T14:00:00+00:00,7.8,0.15,0.16,0.155,0.01,307.0,181.37,99
2026-08-31T13:52:12.152494+00:00,btc-updown-15m-1788184800,15,4002432,19616723850232082278078048276865678422346916466790091126337524499790819080448,2026-08-31T14:00:00+00:00,2026-08-31T14:15:00+00:00,22.8,0.5,0.51,0.505,0.01,477.92,300.29,99
2026-08-31T13:53:13.308652+00:00,btc-updown-5m-1788184200,5,4002091,67508370180400095973271737412433127649897874347630820768130373542288350088748,2026-08-31T13:50:00+00:00,2026-08-31T13:55:00+00:00,1.78,0.09,0.1,0.095,0.01,256.81,5.6,99
2026-08-31T13:53:13.308652+00:00,btc-updown-5m-1788184500,5,4002404,6390441719734406502854134057570352563228794840640601034083532210523977512574,2026-08-31T13:55:00+00:00,2026-08-31T14:00:00+00:00,6.78,0.5,0.51,0.505,0.01,883.27,539.79,99
2026-08-31T13:53:13.308652+00:00,btc-updown-15m-1788183900,15,4002005,82422348298235262583003849750841149560653433731641860762061834454796968121261,2026-08-31T13:45:00+00:00,2026-08-31T14:00:00+00:00,6.78,0.15,0.16,0.155,0.01,137.2,50.0,99
2026-08-31T13:53:13.308652+00:00,btc-updown-15m-1788184800,15,4002432,19616723850232082278078048276865678422346916466790091126337524499790819080448,2026-08-31T14:00:00+00:00,2026-08-31T14:15:00+00:00,21.78,0.5,0.51,0.505,0.01,577.92,220.29,99
2026-08-31T13:54:14.458079+00:00,btc-updown-5m-1788184500,5,4002404,6390441719734406502854134057570352563228794840640601034083532210523977512574,2026-08-31T13:55:00+00:00,2026-08-31T14:00:00+00:00,5.77,0.51,0.53,0.52,0.02,73.63,66.0,98
2026-08-31T13:54:14.458079+00:00,btc-updown-15m-1788183900,15,4002005,82422348298235262583003849750841149560653433731641860762061834454796968121261,2026-08-31T13:45:00+00:00,2026-08-31T14:00:00+00:00,5.77,0.1,0.11,0.105,0.01,318.97,54.97,99
2026-08-31T13:54:14.458079+00:00,btc-updown-15m-1788184800,15,4002432,19616723850232082278078048276865678422346916466790091126337524499790819080448,2026-08-31T14:00:00+00:00,2026-08-31T14:15:00+00:00,20.77,0.5,0.51,0.505,0.01,577.92,220.29,99
2026-08-31T13:55:15.670178+00:00,btc-updown-5m-1788184500,5,4002404,6390441719734406502854134057570352563228794840640601034083532210523977512574,2026-08-31T13:55:00+00:00,2026-08-31T14:00:00+00:00,4.75,0.66,0.67,0.665,0.01,424.84,27.13,99
2026-08-31T13:55:15.670178+00:00,btc-updown-5m-1788184800,5,4002433,57831217599805181451932376826617726391615250097767487493206990833907195373973,2026-08-31T14:00:00+00:00,2026-08-31T14:05:00+00:00,9.75,0.51,0.52,0.515,0.01,90.0,123.41,99
2026-08-31T13:55:15.670178+00:00,btc-updown-15m-1788183900,15,4002005,82422348298235262583003849750841149560653433731641860762061834454796968121261,2026-08-31T13:45:00+00:00,2026-08-31T14:00:00+00:00,4.75,0.11,0.12,0.115,0.01,30.0,4137.03,99
2026-08-31T13:55:15.670178+00:00,btc-updown-15m-1788184800,15,4002432,19616723850232082278078048276865678422346916466790091126337524499790819080448,2026-08-31T14:00:00+00:00,2026-08-31T14:15:00+00:00,19.75,0.5,0.51,0.505,0.01,476.81,215.0,99
2026-08-31T13:56:16.898255+00:00,btc-updown-5m-1788184500,5,4002404,6390441719734406502854134057570352563228794840640601034083532210523977512574,2026-08-31T13:55:00+00:00,2026-08-31T14:00:00+00:00,3.73,0.91,0.92,0.915,0.01,340.02,203.97,99
2026-08-31T13:56:16.898255+00:00,btc-updown-5m-1788184800,5,4002433,57831217599805181451932376826617726391615250097767487493206990833907195373973,2026-08-31T14:00:00+00:00,2026-08-31T14:05:00+00:00,8.73,0.51,0.52,0.515,0.01,95.0,388.5,99
2026-08-31T13:56:16.898255+00:00,btc-updown-15m-1788183900,15,4002005,82422348298235262583003849750841149560653433731641860762061834454796968121261,2026-08-31T13:45:00+00:00,2026-08-31T14:00:00+00:00,3.73,0.3,0.31,0.305,0.01,83.0,115.0,99
2026-08-31T13:56:16.898255+00:00,btc-updown-15m-1788184800,15,4002432,19616723850232082278078048276865678422346916466790091126337524499790819080448,2026-08-31T14:00:00+00:00,2026-08-31T14:15:00+00:00,18.73,0.5,0.51,0.505,0.01,296.81,315.0,99
2026-08-31T13:57:18.028637+00:00,btc-updown-5m-1788184500,5,4002404,6390441719734406502854134057570352563228794840640601034083532210523977512574,2026-08-31T13:55:00+00:00,2026-08-31T14:00:00+00:00,2.7,0.89,0.9,0.895,0.01,187.61,335.0,99
2026-08-31T13:57:18.028637+00:00,btc-updown-5m-1788184800,5,4002433,57831217599805181451932376826617726391615250097767487493206990833907195373973,2026-08-31T14:00:00+00:00,2026-08-31T14:05:00+00:00,7.7,0.51,0.52,0.515,0.01,112.0,351.05,99
2026-08-31T13:57:18.028637+00:00,btc-updown-15m-1788183900,15,4002005,82422348298235262583003849750841149560653433731641860762061834454796968121261,2026-08-31T13:45:00+00:00,2026-08-31T14:00:00+00:00,2.7,0.12,0.13,0.125,0.01,143.87,220.0,99
2026-08-31T13:57:18.028637+00:00,btc-updown-15m-1788184800,15,4002432,19616723850232082278078048276865678422346916466790091126337524499790819080448,2026-08-31T14:00:00+00:00,2026-08-31T14:15:00+00:00,17.7,0.5,0.51,0.505,0.01,396.81,419.08,99
2026-08-31T13:58:19.184281+00:00,btc-updown-5m-1788184500,5,4002404,6390441719734406502854134057570352563228794840640601034083532210523977512574,2026-08-31T13:55:00+00:00,2026-08-31T14:00:00+00:00,1.68,0.91,0.92,0.915,0.01,115.0,22.51,99
2026-08-31T13:58:19.184281+00:00,btc-updown-5m-1788184800,5,4002433,57831217599805181451932376826617726391615250097767487493206990833907195373973,2026-08-31T14:00:00+00:00,2026-08-31T14:05:00+00:00,6.68,0.5,0.52,0.51,0.02,381.31,220.0,98
2026-08-31T13:58:19.184281+00:00,btc-updown-15m-1788183900,15,4002005,82422348298235262583003849750841149560653433731641860762061834454796968121261,2026-08-31T13:45:00+00:00,2026-08-31T14:00:00+00:00,1.68,0.01,0.02,0.015,0.01,613.0,256.3,99
2026-08-31T13:58:19.184281+00:00,btc-updown-15m-1788184800,15,4002432,19616723850232082278078048276865678422346916466790091126337524499790819080448,2026-08-31T14:00:00+00:00,2026-08-31T14:15:00+00:00,16.68,0.5,0.51,0.505,0.01,296.81,105.0,99
2026-08-31T13:59:20.337115+00:00,btc-updown-5m-1788184800,5,4002433,57831217599805181451932376826617726391615250097767487493206990833907195373973,2026-08-31T14:00:00+00:00,2026-08-31T14:05:00+00:00,5.67,0.47,0.48,0.475,0.01,53.43,60.0,99
2026-08-31T13:59:20.337115+00:00,btc-updown-15m-1788184800,15,4002432,19616723850232082278078048276865678422346916466790091126337524499790819080448,2026-08-31T14:00:00+00:00,2026-08-31T14:15:00+00:00,15.67,0.51,0.52,0.515,0.01,208.99,130.92,98
2026-08-31T14:00:21.289779+00:00,btc-updown-5m-1788184800,5,4002433,57831217599805181451932376826617726391615250097767487493206990833907195373973,2026-08-31T14:00:00+00:00,2026-08-31T14:05:00+00:00,4.65,0.59,0.6,0.595,0.01,272.06,477.01,99
2026-08-31T14:00:21.289779+00:00,btc-updown-5m-1788185100,5,4002441,42812047725369583973013299726199023874917660593226010674285767893125057386802,2026-08-31T14:05:00+00:00,2026-08-31T14:10:00+00:00,9.65,0.5,0.51,0.505,0.01,305.36,426.14,99
2026-08-31T14:00:21.289779+00:00,btc-updown-15m-1788184800,15,4002432,19616723850232082278078048276865678422346916466790091126337524499790819080448,2026-08-31T14:00:00+00:00,2026-08-31T14:15:00+00:00,14.65,0.54,0.55,0.545,0.01,330.0,8.0,99
2026-08-31T14:00:21.289779+00:00,btc-updown-15m-1788185700,15,4002579,66065135643053837078223339906598418652973913960494688108858356863502980382775,2026-08-31T14:15:00+00:00,2026-08-31T14:30:00+00:00,29.65,0.5,0.51,0.505,0.01,471.5,249.08,91
2026-08-31T14:01:22.482637+00:00,btc-updown-5m-1788184800,5,4002433,57831217599805181451932376826617726391615250097767487493206990833907195373973,2026-08-31T14:00:00+00:00,2026-08-31T14:05:00+00:00,3.63,0.44,0.45,0.445,0.01,59.79,692.0,99
2026-08-31T14:01:22.482637+00:00,btc-updown-5m-1788185100,5,4002441,42812047725369583973013299726199023874917660593226010674285767893125057386802,2026-08-31T14:05:00+00:00,2026-08-31T14:10:00+00:00,8.63,0.5,0.51,0.505,0.01,500.36,561.66,99
2026-08-31T14:01:22.482637+00:00,btc-updown-15m-1788184800,15,4002432,19616723850232082278078048276865678422346916466790091126337524499790819080448,2026-08-31T14:00:00+00:00,2026-08-31T14:15:00+00:00,13.63,0.49,0.5,0.495,0.01,79.26,420.2,99
2026-08-31T14:01:22.482637+00:00,btc-updown-15m-1788185700,15,4002579,66065135643053837078223339906598418652973913960494688108858356863502980382775,2026-08-31T14:15:00+00:00,2026-08-31T14:30:00+00:00,28.63,0.5,0.51,0.505,0.01,571.5,245.0,91
2026-08-31T14:02:23.632779+00:00,btc-updown-5m-1788184800,5,4002433,57831217599805181451932376826617726391615250097767487493206990833907195373973,2026-08-31T14:00:00+00:00,2026-08-31T14:05:00+00:00,2.62,0.73,0.74,0.735,0.01,208.18,234.24,99
2026-08-31T14:02:23.632779+00:00,btc-updown-5m-1788185100,5,4002441,42812047725369583973013299726199023874917660593226010674285767893125057386802,2026-08-31T14:05:00+00:00,2026-08-31T14:10:00+00:00,7.62,0.5,0.51,0.505,0.01,430.36,540.44,99
2026-08-31T14:02:23.632779+00:00,btc-updown-15m-1788184800,15,4002432,19616723850232082278078048276865678422346916466790091126337524499790819080448,2026-08-31T14:00:00+00:00,2026-08-31T14:15:00+00:00,12.62,0.59,0.6,0.595,0.01,80.0,65.0,99
2026-08-31T14:02:23.632779+00:00,btc-updown-15m-1788185700,15,4002579,66065135643053837078223339906598418652973913960494688108858356863502980382775,2026-08-31T14:15:00+00:00,2026-08-31T14:30:00+00:00,27.62,0.5,0.51,0.505,0.01,451.5,245.0,91
2026-08-31T14:03:24.802357+00:00,btc-updown-5m-1788184800,5,4002433,57831217599805181451932376826617726391615250097767487493206990833907195373973,2026-08-31T14:00:00+00:00,2026-08-31T14:05:00+00:00,1.6,0.92,0.93,0.925,0.01,125.32,549.38,99
2026-08-31T14:03:24.802357+00:00,btc-updown-5m-1788185100,5,4002441,42812047725369583973013299726199023874917660593226010674285767893125057386802,2026-08-31T14:05:00+00:00,2026-08-31T14:10:00+00:00,6.6,0.5,0.51,0.505,0.01,272.06,327.12,99
2026-08-31T14:03:24.802357+00:00,btc-updown-15m-1788184800,15,4002432,19616723850232082278078048276865678422346916466790091126337524499790819080448,2026-08-31T14:00:00+00:00,2026-08-31T14:15:00+00:00,11.6,0.67,0.68,0.675,0.01,185.0,198.0,99
2026-08-31T14:03:24.802357+00:00,btc-updown-15m-1788185700,15,4002579,66065135643053837078223339906598418652973913960494688108858356863502980382775,2026-08-31T14:15:00+00:00,2026-08-31T14:30:00+00:00,26.6,0.5,0.51,0.505,0.01,451.5,245.0,91
2026-08-31T14:04:25.959440+00:00,btc-updown-5m-1788185100,5,4002441,42812047725369583973013299726199023874917660593226010674285767893125057386802,2026-08-31T14:05:00+00:00,2026-08-31T14:10:00+00:00,5.58,0.49,0.5,0.495,0.01,179.09,43.46,99
2026-08-31T14:04:25.959440+00:00,btc-updown-15m-1788184800,15,4002432,19616723850232082278078048276865678422346916466790091126337524499790819080448,2026-08-31T14:00:00+00:00,2026-08-31T14:15:00+00:00,10.58,0.76,0.77,0.765,0.01,145.0,169.38,99
2026-08-31T14:04:25.959440+00:00,btc-updown-15m-1788185700,15,4002579,66065135643053837078223339906598418652973913960494688108858356863502980382775,2026-08-31T14:15:00+00:00,2026-08-31T14:30:00+00:00,25.58,0.5,0.51,0.505,0.01,261.5,335.0,99
2026-08-31T14:05:28.255426+00:00,btc-updown-5m-1788185100,5,4002441,42812047725369583973013299726199023874917660593226010674285767893125057386802,2026-08-31T14:05:00+00:00,2026-08-31T14:10:00+00:00,4.53,0.25,0.26,0.255,0.01,596.81,173.57,99
2026-08-31T14:05:28.255426+00:00,btc-updown-5m-1788185400,5,4002565,23971158574575927768367434122034749019276412940243271720640095810152148436679,2026-08-31T14:10:00+00:00,2026-08-31T14:15:00+00:00,9.53,0.5,0.51,0.505,0.01,208.12,499.25,99
2026-08-31T14:05:28.255426+00:00,btc-updown-15m-1788184800,15,4002432,19616723850232082278078048276865678422346916466790091126337524499790819080448,2026-08-31T14:00:00+00:00,2026-08-31T14:15:00+00:00,9.53,0.65,0.66,0.655,0.01,140.0,375.0,99
2026-08-31T14:05:28.255426+00:00,btc-updown-15m-1788185700,15,4002579,66065135643053837078223339906598418652973913960494688108858356863502980382775,2026-08-31T14:15:00+00:00,2026-08-31T14:30:00+00:00,24.53,0.5,0.51,0.505,0.01,456.5,245.0,99
2026-08-31T14:06:30.479580+00:00,btc-updown-5m-1788185100,5,4002441,42812047725369583973013299726199023874917660593226010674285767893125057386802,2026-08-31T14:05:00+00:00,2026-08-31T14:10:00+00:00,3.5,0.42,0.43,0.425,0.01,167.21,538.0,99
2026-08-31T14:06:30.479580+00:00,btc-updown-5m-1788185400,5,4002565,23971158574575927768367434122034749019276412940243271720640095810152148436679,2026-08-31T14:10:00+00:00,2026-08-31T14:15:00+00:00,8.5,0.5,0.51,0.505,0.01,208.12,426.5,99
2026-08-31T14:06:30.479580+00:00,btc-updown-15m-1788184800,15,4002432,19616723850232082278078048276865678422346916466790091126337524499790819080448,2026-08-31T14:00:00+00:00,2026-08-31T14:15:00+00:00,8.5,0.76,0.77,0.765,0.01,160.0,195.0,99
2026-08-31T14:06:30.479580+00:00,btc-updown-15m-1788185700,15,4002579,66065135643053837078223339906598418652973913960494688108858356863502980382775,2026-08-31T14:15:00+00:00,2026-08-31T14:30:00+00:00,23.5,0.5,0.51,0.505,0.01,266.5,335.0,99
2026-08-31T14:07:31.609541+00:00,btc-updown-5m-1788185100,5,4002441,42812047725369583973013299726199023874917660593226010674285767893125057386802,2026-08-31T14:05:00+00:00,2026-08-31T14:10:00+00:00,2.48,0.04,0.05,0.045,0.01,757.12,57.8,99
2026-08-31T14:07:31.609541+00:00,btc-updown-5m-1788185400,5,4002565,23971158574575927768367434122034749019276412940243271720640095810152148436679,2026-08-31T14:10:00+00:00,2026-08-31T14:15:00+00:00,7.48,0.5,0.51,0.505,0.01,376.12,364.53,99
2026-08-31T14:07:31.609541+00:00,btc-updown-15m-1788184800,15,4002432,19616723850232082278078048276865678422346916466790091126337524499790819080448,2026-08-31T14:00:00+00:00,2026-08-31T14:15:00+00:00,7.48,0.48,0.49,0.485,0.01,135.0,120.0,99
2026-08-31T14:07:31.609541+00:00,btc-updown-15m-1788185700,15,4002579,66065135643053837078223339906598418652973913960494688108858356863502980382775,2026-08-31T14:15:00+00:00,2026-08-31T14:30:00+00:00,22.48,0.5,0.51,0.505,0.01,576.5,245.0,99
2026-08-31T14:08:32.750662+00:00,btc-updown-5m-1788185100,5,4002441,42812047725369583973013299726199023874917660593226010674285767893125057386802,2026-08-31T14:05:00+00:00,2026-08-31T14:10:00+00:00,1.47,0.52,0.53,0.525,0.01,202.0,244.0,99
2026-08-31T14:08:32.750662+00:00,btc-updown-5m-1788185400,5,4002565,23971158574575927768367434122034749019276412940243271720640095810152148436679,2026-08-31T14:10:00+00:00,2026-08-31T14:15:00+00:00,6.47,0.5,0.51,0.505,0.01,130.7,126.95,99
2026-08-31T14:08:32.750662+00:00,btc-updown-15m-1788184800,15,4002432,19616723850232082278078048276865678422346916466790091126337524499790819080448,2026-08-31T14:00:00+00:00,2026-08-31T14:15:00+00:00,6.47,0.81,0.82,0.815,0.01,232.87,65.01,99
2026-08-31T14:08:32.750662+00:00,btc-updown-15m-1788185700,15,4002579,66065135643053837078223339906598418652973913960494688108858356863502980382775,2026-08-31T14:15:00+00:00,2026-08-31T14:30:00+00:00,21.47,0.5,0.51,0.505,0.01,266.5,335.0,99
2026-08-31T14:09:33.907289+00:00,btc-updown-5m-1788185400,5,4002565,23971158574575927768367434122034749019276412940243271720640095810152148436679,2026-08-31T14:10:00+00:00,2026-08-31T14:15:00+00:00,5.45,0.46,0.47,0.465,0.01,188.0,10.0,99
2026-08-31T14:09:33.907289+00:00,btc-updown-15m-1788184800,15,4002432,19616723850232082278078048276865678422346916466790091126337524499790819080448,2026-08-31T14:00:00+00:00,2026-08-31T14:15:00+00:00,5.45,0.86,0.87,0.865,0.01,205.0,113.0,99
2026-08-31T14:09:33.907289+00:00,btc-updown-15m-1788185700,15,4002579,66065135643053837078223339906598418652973913960494688108858356863502980382775,2026-08-31T14:15:00+00:00,2026-08-31T14:30:00+00:00,20.45,0.5,0.51,0.505,0.01,386.5,255.0,99
2026-08-31T14:10:35.077958+00:00,btc-updown-5m-1788185400,5,4002565,23971158574575927768367434122034749019276412940243271720640095810152148436679,2026-08-31T14:10:00+00:00,2026-08-31T14:15:00+00:00,4.42,0.34,0.35,0.345,0.01,457.11,120.0,99
2026-08-31T14:10:35.077958+00:00,btc-updown-5m-1788185700,5,4002570,54580697744541753667361598484951113140081626031022134866318343303513230332288,2026-08-31T14:15:00+00:00,2026-08-31T14:20:00+00:00,9.42,0.5,0.51,0.505,0.01,803.07,460.42,99
2026-08-31T14:10:35.077958+00:00,btc-updown-15m-1788184800,15,4002432,19616723850232082278078048276865678422346916466790091126337524499790819080448,2026-08-31T14:00:00+00:00,2026-08-31T14:15:00+00:00,4.42,0.81,0.82,0.815,0.01,288.0,144.0,99
2026-08-31T14:10:35.077958+00:00,btc-updown-15m-1788185700,15,4002579,66065135643053837078223339906598418652973913960494688108858356863502980382775,2026-08-31T14:15:00+00:00,2026-08-31T14:30:00+00:00,19.42,0.5,0.51,0.505,0.01,289.5,35.0,99
2026-08-31T14:11:36.208841+00:00,btc-updown-5m-1788185400,5,4002565,23971158574575927768367434122034749019276412940243271720640095810152148436679,2026-08-31T14:10:00+00:00,2026-08-31T14:15:00+00:00,3.4,0.29,0.3,0.295,0.01,31.43,519.45,99
2026-08-31T14:11:36.208841+00:00,btc-updown-5m-1788185700,5,4002570,54580697744541753667361598484951113140081626031022134866318343303513230332288,2026-08-31T14:15:00+00:00,2026-08-31T14:20:00+00:00,8.4,0.5,0.51,0.505,0.01,803.07,445.77,99
2026-08-31T14:11:36.208841+00:00,btc-updown-15m-1788184800,15,4002432,19616723850232082278078048276865678422346916466790091126337524499790819080448,2026-08-31T14:00:00+00:00,2026-08-31T14:15:00+00:00,3.4,0.87,0.89,0.88,0.02,260.0,108.0,98
2026-08-31T14:11:36.208841+00:00,btc-updown-15m-1788185700,15,4002579,66065135643053837078223339906598418652973913960494688108858356863502980382775,2026-08-31T14:15:00+00:00,2026-08-31T14:30:00+00:00,18.4,0.5,0.51,0.505,0.01,389.5,35.0,99
2026-08-31T14:12:37.346469+00:00,btc-updown-5m-1788185400,5,4002565,23971158574575927768367434122034749019276412940243271720640095810152148436679,2026-08-31T14:10:00+00:00,2026-08-31T14:15:00+00:00,2.38,0.09,0.1,0.095,0.01,134.56,167.0,99
2026-08-31T14:12:37.346469+00:00,btc-updown-5m-1788185700,5,4002570,54580697744541753667361598484951113140081626031022134866318343303513230332288,2026-08-31T14:15:00+00:00,2026-08-31T14:20:00+00:00,7.38,0.5,0.51,0.505,0.01,973.07,585.17,99
2026-08-31T14:12:37.346469+00:00,btc-updown-15m-1788184800,15,4002432,19616723850232082278078048276865678422346916466790091126337524499790819080448,2026-08-31T14:00:00+00:00,2026-08-31T14:15:00+00:00,2.38,0.71,0.72,0.715,0.01,55.0,176.47,99
2026-08-31T14:12:37.346469+00:00,btc-updown-15m-1788185700,15,4002579,66065135643053837078223339906598418652973913960494688108858356863502980382775,2026-08-31T14:15:00+00:00,2026-08-31T14:30:00+00:00,17.38,0.5,0.51,0.505,0.01,519.5,235.0,99
2026-08-31T14:13:38.477552+00:00,btc-updown-5m-1788185400,5,4002565,23971158574575927768367434122034749019276412940243271720640095810152148436679,2026-08-31T14:10:00+00:00,2026-08-31T14:15:00+00:00,1.37,0.08,0.09,0.085,0.01,230.43,311.0,99
2026-08-31T14:13:38.477552+00:00,btc-updown-5m-1788185700,5,4002570,54580697744541753667361598484951113140081626031022134866318343303513230332288,2026-08-31T14:15:00+00:00,2026-08-31T14:20:00+00:00,6.37,0.49,0.5,0.495,0.01,483.34,21.8,99
2026-08-31T14:13:38.477552+00:00,btc-updown-15m-1788184800,15,4002432,19616723850232082278078048276865678422346916466790091126337524499790819080448,2026-08-31T14:00:00+00:00,2026-08-31T14:15:00+00:00,1.37,0.95,0.96,0.955,0.01,418.0,26.9,99
2026-08-31T14:13:38.477552+00:00,btc-updown-15m-1788185700,15,4002579,66065135643053837078223339906598418652973913960494688108858356863502980382775,2026-08-31T14:15:00+00:00,2026-08-31T14:30:00+00:00,16.37,0.5,0.51,0.505,0.01,439.5,235.0,99
2026-08-31T14:14:39.644685+00:00,btc-updown-5m-1788185700,5,4002570,54580697744541753667361598484951113140081626031022134866318343303513230332288,2026-08-31T14:15:00+00:00,2026-08-31T14:20:00+00:00,5.35,0.5,0.51,0.505,0.01,13.98,513.05,99
2026-08-31T14:14:39.644685+00:00,btc-updown-15m-1788185700,15,4002579,66065135643053837078223339906598418652973913960494688108858356863502980382775,2026-08-31T14:15:00+00:00,2026-08-31T14:30:00+00:00,15.35,0.51,0.52,0.515,0.01,352.08,63.06,95
2026-08-31T14:15:40.639977+00:00,btc-updown-5m-1788185700,5,4002570,54580697744541753667361598484951113140081626031022134866318343303513230332288,2026-08-31T14:15:00+00:00,2026-08-31T14:20:00+00:00,4.33,0.21,0.23,0.22,0.02,264.62,37.34,98
2026-08-31T14:15:40.639977+00:00,btc-updown-5m-1788186000,5,4002674,69892870969820463502985632619980159752709714882071589840588024958082086303284,2026-08-31T14:20:00+00:00,2026-08-31T14:25:00+00:00,9.33,0.5,0.51,0.505,0.01,995.87,568.16,99
2026-08-31T14:15:40.639977+00:00,btc-updown-15m-1788185700,15,4002579,66065135643053837078223339906598418652973913960494688108858356863502980382775,2026-08-31T14:15:00+00:00,2026-08-31T14:30:00+00:00,14.33,0.35,0.36,0.355,0.01,210.7,43.0,99
2026-08-31T14:15:40.639977+00:00,btc-updown-15m-1788186600,15,4002898,13341721018328123581153617446750277213226369786975528589131594121253421383967,2026-08-31T14:30:00+00:00,2026-08-31T14:45:00+00:00,29.33,0.52,0.53,0.525,0.01,320.0,497.55,93
2026-08-31T19:16:36.434036+00:00,btc-updown-5m-1788203700,5,4010356,82012416854164011217441362310522434622787984569423740225640345632390481338334,2026-08-31T19:15:00+00:00,2026-08-31T19:20:00+00:00,3.4,0.05,0.06,0.055,0.01,27.0,374.17,99
2026-08-31T19:16:36.434036+00:00,btc-updown-5m-1788204000,5,4010414,51289477254829979765009642866430693554062193840569954509597023108721403873752,2026-08-31T19:20:00+00:00,2026-08-31T19:25:00+00:00,8.4,0.49,0.5,0.495,0.01,443.0,534.32,99
2026-08-31T19:16:36.434036+00:00,btc-updown-15m-1788203700,15,4010358,93045720513528553781346398333782476391089818959151366371019695995279214556186,2026-08-31T19:15:00+00:00,2026-08-31T19:30:00+00:00,13.4,0.19,0.2,0.195,0.01,140.0,161.3,99
2026-08-31T19:16:36.434036+00:00,btc-updown-15m-1788204600,15,4010521,87585730822195761835847144269155648361802058093228918193435366804909514445866,2026-08-31T19:30:00+00:00,2026-08-31T19:45:00+00:00,28.4,0.4,0.41,0.405,0.01,1577.68,26602.92,89
2026-08-31T19:17:37.585725+00:00,btc-updown-5m-1788204000,5,4010414,51289477254829979765009642866430693554062193840569954509597023108721403873752,2026-08-31T19:20:00+00:00,2026-08-31T19:25:00+00:00,7.38,0.48,0.5,0.49,0.02,368.21,504.12,98
2026-08-31T19:17:37.585725+00:00,btc-updown-15m-1788203700,15,4010358,93045720513528553781346398333782476391089818959151366371019695995279214556186,2026-08-31T19:15:00+00:00,2026-08-31T19:30:00+00:00,12.38,0.17,0.18,0.175,0.01,108.06,323.71,99
2026-08-31T19:17:37.585725+00:00,btc-updown-15m-1788204600,15,4010521,87585730822195761835847144269155648361802058093228918193435366804909514445866,2026-08-31T19:30:00+00:00,2026-08-31T19:45:00+00:00,27.38,0.43,0.44,0.435,0.01,874.77,89.57,91
2026-08-31T19:18:38.898924+00:00,btc-updown-5m-1788204000,5,4010414,51289477254829979765009642866430693554062193840569954509597023108721403873752,2026-08-31T19:20:00+00:00,2026-08-31T19:25:00+00:00,6.37,0.47,0.49,0.48,0.02,453.04,82.44,98
2026-08-31T19:18:38.898924+00:00,btc-updown-15m-1788203700,15,4010358,93045720513528553781346398333782476391089818959151366371019695995279214556186,2026-08-31T19:15:00+00:00,2026-08-31T19:30:00+00:00,11.37,0.09,0.1,0.095,0.01,5254.23,98.9,99
2026-08-31T19:18:38.898924+00:00,btc-updown-15m-1788204600,15,4010521,87585730822195761835847144269155648361802058093228918193435366804909514445866,2026-08-31T19:30:00+00:00,2026-08-31T19:45:00+00:00,26.37,0.43,0.44,0.435,0.01,664.77,89.57,91
2026-08-31T19:19:39.816859+00:00,btc-updown-5m-1788204000,5,4010414,51289477254829979765009642866430693554062193840569954509597023108721403873752,2026-08-31T19:20:00+00:00,2026-08-31T19:25:00+00:00,5.35,0.45,0.48,0.465,0.03,228.58,31.0,97
2026-08-31T19:19:39.816859+00:00,btc-updown-15m-1788203700,15,4010358,93045720513528553781346398333782476391089818959151366371019695995279214556186,2026-08-31T19:15:00+00:00,2026-08-31T19:30:00+00:00,10.35,0.08,0.09,0.085,0.01,207.22,159.99,99
2026-08-31T19:19:39.816859+00:00,btc-updown-15m-1788204600,15,4010521,87585730822195761835847144269155648361802058093228918193435366804909514445866,2026-08-31T19:30:00+00:00,2026-08-31T19:45:00+00:00,25.35,0.39,0.4,0.395,0.01,617.21,23498.3,98
2026-08-31T19:20:40.799704+00:00,btc-updown-5m-1788204000,5,4010414,51289477254829979765009642866430693554062193840569954509597023108721403873752,2026-08-31T19:20:00+00:00,2026-08-31T19:25:00+00:00,4.33,0.36,0.37,0.365,0.01,438.61,17.55,99
2026-08-31T19:20:40.799704+00:00,btc-updown-5m-1788204300,5,4010472,74497512087366820780306308982793566384762493303574130918549787678178376852870,2026-08-31T19:25:00+00:00,2026-08-31T19:30:00+00:00,9.33,0.49,0.5,0.495,0.01,471.0,527.39,99
2026-08-31T19:20:40.799704+00:00,btc-updown-15m-1788203700,15,4010358,93045720513528553781346398333782476391089818959151366371019695995279214556186,2026-08-31T19:15:00+00:00,2026-08-31T19:30:00+00:00,9.33,0.04,0.05,0.045,0.01,121.43,36.22,99
2026-08-31T19:20:40.799704+00:00,btc-updown-15m-1788204600,15,4010521,87585730822195761835847144269155648361802058093228918193435366804909514445866,2026-08-31T19:30:00+00:00,2026-08-31T19:45:00+00:00,24.33,0.39,0.4,0.395,0.01,617.21,23498.3,98
2026-08-31T19:21:41.804353+00:00,btc-updown-5m-1788204000,5,4010414,51289477254829979765009642866430693554062193840569954509597023108721403873752,2026-08-31T19:20:00+00:00,2026-08-31T19:25:00+00:00,3.32,0.54,0.55,0.545,0.01,170.0,590.0,99
2026-08-31T19:21:41.804353+00:00,btc-updown-5m-1788204300,5,4010472,74497512087366820780306308982793566384762493303574130918549787678178376852870,2026-08-31T19:25:00+00:00,2026-08-31T19:30:00+00:00,8.32,0.49,0.5,0.495,0.01,711.0,527.39,99
2026-08-31T19:21:41.804353+00:00,btc-updown-15m-1788203700,15,4010358,93045720513528553781346398333782476391089818959151366371019695995279214556186,2026-08-31T19:15:00+00:00,2026-08-31T19:30:00+00:00,8.32,0.04,0.05,0.045,0.01,98.7,115.0,99
2026-08-31T19:21:41.804353+00:00,btc-updown-15m-1788204600,15,4010521,87585730822195761835847144269155648361802058093228918193435366804909514445866,2026-08-31T19:30:00+00:00,2026-08-31T19:45:00+00:00,23.32,0.39,0.4,0.395,0.01,517.21,23498.3,98
2026-08-31T19:22:42.842384+00:00,btc-updown-5m-1788204000,5,4010414,51289477254829979765009642866430693554062193840569954509597023108721403873752,2026-08-31T19:20:00+00:00,2026-08-31T19:25:00+00:00,2.3,0.25,0.26,0.255,0.01,115.5,14.84,99
2026-08-31T19:22:42.842384+00:00,btc-updown-5m-1788204300,5,4010472,74497512087366820780306308982793566384762493303574130918549787678178376852870,2026-08-31T19:25:00+00:00,2026-08-31T19:30:00+00:00,7.3,0.49,0.5,0.495,0.01,588.0,537.39,99
2026-08-31T19:22:42.842384+00:00,btc-updown-15m-1788203700,15,4010358,93045720513528553781346398333782476391089818959151366371019695995279214556186,2026-08-31T19:15:00+00:00,2026-08-31T19:30:00+00:00,7.3,0.02,0.03,0.025,0.01,421.74,328.3,99
2026-08-31T19:22:42.842384+00:00,btc-updown-15m-1788204600,15,4010521,87585730822195761835847144269155648361802058093228918193435366804909514445866,2026-08-31T19:30:00+00:00,2026-08-31T19:45:00+00:00,22.3,0.39,0.4,0.395,0.01,517.21,23498.3,98
2026-08-31T19:23:43.879660+00:00,btc-updown-5m-1788204000,5,4010414,51289477254829979765009642866430693554062193840569954509597023108721403873752,2026-08-31T19:20:00+00:00,2026-08-31T19:25:00+00:00,1.28,0.75,0.76,0.755,0.01,200.0,154.4,99
2026-08-31T19:23:43.879660+00:00,btc-updown-5m-1788204300,5,4010472,74497512087366820780306308982793566384762493303574130918549787678178376852870,2026-08-31T19:25:00+00:00,2026-08-31T19:30:00+00:00,6.28,0.5,0.51,0.505,0.01,85.09,515.05,99
2026-08-31T19:23:43.879660+00:00,btc-updown-15m-1788203700,15,4010358,93045720513528553781346398333782476391089818959151366371019695995279214556186,2026-08-31T19:15:00+00:00,2026-08-31T19:30:00+00:00,6.28,0.04,0.05,0.045,0.01,95.0,95.0,99
2026-08-31T19:23:43.879660+00:00,btc-updown-15m-1788204600,15,4010521,87585730822195761835847144269155648361802058093228918193435366804909514445866,2026-08-31T19:30:00+00:00,2026-08-31T19:45:00+00:00,21.28,0.39,0.4,0.395,0.01,517.21,23490.8,98
2026-08-31T19:24:44.876150+00:00,btc-updown-5m-1788204300,5,4010472,74497512087366820780306308982793566384762493303574130918549787678178376852870,2026-08-31T19:25:00+00:00,2026-08-31T19:30:00+00:00,5.27,0.48,0.49,0.485,0.01,30.0,10.0,99
2026-08-31T19:24:44.876150+00:00,btc-updown-15m-1788203700,15,4010358,93045720513528553781346398333782476391089818959151366371019695995279214556186,2026-08-31T19:15:00+00:00,2026-08-31T19:30:00+00:00,5.27,0.02,0.03,0.025,0.01,369.27,23.95,99
2026-08-31T19:24:44.876150+00:00,btc-updown-15m-1788204600,15,4010521,87585730822195761835847144269155648361802058093228918193435366804909514445866,2026-08-31T19:30:00+00:00,2026-08-31T19:45:00+00:00,20.27,0.39,0.4,0.395,0.01,517.21,23490.8,98
2026-08-31T19:25:45.887664+00:00,btc-updown-5m-1788204300,5,4010472,74497512087366820780306308982793566384762493303574130918549787678178376852870,2026-08-31T19:25:00+00:00,2026-08-31T19:30:00+00:00,4.25,0.29,0.3,0.295,0.01,245.87,113.0,99
2026-08-31T19:25:45.887664+00:00,btc-updown-5m-1788204600,5,4010524,89280516018691427107317106858204721322170279955383924175158306328461561077060,2026-08-31T19:30:00+00:00,2026-08-31T19:35:00+00:00,9.25,0.48,0.5,0.49,0.02,264.0,627.52,98
2026-08-31T19:25:45.887664+00:00,btc-updown-15m-1788204600,15,4010521,87585730822195761835847144269155648361802058093228918193435366804909514445866,2026-08-31T19:30:00+00:00,2026-08-31T19:45:00+00:00,19.25,0.39,0.4,0.395,0.01,517.21,23172.8,98
2026-08-31T19:26:46.810526+00:00,btc-updown-5m-1788204300,5,4010472,74497512087366820780306308982793566384762493303574130918549787678178376852870,2026-08-31T19:25:00+00:00,2026-08-31T19:30:00+00:00,3.23,0.21,0.22,0.215,0.01,406.92,102.42,99
2026-08-31T19:26:46.810526+00:00,btc-updown-5m-1788204600,5,4010524,89280516018691427107317106858204721322170279955383924175158306328461561077060,2026-08-31T19:30:00+00:00,2026-08-31T19:35:00+00:00,8.23,0.48,0.49,0.485,0.01,274.0,20.0,99
2026-08-31T19:26:46.810526+00:00,btc-updown-15m-1788204600,15,4010521,87585730822195761835847144269155648361802058093228918193435366804909514445866,2026-08-31T19:30:00+00:00,2026-08-31T19:45:00+00:00,18.23,0.39,0.4,0.395,0.01,517.21,23160.3,98
2026-08-31T19:27:47.773357+00:00,btc-updown-5m-1788204300,5,4010472,74497512087366820780306308982793566384762493303574130918549787678178376852870,2026-08-31T19:25:00+00:00,2026-08-31T19:30:00+00:00,2.22,0.21,0.22,0.215,0.01,146.0,335.58,99
2026-08-31T19:27:47.773357+00:00,btc-updown-5m-1788204600,5,4010524,89280516018691427107317106858204721322170279955383924175158306328461561077060,2026-08-31T19:30:00+00:00,2026-08-31T19:35:00+00:00,7.22,0.49,0.5,0.495,0.01,25.0,531.95,99
2026-08-31T19:27:47.773357+00:00,btc-updown-15m-1788204600,15,4010521,87585730822195761835847144269155648361802058093228918193435366804909514445866,2026-08-31T19:30:00+00:00,2026-08-31T19:45:00+00:00,17.22,0.39,0.4,0.395,0.01,517.21,23160.3,98
2026-08-31T19:28:48.697086+00:00,btc-updown-5m-1788204300,5,4010472,74497512087366820780306308982793566384762493303574130918549787678178376852870,2026-08-31T19:25:00+00:00,2026-08-31T19:30:00+00:00,1.2,0.95,0.96,0.955,0.01,150.0,131.62,99
2026-08-31T19:28:48.697086+00:00,btc-updown-5m-1788204600,5,4010524,89280516018691427107317106858204721322170279955383924175158306328461561077060,2026-08-31T19:30:00+00:00,2026-08-31T19:35:00+00:00,6.2,0.49,0.5,0.495,0.01,11.8,100.62,99
2026-08-31T19:28:48.697086+00:00,btc-updown-15m-1788204600,15,4010521,87585730822195761835847144269155648361802058093228918193435366804909514445866,2026-08-31T19:30:00+00:00,2026-08-31T19:45:00+00:00,16.2,0.39,0.4,0.395,0.01,448.72,20528.67,98
2026-08-31T19:29:49.584443+00:00,btc-updown-5m-1788204600,5,4010524,89280516018691427107317106858204721322170279955383924175158306328461561077060,2026-08-31T19:30:00+00:00,2026-08-31T19:35:00+00:00,5.18,0.48,0.49,0.485,0.01,25.0,87.0,99
2026-08-31T19:29:49.584443+00:00,btc-updown-15m-1788204600,15,4010521,87585730822195761835847144269155648361802058093228918193435366804909514445866,2026-08-31T19:30:00+00:00,2026-08-31T19:45:00+00:00,15.18,0.39,0.4,0.395,0.01,246.52,18935.64,96
2026-08-31T19:30:50.472998+00:00,btc-updown-5m-1788204600,5,4010524,89280516018691427107317106858204721322170279955383924175158306328461561077060,2026-08-31T19:30:00+00:00,2026-08-31T19:35:00+00:00,4.17,0.78,0.79,0.785,0.01,490.25,98.06,99
2026-08-31T19:30:50.472998+00:00,btc-updown-5m-1788204900,5,4010570,8725465367401745159440855194430515617590909872600982919328720454136697323135,2026-08-31T19:35:00+00:00,2026-08-31T19:40:00+00:00,9.17,0.49,0.5,0.495,0.01,659.0,537.61,99
2026-08-31T19:30:50.472998+00:00,btc-updown-15m-1788204600,15,4010521,87585730822195761835847144269155648361802058093228918193435366804909514445866,2026-08-31T19:30:00+00:00,2026-08-31T19:45:00+00:00,14.17,0.55,0.56,0.555,0.01,16896.5,355.0,99
2026-08-31T19:30:50.472998+00:00,btc-updown-15m-1788205500,15,4010885,51244156312510822837069686309703635546278834399957394283614612573713031390787,2026-08-31T19:45:00+00:00,2026-08-31T20:00:00+00:00,29.17,0.5,0.51,0.505,0.01,227.0,1245.08,91
2026-08-31T19:31:51.484004+00:00,btc-updown-5m-1788204600,5,4010524,89280516018691427107317106858204721322170279955383924175158306328461561077060,2026-08-31T19:30:00+00:00,2026-08-31T19:35:00+00:00,3.15,0.2,0.21,0.205,0.01,324.01,231.0,99
2026-08-31T19:31:51.484004+00:00,btc-updown-5m-1788204900,5,4010570,8725465367401745159440855194430515617590909872600982919328720454136697323135,2026-08-31T19:35:00+00:00,2026-08-31T19:40:00+00:00,8.15,0.49,0.5,0.495,0.01,579.0,1492.61,99
2026-08-31T19:31:51.484004+00:00,btc-updown-15m-1788204600,15,4010521,87585730822195761835847144269155648361802058093228918193435366804909514445866,2026-08-31T19:30:00+00:00,2026-08-31T19:45:00+00:00,13.15,0.33,0.34,0.335,0.01,6337.0,33.93,99
2026-08-31T19:31:51.484004+00:00,btc-updown-15m-1788205500,15,4010885,51244156312510822837069686309703635546278834399957394283614612573713031390787,2026-08-31T19:45:00+00:00,2026-08-31T20:00:00+00:00,28.15,0.5,0.51,0.505,0.01,234.83,437.1,91
2026-08-31T19:32:52.526451+00:00,btc-updown-5m-1788204600,5,4010524,89280516018691427107317106858204721322170279955383924175158306328461561077060,2026-08-31T19:30:00+00:00,2026-08-31T19:35:00+00:00,2.13,0.23,0.24,0.235,0.01,217.44,456.0,99
2026-08-31T19:32:52.526451+00:00,btc-updown-5m-1788204900,5,4010570,8725465367401745159440855194430515617590909872600982919328720454136697323135,2026-08-31T19:35:00+00:00,2026-08-31T19:40:00+00:00,7.13,0.49,0.5,0.495,0.01,493.0,542.61,99
2026-08-31T19:32:52.526451+00:00,btc-updown-15m-1788204600,15,4010521,87585730822195761835847144269155648361802058093228918193435366804909514445866,2026-08-31T19:30:00+00:00,2026-08-31T19:45:00+00:00,12.13,0.39,0.4,0.395,0.01,175.0,92.5,99
2026-08-31T19:32:52.526451+00:00,btc-updown-15m-1788205500,15,4010885,51244156312510822837069686309703635546278834399957394283614612573713031390787,2026-08-31T19:45:00+00:00,2026-08-31T20:00:00+00:00,27.13,0.5,0.51,0.505,0.01,314.83,527.1,91
2026-08-31T19:33:53.543446+00:00,btc-updown-5m-1788204600,5,4010524,89280516018691427107317106858204721322170279955383924175158306328461561077060,2026-08-31T19:30:00+00:00,2026-08-31T19:35:00+00:00,1.12,0.09,0.1,0.095,0.01,160.11,411.66,99
2026-08-31T19:33:53.543446+00:00,btc-updown-5m-1788204900,5,4010570,8725465367401745159440855194430515617590909872600982919328720454136697323135,2026-08-31T19:35:00+00:00,2026-08-31T19:40:00+00:00,6.12,0.5,0.51,0.505,0.01,23.46,461.62,99
2026-08-31T19:33:53.543446+00:00,btc-updown-15m-1788204600,15,4010521,87585730822195761835847144269155648361802058093228918193435366804909514445866,2026-08-31T19:30:00+00:00,2026-08-31T19:45:00+00:00,11.12,0.37,0.38,0.375,0.01,75.0,106.0,99
2026-08-31T19:33:53.543446+00:00,btc-updown-15m-1788205500,15,4010885,51244156312510822837069686309703635546278834399957394283614612573713031390787,2026-08-31T19:45:00+00:00,2026-08-31T20:00:00+00:00,26.12,0.5,0.51,0.505,0.01,214.83,467.1,91
2026-08-31T19:34:54.551495+00:00,btc-updown-5m-1788204900,5,4010570,8725465367401745159440855194430515617590909872600982919328720454136697323135,2026-08-31T19:35:00+00:00,2026-08-31T19:40:00+00:00,5.1,0.58,0.59,0.585,0.01,63.47,142.36,97
2026-08-31T19:34:54.551495+00:00,btc-updown-15m-1788204600,15,4010521,87585730822195761835847144269155648361802058093228918193435366804909514445866,2026-08-31T19:30:00+00:00,2026-08-31T19:45:00+00:00,10.1,0.48,0.49,0.485,0.01,2867.0,30.0,99
2026-08-31T19:34:54.551495+00:00,btc-updown-15m-1788205500,15,4010885,51244156312510822837069686309703635546278834399957394283614612573713031390787,2026-08-31T19:45:00+00:00,2026-08-31T20:00:00+00:00,25.1,0.5,0.51,0.505,0.01,214.83,577.1,99
2026-08-31T19:35:55.563111+00:00,btc-updown-5m-1788204900,5,4010570,8725465367401745159440855194430515617590909872600982919328720454136697323135,2026-08-31T19:35:00+00:00,2026-08-31T19:40:00+00:00,4.08,0.67,0.68,0.675,0.01,100.0,373.0,99
2026-08-31T19:35:55.563111+00:00,btc-updown-5m-1788205200,5,4010849,107614320739263368860429360352535985346273921782315378554278186614375003607488,2026-08-31T19:40:00+00:00,2026-08-31T19:45:00+00:00,9.08,0.5,0.51,0.505,0.01,111.46,631.41,99
2026-08-31T19:35:55.563111+00:00,btc-updown-15m-1788204600,15,4010521,87585730822195761835847144269155648361802058093228918193435366804909514445866,2026-08-31T19:30:00+00:00,2026-08-31T19:45:00+00:00,9.08,0.51,0.52,0.515,0.01,60.0,55.0,99
2026-08-31T19:35:55.563111+00:00,btc-updown-15m-1788205500,15,4010885,51244156312510822837069686309703635546278834399957394283614612573713031390787,2026-08-31T19:45:00+00:00,2026-08-31T20:00:00+00:00,24.08,0.5,0.51,0.505,0.01,214.83,777.1,99
2026-08-31T19:36:56.636207+00:00,btc-updown-5m-1788204900,5,4010570,8725465367401745159440855194430515617590909872600982919328720454136697323135,2026-08-31T19:35:00+00:00,2026-08-31T19:40:00+00:00,3.07,0.85,0.86,0.855,0.01,571.51,5.0,99
2026-08-31T19:36:56.636207+00:00,btc-updown-5m-1788205200,5,4010849,107614320739263368860429360352535985346273921782315378554278186614375003607488,2026-08-31T19:40:00+00:00,2026-08-31T19:45:00+00:00,8.07,0.5,0.51,0.505,0.01,116.46,629.44,99
2026-08-31T19:36:56.636207+00:00,btc-updown-15m-1788204600,15,4010521,87585730822195761835847144269155648361802058093228918193435366804909514445866,2026-08-31T19:30:00+00:00,2026-08-31T19:45:00+00:00,8.07,0.64,0.65,0.645,0.01,256.3,151.0,99
2026-08-31T19:36:56.636207+00:00,btc-updown-15m-1788205500,15,4010885,51244156312510822837069686309703635546278834399957394283614612573713031390787,2026-08-31T19:45:00+00:00,2026-08-31T20:00:00+00:00,23.07,0.5,0.51,0.505,0.01,204.83,577.1,99
2026-08-31T19:37:57.644540+00:00,btc-updown-5m-1788204900,5,4010570,8725465367401745159440855194430515617590909872600982919328720454136697323135,2026-08-31T19:35:00+00:00,2026-08-31T19:40:00+00:00,2.05,0.73,0.74,0.735,0.01,74.92,200.0,99
2026-08-31T19:37:57.644540+00:00,btc-updown-5m-1788205200,5,4010849,107614320739263368860429360352535985346273921782315378554278186614375003607488,2026-08-31T19:40:00+00:00,2026-08-31T19:45:00+00:00,7.05,0.49,0.5,0.495,0.01,205.0,35.0,99
2026-08-31T19:37:57.644540+00:00,btc-updown-15m-1788204600,15,4010521,87585730822195761835847144269155648361802058093228918193435366804909514445866,2026-08-31T19:30:00+00:00,2026-08-31T19:45:00+00:00,7.05,0.53,0.54,0.535,0.01,145.0,203.0,99
2026-08-31T19:37:57.644540+00:00,btc-updown-15m-1788205500,15,4010885,51244156312510822837069686309703635546278834399957394283614612573713031390787,2026-08-31T19:45:00+00:00,2026-08-31T20:00:00+00:00,22.05,0.5,0.51,0.505,0.01,204.83,577.1,99
2026-08-31T19:38:58.646797+00:00,btc-updown-5m-1788204900,5,4010570,8725465367401745159440855194430515617590909872600982919328720454136697323135,2026-08-31T19:35:00+00:00,2026-08-31T19:40:00+00:00,1.03,0.89,0.91,0.9,0.02,34.0,26.77,98
2026-08-31T19:38:58.646797+00:00,btc-updown-5m-1788205200,5,4010849,107614320739263368860429360352535985346273921782315378554278186614375003607488,2026-08-31T19:40:00+00:00,2026-08-31T19:45:00+00:00,6.03,0.49,0.5,0.495,0.01,10.0,11.09,99
2026-08-31T19:38:58.646797+00:00,btc-updown-15m-1788204600,15,4010521,87585730822195761835847144269155648361802058093228918193435366804909514445866,2026-08-31T19:30:00+00:00,2026-08-31T19:45:00+00:00,6.03,0.48,0.49,0.485,0.01,65.1,100.0,99
2026-08-31T19:38:58.646797+00:00,btc-updown-15m-1788205500,15,4010885,51244156312510822837069686309703635546278834399957394283614612573713031390787,2026-08-31T19:45:00+00:00,2026-08-31T20:00:00+00:00,21.03,0.5,0.51,0.505,0.01,204.83,577.1,99
2026-08-31T19:39:59.775872+00:00,btc-updown-5m-1788205200,5,4010849,107614320739263368860429360352535985346273921782315378554278186614375003607488,2026-08-31T19:40:00+00:00,2026-08-31T19:45:00+00:00,5.02,0.39,0.4,0.395,0.01,21.0,9.16,97
2026-08-31T19:39:59.775872+00:00,btc-updown-15m-1788204600,15,4010521,87585730822195761835847144269155648361802058093228918193435366804909514445866,2026-08-31T19:30:00+00:00,2026-08-31T19:45:00+00:00,5.02,0.24,0.25,0.245,0.01,100.0,125.01,99
2026-08-31T19:39:59.775872+00:00,btc-updown-15m-1788205500,15,4010885,51244156312510822837069686309703635546278834399957394283614612573713031390787,2026-08-31T19:45:00+00:00,2026-08-31T20:00:00+00:00,20.02,0.5,0.51,0.505,0.01,204.83,819.1,99
2026-08-31T19:41:00.705145+00:00,btc-updown-5m-1788205200,5,4010849,107614320739263368860429360352535985346273921782315378554278186614375003607488,2026-08-31T19:40:00+00:00,2026-08-31T19:45:00+00:00,4.0,0.17,0.18,0.175,0.01,91.59,361.61,99
2026-08-31T19:41:00.705145+00:00,btc-updown-5m-1788205500,5,4010877,114687332981125748645227318646782615231196962697414308469759278489475704040313,2026-08-31T19:45:00+00:00,2026-08-31T19:50:00+00:00,9.0,0.49,0.5,0.495,0.01,482.0,479.42,99
2026-08-31T19:41:00.705145+00:00,btc-updown-15m-1788204600,15,4010521,87585730822195761835847144269155648361802058093228918193435366804909514445866,2026-08-31T19:30:00+00:00,2026-08-31T19:45:00+00:00,4.0,0.09,0.1,0.095,0.01,85.0,200.0,99
2026-08-31T19:41:00.705145+00:00,btc-updown-15m-1788205500,15,4010885,51244156312510822837069686309703635546278834399957394283614612573713031390787,2026-08-31T19:45:00+00:00,2026-08-31T20:00:00+00:00,19.0,0.5,0.51,0.505,0.01,229.83,774.1,99
2026-08-31T19:42:01.707556+00:00,btc-updown-5m-1788205200,5,4010849,107614320739263368860429360352535985346273921782315378554278186614375003607488,2026-08-31T19:40:00+00:00,2026-08-31T19:45:00+00:00,2.98,0.02,0.03,0.025,0.01,1172.08,245.66,99
2026-08-31T19:42:01.707556+00:00,btc-updown-5m-1788205500,5,4010877,114687332981125748645227318646782615231196962697414308469759278489475704040313,2026-08-31T19:45:00+00:00,2026-08-31T19:50:00+00:00,7.98,0.48,0.5,0.49,0.02,414.0,487.42,98
2026-08-31T19:42:01.707556+00:00,btc-updown-15m-1788204600,15,4010521,87585730822195761835847144269155648361802058093228918193435366804909514445866,2026-08-31T19:30:00+00:00,2026-08-31T19:45:00+00:00,2.98,0.01,0.02,0.015,0.01,1300.0,453.69,99
2026-08-31T19:42:01.707556+00:00,btc-updown-15m-1788205500,15,4010885,51244156312510822837069686309703635546278834399957394283614612573713031390787,2026-08-31T19:45:00+00:00,2026-08-31T20:00:00+00:00,17.98,0.5,0.51,0.505,0.01,435.83,774.1,99
2026-08-31T19:43:02.699373+00:00,btc-updown-5m-1788205200,5,4010849,107614320739263368860429360352535985346273921782315378554278186614375003607488,2026-08-31T19:40:00+00:00,2026-08-31T19:45:00+00:00,1.97,0.01,0.02,0.015,0.01,1000.53,168.0,99
2026-08-31T19:43:02.699373+00:00,btc-updown-5m-1788205500,5,4010877,114687332981125748645227318646782615231196962697414308469759278489475704040313,2026-08-31T19:45:00+00:00,2026-08-31T19:50:00+00:00,6.97,0.5,0.51,0.505,0.01,20.0,220.0,99
2026-08-31T19:43:02.699373+00:00,btc-updown-15m-1788205500,15,4010885,51244156312510822837069686309703635546278834399957394283614612573713031390787,2026-08-31T19:45:00+00:00,2026-08-31T20:00:00+00:00,16.97,0.5,0.51,0.505,0.01,395.83,393.0,99
2026-08-31T19:44:03.583253+00:00,btc-updown-5m-1788205500,5,4010877,114687332981125748645227318646782615231196962697414308469759278489475704040313,2026-08-31T19:45:00+00:00,2026-08-31T19:50:00+00:00,5.95,0.55,0.58,0.565,0.03,173.0,43.46,96
2026-08-31T19:44:03.583253+00:00,btc-updown-15m-1788205500,15,4010885,51244156312510822837069686309703635546278834399957394283614612573713031390787,2026-08-31T19:45:00+00:00,2026-08-31T20:00:00+00:00,15.95,0.5,0.51,0.505,0.01,311.0,352.75,93
2026-08-31T19:45:04.406722+00:00,btc-updown-5m-1788205500,5,4010877,114687332981125748645227318646782615231196962697414308469759278489475704040313,2026-08-31T19:45:00+00:00,2026-08-31T19:50:00+00:00,4.93,0.35,0.36,0.355,0.01,195.04,125.0,99
2026-08-31T19:45:04.406722+00:00,btc-updown-5m-1788205800,5,4010929,52295938094659808526067601652836465026016517374233098758326731814114765092486,2026-08-31T19:50:00+00:00,2026-08-31T19:55:00+00:00,9.93,0.5,0.51,0.505,0.01,84.98,447.8,99
2026-08-31T19:45:04.406722+00:00,btc-updown-15m-1788205500,15,4010885,51244156312510822837069686309703635546278834399957394283614612573713031390787,2026-08-31T19:45:00+00:00,2026-08-31T20:00:00+00:00,14.93,0.39,0.4,0.395,0.01,349.91,5.0,98
2026-08-31T19:45:04.406722+00:00,btc-updown-15m-1788206400,15,4011225,27052120838391565490349347040701418212684729755048904476498535715480306676533,2026-08-31T20:00:00+00:00,2026-08-31T20:15:00+00:00,29.93,0.5,0.51,0.505,0.01,260.0,305.08,93
2026-08-31T19:46:05.454011+00:00,btc-updown-5m-1788205500,5,4010877,114687332981125748645227318646782615231196962697414308469759278489475704040313,2026-08-31T19:45:00+00:00,2026-08-31T19:50:00+00:00,3.92,0.49,0.5,0.495,0.01,97.95,394.06,99
2026-08-31T19:46:05.454011+00:00,btc-updown-5m-1788205800,5,4010929,52295938094659808526067601652836465026016517374233098758326731814114765092486,2026-08-31T19:50:00+00:00,2026-08-31T19:55:00+00:00,8.92,0.5,0.51,0.505,0.01,155.94,555.46,99
2026-08-31T19:46:05.454011+00:00,btc-updown-15m-1788205500,15,4010885,51244156312510822837069686309703635546278834399957394283614612573713031390787,2026-08-31T19:45:00+00:00,2026-08-31T20:00:00+00:00,13.92,0.47,0.48,0.475,0.01,233.0,10.0,99
2026-08-31T19:46:05.454011+00:00,btc-updown-15m-1788206400,15,4011225,27052120838391565490349347040701418212684729755048904476498535715480306676533,2026-08-31T20:00:00+00:00,2026-08-31T20:15:00+00:00,28.92,0.5,0.51,0.505,0.01,252.83,433.25,93
2026-08-31T19:47:06.483498+00:00,btc-updown-5m-1788205500,5,4010877,114687332981125748645227318646782615231196962697414308469759278489475704040313,2026-08-31T19:45:00+00:00,2026-08-31T19:50:00+00:00,2.9,0.67,0.68,0.675,0.01,18.81,140.0,99
2026-08-31T19:47:06.483498+00:00,btc-updown-5m-1788205800,5,4010929,52295938094659808526067601652836465026016517374233098758326731814114765092486,2026-08-31T19:50:00+00:00,2026-08-31T19:55:00+00:00,7.9,0.5,0.51,0.505,0.01,30.0,617.46,99
2026-08-31T19:47:06.483498+00:00,btc-updown-15m-1788205500,15,4010885,51244156312510822837069686309703635546278834399957394283614612573713031390787,2026-08-31T19:45:00+00:00,2026-08-31T20:00:00+00:00,12.9,0.56,0.57,0.565,0.01,23.0,270.0,99
2026-08-31T19:47:06.483498+00:00,btc-updown-15m-1788206400,15,4011225,27052120838391565490349347040701418212684729755048904476498535715480306676533,2026-08-31T20:00:00+00:00,2026-08-31T20:15:00+00:00,27.9,0.5,0.51,0.505,0.01,208.83,441.25,93
2026-08-31T19:48:07.523996+00:00,btc-updown-5m-1788205500,5,4010877,114687332981125748645227318646782615231196962697414308469759278489475704040313,2026-08-31T19:45:00+00:00,2026-08-31T19:50:00+00:00,1.88,0.25,0.26,0.255,0.01,208.52,37.65,99
2026-08-31T19:48:07.523996+00:00,btc-updown-5m-1788205800,5,4010929,52295938094659808526067601652836465026016517374233098758326731814114765092486,2026-08-31T19:50:00+00:00,2026-08-31T19:55:00+00:00,6.88,0.5,0.51,0.505,0.01,40.0,630.49,99
2026-08-31T19:48:07.523996+00:00,btc-updown-15m-1788205500,15,4010885,51244156312510822837069686309703635546278834399957394283614612573713031390787,2026-08-31T19:45:00+00:00,2026-08-31T20:00:00+00:00,11.88,0.41,0.42,0.415,0.01,236.0,30.0,99
2026-08-31T19:48:07.523996+00:00,btc-updown-15m-1788206400,15,4011225,27052120838391565490349347040701418212684729755048904476498535715480306676533,2026-08-31T20:00:00+00:00,2026-08-31T20:15:00+00:00,26.88,0.5,0.51,0.505,0.01,248.83,433.08,93
2026-08-31T19:49:08.505309+00:00,btc-updown-5m-1788205500,5,4010877,114687332981125748645227318646782615231196962697414308469759278489475704040313,2026-08-31T19:45:00+00:00,2026-08-31T19:50:00+00:00,0.87,0.97,0.98,0.975,0.01,85.0,823.49,99
2026-08-31T19:49:08.505309+00:00,btc-updown-5m-1788205800,5,4010929,52295938094659808526067601652836465026016517374233098758326731814114765092486,2026-08-31T19:50:00+00:00,2026-08-31T19:55:00+00:00,5.87,0.49,0.5,0.495,0.01,22.8,59.82,99
2026-08-31T19:49:08.505309+00:00,btc-updown-15m-1788205500,15,4010885,51244156312510822837069686309703635546278834399957394283614612573713031390787,2026-08-31T19:45:00+00:00,2026-08-31T20:00:00+00:00,10.87,0.58,0.59,0.585,0.01,276.0,215.0,99
2026-08-31T19:49:08.505309+00:00,btc-updown-15m-1788206400,15,4011225,27052120838391565490349347040701418212684729755048904476498535715480306676533,2026-08-31T20:00:00+00:00,2026-08-31T20:15:00+00:00,25.87,0.5,0.51,0.505,0.01,216.83,433.08,99
2026-08-31T19:50:09.598362+00:00,btc-updown-5m-1788205800,5,4010929,52295938094659808526067601652836465026016517374233098758326731814114765092486,2026-08-31T19:50:00+00:00,2026-08-31T19:55:00+00:00,4.85,0.76,0.77,0.765,0.01,269.16,334.68,99
2026-08-31T19:50:09.598362+00:00,btc-updown-5m-1788206100,5,4011161,58469954656735657728219645682071487155748076739386930856128072504230591226861,2026-08-31T19:55:00+00:00,2026-08-31T20:00:00+00:00,9.85,0.5,0.51,0.505,0.01,133.17,459.47,99
2026-08-31T19:50:09.598362+00:00,btc-updown-15m-1788205500,15,4010885,51244156312510822837069686309703635546278834399957394283614612573713031390787,2026-08-31T19:45:00+00:00,2026-08-31T20:00:00+00:00,9.85,0.83,0.84,0.835,0.01,177.44,99.94,99
2026-08-31T19:50:09.598362+00:00,btc-updown-15m-1788206400,15,4011225,27052120838391565490349347040701418212684729755048904476498535715480306676533,2026-08-31T20:00:00+00:00,2026-08-31T20:15:00+00:00,24.85,0.5,0.51,0.505,0.01,205.0,633.08,99
2026-08-31T19:51:10.656221+00:00,btc-updown-5m-1788205800,5,4010929,52295938094659808526067601652836465026016517374233098758326731814114765092486,2026-08-31T19:50:00+00:00,2026-08-31T19:55:00+00:00,3.83,0.22,0.23,0.225,0.01,65.0,281.39,99
2026-08-31T19:51:10.656221+00:00,btc-updown-5m-1788206100,5,4011161,58469954656735657728219645682071487155748076739386930856128072504230591226861,2026-08-31T19:55:00+00:00,2026-08-31T20:00:00+00:00,8.83,0.49,0.5,0.495,0.01,285.0,15.0,99
2026-08-31T19:51:10.656221+00:00,btc-updown-15m-1788205500,15,4010885,51244156312510822837069686309703635546278834399957394283614612573713031390787,2026-08-31T19:45:00+00:00,2026-08-31T20:00:00+00:00,8.83,0.5,0.51,0.505,0.01,5.0,60.0,99
2026-08-31T19:51:10.656221+00:00,btc-updown-15m-1788206400,15,4011225,27052120838391565490349347040701418212684729755048904476498535715480306676533,2026-08-31T20:00:00+00:00,2026-08-31T20:15:00+00:00,23.83,0.5,0.51,0.505,0.01,37.0,501.25,99
2026-08-31T19:52:11.721238+00:00,btc-updown-5m-1788205800,5,4010929,52295938094659808526067601652836465026016517374233098758326731814114765092486,2026-08-31T19:50:00+00:00,2026-08-31T19:55:00+00:00,2.82,0.08,0.09,0.085,0.01,196.04,118.88,99
2026-08-31T19:52:11.721238+00:00,btc-updown-5m-1788206100,5,4011161,58469954656735657728219645682071487155748076739386930856128072504230591226861,2026-08-31T19:55:00+00:00,2026-08-31T20:00:00+00:00,7.82,0.49,0.5,0.495,0.01,68.03,26.0,99
2026-08-31T19:52:11.721238+00:00,btc-updown-15m-1788205500,15,4010885,51244156312510822837069686309703635546278834399957394283614612573713031390787,2026-08-31T19:45:00+00:00,2026-08-31T20:00:00+00:00,7.82,0.34,0.35,0.345,0.01,128.52,286.4,99
2026-08-31T19:52:11.721238+00:00,btc-updown-15m-1788206400,15,4011225,27052120838391565490349347040701418212684729755048904476498535715480306676533,2026-08-31T20:00:00+00:00,2026-08-31T20:15:00+00:00,22.82,0.5,0.51,0.505,0.01,45.0,425.08,99
2026-08-31T19:53:12.762560+00:00,btc-updown-5m-1788205800,5,4010929,52295938094659808526067601652836465026016517374233098758326731814114765092486,2026-08-31T19:50:00+00:00,2026-08-31T19:55:00+00:00,1.8,0.03,0.04,0.035,0.01,620.88,180.0,99
2026-08-31T19:53:12.762560+00:00,btc-updown-5m-1788206100,5,4011161,58469954656735657728219645682071487155748076739386930856128072504230591226861,2026-08-31T19:55:00+00:00,2026-08-31T20:00:00+00:00,6.8,0.48,0.49,0.485,0.01,205.38,55.0,99
2026-08-31T19:53:12.762560+00:00,btc-updown-15m-1788205500,15,4010885,51244156312510822837069686309703635546278834399957394283614612573713031390787,2026-08-31T19:45:00+00:00,2026-08-31T20:00:00+00:00,6.8,0.37,0.38,0.375,0.01,239.26,60.0,99
2026-08-31T19:53:12.762560+00:00,btc-updown-15m-1788206400,15,4011225,27052120838391565490349347040701418212684729755048904476498535715480306676533,2026-08-31T20:00:00+00:00,2026-08-31T20:15:00+00:00,21.8,0.5,0.51,0.505,0.01,275.0,243.0,99
2026-08-31T19:54:14.659778+00:00,btc-updown-5m-1788206100,5,4011161,58469954656735657728219645682071487155748076739386930856128072504230591226861,2026-08-31T19:55:00+00:00,2026-08-31T20:00:00+00:00,5.77,0.47,0.49,0.48,0.02,193.0,65.0,98
2026-08-31T19:54:14.659778+00:00,btc-updown-15m-1788205500,15,4010885,51244156312510822837069686309703635546278834399957394283614612573713031390787,2026-08-31T19:45:00+00:00,2026-08-31T20:00:00+00:00,5.77,0.2,0.21,0.205,0.01,108.0,35.7,99
2026-08-31T19:54:14.659778+00:00,btc-updown-15m-1788206400,15,4011225,27052120838391565490349347040701418212684729755048904476498535715480306676533,2026-08-31T20:00:00+00:00,2026-08-31T20:15:00+00:00,20.77,0.5,0.51,0.505,0.01,347.0,243.0,99
2026-08-31T19:55:15.657865+00:00,btc-updown-5m-1788206100,5,4011161,58469954656735657728219645682071487155748076739386930856128072504230591226861,2026-08-31T19:55:00+00:00,2026-08-31T20:00:00+00:00,4.75,0.31,0.32,0.315,0.01,156.01,380.76,99
2026-08-31T19:55:15.657865+00:00,btc-updown-5m-1788206400,5,4011232,69926094951260984715950036939455655855770302902427509708478386690565611638265,2026-08-31T20:00:00+00:00,2026-08-31T20:05:00+00:00,9.75,0.5,0.51,0.505,0.01,216.7,431.38,99
2026-08-31T19:55:15.657865+00:00,btc-updown-15m-1788205500,15,4010885,51244156312510822837069686309703635546278834399957394283614612573713031390787,2026-08-31T19:45:00+00:00,2026-08-31T20:00:00+00:00,4.75,0.09,0.1,0.095,0.01,175.0,40.0,99
2026-08-31T19:55:15.657865+00:00,btc-updown-15m-1788206400,15,4011225,27052120838391565490349347040701418212684729755048904476498535715480306676533,2026-08-31T20:00:00+00:00,2026-08-31T20:15:00+00:00,19.75,0.5,0.51,0.505,0.01,424.0,826.08,99
2026-08-31T19:56:16.724935+00:00,btc-updown-5m-1788206100,5,4011161,58469954656735657728219645682071487155748076739386930856128072504230591226861,2026-08-31T19:55:00+00:00,2026-08-31T20:00:00+00:00,3.73,0.16,0.17,0.165,0.01,140.8,129.31,99
2026-08-31T19:56:16.724935+00:00,btc-updown-5m-1788206400,5,4011232,69926094951260984715950036939455655855770302902427509708478386690565611638265,2026-08-31T20:00:00+00:00,2026-08-31T20:05:00+00:00,8.73,0.5,0.51,0.505,0.01,227.28,519.58,99
2026-08-31T19:56:16.724935+00:00,btc-updown-15m-1788205500,15,4010885,51244156312510822837069686309703635546278834399957394283614612573713031390787,2026-08-31T19:45:00+00:00,2026-08-31T20:00:00+00:00,3.73,0.04,0.05,0.045,0.01,45.02,471.7,99
2026-08-31T19:56:16.724935+00:00,btc-updown-15m-1788206400,15,4011225,27052120838391565490349347040701418212684729755048904476498535715480306676533,2026-08-31T20:00:00+00:00,2026-08-31T20:15:00+00:00,18.73,0.5,0.51,0.505,0.01,452.0,622.0,99
2026-08-31T19:57:17.736430+00:00,btc-updown-5m-1788206100,5,4011161,58469954656735657728219645682071487155748076739386930856128072504230591226861,2026-08-31T19:55:00+00:00,2026-08-31T20:00:00+00:00,2.72,0.29,0.3,0.295,0.01,442.0,177.76,99
2026-08-31T19:57:17.736430+00:00,btc-updown-5m-1788206400,5,4011232,69926094951260984715950036939455655855770302902427509708478386690565611638265,2026-08-31T20:00:00+00:00,2026-08-31T20:05:00+00:00,7.72,0.48,0.5,0.49,0.02,419.0,40.0,98
2026-08-31T19:57:17.736430+00:00,btc-updown-15m-1788205500,15,4010885,51244156312510822837069686309703635546278834399957394283614612573713031390787,2026-08-31T19:45:00+00:00,2026-08-31T20:00:00+00:00,2.72,0.04,0.05,0.045,0.01,5.0,260.0,99
2026-08-31T19:57:17.736430+00:00,btc-updown-15m-1788206400,15,4011225,27052120838391565490349347040701418212684729755048904476498535715480306676533,2026-08-31T20:00:00+00:00,2026-08-31T20:15:00+00:00,17.72,0.5,0.51,0.505,0.01,348.0,622.0,99
2026-08-31T19:58:18.724700+00:00,btc-updown-5m-1788206100,5,4011161,58469954656735657728219645682071487155748076739386930856128072504230591226861,2026-08-31T19:55:00+00:00,2026-08-31T20:00:00+00:00,1.7,0.34,0.35,0.345,0.01,414.93,25.0,99
2026-08-31T19:58:18.724700+00:00,btc-updown-5m-1788206400,5,4011232,69926094951260984715950036939455655855770302902427509708478386690565611638265,2026-08-31T20:00:00+00:00,2026-08-31T20:05:00+00:00,6.7,0.49,0.5,0.495,0.01,215.0,70.91,99
2026-08-31T19:58:18.724700+00:00,btc-updown-15m-1788206400,15,4011225,27052120838391565490349347040701418212684729755048904476498535715480306676533,2026-08-31T20:00:00+00:00,2026-08-31T20:15:00+00:00,16.7,0.5,0.51,0.505,0.01,318.91,382.76,99
2026-08-31T19:59:19.635188+00:00,btc-updown-5m-1788206400,5,4011232,69926094951260984715950036939455655855770302902427509708478386690565611638265,2026-08-31T20:00:00+00:00,2026-08-31T20:05:00+00:00,5.68,0.51,0.52,0.515,0.01,56.0,65.0,99
2026-08-31T19:59:19.635188+00:00,btc-updown-15m-1788206400,15,4011225,27052120838391565490349347040701418212684729755048904476498535715480306676533,2026-08-31T20:00:00+00:00,2026-08-31T20:15:00+00:00,15.68,0.5,0.51,0.505,0.01,312.91,375.5,94
2026-08-31T20:00:20.543669+00:00,btc-updown-5m-1788206400,5,4011232,69926094951260984715950036939455655855770302902427509708478386690565611638265,2026-08-31T20:00:00+00:00,2026-08-31T20:05:00+00:00,4.67,0.23,0.24,0.235,0.01,265.67,31.49,99
2026-08-31T20:00:20.543669+00:00,btc-updown-5m-1788206700,5,4011254,24319909904689577915282128811517360541678920776872476117357986739142493730486,2026-08-31T20:05:00+00:00,2026-08-31T20:10:00+00:00,9.67,0.5,0.51,0.505,0.01,207.47,433.2,99
2026-08-31T20:00:20.543669+00:00,btc-updown-15m-1788206400,15,4011225,27052120838391565490349347040701418212684729755048904476498535715480306676533,2026-08-31T20:00:00+00:00,2026-08-31T20:15:00+00:00,14.67,0.34,0.35,0.345,0.01,6778.92,239.35,99
2026-08-31T20:00:20.543669+00:00,btc-updown-15m-1788207300,15,4011289,115052006011719345540724158691488284722716831291466616777886768854726010104509,2026-08-31T20:15:00+00:00,2026-08-31T20:30:00+00:00,29.67,0.5,0.51,0.505,0.01,790.0,301.0,91
2026-08-31T20:01:22.083637+00:00,btc-updown-5m-1788206400,5,4011232,69926094951260984715950036939455655855770302902427509708478386690565611638265,2026-08-31T20:00:00+00:00,2026-08-31T20:05:00+00:00,3.63,0.15,0.16,0.155,0.01,565.97,10.0,99
2026-08-31T20:01:22.083637+00:00,btc-updown-5m-1788206700,5,4011254,24319909904689577915282128811517360541678920776872476117357986739142493730486,2026-08-31T20:05:00+00:00,2026-08-31T20:10:00+00:00,8.63,0.5,0.51,0.505,0.01,69.0,348.27,99
2026-08-31T20:01:22.083637+00:00,btc-updown-15m-1788206400,15,4011225,27052120838391565490349347040701418212684729755048904476498535715480306676533,2026-08-31T20:00:00+00:00,2026-08-31T20:15:00+00:00,13.63,0.3,0.31,0.305,0.01,309.33,25.0,99
2026-08-31T20:01:22.083637+00:00,btc-updown-15m-1788207300,15,4011289,115052006011719345540724158691488284722716831291466616777886768854726010104509,2026-08-31T20:15:00+00:00,2026-08-31T20:30:00+00:00,28.63,0.5,0.51,0.505,0.01,390.0,305.08,91
2026-08-31T20:02:23.119143+00:00,btc-updown-5m-1788206400,5,4011232,69926094951260984715950036939455655855770302902427509708478386690565611638265,2026-08-31T20:00:00+00:00,2026-08-31T20:05:00+00:00,2.62,0.46,0.47,0.465,0.01,110.14,83.32,99
2026-08-31T20:02:23.119143+00:00,btc-updown-5m-1788206700,5,4011254,24319909904689577915282128811517360541678920776872476117357986739142493730486,2026-08-31T20:05:00+00:00,2026-08-31T20:10:00+00:00,7.62,0.5,0.51,0.505,0.01,99.0,357.27,99
2026-08-31T20:02:23.119143+00:00,btc-updown-15m-1788206400,15,4011225,27052120838391565490349347040701418212684729755048904476498535715480306676533,2026-08-31T20:00:00+00:00,2026-08-31T20:15:00+00:00,12.62,0.51,0.52,0.515,0.01,100.0,298.56,99
2026-08-31T20:02:23.119143+00:00,btc-updown-15m-1788207300,15,4011289,115052006011719345540724158691488284722716831291466616777886768854726010104509,2026-08-31T20:15:00+00:00,2026-08-31T20:30:00+00:00,27.62,0.5,0.51,0.505,0.01,310.0,305.08,91
2026-08-31T20:03:24.146413+00:00,btc-updown-5m-1788206400,5,4011232,69926094951260984715950036939455655855770302902427509708478386690565611638265,2026-08-31T20:00:00+00:00,2026-08-31T20:05:00+00:00,1.6,0.51,0.52,0.515,0.01,30.0,140.28,99
2026-08-31T20:03:24.146413+00:00,btc-updown-5m-1788206700,5,4011254,24319909904689577915282128811517360541678920776872476117357986739142493730486,2026-08-31T20:05:00+00:00,2026-08-31T20:10:00+00:00,6.6,0.5,0.51,0.505,0.01,76.26,362.27,99
2026-08-31T20:03:24.146413+00:00,btc-updown-15m-1788206400,15,4011225,27052120838391565490349347040701418212684729755048904476498535715480306676533,2026-08-31T20:00:00+00:00,2026-08-31T20:15:00+00:00,11.6,0.51,0.52,0.515,0.01,153.0,73.0,99
2026-08-31T20:03:24.146413+00:00,btc-updown-15m-1788207300,15,4011289,115052006011719345540724158691488284722716831291466616777886768854726010104509,2026-08-31T20:15:00+00:00,2026-08-31T20:30:00+00:00,26.6,0.5,0.51,0.505,0.01,310.0,255.08,91
2026-08-31T20:04:25.666905+00:00,btc-updown-5m-1788206700,5,4011254,24319909904689577915282128811517360541678920776872476117357986739142493730486,2026-08-31T20:05:00+00:00,2026-08-31T20:10:00+00:00,5.58,0.47,0.48,0.475,0.01,323.0,15.0,99
2026-08-31T20:04:25.666905+00:00,btc-updown-15m-1788206400,15,4011225,27052120838391565490349347040701418212684729755048904476498535715480306676533,2026-08-31T20:00:00+00:00,2026-08-31T20:15:00+00:00,10.58,0.4,0.41,0.405,0.01,5.0,315.0,98
2026-08-31T20:04:25.666905+00:00,btc-updown-15m-1788207300,15,4011289,115052006011719345540724158691488284722716831291466616777886768854726010104509,2026-08-31T20:15:00+00:00,2026-08-31T20:30:00+00:00,25.58,0.5,0.51,0.505,0.01,370.0,216.36,97
2026-08-31T20:05:26.767411+00:00,btc-updown-5m-1788206700,5,4011254,24319909904689577915282128811517360541678920776872476117357986739142493730486,2026-08-31T20:05:00+00:00,2026-08-31T20:10:00+00:00,4.57,0.33,0.34,0.335,0.01,403.93,210.0,99
2026-08-31T20:05:26.767411+00:00,btc-updown-5m-1788207000,5,4011273,78344213648295450426890172539317215292663044955905684942331352493127247498106,2026-08-31T20:10:00+00:00,2026-08-31T20:15:00+00:00,9.57,0.5,0.51,0.505,0.01,204.82,421.66,99
2026-08-31T20:05:26.767411+00:00,btc-updown-15m-1788206400,15,4011225,27052120838391565490349347040701418212684729755048904476498535715480306676533,2026-08-31T20:00:00+00:00,2026-08-31T20:15:00+00:00,9.57,0.26,0.27,0.265,0.01,20.0,171.33,99
2026-08-31T20:05:26.767411+00:00,btc-updown-15m-1788207300,15,4011289,115052006011719345540724158691488284722716831291466616777886768854726010104509,2026-08-31T20:15:00+00:00,2026-08-31T20:30:00+00:00,24.57,0.5,0.51,0.505,0.01,450.0,150.0,97
2026-08-31T20:06:27.759185+00:00,btc-updown-5m-1788206700,5,4011254,24319909904689577915282128811517360541678920776872476117357986739142493730486,2026-08-31T20:05:00+00:00,2026-08-31T20:10:00+00:00,3.55,0.77,0.78,0.775,0.01,557.0,125.0,99
2026-08-31T20:06:27.759185+00:00,btc-updown-5m-1788207000,5,4011273,78344213648295450426890172539317215292663044955905684942331352493127247498106,2026-08-31T20:10:00+00:00,2026-08-31T20:15:00+00:00,8.55,0.5,0.51,0.505,0.01,154.82,347.58,99
2026-08-31T20:06:27.759185+00:00,btc-updown-15m-1788206400,15,4011225,27052120838391565490349347040701418212684729755048904476498535715480306676533,2026-08-31T20:00:00+00:00,2026-08-31T20:15:00+00:00,8.55,0.54,0.55,0.545,0.01,36.76,254.35,99
2026-08-31T20:06:27.759185+00:00,btc-updown-15m-1788207300,15,4011289,115052006011719345540724158691488284722716831291466616777886768854726010104509,2026-08-31T20:15:00+00:00,2026-08-31T20:30:00+00:00,23.55,0.5,0.51,0.505,0.01,341.69,266.36,97
2026-08-31T20:07:28.849730+00:00,btc-updown-5m-1788206700,5,4011254,24319909904689577915282128811517360541678920776872476117357986739142493730486,2026-08-31T20:05:00+00:00,2026-08-31T20:10:00+00:00,2.53,0.86,0.87,0.865,0.01,168.0,269.26,99
2026-08-31T20:07:28.849730+00:00,btc-updown-5m-1788207000,5,4011273,78344213648295450426890172539317215292663044955905684942331352493127247498106,2026-08-31T20:10:00+00:00,2026-08-31T20:15:00+00:00,7.53,0.5,0.51,0.505,0.01,164.82,323.07,99
2026-08-31T20:07:28.849730+00:00,btc-updown-15m-1788206400,15,4011225,27052120838391565490349347040701418212684729755048904476498535715480306676533,2026-08-31T20:00:00+00:00,2026-08-31T20:15:00+00:00,7.53,0.54,0.55,0.545,0.01,125.5,5.0,99
2026-08-31T20:07:28.849730+00:00,btc-updown-15m-1788207300,15,4011289,115052006011719345540724158691488284722716831291466616777886768854726010104509,2026-08-31T20:15:00+00:00,2026-08-31T20:30:00+00:00,22.53,0.5,0.51,0.505,0.01,363.69,288.36,97
2026-08-31T20:08:29.872484+00:00,btc-updown-5m-1788206700,5,4011254,24319909904689577915282128811517360541678920776872476117357986739142493730486,2026-08-31T20:05:00+00:00,2026-08-31T20:10:00+00:00,1.52,0.96,0.97,0.965,0.01,167.0,166.22,99
2026-08-31T20:08:29.872484+00:00,btc-updown-5m-1788207000,5,4011273,78344213648295450426890172539317215292663044955905684942331352493127247498106,2026-08-31T20:10:00+00:00,2026-08-31T20:15:00+00:00,6.52,0.49,0.5,0.495,0.01,93.75,12.86,99
2026-08-31T20:08:29.872484+00:00,btc-updown-15m-1788206400,15,4011225,27052120838391565490349347040701418212684729755048904476498535715480306676533,2026-08-31T20:00:00+00:00,2026-08-31T20:15:00+00:00,6.52,0.56,0.57,0.565,0.01,175.0,126.29,99
2026-08-31T20:08:29.872484+00:00,btc-updown-15m-1788207300,15,4011289,115052006011719345540724158691488284722716831291466616777886768854726010104509,2026-08-31T20:15:00+00:00,2026-08-31T20:30:00+00:00,21.52,0.5,0.51,0.505,0.01,247.52,304.53,97
2026-08-31T20:09:30.907511+00:00,btc-updown-5m-1788207000,5,4011273,78344213648295450426890172539317215292663044955905684942331352493127247498106,2026-08-31T20:10:00+00:00,2026-08-31T20:15:00+00:00,5.5,0.45,0.47,0.46,0.02,77.8,301.77,98
2026-08-31T20:09:30.907511+00:00,btc-updown-15m-1788206400,15,4011225,27052120838391565490349347040701418212684729755048904476498535715480306676533,2026-08-31T20:00:00+00:00,2026-08-31T20:15:00+00:00,5.5,0.39,0.4,0.395,0.01,159.26,145.0,99
2026-08-31T20:09:30.907511+00:00,btc-updown-15m-1788207300,15,4011289,115052006011719345540724158691488284722716831291466616777886768854726010104509,2026-08-31T20:15:00+00:00,2026-08-31T20:30:00+00:00,20.5,0.5,0.51,0.505,0.01,283.69,304.53,97
2026-08-31T20:10:32.707560+00:00,btc-updown-5m-1788207000,5,4011273,78344213648295450426890172539317215292663044955905684942331352493127247498106,2026-08-31T20:10:00+00:00,2026-08-31T20:15:00+00:00,4.47,0.59,0.6,0.595,0.01,314.0,16.0,99
2026-08-31T20:10:32.707560+00:00,btc-updown-5m-1788207300,5,4011291,84963903693839771471649494013984298843564981854672426087604567232126547004352,2026-08-31T20:15:00+00:00,2026-08-31T20:20:00+00:00,9.47,0.5,0.51,0.505,0.01,135.38,468.48,99
2026-08-31T20:10:32.707560+00:00,btc-updown-15m-1788206400,15,4011225,27052120838391565490349347040701418212684729755048904476498535715480306676533,2026-08-31T20:00:00+00:00,2026-08-31T20:15:00+00:00,4.47,0.55,0.56,0.555,0.01,55.0,225.0,99
2026-08-31T20:10:32.707560+00:00,btc-updown-15m-1788207300,15,4011289,115052006011719345540724158691488284722716831291466616777886768854726010104509,2026-08-31T20:15:00+00:00,2026-08-31T20:30:00+00:00,19.47,0.5,0.51,0.505,0.01,202.52,664.54,97
2026-08-31T20:11:33.727446+00:00,btc-updown-5m-1788207000,5,4011273,78344213648295450426890172539317215292663044955905684942331352493127247498106,2026-08-31T20:10:00+00:00,2026-08-31T20:15:00+00:00,3.45,0.51,0.52,0.515,0.01,128.97,92.0,99
2026-08-31T20:11:33.727446+00:00,btc-updown-5m-1788207300,5,4011291,84963903693839771471649494013984298843564981854672426087604567232126547004352,2026-08-31T20:15:00+00:00,2026-08-31T20:20:00+00:00,8.45,0.5,0.51,0.505,0.01,140.38,404.01,99
2026-08-31T20:11:33.727446+00:00,btc-updown-15m-1788206400,15,4011225,27052120838391565490349347040701418212684729755048904476498535715480306676533,2026-08-31T20:00:00+00:00,2026-08-31T20:15:00+00:00,3.45,0.49,0.5,0.495,0.01,183.0,20.0,99
2026-08-31T20:11:33.727446+00:00,btc-updown-15m-1788207300,15,4011289,115052006011719345540724158691488284722716831291466616777886768854726010104509,2026-08-31T20:15:00+00:00,2026-08-31T20:30:00+00:00,18.45,0.5,0.51,0.505,0.01,202.52,664.54,99
2026-08-31T20:12:34.736179+00:00,btc-updown-5m-1788207000,5,4011273,78344213648295450426890172539317215292663044955905684942331352493127247498106,2026-08-31T20:10:00+00:00,2026-08-31T20:15:00+00:00,2.43,0.5,0.51,0.505,0.01,15.32,337.25,99
2026-08-31T20:12:34.736179+00:00,btc-updown-5m-1788207300,5,4011291,84963903693839771471649494013984298843564981854672426087604567232126547004352,2026-08-31T20:15:00+00:00,2026-08-31T20:20:00+00:00,7.43,0.5,0.51,0.505,0.01,113.38,401.01,99
2026-08-31T20:12:34.736179+00:00,btc-updown-15m-1788206400,15,4011225,27052120838391565490349347040701418212684729755048904476498535715480306676533,2026-08-31T20:00:00+00:00,2026-08-31T20:15:00+00:00,2.43,0.44,0.45,0.445,0.01,223.0,50.5,99
2026-08-31T20:12:34.736179+00:00,btc-updown-15m-1788207300,15,4011289,115052006011719345540724158691488284722716831291466616777886768854726010104509,2026-08-31T20:15:00+00:00,2026-08-31T20:30:00+00:00,17.43,0.5,0.51,0.505,0.01,266.52,591.53,99
2026-08-31T20:13:35.764548+00:00,btc-updown-5m-1788207000,5,4011273,78344213648295450426890172539317215292663044955905684942331352493127247498106,2026-08-31T20:10:00+00:00,2026-08-31T20:15:00+00:00,1.42,0.82,0.83,0.825,0.01,70.51,139.0,99
2026-08-31T20:13:35.764548+00:00,btc-updown-5m-1788207300,5,4011291,84963903693839771471649494013984298843564981854672426087604567232126547004352,2026-08-31T20:15:00+00:00,2026-08-31T20:20:00+00:00,6.42,0.5,0.51,0.505,0.01,116.38,68.39,99
2026-08-31T20:13:35.764548+00:00,btc-updown-15m-1788206400,15,4011225,27052120838391565490349347040701418212684729755048904476498535715480306676533,2026-08-31T20:00:00+00:00,2026-08-31T20:15:00+00:00,1.42,0.78,0.79,0.785,0.01,35.2,132.47,99
2026-08-31T20:13:35.764548+00:00,btc-updown-15m-1788207300,15,4011289,115052006011719345540724158691488284722716831291466616777886768854726010104509,2026-08-31T20:15:00+00:00,2026-08-31T20:30:00+00:00,16.42,0.5,0.51,0.505,0.01,297.43,530.74,99
2026-08-31T20:14:36.777099+00:00,btc-updown-5m-1788207300,5,4011291,84963903693839771471649494013984298843564981854672426087604567232126547004352,2026-08-31T20:15:00+00:00,2026-08-31T20:20:00+00:00,5.4,0.5,0.51,0.505,0.01,251.03,54.0,99
2026-08-31T20:14:36.777099+00:00,btc-updown-15m-1788207300,15,4011289,115052006011719345540724158691488284722716831291466616777886768854726010104509,2026-08-31T20:15:00+00:00,2026-08-31T20:30:00+00:00,15.4,0.5,0.51,0.505,0.01,280.93,425.17,93
2026-08-31T20:15:37.781479+00:00,btc-updown-5m-1788207300,5,4011291,84963903693839771471649494013984298843564981854672426087604567232126547004352,2026-08-31T20:15:00+00:00,2026-08-31T20:20:00+00:00,4.38,0.61,0.62,0.615,0.01,175.87,75.75,99
2026-08-31T20:15:37.781479+00:00,btc-updown-5m-1788207600,5,4011331,36674330119101040538983828981293748516249927574148437913291204483484551528666,2026-08-31T20:20:00+00:00,2026-08-31T20:25:00+00:00,9.38,0.5,0.51,0.505,0.01,130.73,467.58,99
2026-08-31T20:15:37.781479+00:00,btc-updown-15m-1788207300,15,4011289,115052006011719345540724158691488284722716831291466616777886768854726010104509,2026-08-31T20:15:00+00:00,2026-08-31T20:30:00+00:00,14.38,0.54,0.55,0.545,0.01,285.0,37.0,99
2026-08-31T20:15:37.781479+00:00,btc-updown-15m-1788208200,15,4011374,81903381311810432131153169218904938337959976055187410762106842316973878776340,2026-08-31T20:30:00+00:00,2026-08-31T20:45:00+00:00,29.38,0.5,0.51,0.505,0.01,260.0,325.86,94
2026-08-31T20:16:38.799620+00:00,btc-updown-5m-1788207300,5,4011291,84963903693839771471649494013984298843564981854672426087604567232126547004352,2026-08-31T20:15:00+00:00,2026-08-31T20:20:00+00:00,3.37,0.63,0.64,0.635,0.01,17.0,538.1,99
2026-08-31T20:16:38.799620+00:00,btc-updown-5m-1788207600,5,4011331,36674330119101040538983828981293748516249927574148437913291204483484551528666,2026-08-31T20:20:00+00:00,2026-08-31T20:25:00+00:00,8.37,0.5,0.51,0.505,0.01,130.73,403.27,99
2026-08-31T20:16:38.799620+00:00,btc-updown-15m-1788207300,15,4011289,115052006011719345540724158691488284722716831291466616777886768854726010104509,2026-08-31T20:15:00+00:00,2026-08-31T20:30:00+00:00,13.37,0.55,0.56,0.555,0.01,230.5,225.0,99
2026-08-31T20:16:38.799620+00:00,btc-updown-15m-1788208200,15,4011374,81903381311810432131153169218904938337959976055187410762106842316973878776340,2026-08-31T20:30:00+00:00,2026-08-31T20:45:00+00:00,28.37,0.5,0.51,0.505,0.01,220.0,315.08,92
2026-08-31T20:17:39.789018+00:00,btc-updown-5m-1788207300,5,4011291,84963903693839771471649494013984298843564981854672426087604567232126547004352,2026-08-31T20:15:00+00:00,2026-08-31T20:20:00+00:00,2.35,0.92,0.93,0.925,0.01,286.14,100.1,99
2026-08-31T20:17:39.789018+00:00,btc-updown-5m-1788207600,5,4011331,36674330119101040538983828981293748516249927574148437913291204483484551528666,2026-08-31T20:20:00+00:00,2026-08-31T20:25:00+00:00,7.35,0.5,0.51,0.505,0.01,103.73,448.3,99
2026-08-31T20:17:39.789018+00:00,btc-updown-15m-1788207300,15,4011289,115052006011719345540724158691488284722716831291466616777886768854726010104509,2026-08-31T20:15:00+00:00,2026-08-31T20:30:00+00:00,12.35,0.73,0.74,0.735,0.01,320.0,6.25,98
2026-08-31T20:17:39.789018+00:00,btc-updown-15m-1788208200,15,4011374,81903381311810432131153169218904938337959976055187410762106842316973878776340,2026-08-31T20:30:00+00:00,2026-08-31T20:45:00+00:00,27.35,0.5,0.51,0.505,0.01,200.0,455.08,92
2026-08-31T20:18:40.839391+00:00,btc-updown-5m-1788207600,5,4011331,36674330119101040538983828981293748516249927574148437913291204483484551528666,2026-08-31T20:20:00+00:00,2026-08-31T20:25:00+00:00,6.33,0.5,0.51,0.505,0.01,15.0,221.99,99
2026-08-31T20:18:40.839391+00:00,btc-updown-15m-1788207300,15,4011289,115052006011719345540724158691488284722716831291466616777886768854726010104509,2026-08-31T20:15:00+00:00,2026-08-31T20:30:00+00:00,11.33,0.85,0.86,0.855,0.01,22.53,4910.0,99
2026-08-31T20:18:40.839391+00:00,btc-updown-15m-1788208200,15,4011374,81903381311810432131153169218904938337959976055187410762106842316973878776340,2026-08-31T20:30:00+00:00,2026-08-31T20:45:00+00:00,26.33,0.49,0.5,0.495,0.01,294.08,196.0,92
2026-08-31T20:19:41.775872+00:00,btc-updown-5m-1788207600,5,4011331,36674330119101040538983828981293748516249927574148437913291204483484551528666,2026-08-31T20:20:00+00:00,2026-08-31T20:25:00+00:00,5.32,0.49,0.5,0.495,0.01,10.0,219.82,99
2026-08-31T20:19:41.775872+00:00,btc-updown-15m-1788207300,15,4011289,115052006011719345540724158691488284722716831291466616777886768854726010104509,2026-08-31T20:15:00+00:00,2026-08-31T20:30:00+00:00,10.32,0.88,0.89,0.885,0.01,5.0,150.38,99
2026-08-31T20:19:41.775872+00:00,btc-updown-15m-1788208200,15,4011374,81903381311810432131153169218904938337959976055187410762106842316973878776340,2026-08-31T20:30:00+00:00,2026-08-31T20:45:00+00:00,25.32,0.49,0.5,0.495,0.01,284.08,336.0,93
2026-08-31T20:20:42.760661+00:00,btc-updown-5m-1788207600,5,4011331,36674330119101040538983828981293748516249927574148437913291204483484551528666,2026-08-31T20:20:00+00:00,2026-08-31T20:25:00+00:00,4.3,0.71,0.72,0.715,0.01,849.36,154.27,99
2026-08-31T20:20:42.760661+00:00,btc-updown-5m-1788207900,5,4011354,13354692233425352607158669029709628078087369189671331355397613630206037013192,2026-08-31T20:25:00+00:00,2026-08-31T20:30:00+00:00,9.3,0.49,0.5,0.495,0.01,231.39,718.77,99
2026-08-31T20:20:42.760661+00:00,btc-updown-15m-1788207300,15,4011289,115052006011719345540724158691488284722716831291466616777886768854726010104509,2026-08-31T20:15:00+00:00,2026-08-31T20:30:00+00:00,9.3,0.94,0.95,0.945,0.01,100.0,105.0,99
2026-08-31T20:20:42.760661+00:00,btc-updown-15m-1788208200,15,4011374,81903381311810432131153169218904938337959976055187410762106842316973878776340,2026-08-31T20:30:00+00:00,2026-08-31T20:45:00+00:00,24.3,0.49,0.5,0.495,0.01,214.08,712.0,93
2026-08-31T20:21:43.793460+00:00,btc-updown-5m-1788207600,5,4011331,36674330119101040538983828981293748516249927574148437913291204483484551528666,2026-08-31T20:20:00+00:00,2026-08-31T20:25:00+00:00,3.28,0.73,0.74,0.735,0.01,32.04,345.48,99
2026-08-31T20:21:43.793460+00:00,btc-updown-5m-1788207900,5,4011354,13354692233425352607158669029709628078087369189671331355397613630206037013192,2026-08-31T20:25:00+00:00,2026-08-31T20:30:00+00:00,8.28,0.49,0.5,0.495,0.01,163.14,724.77,99
2026-08-31T20:21:43.793460+00:00,btc-updown-15m-1788207300,15,4011289,115052006011719345540724158691488284722716831291466616777886768854726010104509,2026-08-31T20:15:00+00:00,2026-08-31T20:30:00+00:00,8.28,0.93,0.94,0.935,0.01,218.0,77.45,99
2026-08-31T20:21:43.793460+00:00,btc-updown-15m-1788208200,15,4011374,81903381311810432131153169218904938337959976055187410762106842316973878776340,2026-08-31T20:30:00+00:00,2026-08-31T20:45:00+00:00,23.28,0.49,0.5,0.495,0.01,214.08,852.0,93
2026-08-31T20:22:44.868287+00:00,btc-updown-5m-1788207600,5,4011331,36674330119101040538983828981293748516249927574148437913291204483484551528666,2026-08-31T20:20:00+00:00,2026-08-31T20:25:00+00:00,2.27,0.39,0.4,0.395,0.01,121.0,127.5,99
2026-08-31T20:22:44.868287+00:00,btc-updown-5m-1788207900,5,4011354,13354692233425352607158669029709628078087369189671331355397613630206037013192,2026-08-31T20:25:00+00:00,2026-08-31T20:30:00+00:00,7.27,0.49,0.5,0.495,0.01,125.53,631.17,99
2026-08-31T20:22:44.868287+00:00,btc-updown-15m-1788207300,15,4011289,115052006011719345540724158691488284722716831291466616777886768854726010104509,2026-08-31T20:15:00+00:00,2026-08-31T20:30:00+00:00,7.27,0.88,0.89,0.885,0.01,71.36,100.0,99
2026-08-31T20:22:44.868287+00:00,btc-updown-15m-1788208200,15,4011374,81903381311810432131153169218904938337959976055187410762106842316973878776340,2026-08-31T20:30:00+00:00,2026-08-31T20:45:00+00:00,22.27,0.49,0.5,0.495,0.01,236.08,814.0,93
2026-08-31T20:23:45.913932+00:00,btc-updown-5m-1788207600,5,4011331,36674330119101040538983828981293748516249927574148437913291204483484551528666,2026-08-31T20:20:00+00:00,2026-08-31T20:25:00+00:00,1.25,0.03,0.04,0.035,0.01,126.34,613.81,99
2026-08-31T20:23:45.913932+00:00,btc-updown-5m-1788207900,5,4011354,13354692233425352607158669029709628078087369189671331355397613630206037013192,2026-08-31T20:25:00+00:00,2026-08-31T20:30:00+00:00,6.25,0.49,0.5,0.495,0.01,13.73,188.48,99
2026-08-31T20:23:45.913932+00:00,btc-updown-15m-1788207300,15,4011289,115052006011719345540724158691488284722716831291466616777886768854726010104509,2026-08-31T20:15:00+00:00,2026-08-31T20:30:00+00:00,6.25,0.82,0.83,0.825,0.01,190.0,170.76,99
2026-08-31T20:23:45.913932+00:00,btc-updown-15m-1788208200,15,4011374,81903381311810432131153169218904938337959976055187410762106842316973878776340,2026-08-31T20:30:00+00:00,2026-08-31T20:45:00+00:00,21.25,0.49,0.5,0.495,0.01,236.08,834.0,93
2026-08-31T20:24:46.944738+00:00,btc-updown-5m-1788207900,5,4011354,13354692233425352607158669029709628078087369189671331355397613630206037013192,2026-08-31T20:25:00+00:00,2026-08-31T20:30:00+00:00,5.23,0.45,0.48,0.465,0.03,30.0,156.74,97
2026-08-31T20:24:46.944738+00:00,btc-updown-15m-1788207300,15,4011289,115052006011719345540724158691488284722716831291466616777886768854726010104509,2026-08-31T20:15:00+00:00,2026-08-31T20:30:00+00:00,5.23,0.84,0.85,0.845,0.01,48.65,517.57,99
2026-08-31T20:24:46.944738+00:00,btc-updown-15m-1788208200,15,4011374,81903381311810432131153169218904938337959976055187410762106842316973878776340,2026-08-31T20:30:00+00:00,2026-08-31T20:45:00+00:00,20.23,0.49,0.5,0.495,0.01,236.08,854.0,93
2026-08-31T20:25:47.899018+00:00,btc-updown-5m-1788207900,5,4011354,13354692233425352607158669029709628078087369189671331355397613630206037013192,2026-08-31T20:25:00+00:00,2026-08-31T20:30:00+00:00,4.22,0.26,0.27,0.265,0.01,258.94,69.29,99
2026-08-31T20:25:47.899018+00:00,btc-updown-5m-1788208200,5,4011366,68423698683868272710335384176061423416953787015887257116224453529521725430901,2026-08-31T20:30:00+00:00,2026-08-31T20:35:00+00:00,9.22,0.49,0.5,0.495,0.01,339.0,670.49,99
2026-08-31T20:25:47.899018+00:00,btc-updown-15m-1788207300,15,4011289,115052006011719345540724158691488284722716831291466616777886768854726010104509,2026-08-31T20:15:00+00:00,2026-08-31T20:30:00+00:00,4.22,0.73,0.74,0.735,0.01,241.46,48.5,99
2026-08-31T20:25:47.899018+00:00,btc-updown-15m-1788208200,15,4011374,81903381311810432131153169218904938337959976055187410762106842316973878776340,2026-08-31T20:30:00+00:00,2026-08-31T20:45:00+00:00,19.22,0.49,0.5,0.495,0.01,261.08,854.0,93
2026-08-31T20:26:48.885259+00:00,btc-updown-5m-1788207900,5,4011354,13354692233425352607158669029709628078087369189671331355397613630206037013192,2026-08-31T20:25:00+00:00,2026-08-31T20:30:00+00:00,3.2,0.25,0.26,0.255,0.01,57.0,192.35,99
2026-08-31T20:26:48.885259+00:00,btc-updown-5m-1788208200,5,4011366,68423698683868272710335384176061423416953787015887257116224453529521725430901,2026-08-31T20:30:00+00:00,2026-08-31T20:35:00+00:00,8.2,0.49,0.5,0.495,0.01,65.7,662.49,99
2026-08-31T20:26:48.885259+00:00,btc-updown-15m-1788207300,15,4011289,115052006011719345540724158691488284722716831291466616777886768854726010104509,2026-08-31T20:15:00+00:00,2026-08-31T20:30:00+00:00,3.2,0.76,0.78,0.77,0.02,55.0,212.0,98
2026-08-31T20:26:48.885259+00:00,btc-updown-15m-1788208200,15,4011374,81903381311810432131153169218904938337959976055187410762106842316973878776340,2026-08-31T20:30:00+00:00,2026-08-31T20:45:00+00:00,18.2,0.49,0.5,0.495,0.01,288.17,854.0,95
2026-08-31T20:27:49.934545+00:00,btc-updown-5m-1788207900,5,4011354,13354692233425352607158669029709628078087369189671331355397613630206037013192,2026-08-31T20:25:00+00:00,2026-08-31T20:30:00+00:00,2.18,0.07,0.08,0.075,0.01,90.37,140.0,99
2026-08-31T20:27:49.934545+00:00,btc-updown-5m-1788208200,5,4011366,68423698683868272710335384176061423416953787015887257116224453529521725430901,2026-08-31T20:30:00+00:00,2026-08-31T20:35:00+00:00,7.18,0.49,0.5,0.495,0.01,56.09,682.49,99
2026-08-31T20:27:49.934545+00:00,btc-updown-15m-1788207300,15,4011289,115052006011719345540724158691488284722716831291466616777886768854726010104509,2026-08-31T20:15:00+00:00,2026-08-31T20:30:00+00:00,2.18,0.71,0.72,0.715,0.01,10.0,39.16,99
2026-08-31T20:27:49.934545+00:00,btc-updown-15m-1788208200,15,4011374,81903381311810432131153169218904938337959976055187410762106842316973878776340,2026-08-31T20:30:00+00:00,2026-08-31T20:45:00+00:00,17.18,0.49,0.5,0.495,0.01,308.17,570.0,95
2026-08-31T20:28:50.935451+00:00,btc-updown-5m-1788208200,5,4011366,68423698683868272710335384176061423416953787015887257116224453529521725430901,2026-08-31T20:30:00+00:00,2026-08-31T20:35:00+00:00,6.17,0.49,0.5,0.495,0.01,74.5,77.46,99
2026-08-31T20:28:50.935451+00:00,btc-updown-15m-1788207300,15,4011289,115052006011719345540724158691488284722716831291466616777886768854726010104509,2026-08-31T20:15:00+00:00,2026-08-31T20:30:00+00:00,1.17,0.41,0.43,0.42,0.02,50.0,25.6,98
2026-08-31T20:28:50.935451+00:00,btc-updown-15m-1788208200,15,4011374,81903381311810432131153169218904938337959976055187410762106842316973878776340,2026-08-31T20:30:00+00:00,2026-08-31T20:45:00+00:00,16.17,0.49,0.5,0.495,0.01,302.28,144.0,95
2026-08-31T20:29:51.864637+00:00,btc-updown-5m-1788208200,5,4011366,68423698683868272710335384176061423416953787015887257116224453529521725430901,2026-08-31T20:30:00+00:00,2026-08-31T20:35:00+00:00,5.15,0.47,0.5,0.485,0.03,19.84,118.0,97
2026-08-31T20:29:51.864637+00:00,btc-updown-15m-1788208200,15,4011374,81903381311810432131153169218904938337959976055187410762106842316973878776340,2026-08-31T20:30:00+00:00,2026-08-31T20:45:00+00:00,15.15,0.49,0.5,0.495,0.01,168.95,108.0,94
2026-08-31T20:30:52.825168+00:00,btc-updown-5m-1788208200,5,4011366,68423698683868272710335384176061423416953787015887257116224453529521725430901,2026-08-31T20:30:00+00:00,2026-08-31T20:35:00+00:00,4.13,0.65,0.66,0.655,0.01,344.48,147.67,99
2026-08-31T20:30:52.825168+00:00,btc-updown-5m-1788208500,5,4011419,99352325792264625880269068597415299304862644447900888027652251419472955478214,2026-08-31T20:35:00+00:00,2026-08-31T20:40:00+00:00,9.13,0.5,0.51,0.505,0.01,803.17,378.18,99
2026-08-31T20:30:52.825168+00:00,btc-updown-15m-1788208200,15,4011374,81903381311810432131153169218904938337959976055187410762106842316973878776340,2026-08-31T20:30:00+00:00,2026-08-31T20:45:00+00:00,14.13,0.55,0.56,0.555,0.01,273.5,19.82,99
2026-08-31T20:30:52.825168+00:00,btc-updown-15m-1788209100,15,4011861,59764737605197937213198321750979802595746402775740531131633392343528472609082,2026-08-31T20:45:00+00:00,2026-08-31T21:00:00+00:00,29.13,0.5,0.51,0.505,0.01,370.0,440.08,99
2026-08-31T20:31:54.328873+00:00,btc-updown-5m-1788208200,5,4011366,68423698683868272710335384176061423416953787015887257116224453529521725430901,2026-08-31T20:30:00+00:00,2026-08-31T20:35:00+00:00,3.1,0.44,0.45,0.445,0.01,96.73,207.88,99
2026-08-31T20:31:54.328873+00:00,btc-updown-5m-1788208500,5,4011419,99352325792264625880269068597415299304862644447900888027652251419472955478214,2026-08-31T20:35:00+00:00,2026-08-31T20:40:00+00:00,8.1,0.5,0.51,0.505,0.01,838.17,378.18,99
2026-08-31T20:31:54.328873+00:00,btc-updown-15m-1788208200,15,4011374,81903381311810432131153169218904938337959976055187410762106842316973878776340,2026-08-31T20:30:00+00:00,2026-08-31T20:45:00+00:00,13.1,0.46,0.47,0.465,0.01,26.49,155.0,99
2026-08-31T20:31:54.328873+00:00,btc-updown-15m-1788209100,15,4011861,59764737605197937213198321750979802595746402775740531131633392343528472609082,2026-08-31T20:45:00+00:00,2026-08-31T21:00:00+00:00,28.1,0.5,0.51,0.505,0.01,430.0,330.08,97
2026-08-31T20:32:55.384219+00:00,btc-updown-5m-1788208200,5,4011366,68423698683868272710335384176061423416953787015887257116224453529521725430901,2026-08-31T20:30:00+00:00,2026-08-31T20:35:00+00:00,2.08,0.06,0.07,0.065,0.01,75.94,330.58,99
2026-08-31T20:32:55.384219+00:00,btc-updown-5m-1788208500,5,4011419,99352325792264625880269068597415299304862644447900888027652251419472955478214,2026-08-31T20:35:00+00:00,2026-08-31T20:40:00+00:00,7.08,0.5,0.51,0.505,0.01,678.0,425.18,99
2026-08-31T20:32:55.384219+00:00,btc-updown-15m-1788208200,15,4011374,81903381311810432131153169218904938337959976055187410762106842316973878776340,2026-08-31T20:30:00+00:00,2026-08-31T20:45:00+00:00,12.08,0.25,0.3,0.275,0.05,5.0,42.09,95
2026-08-31T20:32:55.384219+00:00,btc-updown-15m-1788209100,15,4011861,59764737605197937213198321750979802595746402775740531131633392343528472609082,2026-08-31T20:45:00+00:00,2026-08-31T21:00:00+00:00,27.08,0.5,0.51,0.505,0.01,493.83,249.63,96
2026-08-31T20:33:56.403370+00:00,btc-updown-5m-1788208500,5,4011419,99352325792264625880269068597415299304862644447900888027652251419472955478214,2026-08-31T20:35:00+00:00,2026-08-31T20:40:00+00:00,6.07,0.5,0.51,0.505,0.01,55.0,204.55,99
2026-08-31T20:33:56.403370+00:00,btc-updown-15m-1788208200,15,4011374,81903381311810432131153169218904938337959976055187410762106842316973878776340,2026-08-31T20:30:00+00:00,2026-08-31T20:45:00+00:00,11.07,0.16,0.17,0.165,0.01,6188.0,65.0,99
2026-08-31T20:33:56.403370+00:00,btc-updown-15m-1788209100,15,4011861,59764737605197937213198321750979802595746402775740531131633392343528472609082,2026-08-31T20:45:00+00:00,2026-08-31T21:00:00+00:00,26.07,0.5,0.51,0.505,0.01,503.83,259.63,96
2026-08-31T20:34:57.286108+00:00,btc-updown-5m-1788208500,5,4011419,99352325792264625880269068597415299304862644447900888027652251419472955478214,2026-08-31T20:35:00+00:00,2026-08-31T20:40:00+00:00,5.05,0.58,0.59,0.585,0.01,20.07,39.06,98
2026-08-31T20:34:57.286108+00:00,btc-updown-15m-1788208200,15,4011374,81903381311810432131153169218904938337959976055187410762106842316973878776340,2026-08-31T20:30:00+00:00,2026-08-31T20:45:00+00:00,10.05,0.17,0.18,0.175,0.01,91.0,12.0,99
2026-08-31T20:34:57.286108+00:00,btc-updown-15m-1788209100,15,4011861,59764737605197937213198321750979802595746402775740531131633392343528472609082,2026-08-31T20:45:00+00:00,2026-08-31T21:00:00+00:00,25.05,0.5,0.51,0.505,0.01,623.83,259.63,96
2026-08-31T20:35:58.260866+00:00,btc-updown-5m-1788208500,5,4011419,99352325792264625880269068597415299304862644447900888027652251419472955478214,2026-08-31T20:35:00+00:00,2026-08-31T20:40:00+00:00,4.03,0.69,0.7,0.695,0.01,253.7,209.91,99
2026-08-31T20:35:58.260866+00:00,btc-updown-5m-1788208800,5,4011736,58274199165721764369156817294315541081097581232645369865172298772701377846587,2026-08-31T20:40:00+00:00,2026-08-31T20:45:00+00:00,9.03,0.5,0.51,0.505,0.01,858.61,133.84,99
2026-08-31T20:35:58.260866+00:00,btc-updown-15m-1788208200,15,4011374,81903381311810432131153169218904938337959976055187410762106842316973878776340,2026-08-31T20:30:00+00:00,2026-08-31T20:45:00+00:00,9.03,0.18,0.2,0.19,0.02,90.93,92.55,98
2026-08-31T20:35:58.260866+00:00,btc-updown-15m-1788209100,15,4011861,59764737605197937213198321750979802595746402775740531131633392343528472609082,2026-08-31T20:45:00+00:00,2026-08-31T21:00:00+00:00,24.03,0.5,0.51,0.505,0.01,821.83,259.63,96
2026-08-31T20:36:59.281131+00:00,btc-updown-5m-1788208500,5,4011419,99352325792264625880269068597415299304862644447900888027652251419472955478214,2026-08-31T20:35:00+00:00,2026-08-31T20:40:00+00:00,3.02,0.22,0.23,0.225,0.01,130.22,302.0,99
2026-08-31T20:36:59.281131+00:00,btc-updown-5m-1788208800,5,4011736,58274199165721764369156817294315541081097581232645369865172298772701377846587,2026-08-31T20:40:00+00:00,2026-08-31T20:45:00+00:00,8.02,0.5,0.51,0.505,0.01,869.61,133.84,99
2026-08-31T20:36:59.281131+00:00,btc-updown-15m-1788208200,15,4011374,81903381311810432131153169218904938337959976055187410762106842316973878776340,2026-08-31T20:30:00+00:00,2026-08-31T20:45:00+00:00,8.02,0.07,0.08,0.075,0.01,36.96,90.33,99
2026-08-31T20:36:59.281131+00:00,btc-updown-15m-1788209100,15,4011861,59764737605197937213198321750979802595746402775740531131633392343528472609082,2026-08-31T20:45:00+00:00,2026-08-31T21:00:00+00:00,23.02,0.5,0.51,0.505,0.01,949.83,244.57,96
2026-08-31T20:38:00.336190+00:00,btc-updown-5m-1788208500,5,4011419,99352325792264625880269068597415299304862644447900888027652251419472955478214,2026-08-31T20:35:00+00:00,2026-08-31T20:40:00+00:00,2.0,0.11,0.12,0.115,0.01,195.53,92.31,99
2026-08-31T20:38:00.336190+00:00,btc-updown-5m-1788208800,5,4011736,58274199165721764369156817294315541081097581232645369865172298772701377846587,2026-08-31T20:40:00+00:00,2026-08-31T20:45:00+00:00,7.0,0.5,0.51,0.505,0.01,657.61,91.69,99
2026-08-31T20:38:00.336190+00:00,btc-updown-15m-1788208200,15,4011374,81903381311810432131153169218904938337959976055187410762106842316973878776340,2026-08-31T20:30:00+00:00,2026-08-31T20:45:00+00:00,7.0,0.05,0.06,0.055,0.01,53.94,129.79,99
2026-08-31T20:38:00.336190+00:00,btc-updown-15m-1788209100,15,4011861,59764737605197937213198321750979802595746402775740531131633392343528472609082,2026-08-31T20:45:00+00:00,2026-08-31T21:00:00+00:00,22.0,0.5,0.51,0.505,0.01,1047.66,266.57,95
2026-08-31T20:39:01.376672+00:00,btc-updown-5m-1788208500,5,4011419,99352325792264625880269068597415299304862644447900888027652251419472955478214,2026-08-31T20:35:00+00:00,2026-08-31T20:40:00+00:00,0.98,0.08,0.09,0.085,0.01,59.61,7.77,99
2026-08-31T20:39:01.376672+00:00,btc-updown-5m-1788208800,5,4011736,58274199165721764369156817294315541081097581232645369865172298772701377846587,2026-08-31T20:40:00+00:00,2026-08-31T20:45:00+00:00,5.98,0.5,0.52,0.51,0.02,55.58,107.32,98
2026-08-31T20:39:01.376672+00:00,btc-updown-15m-1788208200,15,4011374,81903381311810432131153169218904938337959976055187410762106842316973878776340,2026-08-31T20:30:00+00:00,2026-08-31T20:45:00+00:00,5.98,0.05,0.06,0.055,0.01,70.0,55.0,99
2026-08-31T20:39:01.376672+00:00,btc-updown-15m-1788209100,15,4011861,59764737605197937213198321750979802595746402775740531131633392343528472609082,2026-08-31T20:45:00+00:00,2026-08-31T21:00:00+00:00,20.98,0.5,0.51,0.505,0.01,1067.66,262.64,95
2026-08-31T20:40:02.511580+00:00,btc-updown-5m-1788208800,5,4011736,58274199165721764369156817294315541081097581232645369865172298772701377846587,2026-08-31T20:40:00+00:00,2026-08-31T20:45:00+00:00,4.97,0.61,0.62,0.615,0.01,128.71,266.17,99
2026-08-31T20:40:02.511580+00:00,btc-updown-5m-1788209100,5,4011859,69823273881485525942123046788102116800550749084252873207774071338933381659667,2026-08-31T20:45:00+00:00,2026-08-31T20:50:00+00:00,9.97,0.5,0.51,0.505,0.01,849.91,465.58,99
2026-08-31T20:40:02.511580+00:00,btc-updown-15m-1788208200,15,4011374,81903381311810432131153169218904938337959976055187410762106842316973878776340,2026-08-31T20:30:00+00:00,2026-08-31T20:45:00+00:00,4.97,0.04,0.05,0.045,0.01,50.0,50.0,99
2026-08-31T20:40:02.511580+00:00,btc-updown-15m-1788209100,15,4011861,59764737605197937213198321750979802595746402775740531131633392343528472609082,2026-08-31T20:45:00+00:00,2026-08-31T21:00:00+00:00,19.97,0.5,0.51,0.505,0.01,1092.66,634.44,95
2026-08-31T20:41:03.567858+00:00,btc-updown-5m-1788208800,5,4011736,58274199165721764369156817294315541081097581232645369865172298772701377846587,2026-08-31T20:40:00+00:00,2026-08-31T20:45:00+00:00,3.95,0.79,0.8,0.795,0.01,177.7,280.11,99
2026-08-31T20:41:03.567858+00:00,btc-updown-5m-1788209100,5,4011859,69823273881485525942123046788102116800550749084252873207774071338933381659667,2026-08-31T20:45:00+00:00,2026-08-31T20:50:00+00:00,8.95,0.5,0.51,0.505,0.01,884.91,374.61,99
2026-08-31T20:41:03.567858+00:00,btc-updown-15m-1788208200,15,4011374,81903381311810432131153169218904938337959976055187410762106842316973878776340,2026-08-31T20:30:00+00:00,2026-08-31T20:45:00+00:00,3.95,0.05,0.06,0.055,0.01,95.0,218.38,99
2026-08-31T20:41:03.567858+00:00,btc-updown-15m-1788209100,15,4011861,59764737605197937213198321750979802595746402775740531131633392343528472609082,2026-08-31T20:45:00+00:00,2026-08-31T21:00:00+00:00,18.95,0.5,0.51,0.505,0.01,872.66,639.44,95
2026-08-31T20:42:04.598175+00:00,btc-updown-5m-1788208800,5,4011736,58274199165721764369156817294315541081097581232645369865172298772701377846587,2026-08-31T20:40:00+00:00,2026-08-31T20:45:00+00:00,2.93,0.87,0.88,0.875,0.01,290.3,57.55,99
2026-08-31T20:42:04.598175+00:00,btc-updown-5m-1788209100,5,4011859,69823273881485525942123046788102116800550749084252873207774071338933381659667,2026-08-31T20:45:00+00:00,2026-08-31T20:50:00+00:00,7.93,0.5,0.51,0.505,0.01,844.39,136.31,99
2026-08-31T20:42:04.598175+00:00,btc-updown-15m-1788208200,15,4011374,81903381311810432131153169218904938337959976055187410762106842316973878776340,2026-08-31T20:30:00+00:00,2026-08-31T20:45:00+00:00,2.93,0.03,0.05,0.04,0.02,55.0,12568.99,98
2026-08-31T20:42:04.598175+00:00,btc-updown-15m-1788209100,15,4011861,59764737605197937213198321750979802595746402775740531131633392343528472609082,2026-08-31T20:45:00+00:00,2026-08-31T21:00:00+00:00,17.93,0.5,0.51,0.505,0.01,747.14,639.44,95
2026-08-31T20:43:05.584326+00:00,btc-updown-5m-1788208800,5,4011736,58274199165721764369156817294315541081097581232645369865172298772701377846587,2026-08-31T20:40:00+00:00,2026-08-31T20:45:00+00:00,1.92,0.96,0.97,0.965,0.01,151.91,214.59,99
2026-08-31T20:43:05.584326+00:00,btc-updown-5m-1788209100,5,4011859,69823273881485525942123046788102116800550749084252873207774071338933381659667,2026-08-31T20:45:00+00:00,2026-08-31T20:50:00+00:00,6.92,0.5,0.51,0.505,0.01,249.39,122.6,99
2026-08-31T20:43:05.584326+00:00,btc-updown-15m-1788208200,15,4011374,81903381311810432131153169218904938337959976055187410762106842316973878776340,2026-08-31T20:30:00+00:00,2026-08-31T20:45:00+00:00,1.92,0.02,0.03,0.025,0.01,2281.86,40.0,99
2026-08-31T20:43:05.584326+00:00,btc-updown-15m-1788209100,15,4011861,59764737605197937213198321750979802595746402775740531131633392343528472609082,2026-08-31T20:45:00+00:00,2026-08-31T21:00:00+00:00,16.92,0.5,0.51,0.505,0.01,692.32,639.44,95
2026-08-31T20:44:06.596057+00:00,btc-updown-5m-1788209100,5,4011859,69823273881485525942123046788102116800550749084252873207774071338933381659667,2026-08-31T20:45:00+00:00,2026-08-31T20:50:00+00:00,5.9,0.51,0.52,0.515,0.01,36.22,5.76,99
2026-08-31T20:44:06.596057+00:00,btc-updown-15m-1788208200,15,4011374,81903381311810432131153169218904938337959976055187410762106842316973878776340,2026-08-31T20:30:00+00:00,2026-08-31T20:45:00+00:00,0.9,0.02,0.04,0.03,0.02,1626.64,74.0,97
2026-08-31T20:44:06.596057+00:00,btc-updown-15m-1788209100,15,4011861,59764737605197937213198321750979802595746402775740531131633392343528472609082,2026-08-31T20:45:00+00:00,2026-08-31T21:00:00+00:00,15.9,0.5,0.51,0.505,0.01,612.32,641.67,89
2026-08-31T20:45:07.521324+00:00,btc-updown-5m-1788209100,5,4011859,69823273881485525942123046788102116800550749084252873207774071338933381659667,2026-08-31T20:45:00+00:00,2026-08-31T20:50:00+00:00,4.88,0.56,0.57,0.565,0.01,295.51,33.57,99
2026-08-31T20:45:07.521324+00:00,btc-updown-5m-1788209400,5,4011972,9504484133533003563266775823071144520475539683396541784143895545758531960182,2026-08-31T20:50:00+00:00,2026-08-31T20:55:00+00:00,9.88,0.5,0.51,0.505,0.01,236.65,442.42,99
2026-08-31T20:45:07.521324+00:00,btc-updown-15m-1788209100,15,4011861,59764737605197937213198321750979802595746402775740531131633392343528472609082,2026-08-31T20:45:00+00:00,2026-08-31T21:00:00+00:00,14.88,0.54,0.55,0.545,0.01,5.0,65.0,99
2026-08-31T20:45:07.521324+00:00,btc-updown-15m-1788210000,15,4012423,34627526371022654796947290950405138104699880531464398029804136914317382382970,2026-08-31T21:00:00+00:00,2026-08-31T21:15:00+00:00,29.88,0.5,0.51,0.505,0.01,655.0,305.08,95
2026-08-31T20:46:08.553435+00:00,btc-updown-5m-1788209100,5,4011859,69823273881485525942123046788102116800550749084252873207774071338933381659667,2026-08-31T20:45:00+00:00,2026-08-31T20:50:00+00:00,3.87,0.58,0.59,0.585,0.01,201.0,183.0,99
2026-08-31T20:46:08.553435+00:00,btc-updown-5m-1788209400,5,4011972,9504484133533003563266775823071144520475539683396541784143895545758531960182,2026-08-31T20:50:00+00:00,2026-08-31T20:55:00+00:00,8.87,0.5,0.51,0.505,0.01,250.65,377.0,99
2026-08-31T20:46:08.553435+00:00,btc-updown-15m-1788209100,15,4011861,59764737605197937213198321750979802595746402775740531131633392343528472609082,2026-08-31T20:45:00+00:00,2026-08-31T21:00:00+00:00,13.87,0.52,0.53,0.525,0.01,87.0,15.0,99
2026-08-31T20:46:08.553435+00:00,btc-updown-15m-1788210000,15,4012423,34627526371022654796947290950405138104699880531464398029804136914317382382970,2026-08-31T21:00:00+00:00,2026-08-31T21:15:00+00:00,28.87,0.5,0.51,0.505,0.01,640.0,255.08,95
2026-08-31T20:47:09.568884+00:00,btc-updown-5m-1788209100,5,4011859,69823273881485525942123046788102116800550749084252873207774071338933381659667,2026-08-31T20:45:00+00:00,2026-08-31T20:50:00+00:00,2.85,0.69,0.7,0.695,0.01,91.0,338.0,99
2026-08-31T20:47:09.568884+00:00,btc-updown-5m-1788209400,5,4011972,9504484133533003563266775823071144520475539683396541784143895545758531960182,2026-08-31T20:50:00+00:00,2026-08-31T20:55:00+00:00,7.85,0.5,0.51,0.505,0.01,258.65,375.07,99
2026-08-31T20:47:09.568884+00:00,btc-updown-15m-1788209100,15,4011861,59764737605197937213198321750979802595746402775740531131633392343528472609082,2026-08-31T20:45:00+00:00,2026-08-31T21:00:00+00:00,12.85,0.57,0.58,0.575,0.01,155.0,37.68,99
2026-08-31T20:47:09.568884+00:00,btc-updown-15m-1788210000,15,4012423,34627526371022654796947290950405138104699880531464398029804136914317382382970,2026-08-31T21:00:00+00:00,2026-08-31T21:15:00+00:00,27.85,0.5,0.51,0.505,0.01,500.0,255.08,95
2026-08-31T20:48:10.573408+00:00,btc-updown-5m-1788209100,5,4011859,69823273881485525942123046788102116800550749084252873207774071338933381659667,2026-08-31T20:45:00+00:00,2026-08-31T20:50:00+00:00,1.83,0.06,0.07,0.065,0.01,283.76,82.75,99
2026-08-31T20:48:10.573408+00:00,btc-updown-5m-1788209400,5,4011972,9504484133533003563266775823071144520475539683396541784143895545758531960182,2026-08-31T20:50:00+00:00,2026-08-31T20:55:00+00:00,6.83,0.5,0.51,0.505,0.01,204.65,338.87,99
2026-08-31T20:48:10.573408+00:00,btc-updown-15m-1788209100,15,4011861,59764737605197937213198321750979802595746402775740531131633392343528472609082,2026-08-31T20:45:00+00:00,2026-08-31T21:00:00+00:00,11.83,0.26,0.27,0.265,0.01,264.0,5.0,99
2026-08-31T20:48:10.573408+00:00,btc-updown-15m-1788210000,15,4012423,34627526371022654796947290950405138104699880531464398029804136914317382382970,2026-08-31T21:00:00+00:00,2026-08-31T21:15:00+00:00,26.83,0.5,0.51,0.505,0.01,360.0,255.08,94
2026-08-31T20:49:11.563499+00:00,btc-updown-5m-1788209400,5,4011972,9504484133533003563266775823071144520475539683396541784143895545758531960182,2026-08-31T20:50:00+00:00,2026-08-31T20:55:00+00:00,5.82,0.48,0.5,0.49,0.02,30.91,205.83,98
2026-08-31T20:49:11.563499+00:00,btc-updown-15m-1788209100,15,4011861,59764737605197937213198321750979802595746402775740531131633392343528472609082,2026-08-31T20:45:00+00:00,2026-08-31T21:00:00+00:00,10.82,0.26,0.27,0.265,0.01,48.0,35.0,98
2026-08-31T20:49:11.563499+00:00,btc-updown-15m-1788210000,15,4012423,34627526371022654796947290950405138104699880531464398029804136914317382382970,2026-08-31T21:00:00+00:00,2026-08-31T21:15:00+00:00,25.82,0.5,0.51,0.505,0.01,348.83,238.42,94
2026-08-31T20:50:12.554102+00:00,btc-updown-5m-1788209400,5,4011972,9504484133533003563266775823071144520475539683396541784143895545758531960182,2026-08-31T20:50:00+00:00,2026-08-31T20:55:00+00:00,4.8,0.63,0.64,0.635,0.01,682.09,217.0,99
2026-08-31T20:50:12.554102+00:00,btc-updown-5m-1788209700,5,4012398,66519913142558153553502984361939872719488389234382828705252738120457586172768,2026-08-31T20:55:00+00:00,2026-08-31T21:00:00+00:00,9.8,0.5,0.51,0.505,0.01,854.7,428.97,99
2026-08-31T20:50:12.554102+00:00,btc-updown-15m-1788209100,15,4011861,59764737605197937213198321750979802595746402775740531131633392343528472609082,2026-08-31T20:45:00+00:00,2026-08-31T21:00:00+00:00,9.8,0.3,0.31,0.305,0.01,24.0,20.0,99
2026-08-31T20:50:12.554102+00:00,btc-updown-15m-1788210000,15,4012423,34627526371022654796947290950405138104699880531464398029804136914317382382970,2026-08-31T21:00:00+00:00,2026-08-31T21:15:00+00:00,24.8,0.5,0.51,0.505,0.01,405.0,238.42,95
2026-08-31T20:51:13.710594+00:00,btc-updown-5m-1788209400,5,4011972,9504484133533003563266775823071144520475539683396541784143895545758531960182,2026-08-31T20:50:00+00:00,2026-08-31T20:55:00+00:00,3.78,0.64,0.65,0.645,0.01,284.47,172.68,99
2026-08-31T20:51:13.710594+00:00,btc-updown-5m-1788209700,5,4012398,66519913142558153553502984361939872719488389234382828705252738120457586172768,2026-08-31T20:55:00+00:00,2026-08-31T21:00:00+00:00,8.78,0.5,0.51,0.505,0.01,877.7,383.32,99
2026-08-31T20:51:13.710594+00:00,btc-updown-15m-1788209100,15,4011861,59764737605197937213198321750979802595746402775740531131633392343528472609082,2026-08-31T20:45:00+00:00,2026-08-31T21:00:00+00:00,8.78,0.31,0.32,0.315,0.01,50.0,52.87,99
2026-08-31T20:51:13.710594+00:00,btc-updown-15m-1788210000,15,4012423,34627526371022654796947290950405138104699880531464398029804136914317382382970,2026-08-31T21:00:00+00:00,2026-08-31T21:15:00+00:00,23.78,0.5,0.51,0.505,0.01,405.0,238.42,95
2026-08-31T20:52:14.712291+00:00,btc-updown-5m-1788209400,5,4011972,9504484133533003563266775823071144520475539683396541784143895545758531960182,2026-08-31T20:50:00+00:00,2026-08-31T20:55:00+00:00,2.77,0.88,0.89,0.885,0.01,6.0,234.37,99
2026-08-31T20:52:14.712291+00:00,btc-updown-5m-1788209700,5,4012398,66519913142558153553502984361939872719488389234382828705252738120457586172768,2026-08-31T20:55:00+00:00,2026-08-31T21:00:00+00:00,7.77,0.5,0.51,0.505,0.01,852.7,364.42,99
2026-08-31T20:52:14.712291+00:00,btc-updown-15m-1788209100,15,4011861,59764737605197937213198321750979802595746402775740531131633392343528472609082,2026-08-31T20:45:00+00:00,2026-08-31T21:00:00+00:00,7.77,0.48,0.49,0.485,0.01,125.57,65.0,99
2026-08-31T20:52:14.712291+00:00,btc-updown-15m-1788210000,15,4012423,34627526371022654796947290950405138104699880531464398029804136914317382382970,2026-08-31T21:00:00+00:00,2026-08-31T21:15:00+00:00,22.77,0.5,0.51,0.505,0.01,425.0,238.42,95
2026-08-31T20:53:15.708824+00:00,btc-updown-5m-1788209400,5,4011972,9504484133533003563266775823071144520475539683396541784143895545758531960182,2026-08-31T20:50:00+00:00,2026-08-31T20:55:00+00:00,1.75,0.98,0.99,0.985,0.01,232.55,2611.19,99
2026-08-31T20:53:15.708824+00:00,btc-updown-5m-1788209700,5,4012398,66519913142558153553502984361939872719488389234382828705252738120457586172768,2026-08-31T20:55:00+00:00,2026-08-31T21:00:00+00:00,6.75,0.5,0.51,0.505,0.01,247.3,310.79,99
2026-08-31T20:53:15.708824+00:00,btc-updown-15m-1788209100,15,4011861,59764737605197937213198321750979802595746402775740531131633392343528472609082,2026-08-31T20:45:00+00:00,2026-08-31T21:00:00+00:00,6.75,0.53,0.54,0.535,0.01,55.0,4221.0,99
2026-08-31T20:53:15.708824+00:00,btc-updown-15m-1788210000,15,4012423,34627526371022654796947290950405138104699880531464398029804136914317382382970,2026-08-31T21:00:00+00:00,2026-08-31T21:15:00+00:00,21.75,0.5,0.51,0.505,0.01,447.0,63.0,95
2026-08-31T20:54:16.700157+00:00,btc-updown-5m-1788209700,5,4012398,66519913142558153553502984361939872719488389234382828705252738120457586172768,2026-08-31T20:55:00+00:00,2026-08-31T21:00:00+00:00,5.73,0.48,0.5,0.49,0.02,214.58,35.0,98
2026-08-31T20:54:16.700157+00:00,btc-updown-15m-1788209100,15,4011861,59764737605197937213198321750979802595746402775740531131633392343528472609082,2026-08-31T20:45:00+00:00,2026-08-31T21:00:00+00:00,5.73,0.53,0.54,0.535,0.01,10.0,25.0,99
2026-08-31T20:54:16.700157+00:00,btc-updown-15m-1788210000,15,4012423,34627526371022654796947290950405138104699880531464398029804136914317382382970,2026-08-31T21:00:00+00:00,2026-08-31T21:15:00+00:00,20.73,0.5,0.51,0.505,0.01,407.0,63.0,95
2026-08-31T20:55:17.675798+00:00,btc-updown-5m-1788209700,5,4012398,66519913142558153553502984361939872719488389234382828705252738120457586172768,2026-08-31T20:55:00+00:00,2026-08-31T21:00:00+00:00,4.72,0.55,0.56,0.555,0.01,90.0,129.52,99
2026-08-31T20:55:17.675798+00:00,btc-updown-5m-1788210000,5,4012427,23508939883183659716485233118300666868499073480892002177922375623301252313273,2026-08-31T21:00:00+00:00,2026-08-31T21:05:00+00:00,9.72,0.5,0.51,0.505,0.01,836.84,507.31,99
2026-08-31T20:55:17.675798+00:00,btc-updown-15m-1788209100,15,4011861,59764737605197937213198321750979802595746402775740531131633392343528472609082,2026-08-31T20:45:00+00:00,2026-08-31T21:00:00+00:00,4.72,0.62,0.63,0.625,0.01,55.0,40.0,99
2026-08-31T20:55:17.675798+00:00,btc-updown-15m-1788210000,15,4012423,34627526371022654796947290950405138104699880531464398029804136914317382382970,2026-08-31T21:00:00+00:00,2026-08-31T21:15:00+00:00,19.72,0.5,0.51,0.505,0.01,212.0,450.0,95
2026-08-31T20:56:18.721152+00:00,btc-updown-5m-1788209700,5,4012398,66519913142558153553502984361939872719488389234382828705252738120457586172768,2026-08-31T20:55:00+00:00,2026-08-31T21:00:00+00:00,3.7,0.53,0.54,0.535,0.01,98.72,25.0,99
2026-08-31T20:56:18.721152+00:00,btc-updown-5m-1788210000,5,4012427,23508939883183659716485233118300666868499073480892002177922375623301252313273,2026-08-31T21:00:00+00:00,2026-08-31T21:05:00+00:00,8.7,0.5,0.51,0.505,0.01,836.84,402.55,99
2026-08-31T20:56:18.721152+00:00,btc-updown-15m-1788209100,15,4011861,59764737605197937213198321750979802595746402775740531131633392343528472609082,2026-08-31T20:45:00+00:00,2026-08-31T21:00:00+00:00,3.7,0.62,0.63,0.625,0.01,24.73,150.0,99
2026-08-31T20:56:18.721152+00:00,btc-updown-15m-1788210000,15,4012423,34627526371022654796947290950405138104699880531464398029804136914317382382970,2026-08-31T21:00:00+00:00,2026-08-31T21:15:00+00:00,18.7,0.5,0.51,0.505,0.01,162.0,450.0,95
2026-08-31T20:57:19.757872+00:00,btc-updown-5m-1788209700,5,4012398,66519913142558153553502984361939872719488389234382828705252738120457586172768,2026-08-31T20:55:00+00:00,2026-08-31T21:00:00+00:00,2.68,0.11,0.12,0.115,0.01,209.25,273.67,99
2026-08-31T20:57:19.757872+00:00,btc-updown-5m-1788210000,5,4012427,23508939883183659716485233118300666868499073480892002177922375623301252313273,2026-08-31T21:00:00+00:00,2026-08-31T21:05:00+00:00,7.68,0.5,0.51,0.505,0.01,846.84,365.33,99
2026-08-31T20:57:19.757872+00:00,btc-updown-15m-1788209100,15,4011861,59764737605197937213198321750979802595746402775740531131633392343528472609082,2026-08-31T20:45:00+00:00,2026-08-31T21:00:00+00:00,2.68,0.15,0.16,0.155,0.01,53.0,54.3,98
2026-08-31T20:57:19.757872+00:00,btc-updown-15m-1788210000,15,4012423,34627526371022654796947290950405138104699880531464398029804136914317382382970,2026-08-31T21:00:00+00:00,2026-08-31T21:15:00+00:00,17.68,0.5,0.51,0.505,0.01,222.0,450.0,95
2026-08-31T20:58:20.760802+00:00,btc-updown-5m-1788209700,5,4012398,66519913142558153553502984361939872719488389234382828705252738120457586172768,2026-08-31T20:55:00+00:00,2026-08-31T21:00:00+00:00,1.67,0.07,0.08,0.075,0.01,142.6,247.38,99
2026-08-31T20:58:20.760802+00:00,btc-updown-5m-1788210000,5,4012427,23508939883183659716485233118300666868499073480892002177922375623301252313273,2026-08-31T21:00:00+00:00,2026-08-31T21:05:00+00:00,6.67,0.5,0.51,0.505,0.01,251.75,354.43,99
2026-08-31T20:58:20.760802+00:00,btc-updown-15m-1788209100,15,4011861,59764737605197937213198321750979802595746402775740531131633392343528472609082,2026-08-31T20:45:00+00:00,2026-08-31T21:00:00+00:00,1.67,0.11,0.12,0.115,0.01,77.27,20.0,99
2026-08-31T20:58:20.760802+00:00,btc-updown-15m-1788210000,15,4012423,34627526371022654796947290950405138104699880531464398029804136914317382382970,2026-08-31T21:00:00+00:00,2026-08-31T21:15:00+00:00,16.67,0.5,0.51,0.505,0.01,197.0,450.0,95
2026-08-31T20:59:21.779885+00:00,btc-updown-5m-1788210000,5,4012427,23508939883183659716485233118300666868499073480892002177922375623301252313273,2026-08-31T21:00:00+00:00,2026-08-31T21:05:00+00:00,5.65,0.51,0.52,0.515,0.01,34.9,285.53,99
2026-08-31T20:59:21.779885+00:00,btc-updown-15m-1788210000,15,4012423,34627526371022654796947290950405138104699880531464398029804136914317382382970,2026-08-31T21:00:00+00:00,2026-08-31T21:15:00+00:00,15.65,0.5,0.51,0.505,0.01,176.5,403.0,87
2026-08-31T21:00:22.670917+00:00,btc-updown-5m-1788210000,5,4012427,23508939883183659716485233118300666868499073480892002177922375623301252313273,2026-08-31T21:00:00+00:00,2026-08-31T21:05:00+00:00,4.63,0.5,0.51,0.505,0.01,103.0,98.56,99
2026-08-31T21:00:22.670917+00:00,btc-updown-5m-1788210300,5,4012469,34121978971897217770803702851562868140222913616207633483688381940190620927116,2026-08-31T21:05:00+00:00,2026-08-31T21:10:00+00:00,9.63,0.5,0.51,0.505,0.01,83.71,433.8,99
2026-08-31T21:00:22.670917+00:00,btc-updown-15m-1788210000,15,4012423,34627526371022654796947290950405138104699880531464398029804136914317382382970,2026-08-31T21:00:00+00:00,2026-08-31T21:15:00+00:00,14.63,0.5,0.51,0.505,0.01,3020.69,181.84,99
2026-08-31T21:00:22.670917+00:00,btc-updown-15m-1788210900,15,4012643,36320709609808493517797105913788419985906009495784528485228253631899880453437,2026-08-31T21:15:00+00:00,2026-08-31T21:30:00+00:00,29.63,0.5,0.51,0.505,0.01,381.0,295.08,94
2026-08-31T21:01:23.690242+00:00,btc-updown-5m-1788210000,5,4012427,23508939883183659716485233118300666868499073480892002177922375623301252313273,2026-08-31T21:00:00+00:00,2026-08-31T21:05:00+00:00,3.62,0.36,0.37,0.365,0.01,88.12,289.76,99
2026-08-31T21:01:23.690242+00:00,btc-updown-5m-1788210300,5,4012469,34121978971897217770803702851562868140222913616207633483688381940190620927116,2026-08-31T21:05:00+00:00,2026-08-31T21:10:00+00:00,8.62,0.5,0.51,0.505,0.01,83.71,367.36,99
2026-08-31T21:01:23.690242+00:00,btc-updown-15m-1788210000,15,4012423,34627526371022654796947290950405138104699880531464398029804136914317382382970,2026-08-31T21:00:00+00:00,2026-08-31T21:15:00+00:00,13.62,0.42,0.43,0.425,0.01,237.0,7.67,99
2026-08-31T21:01:23.690242+00:00,btc-updown-15m-1788210900,15,4012643,36320709609808493517797105913788419985906009495784528485228253631899880453437,2026-08-31T21:15:00+00:00,2026-08-31T21:30:00+00:00,28.62,0.5,0.51,0.505,0.01,441.0,295.08,94
2026-08-31T21:02:24.743647+00:00,btc-updown-5m-1788210000,5,4012427,23508939883183659716485233118300666868499073480892002177922375623301252313273,2026-08-31T21:00:00+00:00,2026-08-31T21:05:00+00:00,2.6,0.19,0.2,0.195,0.01,99.81,227.17,99
2026-08-31T21:02:24.743647+00:00,btc-updown-5m-1788210300,5,4012469,34121978971897217770803702851562868140222913616207633483688381940190620927116,2026-08-31T21:05:00+00:00,2026-08-31T21:10:00+00:00,7.6,0.5,0.51,0.505,0.01,81.31,290.92,99
2026-08-31T21:02:24.743647+00:00,btc-updown-15m-1788210000,15,4012423,34627526371022654796947290950405138104699880531464398029804136914317382382970,2026-08-31T21:00:00+00:00,2026-08-31T21:15:00+00:00,12.6,0.36,0.37,0.365,0.01,5.0,100.0,98
2026-08-31T21:02:24.743647+00:00,btc-updown-15m-1788210900,15,4012643,36320709609808493517797105913788419985906009495784528485228253631899880453437,2026-08-31T21:15:00+00:00,2026-08-31T21:30:00+00:00,27.6,0.5,0.51,0.505,0.01,501.0,295.08,94
2026-08-31T21:03:25.828711+00:00,btc-updown-5m-1788210000,5,4012427,23508939883183659716485233118300666868499073480892002177922375623301252313273,2026-08-31T21:00:00+00:00,2026-08-31T21:05:00+00:00,1.58,0.11,0.12,0.115,0.01,173.86,142.53,99
2026-08-31T21:03:25.828711+00:00,btc-updown-5m-1788210300,5,4012469,34121978971897217770803702851562868140222913616207633483688381940190620927116,2026-08-31T21:05:00+00:00,2026-08-31T21:10:00+00:00,6.58,0.5,0.51,0.505,0.01,49.31,167.25,99
2026-08-31T21:03:25.828711+00:00,btc-updown-15m-1788210000,15,4012423,34627526371022654796947290950405138104699880531464398029804136914317382382970,2026-08-31T21:00:00+00:00,2026-08-31T21:15:00+00:00,11.58,0.39,0.4,0.395,0.01,3398.9,140.0,99
2026-08-31T21:03:25.828711+00:00,btc-updown-15m-1788210900,15,4012643,36320709609808493517797105913788419985906009495784528485228253631899880453437,2026-08-31T21:15:00+00:00,2026-08-31T21:30:00+00:00,26.58,0.5,0.51,0.505,0.01,511.0,295.08,93
2026-08-31T21:04:26.866617+00:00,btc-updown-5m-1788210300,5,4012469,34121978971897217770803702851562868140222913616207633483688381940190620927116,2026-08-31T21:05:00+00:00,2026-08-31T21:10:00+00:00,5.57,0.51,0.52,0.515,0.01,50.0,25.0,99
2026-08-31T21:04:26.866617+00:00,btc-updown-15m-1788210000,15,4012423,34627526371022654796947290950405138104699880531464398029804136914317382382970,2026-08-31T21:00:00+00:00,2026-08-31T21:15:00+00:00,10.57,0.51,0.52,0.515,0.01,10.0,40.0,99
2026-08-31T21:04:26.866617+00:00,btc-updown-15m-1788210900,15,4012643,36320709609808493517797105913788419985906009495784528485228253631899880453437,2026-08-31T21:15:00+00:00,2026-08-31T21:30:00+00:00,25.57,0.5,0.51,0.505,0.01,584.83,232.65,99
2026-08-31T21:05:27.802705+00:00,btc-updown-5m-1788210300,5,4012469,34121978971897217770803702851562868140222913616207633483688381940190620927116,2026-08-31T21:05:00+00:00,2026-08-31T21:10:00+00:00,4.55,0.24,0.25,0.245,0.01,220.0,452.42,99
2026-08-31T21:05:27.802705+00:00,btc-updown-5m-1788210600,5,4012544,97034477305176874627697401664688664231670222680581585000046855399586474171233,2026-08-31T21:10:00+00:00,2026-08-31T21:15:00+00:00,9.55,0.5,0.51,0.505,0.01,834.43,436.22,99
2026-08-31T21:05:27.802705+00:00,btc-updown-15m-1788210000,15,4012423,34627526371022654796947290950405138104699880531464398029804136914317382382970,2026-08-31T21:00:00+00:00,2026-08-31T21:15:00+00:00,9.55,0.27,0.28,0.275,0.01,50.0,5.0,95
2026-08-31T21:05:27.802705+00:00,btc-updown-15m-1788210900,15,4012643,36320709609808493517797105913788419985906009495784528485228253631899880453437,2026-08-31T21:15:00+00:00,2026-08-31T21:30:00+00:00,24.55,0.5,0.51,0.505,0.01,774.83,232.65,99
2026-08-31T21:06:28.798347+00:00,btc-updown-5m-1788210300,5,4012469,34121978971897217770803702851562868140222913616207633483688381940190620927116,2026-08-31T21:05:00+00:00,2026-08-31T21:10:00+00:00,3.53,0.08,0.09,0.085,0.01,158.46,266.73,99
2026-08-31T21:06:28.798347+00:00,btc-updown-5m-1788210600,5,4012544,97034477305176874627697401664688664231670222680581585000046855399586474171233,2026-08-31T21:10:00+00:00,2026-08-31T21:15:00+00:00,8.53,0.5,0.51,0.505,0.01,838.87,192.21,99
2026-08-31T21:06:28.798347+00:00,btc-updown-15m-1788210000,15,4012423,34627526371022654796947290950405138104699880531464398029804136914317382382970,2026-08-31T21:00:00+00:00,2026-08-31T21:15:00+00:00,8.53,0.18,0.19,0.185,0.01,50.0,39.73,93
2026-08-31T21:06:28.798347+00:00,btc-updown-15m-1788210900,15,4012643,36320709609808493517797105913788419985906009495784528485228253631899880453437,2026-08-31T21:15:00+00:00,2026-08-31T21:30:00+00:00,23.53,0.5,0.51,0.505,0.01,834.83,232.65,99
2026-08-31T21:07:29.813766+00:00,btc-updown-5m-1788210300,5,4012469,34121978971897217770803702851562868140222913616207633483688381940190620927116,2026-08-31T21:05:00+00:00,2026-08-31T21:10:00+00:00,2.52,0.11,0.12,0.115,0.01,123.38,37.21,99
2026-08-31T21:07:29.813766+00:00,btc-updown-5m-1788210600,5,4012544,97034477305176874627697401664688664231670222680581585000046855399586474171233,2026-08-31T21:10:00+00:00,2026-08-31T21:15:00+00:00,7.52,0.5,0.51,0.505,0.01,827.51,191.35,99
2026-08-31T21:07:29.813766+00:00,btc-updown-15m-1788210000,15,4012423,34627526371022654796947290950405138104699880531464398029804136914317382382970,2026-08-31T21:00:00+00:00,2026-08-31T21:15:00+00:00,7.52,0.24,0.25,0.245,0.01,167.8,20.0,96
2026-08-31T21:07:29.813766+00:00,btc-updown-15m-1788210900,15,4012643,36320709609808493517797105913788419985906009495784528485228253631899880453437,2026-08-31T21:15:00+00:00,2026-08-31T21:30:00+00:00,22.52,0.5,0.51,0.505,0.01,1004.83,238.3,99
2026-08-31T21:08:30.816247+00:00,btc-updown-5m-1788210300,5,4012469,34121978971897217770803702851562868140222913616207633483688381940190620927116,2026-08-31T21:05:00+00:00,2026-08-31T21:10:00+00:00,1.5,0.32,0.33,0.325,0.01,89.55,94.84,99
2026-08-31T21:08:30.816247+00:00,btc-updown-5m-1788210600,5,4012544,97034477305176874627697401664688664231670222680581585000046855399586474171233,2026-08-31T21:10:00+00:00,2026-08-31T21:15:00+00:00,6.5,0.5,0.51,0.505,0.01,186.51,207.58,99
2026-08-31T21:08:30.816247+00:00,btc-updown-15m-1788210000,15,4012423,34627526371022654796947290950405138104699880531464398029804136914317382382970,2026-08-31T21:00:00+00:00,2026-08-31T21:15:00+00:00,6.5,0.38,0.39,0.385,0.01,50.0,93.0,98
2026-08-31T21:08:30.816247+00:00,btc-updown-15m-1788210900,15,4012643,36320709609808493517797105913788419985906009495784528485228253631899880453437,2026-08-31T21:15:00+00:00,2026-08-31T21:30:00+00:00,21.5,0.5,0.51,0.505,0.01,1064.83,238.3,99
2026-08-31T21:09:31.863122+00:00,btc-updown-5m-1788210600,5,4012544,97034477305176874627697401664688664231670222680581585000046855399586474171233,2026-08-31T21:10:00+00:00,2026-08-31T21:15:00+00:00,5.48,0.51,0.52,0.515,0.01,87.03,25.0,99
2026-08-31T21:09:31.863122+00:00,btc-updown-15m-1788210000,15,4012423,34627526371022654796947290950405138104699880531464398029804136914317382382970,2026-08-31T21:00:00+00:00,2026-08-31T21:15:00+00:00,5.48,0.57,0.58,0.575,0.01,36.0,105.0,92
2026-08-31T21:09:31.863122+00:00,btc-updown-15m-1788210900,15,4012643,36320709609808493517797105913788419985906009495784528485228253631899880453437,2026-08-31T21:15:00+00:00,2026-08-31T21:30:00+00:00,20.48,0.5,0.51,0.505,0.01,1041.0,238.3,99
2026-08-31T21:10:32.811685+00:00,btc-updown-5m-1788210600,5,4012544,97034477305176874627697401664688664231670222680581585000046855399586474171233,2026-08-31T21:10:00+00:00,2026-08-31T21:15:00+00:00,4.47,0.41,0.42,0.415,0.01,71.13,223.23,99
2026-08-31T21:10:32.811685+00:00,btc-updown-5m-1788210900,5,4012646,72150066505591964394815448149372750160838779120479889631376490356319470232954,2026-08-31T21:15:00+00:00,2026-08-31T21:20:00+00:00,9.47,0.5,0.51,0.505,0.01,1013.11,424.92,99
2026-08-31T21:10:32.811685+00:00,btc-updown-15m-1788210000,15,4012423,34627526371022654796947290950405138104699880531464398029804136914317382382970,2026-08-31T21:00:00+00:00,2026-08-31T21:15:00+00:00,4.47,0.45,0.52,0.485,0.07,15.0,105.0,93
2026-08-31T21:10:32.811685+00:00,btc-updown-15m-1788210900,15,4012643,36320709609808493517797105913788419985906009495784528485228253631899880453437,2026-08-31T21:15:00+00:00,2026-08-31T21:30:00+00:00,19.47,0.5,0.51,0.505,0.01,986.0,543.65,99
2026-08-31T21:11:33.876131+00:00,btc-updown-5m-1788210600,5,4012544,97034477305176874627697401664688664231670222680581585000046855399586474171233,2026-08-31T21:10:00+00:00,2026-08-31T21:15:00+00:00,3.45,0.26,0.27,0.265,0.01,6.0,288.3,99
2026-08-31T21:11:33.876131+00:00,btc-updown-5m-1788210900,5,4012646,72150066505591964394815448149372750160838779120479889631376490356319470232954,2026-08-31T21:15:00+00:00,2026-08-31T21:20:00+00:00,8.45,0.5,0.51,0.505,0.01,903.11,358.16,99
2026-08-31T21:11:33.876131+00:00,btc-updown-15m-1788210000,15,4012423,34627526371022654796947290950405138104699880531464398029804136914317382382970,2026-08-31T21:00:00+00:00,2026-08-31T21:15:00+00:00,3.45,0.32,0.33,0.325,0.01,50.0,50.0,99
2026-08-31T21:11:33.876131+00:00,btc-updown-15m-1788210900,15,4012643,36320709609808493517797105913788419985906009495784528485228253631899880453437,2026-08-31T21:15:00+00:00,2026-08-31T21:30:00+00:00,18.45,0.5,0.51,0.505,0.01,886.0,539.71,99
2026-08-31T21:12:34.923603+00:00,btc-updown-5m-1788210600,5,4012544,97034477305176874627697401664688664231670222680581585000046855399586474171233,2026-08-31T21:10:00+00:00,2026-08-31T21:15:00+00:00,2.43,0.32,0.33,0.325,0.01,145.0,136.0,99
2026-08-31T21:12:34.923603+00:00,btc-updown-5m-1788210900,5,4012646,72150066505591964394815448149372750160838779120479889631376490356319470232954,2026-08-31T21:15:00+00:00,2026-08-31T21:20:00+00:00,7.43,0.5,0.51,0.505,0.01,831.11,128.06,99
2026-08-31T21:12:34.923603+00:00,btc-updown-15m-1788210000,15,4012423,34627526371022654796947290950405138104699880531464398029804136914317382382970,2026-08-31T21:00:00+00:00,2026-08-31T21:15:00+00:00,2.43,0.41,0.42,0.415,0.01,15.0,105.0,98
2026-08-31T21:12:34.923603+00:00,btc-updown-15m-1788210900,15,4012643,36320709609808493517797105913788419985906009495784528485228253631899880453437,2026-08-31T21:15:00+00:00,2026-08-31T21:30:00+00:00,17.43,0.5,0.51,0.505,0.01,886.0,539.71,99
2026-08-31T21:13:35.935020+00:00,btc-updown-5m-1788210600,5,4012544,97034477305176874627697401664688664231670222680581585000046855399586474171233,2026-08-31T21:10:00+00:00,2026-08-31T21:15:00+00:00,1.42,0.1,0.11,0.105,0.01,125.64,251.28,99
2026-08-31T21:13:35.935020+00:00,btc-updown-5m-1788210900,5,4012646,72150066505591964394815448149372750160838779120479889631376490356319470232954,2026-08-31T21:15:00+00:00,2026-08-31T21:20:00+00:00,6.42,0.5,0.51,0.505,0.01,241.11,134.13,99
2026-08-31T21:13:35.935020+00:00,btc-updown-15m-1788210000,15,4012423,34627526371022654796947290950405138104699880531464398029804136914317382382970,2026-08-31T21:00:00+00:00,2026-08-31T21:15:00+00:00,1.42,0.15,0.16,0.155,0.01,308.0,103.62,98
2026-08-31T21:13:35.935020+00:00,btc-updown-15m-1788210900,15,4012643,36320709609808493517797105913788419985906009495784528485228253631899880453437,2026-08-31T21:15:00+00:00,2026-08-31T21:30:00+00:00,16.42,0.5,0.51,0.505,0.01,756.0,539.71,99
2026-08-31T21:14:36.925797+00:00,btc-updown-5m-1788210900,5,4012646,72150066505591964394815448149372750160838779120479889631376490356319470232954,2026-08-31T21:15:00+00:00,2026-08-31T21:20:00+00:00,5.4,0.51,0.52,0.515,0.01,69.0,183.0,99
2026-08-31T21:14:36.925797+00:00,btc-updown-15m-1788210900,15,4012643,36320709609808493517797105913788419985906009495784528485228253631899880453437,2026-08-31T21:15:00+00:00,2026-08-31T21:30:00+00:00,15.4,0.5,0.51,0.505,0.01,770.02,365.7,87
2026-08-31T21:15:37.757866+00:00,btc-updown-5m-1788210900,5,4012646,72150066505591964394815448149372750160838779120479889631376490356319470232954,2026-08-31T21:15:00+00:00,2026-08-31T21:20:00+00:00,4.38,0.6,0.61,0.605,0.01,240.23,71.0,99
2026-08-31T21:15:37.757866+00:00,btc-updown-5m-1788211200,5,4012759,45488203831995941416319075206565679350907061876583030142684866496520594925154,2026-08-31T21:20:00+00:00,2026-08-31T21:25:00+00:00,9.38,0.5,0.51,0.505,0.01,768.88,413.48,99
2026-08-31T21:15:37.757866+00:00,btc-updown-15m-1788210900,15,4012643,36320709609808493517797105913788419985906009495784528485228253631899880453437,2026-08-31T21:15:00+00:00,2026-08-31T21:30:00+00:00,14.38,0.59,0.6,0.595,0.01,50.0,93.33,99
2026-08-31T21:15:37.757866+00:00,btc-updown-15m-1788211800,15,4012916,66634806509250279184797762438580951534867322926888178818906552572201245412001,2026-08-31T21:30:00+00:00,2026-08-31T21:45:00+00:00,29.38,0.5,0.51,0.505,0.01,1335.0,244.08,95
2026-08-31T21:16:38.791374+00:00,btc-updown-5m-1788210900,5,4012646,72150066505591964394815448149372750160838779120479889631376490356319470232954,2026-08-31T21:15:00+00:00,2026-08-31T21:20:00+00:00,3.37,0.28,0.29,0.285,0.01,261.83,211.26,99
2026-08-31T21:16:38.791374+00:00,btc-updown-5m-1788211200,5,4012759,45488203831995941416319075206565679350907061876583030142684866496520594925154,2026-08-31T21:20:00+00:00,2026-08-31T21:25:00+00:00,8.37,0.5,0.51,0.505,0.01,768.88,249.94,99
2026-08-31T21:16:38.791374+00:00,btc-updown-15m-1788210900,15,4012643,36320709609808493517797105913788419985906009495784528485228253631899880453437,2026-08-31T21:15:00+00:00,2026-08-31T21:30:00+00:00,13.37,0.49,0.5,0.495,0.01,198.0,20.0,99
2026-08-31T21:16:38.791374+00:00,btc-updown-15m-1788211800,15,4012916,66634806509250279184797762438580951534867322926888178818906552572201245412001,2026-08-31T21:30:00+00:00,2026-08-31T21:45:00+00:00,28.37,0.5,0.51,0.505,0.01,455.0,244.08,94
2026-08-31T21:17:40.011316+00:00,btc-updown-5m-1788210900,5,4012646,72150066505591964394815448149372750160838779120479889631376490356319470232954,2026-08-31T21:15:00+00:00,2026-08-31T21:20:00+00:00,2.33,0.21,0.22,0.215,0.01,327.32,77.82,99
2026-08-31T21:17:40.011316+00:00,btc-updown-5m-1788211200,5,4012759,45488203831995941416319075206565679350907061876583030142684866496520594925154,2026-08-31T21:20:00+00:00,2026-08-31T21:25:00+00:00,7.33,0.5,0.51,0.505,0.01,773.88,222.11,99
2026-08-31T21:17:40.011316+00:00,btc-updown-15m-1788210900,15,4012643,36320709609808493517797105913788419985906009495784528485228253631899880453437,2026-08-31T21:15:00+00:00,2026-08-31T21:30:00+00:00,12.33,0.44,0.45,0.445,0.01,198.02,100.0,95
2026-08-31T21:17:40.011316+00:00,btc-updown-15m-1788211800,15,4012916,66634806509250279184797762438580951534867322926888178818906552572201245412001,2026-08-31T21:30:00+00:00,2026-08-31T21:45:00+00:00,27.33,0.5,0.51,0.505,0.01,455.0,244.08,94
2026-08-31T21:18:41.073275+00:00,btc-updown-5m-1788210900,5,4012646,72150066505591964394815448149372750160838779120479889631376490356319470232954,2026-08-31T21:15:00+00:00,2026-08-31T21:20:00+00:00,1.32,0.15,0.16,0.155,0.01,90.0,143.0,99
2026-08-31T21:18:41.073275+00:00,btc-updown-5m-1788211200,5,4012759,45488203831995941416319075206565679350907061876583030142684866496520594925154,2026-08-31T21:20:00+00:00,2026-08-31T21:25:00+00:00,6.32,0.5,0.51,0.505,0.01,171.88,206.11,99
2026-08-31T21:18:41.073275+00:00,btc-updown-15m-1788210900,15,4012643,36320709609808493517797105913788419985906009495784528485228253631899880453437,2026-08-31T21:15:00+00:00,2026-08-31T21:30:00+00:00,11.32,0.47,0.48,0.475,0.01,196.56,47.15,99
2026-08-31T21:18:41.073275+00:00,btc-updown-15m-1788211800,15,4012916,66634806509250279184797762438580951534867322926888178818906552572201245412001,2026-08-31T21:30:00+00:00,2026-08-31T21:45:00+00:00,26.32,0.5,0.51,0.505,0.01,455.0,244.08,94
2026-08-31T21:19:42.100034+00:00,btc-updown-5m-1788211200,5,4012759,45488203831995941416319075206565679350907061876583030142684866496520594925154,2026-08-31T21:20:00+00:00,2026-08-31T21:25:00+00:00,5.3,0.52,0.55,0.535,0.03,8.0,25.0,97
2026-08-31T21:19:42.100034+00:00,btc-updown-15m-1788210900,15,4012643,36320709609808493517797105913788419985906009495784528485228253631899880453437,2026-08-31T21:15:00+00:00,2026-08-31T21:30:00+00:00,10.3,0.47,0.48,0.475,0.01,61.0,55.0,99
2026-08-31T21:19:42.100034+00:00,btc-updown-15m-1788211800,15,4012916,66634806509250279184797762438580951534867322926888178818906552572201245412001,2026-08-31T21:30:00+00:00,2026-08-31T21:45:00+00:00,25.3,0.5,0.51,0.505,0.01,455.0,244.08,94
2026-08-31T21:20:43.090664+00:00,btc-updown-5m-1788211200,5,4012759,45488203831995941416319075206565679350907061876583030142684866496520594925154,2026-08-31T21:20:00+00:00,2026-08-31T21:25:00+00:00,4.28,0.83,0.84,0.835,0.01,12.0,46.77,99
2026-08-31T21:20:43.090664+00:00,btc-updown-5m-1788211500,5,4012897,43256202963769404272651225513351666932612799990859739855012839529193340362266,2026-08-31T21:25:00+00:00,2026-08-31T21:30:00+00:00,9.28,0.5,0.51,0.505,0.01,862.84,322.62,99
2026-08-31T21:20:43.090664+00:00,btc-updown-15m-1788210900,15,4012643,36320709609808493517797105913788419985906009495784528485228253631899880453437,2026-08-31T21:15:00+00:00,2026-08-31T21:30:00+00:00,9.28,0.7,0.71,0.705,0.01,12.0,6390.0,99
2026-08-31T21:20:43.090664+00:00,btc-updown-15m-1788211800,15,4012916,66634806509250279184797762438580951534867322926888178818906552572201245412001,2026-08-31T21:30:00+00:00,2026-08-31T21:45:00+00:00,24.28,0.5,0.51,0.505,0.01,347.0,252.08,94
2026-08-31T21:21:44.199151+00:00,btc-updown-5m-1788211200,5,4012759,45488203831995941416319075206565679350907061876583030142684866496520594925154,2026-08-31T21:20:00+00:00,2026-08-31T21:25:00+00:00,3.27,0.68,0.69,0.685,0.01,128.52,248.48,98
2026-08-31T21:21:44.199151+00:00,btc-updown-5m-1788211500,5,4012897,43256202963769404272651225513351666932612799990859739855012839529193340362266,2026-08-31T21:25:00+00:00,2026-08-31T21:30:00+00:00,8.27,0.5,0.51,0.505,0.01,862.84,167.94,99
2026-08-31T21:21:44.199151+00:00,btc-updown-15m-1788210900,15,4012643,36320709609808493517797105913788419985906009495784528485228253631899880453437,2026-08-31T21:15:00+00:00,2026-08-31T21:30:00+00:00,8.27,0.51,0.52,0.515,0.01,50.0,180.0,99
2026-08-31T21:21:44.199151+00:00,btc-updown-15m-1788211800,15,4012916,66634806509250279184797762438580951534867322926888178818906552572201245412001,2026-08-31T21:30:00+00:00,2026-08-31T21:45:00+00:00,23.27,0.5,0.51,0.505,0.01,347.0,252.08,94
2026-08-31T21:22:45.225620+00:00,btc-updown-5m-1788211200,5,4012759,45488203831995941416319075206565679350907061876583030142684866496520594925154,2026-08-31T21:20:00+00:00,2026-08-31T21:25:00+00:00,2.25,0.74,0.75,0.745,0.01,69.76,266.73,99
2026-08-31T21:22:45.225620+00:00,btc-updown-5m-1788211500,5,4012897,43256202963769404272651225513351666932612799990859739855012839529193340362266,2026-08-31T21:25:00+00:00,2026-08-31T21:30:00+00:00,7.25,0.5,0.51,0.505,0.01,872.84,134.83,99
2026-08-31T21:22:45.225620+00:00,btc-updown-15m-1788210900,15,4012643,36320709609808493517797105913788419985906009495784528485228253631899880453437,2026-08-31T21:15:00+00:00,2026-08-31T21:30:00+00:00,7.25,0.51,0.52,0.515,0.01,60.4,100.0,99
2026-08-31T21:22:45.225620+00:00,btc-updown-15m-1788211800,15,4012916,66634806509250279184797762438580951534867322926888178818906552572201245412001,2026-08-31T21:30:00+00:00,2026-08-31T21:45:00+00:00,22.25,0.5,0.51,0.505,0.01,315.0,262.08,92
2026-08-31T21:23:46.250868+00:00,btc-updown-5m-1788211200,5,4012759,45488203831995941416319075206565679350907061876583030142684866496520594925154,2026-08-31T21:20:00+00:00,2026-08-31T21:25:00+00:00,1.23,0.97,0.98,0.975,0.01,312.56,822.11,99
2026-08-31T21:23:46.250868+00:00,btc-updown-5m-1788211500,5,4012897,43256202963769404272651225513351666932612799990859739855012839529193340362266,2026-08-31T21:25:00+00:00,2026-08-31T21:30:00+00:00,6.23,0.51,0.52,0.515,0.01,51.0,101.66,99
2026-08-31T21:23:46.250868+00:00,btc-updown-15m-1788210900,15,4012643,36320709609808493517797105913788419985906009495784528485228253631899880453437,2026-08-31T21:15:00+00:00,2026-08-31T21:30:00+00:00,6.23,0.61,0.62,0.615,0.01,321.9,50.0,99
2026-08-31T21:23:46.250868+00:00,btc-updown-15m-1788211800,15,4012916,66634806509250279184797762438580951534867322926888178818906552572201245412001,2026-08-31T21:30:00+00:00,2026-08-31T21:45:00+00:00,21.23,0.5,0.51,0.505,0.01,340.0,232.08,91
2026-08-31T21:24:47.276407+00:00,btc-updown-5m-1788211500,5,4012897,43256202963769404272651225513351666932612799990859739855012839529193340362266,2026-08-31T21:25:00+00:00,2026-08-31T21:30:00+00:00,5.22,0.5,0.53,0.515,0.03,162.5,51.39,97
2026-08-31T21:24:47.276407+00:00,btc-updown-15m-1788210900,15,4012643,36320709609808493517797105913788419985906009495784528485228253631899880453437,2026-08-31T21:15:00+00:00,2026-08-31T21:30:00+00:00,5.22,0.63,0.64,0.635,0.01,131.2,105.6,99
2026-08-31T21:24:47.276407+00:00,btc-updown-15m-1788211800,15,4012916,66634806509250279184797762438580951534867322926888178818906552572201245412001,2026-08-31T21:30:00+00:00,2026-08-31T21:45:00+00:00,20.22,0.5,0.51,0.505,0.01,360.0,232.08,91
2026-08-31T21:25:48.205193+00:00,btc-updown-5m-1788211500,5,4012897,43256202963769404272651225513351666932612799990859739855012839529193340362266,2026-08-31T21:25:00+00:00,2026-08-31T21:30:00+00:00,4.2,0.68,0.69,0.685,0.01,43.0,188.96,99
2026-08-31T21:25:48.205193+00:00,btc-updown-5m-1788211800,5,4012913,10210330666994172162678733834077965877443089665608499759703231020714049654209,2026-08-31T21:30:00+00:00,2026-08-31T21:35:00+00:00,9.2,0.5,0.51,0.505,0.01,123.0,337.91,99
2026-08-31T21:25:48.205193+00:00,btc-updown-15m-1788210900,15,4012643,36320709609808493517797105913788419985906009495784528485228253631899880453437,2026-08-31T21:15:00+00:00,2026-08-31T21:30:00+00:00,4.2,0.78,0.79,0.785,0.01,60.0,189.67,99
2026-08-31T21:25:48.205193+00:00,btc-updown-15m-1788211800,15,4012916,66634806509250279184797762438580951534867322926888178818906552572201245412001,2026-08-31T21:30:00+00:00,2026-08-31T21:45:00+00:00,19.2,0.5,0.51,0.505,0.01,365.0,420.0,91
2026-08-31T21:26:49.206920+00:00,btc-updown-5m-1788211500,5,4012897,43256202963769404272651225513351666932612799990859739855012839529193340362266,2026-08-31T21:25:00+00:00,2026-08-31T21:30:00+00:00,3.18,0.96,0.97,0.965,0.01,21.0,415.48,99
2026-08-31T21:26:49.206920+00:00,btc-updown-5m-1788211800,5,4012913,10210330666994172162678733834077965877443089665608499759703231020714049654209,2026-08-31T21:30:00+00:00,2026-08-31T21:35:00+00:00,8.18,0.5,0.51,0.505,0.01,123.0,318.52,99
2026-08-31T21:26:49.206920+00:00,btc-updown-15m-1788211800,15,4012916,66634806509250279184797762438580951534867322926888178818906552572201245412001,2026-08-31T21:30:00+00:00,2026-08-31T21:45:00+00:00,18.18,0.5,0.51,0.505,0.01,275.0,585.0,91
2026-08-31T21:27:50.145762+00:00,btc-updown-5m-1788211500,5,4012897,43256202963769404272651225513351666932612799990859739855012839529193340362266,2026-08-31T21:25:00+00:00,2026-08-31T21:30:00+00:00,2.17,0.997,0.999,0.998,0.002,24.8,823.58,114
2026-08-31T21:27:50.145762+00:00,btc-updown-5m-1788211800,5,4012913,10210330666994172162678733834077965877443089665608499759703231020714049654209,2026-08-31T21:30:00+00:00,2026-08-31T21:35:00+00:00,7.17,0.5,0.51,0.505,0.01,214.0,255.11,99
2026-08-31T21:27:50.145762+00:00,btc-updown-15m-1788211800,15,4012916,66634806509250279184797762438580951534867322926888178818906552572201245412001,2026-08-31T21:30:00+00:00,2026-08-31T21:45:00+00:00,17.17,0.5,0.51,0.505,0.01,75.0,619.5,91
2026-08-31T21:28:51.092637+00:00,btc-updown-5m-1788211800,5,4012913,10210330666994172162678733834077965877443089665608499759703231020714049654209,2026-08-31T21:30:00+00:00,2026-08-31T21:35:00+00:00,6.15,0.49,0.5,0.495,0.01,452.9,32.0,99
2026-08-31T21:28:51.092637+00:00,btc-updown-15m-1788211800,15,4012916,66634806509250279184797762438580951534867322926888178818906552572201245412001,2026-08-31T21:30:00+00:00,2026-08-31T21:45:00+00:00,16.15,0.5,0.51,0.505,0.01,63.2,661.3,91
2026-08-31T21:29:51.906366+00:00,btc-updown-5m-1788211800,5,4012913,10210330666994172162678733834077965877443089665608499759703231020714049654209,2026-08-31T21:30:00+00:00,2026-08-31T21:35:00+00:00,5.15,0.5,0.51,0.505,0.01,52.92,32.4,99
2026-08-31T21:29:51.906366+00:00,btc-updown-15m-1788211800,15,4012916,66634806509250279184797762438580951534867322926888178818906552572201245412001,2026-08-31T21:30:00+00:00,2026-08-31T21:45:00+00:00,15.15,0.49,0.51,0.5,0.02,58.69,835.79,87
2026-08-31T21:30:52.744734+00:00,btc-updown-5m-1788211800,5,4012913,10210330666994172162678733834077965877443089665608499759703231020714049654209,2026-08-31T21:30:00+00:00,2026-08-31T21:35:00+00:00,4.13,0.84,0.85,0.845,0.01,203.29,155.32,99
2026-08-31T21:30:52.744734+00:00,btc-updown-5m-1788212100,5,4012990,97542167767799584475093308700397690632584694402962596404278134044825618190906,2026-08-31T21:35:00+00:00,2026-08-31T21:40:00+00:00,9.13,0.49,0.5,0.495,0.01,216.0,542.89,99
2026-08-31T21:30:52.744734+00:00,btc-updown-15m-1788211800,15,4012916,66634806509250279184797762438580951534867322926888178818906552572201245412001,2026-08-31T21:30:00+00:00,2026-08-31T21:45:00+00:00,14.13,0.69,0.7,0.695,0.01,125.0,677.0,99
2026-08-31T21:30:52.744734+00:00,btc-updown-15m-1788212700,15,4013294,114319809776506334571674296541131806756109377988690029230688974206977138578586,2026-08-31T21:45:00+00:00,2026-08-31T22:00:00+00:00,29.13,0.5,0.51,0.505,0.01,244.0,1015.25,92
2026-08-31T21:31:53.784689+00:00,btc-updown-5m-1788211800,5,4012913,10210330666994172162678733834077965877443089665608499759703231020714049654209,2026-08-31T21:30:00+00:00,2026-08-31T21:35:00+00:00,3.12,0.7,0.71,0.705,0.01,1000.72,124.46,99
2026-08-31T21:31:53.784689+00:00,btc-updown-5m-1788212100,5,4012990,97542167767799584475093308700397690632584694402962596404278134044825618190906,2026-08-31T21:35:00+00:00,2026-08-31T21:40:00+00:00,8.12,0.49,0.5,0.495,0.01,225.13,591.89,99
2026-08-31T21:31:53.784689+00:00,btc-updown-15m-1788211800,15,4012916,66634806509250279184797762438580951534867322926888178818906552572201245412001,2026-08-31T21:30:00+00:00,2026-08-31T21:45:00+00:00,13.12,0.6,0.61,0.605,0.01,130.0,5.0,98
2026-08-31T21:31:53.784689+00:00,btc-updown-15m-1788212700,15,4013294,114319809776506334571674296541131806756109377988690029230688974206977138578586,2026-08-31T21:45:00+00:00,2026-08-31T22:00:00+00:00,28.12,0.5,0.51,0.505,0.01,228.0,1155.25,92
2026-08-31T21:32:54.798014+00:00,btc-updown-5m-1788211800,5,4012913,10210330666994172162678733834077965877443089665608499759703231020714049654209,2026-08-31T21:30:00+00:00,2026-08-31T21:35:00+00:00,2.1,0.78,0.79,0.785,0.01,74.99,178.43,99
2026-08-31T21:32:54.798014+00:00,btc-updown-5m-1788212100,5,4012990,97542167767799584475093308700397690632584694402962596404278134044825618190906,2026-08-31T21:35:00+00:00,2026-08-31T21:40:00+00:00,7.1,0.49,0.5,0.495,0.01,242.13,596.89,99
2026-08-31T21:32:54.798014+00:00,btc-updown-15m-1788211800,15,4012916,66634806509250279184797762438580951534867322926888178818906552572201245412001,2026-08-31T21:30:00+00:00,2026-08-31T21:45:00+00:00,12.1,0.56,0.57,0.565,0.01,85.0,100.0,99
2026-08-31T21:32:54.798014+00:00,btc-updown-15m-1788212700,15,4013294,114319809776506334571674296541131806756109377988690029230688974206977138578586,2026-08-31T21:45:00+00:00,2026-08-31T22:00:00+00:00,27.1,0.5,0.51,0.505,0.01,228.0,1295.25,92
2026-08-31T21:33:55.806623+00:00,btc-updown-5m-1788212100,5,4012990,97542167767799584475093308700397690632584694402962596404278134044825618190906,2026-08-31T21:35:00+00:00,2026-08-31T21:40:00+00:00,6.08,0.5,0.51,0.505,0.01,128.14,289.28,99
2026-08-31T21:33:55.806623+00:00,btc-updown-15m-1788211800,15,4012916,66634806509250279184797762438580951534867322926888178818906552572201245412001,2026-08-31T21:30:00+00:00,2026-08-31T21:45:00+00:00,11.08,0.72,0.73,0.725,0.01,100.0,50.0,99
2026-08-31T21:33:55.806623+00:00,btc-updown-15m-1788212700,15,4013294,114319809776506334571674296541131806756109377988690029230688974206977138578586,2026-08-31T21:45:00+00:00,2026-08-31T22:00:00+00:00,26.08,0.5,0.51,0.505,0.01,228.0,1375.25,92
2026-08-31T21:34:56.697696+00:00,btc-updown-5m-1788212100,5,4012990,97542167767799584475093308700397690632584694402962596404278134044825618190906,2026-08-31T21:35:00+00:00,2026-08-31T21:40:00+00:00,5.07,0.5,0.51,0.505,0.01,63.99,404.11,99
2026-08-31T21:34:56.697696+00:00,btc-updown-15m-1788211800,15,4012916,66634806509250279184797762438580951534867322926888178818906552572201245412001,2026-08-31T21:30:00+00:00,2026-08-31T21:45:00+00:00,10.07,0.79,0.8,0.795,0.01,25.7,95.0,99
2026-08-31T21:34:56.697696+00:00,btc-updown-15m-1788212700,15,4013294,114319809776506334571674296541131806756109377988690029230688974206977138578586,2026-08-31T21:45:00+00:00,2026-08-31T22:00:00+00:00,25.07,0.5,0.51,0.505,0.01,228.0,1315.25,99
2026-08-31T21:35:57.606750+00:00,btc-updown-5m-1788212100,5,4012990,97542167767799584475093308700397690632584694402962596404278134044825618190906,2026-08-31T21:35:00+00:00,2026-08-31T21:40:00+00:00,4.05,0.64,0.65,0.645,0.01,367.52,166.46,99
2026-08-31T21:35:57.606750+00:00,btc-updown-5m-1788212400,5,4013188,55353283197235198463004888288896832689141306460248349417296410555852333521965,2026-08-31T21:40:00+00:00,2026-08-31T21:45:00+00:00,9.05,0.49,0.5,0.495,0.01,188.0,573.97,99
2026-08-31T21:35:57.606750+00:00,btc-updown-15m-1788211800,15,4012916,66634806509250279184797762438580951534867322926888178818906552572201245412001,2026-08-31T21:30:00+00:00,2026-08-31T21:45:00+00:00,9.05,0.83,0.84,0.835,0.01,100.0,50.0,99
2026-08-31T21:35:57.606750+00:00,btc-updown-15m-1788212700,15,4013294,114319809776506334571674296541131806756109377988690029230688974206977138578586,2026-08-31T21:45:00+00:00,2026-08-31T22:00:00+00:00,24.05,0.5,0.51,0.505,0.01,228.0,1332.36,99
2026-08-31T21:36:58.628938+00:00,btc-updown-5m-1788212100,5,4012990,97542167767799584475093308700397690632584694402962596404278134044825618190906,2026-08-31T21:35:00+00:00,2026-08-31T21:40:00+00:00,3.03,0.79,0.8,0.795,0.01,507.18,322.94,98
2026-08-31T21:36:58.628938+00:00,btc-updown-5m-1788212400,5,4013188,55353283197235198463004888288896832689141306460248349417296410555852333521965,2026-08-31T21:40:00+00:00,2026-08-31T21:45:00+00:00,8.03,0.49,0.5,0.495,0.01,178.3,584.97,99
2026-08-31T21:36:58.628938+00:00,btc-updown-15m-1788211800,15,4012916,66634806509250279184797762438580951534867322926888178818906552572201245412001,2026-08-31T21:30:00+00:00,2026-08-31T21:45:00+00:00,8.03,0.87,0.88,0.875,0.01,108.0,6992.27,98
2026-08-31T21:36:58.628938+00:00,btc-updown-15m-1788212700,15,4013294,114319809776506334571674296541131806756109377988690029230688974206977138578586,2026-08-31T21:45:00+00:00,2026-08-31T22:00:00+00:00,23.03,0.5,0.51,0.505,0.01,233.0,1217.36,99
2026-08-31T21:37:59.622430+00:00,btc-updown-5m-1788212100,5,4012990,97542167767799584475093308700397690632584694402962596404278134044825618190906,2026-08-31T21:35:00+00:00,2026-08-31T21:40:00+00:00,2.02,0.52,0.53,0.525,0.01,105.0,84.0,99
2026-08-31T21:37:59.622430+00:00,btc-updown-5m-1788212400,5,4013188,55353283197235198463004888288896832689141306460248349417296410555852333521965,2026-08-31T21:40:00+00:00,2026-08-31T21:45:00+00:00,7.02,0.49,0.5,0.495,0.01,67.0,588.57,99
2026-08-31T21:37:59.622430+00:00,btc-updown-15m-1788211800,15,4012916,66634806509250279184797762438580951534867322926888178818906552572201245412001,2026-08-31T21:30:00+00:00,2026-08-31T21:45:00+00:00,7.02,0.82,0.83,0.825,0.01,70.0,130.0,98
2026-08-31T21:37:59.622430+00:00,btc-updown-15m-1788212700,15,4013294,114319809776506334571674296541131806756109377988690029230688974206977138578586,2026-08-31T21:45:00+00:00,2026-08-31T22:00:00+00:00,22.02,0.5,0.51,0.505,0.01,233.0,657.36,99
2026-08-31T21:39:00.600871+00:00,btc-updown-5m-1788212100,5,4012990,97542167767799584475093308700397690632584694402962596404278134044825618190906,2026-08-31T21:35:00+00:00,2026-08-31T21:40:00+00:00,1.0,0.75,0.77,0.76,0.02,15.0,38.89,98
2026-08-31T21:39:00.600871+00:00,btc-updown-5m-1788212400,5,4013188,55353283197235198463004888288896832689141306460248349417296410555852333521965,2026-08-31T21:40:00+00:00,2026-08-31T21:45:00+00:00,6.0,0.49,0.5,0.495,0.01,55.0,144.0,99
2026-08-31T21:39:00.600871+00:00,btc-updown-15m-1788211800,15,4012916,66634806509250279184797762438580951534867322926888178818906552572201245412001,2026-08-31T21:30:00+00:00,2026-08-31T21:45:00+00:00,6.0,0.84,0.85,0.845,0.01,23.75,93.82,99
2026-08-31T21:39:00.600871+00:00,btc-updown-15m-1788212700,15,4013294,114319809776506334571674296541131806756109377988690029230688974206977138578586,2026-08-31T21:45:00+00:00,2026-08-31T22:00:00+00:00,21.0,0.5,0.51,0.505,0.01,233.0,521.8,99
2026-08-31T21:40:01.745816+00:00,btc-updown-5m-1788212400,5,4013188,55353283197235198463004888288896832689141306460248349417296410555852333521965,2026-08-31T21:40:00+00:00,2026-08-31T21:45:00+00:00,4.98,0.48,0.49,0.485,0.01,35.0,15.0,99
2026-08-31T21:40:01.745816+00:00,btc-updown-5m-1788212700,5,4013303,62548768147710040919536968149193771521526795488816340223641622888628955827764,2026-08-31T21:45:00+00:00,2026-08-31T21:50:00+00:00,9.98,0.49,0.5,0.495,0.01,276.37,592.55,99
2026-08-31T21:40:01.745816+00:00,btc-updown-15m-1788211800,15,4012916,66634806509250279184797762438580951534867322926888178818906552572201245412001,2026-08-31T21:30:00+00:00,2026-08-31T21:45:00+00:00,4.98,0.87,0.88,0.875,0.01,92.3,45.0,99
2026-08-31T21:40:01.745816+00:00,btc-updown-15m-1788212700,15,4013294,114319809776506334571674296541131806756109377988690029230688974206977138578586,2026-08-31T21:45:00+00:00,2026-08-31T22:00:00+00:00,19.98,0.5,0.51,0.505,0.01,188.0,581.8,99
2026-08-31T21:41:02.737574+00:00,btc-updown-5m-1788212400,5,4013188,55353283197235198463004888288896832689141306460248349417296410555852333521965,2026-08-31T21:40:00+00:00,2026-08-31T21:45:00+00:00,3.97,0.46,0.47,0.465,0.01,238.33,57.0,99
2026-08-31T21:41:02.737574+00:00,btc-updown-5m-1788212700,5,4013303,62548768147710040919536968149193771521526795488816340223641622888628955827764,2026-08-31T21:45:00+00:00,2026-08-31T21:50:00+00:00,8.97,0.49,0.5,0.495,0.01,183.0,613.55,97
2026-08-31T21:41:02.737574+00:00,btc-updown-15m-1788211800,15,4012916,66634806509250279184797762438580951534867322926888178818906552572201245412001,2026-08-31T21:30:00+00:00,2026-08-31T21:45:00+00:00,3.97,0.92,0.93,0.925,0.01,235.29,148.92,99
2026-08-31T21:41:02.737574+00:00,btc-updown-15m-1788212700,15,4013294,114319809776506334571674296541131806756109377988690029230688974206977138578586,2026-08-31T21:45:00+00:00,2026-08-31T22:00:00+00:00,18.97,0.5,0.51,0.505,0.01,188.0,726.8,99
2026-08-31T21:42:03.793665+00:00,btc-updown-5m-1788212400,5,4013188,55353283197235198463004888288896832689141306460248349417296410555852333521965,2026-08-31T21:40:00+00:00,2026-08-31T21:45:00+00:00,2.95,0.74,0.75,0.745,0.01,35.75,344.44,99
2026-08-31T21:42:03.793665+00:00,btc-updown-5m-1788212700,5,4013303,62548768147710040919536968149193771521526795488816340223641622888628955827764,2026-08-31T21:45:00+00:00,2026-08-31T21:50:00+00:00,7.95,0.49,0.5,0.495,0.01,185.0,619.55,97
2026-08-31T21:42:03.793665+00:00,btc-updown-15m-1788212700,15,4013294,114319809776506334571674296541131806756109377988690029230688974206977138578586,2026-08-31T21:45:00+00:00,2026-08-31T22:00:00+00:00,17.95,0.5,0.51,0.505,0.01,10.0,866.8,99
2026-08-31T21:43:04.734371+00:00,btc-updown-5m-1788212400,5,4013188,55353283197235198463004888288896832689141306460248349417296410555852333521965,2026-08-31T21:40:00+00:00,2026-08-31T21:45:00+00:00,1.93,0.78,0.79,0.785,0.01,136.51,140.0,99
2026-08-31T21:43:04.734371+00:00,btc-updown-5m-1788212700,5,4013303,62548768147710040919536968149193771521526795488816340223641622888628955827764,2026-08-31T21:45:00+00:00,2026-08-31T21:50:00+00:00,6.93,0.49,0.5,0.495,0.01,195.0,157.0,97
2026-08-31T21:43:04.734371+00:00,btc-updown-15m-1788212700,15,4013294,114319809776506334571674296541131806756109377988690029230688974206977138578586,2026-08-31T21:45:00+00:00,2026-08-31T22:00:00+00:00,16.93,0.48,0.49,0.485,0.01,208.33,75.0,99
2026-08-31T21:44:05.649514+00:00,btc-updown-5m-1788212400,5,4013188,55353283197235198463004888288896832689141306460248349417296410555852333521965,2026-08-31T21:40:00+00:00,2026-08-31T21:45:00+00:00,0.92,0.98,0.99,0.985,0.01,11.0,1158.43,99
2026-08-31T21:44:05.649514+00:00,btc-updown-5m-1788212700,5,4013303,62548768147710040919536968149193771521526795488816340223641622888628955827764,2026-08-31T21:45:00+00:00,2026-08-31T21:50:00+00:00,5.92,0.49,0.5,0.495,0.01,60.0,159.66,99
2026-08-31T21:44:05.649514+00:00,btc-updown-15m-1788212700,15,4013294,114319809776506334571674296541131806756109377988690029230688974206977138578586,2026-08-31T21:45:00+00:00,2026-08-31T22:00:00+00:00,15.92,0.47,0.48,0.475,0.01,166.71,161.06,90
2026-08-31T21:45:06.575581+00:00,btc-updown-5m-1788212700,5,4013303,62548768147710040919536968149193771521526795488816340223641622888628955827764,2026-08-31T21:45:00+00:00,2026-08-31T21:50:00+00:00,4.9,0.59,0.6,0.595,0.01,31.0,180.75,99
2026-08-31T21:45:06.575581+00:00,btc-updown-5m-1788213000,5,4013362,25134596250261060713007022762244044641058257626924854975038624894525037327524,2026-08-31T21:50:00+00:00,2026-08-31T21:55:00+00:00,9.9,0.49,0.5,0.495,0.01,253.23,667.97,99
2026-08-31T21:45:06.575581+00:00,btc-updown-15m-1788212700,15,4013294,114319809776506334571674296541131806756109377988690029230688974206977138578586,2026-08-31T21:45:00+00:00,2026-08-31T22:00:00+00:00,14.9,0.49,0.5,0.495,0.01,136.41,90.2,99
2026-08-31T21:45:06.575581+00:00,btc-updown-15m-1788213600,15,4013552,48659781330224842201344536638497436431250255596180348498636856820405275456646,2026-08-31T22:00:00+00:00,2026-08-31T22:15:00+00:00,29.9,0.5,0.51,0.505,0.01,250.0,1386.08,91
2026-08-31T21:46:07.689054+00:00,btc-updown-5m-1788212700,5,4013303,62548768147710040919536968149193771521526795488816340223641622888628955827764,2026-08-31T21:45:00+00:00,2026-08-31T21:50:00+00:00,3.88,0.6,0.61,0.605,0.01,1097.21,166.28,99
2026-08-31T21:46:07.689054+00:00,btc-updown-5m-1788213000,5,4013362,25134596250261060713007022762244044641058257626924854975038624894525037327524,2026-08-31T21:50:00+00:00,2026-08-31T21:55:00+00:00,8.88,0.49,0.5,0.495,0.01,154.59,596.97,99
2026-08-31T21:46:07.689054+00:00,btc-updown-15m-1788212700,15,4013294,114319809776506334571674296541131806756109377988690029230688974206977138578586,2026-08-31T21:45:00+00:00,2026-08-31T22:00:00+00:00,13.88,0.52,0.53,0.525,0.01,127.91,115.0,99
2026-08-31T21:46:07.689054+00:00,btc-updown-15m-1788213600,15,4013552,48659781330224842201344536638497436431250255596180348498636856820405275456646,2026-08-31T22:00:00+00:00,2026-08-31T22:15:00+00:00,28.88,0.5,0.51,0.505,0.01,242.0,6286.08,91
2026-08-31T21:47:08.745088+00:00,btc-updown-5m-1788212700,5,4013303,62548768147710040919536968149193771521526795488816340223641622888628955827764,2026-08-31T21:45:00+00:00,2026-08-31T21:50:00+00:00,2.87,0.35,0.36,0.355,0.01,987.09,307.0,99
2026-08-31T21:47:08.745088+00:00,btc-updown-5m-1788213000,5,4013362,25134596250261060713007022762244044641058257626924854975038624894525037327524,2026-08-31T21:50:00+00:00,2026-08-31T21:55:00+00:00,7.87,0.49,0.5,0.495,0.01,146.89,555.57,99
2026-08-31T21:47:08.745088+00:00,btc-updown-15m-1788212700,15,4013294,114319809776506334571674296541131806756109377988690029230688974206977138578586,2026-08-31T21:45:00+00:00,2026-08-31T22:00:00+00:00,12.87,0.42,0.43,0.425,0.01,3124.67,210.0,99
2026-08-31T21:47:08.745088+00:00,btc-updown-15m-1788213600,15,4013552,48659781330224842201344536638497436431250255596180348498636856820405275456646,2026-08-31T22:00:00+00:00,2026-08-31T22:15:00+00:00,27.87,0.5,0.51,0.505,0.01,234.0,746.08,91
2026-08-31T21:48:09.748530+00:00,btc-updown-5m-1788212700,5,4013303,62548768147710040919536968149193771521526795488816340223641622888628955827764,2026-08-31T21:45:00+00:00,2026-08-31T21:50:00+00:00,1.85,0.13,0.14,0.135,0.01,115.44,84.0,99
2026-08-31T21:48:09.748530+00:00,btc-updown-5m-1788213000,5,4013362,25134596250261060713007022762244044641058257626924854975038624894525037327524,2026-08-31T21:50:00+00:00,2026-08-31T21:55:00+00:00,6.85,0.49,0.5,0.495,0.01,161.89,146.0,99
2026-08-31T21:48:09.748530+00:00,btc-updown-15m-1788212700,15,4013294,114319809776506334571674296541131806756109377988690029230688974206977138578586,2026-08-31T21:45:00+00:00,2026-08-31T22:00:00+00:00,11.85,0.34,0.35,0.345,0.01,30.0,94.0,99
2026-08-31T21:48:09.748530+00:00,btc-updown-15m-1788213600,15,4013552,48659781330224842201344536638497436431250255596180348498636856820405275456646,2026-08-31T22:00:00+00:00,2026-08-31T22:15:00+00:00,26.85,0.5,0.51,0.505,0.01,234.0,746.08,91
2026-08-31T21:49:10.824095+00:00,btc-updown-5m-1788212700,5,4013303,62548768147710040919536968149193771521526795488816340223641622888628955827764,2026-08-31T21:45:00+00:00,2026-08-31T21:50:00+00:00,0.83,0.01,0.02,0.015,0.01,2163.01,382.03,99
2026-08-31T21:49:10.824095+00:00,btc-updown-5m-1788213000,5,4013362,25134596250261060713007022762244044641058257626924854975038624894525037327524,2026-08-31T21:50:00+00:00,2026-08-31T21:55:00+00:00,5.83,0.49,0.5,0.495,0.01,285.26,201.48,99
2026-08-31T21:49:10.824095+00:00,btc-updown-15m-1788212700,15,4013294,114319809776506334571674296541131806756109377988690029230688974206977138578586,2026-08-31T21:45:00+00:00,2026-08-31T22:00:00+00:00,10.83,0.36,0.37,0.365,0.01,110.0,10.0,99
2026-08-31T21:49:10.824095+00:00,btc-updown-15m-1788213600,15,4013552,48659781330224842201344536638497436431250255596180348498636856820405275456646,2026-08-31T22:00:00+00:00,2026-08-31T22:15:00+00:00,25.83,0.5,0.51,0.505,0.01,234.0,891.08,93
2026-08-31T21:50:11.925643+00:00,btc-updown-5m-1788213000,5,4013362,25134596250261060713007022762244044641058257626924854975038624894525037327524,2026-08-31T21:50:00+00:00,2026-08-31T21:55:00+00:00,4.82,0.29,0.3,0.295,0.01,75.41,163.19,99
2026-08-31T21:50:11.925643+00:00,btc-updown-5m-1788213300,5,4013482,111626345783709501636834816945126754417571229640287138565621410144854800767003,2026-08-31T21:55:00+00:00,2026-08-31T22:00:00+00:00,9.82,0.49,0.5,0.495,0.01,187.29,737.0,99
2026-08-31T21:50:11.925643+00:00,btc-updown-15m-1788212700,15,4013294,114319809776506334571674296541131806756109377988690029230688974206977138578586,2026-08-31T21:45:00+00:00,2026-08-31T22:00:00+00:00,9.82,0.3,0.31,0.305,0.01,115.0,23.0,99
2026-08-31T21:50:11.925643+00:00,btc-updown-15m-1788213600,15,4013552,48659781330224842201344536638497436431250255596180348498636856820405275456646,2026-08-31T22:00:00+00:00,2026-08-31T22:15:00+00:00,24.82,0.5,0.51,0.505,0.01,234.0,696.08,95
2026-08-31T21:51:13.007885+00:00,btc-updown-5m-1788213000,5,4013362,25134596250261060713007022762244044641058257626924854975038624894525037327524,2026-08-31T21:50:00+00:00,2026-08-31T21:55:00+00:00,3.78,0.51,0.52,0.515,0.01,189.66,130.19,99
2026-08-31T21:51:13.007885+00:00,btc-updown-5m-1788213300,5,4013482,111626345783709501636834816945126754417571229640287138565621410144854800767003,2026-08-31T21:55:00+00:00,2026-08-31T22:00:00+00:00,8.78,0.49,0.5,0.495,0.01,186.54,755.0,99
2026-08-31T21:51:13.007885+00:00,btc-updown-15m-1788212700,15,4013294,114319809776506334571674296541131806756109377988690029230688974206977138578586,2026-08-31T21:45:00+00:00,2026-08-31T22:00:00+00:00,8.78,0.34,0.35,0.345,0.01,117.0,120.0,99
2026-08-31T21:51:13.007885+00:00,btc-updown-15m-1788213600,15,4013552,48659781330224842201344536638497436431250255596180348498636856820405275456646,2026-08-31T22:00:00+00:00,2026-08-31T22:15:00+00:00,23.78,0.5,0.51,0.505,0.01,153.0,950.08,95
2026-08-31T21:52:14.002797+00:00,btc-updown-5m-1788213000,5,4013362,25134596250261060713007022762244044641058257626924854975038624894525037327524,2026-08-31T21:50:00+00:00,2026-08-31T21:55:00+00:00,2.77,0.52,0.53,0.525,0.01,100.0,315.48,99
2026-08-31T21:52:14.002797+00:00,btc-updown-5m-1788213300,5,4013482,111626345783709501636834816945126754417571229640287138565621410144854800767003,2026-08-31T21:55:00+00:00,2026-08-31T22:00:00+00:00,7.77,0.49,0.5,0.495,0.01,168.54,765.0,99
2026-08-31T21:52:14.002797+00:00,btc-updown-15m-1788212700,15,4013294,114319809776506334571674296541131806756109377988690029230688974206977138578586,2026-08-31T21:45:00+00:00,2026-08-31T22:00:00+00:00,7.77,0.35,0.36,0.355,0.01,95.07,5009.0,99
2026-08-31T21:52:14.002797+00:00,btc-updown-15m-1788213600,15,4013552,48659781330224842201344536638497436431250255596180348498636856820405275456646,2026-08-31T22:00:00+00:00,2026-08-31T22:15:00+00:00,22.77,0.5,0.51,0.505,0.01,153.0,950.08,95
2026-08-31T21:53:14.998295+00:00,btc-updown-5m-1788213000,5,4013362,25134596250261060713007022762244044641058257626924854975038624894525037327524,2026-08-31T21:50:00+00:00,2026-08-31T21:55:00+00:00,1.77,0.18,0.19,0.185,0.01,118.78,168.0,99
2026-08-31T21:53:14.998295+00:00,btc-updown-5m-1788213300,5,4013482,111626345783709501636834816945126754417571229640287138565621410144854800767003,2026-08-31T21:55:00+00:00,2026-08-31T22:00:00+00:00,6.77,0.49,0.5,0.495,0.01,180.69,165.0,99
2026-08-31T21:53:14.998295+00:00,btc-updown-15m-1788212700,15,4013294,114319809776506334571674296541131806756109377988690029230688974206977138578586,2026-08-31T21:45:00+00:00,2026-08-31T22:00:00+00:00,6.77,0.18,0.19,0.185,0.01,181.19,50.94,98
2026-08-31T21:53:14.998295+00:00,btc-updown-15m-1788213600,15,4013552,48659781330224842201344536638497436431250255596180348498636856820405275456646,2026-08-31T22:00:00+00:00,2026-08-31T22:15:00+00:00,21.77,0.5,0.51,0.505,0.01,153.0,950.08,95
2026-08-31T21:54:16.005603+00:00,btc-updown-5m-1788213000,5,4013362,25134596250261060713007022762244044641058257626924854975038624894525037327524,2026-08-31T21:50:00+00:00,2026-08-31T21:55:00+00:00,0.73,0.07,0.08,0.075,0.01,29.92,138.17,99
2026-08-31T21:54:16.005603+00:00,btc-updown-5m-1788213300,5,4013482,111626345783709501636834816945126754417571229640287138565621410144854800767003,2026-08-31T21:55:00+00:00,2026-08-31T22:00:00+00:00,5.73,0.49,0.5,0.495,0.01,47.36,370.2,99
2026-08-31T21:54:16.005603+00:00,btc-updown-15m-1788212700,15,4013294,114319809776506334571674296541131806756109377988690029230688974206977138578586,2026-08-31T21:45:00+00:00,2026-08-31T22:00:00+00:00,5.73,0.2,0.21,0.205,0.01,207.93,115.0,99
2026-08-31T21:54:16.005603+00:00,btc-updown-15m-1788213600,15,4013552,48659781330224842201344536638497436431250255596180348498636856820405275456646,2026-08-31T22:00:00+00:00,2026-08-31T22:15:00+00:00,20.73,0.5,0.51,0.505,0.01,153.0,668.11,95
2026-08-31T21:55:17.011246+00:00,btc-updown-5m-1788213300,5,4013482,111626345783709501636834816945126754417571229640287138565621410144854800767003,2026-08-31T21:55:00+00:00,2026-08-31T22:00:00+00:00,4.72,0.33,0.34,0.335,0.01,94.04,195.33,99
2026-08-31T21:55:17.011246+00:00,btc-updown-5m-1788213600,5,4013550,28218719591728761504432983098747349773780239848346003526625060829241519911959,2026-08-31T22:00:00+00:00,2026-08-31T22:05:00+00:00,9.72,0.49,0.5,0.495,0.01,270.55,463.08,99
2026-08-31T21:55:17.011246+00:00,btc-updown-15m-1788212700,15,4013294,114319809776506334571674296541131806756109377988690029230688974206977138578586,2026-08-31T21:45:00+00:00,2026-08-31T22:00:00+00:00,4.72,0.13,0.14,0.135,0.01,260.99,96.6,99
2026-08-31T21:55:17.011246+00:00,btc-updown-15m-1788213600,15,4013552,48659781330224842201344536638497436431250255596180348498636856820405275456646,2026-08-31T22:00:00+00:00,2026-08-31T22:15:00+00:00,19.72,0.5,0.51,0.505,0.01,158.0,453.11,95
2026-08-31T21:56:18.146553+00:00,btc-updown-5m-1788213300,5,4013482,111626345783709501636834816945126754417571229640287138565621410144854800767003,2026-08-31T21:55:00+00:00,2026-08-31T22:00:00+00:00,3.7,0.34,0.35,0.345,0.01,272.23,121.05,99
2026-08-31T21:56:18.146553+00:00,btc-updown-5m-1788213600,5,4013550,28218719591728761504432983098747349773780239848346003526625060829241519911959,2026-08-31T22:00:00+00:00,2026-08-31T22:05:00+00:00,8.7,0.49,0.5,0.495,0.01,168.0,458.91,99
2026-08-31T21:56:18.146553+00:00,btc-updown-15m-1788212700,15,4013294,114319809776506334571674296541131806756109377988690029230688974206977138578586,2026-08-31T21:45:00+00:00,2026-08-31T22:00:00+00:00,3.7,0.07,0.08,0.075,0.01,51.2,164.0,99
2026-08-31T21:56:18.146553+00:00,btc-updown-15m-1788213600,15,4013552,48659781330224842201344536638497436431250255596180348498636856820405275456646,2026-08-31T22:00:00+00:00,2026-08-31T22:15:00+00:00,18.7,0.5,0.51,0.505,0.01,158.0,466.91,95
2026-08-31T21:57:19.197201+00:00,btc-updown-5m-1788213300,5,4013482,111626345783709501636834816945126754417571229640287138565621410144854800767003,2026-08-31T21:55:00+00:00,2026-08-31T22:00:00+00:00,2.68,0.13,0.14,0.135,0.01,145.88,173.37,99
2026-08-31T21:57:19.197201+00:00,btc-updown-5m-1788213600,5,4013550,28218719591728761504432983098747349773780239848346003526625060829241519911959,2026-08-31T22:00:00+00:00,2026-08-31T22:05:00+00:00,7.68,0.49,0.5,0.495,0.01,101.25,456.91,99
2026-08-31T21:57:19.197201+00:00,btc-updown-15m-1788212700,15,4013294,114319809776506334571674296541131806756109377988690029230688974206977138578586,2026-08-31T21:45:00+00:00,2026-08-31T22:00:00+00:00,2.68,0.01,0.02,0.015,0.01,934.43,5.24,99
2026-08-31T21:57:19.197201+00:00,btc-updown-15m-1788213600,15,4013552,48659781330224842201344536638497436431250255596180348498636856820405275456646,2026-08-31T22:00:00+00:00,2026-08-31T22:15:00+00:00,17.68,0.5,0.51,0.505,0.01,158.0,466.91,95
2026-08-31T21:58:20.197313+00:00,btc-updown-5m-1788213300,5,4013482,111626345783709501636834816945126754417571229640287138565621410144854800767003,2026-08-31T21:55:00+00:00,2026-08-31T22:00:00+00:00,1.67,0.03,0.04,0.035,0.01,5.0,322.17,99
2026-08-31T21:58:20.197313+00:00,btc-updown-5m-1788213600,5,4013550,28218719591728761504432983098747349773780239848346003526625060829241519911959,2026-08-31T22:00:00+00:00,2026-08-31T22:05:00+00:00,6.67,0.48,0.5,0.49,0.02,43.43,26.0,98
2026-08-31T21:58:20.197313+00:00,btc-updown-15m-1788212700,15,4013294,114319809776506334571674296541131806756109377988690029230688974206977138578586,2026-08-31T21:45:00+00:00,2026-08-31T22:00:00+00:00,1.67,0.002,0.005,0.0035,0.003,4863.92,20.0,110
2026-08-31T21:58:20.197313+00:00,btc-updown-15m-1788213600,15,4013552,48659781330224842201344536638497436431250255596180348498636856820405275456646,2026-08-31T22:00:00+00:00,2026-08-31T22:15:00+00:00,16.67,0.5,0.51,0.505,0.01,158.0,446.91,95
2026-08-31T21:59:21.181936+00:00,btc-updown-5m-1788213600,5,4013550,28218719591728761504432983098747349773780239848346003526625060829241519911959,2026-08-31T22:00:00+00:00,2026-08-31T22:05:00+00:00,5.65,0.52,0.53,0.525,0.01,623.59,48.59,98
2026-08-31T21:59:21.181936+00:00,btc-updown-15m-1788213600,15,4013552,48659781330224842201344536638497436431250255596180348498636856820405275456646,2026-08-31T22:00:00+00:00,2026-08-31T22:15:00+00:00,15.65,0.49,0.51,0.5,0.02,248.31,303.0,86
2026-08-31T22:00:22.013121+00:00,btc-updown-5m-1788213600,5,4013550,28218719591728761504432983098747349773780239848346003526625060829241519911959,2026-08-31T22:00:00+00:00,2026-08-31T22:05:00+00:00,4.63,0.8,0.81,0.805,0.01,240.78,1.0,99
2026-08-31T22:00:22.013121+00:00,btc-updown-5m-1788213900,5,4013592,93377020368193736466918752513219473015432736043348311129231822703946541605593,2026-08-31T22:05:00+00:00,2026-08-31T22:10:00+00:00,9.63,0.5,0.51,0.505,0.01,183.1,363.96,99
2026-08-31T22:00:22.013121+00:00,btc-updown-15m-1788213600,15,4013552,48659781330224842201344536638497436431250255596180348498636856820405275456646,2026-08-31T22:00:00+00:00,2026-08-31T22:15:00+00:00,14.63,0.69,0.7,0.695,0.01,20.0,15.98,99
2026-08-31T22:00:22.013121+00:00,btc-updown-15m-1788214500,15,4013664,20342490970114524442921273440989001373320272757928729934846516331602929742106,2026-08-31T22:15:00+00:00,2026-08-31T22:30:00+00:00,29.63,0.49,0.5,0.495,0.01,264.08,71.0,93
2026-08-31T22:01:23.112632+00:00,btc-updown-5m-1788213600,5,4013550,28218719591728761504432983098747349773780239848346003526625060829241519911959,2026-08-31T22:00:00+00:00,2026-08-31T22:05:00+00:00,3.62,0.68,0.69,0.685,0.01,161.0,68.01,99
2026-08-31T22:01:23.112632+00:00,btc-updown-5m-1788213900,5,4013592,93377020368193736466918752513219473015432736043348311129231822703946541605593,2026-08-31T22:05:00+00:00,2026-08-31T22:10:00+00:00,8.62,0.5,0.51,0.505,0.01,183.1,298.76,99
2026-08-31T22:01:23.112632+00:00,btc-updown-15m-1788213600,15,4013552,48659781330224842201344536638497436431250255596180348498636856820405275456646,2026-08-31T22:00:00+00:00,2026-08-31T22:15:00+00:00,13.62,0.55,0.56,0.555,0.01,135.0,3159.0,96
2026-08-31T22:01:23.112632+00:00,btc-updown-15m-1788214500,15,4013664,20342490970114524442921273440989001373320272757928729934846516331602929742106,2026-08-31T22:15:00+00:00,2026-08-31T22:30:00+00:00,28.62,0.49,0.5,0.495,0.01,214.08,71.0,93
2026-08-31T22:02:24.244342+00:00,btc-updown-5m-1788213600,5,4013550,28218719591728761504432983098747349773780239848346003526625060829241519911959,2026-08-31T22:00:00+00:00,2026-08-31T22:05:00+00:00,2.6,0.62,0.63,0.625,0.01,9.1,153.67,97
2026-08-31T22:02:24.244342+00:00,btc-updown-5m-1788213900,5,4013592,93377020368193736466918752513219473015432736043348311129231822703946541605593,2026-08-31T22:05:00+00:00,2026-08-31T22:10:00+00:00,7.6,0.5,0.51,0.505,0.01,168.1,70.13,99
2026-08-31T22:02:24.244342+00:00,btc-updown-15m-1788213600,15,4013552,48659781330224842201344536638497436431250255596180348498636856820405275456646,2026-08-31T22:00:00+00:00,2026-08-31T22:15:00+00:00,12.6,0.52,0.53,0.525,0.01,125.0,2508.0,99
2026-08-31T22:02:24.244342+00:00,btc-updown-15m-1788214500,15,4013664,20342490970114524442921273440989001373320272757928729934846516331602929742106,2026-08-31T22:15:00+00:00,2026-08-31T22:30:00+00:00,27.6,0.49,0.5,0.495,0.01,214.08,231.0,93
2026-08-31T22:03:25.388644+00:00,btc-updown-5m-1788213600,5,4013550,28218719591728761504432983098747349773780239848346003526625060829241519911959,2026-08-31T22:00:00+00:00,2026-08-31T22:05:00+00:00,1.58,0.49,0.5,0.495,0.01,90.52,10.0,99
2026-08-31T22:03:25.388644+00:00,btc-updown-5m-1788213900,5,4013592,93377020368193736466918752513219473015432736043348311129231822703946541605593,2026-08-31T22:05:00+00:00,2026-08-31T22:10:00+00:00,6.58,0.5,0.51,0.505,0.01,173.91,85.13,99
2026-08-31T22:03:25.388644+00:00,btc-updown-15m-1788213600,15,4013552,48659781330224842201344536638497436431250255596180348498636856820405275456646,2026-08-31T22:00:00+00:00,2026-08-31T22:15:00+00:00,11.58,0.52,0.53,0.525,0.01,237.0,100.0,99
2026-08-31T22:03:25.388644+00:00,btc-updown-15m-1788214500,15,4013664,20342490970114524442921273440989001373320272757928729934846516331602929742106,2026-08-31T22:15:00+00:00,2026-08-31T22:30:00+00:00,26.58,0.49,0.5,0.495,0.01,214.08,26.0,93
2026-08-31T22:04:26.537195+00:00,btc-updown-5m-1788213900,5,4013592,93377020368193736466918752513219473015432736043348311129231822703946541605593,2026-08-31T22:05:00+00:00,2026-08-31T22:10:00+00:00,5.57,0.47,0.48,0.475,0.01,22.23,15.0,99
2026-08-31T22:04:26.537195+00:00,btc-updown-15m-1788213600,15,4013552,48659781330224842201344536638497436431250255596180348498636856820405275456646,2026-08-31T22:00:00+00:00,2026-08-31T22:15:00+00:00,10.57,0.35,0.36,0.355,0.01,200.0,19.98,98
2026-08-31T22:04:26.537195+00:00,btc-updown-15m-1788214500,15,4013664,20342490970114524442921273440989001373320272757928729934846516331602929742106,2026-08-31T22:15:00+00:00,2026-08-31T22:30:00+00:00,25.57,0.49,0.5,0.495,0.01,274.08,206.0,96
2026-08-31T22:05:27.448299+00:00,btc-updown-5m-1788213900,5,4013592,93377020368193736466918752513219473015432736043348311129231822703946541605593,2026-08-31T22:05:00+00:00,2026-08-31T22:10:00+00:00,4.55,0.63,0.64,0.635,0.01,235.19,77.56,99
2026-08-31T22:05:27.448299+00:00,btc-updown-5m-1788214200,5,4013613,31536183934563493818081443903741913606070214566374078257510983956546370321037,2026-08-31T22:10:00+00:00,2026-08-31T22:15:00+00:00,9.55,0.5,0.51,0.505,0.01,195.12,380.66,99
2026-08-31T22:05:27.448299+00:00,btc-updown-15m-1788213600,15,4013552,48659781330224842201344536638497436431250255596180348498636856820405275456646,2026-08-31T22:00:00+00:00,2026-08-31T22:15:00+00:00,9.55,0.41,0.42,0.415,0.01,201.0,7.98,97
2026-08-31T22:05:27.448299+00:00,btc-updown-15m-1788214500,15,4013664,20342490970114524442921273440989001373320272757928729934846516331602929742106,2026-08-31T22:15:00+00:00,2026-08-31T22:30:00+00:00,24.55,0.49,0.5,0.495,0.01,334.08,206.0,95
2026-08-31T22:06:28.573074+00:00,btc-updown-5m-1788213900,5,4013592,93377020368193736466918752513219473015432736043348311129231822703946541605593,2026-08-31T22:05:00+00:00,2026-08-31T22:10:00+00:00,3.53,0.76,0.77,0.765,0.01,118.73,258.33,99
2026-08-31T22:06:28.573074+00:00,btc-updown-5m-1788214200,5,4013613,31536183934563493818081443903741913606070214566374078257510983956546370321037,2026-08-31T22:10:00+00:00,2026-08-31T22:15:00+00:00,8.53,0.5,0.51,0.505,0.01,195.12,320.64,99
2026-08-31T22:06:28.573074+00:00,btc-updown-15m-1788213600,15,4013552,48659781330224842201344536638497436431250255596180348498636856820405275456646,2026-08-31T22:00:00+00:00,2026-08-31T22:15:00+00:00,8.53,0.5,0.51,0.505,0.01,15.62,5228.0,98
2026-08-31T22:06:28.573074+00:00,btc-updown-15m-1788214500,15,4013664,20342490970114524442921273440989001373320272757928729934846516331602929742106,2026-08-31T22:15:00+00:00,2026-08-31T22:30:00+00:00,23.53,0.49,0.5,0.495,0.01,214.08,226.0,95
2026-08-31T22:07:29.605764+00:00,btc-updown-5m-1788213900,5,4013592,93377020368193736466918752513219473015432736043348311129231822703946541605593,2026-08-31T22:05:00+00:00,2026-08-31T22:10:00+00:00,2.52,0.9,0.91,0.905,0.01,194.96,123.56,99
2026-08-31T22:07:29.605764+00:00,btc-updown-5m-1788214200,5,4013613,31536183934563493818081443903741913606070214566374078257510983956546370321037,2026-08-31T22:10:00+00:00,2026-08-31T22:15:00+00:00,7.52,0.5,0.51,0.505,0.01,155.72,117.69,99
2026-08-31T22:07:29.605764+00:00,btc-updown-15m-1788213600,15,4013552,48659781330224842201344536638497436431250255596180348498636856820405275456646,2026-08-31T22:00:00+00:00,2026-08-31T22:15:00+00:00,7.52,0.54,0.55,0.545,0.01,100.0,1660.0,99
2026-08-31T22:07:29.605764+00:00,btc-updown-15m-1788214500,15,4013664,20342490970114524442921273440989001373320272757928729934846516331602929742106,2026-08-31T22:15:00+00:00,2026-08-31T22:30:00+00:00,22.52,0.49,0.5,0.495,0.01,214.08,221.0,95
2026-08-31T22:08:30.605116+00:00,btc-updown-5m-1788213900,5,4013592,93377020368193736466918752513219473015432736043348311129231822703946541605593,2026-08-31T22:05:00+00:00,2026-08-31T22:10:00+00:00,1.5,0.92,0.93,0.925,0.01,113.25,161.48,99
2026-08-31T22:08:30.605116+00:00,btc-updown-5m-1788214200,5,4013613,31536183934563493818081443903741913606070214566374078257510983956546370321037,2026-08-31T22:10:00+00:00,2026-08-31T22:15:00+00:00,6.5,0.5,0.51,0.505,0.01,25.0,3.19,99
2026-08-31T22:08:30.605116+00:00,btc-updown-15m-1788213600,15,4013552,48659781330224842201344536638497436431250255596180348498636856820405275456646,2026-08-31T22:00:00+00:00,2026-08-31T22:15:00+00:00,6.5,0.46,0.47,0.465,0.01,5.0,1186.0,99
2026-08-31T22:08:30.605116+00:00,btc-updown-15m-1788214500,15,4013664,20342490970114524442921273440989001373320272757928729934846516331602929742106,2026-08-31T22:15:00+00:00,2026-08-31T22:30:00+00:00,21.5,0.49,0.5,0.495,0.01,214.08,201.0,95
2026-08-31T22:09:31.581945+00:00,btc-updown-5m-1788214200,5,4013613,31536183934563493818081443903741913606070214566374078257510983956546370321037,2026-08-31T22:10:00+00:00,2026-08-31T22:15:00+00:00,5.48,0.5,0.51,0.505,0.01,128.0,78.0,99
2026-08-31T22:09:31.581945+00:00,btc-updown-15m-1788213600,15,4013552,48659781330224842201344536638497436431250255596180348498636856820405275456646,2026-08-31T22:00:00+00:00,2026-08-31T22:15:00+00:00,5.48,0.52,0.53,0.525,0.01,150.0,235.0,99
2026-08-31T22:09:31.581945+00:00,btc-updown-15m-1788214500,15,4013664,20342490970114524442921273440989001373320272757928729934846516331602929742106,2026-08-31T22:15:00+00:00,2026-08-31T22:30:00+00:00,20.48,0.49,0.5,0.495,0.01,214.08,201.0,95
2026-08-31T22:10:32.493822+00:00,btc-updown-5m-1788214200,5,4013613,31536183934563493818081443903741913606070214566374078257510983956546370321037,2026-08-31T22:10:00+00:00,2026-08-31T22:15:00+00:00,4.47,0.23,0.24,0.235,0.01,510.73,113.0,99
2026-08-31T22:10:32.493822+00:00,btc-updown-5m-1788214500,5,4013658,14571179431804000909957747583884170528908554289722187701062562993911383899142,2026-08-31T22:15:00+00:00,2026-08-31T22:20:00+00:00,9.47,0.49,0.5,0.495,0.01,276.09,500.35,99
2026-08-31T22:10:32.493822+00:00,btc-updown-15m-1788213600,15,4013552,48659781330224842201344536638497436431250255596180348498636856820405275456646,2026-08-31T22:00:00+00:00,2026-08-31T22:15:00+00:00,4.47,0.26,0.27,0.265,0.01,64.06,10887.81,99
2026-08-31T22:10:32.493822+00:00,btc-updown-15m-1788214500,15,4013664,20342490970114524442921273440989001373320272757928729934846516331602929742106,2026-08-31T22:15:00+00:00,2026-08-31T22:30:00+00:00,19.47,0.49,0.5,0.495,0.01,428.08,119.86,95
2026-08-31T22:11:33.533129+00:00,btc-updown-5m-1788214200,5,4013613,31536183934563493818081443903741913606070214566374078257510983956546370321037,2026-08-31T22:10:00+00:00,2026-08-31T22:15:00+00:00,3.45,0.43,0.44,0.435,0.01,324.53,75.0,99
2026-08-31T22:11:33.533129+00:00,btc-updown-5m-1788214500,5,4013658,14571179431804000909957747583884170528908554289722187701062562993911383899142,2026-08-31T22:15:00+00:00,2026-08-31T22:20:00+00:00,8.45,0.49,0.5,0.495,0.01,211.0,500.35,99
2026-08-31T22:11:33.533129+00:00,btc-updown-15m-1788213600,15,4013552,48659781330224842201344536638497436431250255596180348498636856820405275456646,2026-08-31T22:00:00+00:00,2026-08-31T22:15:00+00:00,3.45,0.47,0.48,0.475,0.01,35.0,50.0,99
2026-08-31T22:11:33.533129+00:00,btc-updown-15m-1788214500,15,4013664,20342490970114524442921273440989001373320272757928729934846516331602929742106,2026-08-31T22:15:00+00:00,2026-08-31T22:30:00+00:00,18.45,0.49,0.5,0.495,0.01,428.08,18.86,95
2026-08-31T22:12:34.592344+00:00,btc-updown-5m-1788214200,5,4013613,31536183934563493818081443903741913606070214566374078257510983956546370321037,2026-08-31T22:10:00+00:00,2026-08-31T22:15:00+00:00,2.43,0.09,0.1,0.095,0.01,100.0,99.69,99
2026-08-31T22:12:34.592344+00:00,btc-updown-5m-1788214500,5,4013658,14571179431804000909957747583884170528908554289722187701062562993911383899142,2026-08-31T22:15:00+00:00,2026-08-31T22:20:00+00:00,7.43,0.49,0.5,0.495,0.01,187.53,485.35,99
2026-08-31T22:12:34.592344+00:00,btc-updown-15m-1788213600,15,4013552,48659781330224842201344536638497436431250255596180348498636856820405275456646,2026-08-31T22:00:00+00:00,2026-08-31T22:15:00+00:00,2.43,0.13,0.14,0.135,0.01,27.7,42.78,99
2026-08-31T22:12:34.592344+00:00,btc-updown-15m-1788214500,15,4013664,20342490970114524442921273440989001373320272757928729934846516331602929742106,2026-08-31T22:15:00+00:00,2026-08-31T22:30:00+00:00,17.43,0.49,0.5,0.495,0.01,438.08,18.86,95
2026-08-31T22:13:35.631503+00:00,btc-updown-5m-1788214500,5,4013658,14571179431804000909957747583884170528908554289722187701062562993911383899142,2026-08-31T22:15:00+00:00,2026-08-31T22:20:00+00:00,6.42,0.49,0.5,0.495,0.01,121.81,414.5,99
2026-08-31T22:13:35.631503+00:00,btc-updown-15m-1788214500,15,4013664,20342490970114524442921273440989001373320272757928729934846516331602929742106,2026-08-31T22:15:00+00:00,2026-08-31T22:30:00+00:00,16.42,0.5,0.51,0.505,0.01,290.0,211.17,95
2026-08-31T22:14:36.410952+00:00,btc-updown-5m-1788214500,5,4013658,14571179431804000909957747583884170528908554289722187701062562993911383899142,2026-08-31T22:15:00+00:00,2026-08-31T22:20:00+00:00,5.4,0.46,0.47,0.465,0.01,20.0,66.0,99
2026-08-31T22:14:36.410952+00:00,btc-updown-15m-1788214500,15,4013664,20342490970114524442921273440989001373320272757928729934846516331602929742106,2026-08-31T22:15:00+00:00,2026-08-31T22:30:00+00:00,15.4,0.5,0.51,0.505,0.01,273.5,15.0,87
2026-08-31T22:15:37.222517+00:00,btc-updown-5m-1788214500,5,4013658,14571179431804000909957747583884170528908554289722187701062562993911383899142,2026-08-31T22:15:00+00:00,2026-08-31T22:20:00+00:00,4.38,0.31,0.32,0.315,0.01,106.8,127.2,99
2026-08-31T22:15:37.222517+00:00,btc-updown-5m-1788214800,5,4013706,33522352858307741069582017609148799265793953391362414752043828623940446601419,2026-08-31T22:20:00+00:00,2026-08-31T22:25:00+00:00,9.38,0.5,0.51,0.505,0.01,776.38,202.24,99
2026-08-31T22:15:37.222517+00:00,btc-updown-15m-1788214500,15,4013664,20342490970114524442921273440989001373320272757928729934846516331602929742106,2026-08-31T22:15:00+00:00,2026-08-31T22:30:00+00:00,14.38,0.41,0.42,0.415,0.01,110.7,51.19,99
2026-08-31T22:15:37.222517+00:00,btc-updown-15m-1788215400,15,4013830,56397330086700736966496944521739283135846422585118836964527975604214233532980,2026-08-31T22:30:00+00:00,2026-08-31T22:45:00+00:00,29.38,0.51,0.52,0.515,0.01,79.07,223.33,91
2026-08-31T22:16:38.314379+00:00,btc-updown-5m-1788214500,5,4013658,14571179431804000909957747583884170528908554289722187701062562993911383899142,2026-08-31T22:15:00+00:00,2026-08-31T22:20:00+00:00,3.37,0.17,0.18,0.175,0.01,229.51,115.68,99
2026-08-31T22:16:38.314379+00:00,btc-updown-5m-1788214800,5,4013706,33522352858307741069582017609148799265793953391362414752043828623940446601419,2026-08-31T22:20:00+00:00,2026-08-31T22:25:00+00:00,8.37,0.5,0.51,0.505,0.01,781.38,202.24,99
2026-08-31T22:16:38.314379+00:00,btc-updown-15m-1788214500,15,4013664,20342490970114524442921273440989001373320272757928729934846516331602929742106,2026-08-31T22:15:00+00:00,2026-08-31T22:30:00+00:00,13.37,0.34,0.35,0.345,0.01,95.27,170.0,99
2026-08-31T22:16:38.314379+00:00,btc-updown-15m-1788215400,15,4013830,56397330086700736966496944521739283135846422585118836964527975604214233532980,2026-08-31T22:30:00+00:00,2026-08-31T22:45:00+00:00,28.37,0.51,0.52,0.515,0.01,99.07,223.33,91
2026-08-31T22:17:39.327819+00:00,btc-updown-5m-1788214500,5,4013658,14571179431804000909957747583884170528908554289722187701062562993911383899142,2026-08-31T22:15:00+00:00,2026-08-31T22:20:00+00:00,2.35,0.1,0.11,0.105,0.01,200.38,6.0,99
2026-08-31T22:17:39.327819+00:00,btc-updown-5m-1788214800,5,4013706,33522352858307741069582017609148799265793953391362414752043828623940446601419,2026-08-31T22:20:00+00:00,2026-08-31T22:25:00+00:00,7.35,0.5,0.51,0.505,0.01,369.51,197.96,99
2026-08-31T22:17:39.327819+00:00,btc-updown-15m-1788214500,15,4013664,20342490970114524442921273440989001373320272757928729934846516331602929742106,2026-08-31T22:15:00+00:00,2026-08-31T22:30:00+00:00,12.35,0.33,0.34,0.335,0.01,50.0,100.0,98
2026-08-31T22:17:39.327819+00:00,btc-updown-15m-1788215400,15,4013830,56397330086700736966496944521739283135846422585118836964527975604214233532980,2026-08-31T22:30:00+00:00,2026-08-31T22:45:00+00:00,27.35,0.51,0.52,0.515,0.01,59.07,223.33,91
2026-08-31T22:18:40.338228+00:00,btc-updown-5m-1788214800,5,4013706,33522352858307741069582017609148799265793953391362414752043828623940446601419,2026-08-31T22:20:00+00:00,2026-08-31T22:25:00+00:00,6.33,0.49,0.51,0.5,0.02,30.0,146.3,98
2026-08-31T22:18:40.338228+00:00,btc-updown-15m-1788214500,15,4013664,20342490970114524442921273440989001373320272757928729934846516331602929742106,2026-08-31T22:15:00+00:00,2026-08-31T22:30:00+00:00,11.33,0.28,0.29,0.285,0.01,57.22,72.64,99
2026-08-31T22:18:40.338228+00:00,btc-updown-15m-1788215400,15,4013830,56397330086700736966496944521739283135846422585118836964527975604214233532980,2026-08-31T22:30:00+00:00,2026-08-31T22:45:00+00:00,26.33,0.51,0.52,0.515,0.01,155.07,223.33,91
2026-08-31T22:19:41.315871+00:00,btc-updown-5m-1788214800,5,4013706,33522352858307741069582017609148799265793953391362414752043828623940446601419,2026-08-31T22:20:00+00:00,2026-08-31T22:25:00+00:00,5.32,0.49,0.5,0.495,0.01,97.07,181.86,99
2026-08-31T22:19:41.315871+00:00,btc-updown-15m-1788214500,15,4013664,20342490970114524442921273440989001373320272757928729934846516331602929742106,2026-08-31T22:15:00+00:00,2026-08-31T22:30:00+00:00,10.32,0.24,0.25,0.245,0.01,98.88,92.0,99
2026-08-31T22:19:41.315871+00:00,btc-updown-15m-1788215400,15,4013830,56397330086700736966496944521739283135846422585118836964527975604214233532980,2026-08-31T22:30:00+00:00,2026-08-31T22:45:00+00:00,25.32,0.51,0.52,0.515,0.01,211.07,223.33,97
2026-08-31T22:20:42.255855+00:00,btc-updown-5m-1788214800,5,4013706,33522352858307741069582017609148799265793953391362414752043828623940446601419,2026-08-31T22:20:00+00:00,2026-08-31T22:25:00+00:00,4.3,0.19,0.2,0.195,0.01,156.0,100.0,99
2026-08-31T22:20:42.255855+00:00,btc-updown-5m-1788215100,5,4013815,102475444516081940011312115170326946663262922599150803561897939600520946582720,2026-08-31T22:25:00+00:00,2026-08-31T22:30:00+00:00,9.3,0.5,0.51,0.505,0.01,788.0,288.19,99
2026-08-31T22:20:42.255855+00:00,btc-updown-15m-1788214500,15,4013664,20342490970114524442921273440989001373320272757928729934846516331602929742106,2026-08-31T22:15:00+00:00,2026-08-31T22:30:00+00:00,9.3,0.11,0.12,0.115,0.01,43.0,90.0,99
2026-08-31T22:20:42.255855+00:00,btc-updown-15m-1788215400,15,4013830,56397330086700736966496944521739283135846422585118836964527975604214233532980,2026-08-31T22:30:00+00:00,2026-08-31T22:45:00+00:00,24.3,0.51,0.52,0.515,0.01,467.15,15.0,97
2026-08-31T22:21:43.272030+00:00,btc-updown-5m-1788214800,5,4013706,33522352858307741069582017609148799265793953391362414752043828623940446601419,2026-08-31T22:20:00+00:00,2026-08-31T22:25:00+00:00,3.28,0.1,0.11,0.105,0.01,117.96,54.54,99
2026-08-31T22:21:43.272030+00:00,btc-updown-5m-1788215100,5,4013815,102475444516081940011312115170326946663262922599150803561897939600520946582720,2026-08-31T22:25:00+00:00,2026-08-31T22:30:00+00:00,8.28,0.51,0.52,0.515,0.01,178.79,51.0,99
2026-08-31T22:21:43.272030+00:00,btc-updown-15m-1788214500,15,4013664,20342490970114524442921273440989001373320272757928729934846516331602929742106,2026-08-31T22:15:00+00:00,2026-08-31T22:30:00+00:00,8.28,0.07,0.08,0.075,0.01,67.82,60.16,99
2026-08-31T22:21:43.272030+00:00,btc-updown-15m-1788215400,15,4013830,56397330086700736966496944521739283135846422585118836964527975604214233532980,2026-08-31T22:30:00+00:00,2026-08-31T22:45:00+00:00,23.28,0.52,0.53,0.525,0.01,20.0,194.43,97
2026-08-31T22:22:44.432242+00:00,btc-updown-5m-1788214800,5,4013706,33522352858307741069582017609148799265793953391362414752043828623940446601419,2026-08-31T22:20:00+00:00,2026-08-31T22:25:00+00:00,2.27,0.08,0.09,0.085,0.01,67.95,146.33,99
2026-08-31T22:22:44.432242+00:00,btc-updown-5m-1788215100,5,4013815,102475444516081940011312115170326946663262922599150803561897939600520946582720,2026-08-31T22:25:00+00:00,2026-08-31T22:30:00+00:00,7.27,0.5,0.52,0.51,0.02,99.66,47.05,98
2026-08-31T22:22:44.432242+00:00,btc-updown-15m-1788214500,15,4013664,20342490970114524442921273440989001373320272757928729934846516331602929742106,2026-08-31T22:15:00+00:00,2026-08-31T22:30:00+00:00,7.27,0.07,0.08,0.075,0.01,27.91,90.29,99
2026-08-31T22:22:44.432242+00:00,btc-updown-15m-1788215400,15,4013830,56397330086700736966496944521739283135846422585118836964527975604214233532980,2026-08-31T22:30:00+00:00,2026-08-31T22:45:00+00:00,22.27,0.52,0.53,0.525,0.01,232.31,194.43,97
2026-08-31T22:23:45.442874+00:00,btc-updown-5m-1788214800,5,4013706,33522352858307741069582017609148799265793953391362414752043828623940446601419,2026-08-31T22:20:00+00:00,2026-08-31T22:25:00+00:00,1.25,0.03,0.04,0.035,0.01,5.0,210.8,99
2026-08-31T22:23:45.442874+00:00,btc-updown-5m-1788215100,5,4013815,102475444516081940011312115170326946663262922599150803561897939600520946582720,2026-08-31T22:25:00+00:00,2026-08-31T22:30:00+00:00,6.25,0.51,0.52,0.515,0.01,170.75,157.0,99
2026-08-31T22:23:45.442874+00:00,btc-updown-15m-1788214500,15,4013664,20342490970114524442921273440989001373320272757928729934846516331602929742106,2026-08-31T22:15:00+00:00,2026-08-31T22:30:00+00:00,6.25,0.06,0.07,0.065,0.01,68.27,5.0,99
2026-08-31T22:23:45.442874+00:00,btc-updown-15m-1788215400,15,4013830,56397330086700736966496944521739283135846422585118836964527975604214233532980,2026-08-31T22:30:00+00:00,2026-08-31T22:45:00+00:00,21.25,0.52,0.53,0.525,0.01,283.38,194.43,97
2026-08-31T22:24:46.463361+00:00,btc-updown-5m-1788215100,5,4013815,102475444516081940011312115170326946663262922599150803561897939600520946582720,2026-08-31T22:25:00+00:00,2026-08-31T22:30:00+00:00,5.23,0.48,0.5,0.49,0.02,15.0,229.0,98
2026-08-31T22:24:46.463361+00:00,btc-updown-15m-1788214500,15,4013664,20342490970114524442921273440989001373320272757928729934846516331602929742106,2026-08-31T22:15:00+00:00,2026-08-31T22:30:00+00:00,5.23,0.04,0.05,0.045,0.01,1199.84,110.7,99
2026-08-31T22:24:46.463361+00:00,btc-updown-15m-1788215400,15,4013830,56397330086700736966496944521739283135846422585118836964527975604214233532980,2026-08-31T22:30:00+00:00,2026-08-31T22:45:00+00:00,20.23,0.52,0.53,0.525,0.01,303.38,194.43,97
2026-08-31T22:25:47.362815+00:00,btc-updown-5m-1788215100,5,4013815,102475444516081940011312115170326946663262922599150803561897939600520946582720,2026-08-31T22:25:00+00:00,2026-08-31T22:30:00+00:00,4.22,0.38,0.39,0.385,0.01,98.38,128.64,99
2026-08-31T22:25:47.362815+00:00,btc-updown-5m-1788215400,5,4013821,84832661974730808596215196245925768515906095477421415810797702938122128356607,2026-08-31T22:30:00+00:00,2026-08-31T22:35:00+00:00,9.22,0.5,0.51,0.505,0.01,863.85,178.5,99
2026-08-31T22:25:47.362815+00:00,btc-updown-15m-1788214500,15,4013664,20342490970114524442921273440989001373320272757928729934846516331602929742106,2026-08-31T22:15:00+00:00,2026-08-31T22:30:00+00:00,4.22,0.03,0.04,0.035,0.01,558.5,151.22,99
2026-08-31T22:25:47.362815+00:00,btc-updown-15m-1788215400,15,4013830,56397330086700736966496944521739283135846422585118836964527975604214233532980,2026-08-31T22:30:00+00:00,2026-08-31T22:45:00+00:00,19.22,0.52,0.53,0.525,0.01,265.38,124.55,97
2026-08-31T22:26:48.401790+00:00,btc-updown-5m-1788215100,5,4013815,102475444516081940011312115170326946663262922599150803561897939600520946582720,2026-08-31T22:25:00+00:00,2026-08-31T22:30:00+00:00,3.2,0.32,0.33,0.325,0.01,126.47,61.09,99
2026-08-31T22:26:48.401790+00:00,btc-updown-5m-1788215400,5,4013821,84832661974730808596215196245925768515906095477421415810797702938122128356607,2026-08-31T22:30:00+00:00,2026-08-31T22:35:00+00:00,8.2,0.5,0.51,0.505,0.01,854.85,173.5,99
2026-08-31T22:26:48.401790+00:00,btc-updown-15m-1788214500,15,4013664,20342490970114524442921273440989001373320272757928729934846516331602929742106,2026-08-31T22:15:00+00:00,2026-08-31T22:30:00+00:00,3.2,0.001,0.003,0.002,0.002,1125.49,20.0,107
2026-08-31T22:26:48.401790+00:00,btc-updown-15m-1788215400,15,4013830,56397330086700736966496944521739283135846422585118836964527975604214233532980,2026-08-31T22:30:00+00:00,2026-08-31T22:45:00+00:00,18.2,0.52,0.53,0.525,0.01,290.91,124.55,99
2026-08-31T22:27:49.434691+00:00,btc-updown-5m-1788215100,5,4013815,102475444516081940011312115170326946663262922599150803561897939600520946582720,2026-08-31T22:25:00+00:00,2026-08-31T22:30:00+00:00,2.18,0.16,0.17,0.165,0.01,55.41,235.33,99
2026-08-31T22:27:49.434691+00:00,btc-updown-5m-1788215400,5,4013821,84832661974730808596215196245925768515906095477421415810797702938122128356607,2026-08-31T22:30:00+00:00,2026-08-31T22:35:00+00:00,7.18,0.53,0.55,0.54,0.02,40.0,288.11,98
2026-08-31T22:27:49.434691+00:00,btc-updown-15m-1788214500,15,4013664,20342490970114524442921273440989001373320272757928729934846516331602929742106,2026-08-31T22:15:00+00:00,2026-08-31T22:30:00+00:00,2.18,0.001,0.002,0.0015,0.001,1165.0,1219.21,108
2026-08-31T22:27:49.434691+00:00,btc-updown-15m-1788215400,15,4013830,56397330086700736966496944521739283135846422585118836964527975604214233532980,2026-08-31T22:30:00+00:00,2026-08-31T22:45:00+00:00,17.18,0.52,0.53,0.525,0.01,340.91,79.76,99
2026-08-31T22:28:50.417261+00:00,btc-updown-5m-1788215100,5,4013815,102475444516081940011312115170326946663262922599150803561897939600520946582720,2026-08-31T22:25:00+00:00,2026-08-31T22:30:00+00:00,1.17,0.03,0.04,0.035,0.01,95.72,436.13,99
2026-08-31T22:28:50.417261+00:00,btc-updown-5m-1788215400,5,4013821,84832661974730808596215196245925768515906095477421415810797702938122128356607,2026-08-31T22:30:00+00:00,2026-08-31T22:35:00+00:00,6.17,0.52,0.54,0.53,0.02,18.56,20.0,98
2026-08-31T22:28:50.417261+00:00,btc-updown-15m-1788215400,15,4013830,56397330086700736966496944521739283135846422585118836964527975604214233532980,2026-08-31T22:30:00+00:00,2026-08-31T22:45:00+00:00,16.17,0.52,0.53,0.525,0.01,288.82,79.76,99
2026-08-31T22:29:51.325018+00:00,btc-updown-5m-1788215400,5,4013821,84832661974730808596215196245925768515906095477421415810797702938122128356607,2026-08-31T22:30:00+00:00,2026-08-31T22:35:00+00:00,5.15,0.51,0.53,0.52,0.02,290.3,0.56,98
2026-08-31T22:29:51.325018+00:00,btc-updown-15m-1788215400,15,4013830,56397330086700736966496944521739283135846422585118836964527975604214233532980,2026-08-31T22:30:00+00:00,2026-08-31T22:45:00+00:00,15.15,0.55,0.56,0.555,0.01,185.42,226.2,86
2026-08-31T22:30:52.156161+00:00,btc-updown-5m-1788215400,5,4013821,84832661974730808596215196245925768515906095477421415810797702938122128356607,2026-08-31T22:30:00+00:00,2026-08-31T22:35:00+00:00,4.13,0.65,0.66,0.655,0.01,117.14,153.18,99
2026-08-31T22:30:52.156161+00:00,btc-updown-5m-1788215700,5,4013880,11704442739253707702166182435194579007935598823906845825298624717546207837314,2026-08-31T22:35:00+00:00,2026-08-31T22:40:00+00:00,9.13,0.51,0.52,0.515,0.01,94.32,51.19,99
2026-08-31T22:30:52.156161+00:00,btc-updown-15m-1788215400,15,4013830,56397330086700736966496944521739283135846422585118836964527975604214233532980,2026-08-31T22:30:00+00:00,2026-08-31T22:45:00+00:00,14.13,0.58,0.59,0.585,0.01,65.04,137.0,99
2026-08-31T22:30:52.156161+00:00,btc-updown-15m-1788216300,15,4013911,25807092726869388818913921462596778313475620479829402367406181632494950675016,2026-08-31T22:45:00+00:00,2026-08-31T23:00:00+00:00,29.13,0.5,0.51,0.505,0.01,231.0,214.08,93
2026-08-31T22:31:53.236505+00:00,btc-updown-5m-1788215400,5,4013821,84832661974730808596215196245925768515906095477421415810797702938122128356607,2026-08-31T22:30:00+00:00,2026-08-31T22:35:00+00:00,3.12,0.62,0.63,0.625,0.01,17.0,117.22,99
2026-08-31T22:31:53.236505+00:00,btc-updown-5m-1788215700,5,4013880,11704442739253707702166182435194579007935598823906845825298624717546207837314,2026-08-31T22:35:00+00:00,2026-08-31T22:40:00+00:00,8.12,0.51,0.52,0.515,0.01,52.0,26.85,99
2026-08-31T22:31:53.236505+00:00,btc-updown-15m-1788215400,15,4013830,56397330086700736966496944521739283135846422585118836964527975604214233532980,2026-08-31T22:30:00+00:00,2026-08-31T22:45:00+00:00,13.12,0.57,0.58,0.575,0.01,100.0,1874.0,99
2026-08-31T22:31:53.236505+00:00,btc-updown-15m-1788216300,15,4013911,25807092726869388818913921462596778313475620479829402367406181632494950675016,2026-08-31T22:45:00+00:00,2026-08-31T23:00:00+00:00,28.12,0.5,0.51,0.505,0.01,231.0,214.08,93
2026-08-31T22:32:54.258055+00:00,btc-updown-5m-1788215400,5,4013821,84832661974730808596215196245925768515906095477421415810797702938122128356607,2026-08-31T22:30:00+00:00,2026-08-31T22:35:00+00:00,2.1,0.2,0.21,0.205,0.01,210.85,453.14,99
2026-08-31T22:32:54.258055+00:00,btc-updown-5m-1788215700,5,4013880,11704442739253707702166182435194579007935598823906845825298624717546207837314,2026-08-31T22:35:00+00:00,2026-08-31T22:40:00+00:00,7.1,0.51,0.52,0.515,0.01,57.91,31.85,99
2026-08-31T22:32:54.258055+00:00,btc-updown-15m-1788215400,15,4013830,56397330086700736966496944521739283135846422585118836964527975604214233532980,2026-08-31T22:30:00+00:00,2026-08-31T22:45:00+00:00,12.1,0.42,0.43,0.425,0.01,10.0,267.0,99
2026-08-31T22:32:54.258055+00:00,btc-updown-15m-1788216300,15,4013911,25807092726869388818913921462596778313475620479829402367406181632494950675016,2026-08-31T22:45:00+00:00,2026-08-31T23:00:00+00:00,27.1,0.5,0.51,0.505,0.01,231.0,214.08,93
2026-08-31T22:33:55.241357+00:00,btc-updown-5m-1788215700,5,4013880,11704442739253707702166182435194579007935598823906845825298624717546207837314,2026-08-31T22:35:00+00:00,2026-08-31T22:40:00+00:00,6.08,0.52,0.53,0.525,0.01,85.05,40.0,99
2026-08-31T22:33:55.241357+00:00,btc-updown-15m-1788215400,15,4013830,56397330086700736966496944521739283135846422585118836964527975604214233532980,2026-08-31T22:30:00+00:00,2026-08-31T22:45:00+00:00,11.08,0.28,0.29,0.285,0.01,5.0,99.51,99
2026-08-31T22:33:55.241357+00:00,btc-updown-15m-1788216300,15,4013911,25807092726869388818913921462596778313475620479829402367406181632494950675016,2026-08-31T22:45:00+00:00,2026-08-31T23:00:00+00:00,26.08,0.5,0.51,0.505,0.01,231.0,214.08,93
2026-08-31T22:34:56.147159+00:00,btc-updown-5m-1788215700,5,4013880,11704442739253707702166182435194579007935598823906845825298624717546207837314,2026-08-31T22:35:00+00:00,2026-08-31T22:40:00+00:00,5.07,0.67,0.69,0.68,0.02,155.08,25.0,98
2026-08-31T22:34:56.147159+00:00,btc-updown-15m-1788215400,15,4013830,56397330086700736966496944521739283135846422585118836964527975604214233532980,2026-08-31T22:30:00+00:00,2026-08-31T22:45:00+00:00,10.07,0.38,0.39,0.385,0.01,16.0,193.83,99
2026-08-31T22:34:56.147159+00:00,btc-updown-15m-1788216300,15,4013911,25807092726869388818913921462596778313475620479829402367406181632494950675016,2026-08-31T22:45:00+00:00,2026-08-31T23:00:00+00:00,25.07,0.5,0.51,0.505,0.01,231.0,214.08,95
2026-08-31T22:35:57.077732+00:00,btc-updown-5m-1788215700,5,4013880,11704442739253707702166182435194579007935598823906845825298624717546207837314,2026-08-31T22:35:00+00:00,2026-08-31T22:40:00+00:00,4.05,0.33,0.34,0.335,0.01,42.3,19.0,99
2026-08-31T22:35:57.077732+00:00,btc-updown-5m-1788216000,5,4013888,76691580674027809397806233863532325492408092932590802240384578928552377617530,2026-08-31T22:40:00+00:00,2026-08-31T22:45:00+00:00,9.05,0.53,0.54,0.535,0.01,773.45,113.87,99
2026-08-31T22:35:57.077732+00:00,btc-updown-15m-1788215400,15,4013830,56397330086700736966496944521739283135846422585118836964527975604214233532980,2026-08-31T22:30:00+00:00,2026-08-31T22:45:00+00:00,9.05,0.22,0.23,0.225,0.01,5.0,107.0,99
2026-08-31T22:35:57.077732+00:00,btc-updown-15m-1788216300,15,4013911,25807092726869388818913921462596778313475620479829402367406181632494950675016,2026-08-31T22:45:00+00:00,2026-08-31T23:00:00+00:00,24.05,0.5,0.51,0.505,0.01,259.0,214.08,95
2026-08-31T22:36:58.099943+00:00,btc-updown-5m-1788215700,5,4013880,11704442739253707702166182435194579007935598823906845825298624717546207837314,2026-08-31T22:35:00+00:00,2026-08-31T22:40:00+00:00,3.03,0.32,0.33,0.325,0.01,60.03,146.96,99
2026-08-31T22:36:58.099943+00:00,btc-updown-5m-1788216000,5,4013888,76691580674027809397806233863532325492408092932590802240384578928552377617530,2026-08-31T22:40:00+00:00,2026-08-31T22:45:00+00:00,8.03,0.53,0.54,0.535,0.01,773.45,108.77,99
2026-08-31T22:36:58.099943+00:00,btc-updown-15m-1788215400,15,4013830,56397330086700736966496944521739283135846422585118836964527975604214233532980,2026-08-31T22:30:00+00:00,2026-08-31T22:45:00+00:00,8.03,0.21,0.22,0.215,0.01,100.0,5.0,99
2026-08-31T22:36:58.099943+00:00,btc-updown-15m-1788216300,15,4013911,25807092726869388818913921462596778313475620479829402367406181632494950675016,2026-08-31T22:45:00+00:00,2026-08-31T23:00:00+00:00,23.03,0.5,0.51,0.505,0.01,259.0,10.0,93
2026-08-31T22:37:59.158211+00:00,btc-updown-5m-1788215700,5,4013880,11704442739253707702166182435194579007935598823906845825298624717546207837314,2026-08-31T22:35:00+00:00,2026-08-31T22:40:00+00:00,2.02,0.08,0.09,0.085,0.01,202.24,178.58,99
2026-08-31T22:37:59.158211+00:00,btc-updown-5m-1788216000,5,4013888,76691580674027809397806233863532325492408092932590802240384578928552377617530,2026-08-31T22:40:00+00:00,2026-08-31T22:45:00+00:00,7.02,0.54,0.56,0.55,0.02,20.0,30.91,98
2026-08-31T22:37:59.158211+00:00,btc-updown-15m-1788215400,15,4013830,56397330086700736966496944521739283135846422585118836964527975604214233532980,2026-08-31T22:30:00+00:00,2026-08-31T22:45:00+00:00,7.02,0.14,0.15,0.145,0.01,67.34,118.75,99
2026-08-31T22:37:59.158211+00:00,btc-updown-15m-1788216300,15,4013911,25807092726869388818913921462596778313475620479829402367406181632494950675016,2026-08-31T22:45:00+00:00,2026-08-31T23:00:00+00:00,22.02,0.5,0.51,0.505,0.01,259.0,10.0,93
2026-08-31T22:39:00.177540+00:00,btc-updown-5m-1788215700,5,4013880,11704442739253707702166182435194579007935598823906845825298624717546207837314,2026-08-31T22:35:00+00:00,2026-08-31T22:40:00+00:00,1.0,0.12,0.13,0.125,0.01,175.0,5.0,99
2026-08-31T22:39:00.177540+00:00,btc-updown-5m-1788216000,5,4013888,76691580674027809397806233863532325492408092932590802240384578928552377617530,2026-08-31T22:40:00+00:00,2026-08-31T22:45:00+00:00,6.0,0.53,0.54,0.535,0.01,586.95,3.94,99
2026-08-31T22:39:00.177540+00:00,btc-updown-15m-1788215400,15,4013830,56397330086700736966496944521739283135846422585118836964527975604214233532980,2026-08-31T22:30:00+00:00,2026-08-31T22:45:00+00:00,6.0,0.16,0.17,0.165,0.01,87.97,7.0,99
2026-08-31T22:39:00.177540+00:00,btc-updown-15m-1788216300,15,4013911,25807092726869388818913921462596778313475620479829402367406181632494950675016,2026-08-31T22:45:00+00:00,2026-08-31T23:00:00+00:00,21.0,0.54,0.55,0.545,0.01,228.07,254.22,95
2026-08-31T22:40:01.193699+00:00,btc-updown-5m-1788216000,5,4013888,76691580674027809397806233863532325492408092932590802240384578928552377617530,2026-08-31T22:40:00+00:00,2026-08-31T22:45:00+00:00,4.98,0.59,0.6,0.595,0.01,69.22,54.16,97
2026-08-31T22:40:01.193699+00:00,btc-updown-5m-1788216300,5,4013914,112450632401750519866026090508034506031126606946438687904971990346333426501053,2026-08-31T22:45:00+00:00,2026-08-31T22:50:00+00:00,9.98,0.51,0.52,0.515,0.01,65.35,148.0,99
2026-08-31T22:40:01.193699+00:00,btc-updown-15m-1788215400,15,4013830,56397330086700736966496944521739283135846422585118836964527975604214233532980,2026-08-31T22:30:00+00:00,2026-08-31T22:45:00+00:00,4.98,0.11,0.12,0.115,0.01,80.86,85.0,99
2026-08-31T22:40:01.193699+00:00,btc-updown-15m-1788216300,15,4013911,25807092726869388818913921462596778313475620479829402367406181632494950675016,2026-08-31T22:45:00+00:00,2026-08-31T23:00:00+00:00,19.98,0.54,0.55,0.545,0.01,423.26,216.02,95
2026-08-31T22:41:02.248330+00:00,btc-updown-5m-1788216000,5,4013888,76691580674027809397806233863532325492408092932590802240384578928552377617530,2026-08-31T22:40:00+00:00,2026-08-31T22:45:00+00:00,3.97,0.28,0.29,0.285,0.01,209.15,141.0,99
2026-08-31T22:41:02.248330+00:00,btc-updown-5m-1788216300,5,4013914,112450632401750519866026090508034506031126606946438687904971990346333426501053,2026-08-31T22:45:00+00:00,2026-08-31T22:50:00+00:00,8.97,0.51,0.52,0.515,0.01,107.35,129.8,99
2026-08-31T22:41:02.248330+00:00,btc-updown-15m-1788215400,15,4013830,56397330086700736966496944521739283135846422585118836964527975604214233532980,2026-08-31T22:30:00+00:00,2026-08-31T22:45:00+00:00,3.97,0.05,0.06,0.055,0.01,75.44,230.88,99
2026-08-31T22:41:02.248330+00:00,btc-updown-15m-1788216300,15,4013911,25807092726869388818913921462596778313475620479829402367406181632494950675016,2026-08-31T22:45:00+00:00,2026-08-31T23:00:00+00:00,18.97,0.54,0.55,0.545,0.01,423.26,157.59,95
2026-08-31T22:42:03.294935+00:00,btc-updown-5m-1788216000,5,4013888,76691580674027809397806233863532325492408092932590802240384578928552377617530,2026-08-31T22:40:00+00:00,2026-08-31T22:45:00+00:00,2.95,0.46,0.47,0.465,0.01,181.33,81.97,99
2026-08-31T22:42:03.294935+00:00,btc-updown-5m-1788216300,5,4013914,112450632401750519866026090508034506031126606946438687904971990346333426501053,2026-08-31T22:45:00+00:00,2026-08-31T22:50:00+00:00,7.95,0.51,0.52,0.515,0.01,47.0,130.94,99
2026-08-31T22:42:03.294935+00:00,btc-updown-15m-1788215400,15,4013830,56397330086700736966496944521739283135846422585118836964527975604214233532980,2026-08-31T22:30:00+00:00,2026-08-31T22:45:00+00:00,2.95,0.02,0.03,0.025,0.01,152.75,110.0,99
2026-08-31T22:42:03.294935+00:00,btc-updown-15m-1788216300,15,4013911,25807092726869388818913921462596778313475620479829402367406181632494950675016,2026-08-31T22:45:00+00:00,2026-08-31T23:00:00+00:00,17.95,0.54,0.55,0.545,0.01,423.26,234.1,95
2026-08-31T22:43:04.322089+00:00,btc-updown-5m-1788216000,5,4013888,76691580674027809397806233863532325492408092932590802240384578928552377617530,2026-08-31T22:40:00+00:00,2026-08-31T22:45:00+00:00,1.93,0.11,0.12,0.115,0.01,131.44,198.5,99
2026-08-31T22:43:04.322089+00:00,btc-updown-5m-1788216300,5,4013914,112450632401750519866026090508034506031126606946438687904971990346333426501053,2026-08-31T22:45:00+00:00,2026-08-31T22:50:00+00:00,6.93,0.52,0.54,0.53,0.02,24.16,20.3,98
2026-08-31T22:43:04.322089+00:00,btc-updown-15m-1788216300,15,4013911,25807092726869388818913921462596778313475620479829402367406181632494950675016,2026-08-31T22:45:00+00:00,2026-08-31T23:00:00+00:00,16.93,0.54,0.55,0.545,0.01,428.26,234.1,95
2026-08-31T22:44:05.257033+00:00,btc-updown-5m-1788216000,5,4013888,76691580674027809397806233863532325492408092932590802240384578928552377617530,2026-08-31T22:40:00+00:00,2026-08-31T22:45:00+00:00,0.92,0.12,0.13,0.125,0.01,3.93,28.0,98
2026-08-31T22:44:05.257033+00:00,btc-updown-5m-1788216300,5,4013914,112450632401750519866026090508034506031126606946438687904971990346333426501053,2026-08-31T22:45:00+00:00,2026-08-31T22:50:00+00:00,5.92,0.52,0.54,0.53,0.02,183.0,10.0,98
2026-08-31T22:44:05.257033+00:00,btc-updown-15m-1788216300,15,4013911,25807092726869388818913921462596778313475620479829402367406181632494950675016,2026-08-31T22:45:00+00:00,2026-08-31T23:00:00+00:00,15.92,0.55,0.56,0.555,0.01,425.52,250.22,86
2026-08-31T22:45:06.162608+00:00,btc-updown-5m-1788216300,5,4013914,112450632401750519866026090508034506031126606946438687904971990346333426501053,2026-08-31T22:45:00+00:00,2026-08-31T22:50:00+00:00,4.9,0.37,0.38,0.375,0.01,75.13,42.74,99
2026-08-31T22:45:06.162608+00:00,btc-updown-5m-1788216600,5,4013926,8581527590341952936397333895799258723160269878199341841620031318869241465652,2026-08-31T22:50:00+00:00,2026-08-31T22:55:00+00:00,9.9,0.5,0.51,0.505,0.01,757.2,204.71,99
2026-08-31T22:45:06.162608+00:00,btc-updown-15m-1788216300,15,4013911,25807092726869388818913921462596778313475620479829402367406181632494950675016,2026-08-31T22:45:00+00:00,2026-08-31T23:00:00+00:00,14.9,0.44,0.45,0.445,0.01,186.62,2.77,99
2026-08-31T22:45:06.162608+00:00,btc-updown-15m-1788217200,15,4014140,14250005343752295756966545356017357179849160272988085836241824462631953000861,2026-08-31T23:00:00+00:00,2026-08-31T23:15:00+00:00,29.9,0.5,0.51,0.505,0.01,778.14,264.08,94
2026-08-31T22:46:07.156304+00:00,btc-updown-5m-1788216300,5,4013914,112450632401750519866026090508034506031126606946438687904971990346333426501053,2026-08-31T22:45:00+00:00,2026-08-31T22:50:00+00:00,3.88,0.23,0.24,0.235,0.01,194.29,30.72,99
2026-08-31T22:46:07.156304+00:00,btc-updown-5m-1788216600,5,4013926,8581527590341952936397333895799258723160269878199341841620031318869241465652,2026-08-31T22:50:00+00:00,2026-08-31T22:55:00+00:00,8.88,0.5,0.51,0.505,0.01,907.2,155.91,99
2026-08-31T22:46:07.156304+00:00,btc-updown-15m-1788216300,15,4013911,25807092726869388818913921462596778313475620479829402367406181632494950675016,2026-08-31T22:45:00+00:00,2026-08-31T23:00:00+00:00,13.88,0.37,0.38,0.375,0.01,136.2,104.0,99
2026-08-31T22:46:07.156304+00:00,btc-updown-15m-1788217200,15,4014140,14250005343752295756966545356017357179849160272988085836241824462631953000861,2026-08-31T23:00:00+00:00,2026-08-31T23:15:00+00:00,28.88,0.5,0.51,0.505,0.01,634.14,100.88,94
2026-08-31T22:47:08.243655+00:00,btc-updown-5m-1788216300,5,4013914,112450632401750519866026090508034506031126606946438687904971990346333426501053,2026-08-31T22:45:00+00:00,2026-08-31T22:50:00+00:00,2.87,0.11,0.12,0.115,0.01,60.06,105.18,99
2026-08-31T22:47:08.243655+00:00,btc-updown-5m-1788216600,5,4013926,8581527590341952936397333895799258723160269878199341841620031318869241465652,2026-08-31T22:50:00+00:00,2026-08-31T22:55:00+00:00,7.87,0.52,0.55,0.535,0.03,35.0,45.37,97
2026-08-31T22:47:08.243655+00:00,btc-updown-15m-1788216300,15,4013911,25807092726869388818913921462596778313475620479829402367406181632494950675016,2026-08-31T22:45:00+00:00,2026-08-31T23:00:00+00:00,12.87,0.33,0.34,0.335,0.01,5179.0,60.0,99
2026-08-31T22:47:08.243655+00:00,btc-updown-15m-1788217200,15,4014140,14250005343752295756966545356017357179849160272988085836241824462631953000861,2026-08-31T23:00:00+00:00,2026-08-31T23:15:00+00:00,27.87,0.5,0.51,0.505,0.01,638.14,100.88,94
2026-08-31T22:48:09.233664+00:00,btc-updown-5m-1788216300,5,4013914,112450632401750519866026090508034506031126606946438687904971990346333426501053,2026-08-31T22:45:00+00:00,2026-08-31T22:50:00+00:00,1.85,0.03,0.04,0.035,0.01,368.96,369.73,99
2026-08-31T22:48:09.233664+00:00,btc-updown-5m-1788216600,5,4013926,8581527590341952936397333895799258723160269878199341841620031318869241465652,2026-08-31T22:50:00+00:00,2026-08-31T22:55:00+00:00,6.85,0.52,0.53,0.525,0.01,22.16,20.0,99
2026-08-31T22:48:09.233664+00:00,btc-updown-15m-1788216300,15,4013911,25807092726869388818913921462596778313475620479829402367406181632494950675016,2026-08-31T22:45:00+00:00,2026-08-31T23:00:00+00:00,11.85,0.31,0.32,0.315,0.01,156.81,124.59,99
2026-08-31T22:48:09.233664+00:00,btc-updown-15m-1788217200,15,4014140,14250005343752295756966545356017357179849160272988085836241824462631953000861,2026-08-31T23:00:00+00:00,2026-08-31T23:15:00+00:00,26.85,0.5,0.51,0.505,0.01,770.14,20.0,94
2026-08-31T22:49:10.257478+00:00,btc-updown-5m-1788216600,5,4013926,8581527590341952936397333895799258723160269878199341841620031318869241465652,2026-08-31T22:50:00+00:00,2026-08-31T22:55:00+00:00,5.83,0.51,0.52,0.515,0.01,20.0,168.0,99
2026-08-31T22:49:10.257478+00:00,btc-updown-15m-1788216300,15,4013911,25807092726869388818913921462596778313475620479829402367406181632494950675016,2026-08-31T22:45:00+00:00,2026-08-31T23:00:00+00:00,10.83,0.23,0.24,0.235,0.01,93.5,55.0,99
2026-08-31T22:49:10.257478+00:00,btc-updown-15m-1788217200,15,4014140,14250005343752295756966545356017357179849160272988085836241824462631953000861,2026-08-31T23:00:00+00:00,2026-08-31T23:15:00+00:00,25.83,0.5,0.51,0.505,0.01,910.14,10.19,94
2026-08-31T22:50:11.147985+00:00,btc-updown-5m-1788216600,5,4013926,8581527590341952936397333895799258723160269878199341841620031318869241465652,2026-08-31T22:50:00+00:00,2026-08-31T22:55:00+00:00,4.82,0.64,0.65,0.645,0.01,280.24,34.68,99
2026-08-31T22:50:11.147985+00:00,btc-updown-5m-1788216900,5,4014049,16898283178624292453281569091005542124959020931114538485557751916949149116277,2026-08-31T22:55:00+00:00,2026-08-31T23:00:00+00:00,9.82,0.51,0.52,0.515,0.01,93.73,71.0,99
2026-08-31T22:50:11.147985+00:00,btc-updown-15m-1788216300,15,4013911,25807092726869388818913921462596778313475620479829402367406181632494950675016,2026-08-31T22:45:00+00:00,2026-08-31T23:00:00+00:00,9.82,0.22,0.23,0.225,0.01,78.72,19.0,99
2026-08-31T22:50:11.147985+00:00,btc-updown-15m-1788217200,15,4014140,14250005343752295756966545356017357179849160272988085836241824462631953000861,2026-08-31T23:00:00+00:00,2026-08-31T23:15:00+00:00,24.82,0.5,0.51,0.505,0.01,386.14,10.19,97
2026-08-31T22:51:12.206810+00:00,btc-updown-5m-1788216600,5,4013926,8581527590341952936397333895799258723160269878199341841620031318869241465652,2026-08-31T22:50:00+00:00,2026-08-31T22:55:00+00:00,3.8,0.41,0.43,0.42,0.02,355.0,7.5,98
2026-08-31T22:51:12.206810+00:00,btc-updown-5m-1788216900,5,4014049,16898283178624292453281569091005542124959020931114538485557751916949149116277,2026-08-31T22:55:00+00:00,2026-08-31T23:00:00+00:00,8.8,0.51,0.52,0.515,0.01,43.0,57.39,99
2026-08-31T22:51:12.206810+00:00,btc-updown-15m-1788216300,15,4013911,25807092726869388818913921462596778313475620479829402367406181632494950675016,2026-08-31T22:45:00+00:00,2026-08-31T23:00:00+00:00,8.8,0.13,0.14,0.135,0.01,100.0,90.6,99
2026-08-31T22:51:12.206810+00:00,btc-updown-15m-1788217200,15,4014140,14250005343752295756966545356017357179849160272988085836241824462631953000861,2026-08-31T23:00:00+00:00,2026-08-31T23:15:00+00:00,23.8,0.5,0.51,0.505,0.01,536.14,6.07,97
2026-08-31T22:52:13.260449+00:00,btc-updown-5m-1788216600,5,4013926,8581527590341952936397333895799258723160269878199341841620031318869241465652,2026-08-31T22:50:00+00:00,2026-08-31T22:55:00+00:00,2.78,0.39,0.4,0.395,0.01,203.97,141.5,99
2026-08-31T22:52:13.260449+00:00,btc-updown-5m-1788216900,5,4014049,16898283178624292453281569091005542124959020931114538485557751916949149116277,2026-08-31T22:55:00+00:00,2026-08-31T23:00:00+00:00,7.78,0.51,0.53,0.52,0.02,48.0,200.59,98
2026-08-31T22:52:13.260449+00:00,btc-updown-15m-1788216300,15,4013911,25807092726869388818913921462596778313475620479829402367406181632494950675016,2026-08-31T22:45:00+00:00,2026-08-31T23:00:00+00:00,7.78,0.09,0.1,0.095,0.01,55.02,165.22,99
2026-08-31T22:52:13.260449+00:00,btc-updown-15m-1788217200,15,4014140,14250005343752295756966545356017357179849160272988085836241824462631953000861,2026-08-31T23:00:00+00:00,2026-08-31T23:15:00+00:00,22.78,0.51,0.52,0.515,0.01,335.08,83.93,97
2026-08-31T22:53:14.291054+00:00,btc-updown-5m-1788216600,5,4013926,8581527590341952936397333895799258723160269878199341841620031318869241465652,2026-08-31T22:50:00+00:00,2026-08-31T22:55:00+00:00,1.77,0.89,0.9,0.895,0.01,79.8,200.53,99
2026-08-31T22:53:14.291054+00:00,btc-updown-5m-1788216900,5,4014049,16898283178624292453281569091005542124959020931114538485557751916949149116277,2026-08-31T22:55:00+00:00,2026-08-31T23:00:00+00:00,6.77,0.53,0.54,0.535,0.01,20.0,189.3,99
2026-08-31T22:53:14.291054+00:00,btc-updown-15m-1788216300,15,4013911,25807092726869388818913921462596778313475620479829402367406181632494950675016,2026-08-31T22:45:00+00:00,2026-08-31T23:00:00+00:00,6.77,0.18,0.19,0.185,0.01,27.6,82.0,99
2026-08-31T22:53:14.291054+00:00,btc-updown-15m-1788217200,15,4014140,14250005343752295756966545356017357179849160272988085836241824462631953000861,2026-08-31T23:00:00+00:00,2026-08-31T23:15:00+00:00,21.77,0.51,0.52,0.515,0.01,270.08,22.89,97
2026-08-31T22:54:15.328436+00:00,btc-updown-5m-1788216600,5,4013926,8581527590341952936397333895799258723160269878199341841620031318869241465652,2026-08-31T22:50:00+00:00,2026-08-31T22:55:00+00:00,0.75,0.98,0.99,0.985,0.01,324.07,3484.02,99
2026-08-31T22:54:15.328436+00:00,btc-updown-5m-1788216900,5,4014049,16898283178624292453281569091005542124959020931114538485557751916949149116277,2026-08-31T22:55:00+00:00,2026-08-31T23:00:00+00:00,5.75,0.52,0.53,0.525,0.01,17.83,40.06,99
2026-08-31T22:54:15.328436+00:00,btc-updown-15m-1788216300,15,4013911,25807092726869388818913921462596778313475620479829402367406181632494950675016,2026-08-31T22:45:00+00:00,2026-08-31T23:00:00+00:00,5.75,0.11,0.12,0.115,0.01,6.53,160.19,99
2026-08-31T22:54:15.328436+00:00,btc-updown-15m-1788217200,15,4014140,14250005343752295756966545356017357179849160272988085836241824462631953000861,2026-08-31T23:00:00+00:00,2026-08-31T23:15:00+00:00,20.75,0.51,0.52,0.515,0.01,322.08,22.89,97
2026-08-31T22:55:16.346406+00:00,btc-updown-5m-1788216900,5,4014049,16898283178624292453281569091005542124959020931114538485557751916949149116277,2026-08-31T22:55:00+00:00,2026-08-31T23:00:00+00:00,4.73,0.46,0.47,0.465,0.01,3.0,290.05,99
2026-08-31T22:55:16.346406+00:00,btc-updown-5m-1788217200,5,4014148,32360121678081820252522470478788683583541680692820412570968956740922868256496,2026-08-31T23:00:00+00:00,2026-08-31T23:05:00+00:00,9.73,0.5,0.51,0.505,0.01,861.63,310.62,99
2026-08-31T22:55:16.346406+00:00,btc-updown-15m-1788216300,15,4013911,25807092726869388818913921462596778313475620479829402367406181632494950675016,2026-08-31T22:45:00+00:00,2026-08-31T23:00:00+00:00,4.73,0.07,0.08,0.075,0.01,121.67,100.0,99
2026-08-31T22:55:16.346406+00:00,btc-updown-15m-1788217200,15,4014140,14250005343752295756966545356017357179849160272988085836241824462631953000861,2026-08-31T23:00:00+00:00,2026-08-31T23:15:00+00:00,19.73,0.51,0.53,0.52,0.02,270.08,210.66,96
2026-08-31T22:56:17.392701+00:00,btc-updown-5m-1788216900,5,4014049,16898283178624292453281569091005542124959020931114538485557751916949149116277,2026-08-31T22:55:00+00:00,2026-08-31T23:00:00+00:00,3.72,0.28,0.29,0.285,0.01,204.46,357.99,99
2026-08-31T22:56:17.392701+00:00,btc-updown-5m-1788217200,5,4014148,32360121678081820252522470478788683583541680692820412570968956740922868256496,2026-08-31T23:00:00+00:00,2026-08-31T23:05:00+00:00,8.72,0.5,0.51,0.505,0.01,872.63,234.73,99
2026-08-31T22:56:17.392701+00:00,btc-updown-15m-1788216300,15,4013911,25807092726869388818913921462596778313475620479829402367406181632494950675016,2026-08-31T22:45:00+00:00,2026-08-31T23:00:00+00:00,3.72,0.03,0.04,0.035,0.01,204.86,162.7,99
2026-08-31T22:56:17.392701+00:00,btc-updown-15m-1788217200,15,4014140,14250005343752295756966545356017357179849160272988085836241824462631953000861,2026-08-31T23:00:00+00:00,2026-08-31T23:15:00+00:00,18.72,0.52,0.53,0.525,0.01,204.31,8.0,97
2026-08-31T22:57:18.417258+00:00,btc-updown-5m-1788216900,5,4014049,16898283178624292453281569091005542124959020931114538485557751916949149116277,2026-08-31T22:55:00+00:00,2026-08-31T23:00:00+00:00,2.7,0.12,0.13,0.125,0.01,60.66,128.07,99
2026-08-31T22:57:18.417258+00:00,btc-updown-5m-1788217200,5,4014148,32360121678081820252522470478788683583541680692820412570968956740922868256496,2026-08-31T23:00:00+00:00,2026-08-31T23:05:00+00:00,7.7,0.5,0.51,0.505,0.01,847.63,214.76,99
2026-08-31T22:57:18.417258+00:00,btc-updown-15m-1788217200,15,4014140,14250005343752295756966545356017357179849160272988085836241824462631953000861,2026-08-31T23:00:00+00:00,2026-08-31T23:15:00+00:00,17.7,0.52,0.53,0.525,0.01,272.82,0.73,97
2026-08-31T22:58:19.333511+00:00,btc-updown-5m-1788216900,5,4014049,16898283178624292453281569091005542124959020931114538485557751916949149116277,2026-08-31T22:55:00+00:00,2026-08-31T23:00:00+00:00,1.68,0.11,0.12,0.115,0.01,45.49,222.01,99
2026-08-31T22:58:19.333511+00:00,btc-updown-5m-1788217200,5,4014148,32360121678081820252522470478788683583541680692820412570968956740922868256496,2026-08-31T23:00:00+00:00,2026-08-31T23:05:00+00:00,6.68,0.5,0.51,0.505,0.01,211.14,11.07,99
2026-08-31T22:58:19.333511+00:00,btc-updown-15m-1788216300,15,4013911,25807092726869388818913921462596778313475620479829402367406181632494950675016,2026-08-31T22:45:00+00:00,2026-08-31T23:00:00+00:00,1.68,0.06,0.08,0.07,0.02,3.0,74.0,105
2026-08-31T22:58:19.333511+00:00,btc-updown-15m-1788217200,15,4014140,14250005343752295756966545356017357179849160272988085836241824462631953000861,2026-08-31T23:00:00+00:00,2026-08-31T23:15:00+00:00,16.68,0.55,0.56,0.555,0.01,339.46,242.27,97
2026-08-31T22:59:20.345566+00:00,btc-updown-5m-1788217200,5,4014148,32360121678081820252522470478788683583541680692820412570968956740922868256496,2026-08-31T23:00:00+00:00,2026-08-31T23:05:00+00:00,5.67,0.52,0.53,0.525,0.01,15.0,15.0,99
2026-08-31T22:59:20.345566+00:00,btc-updown-15m-1788217200,15,4014140,14250005343752295756966545356017357179849160272988085836241824462631953000861,2026-08-31T23:00:00+00:00,2026-08-31T23:15:00+00:00,15.67,0.55,0.56,0.555,0.01,394.0,222.13,87
2026-08-31T23:00:21.125533+00:00,btc-updown-5m-1788217200,5,4014148,32360121678081820252522470478788683583541680692820412570968956740922868256496,2026-08-31T23:00:00+00:00,2026-08-31T23:05:00+00:00,4.65,0.23,0.24,0.235,0.01,24.7,258.02,99
2026-08-31T23:00:21.125533+00:00,btc-updown-5m-1788217500,5,4014172,87436829995175963917621969563818717897776738707525259390491364919486034809745,2026-08-31T23:05:00+00:00,2026-08-31T23:10:00+00:00,9.65,0.51,0.52,0.515,0.01,120.71,49.71,99
2026-08-31T23:00:21.125533+00:00,btc-updown-15m-1788217200,15,4014140,14250005343752295756966545356017357179849160272988085836241824462631953000861,2026-08-31T23:00:00+00:00,2026-08-31T23:15:00+00:00,14.65,0.44,0.45,0.445,0.01,37.83,34.0,99
2026-08-31T23:00:21.125533+00:00,btc-updown-15m-1788218100,15,4014194,113954256133966355331687995885407852439357792989171957177655602754307175609538,2026-08-31T23:15:00+00:00,2026-08-31T23:30:00+00:00,29.65,0.5,0.51,0.505,0.01,822.84,118.12,92
2026-08-31T23:01:22.173903+00:00,btc-updown-5m-1788217200,5,4014148,32360121678081820252522470478788683583541680692820412570968956740922868256496,2026-08-31T23:00:00+00:00,2026-08-31T23:05:00+00:00,3.63,0.24,0.25,0.245,0.01,18.0,278.66,99
2026-08-31T23:01:22.173903+00:00,btc-updown-5m-1788217500,5,4014172,87436829995175963917621969563818717897776738707525259390491364919486034809745,2026-08-31T23:05:00+00:00,2026-08-31T23:10:00+00:00,8.63,0.52,0.53,0.525,0.01,244.77,214.36,99
2026-08-31T23:01:22.173903+00:00,btc-updown-15m-1788217200,15,4014140,14250005343752295756966545356017357179849160272988085836241824462631953000861,2026-08-31T23:00:00+00:00,2026-08-31T23:15:00+00:00,13.63,0.43,0.44,0.435,0.01,455.0,12.0,99
2026-08-31T23:01:22.173903+00:00,btc-updown-15m-1788218100,15,4014194,113954256133966355331687995885407852439357792989171957177655602754307175609538,2026-08-31T23:15:00+00:00,2026-08-31T23:30:00+00:00,28.63,0.5,0.51,0.505,0.01,418.84,110.94,91
2026-08-31T23:02:23.293522+00:00,btc-updown-5m-1788217500,5,4014172,87436829995175963917621969563818717897776738707525259390491364919486034809745,2026-08-31T23:05:00+00:00,2026-08-31T23:10:00+00:00,7.62,0.52,0.54,0.53,0.02,25.0,118.14,98
2026-08-31T23:02:23.293522+00:00,btc-updown-15m-1788217200,15,4014140,14250005343752295756966545356017357179849160272988085836241824462631953000861,2026-08-31T23:00:00+00:00,2026-08-31T23:15:00+00:00,12.62,0.2,0.21,0.205,0.01,56.0,35.47,99
2026-08-31T23:02:23.293522+00:00,btc-updown-15m-1788218100,15,4014194,113954256133966355331687995885407852439357792989171957177655602754307175609538,2026-08-31T23:15:00+00:00,2026-08-31T23:30:00+00:00,27.62,0.5,0.51,0.505,0.01,422.84,110.94,91
2026-08-31T23:03:24.208208+00:00,btc-updown-5m-1788217500,5,4014172,87436829995175963917621969563818717897776738707525259390491364919486034809745,2026-08-31T23:05:00+00:00,2026-08-31T23:10:00+00:00,6.6,0.52,0.55,0.535,0.03,113.54,87.07,97
2026-08-31T23:03:24.208208+00:00,btc-updown-15m-1788217200,15,4014140,14250005343752295756966545356017357179849160272988085836241824462631953000861,2026-08-31T23:00:00+00:00,2026-08-31T23:15:00+00:00,11.6,0.13,0.14,0.135,0.01,3055.4,57.61,99
2026-08-31T23:03:24.208208+00:00,btc-updown-15m-1788218100,15,4014194,113954256133966355331687995885407852439357792989171957177655602754307175609538,2026-08-31T23:15:00+00:00,2026-08-31T23:30:00+00:00,26.6,0.5,0.51,0.505,0.01,422.84,110.94,91
2026-08-31T23:04:25.075690+00:00,btc-updown-5m-1788217500,5,4014172,87436829995175963917621969563818717897776738707525259390491364919486034809745,2026-08-31T23:05:00+00:00,2026-08-31T23:10:00+00:00,5.58,0.55,0.56,0.555,0.01,1412.71,50.62,97
2026-08-31T23:04:25.075690+00:00,btc-updown-15m-1788217200,15,4014140,14250005343752295756966545356017357179849160272988085836241824462631953000861,2026-08-31T23:00:00+00:00,2026-08-31T23:15:00+00:00,10.58,0.12,0.13,0.125,0.01,5021.94,21.0,99
2026-08-31T23:04:25.075690+00:00,btc-updown-15m-1788218100,15,4014194,113954256133966355331687995885407852439357792989171957177655602754307175609538,2026-08-31T23:15:00+00:00,2026-08-31T23:30:00+00:00,25.58,0.5,0.51,0.505,0.01,442.84,103.66,97
2026-08-31T23:05:25.949571+00:00,btc-updown-5m-1788217500,5,4014172,87436829995175963917621969563818717897776738707525259390491364919486034809745,2026-08-31T23:05:00+00:00,2026-08-31T23:10:00+00:00,4.58,0.87,0.88,0.875,0.01,396.38,101.49,99
2026-08-31T23:05:25.949571+00:00,btc-updown-5m-1788217800,5,4014181,51290375226133875397950445788023728934019533012942650252143467260028548734102,2026-08-31T23:10:00+00:00,2026-08-31T23:15:00+00:00,9.58,0.51,0.52,0.515,0.01,243.7,48.1,99
2026-08-31T23:05:25.949571+00:00,btc-updown-15m-1788217200,15,4014140,14250005343752295756966545356017357179849160272988085836241824462631953000861,2026-08-31T23:00:00+00:00,2026-08-31T23:15:00+00:00,9.58,0.19,0.2,0.195,0.01,120.0,50.0,99
2026-08-31T23:05:25.949571+00:00,btc-updown-15m-1788218100,15,4014194,113954256133966355331687995885407852439357792989171957177655602754307175609538,2026-08-31T23:15:00+00:00,2026-08-31T23:30:00+00:00,24.58,0.5,0.51,0.505,0.01,610.84,103.66,97
2026-08-31T23:06:27.441485+00:00,btc-updown-5m-1788217500,5,4014172,87436829995175963917621969563818717897776738707525259390491364919486034809745,2026-08-31T23:05:00+00:00,2026-08-31T23:10:00+00:00,3.55,0.87,0.88,0.875,0.01,68.0,139.63,99
2026-08-31T23:06:27.441485+00:00,btc-updown-5m-1788217800,5,4014181,51290375226133875397950445788023728934019533012942650252143467260028548734102,2026-08-31T23:10:00+00:00,2026-08-31T23:15:00+00:00,8.55,0.51,0.52,0.515,0.01,58.0,34.35,99
2026-08-31T23:06:27.441485+00:00,btc-updown-15m-1788217200,15,4014140,14250005343752295756966545356017357179849160272988085836241824462631953000861,2026-08-31T23:00:00+00:00,2026-08-31T23:15:00+00:00,8.55,0.15,0.16,0.155,0.01,70.0,105.0,99
2026-08-31T23:06:27.441485+00:00,btc-updown-15m-1788218100,15,4014194,113954256133966355331687995885407852439357792989171957177655602754307175609538,2026-08-31T23:15:00+00:00,2026-08-31T23:30:00+00:00,23.55,0.5,0.51,0.505,0.01,610.84,47.94,97
2026-08-31T23:07:28.464721+00:00,btc-updown-5m-1788217500,5,4014172,87436829995175963917621969563818717897776738707525259390491364919486034809745,2026-08-31T23:05:00+00:00,2026-08-31T23:10:00+00:00,2.53,0.94,0.95,0.945,0.01,265.17,470.72,99
2026-08-31T23:07:28.464721+00:00,btc-updown-5m-1788217800,5,4014181,51290375226133875397950445788023728934019533012942650252143467260028548734102,2026-08-31T23:10:00+00:00,2026-08-31T23:15:00+00:00,7.53,0.52,0.55,0.535,0.03,48.0,154.93,97
2026-08-31T23:07:28.464721+00:00,btc-updown-15m-1788217200,15,4014140,14250005343752295756966545356017357179849160272988085836241824462631953000861,2026-08-31T23:00:00+00:00,2026-08-31T23:15:00+00:00,7.53,0.12,0.14,0.13,0.02,7622.69,100.0,98
2026-08-31T23:07:28.464721+00:00,btc-updown-15m-1788218100,15,4014194,113954256133966355331687995885407852439357792989171957177655602754307175609538,2026-08-31T23:15:00+00:00,2026-08-31T23:30:00+00:00,22.53,0.5,0.51,0.505,0.01,760.84,47.94,97
2026-08-31T23:08:29.497246+00:00,btc-updown-5m-1788217500,5,4014172,87436829995175963917621969563818717897776738707525259390491364919486034809745,2026-08-31T23:05:00+00:00,2026-08-31T23:10:00+00:00,1.52,0.97,0.98,0.975,0.01,626.46,714.05,99
2026-08-31T23:08:29.497246+00:00,btc-updown-5m-1788217800,5,4014181,51290375226133875397950445788023728934019533012942650252143467260028548734102,2026-08-31T23:10:00+00:00,2026-08-31T23:15:00+00:00,6.52,0.55,0.57,0.56,0.02,20.0,22.59,97
2026-08-31T23:08:29.497246+00:00,btc-updown-15m-1788217200,15,4014140,14250005343752295756966545356017357179849160272988085836241824462631953000861,2026-08-31T23:00:00+00:00,2026-08-31T23:15:00+00:00,6.52,0.11,0.12,0.115,0.01,90.0,95.0,99
2026-08-31T23:08:29.497246+00:00,btc-updown-15m-1788218100,15,4014194,113954256133966355331687995885407852439357792989171957177655602754307175609538,2026-08-31T23:15:00+00:00,2026-08-31T23:30:00+00:00,21.52,0.51,0.52,0.515,0.01,386.08,192.04,97
2026-08-31T23:09:30.500302+00:00,btc-updown-5m-1788217800,5,4014181,51290375226133875397950445788023728934019533012942650252143467260028548734102,2026-08-31T23:10:00+00:00,2026-08-31T23:15:00+00:00,5.5,0.55,0.59,0.57,0.04,198.37,41.8,96
2026-08-31T23:09:30.500302+00:00,btc-updown-15m-1788217200,15,4014140,14250005343752295756966545356017357179849160272988085836241824462631953000861,2026-08-31T23:00:00+00:00,2026-08-31T23:15:00+00:00,5.5,0.11,0.12,0.115,0.01,206.6,4752.33,99
2026-08-31T23:09:30.500302+00:00,btc-updown-15m-1788218100,15,4014194,113954256133966355331687995885407852439357792989171957177655602754307175609538,2026-08-31T23:15:00+00:00,2026-08-31T23:30:00+00:00,20.5,0.51,0.52,0.515,0.01,313.08,192.04,97
2026-08-31T23:10:31.398694+00:00,btc-updown-5m-1788217800,5,4014181,51290375226133875397950445788023728934019533012942650252143467260028548734102,2026-08-31T23:10:00+00:00,2026-08-31T23:15:00+00:00,4.48,0.46,0.47,0.465,0.01,40.0,326.56,99
2026-08-31T23:10:31.398694+00:00,btc-updown-5m-1788218100,5,4014201,105132867183090540518467704294663067468403252110080762266349229605602170141248,2026-08-31T23:15:00+00:00,2026-08-31T23:20:00+00:00,9.48,0.5,0.51,0.505,0.01,856.76,219.7,99
2026-08-31T23:10:31.398694+00:00,btc-updown-15m-1788217200,15,4014140,14250005343752295756966545356017357179849160272988085836241824462631953000861,2026-08-31T23:00:00+00:00,2026-08-31T23:15:00+00:00,4.48,0.04,0.05,0.045,0.01,295.22,137.0,99
2026-08-31T23:10:31.398694+00:00,btc-updown-15m-1788218100,15,4014194,113954256133966355331687995885407852439357792989171957177655602754307175609538,2026-08-31T23:15:00+00:00,2026-08-31T23:30:00+00:00,19.48,0.51,0.52,0.515,0.01,255.08,18.08,97
2026-08-31T23:11:32.413995+00:00,btc-updown-5m-1788217800,5,4014181,51290375226133875397950445788023728934019533012942650252143467260028548734102,2026-08-31T23:10:00+00:00,2026-08-31T23:15:00+00:00,3.47,0.34,0.35,0.345,0.01,155.33,82.0,99
2026-08-31T23:11:32.413995+00:00,btc-updown-5m-1788218100,5,4014201,105132867183090540518467704294663067468403252110080762266349229605602170141248,2026-08-31T23:15:00+00:00,2026-08-31T23:20:00+00:00,8.47,0.5,0.51,0.505,0.01,867.76,194.19,99
2026-08-31T23:11:32.413995+00:00,btc-updown-15m-1788217200,15,4014140,14250005343752295756966545356017357179849160272988085836241824462631953000861,2026-08-31T23:00:00+00:00,2026-08-31T23:15:00+00:00,3.47,0.01,0.02,0.015,0.01,70.45,255.44,99
2026-08-31T23:11:32.413995+00:00,btc-updown-15m-1788218100,15,4014194,113954256133966355331687995885407852439357792989171957177655602754307175609538,2026-08-31T23:15:00+00:00,2026-08-31T23:30:00+00:00,18.47,0.51,0.52,0.515,0.01,255.08,18.08,97
2026-08-31T23:12:33.450003+00:00,btc-updown-5m-1788217800,5,4014181,51290375226133875397950445788023728934019533012942650252143467260028548734102,2026-08-31T23:10:00+00:00,2026-08-31T23:15:00+00:00,2.45,0.14,0.15,0.145,0.01,42.0,223.15,99
2026-08-31T23:12:33.450003+00:00,btc-updown-5m-1788218100,5,4014201,105132867183090540518467704294663067468403252110080762266349229605602170141248,2026-08-31T23:15:00+00:00,2026-08-31T23:20:00+00:00,7.45,0.51,0.53,0.52,0.02,55.82,219.55,98
2026-08-31T23:12:33.450003+00:00,btc-updown-15m-1788218100,15,4014194,113954256133966355331687995885407852439357792989171957177655602754307175609538,2026-08-31T23:15:00+00:00,2026-08-31T23:30:00+00:00,17.45,0.51,0.52,0.515,0.01,266.26,18.08,97
2026-08-31T23:13:34.375207+00:00,btc-updown-5m-1788217800,5,4014181,51290375226133875397950445788023728934019533012942650252143467260028548734102,2026-08-31T23:10:00+00:00,2026-08-31T23:15:00+00:00,1.43,0.11,0.12,0.115,0.01,87.92,29.97,99
2026-08-31T23:13:34.375207+00:00,btc-updown-5m-1788218100,5,4014201,105132867183090540518467704294663067468403252110080762266349229605602170141248,2026-08-31T23:15:00+00:00,2026-08-31T23:20:00+00:00,6.43,0.51,0.53,0.52,0.02,55.82,152.64,98
2026-08-31T23:13:34.375207+00:00,btc-updown-15m-1788218100,15,4014194,113954256133966355331687995885407852439357792989171957177655602754307175609538,2026-08-31T23:15:00+00:00,2026-08-31T23:30:00+00:00,16.43,0.51,0.52,0.515,0.01,266.26,18.08,97
2026-08-31T23:14:35.280157+00:00,btc-updown-5m-1788217800,5,4014181,51290375226133875397950445788023728934019533012942650252143467260028548734102,2026-08-31T23:10:00+00:00,2026-08-31T23:15:00+00:00,0.42,0.11,0.12,0.115,0.01,87.92,29.97,99
2026-08-31T23:14:35.280157+00:00,btc-updown-5m-1788218100,5,4014201,105132867183090540518467704294663067468403252110080762266349229605602170141248,2026-08-31T23:15:00+00:00,2026-08-31T23:20:00+00:00,5.42,0.51,0.53,0.52,0.02,55.82,60.0,93
2026-08-31T23:14:35.280157+00:00,btc-updown-15m-1788218100,15,4014194,113954256133966355331687995885407852439357792989171957177655602754307175609538,2026-08-31T23:15:00+00:00,2026-08-31T23:30:00+00:00,15.42,0.51,0.52,0.515,0.01,266.26,18.08,87
2026-08-31T23:15:36.178236+00:00,btc-updown-5m-1788218100,5,4014201,105132867183090540518467704294663067468403252110080762266349229605602170141248,2026-08-31T23:15:00+00:00,2026-08-31T23:20:00+00:00,4.4,0.51,0.53,0.52,0.02,14.82,30.0,84
2026-08-31T23:15:36.178236+00:00,btc-updown-5m-1788218400,5,4014214,8170715220406589664559780599453063325827514681155698816789564554316085202970,2026-08-31T23:20:00+00:00,2026-08-31T23:25:00+00:00,9.4,0.5,0.51,0.505,0.01,106.6,332.33,87
2026-08-31T23:15:36.178236+00:00,btc-updown-15m-1788218100,15,4014194,113954256133966355331687995885407852439357792989171957177655602754307175609538,2026-08-31T23:15:00+00:00,2026-08-31T23:30:00+00:00,14.4,0.51,0.52,0.515,0.01,203.08,18.08,68
2026-08-31T23:15:36.178236+00:00,btc-updown-15m-1788219000,15,4014238,93547179043094822795049778723265993456658253787137895301486588693722723698529,2026-08-31T23:30:00+00:00,2026-08-31T23:45:00+00:00,29.4,0.5,0.51,0.505,0.01,670.0,214.08,95
2026-08-31T23:16:37.216614+00:00,btc-updown-5m-1788218100,5,4014201,105132867183090540518467704294663067468403252110080762266349229605602170141248,2026-08-31T23:15:00+00:00,2026-08-31T23:20:00+00:00,3.38,0.51,0.53,0.52,0.02,14.82,30.0,84
2026-08-31T23:16:37.216614+00:00,btc-updown-5m-1788218400,5,4014214,8170715220406589664559780599453063325827514681155698816789564554316085202970,2026-08-31T23:20:00+00:00,2026-08-31T23:25:00+00:00,8.38,0.5,0.51,0.505,0.01,106.6,332.33,87
2026-08-31T23:16:37.216614+00:00,btc-updown-15m-1788218100,15,4014194,113954256133966355331687995885407852439357792989171957177655602754307175609538,2026-08-31T23:15:00+00:00,2026-08-31T23:30:00+00:00,13.38,0.51,0.52,0.515,0.01,203.08,18.08,42
2026-08-31T23:16:37.216614+00:00,btc-updown-15m-1788219000,15,4014238,93547179043094822795049778723265993456658253787137895301486588693722723698529,2026-08-31T23:30:00+00:00,2026-08-31T23:45:00+00:00,28.38,0.5,0.51,0.505,0.01,670.0,214.08,95
2026-08-31T23:17:38.270290+00:00,btc-updown-5m-1788218100,5,4014201,105132867183090540518467704294663067468403252110080762266349229605602170141248,2026-08-31T23:15:00+00:00,2026-08-31T23:20:00+00:00,2.37,0.51,0.53,0.52,0.02,14.82,30.0,70
2026-08-31T23:17:38.270290+00:00,btc-updown-5m-1788218400,5,4014214,8170715220406589664559780599453063325827514681155698816789564554316085202970,2026-08-31T23:20:00+00:00,2026-08-31T23:25:00+00:00,7.37,0.5,0.51,0.505,0.01,106.6,332.33,85
2026-08-31T23:17:38.270290+00:00,btc-updown-15m-1788218100,15,4014194,113954256133966355331687995885407852439357792989171957177655602754307175609538,2026-08-31T23:15:00+00:00,2026-08-31T23:30:00+00:00,12.37,0.51,0.52,0.515,0.01,7.0,18.08,36
2026-08-31T23:17:38.270290+00:00,btc-updown-15m-1788219000,15,4014238,93547179043094822795049778723265993456658253787137895301486588693722723698529,2026-08-31T23:30:00+00:00,2026-08-31T23:45:00+00:00,27.37,0.5,0.51,0.505,0.01,670.0,214.08,95
2026-08-31T23:18:39.273251+00:00,btc-updown-5m-1788218100,5,4014201,105132867183090540518467704294663067468403252110080762266349229605602170141248,2026-08-31T23:15:00+00:00,2026-08-31T23:20:00+00:00,1.35,0.51,0.53,0.52,0.02,14.82,30.0,70
2026-08-31T23:18:39.273251+00:00,btc-updown-5m-1788218400,5,4014214,8170715220406589664559780599453063325827514681155698816789564554316085202970,2026-08-31T23:20:00+00:00,2026-08-31T23:25:00+00:00,6.35,0.5,0.51,0.505,0.01,106.6,332.33,85
2026-08-31T23:18:39.273251+00:00,btc-updown-15m-1788218100,15,4014194,113954256133966355331687995885407852439357792989171957177655602754307175609538,2026-08-31T23:15:00+00:00,2026-08-31T23:30:00+00:00,11.35,0.51,0.52,0.515,0.01,7.0,18.08,24
2026-08-31T23:18:39.273251+00:00,btc-updown-15m-1788219000,15,4014238,93547179043094822795049778723265993456658253787137895301486588693722723698529,2026-08-31T23:30:00+00:00,2026-08-31T23:45:00+00:00,26.35,0.5,0.51,0.505,0.01,670.0,214.08,95
2026-08-31T23:19:40.272593+00:00,btc-updown-5m-1788218100,5,4014201,105132867183090540518467704294663067468403252110080762266349229605602170141248,2026-08-31T23:15:00+00:00,2026-08-31T23:20:00+00:00,0.33,0.51,0.53,0.52,0.02,9.82,30.0,70
2026-08-31T23:19:40.272593+00:00,btc-updown-5m-1788218400,5,4014214,8170715220406589664559780599453063325827514681155698816789564554316085202970,2026-08-31T23:20:00+00:00,2026-08-31T23:25:00+00:00,5.33,0.5,0.51,0.505,0.01,95.6,316.33,77
2026-08-31T23:19:40.272593+00:00,btc-updown-15m-1788218100,15,4014194,113954256133966355331687995885407852439357792989171957177655602754307175609538,2026-08-31T23:15:00+00:00,2026-08-31T23:30:00+00:00,10.33,0.51,0.52,0.515,0.01,7.0,18.08,24
2026-08-31T23:19:40.272593+00:00,btc-updown-15m-1788219000,15,4014238,93547179043094822795049778723265993456658253787137895301486588693722723698529,2026-08-31T23:30:00+00:00,2026-08-31T23:45:00+00:00,25.33,0.5,0.51,0.505,0.01,670.0,214.08,95
2026-08-31T23:20:41.287938+00:00,btc-updown-5m-1788218400,5,4014214,8170715220406589664559780599453063325827514681155698816789564554316085202970,2026-08-31T23:20:00+00:00,2026-08-31T23:25:00+00:00,4.32,0.5,0.51,0.505,0.01,95.6,316.33,65
2026-08-31T23:20:41.287938+00:00,btc-updown-5m-1788218700,5,4014225,68907106335550967152310539584863140859397013557051657698955638101089569723468,2026-08-31T23:25:00+00:00,2026-08-31T23:30:00+00:00,9.32,0.5,0.51,0.505,0.01,109.62,377.68,93
2026-08-31T23:20:41.287938+00:00,btc-updown-15m-1788218100,15,4014194,113954256133966355331687995885407852439357792989171957177655602754307175609538,2026-08-31T23:15:00+00:00,2026-08-31T23:30:00+00:00,9.32,0.51,0.52,0.515,0.01,7.0,18.08,24
2026-08-31T23:20:41.287938+00:00,btc-updown-15m-1788219000,15,4014238,93547179043094822795049778723265993456658253787137895301486588693722723698529,2026-08-31T23:30:00+00:00,2026-08-31T23:45:00+00:00,24.32,0.5,0.51,0.505,0.01,670.0,214.08,95
2026-08-31T23:21:42.332315+00:00,btc-updown-5m-1788218400,5,4014214,8170715220406589664559780599453063325827514681155698816789564554316085202970,2026-08-31T23:20:00+00:00,2026-08-31T23:25:00+00:00,3.3,0.5,0.51,0.505,0.01,95.6,316.33,65
2026-08-31T23:21:42.332315+00:00,btc-updown-5m-1788218700,5,4014225,68907106335550967152310539584863140859397013557051657698955638101089569723468,2026-08-31T23:25:00+00:00,2026-08-31T23:30:00+00:00,8.3,0.5,0.51,0.505,0.01,109.62,377.68,93
2026-08-31T23:21:42.332315+00:00,btc-updown-15m-1788218100,15,4014194,113954256133966355331687995885407852439357792989171957177655602754307175609538,2026-08-31T23:15:00+00:00,2026-08-31T23:30:00+00:00,8.3,0.51,0.52,0.515,0.01,7.0,18.08,24
2026-08-31T23:21:42.332315+00:00,btc-updown-15m-1788219000,15,4014238,93547179043094822795049778723265993456658253787137895301486588693722723698529,2026-08-31T23:30:00+00:00,2026-08-31T23:45:00+00:00,23.3,0.5,0.51,0.505,0.01,670.0,214.08,95
2026-08-31T23:22:43.373944+00:00,btc-updown-5m-1788218400,5,4014214,8170715220406589664559780599453063325827514681155698816789564554316085202970,2026-08-31T23:20:00+00:00,2026-08-31T23:25:00+00:00,2.28,0.5,0.51,0.505,0.01,95.6,316.33,65
2026-08-31T23:22:43.373944+00:00,btc-updown-5m-1788218700,5,4014225,68907106335550967152310539584863140859397013557051657698955638101089569723468,2026-08-31T23:25:00+00:00,2026-08-31T23:30:00+00:00,7.28,0.5,0.51,0.505,0.01,109.62,377.68,91
2026-08-31T23:22:43.373944+00:00,btc-updown-15m-1788218100,15,4014194,113954256133966355331687995885407852439357792989171957177655602754307175609538,2026-08-31T23:15:00+00:00,2026-08-31T23:30:00+00:00,7.28,0.51,0.52,0.515,0.01,7.0,18.08,24
2026-08-31T23:22:43.373944+00:00,btc-updown-15m-1788219000,15,4014238,93547179043094822795049778723265993456658253787137895301486588693722723698529,2026-08-31T23:30:00+00:00,2026-08-31T23:45:00+00:00,22.28,0.5,0.51,0.505,0.01,670.0,214.08,95
2026-08-31T23:23:44.365503+00:00,btc-updown-5m-1788218400,5,4014214,8170715220406589664559780599453063325827514681155698816789564554316085202970,2026-08-31T23:20:00+00:00,2026-08-31T23:25:00+00:00,1.27,0.5,0.51,0.505,0.01,95.6,316.33,65
2026-08-31T23:23:44.365503+00:00,btc-updown-5m-1788218700,5,4014225,68907106335550967152310539584863140859397013557051657698955638101089569723468,2026-08-31T23:25:00+00:00,2026-08-31T23:30:00+00:00,6.27,0.5,0.51,0.505,0.01,109.62,367.68,91
2026-08-31T23:23:44.365503+00:00,btc-updown-15m-1788218100,15,4014194,113954256133966355331687995885407852439357792989171957177655602754307175609538,2026-08-31T23:15:00+00:00,2026-08-31T23:30:00+00:00,6.27,0.51,0.52,0.515,0.01,7.0,18.08,24
2026-08-31T23:23:44.365503+00:00,btc-updown-15m-1788219000,15,4014238,93547179043094822795049778723265993456658253787137895301486588693722723698529,2026-08-31T23:30:00+00:00,2026-08-31T23:45:00+00:00,21.27,0.5,0.51,0.505,0.01,670.0,214.08,95
2026-08-31T23:24:45.842422+00:00,btc-updown-5m-1788218400,5,4014214,8170715220406589664559780599453063325827514681155698816789564554316085202970,2026-08-31T23:20:00+00:00,2026-08-31T23:25:00+00:00,0.25,0.5,0.51,0.505,0.01,95.6,316.33,65
2026-08-31T23:24:45.842422+00:00,btc-updown-5m-1788218700,5,4014225,68907106335550967152310539584863140859397013557051657698955638101089569723468,2026-08-31T23:25:00+00:00,2026-08-31T23:30:00+00:00,5.25,0.5,0.51,0.505,0.01,98.62,313.68,69
2026-08-31T23:24:45.842422+00:00,btc-updown-15m-1788218100,15,4014194,113954256133966355331687995885407852439357792989171957177655602754307175609538,2026-08-31T23:15:00+00:00,2026-08-31T23:30:00+00:00,5.25,0.51,0.52,0.515,0.01,7.0,18.08,24
2026-08-31T23:24:45.842422+00:00,btc-updown-15m-1788219000,15,4014238,93547179043094822795049778723265993456658253787137895301486588693722723698529,2026-08-31T23:30:00+00:00,2026-08-31T23:45:00+00:00,20.25,0.5,0.51,0.505,0.01,670.0,214.08,95
2026-08-31T23:25:46.828162+00:00,btc-updown-5m-1788218700,5,4014225,68907106335550967152310539584863140859397013557051657698955638101089569723468,2026-08-31T23:25:00+00:00,2026-08-31T23:30:00+00:00,4.23,0.5,0.51,0.505,0.01,98.62,313.68,61
2026-08-31T23:25:46.828162+00:00,btc-updown-5m-1788219000,5,4014241,46365637982004269968688945714689689909799350265620113606378933092134425606749,2026-08-31T23:30:00+00:00,2026-08-31T23:35:00+00:00,9.23,0.5,0.51,0.505,0.01,107.44,366.54,93
2026-08-31T23:25:46.828162+00:00,btc-updown-15m-1788218100,15,4014194,113954256133966355331687995885407852439357792989171957177655602754307175609538,2026-08-31T23:15:00+00:00,2026-08-31T23:30:00+00:00,4.23,0.51,0.52,0.515,0.01,7.0,18.08,24
2026-08-31T23:25:46.828162+00:00,btc-updown-15m-1788219000,15,4014238,93547179043094822795049778723265993456658253787137895301486588693722723698529,2026-08-31T23:30:00+00:00,2026-08-31T23:45:00+00:00,19.23,0.5,0.51,0.505,0.01,670.0,214.08,95
2026-08-31T23:26:47.870729+00:00,btc-updown-5m-1788218700,5,4014225,68907106335550967152310539584863140859397013557051657698955638101089569723468,2026-08-31T23:25:00+00:00,2026-08-31T23:30:00+00:00,3.22,0.5,0.51,0.505,0.01,98.62,313.68,61
2026-08-31T23:26:47.870729+00:00,btc-updown-5m-1788219000,5,4014241,46365637982004269968688945714689689909799350265620113606378933092134425606749,2026-08-31T23:30:00+00:00,2026-08-31T23:35:00+00:00,8.22,0.5,0.51,0.505,0.01,107.44,366.54,93
2026-08-31T23:26:47.870729+00:00,btc-updown-15m-1788218100,15,4014194,113954256133966355331687995885407852439357792989171957177655602754307175609538,2026-08-31T23:15:00+00:00,2026-08-31T23:30:00+00:00,3.22,0.51,0.52,0.515,0.01,7.0,18.08,24
2026-08-31T23:26:47.870729+00:00,btc-updown-15m-1788219000,15,4014238,93547179043094822795049778723265993456658253787137895301486588693722723698529,2026-08-31T23:30:00+00:00,2026-08-31T23:45:00+00:00,18.22,0.5,0.51,0.505,0.01,670.0,214.08,95
2026-08-31T23:27:48.920089+00:00,btc-updown-5m-1788218700,5,4014225,68907106335550967152310539584863140859397013557051657698955638101089569723468,2026-08-31T23:25:00+00:00,2026-08-31T23:30:00+00:00,2.2,0.5,0.51,0.505,0.01,98.62,313.68,61
2026-08-31T23:27:48.920089+00:00,btc-updown-5m-1788219000,5,4014241,46365637982004269968688945714689689909799350265620113606378933092134425606749,2026-08-31T23:30:00+00:00,2026-08-31T23:35:00+00:00,7.2,0.5,0.51,0.505,0.01,107.44,366.54,91
2026-08-31T23:27:48.920089+00:00,btc-updown-15m-1788218100,15,4014194,113954256133966355331687995885407852439357792989171957177655602754307175609538,2026-08-31T23:15:00+00:00,2026-08-31T23:30:00+00:00,2.2,0.51,0.52,0.515,0.01,7.0,18.08,24
2026-08-31T23:27:48.920089+00:00,btc-updown-15m-1788219000,15,4014238,93547179043094822795049778723265993456658253787137895301486588693722723698529,2026-08-31T23:30:00+00:00,2026-08-31T23:45:00+00:00,17.2,0.5,0.51,0.505,0.01,670.0,214.08,95
2026-08-31T23:28:49.950909+00:00,btc-updown-5m-1788218700,5,4014225,68907106335550967152310539584863140859397013557051657698955638101089569723468,2026-08-31T23:25:00+00:00,2026-08-31T23:30:00+00:00,1.18,0.5,0.51,0.505,0.01,98.62,313.68,61
2026-08-31T23:28:49.950909+00:00,btc-updown-5m-1788219000,5,4014241,46365637982004269968688945714689689909799350265620113606378933092134425606749,2026-08-31T23:30:00+00:00,2026-08-31T23:35:00+00:00,6.18,0.5,0.51,0.505,0.01,107.44,356.54,91
2026-08-31T23:28:49.950909+00:00,btc-updown-15m-1788218100,15,4014194,113954256133966355331687995885407852439357792989171957177655602754307175609538,2026-08-31T23:15:00+00:00,2026-08-31T23:30:00+00:00,1.18,0.51,0.52,0.515,0.01,7.0,18.08,24
2026-08-31T23:28:49.950909+00:00,btc-updown-15m-1788219000,15,4014238,93547179043094822795049778723265993456658253787137895301486588693722723698529,2026-08-31T23:30:00+00:00,2026-08-31T23:45:00+00:00,16.18,0.5,0.51,0.505,0.01,670.0,214.08,95
2026-08-31T23:29:50.935209+00:00,btc-updown-5m-1788218700,5,4014225,68907106335550967152310539584863140859397013557051657698955638101089569723468,2026-08-31T23:25:00+00:00,2026-08-31T23:30:00+00:00,0.17,0.5,0.51,0.505,0.01,98.62,313.68,61
2026-08-31T23:29:50.935209+00:00,btc-updown-5m-1788219000,5,4014241,46365637982004269968688945714689689909799350265620113606378933092134425606749,2026-08-31T23:30:00+00:00,2026-08-31T23:35:00+00:00,5.17,0.5,0.51,0.505,0.01,96.44,302.54,63
2026-08-31T23:29:50.935209+00:00,btc-updown-15m-1788218100,15,4014194,113954256133966355331687995885407852439357792989171957177655602754307175609538,2026-08-31T23:15:00+00:00,2026-08-31T23:30:00+00:00,0.17,0.51,0.52,0.515,0.01,7.0,18.08,20
2026-08-31T23:29:50.935209+00:00,btc-updown-15m-1788219000,15,4014238,93547179043094822795049778723265993456658253787137895301486588693722723698529,2026-08-31T23:30:00+00:00,2026-08-31T23:45:00+00:00,15.17,0.5,0.51,0.505,0.01,670.0,214.08,92
2026-08-31T23:30:51.908683+00:00,btc-updown-5m-1788219000,5,4014241,46365637982004269968688945714689689909799350265620113606378933092134425606749,2026-08-31T23:30:00+00:00,2026-08-31T23:35:00+00:00,4.15,0.5,0.51,0.505,0.01,96.44,302.54,59
2026-08-31T23:30:51.908683+00:00,btc-updown-5m-1788219300,5,4014467,91912192698866171433731772099074689745531206077166101651568943974277068698679,2026-08-31T23:35:00+00:00,2026-08-31T23:40:00+00:00,9.15,0.5,0.51,0.505,0.01,111.93,357.85,93
2026-08-31T23:30:51.908683+00:00,btc-updown-15m-1788219000,15,4014238,93547179043094822795049778723265993456658253787137895301486588693722723698529,2026-08-31T23:30:00+00:00,2026-08-31T23:45:00+00:00,14.15,0.5,0.51,0.505,0.01,250.0,214.08,45
2026-08-31T23:30:51.908683+00:00,btc-updown-15m-1788219900,15,4014736,96637398492001552812191406434638407259465921966538101308015771199277169944194,2026-08-31T23:45:00+00:00,2026-09-01T00:00:00+00:00,29.15,0.49,0.51,0.5,0.02,20.0,20.0,56
2026-08-31T23:31:53.037024+00:00,btc-updown-5m-1788219000,5,4014241,46365637982004269968688945714689689909799350265620113606378933092134425606749,2026-08-31T23:30:00+00:00,2026-08-31T23:35:00+00:00,3.12,0.5,0.51,0.505,0.01,96.44,302.54,59
2026-08-31T23:31:53.037024+00:00,btc-updown-5m-1788219300,5,4014467,91912192698866171433731772099074689745531206077166101651568943974277068698679,2026-08-31T23:35:00+00:00,2026-08-31T23:40:00+00:00,8.12,0.5,0.51,0.505,0.01,111.93,357.85,93
2026-08-31T23:31:53.037024+00:00,btc-updown-15m-1788219000,15,4014238,93547179043094822795049778723265993456658253787137895301486588693722723698529,2026-08-31T23:30:00+00:00,2026-08-31T23:45:00+00:00,13.12,0.5,0.51,0.505,0.01,250.0,214.08,35
2026-08-31T23:31:53.037024+00:00,btc-updown-15m-1788219900,15,4014736,96637398492001552812191406434638407259465921966538101308015771199277169944194,2026-08-31T23:45:00+00:00,2026-09-01T00:00:00+00:00,28.12,0.49,0.51,0.5,0.02,20.0,20.0,56
2026-08-31T23:32:54.132518+00:00,btc-updown-5m-1788219000,5,4014241,46365637982004269968688945714689689909799350265620113606378933092134425606749,2026-08-31T23:30:00+00:00,2026-08-31T23:35:00+00:00,2.1,0.5,0.51,0.505,0.01,96.44,302.54,59
2026-08-31T23:32:54.132518+00:00,btc-updown-5m-1788219300,5,4014467,91912192698866171433731772099074689745531206077166101651568943974277068698679,2026-08-31T23:35:00+00:00,2026-08-31T23:40:00+00:00,7.1,0.5,0.51,0.505,0.01,111.93,357.85,91
2026-08-31T23:32:54.132518+00:00,btc-updown-15m-1788219000,15,4014238,93547179043094822795049778723265993456658253787137895301486588693722723698529,2026-08-31T23:30:00+00:00,2026-08-31T23:45:00+00:00,12.1,0.5,0.51,0.505,0.01,50.0,10.0,33
2026-08-31T23:32:54.132518+00:00,btc-updown-15m-1788219900,15,4014736,96637398492001552812191406434638407259465921966538101308015771199277169944194,2026-08-31T23:45:00+00:00,2026-09-01T00:00:00+00:00,27.1,0.49,0.51,0.5,0.02,20.0,20.0,56
2026-08-31T23:33:55.154506+00:00,btc-updown-5m-1788219000,5,4014241,46365637982004269968688945714689689909799350265620113606378933092134425606749,2026-08-31T23:30:00+00:00,2026-08-31T23:35:00+00:00,1.08,0.5,0.51,0.505,0.01,96.44,302.54,59
2026-08-31T23:33:55.154506+00:00,btc-updown-5m-1788219300,5,4014467,91912192698866171433731772099074689745531206077166101651568943974277068698679,2026-08-31T23:35:00+00:00,2026-08-31T23:40:00+00:00,6.08,0.5,0.51,0.505,0.01,106.93,342.85,91
2026-08-31T23:33:55.154506+00:00,btc-updown-15m-1788219000,15,4014238,93547179043094822795049778723265993456658253787137895301486588693722723698529,2026-08-31T23:30:00+00:00,2026-08-31T23:45:00+00:00,11.08,0.5,0.51,0.505,0.01,50.0,10.0,33
2026-08-31T23:33:55.154506+00:00,btc-updown-15m-1788219900,15,4014736,96637398492001552812191406434638407259465921966538101308015771199277169944194,2026-08-31T23:45:00+00:00,2026-09-01T00:00:00+00:00,26.08,0.49,0.51,0.5,0.02,20.0,20.0,56
2026-08-31T23:34:56.145027+00:00,btc-updown-5m-1788219000,5,4014241,46365637982004269968688945714689689909799350265620113606378933092134425606749,2026-08-31T23:30:00+00:00,2026-08-31T23:35:00+00:00,0.07,0.5,0.51,0.505,0.01,96.44,302.54,59
2026-08-31T23:34:56.145027+00:00,btc-updown-5m-1788219300,5,4014467,91912192698866171433731772099074689745531206077166101651568943974277068698679,2026-08-31T23:35:00+00:00,2026-08-31T23:40:00+00:00,5.07,0.5,0.51,0.505,0.01,100.93,298.85,63
2026-08-31T23:34:56.145027+00:00,btc-updown-15m-1788219000,15,4014238,93547179043094822795049778723265993456658253787137895301486588693722723698529,2026-08-31T23:30:00+00:00,2026-08-31T23:45:00+00:00,10.07,0.5,0.51,0.505,0.01,50.0,10.0,33
2026-08-31T23:34:56.145027+00:00,btc-updown-15m-1788219900,15,4014736,96637398492001552812191406434638407259465921966538101308015771199277169944194,2026-08-31T23:45:00+00:00,2026-09-01T00:00:00+00:00,25.07,0.49,0.51,0.5,0.02,20.0,20.0,56
2026-08-31T23:35:57.145793+00:00,btc-updown-5m-1788219300,5,4014467,91912192698866171433731772099074689745531206077166101651568943974277068698679,2026-08-31T23:35:00+00:00,2026-08-31T23:40:00+00:00,4.05,0.5,0.51,0.505,0.01,100.93,298.85,59
2026-08-31T23:35:57.145793+00:00,btc-updown-5m-1788219600,5,4014689,7048798730931642733013493635254630783775449676521436838728534103713943101365,2026-08-31T23:40:00+00:00,2026-08-31T23:45:00+00:00,9.05,0.5,0.51,0.505,0.01,116.93,362.52,93
2026-08-31T23:35:57.145793+00:00,btc-updown-15m-1788219000,15,4014238,93547179043094822795049778723265993456658253787137895301486588693722723698529,2026-08-31T23:30:00+00:00,2026-08-31T23:45:00+00:00,9.05,0.5,0.51,0.505,0.01,50.0,10.0,33
2026-08-31T23:35:57.145793+00:00,btc-updown-15m-1788219900,15,4014736,96637398492001552812191406434638407259465921966538101308015771199277169944194,2026-08-31T23:45:00+00:00,2026-09-01T00:00:00+00:00,24.05,0.49,0.51,0.5,0.02,20.0,20.0,56
2026-08-31T23:36:58.194688+00:00,btc-updown-5m-1788219300,5,4014467,91912192698866171433731772099074689745531206077166101651568943974277068698679,2026-08-31T23:35:00+00:00,2026-08-31T23:40:00+00:00,3.03,0.5,0.51,0.505,0.01,100.93,298.85,59
2026-08-31T23:36:58.194688+00:00,btc-updown-5m-1788219600,5,4014689,7048798730931642733013493635254630783775449676521436838728534103713943101365,2026-08-31T23:40:00+00:00,2026-08-31T23:45:00+00:00,8.03,0.5,0.51,0.505,0.01,116.93,362.52,93
2026-08-31T23:36:58.194688+00:00,btc-updown-15m-1788219000,15,4014238,93547179043094822795049778723265993456658253787137895301486588693722723698529,2026-08-31T23:30:00+00:00,2026-08-31T23:45:00+00:00,8.03,0.5,0.51,0.505,0.01,50.0,10.0,33
2026-08-31T23:36:58.194688+00:00,btc-updown-15m-1788219900,15,4014736,96637398492001552812191406434638407259465921966538101308015771199277169944194,2026-08-31T23:45:00+00:00,2026-09-01T00:00:00+00:00,23.03,0.49,0.51,0.5,0.02,20.0,20.0,56
2026-08-31T23:37:59.203675+00:00,btc-updown-5m-1788219300,5,4014467,91912192698866171433731772099074689745531206077166101651568943974277068698679,2026-08-31T23:35:00+00:00,2026-08-31T23:40:00+00:00,2.02,0.5,0.51,0.505,0.01,100.93,298.85,59
2026-08-31T23:37:59.203675+00:00,btc-updown-5m-1788219600,5,4014689,7048798730931642733013493635254630783775449676521436838728534103713943101365,2026-08-31T23:40:00+00:00,2026-08-31T23:45:00+00:00,7.02,0.5,0.51,0.505,0.01,116.93,362.52,91
2026-08-31T23:37:59.203675+00:00,btc-updown-15m-1788219000,15,4014238,93547179043094822795049778723265993456658253787137895301486588693722723698529,2026-08-31T23:30:00+00:00,2026-08-31T23:45:00+00:00,7.02,0.5,0.51,0.505,0.01,50.0,10.0,33
2026-08-31T23:37:59.203675+00:00,btc-updown-15m-1788219900,15,4014736,96637398492001552812191406434638407259465921966538101308015771199277169944194,2026-08-31T23:45:00+00:00,2026-09-01T00:00:00+00:00,22.02,0.49,0.51,0.5,0.02,20.0,20.0,56
2026-08-31T23:39:00.187270+00:00,btc-updown-5m-1788219300,5,4014467,91912192698866171433731772099074689745531206077166101651568943974277068698679,2026-08-31T23:35:00+00:00,2026-08-31T23:40:00+00:00,1.0,0.5,0.51,0.505,0.01,100.93,298.85,59
2026-08-31T23:39:00.187270+00:00,btc-updown-5m-1788219600,5,4014689,7048798730931642733013493635254630783775449676521436838728534103713943101365,2026-08-31T23:40:00+00:00,2026-08-31T23:45:00+00:00,6.0,0.5,0.51,0.505,0.01,111.93,309.52,75
2026-08-31T23:39:00.187270+00:00,btc-updown-15m-1788219000,15,4014238,93547179043094822795049778723265993456658253787137895301486588693722723698529,2026-08-31T23:30:00+00:00,2026-08-31T23:45:00+00:00,6.0,0.5,0.51,0.505,0.01,50.0,10.0,33
2026-08-31T23:39:00.187270+00:00,btc-updown-15m-1788219900,15,4014736,96637398492001552812191406434638407259465921966538101308015771199277169944194,2026-08-31T23:45:00+00:00,2026-09-01T00:00:00+00:00,21.0,0.49,0.51,0.5,0.02,20.0,20.0,56
2026-08-31T23:40:01.168424+00:00,btc-updown-5m-1788219600,5,4014689,7048798730931642733013493635254630783775449676521436838728534103713943101365,2026-08-31T23:40:00+00:00,2026-08-31T23:45:00+00:00,4.98,0.5,0.51,0.505,0.01,105.93,303.52,59
2026-08-31T23:40:01.168424+00:00,btc-updown-5m-1788219900,5,4014735,98612957523384946781170261189107884012545602634316718988894031510401531145729,2026-08-31T23:45:00+00:00,2026-08-31T23:50:00+00:00,9.98,0.5,0.51,0.505,0.01,116.37,359.01,93
2026-08-31T23:40:01.168424+00:00,btc-updown-15m-1788219000,15,4014238,93547179043094822795049778723265993456658253787137895301486588693722723698529,2026-08-31T23:30:00+00:00,2026-08-31T23:45:00+00:00,4.98,0.5,0.51,0.505,0.01,50.0,10.0,33
2026-08-31T23:40:01.168424+00:00,btc-updown-15m-1788219900,15,4014736,96637398492001552812191406434638407259465921966538101308015771199277169944194,2026-08-31T23:45:00+00:00,2026-09-01T00:00:00+00:00,19.98,0.49,0.51,0.5,0.02,20.0,20.0,56
2026-08-31T23:41:02.191627+00:00,btc-updown-5m-1788219600,5,4014689,7048798730931642733013493635254630783775449676521436838728534103713943101365,2026-08-31T23:40:00+00:00,2026-08-31T23:45:00+00:00,3.97,0.5,0.51,0.505,0.01,105.93,303.52,59
2026-08-31T23:41:02.191627+00:00,btc-updown-5m-1788219900,5,4014735,98612957523384946781170261189107884012545602634316718988894031510401531145729,2026-08-31T23:45:00+00:00,2026-08-31T23:50:00+00:00,8.97,0.5,0.51,0.505,0.01,116.37,359.01,93
2026-08-31T23:41:02.191627+00:00,btc-updown-15m-1788219000,15,4014238,93547179043094822795049778723265993456658253787137895301486588693722723698529,2026-08-31T23:30:00+00:00,2026-08-31T23:45:00+00:00,3.97,0.5,0.51,0.505,0.01,50.0,10.0,33
2026-08-31T23:41:02.191627+00:00,btc-updown-15m-1788219900,15,4014736,96637398492001552812191406434638407259465921966538101308015771199277169944194,2026-08-31T23:45:00+00:00,2026-09-01T00:00:00+00:00,18.97,0.49,0.51,0.5,0.02,20.0,20.0,56
2026-08-31T23:42:03.518112+00:00,btc-updown-5m-1788219600,5,4014689,7048798730931642733013493635254630783775449676521436838728534103713943101365,2026-08-31T23:40:00+00:00,2026-08-31T23:45:00+00:00,2.95,0.5,0.51,0.505,0.01,105.93,303.52,59
2026-08-31T23:42:03.518112+00:00,btc-updown-5m-1788219900,5,4014735,98612957523384946781170261189107884012545602634316718988894031510401531145729,2026-08-31T23:45:00+00:00,2026-08-31T23:50:00+00:00,7.95,0.5,0.51,0.505,0.01,116.37,359.01,91
2026-08-31T23:42:03.518112+00:00,btc-updown-15m-1788219000,15,4014238,93547179043094822795049778723265993456658253787137895301486588693722723698529,2026-08-31T23:30:00+00:00,2026-08-31T23:45:00+00:00,2.95,0.5,0.51,0.505,0.01,50.0,10.0,33
2026-08-31T23:42:03.518112+00:00,btc-updown-15m-1788219900,15,4014736,96637398492001552812191406434638407259465921966538101308015771199277169944194,2026-08-31T23:45:00+00:00,2026-09-01T00:00:00+00:00,17.95,0.49,0.51,0.5,0.02,20.0,20.0,56
2026-08-31T23:43:04.574257+00:00,btc-updown-5m-1788219600,5,4014689,7048798730931642733013493635254630783775449676521436838728534103713943101365,2026-08-31T23:40:00+00:00,2026-08-31T23:45:00+00:00,1.93,0.5,0.51,0.505,0.01,105.93,303.52,59
2026-08-31T23:43:04.574257+00:00,btc-updown-5m-1788219900,5,4014735,98612957523384946781170261189107884012545602634316718988894031510401531145729,2026-08-31T23:45:00+00:00,2026-08-31T23:50:00+00:00,6.93,0.5,0.51,0.505,0.01,116.37,349.01,91
2026-08-31T23:43:04.574257+00:00,btc-updown-15m-1788219000,15,4014238,93547179043094822795049778723265993456658253787137895301486588693722723698529,2026-08-31T23:30:00+00:00,2026-08-31T23:45:00+00:00,1.93,0.5,0.51,0.505,0.01,50.0,10.0,33
2026-08-31T23:43:04.574257+00:00,btc-updown-15m-1788219900,15,4014736,96637398492001552812191406434638407259465921966538101308015771199277169944194,2026-08-31T23:45:00+00:00,2026-09-01T00:00:00+00:00,16.93,0.49,0.51,0.5,0.02,20.0,20.0,56
2026-08-31T23:44:05.653024+00:00,btc-updown-5m-1788219600,5,4014689,7048798730931642733013493635254630783775449676521436838728534103713943101365,2026-08-31T23:40:00+00:00,2026-08-31T23:45:00+00:00,0.92,0.5,0.51,0.505,0.01,105.93,303.52,59
2026-08-31T23:44:05.653024+00:00,btc-updown-5m-1788219900,5,4014735,98612957523384946781170261189107884012545602634316718988894031510401531145729,2026-08-31T23:45:00+00:00,2026-08-31T23:50:00+00:00,5.92,0.5,0.51,0.505,0.01,105.37,300.01,73
2026-08-31T23:44:05.653024+00:00,btc-updown-15m-1788219000,15,4014238,93547179043094822795049778723265993456658253787137895301486588693722723698529,2026-08-31T23:30:00+00:00,2026-08-31T23:45:00+00:00,0.92,0.5,0.51,0.505,0.01,50.0,10.0,33
2026-08-31T23:44:05.653024+00:00,btc-updown-15m-1788219900,15,4014736,96637398492001552812191406434638407259465921966538101308015771199277169944194,2026-08-31T23:45:00+00:00,2026-09-01T00:00:00+00:00,15.92,0.49,0.51,0.5,0.02,20.0,20.0,52
2026-08-31T23:45:06.657719+00:00,btc-updown-5m-1788219900,5,4014735,98612957523384946781170261189107884012545602634316718988894031510401531145729,2026-08-31T23:45:00+00:00,2026-08-31T23:50:00+00:00,4.9,0.5,0.51,0.505,0.01,105.37,300.01,59
2026-08-31T23:45:06.657719+00:00,btc-updown-5m-1788220200,5,4014753,31560303056359075154680318345824232719137851208709930460974610793151074843313,2026-08-31T23:50:00+00:00,2026-08-31T23:55:00+00:00,9.9,0.5,0.51,0.505,0.01,111.13,358.73,93
2026-08-31T23:45:06.657719+00:00,btc-updown-15m-1788219900,15,4014736,96637398492001552812191406434638407259465921966538101308015771199277169944194,2026-08-31T23:45:00+00:00,2026-09-01T00:00:00+00:00,14.9,0.46,0.54,0.5,0.08,6.52,6.52,10
2026-08-31T23:45:06.657719+00:00,btc-updown-15m-1788220800,15,4014813,83711706642302701054654087172482322301902597787432068179326906096707976108656,2026-09-01T00:00:00+00:00,2026-09-01T00:15:00+00:00,29.9,0.49,0.51,0.5,0.02,70.0,70.0,69
2026-08-31T23:46:07.647222+00:00,btc-updown-5m-1788219900,5,4014735,98612957523384946781170261189107884012545602634316718988894031510401531145729,2026-08-31T23:45:00+00:00,2026-08-31T23:50:00+00:00,3.88,0.5,0.51,0.505,0.01,105.37,300.01,59
2026-08-31T23:46:07.647222+00:00,btc-updown-5m-1788220200,5,4014753,31560303056359075154680318345824232719137851208709930460974610793151074843313,2026-08-31T23:50:00+00:00,2026-08-31T23:55:00+00:00,8.88,0.5,0.51,0.505,0.01,111.13,358.73,93
2026-08-31T23:46:07.647222+00:00,btc-updown-15m-1788219900,15,4014736,96637398492001552812191406434638407259465921966538101308015771199277169944194,2026-08-31T23:45:00+00:00,2026-09-01T00:00:00+00:00,13.88,0.46,0.54,0.5,0.08,6.52,6.52,10
2026-08-31T23:46:07.647222+00:00,btc-updown-15m-1788220800,15,4014813,83711706642302701054654087172482322301902597787432068179326906096707976108656,2026-09-01T00:00:00+00:00,2026-09-01T00:15:00+00:00,28.88,0.49,0.51,0.5,0.02,70.0,70.0,69
2026-08-31T23:47:08.794879+00:00,btc-updown-5m-1788219900,5,4014735,98612957523384946781170261189107884012545602634316718988894031510401531145729,2026-08-31T23:45:00+00:00,2026-08-31T23:50:00+00:00,2.87,0.5,0.51,0.505,0.01,105.37,300.01,59
2026-08-31T23:47:08.794879+00:00,btc-updown-5m-1788220200,5,4014753,31560303056359075154680318345824232719137851208709930460974610793151074843313,2026-08-31T23:50:00+00:00,2026-08-31T23:55:00+00:00,7.87,0.5,0.51,0.505,0.01,111.13,358.73,91
2026-08-31T23:47:08.794879+00:00,btc-updown-15m-1788219900,15,4014736,96637398492001552812191406434638407259465921966538101308015771199277169944194,2026-08-31T23:45:00+00:00,2026-09-01T00:00:00+00:00,12.87,0.46,0.54,0.5,0.08,6.52,6.52,10
2026-08-31T23:47:08.794879+00:00,btc-updown-15m-1788220800,15,4014813,83711706642302701054654087172482322301902597787432068179326906096707976108656,2026-09-01T00:00:00+00:00,2026-09-01T00:15:00+00:00,27.87,0.49,0.51,0.5,0.02,70.0,70.0,69
2026-08-31T23:48:09.819784+00:00,btc-updown-5m-1788219900,5,4014735,98612957523384946781170261189107884012545602634316718988894031510401531145729,2026-08-31T23:45:00+00:00,2026-08-31T23:50:00+00:00,1.85,0.5,0.51,0.505,0.01,105.37,300.01,59
2026-08-31T23:48:09.819784+00:00,btc-updown-5m-1788220200,5,4014753,31560303056359075154680318345824232719137851208709930460974610793151074843313,2026-08-31T23:50:00+00:00,2026-08-31T23:55:00+00:00,6.85,0.5,0.51,0.505,0.01,111.13,348.73,91
2026-08-31T23:48:09.819784+00:00,btc-updown-15m-1788219900,15,4014736,96637398492001552812191406434638407259465921966538101308015771199277169944194,2026-08-31T23:45:00+00:00,2026-09-01T00:00:00+00:00,11.85,0.46,0.54,0.5,0.08,6.52,6.52,10
2026-08-31T23:48:09.819784+00:00,btc-updown-15m-1788220800,15,4014813,83711706642302701054654087172482322301902597787432068179326906096707976108656,2026-09-01T00:00:00+00:00,2026-09-01T00:15:00+00:00,26.85,0.49,0.51,0.5,0.02,70.0,70.0,69
2026-08-31T23:49:10.804713+00:00,btc-updown-5m-1788219900,5,4014735,98612957523384946781170261189107884012545602634316718988894031510401531145729,2026-08-31T23:45:00+00:00,2026-08-31T23:50:00+00:00,0.83,0.5,0.51,0.505,0.01,105.37,300.01,59
2026-08-31T23:49:10.804713+00:00,btc-updown-5m-1788220200,5,4014753,31560303056359075154680318345824232719137851208709930460974610793151074843313,2026-08-31T23:50:00+00:00,2026-08-31T23:55:00+00:00,5.83,0.5,0.51,0.505,0.01,100.13,299.73,69
2026-08-31T23:49:10.804713+00:00,btc-updown-15m-1788219900,15,4014736,96637398492001552812191406434638407259465921966538101308015771199277169944194,2026-08-31T23:45:00+00:00,2026-09-01T00:00:00+00:00,10.83,0.46,0.54,0.5,0.08,6.52,6.52,10
2026-08-31T23:49:10.804713+00:00,btc-updown-15m-1788220800,15,4014813,83711706642302701054654087172482322301902597787432068179326906096707976108656,2026-09-01T00:00:00+00:00,2026-09-01T00:15:00+00:00,25.83,0.49,0.51,0.5,0.02,70.0,70.0,69
2026-08-31T23:50:11.822175+00:00,btc-updown-5m-1788220200,5,4014753,31560303056359075154680318345824232719137851208709930460974610793151074843313,2026-08-31T23:50:00+00:00,2026-08-31T23:55:00+00:00,4.82,0.5,0.51,0.505,0.01,100.13,299.73,59
2026-08-31T23:50:11.822175+00:00,btc-updown-5m-1788220500,5,4014789,40678794407447226921137064853179235866386676346588448139193472893418064661551,2026-08-31T23:55:00+00:00,2026-09-01T00:00:00+00:00,9.82,0.5,0.51,0.505,0.01,116.84,362.56,93
2026-08-31T23:50:11.822175+00:00,btc-updown-15m-1788219900,15,4014736,96637398492001552812191406434638407259465921966538101308015771199277169944194,2026-08-31T23:45:00+00:00,2026-09-01T00:00:00+00:00,9.82,0.46,0.54,0.5,0.08,6.52,6.52,10
2026-08-31T23:50:11.822175+00:00,btc-updown-15m-1788220800,15,4014813,83711706642302701054654087172482322301902597787432068179326906096707976108656,2026-09-01T00:00:00+00:00,2026-09-01T00:15:00+00:00,24.82,0.49,0.51,0.5,0.02,70.0,70.0,69
2026-08-31T23:51:12.846100+00:00,btc-updown-5m-1788220200,5,4014753,31560303056359075154680318345824232719137851208709930460974610793151074843313,2026-08-31T23:50:00+00:00,2026-08-31T23:55:00+00:00,3.8,0.5,0.51,0.505,0.01,100.13,299.73,59
2026-08-31T23:51:12.846100+00:00,btc-updown-5m-1788220500,5,4014789,40678794407447226921137064853179235866386676346588448139193472893418064661551,2026-08-31T23:55:00+00:00,2026-09-01T00:00:00+00:00,8.8,0.5,0.51,0.505,0.01,116.84,362.56,93
2026-08-31T23:51:12.846100+00:00,btc-updown-15m-1788219900,15,4014736,96637398492001552812191406434638407259465921966538101308015771199277169944194,2026-08-31T23:45:00+00:00,2026-09-01T00:00:00+00:00,8.8,0.46,0.54,0.5,0.08,6.52,6.52,10
2026-08-31T23:51:12.846100+00:00,btc-updown-15m-1788220800,15,4014813,83711706642302701054654087172482322301902597787432068179326906096707976108656,2026-09-01T00:00:00+00:00,2026-09-01T00:15:00+00:00,23.8,0.49,0.51,0.5,0.02,70.0,70.0,69
2026-08-31T23:52:13.896629+00:00,btc-updown-5m-1788220200,5,4014753,31560303056359075154680318345824232719137851208709930460974610793151074843313,2026-08-31T23:50:00+00:00,2026-08-31T23:55:00+00:00,2.78,0.5,0.51,0.505,0.01,100.13,299.73,59
2026-08-31T23:52:13.896629+00:00,btc-updown-5m-1788220500,5,4014789,40678794407447226921137064853179235866386676346588448139193472893418064661551,2026-08-31T23:55:00+00:00,2026-09-01T00:00:00+00:00,7.78,0.5,0.51,0.505,0.01,116.84,362.56,91
2026-08-31T23:52:13.896629+00:00,btc-updown-15m-1788219900,15,4014736,96637398492001552812191406434638407259465921966538101308015771199277169944194,2026-08-31T23:45:00+00:00,2026-09-01T00:00:00+00:00,7.78,0.46,0.54,0.5,0.08,6.52,6.52,10
2026-08-31T23:52:13.896629+00:00,btc-updown-15m-1788220800,15,4014813,83711706642302701054654087172482322301902597787432068179326906096707976108656,2026-09-01T00:00:00+00:00,2026-09-01T00:15:00+00:00,22.78,0.49,0.51,0.5,0.02,70.0,70.0,69
2026-08-31T23:53:14.895212+00:00,btc-updown-5m-1788220200,5,4014753,31560303056359075154680318345824232719137851208709930460974610793151074843313,2026-08-31T23:50:00+00:00,2026-08-31T23:55:00+00:00,1.77,0.5,0.51,0.505,0.01,100.13,299.73,59
2026-08-31T23:53:14.895212+00:00,btc-updown-5m-1788220500,5,4014789,40678794407447226921137064853179235866386676346588448139193472893418064661551,2026-08-31T23:55:00+00:00,2026-09-01T00:00:00+00:00,6.77,0.5,0.51,0.505,0.01,116.84,352.56,91
2026-08-31T23:53:14.895212+00:00,btc-updown-15m-1788219900,15,4014736,96637398492001552812191406434638407259465921966538101308015771199277169944194,2026-08-31T23:45:00+00:00,2026-09-01T00:00:00+00:00,6.77,0.46,0.54,0.5,0.08,6.52,6.52,10
2026-08-31T23:53:14.895212+00:00,btc-updown-15m-1788220800,15,4014813,83711706642302701054654087172482322301902597787432068179326906096707976108656,2026-09-01T00:00:00+00:00,2026-09-01T00:15:00+00:00,21.77,0.49,0.51,0.5,0.02,70.0,70.0,69
2026-08-31T23:54:15.931977+00:00,btc-updown-5m-1788220200,5,4014753,31560303056359075154680318345824232719137851208709930460974610793151074843313,2026-08-31T23:50:00+00:00,2026-08-31T23:55:00+00:00,0.75,0.5,0.51,0.505,0.01,100.13,299.73,59
2026-08-31T23:54:15.931977+00:00,btc-updown-5m-1788220500,5,4014789,40678794407447226921137064853179235866386676346588448139193472893418064661551,2026-08-31T23:55:00+00:00,2026-09-01T00:00:00+00:00,5.75,0.5,0.51,0.505,0.01,105.84,303.56,69
2026-08-31T23:54:15.931977+00:00,btc-updown-15m-1788219900,15,4014736,96637398492001552812191406434638407259465921966538101308015771199277169944194,2026-08-31T23:45:00+00:00,2026-09-01T00:00:00+00:00,5.75,0.46,0.54,0.5,0.08,6.52,6.52,10
2026-08-31T23:54:15.931977+00:00,btc-updown-15m-1788220800,15,4014813,83711706642302701054654087172482322301902597787432068179326906096707976108656,2026-09-01T00:00:00+00:00,2026-09-01T00:15:00+00:00,20.75,0.49,0.51,0.5,0.02,70.0,70.0,69
2026-08-31T23:55:16.950545+00:00,btc-updown-5m-1788220500,5,4014789,40678794407447226921137064853179235866386676346588448139193472893418064661551,2026-08-31T23:55:00+00:00,2026-09-01T00:00:00+00:00,4.73,0.5,0.51,0.505,0.01,105.84,303.56,59
2026-08-31T23:55:16.950545+00:00,btc-updown-5m-1788220800,5,4014833,106859506133592260564313288776991486203818201879517576600167372673057285330993,2026-09-01T00:00:00+00:00,2026-09-01T00:05:00+00:00,9.73,0.5,0.51,0.505,0.01,111.02,357.66,93
2026-08-31T23:55:16.950545+00:00,btc-updown-15m-1788219900,15,4014736,96637398492001552812191406434638407259465921966538101308015771199277169944194,2026-08-31T23:45:00+00:00,2026-09-01T00:00:00+00:00,4.73,0.46,0.54,0.5,0.08,6.52,6.52,10
2026-08-31T23:55:16.950545+00:00,btc-updown-15m-1788220800,15,4014813,83711706642302701054654087172482322301902597787432068179326906096707976108656,2026-09-01T00:00:00+00:00,2026-09-01T00:15:00+00:00,19.73,0.49,0.51,0.5,0.02,70.0,70.0,69
2026-08-31T23:56:17.985750+00:00,btc-updown-5m-1788220500,5,4014789,40678794407447226921137064853179235866386676346588448139193472893418064661551,2026-08-31T23:55:00+00:00,2026-09-01T00:00:00+00:00,3.72,0.5,0.51,0.505,0.01,105.84,303.56,59
2026-08-31T23:56:17.985750+00:00,btc-updown-5m-1788220800,5,4014833,106859506133592260564313288776991486203818201879517576600167372673057285330993,2026-09-01T00:00:00+00:00,2026-09-01T00:05:00+00:00,8.72,0.5,0.51,0.505,0.01,111.02,357.66,93
2026-08-31T23:56:17.985750+00:00,btc-updown-15m-1788219900,15,4014736,96637398492001552812191406434638407259465921966538101308015771199277169944194,2026-08-31T23:45:00+00:00,2026-09-01T00:00:00+00:00,3.72,0.46,0.54,0.5,0.08,6.52,6.52,10
2026-08-31T23:56:17.985750+00:00,btc-updown-15m-1788220800,15,4014813,83711706642302701054654087172482322301902597787432068179326906096707976108656,2026-09-01T00:00:00+00:00,2026-09-01T00:15:00+00:00,18.72,0.49,0.51,0.5,0.02,70.0,70.0,69
2026-08-31T23:57:19.097084+00:00,btc-updown-5m-1788220500,5,4014789,40678794407447226921137064853179235866386676346588448139193472893418064661551,2026-08-31T23:55:00+00:00,2026-09-01T00:00:00+00:00,2.68,0.5,0.51,0.505,0.01,105.84,303.56,59
2026-08-31T23:57:19.097084+00:00,btc-updown-5m-1788220800,5,4014833,106859506133592260564313288776991486203818201879517576600167372673057285330993,2026-09-01T00:00:00+00:00,2026-09-01T00:05:00+00:00,7.68,0.5,0.51,0.505,0.01,111.02,357.66,91
2026-08-31T23:57:19.097084+00:00,btc-updown-15m-1788219900,15,4014736,96637398492001552812191406434638407259465921966538101308015771199277169944194,2026-08-31T23:45:00+00:00,2026-09-01T00:00:00+00:00,2.68,0.46,0.54,0.5,0.08,6.52,6.52,10
2026-08-31T23:57:19.097084+00:00,btc-updown-15m-1788220800,15,4014813,83711706642302701054654087172482322301902597787432068179326906096707976108656,2026-09-01T00:00:00+00:00,2026-09-01T00:15:00+00:00,17.68,0.49,0.51,0.5,0.02,70.0,70.0,68
2026-08-31T23:58:20.162124+00:00,btc-updown-5m-1788220500,5,4014789,40678794407447226921137064853179235866386676346588448139193472893418064661551,2026-08-31T23:55:00+00:00,2026-09-01T00:00:00+00:00,1.67,0.5,0.51,0.505,0.01,105.84,303.56,59
2026-08-31T23:58:20.162124+00:00,btc-updown-5m-1788220800,5,4014833,106859506133592260564313288776991486203818201879517576600167372673057285330993,2026-09-01T00:00:00+00:00,2026-09-01T00:05:00+00:00,6.67,0.5,0.51,0.505,0.01,111.02,347.66,91
2026-08-31T23:58:20.162124+00:00,btc-updown-15m-1788219900,15,4014736,96637398492001552812191406434638407259465921966538101308015771199277169944194,2026-08-31T23:45:00+00:00,2026-09-01T00:00:00+00:00,1.67,0.46,0.54,0.5,0.08,6.52,6.52,10
2026-08-31T23:58:20.162124+00:00,btc-updown-15m-1788220800,15,4014813,83711706642302701054654087172482322301902597787432068179326906096707976108656,2026-09-01T00:00:00+00:00,2026-09-01T00:15:00+00:00,16.67,0.49,0.51,0.5,0.02,70.0,70.0,68
2026-08-31T23:59:21.208999+00:00,btc-updown-5m-1788220500,5,4014789,40678794407447226921137064853179235866386676346588448139193472893418064661551,2026-08-31T23:55:00+00:00,2026-09-01T00:00:00+00:00,0.65,0.5,0.51,0.505,0.01,105.84,303.56,59
2026-08-31T23:59:21.208999+00:00,btc-updown-5m-1788220800,5,4014833,106859506133592260564313288776991486203818201879517576600167372673057285330993,2026-09-01T00:00:00+00:00,2026-09-01T00:05:00+00:00,5.65,0.5,0.51,0.505,0.01,100.02,298.66,67
2026-08-31T23:59:21.208999+00:00,btc-updown-15m-1788219900,15,4014736,96637398492001552812191406434638407259465921966538101308015771199277169944194,2026-08-31T23:45:00+00:00,2026-09-01T00:00:00+00:00,0.65,0.46,0.54,0.5,0.08,6.52,6.52,8
2026-08-31T23:59:21.208999+00:00,btc-updown-15m-1788220800,15,4014813,83711706642302701054654087172482322301902597787432068179326906096707976108656,2026-09-01T00:00:00+00:00,2026-09-01T00:15:00+00:00,15.65,0.49,0.51,0.5,0.02,20.0,20.0,60
