captured_at,slug,interval_min,market_id,yes_token,window_start,window_end,minutes_left,best_bid,best_ask,mid,spread,bid_size,ask_size,book_levels
2026-09-26T00:00:10.686248+00:00,btc-updown-5m-1790380800,5,4927747,74559077228713917834768491894875609882319160697598181156528622415804093288313,2026-09-26T00:00:00+00:00,2026-09-26T00:05:00+00:00,4.83,0.44,0.45,0.445,0.01,631.42,61.0,99
2026-09-26T00:00:10.686248+00:00,btc-updown-5m-1790381100,5,4927761,59163714961035325625187903708100865980871025783654867885452275679718719597287,2026-09-26T00:05:00+00:00,2026-09-26T00:10:00+00:00,9.83,0.5,0.51,0.505,0.01,45.0,429.93,99
2026-09-26T00:00:10.686248+00:00,btc-updown-15m-1790380800,15,4927752,91996660634639421729016375923235138135219246469718375518844767466428920348783,2026-09-26T00:00:00+00:00,2026-09-26T00:15:00+00:00,14.83,0.43,0.44,0.435,0.01,207.5,60.0,99
2026-09-26T00:00:10.686248+00:00,btc-updown-15m-1790381700,15,4927890,4767819702639168860781568294879560600085325965102732383657953384702802249331,2026-09-26T00:15:00+00:00,2026-09-26T00:30:00+00:00,29.83,0.5,0.51,0.505,0.01,50.3,625.92,93
2026-09-26T00:01:11.600909+00:00,btc-updown-5m-1790380800,5,4927747,74559077228713917834768491894875609882319160697598181156528622415804093288313,2026-09-26T00:00:00+00:00,2026-09-26T00:05:00+00:00,3.82,0.12,0.13,0.125,0.01,72.61,297.72,99
2026-09-26T00:01:11.600909+00:00,btc-updown-5m-1790381100,5,4927761,59163714961035325625187903708100865980871025783654867885452275679718719597287,2026-09-26T00:05:00+00:00,2026-09-26T00:10:00+00:00,8.82,0.5,0.51,0.505,0.01,30.0,541.29,99
2026-09-26T00:01:11.600909+00:00,btc-updown-15m-1790380800,15,4927752,91996660634639421729016375923235138135219246469718375518844767466428920348783,2026-09-26T00:00:00+00:00,2026-09-26T00:15:00+00:00,13.82,0.33,0.34,0.335,0.01,105.0,267.47,88
2026-09-26T00:01:11.600909+00:00,btc-updown-15m-1790381700,15,4927890,4767819702639168860781568294879560600085325965102732383657953384702802249331,2026-09-26T00:15:00+00:00,2026-09-26T00:30:00+00:00,28.82,0.5,0.51,0.505,0.01,50.3,545.92,93
2026-09-26T00:02:12.485493+00:00,btc-updown-5m-1790380800,5,4927747,74559077228713917834768491894875609882319160697598181156528622415804093288313,2026-09-26T00:00:00+00:00,2026-09-26T00:05:00+00:00,2.8,0.11,0.12,0.115,0.01,291.26,213.03,99
2026-09-26T00:02:12.485493+00:00,btc-updown-5m-1790381100,5,4927761,59163714961035325625187903708100865980871025783654867885452275679718719597287,2026-09-26T00:05:00+00:00,2026-09-26T00:10:00+00:00,7.8,0.5,0.51,0.505,0.01,27.0,441.29,99
2026-09-26T00:02:12.485493+00:00,btc-updown-15m-1790380800,15,4927752,91996660634639421729016375923235138135219246469718375518844767466428920348783,2026-09-26T00:00:00+00:00,2026-09-26T00:15:00+00:00,12.8,0.32,0.33,0.325,0.01,290.0,139.99,88
2026-09-26T00:02:12.485493+00:00,btc-updown-15m-1790381700,15,4927890,4767819702639168860781568294879560600085325965102732383657953384702802249331,2026-09-26T00:15:00+00:00,2026-09-26T00:30:00+00:00,27.8,0.5,0.51,0.505,0.01,50.3,627.55,95
2026-09-26T00:03:13.368851+00:00,btc-updown-5m-1790380800,5,4927747,74559077228713917834768491894875609882319160697598181156528622415804093288313,2026-09-26T00:00:00+00:00,2026-09-26T00:05:00+00:00,1.78,0.03,0.04,0.035,0.01,353.09,302.81,99
2026-09-26T00:03:13.368851+00:00,btc-updown-5m-1790381100,5,4927761,59163714961035325625187903708100865980871025783654867885452275679718719597287,2026-09-26T00:05:00+00:00,2026-09-26T00:10:00+00:00,6.78,0.5,0.51,0.505,0.01,25.0,517.29,99
2026-09-26T00:03:13.368851+00:00,btc-updown-15m-1790380800,15,4927752,91996660634639421729016375923235138135219246469718375518844767466428920348783,2026-09-26T00:00:00+00:00,2026-09-26T00:15:00+00:00,11.78,0.27,0.28,0.275,0.01,596.84,5.0,87
2026-09-26T00:03:13.368851+00:00,btc-updown-15m-1790381700,15,4927890,4767819702639168860781568294879560600085325965102732383657953384702802249331,2026-09-26T00:15:00+00:00,2026-09-26T00:30:00+00:00,26.78,0.5,0.51,0.505,0.01,50.3,567.55,95
2026-09-26T00:04:14.236992+00:00,btc-updown-5m-1790381100,5,4927761,59163714961035325625187903708100865980871025783654867885452275679718719597287,2026-09-26T00:05:00+00:00,2026-09-26T00:10:00+00:00,5.77,0.49,0.5,0.495,0.01,96.16,181.0,99
2026-09-26T00:04:14.236992+00:00,btc-updown-15m-1790380800,15,4927752,91996660634639421729016375923235138135219246469718375518844767466428920348783,2026-09-26T00:00:00+00:00,2026-09-26T00:15:00+00:00,10.77,0.29,0.3,0.295,0.01,161.98,162.72,87
2026-09-26T00:04:14.236992+00:00,btc-updown-15m-1790381700,15,4927890,4767819702639168860781568294879560600085325965102732383657953384702802249331,2026-09-26T00:15:00+00:00,2026-09-26T00:30:00+00:00,25.77,0.5,0.51,0.505,0.01,50.3,567.55,95
2026-09-26T00:05:15.002256+00:00,btc-updown-5m-1790381100,5,4927761,59163714961035325625187903708100865980871025783654867885452275679718719597287,2026-09-26T00:05:00+00:00,2026-09-26T00:10:00+00:00,4.75,0.49,0.5,0.495,0.01,283.1,178.0,99
2026-09-26T00:05:15.002256+00:00,btc-updown-5m-1790381400,5,4927790,10484225708334882873676895686072538640177756235990767228233224196886176704493,2026-09-26T00:10:00+00:00,2026-09-26T00:15:00+00:00,9.75,0.49,0.5,0.495,0.01,316.09,254.0,99
2026-09-26T00:05:15.002256+00:00,btc-updown-15m-1790380800,15,4927752,91996660634639421729016375923235138135219246469718375518844767466428920348783,2026-09-26T00:00:00+00:00,2026-09-26T00:15:00+00:00,9.75,0.22,0.23,0.225,0.01,228.47,80.0,87
2026-09-26T00:05:15.002256+00:00,btc-updown-15m-1790381700,15,4927890,4767819702639168860781568294879560600085325965102732383657953384702802249331,2026-09-26T00:15:00+00:00,2026-09-26T00:30:00+00:00,24.75,0.5,0.51,0.505,0.01,80.3,567.55,95
2026-09-26T00:06:15.884225+00:00,btc-updown-5m-1790381100,5,4927761,59163714961035325625187903708100865980871025783654867885452275679718719597287,2026-09-26T00:05:00+00:00,2026-09-26T00:10:00+00:00,3.75,0.62,0.63,0.625,0.01,203.18,69.62,99
2026-09-26T00:06:15.884225+00:00,btc-updown-5m-1790381400,5,4927790,10484225708334882873676895686072538640177756235990767228233224196886176704493,2026-09-26T00:10:00+00:00,2026-09-26T00:15:00+00:00,8.75,0.49,0.5,0.495,0.01,246.29,269.0,99
2026-09-26T00:06:15.884225+00:00,btc-updown-15m-1790380800,15,4927752,91996660634639421729016375923235138135219246469718375518844767466428920348783,2026-09-26T00:00:00+00:00,2026-09-26T00:15:00+00:00,8.75,0.26,0.27,0.265,0.01,103.76,261.77,87
2026-09-26T00:06:15.884225+00:00,btc-updown-15m-1790381700,15,4927890,4767819702639168860781568294879560600085325965102732383657953384702802249331,2026-09-26T00:15:00+00:00,2026-09-26T00:30:00+00:00,23.75,0.5,0.51,0.505,0.01,80.3,567.55,95
2026-09-26T00:07:16.781060+00:00,btc-updown-5m-1790381100,5,4927761,59163714961035325625187903708100865980871025783654867885452275679718719597287,2026-09-26T00:05:00+00:00,2026-09-26T00:10:00+00:00,2.73,0.58,0.59,0.585,0.01,42.66,345.81,98
2026-09-26T00:07:16.781060+00:00,btc-updown-5m-1790381400,5,4927790,10484225708334882873676895686072538640177756235990767228233224196886176704493,2026-09-26T00:10:00+00:00,2026-09-26T00:15:00+00:00,7.73,0.49,0.5,0.495,0.01,244.52,239.0,99
2026-09-26T00:07:16.781060+00:00,btc-updown-15m-1790380800,15,4927752,91996660634639421729016375923235138135219246469718375518844767466428920348783,2026-09-26T00:00:00+00:00,2026-09-26T00:15:00+00:00,7.73,0.28,0.29,0.285,0.01,82.54,95.0,87
2026-09-26T00:07:16.781060+00:00,btc-updown-15m-1790381700,15,4927890,4767819702639168860781568294879560600085325965102732383657953384702802249331,2026-09-26T00:15:00+00:00,2026-09-26T00:30:00+00:00,22.73,0.5,0.51,0.505,0.01,80.3,567.55,95
2026-09-26T00:08:17.697159+00:00,btc-updown-5m-1790381100,5,4927761,59163714961035325625187903708100865980871025783654867885452275679718719597287,2026-09-26T00:05:00+00:00,2026-09-26T00:10:00+00:00,1.72,0.95,0.96,0.955,0.01,745.71,20.0,99
2026-09-26T00:08:17.697159+00:00,btc-updown-5m-1790381400,5,4927790,10484225708334882873676895686072538640177756235990767228233224196886176704493,2026-09-26T00:10:00+00:00,2026-09-26T00:15:00+00:00,6.72,0.49,0.5,0.495,0.01,229.33,193.0,99
2026-09-26T00:08:17.697159+00:00,btc-updown-15m-1790380800,15,4927752,91996660634639421729016375923235138135219246469718375518844767466428920348783,2026-09-26T00:00:00+00:00,2026-09-26T00:15:00+00:00,6.72,0.49,0.5,0.495,0.01,18.82,144.0,85
2026-09-26T00:08:17.697159+00:00,btc-updown-15m-1790381700,15,4927890,4767819702639168860781568294879560600085325965102732383657953384702802249331,2026-09-26T00:15:00+00:00,2026-09-26T00:30:00+00:00,21.72,0.5,0.51,0.505,0.01,50.0,757.55,95
2026-09-26T00:09:18.579962+00:00,btc-updown-5m-1790381400,5,4927790,10484225708334882873676895686072538640177756235990767228233224196886176704493,2026-09-26T00:10:00+00:00,2026-09-26T00:15:00+00:00,5.7,0.49,0.5,0.495,0.01,54.24,140.54,99
2026-09-26T00:09:18.579962+00:00,btc-updown-15m-1790380800,15,4927752,91996660634639421729016375923235138135219246469718375518844767466428920348783,2026-09-26T00:00:00+00:00,2026-09-26T00:15:00+00:00,5.7,0.55,0.56,0.555,0.01,180.61,131.07,84
2026-09-26T00:09:18.579962+00:00,btc-updown-15m-1790381700,15,4927890,4767819702639168860781568294879560600085325965102732383657953384702802249331,2026-09-26T00:15:00+00:00,2026-09-26T00:30:00+00:00,20.7,0.5,0.51,0.505,0.01,50.0,907.55,95
2026-09-26T00:10:19.351082+00:00,btc-updown-5m-1790381400,5,4927790,10484225708334882873676895686072538640177756235990767228233224196886176704493,2026-09-26T00:10:00+00:00,2026-09-26T00:15:00+00:00,4.68,0.3,0.31,0.305,0.01,900.75,237.09,99
2026-09-26T00:10:19.351082+00:00,btc-updown-5m-1790381700,5,4927884,95509427958365439133872632332298491794751348491232256940890855911775201965122,2026-09-26T00:15:00+00:00,2026-09-26T00:20:00+00:00,9.68,0.49,0.5,0.495,0.01,205.86,134.0,99
2026-09-26T00:10:19.351082+00:00,btc-updown-15m-1790380800,15,4927752,91996660634639421729016375923235138135219246469718375518844767466428920348783,2026-09-26T00:00:00+00:00,2026-09-26T00:15:00+00:00,4.68,0.36,0.37,0.365,0.01,82.1,63.99,84
2026-09-26T00:10:19.351082+00:00,btc-updown-15m-1790381700,15,4927890,4767819702639168860781568294879560600085325965102732383657953384702802249331,2026-09-26T00:15:00+00:00,2026-09-26T00:30:00+00:00,19.68,0.5,0.51,0.505,0.01,50.0,739.55,95
2026-09-26T00:11:20.234847+00:00,btc-updown-5m-1790381400,5,4927790,10484225708334882873676895686072538640177756235990767228233224196886176704493,2026-09-26T00:10:00+00:00,2026-09-26T00:15:00+00:00,3.67,0.2,0.21,0.205,0.01,67.68,729.06,99
2026-09-26T00:11:20.234847+00:00,btc-updown-5m-1790381700,5,4927884,95509427958365439133872632332298491794751348491232256940890855911775201965122,2026-09-26T00:15:00+00:00,2026-09-26T00:20:00+00:00,8.67,0.49,0.5,0.495,0.01,173.37,249.0,99
2026-09-26T00:11:20.234847+00:00,btc-updown-15m-1790380800,15,4927752,91996660634639421729016375923235138135219246469718375518844767466428920348783,2026-09-26T00:00:00+00:00,2026-09-26T00:15:00+00:00,3.67,0.29,0.3,0.295,0.01,44.64,3225.26,85
2026-09-26T00:11:20.234847+00:00,btc-updown-15m-1790381700,15,4927890,4767819702639168860781568294879560600085325965102732383657953384702802249331,2026-09-26T00:15:00+00:00,2026-09-26T00:30:00+00:00,18.67,0.5,0.51,0.505,0.01,55.0,649.55,95
2026-09-26T00:12:21.114964+00:00,btc-updown-5m-1790381400,5,4927790,10484225708334882873676895686072538640177756235990767228233224196886176704493,2026-09-26T00:10:00+00:00,2026-09-26T00:15:00+00:00,2.65,0.08,0.09,0.085,0.01,239.28,121.71,99
2026-09-26T00:12:21.114964+00:00,btc-updown-5m-1790381700,5,4927884,95509427958365439133872632332298491794751348491232256940890855911775201965122,2026-09-26T00:15:00+00:00,2026-09-26T00:20:00+00:00,7.65,0.49,0.5,0.495,0.01,178.37,249.0,99
2026-09-26T00:12:21.114964+00:00,btc-updown-15m-1790380800,15,4927752,91996660634639421729016375923235138135219246469718375518844767466428920348783,2026-09-26T00:00:00+00:00,2026-09-26T00:15:00+00:00,2.65,0.14,0.15,0.145,0.01,156.77,201.8,80
2026-09-26T00:12:21.114964+00:00,btc-updown-15m-1790381700,15,4927890,4767819702639168860781568294879560600085325965102732383657953384702802249331,2026-09-26T00:15:00+00:00,2026-09-26T00:30:00+00:00,17.65,0.5,0.51,0.505,0.01,55.0,639.55,95
2026-09-26T00:13:21.984630+00:00,btc-updown-5m-1790381400,5,4927790,10484225708334882873676895686072538640177756235990767228233224196886176704493,2026-09-26T00:10:00+00:00,2026-09-26T00:15:00+00:00,1.65,0.05,0.06,0.055,0.01,158.63,219.72,99
2026-09-26T00:13:21.984630+00:00,btc-updown-5m-1790381700,5,4927884,95509427958365439133872632332298491794751348491232256940890855911775201965122,2026-09-26T00:15:00+00:00,2026-09-26T00:20:00+00:00,6.65,0.49,0.5,0.495,0.01,157.52,143.68,99
2026-09-26T00:13:21.984630+00:00,btc-updown-15m-1790380800,15,4927752,91996660634639421729016375923235138135219246469718375518844767466428920348783,2026-09-26T00:00:00+00:00,2026-09-26T00:15:00+00:00,1.65,0.06,0.07,0.065,0.01,65.0,138.15,79
2026-09-26T00:13:21.984630+00:00,btc-updown-15m-1790381700,15,4927890,4767819702639168860781568294879560600085325965102732383657953384702802249331,2026-09-26T00:15:00+00:00,2026-09-26T00:30:00+00:00,16.65,0.5,0.51,0.505,0.01,55.0,634.55,95
2026-09-26T00:14:22.860735+00:00,btc-updown-5m-1790381400,5,4927790,10484225708334882873676895686072538640177756235990767228233224196886176704493,2026-09-26T00:10:00+00:00,2026-09-26T00:15:00+00:00,0.63,0.04,0.05,0.045,0.01,212.26,188.0,93
2026-09-26T00:14:22.860735+00:00,btc-updown-5m-1790381700,5,4927884,95509427958365439133872632332298491794751348491232256940890855911775201965122,2026-09-26T00:15:00+00:00,2026-09-26T00:20:00+00:00,5.63,0.49,0.5,0.495,0.01,28.35,175.9,99
2026-09-26T00:14:22.860735+00:00,btc-updown-15m-1790380800,15,4927752,91996660634639421729016375923235138135219246469718375518844767466428920348783,2026-09-26T00:00:00+00:00,2026-09-26T00:15:00+00:00,0.63,0.12,0.13,0.125,0.01,25.43,257.3,37
2026-09-26T00:14:22.860735+00:00,btc-updown-15m-1790381700,15,4927890,4767819702639168860781568294879560600085325965102732383657953384702802249331,2026-09-26T00:15:00+00:00,2026-09-26T00:30:00+00:00,15.63,0.49,0.5,0.495,0.01,66.08,50.0,91
2026-09-26T00:15:23.743232+00:00,btc-updown-5m-1790381700,5,4927884,95509427958365439133872632332298491794751348491232256940890855911775201965122,2026-09-26T00:15:00+00:00,2026-09-26T00:20:00+00:00,4.62,0.39,0.4,0.395,0.01,46.96,653.02,99
2026-09-26T00:15:23.743232+00:00,btc-updown-5m-1790382000,5,4927912,41561813446595758363886092225033362680430477898997115060595142502149088579224,2026-09-26T00:20:00+00:00,2026-09-26T00:25:00+00:00,9.62,0.49,0.5,0.495,0.01,299.88,54.0,99
2026-09-26T00:15:23.743232+00:00,btc-updown-15m-1790381700,15,4927890,4767819702639168860781568294879560600085325965102732383657953384702802249331,2026-09-26T00:15:00+00:00,2026-09-26T00:30:00+00:00,14.62,0.44,0.45,0.445,0.01,430.63,25.0,96
2026-09-26T00:15:23.743232+00:00,btc-updown-15m-1790382600,15,4927958,41200238704969664518565419263234852821751963715216011590651643090604634140607,2026-09-26T00:30:00+00:00,2026-09-26T00:45:00+00:00,29.62,0.5,0.51,0.505,0.01,60.62,209.67,93
2026-09-26T00:16:24.623011+00:00,btc-updown-5m-1790381700,5,4927884,95509427958365439133872632332298491794751348491232256940890855911775201965122,2026-09-26T00:15:00+00:00,2026-09-26T00:20:00+00:00,3.6,0.28,0.29,0.285,0.01,82.0,297.08,99
2026-09-26T00:16:24.623011+00:00,btc-updown-5m-1790382000,5,4927912,41561813446595758363886092225033362680430477898997115060595142502149088579224,2026-09-26T00:20:00+00:00,2026-09-26T00:25:00+00:00,8.6,0.49,0.5,0.495,0.01,245.29,12.0,99
2026-09-26T00:16:24.623011+00:00,btc-updown-15m-1790381700,15,4927890,4767819702639168860781568294879560600085325965102732383657953384702802249331,2026-09-26T00:15:00+00:00,2026-09-26T00:30:00+00:00,13.6,0.44,0.45,0.445,0.01,4.91,675.0,87
2026-09-26T00:16:24.623011+00:00,btc-updown-15m-1790382600,15,4927958,41200238704969664518565419263234852821751963715216011590651643090604634140607,2026-09-26T00:30:00+00:00,2026-09-26T00:45:00+00:00,28.6,0.5,0.51,0.505,0.01,60.62,209.67,93
2026-09-26T00:17:25.491850+00:00,btc-updown-5m-1790381700,5,4927884,95509427958365439133872632332298491794751348491232256940890855911775201965122,2026-09-26T00:15:00+00:00,2026-09-26T00:20:00+00:00,2.58,0.12,0.13,0.125,0.01,25.0,492.88,99
2026-09-26T00:17:25.491850+00:00,btc-updown-5m-1790382000,5,4927912,41561813446595758363886092225033362680430477898997115060595142502149088579224,2026-09-26T00:20:00+00:00,2026-09-26T00:25:00+00:00,7.58,0.49,0.5,0.495,0.01,235.29,92.0,99
2026-09-26T00:17:25.491850+00:00,btc-updown-15m-1790381700,15,4927890,4767819702639168860781568294879560600085325965102732383657953384702802249331,2026-09-26T00:15:00+00:00,2026-09-26T00:30:00+00:00,12.58,0.38,0.39,0.385,0.01,130.0,367.09,89
2026-09-26T00:17:25.491850+00:00,btc-updown-15m-1790382600,15,4927958,41200238704969664518565419263234852821751963715216011590651643090604634140607,2026-09-26T00:30:00+00:00,2026-09-26T00:45:00+00:00,27.58,0.5,0.51,0.505,0.01,80.62,149.67,95
2026-09-26T00:18:26.360949+00:00,btc-updown-5m-1790381700,5,4927884,95509427958365439133872632332298491794751348491232256940890855911775201965122,2026-09-26T00:15:00+00:00,2026-09-26T00:20:00+00:00,1.57,0.05,0.06,0.055,0.01,110.0,779.8,99
2026-09-26T00:18:26.360949+00:00,btc-updown-5m-1790382000,5,4927912,41561813446595758363886092225033362680430477898997115060595142502149088579224,2026-09-26T00:20:00+00:00,2026-09-26T00:25:00+00:00,6.57,0.51,0.52,0.515,0.01,59.79,56.56,99
2026-09-26T00:18:26.360949+00:00,btc-updown-15m-1790381700,15,4927890,4767819702639168860781568294879560600085325965102732383657953384702802249331,2026-09-26T00:15:00+00:00,2026-09-26T00:30:00+00:00,11.57,0.39,0.4,0.395,0.01,125.0,243.52,84
2026-09-26T00:18:26.360949+00:00,btc-updown-15m-1790382600,15,4927958,41200238704969664518565419263234852821751963715216011590651643090604634140607,2026-09-26T00:30:00+00:00,2026-09-26T00:45:00+00:00,26.57,0.5,0.51,0.505,0.01,80.62,149.67,95
2026-09-26T00:19:27.348005+00:00,btc-updown-5m-1790382000,5,4927912,41561813446595758363886092225033362680430477898997115060595142502149088579224,2026-09-26T00:20:00+00:00,2026-09-26T00:25:00+00:00,5.55,0.47,0.48,0.475,0.01,40.64,52.0,99
2026-09-26T00:19:27.348005+00:00,btc-updown-15m-1790381700,15,4927890,4767819702639168860781568294879560600085325965102732383657953384702802249331,2026-09-26T00:15:00+00:00,2026-09-26T00:30:00+00:00,10.55,0.31,0.32,0.315,0.01,172.53,63.5,86
2026-09-26T00:19:27.348005+00:00,btc-updown-15m-1790382600,15,4927958,41200238704969664518565419263234852821751963715216011590651643090604634140607,2026-09-26T00:30:00+00:00,2026-09-26T00:45:00+00:00,25.55,0.5,0.51,0.505,0.01,80.62,149.67,95
2026-09-26T00:20:28.117668+00:00,btc-updown-5m-1790382000,5,4927912,41561813446595758363886092225033362680430477898997115060595142502149088579224,2026-09-26T00:20:00+00:00,2026-09-26T00:25:00+00:00,4.53,0.35,0.36,0.355,0.01,55.0,512.83,99
2026-09-26T00:20:28.117668+00:00,btc-updown-5m-1790382300,5,4927947,24656835543752814637983665873409170494057536975099797435125738507398491701486,2026-09-26T00:25:00+00:00,2026-09-26T00:30:00+00:00,9.53,0.5,0.51,0.505,0.01,134.0,275.76,99
2026-09-26T00:20:28.117668+00:00,btc-updown-15m-1790381700,15,4927890,4767819702639168860781568294879560600085325965102732383657953384702802249331,2026-09-26T00:15:00+00:00,2026-09-26T00:30:00+00:00,9.53,0.25,0.26,0.255,0.01,159.52,59.2,84
2026-09-26T00:20:28.117668+00:00,btc-updown-15m-1790382600,15,4927958,41200238704969664518565419263234852821751963715216011590651643090604634140607,2026-09-26T00:30:00+00:00,2026-09-26T00:45:00+00:00,24.53,0.5,0.51,0.505,0.01,135.62,149.67,95
2026-09-26T00:21:29.001844+00:00,btc-updown-5m-1790382000,5,4927912,41561813446595758363886092225033362680430477898997115060595142502149088579224,2026-09-26T00:20:00+00:00,2026-09-26T00:25:00+00:00,3.52,0.74,0.75,0.745,0.01,5.38,471.32,99
2026-09-26T00:21:29.001844+00:00,btc-updown-5m-1790382300,5,4927947,24656835543752814637983665873409170494057536975099797435125738507398491701486,2026-09-26T00:25:00+00:00,2026-09-26T00:30:00+00:00,8.52,0.5,0.51,0.505,0.01,132.0,205.1,99
2026-09-26T00:21:29.001844+00:00,btc-updown-15m-1790381700,15,4927890,4767819702639168860781568294879560600085325965102732383657953384702802249331,2026-09-26T00:15:00+00:00,2026-09-26T00:30:00+00:00,8.52,0.43,0.44,0.435,0.01,95.15,145.51,84
2026-09-26T00:21:29.001844+00:00,btc-updown-15m-1790382600,15,4927958,41200238704969664518565419263234852821751963715216011590651643090604634140607,2026-09-26T00:30:00+00:00,2026-09-26T00:45:00+00:00,23.52,0.5,0.51,0.505,0.01,115.62,200.69,95
2026-09-26T00:22:29.900722+00:00,btc-updown-5m-1790382000,5,4927912,41561813446595758363886092225033362680430477898997115060595142502149088579224,2026-09-26T00:20:00+00:00,2026-09-26T00:25:00+00:00,2.52,0.32,0.33,0.325,0.01,5.0,412.09,99
2026-09-26T00:22:29.900722+00:00,btc-updown-5m-1790382300,5,4927947,24656835543752814637983665873409170494057536975099797435125738507398491701486,2026-09-26T00:25:00+00:00,2026-09-26T00:30:00+00:00,7.52,0.5,0.51,0.505,0.01,137.0,205.1,99
2026-09-26T00:22:29.900722+00:00,btc-updown-15m-1790381700,15,4927890,4767819702639168860781568294879560600085325965102732383657953384702802249331,2026-09-26T00:15:00+00:00,2026-09-26T00:30:00+00:00,7.52,0.27,0.28,0.275,0.01,80.0,157.46,86
2026-09-26T00:22:29.900722+00:00,btc-updown-15m-1790382600,15,4927958,41200238704969664518565419263234852821751963715216011590651643090604634140607,2026-09-26T00:30:00+00:00,2026-09-26T00:45:00+00:00,22.52,0.5,0.51,0.505,0.01,110.62,250.69,95
2026-09-26T00:23:30.765654+00:00,btc-updown-5m-1790382000,5,4927912,41561813446595758363886092225033362680430477898997115060595142502149088579224,2026-09-26T00:20:00+00:00,2026-09-26T00:25:00+00:00,1.5,0.13,0.14,0.135,0.01,690.83,177.85,99
2026-09-26T00:23:30.765654+00:00,btc-updown-5m-1790382300,5,4927947,24656835543752814637983665873409170494057536975099797435125738507398491701486,2026-09-26T00:25:00+00:00,2026-09-26T00:30:00+00:00,6.5,0.5,0.51,0.505,0.01,91.0,290.64,99
2026-09-26T00:23:30.765654+00:00,btc-updown-15m-1790381700,15,4927890,4767819702639168860781568294879560600085325965102732383657953384702802249331,2026-09-26T00:15:00+00:00,2026-09-26T00:30:00+00:00,6.5,0.21,0.22,0.215,0.01,193.0,32.82,84
2026-09-26T00:23:30.765654+00:00,btc-updown-15m-1790382600,15,4927958,41200238704969664518565419263234852821751963715216011590651643090604634140607,2026-09-26T00:30:00+00:00,2026-09-26T00:45:00+00:00,21.5,0.5,0.51,0.505,0.01,135.62,200.69,95
2026-09-26T00:24:31.658013+00:00,btc-updown-5m-1790382300,5,4927947,24656835543752814637983665873409170494057536975099797435125738507398491701486,2026-09-26T00:25:00+00:00,2026-09-26T00:30:00+00:00,5.48,0.51,0.52,0.515,0.01,641.63,53.72,99
2026-09-26T00:24:31.658013+00:00,btc-updown-15m-1790381700,15,4927890,4767819702639168860781568294879560600085325965102732383657953384702802249331,2026-09-26T00:15:00+00:00,2026-09-26T00:30:00+00:00,5.48,0.24,0.25,0.245,0.01,218.14,33.0,85
2026-09-26T00:24:31.658013+00:00,btc-updown-15m-1790382600,15,4927958,41200238704969664518565419263234852821751963715216011590651643090604634140607,2026-09-26T00:30:00+00:00,2026-09-26T00:45:00+00:00,20.48,0.5,0.51,0.505,0.01,135.62,200.69,95
2026-09-26T00:25:32.438066+00:00,btc-updown-5m-1790382300,5,4927947,24656835543752814637983665873409170494057536975099797435125738507398491701486,2026-09-26T00:25:00+00:00,2026-09-26T00:30:00+00:00,4.47,0.64,0.66,0.65,0.02,42.0,60.58,98
2026-09-26T00:25:32.438066+00:00,btc-updown-5m-1790382600,5,4927963,43936255407802084659797889861387799307927096124793035064636062231548934311769,2026-09-26T00:30:00+00:00,2026-09-26T00:35:00+00:00,9.47,0.5,0.51,0.505,0.01,150.0,303.47,99
2026-09-26T00:25:32.438066+00:00,btc-updown-15m-1790381700,15,4927890,4767819702639168860781568294879560600085325965102732383657953384702802249331,2026-09-26T00:15:00+00:00,2026-09-26T00:30:00+00:00,4.47,0.22,0.23,0.225,0.01,166.85,28.0,85
2026-09-26T00:25:32.438066+00:00,btc-updown-15m-1790382600,15,4927958,41200238704969664518565419263234852821751963715216011590651643090604634140607,2026-09-26T00:30:00+00:00,2026-09-26T00:45:00+00:00,19.47,0.5,0.51,0.505,0.01,90.62,200.69,95
2026-09-26T00:26:33.333645+00:00,btc-updown-5m-1790382300,5,4927947,24656835543752814637983665873409170494057536975099797435125738507398491701486,2026-09-26T00:25:00+00:00,2026-09-26T00:30:00+00:00,3.45,0.69,0.7,0.695,0.01,1213.91,70.84,99
2026-09-26T00:26:33.333645+00:00,btc-updown-5m-1790382600,5,4927963,43936255407802084659797889861387799307927096124793035064636062231548934311769,2026-09-26T00:30:00+00:00,2026-09-26T00:35:00+00:00,8.45,0.5,0.51,0.505,0.01,141.0,241.13,99
2026-09-26T00:26:33.333645+00:00,btc-updown-15m-1790381700,15,4927890,4767819702639168860781568294879560600085325965102732383657953384702802249331,2026-09-26T00:15:00+00:00,2026-09-26T00:30:00+00:00,3.45,0.18,0.19,0.185,0.01,162.66,59.32,83
2026-09-26T00:26:33.333645+00:00,btc-updown-15m-1790382600,15,4927958,41200238704969664518565419263234852821751963715216011590651643090604634140607,2026-09-26T00:30:00+00:00,2026-09-26T00:45:00+00:00,18.45,0.5,0.51,0.505,0.01,90.62,225.69,95
2026-09-26T00:27:34.198223+00:00,btc-updown-5m-1790382300,5,4927947,24656835543752814637983665873409170494057536975099797435125738507398491701486,2026-09-26T00:25:00+00:00,2026-09-26T00:30:00+00:00,2.43,0.13,0.14,0.135,0.01,196.91,694.22,99
2026-09-26T00:27:34.198223+00:00,btc-updown-5m-1790382600,5,4927963,43936255407802084659797889861387799307927096124793035064636062231548934311769,2026-09-26T00:30:00+00:00,2026-09-26T00:35:00+00:00,7.43,0.5,0.51,0.505,0.01,89.5,252.14,99
2026-09-26T00:27:34.198223+00:00,btc-updown-15m-1790381700,15,4927890,4767819702639168860781568294879560600085325965102732383657953384702802249331,2026-09-26T00:15:00+00:00,2026-09-26T00:30:00+00:00,2.43,0.07,0.08,0.075,0.01,0.84,463.75,79
2026-09-26T00:27:34.198223+00:00,btc-updown-15m-1790382600,15,4927958,41200238704969664518565419263234852821751963715216011590651643090604634140607,2026-09-26T00:30:00+00:00,2026-09-26T00:45:00+00:00,17.43,0.5,0.51,0.505,0.01,105.0,165.08,95
2026-09-26T00:28:35.062656+00:00,btc-updown-5m-1790382300,5,4927947,24656835543752814637983665873409170494057536975099797435125738507398491701486,2026-09-26T00:25:00+00:00,2026-09-26T00:30:00+00:00,1.42,0.02,0.03,0.025,0.01,749.16,962.34,99
2026-09-26T00:28:35.062656+00:00,btc-updown-5m-1790382600,5,4927963,43936255407802084659797889861387799307927096124793035064636062231548934311769,2026-09-26T00:30:00+00:00,2026-09-26T00:35:00+00:00,6.42,0.5,0.51,0.505,0.01,17.46,23.78,99
2026-09-26T00:28:35.062656+00:00,btc-updown-15m-1790382600,15,4927958,41200238704969664518565419263234852821751963715216011590651643090604634140607,2026-09-26T00:30:00+00:00,2026-09-26T00:45:00+00:00,16.42,0.5,0.51,0.505,0.01,255.0,165.08,95
2026-09-26T00:29:35.874911+00:00,btc-updown-5m-1790382600,5,4927963,43936255407802084659797889861387799307927096124793035064636062231548934311769,2026-09-26T00:30:00+00:00,2026-09-26T00:35:00+00:00,5.42,0.53,0.54,0.535,0.01,50.0,333.14,99
2026-09-26T00:29:35.874911+00:00,btc-updown-15m-1790382600,15,4927958,41200238704969664518565419263234852821751963715216011590651643090604634140607,2026-09-26T00:30:00+00:00,2026-09-26T00:45:00+00:00,15.42,0.5,0.51,0.505,0.01,287.81,74.02,91
2026-09-26T00:30:36.560864+00:00,btc-updown-5m-1790382600,5,4927963,43936255407802084659797889861387799307927096124793035064636062231548934311769,2026-09-26T00:30:00+00:00,2026-09-26T00:35:00+00:00,4.4,0.55,0.56,0.555,0.01,87.63,95.0,99
2026-09-26T00:30:36.560864+00:00,btc-updown-5m-1790382900,5,4928014,93168070206057060067334714823399929333301046248947207752538596598855553724821,2026-09-26T00:35:00+00:00,2026-09-26T00:40:00+00:00,9.4,0.5,0.51,0.505,0.01,520.0,280.38,99
2026-09-26T00:30:36.560864+00:00,btc-updown-15m-1790382600,15,4927958,41200238704969664518565419263234852821751963715216011590651643090604634140607,2026-09-26T00:30:00+00:00,2026-09-26T00:45:00+00:00,14.4,0.54,0.55,0.545,0.01,146.0,368.5,97
2026-09-26T00:30:36.560864+00:00,btc-updown-15m-1790383500,15,4928083,35432024543077525467897324674462045874745790986592599422754798639045872350210,2026-09-26T00:45:00+00:00,2026-09-26T01:00:00+00:00,29.4,0.5,0.51,0.505,0.01,323.39,103.53,91
2026-09-26T05:31:35.049112+00:00,btc-updown-5m-1790400600,5,4944030,51416625323418180719993379759907624564758297557876737573560910769677209482555,2026-09-26T05:30:00+00:00,2026-09-26T05:35:00+00:00,3.42,0.33,0.34,0.335,0.01,1.41,566.6,99
2026-09-26T05:31:35.049112+00:00,btc-updown-5m-1790400900,5,4944079,99636431086571343918506599466679138769820058580427693946260783085761622889604,2026-09-26T05:35:00+00:00,2026-09-26T05:40:00+00:00,8.42,0.5,0.51,0.505,0.01,174.0,173.13,99
2026-09-26T05:31:35.049112+00:00,btc-updown-15m-1790400600,15,4944031,73501232279639616905007426664386175269178695472190439587777537639508764806637,2026-09-26T05:30:00+00:00,2026-09-26T05:45:00+00:00,13.42,0.43,0.44,0.435,0.01,476.76,30.0,91
2026-09-26T05:31:35.049112+00:00,btc-updown-15m-1790401500,15,4944128,81643885588075133233287878685005428419659024700352845798046414423287426378940,2026-09-26T05:45:00+00:00,2026-09-26T06:00:00+00:00,28.42,0.5,0.51,0.505,0.01,503.24,323.93,99
2026-09-26T05:32:36.263058+00:00,btc-updown-5m-1790400600,5,4944030,51416625323418180719993379759907624564758297557876737573560910769677209482555,2026-09-26T05:30:00+00:00,2026-09-26T05:35:00+00:00,2.4,0.06,0.07,0.065,0.01,48.59,547.51,99
2026-09-26T05:32:36.263058+00:00,btc-updown-5m-1790400900,5,4944079,99636431086571343918506599466679138769820058580427693946260783085761622889604,2026-09-26T05:35:00+00:00,2026-09-26T05:40:00+00:00,7.4,0.5,0.51,0.505,0.01,68.0,104.11,99
2026-09-26T05:32:36.263058+00:00,btc-updown-15m-1790400600,15,4944031,73501232279639616905007426664386175269178695472190439587777537639508764806637,2026-09-26T05:30:00+00:00,2026-09-26T05:45:00+00:00,12.4,0.34,0.35,0.345,0.01,45.0,149.32,89
2026-09-26T05:32:36.263058+00:00,btc-updown-15m-1790401500,15,4944128,81643885588075133233287878685005428419659024700352845798046414423287426378940,2026-09-26T05:45:00+00:00,2026-09-26T06:00:00+00:00,27.4,0.5,0.51,0.505,0.01,503.24,323.93,99
2026-09-26T05:33:37.401338+00:00,btc-updown-5m-1790400600,5,4944030,51416625323418180719993379759907624564758297557876737573560910769677209482555,2026-09-26T05:30:00+00:00,2026-09-26T05:35:00+00:00,1.38,0.02,0.03,0.025,0.01,173.13,965.64,99
2026-09-26T05:33:37.401338+00:00,btc-updown-5m-1790400900,5,4944079,99636431086571343918506599466679138769820058580427693946260783085761622889604,2026-09-26T05:35:00+00:00,2026-09-26T05:40:00+00:00,6.38,0.5,0.51,0.505,0.01,138.0,21.96,98
2026-09-26T05:33:37.401338+00:00,btc-updown-15m-1790400600,15,4944031,73501232279639616905007426664386175269178695472190439587777537639508764806637,2026-09-26T05:30:00+00:00,2026-09-26T05:45:00+00:00,11.38,0.29,0.3,0.295,0.01,79.0,142.61,89
2026-09-26T05:33:37.401338+00:00,btc-updown-15m-1790401500,15,4944128,81643885588075133233287878685005428419659024700352845798046414423287426378940,2026-09-26T05:45:00+00:00,2026-09-26T06:00:00+00:00,26.38,0.5,0.51,0.505,0.01,473.24,374.95,99
2026-09-26T05:34:38.535893+00:00,btc-updown-5m-1790400900,5,4944079,99636431086571343918506599466679138769820058580427693946260783085761622889604,2026-09-26T05:35:00+00:00,2026-09-26T05:40:00+00:00,5.37,0.5,0.51,0.505,0.01,35.62,60.0,99
2026-09-26T05:34:38.535893+00:00,btc-updown-15m-1790400600,15,4944031,73501232279639616905007426664386175269178695472190439587777537639508764806637,2026-09-26T05:30:00+00:00,2026-09-26T05:45:00+00:00,10.37,0.3,0.31,0.305,0.01,319.59,33.54,90
2026-09-26T05:34:38.535893+00:00,btc-updown-15m-1790401500,15,4944128,81643885588075133233287878685005428419659024700352845798046414423287426378940,2026-09-26T05:45:00+00:00,2026-09-26T06:00:00+00:00,25.37,0.5,0.51,0.505,0.01,363.24,374.95,99
2026-09-26T05:35:39.614551+00:00,btc-updown-5m-1790400900,5,4944079,99636431086571343918506599466679138769820058580427693946260783085761622889604,2026-09-26T05:35:00+00:00,2026-09-26T05:40:00+00:00,4.35,0.44,0.45,0.445,0.01,4.55,529.5,99
2026-09-26T05:35:39.614551+00:00,btc-updown-5m-1790401200,5,4944119,88703933783086684172717746626704563435672101574978385474388513370193244635253,2026-09-26T05:40:00+00:00,2026-09-26T05:45:00+00:00,9.35,0.54,0.55,0.545,0.01,126.49,119.65,99
2026-09-26T05:35:39.614551+00:00,btc-updown-15m-1790400600,15,4944031,73501232279639616905007426664386175269178695472190439587777537639508764806637,2026-09-26T05:30:00+00:00,2026-09-26T05:45:00+00:00,9.35,0.27,0.28,0.275,0.01,156.56,85.59,87
2026-09-26T05:35:39.614551+00:00,btc-updown-15m-1790401500,15,4944128,81643885588075133233287878685005428419659024700352845798046414423287426378940,2026-09-26T05:45:00+00:00,2026-09-26T06:00:00+00:00,24.35,0.5,0.51,0.505,0.01,393.24,374.95,99
2026-09-26T05:36:40.725134+00:00,btc-updown-5m-1790400900,5,4944079,99636431086571343918506599466679138769820058580427693946260783085761622889604,2026-09-26T05:35:00+00:00,2026-09-26T05:40:00+00:00,3.33,0.34,0.35,0.345,0.01,32.0,594.73,99
2026-09-26T05:36:40.725134+00:00,btc-updown-5m-1790401200,5,4944119,88703933783086684172717746626704563435672101574978385474388513370193244635253,2026-09-26T05:40:00+00:00,2026-09-26T05:45:00+00:00,8.33,0.54,0.55,0.545,0.01,124.31,174.65,99
2026-09-26T05:36:40.725134+00:00,btc-updown-15m-1790400600,15,4944031,73501232279639616905007426664386175269178695472190439587777537639508764806637,2026-09-26T05:30:00+00:00,2026-09-26T05:45:00+00:00,8.33,0.26,0.27,0.265,0.01,5.0,216.99,87
2026-09-26T05:36:40.725134+00:00,btc-updown-15m-1790401500,15,4944128,81643885588075133233287878685005428419659024700352845798046414423287426378940,2026-09-26T05:45:00+00:00,2026-09-26T06:00:00+00:00,23.33,0.5,0.51,0.505,0.01,568.24,374.95,99
2026-09-26T05:37:41.864941+00:00,btc-updown-5m-1790400900,5,4944079,99636431086571343918506599466679138769820058580427693946260783085761622889604,2026-09-26T05:35:00+00:00,2026-09-26T05:40:00+00:00,2.32,0.92,0.93,0.925,0.01,138.93,304.66,99
2026-09-26T05:37:41.864941+00:00,btc-updown-5m-1790401200,5,4944119,88703933783086684172717746626704563435672101574978385474388513370193244635253,2026-09-26T05:40:00+00:00,2026-09-26T05:45:00+00:00,7.32,0.54,0.55,0.545,0.01,124.31,174.65,99
2026-09-26T05:37:41.864941+00:00,btc-updown-15m-1790400600,15,4944031,73501232279639616905007426664386175269178695472190439587777537639508764806637,2026-09-26T05:30:00+00:00,2026-09-26T05:45:00+00:00,7.32,0.48,0.49,0.485,0.01,143.37,25.0,92
2026-09-26T05:37:41.864941+00:00,btc-updown-15m-1790401500,15,4944128,81643885588075133233287878685005428419659024700352845798046414423287426378940,2026-09-26T05:45:00+00:00,2026-09-26T06:00:00+00:00,22.32,0.5,0.51,0.505,0.01,353.24,374.95,99
2026-09-26T05:38:43.013024+00:00,btc-updown-5m-1790401200,5,4944119,88703933783086684172717746626704563435672101574978385474388513370193244635253,2026-09-26T05:40:00+00:00,2026-09-26T05:45:00+00:00,6.28,0.54,0.55,0.545,0.01,130.61,73.63,99
2026-09-26T05:38:43.013024+00:00,btc-updown-15m-1790400600,15,4944031,73501232279639616905007426664386175269178695472190439587777537639508764806637,2026-09-26T05:30:00+00:00,2026-09-26T05:45:00+00:00,6.28,0.63,0.64,0.635,0.01,149.51,35.0,87
2026-09-26T05:38:43.013024+00:00,btc-updown-15m-1790401500,15,4944128,81643885588075133233287878685005428419659024700352845798046414423287426378940,2026-09-26T05:45:00+00:00,2026-09-26T06:00:00+00:00,21.28,0.5,0.51,0.505,0.01,408.24,323.93,99
2026-09-26T05:39:44.046853+00:00,btc-updown-5m-1790401200,5,4944119,88703933783086684172717746626704563435672101574978385474388513370193244635253,2026-09-26T05:40:00+00:00,2026-09-26T05:45:00+00:00,5.27,0.59,0.6,0.595,0.01,60.0,13.14,99
2026-09-26T05:39:44.046853+00:00,btc-updown-15m-1790400600,15,4944031,73501232279639616905007426664386175269178695472190439587777537639508764806637,2026-09-26T05:30:00+00:00,2026-09-26T05:45:00+00:00,5.27,0.83,0.84,0.835,0.01,269.37,17.06,83
2026-09-26T05:39:44.046853+00:00,btc-updown-15m-1790401500,15,4944128,81643885588075133233287878685005428419659024700352845798046414423287426378940,2026-09-26T05:45:00+00:00,2026-09-26T06:00:00+00:00,20.27,0.5,0.51,0.505,0.01,388.24,328.93,99
2026-09-26T05:40:45.116624+00:00,btc-updown-5m-1790401200,5,4944119,88703933783086684172717746626704563435672101574978385474388513370193244635253,2026-09-26T05:40:00+00:00,2026-09-26T05:45:00+00:00,4.25,0.38,0.39,0.385,0.01,674.72,20.0,99
2026-09-26T05:40:45.116624+00:00,btc-updown-5m-1790401500,5,4944131,18727552025266764966586938113766036046195441582284399785318783523313703148742,2026-09-26T05:45:00+00:00,2026-09-26T05:50:00+00:00,9.25,0.5,0.51,0.505,0.01,244.0,288.1,99
2026-09-26T05:40:45.116624+00:00,btc-updown-15m-1790400600,15,4944031,73501232279639616905007426664386175269178695472190439587777537639508764806637,2026-09-26T05:30:00+00:00,2026-09-26T05:45:00+00:00,4.25,0.73,0.74,0.735,0.01,297.92,25.0,83
2026-09-26T05:40:45.116624+00:00,btc-updown-15m-1790401500,15,4944128,81643885588075133233287878685005428419659024700352845798046414423287426378940,2026-09-26T05:45:00+00:00,2026-09-26T06:00:00+00:00,19.25,0.5,0.51,0.505,0.01,388.24,268.93,99
2026-09-26T05:41:46.268379+00:00,btc-updown-5m-1790401200,5,4944119,88703933783086684172717746626704563435672101574978385474388513370193244635253,2026-09-26T05:40:00+00:00,2026-09-26T05:45:00+00:00,3.23,0.55,0.56,0.555,0.01,117.5,230.29,99
2026-09-26T05:41:46.268379+00:00,btc-updown-5m-1790401500,5,4944131,18727552025266764966586938113766036046195441582284399785318783523313703148742,2026-09-26T05:45:00+00:00,2026-09-26T05:50:00+00:00,8.23,0.5,0.51,0.505,0.01,237.0,283.1,99
2026-09-26T05:41:46.268379+00:00,btc-updown-15m-1790400600,15,4944031,73501232279639616905007426664386175269178695472190439587777537639508764806637,2026-09-26T05:30:00+00:00,2026-09-26T05:45:00+00:00,3.23,0.89,0.9,0.895,0.01,74.99,154.78,78
2026-09-26T05:41:46.268379+00:00,btc-updown-15m-1790401500,15,4944128,81643885588075133233287878685005428419659024700352845798046414423287426378940,2026-09-26T05:45:00+00:00,2026-09-26T06:00:00+00:00,18.23,0.5,0.51,0.505,0.01,381.2,293.93,99
2026-09-26T05:42:47.376995+00:00,btc-updown-5m-1790401200,5,4944119,88703933783086684172717746626704563435672101574978385474388513370193244635253,2026-09-26T05:40:00+00:00,2026-09-26T05:45:00+00:00,2.22,0.47,0.48,0.475,0.01,715.86,46.0,98
2026-09-26T05:42:47.376995+00:00,btc-updown-5m-1790401500,5,4944131,18727552025266764966586938113766036046195441582284399785318783523313703148742,2026-09-26T05:45:00+00:00,2026-09-26T05:50:00+00:00,7.22,0.5,0.51,0.505,0.01,237.0,288.45,99
2026-09-26T05:42:47.376995+00:00,btc-updown-15m-1790400600,15,4944031,73501232279639616905007426664386175269178695472190439587777537639508764806637,2026-09-26T05:30:00+00:00,2026-09-26T05:45:00+00:00,2.22,0.91,0.92,0.915,0.01,319.94,5.0,76
2026-09-26T05:42:47.376995+00:00,btc-updown-15m-1790401500,15,4944128,81643885588075133233287878685005428419659024700352845798046414423287426378940,2026-09-26T05:45:00+00:00,2026-09-26T06:00:00+00:00,17.22,0.51,0.52,0.515,0.01,40.0,45.0,99
2026-09-26T05:43:48.511953+00:00,btc-updown-5m-1790401200,5,4944119,88703933783086684172717746626704563435672101574978385474388513370193244635253,2026-09-26T05:40:00+00:00,2026-09-26T05:45:00+00:00,1.2,0.46,0.47,0.465,0.01,397.74,112.01,99
2026-09-26T05:43:48.511953+00:00,btc-updown-5m-1790401500,5,4944131,18727552025266764966586938113766036046195441582284399785318783523313703148742,2026-09-26T05:45:00+00:00,2026-09-26T05:50:00+00:00,6.2,0.5,0.51,0.505,0.01,237.0,283.45,99
2026-09-26T05:43:48.511953+00:00,btc-updown-15m-1790400600,15,4944031,73501232279639616905007426664386175269178695472190439587777537639508764806637,2026-09-26T05:30:00+00:00,2026-09-26T05:45:00+00:00,1.2,0.97,0.98,0.975,0.01,115.0,328.27,48
2026-09-26T05:43:48.511953+00:00,btc-updown-15m-1790401500,15,4944128,81643885588075133233287878685005428419659024700352845798046414423287426378940,2026-09-26T05:45:00+00:00,2026-09-26T06:00:00+00:00,16.2,0.51,0.52,0.515,0.01,35.0,324.15,99
2026-09-26T05:44:49.627742+00:00,btc-updown-5m-1790401200,5,4944119,88703933783086684172717746626704563435672101574978385474388513370193244635253,2026-09-26T05:40:00+00:00,2026-09-26T05:45:00+00:00,0.18,0.02,0.03,0.025,0.01,261.73,492.44,53
2026-09-26T05:44:49.627742+00:00,btc-updown-5m-1790401500,5,4944131,18727552025266764966586938113766036046195441582284399785318783523313703148742,2026-09-26T05:45:00+00:00,2026-09-26T05:50:00+00:00,5.18,0.51,0.52,0.515,0.01,102.81,125.24,99
2026-09-26T05:44:49.627742+00:00,btc-updown-15m-1790401500,15,4944128,81643885588075133233287878685005428419659024700352845798046414423287426378940,2026-09-26T05:45:00+00:00,2026-09-26T06:00:00+00:00,15.18,0.51,0.52,0.515,0.01,165.0,336.44,87
2026-09-26T05:45:50.743781+00:00,btc-updown-5m-1790401500,5,4944131,18727552025266764966586938113766036046195441582284399785318783523313703148742,2026-09-26T05:45:00+00:00,2026-09-26T05:50:00+00:00,4.17,0.7,0.71,0.705,0.01,92.5,422.77,99
2026-09-26T05:45:50.743781+00:00,btc-updown-5m-1790401800,5,4944147,48786318154184122274024811102292392022423791119714114991709533857296179979427,2026-09-26T05:50:00+00:00,2026-09-26T05:55:00+00:00,9.17,0.5,0.51,0.505,0.01,30.0,184.26,99
2026-09-26T05:45:50.743781+00:00,btc-updown-15m-1790401500,15,4944128,81643885588075133233287878685005428419659024700352845798046414423287426378940,2026-09-26T05:45:00+00:00,2026-09-26T06:00:00+00:00,14.17,0.6,0.61,0.605,0.01,122.17,124.65,91
2026-09-26T05:45:50.743781+00:00,btc-updown-15m-1790402400,15,4944183,52341990172005822598474862648454656080894632649853847815316515566178988031774,2026-09-26T06:00:00+00:00,2026-09-26T06:15:00+00:00,29.17,0.5,0.51,0.505,0.01,188.84,145.92,91
2026-09-26T05:46:51.835818+00:00,btc-updown-5m-1790401500,5,4944131,18727552025266764966586938113766036046195441582284399785318783523313703148742,2026-09-26T05:45:00+00:00,2026-09-26T05:50:00+00:00,3.15,0.91,0.92,0.915,0.01,528.88,60.0,99
2026-09-26T05:46:51.835818+00:00,btc-updown-5m-1790401800,5,4944147,48786318154184122274024811102292392022423791119714114991709533857296179979427,2026-09-26T05:50:00+00:00,2026-09-26T05:55:00+00:00,8.15,0.49,0.5,0.495,0.01,75.19,69.0,99
2026-09-26T05:46:51.835818+00:00,btc-updown-15m-1790401500,15,4944128,81643885588075133233287878685005428419659024700352845798046414423287426378940,2026-09-26T05:45:00+00:00,2026-09-26T06:00:00+00:00,13.15,0.67,0.68,0.675,0.01,261.02,12.64,88
2026-09-26T05:46:51.835818+00:00,btc-updown-15m-1790402400,15,4944183,52341990172005822598474862648454656080894632649853847815316515566178988031774,2026-09-26T06:00:00+00:00,2026-09-26T06:15:00+00:00,28.15,0.5,0.51,0.505,0.01,163.84,145.92,93
2026-09-26T05:47:52.978976+00:00,btc-updown-5m-1790401500,5,4944131,18727552025266764966586938113766036046195441582284399785318783523313703148742,2026-09-26T05:45:00+00:00,2026-09-26T05:50:00+00:00,2.13,0.94,0.95,0.945,0.01,125.64,619.06,99
2026-09-26T05:47:52.978976+00:00,btc-updown-5m-1790401800,5,4944147,48786318154184122274024811102292392022423791119714114991709533857296179979427,2026-09-26T05:50:00+00:00,2026-09-26T05:55:00+00:00,7.13,0.48,0.49,0.485,0.01,87.0,90.78,99
2026-09-26T05:47:52.978976+00:00,btc-updown-15m-1790401500,15,4944128,81643885588075133233287878685005428419659024700352845798046414423287426378940,2026-09-26T05:45:00+00:00,2026-09-26T06:00:00+00:00,12.13,0.65,0.66,0.655,0.01,185.65,248.82,85
2026-09-26T05:47:52.978976+00:00,btc-updown-15m-1790402400,15,4944183,52341990172005822598474862648454656080894632649853847815316515566178988031774,2026-09-26T06:00:00+00:00,2026-09-26T06:15:00+00:00,27.13,0.5,0.51,0.505,0.01,188.84,225.92,93
2026-09-26T05:48:54.084332+00:00,btc-updown-5m-1790401800,5,4944147,48786318154184122274024811102292392022423791119714114991709533857296179979427,2026-09-26T05:50:00+00:00,2026-09-26T05:55:00+00:00,6.1,0.48,0.49,0.485,0.01,60.45,54.88,99
2026-09-26T05:48:54.084332+00:00,btc-updown-15m-1790401500,15,4944128,81643885588075133233287878685005428419659024700352845798046414423287426378940,2026-09-26T05:45:00+00:00,2026-09-26T06:00:00+00:00,11.1,0.66,0.67,0.665,0.01,304.07,30.0,86
2026-09-26T05:48:54.084332+00:00,btc-updown-15m-1790402400,15,4944183,52341990172005822598474862648454656080894632649853847815316515566178988031774,2026-09-26T06:00:00+00:00,2026-09-26T06:15:00+00:00,26.1,0.5,0.51,0.505,0.01,158.84,256.53,93
2026-09-26T05:49:55.115005+00:00,btc-updown-5m-1790401800,5,4944147,48786318154184122274024811102292392022423791119714114991709533857296179979427,2026-09-26T05:50:00+00:00,2026-09-26T05:55:00+00:00,5.08,0.5,0.51,0.505,0.01,184.62,82.12,99
2026-09-26T05:49:55.115005+00:00,btc-updown-15m-1790401500,15,4944128,81643885588075133233287878685005428419659024700352845798046414423287426378940,2026-09-26T05:45:00+00:00,2026-09-26T06:00:00+00:00,10.08,0.69,0.7,0.695,0.01,236.25,8.0,88
2026-09-26T05:49:55.115005+00:00,btc-updown-15m-1790402400,15,4944183,52341990172005822598474862648454656080894632649853847815316515566178988031774,2026-09-26T06:00:00+00:00,2026-09-26T06:15:00+00:00,25.08,0.5,0.51,0.505,0.01,158.84,286.53,93
2026-09-26T05:50:56.125310+00:00,btc-updown-5m-1790401800,5,4944147,48786318154184122274024811102292392022423791119714114991709533857296179979427,2026-09-26T05:50:00+00:00,2026-09-26T05:55:00+00:00,4.07,0.54,0.55,0.545,0.01,10.0,375.73,99
2026-09-26T05:50:56.125310+00:00,btc-updown-5m-1790402100,5,4944163,88255047884885073021921253648825425952701176979263405705625220102169306126093,2026-09-26T05:55:00+00:00,2026-09-26T06:00:00+00:00,9.07,0.49,0.5,0.495,0.01,185.38,45.0,99
2026-09-26T05:50:56.125310+00:00,btc-updown-15m-1790401500,15,4944128,81643885588075133233287878685005428419659024700352845798046414423287426378940,2026-09-26T05:45:00+00:00,2026-09-26T06:00:00+00:00,9.07,0.72,0.73,0.725,0.01,111.08,210.55,87
2026-09-26T05:50:56.125310+00:00,btc-updown-15m-1790402400,15,4944183,52341990172005822598474862648454656080894632649853847815316515566178988031774,2026-09-26T06:00:00+00:00,2026-09-26T06:15:00+00:00,24.07,0.5,0.51,0.505,0.01,158.84,286.53,93
2026-09-26T05:51:57.248328+00:00,btc-updown-5m-1790401800,5,4944147,48786318154184122274024811102292392022423791119714114991709533857296179979427,2026-09-26T05:50:00+00:00,2026-09-26T05:55:00+00:00,3.05,0.04,0.05,0.045,0.01,533.31,151.15,99
2026-09-26T05:51:57.248328+00:00,btc-updown-5m-1790402100,5,4944163,88255047884885073021921253648825425952701176979263405705625220102169306126093,2026-09-26T05:55:00+00:00,2026-09-26T06:00:00+00:00,8.05,0.49,0.5,0.495,0.01,184.49,35.0,99
2026-09-26T05:51:57.248328+00:00,btc-updown-15m-1790401500,15,4944128,81643885588075133233287878685005428419659024700352845798046414423287426378940,2026-09-26T05:45:00+00:00,2026-09-26T06:00:00+00:00,8.05,0.3,0.31,0.305,0.01,193.4,136.47,83
2026-09-26T05:51:57.248328+00:00,btc-updown-15m-1790402400,15,4944183,52341990172005822598474862648454656080894632649853847815316515566178988031774,2026-09-26T06:00:00+00:00,2026-09-26T06:15:00+00:00,23.05,0.5,0.51,0.505,0.01,153.84,146.53,93
2026-09-26T05:52:58.361774+00:00,btc-updown-5m-1790401800,5,4944147,48786318154184122274024811102292392022423791119714114991709533857296179979427,2026-09-26T05:50:00+00:00,2026-09-26T05:55:00+00:00,2.03,0.01,0.02,0.015,0.01,2919.23,256.96,106
2026-09-26T05:52:58.361774+00:00,btc-updown-5m-1790402100,5,4944163,88255047884885073021921253648825425952701176979263405705625220102169306126093,2026-09-26T05:55:00+00:00,2026-09-26T06:00:00+00:00,7.03,0.49,0.5,0.495,0.01,178.59,35.0,99
2026-09-26T05:52:58.361774+00:00,btc-updown-15m-1790401500,15,4944128,81643885588075133233287878685005428419659024700352845798046414423287426378940,2026-09-26T05:45:00+00:00,2026-09-26T06:00:00+00:00,7.03,0.3,0.31,0.305,0.01,78.04,222.34,85
2026-09-26T05:52:58.361774+00:00,btc-updown-15m-1790402400,15,4944183,52341990172005822598474862648454656080894632649853847815316515566178988031774,2026-09-26T06:00:00+00:00,2026-09-26T06:15:00+00:00,22.03,0.5,0.51,0.505,0.01,156.84,126.92,93
2026-09-26T05:53:59.484532+00:00,btc-updown-5m-1790402100,5,4944163,88255047884885073021921253648825425952701176979263405705625220102169306126093,2026-09-26T05:55:00+00:00,2026-09-26T06:00:00+00:00,6.02,0.5,0.51,0.505,0.01,43.0,240.37,99
2026-09-26T05:53:59.484532+00:00,btc-updown-15m-1790401500,15,4944128,81643885588075133233287878685005428419659024700352845798046414423287426378940,2026-09-26T05:45:00+00:00,2026-09-26T06:00:00+00:00,6.02,0.17,0.18,0.175,0.01,163.5,67.98,81
2026-09-26T05:53:59.484532+00:00,btc-updown-15m-1790402400,15,4944183,52341990172005822598474862648454656080894632649853847815316515566178988031774,2026-09-26T06:00:00+00:00,2026-09-26T06:15:00+00:00,21.02,0.5,0.51,0.505,0.01,131.84,126.92,93
2026-09-26T05:55:00.663891+00:00,btc-updown-5m-1790402100,5,4944163,88255047884885073021921253648825425952701176979263405705625220102169306126093,2026-09-26T05:55:00+00:00,2026-09-26T06:00:00+00:00,5.0,0.38,0.41,0.395,0.03,110.0,20.33,94
2026-09-26T05:55:00.663891+00:00,btc-updown-5m-1790402400,5,4944188,29132322604612262026509404844973195842944997840789664576467858472955561188856,2026-09-26T06:00:00+00:00,2026-09-26T06:05:00+00:00,10.0,0.5,0.51,0.505,0.01,100.0,266.02,99
2026-09-26T05:55:00.663891+00:00,btc-updown-15m-1790401500,15,4944128,81643885588075133233287878685005428419659024700352845798046414423287426378940,2026-09-26T05:45:00+00:00,2026-09-26T06:00:00+00:00,5.0,0.07,0.08,0.075,0.01,201.23,73.86,84
2026-09-26T05:55:00.663891+00:00,btc-updown-15m-1790402400,15,4944183,52341990172005822598474862648454656080894632649853847815316515566178988031774,2026-09-26T06:00:00+00:00,2026-09-26T06:15:00+00:00,20.0,0.5,0.51,0.505,0.01,156.84,126.92,93
2026-09-26T05:56:01.800845+00:00,btc-updown-5m-1790402100,5,4944163,88255047884885073021921253648825425952701176979263405705625220102169306126093,2026-09-26T05:55:00+00:00,2026-09-26T06:00:00+00:00,3.98,0.57,0.58,0.575,0.01,223.03,119.82,99
2026-09-26T05:56:01.800845+00:00,btc-updown-5m-1790402400,5,4944188,29132322604612262026509404844973195842944997840789664576467858472955561188856,2026-09-26T06:00:00+00:00,2026-09-26T06:05:00+00:00,8.98,0.5,0.51,0.505,0.01,171.0,180.78,99
2026-09-26T05:56:01.800845+00:00,btc-updown-15m-1790401500,15,4944128,81643885588075133233287878685005428419659024700352845798046414423287426378940,2026-09-26T05:45:00+00:00,2026-09-26T06:00:00+00:00,3.98,0.17,0.18,0.175,0.01,46.19,142.2,83
2026-09-26T05:56:01.800845+00:00,btc-updown-15m-1790402400,15,4944183,52341990172005822598474862648454656080894632649853847815316515566178988031774,2026-09-26T06:00:00+00:00,2026-09-26T06:15:00+00:00,18.98,0.5,0.51,0.505,0.01,156.84,121.93,93
2026-09-26T05:57:02.939527+00:00,btc-updown-5m-1790402100,5,4944163,88255047884885073021921253648825425952701176979263405705625220102169306126093,2026-09-26T05:55:00+00:00,2026-09-26T06:00:00+00:00,2.97,0.61,0.62,0.615,0.01,75.0,704.0,99
2026-09-26T05:57:02.939527+00:00,btc-updown-5m-1790402400,5,4944188,29132322604612262026509404844973195842944997840789664576467858472955561188856,2026-09-26T06:00:00+00:00,2026-09-26T06:05:00+00:00,7.97,0.5,0.51,0.505,0.01,167.0,178.81,99
2026-09-26T05:57:02.939527+00:00,btc-updown-15m-1790401500,15,4944128,81643885588075133233287878685005428419659024700352845798046414423287426378940,2026-09-26T05:45:00+00:00,2026-09-26T06:00:00+00:00,2.97,0.09,0.1,0.095,0.01,148.78,109.49,78
2026-09-26T05:57:02.939527+00:00,btc-updown-15m-1790402400,15,4944183,52341990172005822598474862648454656080894632649853847815316515566178988031774,2026-09-26T06:00:00+00:00,2026-09-26T06:15:00+00:00,17.97,0.5,0.51,0.505,0.01,161.84,121.93,93
2026-09-26T05:58:04.041427+00:00,btc-updown-5m-1790402100,5,4944163,88255047884885073021921253648825425952701176979263405705625220102169306126093,2026-09-26T05:55:00+00:00,2026-09-26T06:00:00+00:00,1.93,0.23,0.24,0.235,0.01,50.0,437.93,99
2026-09-26T05:58:04.041427+00:00,btc-updown-5m-1790402400,5,4944188,29132322604612262026509404844973195842944997840789664576467858472955561188856,2026-09-26T06:00:00+00:00,2026-09-26T06:05:00+00:00,6.93,0.5,0.51,0.505,0.01,87.0,173.81,99
2026-09-26T05:58:04.041427+00:00,btc-updown-15m-1790401500,15,4944128,81643885588075133233287878685005428419659024700352845798046414423287426378940,2026-09-26T05:45:00+00:00,2026-09-26T06:00:00+00:00,1.93,0.01,0.02,0.015,0.01,360.65,76.88,78
2026-09-26T05:58:04.041427+00:00,btc-updown-15m-1790402400,15,4944183,52341990172005822598474862648454656080894632649853847815316515566178988031774,2026-09-26T06:00:00+00:00,2026-09-26T06:15:00+00:00,16.93,0.5,0.51,0.505,0.01,116.84,172.95,93
2026-09-26T05:59:05.128750+00:00,btc-updown-5m-1790402100,5,4944163,88255047884885073021921253648825425952701176979263405705625220102169306126093,2026-09-26T05:55:00+00:00,2026-09-26T06:00:00+00:00,0.92,0.73,0.74,0.735,0.01,8.28,166.9,77
2026-09-26T05:59:05.128750+00:00,btc-updown-5m-1790402400,5,4944188,29132322604612262026509404844973195842944997840789664576467858472955561188856,2026-09-26T06:00:00+00:00,2026-09-26T06:05:00+00:00,5.92,0.49,0.5,0.495,0.01,33.0,272.1,99
2026-09-26T05:59:05.128750+00:00,btc-updown-15m-1790402400,15,4944183,52341990172005822598474862648454656080894632649853847815316515566178988031774,2026-09-26T06:00:00+00:00,2026-09-26T06:15:00+00:00,15.92,0.5,0.51,0.505,0.01,266.84,140.98,91
2026-09-26T06:00:06.309364+00:00,btc-updown-5m-1790402400,5,4944188,29132322604612262026509404844973195842944997840789664576467858472955561188856,2026-09-26T06:00:00+00:00,2026-09-26T06:05:00+00:00,4.9,0.47,0.48,0.475,0.01,6.0,1045.95,98
2026-09-26T06:00:06.309364+00:00,btc-updown-5m-1790402700,5,4944195,81226560559782132764715278904358545140073056941888832175436622769779417439895,2026-09-26T06:05:00+00:00,2026-09-26T06:10:00+00:00,9.9,0.5,0.51,0.505,0.01,101.0,266.35,99
2026-09-26T06:00:06.309364+00:00,btc-updown-15m-1790402400,15,4944183,52341990172005822598474862648454656080894632649853847815316515566178988031774,2026-09-26T06:00:00+00:00,2026-09-26T06:15:00+00:00,14.9,0.51,0.52,0.515,0.01,4.69,280.66,98
2026-09-26T06:00:06.309364+00:00,btc-updown-15m-1790403300,15,4944325,4842134815951831459185375779863785454164371633688847332314395316202743328679,2026-09-26T06:15:00+00:00,2026-09-26T06:30:00+00:00,29.9,0.49,0.5,0.495,0.01,145.92,50.0,97
2026-09-26T06:01:07.432285+00:00,btc-updown-5m-1790402400,5,4944188,29132322604612262026509404844973195842944997840789664576467858472955561188856,2026-09-26T06:00:00+00:00,2026-09-26T06:05:00+00:00,3.88,0.68,0.69,0.685,0.01,155.32,389.27,99
2026-09-26T06:01:07.432285+00:00,btc-updown-5m-1790402700,5,4944195,81226560559782132764715278904358545140073056941888832175436622769779417439895,2026-09-26T06:05:00+00:00,2026-09-26T06:10:00+00:00,8.88,0.5,0.51,0.505,0.01,532.0,170.81,99
2026-09-26T06:01:07.432285+00:00,btc-updown-15m-1790402400,15,4944183,52341990172005822598474862648454656080894632649853847815316515566178988031774,2026-09-26T06:00:00+00:00,2026-09-26T06:15:00+00:00,13.88,0.56,0.57,0.565,0.01,222.45,65.0,91
2026-09-26T06:01:07.432285+00:00,btc-updown-15m-1790403300,15,4944325,4842134815951831459185375779863785454164371633688847332314395316202743328679,2026-09-26T06:15:00+00:00,2026-09-26T06:30:00+00:00,28.88,0.49,0.5,0.495,0.01,170.92,50.0,97
2026-09-26T06:02:08.613001+00:00,btc-updown-5m-1790402400,5,4944188,29132322604612262026509404844973195842944997840789664576467858472955561188856,2026-09-26T06:00:00+00:00,2026-09-26T06:05:00+00:00,2.87,0.16,0.17,0.165,0.01,140.0,402.15,93
2026-09-26T06:02:08.613001+00:00,btc-updown-5m-1790402700,5,4944195,81226560559782132764715278904358545140073056941888832175436622769779417439895,2026-09-26T06:05:00+00:00,2026-09-26T06:10:00+00:00,7.87,0.5,0.51,0.505,0.01,537.0,162.08,99
2026-09-26T06:02:08.613001+00:00,btc-updown-15m-1790402400,15,4944183,52341990172005822598474862648454656080894632649853847815316515566178988031774,2026-09-26T06:00:00+00:00,2026-09-26T06:15:00+00:00,12.87,0.34,0.35,0.345,0.01,252.87,25.0,92
2026-09-26T06:02:08.613001+00:00,btc-updown-15m-1790403300,15,4944325,4842134815951831459185375779863785454164371633688847332314395316202743328679,2026-09-26T06:15:00+00:00,2026-09-26T06:30:00+00:00,27.87,0.49,0.5,0.495,0.01,145.92,50.0,97
2026-09-26T06:03:09.724523+00:00,btc-updown-5m-1790402400,5,4944188,29132322604612262026509404844973195842944997840789664576467858472955561188856,2026-09-26T06:00:00+00:00,2026-09-26T06:05:00+00:00,1.85,0.02,0.03,0.025,0.01,1955.56,177.2,99
2026-09-26T06:03:09.724523+00:00,btc-updown-5m-1790402700,5,4944195,81226560559782132764715278904358545140073056941888832175436622769779417439895,2026-09-26T06:05:00+00:00,2026-09-26T06:10:00+00:00,6.85,0.5,0.51,0.505,0.01,449.0,175.11,99
2026-09-26T06:03:09.724523+00:00,btc-updown-15m-1790402400,15,4944183,52341990172005822598474862648454656080894632649853847815316515566178988031774,2026-09-26T06:00:00+00:00,2026-09-26T06:15:00+00:00,11.85,0.31,0.32,0.315,0.01,147.2,115.0,87
2026-09-26T06:03:09.724523+00:00,btc-updown-15m-1790403300,15,4944325,4842134815951831459185375779863785454164371633688847332314395316202743328679,2026-09-26T06:15:00+00:00,2026-09-26T06:30:00+00:00,26.85,0.49,0.5,0.495,0.01,250.92,50.0,97
2026-09-26T06:04:10.978610+00:00,btc-updown-5m-1790402700,5,4944195,81226560559782132764715278904358545140073056941888832175436622769779417439895,2026-09-26T06:05:00+00:00,2026-09-26T06:10:00+00:00,5.83,0.51,0.52,0.515,0.01,79.0,114.71,99
2026-09-26T06:04:10.978610+00:00,btc-updown-15m-1790402400,15,4944183,52341990172005822598474862648454656080894632649853847815316515566178988031774,2026-09-26T06:00:00+00:00,2026-09-26T06:15:00+00:00,10.83,0.36,0.37,0.365,0.01,756.81,49.89,89
2026-09-26T06:04:10.978610+00:00,btc-updown-15m-1790403300,15,4944325,4842134815951831459185375779863785454164371633688847332314395316202743328679,2026-09-26T06:15:00+00:00,2026-09-26T06:30:00+00:00,25.83,0.49,0.5,0.495,0.01,338.08,20.0,97
2026-09-26T06:05:12.044318+00:00,btc-updown-5m-1790402700,5,4944195,81226560559782132764715278904358545140073056941888832175436622769779417439895,2026-09-26T06:05:00+00:00,2026-09-26T06:10:00+00:00,4.8,0.77,0.78,0.775,0.01,171.65,194.64,96
2026-09-26T06:05:12.044318+00:00,btc-updown-5m-1790403000,5,4944209,81723874977534624637186967187886600232920228549569684069807594830325002667049,2026-09-26T06:10:00+00:00,2026-09-26T06:15:00+00:00,9.8,0.5,0.51,0.505,0.01,100.0,259.4,99
2026-09-26T06:05:12.044318+00:00,btc-updown-15m-1790402400,15,4944183,52341990172005822598474862648454656080894632649853847815316515566178988031774,2026-09-26T06:00:00+00:00,2026-09-26T06:15:00+00:00,9.8,0.54,0.55,0.545,0.01,356.66,10.9,85
2026-09-26T06:05:12.044318+00:00,btc-updown-15m-1790403300,15,4944325,4842134815951831459185375779863785454164371633688847332314395316202743328679,2026-09-26T06:15:00+00:00,2026-09-26T06:30:00+00:00,24.8,0.49,0.5,0.495,0.01,218.08,50.0,97
2026-09-26T06:06:13.138779+00:00,btc-updown-5m-1790402700,5,4944195,81226560559782132764715278904358545140073056941888832175436622769779417439895,2026-09-26T06:05:00+00:00,2026-09-26T06:10:00+00:00,3.78,0.87,0.88,0.875,0.01,322.44,10.0,99
2026-09-26T06:06:13.138779+00:00,btc-updown-5m-1790403000,5,4944209,81723874977534624637186967187886600232920228549569684069807594830325002667049,2026-09-26T06:10:00+00:00,2026-09-26T06:15:00+00:00,8.78,0.5,0.51,0.505,0.01,110.0,208.52,99
2026-09-26T06:06:13.138779+00:00,btc-updown-15m-1790402400,15,4944183,52341990172005822598474862648454656080894632649853847815316515566178988031774,2026-09-26T06:00:00+00:00,2026-09-26T06:15:00+00:00,8.78,0.65,0.66,0.655,0.01,164.33,5.0,86
2026-09-26T06:06:13.138779+00:00,btc-updown-15m-1790403300,15,4944325,4842134815951831459185375779863785454164371633688847332314395316202743328679,2026-09-26T06:15:00+00:00,2026-09-26T06:30:00+00:00,23.78,0.49,0.5,0.495,0.01,218.08,50.0,97
2026-09-26T06:07:14.260857+00:00,btc-updown-5m-1790402700,5,4944195,81226560559782132764715278904358545140073056941888832175436622769779417439895,2026-09-26T06:05:00+00:00,2026-09-26T06:10:00+00:00,2.77,0.94,0.95,0.945,0.01,104.64,618.03,99
2026-09-26T06:07:14.260857+00:00,btc-updown-5m-1790403000,5,4944209,81723874977534624637186967187886600232920228549569684069807594830325002667049,2026-09-26T06:10:00+00:00,2026-09-26T06:15:00+00:00,7.77,0.5,0.51,0.505,0.01,110.0,65.58,99
2026-09-26T06:07:14.260857+00:00,btc-updown-15m-1790402400,15,4944183,52341990172005822598474862648454656080894632649853847815316515566178988031774,2026-09-26T06:00:00+00:00,2026-09-26T06:15:00+00:00,7.77,0.61,0.62,0.615,0.01,208.06,20.0,85
2026-09-26T06:07:14.260857+00:00,btc-updown-15m-1790403300,15,4944325,4842134815951831459185375779863785454164371633688847332314395316202743328679,2026-09-26T06:15:00+00:00,2026-09-26T06:30:00+00:00,22.77,0.49,0.5,0.495,0.01,218.08,50.0,97
2026-09-26T06:08:15.372230+00:00,btc-updown-5m-1790402700,5,4944195,81226560559782132764715278904358545140073056941888832175436622769779417439895,2026-09-26T06:05:00+00:00,2026-09-26T06:10:00+00:00,1.75,0.49,0.5,0.495,0.01,555.13,845.77,99
2026-09-26T06:08:15.372230+00:00,btc-updown-5m-1790403000,5,4944209,81723874977534624637186967187886600232920228549569684069807594830325002667049,2026-09-26T06:10:00+00:00,2026-09-26T06:15:00+00:00,6.75,0.5,0.51,0.505,0.01,25.0,143.8,99
2026-09-26T06:08:15.372230+00:00,btc-updown-15m-1790402400,15,4944183,52341990172005822598474862648454656080894632649853847815316515566178988031774,2026-09-26T06:00:00+00:00,2026-09-26T06:15:00+00:00,6.75,0.34,0.35,0.345,0.01,30.0,5891.75,83
2026-09-26T06:08:15.372230+00:00,btc-updown-15m-1790403300,15,4944325,4842134815951831459185375779863785454164371633688847332314395316202743328679,2026-09-26T06:15:00+00:00,2026-09-26T06:30:00+00:00,21.75,0.49,0.5,0.495,0.01,258.08,50.0,97
2026-09-26T06:09:16.505672+00:00,btc-updown-5m-1790402700,5,4944195,81226560559782132764715278904358545140073056941888832175436622769779417439895,2026-09-26T06:05:00+00:00,2026-09-26T06:10:00+00:00,0.73,0.97,0.98,0.975,0.01,390.31,1050.67,87
2026-09-26T06:09:16.505672+00:00,btc-updown-5m-1790403000,5,4944209,81723874977534624637186967187886600232920228549569684069807594830325002667049,2026-09-26T06:10:00+00:00,2026-09-26T06:15:00+00:00,5.73,0.47,0.49,0.48,0.02,174.86,59.0,98
2026-09-26T06:09:16.505672+00:00,btc-updown-15m-1790402400,15,4944183,52341990172005822598474862648454656080894632649853847815316515566178988031774,2026-09-26T06:00:00+00:00,2026-09-26T06:15:00+00:00,5.73,0.34,0.35,0.345,0.01,75.42,206.13,84
2026-09-26T06:09:16.505672+00:00,btc-updown-15m-1790403300,15,4944325,4842134815951831459185375779863785454164371633688847332314395316202743328679,2026-09-26T06:15:00+00:00,2026-09-26T06:30:00+00:00,20.73,0.49,0.5,0.495,0.01,283.08,50.0,97
2026-09-26T06:10:17.662177+00:00,btc-updown-5m-1790403000,5,4944209,81723874977534624637186967187886600232920228549569684069807594830325002667049,2026-09-26T06:10:00+00:00,2026-09-26T06:15:00+00:00,4.72,0.74,0.75,0.745,0.01,92.33,429.33,99
2026-09-26T06:10:17.662177+00:00,btc-updown-5m-1790403300,5,4944331,70319878659371247492262869364489297777859312873128689717175606541372445125357,2026-09-26T06:15:00+00:00,2026-09-26T06:20:00+00:00,9.72,0.5,0.51,0.505,0.01,90.0,252.7,99
2026-09-26T06:10:17.662177+00:00,btc-updown-15m-1790402400,15,4944183,52341990172005822598474862648454656080894632649853847815316515566178988031774,2026-09-26T06:00:00+00:00,2026-09-26T06:15:00+00:00,4.72,0.68,0.69,0.685,0.01,204.05,15.0,85
2026-09-26T06:10:17.662177+00:00,btc-updown-15m-1790403300,15,4944325,4842134815951831459185375779863785454164371633688847332314395316202743328679,2026-09-26T06:15:00+00:00,2026-09-26T06:30:00+00:00,19.72,0.49,0.5,0.495,0.01,193.08,50.0,97
2026-09-26T06:11:18.757295+00:00,btc-updown-5m-1790403000,5,4944209,81723874977534624637186967187886600232920228549569684069807594830325002667049,2026-09-26T06:10:00+00:00,2026-09-26T06:15:00+00:00,3.7,0.68,0.69,0.685,0.01,110.82,92.0,99
2026-09-26T06:11:18.757295+00:00,btc-updown-5m-1790403300,5,4944331,70319878659371247492262869364489297777859312873128689717175606541372445125357,2026-09-26T06:15:00+00:00,2026-09-26T06:20:00+00:00,8.7,0.5,0.51,0.505,0.01,95.0,201.16,99
2026-09-26T06:11:18.757295+00:00,btc-updown-15m-1790402400,15,4944183,52341990172005822598474862648454656080894632649853847815316515566178988031774,2026-09-26T06:00:00+00:00,2026-09-26T06:15:00+00:00,3.7,0.56,0.57,0.565,0.01,163.25,65.0,83
2026-09-26T06:11:18.757295+00:00,btc-updown-15m-1790403300,15,4944325,4842134815951831459185375779863785454164371633688847332314395316202743328679,2026-09-26T06:15:00+00:00,2026-09-26T06:30:00+00:00,18.7,0.49,0.5,0.495,0.01,193.08,50.0,97
2026-09-26T06:12:19.866548+00:00,btc-updown-5m-1790403000,5,4944209,81723874977534624637186967187886600232920228549569684069807594830325002667049,2026-09-26T06:10:00+00:00,2026-09-26T06:15:00+00:00,2.68,0.88,0.89,0.885,0.01,484.64,142.19,99
2026-09-26T06:12:19.866548+00:00,btc-updown-5m-1790403300,5,4944331,70319878659371247492262869364489297777859312873128689717175606541372445125357,2026-09-26T06:15:00+00:00,2026-09-26T06:20:00+00:00,7.68,0.5,0.51,0.505,0.01,65.0,221.16,99
2026-09-26T06:12:19.866548+00:00,btc-updown-15m-1790402400,15,4944183,52341990172005822598474862648454656080894632649853847815316515566178988031774,2026-09-26T06:00:00+00:00,2026-09-26T06:15:00+00:00,2.68,0.71,0.72,0.715,0.01,50.0,3881.0,79
2026-09-26T06:12:19.866548+00:00,btc-updown-15m-1790403300,15,4944325,4842134815951831459185375779863785454164371633688847332314395316202743328679,2026-09-26T06:15:00+00:00,2026-09-26T06:30:00+00:00,17.68,0.49,0.5,0.495,0.01,203.08,50.0,97
2026-09-26T06:13:20.968861+00:00,btc-updown-5m-1790403000,5,4944209,81723874977534624637186967187886600232920228549569684069807594830325002667049,2026-09-26T06:10:00+00:00,2026-09-26T06:15:00+00:00,1.67,0.87,0.88,0.875,0.01,146.2,174.99,99
2026-09-26T06:13:20.968861+00:00,btc-updown-5m-1790403300,5,4944331,70319878659371247492262869364489297777859312873128689717175606541372445125357,2026-09-26T06:15:00+00:00,2026-09-26T06:20:00+00:00,6.67,0.5,0.51,0.505,0.01,15.0,196.93,99
2026-09-26T06:13:20.968861+00:00,btc-updown-15m-1790402400,15,4944183,52341990172005822598474862648454656080894632649853847815316515566178988031774,2026-09-26T06:00:00+00:00,2026-09-26T06:15:00+00:00,1.67,0.54,0.55,0.545,0.01,138.0,22.26,80
2026-09-26T06:13:20.968861+00:00,btc-updown-15m-1790403300,15,4944325,4842134815951831459185375779863785454164371633688847332314395316202743328679,2026-09-26T06:15:00+00:00,2026-09-26T06:30:00+00:00,16.67,0.49,0.5,0.495,0.01,208.08,50.0,97
2026-09-26T06:14:22.105000+00:00,btc-updown-5m-1790403000,5,4944209,81723874977534624637186967187886600232920228549569684069807594830325002667049,2026-09-26T06:10:00+00:00,2026-09-26T06:15:00+00:00,0.63,0.01,0.02,0.015,0.01,2357.61,2.5,67
2026-09-26T06:14:22.105000+00:00,btc-updown-5m-1790403300,5,4944331,70319878659371247492262869364489297777859312873128689717175606541372445125357,2026-09-26T06:15:00+00:00,2026-09-26T06:20:00+00:00,5.63,0.44,0.45,0.445,0.01,7.0,120.32,99
2026-09-26T06:14:22.105000+00:00,btc-updown-15m-1790402400,15,4944183,52341990172005822598474862648454656080894632649853847815316515566178988031774,2026-09-26T06:00:00+00:00,2026-09-26T06:15:00+00:00,0.63,0.01,0.02,0.015,0.01,290.83,33.93,28
2026-09-26T06:14:22.105000+00:00,btc-updown-15m-1790403300,15,4944325,4842134815951831459185375779863785454164371633688847332314395316202743328679,2026-09-26T06:15:00+00:00,2026-09-26T06:30:00+00:00,15.63,0.5,0.51,0.505,0.01,18.0,50.0,91
2026-09-26T06:15:23.275276+00:00,btc-updown-5m-1790403300,5,4944331,70319878659371247492262869364489297777859312873128689717175606541372445125357,2026-09-26T06:15:00+00:00,2026-09-26T06:20:00+00:00,4.62,0.47,0.48,0.475,0.01,21.0,99.33,99
2026-09-26T06:15:23.275276+00:00,btc-updown-5m-1790403600,5,4944358,4640430125319504219848583502856683612249400668098065835878966436797387476148,2026-09-26T06:20:00+00:00,2026-09-26T06:25:00+00:00,9.62,0.5,0.51,0.505,0.01,311.0,262.18,99
2026-09-26T06:15:23.275276+00:00,btc-updown-15m-1790403300,15,4944325,4842134815951831459185375779863785454164371633688847332314395316202743328679,2026-09-26T06:15:00+00:00,2026-09-26T06:30:00+00:00,14.62,0.49,0.5,0.495,0.01,145.2,35.0,98
2026-09-26T06:15:23.275276+00:00,btc-updown-15m-1790404200,15,4944387,95051592072939151363624468575260578837366894127602420886607687968843650428043,2026-09-26T06:30:00+00:00,2026-09-26T06:45:00+00:00,29.62,0.49,0.5,0.495,0.01,618.55,20.0,99
2026-09-26T06:16:24.402144+00:00,btc-updown-5m-1790403300,5,4944331,70319878659371247492262869364489297777859312873128689717175606541372445125357,2026-09-26T06:15:00+00:00,2026-09-26T06:20:00+00:00,3.6,0.74,0.75,0.745,0.01,351.46,10.0,99
2026-09-26T06:16:24.402144+00:00,btc-updown-5m-1790403600,5,4944358,4640430125319504219848583502856683612249400668098065835878966436797387476148,2026-09-26T06:20:00+00:00,2026-09-26T06:25:00+00:00,8.6,0.5,0.51,0.505,0.01,326.0,176.57,99
2026-09-26T06:16:24.402144+00:00,btc-updown-15m-1790403300,15,4944325,4842134815951831459185375779863785454164371633688847332314395316202743328679,2026-09-26T06:15:00+00:00,2026-09-26T06:30:00+00:00,13.6,0.56,0.57,0.565,0.01,121.77,42.27,90
2026-09-26T06:16:24.402144+00:00,btc-updown-15m-1790404200,15,4944387,95051592072939151363624468575260578837366894127602420886607687968843650428043,2026-09-26T06:30:00+00:00,2026-09-26T06:45:00+00:00,28.6,0.49,0.5,0.495,0.01,643.55,10.0,99
2026-09-26T06:17:25.484047+00:00,btc-updown-5m-1790403300,5,4944331,70319878659371247492262869364489297777859312873128689717175606541372445125357,2026-09-26T06:15:00+00:00,2026-09-26T06:20:00+00:00,2.58,0.66,0.67,0.665,0.01,183.97,106.0,99
2026-09-26T06:17:25.484047+00:00,btc-updown-5m-1790403600,5,4944358,4640430125319504219848583502856683612249400668098065835878966436797387476148,2026-09-26T06:20:00+00:00,2026-09-26T06:25:00+00:00,7.58,0.5,0.51,0.505,0.01,326.0,176.57,99
2026-09-26T06:17:25.484047+00:00,btc-updown-15m-1790403300,15,4944325,4842134815951831459185375779863785454164371633688847332314395316202743328679,2026-09-26T06:15:00+00:00,2026-09-26T06:30:00+00:00,12.58,0.48,0.49,0.485,0.01,210.62,35.0,89
2026-09-26T06:17:25.484047+00:00,btc-updown-15m-1790404200,15,4944387,95051592072939151363624468575260578837366894127602420886607687968843650428043,2026-09-26T06:30:00+00:00,2026-09-26T06:45:00+00:00,27.58,0.49,0.5,0.495,0.01,668.55,10.0,99
2026-09-26T06:18:26.608553+00:00,btc-updown-5m-1790403300,5,4944331,70319878659371247492262869364489297777859312873128689717175606541372445125357,2026-09-26T06:15:00+00:00,2026-09-26T06:20:00+00:00,1.57,0.11,0.12,0.115,0.01,611.53,126.36,99
2026-09-26T06:18:26.608553+00:00,btc-updown-5m-1790403600,5,4944358,4640430125319504219848583502856683612249400668098065835878966436797387476148,2026-09-26T06:20:00+00:00,2026-09-26T06:25:00+00:00,6.57,0.5,0.51,0.505,0.01,257.0,171.57,99
2026-09-26T06:18:26.608553+00:00,btc-updown-15m-1790403300,15,4944325,4842134815951831459185375779863785454164371633688847332314395316202743328679,2026-09-26T06:15:00+00:00,2026-09-26T06:30:00+00:00,11.57,0.4,0.41,0.405,0.01,259.85,115.75,83
2026-09-26T06:18:26.608553+00:00,btc-updown-15m-1790404200,15,4944387,95051592072939151363624468575260578837366894127602420886607687968843650428043,2026-09-26T06:30:00+00:00,2026-09-26T06:45:00+00:00,26.57,0.49,0.5,0.495,0.01,948.55,10.0,99
2026-09-26T06:19:27.784944+00:00,btc-updown-5m-1790403300,5,4944331,70319878659371247492262869364489297777859312873128689717175606541372445125357,2026-09-26T06:15:00+00:00,2026-09-26T06:20:00+00:00,0.55,0.03,0.04,0.035,0.01,93.8,164.0,58
2026-09-26T06:19:27.784944+00:00,btc-updown-5m-1790403600,5,4944358,4640430125319504219848583502856683612249400668098065835878966436797387476148,2026-09-26T06:20:00+00:00,2026-09-26T06:25:00+00:00,5.55,0.55,0.56,0.555,0.01,223.08,28.21,99
2026-09-26T06:19:27.784944+00:00,btc-updown-15m-1790403300,15,4944325,4842134815951831459185375779863785454164371633688847332314395316202743328679,2026-09-26T06:15:00+00:00,2026-09-26T06:30:00+00:00,10.55,0.57,0.58,0.575,0.01,30.0,160.0,90
2026-09-26T06:19:27.784944+00:00,btc-updown-15m-1790404200,15,4944387,95051592072939151363624468575260578837366894127602420886607687968843650428043,2026-09-26T06:30:00+00:00,2026-09-26T06:45:00+00:00,25.55,0.49,0.5,0.495,0.01,874.11,10.0,99
2026-09-26T06:20:28.939530+00:00,btc-updown-5m-1790403600,5,4944358,4640430125319504219848583502856683612249400668098065835878966436797387476148,2026-09-26T06:20:00+00:00,2026-09-26T06:25:00+00:00,4.53,0.72,0.73,0.725,0.01,86.0,224.18,99
2026-09-26T06:20:28.939530+00:00,btc-updown-5m-1790403900,5,4944369,68169297953559356905716767113517613798109097334087347190328859174139078640414,2026-09-26T06:25:00+00:00,2026-09-26T06:30:00+00:00,9.53,0.5,0.51,0.505,0.01,333.0,236.38,99
2026-09-26T06:20:28.939530+00:00,btc-updown-15m-1790403300,15,4944325,4842134815951831459185375779863785454164371633688847332314395316202743328679,2026-09-26T06:15:00+00:00,2026-09-26T06:30:00+00:00,9.53,0.62,0.63,0.625,0.01,10.0,191.11,88
2026-09-26T06:20:28.939530+00:00,btc-updown-15m-1790404200,15,4944387,95051592072939151363624468575260578837366894127602420886607687968843650428043,2026-09-26T06:30:00+00:00,2026-09-26T06:45:00+00:00,24.53,0.49,0.5,0.495,0.01,654.11,10.0,99
2026-09-26T06:21:30.038989+00:00,btc-updown-5m-1790403600,5,4944358,4640430125319504219848583502856683612249400668098065835878966436797387476148,2026-09-26T06:20:00+00:00,2026-09-26T06:25:00+00:00,3.5,0.81,0.82,0.815,0.01,6.0,667.36,99
2026-09-26T06:21:30.038989+00:00,btc-updown-5m-1790403900,5,4944369,68169297953559356905716767113517613798109097334087347190328859174139078640414,2026-09-26T06:25:00+00:00,2026-09-26T06:30:00+00:00,8.5,0.5,0.51,0.505,0.01,343.0,124.11,99
2026-09-26T06:21:30.038989+00:00,btc-updown-15m-1790403300,15,4944325,4842134815951831459185375779863785454164371633688847332314395316202743328679,2026-09-26T06:15:00+00:00,2026-09-26T06:30:00+00:00,8.5,0.59,0.6,0.595,0.01,185.0,115.0,87
2026-09-26T06:21:30.038989+00:00,btc-updown-15m-1790404200,15,4944387,95051592072939151363624468575260578837366894127602420886607687968843650428043,2026-09-26T06:30:00+00:00,2026-09-26T06:45:00+00:00,23.5,0.49,0.5,0.495,0.01,679.11,18.0,99
2026-09-26T06:22:31.160364+00:00,btc-updown-5m-1790403600,5,4944358,4640430125319504219848583502856683612249400668098065835878966436797387476148,2026-09-26T06:20:00+00:00,2026-09-26T06:25:00+00:00,2.48,0.85,0.86,0.855,0.01,71.66,612.02,99
2026-09-26T06:22:31.160364+00:00,btc-updown-5m-1790403900,5,4944369,68169297953559356905716767113517613798109097334087347190328859174139078640414,2026-09-26T06:25:00+00:00,2026-09-26T06:30:00+00:00,7.48,0.5,0.51,0.505,0.01,338.0,26.07,99
2026-09-26T06:22:31.160364+00:00,btc-updown-15m-1790403300,15,4944325,4842134815951831459185375779863785454164371633688847332314395316202743328679,2026-09-26T06:15:00+00:00,2026-09-26T06:30:00+00:00,7.48,0.64,0.65,0.645,0.01,141.6,150.0,82
2026-09-26T06:22:31.160364+00:00,btc-updown-15m-1790404200,15,4944387,95051592072939151363624468575260578837366894127602420886607687968843650428043,2026-09-26T06:30:00+00:00,2026-09-26T06:45:00+00:00,22.48,0.49,0.5,0.495,0.01,654.11,18.0,99
2026-09-26T06:23:32.270784+00:00,btc-updown-5m-1790403600,5,4944358,4640430125319504219848583502856683612249400668098065835878966436797387476148,2026-09-26T06:20:00+00:00,2026-09-26T06:25:00+00:00,1.47,0.97,0.98,0.975,0.01,263.88,353.9,99
2026-09-26T06:23:32.270784+00:00,btc-updown-5m-1790403900,5,4944369,68169297953559356905716767113517613798109097334087347190328859174139078640414,2026-09-26T06:25:00+00:00,2026-09-26T06:30:00+00:00,6.47,0.5,0.51,0.505,0.01,258.0,5.81,99
2026-09-26T06:23:32.270784+00:00,btc-updown-15m-1790403300,15,4944325,4842134815951831459185375779863785454164371633688847332314395316202743328679,2026-09-26T06:15:00+00:00,2026-09-26T06:30:00+00:00,6.47,0.73,0.74,0.735,0.01,25.0,137.39,86
2026-09-26T06:23:32.270784+00:00,btc-updown-15m-1790404200,15,4944387,95051592072939151363624468575260578837366894127602420886607687968843650428043,2026-09-26T06:30:00+00:00,2026-09-26T06:45:00+00:00,21.47,0.49,0.5,0.495,0.01,639.11,18.0,99
2026-09-26T06:24:33.404552+00:00,btc-updown-5m-1790403900,5,4944369,68169297953559356905716767113517613798109097334087347190328859174139078640414,2026-09-26T06:25:00+00:00,2026-09-26T06:30:00+00:00,5.45,0.5,0.51,0.505,0.01,224.32,66.26,99
2026-09-26T06:24:33.404552+00:00,btc-updown-15m-1790403300,15,4944325,4842134815951831459185375779863785454164371633688847332314395316202743328679,2026-09-26T06:15:00+00:00,2026-09-26T06:30:00+00:00,5.45,0.6,0.61,0.605,0.01,2556.94,15.0,84
2026-09-26T06:24:33.404552+00:00,btc-updown-15m-1790404200,15,4944387,95051592072939151363624468575260578837366894127602420886607687968843650428043,2026-09-26T06:30:00+00:00,2026-09-26T06:45:00+00:00,20.45,0.49,0.5,0.495,0.01,639.11,18.0,99
2026-09-26T06:25:34.448560+00:00,btc-updown-5m-1790403900,5,4944369,68169297953559356905716767113517613798109097334087347190328859174139078640414,2026-09-26T06:25:00+00:00,2026-09-26T06:30:00+00:00,4.43,0.58,0.59,0.585,0.01,154.89,222.0,99
2026-09-26T06:25:34.448560+00:00,btc-updown-5m-1790404200,5,4944378,8745261668871327851657559337399596031994713040989779115160593411983152318548,2026-09-26T06:30:00+00:00,2026-09-26T06:35:00+00:00,9.43,0.5,0.51,0.505,0.01,121.0,128.51,99
2026-09-26T06:25:34.448560+00:00,btc-updown-15m-1790403300,15,4944325,4842134815951831459185375779863785454164371633688847332314395316202743328679,2026-09-26T06:15:00+00:00,2026-09-26T06:30:00+00:00,4.43,0.7,0.71,0.705,0.01,229.3,55.0,85
2026-09-26T06:25:34.448560+00:00,btc-updown-15m-1790404200,15,4944387,95051592072939151363624468575260578837366894127602420886607687968843650428043,2026-09-26T06:30:00+00:00,2026-09-26T06:45:00+00:00,19.43,0.49,0.5,0.495,0.01,639.11,18.0,99
2026-09-26T06:26:35.551985+00:00,btc-updown-5m-1790403900,5,4944369,68169297953559356905716767113517613798109097334087347190328859174139078640414,2026-09-26T06:25:00+00:00,2026-09-26T06:30:00+00:00,3.42,0.4,0.41,0.405,0.01,58.0,579.62,99
2026-09-26T06:26:35.551985+00:00,btc-updown-5m-1790404200,5,4944378,8745261668871327851657559337399596031994713040989779115160593411983152318548,2026-09-26T06:30:00+00:00,2026-09-26T06:35:00+00:00,8.42,0.5,0.51,0.505,0.01,131.66,236.54,99
2026-09-26T06:26:35.551985+00:00,btc-updown-15m-1790403300,15,4944325,4842134815951831459185375779863785454164371633688847332314395316202743328679,2026-09-26T06:15:00+00:00,2026-09-26T06:30:00+00:00,3.42,0.57,0.58,0.575,0.01,200.92,85.0,81
2026-09-26T06:26:35.551985+00:00,btc-updown-15m-1790404200,15,4944387,95051592072939151363624468575260578837366894127602420886607687968843650428043,2026-09-26T06:30:00+00:00,2026-09-26T06:45:00+00:00,18.42,0.49,0.5,0.495,0.01,644.11,18.0,99
2026-09-26T06:27:36.653310+00:00,btc-updown-5m-1790403900,5,4944369,68169297953559356905716767113517613798109097334087347190328859174139078640414,2026-09-26T06:25:00+00:00,2026-09-26T06:30:00+00:00,2.4,0.45,0.46,0.455,0.01,497.43,40.0,99
2026-09-26T06:27:36.653310+00:00,btc-updown-5m-1790404200,5,4944378,8745261668871327851657559337399596031994713040989779115160593411983152318548,2026-09-26T06:30:00+00:00,2026-09-26T06:35:00+00:00,7.4,0.5,0.51,0.505,0.01,131.66,236.54,99
2026-09-26T06:27:36.653310+00:00,btc-updown-15m-1790403300,15,4944325,4842134815951831459185375779863785454164371633688847332314395316202743328679,2026-09-26T06:15:00+00:00,2026-09-26T06:30:00+00:00,2.4,0.71,0.72,0.715,0.01,132.31,95.88,86
2026-09-26T06:27:36.653310+00:00,btc-updown-15m-1790404200,15,4944387,95051592072939151363624468575260578837366894127602420886607687968843650428043,2026-09-26T06:30:00+00:00,2026-09-26T06:45:00+00:00,17.4,0.52,0.53,0.525,0.01,139.97,323.39,99
2026-09-26T06:28:37.763089+00:00,btc-updown-5m-1790403900,5,4944369,68169297953559356905716767113517613798109097334087347190328859174139078640414,2026-09-26T06:25:00+00:00,2026-09-26T06:30:00+00:00,1.38,0.11,0.12,0.115,0.01,616.71,210.44,99
2026-09-26T06:28:37.763089+00:00,btc-updown-5m-1790404200,5,4944378,8745261668871327851657559337399596031994713040989779115160593411983152318548,2026-09-26T06:30:00+00:00,2026-09-26T06:35:00+00:00,6.38,0.5,0.51,0.505,0.01,71.0,231.54,99
2026-09-26T06:28:37.763089+00:00,btc-updown-15m-1790403300,15,4944325,4842134815951831459185375779863785454164371633688847332314395316202743328679,2026-09-26T06:15:00+00:00,2026-09-26T06:30:00+00:00,1.38,0.57,0.58,0.575,0.01,159.66,25.0,63
2026-09-26T06:28:37.763089+00:00,btc-updown-15m-1790404200,15,4944387,95051592072939151363624468575260578837366894127602420886607687968843650428043,2026-09-26T06:30:00+00:00,2026-09-26T06:45:00+00:00,16.38,0.52,0.53,0.525,0.01,139.97,50.0,99
2026-09-26T06:29:38.913988+00:00,btc-updown-5m-1790404200,5,4944378,8745261668871327851657559337399596031994713040989779115160593411983152318548,2026-09-26T06:30:00+00:00,2026-09-26T06:35:00+00:00,5.37,0.5,0.51,0.505,0.01,8.0,423.35,99
2026-09-26T06:29:38.913988+00:00,btc-updown-15m-1790404200,15,4944387,95051592072939151363624468575260578837366894127602420886607687968843650428043,2026-09-26T06:30:00+00:00,2026-09-26T06:45:00+00:00,15.37,0.52,0.53,0.525,0.01,54.26,44.32,92
2026-09-26T06:30:39.830829+00:00,btc-updown-5m-1790404200,5,4944378,8745261668871327851657559337399596031994713040989779115160593411983152318548,2026-09-26T06:30:00+00:00,2026-09-26T06:35:00+00:00,4.35,0.78,0.79,0.785,0.01,235.77,58.73,99
2026-09-26T06:30:39.830829+00:00,btc-updown-5m-1790404500,5,4944432,4137917206107937559683551819853400390518867533778056426055898955653866836177,2026-09-26T06:35:00+00:00,2026-09-26T06:40:00+00:00,9.35,0.5,0.51,0.505,0.01,135.0,182.73,99
2026-09-26T06:30:39.830829+00:00,btc-updown-15m-1790404200,15,4944387,95051592072939151363624468575260578837366894127602420886607687968843650428043,2026-09-26T06:30:00+00:00,2026-09-26T06:45:00+00:00,14.35,0.61,0.62,0.615,0.01,330.43,20.0,95
2026-09-26T06:30:39.830829+00:00,btc-updown-15m-1790405100,15,4944461,90392338669497293048821623900226260201440502812978242412060410833300007331476,2026-09-26T06:45:00+00:00,2026-09-26T07:00:00+00:00,29.35,0.49,0.5,0.495,0.01,248.99,120.91,63
2026-09-26T06:31:40.927783+00:00,btc-updown-5m-1790404200,5,4944378,8745261668871327851657559337399596031994713040989779115160593411983152318548,2026-09-26T06:30:00+00:00,2026-09-26T06:35:00+00:00,3.33,0.61,0.62,0.615,0.01,60.0,474.11,99
2026-09-26T06:31:40.927783+00:00,btc-updown-5m-1790404500,5,4944432,4137917206107937559683551819853400390518867533778056426055898955653866836177,2026-09-26T06:35:00+00:00,2026-09-26T06:40:00+00:00,8.33,0.49,0.5,0.495,0.01,142.16,120.0,99
2026-09-26T06:31:40.927783+00:00,btc-updown-15m-1790404200,15,4944387,95051592072939151363624468575260578837366894127602420886607687968843650428043,2026-09-26T06:30:00+00:00,2026-09-26T06:45:00+00:00,13.33,0.5,0.51,0.505,0.01,126.0,302.13,89
2026-09-26T06:31:40.927783+00:00,btc-updown-15m-1790405100,15,4944461,90392338669497293048821623900226260201440502812978242412060410833300007331476,2026-09-26T06:45:00+00:00,2026-09-26T07:00:00+00:00,28.33,0.49,0.5,0.495,0.01,273.99,140.91,63
2026-09-26T06:32:42.049631+00:00,btc-updown-5m-1790404200,5,4944378,8745261668871327851657559337399596031994713040989779115160593411983152318548,2026-09-26T06:30:00+00:00,2026-09-26T06:35:00+00:00,2.3,0.92,0.93,0.925,0.01,566.14,304.65,99
2026-09-26T06:32:42.049631+00:00,btc-updown-5m-1790404500,5,4944432,4137917206107937559683551819853400390518867533778056426055898955653866836177,2026-09-26T06:35:00+00:00,2026-09-26T06:40:00+00:00,7.3,0.49,0.5,0.495,0.01,92.16,120.0,99
2026-09-26T06:32:42.049631+00:00,btc-updown-15m-1790404200,15,4944387,95051592072939151363624468575260578837366894127602420886607687968843650428043,2026-09-26T06:30:00+00:00,2026-09-26T06:45:00+00:00,12.3,0.62,0.63,0.625,0.01,110.04,197.24,87
2026-09-26T06:32:42.049631+00:00,btc-updown-15m-1790405100,15,4944461,90392338669497293048821623900226260201440502812978242412060410833300007331476,2026-09-26T06:45:00+00:00,2026-09-26T07:00:00+00:00,27.3,0.49,0.5,0.495,0.01,273.99,140.91,64
2026-09-26T06:33:43.145383+00:00,btc-updown-5m-1790404200,5,4944378,8745261668871327851657559337399596031994713040989779115160593411983152318548,2026-09-26T06:30:00+00:00,2026-09-26T06:35:00+00:00,1.28,0.98,0.99,0.985,0.01,210.0,5030.62,99
2026-09-26T06:33:43.145383+00:00,btc-updown-5m-1790404500,5,4944432,4137917206107937559683551819853400390518867533778056426055898955653866836177,2026-09-26T06:35:00+00:00,2026-09-26T06:40:00+00:00,6.28,0.48,0.49,0.485,0.01,69.15,58.91,99
2026-09-26T06:33:43.145383+00:00,btc-updown-15m-1790404200,15,4944387,95051592072939151363624468575260578837366894127602420886607687968843650428043,2026-09-26T06:30:00+00:00,2026-09-26T06:45:00+00:00,11.28,0.66,0.67,0.665,0.01,26.05,408.82,90
2026-09-26T06:33:43.145383+00:00,btc-updown-15m-1790405100,15,4944461,90392338669497293048821623900226260201440502812978242412060410833300007331476,2026-09-26T06:45:00+00:00,2026-09-26T07:00:00+00:00,26.28,0.49,0.5,0.495,0.01,248.99,140.91,64
2026-09-26T06:34:44.272610+00:00,btc-updown-5m-1790404500,5,4944432,4137917206107937559683551819853400390518867533778056426055898955653866836177,2026-09-26T06:35:00+00:00,2026-09-26T06:40:00+00:00,5.27,0.36,0.37,0.365,0.01,1.9,96.32,98
2026-09-26T06:34:44.272610+00:00,btc-updown-15m-1790404200,15,4944387,95051592072939151363624468575260578837366894127602420886607687968843650428043,2026-09-26T06:30:00+00:00,2026-09-26T06:45:00+00:00,10.27,0.53,0.54,0.535,0.01,10.0,4553.0,86
2026-09-26T06:34:44.272610+00:00,btc-updown-15m-1790405100,15,4944461,90392338669497293048821623900226260201440502812978242412060410833300007331476,2026-09-26T06:45:00+00:00,2026-09-26T07:00:00+00:00,25.27,0.49,0.5,0.495,0.01,250.46,100.91,80
2026-09-26T06:35:45.337143+00:00,btc-updown-5m-1790404500,5,4944432,4137917206107937559683551819853400390518867533778056426055898955653866836177,2026-09-26T06:35:00+00:00,2026-09-26T06:40:00+00:00,4.25,0.14,0.15,0.145,0.01,65.0,749.87,99
2026-09-26T06:35:45.337143+00:00,btc-updown-5m-1790404800,5,4944449,26391829590862505031412872970297483300930506259332121358139676776536567968987,2026-09-26T06:40:00+00:00,2026-09-26T06:45:00+00:00,9.25,0.49,0.5,0.495,0.01,150.28,103.0,99
2026-09-26T06:35:45.337143+00:00,btc-updown-15m-1790404200,15,4944387,95051592072939151363624468575260578837366894127602420886607687968843650428043,2026-09-26T06:30:00+00:00,2026-09-26T06:45:00+00:00,9.25,0.58,0.59,0.585,0.01,25.57,22.12,92
2026-09-26T06:35:45.337143+00:00,btc-updown-15m-1790405100,15,4944461,90392338669497293048821623900226260201440502812978242412060410833300007331476,2026-09-26T06:45:00+00:00,2026-09-26T07:00:00+00:00,24.25,0.49,0.5,0.495,0.01,335.46,110.91,79
2026-09-26T06:36:46.445013+00:00,btc-updown-5m-1790404500,5,4944432,4137917206107937559683551819853400390518867533778056426055898955653866836177,2026-09-26T06:35:00+00:00,2026-09-26T06:40:00+00:00,3.23,0.03,0.04,0.035,0.01,4533.82,165.0,99
2026-09-26T06:36:46.445013+00:00,btc-updown-5m-1790404800,5,4944449,26391829590862505031412872970297483300930506259332121358139676776536567968987,2026-09-26T06:40:00+00:00,2026-09-26T06:45:00+00:00,8.23,0.5,0.51,0.505,0.01,474.12,40.82,99
2026-09-26T06:36:46.445013+00:00,btc-updown-15m-1790404200,15,4944387,95051592072939151363624468575260578837366894127602420886607687968843650428043,2026-09-26T06:30:00+00:00,2026-09-26T06:45:00+00:00,8.23,0.55,0.56,0.555,0.01,30.73,21.13,94
2026-09-26T06:36:46.445013+00:00,btc-updown-15m-1790405100,15,4944461,90392338669497293048821623900226260201440502812978242412060410833300007331476,2026-09-26T06:45:00+00:00,2026-09-26T07:00:00+00:00,23.23,0.49,0.5,0.495,0.01,335.46,110.91,79
2026-09-26T06:37:47.569560+00:00,btc-updown-5m-1790404500,5,4944432,4137917206107937559683551819853400390518867533778056426055898955653866836177,2026-09-26T06:35:00+00:00,2026-09-26T06:40:00+00:00,2.22,0.04,0.05,0.045,0.01,121.86,482.51,99
2026-09-26T06:37:47.569560+00:00,btc-updown-5m-1790404800,5,4944449,26391829590862505031412872970297483300930506259332121358139676776536567968987,2026-09-26T06:40:00+00:00,2026-09-26T06:45:00+00:00,7.22,0.55,0.59,0.57,0.04,340.34,157.43,96
2026-09-26T06:37:47.569560+00:00,btc-updown-15m-1790404200,15,4944387,95051592072939151363624468575260578837366894127602420886607687968843650428043,2026-09-26T06:30:00+00:00,2026-09-26T06:45:00+00:00,7.22,0.51,0.52,0.515,0.01,38.24,17893.08,91
2026-09-26T06:37:47.569560+00:00,btc-updown-15m-1790405100,15,4944461,90392338669497293048821623900226260201440502812978242412060410833300007331476,2026-09-26T06:45:00+00:00,2026-09-26T07:00:00+00:00,22.22,0.49,0.5,0.495,0.01,335.46,110.91,79
2026-09-26T06:38:48.699245+00:00,btc-updown-5m-1790404500,5,4944432,4137917206107937559683551819853400390518867533778056426055898955653866836177,2026-09-26T06:35:00+00:00,2026-09-26T06:40:00+00:00,1.2,0.01,0.02,0.015,0.01,2129.88,322.19,110
2026-09-26T06:38:48.699245+00:00,btc-updown-5m-1790404800,5,4944449,26391829590862505031412872970297483300930506259332121358139676776536567968987,2026-09-26T06:40:00+00:00,2026-09-26T06:45:00+00:00,6.2,0.59,0.61,0.6,0.02,390.0,61.5,96
2026-09-26T06:38:48.699245+00:00,btc-updown-15m-1790404200,15,4944387,95051592072939151363624468575260578837366894127602420886607687968843650428043,2026-09-26T06:30:00+00:00,2026-09-26T06:45:00+00:00,6.2,0.45,0.46,0.455,0.01,56.8,10.0,88
2026-09-26T06:38:48.699245+00:00,btc-updown-15m-1790405100,15,4944461,90392338669497293048821623900226260201440502812978242412060410833300007331476,2026-09-26T06:45:00+00:00,2026-09-26T07:00:00+00:00,21.2,0.49,0.5,0.495,0.01,270.46,110.91,79
2026-09-26T06:39:49.828791+00:00,btc-updown-5m-1790404800,5,4944449,26391829590862505031412872970297483300930506259332121358139676776536567968987,2026-09-26T06:40:00+00:00,2026-09-26T06:45:00+00:00,5.18,0.63,0.64,0.635,0.01,94.54,40.0,99
2026-09-26T06:39:49.828791+00:00,btc-updown-15m-1790404200,15,4944387,95051592072939151363624468575260578837366894127602420886607687968843650428043,2026-09-26T06:30:00+00:00,2026-09-26T06:45:00+00:00,5.18,0.51,0.52,0.515,0.01,160.84,50.0,87
2026-09-26T06:39:49.828791+00:00,btc-updown-15m-1790405100,15,4944461,90392338669497293048821623900226260201440502812978242412060410833300007331476,2026-09-26T06:45:00+00:00,2026-09-26T07:00:00+00:00,20.18,0.49,0.5,0.495,0.01,250.46,110.91,79
2026-09-26T06:40:50.891691+00:00,btc-updown-5m-1790404800,5,4944449,26391829590862505031412872970297483300930506259332121358139676776536567968987,2026-09-26T06:40:00+00:00,2026-09-26T06:45:00+00:00,4.17,0.62,0.63,0.625,0.01,130.0,138.71,99
2026-09-26T06:40:50.891691+00:00,btc-updown-5m-1790405100,5,4944459,85921802182013248787044940174746547386792057020073839090661682391065373074327,2026-09-26T06:45:00+00:00,2026-09-26T06:50:00+00:00,9.17,0.5,0.51,0.505,0.01,12.0,202.93,99
2026-09-26T06:40:50.891691+00:00,btc-updown-15m-1790404200,15,4944387,95051592072939151363624468575260578837366894127602420886607687968843650428043,2026-09-26T06:30:00+00:00,2026-09-26T06:45:00+00:00,4.17,0.43,0.44,0.435,0.01,10.0,3404.02,87
2026-09-26T06:40:50.891691+00:00,btc-updown-15m-1790405100,15,4944461,90392338669497293048821623900226260201440502812978242412060410833300007331476,2026-09-26T06:45:00+00:00,2026-09-26T07:00:00+00:00,19.17,0.49,0.5,0.495,0.01,250.46,110.91,79
2026-09-26T06:41:52.026373+00:00,btc-updown-5m-1790404800,5,4944449,26391829590862505031412872970297483300930506259332121358139676776536567968987,2026-09-26T06:40:00+00:00,2026-09-26T06:45:00+00:00,3.13,0.55,0.56,0.555,0.01,1080.14,190.81,99
2026-09-26T06:41:52.026373+00:00,btc-updown-5m-1790405100,5,4944459,85921802182013248787044940174746547386792057020073839090661682391065373074327,2026-09-26T06:45:00+00:00,2026-09-26T06:50:00+00:00,8.13,0.49,0.5,0.495,0.01,180.1,188.0,99
2026-09-26T06:41:52.026373+00:00,btc-updown-15m-1790404200,15,4944387,95051592072939151363624468575260578837366894127602420886607687968843650428043,2026-09-26T06:30:00+00:00,2026-09-26T06:45:00+00:00,3.13,0.33,0.34,0.335,0.01,3.0,6707.2,82
2026-09-26T06:41:52.026373+00:00,btc-updown-15m-1790405100,15,4944461,90392338669497293048821623900226260201440502812978242412060410833300007331476,2026-09-26T06:45:00+00:00,2026-09-26T07:00:00+00:00,18.13,0.49,0.5,0.495,0.01,275.46,110.91,83
2026-09-26T06:42:53.138280+00:00,btc-updown-5m-1790404800,5,4944449,26391829590862505031412872970297483300930506259332121358139676776536567968987,2026-09-26T06:40:00+00:00,2026-09-26T06:45:00+00:00,2.12,0.4,0.41,0.405,0.01,6.0,750.82,98
2026-09-26T06:42:53.138280+00:00,btc-updown-5m-1790405100,5,4944459,85921802182013248787044940174746547386792057020073839090661682391065373074327,2026-09-26T06:45:00+00:00,2026-09-26T06:50:00+00:00,7.12,0.51,0.52,0.515,0.01,50.0,4.6,99
2026-09-26T06:42:53.138280+00:00,btc-updown-15m-1790404200,15,4944387,95051592072939151363624468575260578837366894127602420886607687968843650428043,2026-09-26T06:30:00+00:00,2026-09-26T06:45:00+00:00,2.12,0.09,0.1,0.095,0.01,5.0,273.05,80
2026-09-26T06:42:53.138280+00:00,btc-updown-15m-1790405100,15,4944461,90392338669497293048821623900226260201440502812978242412060410833300007331476,2026-09-26T06:45:00+00:00,2026-09-26T07:00:00+00:00,17.12,0.49,0.5,0.495,0.01,301.04,110.91,83
2026-09-26T06:43:54.271737+00:00,btc-updown-5m-1790404800,5,4944449,26391829590862505031412872970297483300930506259332121358139676776536567968987,2026-09-26T06:40:00+00:00,2026-09-26T06:45:00+00:00,1.1,0.2,0.21,0.205,0.01,33.63,140.01,99
2026-09-26T06:43:54.271737+00:00,btc-updown-5m-1790405100,5,4944459,85921802182013248787044940174746547386792057020073839090661682391065373074327,2026-09-26T06:45:00+00:00,2026-09-26T06:50:00+00:00,6.1,0.5,0.52,0.51,0.02,65.0,19.6,98
2026-09-26T06:43:54.271737+00:00,btc-updown-15m-1790404200,15,4944387,95051592072939151363624468575260578837366894127602420886607687968843650428043,2026-09-26T06:30:00+00:00,2026-09-26T06:45:00+00:00,1.1,0.12,0.15,0.135,0.03,9.77,10.0,47
2026-09-26T06:43:54.271737+00:00,btc-updown-15m-1790405100,15,4944461,90392338669497293048821623900226260201440502812978242412060410833300007331476,2026-09-26T06:45:00+00:00,2026-09-26T07:00:00+00:00,16.1,0.49,0.5,0.495,0.01,257.9,110.91,83
2026-09-26T06:44:55.411718+00:00,btc-updown-5m-1790405100,5,4944459,85921802182013248787044940174746547386792057020073839090661682391065373074327,2026-09-26T06:45:00+00:00,2026-09-26T06:50:00+00:00,5.08,0.52,0.53,0.525,0.01,61.0,355.46,99
2026-09-26T06:44:55.411718+00:00,btc-updown-15m-1790405100,15,4944461,90392338669497293048821623900226260201440502812978242412060410833300007331476,2026-09-26T06:45:00+00:00,2026-09-26T07:00:00+00:00,15.08,0.5,0.51,0.505,0.01,30.0,105.2,62
2026-09-26T06:45:56.384661+00:00,btc-updown-5m-1790405100,5,4944459,85921802182013248787044940174746547386792057020073839090661682391065373074327,2026-09-26T06:45:00+00:00,2026-09-26T06:50:00+00:00,4.07,0.49,0.5,0.495,0.01,368.33,69.0,99
2026-09-26T06:45:56.384661+00:00,btc-updown-5m-1790405400,5,4944519,53529842027178036772803566594813969672133955662838977754099402017295766553812,2026-09-26T06:50:00+00:00,2026-09-26T06:55:00+00:00,9.07,0.5,0.51,0.505,0.01,128.0,32.0,99
2026-09-26T06:45:56.384661+00:00,btc-updown-15m-1790405100,15,4944461,90392338669497293048821623900226260201440502812978242412060410833300007331476,2026-09-26T06:45:00+00:00,2026-09-26T07:00:00+00:00,14.07,0.49,0.5,0.495,0.01,410.41,85.0,89
2026-09-26T06:45:56.384661+00:00,btc-updown-15m-1790406000,15,4944550,59522856167089682317213363372883493070970995247536409933613446442853786885176,2026-09-26T07:00:00+00:00,2026-09-26T07:15:00+00:00,29.07,0.5,0.51,0.505,0.01,100.3,93.31,83
2026-09-26T06:46:57.479478+00:00,btc-updown-5m-1790405100,5,4944459,85921802182013248787044940174746547386792057020073839090661682391065373074327,2026-09-26T06:45:00+00:00,2026-09-26T06:50:00+00:00,3.05,0.58,0.59,0.585,0.01,5.0,271.1,99
2026-09-26T06:46:57.479478+00:00,btc-updown-5m-1790405400,5,4944519,53529842027178036772803566594813969672133955662838977754099402017295766553812,2026-09-26T06:50:00+00:00,2026-09-26T06:55:00+00:00,8.05,0.51,0.52,0.515,0.01,58.0,80.0,99
2026-09-26T06:46:57.479478+00:00,btc-updown-15m-1790405100,15,4944461,90392338669497293048821623900226260201440502812978242412060410833300007331476,2026-09-26T06:45:00+00:00,2026-09-26T07:00:00+00:00,13.05,0.52,0.53,0.525,0.01,40.0,195.0,90
2026-09-26T06:46:57.479478+00:00,btc-updown-15m-1790406000,15,4944550,59522856167089682317213363372883493070970995247536409933613446442853786885176,2026-09-26T07:00:00+00:00,2026-09-26T07:15:00+00:00,28.05,0.5,0.51,0.505,0.01,100.3,93.31,85
2026-09-26T06:47:58.573319+00:00,btc-updown-5m-1790405100,5,4944459,85921802182013248787044940174746547386792057020073839090661682391065373074327,2026-09-26T06:45:00+00:00,2026-09-26T06:50:00+00:00,2.03,0.85,0.86,0.855,0.01,105.71,19.36,99
2026-09-26T06:47:58.573319+00:00,btc-updown-5m-1790405400,5,4944519,53529842027178036772803566594813969672133955662838977754099402017295766553812,2026-09-26T06:50:00+00:00,2026-09-26T06:55:00+00:00,7.03,0.51,0.53,0.52,0.02,58.0,98.96,98
2026-09-26T06:47:58.573319+00:00,btc-updown-15m-1790405100,15,4944461,90392338669497293048821623900226260201440502812978242412060410833300007331476,2026-09-26T06:45:00+00:00,2026-09-26T07:00:00+00:00,12.03,0.58,0.59,0.585,0.01,180.71,66.43,83
2026-09-26T06:47:58.573319+00:00,btc-updown-15m-1790406000,15,4944550,59522856167089682317213363372883493070970995247536409933613446442853786885176,2026-09-26T07:00:00+00:00,2026-09-26T07:15:00+00:00,27.03,0.5,0.51,0.505,0.01,50.3,153.31,85
2026-09-26T06:48:59.668954+00:00,btc-updown-5m-1790405100,5,4944459,85921802182013248787044940174746547386792057020073839090661682391065373074327,2026-09-26T06:45:00+00:00,2026-09-26T06:50:00+00:00,1.02,0.98,0.99,0.985,0.01,375.34,2870.55,78
2026-09-26T06:48:59.668954+00:00,btc-updown-5m-1790405400,5,4944519,53529842027178036772803566594813969672133955662838977754099402017295766553812,2026-09-26T06:50:00+00:00,2026-09-26T06:55:00+00:00,6.02,0.5,0.52,0.51,0.02,63.0,3.24,98
2026-09-26T06:48:59.668954+00:00,btc-updown-15m-1790405100,15,4944461,90392338669497293048821623900226260201440502812978242412060410833300007331476,2026-09-26T06:45:00+00:00,2026-09-26T07:00:00+00:00,11.02,0.65,0.66,0.655,0.01,512.6,52.0,87
2026-09-26T06:48:59.668954+00:00,btc-updown-15m-1790406000,15,4944550,59522856167089682317213363372883493070970995247536409933613446442853786885176,2026-09-26T07:00:00+00:00,2026-09-26T07:15:00+00:00,26.02,0.5,0.51,0.505,0.01,50.3,234.94,85
2026-09-26T06:50:00.776748+00:00,btc-updown-5m-1790405400,5,4944519,53529842027178036772803566594813969672133955662838977754099402017295766553812,2026-09-26T06:50:00+00:00,2026-09-26T06:55:00+00:00,5.0,0.51,0.52,0.515,0.01,9.8,10.0,99
2026-09-26T06:50:00.776748+00:00,btc-updown-5m-1790405700,5,4944534,77675640741534537820857988947253682069204293937945708555672548195357815681240,2026-09-26T06:55:00+00:00,2026-09-26T07:00:00+00:00,10.0,0.5,0.51,0.505,0.01,100.0,203.69,99
2026-09-26T06:50:00.776748+00:00,btc-updown-15m-1790405100,15,4944461,90392338669497293048821623900226260201440502812978242412060410833300007331476,2026-09-26T06:45:00+00:00,2026-09-26T07:00:00+00:00,10.0,0.7,0.71,0.705,0.01,89.76,33.86,85
2026-09-26T06:50:00.776748+00:00,btc-updown-15m-1790406000,15,4944550,59522856167089682317213363372883493070970995247536409933613446442853786885176,2026-09-26T07:00:00+00:00,2026-09-26T07:15:00+00:00,25.0,0.5,0.51,0.505,0.01,50.3,244.94,85
2026-09-26T06:51:01.877706+00:00,btc-updown-5m-1790405400,5,4944519,53529842027178036772803566594813969672133955662838977754099402017295766553812,2026-09-26T06:50:00+00:00,2026-09-26T06:55:00+00:00,3.98,0.43,0.44,0.435,0.01,527.78,152.8,99
2026-09-26T06:51:01.877706+00:00,btc-updown-5m-1790405700,5,4944534,77675640741534537820857988947253682069204293937945708555672548195357815681240,2026-09-26T06:55:00+00:00,2026-09-26T07:00:00+00:00,8.98,0.5,0.51,0.505,0.01,110.0,186.21,99
2026-09-26T06:51:01.877706+00:00,btc-updown-15m-1790405100,15,4944461,90392338669497293048821623900226260201440502812978242412060410833300007331476,2026-09-26T06:45:00+00:00,2026-09-26T07:00:00+00:00,8.98,0.67,0.68,0.675,0.01,112.08,143.35,85
2026-09-26T06:51:01.877706+00:00,btc-updown-15m-1790406000,15,4944550,59522856167089682317213363372883493070970995247536409933613446442853786885176,2026-09-26T07:00:00+00:00,2026-09-26T07:15:00+00:00,23.98,0.5,0.51,0.505,0.01,45.3,239.94,83
2026-09-26T06:52:02.991755+00:00,btc-updown-5m-1790405400,5,4944519,53529842027178036772803566594813969672133955662838977754099402017295766553812,2026-09-26T06:50:00+00:00,2026-09-26T06:55:00+00:00,2.97,0.43,0.44,0.435,0.01,686.45,155.32,99
2026-09-26T06:52:02.991755+00:00,btc-updown-5m-1790405700,5,4944534,77675640741534537820857988947253682069204293937945708555672548195357815681240,2026-09-26T06:55:00+00:00,2026-09-26T07:00:00+00:00,7.97,0.5,0.51,0.505,0.01,96.0,186.21,99
2026-09-26T06:52:02.991755+00:00,btc-updown-15m-1790405100,15,4944461,90392338669497293048821623900226260201440502812978242412060410833300007331476,2026-09-26T06:45:00+00:00,2026-09-26T07:00:00+00:00,7.97,0.69,0.7,0.695,0.01,281.45,237.0,86
2026-09-26T06:52:02.991755+00:00,btc-updown-15m-1790406000,15,4944550,59522856167089682317213363372883493070970995247536409933613446442853786885176,2026-09-26T07:00:00+00:00,2026-09-26T07:15:00+00:00,22.97,0.49,0.51,0.5,0.02,65.94,244.94,82
2026-09-26T06:53:04.123499+00:00,btc-updown-5m-1790405400,5,4944519,53529842027178036772803566594813969672133955662838977754099402017295766553812,2026-09-26T06:50:00+00:00,2026-09-26T06:55:00+00:00,1.93,0.31,0.32,0.315,0.01,35.0,630.47,99
2026-09-26T06:53:04.123499+00:00,btc-updown-5m-1790405700,5,4944534,77675640741534537820857988947253682069204293937945708555672548195357815681240,2026-09-26T06:55:00+00:00,2026-09-26T07:00:00+00:00,6.93,0.5,0.51,0.505,0.01,25.0,171.21,99
2026-09-26T06:53:04.123499+00:00,btc-updown-15m-1790405100,15,4944461,90392338669497293048821623900226260201440502812978242412060410833300007331476,2026-09-26T06:45:00+00:00,2026-09-26T07:00:00+00:00,6.93,0.66,0.67,0.665,0.01,154.25,144.0,84
2026-09-26T06:53:04.123499+00:00,btc-updown-15m-1790406000,15,4944550,59522856167089682317213363372883493070970995247536409933613446442853786885176,2026-09-26T07:00:00+00:00,2026-09-26T07:15:00+00:00,21.93,0.49,0.51,0.5,0.02,65.94,204.94,84
2026-09-26T06:54:05.292370+00:00,btc-updown-5m-1790405700,5,4944534,77675640741534537820857988947253682069204293937945708555672548195357815681240,2026-09-26T06:55:00+00:00,2026-09-26T07:00:00+00:00,5.92,0.49,0.5,0.495,0.01,70.1,115.0,99
2026-09-26T06:54:05.292370+00:00,btc-updown-15m-1790405100,15,4944461,90392338669497293048821623900226260201440502812978242412060410833300007331476,2026-09-26T06:45:00+00:00,2026-09-26T07:00:00+00:00,5.92,0.49,0.5,0.495,0.01,246.5,54.1,84
2026-09-26T06:54:05.292370+00:00,btc-updown-15m-1790406000,15,4944550,59522856167089682317213363372883493070970995247536409933613446442853786885176,2026-09-26T07:00:00+00:00,2026-09-26T07:15:00+00:00,20.92,0.49,0.51,0.5,0.02,85.94,184.94,84
2026-09-26T06:55:06.331286+00:00,btc-updown-5m-1790405700,5,4944534,77675640741534537820857988947253682069204293937945708555672548195357815681240,2026-09-26T06:55:00+00:00,2026-09-26T07:00:00+00:00,4.9,0.59,0.6,0.595,0.01,1801.92,55.83,99
2026-09-26T06:55:06.331286+00:00,btc-updown-5m-1790406000,5,4944542,62436158918580071110051154169946545280854235693248407143243654479516412644821,2026-09-26T07:00:00+00:00,2026-09-26T07:05:00+00:00,9.9,0.5,0.51,0.505,0.01,65.0,165.5,99
2026-09-26T06:55:06.331286+00:00,btc-updown-15m-1790405100,15,4944461,90392338669497293048821623900226260201440502812978242412060410833300007331476,2026-09-26T06:45:00+00:00,2026-09-26T07:00:00+00:00,4.9,0.6,0.61,0.605,0.01,489.51,105.0,83
2026-09-26T06:55:06.331286+00:00,btc-updown-15m-1790406000,15,4944550,59522856167089682317213363372883493070970995247536409933613446442853786885176,2026-09-26T07:00:00+00:00,2026-09-26T07:15:00+00:00,19.9,0.49,0.51,0.5,0.02,85.94,184.94,84
2026-09-26T06:56:07.450532+00:00,btc-updown-5m-1790405700,5,4944534,77675640741534537820857988947253682069204293937945708555672548195357815681240,2026-09-26T06:55:00+00:00,2026-09-26T07:00:00+00:00,3.88,0.64,0.65,0.645,0.01,637.79,5.0,99
2026-09-26T06:56:07.450532+00:00,btc-updown-5m-1790406000,5,4944542,62436158918580071110051154169946545280854235693248407143243654479516412644821,2026-09-26T07:00:00+00:00,2026-09-26T07:05:00+00:00,8.88,0.51,0.52,0.515,0.01,78.91,130.0,99
2026-09-26T06:56:07.450532+00:00,btc-updown-15m-1790405100,15,4944461,90392338669497293048821623900226260201440502812978242412060410833300007331476,2026-09-26T06:45:00+00:00,2026-09-26T07:00:00+00:00,3.88,0.63,0.64,0.635,0.01,140.91,48.0,85
2026-09-26T06:56:07.450532+00:00,btc-updown-15m-1790406000,15,4944550,59522856167089682317213363372883493070970995247536409933613446442853786885176,2026-09-26T07:00:00+00:00,2026-09-26T07:15:00+00:00,18.88,0.5,0.51,0.505,0.01,45.0,179.94,83
2026-09-26T06:57:08.556161+00:00,btc-updown-5m-1790405700,5,4944534,77675640741534537820857988947253682069204293937945708555672548195357815681240,2026-09-26T06:55:00+00:00,2026-09-26T07:00:00+00:00,2.87,0.58,0.59,0.585,0.01,808.63,40.0,99
2026-09-26T06:57:08.556161+00:00,btc-updown-5m-1790406000,5,4944542,62436158918580071110051154169946545280854235693248407143243654479516412644821,2026-09-26T07:00:00+00:00,2026-09-26T07:05:00+00:00,7.87,0.51,0.52,0.515,0.01,83.91,60.0,99
2026-09-26T06:57:08.556161+00:00,btc-updown-15m-1790405100,15,4944461,90392338669497293048821623900226260201440502812978242412060410833300007331476,2026-09-26T06:45:00+00:00,2026-09-26T07:00:00+00:00,2.87,0.57,0.58,0.575,0.01,190.0,18.05,82
2026-09-26T06:57:08.556161+00:00,btc-updown-15m-1790406000,15,4944550,59522856167089682317213363372883493070970995247536409933613446442853786885176,2026-09-26T07:00:00+00:00,2026-09-26T07:15:00+00:00,17.87,0.5,0.51,0.505,0.01,45.0,179.94,83
2026-09-26T06:58:09.666598+00:00,btc-updown-5m-1790405700,5,4944534,77675640741534537820857988947253682069204293937945708555672548195357815681240,2026-09-26T06:55:00+00:00,2026-09-26T07:00:00+00:00,1.85,0.69,0.7,0.695,0.01,55.0,66.0,99
2026-09-26T06:58:09.666598+00:00,btc-updown-5m-1790406000,5,4944542,62436158918580071110051154169946545280854235693248407143243654479516412644821,2026-09-26T07:00:00+00:00,2026-09-26T07:05:00+00:00,6.85,0.51,0.52,0.515,0.01,128.91,16.55,99
2026-09-26T06:58:09.666598+00:00,btc-updown-15m-1790405100,15,4944461,90392338669497293048821623900226260201440502812978242412060410833300007331476,2026-09-26T06:45:00+00:00,2026-09-26T07:00:00+00:00,1.85,0.69,0.7,0.695,0.01,26.66,140.0,75
2026-09-26T06:58:09.666598+00:00,btc-updown-15m-1790406000,15,4944550,59522856167089682317213363372883493070970995247536409933613446442853786885176,2026-09-26T07:00:00+00:00,2026-09-26T07:15:00+00:00,16.85,0.5,0.51,0.505,0.01,50.0,179.94,83
2026-09-26T06:59:10.990064+00:00,btc-updown-5m-1790406000,5,4944542,62436158918580071110051154169946545280854235693248407143243654479516412644821,2026-09-26T07:00:00+00:00,2026-09-26T07:05:00+00:00,5.83,0.52,0.53,0.525,0.01,35.0,172.79,99
2026-09-26T06:59:10.990064+00:00,btc-updown-15m-1790405100,15,4944461,90392338669497293048821623900226260201440502812978242412060410833300007331476,2026-09-26T06:45:00+00:00,2026-09-26T07:00:00+00:00,0.83,0.11,0.15,0.13,0.04,50.4,20.0,50
2026-09-26T06:59:10.990064+00:00,btc-updown-15m-1790406000,15,4944550,59522856167089682317213363372883493070970995247536409933613446442853786885176,2026-09-26T07:00:00+00:00,2026-09-26T07:15:00+00:00,15.83,0.5,0.51,0.505,0.01,50.0,142.97,75
2026-09-26T07:00:12.067465+00:00,btc-updown-5m-1790406000,5,4944542,62436158918580071110051154169946545280854235693248407143243654479516412644821,2026-09-26T07:00:00+00:00,2026-09-26T07:05:00+00:00,4.8,0.69,0.7,0.695,0.01,292.19,50.0,99
2026-09-26T07:00:12.067465+00:00,btc-updown-5m-1790406300,5,4944565,100276818797704974967641055604408090236122576328005269064176282517901538684371,2026-09-26T07:05:00+00:00,2026-09-26T07:10:00+00:00,9.8,0.5,0.51,0.505,0.01,258.0,222.98,99
2026-09-26T07:00:12.067465+00:00,btc-updown-15m-1790406000,15,4944550,59522856167089682317213363372883493070970995247536409933613446442853786885176,2026-09-26T07:00:00+00:00,2026-09-26T07:15:00+00:00,14.8,0.56,0.57,0.565,0.01,5.0,292.9,88
2026-09-26T07:00:12.067465+00:00,btc-updown-15m-1790406900,15,4944837,11357535173779472612088364235545924851307991012363242847100358151380060941493,2026-09-26T07:15:00+00:00,2026-09-26T07:30:00+00:00,29.8,0.5,0.51,0.505,0.01,961.61,142.44,93
2026-09-26T07:01:13.180494+00:00,btc-updown-5m-1790406000,5,4944542,62436158918580071110051154169946545280854235693248407143243654479516412644821,2026-09-26T07:00:00+00:00,2026-09-26T07:05:00+00:00,3.78,0.77,0.78,0.775,0.01,111.79,299.02,99
2026-09-26T07:01:13.180494+00:00,btc-updown-5m-1790406300,5,4944565,100276818797704974967641055604408090236122576328005269064176282517901538684371,2026-09-26T07:05:00+00:00,2026-09-26T07:10:00+00:00,8.78,0.5,0.51,0.505,0.01,336.0,169.92,99
2026-09-26T07:01:13.180494+00:00,btc-updown-15m-1790406000,15,4944550,59522856167089682317213363372883493070970995247536409933613446442853786885176,2026-09-26T07:00:00+00:00,2026-09-26T07:15:00+00:00,13.78,0.6,0.61,0.605,0.01,109.59,74.91,84
2026-09-26T07:01:13.180494+00:00,btc-updown-15m-1790406900,15,4944837,11357535173779472612088364235545924851307991012363242847100358151380060941493,2026-09-26T07:15:00+00:00,2026-09-26T07:30:00+00:00,28.78,0.5,0.51,0.505,0.01,986.61,122.44,93
2026-09-26T07:02:14.274925+00:00,btc-updown-5m-1790406000,5,4944542,62436158918580071110051154169946545280854235693248407143243654479516412644821,2026-09-26T07:00:00+00:00,2026-09-26T07:05:00+00:00,2.77,0.86,0.87,0.865,0.01,77.0,483.38,99
2026-09-26T07:02:14.274925+00:00,btc-updown-5m-1790406300,5,4944565,100276818797704974967641055604408090236122576328005269064176282517901538684371,2026-09-26T07:05:00+00:00,2026-09-26T07:10:00+00:00,7.77,0.5,0.51,0.505,0.01,337.0,169.92,99
2026-09-26T07:02:14.274925+00:00,btc-updown-15m-1790406000,15,4944550,59522856167089682317213363372883493070970995247536409933613446442853786885176,2026-09-26T07:00:00+00:00,2026-09-26T07:15:00+00:00,12.77,0.65,0.66,0.655,0.01,85.0,4862.02,90
2026-09-26T07:02:14.274925+00:00,btc-updown-15m-1790406900,15,4944837,11357535173779472612088364235545924851307991012363242847100358151380060941493,2026-09-26T07:15:00+00:00,2026-09-26T07:30:00+00:00,27.77,0.5,0.51,0.505,0.01,986.61,122.44,93
2026-09-26T07:03:15.353570+00:00,btc-updown-5m-1790406000,5,4944542,62436158918580071110051154169946545280854235693248407143243654479516412644821,2026-09-26T07:00:00+00:00,2026-09-26T07:05:00+00:00,1.75,0.98,0.99,0.985,0.01,455.47,31.77,99
2026-09-26T07:03:15.353570+00:00,btc-updown-5m-1790406300,5,4944565,100276818797704974967641055604408090236122576328005269064176282517901538684371,2026-09-26T07:05:00+00:00,2026-09-26T07:10:00+00:00,6.75,0.51,0.52,0.515,0.01,100.0,28.07,99
2026-09-26T07:03:15.353570+00:00,btc-updown-15m-1790406000,15,4944550,59522856167089682317213363372883493070970995247536409933613446442853786885176,2026-09-26T07:00:00+00:00,2026-09-26T07:15:00+00:00,11.75,0.74,0.75,0.745,0.01,40.0,1223.45,88
2026-09-26T07:03:15.353570+00:00,btc-updown-15m-1790406900,15,4944837,11357535173779472612088364235545924851307991012363242847100358151380060941493,2026-09-26T07:15:00+00:00,2026-09-26T07:30:00+00:00,26.75,0.5,0.51,0.505,0.01,966.61,182.44,93
2026-09-26T07:04:16.485888+00:00,btc-updown-5m-1790406300,5,4944565,100276818797704974967641055604408090236122576328005269064176282517901538684371,2026-09-26T07:05:00+00:00,2026-09-26T07:10:00+00:00,5.73,0.53,0.54,0.535,0.01,4.89,520.32,99
2026-09-26T07:04:16.485888+00:00,btc-updown-15m-1790406000,15,4944550,59522856167089682317213363372883493070970995247536409933613446442853786885176,2026-09-26T07:00:00+00:00,2026-09-26T07:15:00+00:00,10.73,0.85,0.86,0.855,0.01,200.0,8710.15,86
2026-09-26T07:04:16.485888+00:00,btc-updown-15m-1790406900,15,4944837,11357535173779472612088364235545924851307991012363242847100358151380060941493,2026-09-26T07:15:00+00:00,2026-09-26T07:30:00+00:00,25.73,0.5,0.51,0.505,0.01,941.61,177.73,92
2026-09-26T07:05:17.496122+00:00,btc-updown-5m-1790406300,5,4944565,100276818797704974967641055604408090236122576328005269064176282517901538684371,2026-09-26T07:05:00+00:00,2026-09-26T07:10:00+00:00,4.72,0.73,0.74,0.735,0.01,404.55,51.0,99
2026-09-26T07:05:17.496122+00:00,btc-updown-5m-1790406600,5,4944577,47288077599359066915855358569612854762211486362193520438619978400142722444262,2026-09-26T07:10:00+00:00,2026-09-26T07:15:00+00:00,9.72,0.49,0.5,0.495,0.01,397.47,91.0,99
2026-09-26T07:05:17.496122+00:00,btc-updown-15m-1790406000,15,4944550,59522856167089682317213363372883493070970995247536409933613446442853786885176,2026-09-26T07:00:00+00:00,2026-09-26T07:15:00+00:00,9.72,0.9,0.91,0.905,0.01,30.0,115.36,84
2026-09-26T07:05:17.496122+00:00,btc-updown-15m-1790406900,15,4944837,11357535173779472612088364235545924851307991012363242847100358151380060941493,2026-09-26T07:15:00+00:00,2026-09-26T07:30:00+00:00,24.72,0.5,0.51,0.505,0.01,935.49,328.75,93
2026-09-26T07:06:18.604244+00:00,btc-updown-5m-1790406300,5,4944565,100276818797704974967641055604408090236122576328005269064176282517901538684371,2026-09-26T07:05:00+00:00,2026-09-26T07:10:00+00:00,3.7,0.9,0.91,0.905,0.01,400.26,105.14,99
2026-09-26T07:06:18.604244+00:00,btc-updown-5m-1790406600,5,4944577,47288077599359066915855358569612854762211486362193520438619978400142722444262,2026-09-26T07:10:00+00:00,2026-09-26T07:15:00+00:00,8.7,0.49,0.5,0.495,0.01,289.1,106.0,99
2026-09-26T07:06:18.604244+00:00,btc-updown-15m-1790406000,15,4944550,59522856167089682317213363372883493070970995247536409933613446442853786885176,2026-09-26T07:00:00+00:00,2026-09-26T07:15:00+00:00,8.7,0.92,0.93,0.925,0.01,176.43,146.25,82
2026-09-26T07:06:18.604244+00:00,btc-updown-15m-1790406900,15,4944837,11357535173779472612088364235545924851307991012363242847100358151380060941493,2026-09-26T07:15:00+00:00,2026-09-26T07:30:00+00:00,23.7,0.5,0.51,0.505,0.01,935.49,428.75,93
2026-09-26T07:07:19.717179+00:00,btc-updown-5m-1790406300,5,4944565,100276818797704974967641055604408090236122576328005269064176282517901538684371,2026-09-26T07:05:00+00:00,2026-09-26T07:10:00+00:00,2.68,0.96,0.97,0.965,0.01,613.73,90.0,99
2026-09-26T07:07:19.717179+00:00,btc-updown-5m-1790406600,5,4944577,47288077599359066915855358569612854762211486362193520438619978400142722444262,2026-09-26T07:10:00+00:00,2026-09-26T07:15:00+00:00,7.68,0.49,0.5,0.495,0.01,281.24,55.0,99
2026-09-26T07:07:19.717179+00:00,btc-updown-15m-1790406000,15,4944550,59522856167089682317213363372883493070970995247536409933613446442853786885176,2026-09-26T07:00:00+00:00,2026-09-26T07:15:00+00:00,7.68,0.92,0.93,0.925,0.01,100.01,140.59,79
2026-09-26T07:07:19.717179+00:00,btc-updown-15m-1790406900,15,4944837,11357535173779472612088364235545924851307991012363242847100358151380060941493,2026-09-26T07:15:00+00:00,2026-09-26T07:30:00+00:00,22.68,0.5,0.51,0.505,0.01,935.49,328.75,93
2026-09-26T07:08:20.812707+00:00,btc-updown-5m-1790406300,5,4944565,100276818797704974967641055604408090236122576328005269064176282517901538684371,2026-09-26T07:05:00+00:00,2026-09-26T07:10:00+00:00,1.67,0.996,0.999,0.9975,0.003,5.0,3010.0,121
2026-09-26T07:08:20.812707+00:00,btc-updown-5m-1790406600,5,4944577,47288077599359066915855358569612854762211486362193520438619978400142722444262,2026-09-26T07:10:00+00:00,2026-09-26T07:15:00+00:00,6.67,0.49,0.5,0.495,0.01,255.03,48.6,99
2026-09-26T07:08:20.812707+00:00,btc-updown-15m-1790406000,15,4944550,59522856167089682317213363372883493070970995247536409933613446442853786885176,2026-09-26T07:00:00+00:00,2026-09-26T07:15:00+00:00,6.67,0.95,0.96,0.955,0.01,95.65,417.73,82
2026-09-26T07:08:20.812707+00:00,btc-updown-15m-1790406900,15,4944837,11357535173779472612088364235545924851307991012363242847100358151380060941493,2026-09-26T07:15:00+00:00,2026-09-26T07:30:00+00:00,21.67,0.5,0.51,0.505,0.01,935.49,428.75,93
2026-09-26T07:09:21.973721+00:00,btc-updown-5m-1790406600,5,4944577,47288077599359066915855358569612854762211486362193520438619978400142722444262,2026-09-26T07:10:00+00:00,2026-09-26T07:15:00+00:00,5.65,0.6,0.61,0.605,0.01,5.0,260.32,94
2026-09-26T07:09:21.973721+00:00,btc-updown-15m-1790406000,15,4944550,59522856167089682317213363372883493070970995247536409933613446442853786885176,2026-09-26T07:00:00+00:00,2026-09-26T07:15:00+00:00,5.65,0.95,0.96,0.955,0.01,414.0,131.31,80
2026-09-26T07:09:21.973721+00:00,btc-updown-15m-1790406900,15,4944837,11357535173779472612088364235545924851307991012363242847100358151380060941493,2026-09-26T07:15:00+00:00,2026-09-26T07:30:00+00:00,20.65,0.5,0.51,0.505,0.01,935.49,539.75,91
2026-09-26T07:10:22.993376+00:00,btc-updown-5m-1790406600,5,4944577,47288077599359066915855358569612854762211486362193520438619978400142722444262,2026-09-26T07:10:00+00:00,2026-09-26T07:15:00+00:00,4.63,0.53,0.54,0.535,0.01,485.08,192.5,99
2026-09-26T07:10:22.993376+00:00,btc-updown-5m-1790406900,5,4944855,82763996575969146544145876904273578263434262931763281406702510619872458871800,2026-09-26T07:15:00+00:00,2026-09-26T07:20:00+00:00,9.63,0.49,0.5,0.495,0.01,122.1,292.0,99
2026-09-26T07:10:22.993376+00:00,btc-updown-15m-1790406000,15,4944550,59522856167089682317213363372883493070970995247536409933613446442853786885176,2026-09-26T07:00:00+00:00,2026-09-26T07:15:00+00:00,4.63,0.94,0.95,0.945,0.01,46.0,310.28,79
2026-09-26T07:10:22.993376+00:00,btc-updown-15m-1790406900,15,4944837,11357535173779472612088364235545924851307991012363242847100358151380060941493,2026-09-26T07:15:00+00:00,2026-09-26T07:30:00+00:00,19.63,0.5,0.51,0.505,0.01,930.49,389.75,91
2026-09-26T07:11:24.124687+00:00,btc-updown-5m-1790406600,5,4944577,47288077599359066915855358569612854762211486362193520438619978400142722444262,2026-09-26T07:10:00+00:00,2026-09-26T07:15:00+00:00,3.6,0.61,0.62,0.615,0.01,520.6,7.0,99
2026-09-26T07:11:24.124687+00:00,btc-updown-5m-1790406900,5,4944855,82763996575969146544145876904273578263434262931763281406702510619872458871800,2026-09-26T07:15:00+00:00,2026-09-26T07:20:00+00:00,8.6,0.49,0.5,0.495,0.01,107.49,307.0,99
2026-09-26T07:11:24.124687+00:00,btc-updown-15m-1790406000,15,4944550,59522856167089682317213363372883493070970995247536409933613446442853786885176,2026-09-26T07:00:00+00:00,2026-09-26T07:15:00+00:00,3.6,0.97,0.98,0.975,0.01,200.0,52.28,76
2026-09-26T07:11:24.124687+00:00,btc-updown-15m-1790406900,15,4944837,11357535173779472612088364235545924851307991012363242847100358151380060941493,2026-09-26T07:15:00+00:00,2026-09-26T07:30:00+00:00,18.6,0.5,0.51,0.505,0.01,930.49,539.75,95
2026-09-26T07:12:25.253135+00:00,btc-updown-5m-1790406600,5,4944577,47288077599359066915855358569612854762211486362193520438619978400142722444262,2026-09-26T07:10:00+00:00,2026-09-26T07:15:00+00:00,2.58,0.81,0.82,0.815,0.01,89.33,131.53,99
2026-09-26T07:12:25.253135+00:00,btc-updown-5m-1790406900,5,4944855,82763996575969146544145876904273578263434262931763281406702510619872458871800,2026-09-26T07:15:00+00:00,2026-09-26T07:20:00+00:00,7.58,0.49,0.5,0.495,0.01,117.49,312.0,99
2026-09-26T07:12:25.253135+00:00,btc-updown-15m-1790406900,15,4944837,11357535173779472612088364235545924851307991012363242847100358151380060941493,2026-09-26T07:15:00+00:00,2026-09-26T07:30:00+00:00,17.58,0.52,0.53,0.525,0.01,84.83,693.89,95
2026-09-26T07:13:26.249002+00:00,btc-updown-5m-1790406600,5,4944577,47288077599359066915855358569612854762211486362193520438619978400142722444262,2026-09-26T07:10:00+00:00,2026-09-26T07:15:00+00:00,1.57,0.98,0.99,0.985,0.01,185.25,11971.97,99
2026-09-26T07:13:26.249002+00:00,btc-updown-5m-1790406900,5,4944855,82763996575969146544145876904273578263434262931763281406702510619872458871800,2026-09-26T07:15:00+00:00,2026-09-26T07:20:00+00:00,6.57,0.49,0.5,0.495,0.01,22.34,220.0,99
2026-09-26T07:13:26.249002+00:00,btc-updown-15m-1790406900,15,4944837,11357535173779472612088364235545924851307991012363242847100358151380060941493,2026-09-26T07:15:00+00:00,2026-09-26T07:30:00+00:00,16.57,0.52,0.53,0.525,0.01,84.83,300.5,95
2026-09-26T07:14:27.277396+00:00,btc-updown-5m-1790406900,5,4944855,82763996575969146544145876904273578263434262931763281406702510619872458871800,2026-09-26T07:15:00+00:00,2026-09-26T07:20:00+00:00,5.55,0.47,0.5,0.485,0.03,127.97,304.32,97
2026-09-26T07:14:27.277396+00:00,btc-updown-15m-1790406900,15,4944837,11357535173779472612088364235545924851307991012363242847100358151380060941493,2026-09-26T07:15:00+00:00,2026-09-26T07:30:00+00:00,15.55,0.52,0.53,0.525,0.01,82.7,78.68,81
2026-09-26T07:15:28.181234+00:00,btc-updown-5m-1790406900,5,4944855,82763996575969146544145876904273578263434262931763281406702510619872458871800,2026-09-26T07:15:00+00:00,2026-09-26T07:20:00+00:00,4.53,0.52,0.53,0.525,0.01,299.52,45.0,99
2026-09-26T07:15:28.181234+00:00,btc-updown-5m-1790407200,5,4945028,102401896151127126822431270264690302137481292125767987955148533825326733415893,2026-09-26T07:20:00+00:00,2026-09-26T07:25:00+00:00,9.53,0.49,0.5,0.495,0.01,208.08,220.0,99
2026-09-26T07:15:28.181234+00:00,btc-updown-15m-1790406900,15,4944837,11357535173779472612088364235545924851307991012363242847100358151380060941493,2026-09-26T07:15:00+00:00,2026-09-26T07:30:00+00:00,14.53,0.5,0.51,0.505,0.01,230.95,97.3,89
2026-09-26T07:15:28.181234+00:00,btc-updown-15m-1790407800,15,4945150,58876295964753438819763334609650390695506917873494623166909961182286670715373,2026-09-26T07:30:00+00:00,2026-09-26T07:45:00+00:00,29.53,0.5,0.51,0.505,0.01,169.73,362.88,91
2026-09-26T07:16:29.274864+00:00,btc-updown-5m-1790406900,5,4944855,82763996575969146544145876904273578263434262931763281406702510619872458871800,2026-09-26T07:15:00+00:00,2026-09-26T07:20:00+00:00,3.52,0.16,0.17,0.165,0.01,308.28,114.11,99
2026-09-26T07:16:29.274864+00:00,btc-updown-5m-1790407200,5,4945028,102401896151127126822431270264690302137481292125767987955148533825326733415893,2026-09-26T07:20:00+00:00,2026-09-26T07:25:00+00:00,8.52,0.49,0.5,0.495,0.01,135.41,315.0,99
2026-09-26T07:16:29.274864+00:00,btc-updown-15m-1790406900,15,4944837,11357535173779472612088364235545924851307991012363242847100358151380060941493,2026-09-26T07:15:00+00:00,2026-09-26T07:30:00+00:00,13.52,0.37,0.38,0.375,0.01,20.0,232.4,88
2026-09-26T07:16:29.274864+00:00,btc-updown-15m-1790407800,15,4945150,58876295964753438819763334609650390695506917873494623166909961182286670715373,2026-09-26T07:30:00+00:00,2026-09-26T07:45:00+00:00,28.52,0.5,0.51,0.505,0.01,149.73,362.88,91
2026-09-26T07:17:30.386087+00:00,btc-updown-5m-1790406900,5,4944855,82763996575969146544145876904273578263434262931763281406702510619872458871800,2026-09-26T07:15:00+00:00,2026-09-26T07:20:00+00:00,2.5,0.22,0.23,0.225,0.01,30.7,284.78,99
2026-09-26T07:17:30.386087+00:00,btc-updown-5m-1790407200,5,4945028,102401896151127126822431270264690302137481292125767987955148533825326733415893,2026-09-26T07:20:00+00:00,2026-09-26T07:25:00+00:00,7.5,0.49,0.5,0.495,0.01,115.8,76.54,99
2026-09-26T07:17:30.386087+00:00,btc-updown-15m-1790406900,15,4944837,11357535173779472612088364235545924851307991012363242847100358151380060941493,2026-09-26T07:15:00+00:00,2026-09-26T07:30:00+00:00,12.5,0.42,0.43,0.425,0.01,3447.81,20.0,85
2026-09-26T07:17:30.386087+00:00,btc-updown-15m-1790407800,15,4945150,58876295964753438819763334609650390695506917873494623166909961182286670715373,2026-09-26T07:30:00+00:00,2026-09-26T07:45:00+00:00,27.5,0.5,0.51,0.505,0.01,199.73,362.88,93
2026-09-26T07:18:31.513004+00:00,btc-updown-5m-1790406900,5,4944855,82763996575969146544145876904273578263434262931763281406702510619872458871800,2026-09-26T07:15:00+00:00,2026-09-26T07:20:00+00:00,1.48,0.09,0.1,0.095,0.01,66.31,147.11,99
2026-09-26T07:18:31.513004+00:00,btc-updown-5m-1790407200,5,4945028,102401896151127126822431270264690302137481292125767987955148533825326733415893,2026-09-26T07:20:00+00:00,2026-09-26T07:25:00+00:00,6.48,0.49,0.5,0.495,0.01,102.94,116.0,99
2026-09-26T07:18:31.513004+00:00,btc-updown-15m-1790406900,15,4944837,11357535173779472612088364235545924851307991012363242847100358151380060941493,2026-09-26T07:15:00+00:00,2026-09-26T07:30:00+00:00,11.48,0.41,0.42,0.415,0.01,113.21,126.06,84
2026-09-26T07:18:31.513004+00:00,btc-updown-15m-1790407800,15,4945150,58876295964753438819763334609650390695506917873494623166909961182286670715373,2026-09-26T07:30:00+00:00,2026-09-26T07:45:00+00:00,26.48,0.5,0.51,0.505,0.01,199.73,342.88,93
2026-09-26T07:19:32.632408+00:00,btc-updown-5m-1790407200,5,4945028,102401896151127126822431270264690302137481292125767987955148533825326733415893,2026-09-26T07:20:00+00:00,2026-09-26T07:25:00+00:00,5.47,0.48,0.5,0.49,0.02,60.0,122.22,98
2026-09-26T07:19:32.632408+00:00,btc-updown-15m-1790406900,15,4944837,11357535173779472612088364235545924851307991012363242847100358151380060941493,2026-09-26T07:15:00+00:00,2026-09-26T07:30:00+00:00,10.47,0.6,0.61,0.605,0.01,31.67,227.12,83
2026-09-26T07:19:32.632408+00:00,btc-updown-15m-1790407800,15,4945150,58876295964753438819763334609650390695506917873494623166909961182286670715373,2026-09-26T07:30:00+00:00,2026-09-26T07:45:00+00:00,25.47,0.5,0.51,0.505,0.01,199.73,342.88,93
2026-09-26T07:20:33.623153+00:00,btc-updown-5m-1790407200,5,4945028,102401896151127126822431270264690302137481292125767987955148533825326733415893,2026-09-26T07:20:00+00:00,2026-09-26T07:25:00+00:00,4.45,0.53,0.54,0.535,0.01,114.17,123.99,99
2026-09-26T07:20:33.623153+00:00,btc-updown-5m-1790407500,5,4945131,102939584795869686838038031840454180857093761405706281673963921797254063018883,2026-09-26T07:25:00+00:00,2026-09-26T07:30:00+00:00,9.45,0.49,0.5,0.495,0.01,106.56,346.0,99
2026-09-26T07:20:33.623153+00:00,btc-updown-15m-1790406900,15,4944837,11357535173779472612088364235545924851307991012363242847100358151380060941493,2026-09-26T07:15:00+00:00,2026-09-26T07:30:00+00:00,9.45,0.61,0.62,0.615,0.01,170.41,70.0,85
2026-09-26T07:20:33.623153+00:00,btc-updown-15m-1790407800,15,4945150,58876295964753438819763334609650390695506917873494623166909961182286670715373,2026-09-26T07:30:00+00:00,2026-09-26T07:45:00+00:00,24.45,0.5,0.51,0.505,0.01,199.73,645.33,93
2026-09-26T07:21:34.732400+00:00,btc-updown-5m-1790407200,5,4945028,102401896151127126822431270264690302137481292125767987955148533825326733415893,2026-09-26T07:20:00+00:00,2026-09-26T07:25:00+00:00,3.43,0.55,0.56,0.555,0.01,236.11,42.5,98
2026-09-26T07:21:34.732400+00:00,btc-updown-5m-1790407500,5,4945131,102939584795869686838038031840454180857093761405706281673963921797254063018883,2026-09-26T07:25:00+00:00,2026-09-26T07:30:00+00:00,8.43,0.49,0.5,0.495,0.01,65.37,381.0,99
2026-09-26T07:21:34.732400+00:00,btc-updown-15m-1790406900,15,4944837,11357535173779472612088364235545924851307991012363242847100358151380060941493,2026-09-26T07:15:00+00:00,2026-09-26T07:30:00+00:00,8.43,0.61,0.62,0.615,0.01,17.43,397.0,86
2026-09-26T07:21:34.732400+00:00,btc-updown-15m-1790407800,15,4945150,58876295964753438819763334609650390695506917873494623166909961182286670715373,2026-09-26T07:30:00+00:00,2026-09-26T07:45:00+00:00,23.43,0.5,0.51,0.505,0.01,199.73,645.33,93
2026-09-26T07:22:35.841261+00:00,btc-updown-5m-1790407200,5,4945028,102401896151127126822431270264690302137481292125767987955148533825326733415893,2026-09-26T07:20:00+00:00,2026-09-26T07:25:00+00:00,2.42,0.13,0.14,0.135,0.01,88.85,420.21,99
2026-09-26T07:22:35.841261+00:00,btc-updown-5m-1790407500,5,4945131,102939584795869686838038031840454180857093761405706281673963921797254063018883,2026-09-26T07:25:00+00:00,2026-09-26T07:30:00+00:00,7.42,0.49,0.5,0.495,0.01,75.23,461.0,99
2026-09-26T07:22:35.841261+00:00,btc-updown-15m-1790406900,15,4944837,11357535173779472612088364235545924851307991012363242847100358151380060941493,2026-09-26T07:15:00+00:00,2026-09-26T07:30:00+00:00,7.42,0.51,0.52,0.515,0.01,211.3,35.0,90
2026-09-26T07:22:35.841261+00:00,btc-updown-15m-1790407800,15,4945150,58876295964753438819763334609650390695506917873494623166909961182286670715373,2026-09-26T07:30:00+00:00,2026-09-26T07:45:00+00:00,22.42,0.5,0.51,0.505,0.01,199.73,595.33,93
2026-09-26T07:23:36.957164+00:00,btc-updown-5m-1790407200,5,4945028,102401896151127126822431270264690302137481292125767987955148533825326733415893,2026-09-26T07:20:00+00:00,2026-09-26T07:25:00+00:00,1.4,0.29,0.3,0.295,0.01,90.0,240.15,99
2026-09-26T07:23:36.957164+00:00,btc-updown-5m-1790407500,5,4945131,102939584795869686838038031840454180857093761405706281673963921797254063018883,2026-09-26T07:25:00+00:00,2026-09-26T07:30:00+00:00,6.4,0.49,0.5,0.495,0.01,24.86,297.0,99
2026-09-26T07:23:36.957164+00:00,btc-updown-15m-1790406900,15,4944837,11357535173779472612088364235545924851307991012363242847100358151380060941493,2026-09-26T07:15:00+00:00,2026-09-26T07:30:00+00:00,6.4,0.64,0.65,0.645,0.01,171.07,123.0,85
2026-09-26T07:23:36.957164+00:00,btc-updown-15m-1790407800,15,4945150,58876295964753438819763334609650390695506917873494623166909961182286670715373,2026-09-26T07:30:00+00:00,2026-09-26T07:45:00+00:00,21.4,0.5,0.51,0.505,0.01,91.07,645.33,93
2026-09-26T07:24:38.127892+00:00,btc-updown-5m-1790407200,5,4945028,102401896151127126822431270264690302137481292125767987955148533825326733415893,2026-09-26T07:20:00+00:00,2026-09-26T07:25:00+00:00,0.37,0.98,0.99,0.985,0.01,160.22,1534.69,51
2026-09-26T07:24:38.127892+00:00,btc-updown-5m-1790407500,5,4945131,102939584795869686838038031840454180857093761405706281673963921797254063018883,2026-09-26T07:25:00+00:00,2026-09-26T07:30:00+00:00,5.37,0.41,0.42,0.415,0.01,481.52,32.61,97
2026-09-26T07:24:38.127892+00:00,btc-updown-15m-1790406900,15,4944837,11357535173779472612088364235545924851307991012363242847100358151380060941493,2026-09-26T07:15:00+00:00,2026-09-26T07:30:00+00:00,5.37,0.67,0.68,0.675,0.01,44.0,228.32,87
2026-09-26T07:24:38.127892+00:00,btc-updown-15m-1790407800,15,4945150,58876295964753438819763334609650390695506917873494623166909961182286670715373,2026-09-26T07:30:00+00:00,2026-09-26T07:45:00+00:00,20.37,0.5,0.51,0.505,0.01,86.07,645.33,93
2026-09-26T07:25:39.241240+00:00,btc-updown-5m-1790407500,5,4945131,102939584795869686838038031840454180857093761405706281673963921797254063018883,2026-09-26T07:25:00+00:00,2026-09-26T07:30:00+00:00,4.35,0.22,0.23,0.225,0.01,153.33,54.54,99
2026-09-26T07:25:39.241240+00:00,btc-updown-5m-1790407800,5,4945143,37784747257502103918461067090743454653843343893264924225190283096879276246470,2026-09-26T07:30:00+00:00,2026-09-26T07:35:00+00:00,9.35,0.49,0.5,0.495,0.01,187.56,365.0,99
2026-09-26T07:25:39.241240+00:00,btc-updown-15m-1790406900,15,4944837,11357535173779472612088364235545924851307991012363242847100358151380060941493,2026-09-26T07:15:00+00:00,2026-09-26T07:30:00+00:00,4.35,0.47,0.48,0.475,0.01,289.1,76.31,89
2026-09-26T07:25:39.241240+00:00,btc-updown-15m-1790407800,15,4945150,58876295964753438819763334609650390695506917873494623166909961182286670715373,2026-09-26T07:30:00+00:00,2026-09-26T07:45:00+00:00,19.35,0.5,0.51,0.505,0.01,81.07,595.33,93
2026-09-26T07:26:40.322457+00:00,btc-updown-5m-1790407500,5,4945131,102939584795869686838038031840454180857093761405706281673963921797254063018883,2026-09-26T07:25:00+00:00,2026-09-26T07:30:00+00:00,3.33,0.22,0.23,0.225,0.01,164.55,212.64,99
2026-09-26T07:26:40.322457+00:00,btc-updown-5m-1790407800,5,4945143,37784747257502103918461067090743454653843343893264924225190283096879276246470,2026-09-26T07:30:00+00:00,2026-09-26T07:35:00+00:00,8.33,0.47,0.48,0.475,0.01,75.0,55.0,99
2026-09-26T07:26:40.322457+00:00,btc-updown-15m-1790406900,15,4944837,11357535173779472612088364235545924851307991012363242847100358151380060941493,2026-09-26T07:15:00+00:00,2026-09-26T07:30:00+00:00,3.33,0.54,0.55,0.545,0.01,159.98,18.19,91
2026-09-26T07:26:40.322457+00:00,btc-updown-15m-1790407800,15,4945150,58876295964753438819763334609650390695506917873494623166909961182286670715373,2026-09-26T07:30:00+00:00,2026-09-26T07:45:00+00:00,18.33,0.5,0.51,0.505,0.01,81.07,570.33,95
2026-09-26T07:27:41.438500+00:00,btc-updown-5m-1790407500,5,4945131,102939584795869686838038031840454180857093761405706281673963921797254063018883,2026-09-26T07:25:00+00:00,2026-09-26T07:30:00+00:00,2.32,0.35,0.36,0.355,0.01,298.16,63.29,99
2026-09-26T07:27:41.438500+00:00,btc-updown-5m-1790407800,5,4945143,37784747257502103918461067090743454653843343893264924225190283096879276246470,2026-09-26T07:30:00+00:00,2026-09-26T07:35:00+00:00,7.32,0.47,0.48,0.475,0.01,75.0,55.0,99
2026-09-26T07:27:41.438500+00:00,btc-updown-15m-1790406900,15,4944837,11357535173779472612088364235545924851307991012363242847100358151380060941493,2026-09-26T07:15:00+00:00,2026-09-26T07:30:00+00:00,2.32,0.65,0.66,0.655,0.01,114.4,60.0,91
2026-09-26T07:27:41.438500+00:00,btc-updown-15m-1790407800,15,4945150,58876295964753438819763334609650390695506917873494623166909961182286670715373,2026-09-26T07:30:00+00:00,2026-09-26T07:45:00+00:00,17.32,0.5,0.51,0.505,0.01,81.07,575.33,95
2026-09-26T07:28:42.550858+00:00,btc-updown-5m-1790407500,5,4945131,102939584795869686838038031840454180857093761405706281673963921797254063018883,2026-09-26T07:25:00+00:00,2026-09-26T07:30:00+00:00,1.3,0.29,0.3,0.295,0.01,247.75,15.0,99
2026-09-26T07:28:42.550858+00:00,btc-updown-5m-1790407800,5,4945143,37784747257502103918461067090743454653843343893264924225190283096879276246470,2026-09-26T07:30:00+00:00,2026-09-26T07:35:00+00:00,6.3,0.47,0.48,0.475,0.01,80.0,52.91,99
2026-09-26T07:28:42.550858+00:00,btc-updown-15m-1790406900,15,4944837,11357535173779472612088364235545924851307991012363242847100358151380060941493,2026-09-26T07:15:00+00:00,2026-09-26T07:30:00+00:00,1.3,0.67,0.68,0.675,0.01,284.47,97.99,50
2026-09-26T07:28:42.550858+00:00,btc-updown-15m-1790407800,15,4945150,58876295964753438819763334609650390695506917873494623166909961182286670715373,2026-09-26T07:30:00+00:00,2026-09-26T07:45:00+00:00,16.3,0.5,0.51,0.505,0.01,81.07,485.33,95
2026-09-26T07:29:43.704787+00:00,btc-updown-5m-1790407800,5,4945143,37784747257502103918461067090743454653843343893264924225190283096879276246470,2026-09-26T07:30:00+00:00,2026-09-26T07:35:00+00:00,5.28,0.49,0.5,0.495,0.01,27.86,136.59,99
2026-09-26T07:29:43.704787+00:00,btc-updown-15m-1790406900,15,4944837,11357535173779472612088364235545924851307991012363242847100358151380060941493,2026-09-26T07:15:00+00:00,2026-09-26T07:30:00+00:00,0.28,0.98,0.99,0.985,0.01,165.11,80.0,31
2026-09-26T07:29:43.704787+00:00,btc-updown-15m-1790407800,15,4945150,58876295964753438819763334609650390695506917873494623166909961182286670715373,2026-09-26T07:30:00+00:00,2026-09-26T07:45:00+00:00,15.28,0.48,0.51,0.495,0.03,50.0,75.09,71
2026-09-26T07:30:44.713253+00:00,btc-updown-5m-1790407800,5,4945143,37784747257502103918461067090743454653843343893264924225190283096879276246470,2026-09-26T07:30:00+00:00,2026-09-26T07:35:00+00:00,4.27,0.51,0.52,0.515,0.01,228.87,122.48,99
2026-09-26T07:30:44.713253+00:00,btc-updown-5m-1790408100,5,4945194,76806663028090509204801217762995428789663421633634245741489927082743848635134,2026-09-26T07:35:00+00:00,2026-09-26T07:40:00+00:00,9.27,0.49,0.5,0.495,0.01,108.51,385.0,99
2026-09-26T07:30:44.713253+00:00,btc-updown-15m-1790407800,15,4945150,58876295964753438819763334609650390695506917873494623166909961182286670715373,2026-09-26T07:30:00+00:00,2026-09-26T07:45:00+00:00,14.27,0.49,0.5,0.495,0.01,58.73,165.55,91
2026-09-26T07:30:44.713253+00:00,btc-updown-15m-1790408700,15,4945215,29993870375883273433222385184735868701961383188759021433924593609028625741054,2026-09-26T07:45:00+00:00,2026-09-26T08:00:00+00:00,29.27,0.5,0.51,0.505,0.01,45.3,581.14,95
2026-09-26T07:31:45.789378+00:00,btc-updown-5m-1790407800,5,4945143,37784747257502103918461067090743454653843343893264924225190283096879276246470,2026-09-26T07:30:00+00:00,2026-09-26T07:35:00+00:00,3.25,0.58,0.59,0.585,0.01,116.0,90.36,99
2026-09-26T07:31:45.789378+00:00,btc-updown-5m-1790408100,5,4945194,76806663028090509204801217762995428789663421633634245741489927082743848635134,2026-09-26T07:35:00+00:00,2026-09-26T07:40:00+00:00,8.25,0.49,0.5,0.495,0.01,102.61,405.0,99
2026-09-26T07:31:45.789378+00:00,btc-updown-15m-1790407800,15,4945150,58876295964753438819763334609650390695506917873494623166909961182286670715373,2026-09-26T07:30:00+00:00,2026-09-26T07:45:00+00:00,13.25,0.49,0.5,0.495,0.01,97.2,202.62,93
2026-09-26T07:31:45.789378+00:00,btc-updown-15m-1790408700,15,4945215,29993870375883273433222385184735868701961383188759021433924593609028625741054,2026-09-26T07:45:00+00:00,2026-09-26T08:00:00+00:00,28.25,0.5,0.51,0.505,0.01,40.3,581.14,95
2026-09-26T07:32:46.876599+00:00,btc-updown-5m-1790407800,5,4945143,37784747257502103918461067090743454653843343893264924225190283096879276246470,2026-09-26T07:30:00+00:00,2026-09-26T07:35:00+00:00,2.23,0.62,0.63,0.625,0.01,91.0,529.27,99
2026-09-26T07:32:46.876599+00:00,btc-updown-5m-1790408100,5,4945194,76806663028090509204801217762995428789663421633634245741489927082743848635134,2026-09-26T07:35:00+00:00,2026-09-26T07:40:00+00:00,7.23,0.49,0.5,0.495,0.01,102.61,405.0,99
2026-09-26T07:32:46.876599+00:00,btc-updown-15m-1790407800,15,4945150,58876295964753438819763334609650390695506917873494623166909961182286670715373,2026-09-26T07:30:00+00:00,2026-09-26T07:45:00+00:00,12.23,0.48,0.49,0.485,0.01,340.06,140.0,86
2026-09-26T07:32:46.876599+00:00,btc-updown-15m-1790408700,15,4945215,29993870375883273433222385184735868701961383188759021433924593609028625741054,2026-09-26T07:45:00+00:00,2026-09-26T08:00:00+00:00,27.23,0.5,0.51,0.505,0.01,40.3,562.77,95
2026-09-26T07:33:48.141227+00:00,btc-updown-5m-1790407800,5,4945143,37784747257502103918461067090743454653843343893264924225190283096879276246470,2026-09-26T07:30:00+00:00,2026-09-26T07:35:00+00:00,1.2,0.76,0.77,0.765,0.01,2.23,540.93,98
2026-09-26T07:33:48.141227+00:00,btc-updown-5m-1790408100,5,4945194,76806663028090509204801217762995428789663421633634245741489927082743848635134,2026-09-26T07:35:00+00:00,2026-09-26T07:40:00+00:00,6.2,0.49,0.5,0.495,0.01,91.68,325.0,99
2026-09-26T07:33:48.141227+00:00,btc-updown-15m-1790407800,15,4945150,58876295964753438819763334609650390695506917873494623166909961182286670715373,2026-09-26T07:30:00+00:00,2026-09-26T07:45:00+00:00,11.2,0.5,0.51,0.505,0.01,134.0,221.06,86
2026-09-26T07:33:48.141227+00:00,btc-updown-15m-1790408700,15,4945215,29993870375883273433222385184735868701961383188759021433924593609028625741054,2026-09-26T07:45:00+00:00,2026-09-26T08:00:00+00:00,26.2,0.5,0.51,0.505,0.01,40.3,562.77,95
2026-09-26T07:34:49.268828+00:00,btc-updown-5m-1790408100,5,4945194,76806663028090509204801217762995428789663421633634245741489927082743848635134,2026-09-26T07:35:00+00:00,2026-09-26T07:40:00+00:00,5.18,0.5,0.51,0.505,0.01,69.22,87.0,99
2026-09-26T07:34:49.268828+00:00,btc-updown-15m-1790407800,15,4945150,58876295964753438819763334609650390695506917873494623166909961182286670715373,2026-09-26T07:30:00+00:00,2026-09-26T07:45:00+00:00,10.18,0.49,0.5,0.495,0.01,91.52,354.97,86
2026-09-26T07:34:49.268828+00:00,btc-updown-15m-1790408700,15,4945215,29993870375883273433222385184735868701961383188759021433924593609028625741054,2026-09-26T07:45:00+00:00,2026-09-26T08:00:00+00:00,25.18,0.5,0.51,0.505,0.01,40.3,512.77,95
2026-09-26T07:35:50.271367+00:00,btc-updown-5m-1790408100,5,4945194,76806663028090509204801217762995428789663421633634245741489927082743848635134,2026-09-26T07:35:00+00:00,2026-09-26T07:40:00+00:00,4.17,0.62,0.64,0.63,0.02,486.33,300.8,98
2026-09-26T07:35:50.271367+00:00,btc-updown-5m-1790408400,5,4945207,83380250240378410879966480824634109019308357556195086280682762892747053936037,2026-09-26T07:40:00+00:00,2026-09-26T07:45:00+00:00,9.17,0.49,0.5,0.495,0.01,83.45,357.0,99
2026-09-26T07:35:50.271367+00:00,btc-updown-15m-1790407800,15,4945150,58876295964753438819763334609650390695506917873494623166909961182286670715373,2026-09-26T07:30:00+00:00,2026-09-26T07:45:00+00:00,9.17,0.54,0.55,0.545,0.01,20.0,348.81,88
2026-09-26T07:35:50.271367+00:00,btc-updown-15m-1790408700,15,4945215,29993870375883273433222385184735868701961383188759021433924593609028625741054,2026-09-26T07:45:00+00:00,2026-09-26T08:00:00+00:00,24.17,0.5,0.51,0.505,0.01,40.3,592.77,95
2026-09-26T07:36:51.398521+00:00,btc-updown-5m-1790408100,5,4945194,76806663028090509204801217762995428789663421633634245741489927082743848635134,2026-09-26T07:35:00+00:00,2026-09-26T07:40:00+00:00,3.15,0.68,0.69,0.685,0.01,16.9,388.66,99
2026-09-26T07:36:51.398521+00:00,btc-updown-5m-1790408400,5,4945207,83380250240378410879966480824634109019308357556195086280682762892747053936037,2026-09-26T07:40:00+00:00,2026-09-26T07:45:00+00:00,8.15,0.49,0.5,0.495,0.01,20.58,357.0,99
2026-09-26T07:36:51.398521+00:00,btc-updown-15m-1790407800,15,4945150,58876295964753438819763334609650390695506917873494623166909961182286670715373,2026-09-26T07:30:00+00:00,2026-09-26T07:45:00+00:00,8.15,0.56,0.57,0.565,0.01,20.0,115.0,91
2026-09-26T07:36:51.398521+00:00,btc-updown-15m-1790408700,15,4945215,29993870375883273433222385184735868701961383188759021433924593609028625741054,2026-09-26T07:45:00+00:00,2026-09-26T08:00:00+00:00,23.15,0.5,0.51,0.505,0.01,40.3,542.77,95
2026-09-26T07:37:52.516842+00:00,btc-updown-5m-1790408100,5,4945194,76806663028090509204801217762995428789663421633634245741489927082743848635134,2026-09-26T07:35:00+00:00,2026-09-26T07:40:00+00:00,2.13,0.79,0.8,0.795,0.01,155.0,258.0,99
2026-09-26T07:37:52.516842+00:00,btc-updown-5m-1790408400,5,4945207,83380250240378410879966480824634109019308357556195086280682762892747053936037,2026-09-26T07:40:00+00:00,2026-09-26T07:45:00+00:00,7.13,0.49,0.5,0.495,0.01,30.58,271.0,99
2026-09-26T07:37:52.516842+00:00,btc-updown-15m-1790407800,15,4945150,58876295964753438819763334609650390695506917873494623166909961182286670715373,2026-09-26T07:30:00+00:00,2026-09-26T07:45:00+00:00,7.13,0.57,0.58,0.575,0.01,35.0,435.61,89
2026-09-26T07:37:52.516842+00:00,btc-updown-15m-1790408700,15,4945215,29993870375883273433222385184735868701961383188759021433924593609028625741054,2026-09-26T07:45:00+00:00,2026-09-26T08:00:00+00:00,22.13,0.5,0.51,0.505,0.01,40.3,592.77,95
2026-09-26T07:38:53.652766+00:00,btc-updown-5m-1790408100,5,4945194,76806663028090509204801217762995428789663421633634245741489927082743848635134,2026-09-26T07:35:00+00:00,2026-09-26T07:40:00+00:00,1.12,0.97,0.98,0.975,0.01,426.91,85.0,99
2026-09-26T07:38:53.652766+00:00,btc-updown-5m-1790408400,5,4945207,83380250240378410879966480824634109019308357556195086280682762892747053936037,2026-09-26T07:40:00+00:00,2026-09-26T07:45:00+00:00,6.12,0.48,0.49,0.485,0.01,72.82,72.0,99
2026-09-26T07:38:53.652766+00:00,btc-updown-15m-1790407800,15,4945150,58876295964753438819763334609650390695506917873494623166909961182286670715373,2026-09-26T07:30:00+00:00,2026-09-26T07:45:00+00:00,6.12,0.76,0.77,0.765,0.01,275.63,32.4,82
2026-09-26T07:38:53.652766+00:00,btc-updown-15m-1790408700,15,4945215,29993870375883273433222385184735868701961383188759021433924593609028625741054,2026-09-26T07:45:00+00:00,2026-09-26T08:00:00+00:00,21.12,0.48,0.49,0.485,0.01,21.93,40.0,95
2026-09-26T07:39:54.797045+00:00,btc-updown-5m-1790408400,5,4945207,83380250240378410879966480824634109019308357556195086280682762892747053936037,2026-09-26T07:40:00+00:00,2026-09-26T07:45:00+00:00,5.1,0.51,0.52,0.515,0.01,4.46,332.1,99
2026-09-26T07:39:54.797045+00:00,btc-updown-15m-1790407800,15,4945150,58876295964753438819763334609650390695506917873494623166909961182286670715373,2026-09-26T07:30:00+00:00,2026-09-26T07:45:00+00:00,5.1,0.84,0.85,0.845,0.01,131.93,91.17,83
2026-09-26T07:39:54.797045+00:00,btc-updown-15m-1790408700,15,4945215,29993870375883273433222385184735868701961383188759021433924593609028625741054,2026-09-26T07:45:00+00:00,2026-09-26T08:00:00+00:00,20.1,0.48,0.49,0.485,0.01,16.93,190.0,95
2026-09-26T07:40:55.810774+00:00,btc-updown-5m-1790408400,5,4945207,83380250240378410879966480824634109019308357556195086280682762892747053936037,2026-09-26T07:40:00+00:00,2026-09-26T07:45:00+00:00,4.08,0.88,0.89,0.885,0.01,370.78,45.0,99
2026-09-26T07:40:55.810774+00:00,btc-updown-5m-1790408700,5,4945217,12129704079119780807542765992042097643528852770439004745186388953588871477154,2026-09-26T07:45:00+00:00,2026-09-26T07:50:00+00:00,9.08,0.49,0.5,0.495,0.01,135.1,364.0,99
2026-09-26T07:40:55.810774+00:00,btc-updown-15m-1790407800,15,4945150,58876295964753438819763334609650390695506917873494623166909961182286670715373,2026-09-26T07:30:00+00:00,2026-09-26T07:45:00+00:00,4.08,0.95,0.96,0.955,0.01,188.94,108.3,76
2026-09-26T07:40:55.810774+00:00,btc-updown-15m-1790408700,15,4945215,29993870375883273433222385184735868701961383188759021433924593609028625741054,2026-09-26T07:45:00+00:00,2026-09-26T08:00:00+00:00,19.08,0.47,0.48,0.475,0.01,188.17,120.0,95
2026-09-26T07:41:56.929546+00:00,btc-updown-5m-1790408400,5,4945207,83380250240378410879966480824634109019308357556195086280682762892747053936037,2026-09-26T07:40:00+00:00,2026-09-26T07:45:00+00:00,3.07,0.94,0.95,0.945,0.01,577.52,116.0,99
2026-09-26T07:41:56.929546+00:00,btc-updown-5m-1790408700,5,4945217,12129704079119780807542765992042097643528852770439004745186388953588871477154,2026-09-26T07:45:00+00:00,2026-09-26T07:50:00+00:00,8.07,0.49,0.5,0.495,0.01,117.44,282.0,99
2026-09-26T07:41:56.929546+00:00,btc-updown-15m-1790408700,15,4945215,29993870375883273433222385184735868701961383188759021433924593609028625741054,2026-09-26T07:45:00+00:00,2026-09-26T08:00:00+00:00,18.07,0.47,0.48,0.475,0.01,175.43,120.0,95
2026-09-26T07:42:57.937777+00:00,btc-updown-5m-1790408400,5,4945207,83380250240378410879966480824634109019308357556195086280682762892747053936037,2026-09-26T07:40:00+00:00,2026-09-26T07:45:00+00:00,2.05,0.93,0.94,0.935,0.01,29.05,162.0,99
2026-09-26T07:42:57.937777+00:00,btc-updown-5m-1790408700,5,4945217,12129704079119780807542765992042097643528852770439004745186388953588871477154,2026-09-26T07:45:00+00:00,2026-09-26T07:50:00+00:00,7.05,0.49,0.5,0.495,0.01,15.0,244.0,99
2026-09-26T07:42:57.937777+00:00,btc-updown-15m-1790407800,15,4945150,58876295964753438819763334609650390695506917873494623166909961182286670715373,2026-09-26T07:30:00+00:00,2026-09-26T07:45:00+00:00,2.05,0.98,0.99,0.985,0.01,213.71,44.88,77
2026-09-26T07:42:57.937777+00:00,btc-updown-15m-1790408700,15,4945215,29993870375883273433222385184735868701961383188759021433924593609028625741054,2026-09-26T07:45:00+00:00,2026-09-26T08:00:00+00:00,17.05,0.47,0.48,0.475,0.01,130.27,125.0,95
2026-09-26T07:43:59.052996+00:00,btc-updown-5m-1790408400,5,4945207,83380250240378410879966480824634109019308357556195086280682762892747053936037,2026-09-26T07:40:00+00:00,2026-09-26T07:45:00+00:00,1.02,0.17,0.171,0.1705,0.001,12.58,10.25,94
2026-09-26T07:43:59.052996+00:00,btc-updown-5m-1790408700,5,4945217,12129704079119780807542765992042097643528852770439004745186388953588871477154,2026-09-26T07:45:00+00:00,2026-09-26T07:50:00+00:00,6.02,0.48,0.49,0.485,0.01,27.8,104.18,99
2026-09-26T07:43:59.052996+00:00,btc-updown-15m-1790407800,15,4945150,58876295964753438819763334609650390695506917873494623166909961182286670715373,2026-09-26T07:30:00+00:00,2026-09-26T07:45:00+00:00,1.02,0.969,0.97,0.9695,0.001,64.0,10.0,58
2026-09-26T07:43:59.052996+00:00,btc-updown-15m-1790408700,15,4945215,29993870375883273433222385184735868701961383188759021433924593609028625741054,2026-09-26T07:45:00+00:00,2026-09-26T08:00:00+00:00,16.02,0.46,0.47,0.465,0.01,147.61,175.81,95
2026-09-26T07:45:00.187695+00:00,btc-updown-5m-1790408700,5,4945217,12129704079119780807542765992042097643528852770439004745186388953588871477154,2026-09-26T07:45:00+00:00,2026-09-26T07:50:00+00:00,5.0,0.57,0.58,0.575,0.01,80.0,28.48,93
2026-09-26T07:45:00.187695+00:00,btc-updown-5m-1790409000,5,4945291,78772580609280673675338593232955392214845447080729090869831231933428357210435,2026-09-26T07:50:00+00:00,2026-09-26T07:55:00+00:00,10.0,0.49,0.5,0.495,0.01,198.12,85.0,99
2026-09-26T07:45:00.187695+00:00,btc-updown-15m-1790408700,15,4945215,29993870375883273433222385184735868701961383188759021433924593609028625741054,2026-09-26T07:45:00+00:00,2026-09-26T08:00:00+00:00,15.0,0.51,0.52,0.515,0.01,20.0,10.0,84
2026-09-26T07:45:00.187695+00:00,btc-updown-15m-1790409600,15,4945348,39017160150471042916257633824726678497763760021315993002104908919311572648280,2026-09-26T08:00:00+00:00,2026-09-26T08:15:00+00:00,30.0,0.5,0.51,0.505,0.01,97.07,307.55,97
2026-09-26T07:46:01.323265+00:00,btc-updown-5m-1790408700,5,4945217,12129704079119780807542765992042097643528852770439004745186388953588871477154,2026-09-26T07:45:00+00:00,2026-09-26T07:50:00+00:00,3.98,0.89,0.9,0.895,0.01,10.91,902.94,99
2026-09-26T07:46:01.323265+00:00,btc-updown-5m-1790409000,5,4945291,78772580609280673675338593232955392214845447080729090869831231933428357210435,2026-09-26T07:50:00+00:00,2026-09-26T07:55:00+00:00,8.98,0.49,0.5,0.495,0.01,140.57,378.91,99
2026-09-26T07:46:01.323265+00:00,btc-updown-15m-1790408700,15,4945215,29993870375883273433222385184735868701961383188759021433924593609028625741054,2026-09-26T07:45:00+00:00,2026-09-26T08:00:00+00:00,13.98,0.63,0.64,0.635,0.01,179.28,109.68,90
2026-09-26T07:46:01.323265+00:00,btc-updown-15m-1790409600,15,4945348,39017160150471042916257633824726678497763760021315993002104908919311572648280,2026-09-26T08:00:00+00:00,2026-09-26T08:15:00+00:00,28.98,0.5,0.51,0.505,0.01,97.07,812.8,97
2026-09-26T07:47:02.452310+00:00,btc-updown-5m-1790408700,5,4945217,12129704079119780807542765992042097643528852770439004745186388953588871477154,2026-09-26T07:45:00+00:00,2026-09-26T07:50:00+00:00,2.97,0.96,0.97,0.965,0.01,289.5,845.44,99
2026-09-26T07:47:02.452310+00:00,btc-updown-5m-1790409000,5,4945291,78772580609280673675338593232955392214845447080729090869831231933428357210435,2026-09-26T07:50:00+00:00,2026-09-26T07:55:00+00:00,7.97,0.49,0.5,0.495,0.01,134.67,388.91,99
2026-09-26T07:47:02.452310+00:00,btc-updown-15m-1790408700,15,4945215,29993870375883273433222385184735868701961383188759021433924593609028625741054,2026-09-26T07:45:00+00:00,2026-09-26T08:00:00+00:00,12.97,0.74,0.75,0.745,0.01,70.0,659.04,88
2026-09-26T07:47:02.452310+00:00,btc-updown-15m-1790409600,15,4945348,39017160150471042916257633824726678497763760021315993002104908919311572648280,2026-09-26T08:00:00+00:00,2026-09-26T08:15:00+00:00,27.97,0.5,0.51,0.505,0.01,97.07,812.8,99
2026-09-26T07:48:03.559972+00:00,btc-updown-5m-1790408700,5,4945217,12129704079119780807542765992042097643528852770439004745186388953588871477154,2026-09-26T07:45:00+00:00,2026-09-26T07:50:00+00:00,1.95,0.95,0.96,0.955,0.01,1697.43,65.0,99
2026-09-26T07:48:03.559972+00:00,btc-updown-5m-1790409000,5,4945291,78772580609280673675338593232955392214845447080729090869831231933428357210435,2026-09-26T07:50:00+00:00,2026-09-26T07:55:00+00:00,6.95,0.48,0.5,0.49,0.02,25.0,281.91,98
2026-09-26T07:48:03.559972+00:00,btc-updown-15m-1790408700,15,4945215,29993870375883273433222385184735868701961383188759021433924593609028625741054,2026-09-26T07:45:00+00:00,2026-09-26T08:00:00+00:00,11.95,0.72,0.73,0.725,0.01,20.0,265.98,88
2026-09-26T07:48:03.559972+00:00,btc-updown-15m-1790409600,15,4945348,39017160150471042916257633824726678497763760021315993002104908919311572648280,2026-09-26T08:00:00+00:00,2026-09-26T08:15:00+00:00,26.95,0.5,0.51,0.505,0.01,97.07,862.8,99
2026-09-26T07:49:04.686937+00:00,btc-updown-5m-1790409000,5,4945291,78772580609280673675338593232955392214845447080729090869831231933428357210435,2026-09-26T07:50:00+00:00,2026-09-26T07:55:00+00:00,5.93,0.46,0.47,0.465,0.01,139.32,4.4,99
2026-09-26T07:49:04.686937+00:00,btc-updown-15m-1790408700,15,4945215,29993870375883273433222385184735868701961383188759021433924593609028625741054,2026-09-26T07:45:00+00:00,2026-09-26T08:00:00+00:00,10.93,0.8,0.81,0.805,0.01,99.59,197.08,87
2026-09-26T07:49:04.686937+00:00,btc-updown-15m-1790409600,15,4945348,39017160150471042916257633824726678497763760021315993002104908919311572648280,2026-09-26T08:00:00+00:00,2026-09-26T08:15:00+00:00,25.93,0.5,0.51,0.505,0.01,97.07,862.8,99
2026-09-26T07:50:05.689959+00:00,btc-updown-5m-1790409000,5,4945291,78772580609280673675338593232955392214845447080729090869831231933428357210435,2026-09-26T07:50:00+00:00,2026-09-26T07:55:00+00:00,4.92,0.51,0.52,0.515,0.01,6.0,1333.22,99
2026-09-26T07:50:05.689959+00:00,btc-updown-5m-1790409300,5,4945323,68138400648009576399337496723233814297980542821333029833597049970154586134012,2026-09-26T07:55:00+00:00,2026-09-26T08:00:00+00:00,9.92,0.49,0.5,0.495,0.01,195.31,295.0,99
2026-09-26T07:50:05.689959+00:00,btc-updown-15m-1790408700,15,4945215,29993870375883273433222385184735868701961383188759021433924593609028625741054,2026-09-26T07:45:00+00:00,2026-09-26T08:00:00+00:00,9.92,0.78,0.79,0.785,0.01,55.0,139.31,82
2026-09-26T07:50:05.689959+00:00,btc-updown-15m-1790409600,15,4945348,39017160150471042916257633824726678497763760021315993002104908919311572648280,2026-09-26T08:00:00+00:00,2026-09-26T08:15:00+00:00,24.92,0.5,0.51,0.505,0.01,97.07,892.8,99
2026-09-26T07:51:06.833500+00:00,btc-updown-5m-1790409000,5,4945291,78772580609280673675338593232955392214845447080729090869831231933428357210435,2026-09-26T07:50:00+00:00,2026-09-26T07:55:00+00:00,3.9,0.58,0.59,0.585,0.01,354.04,267.38,99
2026-09-26T07:51:06.833500+00:00,btc-updown-5m-1790409300,5,4945323,68138400648009576399337496723233814297980542821333029833597049970154586134012,2026-09-26T07:55:00+00:00,2026-09-26T08:00:00+00:00,8.9,0.49,0.5,0.495,0.01,122.09,493.0,99
2026-09-26T07:51:06.833500+00:00,btc-updown-15m-1790408700,15,4945215,29993870375883273433222385184735868701961383188759021433924593609028625741054,2026-09-26T07:45:00+00:00,2026-09-26T08:00:00+00:00,8.9,0.83,0.84,0.835,0.01,323.75,42.48,85
2026-09-26T07:51:06.833500+00:00,btc-updown-15m-1790409600,15,4945348,39017160150471042916257633824726678497763760021315993002104908919311572648280,2026-09-26T08:00:00+00:00,2026-09-26T08:15:00+00:00,23.9,0.5,0.51,0.505,0.01,97.07,915.25,99
2026-09-26T07:52:07.967647+00:00,btc-updown-5m-1790409000,5,4945291,78772580609280673675338593232955392214845447080729090869831231933428357210435,2026-09-26T07:50:00+00:00,2026-09-26T07:55:00+00:00,2.88,0.55,0.56,0.555,0.01,348.75,30.0,99
2026-09-26T07:52:07.967647+00:00,btc-updown-5m-1790409300,5,4945323,68138400648009576399337496723233814297980542821333029833597049970154586134012,2026-09-26T07:55:00+00:00,2026-09-26T08:00:00+00:00,7.88,0.49,0.5,0.495,0.01,80.9,499.0,99
2026-09-26T07:52:07.967647+00:00,btc-updown-15m-1790408700,15,4945215,29993870375883273433222385184735868701961383188759021433924593609028625741054,2026-09-26T07:45:00+00:00,2026-09-26T08:00:00+00:00,7.88,0.84,0.85,0.845,0.01,215.01,5.0,83
2026-09-26T07:52:07.967647+00:00,btc-updown-15m-1790409600,15,4945348,39017160150471042916257633824726678497763760021315993002104908919311572648280,2026-09-26T08:00:00+00:00,2026-09-26T08:15:00+00:00,22.88,0.5,0.51,0.505,0.01,97.07,895.25,99
2026-09-26T07:53:09.109163+00:00,btc-updown-5m-1790409000,5,4945291,78772580609280673675338593232955392214845447080729090869831231933428357210435,2026-09-26T07:50:00+00:00,2026-09-26T07:55:00+00:00,1.85,0.59,0.6,0.595,0.01,59.44,516.2,99
2026-09-26T07:53:09.109163+00:00,btc-updown-5m-1790409300,5,4945323,68138400648009576399337496723233814297980542821333029833597049970154586134012,2026-09-26T07:55:00+00:00,2026-09-26T08:00:00+00:00,6.85,0.49,0.5,0.495,0.01,80.9,454.0,99
2026-09-26T07:53:09.109163+00:00,btc-updown-15m-1790408700,15,4945215,29993870375883273433222385184735868701961383188759021433924593609028625741054,2026-09-26T07:45:00+00:00,2026-09-26T08:00:00+00:00,6.85,0.86,0.87,0.865,0.01,10.0,3602.87,81
2026-09-26T07:53:09.109163+00:00,btc-updown-15m-1790409600,15,4945348,39017160150471042916257633824726678497763760021315993002104908919311572648280,2026-09-26T08:00:00+00:00,2026-09-26T08:15:00+00:00,21.85,0.47,0.48,0.475,0.01,186.55,120.0,99
2026-09-26T07:54:10.227178+00:00,btc-updown-5m-1790409300,5,4945323,68138400648009576399337496723233814297980542821333029833597049970154586134012,2026-09-26T07:55:00+00:00,2026-09-26T08:00:00+00:00,5.83,0.46,0.49,0.475,0.03,135.33,140.32,97
2026-09-26T07:54:10.227178+00:00,btc-updown-15m-1790408700,15,4945215,29993870375883273433222385184735868701961383188759021433924593609028625741054,2026-09-26T07:45:00+00:00,2026-09-26T08:00:00+00:00,5.83,0.72,0.73,0.725,0.01,623.75,98.63,83
2026-09-26T07:54:10.227178+00:00,btc-updown-15m-1790409600,15,4945348,39017160150471042916257633824726678497763760021315993002104908919311572648280,2026-09-26T08:00:00+00:00,2026-09-26T08:15:00+00:00,20.83,0.47,0.48,0.475,0.01,81.91,93.08,99
2026-09-26T07:55:11.236931+00:00,btc-updown-5m-1790409300,5,4945323,68138400648009576399337496723233814297980542821333029833597049970154586134012,2026-09-26T07:55:00+00:00,2026-09-26T08:00:00+00:00,4.82,0.8,0.81,0.805,0.01,466.06,264.31,96
2026-09-26T07:55:11.236931+00:00,btc-updown-5m-1790409600,5,4945349,3894960473673237881292568527385255568112908518302188465839822396358511713408,2026-09-26T08:00:00+00:00,2026-09-26T08:05:00+00:00,9.82,0.49,0.5,0.495,0.01,177.32,305.91,99
2026-09-26T07:55:11.236931+00:00,btc-updown-15m-1790408700,15,4945215,29993870375883273433222385184735868701961383188759021433924593609028625741054,2026-09-26T07:45:00+00:00,2026-09-26T08:00:00+00:00,4.82,0.91,0.92,0.915,0.01,239.72,50.0,82
2026-09-26T07:55:11.236931+00:00,btc-updown-15m-1790409600,15,4945348,39017160150471042916257633824726678497763760021315993002104908919311572648280,2026-09-26T08:00:00+00:00,2026-09-26T08:15:00+00:00,19.82,0.46,0.47,0.465,0.01,134.38,45.0,99
2026-09-26T07:56:12.358187+00:00,btc-updown-5m-1790409300,5,4945323,68138400648009576399337496723233814297980542821333029833597049970154586134012,2026-09-26T07:55:00+00:00,2026-09-26T08:00:00+00:00,3.8,0.91,0.92,0.915,0.01,292.51,10.0,99
2026-09-26T07:56:12.358187+00:00,btc-updown-5m-1790409600,5,4945349,3894960473673237881292568527385255568112908518302188465839822396358511713408,2026-09-26T08:00:00+00:00,2026-09-26T08:05:00+00:00,8.8,0.49,0.5,0.495,0.01,109.29,388.91,99
2026-09-26T07:56:12.358187+00:00,btc-updown-15m-1790408700,15,4945215,29993870375883273433222385184735868701961383188759021433924593609028625741054,2026-09-26T07:45:00+00:00,2026-09-26T08:00:00+00:00,3.8,0.96,0.97,0.965,0.01,229.63,35.0,79
2026-09-26T07:56:12.358187+00:00,btc-updown-15m-1790409600,15,4945348,39017160150471042916257633824726678497763760021315993002104908919311572648280,2026-09-26T08:00:00+00:00,2026-09-26T08:15:00+00:00,18.8,0.46,0.47,0.465,0.01,48.57,60.0,99
2026-09-26T07:57:13.476756+00:00,btc-updown-5m-1790409300,5,4945323,68138400648009576399337496723233814297980542821333029833597049970154586134012,2026-09-26T07:55:00+00:00,2026-09-26T08:00:00+00:00,2.78,0.93,0.94,0.935,0.01,2443.37,928.7,99
2026-09-26T07:57:13.476756+00:00,btc-updown-5m-1790409600,5,4945349,3894960473673237881292568527385255568112908518302188465839822396358511713408,2026-09-26T08:00:00+00:00,2026-09-26T08:05:00+00:00,7.78,0.49,0.5,0.495,0.01,115.32,210.91,99
2026-09-26T07:57:13.476756+00:00,btc-updown-15m-1790409600,15,4945348,39017160150471042916257633824726678497763760021315993002104908919311572648280,2026-09-26T08:00:00+00:00,2026-09-26T08:15:00+00:00,17.78,0.46,0.47,0.465,0.01,48.57,60.0,99
2026-09-26T07:58:14.471712+00:00,btc-updown-5m-1790409600,5,4945349,3894960473673237881292568527385255568112908518302188465839822396358511713408,2026-09-26T08:00:00+00:00,2026-09-26T08:05:00+00:00,6.77,0.5,0.51,0.505,0.01,43.0,97.95,99
2026-09-26T07:58:14.471712+00:00,btc-updown-15m-1790408700,15,4945215,29993870375883273433222385184735868701961383188759021433924593609028625741054,2026-09-26T07:45:00+00:00,2026-09-26T08:00:00+00:00,1.77,0.995,0.999,0.997,0.004,5.0,401.95,84
2026-09-26T07:58:14.471712+00:00,btc-updown-15m-1790409600,15,4945348,39017160150471042916257633824726678497763760021315993002104908919311572648280,2026-09-26T08:00:00+00:00,2026-09-26T08:15:00+00:00,16.77,0.44,0.45,0.445,0.01,360.82,209.29,99
2026-09-26T07:59:15.668051+00:00,btc-updown-5m-1790409600,5,4945349,3894960473673237881292568527385255568112908518302188465839822396358511713408,2026-09-26T08:00:00+00:00,2026-09-26T08:05:00+00:00,5.75,0.45,0.47,0.46,0.02,80.0,89.54,98
2026-09-26T07:59:15.668051+00:00,btc-updown-15m-1790409600,15,4945348,39017160150471042916257633824726678497763760021315993002104908919311572648280,2026-09-26T08:00:00+00:00,2026-09-26T08:15:00+00:00,15.75,0.44,0.45,0.445,0.01,121.76,319.2,91
2026-09-26T08:00:16.585923+00:00,btc-updown-5m-1790409600,5,4945349,3894960473673237881292568527385255568112908518302188465839822396358511713408,2026-09-26T08:00:00+00:00,2026-09-26T08:05:00+00:00,4.73,0.22,0.23,0.225,0.01,166.58,65.99,99
2026-09-26T08:00:16.585923+00:00,btc-updown-5m-1790409900,5,4945354,107730526862128972375705822466965792819297282028245996870374318304851182485013,2026-09-26T08:05:00+00:00,2026-09-26T08:10:00+00:00,9.73,0.49,0.5,0.495,0.01,96.58,365.0,99
2026-09-26T08:00:16.585923+00:00,btc-updown-15m-1790409600,15,4945348,39017160150471042916257633824726678497763760021315993002104908919311572648280,2026-09-26T08:00:00+00:00,2026-09-26T08:15:00+00:00,14.73,0.32,0.33,0.325,0.01,3839.61,63.0,91
2026-09-26T08:00:16.585923+00:00,btc-updown-15m-1790410500,15,4945427,7620675916301021082412091198339895620033884092615539920712921322621491312910,2026-09-26T08:15:00+00:00,2026-09-26T08:30:00+00:00,29.73,0.48,0.5,0.49,0.02,145.29,480.0,94
2026-09-26T08:01:17.694325+00:00,btc-updown-5m-1790409600,5,4945349,3894960473673237881292568527385255568112908518302188465839822396358511713408,2026-09-26T08:00:00+00:00,2026-09-26T08:05:00+00:00,3.72,0.1,0.11,0.105,0.01,359.1,69.14,99
2026-09-26T08:01:17.694325+00:00,btc-updown-5m-1790409900,5,4945354,107730526862128972375705822466965792819297282028245996870374318304851182485013,2026-09-26T08:05:00+00:00,2026-09-26T08:10:00+00:00,8.72,0.45,0.47,0.46,0.02,62.7,50.0,98
2026-09-26T08:01:17.694325+00:00,btc-updown-15m-1790409600,15,4945348,39017160150471042916257633824726678497763760021315993002104908919311572648280,2026-09-26T08:00:00+00:00,2026-09-26T08:15:00+00:00,13.72,0.25,0.26,0.255,0.01,3720.0,108.0,86
2026-09-26T08:01:17.694325+00:00,btc-updown-15m-1790410500,15,4945427,7620675916301021082412091198339895620033884092615539920712921322621491312910,2026-09-26T08:15:00+00:00,2026-09-26T08:30:00+00:00,28.72,0.48,0.49,0.485,0.01,116.99,190.0,95
2026-09-26T08:02:18.809484+00:00,btc-updown-5m-1790409600,5,4945349,3894960473673237881292568527385255568112908518302188465839822396358511713408,2026-09-26T08:00:00+00:00,2026-09-26T08:05:00+00:00,2.7,0.02,0.03,0.025,0.01,1637.4,205.31,99
2026-09-26T08:02:18.809484+00:00,btc-updown-5m-1790409900,5,4945354,107730526862128972375705822466965792819297282028245996870374318304851182485013,2026-09-26T08:05:00+00:00,2026-09-26T08:10:00+00:00,7.7,0.48,0.49,0.485,0.01,6.07,35.0,99
2026-09-26T08:02:18.809484+00:00,btc-updown-15m-1790409600,15,4945348,39017160150471042916257633824726678497763760021315993002104908919311572648280,2026-09-26T08:00:00+00:00,2026-09-26T08:15:00+00:00,12.7,0.24,0.25,0.245,0.01,80.96,259.25,90
2026-09-26T08:02:18.809484+00:00,btc-updown-15m-1790410500,15,4945427,7620675916301021082412091198339895620033884092615539920712921322621491312910,2026-09-26T08:15:00+00:00,2026-09-26T08:30:00+00:00,27.7,0.48,0.49,0.485,0.01,116.99,40.0,97
2026-09-26T08:03:19.911790+00:00,btc-updown-5m-1790409600,5,4945349,3894960473673237881292568527385255568112908518302188465839822396358511713408,2026-09-26T08:00:00+00:00,2026-09-26T08:05:00+00:00,1.68,0.02,0.026,0.023,0.006,54.8,100.0,113
2026-09-26T08:03:19.911790+00:00,btc-updown-5m-1790409900,5,4945354,107730526862128972375705822466965792819297282028245996870374318304851182485013,2026-09-26T08:05:00+00:00,2026-09-26T08:10:00+00:00,6.68,0.46,0.47,0.465,0.01,19.0,10.95,99
2026-09-26T08:03:19.911790+00:00,btc-updown-15m-1790409600,15,4945348,39017160150471042916257633824726678497763760021315993002104908919311572648280,2026-09-26T08:00:00+00:00,2026-09-26T08:15:00+00:00,11.68,0.25,0.26,0.255,0.01,7.32,92.8,90
2026-09-26T08:03:19.911790+00:00,btc-updown-15m-1790410500,15,4945427,7620675916301021082412091198339895620033884092615539920712921322621491312910,2026-09-26T08:15:00+00:00,2026-09-26T08:30:00+00:00,26.68,0.48,0.49,0.485,0.01,222.74,40.0,97
2026-09-26T08:04:21.027143+00:00,btc-updown-5m-1790409900,5,4945354,107730526862128972375705822466965792819297282028245996870374318304851182485013,2026-09-26T08:05:00+00:00,2026-09-26T08:10:00+00:00,5.65,0.49,0.5,0.495,0.01,15.0,647.52,99
2026-09-26T08:04:21.027143+00:00,btc-updown-15m-1790409600,15,4945348,39017160150471042916257633824726678497763760021315993002104908919311572648280,2026-09-26T08:00:00+00:00,2026-09-26T08:15:00+00:00,10.65,0.17,0.18,0.175,0.01,50.0,171.0,86
2026-09-26T08:04:21.027143+00:00,btc-updown-15m-1790410500,15,4945427,7620675916301021082412091198339895620033884092615539920712921322621491312910,2026-09-26T08:15:00+00:00,2026-09-26T08:30:00+00:00,25.65,0.48,0.49,0.485,0.01,122.74,40.0,97
2026-09-26T08:05:22.049336+00:00,btc-updown-5m-1790409900,5,4945354,107730526862128972375705822466965792819297282028245996870374318304851182485013,2026-09-26T08:05:00+00:00,2026-09-26T08:10:00+00:00,4.63,0.52,0.53,0.525,0.01,15.0,563.84,99
2026-09-26T08:05:22.049336+00:00,btc-updown-5m-1790410200,5,4945380,99026029223222676132393386192868159247147553716089489034094296124499923865773,2026-09-26T08:10:00+00:00,2026-09-26T08:15:00+00:00,9.63,0.49,0.5,0.495,0.01,249.53,334.01,99
2026-09-26T08:05:22.049336+00:00,btc-updown-15m-1790409600,15,4945348,39017160150471042916257633824726678497763760021315993002104908919311572648280,2026-09-26T08:00:00+00:00,2026-09-26T08:15:00+00:00,9.63,0.15,0.16,0.155,0.01,222.0,135.0,85
2026-09-26T08:05:22.049336+00:00,btc-updown-15m-1790410500,15,4945427,7620675916301021082412091198339895620033884092615539920712921322621491312910,2026-09-26T08:15:00+00:00,2026-09-26T08:30:00+00:00,24.63,0.48,0.49,0.485,0.01,122.74,40.0,97
2026-09-26T08:06:23.171329+00:00,btc-updown-5m-1790409900,5,4945354,107730526862128972375705822466965792819297282028245996870374318304851182485013,2026-09-26T08:05:00+00:00,2026-09-26T08:10:00+00:00,3.62,0.39,0.4,0.395,0.01,16.2,80.66,99
2026-09-26T08:06:23.171329+00:00,btc-updown-5m-1790410200,5,4945380,99026029223222676132393386192868159247147553716089489034094296124499923865773,2026-09-26T08:10:00+00:00,2026-09-26T08:15:00+00:00,8.62,0.49,0.5,0.495,0.01,176.17,422.01,99
2026-09-26T08:06:23.171329+00:00,btc-updown-15m-1790409600,15,4945348,39017160150471042916257633824726678497763760021315993002104908919311572648280,2026-09-26T08:00:00+00:00,2026-09-26T08:15:00+00:00,8.62,0.1,0.11,0.105,0.01,100.0,125.0,82
2026-09-26T08:06:23.171329+00:00,btc-updown-15m-1790410500,15,4945427,7620675916301021082412091198339895620033884092615539920712921322621491312910,2026-09-26T08:15:00+00:00,2026-09-26T08:30:00+00:00,23.62,0.48,0.49,0.485,0.01,75.75,69.02,97
2026-09-26T08:07:24.317508+00:00,btc-updown-5m-1790409900,5,4945354,107730526862128972375705822466965792819297282028245996870374318304851182485013,2026-09-26T08:05:00+00:00,2026-09-26T08:10:00+00:00,2.6,0.24,0.25,0.245,0.01,124.3,219.58,99
2026-09-26T08:07:24.317508+00:00,btc-updown-5m-1790410200,5,4945380,99026029223222676132393386192868159247147553716089489034094296124499923865773,2026-09-26T08:10:00+00:00,2026-09-26T08:15:00+00:00,7.6,0.49,0.5,0.495,0.01,184.17,453.01,99
2026-09-26T08:07:24.317508+00:00,btc-updown-15m-1790409600,15,4945348,39017160150471042916257633824726678497763760021315993002104908919311572648280,2026-09-26T08:00:00+00:00,2026-09-26T08:15:00+00:00,7.6,0.08,0.09,0.085,0.01,112.3,110.72,83
2026-09-26T08:07:24.317508+00:00,btc-updown-15m-1790410500,15,4945427,7620675916301021082412091198339895620033884092615539920712921322621491312910,2026-09-26T08:15:00+00:00,2026-09-26T08:30:00+00:00,22.6,0.48,0.49,0.485,0.01,75.75,69.02,97
2026-09-26T08:08:25.427558+00:00,btc-updown-5m-1790409900,5,4945354,107730526862128972375705822466965792819297282028245996870374318304851182485013,2026-09-26T08:05:00+00:00,2026-09-26T08:10:00+00:00,1.58,0.14,0.15,0.145,0.01,33.73,84.06,99
2026-09-26T08:08:25.427558+00:00,btc-updown-5m-1790410200,5,4945380,99026029223222676132393386192868159247147553716089489034094296124499923865773,2026-09-26T08:10:00+00:00,2026-09-26T08:15:00+00:00,6.58,0.48,0.49,0.485,0.01,11.92,52.51,99
2026-09-26T08:08:25.427558+00:00,btc-updown-15m-1790409600,15,4945348,39017160150471042916257633824726678497763760021315993002104908919311572648280,2026-09-26T08:00:00+00:00,2026-09-26T08:15:00+00:00,6.58,0.08,0.09,0.085,0.01,165.0,186.16,81
2026-09-26T08:08:25.427558+00:00,btc-updown-15m-1790410500,15,4945427,7620675916301021082412091198339895620033884092615539920712921322621491312910,2026-09-26T08:15:00+00:00,2026-09-26T08:30:00+00:00,21.58,0.48,0.49,0.485,0.01,50.75,58.38,97
2026-09-26T08:09:26.554354+00:00,btc-updown-5m-1790409900,5,4945354,107730526862128972375705822466965792819297282028245996870374318304851182485013,2026-09-26T08:05:00+00:00,2026-09-26T08:10:00+00:00,0.57,0.98,0.99,0.985,0.01,15.31,3364.24,90
2026-09-26T08:09:26.554354+00:00,btc-updown-5m-1790410200,5,4945380,99026029223222676132393386192868159247147553716089489034094296124499923865773,2026-09-26T08:10:00+00:00,2026-09-26T08:15:00+00:00,5.57,0.49,0.5,0.495,0.01,66.54,222.01,99
2026-09-26T08:09:26.554354+00:00,btc-updown-15m-1790409600,15,4945348,39017160150471042916257633824726678497763760021315993002104908919311572648280,2026-09-26T08:00:00+00:00,2026-09-26T08:15:00+00:00,5.57,0.11,0.12,0.115,0.01,60.0,197.94,82
2026-09-26T08:09:26.554354+00:00,btc-updown-15m-1790410500,15,4945427,7620675916301021082412091198339895620033884092615539920712921322621491312910,2026-09-26T08:15:00+00:00,2026-09-26T08:30:00+00:00,20.57,0.48,0.49,0.485,0.01,22.67,188.13,97
2026-09-26T08:10:27.667300+00:00,btc-updown-5m-1790410200,5,4945380,99026029223222676132393386192868159247147553716089489034094296124499923865773,2026-09-26T08:10:00+00:00,2026-09-26T08:15:00+00:00,4.55,0.49,0.5,0.495,0.01,985.17,6.0,98
2026-09-26T08:10:27.667300+00:00,btc-updown-5m-1790410500,5,4945425,11349068626683284818946369757883849236624178181232295348453143299991615482442,2026-09-26T08:15:00+00:00,2026-09-26T08:20:00+00:00,9.55,0.45,0.46,0.455,0.01,82.0,15.46,99
2026-09-26T08:10:27.667300+00:00,btc-updown-15m-1790409600,15,4945348,39017160150471042916257633824726678497763760021315993002104908919311572648280,2026-09-26T08:00:00+00:00,2026-09-26T08:15:00+00:00,4.55,0.06,0.07,0.065,0.01,223.0,66.29,81
2026-09-26T08:10:27.667300+00:00,btc-updown-15m-1790410500,15,4945427,7620675916301021082412091198339895620033884092615539920712921322621491312910,2026-09-26T08:15:00+00:00,2026-09-26T08:30:00+00:00,19.55,0.47,0.48,0.475,0.01,87.66,89.33,97
2026-09-26T08:11:28.837986+00:00,btc-updown-5m-1790410200,5,4945380,99026029223222676132393386192868159247147553716089489034094296124499923865773,2026-09-26T08:10:00+00:00,2026-09-26T08:15:00+00:00,3.53,0.46,0.47,0.465,0.01,66.0,483.57,99
2026-09-26T08:11:28.837986+00:00,btc-updown-5m-1790410500,5,4945425,11349068626683284818946369757883849236624178181232295348453143299991615482442,2026-09-26T08:15:00+00:00,2026-09-26T08:20:00+00:00,8.53,0.45,0.46,0.455,0.01,25.0,25.46,99
2026-09-26T08:11:28.837986+00:00,btc-updown-15m-1790409600,15,4945348,39017160150471042916257633824726678497763760021315993002104908919311572648280,2026-09-26T08:00:00+00:00,2026-09-26T08:15:00+00:00,3.53,0.02,0.03,0.025,0.01,9959.08,15.0,79
2026-09-26T08:11:28.837986+00:00,btc-updown-15m-1790410500,15,4945427,7620675916301021082412091198339895620033884092615539920712921322621491312910,2026-09-26T08:15:00+00:00,2026-09-26T08:30:00+00:00,18.53,0.47,0.48,0.475,0.01,55.75,191.26,97
2026-09-26T08:12:29.955637+00:00,btc-updown-5m-1790410200,5,4945380,99026029223222676132393386192868159247147553716089489034094296124499923865773,2026-09-26T08:10:00+00:00,2026-09-26T08:15:00+00:00,2.52,0.43,0.44,0.435,0.01,60.0,635.69,99
2026-09-26T08:12:29.955637+00:00,btc-updown-5m-1790410500,5,4945425,11349068626683284818946369757883849236624178181232295348453143299991615482442,2026-09-26T08:15:00+00:00,2026-09-26T08:20:00+00:00,7.52,0.45,0.46,0.455,0.01,83.0,35.46,99
2026-09-26T08:12:29.955637+00:00,btc-updown-15m-1790409600,15,4945348,39017160150471042916257633824726678497763760021315993002104908919311572648280,2026-09-26T08:00:00+00:00,2026-09-26T08:15:00+00:00,2.52,0.01,0.02,0.015,0.01,40.0,214.23,76
2026-09-26T08:12:29.955637+00:00,btc-updown-15m-1790410500,15,4945427,7620675916301021082412091198339895620033884092615539920712921322621491312910,2026-09-26T08:15:00+00:00,2026-09-26T08:30:00+00:00,17.52,0.47,0.48,0.475,0.01,55.75,175.93,97
2026-09-26T08:13:31.038951+00:00,btc-updown-5m-1790410200,5,4945380,99026029223222676132393386192868159247147553716089489034094296124499923865773,2026-09-26T08:10:00+00:00,2026-09-26T08:15:00+00:00,1.48,0.04,0.05,0.045,0.01,1005.05,140.74,99
2026-09-26T08:13:31.038951+00:00,btc-updown-5m-1790410500,5,4945425,11349068626683284818946369757883849236624178181232295348453143299991615482442,2026-09-26T08:15:00+00:00,2026-09-26T08:20:00+00:00,6.48,0.45,0.46,0.455,0.01,63.0,15.46,99
2026-09-26T08:13:31.038951+00:00,btc-updown-15m-1790410500,15,4945427,7620675916301021082412091198339895620033884092615539920712921322621491312910,2026-09-26T08:15:00+00:00,2026-09-26T08:30:00+00:00,16.48,0.46,0.47,0.465,0.01,122.61,250.33,97
2026-09-26T08:14:32.064273+00:00,btc-updown-5m-1790410500,5,4945425,11349068626683284818946369757883849236624178181232295348453143299991615482442,2026-09-26T08:15:00+00:00,2026-09-26T08:20:00+00:00,5.47,0.48,0.49,0.485,0.01,355.0,57.8,99
2026-09-26T08:14:32.064273+00:00,btc-updown-15m-1790410500,15,4945427,7620675916301021082412091198339895620033884092615539920712921322621491312910,2026-09-26T08:15:00+00:00,2026-09-26T08:30:00+00:00,15.47,0.47,0.48,0.475,0.01,40.0,100.13,91
2026-09-26T08:15:32.960029+00:00,btc-updown-5m-1790410500,5,4945425,11349068626683284818946369757883849236624178181232295348453143299991615482442,2026-09-26T08:15:00+00:00,2026-09-26T08:20:00+00:00,4.47,0.77,0.78,0.775,0.01,610.62,120.0,99
2026-09-26T08:15:32.960029+00:00,btc-updown-5m-1790410800,5,4945441,31130315721742815592190361174999456584812675534286395658433389979307157523774,2026-09-26T08:20:00+00:00,2026-09-26T08:25:00+00:00,9.47,0.5,0.51,0.505,0.01,50.0,323.58,99
2026-09-26T08:15:32.960029+00:00,btc-updown-15m-1790410500,15,4945427,7620675916301021082412091198339895620033884092615539920712921322621491312910,2026-09-26T08:15:00+00:00,2026-09-26T08:30:00+00:00,14.47,0.64,0.65,0.645,0.01,115.78,195.25,92
2026-09-26T08:15:32.960029+00:00,btc-updown-15m-1790411400,15,4945518,49381913633253229409421442739174544819265817979850330428642491380205320576820,2026-09-26T08:30:00+00:00,2026-09-26T08:45:00+00:00,29.47,0.5,0.51,0.505,0.01,55.3,325.92,95
2026-09-26T08:16:34.071926+00:00,btc-updown-5m-1790410500,5,4945425,11349068626683284818946369757883849236624178181232295348453143299991615482442,2026-09-26T08:15:00+00:00,2026-09-26T08:20:00+00:00,3.43,0.83,0.84,0.835,0.01,131.58,140.0,99
2026-09-26T08:16:34.071926+00:00,btc-updown-5m-1790410800,5,4945441,31130315721742815592190361174999456584812675534286395658433389979307157523774,2026-09-26T08:20:00+00:00,2026-09-26T08:25:00+00:00,8.43,0.5,0.51,0.505,0.01,50.0,274.51,99
2026-09-26T08:16:34.071926+00:00,btc-updown-15m-1790410500,15,4945427,7620675916301021082412091198339895620033884092615539920712921322621491312910,2026-09-26T08:15:00+00:00,2026-09-26T08:30:00+00:00,13.43,0.65,0.66,0.655,0.01,105.77,194.39,88
2026-09-26T08:16:34.071926+00:00,btc-updown-15m-1790411400,15,4945518,49381913633253229409421442739174544819265817979850330428642491380205320576820,2026-09-26T08:30:00+00:00,2026-09-26T08:45:00+00:00,28.43,0.5,0.51,0.505,0.01,55.3,324.35,95
2026-09-26T08:17:35.184856+00:00,btc-updown-5m-1790410500,5,4945425,11349068626683284818946369757883849236624178181232295348453143299991615482442,2026-09-26T08:15:00+00:00,2026-09-26T08:20:00+00:00,2.42,0.35,0.36,0.355,0.01,50.08,137.7,99
2026-09-26T08:17:35.184856+00:00,btc-updown-5m-1790410800,5,4945441,31130315721742815592190361174999456584812675534286395658433389979307157523774,2026-09-26T08:20:00+00:00,2026-09-26T08:25:00+00:00,7.42,0.49,0.5,0.495,0.01,64.4,167.0,99
2026-09-26T08:17:35.184856+00:00,btc-updown-15m-1790410500,15,4945427,7620675916301021082412091198339895620033884092615539920712921322621491312910,2026-09-26T08:15:00+00:00,2026-09-26T08:30:00+00:00,12.42,0.44,0.45,0.445,0.01,25.0,279.52,91
2026-09-26T08:17:35.184856+00:00,btc-updown-15m-1790411400,15,4945518,49381913633253229409421442739174544819265817979850330428642491380205320576820,2026-09-26T08:30:00+00:00,2026-09-26T08:45:00+00:00,27.42,0.46,0.48,0.47,0.02,45.0,260.0,94
2026-09-26T08:18:36.300057+00:00,btc-updown-5m-1790410500,5,4945425,11349068626683284818946369757883849236624178181232295348453143299991615482442,2026-09-26T08:15:00+00:00,2026-09-26T08:20:00+00:00,1.4,0.14,0.15,0.145,0.01,156.86,16.76,98
2026-09-26T08:18:36.300057+00:00,btc-updown-5m-1790410800,5,4945441,31130315721742815592190361174999456584812675534286395658433389979307157523774,2026-09-26T08:20:00+00:00,2026-09-26T08:25:00+00:00,6.4,0.49,0.5,0.495,0.01,10.0,136.66,99
2026-09-26T08:18:36.300057+00:00,btc-updown-15m-1790410500,15,4945427,7620675916301021082412091198339895620033884092615539920712921322621491312910,2026-09-26T08:15:00+00:00,2026-09-26T08:30:00+00:00,11.4,0.42,0.43,0.425,0.01,55.0,130.0,87
2026-09-26T08:18:36.300057+00:00,btc-updown-15m-1790411400,15,4945518,49381913633253229409421442739174544819265817979850330428642491380205320576820,2026-09-26T08:30:00+00:00,2026-09-26T08:45:00+00:00,26.4,0.46,0.48,0.47,0.02,20.0,260.0,94
2026-09-26T08:19:37.402606+00:00,btc-updown-5m-1790410800,5,4945441,31130315721742815592190361174999456584812675534286395658433389979307157523774,2026-09-26T08:20:00+00:00,2026-09-26T08:25:00+00:00,5.38,0.52,0.53,0.525,0.01,32.91,53.11,98
2026-09-26T08:19:37.402606+00:00,btc-updown-15m-1790410500,15,4945427,7620675916301021082412091198339895620033884092615539920712921322621491312910,2026-09-26T08:15:00+00:00,2026-09-26T08:30:00+00:00,10.38,0.44,0.45,0.445,0.01,3950.94,80.0,87
2026-09-26T08:19:37.402606+00:00,btc-updown-15m-1790411400,15,4945518,49381913633253229409421442739174544819265817979850330428642491380205320576820,2026-09-26T08:30:00+00:00,2026-09-26T08:45:00+00:00,25.38,0.46,0.48,0.47,0.02,25.56,260.0,94
2026-09-26T08:20:38.555511+00:00,btc-updown-5m-1790410800,5,4945441,31130315721742815592190361174999456584812675534286395658433389979307157523774,2026-09-26T08:20:00+00:00,2026-09-26T08:25:00+00:00,4.37,0.43,0.44,0.435,0.01,447.67,191.63,99
2026-09-26T08:20:38.555511+00:00,btc-updown-5m-1790411100,5,4945494,97478437162489707811699893533876161007986244961687592846569508941994490745359,2026-09-26T08:25:00+00:00,2026-09-26T08:30:00+00:00,9.37,0.49,0.5,0.495,0.01,270.72,121.0,99
2026-09-26T08:20:38.555511+00:00,btc-updown-15m-1790410500,15,4945427,7620675916301021082412091198339895620033884092615539920712921322621491312910,2026-09-26T08:15:00+00:00,2026-09-26T08:30:00+00:00,9.37,0.4,0.41,0.405,0.01,196.88,18.47,85
2026-09-26T08:20:38.555511+00:00,btc-updown-15m-1790411400,15,4945518,49381913633253229409421442739174544819265817979850330428642491380205320576820,2026-09-26T08:30:00+00:00,2026-09-26T08:45:00+00:00,24.37,0.47,0.48,0.475,0.01,51.0,260.0,95
2026-09-26T08:21:39.734152+00:00,btc-updown-5m-1790410800,5,4945441,31130315721742815592190361174999456584812675534286395658433389979307157523774,2026-09-26T08:20:00+00:00,2026-09-26T08:25:00+00:00,3.35,0.32,0.33,0.325,0.01,757.95,50.0,99
2026-09-26T08:21:39.734152+00:00,btc-updown-5m-1790411100,5,4945494,97478437162489707811699893533876161007986244961687592846569508941994490745359,2026-09-26T08:25:00+00:00,2026-09-26T08:30:00+00:00,8.35,0.49,0.5,0.495,0.01,92.06,131.0,99
2026-09-26T08:21:39.734152+00:00,btc-updown-15m-1790410500,15,4945427,7620675916301021082412091198339895620033884092615539920712921322621491312910,2026-09-26T08:15:00+00:00,2026-09-26T08:30:00+00:00,8.35,0.34,0.35,0.345,0.01,72.02,63.47,85
2026-09-26T08:21:39.734152+00:00,btc-updown-15m-1790411400,15,4945518,49381913633253229409421442739174544819265817979850330428642491380205320576820,2026-09-26T08:30:00+00:00,2026-09-26T08:45:00+00:00,23.35,0.47,0.48,0.475,0.01,104.19,260.0,95
2026-09-26T08:22:40.839262+00:00,btc-updown-5m-1790410800,5,4945441,31130315721742815592190361174999456584812675534286395658433389979307157523774,2026-09-26T08:20:00+00:00,2026-09-26T08:25:00+00:00,2.33,0.16,0.17,0.165,0.01,264.7,159.0,99
2026-09-26T08:22:40.839262+00:00,btc-updown-5m-1790411100,5,4945494,97478437162489707811699893533876161007986244961687592846569508941994490745359,2026-09-26T08:25:00+00:00,2026-09-26T08:30:00+00:00,7.33,0.49,0.5,0.495,0.01,94.16,201.0,99
2026-09-26T08:22:40.839262+00:00,btc-updown-15m-1790410500,15,4945427,7620675916301021082412091198339895620033884092615539920712921322621491312910,2026-09-26T08:15:00+00:00,2026-09-26T08:30:00+00:00,7.33,0.26,0.27,0.265,0.01,5.0,134.54,85
2026-09-26T08:22:40.839262+00:00,btc-updown-15m-1790411400,15,4945518,49381913633253229409421442739174544819265817979850330428642491380205320576820,2026-09-26T08:30:00+00:00,2026-09-26T08:45:00+00:00,22.33,0.47,0.48,0.475,0.01,104.19,260.0,95
2026-09-26T08:23:41.950226+00:00,btc-updown-5m-1790410800,5,4945441,31130315721742815592190361174999456584812675534286395658433389979307157523774,2026-09-26T08:20:00+00:00,2026-09-26T08:25:00+00:00,1.32,0.06,0.07,0.065,0.01,455.0,129.75,99
2026-09-26T08:23:41.950226+00:00,btc-updown-5m-1790411100,5,4945494,97478437162489707811699893533876161007986244961687592846569508941994490745359,2026-09-26T08:25:00+00:00,2026-09-26T08:30:00+00:00,6.32,0.54,0.55,0.545,0.01,1.73,55.0,99
2026-09-26T08:23:41.950226+00:00,btc-updown-15m-1790410500,15,4945427,7620675916301021082412091198339895620033884092615539920712921322621491312910,2026-09-26T08:15:00+00:00,2026-09-26T08:30:00+00:00,6.32,0.22,0.23,0.225,0.01,126.16,20.0,85
2026-09-26T08:23:41.950226+00:00,btc-updown-15m-1790411400,15,4945518,49381913633253229409421442739174544819265817979850330428642491380205320576820,2026-09-26T08:30:00+00:00,2026-09-26T08:45:00+00:00,21.32,0.47,0.48,0.475,0.01,29.85,260.0,95
2026-09-26T08:24:43.074511+00:00,btc-updown-5m-1790411100,5,4945494,97478437162489707811699893533876161007986244961687592846569508941994490745359,2026-09-26T08:25:00+00:00,2026-09-26T08:30:00+00:00,5.28,0.33,0.37,0.35,0.04,36.28,85.94,96
2026-09-26T08:24:43.074511+00:00,btc-updown-15m-1790410500,15,4945427,7620675916301021082412091198339895620033884092615539920712921322621491312910,2026-09-26T08:15:00+00:00,2026-09-26T08:30:00+00:00,5.28,0.12,0.13,0.125,0.01,380.0,211.04,85
2026-09-26T08:24:43.074511+00:00,btc-updown-15m-1790411400,15,4945518,49381913633253229409421442739174544819265817979850330428642491380205320576820,2026-09-26T08:30:00+00:00,2026-09-26T08:45:00+00:00,20.28,0.47,0.48,0.475,0.01,29.85,130.0,95
2026-09-26T08:25:44.142333+00:00,btc-updown-5m-1790411100,5,4945494,97478437162489707811699893533876161007986244961687592846569508941994490745359,2026-09-26T08:25:00+00:00,2026-09-26T08:30:00+00:00,4.27,0.69,0.7,0.695,0.01,376.52,20.0,99
2026-09-26T08:25:44.142333+00:00,btc-updown-5m-1790411400,5,4945515,58387166372171303651771371862553782893698713983129994776789207917245041873438,2026-09-26T08:30:00+00:00,2026-09-26T08:35:00+00:00,9.27,0.5,0.51,0.505,0.01,25.0,190.1,99
2026-09-26T08:25:44.142333+00:00,btc-updown-15m-1790410500,15,4945427,7620675916301021082412091198339895620033884092615539920712921322621491312910,2026-09-26T08:15:00+00:00,2026-09-26T08:30:00+00:00,4.27,0.33,0.34,0.335,0.01,271.0,50.0,89
2026-09-26T08:25:44.142333+00:00,btc-updown-15m-1790411400,15,4945518,49381913633253229409421442739174544819265817979850330428642491380205320576820,2026-09-26T08:30:00+00:00,2026-09-26T08:45:00+00:00,19.27,0.47,0.48,0.475,0.01,29.85,260.0,95
2026-09-26T08:26:45.278865+00:00,btc-updown-5m-1790411100,5,4945494,97478437162489707811699893533876161007986244961687592846569508941994490745359,2026-09-26T08:25:00+00:00,2026-09-26T08:30:00+00:00,3.25,0.9,0.91,0.905,0.01,399.98,10.0,99
2026-09-26T08:26:45.278865+00:00,btc-updown-5m-1790411400,5,4945515,58387166372171303651771371862553782893698713983129994776789207917245041873438,2026-09-26T08:30:00+00:00,2026-09-26T08:35:00+00:00,8.25,0.5,0.51,0.505,0.01,28.0,158.91,99
2026-09-26T08:26:45.278865+00:00,btc-updown-15m-1790410500,15,4945427,7620675916301021082412091198339895620033884092615539920712921322621491312910,2026-09-26T08:15:00+00:00,2026-09-26T08:30:00+00:00,3.25,0.69,0.7,0.695,0.01,19.99,131.65,86
2026-09-26T08:26:45.278865+00:00,btc-updown-15m-1790411400,15,4945518,49381913633253229409421442739174544819265817979850330428642491380205320576820,2026-09-26T08:30:00+00:00,2026-09-26T08:45:00+00:00,18.25,0.47,0.48,0.475,0.01,51.91,344.99,95
2026-09-26T08:27:46.412004+00:00,btc-updown-5m-1790411100,5,4945494,97478437162489707811699893533876161007986244961687592846569508941994490745359,2026-09-26T08:25:00+00:00,2026-09-26T08:30:00+00:00,2.23,0.97,0.98,0.975,0.01,930.85,687.04,99
2026-09-26T08:27:46.412004+00:00,btc-updown-5m-1790411400,5,4945515,58387166372171303651771371862553782893698713983129994776789207917245041873438,2026-09-26T08:30:00+00:00,2026-09-26T08:35:00+00:00,7.23,0.52,0.54,0.53,0.02,27.91,23.7,98
2026-09-26T08:27:46.412004+00:00,btc-updown-15m-1790410500,15,4945427,7620675916301021082412091198339895620033884092615539920712921322621491312910,2026-09-26T08:15:00+00:00,2026-09-26T08:30:00+00:00,2.23,0.91,0.92,0.915,0.01,3106.79,124.0,76
2026-09-26T08:27:46.412004+00:00,btc-updown-15m-1790411400,15,4945518,49381913633253229409421442739174544819265817979850330428642491380205320576820,2026-09-26T08:30:00+00:00,2026-09-26T08:45:00+00:00,17.23,0.47,0.48,0.475,0.01,51.91,437.65,95
2026-09-26T08:28:47.670446+00:00,btc-updown-5m-1790411400,5,4945515,58387166372171303651771371862553782893698713983129994776789207917245041873438,2026-09-26T08:30:00+00:00,2026-09-26T08:35:00+00:00,6.22,0.55,0.56,0.555,0.01,2.96,150.0,99
2026-09-26T08:28:47.670446+00:00,btc-updown-15m-1790410500,15,4945427,7620675916301021082412091198339895620033884092615539920712921322621491312910,2026-09-26T08:15:00+00:00,2026-09-26T08:30:00+00:00,1.22,0.95,0.96,0.955,0.01,156.0,18.7,43
2026-09-26T08:28:47.670446+00:00,btc-updown-15m-1790411400,15,4945518,49381913633253229409421442739174544819265817979850330428642491380205320576820,2026-09-26T08:30:00+00:00,2026-09-26T08:45:00+00:00,16.22,0.46,0.47,0.465,0.01,145.13,175.06,95
2026-09-26T08:29:48.696312+00:00,btc-updown-5m-1790411400,5,4945515,58387166372171303651771371862553782893698713983129994776789207917245041873438,2026-09-26T08:30:00+00:00,2026-09-26T08:35:00+00:00,5.2,0.57,0.58,0.575,0.01,44.35,146.38,99
2026-09-26T08:29:48.696312+00:00,btc-updown-15m-1790411400,15,4945518,49381913633253229409421442739174544819265817979850330428642491380205320576820,2026-09-26T08:30:00+00:00,2026-09-26T08:45:00+00:00,15.2,0.46,0.47,0.465,0.01,20.0,20.0,89
2026-09-26T08:30:49.584787+00:00,btc-updown-5m-1790411400,5,4945515,58387166372171303651771371862553782893698713983129994776789207917245041873438,2026-09-26T08:30:00+00:00,2026-09-26T08:35:00+00:00,4.18,0.59,0.6,0.595,0.01,542.26,43.3,98
2026-09-26T08:30:49.584787+00:00,btc-updown-5m-1790411700,5,4945564,104292430609864032217619440880299960625111164060718597759937452685973356414770,2026-09-26T08:35:00+00:00,2026-09-26T08:40:00+00:00,9.18,0.49,0.5,0.495,0.01,207.05,161.0,99
2026-09-26T08:30:49.584787+00:00,btc-updown-15m-1790411400,15,4945518,49381913633253229409421442739174544819265817979850330428642491380205320576820,2026-09-26T08:30:00+00:00,2026-09-26T08:45:00+00:00,14.18,0.52,0.53,0.525,0.01,125.0,130.0,89
2026-09-26T08:30:49.584787+00:00,btc-updown-15m-1790412300,15,4945722,84702416924010742453603414256502738351532207825227557196627305180084198144395,2026-09-26T08:45:00+00:00,2026-09-26T09:00:00+00:00,29.18,0.5,0.51,0.505,0.01,164.09,786.64,95
2026-09-26T08:31:50.716540+00:00,btc-updown-5m-1790411400,5,4945515,58387166372171303651771371862553782893698713983129994776789207917245041873438,2026-09-26T08:30:00+00:00,2026-09-26T08:35:00+00:00,3.17,0.96,0.97,0.965,0.01,1383.67,380.9,99
2026-09-26T08:31:50.716540+00:00,btc-updown-5m-1790411700,5,4945564,104292430609864032217619440880299960625111164060718597759937452685973356414770,2026-09-26T08:35:00+00:00,2026-09-26T08:40:00+00:00,8.17,0.49,0.5,0.495,0.01,197.39,186.0,99
2026-09-26T08:31:50.716540+00:00,btc-updown-15m-1790411400,15,4945518,49381913633253229409421442739174544819265817979850330428642491380205320576820,2026-09-26T08:30:00+00:00,2026-09-26T08:45:00+00:00,13.17,0.79,0.8,0.795,0.01,202.34,13.51,88
2026-09-26T08:31:50.716540+00:00,btc-updown-15m-1790412300,15,4945722,84702416924010742453603414256502738351532207825227557196627305180084198144395,2026-09-26T08:45:00+00:00,2026-09-26T09:00:00+00:00,28.17,0.5,0.51,0.505,0.01,164.09,936.64,96
2026-09-26T08:32:51.818443+00:00,btc-updown-5m-1790411700,5,4945564,104292430609864032217619440880299960625111164060718597759937452685973356414770,2026-09-26T08:35:00+00:00,2026-09-26T08:40:00+00:00,7.15,0.49,0.5,0.495,0.01,131.89,209.58,99
2026-09-26T08:32:51.818443+00:00,btc-updown-15m-1790411400,15,4945518,49381913633253229409421442739174544819265817979850330428642491380205320576820,2026-09-26T08:30:00+00:00,2026-09-26T08:45:00+00:00,12.15,0.89,0.9,0.895,0.01,130.0,186.29,84
2026-09-26T08:32:51.818443+00:00,btc-updown-15m-1790412300,15,4945722,84702416924010742453603414256502738351532207825227557196627305180084198144395,2026-09-26T08:45:00+00:00,2026-09-26T09:00:00+00:00,27.15,0.5,0.51,0.505,0.01,164.09,1036.64,97
2026-09-26T08:33:53.025667+00:00,btc-updown-5m-1790411700,5,4945564,104292430609864032217619440880299960625111164060718597759937452685973356414770,2026-09-26T08:35:00+00:00,2026-09-26T08:40:00+00:00,6.12,0.53,0.54,0.535,0.01,50.0,20.0,99
2026-09-26T08:33:53.025667+00:00,btc-updown-15m-1790411400,15,4945518,49381913633253229409421442739174544819265817979850330428642491380205320576820,2026-09-26T08:30:00+00:00,2026-09-26T08:45:00+00:00,11.12,0.93,0.94,0.935,0.01,126.05,226.0,77
2026-09-26T08:33:53.025667+00:00,btc-updown-15m-1790412300,15,4945722,84702416924010742453603414256502738351532207825227557196627305180084198144395,2026-09-26T08:45:00+00:00,2026-09-26T09:00:00+00:00,26.12,0.5,0.51,0.505,0.01,126.83,1042.83,97
2026-09-26T08:34:54.062968+00:00,btc-updown-5m-1790411700,5,4945564,104292430609864032217619440880299960625111164060718597759937452685973356414770,2026-09-26T08:35:00+00:00,2026-09-26T08:40:00+00:00,5.1,0.59,0.61,0.6,0.02,69.65,165.56,98
2026-09-26T08:34:54.062968+00:00,btc-updown-15m-1790411400,15,4945518,49381913633253229409421442739174544819265817979850330428642491380205320576820,2026-09-26T08:30:00+00:00,2026-09-26T08:45:00+00:00,10.1,0.95,0.96,0.955,0.01,186.57,488.75,76
2026-09-26T08:34:54.062968+00:00,btc-updown-15m-1790412300,15,4945722,84702416924010742453603414256502738351532207825227557196627305180084198144395,2026-09-26T08:45:00+00:00,2026-09-26T09:00:00+00:00,25.1,0.5,0.51,0.505,0.01,126.83,1072.83,97
2026-09-26T08:35:55.105592+00:00,btc-updown-5m-1790411700,5,4945564,104292430609864032217619440880299960625111164060718597759937452685973356414770,2026-09-26T08:35:00+00:00,2026-09-26T08:40:00+00:00,4.08,0.48,0.49,0.485,0.01,214.77,475.24,99
2026-09-26T08:35:55.105592+00:00,btc-updown-5m-1790412000,5,4945713,75237915825080039339085005408944857430870131837736965669008602909966404151751,2026-09-26T08:40:00+00:00,2026-09-26T08:45:00+00:00,9.08,0.49,0.5,0.495,0.01,86.62,503.0,99
2026-09-26T08:35:55.105592+00:00,btc-updown-15m-1790411400,15,4945518,49381913633253229409421442739174544819265817979850330428642491380205320576820,2026-09-26T08:30:00+00:00,2026-09-26T08:45:00+00:00,9.08,0.95,0.96,0.955,0.01,257.56,115.0,77
2026-09-26T08:35:55.105592+00:00,btc-updown-15m-1790412300,15,4945722,84702416924010742453603414256502738351532207825227557196627305180084198144395,2026-09-26T08:45:00+00:00,2026-09-26T09:00:00+00:00,24.08,0.5,0.51,0.505,0.01,114.83,1109.55,97
2026-09-26T08:36:56.282338+00:00,btc-updown-5m-1790411700,5,4945564,104292430609864032217619440880299960625111164060718597759937452685973356414770,2026-09-26T08:35:00+00:00,2026-09-26T08:40:00+00:00,3.07,0.84,0.85,0.845,0.01,392.75,784.54,99
2026-09-26T08:36:56.282338+00:00,btc-updown-5m-1790412000,5,4945713,75237915825080039339085005408944857430870131837736965669008602909966404151751,2026-09-26T08:40:00+00:00,2026-09-26T08:45:00+00:00,8.07,0.47,0.48,0.475,0.01,94.18,299.02,99
2026-09-26T08:36:56.282338+00:00,btc-updown-15m-1790411400,15,4945518,49381913633253229409421442739174544819265817979850330428642491380205320576820,2026-09-26T08:30:00+00:00,2026-09-26T08:45:00+00:00,8.07,0.97,0.98,0.975,0.01,215.15,369.0,76
2026-09-26T08:36:56.282338+00:00,btc-updown-15m-1790412300,15,4945722,84702416924010742453603414256502738351532207825227557196627305180084198144395,2026-09-26T08:45:00+00:00,2026-09-26T09:00:00+00:00,23.07,0.5,0.51,0.505,0.01,112.43,955.43,97
2026-09-26T08:37:57.395285+00:00,btc-updown-5m-1790411700,5,4945564,104292430609864032217619440880299960625111164060718597759937452685973356414770,2026-09-26T08:35:00+00:00,2026-09-26T08:40:00+00:00,2.05,0.88,0.89,0.885,0.01,658.44,177.88,99
2026-09-26T08:37:57.395285+00:00,btc-updown-5m-1790412000,5,4945713,75237915825080039339085005408944857430870131837736965669008602909966404151751,2026-09-26T08:40:00+00:00,2026-09-26T08:45:00+00:00,7.05,0.47,0.48,0.475,0.01,68.0,329.02,99
2026-09-26T08:37:57.395285+00:00,btc-updown-15m-1790411400,15,4945518,49381913633253229409421442739174544819265817979850330428642491380205320576820,2026-09-26T08:30:00+00:00,2026-09-26T08:45:00+00:00,7.05,0.98,0.99,0.985,0.01,161.22,867.35,75
2026-09-26T08:37:57.395285+00:00,btc-updown-15m-1790412300,15,4945722,84702416924010742453603414256502738351532207825227557196627305180084198144395,2026-09-26T08:45:00+00:00,2026-09-26T09:00:00+00:00,22.05,0.5,0.51,0.505,0.01,102.43,955.43,97
2026-09-26T08:38:58.653588+00:00,btc-updown-5m-1790412000,5,4945713,75237915825080039339085005408944857430870131837736965669008602909966404151751,2026-09-26T08:40:00+00:00,2026-09-26T08:45:00+00:00,6.03,0.46,0.47,0.465,0.01,75.37,109.12,99
2026-09-26T08:38:58.653588+00:00,btc-updown-15m-1790411400,15,4945518,49381913633253229409421442739174544819265817979850330428642491380205320576820,2026-09-26T08:30:00+00:00,2026-09-26T08:45:00+00:00,6.03,0.99,0.999,0.9945,0.009,30.0,693.08,84
2026-09-26T08:38:58.653588+00:00,btc-updown-15m-1790412300,15,4945722,84702416924010742453603414256502738351532207825227557196627305180084198144395,2026-09-26T08:45:00+00:00,2026-09-26T09:00:00+00:00,21.03,0.48,0.49,0.485,0.01,50.0,170.0,97
2026-09-26T08:39:59.636742+00:00,btc-updown-5m-1790412000,5,4945713,75237915825080039339085005408944857430870131837736965669008602909966404151751,2026-09-26T08:40:00+00:00,2026-09-26T08:45:00+00:00,5.02,0.3,0.33,0.315,0.03,40.32,40.32,92
2026-09-26T08:39:59.636742+00:00,btc-updown-15m-1790411400,15,4945518,49381913633253229409421442739174544819265817979850330428642491380205320576820,2026-09-26T08:30:00+00:00,2026-09-26T08:45:00+00:00,5.02,0.996,0.999,0.9975,0.003,32.38,650.68,82
2026-09-26T08:39:59.636742+00:00,btc-updown-15m-1790412300,15,4945722,84702416924010742453603414256502738351532207825227557196627305180084198144395,2026-09-26T08:45:00+00:00,2026-09-26T09:00:00+00:00,20.02,0.48,0.49,0.485,0.01,16.14,370.0,97
2026-09-26T08:41:00.670210+00:00,btc-updown-5m-1790412000,5,4945713,75237915825080039339085005408944857430870131837736965669008602909966404151751,2026-09-26T08:40:00+00:00,2026-09-26T08:45:00+00:00,4.0,0.21,0.22,0.215,0.01,95.61,1137.31,99
2026-09-26T08:41:00.670210+00:00,btc-updown-5m-1790412300,5,4945727,93849514998393333478474711256821892801859954445589924158363086032307096718091,2026-09-26T08:45:00+00:00,2026-09-26T08:50:00+00:00,9.0,0.46,0.49,0.475,0.03,20.0,165.0,97
2026-09-26T08:41:00.670210+00:00,btc-updown-15m-1790411400,15,4945518,49381913633253229409421442739174544819265817979850330428642491380205320576820,2026-09-26T08:30:00+00:00,2026-09-26T08:45:00+00:00,4.0,0.99,0.995,0.9925,0.005,1437.01,5.0,101
2026-09-26T08:41:00.670210+00:00,btc-updown-15m-1790412300,15,4945722,84702416924010742453603414256502738351532207825227557196627305180084198144395,2026-09-26T08:45:00+00:00,2026-09-26T09:00:00+00:00,19.0,0.47,0.48,0.475,0.01,243.19,132.86,97
2026-09-26T08:42:01.794541+00:00,btc-updown-5m-1790412000,5,4945713,75237915825080039339085005408944857430870131837736965669008602909966404151751,2026-09-26T08:40:00+00:00,2026-09-26T08:45:00+00:00,2.98,0.1,0.11,0.105,0.01,324.18,186.0,99
2026-09-26T08:42:01.794541+00:00,btc-updown-5m-1790412300,5,4945727,93849514998393333478474711256821892801859954445589924158363086032307096718091,2026-09-26T08:45:00+00:00,2026-09-26T08:50:00+00:00,7.98,0.45,0.46,0.455,0.01,88.26,30.0,98
2026-09-26T08:42:01.794541+00:00,btc-updown-15m-1790411400,15,4945518,49381913633253229409421442739174544819265817979850330428642491380205320576820,2026-09-26T08:30:00+00:00,2026-09-26T08:45:00+00:00,2.98,0.991,0.998,0.9945,0.007,60.0,66.22,87
2026-09-26T08:42:01.794541+00:00,btc-updown-15m-1790412300,15,4945722,84702416924010742453603414256502738351532207825227557196627305180084198144395,2026-09-26T08:45:00+00:00,2026-09-26T09:00:00+00:00,17.98,0.47,0.48,0.475,0.01,190.0,132.86,97
2026-09-26T08:43:02.925030+00:00,btc-updown-5m-1790412000,5,4945713,75237915825080039339085005408944857430870131837736965669008602909966404151751,2026-09-26T08:40:00+00:00,2026-09-26T08:45:00+00:00,1.97,0.17,0.18,0.175,0.01,77.9,304.89,99
2026-09-26T08:43:02.925030+00:00,btc-updown-5m-1790412300,5,4945727,93849514998393333478474711256821892801859954445589924158363086032307096718091,2026-09-26T08:45:00+00:00,2026-09-26T08:50:00+00:00,6.97,0.44,0.45,0.445,0.01,70.0,44.0,99
2026-09-26T08:43:02.925030+00:00,btc-updown-15m-1790411400,15,4945518,49381913633253229409421442739174544819265817979850330428642491380205320576820,2026-09-26T08:30:00+00:00,2026-09-26T08:45:00+00:00,1.97,0.991,0.998,0.9945,0.007,131.08,24.12,84
2026-09-26T08:43:02.925030+00:00,btc-updown-15m-1790412300,15,4945722,84702416924010742453603414256502738351532207825227557196627305180084198144395,2026-09-26T08:45:00+00:00,2026-09-26T09:00:00+00:00,16.97,0.47,0.48,0.475,0.01,157.3,135.0,97
2026-09-26T08:44:04.191434+00:00,btc-updown-5m-1790412000,5,4945713,75237915825080039339085005408944857430870131837736965669008602909966404151751,2026-09-26T08:40:00+00:00,2026-09-26T08:45:00+00:00,0.93,0.08,0.09,0.085,0.01,75.02,359.72,99
2026-09-26T08:44:04.191434+00:00,btc-updown-5m-1790412300,5,4945727,93849514998393333478474711256821892801859954445589924158363086032307096718091,2026-09-26T08:45:00+00:00,2026-09-26T08:50:00+00:00,5.93,0.45,0.46,0.455,0.01,69.85,98.29,99
2026-09-26T08:44:04.191434+00:00,btc-updown-15m-1790412300,15,4945722,84702416924010742453603414256502738351532207825227557196627305180084198144395,2026-09-26T08:45:00+00:00,2026-09-26T09:00:00+00:00,15.93,0.46,0.47,0.465,0.01,233.37,335.13,91
2026-09-26T08:45:05.202348+00:00,btc-updown-5m-1790412300,5,4945727,93849514998393333478474711256821892801859954445589924158363086032307096718091,2026-09-26T08:45:00+00:00,2026-09-26T08:50:00+00:00,4.92,0.32,0.33,0.325,0.01,1064.43,47.6,99
2026-09-26T08:45:05.202348+00:00,btc-updown-5m-1790412600,5,4945750,61130406987097464142216790439041585296887486276550261281436975887437270339033,2026-09-26T08:50:00+00:00,2026-09-26T08:55:00+00:00,9.92,0.49,0.5,0.495,0.01,78.01,385.1,99
2026-09-26T08:45:05.202348+00:00,btc-updown-15m-1790412300,15,4945722,84702416924010742453603414256502738351532207825227557196627305180084198144395,2026-09-26T08:45:00+00:00,2026-09-26T09:00:00+00:00,14.92,0.39,0.4,0.395,0.01,351.58,100.0,96
2026-09-26T08:45:05.202348+00:00,btc-updown-15m-1790413200,15,4945781,64517674960318241409524416231911263761511532675327238861427979250681311547272,2026-09-26T09:00:00+00:00,2026-09-26T09:15:00+00:00,29.92,0.47,0.48,0.475,0.01,279.61,281.08,99
2026-09-26T08:46:06.345147+00:00,btc-updown-5m-1790412300,5,4945727,93849514998393333478474711256821892801859954445589924158363086032307096718091,2026-09-26T08:45:00+00:00,2026-09-26T08:50:00+00:00,3.9,0.23,0.24,0.235,0.01,422.24,90.0,99
2026-09-26T08:46:06.345147+00:00,btc-updown-5m-1790412600,5,4945750,61130406987097464142216790439041585296887486276550261281436975887437270339033,2026-09-26T08:50:00+00:00,2026-09-26T08:55:00+00:00,8.9,0.48,0.49,0.485,0.01,66.87,135.0,99
2026-09-26T08:46:06.345147+00:00,btc-updown-15m-1790412300,15,4945722,84702416924010742453603414256502738351532207825227557196627305180084198144395,2026-09-26T08:45:00+00:00,2026-09-26T09:00:00+00:00,13.9,0.33,0.34,0.335,0.01,175.53,95.0,86
2026-09-26T08:46:06.345147+00:00,btc-updown-15m-1790413200,15,4945781,64517674960318241409524416231911263761511532675327238861427979250681311547272,2026-09-26T09:00:00+00:00,2026-09-26T09:15:00+00:00,28.9,0.47,0.48,0.475,0.01,279.61,241.08,99
2026-09-26T08:47:07.478033+00:00,btc-updown-5m-1790412300,5,4945727,93849514998393333478474711256821892801859954445589924158363086032307096718091,2026-09-26T08:45:00+00:00,2026-09-26T08:50:00+00:00,2.88,0.07,0.08,0.075,0.01,456.78,1655.91,99
2026-09-26T08:47:07.478033+00:00,btc-updown-5m-1790412600,5,4945750,61130406987097464142216790439041585296887486276550261281436975887437270339033,2026-09-26T08:50:00+00:00,2026-09-26T08:55:00+00:00,7.88,0.48,0.49,0.485,0.01,69.27,145.0,99
2026-09-26T08:47:07.478033+00:00,btc-updown-15m-1790412300,15,4945722,84702416924010742453603414256502738351532207825227557196627305180084198144395,2026-09-26T08:45:00+00:00,2026-09-26T09:00:00+00:00,12.88,0.25,0.26,0.255,0.01,353.05,55.0,88
2026-09-26T08:47:07.478033+00:00,btc-updown-15m-1790413200,15,4945781,64517674960318241409524416231911263761511532675327238861427979250681311547272,2026-09-26T09:00:00+00:00,2026-09-26T09:15:00+00:00,27.88,0.47,0.48,0.475,0.01,56.22,291.08,99
2026-09-26T08:48:08.579358+00:00,btc-updown-5m-1790412300,5,4945727,93849514998393333478474711256821892801859954445589924158363086032307096718091,2026-09-26T08:45:00+00:00,2026-09-26T08:50:00+00:00,1.87,0.02,0.03,0.025,0.01,867.76,1329.33,99
2026-09-26T08:48:08.579358+00:00,btc-updown-5m-1790412600,5,4945750,61130406987097464142216790439041585296887486276550261281436975887437270339033,2026-09-26T08:50:00+00:00,2026-09-26T08:55:00+00:00,6.87,0.48,0.49,0.485,0.01,175.0,35.0,99
2026-09-26T08:48:08.579358+00:00,btc-updown-15m-1790412300,15,4945722,84702416924010742453603414256502738351532207825227557196627305180084198144395,2026-09-26T08:45:00+00:00,2026-09-26T09:00:00+00:00,11.87,0.23,0.24,0.235,0.01,55.07,239.43,88
2026-09-26T08:48:08.579358+00:00,btc-updown-15m-1790413200,15,4945781,64517674960318241409524416231911263761511532675327238861427979250681311547272,2026-09-26T09:00:00+00:00,2026-09-26T09:15:00+00:00,26.87,0.47,0.48,0.475,0.01,56.22,241.08,99
2026-09-26T08:49:09.841283+00:00,btc-updown-5m-1790412600,5,4945750,61130406987097464142216790439041585296887486276550261281436975887437270339033,2026-09-26T08:50:00+00:00,2026-09-26T08:55:00+00:00,5.85,0.48,0.49,0.485,0.01,98.89,36.73,99
2026-09-26T08:49:09.841283+00:00,btc-updown-15m-1790412300,15,4945722,84702416924010742453603414256502738351532207825227557196627305180084198144395,2026-09-26T08:45:00+00:00,2026-09-26T09:00:00+00:00,10.85,0.2,0.21,0.205,0.01,354.85,126.58,85
2026-09-26T08:49:09.841283+00:00,btc-updown-15m-1790413200,15,4945781,64517674960318241409524416231911263761511532675327238861427979250681311547272,2026-09-26T09:00:00+00:00,2026-09-26T09:15:00+00:00,25.85,0.47,0.48,0.475,0.01,56.22,241.08,99
2026-09-26T08:50:10.895431+00:00,btc-updown-5m-1790412600,5,4945750,61130406987097464142216790439041585296887486276550261281436975887437270339033,2026-09-26T08:50:00+00:00,2026-09-26T08:55:00+00:00,4.83,0.41,0.42,0.415,0.01,0.62,366.14,99
2026-09-26T08:50:10.895431+00:00,btc-updown-5m-1790412900,5,4945761,17624868970336952046556601376841784973778481838162261101081102606190615248841,2026-09-26T08:55:00+00:00,2026-09-26T09:00:00+00:00,9.83,0.49,0.5,0.495,0.01,162.35,343.01,99
2026-09-26T08:50:10.895431+00:00,btc-updown-15m-1790412300,15,4945722,84702416924010742453603414256502738351532207825227557196627305180084198144395,2026-09-26T08:45:00+00:00,2026-09-26T09:00:00+00:00,9.83,0.11,0.12,0.115,0.01,5607.12,182.93,85
2026-09-26T08:50:10.895431+00:00,btc-updown-15m-1790413200,15,4945781,64517674960318241409524416231911263761511532675327238861427979250681311547272,2026-09-26T09:00:00+00:00,2026-09-26T09:15:00+00:00,24.83,0.47,0.48,0.475,0.01,156.22,241.08,99
2026-09-26T08:51:12.031335+00:00,btc-updown-5m-1790412600,5,4945750,61130406987097464142216790439041585296887486276550261281436975887437270339033,2026-09-26T08:50:00+00:00,2026-09-26T08:55:00+00:00,3.8,0.33,0.34,0.335,0.01,172.0,425.74,99
2026-09-26T08:51:12.031335+00:00,btc-updown-5m-1790412900,5,4945761,17624868970336952046556601376841784973778481838162261101081102606190615248841,2026-09-26T08:55:00+00:00,2026-09-26T09:00:00+00:00,8.8,0.49,0.5,0.495,0.01,202.74,357.01,99
2026-09-26T08:51:12.031335+00:00,btc-updown-15m-1790412300,15,4945722,84702416924010742453603414256502738351532207825227557196627305180084198144395,2026-09-26T08:45:00+00:00,2026-09-26T09:00:00+00:00,8.8,0.09,0.1,0.095,0.01,79.69,218.42,84
2026-09-26T08:51:12.031335+00:00,btc-updown-15m-1790413200,15,4945781,64517674960318241409524416231911263761511532675327238861427979250681311547272,2026-09-26T09:00:00+00:00,2026-09-26T09:15:00+00:00,23.8,0.47,0.48,0.475,0.01,156.22,241.08,99
2026-09-26T08:52:13.158146+00:00,btc-updown-5m-1790412600,5,4945750,61130406987097464142216790439041585296887486276550261281436975887437270339033,2026-09-26T08:50:00+00:00,2026-09-26T08:55:00+00:00,2.78,0.19,0.2,0.195,0.01,370.74,10.0,99
2026-09-26T08:52:13.158146+00:00,btc-updown-5m-1790412900,5,4945761,17624868970336952046556601376841784973778481838162261101081102606190615248841,2026-09-26T08:55:00+00:00,2026-09-26T09:00:00+00:00,7.78,0.49,0.5,0.495,0.01,184.85,362.01,99
2026-09-26T08:52:13.158146+00:00,btc-updown-15m-1790412300,15,4945722,84702416924010742453603414256502738351532207825227557196627305180084198144395,2026-09-26T08:45:00+00:00,2026-09-26T09:00:00+00:00,7.78,0.05,0.06,0.055,0.01,179.62,47.49,79
2026-09-26T08:52:13.158146+00:00,btc-updown-15m-1790413200,15,4945781,64517674960318241409524416231911263761511532675327238861427979250681311547272,2026-09-26T09:00:00+00:00,2026-09-26T09:15:00+00:00,22.78,0.47,0.48,0.475,0.01,156.22,221.08,99
2026-09-26T08:53:14.294556+00:00,btc-updown-5m-1790412600,5,4945750,61130406987097464142216790439041585296887486276550261281436975887437270339033,2026-09-26T08:50:00+00:00,2026-09-26T08:55:00+00:00,1.77,0.21,0.22,0.215,0.01,73.73,893.18,99
2026-09-26T08:53:14.294556+00:00,btc-updown-5m-1790412900,5,4945761,17624868970336952046556601376841784973778481838162261101081102606190615248841,2026-09-26T08:55:00+00:00,2026-09-26T09:00:00+00:00,6.77,0.49,0.5,0.495,0.01,179.85,272.01,99
2026-09-26T08:53:14.294556+00:00,btc-updown-15m-1790412300,15,4945722,84702416924010742453603414256502738351532207825227557196627305180084198144395,2026-09-26T08:45:00+00:00,2026-09-26T09:00:00+00:00,6.77,0.05,0.06,0.055,0.01,91.93,177.36,83
2026-09-26T08:53:14.294556+00:00,btc-updown-15m-1790413200,15,4945781,64517674960318241409524416231911263761511532675327238861427979250681311547272,2026-09-26T09:00:00+00:00,2026-09-26T09:15:00+00:00,21.77,0.46,0.48,0.47,0.02,147.28,246.08,98
2026-09-26T08:54:15.553868+00:00,btc-updown-5m-1790412600,5,4945750,61130406987097464142216790439041585296887486276550261281436975887437270339033,2026-09-26T08:50:00+00:00,2026-09-26T08:55:00+00:00,0.75,0.02,0.03,0.025,0.01,1706.27,394.35,99
2026-09-26T08:54:15.553868+00:00,btc-updown-5m-1790412900,5,4945761,17624868970336952046556601376841784973778481838162261101081102606190615248841,2026-09-26T08:55:00+00:00,2026-09-26T09:00:00+00:00,5.75,0.49,0.5,0.495,0.01,144.85,187.01,99
2026-09-26T08:54:15.553868+00:00,btc-updown-15m-1790412300,15,4945722,84702416924010742453603414256502738351532207825227557196627305180084198144395,2026-09-26T08:45:00+00:00,2026-09-26T09:00:00+00:00,5.75,0.04,0.05,0.045,0.01,32.21,277.15,78
2026-09-26T08:54:15.553868+00:00,btc-updown-15m-1790413200,15,4945781,64517674960318241409524416231911263761511532675327238861427979250681311547272,2026-09-26T09:00:00+00:00,2026-09-26T09:15:00+00:00,20.75,0.46,0.48,0.47,0.02,168.18,246.08,98
2026-09-26T08:55:16.661559+00:00,btc-updown-5m-1790412900,5,4945761,17624868970336952046556601376841784973778481838162261101081102606190615248841,2026-09-26T08:55:00+00:00,2026-09-26T09:00:00+00:00,4.73,0.48,0.49,0.485,0.01,217.93,131.99,99
2026-09-26T08:55:16.661559+00:00,btc-updown-5m-1790413200,5,4945779,48011839932008721408815232946101180256129932951575176474109104031101714420855,2026-09-26T09:00:00+00:00,2026-09-26T09:05:00+00:00,9.73,0.49,0.5,0.495,0.01,220.1,304.91,99
2026-09-26T08:55:16.661559+00:00,btc-updown-15m-1790412300,15,4945722,84702416924010742453603414256502738351532207825227557196627305180084198144395,2026-09-26T08:45:00+00:00,2026-09-26T09:00:00+00:00,4.73,0.02,0.03,0.025,0.01,170.05,182.49,77
2026-09-26T08:55:16.661559+00:00,btc-updown-15m-1790413200,15,4945781,64517674960318241409524416231911263761511532675327238861427979250681311547272,2026-09-26T09:00:00+00:00,2026-09-26T09:15:00+00:00,19.73,0.46,0.48,0.47,0.02,148.18,246.08,98
2026-09-26T08:56:17.769486+00:00,btc-updown-5m-1790412900,5,4945761,17624868970336952046556601376841784973778481838162261101081102606190615248841,2026-09-26T08:55:00+00:00,2026-09-26T09:00:00+00:00,3.72,0.35,0.36,0.355,0.01,882.58,306.87,99
2026-09-26T08:56:17.769486+00:00,btc-updown-5m-1790413200,5,4945779,48011839932008721408815232946101180256129932951575176474109104031101714420855,2026-09-26T09:00:00+00:00,2026-09-26T09:05:00+00:00,8.72,0.49,0.5,0.495,0.01,133.83,419.91,99
2026-09-26T08:56:17.769486+00:00,btc-updown-15m-1790412300,15,4945722,84702416924010742453603414256502738351532207825227557196627305180084198144395,2026-09-26T08:45:00+00:00,2026-09-26T09:00:00+00:00,3.72,0.01,0.02,0.015,0.01,445.74,217.59,79
2026-09-26T08:56:17.769486+00:00,btc-updown-15m-1790413200,15,4945781,64517674960318241409524416231911263761511532675327238861427979250681311547272,2026-09-26T09:00:00+00:00,2026-09-26T09:15:00+00:00,18.72,0.47,0.48,0.475,0.01,170.0,221.08,99
2026-09-26T08:57:18.917775+00:00,btc-updown-5m-1790412900,5,4945761,17624868970336952046556601376841784973778481838162261101081102606190615248841,2026-09-26T08:55:00+00:00,2026-09-26T09:00:00+00:00,2.7,0.2,0.21,0.205,0.01,45.0,459.8,99
2026-09-26T08:57:18.917775+00:00,btc-updown-5m-1790413200,5,4945779,48011839932008721408815232946101180256129932951575176474109104031101714420855,2026-09-26T09:00:00+00:00,2026-09-26T09:05:00+00:00,7.7,0.49,0.5,0.495,0.01,133.83,390.91,99
2026-09-26T08:57:18.917775+00:00,btc-updown-15m-1790413200,15,4945781,64517674960318241409524416231911263761511532675327238861427979250681311547272,2026-09-26T09:00:00+00:00,2026-09-26T09:15:00+00:00,17.7,0.47,0.48,0.475,0.01,20.0,278.08,99
2026-09-26T08:58:19.904264+00:00,btc-updown-5m-1790412900,5,4945761,17624868970336952046556601376841784973778481838162261101081102606190615248841,2026-09-26T08:55:00+00:00,2026-09-26T09:00:00+00:00,1.68,0.19,0.2,0.195,0.01,35.0,176.65,99
2026-09-26T08:58:19.904264+00:00,btc-updown-5m-1790413200,5,4945779,48011839932008721408815232946101180256129932951575176474109104031101714420855,2026-09-26T09:00:00+00:00,2026-09-26T09:05:00+00:00,6.68,0.48,0.49,0.485,0.01,19.98,80.0,99
2026-09-26T08:58:19.904264+00:00,btc-updown-15m-1790412300,15,4945722,84702416924010742453603414256502738351532207825227557196627305180084198144395,2026-09-26T08:45:00+00:00,2026-09-26T09:00:00+00:00,1.68,0.001,0.007,0.004,0.006,5.0,60.0,83
2026-09-26T08:58:19.904264+00:00,btc-updown-15m-1790413200,15,4945781,64517674960318241409524416231911263761511532675327238861427979250681311547272,2026-09-26T09:00:00+00:00,2026-09-26T09:15:00+00:00,16.68,0.47,0.48,0.475,0.01,20.0,257.24,99
2026-09-26T08:59:21.084271+00:00,btc-updown-5m-1790412900,5,4945761,17624868970336952046556601376841784973778481838162261101081102606190615248841,2026-09-26T08:55:00+00:00,2026-09-26T09:00:00+00:00,0.65,0.02,0.03,0.025,0.01,841.74,1188.42,90
2026-09-26T08:59:21.084271+00:00,btc-updown-5m-1790413200,5,4945779,48011839932008721408815232946101180256129932951575176474109104031101714420855,2026-09-26T09:00:00+00:00,2026-09-26T09:05:00+00:00,5.65,0.48,0.5,0.49,0.02,495.82,193.13,98
2026-09-26T08:59:21.084271+00:00,btc-updown-15m-1790413200,15,4945781,64517674960318241409524416231911263761511532675327238861427979250681311547272,2026-09-26T09:00:00+00:00,2026-09-26T09:15:00+00:00,15.65,0.47,0.48,0.475,0.01,44.99,25.76,91
2026-09-26T09:00:22.145142+00:00,btc-updown-5m-1790413200,5,4945779,48011839932008721408815232946101180256129932951575176474109104031101714420855,2026-09-26T09:00:00+00:00,2026-09-26T09:05:00+00:00,4.63,0.41,0.42,0.415,0.01,363.26,76.0,99
2026-09-26T09:00:22.145142+00:00,btc-updown-5m-1790413500,5,4945806,3453169875804596455526833878016341399681678685502417681081526672288410731988,2026-09-26T09:05:00+00:00,2026-09-26T09:10:00+00:00,9.63,0.49,0.5,0.495,0.01,227.19,244.91,99
2026-09-26T09:00:22.145142+00:00,btc-updown-15m-1790413200,15,4945781,64517674960318241409524416231911263761511532675327238861427979250681311547272,2026-09-26T09:00:00+00:00,2026-09-26T09:15:00+00:00,14.63,0.47,0.48,0.475,0.01,72.83,191.3,97
2026-09-26T09:00:22.145142+00:00,btc-updown-15m-1790414100,15,4946052,49228315804499275694420577478390860121963174356615176769353446626606829813615,2026-09-26T09:15:00+00:00,2026-09-26T09:30:00+00:00,29.63,0.5,0.51,0.505,0.01,50.3,356.53,95
2026-09-26T09:01:23.259146+00:00,btc-updown-5m-1790413200,5,4945779,48011839932008721408815232946101180256129932951575176474109104031101714420855,2026-09-26T09:00:00+00:00,2026-09-26T09:05:00+00:00,3.62,0.26,0.27,0.265,0.01,55.0,428.72,99
2026-09-26T09:01:23.259146+00:00,btc-updown-5m-1790413500,5,4945806,3453169875804596455526833878016341399681678685502417681081526672288410731988,2026-09-26T09:05:00+00:00,2026-09-26T09:10:00+00:00,8.62,0.49,0.5,0.495,0.01,140.5,334.91,99
2026-09-26T09:01:23.259146+00:00,btc-updown-15m-1790413200,15,4945781,64517674960318241409524416231911263761511532675327238861427979250681311547272,2026-09-26T09:00:00+00:00,2026-09-26T09:15:00+00:00,13.62,0.42,0.43,0.425,0.01,10.0,209.31,90
2026-09-26T09:01:23.259146+00:00,btc-updown-15m-1790414100,15,4946052,49228315804499275694420577478390860121963174356615176769353446626606829813615,2026-09-26T09:15:00+00:00,2026-09-26T09:30:00+00:00,28.62,0.5,0.51,0.505,0.01,55.3,606.53,95
2026-09-26T09:02:24.403618+00:00,btc-updown-5m-1790413200,5,4945779,48011839932008721408815232946101180256129932951575176474109104031101714420855,2026-09-26T09:00:00+00:00,2026-09-26T09:05:00+00:00,2.6,0.17,0.18,0.175,0.01,154.84,75.68,99
2026-09-26T09:02:24.403618+00:00,btc-updown-5m-1790413500,5,4945806,3453169875804596455526833878016341399681678685502417681081526672288410731988,2026-09-26T09:05:00+00:00,2026-09-26T09:10:00+00:00,7.6,0.48,0.49,0.485,0.01,86.57,90.0,99
2026-09-26T09:02:24.403618+00:00,btc-updown-15m-1790413200,15,4945781,64517674960318241409524416231911263761511532675327238861427979250681311547272,2026-09-26T09:00:00+00:00,2026-09-26T09:15:00+00:00,12.6,0.41,0.42,0.415,0.01,201.38,93.53,87
2026-09-26T09:02:24.403618+00:00,btc-updown-15m-1790414100,15,4946052,49228315804499275694420577478390860121963174356615176769353446626606829813615,2026-09-26T09:15:00+00:00,2026-09-26T09:30:00+00:00,27.6,0.5,0.51,0.505,0.01,55.3,606.53,95
2026-09-26T09:03:25.553697+00:00,btc-updown-5m-1790413200,5,4945779,48011839932008721408815232946101180256129932951575176474109104031101714420855,2026-09-26T09:00:00+00:00,2026-09-26T09:05:00+00:00,1.58,0.41,0.42,0.415,0.01,496.47,40.0,99
2026-09-26T09:03:25.553697+00:00,btc-updown-5m-1790413500,5,4945806,3453169875804596455526833878016341399681678685502417681081526672288410731988,2026-09-26T09:05:00+00:00,2026-09-26T09:10:00+00:00,6.58,0.48,0.49,0.485,0.01,101.57,77.74,99
2026-09-26T09:03:25.553697+00:00,btc-updown-15m-1790413200,15,4945781,64517674960318241409524416231911263761511532675327238861427979250681311547272,2026-09-26T09:00:00+00:00,2026-09-26T09:15:00+00:00,11.58,0.51,0.52,0.515,0.01,5341.88,90.0,89
2026-09-26T09:03:25.553697+00:00,btc-updown-15m-1790414100,15,4946052,49228315804499275694420577478390860121963174356615176769353446626606829813615,2026-09-26T09:15:00+00:00,2026-09-26T09:30:00+00:00,26.58,0.5,0.51,0.505,0.01,55.3,606.53,95
2026-09-26T09:04:26.710812+00:00,btc-updown-5m-1790413500,5,4945806,3453169875804596455526833878016341399681678685502417681081526672288410731988,2026-09-26T09:05:00+00:00,2026-09-26T09:10:00+00:00,5.57,0.48,0.49,0.485,0.01,25.82,142.44,99
2026-09-26T09:04:26.710812+00:00,btc-updown-15m-1790413200,15,4945781,64517674960318241409524416231911263761511532675327238861427979250681311547272,2026-09-26T09:00:00+00:00,2026-09-26T09:15:00+00:00,10.57,0.44,0.45,0.445,0.01,87.38,50.0,82
2026-09-26T09:04:26.710812+00:00,btc-updown-15m-1790414100,15,4946052,49228315804499275694420577478390860121963174356615176769353446626606829813615,2026-09-26T09:15:00+00:00,2026-09-26T09:30:00+00:00,25.57,0.5,0.51,0.505,0.01,55.3,606.53,95
2026-09-26T09:05:27.742993+00:00,btc-updown-5m-1790413500,5,4945806,3453169875804596455526833878016341399681678685502417681081526672288410731988,2026-09-26T09:05:00+00:00,2026-09-26T09:10:00+00:00,4.55,0.33,0.34,0.335,0.01,16.0,964.78,97
2026-09-26T09:05:27.742993+00:00,btc-updown-5m-1790413800,5,4945837,12705508800543421036234592273285154914334905418328866694187408224556673489635,2026-09-26T09:10:00+00:00,2026-09-26T09:15:00+00:00,9.55,0.49,0.5,0.495,0.01,181.25,310.0,99
2026-09-26T09:05:27.742993+00:00,btc-updown-15m-1790413200,15,4945781,64517674960318241409524416231911263761511532675327238861427979250681311547272,2026-09-26T09:00:00+00:00,2026-09-26T09:15:00+00:00,9.55,0.35,0.36,0.355,0.01,59.86,124.8,83
2026-09-26T09:05:27.742993+00:00,btc-updown-15m-1790414100,15,4946052,49228315804499275694420577478390860121963174356615176769353446626606829813615,2026-09-26T09:15:00+00:00,2026-09-26T09:30:00+00:00,24.55,0.5,0.51,0.505,0.01,85.3,526.53,95
2026-09-26T09:06:28.860369+00:00,btc-updown-5m-1790413500,5,4945806,3453169875804596455526833878016341399681678685502417681081526672288410731988,2026-09-26T09:05:00+00:00,2026-09-26T09:10:00+00:00,3.53,0.4,0.41,0.405,0.01,15.0,438.77,99
2026-09-26T09:06:28.860369+00:00,btc-updown-5m-1790413800,5,4945837,12705508800543421036234592273285154914334905418328866694187408224556673489635,2026-09-26T09:10:00+00:00,2026-09-26T09:15:00+00:00,8.53,0.49,0.5,0.495,0.01,110.1,326.0,99
2026-09-26T09:06:28.860369+00:00,btc-updown-15m-1790413200,15,4945781,64517674960318241409524416231911263761511532675327238861427979250681311547272,2026-09-26T09:00:00+00:00,2026-09-26T09:15:00+00:00,8.53,0.41,0.42,0.415,0.01,88.36,237.48,84
2026-09-26T09:06:28.860369+00:00,btc-updown-15m-1790414100,15,4946052,49228315804499275694420577478390860121963174356615176769353446626606829813615,2026-09-26T09:15:00+00:00,2026-09-26T09:30:00+00:00,23.53,0.5,0.51,0.505,0.01,85.3,476.53,95
2026-09-26T09:07:30.009744+00:00,btc-updown-5m-1790413500,5,4945806,3453169875804596455526833878016341399681678685502417681081526672288410731988,2026-09-26T09:05:00+00:00,2026-09-26T09:10:00+00:00,2.5,0.27,0.28,0.275,0.01,1430.93,16.0,99
2026-09-26T09:07:30.009744+00:00,btc-updown-5m-1790413800,5,4945837,12705508800543421036234592273285154914334905418328866694187408224556673489635,2026-09-26T09:10:00+00:00,2026-09-26T09:15:00+00:00,7.5,0.49,0.5,0.495,0.01,110.1,259.0,99
2026-09-26T09:07:30.009744+00:00,btc-updown-15m-1790413200,15,4945781,64517674960318241409524416231911263761511532675327238861427979250681311547272,2026-09-26T09:00:00+00:00,2026-09-26T09:15:00+00:00,7.5,0.36,0.37,0.365,0.01,268.68,23.0,85
2026-09-26T09:07:30.009744+00:00,btc-updown-15m-1790414100,15,4946052,49228315804499275694420577478390860121963174356615176769353446626606829813615,2026-09-26T09:15:00+00:00,2026-09-26T09:30:00+00:00,22.5,0.5,0.51,0.505,0.01,85.3,477.55,95
2026-09-26T09:08:31.142256+00:00,btc-updown-5m-1790413500,5,4945806,3453169875804596455526833878016341399681678685502417681081526672288410731988,2026-09-26T09:05:00+00:00,2026-09-26T09:10:00+00:00,1.48,0.8,0.81,0.805,0.01,324.38,261.38,99
2026-09-26T09:08:31.142256+00:00,btc-updown-5m-1790413800,5,4945837,12705508800543421036234592273285154914334905418328866694187408224556673489635,2026-09-26T09:10:00+00:00,2026-09-26T09:15:00+00:00,6.48,0.49,0.5,0.495,0.01,115.1,243.0,99
2026-09-26T09:08:31.142256+00:00,btc-updown-15m-1790413200,15,4945781,64517674960318241409524416231911263761511532675327238861427979250681311547272,2026-09-26T09:00:00+00:00,2026-09-26T09:15:00+00:00,6.48,0.46,0.47,0.465,0.01,307.4,79.0,86
2026-09-26T09:08:31.142256+00:00,btc-updown-15m-1790414100,15,4946052,49228315804499275694420577478390860121963174356615176769353446626606829813615,2026-09-26T09:15:00+00:00,2026-09-26T09:30:00+00:00,21.48,0.47,0.48,0.475,0.01,70.68,95.0,95
2026-09-26T09:09:32.295568+00:00,btc-updown-5m-1790413800,5,4945837,12705508800543421036234592273285154914334905418328866694187408224556673489635,2026-09-26T09:10:00+00:00,2026-09-26T09:15:00+00:00,5.47,0.45,0.46,0.455,0.01,57.87,89.0,99
2026-09-26T09:09:32.295568+00:00,btc-updown-15m-1790413200,15,4945781,64517674960318241409524416231911263761511532675327238861427979250681311547272,2026-09-26T09:00:00+00:00,2026-09-26T09:15:00+00:00,5.47,0.18,0.19,0.185,0.01,219.48,105.56,80
2026-09-26T09:09:32.295568+00:00,btc-updown-15m-1790414100,15,4946052,49228315804499275694420577478390860121963174356615176769353446626606829813615,2026-09-26T09:15:00+00:00,2026-09-26T09:30:00+00:00,20.47,0.47,0.48,0.475,0.01,141.91,20.0,95
2026-09-26T09:10:33.288263+00:00,btc-updown-5m-1790413800,5,4945837,12705508800543421036234592273285154914334905418328866694187408224556673489635,2026-09-26T09:10:00+00:00,2026-09-26T09:15:00+00:00,4.45,0.12,0.13,0.125,0.01,103.38,932.46,99
2026-09-26T09:10:33.288263+00:00,btc-updown-5m-1790414100,5,4946047,850050666240899374189764595361231327854372958979050785208065187299239842062,2026-09-26T09:15:00+00:00,2026-09-26T09:20:00+00:00,9.45,0.49,0.5,0.495,0.01,91.0,248.0,99
2026-09-26T09:10:33.288263+00:00,btc-updown-15m-1790413200,15,4945781,64517674960318241409524416231911263761511532675327238861427979250681311547272,2026-09-26T09:00:00+00:00,2026-09-26T09:15:00+00:00,4.45,0.03,0.04,0.035,0.01,59.84,627.93,77
2026-09-26T09:10:33.288263+00:00,btc-updown-15m-1790414100,15,4946052,49228315804499275694420577478390860121963174356615176769353446626606829813615,2026-09-26T09:15:00+00:00,2026-09-26T09:30:00+00:00,19.45,0.47,0.48,0.475,0.01,346.91,20.0,95
2026-09-26T09:11:34.374120+00:00,btc-updown-5m-1790413800,5,4945837,12705508800543421036234592273285154914334905418328866694187408224556673489635,2026-09-26T09:10:00+00:00,2026-09-26T09:15:00+00:00,3.43,0.03,0.04,0.035,0.01,370.08,442.38,99
2026-09-26T09:11:34.374120+00:00,btc-updown-5m-1790414100,5,4946047,850050666240899374189764595361231327854372958979050785208065187299239842062,2026-09-26T09:15:00+00:00,2026-09-26T09:20:00+00:00,8.43,0.51,0.53,0.52,0.02,60.42,2.72,98
2026-09-26T09:11:34.374120+00:00,btc-updown-15m-1790413200,15,4945781,64517674960318241409524416231911263761511532675327238861427979250681311547272,2026-09-26T09:00:00+00:00,2026-09-26T09:15:00+00:00,3.43,0.01,0.02,0.015,0.01,529.03,125.0,73
2026-09-26T09:11:34.374120+00:00,btc-updown-15m-1790414100,15,4946052,49228315804499275694420577478390860121963174356615176769353446626606829813615,2026-09-26T09:15:00+00:00,2026-09-26T09:30:00+00:00,18.43,0.47,0.48,0.475,0.01,443.13,20.0,95
2026-09-26T09:12:35.460898+00:00,btc-updown-5m-1790413800,5,4945837,12705508800543421036234592273285154914334905418328866694187408224556673489635,2026-09-26T09:10:00+00:00,2026-09-26T09:15:00+00:00,2.42,0.01,0.02,0.015,0.01,2718.23,496.51,99
2026-09-26T09:12:35.460898+00:00,btc-updown-5m-1790414100,5,4946047,850050666240899374189764595361231327854372958979050785208065187299239842062,2026-09-26T09:15:00+00:00,2026-09-26T09:20:00+00:00,7.42,0.54,0.55,0.545,0.01,47.69,14.54,99
2026-09-26T09:12:35.460898+00:00,btc-updown-15m-1790413200,15,4945781,64517674960318241409524416231911263761511532675327238861427979250681311547272,2026-09-26T09:00:00+00:00,2026-09-26T09:15:00+00:00,2.42,0.001,0.009,0.005,0.008,20.0,60.0,111
2026-09-26T09:12:35.460898+00:00,btc-updown-15m-1790414100,15,4946052,49228315804499275694420577478390860121963174356615176769353446626606829813615,2026-09-26T09:15:00+00:00,2026-09-26T09:30:00+00:00,17.42,0.5,0.51,0.505,0.01,265.0,221.0,95
2026-09-26T09:13:36.557504+00:00,btc-updown-5m-1790413800,5,4945837,12705508800543421036234592273285154914334905418328866694187408224556673489635,2026-09-26T09:10:00+00:00,2026-09-26T09:15:00+00:00,1.4,0.001,0.004,0.0025,0.003,5.0,717.29,111
2026-09-26T09:13:36.557504+00:00,btc-updown-5m-1790414100,5,4946047,850050666240899374189764595361231327854372958979050785208065187299239842062,2026-09-26T09:15:00+00:00,2026-09-26T09:20:00+00:00,6.4,0.57,0.59,0.58,0.02,2.65,3.04,98
2026-09-26T09:13:36.557504+00:00,btc-updown-15m-1790413200,15,4945781,64517674960318241409524416231911263761511532675327238861427979250681311547272,2026-09-26T09:00:00+00:00,2026-09-26T09:15:00+00:00,1.4,0.001,0.007,0.004,0.006,2.89,10.66,108
2026-09-26T09:13:36.557504+00:00,btc-updown-15m-1790414100,15,4946052,49228315804499275694420577478390860121963174356615176769353446626606829813615,2026-09-26T09:15:00+00:00,2026-09-26T09:30:00+00:00,16.4,0.5,0.51,0.505,0.01,270.09,215.12,95
2026-09-26T09:14:37.809995+00:00,btc-updown-5m-1790414100,5,4946047,850050666240899374189764595361231327854372958979050785208065187299239842062,2026-09-26T09:15:00+00:00,2026-09-26T09:20:00+00:00,5.38,0.63,0.64,0.635,0.01,144.68,272.18,99
2026-09-26T09:14:37.809995+00:00,btc-updown-15m-1790414100,15,4946052,49228315804499275694420577478390860121963174356615176769353446626606829813615,2026-09-26T09:15:00+00:00,2026-09-26T09:30:00+00:00,15.38,0.5,0.51,0.505,0.01,419.86,28.61,92
2026-09-26T09:15:38.718068+00:00,btc-updown-5m-1790414100,5,4946047,850050666240899374189764595361231327854372958979050785208065187299239842062,2026-09-26T09:15:00+00:00,2026-09-26T09:20:00+00:00,4.37,0.37,0.38,0.375,0.01,283.51,259.83,99
2026-09-26T09:15:38.718068+00:00,btc-updown-5m-1790414400,5,4946078,34309192655046882394288373407888431273662596199989440070247119307776325156486,2026-09-26T09:20:00+00:00,2026-09-26T09:25:00+00:00,9.37,0.51,0.52,0.515,0.01,124.0,77.0,99
2026-09-26T09:15:38.718068+00:00,btc-updown-15m-1790414100,15,4946052,49228315804499275694420577478390860121963174356615176769353446626606829813615,2026-09-26T09:15:00+00:00,2026-09-26T09:30:00+00:00,14.37,0.42,0.43,0.425,0.01,104.2,155.0,99
2026-09-26T09:15:38.718068+00:00,btc-updown-15m-1790415000,15,4946156,66872133946996866147892962766050974774305864529836184736362109003799326200115,2026-09-26T09:30:00+00:00,2026-09-26T09:45:00+00:00,29.37,0.49,0.5,0.495,0.01,449.99,423.55,99
2026-09-26T09:16:39.828156+00:00,btc-updown-5m-1790414100,5,4946047,850050666240899374189764595361231327854372958979050785208065187299239842062,2026-09-26T09:15:00+00:00,2026-09-26T09:20:00+00:00,3.35,0.44,0.45,0.445,0.01,638.34,66.7,99
2026-09-26T09:16:39.828156+00:00,btc-updown-5m-1790414400,5,4946078,34309192655046882394288373407888431273662596199989440070247119307776325156486,2026-09-26T09:20:00+00:00,2026-09-26T09:25:00+00:00,8.35,0.51,0.52,0.515,0.01,159.0,38.07,99
2026-09-26T09:16:39.828156+00:00,btc-updown-15m-1790414100,15,4946052,49228315804499275694420577478390860121963174356615176769353446626606829813615,2026-09-26T09:15:00+00:00,2026-09-26T09:30:00+00:00,13.35,0.47,0.48,0.475,0.01,420.66,5.0,99
2026-09-26T09:16:39.828156+00:00,btc-updown-15m-1790415000,15,4946156,66872133946996866147892962766050974774305864529836184736362109003799326200115,2026-09-26T09:30:00+00:00,2026-09-26T09:45:00+00:00,28.35,0.49,0.5,0.495,0.01,499.99,473.55,99
2026-09-26T09:17:40.940920+00:00,btc-updown-5m-1790414100,5,4946047,850050666240899374189764595361231327854372958979050785208065187299239842062,2026-09-26T09:15:00+00:00,2026-09-26T09:20:00+00:00,2.33,0.11,0.12,0.115,0.01,308.0,238.4,99
2026-09-26T09:17:40.940920+00:00,btc-updown-5m-1790414400,5,4946078,34309192655046882394288373407888431273662596199989440070247119307776325156486,2026-09-26T09:20:00+00:00,2026-09-26T09:25:00+00:00,7.33,0.52,0.53,0.525,0.01,122.2,94.91,99
2026-09-26T09:17:40.940920+00:00,btc-updown-15m-1790414100,15,4946052,49228315804499275694420577478390860121963174356615176769353446626606829813615,2026-09-26T09:15:00+00:00,2026-09-26T09:30:00+00:00,12.33,0.34,0.35,0.345,0.01,85.76,266.66,99
2026-09-26T09:17:40.940920+00:00,btc-updown-15m-1790415000,15,4946156,66872133946996866147892962766050974774305864529836184736362109003799326200115,2026-09-26T09:30:00+00:00,2026-09-26T09:45:00+00:00,27.33,0.49,0.5,0.495,0.01,699.99,473.55,99
2026-09-26T09:18:42.029911+00:00,btc-updown-5m-1790414100,5,4946047,850050666240899374189764595361231327854372958979050785208065187299239842062,2026-09-26T09:15:00+00:00,2026-09-26T09:20:00+00:00,1.3,0.03,0.04,0.035,0.01,191.15,1089.69,99
2026-09-26T09:18:42.029911+00:00,btc-updown-5m-1790414400,5,4946078,34309192655046882394288373407888431273662596199989440070247119307776325156486,2026-09-26T09:20:00+00:00,2026-09-26T09:25:00+00:00,6.3,0.58,0.62,0.6,0.04,97.55,208.59,96
2026-09-26T09:18:42.029911+00:00,btc-updown-15m-1790414100,15,4946052,49228315804499275694420577478390860121963174356615176769353446626606829813615,2026-09-26T09:15:00+00:00,2026-09-26T09:30:00+00:00,11.3,0.37,0.38,0.375,0.01,5.0,3670.91,99
2026-09-26T09:18:42.029911+00:00,btc-updown-15m-1790415000,15,4946156,66872133946996866147892962766050974774305864529836184736362109003799326200115,2026-09-26T09:30:00+00:00,2026-09-26T09:45:00+00:00,26.3,0.49,0.5,0.495,0.01,699.99,473.55,99
2026-09-26T09:19:43.159110+00:00,btc-updown-5m-1790414400,5,4946078,34309192655046882394288373407888431273662596199989440070247119307776325156486,2026-09-26T09:20:00+00:00,2026-09-26T09:25:00+00:00,5.28,0.61,0.62,0.615,0.01,314.0,37.47,98
2026-09-26T09:19:43.159110+00:00,btc-updown-15m-1790414100,15,4946052,49228315804499275694420577478390860121963174356615176769353446626606829813615,2026-09-26T09:15:00+00:00,2026-09-26T09:30:00+00:00,10.28,0.49,0.5,0.495,0.01,112.72,144.77,99
2026-09-26T09:19:43.159110+00:00,btc-updown-15m-1790415000,15,4946156,66872133946996866147892962766050974774305864529836184736362109003799326200115,2026-09-26T09:30:00+00:00,2026-09-26T09:45:00+00:00,25.28,0.49,0.5,0.495,0.01,699.99,473.55,99
2026-09-26T09:20:44.181085+00:00,btc-updown-5m-1790414400,5,4946078,34309192655046882394288373407888431273662596199989440070247119307776325156486,2026-09-26T09:20:00+00:00,2026-09-26T09:25:00+00:00,4.27,0.68,0.69,0.685,0.01,65.82,157.54,99
2026-09-26T09:20:44.181085+00:00,btc-updown-5m-1790414700,5,4946139,51163133193852420404665384811912569931756612867648480452520407146806299177789,2026-09-26T09:25:00+00:00,2026-09-26T09:30:00+00:00,9.27,0.51,0.52,0.515,0.01,100.8,97.0,99
2026-09-26T09:20:44.181085+00:00,btc-updown-15m-1790414100,15,4946052,49228315804499275694420577478390860121963174356615176769353446626606829813615,2026-09-26T09:15:00+00:00,2026-09-26T09:30:00+00:00,9.27,0.54,0.55,0.545,0.01,25.48,147.79,99
2026-09-26T09:20:44.181085+00:00,btc-updown-15m-1790415000,15,4946156,66872133946996866147892962766050974774305864529836184736362109003799326200115,2026-09-26T09:30:00+00:00,2026-09-26T09:45:00+00:00,24.27,0.49,0.5,0.495,0.01,581.01,473.55,99
2026-09-26T09:21:45.292926+00:00,btc-updown-5m-1790414400,5,4946078,34309192655046882394288373407888431273662596199989440070247119307776325156486,2026-09-26T09:20:00+00:00,2026-09-26T09:25:00+00:00,3.25,0.73,0.74,0.735,0.01,283.24,65.0,99
2026-09-26T09:21:45.292926+00:00,btc-updown-5m-1790414700,5,4946139,51163133193852420404665384811912569931756612867648480452520407146806299177789,2026-09-26T09:25:00+00:00,2026-09-26T09:30:00+00:00,8.25,0.51,0.52,0.515,0.01,94.65,102.2,99
2026-09-26T09:21:45.292926+00:00,btc-updown-15m-1790414100,15,4946052,49228315804499275694420577478390860121963174356615176769353446626606829813615,2026-09-26T09:15:00+00:00,2026-09-26T09:30:00+00:00,8.25,0.54,0.55,0.545,0.01,125.0,6315.35,99
2026-09-26T09:21:45.292926+00:00,btc-updown-15m-1790415000,15,4946156,66872133946996866147892962766050974774305864529836184736362109003799326200115,2026-09-26T09:30:00+00:00,2026-09-26T09:45:00+00:00,23.25,0.49,0.5,0.495,0.01,581.01,473.55,99
2026-09-26T09:22:46.377250+00:00,btc-updown-5m-1790414400,5,4946078,34309192655046882394288373407888431273662596199989440070247119307776325156486,2026-09-26T09:20:00+00:00,2026-09-26T09:25:00+00:00,2.23,0.94,0.95,0.945,0.01,402.18,149.46,99
2026-09-26T09:22:46.377250+00:00,btc-updown-5m-1790414700,5,4946139,51163133193852420404665384811912569931756612867648480452520407146806299177789,2026-09-26T09:25:00+00:00,2026-09-26T09:30:00+00:00,7.23,0.52,0.53,0.525,0.01,99.35,10.67,99
2026-09-26T09:22:46.377250+00:00,btc-updown-15m-1790414100,15,4946052,49228315804499275694420577478390860121963174356615176769353446626606829813615,2026-09-26T09:15:00+00:00,2026-09-26T09:30:00+00:00,7.23,0.72,0.73,0.725,0.01,289.08,139.19,99
2026-09-26T09:22:46.377250+00:00,btc-updown-15m-1790415000,15,4946156,66872133946996866147892962766050974774305864529836184736362109003799326200115,2026-09-26T09:30:00+00:00,2026-09-26T09:45:00+00:00,22.23,0.49,0.5,0.495,0.01,581.01,473.55,99
2026-09-26T09:23:47.488663+00:00,btc-updown-5m-1790414400,5,4946078,34309192655046882394288373407888431273662596199989440070247119307776325156486,2026-09-26T09:20:00+00:00,2026-09-26T09:25:00+00:00,1.22,0.97,0.98,0.975,0.01,120.0,1655.27,99
2026-09-26T09:23:47.488663+00:00,btc-updown-5m-1790414700,5,4946139,51163133193852420404665384811912569931756612867648480452520407146806299177789,2026-09-26T09:25:00+00:00,2026-09-26T09:30:00+00:00,6.22,0.56,0.57,0.565,0.01,84.24,89.55,99
2026-09-26T09:23:47.488663+00:00,btc-updown-15m-1790414100,15,4946052,49228315804499275694420577478390860121963174356615176769353446626606829813615,2026-09-26T09:15:00+00:00,2026-09-26T09:30:00+00:00,6.22,0.66,0.67,0.665,0.01,257.92,13.0,99
2026-09-26T09:23:47.488663+00:00,btc-updown-15m-1790415000,15,4946156,66872133946996866147892962766050974774305864529836184736362109003799326200115,2026-09-26T09:30:00+00:00,2026-09-26T09:45:00+00:00,21.22,0.49,0.5,0.495,0.01,581.01,473.55,99
2026-09-26T09:24:48.629365+00:00,btc-updown-5m-1790414700,5,4946139,51163133193852420404665384811912569931756612867648480452520407146806299177789,2026-09-26T09:25:00+00:00,2026-09-26T09:30:00+00:00,5.2,0.47,0.48,0.475,0.01,115.64,25.0,97
2026-09-26T09:24:48.629365+00:00,btc-updown-15m-1790414100,15,4946052,49228315804499275694420577478390860121963174356615176769353446626606829813615,2026-09-26T09:15:00+00:00,2026-09-26T09:30:00+00:00,5.2,0.55,0.56,0.555,0.01,229.64,48.39,99
2026-09-26T09:24:48.629365+00:00,btc-updown-15m-1790415000,15,4946156,66872133946996866147892962766050974774305864529836184736362109003799326200115,2026-09-26T09:30:00+00:00,2026-09-26T09:45:00+00:00,20.2,0.49,0.5,0.495,0.01,581.01,473.55,99
2026-09-26T09:25:49.614970+00:00,btc-updown-5m-1790414700,5,4946139,51163133193852420404665384811912569931756612867648480452520407146806299177789,2026-09-26T09:25:00+00:00,2026-09-26T09:30:00+00:00,4.18,0.29,0.3,0.295,0.01,586.82,1.66,99
2026-09-26T09:25:49.614970+00:00,btc-updown-5m-1790415000,5,4946153,72368990606324473241747286691464613376457508777124308608621927234317188147275,2026-09-26T09:30:00+00:00,2026-09-26T09:35:00+00:00,9.18,0.51,0.52,0.515,0.01,120.05,97.41,99
2026-09-26T09:25:49.614970+00:00,btc-updown-15m-1790414100,15,4946052,49228315804499275694420577478390860121963174356615176769353446626606829813615,2026-09-26T09:15:00+00:00,2026-09-26T09:30:00+00:00,4.18,0.39,0.4,0.395,0.01,194.28,74.0,99
2026-09-26T09:25:49.614970+00:00,btc-updown-15m-1790415000,15,4946156,66872133946996866147892962766050974774305864529836184736362109003799326200115,2026-09-26T09:30:00+00:00,2026-09-26T09:45:00+00:00,19.18,0.49,0.5,0.495,0.01,626.02,168.56,99
2026-09-26T09:26:50.718561+00:00,btc-updown-5m-1790414700,5,4946139,51163133193852420404665384811912569931756612867648480452520407146806299177789,2026-09-26T09:25:00+00:00,2026-09-26T09:30:00+00:00,3.17,0.19,0.2,0.195,0.01,332.63,50.0,99
2026-09-26T09:26:50.718561+00:00,btc-updown-5m-1790415000,5,4946153,72368990606324473241747286691464613376457508777124308608621927234317188147275,2026-09-26T09:30:00+00:00,2026-09-26T09:35:00+00:00,8.17,0.5,0.52,0.51,0.02,29.0,102.41,98
2026-09-26T09:26:50.718561+00:00,btc-updown-15m-1790414100,15,4946052,49228315804499275694420577478390860121963174356615176769353446626606829813615,2026-09-26T09:15:00+00:00,2026-09-26T09:30:00+00:00,3.17,0.34,0.35,0.345,0.01,5.0,341.91,98
2026-09-26T09:26:50.718561+00:00,btc-updown-15m-1790415000,15,4946156,66872133946996866147892962766050974774305864529836184736362109003799326200115,2026-09-26T09:30:00+00:00,2026-09-26T09:45:00+00:00,18.17,0.49,0.5,0.495,0.01,631.02,88.56,99
2026-09-26T09:27:51.797680+00:00,btc-updown-5m-1790414700,5,4946139,51163133193852420404665384811912569931756612867648480452520407146806299177789,2026-09-26T09:25:00+00:00,2026-09-26T09:30:00+00:00,2.15,0.54,0.55,0.545,0.01,521.15,60.98,99
2026-09-26T09:27:51.797680+00:00,btc-updown-5m-1790415000,5,4946153,72368990606324473241747286691464613376457508777124308608621927234317188147275,2026-09-26T09:30:00+00:00,2026-09-26T09:35:00+00:00,7.15,0.59,0.6,0.595,0.01,109.6,60.0,98
2026-09-26T09:27:51.797680+00:00,btc-updown-15m-1790414100,15,4946052,49228315804499275694420577478390860121963174356615176769353446626606829813615,2026-09-26T09:15:00+00:00,2026-09-26T09:30:00+00:00,2.15,0.72,0.73,0.725,0.01,157.58,87.91,83
2026-09-26T09:27:51.797680+00:00,btc-updown-15m-1790415000,15,4946156,66872133946996866147892962766050974774305864529836184736362109003799326200115,2026-09-26T09:30:00+00:00,2026-09-26T09:45:00+00:00,17.15,0.49,0.5,0.495,0.01,406.02,58.85,99
2026-09-26T09:28:52.911024+00:00,btc-updown-5m-1790414700,5,4946139,51163133193852420404665384811912569931756612867648480452520407146806299177789,2026-09-26T09:25:00+00:00,2026-09-26T09:30:00+00:00,1.13,0.46,0.47,0.465,0.01,179.16,194.33,99
2026-09-26T09:28:52.911024+00:00,btc-updown-5m-1790415000,5,4946153,72368990606324473241747286691464613376457508777124308608621927234317188147275,2026-09-26T09:30:00+00:00,2026-09-26T09:35:00+00:00,6.13,0.59,0.6,0.595,0.01,109.72,81.66,99
2026-09-26T09:28:52.911024+00:00,btc-updown-15m-1790414100,15,4946052,49228315804499275694420577478390860121963174356615176769353446626606829813615,2026-09-26T09:15:00+00:00,2026-09-26T09:30:00+00:00,1.13,0.8,0.81,0.805,0.01,166.52,82.39,54
2026-09-26T09:28:52.911024+00:00,btc-updown-15m-1790415000,15,4946156,66872133946996866147892962766050974774305864529836184736362109003799326200115,2026-09-26T09:30:00+00:00,2026-09-26T09:45:00+00:00,16.13,0.49,0.5,0.495,0.01,366.02,58.85,98
2026-09-26T09:29:54.093973+00:00,btc-updown-5m-1790415000,5,4946153,72368990606324473241747286691464613376457508777124308608621927234317188147275,2026-09-26T09:30:00+00:00,2026-09-26T09:35:00+00:00,5.1,0.61,0.62,0.615,0.01,76.11,190.14,99
2026-09-26T09:29:54.093973+00:00,btc-updown-15m-1790415000,15,4946156,66872133946996866147892962766050974774305864529836184736362109003799326200115,2026-09-26T09:30:00+00:00,2026-09-26T09:45:00+00:00,15.1,0.54,0.55,0.545,0.01,50.0,5.44,87
2026-09-26T09:30:55.026313+00:00,btc-updown-5m-1790415000,5,4946153,72368990606324473241747286691464613376457508777124308608621927234317188147275,2026-09-26T09:30:00+00:00,2026-09-26T09:35:00+00:00,4.08,0.32,0.33,0.325,0.01,10.0,16.0,97
2026-09-26T09:30:55.026313+00:00,btc-updown-5m-1790415300,5,4946203,39246460311799500345667715582568282026669452605857422525535284041875015697793,2026-09-26T09:35:00+00:00,2026-09-26T09:40:00+00:00,9.08,0.52,0.53,0.525,0.01,165.0,30.0,99
2026-09-26T09:30:55.026313+00:00,btc-updown-15m-1790415000,15,4946156,66872133946996866147892962766050974774305864529836184736362109003799326200115,2026-09-26T09:30:00+00:00,2026-09-26T09:45:00+00:00,14.08,0.42,0.43,0.425,0.01,289.85,31.45,90
2026-09-26T09:30:55.026313+00:00,btc-updown-15m-1790415900,15,4946246,16385194914287913652950522071322102026501606617922668974873596187183119717432,2026-09-26T09:45:00+00:00,2026-09-26T10:00:00+00:00,29.08,0.5,0.51,0.505,0.01,343.4,367.55,95
2026-09-26T09:31:56.128530+00:00,btc-updown-5m-1790415000,5,4946153,72368990606324473241747286691464613376457508777124308608621927234317188147275,2026-09-26T09:30:00+00:00,2026-09-26T09:35:00+00:00,3.07,0.32,0.33,0.325,0.01,179.0,76.0,99
2026-09-26T09:31:56.128530+00:00,btc-updown-5m-1790415300,5,4946203,39246460311799500345667715582568282026669452605857422525535284041875015697793,2026-09-26T09:35:00+00:00,2026-09-26T09:40:00+00:00,8.07,0.53,0.54,0.535,0.01,36.15,121.91,99
2026-09-26T09:31:56.128530+00:00,btc-updown-15m-1790415000,15,4946156,66872133946996866147892962766050974774305864529836184736362109003799326200115,2026-09-26T09:30:00+00:00,2026-09-26T09:45:00+00:00,13.07,0.47,0.48,0.475,0.01,192.12,25.0,91
2026-09-26T09:31:56.128530+00:00,btc-updown-15m-1790415900,15,4946246,16385194914287913652950522071322102026501606617922668974873596187183119717432,2026-09-26T09:45:00+00:00,2026-09-26T10:00:00+00:00,28.07,0.5,0.51,0.505,0.01,168.4,367.55,97
2026-09-26T09:32:57.256634+00:00,btc-updown-5m-1790415000,5,4946153,72368990606324473241747286691464613376457508777124308608621927234317188147275,2026-09-26T09:30:00+00:00,2026-09-26T09:35:00+00:00,2.05,0.5,0.57,0.535,0.07,10.0,3.52,87
2026-09-26T09:32:57.256634+00:00,btc-updown-5m-1790415300,5,4946203,39246460311799500345667715582568282026669452605857422525535284041875015697793,2026-09-26T09:35:00+00:00,2026-09-26T09:40:00+00:00,7.05,0.53,0.54,0.535,0.01,34.02,121.91,99
2026-09-26T09:32:57.256634+00:00,btc-updown-15m-1790415000,15,4946156,66872133946996866147892962766050974774305864529836184736362109003799326200115,2026-09-26T09:30:00+00:00,2026-09-26T09:45:00+00:00,12.05,0.55,0.56,0.555,0.01,170.0,175.0,86
2026-09-26T09:32:57.256634+00:00,btc-updown-15m-1790415900,15,4946246,16385194914287913652950522071322102026501606617922668974873596187183119717432,2026-09-26T09:45:00+00:00,2026-09-26T10:00:00+00:00,27.05,0.5,0.51,0.505,0.01,343.4,367.55,97
2026-09-26T09:33:58.350487+00:00,btc-updown-5m-1790415000,5,4946153,72368990606324473241747286691464613376457508777124308608621927234317188147275,2026-09-26T09:30:00+00:00,2026-09-26T09:35:00+00:00,1.03,0.81,0.82,0.815,0.01,21.0,105.31,99
2026-09-26T09:33:58.350487+00:00,btc-updown-5m-1790415300,5,4946203,39246460311799500345667715582568282026669452605857422525535284041875015697793,2026-09-26T09:35:00+00:00,2026-09-26T09:40:00+00:00,6.03,0.53,0.54,0.535,0.01,34.02,135.05,99
2026-09-26T09:33:58.350487+00:00,btc-updown-15m-1790415000,15,4946156,66872133946996866147892962766050974774305864529836184736362109003799326200115,2026-09-26T09:30:00+00:00,2026-09-26T09:45:00+00:00,11.03,0.56,0.57,0.565,0.01,140.0,130.0,85
2026-09-26T09:33:58.350487+00:00,btc-updown-15m-1790415900,15,4946246,16385194914287913652950522071322102026501606617922668974873596187183119717432,2026-09-26T09:45:00+00:00,2026-09-26T10:00:00+00:00,26.03,0.5,0.51,0.505,0.01,168.4,367.55,97
2026-09-26T09:34:59.448518+00:00,btc-updown-5m-1790415300,5,4946203,39246460311799500345667715582568282026669452605857422525535284041875015697793,2026-09-26T09:35:00+00:00,2026-09-26T09:40:00+00:00,5.02,0.51,0.54,0.525,0.03,64.54,24.22,97
2026-09-26T09:34:59.448518+00:00,btc-updown-15m-1790415000,15,4946156,66872133946996866147892962766050974774305864529836184736362109003799326200115,2026-09-26T09:30:00+00:00,2026-09-26T09:45:00+00:00,10.02,0.6,0.61,0.605,0.01,242.86,89.37,82
2026-09-26T09:34:59.448518+00:00,btc-updown-15m-1790415900,15,4946246,16385194914287913652950522071322102026501606617922668974873596187183119717432,2026-09-26T09:45:00+00:00,2026-09-26T10:00:00+00:00,25.02,0.5,0.51,0.505,0.01,198.4,367.55,97
2026-09-26T09:36:00.431914+00:00,btc-updown-5m-1790415300,5,4946203,39246460311799500345667715582568282026669452605857422525535284041875015697793,2026-09-26T09:35:00+00:00,2026-09-26T09:40:00+00:00,4.0,0.5,0.51,0.505,0.01,398.81,125.0,99
2026-09-26T09:36:00.431914+00:00,btc-updown-5m-1790415600,5,4946225,45246795181850672604970564507067979320574561699089599540444609853912010902295,2026-09-26T09:40:00+00:00,2026-09-26T09:45:00+00:00,9.0,0.52,0.53,0.525,0.01,107.26,85.0,99
2026-09-26T09:36:00.431914+00:00,btc-updown-15m-1790415000,15,4946156,66872133946996866147892962766050974774305864529836184736362109003799326200115,2026-09-26T09:30:00+00:00,2026-09-26T09:45:00+00:00,9.0,0.61,0.62,0.615,0.01,101.75,117.0,84
2026-09-26T09:36:00.431914+00:00,btc-updown-15m-1790415900,15,4946246,16385194914287913652950522071322102026501606617922668974873596187183119717432,2026-09-26T09:45:00+00:00,2026-09-26T10:00:00+00:00,24.0,0.5,0.51,0.505,0.01,198.4,367.55,97
2026-09-26T09:37:01.544275+00:00,btc-updown-5m-1790415300,5,4946203,39246460311799500345667715582568282026669452605857422525535284041875015697793,2026-09-26T09:35:00+00:00,2026-09-26T09:40:00+00:00,2.98,0.31,0.32,0.315,0.01,690.24,70.0,99
2026-09-26T09:37:01.544275+00:00,btc-updown-5m-1790415600,5,4946225,45246795181850672604970564507067979320574561699089599540444609853912010902295,2026-09-26T09:40:00+00:00,2026-09-26T09:45:00+00:00,7.98,0.53,0.54,0.535,0.01,52.05,69.0,99
2026-09-26T09:37:01.544275+00:00,btc-updown-15m-1790415000,15,4946156,66872133946996866147892962766050974774305864529836184736362109003799326200115,2026-09-26T09:30:00+00:00,2026-09-26T09:45:00+00:00,7.98,0.55,0.56,0.555,0.01,327.75,96.24,91
2026-09-26T09:37:01.544275+00:00,btc-updown-15m-1790415900,15,4946246,16385194914287913652950522071322102026501606617922668974873596187183119717432,2026-09-26T09:45:00+00:00,2026-09-26T10:00:00+00:00,22.98,0.5,0.51,0.505,0.01,198.4,367.55,97
2026-09-26T09:38:02.675384+00:00,btc-updown-5m-1790415300,5,4946203,39246460311799500345667715582568282026669452605857422525535284041875015697793,2026-09-26T09:35:00+00:00,2026-09-26T09:40:00+00:00,1.97,0.2,0.21,0.205,0.01,143.0,459.49,99
2026-09-26T09:38:02.675384+00:00,btc-updown-5m-1790415600,5,4946225,45246795181850672604970564507067979320574561699089599540444609853912010902295,2026-09-26T09:40:00+00:00,2026-09-26T09:45:00+00:00,6.97,0.54,0.55,0.545,0.01,22.05,63.18,99
2026-09-26T09:38:02.675384+00:00,btc-updown-15m-1790415000,15,4946156,66872133946996866147892962766050974774305864529836184736362109003799326200115,2026-09-26T09:30:00+00:00,2026-09-26T09:45:00+00:00,6.97,0.55,0.56,0.555,0.01,290.42,366.0,87
2026-09-26T09:38:02.675384+00:00,btc-updown-15m-1790415900,15,4946246,16385194914287913652950522071322102026501606617922668974873596187183119717432,2026-09-26T09:45:00+00:00,2026-09-26T10:00:00+00:00,21.97,0.5,0.51,0.505,0.01,198.4,367.55,97
2026-09-26T09:39:03.800110+00:00,btc-updown-5m-1790415300,5,4946203,39246460311799500345667715582568282026669452605857422525535284041875015697793,2026-09-26T09:35:00+00:00,2026-09-26T09:40:00+00:00,0.95,0.03,0.04,0.035,0.01,112.27,438.62,99
2026-09-26T09:39:03.800110+00:00,btc-updown-5m-1790415600,5,4946225,45246795181850672604970564507067979320574561699089599540444609853912010902295,2026-09-26T09:40:00+00:00,2026-09-26T09:45:00+00:00,5.95,0.53,0.54,0.535,0.01,30.68,30.0,99
2026-09-26T09:39:03.800110+00:00,btc-updown-15m-1790415000,15,4946156,66872133946996866147892962766050974774305864529836184736362109003799326200115,2026-09-26T09:30:00+00:00,2026-09-26T09:45:00+00:00,5.95,0.54,0.55,0.545,0.01,182.06,241.0,86
2026-09-26T09:39:03.800110+00:00,btc-updown-15m-1790415900,15,4946246,16385194914287913652950522071322102026501606617922668974873596187183119717432,2026-09-26T09:45:00+00:00,2026-09-26T10:00:00+00:00,20.95,0.5,0.51,0.505,0.01,198.4,367.55,97
2026-09-26T09:40:04.910771+00:00,btc-updown-5m-1790415600,5,4946225,45246795181850672604970564507067979320574561699089599540444609853912010902295,2026-09-26T09:40:00+00:00,2026-09-26T09:45:00+00:00,4.93,0.5,0.51,0.505,0.01,371.3,536.0,99
2026-09-26T09:40:04.910771+00:00,btc-updown-5m-1790415900,5,4946236,65559507327076606941281853526284787932505665203179652091380719482857796917746,2026-09-26T09:45:00+00:00,2026-09-26T09:50:00+00:00,9.93,0.5,0.53,0.515,0.03,285.0,90.96,97
2026-09-26T09:40:04.910771+00:00,btc-updown-15m-1790415000,15,4946156,66872133946996866147892962766050974774305864529836184736362109003799326200115,2026-09-26T09:30:00+00:00,2026-09-26T09:45:00+00:00,4.93,0.49,0.5,0.495,0.01,114.99,219.03,91
2026-09-26T09:40:04.910771+00:00,btc-updown-15m-1790415900,15,4946246,16385194914287913652950522071322102026501606617922668974873596187183119717432,2026-09-26T09:45:00+00:00,2026-09-26T10:00:00+00:00,19.93,0.5,0.51,0.505,0.01,198.4,362.56,97
2026-09-26T09:41:06.000382+00:00,btc-updown-5m-1790415600,5,4946225,45246795181850672604970564507067979320574561699089599540444609853912010902295,2026-09-26T09:40:00+00:00,2026-09-26T09:45:00+00:00,3.9,0.36,0.37,0.365,0.01,552.04,65.31,99
2026-09-26T09:41:06.000382+00:00,btc-updown-5m-1790415900,5,4946236,65559507327076606941281853526284787932505665203179652091380719482857796917746,2026-09-26T09:45:00+00:00,2026-09-26T09:50:00+00:00,8.9,0.52,0.53,0.525,0.01,130.0,51.22,99
2026-09-26T09:41:06.000382+00:00,btc-updown-15m-1790415000,15,4946156,66872133946996866147892962766050974774305864529836184736362109003799326200115,2026-09-26T09:30:00+00:00,2026-09-26T09:45:00+00:00,3.9,0.35,0.36,0.355,0.01,75.0,136.12,96
2026-09-26T09:41:06.000382+00:00,btc-updown-15m-1790415900,15,4946246,16385194914287913652950522071322102026501606617922668974873596187183119717432,2026-09-26T09:45:00+00:00,2026-09-26T10:00:00+00:00,18.9,0.5,0.51,0.505,0.01,183.4,362.56,97
2026-09-26T09:42:07.100807+00:00,btc-updown-5m-1790415600,5,4946225,45246795181850672604970564507067979320574561699089599540444609853912010902295,2026-09-26T09:40:00+00:00,2026-09-26T09:45:00+00:00,2.88,0.31,0.32,0.315,0.01,269.72,269.0,99
2026-09-26T09:42:07.100807+00:00,btc-updown-5m-1790415900,5,4946236,65559507327076606941281853526284787932505665203179652091380719482857796917746,2026-09-26T09:45:00+00:00,2026-09-26T09:50:00+00:00,7.88,0.53,0.54,0.535,0.01,35.0,115.0,99
2026-09-26T09:42:07.100807+00:00,btc-updown-15m-1790415000,15,4946156,66872133946996866147892962766050974774305864529836184736362109003799326200115,2026-09-26T09:30:00+00:00,2026-09-26T09:45:00+00:00,2.88,0.28,0.29,0.285,0.01,15.0,25.0,99
2026-09-26T09:42:07.100807+00:00,btc-updown-15m-1790415900,15,4946246,16385194914287913652950522071322102026501606617922668974873596187183119717432,2026-09-26T09:45:00+00:00,2026-09-26T10:00:00+00:00,17.88,0.5,0.51,0.505,0.01,183.4,362.56,97
2026-09-26T09:43:08.183316+00:00,btc-updown-5m-1790415600,5,4946225,45246795181850672604970564507067979320574561699089599540444609853912010902295,2026-09-26T09:40:00+00:00,2026-09-26T09:45:00+00:00,1.87,0.19,0.2,0.195,0.01,42.59,880.51,99
2026-09-26T09:43:08.183316+00:00,btc-updown-5m-1790415900,5,4946236,65559507327076606941281853526284787932505665203179652091380719482857796917746,2026-09-26T09:45:00+00:00,2026-09-26T09:50:00+00:00,6.87,0.53,0.54,0.535,0.01,32.87,90.0,99
2026-09-26T09:43:08.183316+00:00,btc-updown-15m-1790415000,15,4946156,66872133946996866147892962766050974774305864529836184736362109003799326200115,2026-09-26T09:30:00+00:00,2026-09-26T09:45:00+00:00,1.87,0.17,0.18,0.175,0.01,55.0,116.24,95
2026-09-26T09:43:08.183316+00:00,btc-updown-15m-1790415900,15,4946246,16385194914287913652950522071322102026501606617922668974873596187183119717432,2026-09-26T09:45:00+00:00,2026-09-26T10:00:00+00:00,16.87,0.5,0.51,0.505,0.01,238.09,280.93,97
2026-09-26T09:44:09.601218+00:00,btc-updown-5m-1790415600,5,4946225,45246795181850672604970564507067979320574561699089599540444609853912010902295,2026-09-26T09:40:00+00:00,2026-09-26T09:45:00+00:00,0.85,0.16,0.17,0.165,0.01,80.0,160.0,99
2026-09-26T09:44:09.601218+00:00,btc-updown-5m-1790415900,5,4946236,65559507327076606941281853526284787932505665203179652091380719482857796917746,2026-09-26T09:45:00+00:00,2026-09-26T09:50:00+00:00,5.85,0.53,0.54,0.535,0.01,51.46,90.0,99
2026-09-26T09:44:09.601218+00:00,btc-updown-15m-1790415000,15,4946156,66872133946996866147892962766050974774305864529836184736362109003799326200115,2026-09-26T09:30:00+00:00,2026-09-26T09:45:00+00:00,0.85,0.14,0.15,0.145,0.01,38.0,20.0,60
2026-09-26T09:44:09.601218+00:00,btc-updown-15m-1790415900,15,4946246,16385194914287913652950522071322102026501606617922668974873596187183119717432,2026-09-26T09:45:00+00:00,2026-09-26T10:00:00+00:00,15.85,0.53,0.54,0.535,0.01,28.0,146.96,91
2026-09-26T09:45:10.685116+00:00,btc-updown-5m-1790415900,5,4946236,65559507327076606941281853526284787932505665203179652091380719482857796917746,2026-09-26T09:45:00+00:00,2026-09-26T09:50:00+00:00,4.83,0.71,0.72,0.715,0.01,175.0,329.0,99
2026-09-26T09:45:10.685116+00:00,btc-updown-5m-1790416200,5,4946259,42731997934887587625939627759082826204966095931097401171361824357349689838277,2026-09-26T09:50:00+00:00,2026-09-26T09:55:00+00:00,9.83,0.5,0.51,0.505,0.01,295.0,205.48,99
2026-09-26T09:45:10.685116+00:00,btc-updown-15m-1790415900,15,4946246,16385194914287913652950522071322102026501606617922668974873596187183119717432,2026-09-26T09:45:00+00:00,2026-09-26T10:00:00+00:00,14.83,0.6,0.61,0.605,0.01,113.75,180.0,96
2026-09-26T09:45:10.685116+00:00,btc-updown-15m-1790416800,15,4946362,97170652089908889933334887224139679239433123411839455243731297316940237043835,2026-09-26T10:00:00+00:00,2026-09-26T10:15:00+00:00,29.83,0.5,0.51,0.505,0.01,340.3,165.01,95
2026-09-26T09:46:11.764849+00:00,btc-updown-5m-1790415900,5,4946236,65559507327076606941281853526284787932505665203179652091380719482857796917746,2026-09-26T09:45:00+00:00,2026-09-26T09:50:00+00:00,3.82,0.73,0.74,0.735,0.01,695.23,162.99,99
2026-09-26T09:46:11.764849+00:00,btc-updown-5m-1790416200,5,4946259,42731997934887587625939627759082826204966095931097401171361824357349689838277,2026-09-26T09:50:00+00:00,2026-09-26T09:55:00+00:00,8.82,0.5,0.51,0.505,0.01,345.91,15.0,99
2026-09-26T09:46:11.764849+00:00,btc-updown-15m-1790415900,15,4946246,16385194914287913652950522071322102026501606617922668974873596187183119717432,2026-09-26T09:45:00+00:00,2026-09-26T10:00:00+00:00,13.82,0.6,0.61,0.605,0.01,85.3,125.0,87
2026-09-26T09:46:11.764849+00:00,btc-updown-15m-1790416800,15,4946362,97170652089908889933334887224139679239433123411839455243731297316940237043835,2026-09-26T10:00:00+00:00,2026-09-26T10:15:00+00:00,28.82,0.5,0.51,0.505,0.01,425.3,265.01,95
2026-09-26T09:47:12.886505+00:00,btc-updown-5m-1790415900,5,4946236,65559507327076606941281853526284787932505665203179652091380719482857796917746,2026-09-26T09:45:00+00:00,2026-09-26T09:50:00+00:00,2.8,0.84,0.85,0.845,0.01,542.53,42.39,99
2026-09-26T09:47:12.886505+00:00,btc-updown-5m-1790416200,5,4946259,42731997934887587625939627759082826204966095931097401171361824357349689838277,2026-09-26T09:50:00+00:00,2026-09-26T09:55:00+00:00,7.8,0.55,0.56,0.555,0.01,72.89,51.34,99
2026-09-26T09:47:12.886505+00:00,btc-updown-15m-1790415900,15,4946246,16385194914287913652950522071322102026501606617922668974873596187183119717432,2026-09-26T09:45:00+00:00,2026-09-26T10:00:00+00:00,12.8,0.65,0.66,0.655,0.01,216.71,86.73,88
2026-09-26T09:47:12.886505+00:00,btc-updown-15m-1790416800,15,4946362,97170652089908889933334887224139679239433123411839455243731297316940237043835,2026-09-26T10:00:00+00:00,2026-09-26T10:15:00+00:00,27.8,0.5,0.51,0.505,0.01,475.3,265.01,95
2026-09-26T09:48:14.010831+00:00,btc-updown-5m-1790415900,5,4946236,65559507327076606941281853526284787932505665203179652091380719482857796917746,2026-09-26T09:45:00+00:00,2026-09-26T09:50:00+00:00,1.77,0.71,0.72,0.715,0.01,209.89,1093.32,99
2026-09-26T09:48:14.010831+00:00,btc-updown-5m-1790416200,5,4946259,42731997934887587625939627759082826204966095931097401171361824357349689838277,2026-09-26T09:50:00+00:00,2026-09-26T09:55:00+00:00,6.77,0.55,0.56,0.555,0.01,77.89,54.0,99
2026-09-26T09:48:14.010831+00:00,btc-updown-15m-1790415900,15,4946246,16385194914287913652950522071322102026501606617922668974873596187183119717432,2026-09-26T09:45:00+00:00,2026-09-26T10:00:00+00:00,11.77,0.58,0.59,0.585,0.01,102.98,159.24,84
2026-09-26T09:48:14.010831+00:00,btc-updown-15m-1790416800,15,4946362,97170652089908889933334887224139679239433123411839455243731297316940237043835,2026-09-26T10:00:00+00:00,2026-09-26T10:15:00+00:00,26.77,0.5,0.51,0.505,0.01,475.3,265.01,95
2026-09-26T09:49:15.407509+00:00,btc-updown-5m-1790415900,5,4946236,65559507327076606941281853526284787932505665203179652091380719482857796917746,2026-09-26T09:45:00+00:00,2026-09-26T09:50:00+00:00,0.75,0.97,0.98,0.975,0.01,218.02,77.74,99
2026-09-26T09:49:15.407509+00:00,btc-updown-5m-1790416200,5,4946259,42731997934887587625939627759082826204966095931097401171361824357349689838277,2026-09-26T09:50:00+00:00,2026-09-26T09:55:00+00:00,5.75,0.52,0.53,0.525,0.01,20.0,50.0,99
2026-09-26T09:49:15.407509+00:00,btc-updown-15m-1790415900,15,4946246,16385194914287913652950522071322102026501606617922668974873596187183119717432,2026-09-26T09:45:00+00:00,2026-09-26T10:00:00+00:00,10.75,0.61,0.62,0.615,0.01,206.83,5.0,88
2026-09-26T09:49:15.407509+00:00,btc-updown-15m-1790416800,15,4946362,97170652089908889933334887224139679239433123411839455243731297316940237043835,2026-09-26T10:00:00+00:00,2026-09-26T10:15:00+00:00,25.75,0.5,0.51,0.505,0.01,690.3,265.01,95
2026-09-26T09:50:16.484626+00:00,btc-updown-5m-1790416200,5,4946259,42731997934887587625939627759082826204966095931097401171361824357349689838277,2026-09-26T09:50:00+00:00,2026-09-26T09:55:00+00:00,4.73,0.48,0.49,0.485,0.01,559.66,55.0,99
2026-09-26T09:50:16.484626+00:00,btc-updown-5m-1790416500,5,4946333,93311915321386441742489600152404429064457077917334663498152667021703792436764,2026-09-26T09:55:00+00:00,2026-09-26T10:00:00+00:00,9.73,0.52,0.53,0.525,0.01,68.85,70.0,99
2026-09-26T09:50:16.484626+00:00,btc-updown-15m-1790415900,15,4946246,16385194914287913652950522071322102026501606617922668974873596187183119717432,2026-09-26T09:45:00+00:00,2026-09-26T10:00:00+00:00,9.73,0.62,0.63,0.625,0.01,181.88,43.16,82
2026-09-26T09:50:16.484626+00:00,btc-updown-15m-1790416800,15,4946362,97170652089908889933334887224139679239433123411839455243731297316940237043835,2026-09-26T10:00:00+00:00,2026-09-26T10:15:00+00:00,24.73,0.5,0.51,0.505,0.01,650.3,295.01,95
2026-09-26T09:51:17.546508+00:00,btc-updown-5m-1790416200,5,4946259,42731997934887587625939627759082826204966095931097401171361824357349689838277,2026-09-26T09:50:00+00:00,2026-09-26T09:55:00+00:00,3.72,0.27,0.28,0.275,0.01,115.0,456.87,99
2026-09-26T09:51:17.546508+00:00,btc-updown-5m-1790416500,5,4946333,93311915321386441742489600152404429064457077917334663498152667021703792436764,2026-09-26T09:55:00+00:00,2026-09-26T10:00:00+00:00,8.72,0.52,0.53,0.525,0.01,173.85,248.11,99
2026-09-26T09:51:17.546508+00:00,btc-updown-15m-1790415900,15,4946246,16385194914287913652950522071322102026501606617922668974873596187183119717432,2026-09-26T09:45:00+00:00,2026-09-26T10:00:00+00:00,8.72,0.51,0.52,0.515,0.01,149.25,76.05,84
2026-09-26T09:51:17.546508+00:00,btc-updown-15m-1790416800,15,4946362,97170652089908889933334887224139679239433123411839455243731297316940237043835,2026-09-26T10:00:00+00:00,2026-09-26T10:15:00+00:00,23.72,0.5,0.51,0.505,0.01,690.3,295.01,95
2026-09-26T09:52:18.607800+00:00,btc-updown-5m-1790416200,5,4946259,42731997934887587625939627759082826204966095931097401171361824357349689838277,2026-09-26T09:50:00+00:00,2026-09-26T09:55:00+00:00,2.7,0.18,0.19,0.185,0.01,846.39,100.0,99
2026-09-26T09:52:18.607800+00:00,btc-updown-5m-1790416500,5,4946333,93311915321386441742489600152404429064457077917334663498152667021703792436764,2026-09-26T09:55:00+00:00,2026-09-26T10:00:00+00:00,7.7,0.52,0.53,0.525,0.01,157.6,238.11,99
2026-09-26T09:52:18.607800+00:00,btc-updown-15m-1790415900,15,4946246,16385194914287913652950522071322102026501606617922668974873596187183119717432,2026-09-26T09:45:00+00:00,2026-09-26T10:00:00+00:00,7.7,0.5,0.51,0.505,0.01,157.0,50.0,85
2026-09-26T09:52:18.607800+00:00,btc-updown-15m-1790416800,15,4946362,97170652089908889933334887224139679239433123411839455243731297316940237043835,2026-09-26T10:00:00+00:00,2026-09-26T10:15:00+00:00,22.7,0.5,0.51,0.505,0.01,475.3,295.01,95
2026-09-26T09:53:19.668463+00:00,btc-updown-5m-1790416200,5,4946259,42731997934887587625939627759082826204966095931097401171361824357349689838277,2026-09-26T09:50:00+00:00,2026-09-26T09:55:00+00:00,1.68,0.1,0.11,0.105,0.01,799.57,139.83,99
2026-09-26T09:53:19.668463+00:00,btc-updown-5m-1790416500,5,4946333,93311915321386441742489600152404429064457077917334663498152667021703792436764,2026-09-26T09:55:00+00:00,2026-09-26T10:00:00+00:00,6.68,0.56,0.57,0.565,0.01,220.88,20.0,98
2026-09-26T09:53:19.668463+00:00,btc-updown-15m-1790415900,15,4946246,16385194914287913652950522071322102026501606617922668974873596187183119717432,2026-09-26T09:45:00+00:00,2026-09-26T10:00:00+00:00,6.68,0.52,0.53,0.525,0.01,45.0,192.87,91
2026-09-26T09:53:19.668463+00:00,btc-updown-15m-1790416800,15,4946362,97170652089908889933334887224139679239433123411839455243731297316940237043835,2026-09-26T10:00:00+00:00,2026-09-26T10:15:00+00:00,21.68,0.5,0.51,0.505,0.01,475.3,295.01,95
2026-09-26T09:54:20.895374+00:00,btc-updown-5m-1790416500,5,4946333,93311915321386441742489600152404429064457077917334663498152667021703792436764,2026-09-26T09:55:00+00:00,2026-09-26T10:00:00+00:00,5.67,0.55,0.56,0.555,0.01,20.0,114.86,99
2026-09-26T09:54:20.895374+00:00,btc-updown-15m-1790415900,15,4946246,16385194914287913652950522071322102026501606617922668974873596187183119717432,2026-09-26T09:45:00+00:00,2026-09-26T10:00:00+00:00,5.67,0.46,0.47,0.465,0.01,206.64,75.0,90
2026-09-26T09:54:20.895374+00:00,btc-updown-15m-1790416800,15,4946362,97170652089908889933334887224139679239433123411839455243731297316940237043835,2026-09-26T10:00:00+00:00,2026-09-26T10:15:00+00:00,20.67,0.5,0.51,0.505,0.01,475.3,265.01,95
2026-09-26T09:55:21.849121+00:00,btc-updown-5m-1790416500,5,4946333,93311915321386441742489600152404429064457077917334663498152667021703792436764,2026-09-26T09:55:00+00:00,2026-09-26T10:00:00+00:00,4.65,0.6,0.61,0.605,0.01,32.92,79.29,93
2026-09-26T09:55:21.849121+00:00,btc-updown-5m-1790416800,5,4946348,20527354936985485806277203516458191146575610198130252336329731677685261554117,2026-09-26T10:00:00+00:00,2026-09-26T10:05:00+00:00,9.65,0.52,0.53,0.525,0.01,30.0,75.0,99
2026-09-26T09:55:21.849121+00:00,btc-updown-15m-1790415900,15,4946246,16385194914287913652950522071322102026501606617922668974873596187183119717432,2026-09-26T09:45:00+00:00,2026-09-26T10:00:00+00:00,4.65,0.56,0.57,0.565,0.01,353.59,10.0,87
2026-09-26T09:55:21.849121+00:00,btc-updown-15m-1790416800,15,4946362,97170652089908889933334887224139679239433123411839455243731297316940237043835,2026-09-26T10:00:00+00:00,2026-09-26T10:15:00+00:00,19.65,0.5,0.51,0.505,0.01,475.3,265.01,95
2026-09-26T09:56:22.936760+00:00,btc-updown-5m-1790416500,5,4946333,93311915321386441742489600152404429064457077917334663498152667021703792436764,2026-09-26T09:55:00+00:00,2026-09-26T10:00:00+00:00,3.63,0.39,0.4,0.395,0.01,245.76,23.92,99
2026-09-26T09:56:22.936760+00:00,btc-updown-5m-1790416800,5,4946348,20527354936985485806277203516458191146575610198130252336329731677685261554117,2026-09-26T10:00:00+00:00,2026-09-26T10:05:00+00:00,8.63,0.52,0.53,0.525,0.01,45.0,90.08,99
2026-09-26T09:56:22.936760+00:00,btc-updown-15m-1790415900,15,4946246,16385194914287913652950522071322102026501606617922668974873596187183119717432,2026-09-26T09:45:00+00:00,2026-09-26T10:00:00+00:00,3.63,0.4,0.41,0.405,0.01,3594.28,89.14,89
2026-09-26T09:56:22.936760+00:00,btc-updown-15m-1790416800,15,4946362,97170652089908889933334887224139679239433123411839455243731297316940237043835,2026-09-26T10:00:00+00:00,2026-09-26T10:15:00+00:00,18.63,0.5,0.51,0.505,0.01,500.3,265.01,95
2026-09-26T09:57:24.015730+00:00,btc-updown-5m-1790416500,5,4946333,93311915321386441742489600152404429064457077917334663498152667021703792436764,2026-09-26T09:55:00+00:00,2026-09-26T10:00:00+00:00,2.6,0.35,0.36,0.355,0.01,58.46,350.79,99
2026-09-26T09:57:24.015730+00:00,btc-updown-5m-1790416800,5,4946348,20527354936985485806277203516458191146575610198130252336329731677685261554117,2026-09-26T10:00:00+00:00,2026-09-26T10:05:00+00:00,7.6,0.52,0.53,0.525,0.01,45.0,90.08,99
2026-09-26T09:57:24.015730+00:00,btc-updown-15m-1790415900,15,4946246,16385194914287913652950522071322102026501606617922668974873596187183119717432,2026-09-26T09:45:00+00:00,2026-09-26T10:00:00+00:00,2.6,0.33,0.34,0.335,0.01,227.46,29.95,90
2026-09-26T09:57:24.015730+00:00,btc-updown-15m-1790416800,15,4946362,97170652089908889933334887224139679239433123411839455243731297316940237043835,2026-09-26T10:00:00+00:00,2026-09-26T10:15:00+00:00,17.6,0.5,0.51,0.505,0.01,505.39,265.01,95
2026-09-26T09:58:25.081082+00:00,btc-updown-5m-1790416500,5,4946333,93311915321386441742489600152404429064457077917334663498152667021703792436764,2026-09-26T09:55:00+00:00,2026-09-26T10:00:00+00:00,1.58,0.08,0.09,0.085,0.01,88.11,194.19,99
2026-09-26T09:58:25.081082+00:00,btc-updown-5m-1790416800,5,4946348,20527354936985485806277203516458191146575610198130252336329731677685261554117,2026-09-26T10:00:00+00:00,2026-09-26T10:05:00+00:00,6.58,0.52,0.53,0.525,0.01,45.0,98.19,99
2026-09-26T09:58:25.081082+00:00,btc-updown-15m-1790415900,15,4946246,16385194914287913652950522071322102026501606617922668974873596187183119717432,2026-09-26T09:45:00+00:00,2026-09-26T10:00:00+00:00,1.58,0.08,0.09,0.085,0.01,190.41,54.78,82
2026-09-26T09:58:25.081082+00:00,btc-updown-15m-1790416800,15,4946362,97170652089908889933334887224139679239433123411839455243731297316940237043835,2026-09-26T10:00:00+00:00,2026-09-26T10:15:00+00:00,16.58,0.5,0.51,0.505,0.01,485.39,265.01,95
2026-09-26T09:59:26.208892+00:00,btc-updown-5m-1790416500,5,4946333,93311915321386441742489600152404429064457077917334663498152667021703792436764,2026-09-26T09:55:00+00:00,2026-09-26T10:00:00+00:00,0.57,0.03,0.04,0.035,0.01,250.0,25.0,99
2026-09-26T09:59:26.208892+00:00,btc-updown-5m-1790416800,5,4946348,20527354936985485806277203516458191146575610198130252336329731677685261554117,2026-09-26T10:00:00+00:00,2026-09-26T10:05:00+00:00,5.57,0.63,0.64,0.635,0.01,43.38,29.22,99
2026-09-26T09:59:26.208892+00:00,btc-updown-15m-1790415900,15,4946246,16385194914287913652950522071322102026501606617922668974873596187183119717432,2026-09-26T09:45:00+00:00,2026-09-26T10:00:00+00:00,0.57,0.03,0.04,0.035,0.01,110.0,135.0,47
2026-09-26T09:59:26.208892+00:00,btc-updown-15m-1790416800,15,4946362,97170652089908889933334887224139679239433123411839455243731297316940237043835,2026-09-26T10:00:00+00:00,2026-09-26T10:15:00+00:00,15.57,0.53,0.55,0.54,0.02,75.0,103.07,88
2026-09-26T10:00:27.278005+00:00,btc-updown-5m-1790416800,5,4946348,20527354936985485806277203516458191146575610198130252336329731677685261554117,2026-09-26T10:00:00+00:00,2026-09-26T10:05:00+00:00,4.55,0.77,0.78,0.775,0.01,151.6,650.8,99
2026-09-26T10:00:27.278005+00:00,btc-updown-5m-1790417100,5,4946374,5646858437055459729220924389905262474905997510030600918692082528010519434768,2026-09-26T10:05:00+00:00,2026-09-26T10:10:00+00:00,9.55,0.5,0.51,0.505,0.01,310.91,134.56,99
2026-09-26T10:00:27.278005+00:00,btc-updown-15m-1790416800,15,4946362,97170652089908889933334887224139679239433123411839455243731297316940237043835,2026-09-26T10:00:00+00:00,2026-09-26T10:15:00+00:00,14.55,0.63,0.64,0.635,0.01,140.8,213.35,93
2026-09-26T10:00:27.278005+00:00,btc-updown-15m-1790417700,15,4946670,7413661089512759056826854948320569528435536245260499504762182183869424463090,2026-09-26T10:15:00+00:00,2026-09-26T10:30:00+00:00,29.55,0.49,0.5,0.495,0.01,511.36,30.5,97
2026-09-26T10:01:28.533308+00:00,btc-updown-5m-1790416800,5,4946348,20527354936985485806277203516458191146575610198130252336329731677685261554117,2026-09-26T10:00:00+00:00,2026-09-26T10:05:00+00:00,3.53,0.9,0.91,0.905,0.01,170.18,101.37,99
2026-09-26T10:01:28.533308+00:00,btc-updown-5m-1790417100,5,4946374,5646858437055459729220924389905262474905997510030600918692082528010519434768,2026-09-26T10:05:00+00:00,2026-09-26T10:10:00+00:00,8.53,0.51,0.52,0.515,0.01,126.44,20.0,99
2026-09-26T10:01:28.533308+00:00,btc-updown-15m-1790416800,15,4946362,97170652089908889933334887224139679239433123411839455243731297316940237043835,2026-09-26T10:00:00+00:00,2026-09-26T10:15:00+00:00,13.53,0.72,0.73,0.725,0.01,95.0,5446.01,84
2026-09-26T10:01:28.533308+00:00,btc-updown-15m-1790417700,15,4946670,7413661089512759056826854948320569528435536245260499504762182183869424463090,2026-09-26T10:15:00+00:00,2026-09-26T10:30:00+00:00,28.53,0.49,0.5,0.495,0.01,561.36,10.5,97
2026-09-26T10:02:29.624494+00:00,btc-updown-5m-1790416800,5,4946348,20527354936985485806277203516458191146575610198130252336329731677685261554117,2026-09-26T10:00:00+00:00,2026-09-26T10:05:00+00:00,2.52,0.97,0.98,0.975,0.01,1326.79,876.72,99
2026-09-26T10:02:29.624494+00:00,btc-updown-5m-1790417100,5,4946374,5646858437055459729220924389905262474905997510030600918692082528010519434768,2026-09-26T10:05:00+00:00,2026-09-26T10:10:00+00:00,7.52,0.54,0.55,0.545,0.01,75.0,50.0,99
2026-09-26T10:02:29.624494+00:00,btc-updown-15m-1790416800,15,4946362,97170652089908889933334887224139679239433123411839455243731297316940237043835,2026-09-26T10:00:00+00:00,2026-09-26T10:15:00+00:00,12.52,0.8,0.81,0.805,0.01,306.23,145.0,82
2026-09-26T10:02:29.624494+00:00,btc-updown-15m-1790417700,15,4946670,7413661089512759056826854948320569528435536245260499504762182183869424463090,2026-09-26T10:15:00+00:00,2026-09-26T10:30:00+00:00,27.52,0.49,0.5,0.495,0.01,501.36,40.0,97
2026-09-26T10:03:30.743206+00:00,btc-updown-5m-1790416800,5,4946348,20527354936985485806277203516458191146575610198130252336329731677685261554117,2026-09-26T10:00:00+00:00,2026-09-26T10:05:00+00:00,1.5,0.996,0.999,0.9975,0.003,41.0,2959.0,117
2026-09-26T10:03:30.743206+00:00,btc-updown-5m-1790417100,5,4946374,5646858437055459729220924389905262474905997510030600918692082528010519434768,2026-09-26T10:05:00+00:00,2026-09-26T10:10:00+00:00,6.5,0.57,0.59,0.58,0.02,133.01,35.0,96
2026-09-26T10:03:30.743206+00:00,btc-updown-15m-1790416800,15,4946362,97170652089908889933334887224139679239433123411839455243731297316940237043835,2026-09-26T10:00:00+00:00,2026-09-26T10:15:00+00:00,11.5,0.89,0.9,0.895,0.01,247.1,10.0,73
2026-09-26T10:03:30.743206+00:00,btc-updown-15m-1790417700,15,4946670,7413661089512759056826854948320569528435536245260499504762182183869424463090,2026-09-26T10:15:00+00:00,2026-09-26T10:30:00+00:00,26.5,0.49,0.5,0.495,0.01,451.36,90.0,97
2026-09-26T10:04:31.821679+00:00,btc-updown-5m-1790417100,5,4946374,5646858437055459729220924389905262474905997510030600918692082528010519434768,2026-09-26T10:05:00+00:00,2026-09-26T10:10:00+00:00,5.48,0.57,0.58,0.575,0.01,51.28,387.0,99
2026-09-26T10:04:31.821679+00:00,btc-updown-15m-1790416800,15,4946362,97170652089908889933334887224139679239433123411839455243731297316940237043835,2026-09-26T10:00:00+00:00,2026-09-26T10:15:00+00:00,10.48,0.9,0.91,0.905,0.01,95.44,237.92,78
2026-09-26T10:04:31.821679+00:00,btc-updown-15m-1790417700,15,4946670,7413661089512759056826854948320569528435536245260499504762182183869424463090,2026-09-26T10:15:00+00:00,2026-09-26T10:30:00+00:00,25.48,0.49,0.5,0.495,0.01,451.36,90.0,97
2026-09-26T10:05:32.870158+00:00,btc-updown-5m-1790417100,5,4946374,5646858437055459729220924389905262474905997510030600918692082528010519434768,2026-09-26T10:05:00+00:00,2026-09-26T10:10:00+00:00,4.47,0.59,0.6,0.595,0.01,557.86,153.27,99
2026-09-26T10:05:32.870158+00:00,btc-updown-5m-1790417400,5,4946395,30056365136306031971466396310297502457054024129283497808619402499653385548346,2026-09-26T10:10:00+00:00,2026-09-26T10:15:00+00:00,9.47,0.5,0.51,0.505,0.01,228.0,88.92,99
2026-09-26T10:05:32.870158+00:00,btc-updown-15m-1790416800,15,4946362,97170652089908889933334887224139679239433123411839455243731297316940237043835,2026-09-26T10:00:00+00:00,2026-09-26T10:15:00+00:00,9.47,0.92,0.93,0.925,0.01,244.34,146.61,74
2026-09-26T10:05:32.870158+00:00,btc-updown-15m-1790417700,15,4946670,7413661089512759056826854948320569528435536245260499504762182183869424463090,2026-09-26T10:15:00+00:00,2026-09-26T10:30:00+00:00,24.47,0.49,0.5,0.495,0.01,451.36,90.0,97
2026-09-26T10:06:33.924370+00:00,btc-updown-5m-1790417100,5,4946374,5646858437055459729220924389905262474905997510030600918692082528010519434768,2026-09-26T10:05:00+00:00,2026-09-26T10:10:00+00:00,3.45,0.79,0.8,0.795,0.01,235.0,319.0,99
2026-09-26T10:06:33.924370+00:00,btc-updown-5m-1790417400,5,4946395,30056365136306031971466396310297502457054024129283497808619402499653385548346,2026-09-26T10:10:00+00:00,2026-09-26T10:15:00+00:00,8.45,0.5,0.51,0.505,0.01,220.0,86.95,99
2026-09-26T10:06:33.924370+00:00,btc-updown-15m-1790416800,15,4946362,97170652089908889933334887224139679239433123411839455243731297316940237043835,2026-09-26T10:00:00+00:00,2026-09-26T10:15:00+00:00,8.45,0.95,0.96,0.955,0.01,214.92,160.0,79
2026-09-26T10:06:33.924370+00:00,btc-updown-15m-1790417700,15,4946670,7413661089512759056826854948320569528435536245260499504762182183869424463090,2026-09-26T10:15:00+00:00,2026-09-26T10:30:00+00:00,23.45,0.49,0.5,0.495,0.01,449.39,105.0,97
2026-09-26T10:07:34.979971+00:00,btc-updown-5m-1790417100,5,4946374,5646858437055459729220924389905262474905997510030600918692082528010519434768,2026-09-26T10:05:00+00:00,2026-09-26T10:10:00+00:00,2.43,0.9,0.91,0.905,0.01,156.43,301.0,99
2026-09-26T10:07:34.979971+00:00,btc-updown-5m-1790417400,5,4946395,30056365136306031971466396310297502457054024129283497808619402499653385548346,2026-09-26T10:10:00+00:00,2026-09-26T10:15:00+00:00,7.43,0.5,0.51,0.505,0.01,65.8,65.95,99
2026-09-26T10:07:34.979971+00:00,btc-updown-15m-1790416800,15,4946362,97170652089908889933334887224139679239433123411839455243731297316940237043835,2026-09-26T10:00:00+00:00,2026-09-26T10:15:00+00:00,7.43,0.97,0.98,0.975,0.01,104.83,398.86,73
2026-09-26T10:07:34.979971+00:00,btc-updown-15m-1790417700,15,4946670,7413661089512759056826854948320569528435536245260499504762182183869424463090,2026-09-26T10:15:00+00:00,2026-09-26T10:30:00+00:00,22.43,0.49,0.5,0.495,0.01,449.39,105.0,97
2026-09-26T10:08:36.061843+00:00,btc-updown-5m-1790417100,5,4946374,5646858437055459729220924389905262474905997510030600918692082528010519434768,2026-09-26T10:05:00+00:00,2026-09-26T10:10:00+00:00,1.4,0.97,0.98,0.975,0.01,337.73,1608.86,99
2026-09-26T10:08:36.061843+00:00,btc-updown-5m-1790417400,5,4946395,30056365136306031971466396310297502457054024129283497808619402499653385548346,2026-09-26T10:10:00+00:00,2026-09-26T10:15:00+00:00,6.4,0.5,0.51,0.505,0.01,63.8,70.95,99
2026-09-26T10:08:36.061843+00:00,btc-updown-15m-1790416800,15,4946362,97170652089908889933334887224139679239433123411839455243731297316940237043835,2026-09-26T10:00:00+00:00,2026-09-26T10:15:00+00:00,6.4,0.97,0.98,0.975,0.01,327.84,20.0,73
2026-09-26T10:08:36.061843+00:00,btc-updown-15m-1790417700,15,4946670,7413661089512759056826854948320569528435536245260499504762182183869424463090,2026-09-26T10:15:00+00:00,2026-09-26T10:30:00+00:00,21.4,0.49,0.5,0.495,0.01,449.39,105.0,97
2026-09-26T10:09:37.135840+00:00,btc-updown-5m-1790417400,5,4946395,30056365136306031971466396310297502457054024129283497808619402499653385548346,2026-09-26T10:10:00+00:00,2026-09-26T10:15:00+00:00,5.38,0.52,0.53,0.525,0.01,40.0,154.65,99
2026-09-26T10:09:37.135840+00:00,btc-updown-15m-1790416800,15,4946362,97170652089908889933334887224139679239433123411839455243731297316940237043835,2026-09-26T10:00:00+00:00,2026-09-26T10:15:00+00:00,5.38,0.98,0.99,0.985,0.01,306.19,50.0,77
2026-09-26T10:09:37.135840+00:00,btc-updown-15m-1790417700,15,4946670,7413661089512759056826854948320569528435536245260499504762182183869424463090,2026-09-26T10:15:00+00:00,2026-09-26T10:30:00+00:00,20.38,0.49,0.5,0.495,0.01,449.39,105.0,97
2026-09-26T10:10:38.097857+00:00,btc-updown-5m-1790417400,5,4946395,30056365136306031971466396310297502457054024129283497808619402499653385548346,2026-09-26T10:10:00+00:00,2026-09-26T10:15:00+00:00,4.37,0.75,0.76,0.755,0.01,685.71,11.34,99
2026-09-26T10:10:38.097857+00:00,btc-updown-5m-1790417700,5,4946661,27676741343736099380316541580802453778510219415008936028738199163309100068447,2026-09-26T10:15:00+00:00,2026-09-26T10:20:00+00:00,9.37,0.49,0.5,0.495,0.01,184.05,187.88,99
2026-09-26T10:10:38.097857+00:00,btc-updown-15m-1790416800,15,4946362,97170652089908889933334887224139679239433123411839455243731297316940237043835,2026-09-26T10:00:00+00:00,2026-09-26T10:15:00+00:00,4.37,0.983,0.99,0.9865,0.007,15.0,1162.69,86
2026-09-26T10:10:38.097857+00:00,btc-updown-15m-1790417700,15,4946670,7413661089512759056826854948320569528435536245260499504762182183869424463090,2026-09-26T10:15:00+00:00,2026-09-26T10:30:00+00:00,19.37,0.51,0.52,0.515,0.01,69.73,350.0,97
2026-09-26T10:11:39.154246+00:00,btc-updown-5m-1790417400,5,4946395,30056365136306031971466396310297502457054024129283497808619402499653385548346,2026-09-26T10:10:00+00:00,2026-09-26T10:15:00+00:00,3.35,0.89,0.9,0.895,0.01,66.24,775.08,99
2026-09-26T10:11:39.154246+00:00,btc-updown-5m-1790417700,5,4946661,27676741343736099380316541580802453778510219415008936028738199163309100068447,2026-09-26T10:15:00+00:00,2026-09-26T10:20:00+00:00,8.35,0.48,0.49,0.485,0.01,80.44,90.0,99
2026-09-26T10:11:39.154246+00:00,btc-updown-15m-1790416800,15,4946362,97170652089908889933334887224139679239433123411839455243731297316940237043835,2026-09-26T10:00:00+00:00,2026-09-26T10:15:00+00:00,3.35,0.994,0.999,0.9965,0.005,5.0,3237.0,87
2026-09-26T10:11:39.154246+00:00,btc-updown-15m-1790417700,15,4946670,7413661089512759056826854948320569528435536245260499504762182183869424463090,2026-09-26T10:15:00+00:00,2026-09-26T10:30:00+00:00,18.35,0.51,0.52,0.515,0.01,67.68,323.84,97
2026-09-26T10:12:40.222075+00:00,btc-updown-5m-1790417400,5,4946395,30056365136306031971466396310297502457054024129283497808619402499653385548346,2026-09-26T10:10:00+00:00,2026-09-26T10:15:00+00:00,2.33,0.93,0.94,0.935,0.01,401.8,36.0,99
2026-09-26T10:12:40.222075+00:00,btc-updown-5m-1790417700,5,4946661,27676741343736099380316541580802453778510219415008936028738199163309100068447,2026-09-26T10:15:00+00:00,2026-09-26T10:20:00+00:00,7.33,0.48,0.49,0.485,0.01,90.44,61.42,99
2026-09-26T10:12:40.222075+00:00,btc-updown-15m-1790416800,15,4946362,97170652089908889933334887224139679239433123411839455243731297316940237043835,2026-09-26T10:00:00+00:00,2026-09-26T10:15:00+00:00,2.33,0.991,0.999,0.995,0.008,60.0,1957.4,87
2026-09-26T10:12:40.222075+00:00,btc-updown-15m-1790417700,15,4946670,7413661089512759056826854948320569528435536245260499504762182183869424463090,2026-09-26T10:15:00+00:00,2026-09-26T10:30:00+00:00,17.33,0.51,0.52,0.515,0.01,67.68,230.25,97
2026-09-26T10:13:41.291188+00:00,btc-updown-5m-1790417400,5,4946395,30056365136306031971466396310297502457054024129283497808619402499653385548346,2026-09-26T10:10:00+00:00,2026-09-26T10:15:00+00:00,1.32,0.97,0.98,0.975,0.01,24.22,606.05,99
2026-09-26T10:13:41.291188+00:00,btc-updown-5m-1790417700,5,4946661,27676741343736099380316541580802453778510219415008936028738199163309100068447,2026-09-26T10:15:00+00:00,2026-09-26T10:20:00+00:00,6.32,0.48,0.5,0.49,0.02,45.0,100.0,98
2026-09-26T10:13:41.291188+00:00,btc-updown-15m-1790416800,15,4946362,97170652089908889933334887224139679239433123411839455243731297316940237043835,2026-09-26T10:00:00+00:00,2026-09-26T10:15:00+00:00,1.32,0.998,0.999,0.9985,0.001,65.8,1916.35,53
2026-09-26T10:13:41.291188+00:00,btc-updown-15m-1790417700,15,4946670,7413661089512759056826854948320569528435536245260499504762182183869424463090,2026-09-26T10:15:00+00:00,2026-09-26T10:30:00+00:00,16.32,0.49,0.5,0.495,0.01,55.0,120.0,97
2026-09-26T10:14:42.531055+00:00,btc-updown-5m-1790417700,5,4946661,27676741343736099380316541580802453778510219415008936028738199163309100068447,2026-09-26T10:15:00+00:00,2026-09-26T10:20:00+00:00,5.3,0.44,0.45,0.445,0.01,210.45,26.95,99
2026-09-26T10:14:42.531055+00:00,btc-updown-15m-1790417700,15,4946670,7413661089512759056826854948320569528435536245260499504762182183869424463090,2026-09-26T10:15:00+00:00,2026-09-26T10:30:00+00:00,15.3,0.46,0.47,0.465,0.01,1.15,50.0,87
2026-09-26T10:15:43.402835+00:00,btc-updown-5m-1790417700,5,4946661,27676741343736099380316541580802453778510219415008936028738199163309100068447,2026-09-26T10:15:00+00:00,2026-09-26T10:20:00+00:00,4.28,0.36,0.37,0.365,0.01,202.45,140.06,99
2026-09-26T10:15:43.402835+00:00,btc-updown-5m-1790418000,5,4946673,107281980411327755553511954596363412467336279890730923222204295774788929457428,2026-09-26T10:20:00+00:00,2026-09-26T10:25:00+00:00,9.28,0.49,0.5,0.495,0.01,165.97,251.0,99
2026-09-26T10:15:43.402835+00:00,btc-updown-15m-1790417700,15,4946670,7413661089512759056826854948320569528435536245260499504762182183869424463090,2026-09-26T10:15:00+00:00,2026-09-26T10:30:00+00:00,14.28,0.46,0.47,0.465,0.01,125.0,169.9,99
2026-09-26T10:15:43.402835+00:00,btc-updown-15m-1790418600,15,4946706,58818646991321753689885719739614702154683218351136382888842084292812792813859,2026-09-26T10:30:00+00:00,2026-09-26T10:45:00+00:00,29.28,0.5,0.51,0.505,0.01,183.38,216.12,95
2026-09-26T10:16:44.655164+00:00,btc-updown-5m-1790417700,5,4946661,27676741343736099380316541580802453778510219415008936028738199163309100068447,2026-09-26T10:15:00+00:00,2026-09-26T10:20:00+00:00,3.27,0.72,0.73,0.725,0.01,408.8,75.89,99
2026-09-26T10:16:44.655164+00:00,btc-updown-5m-1790418000,5,4946673,107281980411327755553511954596363412467336279890730923222204295774788929457428,2026-09-26T10:20:00+00:00,2026-09-26T10:25:00+00:00,8.27,0.49,0.5,0.495,0.01,135.64,261.0,99
2026-09-26T10:16:44.655164+00:00,btc-updown-15m-1790417700,15,4946670,7413661089512759056826854948320569528435536245260499504762182183869424463090,2026-09-26T10:15:00+00:00,2026-09-26T10:30:00+00:00,13.27,0.6,0.61,0.605,0.01,130.0,199.96,90
2026-09-26T10:16:44.655164+00:00,btc-updown-15m-1790418600,15,4946706,58818646991321753689885719739614702154683218351136382888842084292812792813859,2026-09-26T10:30:00+00:00,2026-09-26T10:45:00+00:00,28.27,0.5,0.51,0.505,0.01,183.38,216.12,95
2026-09-26T10:17:45.734835+00:00,btc-updown-5m-1790417700,5,4946661,27676741343736099380316541580802453778510219415008936028738199163309100068447,2026-09-26T10:15:00+00:00,2026-09-26T10:20:00+00:00,2.25,0.94,0.95,0.945,0.01,5.0,33.33,99
2026-09-26T10:17:45.734835+00:00,btc-updown-5m-1790418000,5,4946673,107281980411327755553511954596363412467336279890730923222204295774788929457428,2026-09-26T10:20:00+00:00,2026-09-26T10:25:00+00:00,7.25,0.49,0.5,0.495,0.01,130.64,247.08,99
2026-09-26T10:17:45.734835+00:00,btc-updown-15m-1790417700,15,4946670,7413661089512759056826854948320569528435536245260499504762182183869424463090,2026-09-26T10:15:00+00:00,2026-09-26T10:30:00+00:00,12.25,0.76,0.77,0.765,0.01,244.38,20.0,86
2026-09-26T10:17:45.734835+00:00,btc-updown-15m-1790418600,15,4946706,58818646991321753689885719739614702154683218351136382888842084292812792813859,2026-09-26T10:30:00+00:00,2026-09-26T10:45:00+00:00,27.25,0.5,0.51,0.505,0.01,183.38,416.12,95
2026-09-26T10:18:46.793427+00:00,btc-updown-5m-1790418000,5,4946673,107281980411327755553511954596363412467336279890730923222204295774788929457428,2026-09-26T10:20:00+00:00,2026-09-26T10:25:00+00:00,6.23,0.47,0.5,0.485,0.03,68.05,99.65,97
2026-09-26T10:18:46.793427+00:00,btc-updown-15m-1790417700,15,4946670,7413661089512759056826854948320569528435536245260499504762182183869424463090,2026-09-26T10:15:00+00:00,2026-09-26T10:30:00+00:00,11.23,0.78,0.79,0.785,0.01,158.0,153.15,82
2026-09-26T10:18:46.793427+00:00,btc-updown-15m-1790418600,15,4946706,58818646991321753689885719739614702154683218351136382888842084292812792813859,2026-09-26T10:30:00+00:00,2026-09-26T10:45:00+00:00,26.23,0.5,0.51,0.505,0.01,153.38,497.75,95
2026-09-26T10:19:47.854187+00:00,btc-updown-5m-1790418000,5,4946673,107281980411327755553511954596363412467336279890730923222204295774788929457428,2026-09-26T10:20:00+00:00,2026-09-26T10:25:00+00:00,5.22,0.47,0.48,0.475,0.01,24.22,10.0,99
2026-09-26T10:19:47.854187+00:00,btc-updown-15m-1790417700,15,4946670,7413661089512759056826854948320569528435536245260499504762182183869424463090,2026-09-26T10:15:00+00:00,2026-09-26T10:30:00+00:00,10.22,0.81,0.82,0.815,0.01,20.0,203.69,82
2026-09-26T10:19:47.854187+00:00,btc-updown-15m-1790418600,15,4946706,58818646991321753689885719739614702154683218351136382888842084292812792813859,2026-09-26T10:30:00+00:00,2026-09-26T10:45:00+00:00,25.22,0.5,0.51,0.505,0.01,153.38,497.75,95
2026-09-26T10:20:48.867926+00:00,btc-updown-5m-1790418000,5,4946673,107281980411327755553511954596363412467336279890730923222204295774788929457428,2026-09-26T10:20:00+00:00,2026-09-26T10:25:00+00:00,4.2,0.57,0.58,0.575,0.01,276.35,22.4,99
2026-09-26T10:20:48.867926+00:00,btc-updown-5m-1790418300,5,4946689,109710690384361199674022732128286273072450500324184912592512418739362408209400,2026-09-26T10:25:00+00:00,2026-09-26T10:30:00+00:00,9.2,0.49,0.5,0.495,0.01,169.9,436.0,99
2026-09-26T10:20:48.867926+00:00,btc-updown-15m-1790417700,15,4946670,7413661089512759056826854948320569528435536245260499504762182183869424463090,2026-09-26T10:15:00+00:00,2026-09-26T10:30:00+00:00,9.2,0.85,0.86,0.855,0.01,170.44,115.89,83
2026-09-26T10:20:48.867926+00:00,btc-updown-15m-1790418600,15,4946706,58818646991321753689885719739614702154683218351136382888842084292812792813859,2026-09-26T10:30:00+00:00,2026-09-26T10:45:00+00:00,24.2,0.5,0.51,0.505,0.01,153.38,558.34,95
2026-09-26T10:21:49.926258+00:00,btc-updown-5m-1790418000,5,4946673,107281980411327755553511954596363412467336279890730923222204295774788929457428,2026-09-26T10:20:00+00:00,2026-09-26T10:25:00+00:00,3.18,0.9,0.91,0.905,0.01,263.0,302.04,99
2026-09-26T10:21:49.926258+00:00,btc-updown-5m-1790418300,5,4946689,109710690384361199674022732128286273072450500324184912592512418739362408209400,2026-09-26T10:25:00+00:00,2026-09-26T10:30:00+00:00,8.18,0.49,0.5,0.495,0.01,155.28,361.0,99
2026-09-26T10:21:49.926258+00:00,btc-updown-15m-1790417700,15,4946670,7413661089512759056826854948320569528435536245260499504762182183869424463090,2026-09-26T10:15:00+00:00,2026-09-26T10:30:00+00:00,8.18,0.94,0.95,0.945,0.01,55.46,160.16,77
2026-09-26T10:21:49.926258+00:00,btc-updown-15m-1790418600,15,4946706,58818646991321753689885719739614702154683218351136382888842084292812792813859,2026-09-26T10:30:00+00:00,2026-09-26T10:45:00+00:00,23.18,0.5,0.51,0.505,0.01,143.38,259.99,95
2026-09-26T10:22:50.993734+00:00,btc-updown-5m-1790418000,5,4946673,107281980411327755553511954596363412467336279890730923222204295774788929457428,2026-09-26T10:20:00+00:00,2026-09-26T10:25:00+00:00,2.17,0.05,0.06,0.055,0.01,486.36,373.97,99
2026-09-26T10:22:50.993734+00:00,btc-updown-5m-1790418300,5,4946689,109710690384361199674022732128286273072450500324184912592512418739362408209400,2026-09-26T10:25:00+00:00,2026-09-26T10:30:00+00:00,7.17,0.48,0.49,0.485,0.01,82.0,94.0,99
2026-09-26T10:22:50.993734+00:00,btc-updown-15m-1790417700,15,4946670,7413661089512759056826854948320569528435536245260499504762182183869424463090,2026-09-26T10:15:00+00:00,2026-09-26T10:30:00+00:00,7.17,0.56,0.57,0.565,0.01,314.48,133.92,85
2026-09-26T10:22:50.993734+00:00,btc-updown-15m-1790418600,15,4946706,58818646991321753689885719739614702154683218351136382888842084292812792813859,2026-09-26T10:30:00+00:00,2026-09-26T10:45:00+00:00,22.17,0.5,0.51,0.505,0.01,143.38,70.0,95
2026-09-26T10:23:52.071975+00:00,btc-updown-5m-1790418000,5,4946673,107281980411327755553511954596363412467336279890730923222204295774788929457428,2026-09-26T10:20:00+00:00,2026-09-26T10:25:00+00:00,1.13,0.58,0.59,0.585,0.01,123.55,110.0,99
2026-09-26T10:23:52.071975+00:00,btc-updown-5m-1790418300,5,4946689,109710690384361199674022732128286273072450500324184912592512418739362408209400,2026-09-26T10:25:00+00:00,2026-09-26T10:30:00+00:00,6.13,0.48,0.49,0.485,0.01,5.0,94.0,99
2026-09-26T10:23:52.071975+00:00,btc-updown-15m-1790417700,15,4946670,7413661089512759056826854948320569528435536245260499504762182183869424463090,2026-09-26T10:15:00+00:00,2026-09-26T10:30:00+00:00,6.13,0.88,0.89,0.885,0.01,125.0,982.0,80
2026-09-26T10:23:52.071975+00:00,btc-updown-15m-1790418600,15,4946706,58818646991321753689885719739614702154683218351136382888842084292812792813859,2026-09-26T10:30:00+00:00,2026-09-26T10:45:00+00:00,21.13,0.5,0.51,0.505,0.01,143.38,101.63,95
2026-09-26T10:24:53.380952+00:00,btc-updown-5m-1790418000,5,4946673,107281980411327755553511954596363412467336279890730923222204295774788929457428,2026-09-26T10:20:00+00:00,2026-09-26T10:25:00+00:00,0.12,0.05,0.06,0.055,0.01,208.22,63.0,99
2026-09-26T10:24:53.380952+00:00,btc-updown-5m-1790418300,5,4946689,109710690384361199674022732128286273072450500324184912592512418739362408209400,2026-09-26T10:25:00+00:00,2026-09-26T10:30:00+00:00,5.12,0.44,0.45,0.445,0.01,8.92,285.0,99
2026-09-26T10:24:53.380952+00:00,btc-updown-15m-1790417700,15,4946670,7413661089512759056826854948320569528435536245260499504762182183869424463090,2026-09-26T10:15:00+00:00,2026-09-26T10:30:00+00:00,5.12,0.8,0.81,0.805,0.01,215.74,21.16,83
2026-09-26T10:24:53.380952+00:00,btc-updown-15m-1790418600,15,4946706,58818646991321753689885719739614702154683218351136382888842084292812792813859,2026-09-26T10:30:00+00:00,2026-09-26T10:45:00+00:00,20.12,0.5,0.51,0.505,0.01,138.38,151.63,95
2026-09-26T10:25:54.464252+00:00,btc-updown-5m-1790418300,5,4946689,109710690384361199674022732128286273072450500324184912592512418739362408209400,2026-09-26T10:25:00+00:00,2026-09-26T10:30:00+00:00,4.1,0.32,0.33,0.325,0.01,345.54,125.16,99
2026-09-26T10:25:54.464252+00:00,btc-updown-5m-1790418600,5,4946699,69423799154928145027294455595721663915298384128079446918270729674344432863748,2026-09-26T10:30:00+00:00,2026-09-26T10:35:00+00:00,9.1,0.49,0.5,0.495,0.01,124.36,315.91,99
2026-09-26T10:25:54.464252+00:00,btc-updown-15m-1790417700,15,4946670,7413661089512759056826854948320569528435536245260499504762182183869424463090,2026-09-26T10:15:00+00:00,2026-09-26T10:30:00+00:00,4.1,0.85,0.86,0.855,0.01,5.0,184.23,83
2026-09-26T10:25:54.464252+00:00,btc-updown-15m-1790418600,15,4946706,58818646991321753689885719739614702154683218351136382888842084292812792813859,2026-09-26T10:30:00+00:00,2026-09-26T10:45:00+00:00,19.1,0.5,0.51,0.505,0.01,109.38,101.63,95
2026-09-26T10:26:55.563638+00:00,btc-updown-5m-1790418300,5,4946689,109710690384361199674022732128286273072450500324184912592512418739362408209400,2026-09-26T10:25:00+00:00,2026-09-26T10:30:00+00:00,3.08,0.48,0.49,0.485,0.01,310.73,48.87,99
2026-09-26T10:26:55.563638+00:00,btc-updown-5m-1790418600,5,4946699,69423799154928145027294455595721663915298384128079446918270729674344432863748,2026-09-26T10:30:00+00:00,2026-09-26T10:35:00+00:00,8.08,0.49,0.5,0.495,0.01,119.36,320.91,99
2026-09-26T10:26:55.563638+00:00,btc-updown-15m-1790417700,15,4946670,7413661089512759056826854948320569528435536245260499504762182183869424463090,2026-09-26T10:15:00+00:00,2026-09-26T10:30:00+00:00,3.08,0.95,0.96,0.955,0.01,52.0,145.0,78
2026-09-26T10:26:55.563638+00:00,btc-updown-15m-1790418600,15,4946706,58818646991321753689885719739614702154683218351136382888842084292812792813859,2026-09-26T10:30:00+00:00,2026-09-26T10:45:00+00:00,18.08,0.49,0.5,0.495,0.01,284.63,25.09,95
2026-09-26T10:27:56.690565+00:00,btc-updown-5m-1790418300,5,4946689,109710690384361199674022732128286273072450500324184912592512418739362408209400,2026-09-26T10:25:00+00:00,2026-09-26T10:30:00+00:00,2.07,0.06,0.07,0.065,0.01,595.26,35.55,99
2026-09-26T10:27:56.690565+00:00,btc-updown-5m-1790418600,5,4946699,69423799154928145027294455595721663915298384128079446918270729674344432863748,2026-09-26T10:30:00+00:00,2026-09-26T10:35:00+00:00,7.07,0.48,0.49,0.485,0.01,32.0,35.0,99
2026-09-26T10:27:56.690565+00:00,btc-updown-15m-1790417700,15,4946670,7413661089512759056826854948320569528435536245260499504762182183869424463090,2026-09-26T10:15:00+00:00,2026-09-26T10:30:00+00:00,2.07,0.85,0.86,0.855,0.01,122.28,147.91,90
2026-09-26T10:27:56.690565+00:00,btc-updown-15m-1790418600,15,4946706,58818646991321753689885719739614702154683218351136382888842084292812792813859,2026-09-26T10:30:00+00:00,2026-09-26T10:45:00+00:00,17.07,0.49,0.5,0.495,0.01,384.63,25.09,95
2026-09-26T10:28:57.790190+00:00,btc-updown-5m-1790418600,5,4946699,69423799154928145027294455595721663915298384128079446918270729674344432863748,2026-09-26T10:30:00+00:00,2026-09-26T10:35:00+00:00,6.05,0.48,0.49,0.485,0.01,95.07,40.0,99
2026-09-26T10:28:57.790190+00:00,btc-updown-15m-1790417700,15,4946670,7413661089512759056826854948320569528435536245260499504762182183869424463090,2026-09-26T10:15:00+00:00,2026-09-26T10:30:00+00:00,1.05,0.94,0.95,0.945,0.01,208.53,70.0,56
2026-09-26T10:28:57.790190+00:00,btc-updown-15m-1790418600,15,4946706,58818646991321753689885719739614702154683218351136382888842084292812792813859,2026-09-26T10:30:00+00:00,2026-09-26T10:45:00+00:00,16.05,0.49,0.5,0.495,0.01,384.63,105.09,95
2026-09-26T10:29:58.783318+00:00,btc-updown-5m-1790418600,5,4946699,69423799154928145027294455595721663915298384128079446918270729674344432863748,2026-09-26T10:30:00+00:00,2026-09-26T10:35:00+00:00,5.03,0.5,0.53,0.515,0.03,50.22,14.62,97
2026-09-26T10:29:58.783318+00:00,btc-updown-15m-1790418600,15,4946706,58818646991321753689885719739614702154683218351136382888842084292812792813859,2026-09-26T10:30:00+00:00,2026-09-26T10:45:00+00:00,15.03,0.48,0.51,0.495,0.03,10.0,0.2,82
2026-09-26T10:30:59.642310+00:00,btc-updown-5m-1790418600,5,4946699,69423799154928145027294455595721663915298384128079446918270729674344432863748,2026-09-26T10:30:00+00:00,2026-09-26T10:35:00+00:00,4.02,0.53,0.54,0.535,0.01,55.0,361.08,99
2026-09-26T10:30:59.642310+00:00,btc-updown-5m-1790418900,5,4946762,78686976791449029119344004431048813621410591239372263667994631748592322559386,2026-09-26T10:35:00+00:00,2026-09-26T10:40:00+00:00,9.02,0.49,0.5,0.495,0.01,108.1,262.91,99
2026-09-26T10:30:59.642310+00:00,btc-updown-15m-1790418600,15,4946706,58818646991321753689885719739614702154683218351136382888842084292812792813859,2026-09-26T10:30:00+00:00,2026-09-26T10:45:00+00:00,14.02,0.47,0.48,0.475,0.01,140.81,25.0,89
2026-09-26T10:30:59.642310+00:00,btc-updown-15m-1790419500,15,4946850,41488114312511658613387860416695306546393147585289076268576564183347875480436,2026-09-26T10:45:00+00:00,2026-09-26T11:00:00+00:00,29.02,0.5,0.51,0.505,0.01,50.3,329.83,91
2026-09-26T15:32:05.369322+00:00,btc-updown-5m-1790436600,5,4950342,24517306250426313905242998393449814068663024504201785473813460778939465007862,2026-09-26T15:30:00+00:00,2026-09-26T15:35:00+00:00,2.92,0.97,0.98,0.975,0.01,536.8,282.33,99
2026-09-26T15:32:05.369322+00:00,btc-updown-5m-1790436900,5,4950393,68224841788685045805626248479261273975091731622662914635974701219005342458820,2026-09-26T15:35:00+00:00,2026-09-26T15:40:00+00:00,7.92,0.45,0.46,0.455,0.01,70.0,74.99,99
2026-09-26T15:32:05.369322+00:00,btc-updown-15m-1790436600,15,4950338,36857009298992875749075633476623921507469903677309279204148931408055051817030,2026-09-26T15:30:00+00:00,2026-09-26T15:45:00+00:00,12.92,0.85,0.86,0.855,0.01,46.66,4905.0,89
2026-09-26T15:32:05.369322+00:00,btc-updown-15m-1790437500,15,4950418,63024025983115943206059886249137666219616912675972755488380443089164376732842,2026-09-26T15:45:00+00:00,2026-09-26T16:00:00+00:00,27.92,0.5,0.51,0.505,0.01,50.3,957.55,99
2026-09-26T15:33:08.961604+00:00,btc-updown-5m-1790436900,5,4950393,68224841788685045805626248479261273975091731622662914635974701219005342458820,2026-09-26T15:35:00+00:00,2026-09-26T15:40:00+00:00,6.87,0.45,0.46,0.455,0.01,93.18,34.54,99
2026-09-26T15:33:08.961604+00:00,btc-updown-15m-1790436600,15,4950338,36857009298992875749075633476623921507469903677309279204148931408055051817030,2026-09-26T15:30:00+00:00,2026-09-26T15:45:00+00:00,11.87,0.88,0.89,0.885,0.01,88.0,277.43,83
2026-09-26T15:33:08.961604+00:00,btc-updown-15m-1790437500,15,4950418,63024025983115943206059886249137666219616912675972755488380443089164376732842,2026-09-26T15:45:00+00:00,2026-09-26T16:00:00+00:00,26.87,0.49,0.5,0.495,0.01,51.41,360.0,99
2026-09-26T15:34:10.028352+00:00,btc-updown-5m-1790436900,5,4950393,68224841788685045805626248479261273975091731622662914635974701219005342458820,2026-09-26T15:35:00+00:00,2026-09-26T15:40:00+00:00,5.83,0.45,0.46,0.455,0.01,34.0,215.09,99
2026-09-26T15:34:10.028352+00:00,btc-updown-15m-1790436600,15,4950338,36857009298992875749075633476623921507469903677309279204148931408055051817030,2026-09-26T15:30:00+00:00,2026-09-26T15:45:00+00:00,10.83,0.87,0.88,0.875,0.01,112.63,4594.0,84
2026-09-26T15:34:10.028352+00:00,btc-updown-15m-1790437500,15,4950418,63024025983115943206059886249137666219616912675972755488380443089164376732842,2026-09-26T15:45:00+00:00,2026-09-26T16:00:00+00:00,25.83,0.49,0.5,0.495,0.01,51.41,360.0,99
2026-09-26T15:35:11.170078+00:00,btc-updown-5m-1790436900,5,4950393,68224841788685045805626248479261273975091731622662914635974701219005342458820,2026-09-26T15:35:00+00:00,2026-09-26T15:40:00+00:00,4.82,0.47,0.48,0.475,0.01,502.99,68.0,99
2026-09-26T15:35:11.170078+00:00,btc-updown-5m-1790437200,5,4950411,69051795863885854886641472376541795111184720838930339898078661156218053365821,2026-09-26T15:40:00+00:00,2026-09-26T15:45:00+00:00,9.82,0.49,0.5,0.495,0.01,192.96,463.0,99
2026-09-26T15:35:11.170078+00:00,btc-updown-15m-1790436600,15,4950338,36857009298992875749075633476623921507469903677309279204148931408055051817030,2026-09-26T15:30:00+00:00,2026-09-26T15:45:00+00:00,9.82,0.89,0.9,0.895,0.01,76.66,141.04,82
2026-09-26T15:35:11.170078+00:00,btc-updown-15m-1790437500,15,4950418,63024025983115943206059886249137666219616912675972755488380443089164376732842,2026-09-26T15:45:00+00:00,2026-09-26T16:00:00+00:00,24.82,0.49,0.5,0.495,0.01,51.41,410.0,99
2026-09-26T15:36:12.340921+00:00,btc-updown-5m-1790436900,5,4950393,68224841788685045805626248479261273975091731622662914635974701219005342458820,2026-09-26T15:35:00+00:00,2026-09-26T15:40:00+00:00,3.8,0.71,0.72,0.715,0.01,285.3,134.99,99
2026-09-26T15:36:12.340921+00:00,btc-updown-5m-1790437200,5,4950411,69051795863885854886641472376541795111184720838930339898078661156218053365821,2026-09-26T15:40:00+00:00,2026-09-26T15:45:00+00:00,8.8,0.48,0.49,0.485,0.01,90.0,220.78,99
2026-09-26T15:36:12.340921+00:00,btc-updown-15m-1790436600,15,4950338,36857009298992875749075633476623921507469903677309279204148931408055051817030,2026-09-26T15:30:00+00:00,2026-09-26T15:45:00+00:00,8.8,0.93,0.94,0.935,0.01,336.51,115.0,81
2026-09-26T15:36:12.340921+00:00,btc-updown-15m-1790437500,15,4950418,63024025983115943206059886249137666219616912675972755488380443089164376732842,2026-09-26T15:45:00+00:00,2026-09-26T16:00:00+00:00,23.8,0.48,0.49,0.485,0.01,165.81,210.0,99
2026-09-26T15:37:13.614007+00:00,btc-updown-5m-1790436900,5,4950393,68224841788685045805626248479261273975091731622662914635974701219005342458820,2026-09-26T15:35:00+00:00,2026-09-26T15:40:00+00:00,2.78,0.6,0.61,0.605,0.01,460.58,144.0,98
2026-09-26T15:37:13.614007+00:00,btc-updown-5m-1790437200,5,4950411,69051795863885854886641472376541795111184720838930339898078661156218053365821,2026-09-26T15:40:00+00:00,2026-09-26T15:45:00+00:00,7.78,0.46,0.47,0.465,0.01,5.0,66.76,98
2026-09-26T15:37:13.614007+00:00,btc-updown-15m-1790436600,15,4950338,36857009298992875749075633476623921507469903677309279204148931408055051817030,2026-09-26T15:30:00+00:00,2026-09-26T15:45:00+00:00,7.78,0.9,0.91,0.905,0.01,160.0,117.64,80
2026-09-26T15:37:13.614007+00:00,btc-updown-15m-1790437500,15,4950418,63024025983115943206059886249137666219616912675972755488380443089164376732842,2026-09-26T15:45:00+00:00,2026-09-26T16:00:00+00:00,22.78,0.48,0.49,0.485,0.01,117.73,210.0,99
2026-09-26T15:38:14.824572+00:00,btc-updown-5m-1790436900,5,4950393,68224841788685045805626248479261273975091731622662914635974701219005342458820,2026-09-26T15:35:00+00:00,2026-09-26T15:40:00+00:00,1.77,0.51,0.52,0.515,0.01,1087.37,40.0,99
2026-09-26T15:38:14.824572+00:00,btc-updown-5m-1790437200,5,4950411,69051795863885854886641472376541795111184720838930339898078661156218053365821,2026-09-26T15:40:00+00:00,2026-09-26T15:45:00+00:00,6.77,0.46,0.47,0.465,0.01,21.55,61.76,99
2026-09-26T15:38:14.824572+00:00,btc-updown-15m-1790436600,15,4950338,36857009298992875749075633476623921507469903677309279204148931408055051817030,2026-09-26T15:30:00+00:00,2026-09-26T15:45:00+00:00,6.77,0.94,0.95,0.945,0.01,140.88,70.0,80
2026-09-26T15:38:14.824572+00:00,btc-updown-15m-1790437500,15,4950418,63024025983115943206059886249137666219616912675972755488380443089164376732842,2026-09-26T15:45:00+00:00,2026-09-26T16:00:00+00:00,21.77,0.47,0.48,0.475,0.01,83.82,168.08,99
2026-09-26T15:39:16.047392+00:00,btc-updown-5m-1790436900,5,4950393,68224841788685045805626248479261273975091731622662914635974701219005342458820,2026-09-26T15:35:00+00:00,2026-09-26T15:40:00+00:00,0.73,0.01,0.02,0.015,0.01,2848.32,797.73,99
2026-09-26T15:39:16.047392+00:00,btc-updown-5m-1790437200,5,4950411,69051795863885854886641472376541795111184720838930339898078661156218053365821,2026-09-26T15:40:00+00:00,2026-09-26T15:45:00+00:00,5.73,0.45,0.46,0.455,0.01,15.0,20.0,99
2026-09-26T15:39:16.047392+00:00,btc-updown-15m-1790436600,15,4950338,36857009298992875749075633476623921507469903677309279204148931408055051817030,2026-09-26T15:30:00+00:00,2026-09-26T15:45:00+00:00,5.73,0.93,0.94,0.935,0.01,208.8,152.2,82
2026-09-26T15:39:16.047392+00:00,btc-updown-15m-1790437500,15,4950418,63024025983115943206059886249137666219616912675972755488380443089164376732842,2026-09-26T15:45:00+00:00,2026-09-26T16:00:00+00:00,20.73,0.47,0.48,0.475,0.01,51.91,148.08,99
2026-09-26T15:40:17.255707+00:00,btc-updown-5m-1790437200,5,4950411,69051795863885854886641472376541795111184720838930339898078661156218053365821,2026-09-26T15:40:00+00:00,2026-09-26T15:45:00+00:00,4.72,0.66,0.67,0.665,0.01,276.15,75.47,99
2026-09-26T15:40:17.255707+00:00,btc-updown-5m-1790437500,5,4950429,90856428034035888771749869455975400564743922309354402925907047461686262706592,2026-09-26T15:45:00+00:00,2026-09-26T15:50:00+00:00,9.72,0.49,0.5,0.495,0.01,185.3,374.0,99
2026-09-26T15:40:17.255707+00:00,btc-updown-15m-1790436600,15,4950338,36857009298992875749075633476623921507469903677309279204148931408055051817030,2026-09-26T15:30:00+00:00,2026-09-26T15:45:00+00:00,4.72,0.96,0.97,0.965,0.01,345.34,23.77,81
2026-09-26T15:40:17.255707+00:00,btc-updown-15m-1790437500,15,4950418,63024025983115943206059886249137666219616912675972755488380443089164376732842,2026-09-26T15:45:00+00:00,2026-09-26T16:00:00+00:00,19.72,0.47,0.48,0.475,0.01,17.0,148.08,99
2026-09-26T15:41:18.451754+00:00,btc-updown-5m-1790437200,5,4950411,69051795863885854886641472376541795111184720838930339898078661156218053365821,2026-09-26T15:40:00+00:00,2026-09-26T15:45:00+00:00,3.7,0.22,0.23,0.225,0.01,20.0,160.62,99
2026-09-26T15:41:18.451754+00:00,btc-updown-5m-1790437500,5,4950429,90856428034035888771749869455975400564743922309354402925907047461686262706592,2026-09-26T15:45:00+00:00,2026-09-26T15:50:00+00:00,8.7,0.49,0.5,0.495,0.01,106.36,345.2,99
2026-09-26T15:41:18.451754+00:00,btc-updown-15m-1790436600,15,4950338,36857009298992875749075633476623921507469903677309279204148931408055051817030,2026-09-26T15:30:00+00:00,2026-09-26T15:45:00+00:00,3.7,0.92,0.93,0.925,0.01,354.9,56.27,81
2026-09-26T15:41:18.451754+00:00,btc-updown-15m-1790437500,15,4950418,63024025983115943206059886249137666219616912675972755488380443089164376732842,2026-09-26T15:45:00+00:00,2026-09-26T16:00:00+00:00,18.7,0.47,0.48,0.475,0.01,65.0,68.08,99
2026-09-26T15:42:19.643101+00:00,btc-updown-5m-1790437200,5,4950411,69051795863885854886641472376541795111184720838930339898078661156218053365821,2026-09-26T15:40:00+00:00,2026-09-26T15:45:00+00:00,2.68,0.14,0.15,0.145,0.01,654.81,76.76,99
2026-09-26T15:42:19.643101+00:00,btc-updown-5m-1790437500,5,4950429,90856428034035888771749869455975400564743922309354402925907047461686262706592,2026-09-26T15:45:00+00:00,2026-09-26T15:50:00+00:00,7.68,0.49,0.5,0.495,0.01,106.36,295.26,99
2026-09-26T15:42:19.643101+00:00,btc-updown-15m-1790436600,15,4950338,36857009298992875749075633476623921507469903677309279204148931408055051817030,2026-09-26T15:30:00+00:00,2026-09-26T15:45:00+00:00,2.68,0.95,0.96,0.955,0.01,115.42,1037.91,80
2026-09-26T15:42:19.643101+00:00,btc-updown-15m-1790437500,15,4950418,63024025983115943206059886249137666219616912675972755488380443089164376732842,2026-09-26T15:45:00+00:00,2026-09-26T16:00:00+00:00,17.68,0.47,0.48,0.475,0.01,70.0,68.08,99
2026-09-26T15:43:20.815362+00:00,btc-updown-5m-1790437200,5,4950411,69051795863885854886641472376541795111184720838930339898078661156218053365821,2026-09-26T15:40:00+00:00,2026-09-26T15:45:00+00:00,1.67,0.06,0.07,0.065,0.01,156.57,93.59,99
2026-09-26T15:43:20.815362+00:00,btc-updown-5m-1790437500,5,4950429,90856428034035888771749869455975400564743922309354402925907047461686262706592,2026-09-26T15:45:00+00:00,2026-09-26T15:50:00+00:00,6.67,0.53,0.54,0.535,0.01,11.87,60.0,99
2026-09-26T15:43:20.815362+00:00,btc-updown-15m-1790436600,15,4950338,36857009298992875749075633476623921507469903677309279204148931408055051817030,2026-09-26T15:30:00+00:00,2026-09-26T15:45:00+00:00,1.67,0.97,0.98,0.975,0.01,4727.95,45.0,77
2026-09-26T15:43:20.815362+00:00,btc-updown-15m-1790437500,15,4950418,63024025983115943206059886249137666219616912675972755488380443089164376732842,2026-09-26T15:45:00+00:00,2026-09-26T16:00:00+00:00,16.67,0.47,0.48,0.475,0.01,64.33,15.29,99
2026-09-26T15:44:22.142487+00:00,btc-updown-5m-1790437500,5,4950429,90856428034035888771749869455975400564743922309354402925907047461686262706592,2026-09-26T15:45:00+00:00,2026-09-26T15:50:00+00:00,5.63,0.54,0.55,0.545,0.01,50.0,93.14,99
2026-09-26T15:44:22.142487+00:00,btc-updown-15m-1790437500,15,4950418,63024025983115943206059886249137666219616912675972755488380443089164376732842,2026-09-26T15:45:00+00:00,2026-09-26T16:00:00+00:00,15.63,0.45,0.5,0.475,0.05,29.99,312.78,87
2026-09-26T15:45:23.143892+00:00,btc-updown-5m-1790437500,5,4950429,90856428034035888771749869455975400564743922309354402925907047461686262706592,2026-09-26T15:45:00+00:00,2026-09-26T15:50:00+00:00,4.62,0.6,0.61,0.605,0.01,78.0,137.8,99
2026-09-26T15:45:23.143892+00:00,btc-updown-5m-1790437800,5,4950444,55548984226811771232316271043024975338095729687126852397749262268451203402441,2026-09-26T15:50:00+00:00,2026-09-26T15:55:00+00:00,9.62,0.49,0.5,0.495,0.01,278.19,286.0,99
2026-09-26T15:45:23.143892+00:00,btc-updown-15m-1790437500,15,4950418,63024025983115943206059886249137666219616912675972755488380443089164376732842,2026-09-26T15:45:00+00:00,2026-09-26T16:00:00+00:00,14.62,0.55,0.56,0.555,0.01,500.48,8012.02,98
2026-09-26T15:45:23.143892+00:00,btc-updown-15m-1790438400,15,4950606,112903806236278970700122155007146682503422964633664735035394284394454426218685,2026-09-26T16:00:00+00:00,2026-09-26T16:15:00+00:00,29.62,0.47,0.48,0.475,0.01,243.39,49.27,97
2026-09-26T15:46:25.425639+00:00,btc-updown-5m-1790437500,5,4950429,90856428034035888771749869455975400564743922309354402925907047461686262706592,2026-09-26T15:45:00+00:00,2026-09-26T15:50:00+00:00,3.58,0.28,0.29,0.285,0.01,80.0,173.08,99
2026-09-26T15:46:25.425639+00:00,btc-updown-5m-1790437800,5,4950444,55548984226811771232316271043024975338095729687126852397749262268451203402441,2026-09-26T15:50:00+00:00,2026-09-26T15:55:00+00:00,8.58,0.49,0.5,0.495,0.01,173.13,386.0,99
2026-09-26T15:46:25.425639+00:00,btc-updown-15m-1790437500,15,4950418,63024025983115943206059886249137666219616912675972755488380443089164376732842,2026-09-26T15:45:00+00:00,2026-09-26T16:00:00+00:00,13.58,0.42,0.43,0.425,0.01,5.0,50.66,93
2026-09-26T15:46:25.425639+00:00,btc-updown-15m-1790438400,15,4950606,112903806236278970700122155007146682503422964633664735035394284394454426218685,2026-09-26T16:00:00+00:00,2026-09-26T16:15:00+00:00,28.58,0.47,0.48,0.475,0.01,40.0,149.27,97
2026-09-26T15:47:26.664527+00:00,btc-updown-5m-1790437500,5,4950429,90856428034035888771749869455975400564743922309354402925907047461686262706592,2026-09-26T15:45:00+00:00,2026-09-26T15:50:00+00:00,2.57,0.14,0.15,0.145,0.01,222.3,112.82,99
2026-09-26T15:47:26.664527+00:00,btc-updown-5m-1790437800,5,4950444,55548984226811771232316271043024975338095729687126852397749262268451203402441,2026-09-26T15:50:00+00:00,2026-09-26T15:55:00+00:00,7.57,0.49,0.5,0.495,0.01,169.2,386.0,99
2026-09-26T15:47:26.664527+00:00,btc-updown-15m-1790437500,15,4950418,63024025983115943206059886249137666219616912675972755488380443089164376732842,2026-09-26T15:45:00+00:00,2026-09-26T16:00:00+00:00,12.57,0.41,0.42,0.415,0.01,371.72,8049.88,92
2026-09-26T15:47:26.664527+00:00,btc-updown-15m-1790438400,15,4950606,112903806236278970700122155007146682503422964633664735035394284394454426218685,2026-09-26T16:00:00+00:00,2026-09-26T16:15:00+00:00,27.57,0.47,0.48,0.475,0.01,40.0,99.27,97
2026-09-26T15:48:27.853105+00:00,btc-updown-5m-1790437500,5,4950429,90856428034035888771749869455975400564743922309354402925907047461686262706592,2026-09-26T15:45:00+00:00,2026-09-26T15:50:00+00:00,1.55,0.05,0.06,0.055,0.01,137.37,251.0,99
2026-09-26T15:48:27.853105+00:00,btc-updown-5m-1790437800,5,4950444,55548984226811771232316271043024975338095729687126852397749262268451203402441,2026-09-26T15:50:00+00:00,2026-09-26T15:55:00+00:00,6.55,0.49,0.5,0.495,0.01,169.2,405.8,99
2026-09-26T15:48:27.853105+00:00,btc-updown-15m-1790437500,15,4950418,63024025983115943206059886249137666219616912675972755488380443089164376732842,2026-09-26T15:45:00+00:00,2026-09-26T16:00:00+00:00,11.55,0.4,0.41,0.405,0.01,2082.62,205.0,88
2026-09-26T15:48:27.853105+00:00,btc-updown-15m-1790438400,15,4950606,112903806236278970700122155007146682503422964633664735035394284394454426218685,2026-09-26T16:00:00+00:00,2026-09-26T16:15:00+00:00,26.55,0.47,0.48,0.475,0.01,40.0,74.27,97
2026-09-26T15:49:29.164061+00:00,btc-updown-5m-1790437800,5,4950444,55548984226811771232316271043024975338095729687126852397749262268451203402441,2026-09-26T15:50:00+00:00,2026-09-26T15:55:00+00:00,5.52,0.48,0.49,0.485,0.01,20.0,92.18,98
2026-09-26T15:49:29.164061+00:00,btc-updown-15m-1790437500,15,4950418,63024025983115943206059886249137666219616912675972755488380443089164376732842,2026-09-26T15:45:00+00:00,2026-09-26T16:00:00+00:00,10.52,0.4,0.41,0.405,0.01,177.15,35.08,92
2026-09-26T15:49:29.164061+00:00,btc-updown-15m-1790438400,15,4950606,112903806236278970700122155007146682503422964633664735035394284394454426218685,2026-09-26T16:00:00+00:00,2026-09-26T16:15:00+00:00,25.52,0.47,0.48,0.475,0.01,40.0,74.27,97
2026-09-26T15:50:30.237516+00:00,btc-updown-5m-1790437800,5,4950444,55548984226811771232316271043024975338095729687126852397749262268451203402441,2026-09-26T15:50:00+00:00,2026-09-26T15:55:00+00:00,4.5,0.37,0.38,0.375,0.01,7.71,545.94,99
2026-09-26T15:50:30.237516+00:00,btc-updown-5m-1790438100,5,4950551,44598449551267532844447312005732677886611654374402720833558742116227153807703,2026-09-26T15:55:00+00:00,2026-09-26T16:00:00+00:00,9.5,0.49,0.5,0.495,0.01,296.94,258.0,99
2026-09-26T15:50:30.237516+00:00,btc-updown-15m-1790437500,15,4950418,63024025983115943206059886249137666219616912675972755488380443089164376732842,2026-09-26T15:45:00+00:00,2026-09-26T16:00:00+00:00,9.5,0.26,0.27,0.265,0.01,4.55,5681.81,89
2026-09-26T15:50:30.237516+00:00,btc-updown-15m-1790438400,15,4950606,112903806236278970700122155007146682503422964633664735035394284394454426218685,2026-09-26T16:00:00+00:00,2026-09-26T16:15:00+00:00,24.5,0.47,0.48,0.475,0.01,40.0,54.27,97
2026-09-26T15:51:31.420078+00:00,btc-updown-5m-1790437800,5,4950444,55548984226811771232316271043024975338095729687126852397749262268451203402441,2026-09-26T15:50:00+00:00,2026-09-26T15:55:00+00:00,3.48,0.64,0.65,0.645,0.01,447.79,20.0,99
2026-09-26T15:51:31.420078+00:00,btc-updown-5m-1790438100,5,4950551,44598449551267532844447312005732677886611654374402720833558742116227153807703,2026-09-26T15:55:00+00:00,2026-09-26T16:00:00+00:00,8.48,0.51,0.52,0.515,0.01,25.0,32.0,99
2026-09-26T15:51:31.420078+00:00,btc-updown-15m-1790437500,15,4950418,63024025983115943206059886249137666219616912675972755488380443089164376732842,2026-09-26T15:45:00+00:00,2026-09-26T16:00:00+00:00,8.48,0.4,0.41,0.405,0.01,50.0,3394.66,88
2026-09-26T15:51:31.420078+00:00,btc-updown-15m-1790438400,15,4950606,112903806236278970700122155007146682503422964633664735035394284394454426218685,2026-09-26T16:00:00+00:00,2026-09-26T16:15:00+00:00,23.48,0.47,0.48,0.475,0.01,40.0,29.27,97
2026-09-26T15:52:32.627210+00:00,btc-updown-5m-1790437800,5,4950444,55548984226811771232316271043024975338095729687126852397749262268451203402441,2026-09-26T15:50:00+00:00,2026-09-26T15:55:00+00:00,2.47,0.95,0.96,0.955,0.01,461.4,819.72,99
2026-09-26T15:52:32.627210+00:00,btc-updown-5m-1790438100,5,4950551,44598449551267532844447312005732677886611654374402720833558742116227153807703,2026-09-26T15:55:00+00:00,2026-09-26T16:00:00+00:00,7.47,0.49,0.5,0.495,0.01,214.1,30.0,99
2026-09-26T15:52:32.627210+00:00,btc-updown-15m-1790437500,15,4950418,63024025983115943206059886249137666219616912675972755488380443089164376732842,2026-09-26T15:45:00+00:00,2026-09-26T16:00:00+00:00,7.47,0.67,0.68,0.675,0.01,129.36,1825.0,87
2026-09-26T15:52:32.627210+00:00,btc-updown-15m-1790438400,15,4950606,112903806236278970700122155007146682503422964633664735035394284394454426218685,2026-09-26T16:00:00+00:00,2026-09-26T16:15:00+00:00,22.47,0.47,0.48,0.475,0.01,20.0,29.27,97
2026-09-26T15:53:33.844642+00:00,btc-updown-5m-1790438100,5,4950551,44598449551267532844447312005732677886611654374402720833558742116227153807703,2026-09-26T15:55:00+00:00,2026-09-26T16:00:00+00:00,6.45,0.52,0.53,0.525,0.01,48.02,28.11,98
2026-09-26T15:53:33.844642+00:00,btc-updown-15m-1790437500,15,4950418,63024025983115943206059886249137666219616912675972755488380443089164376732842,2026-09-26T15:45:00+00:00,2026-09-26T16:00:00+00:00,6.45,0.74,0.75,0.745,0.01,295.11,50.0,85
2026-09-26T15:53:33.844642+00:00,btc-updown-15m-1790438400,15,4950606,112903806236278970700122155007146682503422964633664735035394284394454426218685,2026-09-26T16:00:00+00:00,2026-09-26T16:15:00+00:00,21.45,0.46,0.47,0.465,0.01,18.55,184.89,97
2026-09-26T15:54:35.247657+00:00,btc-updown-5m-1790438100,5,4950551,44598449551267532844447312005732677886611654374402720833558742116227153807703,2026-09-26T15:55:00+00:00,2026-09-26T16:00:00+00:00,5.42,0.52,0.53,0.525,0.01,85.0,5.0,99
2026-09-26T15:54:35.247657+00:00,btc-updown-15m-1790437500,15,4950418,63024025983115943206059886249137666219616912675972755488380443089164376732842,2026-09-26T15:45:00+00:00,2026-09-26T16:00:00+00:00,5.42,0.74,0.75,0.745,0.01,412.65,74.69,89
2026-09-26T15:54:35.247657+00:00,btc-updown-15m-1790438400,15,4950606,112903806236278970700122155007146682503422964633664735035394284394454426218685,2026-09-26T16:00:00+00:00,2026-09-26T16:15:00+00:00,20.42,0.46,0.47,0.465,0.01,18.55,184.89,97
2026-09-26T15:55:36.382776+00:00,btc-updown-5m-1790438100,5,4950551,44598449551267532844447312005732677886611654374402720833558742116227153807703,2026-09-26T15:55:00+00:00,2026-09-26T16:00:00+00:00,4.4,0.53,0.54,0.535,0.01,274.42,5.0,99
2026-09-26T15:55:36.382776+00:00,btc-updown-5m-1790438400,5,4950602,42575974434316867955958844462590117413012635255237821804770389156277686812330,2026-09-26T16:00:00+00:00,2026-09-26T16:05:00+00:00,9.4,0.48,0.49,0.485,0.01,87.0,132.0,99
2026-09-26T15:55:36.382776+00:00,btc-updown-15m-1790437500,15,4950418,63024025983115943206059886249137666219616912675972755488380443089164376732842,2026-09-26T15:45:00+00:00,2026-09-26T16:00:00+00:00,4.4,0.76,0.77,0.765,0.01,115.83,291.11,84
2026-09-26T15:55:36.382776+00:00,btc-updown-15m-1790438400,15,4950606,112903806236278970700122155007146682503422964633664735035394284394454426218685,2026-09-26T16:00:00+00:00,2026-09-26T16:15:00+00:00,19.4,0.44,0.45,0.445,0.01,234.09,189.38,97
2026-09-26T15:56:37.560535+00:00,btc-updown-5m-1790438100,5,4950551,44598449551267532844447312005732677886611654374402720833558742116227153807703,2026-09-26T15:55:00+00:00,2026-09-26T16:00:00+00:00,3.38,0.59,0.6,0.595,0.01,160.12,223.53,99
2026-09-26T15:56:37.560535+00:00,btc-updown-5m-1790438400,5,4950602,42575974434316867955958844462590117413012635255237821804770389156277686812330,2026-09-26T16:00:00+00:00,2026-09-26T16:05:00+00:00,8.38,0.48,0.49,0.485,0.01,70.0,137.0,99
2026-09-26T15:56:37.560535+00:00,btc-updown-15m-1790437500,15,4950418,63024025983115943206059886249137666219616912675972755488380443089164376732842,2026-09-26T15:45:00+00:00,2026-09-26T16:00:00+00:00,3.38,0.78,0.79,0.785,0.01,2192.79,335.11,82
2026-09-26T15:56:37.560535+00:00,btc-updown-15m-1790438400,15,4950606,112903806236278970700122155007146682503422964633664735035394284394454426218685,2026-09-26T16:00:00+00:00,2026-09-26T16:15:00+00:00,18.38,0.44,0.45,0.445,0.01,194.8,189.38,97
2026-09-26T15:57:38.725142+00:00,btc-updown-5m-1790438100,5,4950551,44598449551267532844447312005732677886611654374402720833558742116227153807703,2026-09-26T15:55:00+00:00,2026-09-26T16:00:00+00:00,2.37,0.73,0.74,0.735,0.01,46.49,423.77,99
2026-09-26T15:57:38.725142+00:00,btc-updown-5m-1790438400,5,4950602,42575974434316867955958844462590117413012635255237821804770389156277686812330,2026-09-26T16:00:00+00:00,2026-09-26T16:05:00+00:00,7.37,0.48,0.49,0.485,0.01,60.0,121.18,99
2026-09-26T15:57:38.725142+00:00,btc-updown-15m-1790437500,15,4950418,63024025983115943206059886249137666219616912675972755488380443089164376732842,2026-09-26T15:45:00+00:00,2026-09-26T16:00:00+00:00,2.37,0.88,0.89,0.885,0.01,29849.68,227.83,79
2026-09-26T15:57:38.725142+00:00,btc-updown-15m-1790438400,15,4950606,112903806236278970700122155007146682503422964633664735035394284394454426218685,2026-09-26T16:00:00+00:00,2026-09-26T16:15:00+00:00,17.37,0.44,0.45,0.445,0.01,146.76,189.38,97
2026-09-26T15:58:39.931085+00:00,btc-updown-5m-1790438100,5,4950551,44598449551267532844447312005732677886611654374402720833558742116227153807703,2026-09-26T15:55:00+00:00,2026-09-26T16:00:00+00:00,1.35,0.84,0.85,0.845,0.01,281.12,66.75,99
2026-09-26T15:58:39.931085+00:00,btc-updown-5m-1790438400,5,4950602,42575974434316867955958844462590117413012635255237821804770389156277686812330,2026-09-26T16:00:00+00:00,2026-09-26T16:05:00+00:00,6.35,0.48,0.49,0.485,0.01,70.0,116.32,99
2026-09-26T15:58:39.931085+00:00,btc-updown-15m-1790437500,15,4950418,63024025983115943206059886249137666219616912675972755488380443089164376732842,2026-09-26T15:45:00+00:00,2026-09-26T16:00:00+00:00,1.35,0.95,0.96,0.955,0.01,620.16,51.0,47
2026-09-26T15:58:39.931085+00:00,btc-updown-15m-1790438400,15,4950606,112903806236278970700122155007146682503422964633664735035394284394454426218685,2026-09-26T16:00:00+00:00,2026-09-26T16:15:00+00:00,16.35,0.43,0.45,0.44,0.02,64.88,187.15,96
2026-09-26T15:59:41.250914+00:00,btc-updown-5m-1790438400,5,4950602,42575974434316867955958844462590117413012635255237821804770389156277686812330,2026-09-26T16:00:00+00:00,2026-09-26T16:05:00+00:00,5.32,0.49,0.5,0.495,0.01,45.0,165.87,99
2026-09-26T15:59:41.250914+00:00,btc-updown-15m-1790438400,15,4950606,112903806236278970700122155007146682503422964633664735035394284394454426218685,2026-09-26T16:00:00+00:00,2026-09-26T16:15:00+00:00,15.32,0.44,0.45,0.445,0.01,169.99,30.15,89
2026-09-26T16:00:42.197214+00:00,btc-updown-5m-1790438400,5,4950602,42575974434316867955958844462590117413012635255237821804770389156277686812330,2026-09-26T16:00:00+00:00,2026-09-26T16:05:00+00:00,4.3,0.25,0.26,0.255,0.01,129.93,524.04,99
2026-09-26T16:00:42.197214+00:00,btc-updown-5m-1790438700,5,4950631,8640362701568926417152433561390574415359470836515189109027647739799844596857,2026-09-26T16:05:00+00:00,2026-09-26T16:10:00+00:00,9.3,0.49,0.5,0.495,0.01,186.41,312.0,99
2026-09-26T16:00:42.197214+00:00,btc-updown-15m-1790438400,15,4950606,112903806236278970700122155007146682503422964633664735035394284394454426218685,2026-09-26T16:00:00+00:00,2026-09-26T16:15:00+00:00,14.3,0.36,0.37,0.365,0.01,95.0,2857.92,96
2026-09-26T16:00:42.197214+00:00,btc-updown-15m-1790439300,15,4950814,111463769172281479436784898386483559480355285631118918659583074525930527465631,2026-09-26T16:15:00+00:00,2026-09-26T16:30:00+00:00,29.3,0.49,0.5,0.495,0.01,106.02,510.0,99
2026-09-26T16:01:43.429219+00:00,btc-updown-5m-1790438400,5,4950602,42575974434316867955958844462590117413012635255237821804770389156277686812330,2026-09-26T16:00:00+00:00,2026-09-26T16:05:00+00:00,3.28,0.23,0.24,0.235,0.01,32.92,183.01,99
2026-09-26T16:01:43.429219+00:00,btc-updown-5m-1790438700,5,4950631,8640362701568926417152433561390574415359470836515189109027647739799844596857,2026-09-26T16:05:00+00:00,2026-09-26T16:10:00+00:00,8.28,0.49,0.5,0.495,0.01,88.38,386.0,99
2026-09-26T16:01:43.429219+00:00,btc-updown-15m-1790438400,15,4950606,112903806236278970700122155007146682503422964633664735035394284394454426218685,2026-09-26T16:00:00+00:00,2026-09-26T16:15:00+00:00,13.28,0.4,0.41,0.405,0.01,122.06,594.04,87
2026-09-26T16:01:43.429219+00:00,btc-updown-15m-1790439300,15,4950814,111463769172281479436784898386483559480355285631118918659583074525930527465631,2026-09-26T16:15:00+00:00,2026-09-26T16:30:00+00:00,28.28,0.49,0.5,0.495,0.01,75.0,565.0,99
2026-09-26T16:02:44.624070+00:00,btc-updown-5m-1790438400,5,4950602,42575974434316867955958844462590117413012635255237821804770389156277686812330,2026-09-26T16:00:00+00:00,2026-09-26T16:05:00+00:00,2.27,0.06,0.07,0.065,0.01,15.0,356.76,99
2026-09-26T16:02:44.624070+00:00,btc-updown-5m-1790438700,5,4950631,8640362701568926417152433561390574415359470836515189109027647739799844596857,2026-09-26T16:05:00+00:00,2026-09-26T16:10:00+00:00,7.27,0.49,0.5,0.495,0.01,88.38,286.0,99
2026-09-26T16:02:44.624070+00:00,btc-updown-15m-1790438400,15,4950606,112903806236278970700122155007146682503422964633664735035394284394454426218685,2026-09-26T16:00:00+00:00,2026-09-26T16:15:00+00:00,12.27,0.37,0.38,0.375,0.01,106.75,4633.0,86
2026-09-26T16:02:44.624070+00:00,btc-updown-15m-1790439300,15,4950814,111463769172281479436784898386483559480355285631118918659583074525930527465631,2026-09-26T16:15:00+00:00,2026-09-26T16:30:00+00:00,27.27,0.49,0.5,0.495,0.01,75.0,515.0,99
2026-09-26T16:03:45.801212+00:00,btc-updown-5m-1790438400,5,4950602,42575974434316867955958844462590117413012635255237821804770389156277686812330,2026-09-26T16:00:00+00:00,2026-09-26T16:05:00+00:00,1.25,0.05,0.06,0.055,0.01,105.0,380.43,99
2026-09-26T16:03:45.801212+00:00,btc-updown-5m-1790438700,5,4950631,8640362701568926417152433561390574415359470836515189109027647739799844596857,2026-09-26T16:05:00+00:00,2026-09-26T16:10:00+00:00,6.25,0.49,0.5,0.495,0.01,25.19,270.0,99
2026-09-26T16:03:45.801212+00:00,btc-updown-15m-1790438400,15,4950606,112903806236278970700122155007146682503422964633664735035394284394454426218685,2026-09-26T16:00:00+00:00,2026-09-26T16:15:00+00:00,11.25,0.4,0.41,0.405,0.01,313.17,4804.0,89
2026-09-26T16:03:45.801212+00:00,btc-updown-15m-1790439300,15,4950814,111463769172281479436784898386483559480355285631118918659583074525930527465631,2026-09-26T16:15:00+00:00,2026-09-26T16:30:00+00:00,26.25,0.49,0.5,0.495,0.01,75.0,590.0,99
2026-09-26T16:04:47.176699+00:00,btc-updown-5m-1790438700,5,4950631,8640362701568926417152433561390574415359470836515189109027647739799844596857,2026-09-26T16:05:00+00:00,2026-09-26T16:10:00+00:00,5.22,0.48,0.49,0.485,0.01,84.57,24.28,99
2026-09-26T16:04:47.176699+00:00,btc-updown-15m-1790438400,15,4950606,112903806236278970700122155007146682503422964633664735035394284394454426218685,2026-09-26T16:00:00+00:00,2026-09-26T16:15:00+00:00,10.22,0.53,0.54,0.535,0.01,378.16,10554.7,88
2026-09-26T16:04:47.176699+00:00,btc-updown-15m-1790439300,15,4950814,111463769172281479436784898386483559480355285631118918659583074525930527465631,2026-09-26T16:15:00+00:00,2026-09-26T16:30:00+00:00,25.22,0.49,0.5,0.495,0.01,75.0,690.0,99
2026-09-26T16:05:48.252940+00:00,btc-updown-5m-1790438700,5,4950631,8640362701568926417152433561390574415359470836515189109027647739799844596857,2026-09-26T16:05:00+00:00,2026-09-26T16:10:00+00:00,4.2,0.61,0.62,0.615,0.01,631.95,15.0,99
2026-09-26T16:05:48.252940+00:00,btc-updown-5m-1790439000,5,4950708,111511188015110816241586857468610002218233704224361044617987199238909159473202,2026-09-26T16:10:00+00:00,2026-09-26T16:15:00+00:00,9.2,0.49,0.5,0.495,0.01,205.1,280.0,99
2026-09-26T16:05:48.252940+00:00,btc-updown-15m-1790438400,15,4950606,112903806236278970700122155007146682503422964633664735035394284394454426218685,2026-09-26T16:00:00+00:00,2026-09-26T16:15:00+00:00,9.2,0.47,0.48,0.475,0.01,69.58,164.07,92
2026-09-26T16:05:48.252940+00:00,btc-updown-15m-1790439300,15,4950814,111463769172281479436784898386483559480355285631118918659583074525930527465631,2026-09-26T16:15:00+00:00,2026-09-26T16:30:00+00:00,24.2,0.49,0.5,0.495,0.01,75.0,720.0,99
2026-09-26T16:06:49.445663+00:00,btc-updown-5m-1790438700,5,4950631,8640362701568926417152433561390574415359470836515189109027647739799844596857,2026-09-26T16:05:00+00:00,2026-09-26T16:10:00+00:00,3.18,0.66,0.67,0.665,0.01,228.0,432.33,99
2026-09-26T16:06:49.445663+00:00,btc-updown-5m-1790439000,5,4950708,111511188015110816241586857468610002218233704224361044617987199238909159473202,2026-09-26T16:10:00+00:00,2026-09-26T16:15:00+00:00,8.18,0.49,0.5,0.495,0.01,199.2,325.0,99
2026-09-26T16:06:49.445663+00:00,btc-updown-15m-1790438400,15,4950606,112903806236278970700122155007146682503422964633664735035394284394454426218685,2026-09-26T16:00:00+00:00,2026-09-26T16:15:00+00:00,8.18,0.44,0.45,0.445,0.01,133.66,9.02,93
2026-09-26T16:06:49.445663+00:00,btc-updown-15m-1790439300,15,4950814,111463769172281479436784898386483559480355285631118918659583074525930527465631,2026-09-26T16:15:00+00:00,2026-09-26T16:30:00+00:00,23.18,0.49,0.5,0.495,0.01,75.0,710.0,99
2026-09-26T16:07:50.639494+00:00,btc-updown-5m-1790438700,5,4950631,8640362701568926417152433561390574415359470836515189109027647739799844596857,2026-09-26T16:05:00+00:00,2026-09-26T16:10:00+00:00,2.17,0.66,0.67,0.665,0.01,192.66,232.0,99
2026-09-26T16:07:50.639494+00:00,btc-updown-5m-1790439000,5,4950708,111511188015110816241586857468610002218233704224361044617987199238909159473202,2026-09-26T16:10:00+00:00,2026-09-26T16:15:00+00:00,7.17,0.49,0.5,0.495,0.01,179.59,305.0,99
2026-09-26T16:07:50.639494+00:00,btc-updown-15m-1790438400,15,4950606,112903806236278970700122155007146682503422964633664735035394284394454426218685,2026-09-26T16:00:00+00:00,2026-09-26T16:15:00+00:00,7.17,0.42,0.43,0.425,0.01,590.57,8605.51,84
2026-09-26T16:07:50.639494+00:00,btc-updown-15m-1790439300,15,4950814,111463769172281479436784898386483559480355285631118918659583074525930527465631,2026-09-26T16:15:00+00:00,2026-09-26T16:30:00+00:00,22.17,0.49,0.5,0.495,0.01,75.0,760.0,99
2026-09-26T16:08:51.862172+00:00,btc-updown-5m-1790438700,5,4950631,8640362701568926417152433561390574415359470836515189109027647739799844596857,2026-09-26T16:05:00+00:00,2026-09-26T16:10:00+00:00,1.15,0.88,0.89,0.885,0.01,6.72,1099.69,99
2026-09-26T16:08:51.862172+00:00,btc-updown-5m-1790439000,5,4950708,111511188015110816241586857468610002218233704224361044617987199238909159473202,2026-09-26T16:10:00+00:00,2026-09-26T16:15:00+00:00,6.15,0.49,0.5,0.495,0.01,170.7,141.12,99
2026-09-26T16:08:51.862172+00:00,btc-updown-15m-1790438400,15,4950606,112903806236278970700122155007146682503422964633664735035394284394454426218685,2026-09-26T16:00:00+00:00,2026-09-26T16:15:00+00:00,6.15,0.45,0.46,0.455,0.01,81.15,9634.26,87
2026-09-26T16:08:51.862172+00:00,btc-updown-15m-1790439300,15,4950814,111463769172281479436784898386483559480355285631118918659583074525930527465631,2026-09-26T16:15:00+00:00,2026-09-26T16:30:00+00:00,21.15,0.49,0.5,0.495,0.01,35.98,760.0,99
2026-09-26T16:09:53.050712+00:00,btc-updown-5m-1790439000,5,4950708,111511188015110816241586857468610002218233704224361044617987199238909159473202,2026-09-26T16:10:00+00:00,2026-09-26T16:15:00+00:00,5.12,0.49,0.5,0.495,0.01,60.0,10.35,99
2026-09-26T16:09:53.050712+00:00,btc-updown-15m-1790438400,15,4950606,112903806236278970700122155007146682503422964633664735035394284394454426218685,2026-09-26T16:00:00+00:00,2026-09-26T16:15:00+00:00,5.12,0.39,0.4,0.395,0.01,119.67,9383.37,85
2026-09-26T16:09:53.050712+00:00,btc-updown-15m-1790439300,15,4950814,111463769172281479436784898386483559480355285631118918659583074525930527465631,2026-09-26T16:15:00+00:00,2026-09-26T16:30:00+00:00,20.12,0.49,0.5,0.495,0.01,35.98,760.0,99
2026-09-26T16:10:54.166215+00:00,btc-updown-5m-1790439000,5,4950708,111511188015110816241586857468610002218233704224361044617987199238909159473202,2026-09-26T16:10:00+00:00,2026-09-26T16:15:00+00:00,4.1,0.42,0.43,0.425,0.01,60.0,288.92,99
2026-09-26T16:10:54.166215+00:00,btc-updown-5m-1790439300,5,4950813,67146521330344209716674641678047701257289954618391421984563908060789162293844,2026-09-26T16:15:00+00:00,2026-09-26T16:20:00+00:00,9.1,0.49,0.5,0.495,0.01,212.1,384.96,99
2026-09-26T16:10:54.166215+00:00,btc-updown-15m-1790438400,15,4950606,112903806236278970700122155007146682503422964633664735035394284394454426218685,2026-09-26T16:00:00+00:00,2026-09-26T16:15:00+00:00,4.1,0.26,0.27,0.265,0.01,42.58,43.0,86
2026-09-26T16:10:54.166215+00:00,btc-updown-15m-1790439300,15,4950814,111463769172281479436784898386483559480355285631118918659583074525930527465631,2026-09-26T16:15:00+00:00,2026-09-26T16:30:00+00:00,19.1,0.48,0.49,0.485,0.01,81.25,170.0,99
2026-09-26T16:11:55.364125+00:00,btc-updown-5m-1790439000,5,4950708,111511188015110816241586857468610002218233704224361044617987199238909159473202,2026-09-26T16:10:00+00:00,2026-09-26T16:15:00+00:00,3.08,0.18,0.19,0.185,0.01,147.56,686.79,99
2026-09-26T16:11:55.364125+00:00,btc-updown-5m-1790439300,5,4950813,67146521330344209716674641678047701257289954618391421984563908060789162293844,2026-09-26T16:15:00+00:00,2026-09-26T16:20:00+00:00,8.08,0.5,0.51,0.505,0.01,143.0,170.1,99
2026-09-26T16:11:55.364125+00:00,btc-updown-15m-1790438400,15,4950606,112903806236278970700122155007146682503422964633664735035394284394454426218685,2026-09-26T16:00:00+00:00,2026-09-26T16:15:00+00:00,3.08,0.11,0.12,0.115,0.01,38.87,249.52,86
2026-09-26T16:11:55.364125+00:00,btc-updown-15m-1790439300,15,4950814,111463769172281479436784898386483559480355285631118918659583074525930527465631,2026-09-26T16:15:00+00:00,2026-09-26T16:30:00+00:00,18.08,0.48,0.49,0.485,0.01,81.25,119.99,99
2026-09-26T16:12:56.535777+00:00,btc-updown-5m-1790439000,5,4950708,111511188015110816241586857468610002218233704224361044617987199238909159473202,2026-09-26T16:10:00+00:00,2026-09-26T16:15:00+00:00,2.07,0.06,0.07,0.065,0.01,255.1,25.0,99
2026-09-26T16:12:56.535777+00:00,btc-updown-5m-1790439300,5,4950813,67146521330344209716674641678047701257289954618391421984563908060789162293844,2026-09-26T16:15:00+00:00,2026-09-26T16:20:00+00:00,7.07,0.49,0.51,0.5,0.02,35.39,151.2,98
2026-09-26T16:12:56.535777+00:00,btc-updown-15m-1790438400,15,4950606,112903806236278970700122155007146682503422964633664735035394284394454426218685,2026-09-26T16:00:00+00:00,2026-09-26T16:15:00+00:00,2.07,0.05,0.06,0.055,0.01,924.62,196.37,85
2026-09-26T16:12:56.535777+00:00,btc-updown-15m-1790439300,15,4950814,111463769172281479436784898386483559480355285631118918659583074525930527465631,2026-09-26T16:15:00+00:00,2026-09-26T16:30:00+00:00,17.07,0.48,0.49,0.485,0.01,79.32,216.8,99
2026-09-26T16:13:57.706297+00:00,btc-updown-5m-1790439000,5,4950708,111511188015110816241586857468610002218233704224361044617987199238909159473202,2026-09-26T16:10:00+00:00,2026-09-26T16:15:00+00:00,1.05,0.02,0.03,0.025,0.01,368.88,352.47,99
2026-09-26T16:13:57.706297+00:00,btc-updown-5m-1790439300,5,4950813,67146521330344209716674641678047701257289954618391421984563908060789162293844,2026-09-26T16:15:00+00:00,2026-09-26T16:20:00+00:00,6.05,0.51,0.52,0.515,0.01,35.0,47.71,99
2026-09-26T16:13:57.706297+00:00,btc-updown-15m-1790438400,15,4950606,112903806236278970700122155007146682503422964633664735035394284394454426218685,2026-09-26T16:00:00+00:00,2026-09-26T16:15:00+00:00,1.05,0.01,0.02,0.015,0.01,422.37,155.0,53
2026-09-26T16:13:57.706297+00:00,btc-updown-15m-1790439300,15,4950814,111463769172281479436784898386483559480355285631118918659583074525930527465631,2026-09-26T16:15:00+00:00,2026-09-26T16:30:00+00:00,16.05,0.46,0.47,0.465,0.01,220.84,64.81,97
2026-09-26T16:14:58.963884+00:00,btc-updown-5m-1790439300,5,4950813,67146521330344209716674641678047701257289954618391421984563908060789162293844,2026-09-26T16:15:00+00:00,2026-09-26T16:20:00+00:00,5.03,0.49,0.51,0.5,0.02,74.58,10.0,98
2026-09-26T16:14:58.963884+00:00,btc-updown-15m-1790439300,15,4950814,111463769172281479436784898386483559480355285631118918659583074525930527465631,2026-09-26T16:15:00+00:00,2026-09-26T16:30:00+00:00,15.03,0.47,0.48,0.475,0.01,30.0,8.5,87
2026-09-26T16:15:59.929448+00:00,btc-updown-5m-1790439300,5,4950813,67146521330344209716674641678047701257289954618391421984563908060789162293844,2026-09-26T16:15:00+00:00,2026-09-26T16:20:00+00:00,4.02,0.5,0.51,0.505,0.01,404.72,10.0,99
2026-09-26T16:15:59.929448+00:00,btc-updown-5m-1790439600,5,4950837,27025240397367492055673590144756319124352543139565962301077016038144512433605,2026-09-26T16:20:00+00:00,2026-09-26T16:25:00+00:00,9.02,0.49,0.5,0.495,0.01,177.1,365.0,99
2026-09-26T16:15:59.929448+00:00,btc-updown-15m-1790439300,15,4950814,111463769172281479436784898386483559480355285631118918659583074525930527465631,2026-09-26T16:15:00+00:00,2026-09-26T16:30:00+00:00,14.02,0.46,0.47,0.465,0.01,4532.53,279.93,99
2026-09-26T16:15:59.929448+00:00,btc-updown-15m-1790440200,15,4950883,25826784373890889727493013441737382320434103296914003883714494734862246591345,2026-09-26T16:30:00+00:00,2026-09-26T16:45:00+00:00,29.02,0.5,0.51,0.505,0.01,55.3,967.78,93
2026-09-26T16:17:01.235783+00:00,btc-updown-5m-1790439300,5,4950813,67146521330344209716674641678047701257289954618391421984563908060789162293844,2026-09-26T16:15:00+00:00,2026-09-26T16:20:00+00:00,2.98,0.41,0.42,0.415,0.01,482.71,25.7,99
2026-09-26T16:17:01.235783+00:00,btc-updown-5m-1790439600,5,4950837,27025240397367492055673590144756319124352543139565962301077016038144512433605,2026-09-26T16:20:00+00:00,2026-09-26T16:25:00+00:00,7.98,0.49,0.5,0.495,0.01,171.2,390.0,99
2026-09-26T16:17:01.235783+00:00,btc-updown-15m-1790439300,15,4950814,111463769172281479436784898386483559480355285631118918659583074525930527465631,2026-09-26T16:15:00+00:00,2026-09-26T16:30:00+00:00,12.98,0.41,0.42,0.415,0.01,3236.2,963.23,92
2026-09-26T16:17:01.235783+00:00,btc-updown-15m-1790440200,15,4950883,25826784373890889727493013441737382320434103296914003883714494734862246591345,2026-09-26T16:30:00+00:00,2026-09-26T16:45:00+00:00,27.98,0.5,0.51,0.505,0.01,55.3,887.78,95
2026-09-26T16:18:02.419859+00:00,btc-updown-5m-1790439300,5,4950813,67146521330344209716674641678047701257289954618391421984563908060789162293844,2026-09-26T16:15:00+00:00,2026-09-26T16:20:00+00:00,1.97,0.33,0.34,0.335,0.01,586.02,2.05,99
2026-09-26T16:18:02.419859+00:00,btc-updown-5m-1790439600,5,4950837,27025240397367492055673590144756319124352543139565962301077016038144512433605,2026-09-26T16:20:00+00:00,2026-09-26T16:25:00+00:00,6.97,0.49,0.5,0.495,0.01,166.2,230.0,99
2026-09-26T16:18:02.419859+00:00,btc-updown-15m-1790439300,15,4950814,111463769172281479436784898386483559480355285631118918659583074525930527465631,2026-09-26T16:15:00+00:00,2026-09-26T16:30:00+00:00,11.97,0.4,0.41,0.405,0.01,4434.65,286.7,96
2026-09-26T16:18:02.419859+00:00,btc-updown-15m-1790440200,15,4950883,25826784373890889727493013441737382320434103296914003883714494734862246591345,2026-09-26T16:30:00+00:00,2026-09-26T16:45:00+00:00,26.97,0.5,0.51,0.505,0.01,55.3,887.78,95
2026-09-26T16:19:03.603627+00:00,btc-updown-5m-1790439300,5,4950813,67146521330344209716674641678047701257289954618391421984563908060789162293844,2026-09-26T16:15:00+00:00,2026-09-26T16:20:00+00:00,0.95,0.96,0.97,0.965,0.01,200.28,266.48,99
2026-09-26T16:19:03.603627+00:00,btc-updown-5m-1790439600,5,4950837,27025240397367492055673590144756319124352543139565962301077016038144512433605,2026-09-26T16:20:00+00:00,2026-09-26T16:25:00+00:00,5.95,0.5,0.51,0.505,0.01,43.94,47.47,99
2026-09-26T16:19:03.603627+00:00,btc-updown-15m-1790439300,15,4950814,111463769172281479436784898386483559480355285631118918659583074525930527465631,2026-09-26T16:15:00+00:00,2026-09-26T16:30:00+00:00,10.95,0.49,0.5,0.495,0.01,558.8,5.0,91
2026-09-26T16:19:03.603627+00:00,btc-updown-15m-1790440200,15,4950883,25826784373890889727493013441737382320434103296914003883714494734862246591345,2026-09-26T16:30:00+00:00,2026-09-26T16:45:00+00:00,25.95,0.5,0.51,0.505,0.01,55.3,967.78,95
2026-09-26T16:20:04.813680+00:00,btc-updown-5m-1790439600,5,4950837,27025240397367492055673590144756319124352543139565962301077016038144512433605,2026-09-26T16:20:00+00:00,2026-09-26T16:25:00+00:00,4.93,0.28,0.29,0.285,0.01,541.0,541.53,99
2026-09-26T16:20:04.813680+00:00,btc-updown-5m-1790439900,5,4950842,74227243451806183106721252008099882327338851232046303953538211562784960346197,2026-09-26T16:25:00+00:00,2026-09-26T16:30:00+00:00,9.93,0.49,0.5,0.495,0.01,195.94,295.0,99
2026-09-26T16:20:04.813680+00:00,btc-updown-15m-1790439300,15,4950814,111463769172281479436784898386483559480355285631118918659583074525930527465631,2026-09-26T16:15:00+00:00,2026-09-26T16:30:00+00:00,9.93,0.39,0.4,0.395,0.01,80.52,184.11,94
2026-09-26T16:20:04.813680+00:00,btc-updown-15m-1790440200,15,4950883,25826784373890889727493013441737382320434103296914003883714494734862246591345,2026-09-26T16:30:00+00:00,2026-09-26T16:45:00+00:00,24.93,0.5,0.51,0.505,0.01,55.3,1057.78,95
2026-09-26T16:21:06.010405+00:00,btc-updown-5m-1790439600,5,4950837,27025240397367492055673590144756319124352543139565962301077016038144512433605,2026-09-26T16:20:00+00:00,2026-09-26T16:25:00+00:00,3.9,0.11,0.12,0.115,0.01,331.05,13.33,99
2026-09-26T16:21:06.010405+00:00,btc-updown-5m-1790439900,5,4950842,74227243451806183106721252008099882327338851232046303953538211562784960346197,2026-09-26T16:25:00+00:00,2026-09-26T16:30:00+00:00,8.9,0.49,0.5,0.495,0.01,150.1,368.0,99
2026-09-26T16:21:06.010405+00:00,btc-updown-15m-1790439300,15,4950814,111463769172281479436784898386483559480355285631118918659583074525930527465631,2026-09-26T16:15:00+00:00,2026-09-26T16:30:00+00:00,8.9,0.29,0.3,0.295,0.01,95.0,164.15,92
2026-09-26T16:21:06.010405+00:00,btc-updown-15m-1790440200,15,4950883,25826784373890889727493013441737382320434103296914003883714494734862246591345,2026-09-26T16:30:00+00:00,2026-09-26T16:45:00+00:00,23.9,0.5,0.51,0.505,0.01,25.0,1007.78,95
2026-09-26T16:22:07.183766+00:00,btc-updown-5m-1790439600,5,4950837,27025240397367492055673590144756319124352543139565962301077016038144512433605,2026-09-26T16:20:00+00:00,2026-09-26T16:25:00+00:00,2.88,0.11,0.12,0.115,0.01,626.66,145.49,99
2026-09-26T16:22:07.183766+00:00,btc-updown-5m-1790439900,5,4950842,74227243451806183106721252008099882327338851232046303953538211562784960346197,2026-09-26T16:25:00+00:00,2026-09-26T16:30:00+00:00,7.88,0.49,0.5,0.495,0.01,146.17,350.0,99
2026-09-26T16:22:07.183766+00:00,btc-updown-15m-1790439300,15,4950814,111463769172281479436784898386483559480355285631118918659583074525930527465631,2026-09-26T16:15:00+00:00,2026-09-26T16:30:00+00:00,7.88,0.32,0.33,0.325,0.01,50.0,199.73,88
2026-09-26T16:22:07.183766+00:00,btc-updown-15m-1790440200,15,4950883,25826784373890889727493013441737382320434103296914003883714494734862246591345,2026-09-26T16:30:00+00:00,2026-09-26T16:45:00+00:00,22.88,0.5,0.51,0.505,0.01,25.0,852.78,95
2026-09-26T16:23:08.363076+00:00,btc-updown-5m-1790439600,5,4950837,27025240397367492055673590144756319124352543139565962301077016038144512433605,2026-09-26T16:20:00+00:00,2026-09-26T16:25:00+00:00,1.87,0.04,0.05,0.045,0.01,25.0,879.4,99
2026-09-26T16:23:08.363076+00:00,btc-updown-5m-1790439900,5,4950842,74227243451806183106721252008099882327338851232046303953538211562784960346197,2026-09-26T16:25:00+00:00,2026-09-26T16:30:00+00:00,6.87,0.49,0.5,0.495,0.01,38.03,222.6,99
2026-09-26T16:23:08.363076+00:00,btc-updown-15m-1790439300,15,4950814,111463769172281479436784898386483559480355285631118918659583074525930527465631,2026-09-26T16:15:00+00:00,2026-09-26T16:30:00+00:00,6.87,0.3,0.31,0.305,0.01,10.0,291.99,91
2026-09-26T16:23:08.363076+00:00,btc-updown-15m-1790440200,15,4950883,25826784373890889727493013441737382320434103296914003883714494734862246591345,2026-09-26T16:30:00+00:00,2026-09-26T16:45:00+00:00,21.87,0.48,0.49,0.485,0.01,150.06,70.0,95
2026-09-26T16:24:09.542972+00:00,btc-updown-5m-1790439900,5,4950842,74227243451806183106721252008099882327338851232046303953538211562784960346197,2026-09-26T16:25:00+00:00,2026-09-26T16:30:00+00:00,5.85,0.49,0.5,0.495,0.01,80.0,94.82,99
2026-09-26T16:24:09.542972+00:00,btc-updown-15m-1790439300,15,4950814,111463769172281479436784898386483559480355285631118918659583074525930527465631,2026-09-26T16:15:00+00:00,2026-09-26T16:30:00+00:00,5.85,0.27,0.28,0.275,0.01,110.0,138.09,94
2026-09-26T16:24:09.542972+00:00,btc-updown-15m-1790440200,15,4950883,25826784373890889727493013441737382320434103296914003883714494734862246591345,2026-09-26T16:30:00+00:00,2026-09-26T16:45:00+00:00,20.85,0.48,0.49,0.485,0.01,123.33,70.0,95
2026-09-26T16:25:10.653086+00:00,btc-updown-5m-1790439900,5,4950842,74227243451806183106721252008099882327338851232046303953538211562784960346197,2026-09-26T16:25:00+00:00,2026-09-26T16:30:00+00:00,4.83,0.43,0.44,0.435,0.01,80.46,398.75,99
2026-09-26T16:25:10.653086+00:00,btc-updown-5m-1790440200,5,4950878,83591869434148586545589394553258363881687669185760485553861653655866262436870,2026-09-26T16:30:00+00:00,2026-09-26T16:35:00+00:00,9.83,0.5,0.51,0.505,0.01,40.0,409.16,99
2026-09-26T16:25:10.653086+00:00,btc-updown-15m-1790439300,15,4950814,111463769172281479436784898386483559480355285631118918659583074525930527465631,2026-09-26T16:15:00+00:00,2026-09-26T16:30:00+00:00,4.83,0.15,0.16,0.155,0.01,5.0,135.65,89
2026-09-26T16:25:10.653086+00:00,btc-updown-15m-1790440200,15,4950883,25826784373890889727493013441737382320434103296914003883714494734862246591345,2026-09-26T16:30:00+00:00,2026-09-26T16:45:00+00:00,19.83,0.48,0.49,0.485,0.01,133.33,70.0,95
2026-09-26T16:26:11.830387+00:00,btc-updown-5m-1790439900,5,4950842,74227243451806183106721252008099882327338851232046303953538211562784960346197,2026-09-26T16:25:00+00:00,2026-09-26T16:30:00+00:00,3.82,0.41,0.42,0.415,0.01,158.91,193.73,99
2026-09-26T16:26:11.830387+00:00,btc-updown-5m-1790440200,5,4950878,83591869434148586545589394553258363881687669185760485553861653655866262436870,2026-09-26T16:30:00+00:00,2026-09-26T16:35:00+00:00,8.82,0.5,0.51,0.505,0.01,82.0,470.1,99
2026-09-26T16:26:11.830387+00:00,btc-updown-15m-1790439300,15,4950814,111463769172281479436784898386483559480355285631118918659583074525930527465631,2026-09-26T16:15:00+00:00,2026-09-26T16:30:00+00:00,3.82,0.1,0.11,0.105,0.01,2177.9,32.63,88
2026-09-26T16:26:11.830387+00:00,btc-updown-15m-1790440200,15,4950883,25826784373890889727493013441737382320434103296914003883714494734862246591345,2026-09-26T16:30:00+00:00,2026-09-26T16:45:00+00:00,18.82,0.48,0.49,0.485,0.01,133.33,70.0,95
2026-09-26T16:27:12.989910+00:00,btc-updown-5m-1790439900,5,4950842,74227243451806183106721252008099882327338851232046303953538211562784960346197,2026-09-26T16:25:00+00:00,2026-09-26T16:30:00+00:00,2.8,0.39,0.4,0.395,0.01,218.0,134.0,99
2026-09-26T16:27:12.989910+00:00,btc-updown-5m-1790440200,5,4950878,83591869434148586545589394553258363881687669185760485553861653655866262436870,2026-09-26T16:30:00+00:00,2026-09-26T16:35:00+00:00,7.8,0.5,0.51,0.505,0.01,76.0,435.1,99
2026-09-26T16:27:12.989910+00:00,btc-updown-15m-1790439300,15,4950814,111463769172281479436784898386483559480355285631118918659583074525930527465631,2026-09-26T16:15:00+00:00,2026-09-26T16:30:00+00:00,2.8,0.11,0.12,0.115,0.01,20.0,200.72,87
2026-09-26T16:27:12.989910+00:00,btc-updown-15m-1790440200,15,4950883,25826784373890889727493013441737382320434103296914003883714494734862246591345,2026-09-26T16:30:00+00:00,2026-09-26T16:45:00+00:00,17.8,0.48,0.49,0.485,0.01,133.33,120.0,95
2026-09-26T16:28:14.148603+00:00,btc-updown-5m-1790439900,5,4950842,74227243451806183106721252008099882327338851232046303953538211562784960346197,2026-09-26T16:25:00+00:00,2026-09-26T16:30:00+00:00,1.77,0.08,0.09,0.085,0.01,200.0,305.18,99
2026-09-26T16:28:14.148603+00:00,btc-updown-5m-1790440200,5,4950878,83591869434148586545589394553258363881687669185760485553861653655866262436870,2026-09-26T16:30:00+00:00,2026-09-26T16:35:00+00:00,6.77,0.49,0.5,0.495,0.01,18.92,45.0,99
2026-09-26T16:28:14.148603+00:00,btc-updown-15m-1790439300,15,4950814,111463769172281479436784898386483559480355285631118918659583074525930527465631,2026-09-26T16:15:00+00:00,2026-09-26T16:30:00+00:00,1.77,0.02,0.03,0.025,0.01,318.72,47.0,88
2026-09-26T16:28:14.148603+00:00,btc-updown-15m-1790440200,15,4950883,25826784373890889727493013441737382320434103296914003883714494734862246591345,2026-09-26T16:30:00+00:00,2026-09-26T16:45:00+00:00,16.77,0.46,0.47,0.465,0.01,251.0,77.62,95
2026-09-26T16:29:15.361160+00:00,btc-updown-5m-1790439900,5,4950842,74227243451806183106721252008099882327338851232046303953538211562784960346197,2026-09-26T16:25:00+00:00,2026-09-26T16:30:00+00:00,0.75,0.12,0.13,0.125,0.01,25.06,62.09,99
2026-09-26T16:29:15.361160+00:00,btc-updown-5m-1790440200,5,4950878,83591869434148586545589394553258363881687669185760485553861653655866262436870,2026-09-26T16:30:00+00:00,2026-09-26T16:35:00+00:00,5.75,0.5,0.51,0.505,0.01,153.0,214.9,99
2026-09-26T16:29:15.361160+00:00,btc-updown-15m-1790439300,15,4950814,111463769172281479436784898386483559480355285631118918659583074525930527465631,2026-09-26T16:15:00+00:00,2026-09-26T16:30:00+00:00,0.75,0.01,0.02,0.015,0.01,309.14,142.82,55
2026-09-26T16:29:15.361160+00:00,btc-updown-15m-1790440200,15,4950883,25826784373890889727493013441737382320434103296914003883714494734862246591345,2026-09-26T16:30:00+00:00,2026-09-26T16:45:00+00:00,15.75,0.49,0.5,0.495,0.01,159.0,84.0,91
2026-09-26T16:30:16.553393+00:00,btc-updown-5m-1790440200,5,4950878,83591869434148586545589394553258363881687669185760485553861653655866262436870,2026-09-26T16:30:00+00:00,2026-09-26T16:35:00+00:00,4.73,0.59,0.6,0.595,0.01,140.09,262.91,99
2026-09-26T16:30:16.553393+00:00,btc-updown-5m-1790440500,5,4950975,3834078348185646011900048153185912415244163645530373864421844359328930889727,2026-09-26T16:35:00+00:00,2026-09-26T16:40:00+00:00,9.73,0.5,0.51,0.505,0.01,60.0,204.16,99
2026-09-26T16:30:16.553393+00:00,btc-updown-15m-1790440200,15,4950883,25826784373890889727493013441737382320434103296914003883714494734862246591345,2026-09-26T16:30:00+00:00,2026-09-26T16:45:00+00:00,14.73,0.52,0.53,0.525,0.01,256.17,8.0,98
2026-09-26T16:30:16.553393+00:00,btc-updown-15m-1790441100,15,4951257,91322382724586291192926734152079907814213522962434891197797092132785410472758,2026-09-26T16:45:00+00:00,2026-09-26T17:00:00+00:00,29.73,0.5,0.51,0.505,0.01,83.39,231.14,93
2026-09-26T16:31:17.759457+00:00,btc-updown-5m-1790440200,5,4950878,83591869434148586545589394553258363881687669185760485553861653655866262436870,2026-09-26T16:30:00+00:00,2026-09-26T16:35:00+00:00,3.72,0.67,0.68,0.675,0.01,1373.34,17.04,99
2026-09-26T16:31:17.759457+00:00,btc-updown-5m-1790440500,5,4950975,3834078348185646011900048153185912415244163645530373864421844359328930889727,2026-09-26T16:35:00+00:00,2026-09-26T16:40:00+00:00,8.72,0.5,0.51,0.505,0.01,75.0,233.32,99
2026-09-26T16:31:17.759457+00:00,btc-updown-15m-1790440200,15,4950883,25826784373890889727493013441737382320434103296914003883714494734862246591345,2026-09-26T16:30:00+00:00,2026-09-26T16:45:00+00:00,13.72,0.56,0.57,0.565,0.01,20.0,1261.48,94
2026-09-26T16:31:17.759457+00:00,btc-updown-15m-1790441100,15,4951257,91322382724586291192926734152079907814213522962434891197797092132785410472758,2026-09-26T16:45:00+00:00,2026-09-26T17:00:00+00:00,28.72,0.5,0.51,0.505,0.01,83.39,231.14,93
2026-09-26T16:32:18.913536+00:00,btc-updown-5m-1790440200,5,4950878,83591869434148586545589394553258363881687669185760485553861653655866262436870,2026-09-26T16:30:00+00:00,2026-09-26T16:35:00+00:00,2.7,0.95,0.96,0.955,0.01,210.58,15.0,99
2026-09-26T16:32:18.913536+00:00,btc-updown-5m-1790440500,5,4950975,3834078348185646011900048153185912415244163645530373864421844359328930889727,2026-09-26T16:35:00+00:00,2026-09-26T16:40:00+00:00,7.7,0.51,0.52,0.515,0.01,54.0,85.0,99
2026-09-26T16:32:18.913536+00:00,btc-updown-15m-1790440200,15,4950883,25826784373890889727493013441737382320434103296914003883714494734862246591345,2026-09-26T16:30:00+00:00,2026-09-26T16:45:00+00:00,12.7,0.66,0.67,0.665,0.01,148.31,1047.28,96
2026-09-26T16:32:18.913536+00:00,btc-updown-15m-1790441100,15,4951257,91322382724586291192926734152079907814213522962434891197797092132785410472758,2026-09-26T16:45:00+00:00,2026-09-26T17:00:00+00:00,27.7,0.5,0.51,0.505,0.01,83.39,401.14,93
2026-09-26T16:33:20.125018+00:00,btc-updown-5m-1790440500,5,4950975,3834078348185646011900048153185912415244163645530373864421844359328930889727,2026-09-26T16:35:00+00:00,2026-09-26T16:40:00+00:00,6.67,0.51,0.52,0.515,0.01,8.84,85.7,99
2026-09-26T16:33:20.125018+00:00,btc-updown-15m-1790440200,15,4950883,25826784373890889727493013441737382320434103296914003883714494734862246591345,2026-09-26T16:30:00+00:00,2026-09-26T16:45:00+00:00,11.67,0.73,0.74,0.735,0.01,33.0,155.13,92
2026-09-26T16:33:20.125018+00:00,btc-updown-15m-1790441100,15,4951257,91322382724586291192926734152079907814213522962434891197797092132785410472758,2026-09-26T16:45:00+00:00,2026-09-26T17:00:00+00:00,26.67,0.5,0.51,0.505,0.01,83.39,501.14,93
2026-09-26T16:34:21.191100+00:00,btc-updown-5m-1790440500,5,4950975,3834078348185646011900048153185912415244163645530373864421844359328930889727,2026-09-26T16:35:00+00:00,2026-09-26T16:40:00+00:00,5.65,0.53,0.54,0.535,0.01,75.0,50.0,99
2026-09-26T16:34:21.191100+00:00,btc-updown-15m-1790440200,15,4950883,25826784373890889727493013441737382320434103296914003883714494734862246591345,2026-09-26T16:30:00+00:00,2026-09-26T16:45:00+00:00,10.65,0.82,0.83,0.825,0.01,723.86,100.0,91
2026-09-26T16:34:21.191100+00:00,btc-updown-15m-1790441100,15,4951257,91322382724586291192926734152079907814213522962434891197797092132785410472758,2026-09-26T16:45:00+00:00,2026-09-26T17:00:00+00:00,25.65,0.5,0.51,0.505,0.01,83.39,481.14,93
2026-09-26T16:35:22.338242+00:00,btc-updown-5m-1790440500,5,4950975,3834078348185646011900048153185912415244163645530373864421844359328930889727,2026-09-26T16:35:00+00:00,2026-09-26T16:40:00+00:00,4.63,0.27,0.28,0.275,0.01,29.09,282.87,99
2026-09-26T16:35:22.338242+00:00,btc-updown-5m-1790440800,5,4951237,89902302692214428484476444136672602846652214498309657653618424110131307571927,2026-09-26T16:40:00+00:00,2026-09-26T16:45:00+00:00,9.63,0.49,0.5,0.495,0.01,230.94,76.0,99
2026-09-26T16:35:22.338242+00:00,btc-updown-15m-1790440200,15,4950883,25826784373890889727493013441737382320434103296914003883714494734862246591345,2026-09-26T16:30:00+00:00,2026-09-26T16:45:00+00:00,9.63,0.76,0.77,0.765,0.01,20.0,130.71,92
2026-09-26T16:35:22.338242+00:00,btc-updown-15m-1790441100,15,4951257,91322382724586291192926734152079907814213522962434891197797092132785410472758,2026-09-26T16:45:00+00:00,2026-09-26T17:00:00+00:00,24.63,0.5,0.51,0.505,0.01,88.39,511.14,93
2026-09-26T16:36:23.570008+00:00,btc-updown-5m-1790440500,5,4950975,3834078348185646011900048153185912415244163645530373864421844359328930889727,2026-09-26T16:35:00+00:00,2026-09-26T16:40:00+00:00,3.62,0.18,0.19,0.185,0.01,51.0,495.57,99
2026-09-26T16:36:23.570008+00:00,btc-updown-5m-1790440800,5,4951237,89902302692214428484476444136672602846652214498309657653618424110131307571927,2026-09-26T16:40:00+00:00,2026-09-26T16:45:00+00:00,8.62,0.49,0.5,0.495,0.01,160.1,121.0,99
2026-09-26T16:36:23.570008+00:00,btc-updown-15m-1790440200,15,4950883,25826784373890889727493013441737382320434103296914003883714494734862246591345,2026-09-26T16:30:00+00:00,2026-09-26T16:45:00+00:00,8.62,0.76,0.77,0.765,0.01,79.0,172.98,92
2026-09-26T16:36:23.570008+00:00,btc-updown-15m-1790441100,15,4951257,91322382724586291192926734152079907814213522962434891197797092132785410472758,2026-09-26T16:45:00+00:00,2026-09-26T17:00:00+00:00,23.62,0.5,0.51,0.505,0.01,88.39,511.14,91
2026-09-26T16:37:24.735921+00:00,btc-updown-5m-1790440500,5,4950975,3834078348185646011900048153185912415244163645530373864421844359328930889727,2026-09-26T16:35:00+00:00,2026-09-26T16:40:00+00:00,2.6,0.17,0.18,0.175,0.01,653.99,299.27,99
2026-09-26T16:37:24.735921+00:00,btc-updown-5m-1790440800,5,4951237,89902302692214428484476444136672602846652214498309657653618424110131307571927,2026-09-26T16:40:00+00:00,2026-09-26T16:45:00+00:00,7.6,0.49,0.5,0.495,0.01,155.07,126.0,99
2026-09-26T16:37:24.735921+00:00,btc-updown-15m-1790440200,15,4950883,25826784373890889727493013441737382320434103296914003883714494734862246591345,2026-09-26T16:30:00+00:00,2026-09-26T16:45:00+00:00,7.6,0.79,0.8,0.795,0.01,158.0,71.05,91
2026-09-26T16:37:24.735921+00:00,btc-updown-15m-1790441100,15,4951257,91322382724586291192926734152079907814213522962434891197797092132785410472758,2026-09-26T16:45:00+00:00,2026-09-26T17:00:00+00:00,22.6,0.5,0.51,0.505,0.01,88.39,315.06,91
2026-09-26T16:38:25.906213+00:00,btc-updown-5m-1790440500,5,4950975,3834078348185646011900048153185912415244163645530373864421844359328930889727,2026-09-26T16:35:00+00:00,2026-09-26T16:40:00+00:00,1.58,0.17,0.18,0.175,0.01,148.22,156.7,99
2026-09-26T16:38:25.906213+00:00,btc-updown-5m-1790440800,5,4951237,89902302692214428484476444136672602846652214498309657653618424110131307571927,2026-09-26T16:40:00+00:00,2026-09-26T16:45:00+00:00,6.58,0.49,0.5,0.495,0.01,156.12,103.0,99
2026-09-26T16:38:25.906213+00:00,btc-updown-15m-1790440200,15,4950883,25826784373890889727493013441737382320434103296914003883714494734862246591345,2026-09-26T16:30:00+00:00,2026-09-26T16:45:00+00:00,6.58,0.91,0.92,0.915,0.01,263.19,130.29,90
2026-09-26T16:38:25.906213+00:00,btc-updown-15m-1790441100,15,4951257,91322382724586291192926734152079907814213522962434891197797092132785410472758,2026-09-26T16:45:00+00:00,2026-09-26T17:00:00+00:00,21.58,0.49,0.5,0.495,0.01,68.61,240.0,93
2026-09-26T16:39:27.263052+00:00,btc-updown-5m-1790440800,5,4951237,89902302692214428484476444136672602846652214498309657653618424110131307571927,2026-09-26T16:40:00+00:00,2026-09-26T16:45:00+00:00,5.55,0.48,0.49,0.485,0.01,22.17,135.0,99
2026-09-26T16:39:27.263052+00:00,btc-updown-15m-1790440200,15,4950883,25826784373890889727493013441737382320434103296914003883714494734862246591345,2026-09-26T16:30:00+00:00,2026-09-26T16:45:00+00:00,5.55,0.91,0.92,0.915,0.01,1245.92,38.91,90
2026-09-26T16:39:27.263052+00:00,btc-updown-15m-1790441100,15,4951257,91322382724586291192926734152079907814213522962434891197797092132785410472758,2026-09-26T16:45:00+00:00,2026-09-26T17:00:00+00:00,20.55,0.49,0.5,0.495,0.01,75.0,200.0,93
2026-09-26T16:40:28.383848+00:00,btc-updown-5m-1790440800,5,4951237,89902302692214428484476444136672602846652214498309657653618424110131307571927,2026-09-26T16:40:00+00:00,2026-09-26T16:45:00+00:00,4.53,0.49,0.5,0.495,0.01,446.09,60.0,99
2026-09-26T16:40:28.383848+00:00,btc-updown-5m-1790441100,5,4951249,89763676421877904868432618807352582953511319463508052643296903427558523726104,2026-09-26T16:45:00+00:00,2026-09-26T16:50:00+00:00,9.53,0.49,0.5,0.495,0.01,239.76,80.0,99
2026-09-26T16:40:28.383848+00:00,btc-updown-15m-1790440200,15,4950883,25826784373890889727493013441737382320434103296914003883714494734862246591345,2026-09-26T16:30:00+00:00,2026-09-26T16:45:00+00:00,4.53,0.93,0.94,0.935,0.01,128.91,159.99,89
2026-09-26T16:40:28.383848+00:00,btc-updown-15m-1790441100,15,4951257,91322382724586291192926734152079907814213522962434891197797092132785410472758,2026-09-26T16:45:00+00:00,2026-09-26T17:00:00+00:00,19.53,0.49,0.5,0.495,0.01,75.0,200.0,91
2026-09-26T16:41:29.628012+00:00,btc-updown-5m-1790440800,5,4951237,89902302692214428484476444136672602846652214498309657653618424110131307571927,2026-09-26T16:40:00+00:00,2026-09-26T16:45:00+00:00,3.52,0.34,0.35,0.345,0.01,391.22,25.0,99
2026-09-26T16:41:29.628012+00:00,btc-updown-5m-1790441100,5,4951249,89763676421877904868432618807352582953511319463508052643296903427558523726104,2026-09-26T16:45:00+00:00,2026-09-26T16:50:00+00:00,8.52,0.49,0.5,0.495,0.01,170.1,68.0,99
2026-09-26T16:41:29.628012+00:00,btc-updown-15m-1790440200,15,4950883,25826784373890889727493013441737382320434103296914003883714494734862246591345,2026-09-26T16:30:00+00:00,2026-09-26T16:45:00+00:00,3.52,0.93,0.94,0.935,0.01,208.0,140.6,90
2026-09-26T16:41:29.628012+00:00,btc-updown-15m-1790441100,15,4951257,91322382724586291192926734152079907814213522962434891197797092132785410472758,2026-09-26T16:45:00+00:00,2026-09-26T17:00:00+00:00,18.52,0.49,0.5,0.495,0.01,75.0,300.0,91
2026-09-26T16:42:30.781516+00:00,btc-updown-5m-1790440800,5,4951237,89902302692214428484476444136672602846652214498309657653618424110131307571927,2026-09-26T16:40:00+00:00,2026-09-26T16:45:00+00:00,2.5,0.43,0.44,0.435,0.01,45.0,201.07,99
2026-09-26T16:42:30.781516+00:00,btc-updown-5m-1790441100,5,4951249,89763676421877904868432618807352582953511319463508052643296903427558523726104,2026-09-26T16:45:00+00:00,2026-09-26T16:50:00+00:00,7.5,0.49,0.5,0.495,0.01,168.13,68.0,99
2026-09-26T16:42:30.781516+00:00,btc-updown-15m-1790440200,15,4950883,25826784373890889727493013441737382320434103296914003883714494734862246591345,2026-09-26T16:30:00+00:00,2026-09-26T16:45:00+00:00,2.5,0.97,0.98,0.975,0.01,192.98,412.08,91
2026-09-26T16:42:30.781516+00:00,btc-updown-15m-1790441100,15,4951257,91322382724586291192926734152079907814213522962434891197797092132785410472758,2026-09-26T16:45:00+00:00,2026-09-26T17:00:00+00:00,17.5,0.49,0.5,0.495,0.01,75.0,305.0,91
2026-09-26T16:43:31.997893+00:00,btc-updown-5m-1790440800,5,4951237,89902302692214428484476444136672602846652214498309657653618424110131307571927,2026-09-26T16:40:00+00:00,2026-09-26T16:45:00+00:00,1.48,0.37,0.38,0.375,0.01,60.0,326.09,99
2026-09-26T16:43:31.997893+00:00,btc-updown-5m-1790441100,5,4951249,89763676421877904868432618807352582953511319463508052643296903427558523726104,2026-09-26T16:45:00+00:00,2026-09-26T16:50:00+00:00,6.48,0.49,0.5,0.495,0.01,128.91,40.0,99
2026-09-26T16:43:31.997893+00:00,btc-updown-15m-1790441100,15,4951257,91322382724586291192926734152079907814213522962434891197797092132785410472758,2026-09-26T16:45:00+00:00,2026-09-26T17:00:00+00:00,16.48,0.49,0.5,0.495,0.01,20.0,315.0,91
2026-09-26T16:44:33.105225+00:00,btc-updown-5m-1790440800,5,4951237,89902302692214428484476444136672602846652214498309657653618424110131307571927,2026-09-26T16:40:00+00:00,2026-09-26T16:45:00+00:00,0.45,0.06,0.07,0.065,0.01,9.58,44.99,75
2026-09-26T16:44:33.105225+00:00,btc-updown-5m-1790441100,5,4951249,89763676421877904868432618807352582953511319463508052643296903427558523726104,2026-09-26T16:45:00+00:00,2026-09-26T16:50:00+00:00,5.45,0.47,0.48,0.475,0.01,130.0,28.03,99
2026-09-26T16:44:33.105225+00:00,btc-updown-15m-1790441100,15,4951257,91322382724586291192926734152079907814213522962434891197797092132785410472758,2026-09-26T16:45:00+00:00,2026-09-26T17:00:00+00:00,15.45,0.48,0.49,0.485,0.01,95.15,25.88,75
2026-09-26T16:45:34.259909+00:00,btc-updown-5m-1790441100,5,4951249,89763676421877904868432618807352582953511319463508052643296903427558523726104,2026-09-26T16:45:00+00:00,2026-09-26T16:50:00+00:00,4.43,0.26,0.27,0.265,0.01,38.83,422.92,99
2026-09-26T16:45:34.259909+00:00,btc-updown-5m-1790441400,5,4951284,100497268223127968761593338206202643055390354761904144099590320381300171526272,2026-09-26T16:50:00+00:00,2026-09-26T16:55:00+00:00,9.43,0.49,0.5,0.495,0.01,216.02,112.0,99
2026-09-26T16:45:34.259909+00:00,btc-updown-15m-1790441100,15,4951257,91322382724586291192926734152079907814213522962434891197797092132785410472758,2026-09-26T16:45:00+00:00,2026-09-26T17:00:00+00:00,14.43,0.36,0.37,0.365,0.01,3321.03,5.01,96
2026-09-26T16:45:34.259909+00:00,btc-updown-15m-1790442000,15,4951361,94146264676650442939844234605460277967096809798447439189246583260328171031347,2026-09-26T17:00:00+00:00,2026-09-26T17:15:00+00:00,29.43,0.49,0.5,0.495,0.01,136.94,456.34,60
2026-09-26T16:46:35.475225+00:00,btc-updown-5m-1790441100,5,4951249,89763676421877904868432618807352582953511319463508052643296903427558523726104,2026-09-26T16:45:00+00:00,2026-09-26T16:50:00+00:00,3.42,0.22,0.23,0.225,0.01,90.0,919.02,99
2026-09-26T16:46:35.475225+00:00,btc-updown-5m-1790441400,5,4951284,100497268223127968761593338206202643055390354761904144099590320381300171526272,2026-09-26T16:50:00+00:00,2026-09-26T16:55:00+00:00,8.42,0.49,0.5,0.495,0.01,93.91,192.0,99
2026-09-26T16:46:35.475225+00:00,btc-updown-15m-1790441100,15,4951257,91322382724586291192926734152079907814213522962434891197797092132785410472758,2026-09-26T16:45:00+00:00,2026-09-26T17:00:00+00:00,13.42,0.39,0.4,0.395,0.01,181.07,86.01,95
2026-09-26T16:46:35.475225+00:00,btc-updown-15m-1790442000,15,4951361,94146264676650442939844234605460277967096809798447439189246583260328171031347,2026-09-26T17:00:00+00:00,2026-09-26T17:15:00+00:00,28.42,0.49,0.5,0.495,0.01,136.94,631.25,60
2026-09-26T16:47:36.693995+00:00,btc-updown-5m-1790441100,5,4951249,89763676421877904868432618807352582953511319463508052643296903427558523726104,2026-09-26T16:45:00+00:00,2026-09-26T16:50:00+00:00,2.4,0.85,0.86,0.855,0.01,217.09,60.0,99
2026-09-26T16:47:36.693995+00:00,btc-updown-5m-1790441400,5,4951284,100497268223127968761593338206202643055390354761904144099590320381300171526272,2026-09-26T16:50:00+00:00,2026-09-26T16:55:00+00:00,7.4,0.49,0.5,0.495,0.01,88.91,127.0,99
2026-09-26T16:47:36.693995+00:00,btc-updown-15m-1790441100,15,4951257,91322382724586291192926734152079907814213522962434891197797092132785410472758,2026-09-26T16:45:00+00:00,2026-09-26T17:00:00+00:00,12.4,0.56,0.57,0.565,0.01,4433.0,107.67,93
2026-09-26T16:47:36.693995+00:00,btc-updown-15m-1790442000,15,4951361,94146264676650442939844234605460277967096809798447439189246583260328171031347,2026-09-26T17:00:00+00:00,2026-09-26T17:15:00+00:00,27.4,0.49,0.5,0.495,0.01,85.92,621.25,62
2026-09-26T16:48:37.876323+00:00,btc-updown-5m-1790441100,5,4951249,89763676421877904868432618807352582953511319463508052643296903427558523726104,2026-09-26T16:45:00+00:00,2026-09-26T16:50:00+00:00,1.38,0.05,0.06,0.055,0.01,225.0,351.86,99
2026-09-26T16:48:37.876323+00:00,btc-updown-5m-1790441400,5,4951284,100497268223127968761593338206202643055390354761904144099590320381300171526272,2026-09-26T16:50:00+00:00,2026-09-26T16:55:00+00:00,6.38,0.49,0.5,0.495,0.01,0.34,149.0,99
2026-09-26T16:48:37.876323+00:00,btc-updown-15m-1790441100,15,4951257,91322382724586291192926734152079907814213522962434891197797092132785410472758,2026-09-26T16:45:00+00:00,2026-09-26T17:00:00+00:00,11.38,0.33,0.34,0.335,0.01,64.91,229.8,93
2026-09-26T16:48:37.876323+00:00,btc-updown-15m-1790442000,15,4951361,94146264676650442939844234605460277967096809798447439189246583260328171031347,2026-09-26T17:00:00+00:00,2026-09-26T17:15:00+00:00,26.38,0.49,0.5,0.495,0.01,85.92,581.25,61
2026-09-26T16:49:39.282832+00:00,btc-updown-5m-1790441400,5,4951284,100497268223127968761593338206202643055390354761904144099590320381300171526272,2026-09-26T16:50:00+00:00,2026-09-26T16:55:00+00:00,5.35,0.61,0.62,0.615,0.01,100.0,28.11,99
2026-09-26T16:49:39.282832+00:00,btc-updown-15m-1790441100,15,4951257,91322382724586291192926734152079907814213522962434891197797092132785410472758,2026-09-26T16:45:00+00:00,2026-09-26T17:00:00+00:00,10.35,0.4,0.41,0.405,0.01,5894.84,274.68,92
2026-09-26T16:49:39.282832+00:00,btc-updown-15m-1790442000,15,4951361,94146264676650442939844234605460277967096809798447439189246583260328171031347,2026-09-26T17:00:00+00:00,2026-09-26T17:15:00+00:00,25.35,0.49,0.5,0.495,0.01,85.92,506.25,71
2026-09-26T16:50:40.414866+00:00,btc-updown-5m-1790441400,5,4951284,100497268223127968761593338206202643055390354761904144099590320381300171526272,2026-09-26T16:50:00+00:00,2026-09-26T16:55:00+00:00,4.33,0.39,0.4,0.395,0.01,71.74,81.57,99
2026-09-26T16:50:40.414866+00:00,btc-updown-5m-1790441700,5,4951301,56445466391852651586059097238972614516177826831539830036880523223396123645215,2026-09-26T16:55:00+00:00,2026-09-26T17:00:00+00:00,9.33,0.49,0.5,0.495,0.01,150.1,259.0,99
2026-09-26T16:50:40.414866+00:00,btc-updown-15m-1790441100,15,4951257,91322382724586291192926734152079907814213522962434891197797092132785410472758,2026-09-26T16:45:00+00:00,2026-09-26T17:00:00+00:00,9.33,0.29,0.3,0.295,0.01,27.0,293.96,91
2026-09-26T16:50:40.414866+00:00,btc-updown-15m-1790442000,15,4951361,94146264676650442939844234605460277967096809798447439189246583260328171031347,2026-09-26T17:00:00+00:00,2026-09-26T17:15:00+00:00,24.33,0.49,0.5,0.495,0.01,85.92,611.25,73
2026-09-26T16:51:41.605560+00:00,btc-updown-5m-1790441400,5,4951284,100497268223127968761593338206202643055390354761904144099590320381300171526272,2026-09-26T16:50:00+00:00,2026-09-26T16:55:00+00:00,3.32,0.33,0.34,0.335,0.01,1195.16,156.7,99
2026-09-26T16:51:41.605560+00:00,btc-updown-5m-1790441700,5,4951301,56445466391852651586059097238972614516177826831539830036880523223396123645215,2026-09-26T16:55:00+00:00,2026-09-26T17:00:00+00:00,8.32,0.49,0.5,0.495,0.01,155.1,274.0,99
2026-09-26T16:51:41.605560+00:00,btc-updown-15m-1790441100,15,4951257,91322382724586291192926734152079907814213522962434891197797092132785410472758,2026-09-26T16:45:00+00:00,2026-09-26T17:00:00+00:00,8.32,0.26,0.27,0.265,0.01,3716.76,110.0,94
2026-09-26T16:51:41.605560+00:00,btc-updown-15m-1790442000,15,4951361,94146264676650442939844234605460277967096809798447439189246583260328171031347,2026-09-26T17:00:00+00:00,2026-09-26T17:15:00+00:00,23.32,0.49,0.5,0.495,0.01,85.92,611.25,73
2026-09-26T16:52:42.835065+00:00,btc-updown-5m-1790441400,5,4951284,100497268223127968761593338206202643055390354761904144099590320381300171526272,2026-09-26T16:50:00+00:00,2026-09-26T16:55:00+00:00,2.3,0.12,0.13,0.125,0.01,291.01,366.89,99
2026-09-26T16:52:42.835065+00:00,btc-updown-5m-1790441700,5,4951301,56445466391852651586059097238972614516177826831539830036880523223396123645215,2026-09-26T16:55:00+00:00,2026-09-26T17:00:00+00:00,7.3,0.49,0.5,0.495,0.01,37.39,215.0,99
2026-09-26T16:52:42.835065+00:00,btc-updown-15m-1790441100,15,4951257,91322382724586291192926734152079907814213522962434891197797092132785410472758,2026-09-26T16:45:00+00:00,2026-09-26T17:00:00+00:00,7.3,0.21,0.22,0.215,0.01,103.43,245.84,96
2026-09-26T16:52:42.835065+00:00,btc-updown-15m-1790442000,15,4951361,94146264676650442939844234605460277967096809798447439189246583260328171031347,2026-09-26T17:00:00+00:00,2026-09-26T17:15:00+00:00,22.3,0.49,0.5,0.495,0.01,105.92,591.25,73
2026-09-26T16:53:44.057843+00:00,btc-updown-5m-1790441400,5,4951284,100497268223127968761593338206202643055390354761904144099590320381300171526272,2026-09-26T16:50:00+00:00,2026-09-26T16:55:00+00:00,1.27,0.04,0.05,0.045,0.01,569.25,181.29,99
2026-09-26T16:53:44.057843+00:00,btc-updown-5m-1790441700,5,4951301,56445466391852651586059097238972614516177826831539830036880523223396123645215,2026-09-26T16:55:00+00:00,2026-09-26T17:00:00+00:00,6.27,0.55,0.56,0.555,0.01,60.07,85.0,99
2026-09-26T16:53:44.057843+00:00,btc-updown-15m-1790441100,15,4951257,91322382724586291192926734152079907814213522962434891197797092132785410472758,2026-09-26T16:45:00+00:00,2026-09-26T17:00:00+00:00,6.27,0.2,0.21,0.205,0.01,184.87,107.87,93
2026-09-26T16:53:44.057843+00:00,btc-updown-15m-1790442000,15,4951361,94146264676650442939844234605460277967096809798447439189246583260328171031347,2026-09-26T17:00:00+00:00,2026-09-26T17:15:00+00:00,21.27,0.49,0.5,0.495,0.01,27.88,603.36,73
2026-09-26T16:54:45.260640+00:00,btc-updown-5m-1790441700,5,4951301,56445466391852651586059097238972614516177826831539830036880523223396123645215,2026-09-26T16:55:00+00:00,2026-09-26T17:00:00+00:00,5.25,0.49,0.51,0.5,0.02,60.0,20.0,98
2026-09-26T16:54:45.260640+00:00,btc-updown-15m-1790441100,15,4951257,91322382724586291192926734152079907814213522962434891197797092132785410472758,2026-09-26T16:45:00+00:00,2026-09-26T17:00:00+00:00,5.25,0.08,0.09,0.085,0.01,165.0,74.54,88
2026-09-26T16:54:45.260640+00:00,btc-updown-15m-1790442000,15,4951361,94146264676650442939844234605460277967096809798447439189246583260328171031347,2026-09-26T17:00:00+00:00,2026-09-26T17:15:00+00:00,20.25,0.49,0.5,0.495,0.01,27.88,553.36,73
2026-09-26T16:55:46.393549+00:00,btc-updown-5m-1790441700,5,4951301,56445466391852651586059097238972614516177826831539830036880523223396123645215,2026-09-26T16:55:00+00:00,2026-09-26T17:00:00+00:00,4.23,0.54,0.55,0.545,0.01,218.84,736.89,99
2026-09-26T16:55:46.393549+00:00,btc-updown-5m-1790442000,5,4951354,10198760450084020945143223826061305245701555522494352436360897366438245391078,2026-09-26T17:00:00+00:00,2026-09-26T17:05:00+00:00,9.23,0.5,0.51,0.505,0.01,130.0,445.1,99
2026-09-26T16:55:46.393549+00:00,btc-updown-15m-1790441100,15,4951257,91322382724586291192926734152079907814213522962434891197797092132785410472758,2026-09-26T16:45:00+00:00,2026-09-26T17:00:00+00:00,4.23,0.11,0.12,0.115,0.01,145.0,11.74,88
2026-09-26T16:55:46.393549+00:00,btc-updown-15m-1790442000,15,4951361,94146264676650442939844234605460277967096809798447439189246583260328171031347,2026-09-26T17:00:00+00:00,2026-09-26T17:15:00+00:00,19.23,0.46,0.48,0.47,0.02,284.79,45.0,74
2026-09-26T16:56:47.576783+00:00,btc-updown-5m-1790441700,5,4951301,56445466391852651586059097238972614516177826831539830036880523223396123645215,2026-09-26T16:55:00+00:00,2026-09-26T17:00:00+00:00,3.22,0.18,0.19,0.185,0.01,215.52,711.0,99
2026-09-26T16:56:47.576783+00:00,btc-updown-5m-1790442000,5,4951354,10198760450084020945143223826061305245701555522494352436360897366438245391078,2026-09-26T17:00:00+00:00,2026-09-26T17:05:00+00:00,8.22,0.5,0.51,0.505,0.01,135.0,434.2,99
2026-09-26T16:56:47.576783+00:00,btc-updown-15m-1790441100,15,4951257,91322382724586291192926734152079907814213522962434891197797092132785410472758,2026-09-26T16:45:00+00:00,2026-09-26T17:00:00+00:00,3.22,0.02,0.03,0.025,0.01,175.24,83.24,86
2026-09-26T16:56:47.576783+00:00,btc-updown-15m-1790442000,15,4951361,94146264676650442939844234605460277967096809798447439189246583260328171031347,2026-09-26T17:00:00+00:00,2026-09-26T17:15:00+00:00,18.22,0.47,0.48,0.475,0.01,300.0,15.0,76
2026-09-26T16:57:48.762361+00:00,btc-updown-5m-1790441700,5,4951301,56445466391852651586059097238972614516177826831539830036880523223396123645215,2026-09-26T16:55:00+00:00,2026-09-26T17:00:00+00:00,2.2,0.5,0.51,0.505,0.01,35.4,1010.29,99
2026-09-26T16:57:48.762361+00:00,btc-updown-5m-1790442000,5,4951354,10198760450084020945143223826061305245701555522494352436360897366438245391078,2026-09-26T17:00:00+00:00,2026-09-26T17:05:00+00:00,7.2,0.5,0.51,0.505,0.01,130.0,459.2,99
2026-09-26T16:57:48.762361+00:00,btc-updown-15m-1790441100,15,4951257,91322382724586291192926734152079907814213522962434891197797092132785410472758,2026-09-26T16:45:00+00:00,2026-09-26T17:00:00+00:00,2.2,0.04,0.05,0.045,0.01,240.06,133.39,81
2026-09-26T16:57:48.762361+00:00,btc-updown-15m-1790442000,15,4951361,94146264676650442939844234605460277967096809798447439189246583260328171031347,2026-09-26T17:00:00+00:00,2026-09-26T17:15:00+00:00,17.2,0.48,0.49,0.485,0.01,20.0,165.0,76
2026-09-26T16:58:49.980601+00:00,btc-updown-5m-1790441700,5,4951301,56445466391852651586059097238972614516177826831539830036880523223396123645215,2026-09-26T16:55:00+00:00,2026-09-26T17:00:00+00:00,1.18,0.16,0.17,0.165,0.01,289.35,403.59,99
2026-09-26T16:58:49.980601+00:00,btc-updown-5m-1790442000,5,4951354,10198760450084020945143223826061305245701555522494352436360897366438245391078,2026-09-26T17:00:00+00:00,2026-09-26T17:05:00+00:00,6.18,0.5,0.51,0.505,0.01,75.0,479.2,99
2026-09-26T16:58:49.980601+00:00,btc-updown-15m-1790441100,15,4951257,91322382724586291192926734152079907814213522962434891197797092132785410472758,2026-09-26T16:45:00+00:00,2026-09-26T17:00:00+00:00,1.18,0.01,0.011,0.0105,0.001,954.58,6.0,70
2026-09-26T16:58:49.980601+00:00,btc-updown-15m-1790442000,15,4951361,94146264676650442939844234605460277967096809798447439189246583260328171031347,2026-09-26T17:00:00+00:00,2026-09-26T17:15:00+00:00,16.18,0.48,0.49,0.485,0.01,65.14,165.0,76
2026-09-26T16:59:51.300917+00:00,btc-updown-5m-1790442000,5,4951354,10198760450084020945143223826061305245701555522494352436360897366438245391078,2026-09-26T17:00:00+00:00,2026-09-26T17:05:00+00:00,5.15,0.49,0.5,0.495,0.01,64.6,49.9,99
2026-09-26T16:59:51.300917+00:00,btc-updown-15m-1790442000,15,4951361,94146264676650442939844234605460277967096809798447439189246583260328171031347,2026-09-26T17:00:00+00:00,2026-09-26T17:15:00+00:00,15.15,0.48,0.49,0.485,0.01,63.23,120.0,64
2026-09-26T17:00:52.278944+00:00,btc-updown-5m-1790442000,5,4951354,10198760450084020945143223826061305245701555522494352436360897366438245391078,2026-09-26T17:00:00+00:00,2026-09-26T17:05:00+00:00,4.13,0.4,0.41,0.405,0.01,124.07,96.86,99
2026-09-26T17:00:52.278944+00:00,btc-updown-5m-1790442300,5,4951375,55314732087140619555102818520138954306919867663584571430374604143004862400545,2026-09-26T17:05:00+00:00,2026-09-26T17:10:00+00:00,9.13,0.5,0.51,0.505,0.01,60.0,419.13,99
2026-09-26T17:00:52.278944+00:00,btc-updown-15m-1790442000,15,4951361,94146264676650442939844234605460277967096809798447439189246583260328171031347,2026-09-26T17:00:00+00:00,2026-09-26T17:15:00+00:00,14.13,0.46,0.47,0.465,0.01,50.0,185.0,92
2026-09-26T17:00:52.278944+00:00,btc-updown-15m-1790442900,15,4951590,80837592774262346511421576993929319397139716930727238089637788462216919665453,2026-09-26T17:15:00+00:00,2026-09-26T17:30:00+00:00,29.13,0.5,0.51,0.505,0.01,70.3,185.92,88
2026-09-26T17:01:53.564361+00:00,btc-updown-5m-1790442000,5,4951354,10198760450084020945143223826061305245701555522494352436360897366438245391078,2026-09-26T17:00:00+00:00,2026-09-26T17:05:00+00:00,3.12,0.75,0.76,0.755,0.01,681.93,147.63,99
2026-09-26T17:01:53.564361+00:00,btc-updown-5m-1790442300,5,4951375,55314732087140619555102818520138954306919867663584571430374604143004862400545,2026-09-26T17:05:00+00:00,2026-09-26T17:10:00+00:00,8.12,0.5,0.51,0.505,0.01,65.0,241.77,99
2026-09-26T17:01:53.564361+00:00,btc-updown-15m-1790442000,15,4951361,94146264676650442939844234605460277967096809798447439189246583260328171031347,2026-09-26T17:00:00+00:00,2026-09-26T17:15:00+00:00,13.12,0.5,0.51,0.505,0.01,11920.0,75.83,93
2026-09-26T17:01:53.564361+00:00,btc-updown-15m-1790442900,15,4951590,80837592774262346511421576993929319397139716930727238089637788462216919665453,2026-09-26T17:15:00+00:00,2026-09-26T17:30:00+00:00,28.12,0.5,0.51,0.505,0.01,50.3,387.55,88
2026-09-26T17:02:54.814605+00:00,btc-updown-5m-1790442000,5,4951354,10198760450084020945143223826061305245701555522494352436360897366438245391078,2026-09-26T17:00:00+00:00,2026-09-26T17:05:00+00:00,2.1,0.85,0.86,0.855,0.01,298.38,120.0,99
2026-09-26T17:02:54.814605+00:00,btc-updown-5m-1790442300,5,4951375,55314732087140619555102818520138954306919867663584571430374604143004862400545,2026-09-26T17:05:00+00:00,2026-09-26T17:10:00+00:00,7.1,0.5,0.51,0.505,0.01,59.0,144.15,99
2026-09-26T17:02:54.814605+00:00,btc-updown-15m-1790442000,15,4951361,94146264676650442939844234605460277967096809798447439189246583260328171031347,2026-09-26T17:00:00+00:00,2026-09-26T17:15:00+00:00,12.1,0.49,0.5,0.495,0.01,9198.77,40.32,93
2026-09-26T17:02:54.814605+00:00,btc-updown-15m-1790442900,15,4951590,80837592774262346511421576993929319397139716930727238089637788462216919665453,2026-09-26T17:15:00+00:00,2026-09-26T17:30:00+00:00,27.1,0.5,0.51,0.505,0.01,50.3,337.55,89
2026-09-26T17:03:55.993109+00:00,btc-updown-5m-1790442000,5,4951354,10198760450084020945143223826061305245701555522494352436360897366438245391078,2026-09-26T17:00:00+00:00,2026-09-26T17:05:00+00:00,1.08,0.01,0.02,0.015,0.01,2231.73,701.75,99
2026-09-26T17:03:55.993109+00:00,btc-updown-5m-1790442300,5,4951375,55314732087140619555102818520138954306919867663584571430374604143004862400545,2026-09-26T17:05:00+00:00,2026-09-26T17:10:00+00:00,6.08,0.5,0.51,0.505,0.01,59.0,189.15,99
2026-09-26T17:03:55.993109+00:00,btc-updown-15m-1790442000,15,4951361,94146264676650442939844234605460277967096809798447439189246583260328171031347,2026-09-26T17:00:00+00:00,2026-09-26T17:15:00+00:00,11.08,0.28,0.29,0.285,0.01,193.0,190.0,87
2026-09-26T17:03:55.993109+00:00,btc-updown-15m-1790442900,15,4951590,80837592774262346511421576993929319397139716930727238089637788462216919665453,2026-09-26T17:15:00+00:00,2026-09-26T17:30:00+00:00,26.08,0.5,0.51,0.505,0.01,70.3,367.55,88
2026-09-26T17:04:57.195599+00:00,btc-updown-5m-1790442300,5,4951375,55314732087140619555102818520138954306919867663584571430374604143004862400545,2026-09-26T17:05:00+00:00,2026-09-26T17:10:00+00:00,5.05,0.53,0.54,0.535,0.01,160.32,20.05,99
2026-09-26T17:04:57.195599+00:00,btc-updown-15m-1790442000,15,4951361,94146264676650442939844234605460277967096809798447439189246583260328171031347,2026-09-26T17:00:00+00:00,2026-09-26T17:15:00+00:00,10.05,0.33,0.34,0.335,0.01,20.0,449.48,85
2026-09-26T17:04:57.195599+00:00,btc-updown-15m-1790442900,15,4951590,80837592774262346511421576993929319397139716930727238089637788462216919665453,2026-09-26T17:15:00+00:00,2026-09-26T17:30:00+00:00,25.05,0.5,0.51,0.505,0.01,100.3,167.55,88
2026-09-26T17:05:58.272238+00:00,btc-updown-5m-1790442300,5,4951375,55314732087140619555102818520138954306919867663584571430374604143004862400545,2026-09-26T17:05:00+00:00,2026-09-26T17:10:00+00:00,4.03,0.43,0.44,0.435,0.01,220.94,20.0,99
2026-09-26T17:05:58.272238+00:00,btc-updown-5m-1790442600,5,4951398,82450679187732684694375803871261850316906643125190222631815368514972969663019,2026-09-26T17:10:00+00:00,2026-09-26T17:15:00+00:00,9.03,0.5,0.51,0.505,0.01,140.0,240.35,99
2026-09-26T17:05:58.272238+00:00,btc-updown-15m-1790442000,15,4951361,94146264676650442939844234605460277967096809798447439189246583260328171031347,2026-09-26T17:00:00+00:00,2026-09-26T17:15:00+00:00,9.03,0.26,0.27,0.265,0.01,150.26,1075.12,90
2026-09-26T17:05:58.272238+00:00,btc-updown-15m-1790442900,15,4951590,80837592774262346511421576993929319397139716930727238089637788462216919665453,2026-09-26T17:15:00+00:00,2026-09-26T17:30:00+00:00,24.03,0.5,0.51,0.505,0.01,100.3,167.55,88
2026-09-26T17:06:59.442734+00:00,btc-updown-5m-1790442300,5,4951375,55314732087140619555102818520138954306919867663584571430374604143004862400545,2026-09-26T17:05:00+00:00,2026-09-26T17:10:00+00:00,3.02,0.32,0.33,0.325,0.01,197.39,67.22,99
2026-09-26T17:06:59.442734+00:00,btc-updown-5m-1790442600,5,4951398,82450679187732684694375803871261850316906643125190222631815368514972969663019,2026-09-26T17:10:00+00:00,2026-09-26T17:15:00+00:00,8.02,0.5,0.51,0.505,0.01,145.0,227.69,99
2026-09-26T17:06:59.442734+00:00,btc-updown-15m-1790442000,15,4951361,94146264676650442939844234605460277967096809798447439189246583260328171031347,2026-09-26T17:00:00+00:00,2026-09-26T17:15:00+00:00,8.02,0.22,0.23,0.225,0.01,15.0,222.4,89
2026-09-26T17:06:59.442734+00:00,btc-updown-15m-1790442900,15,4951590,80837592774262346511421576993929319397139716930727238089637788462216919665453,2026-09-26T17:15:00+00:00,2026-09-26T17:30:00+00:00,23.02,0.5,0.51,0.505,0.01,100.3,167.55,88
2026-09-26T17:08:00.618511+00:00,btc-updown-5m-1790442300,5,4951375,55314732087140619555102818520138954306919867663584571430374604143004862400545,2026-09-26T17:05:00+00:00,2026-09-26T17:10:00+00:00,2.0,0.18,0.19,0.185,0.01,12.09,155.0,99
2026-09-26T17:08:00.618511+00:00,btc-updown-5m-1790442600,5,4951398,82450679187732684694375803871261850316906643125190222631815368514972969663019,2026-09-26T17:10:00+00:00,2026-09-26T17:15:00+00:00,7.0,0.5,0.51,0.505,0.01,65.0,199.41,99
2026-09-26T17:08:00.618511+00:00,btc-updown-15m-1790442000,15,4951361,94146264676650442939844234605460277967096809798447439189246583260328171031347,2026-09-26T17:00:00+00:00,2026-09-26T17:15:00+00:00,7.0,0.11,0.12,0.115,0.01,881.0,101.0,84
2026-09-26T17:08:00.618511+00:00,btc-updown-15m-1790442900,15,4951590,80837592774262346511421576993929319397139716930727238089637788462216919665453,2026-09-26T17:15:00+00:00,2026-09-26T17:30:00+00:00,22.0,0.49,0.5,0.495,0.01,211.02,879.7,88
2026-09-26T17:09:01.823677+00:00,btc-updown-5m-1790442300,5,4951375,55314732087140619555102818520138954306919867663584571430374604143004862400545,2026-09-26T17:05:00+00:00,2026-09-26T17:10:00+00:00,0.98,0.14,0.15,0.145,0.01,137.85,40.0,82
2026-09-26T17:09:01.823677+00:00,btc-updown-5m-1790442600,5,4951398,82450679187732684694375803871261850316906643125190222631815368514972969663019,2026-09-26T17:10:00+00:00,2026-09-26T17:15:00+00:00,5.98,0.5,0.51,0.505,0.01,25.0,39.03,99
2026-09-26T17:09:01.823677+00:00,btc-updown-15m-1790442000,15,4951361,94146264676650442939844234605460277967096809798447439189246583260328171031347,2026-09-26T17:00:00+00:00,2026-09-26T17:15:00+00:00,5.98,0.19,0.2,0.195,0.01,40.0,141.04,88
2026-09-26T17:09:01.823677+00:00,btc-updown-15m-1790442900,15,4951590,80837592774262346511421576993929319397139716930727238089637788462216919665453,2026-09-26T17:15:00+00:00,2026-09-26T17:30:00+00:00,20.98,0.48,0.49,0.485,0.01,121.91,55.24,88
2026-09-26T17:10:03.052697+00:00,btc-updown-5m-1790442600,5,4951398,82450679187732684694375803871261850316906643125190222631815368514972969663019,2026-09-26T17:10:00+00:00,2026-09-26T17:15:00+00:00,4.95,0.44,0.45,0.445,0.01,32.55,775.4,99
2026-09-26T17:10:03.052697+00:00,btc-updown-5m-1790442900,5,4951584,67944485465613903701443936951155328002683564472310662647342963196274643992906,2026-09-26T17:15:00+00:00,2026-09-26T17:20:00+00:00,9.95,0.5,0.54,0.52,0.04,135.0,102.81,96
2026-09-26T17:10:03.052697+00:00,btc-updown-15m-1790442000,15,4951361,94146264676650442939844234605460277967096809798447439189246583260328171031347,2026-09-26T17:00:00+00:00,2026-09-26T17:15:00+00:00,4.95,0.08,0.1,0.09,0.02,4669.0,178.2,89
2026-09-26T17:10:03.052697+00:00,btc-updown-15m-1790442900,15,4951590,80837592774262346511421576993929319397139716930727238089637788462216919665453,2026-09-26T17:15:00+00:00,2026-09-26T17:30:00+00:00,19.95,0.47,0.48,0.475,0.01,210.69,183.95,88
2026-09-26T17:11:04.241525+00:00,btc-updown-5m-1790442600,5,4951398,82450679187732684694375803871261850316906643125190222631815368514972969663019,2026-09-26T17:10:00+00:00,2026-09-26T17:15:00+00:00,3.93,0.25,0.26,0.255,0.01,45.0,763.36,99
2026-09-26T17:11:04.241525+00:00,btc-updown-5m-1790442900,5,4951584,67944485465613903701443936951155328002683564472310662647342963196274643992906,2026-09-26T17:15:00+00:00,2026-09-26T17:20:00+00:00,8.93,0.52,0.53,0.525,0.01,52.18,100.0,99
2026-09-26T17:11:04.241525+00:00,btc-updown-15m-1790442000,15,4951361,94146264676650442939844234605460277967096809798447439189246583260328171031347,2026-09-26T17:00:00+00:00,2026-09-26T17:15:00+00:00,3.93,0.04,0.05,0.045,0.01,103.97,1140.2,88
2026-09-26T17:11:04.241525+00:00,btc-updown-15m-1790442900,15,4951590,80837592774262346511421576993929319397139716930727238089637788462216919665453,2026-09-26T17:15:00+00:00,2026-09-26T17:30:00+00:00,18.93,0.44,0.45,0.445,0.01,147.9,267.11,91
2026-09-26T17:12:05.446268+00:00,btc-updown-5m-1790442600,5,4951398,82450679187732684694375803871261850316906643125190222631815368514972969663019,2026-09-26T17:10:00+00:00,2026-09-26T17:15:00+00:00,2.92,0.34,0.35,0.345,0.01,17.41,465.77,99
2026-09-26T17:12:05.446268+00:00,btc-updown-5m-1790442900,5,4951584,67944485465613903701443936951155328002683564472310662647342963196274643992906,2026-09-26T17:15:00+00:00,2026-09-26T17:20:00+00:00,7.92,0.52,0.53,0.525,0.01,52.18,96.22,99
2026-09-26T17:12:05.446268+00:00,btc-updown-15m-1790442000,15,4951361,94146264676650442939844234605460277967096809798447439189246583260328171031347,2026-09-26T17:00:00+00:00,2026-09-26T17:15:00+00:00,2.92,0.03,0.04,0.035,0.01,198.99,25.0,84
2026-09-26T17:12:05.446268+00:00,btc-updown-15m-1790442900,15,4951590,80837592774262346511421576993929319397139716930727238089637788462216919665453,2026-09-26T17:15:00+00:00,2026-09-26T17:30:00+00:00,17.92,0.44,0.45,0.445,0.01,237.02,253.77,91
2026-09-26T17:13:06.672417+00:00,btc-updown-5m-1790442600,5,4951398,82450679187732684694375803871261850316906643125190222631815368514972969663019,2026-09-26T17:10:00+00:00,2026-09-26T17:15:00+00:00,1.9,0.44,0.45,0.445,0.01,100.0,255.44,99
2026-09-26T17:13:06.672417+00:00,btc-updown-5m-1790442900,5,4951584,67944485465613903701443936951155328002683564472310662647342963196274643992906,2026-09-26T17:15:00+00:00,2026-09-26T17:20:00+00:00,6.9,0.53,0.54,0.535,0.01,20.0,35.0,99
2026-09-26T17:13:06.672417+00:00,btc-updown-15m-1790442000,15,4951361,94146264676650442939844234605460277967096809798447439189246583260328171031347,2026-09-26T17:00:00+00:00,2026-09-26T17:15:00+00:00,1.9,0.031,0.04,0.0355,0.009,200.0,60.46,98
2026-09-26T17:13:06.672417+00:00,btc-updown-15m-1790442900,15,4951590,80837592774262346511421576993929319397139716930727238089637788462216919665453,2026-09-26T17:15:00+00:00,2026-09-26T17:30:00+00:00,16.9,0.44,0.45,0.445,0.01,193.02,203.95,91
2026-09-26T17:14:07.854066+00:00,btc-updown-5m-1790442600,5,4951398,82450679187732684694375803871261850316906643125190222631815368514972969663019,2026-09-26T17:10:00+00:00,2026-09-26T17:15:00+00:00,0.88,0.79,0.8,0.795,0.01,912.92,975.8,99
2026-09-26T17:14:07.854066+00:00,btc-updown-5m-1790442900,5,4951584,67944485465613903701443936951155328002683564472310662647342963196274643992906,2026-09-26T17:15:00+00:00,2026-09-26T17:20:00+00:00,5.88,0.52,0.53,0.525,0.01,104.86,25.0,99
2026-09-26T17:14:07.854066+00:00,btc-updown-15m-1790442000,15,4951361,94146264676650442939844234605460277967096809798447439189246583260328171031347,2026-09-26T17:00:00+00:00,2026-09-26T17:15:00+00:00,0.88,0.001,0.006,0.0035,0.005,15.0,5.0,44
2026-09-26T17:14:07.854066+00:00,btc-updown-15m-1790442900,15,4951590,80837592774262346511421576993929319397139716930727238089637788462216919665453,2026-09-26T17:15:00+00:00,2026-09-26T17:30:00+00:00,15.88,0.44,0.45,0.445,0.01,125.91,208.51,81
2026-09-26T17:15:09.091178+00:00,btc-updown-5m-1790442900,5,4951584,67944485465613903701443936951155328002683564472310662647342963196274643992906,2026-09-26T17:15:00+00:00,2026-09-26T17:20:00+00:00,4.85,0.25,0.26,0.255,0.01,31.36,734.0,99
2026-09-26T17:15:09.091178+00:00,btc-updown-5m-1790443200,5,4951858,106393126389076602019284677629317860550950714252886981157986688745968689723832,2026-09-26T17:20:00+00:00,2026-09-26T17:25:00+00:00,9.85,0.52,0.53,0.525,0.01,48.33,70.0,99
2026-09-26T17:15:09.091178+00:00,btc-updown-15m-1790442900,15,4951590,80837592774262346511421576993929319397139716930727238089637788462216919665453,2026-09-26T17:15:00+00:00,2026-09-26T17:30:00+00:00,14.85,0.34,0.35,0.345,0.01,96.73,179.22,94
2026-09-26T17:15:09.091178+00:00,btc-updown-15m-1790443800,15,4952172,92935718247882580383279305666087350328204881390346834012671641552805834879362,2026-09-26T17:30:00+00:00,2026-09-26T17:45:00+00:00,29.85,0.5,0.51,0.505,0.01,200.03,136.94,85
2026-09-26T17:16:10.295073+00:00,btc-updown-5m-1790442900,5,4951584,67944485465613903701443936951155328002683564472310662647342963196274643992906,2026-09-26T17:15:00+00:00,2026-09-26T17:20:00+00:00,3.83,0.16,0.17,0.165,0.01,247.61,150.0,99
2026-09-26T17:16:10.295073+00:00,btc-updown-5m-1790443200,5,4951858,106393126389076602019284677629317860550950714252886981157986688745968689723832,2026-09-26T17:20:00+00:00,2026-09-26T17:25:00+00:00,8.83,0.52,0.53,0.525,0.01,48.33,160.0,99
2026-09-26T17:16:10.295073+00:00,btc-updown-15m-1790442900,15,4951590,80837592774262346511421576993929319397139716930727238089637788462216919665453,2026-09-26T17:15:00+00:00,2026-09-26T17:30:00+00:00,13.83,0.34,0.35,0.345,0.01,239.49,62.24,94
2026-09-26T17:16:10.295073+00:00,btc-updown-15m-1790443800,15,4952172,92935718247882580383279305666087350328204881390346834012671641552805834879362,2026-09-26T17:30:00+00:00,2026-09-26T17:45:00+00:00,28.83,0.5,0.51,0.505,0.01,200.03,166.94,85
2026-09-26T17:17:11.455482+00:00,btc-updown-5m-1790442900,5,4951584,67944485465613903701443936951155328002683564472310662647342963196274643992906,2026-09-26T17:15:00+00:00,2026-09-26T17:20:00+00:00,2.82,0.05,0.06,0.055,0.01,431.93,55.64,99
2026-09-26T17:17:11.455482+00:00,btc-updown-5m-1790443200,5,4951858,106393126389076602019284677629317860550950714252886981157986688745968689723832,2026-09-26T17:20:00+00:00,2026-09-26T17:25:00+00:00,7.82,0.52,0.53,0.525,0.01,35.82,100.0,99
2026-09-26T17:17:11.455482+00:00,btc-updown-15m-1790442900,15,4951590,80837592774262346511421576993929319397139716930727238089637788462216919665453,2026-09-26T17:15:00+00:00,2026-09-26T17:30:00+00:00,12.82,0.27,0.28,0.275,0.01,327.92,261.69,93
2026-09-26T17:17:11.455482+00:00,btc-updown-15m-1790443800,15,4952172,92935718247882580383279305666087350328204881390346834012671641552805834879362,2026-09-26T17:30:00+00:00,2026-09-26T17:45:00+00:00,27.82,0.5,0.51,0.505,0.01,240.03,116.94,87
2026-09-26T17:18:12.718009+00:00,btc-updown-5m-1790442900,5,4951584,67944485465613903701443936951155328002683564472310662647342963196274643992906,2026-09-26T17:15:00+00:00,2026-09-26T17:20:00+00:00,1.8,0.09,0.1,0.095,0.01,113.08,700.67,99
2026-09-26T17:18:12.718009+00:00,btc-updown-5m-1790443200,5,4951858,106393126389076602019284677629317860550950714252886981157986688745968689723832,2026-09-26T17:20:00+00:00,2026-09-26T17:25:00+00:00,6.8,0.51,0.52,0.515,0.01,26.21,54.22,99
2026-09-26T17:18:12.718009+00:00,btc-updown-15m-1790442900,15,4951590,80837592774262346511421576993929319397139716930727238089637788462216919665453,2026-09-26T17:15:00+00:00,2026-09-26T17:30:00+00:00,11.8,0.36,0.37,0.365,0.01,216.05,270.59,91
2026-09-26T17:18:12.718009+00:00,btc-updown-15m-1790443800,15,4952172,92935718247882580383279305666087350328204881390346834012671641552805834879362,2026-09-26T17:30:00+00:00,2026-09-26T17:45:00+00:00,26.8,0.5,0.51,0.505,0.01,240.03,116.94,87
2026-09-26T17:19:13.927170+00:00,btc-updown-5m-1790443200,5,4951858,106393126389076602019284677629317860550950714252886981157986688745968689723832,2026-09-26T17:20:00+00:00,2026-09-26T17:25:00+00:00,5.78,0.49,0.5,0.495,0.01,43.82,134.86,99
2026-09-26T17:19:13.927170+00:00,btc-updown-15m-1790442900,15,4951590,80837592774262346511421576993929319397139716930727238089637788462216919665453,2026-09-26T17:15:00+00:00,2026-09-26T17:30:00+00:00,10.78,0.19,0.2,0.195,0.01,354.35,155.0,94
2026-09-26T17:19:13.927170+00:00,btc-updown-15m-1790443800,15,4952172,92935718247882580383279305666087350328204881390346834012671641552805834879362,2026-09-26T17:30:00+00:00,2026-09-26T17:45:00+00:00,25.78,0.5,0.51,0.505,0.01,225.03,116.94,87
2026-09-26T17:20:15.050561+00:00,btc-updown-5m-1790443200,5,4951858,106393126389076602019284677629317860550950714252886981157986688745968689723832,2026-09-26T17:20:00+00:00,2026-09-26T17:25:00+00:00,4.75,0.7,0.71,0.705,0.01,45.0,784.12,99
2026-09-26T17:20:15.050561+00:00,btc-updown-5m-1790443500,5,4952124,19373590726420029769795219398291275573260070227538313558938318527936539728467,2026-09-26T17:25:00+00:00,2026-09-26T17:30:00+00:00,9.75,0.51,0.53,0.52,0.02,50.0,70.0,98
2026-09-26T17:20:15.050561+00:00,btc-updown-15m-1790442900,15,4951590,80837592774262346511421576993929319397139716930727238089637788462216919665453,2026-09-26T17:15:00+00:00,2026-09-26T17:30:00+00:00,9.75,0.32,0.33,0.325,0.01,2784.84,109.82,93
2026-09-26T17:20:15.050561+00:00,btc-updown-15m-1790443800,15,4952172,92935718247882580383279305666087350328204881390346834012671641552805834879362,2026-09-26T17:30:00+00:00,2026-09-26T17:45:00+00:00,24.75,0.5,0.51,0.505,0.01,230.03,266.94,87
2026-09-26T17:21:16.230517+00:00,btc-updown-5m-1790443200,5,4951858,106393126389076602019284677629317860550950714252886981157986688745968689723832,2026-09-26T17:20:00+00:00,2026-09-26T17:25:00+00:00,3.73,0.74,0.75,0.745,0.01,382.39,206.82,99
2026-09-26T17:21:16.230517+00:00,btc-updown-5m-1790443500,5,4952124,19373590726420029769795219398291275573260070227538313558938318527936539728467,2026-09-26T17:25:00+00:00,2026-09-26T17:30:00+00:00,8.73,0.52,0.53,0.525,0.01,25.0,150.0,99
2026-09-26T17:21:16.230517+00:00,btc-updown-15m-1790442900,15,4951590,80837592774262346511421576993929319397139716930727238089637788462216919665453,2026-09-26T17:15:00+00:00,2026-09-26T17:30:00+00:00,8.73,0.35,0.36,0.355,0.01,140.86,733.87,93
2026-09-26T17:21:16.230517+00:00,btc-updown-15m-1790443800,15,4952172,92935718247882580383279305666087350328204881390346834012671641552805834879362,2026-09-26T17:30:00+00:00,2026-09-26T17:45:00+00:00,23.73,0.5,0.51,0.505,0.01,230.03,266.94,85
2026-09-26T17:22:17.414710+00:00,btc-updown-5m-1790443200,5,4951858,106393126389076602019284677629317860550950714252886981157986688745968689723832,2026-09-26T17:20:00+00:00,2026-09-26T17:25:00+00:00,2.72,0.68,0.69,0.685,0.01,156.75,207.45,99
2026-09-26T17:22:17.414710+00:00,btc-updown-5m-1790443500,5,4952124,19373590726420029769795219398291275573260070227538313558938318527936539728467,2026-09-26T17:25:00+00:00,2026-09-26T17:30:00+00:00,7.72,0.52,0.53,0.525,0.01,25.0,75.0,99
2026-09-26T17:22:17.414710+00:00,btc-updown-15m-1790442900,15,4951590,80837592774262346511421576993929319397139716930727238089637788462216919665453,2026-09-26T17:15:00+00:00,2026-09-26T17:30:00+00:00,7.72,0.26,0.27,0.265,0.01,3228.02,63.15,91
2026-09-26T17:22:17.414710+00:00,btc-updown-15m-1790443800,15,4952172,92935718247882580383279305666087350328204881390346834012671641552805834879362,2026-09-26T17:30:00+00:00,2026-09-26T17:45:00+00:00,22.72,0.5,0.51,0.505,0.01,230.03,116.94,85
2026-09-26T17:23:18.624167+00:00,btc-updown-5m-1790443200,5,4951858,106393126389076602019284677629317860550950714252886981157986688745968689723832,2026-09-26T17:20:00+00:00,2026-09-26T17:25:00+00:00,1.7,0.93,0.94,0.935,0.01,464.32,84.93,99
2026-09-26T17:23:18.624167+00:00,btc-updown-5m-1790443500,5,4952124,19373590726420029769795219398291275573260070227538313558938318527936539728467,2026-09-26T17:25:00+00:00,2026-09-26T17:30:00+00:00,6.7,0.52,0.53,0.525,0.01,45.0,65.0,99
2026-09-26T17:23:18.624167+00:00,btc-updown-15m-1790442900,15,4951590,80837592774262346511421576993929319397139716930727238089637788462216919665453,2026-09-26T17:15:00+00:00,2026-09-26T17:30:00+00:00,6.7,0.37,0.38,0.375,0.01,58.95,107.89,92
2026-09-26T17:23:18.624167+00:00,btc-updown-15m-1790443800,15,4952172,92935718247882580383279305666087350328204881390346834012671641552805834879362,2026-09-26T17:30:00+00:00,2026-09-26T17:45:00+00:00,21.7,0.5,0.51,0.505,0.01,200.03,116.94,87
2026-09-26T17:24:19.790436+00:00,btc-updown-5m-1790443500,5,4952124,19373590726420029769795219398291275573260070227538313558938318527936539728467,2026-09-26T17:25:00+00:00,2026-09-26T17:30:00+00:00,5.68,0.52,0.53,0.525,0.01,0.11,98.32,99
2026-09-26T17:24:19.790436+00:00,btc-updown-15m-1790442900,15,4951590,80837592774262346511421576993929319397139716930727238089637788462216919665453,2026-09-26T17:15:00+00:00,2026-09-26T17:30:00+00:00,5.68,0.3,0.31,0.305,0.01,263.0,146.84,93
2026-09-26T17:24:19.790436+00:00,btc-updown-15m-1790443800,15,4952172,92935718247882580383279305666087350328204881390346834012671641552805834879362,2026-09-26T17:30:00+00:00,2026-09-26T17:45:00+00:00,20.68,0.5,0.51,0.505,0.01,230.03,116.94,87
2026-09-26T17:25:20.893776+00:00,btc-updown-5m-1790443500,5,4952124,19373590726420029769795219398291275573260070227538313558938318527936539728467,2026-09-26T17:25:00+00:00,2026-09-26T17:30:00+00:00,4.67,0.46,0.47,0.465,0.01,862.9,255.73,99
2026-09-26T17:25:20.893776+00:00,btc-updown-5m-1790443800,5,4952179,2715027077774672351792923410168973558407074673816828585616437433666578250485,2026-09-26T17:30:00+00:00,2026-09-26T17:35:00+00:00,9.67,0.5,0.51,0.505,0.01,255.0,147.58,99
2026-09-26T17:25:20.893776+00:00,btc-updown-15m-1790442900,15,4951590,80837592774262346511421576993929319397139716930727238089637788462216919665453,2026-09-26T17:15:00+00:00,2026-09-26T17:30:00+00:00,4.67,0.2,0.21,0.205,0.01,75.0,27.42,90
2026-09-26T17:25:20.893776+00:00,btc-updown-15m-1790443800,15,4952172,92935718247882580383279305666087350328204881390346834012671641552805834879362,2026-09-26T17:30:00+00:00,2026-09-26T17:45:00+00:00,19.67,0.5,0.51,0.505,0.01,230.03,116.94,85
2026-09-26T17:26:22.097903+00:00,btc-updown-5m-1790443500,5,4952124,19373590726420029769795219398291275573260070227538313558938318527936539728467,2026-09-26T17:25:00+00:00,2026-09-26T17:30:00+00:00,3.63,0.55,0.56,0.555,0.01,10.0,469.25,99
2026-09-26T17:26:22.097903+00:00,btc-updown-5m-1790443800,5,4952179,2715027077774672351792923410168973558407074673816828585616437433666578250485,2026-09-26T17:30:00+00:00,2026-09-26T17:35:00+00:00,8.63,0.5,0.51,0.505,0.01,275.0,118.21,99
2026-09-26T17:26:22.097903+00:00,btc-updown-15m-1790442900,15,4951590,80837592774262346511421576993929319397139716930727238089637788462216919665453,2026-09-26T17:15:00+00:00,2026-09-26T17:30:00+00:00,3.63,0.21,0.22,0.215,0.01,47.73,227.98,92
2026-09-26T17:26:22.097903+00:00,btc-updown-15m-1790443800,15,4952172,92935718247882580383279305666087350328204881390346834012671641552805834879362,2026-09-26T17:30:00+00:00,2026-09-26T17:45:00+00:00,18.63,0.5,0.51,0.505,0.01,210.03,116.94,87
2026-09-26T17:27:23.301065+00:00,btc-updown-5m-1790443500,5,4952124,19373590726420029769795219398291275573260070227538313558938318527936539728467,2026-09-26T17:25:00+00:00,2026-09-26T17:30:00+00:00,2.62,0.57,0.58,0.575,0.01,55.08,997.43,99
2026-09-26T17:27:23.301065+00:00,btc-updown-5m-1790443800,5,4952179,2715027077774672351792923410168973558407074673816828585616437433666578250485,2026-09-26T17:30:00+00:00,2026-09-26T17:35:00+00:00,7.62,0.5,0.51,0.505,0.01,265.0,228.21,99
2026-09-26T17:27:23.301065+00:00,btc-updown-15m-1790442900,15,4951590,80837592774262346511421576993929319397139716930727238089637788462216919665453,2026-09-26T17:15:00+00:00,2026-09-26T17:30:00+00:00,2.62,0.15,0.16,0.155,0.01,160.0,72.14,90
2026-09-26T17:27:23.301065+00:00,btc-updown-15m-1790443800,15,4952172,92935718247882580383279305666087350328204881390346834012671641552805834879362,2026-09-26T17:30:00+00:00,2026-09-26T17:45:00+00:00,17.62,0.5,0.51,0.505,0.01,235.03,116.94,87
2026-09-26T17:28:24.499395+00:00,btc-updown-5m-1790443500,5,4952124,19373590726420029769795219398291275573260070227538313558938318527936539728467,2026-09-26T17:25:00+00:00,2026-09-26T17:30:00+00:00,1.6,0.6,0.61,0.605,0.01,113.33,347.09,99
2026-09-26T17:28:24.499395+00:00,btc-updown-5m-1790443800,5,4952179,2715027077774672351792923410168973558407074673816828585616437433666578250485,2026-09-26T17:30:00+00:00,2026-09-26T17:35:00+00:00,6.6,0.5,0.51,0.505,0.01,285.0,113.99,99
2026-09-26T17:28:24.499395+00:00,btc-updown-15m-1790442900,15,4951590,80837592774262346511421576993929319397139716930727238089637788462216919665453,2026-09-26T17:15:00+00:00,2026-09-26T17:30:00+00:00,1.6,0.04,0.05,0.045,0.01,305.0,903.31,89
2026-09-26T17:28:24.499395+00:00,btc-updown-15m-1790443800,15,4952172,92935718247882580383279305666087350328204881390346834012671641552805834879362,2026-09-26T17:30:00+00:00,2026-09-26T17:45:00+00:00,16.6,0.5,0.52,0.51,0.02,240.12,206.03,86
2026-09-26T17:29:25.660502+00:00,btc-updown-5m-1790443800,5,4952179,2715027077774672351792923410168973558407074673816828585616437433666578250485,2026-09-26T17:30:00+00:00,2026-09-26T17:35:00+00:00,5.58,0.5,0.51,0.505,0.01,207.61,85.05,99
2026-09-26T17:29:25.660502+00:00,btc-updown-15m-1790443800,15,4952172,92935718247882580383279305666087350328204881390346834012671641552805834879362,2026-09-26T17:30:00+00:00,2026-09-26T17:45:00+00:00,15.58,0.51,0.52,0.515,0.01,31.59,59.0,81
2026-09-26T17:30:26.688802+00:00,btc-updown-5m-1790443800,5,4952179,2715027077774672351792923410168973558407074673816828585616437433666578250485,2026-09-26T17:30:00+00:00,2026-09-26T17:35:00+00:00,4.57,0.74,0.75,0.745,0.01,238.31,67.76,98
2026-09-26T17:30:26.688802+00:00,btc-updown-5m-1790444100,5,4952253,14813970429529353736203454937724634130869404185702376565498331635180349670202,2026-09-26T17:35:00+00:00,2026-09-26T17:40:00+00:00,9.57,0.5,0.51,0.505,0.01,363.0,194.3,99
2026-09-26T17:30:26.688802+00:00,btc-updown-15m-1790443800,15,4952172,92935718247882580383279305666087350328204881390346834012671641552805834879362,2026-09-26T17:30:00+00:00,2026-09-26T17:45:00+00:00,14.57,0.63,0.64,0.635,0.01,110.0,188.02,95
2026-09-26T17:30:26.688802+00:00,btc-updown-15m-1790444700,15,4952616,12050278947165331165485080863098151728802832988813398379407294265264593567386,2026-09-26T17:45:00+00:00,2026-09-26T18:00:00+00:00,29.57,0.5,0.51,0.505,0.01,60.2,1124.38,89
2026-09-26T17:31:27.876507+00:00,btc-updown-5m-1790443800,5,4952179,2715027077774672351792923410168973558407074673816828585616437433666578250485,2026-09-26T17:30:00+00:00,2026-09-26T17:35:00+00:00,3.55,0.38,0.39,0.385,0.01,516.55,20.0,99
2026-09-26T17:31:27.876507+00:00,btc-updown-5m-1790444100,5,4952253,14813970429529353736203454937724634130869404185702376565498331635180349670202,2026-09-26T17:35:00+00:00,2026-09-26T17:40:00+00:00,8.55,0.5,0.51,0.505,0.01,320.1,143.13,99
2026-09-26T17:31:27.876507+00:00,btc-updown-15m-1790443800,15,4952172,92935718247882580383279305666087350328204881390346834012671641552805834879362,2026-09-26T17:30:00+00:00,2026-09-26T17:45:00+00:00,13.55,0.45,0.46,0.455,0.01,2629.2,46.0,95
2026-09-26T17:31:27.876507+00:00,btc-updown-15m-1790444700,15,4952616,12050278947165331165485080863098151728802832988813398379407294265264593567386,2026-09-26T17:45:00+00:00,2026-09-26T18:00:00+00:00,28.55,0.5,0.51,0.505,0.01,60.2,1124.38,89
2026-09-26T17:32:29.124350+00:00,btc-updown-5m-1790443800,5,4952179,2715027077774672351792923410168973558407074673816828585616437433666578250485,2026-09-26T17:30:00+00:00,2026-09-26T17:35:00+00:00,2.52,0.31,0.32,0.315,0.01,304.97,85.0,99
2026-09-26T17:32:29.124350+00:00,btc-updown-5m-1790444100,5,4952253,14813970429529353736203454937724634130869404185702376565498331635180349670202,2026-09-26T17:35:00+00:00,2026-09-26T17:40:00+00:00,7.52,0.5,0.51,0.505,0.01,320.1,113.71,99
2026-09-26T17:32:29.124350+00:00,btc-updown-15m-1790443800,15,4952172,92935718247882580383279305666087350328204881390346834012671641552805834879362,2026-09-26T17:30:00+00:00,2026-09-26T17:45:00+00:00,12.52,0.49,0.5,0.495,0.01,118.25,270.68,96
2026-09-26T17:32:29.124350+00:00,btc-updown-15m-1790444700,15,4952616,12050278947165331165485080863098151728802832988813398379407294265264593567386,2026-09-26T17:45:00+00:00,2026-09-26T18:00:00+00:00,27.52,0.5,0.51,0.505,0.01,60.2,1124.38,91
2026-09-26T17:33:30.322382+00:00,btc-updown-5m-1790443800,5,4952179,2715027077774672351792923410168973558407074673816828585616437433666578250485,2026-09-26T17:30:00+00:00,2026-09-26T17:35:00+00:00,1.5,0.3,0.31,0.305,0.01,473.03,626.0,99
2026-09-26T17:33:30.322382+00:00,btc-updown-5m-1790444100,5,4952253,14813970429529353736203454937724634130869404185702376565498331635180349670202,2026-09-26T17:35:00+00:00,2026-09-26T17:40:00+00:00,6.5,0.5,0.51,0.505,0.01,298.0,114.1,99
2026-09-26T17:33:30.322382+00:00,btc-updown-15m-1790443800,15,4952172,92935718247882580383279305666087350328204881390346834012671641552805834879362,2026-09-26T17:30:00+00:00,2026-09-26T17:45:00+00:00,11.5,0.49,0.5,0.495,0.01,4269.47,38.0,92
2026-09-26T17:33:30.322382+00:00,btc-updown-15m-1790444700,15,4952616,12050278947165331165485080863098151728802832988813398379407294265264593567386,2026-09-26T17:45:00+00:00,2026-09-26T18:00:00+00:00,26.5,0.5,0.51,0.505,0.01,140.2,1124.38,91
2026-09-26T17:34:31.494894+00:00,btc-updown-5m-1790444100,5,4952253,14813970429529353736203454937724634130869404185702376565498331635180349670202,2026-09-26T17:35:00+00:00,2026-09-26T17:40:00+00:00,5.48,0.51,0.52,0.515,0.01,3.87,161.16,99
2026-09-26T17:34:31.494894+00:00,btc-updown-15m-1790443800,15,4952172,92935718247882580383279305666087350328204881390346834012671641552805834879362,2026-09-26T17:30:00+00:00,2026-09-26T17:45:00+00:00,10.48,0.5,0.51,0.505,0.01,50.0,80.0,93
2026-09-26T17:34:31.494894+00:00,btc-updown-15m-1790444700,15,4952616,12050278947165331165485080863098151728802832988813398379407294265264593567386,2026-09-26T17:45:00+00:00,2026-09-26T18:00:00+00:00,25.48,0.5,0.51,0.505,0.01,140.2,1124.38,91
2026-09-26T17:35:32.647682+00:00,btc-updown-5m-1790444100,5,4952253,14813970429529353736203454937724634130869404185702376565498331635180349670202,2026-09-26T17:35:00+00:00,2026-09-26T17:40:00+00:00,4.47,0.49,0.5,0.495,0.01,88.0,277.95,99
2026-09-26T17:35:32.647682+00:00,btc-updown-5m-1790444400,5,4952579,70998479121126727041398998623639979414640357136007769111418581673804396417725,2026-09-26T17:40:00+00:00,2026-09-26T17:45:00+00:00,9.47,0.52,0.53,0.525,0.01,32.5,75.0,99
2026-09-26T17:35:32.647682+00:00,btc-updown-15m-1790443800,15,4952172,92935718247882580383279305666087350328204881390346834012671641552805834879362,2026-09-26T17:30:00+00:00,2026-09-26T17:45:00+00:00,9.47,0.55,0.56,0.555,0.01,72.77,83.11,93
2026-09-26T17:35:32.647682+00:00,btc-updown-15m-1790444700,15,4952616,12050278947165331165485080863098151728802832988813398379407294265264593567386,2026-09-26T17:45:00+00:00,2026-09-26T18:00:00+00:00,24.47,0.5,0.51,0.505,0.01,275.2,1124.38,91
2026-09-26T17:36:33.841469+00:00,btc-updown-5m-1790444100,5,4952253,14813970429529353736203454937724634130869404185702376565498331635180349670202,2026-09-26T17:35:00+00:00,2026-09-26T17:40:00+00:00,3.45,0.71,0.72,0.715,0.01,1267.47,67.42,99
2026-09-26T17:36:33.841469+00:00,btc-updown-5m-1790444400,5,4952579,70998479121126727041398998623639979414640357136007769111418581673804396417725,2026-09-26T17:40:00+00:00,2026-09-26T17:45:00+00:00,8.45,0.52,0.53,0.525,0.01,37.5,135.0,99
2026-09-26T17:36:33.841469+00:00,btc-updown-15m-1790443800,15,4952172,92935718247882580383279305666087350328204881390346834012671641552805834879362,2026-09-26T17:30:00+00:00,2026-09-26T17:45:00+00:00,8.45,0.57,0.58,0.575,0.01,60.0,10.0,91
2026-09-26T17:36:33.841469+00:00,btc-updown-15m-1790444700,15,4952616,12050278947165331165485080863098151728802832988813398379407294265264593567386,2026-09-26T17:45:00+00:00,2026-09-26T18:00:00+00:00,23.45,0.5,0.51,0.505,0.01,410.2,1124.38,91
2026-09-26T17:37:35.039775+00:00,btc-updown-5m-1790444100,5,4952253,14813970429529353736203454937724634130869404185702376565498331635180349670202,2026-09-26T17:35:00+00:00,2026-09-26T17:40:00+00:00,2.42,0.93,0.94,0.935,0.01,550.26,132.54,99
2026-09-26T17:37:35.039775+00:00,btc-updown-5m-1790444400,5,4952579,70998479121126727041398998623639979414640357136007769111418581673804396417725,2026-09-26T17:40:00+00:00,2026-09-26T17:45:00+00:00,7.42,0.51,0.52,0.515,0.01,25.0,69.13,99
2026-09-26T17:37:35.039775+00:00,btc-updown-15m-1790443800,15,4952172,92935718247882580383279305666087350328204881390346834012671641552805834879362,2026-09-26T17:30:00+00:00,2026-09-26T17:45:00+00:00,7.42,0.68,0.69,0.685,0.01,166.0,100.0,89
2026-09-26T17:37:35.039775+00:00,btc-updown-15m-1790444700,15,4952616,12050278947165331165485080863098151728802832988813398379407294265264593567386,2026-09-26T17:45:00+00:00,2026-09-26T18:00:00+00:00,22.42,0.5,0.51,0.505,0.01,210.2,1265.13,91
2026-09-26T17:38:36.237893+00:00,btc-updown-5m-1790444100,5,4952253,14813970429529353736203454937724634130869404185702376565498331635180349670202,2026-09-26T17:35:00+00:00,2026-09-26T17:40:00+00:00,1.4,0.98,0.99,0.985,0.01,121.56,6739.52,99
2026-09-26T17:38:36.237893+00:00,btc-updown-5m-1790444400,5,4952579,70998479121126727041398998623639979414640357136007769111418581673804396417725,2026-09-26T17:40:00+00:00,2026-09-26T17:45:00+00:00,6.4,0.5,0.52,0.51,0.02,262.08,25.0,98
2026-09-26T17:38:36.237893+00:00,btc-updown-15m-1790443800,15,4952172,92935718247882580383279305666087350328204881390346834012671641552805834879362,2026-09-26T17:30:00+00:00,2026-09-26T17:45:00+00:00,6.4,0.7,0.71,0.705,0.01,175.29,1779.91,91
2026-09-26T17:38:36.237893+00:00,btc-updown-15m-1790444700,15,4952616,12050278947165331165485080863098151728802832988813398379407294265264593567386,2026-09-26T17:45:00+00:00,2026-09-26T18:00:00+00:00,21.4,0.5,0.51,0.505,0.01,210.2,1265.13,91
2026-09-26T17:39:37.625397+00:00,btc-updown-5m-1790444400,5,4952579,70998479121126727041398998623639979414640357136007769111418581673804396417725,2026-09-26T17:40:00+00:00,2026-09-26T17:45:00+00:00,5.38,0.5,0.51,0.505,0.01,20.4,9.42,99
2026-09-26T17:39:37.625397+00:00,btc-updown-15m-1790443800,15,4952172,92935718247882580383279305666087350328204881390346834012671641552805834879362,2026-09-26T17:30:00+00:00,2026-09-26T17:45:00+00:00,5.38,0.73,0.74,0.735,0.01,283.3,35.0,91
2026-09-26T17:39:37.625397+00:00,btc-updown-15m-1790444700,15,4952616,12050278947165331165485080863098151728802832988813398379407294265264593567386,2026-09-26T17:45:00+00:00,2026-09-26T18:00:00+00:00,20.38,0.5,0.51,0.505,0.01,190.2,1265.13,91
2026-09-26T17:40:38.739999+00:00,btc-updown-5m-1790444400,5,4952579,70998479121126727041398998623639979414640357136007769111418581673804396417725,2026-09-26T17:40:00+00:00,2026-09-26T17:45:00+00:00,4.37,0.54,0.55,0.545,0.01,639.8,245.0,99
2026-09-26T17:40:38.739999+00:00,btc-updown-5m-1790444700,5,4952627,55799752013971103266705645143684060625737370754051461154099754359535259893517,2026-09-26T17:45:00+00:00,2026-09-26T17:50:00+00:00,9.37,0.5,0.51,0.505,0.01,295.0,267.34,99
2026-09-26T17:40:38.739999+00:00,btc-updown-15m-1790443800,15,4952172,92935718247882580383279305666087350328204881390346834012671641552805834879362,2026-09-26T17:30:00+00:00,2026-09-26T17:45:00+00:00,4.37,0.81,0.82,0.815,0.01,357.04,38.55,85
2026-09-26T17:40:38.739999+00:00,btc-updown-15m-1790444700,15,4952616,12050278947165331165485080863098151728802832988813398379407294265264593567386,2026-09-26T17:45:00+00:00,2026-09-26T18:00:00+00:00,19.37,0.5,0.51,0.505,0.01,160.2,1240.13,91
2026-09-26T17:41:39.976599+00:00,btc-updown-5m-1790444400,5,4952579,70998479121126727041398998623639979414640357136007769111418581673804396417725,2026-09-26T17:40:00+00:00,2026-09-26T17:45:00+00:00,3.35,0.55,0.56,0.555,0.01,910.44,71.07,99
2026-09-26T17:41:39.976599+00:00,btc-updown-5m-1790444700,5,4952627,55799752013971103266705645143684060625737370754051461154099754359535259893517,2026-09-26T17:45:00+00:00,2026-09-26T17:50:00+00:00,8.35,0.5,0.51,0.505,0.01,293.0,200.27,99
2026-09-26T17:41:39.976599+00:00,btc-updown-15m-1790443800,15,4952172,92935718247882580383279305666087350328204881390346834012671641552805834879362,2026-09-26T17:30:00+00:00,2026-09-26T17:45:00+00:00,3.35,0.85,0.86,0.855,0.01,86.59,75.0,87
2026-09-26T17:41:39.976599+00:00,btc-updown-15m-1790444700,15,4952616,12050278947165331165485080863098151728802832988813398379407294265264593567386,2026-09-26T17:45:00+00:00,2026-09-26T18:00:00+00:00,18.35,0.5,0.51,0.505,0.01,120.11,1270.13,93
2026-09-26T17:42:41.178667+00:00,btc-updown-5m-1790444400,5,4952579,70998479121126727041398998623639979414640357136007769111418581673804396417725,2026-09-26T17:40:00+00:00,2026-09-26T17:45:00+00:00,2.32,0.67,0.68,0.675,0.01,1550.76,60.0,99
2026-09-26T17:42:41.178667+00:00,btc-updown-5m-1790444700,5,4952627,55799752013971103266705645143684060625737370754051461154099754359535259893517,2026-09-26T17:45:00+00:00,2026-09-26T17:50:00+00:00,7.32,0.5,0.51,0.505,0.01,293.0,174.37,99
2026-09-26T17:42:41.178667+00:00,btc-updown-15m-1790443800,15,4952172,92935718247882580383279305666087350328204881390346834012671641552805834879362,2026-09-26T17:30:00+00:00,2026-09-26T17:45:00+00:00,2.32,0.93,0.94,0.935,0.01,163.93,281.31,85
2026-09-26T17:42:41.178667+00:00,btc-updown-15m-1790444700,15,4952616,12050278947165331165485080863098151728802832988813398379407294265264593567386,2026-09-26T17:45:00+00:00,2026-09-26T18:00:00+00:00,17.32,0.48,0.49,0.485,0.01,283.74,693.97,93
2026-09-26T17:43:42.403636+00:00,btc-updown-5m-1790444400,5,4952579,70998479121126727041398998623639979414640357136007769111418581673804396417725,2026-09-26T17:40:00+00:00,2026-09-26T17:45:00+00:00,1.3,0.89,0.9,0.895,0.01,407.71,80.0,99
2026-09-26T17:43:42.403636+00:00,btc-updown-5m-1790444700,5,4952627,55799752013971103266705645143684060625737370754051461154099754359535259893517,2026-09-26T17:45:00+00:00,2026-09-26T17:50:00+00:00,6.3,0.5,0.52,0.51,0.02,316.0,105.06,98
2026-09-26T17:43:42.403636+00:00,btc-updown-15m-1790443800,15,4952172,92935718247882580383279305666087350328204881390346834012671641552805834879362,2026-09-26T17:30:00+00:00,2026-09-26T17:45:00+00:00,1.3,0.98,0.99,0.985,0.01,139.89,1596.25,62
2026-09-26T17:43:42.403636+00:00,btc-updown-15m-1790444700,15,4952616,12050278947165331165485080863098151728802832988813398379407294265264593567386,2026-09-26T17:45:00+00:00,2026-09-26T18:00:00+00:00,16.3,0.48,0.49,0.485,0.01,60.0,762.84,93
2026-09-26T17:44:43.767011+00:00,btc-updown-5m-1790444700,5,4952627,55799752013971103266705645143684060625737370754051461154099754359535259893517,2026-09-26T17:45:00+00:00,2026-09-26T17:50:00+00:00,5.28,0.58,0.59,0.585,0.01,200.0,37.08,99
2026-09-26T17:44:43.767011+00:00,btc-updown-15m-1790444700,15,4952616,12050278947165331165485080863098151728802832988813398379407294265264593567386,2026-09-26T17:45:00+00:00,2026-09-26T18:00:00+00:00,15.28,0.48,0.49,0.485,0.01,143.24,372.02,74
2026-09-26T17:45:44.772468+00:00,btc-updown-5m-1790444700,5,4952627,55799752013971103266705645143684060625737370754051461154099754359535259893517,2026-09-26T17:45:00+00:00,2026-09-26T17:50:00+00:00,4.27,0.73,0.74,0.735,0.01,310.41,159.0,99
2026-09-26T17:45:44.772468+00:00,btc-updown-5m-1790445000,5,4952777,46574734345487934810383712750298078229843345407934236567719263919441461729264,2026-09-26T17:50:00+00:00,2026-09-26T17:55:00+00:00,9.27,0.49,0.5,0.495,0.01,235.49,75.0,99
2026-09-26T17:45:44.772468+00:00,btc-updown-15m-1790444700,15,4952616,12050278947165331165485080863098151728802832988813398379407294265264593567386,2026-09-26T17:45:00+00:00,2026-09-26T18:00:00+00:00,14.27,0.59,0.6,0.595,0.01,166.27,120.0,91
2026-09-26T17:45:44.772468+00:00,btc-updown-15m-1790445600,15,4954745,17648270164600229863773532404234708960030590625584268961106154368850597749735,2026-09-26T18:00:00+00:00,2026-09-26T18:15:00+00:00,29.27,0.5,0.51,0.505,0.01,72.88,277.55,80
2026-09-26T17:46:45.984699+00:00,btc-updown-5m-1790444700,5,4952627,55799752013971103266705645143684060625737370754051461154099754359535259893517,2026-09-26T17:45:00+00:00,2026-09-26T17:50:00+00:00,3.25,0.84,0.85,0.845,0.01,554.09,76.21,99
2026-09-26T17:46:45.984699+00:00,btc-updown-5m-1790445000,5,4952777,46574734345487934810383712750298078229843345407934236567719263919441461729264,2026-09-26T17:50:00+00:00,2026-09-26T17:55:00+00:00,8.25,0.5,0.51,0.505,0.01,50.0,197.91,99
2026-09-26T17:46:45.984699+00:00,btc-updown-15m-1790444700,15,4952616,12050278947165331165485080863098151728802832988813398379407294265264593567386,2026-09-26T17:45:00+00:00,2026-09-26T18:00:00+00:00,13.25,0.61,0.62,0.615,0.01,269.66,15.0,94
2026-09-26T17:46:45.984699+00:00,btc-updown-15m-1790445600,15,4954745,17648270164600229863773532404234708960030590625584268961106154368850597749735,2026-09-26T18:00:00+00:00,2026-09-26T18:15:00+00:00,28.25,0.5,0.51,0.505,0.01,72.88,357.55,82
2026-09-26T17:47:47.197077+00:00,btc-updown-5m-1790444700,5,4952627,55799752013971103266705645143684060625737370754051461154099754359535259893517,2026-09-26T17:45:00+00:00,2026-09-26T17:50:00+00:00,2.22,0.95,0.96,0.955,0.01,810.77,146.45,99
2026-09-26T17:47:47.197077+00:00,btc-updown-5m-1790445000,5,4952777,46574734345487934810383712750298078229843345407934236567719263919441461729264,2026-09-26T17:50:00+00:00,2026-09-26T17:55:00+00:00,7.22,0.5,0.51,0.505,0.01,30.0,124.0,99
2026-09-26T17:47:47.197077+00:00,btc-updown-15m-1790444700,15,4952616,12050278947165331165485080863098151728802832988813398379407294265264593567386,2026-09-26T17:45:00+00:00,2026-09-26T18:00:00+00:00,12.22,0.67,0.68,0.675,0.01,688.07,35.0,86
2026-09-26T17:47:47.197077+00:00,btc-updown-15m-1790445600,15,4954745,17648270164600229863773532404234708960030590625584268961106154368850597749735,2026-09-26T18:00:00+00:00,2026-09-26T18:15:00+00:00,27.22,0.5,0.51,0.505,0.01,72.88,457.55,83
2026-09-26T17:48:48.385259+00:00,btc-updown-5m-1790445000,5,4952777,46574734345487934810383712750298078229843345407934236567719263919441461729264,2026-09-26T17:50:00+00:00,2026-09-26T17:55:00+00:00,6.2,0.51,0.52,0.515,0.01,20.0,41.38,99
2026-09-26T17:48:48.385259+00:00,btc-updown-15m-1790444700,15,4952616,12050278947165331165485080863098151728802832988813398379407294265264593567386,2026-09-26T17:45:00+00:00,2026-09-26T18:00:00+00:00,11.2,0.71,0.72,0.715,0.01,702.77,55.0,86
2026-09-26T17:48:48.385259+00:00,btc-updown-15m-1790445600,15,4954745,17648270164600229863773532404234708960030590625584268961106154368850597749735,2026-09-26T18:00:00+00:00,2026-09-26T18:15:00+00:00,26.2,0.5,0.51,0.505,0.01,72.88,337.55,83
2026-09-26T17:49:49.526241+00:00,btc-updown-5m-1790445000,5,4952777,46574734345487934810383712750298078229843345407934236567719263919441461729264,2026-09-26T17:50:00+00:00,2026-09-26T17:55:00+00:00,5.18,0.32,0.33,0.325,0.01,40.04,118.04,99
2026-09-26T17:49:49.526241+00:00,btc-updown-15m-1790444700,15,4952616,12050278947165331165485080863098151728802832988813398379407294265264593567386,2026-09-26T17:45:00+00:00,2026-09-26T18:00:00+00:00,10.18,0.56,0.57,0.565,0.01,178.39,86.9,90
2026-09-26T17:49:49.526241+00:00,btc-updown-15m-1790445600,15,4954745,17648270164600229863773532404234708960030590625584268961106154368850597749735,2026-09-26T18:00:00+00:00,2026-09-26T18:15:00+00:00,25.18,0.5,0.51,0.505,0.01,72.88,287.55,83
2026-09-26T17:50:50.633257+00:00,btc-updown-5m-1790445000,5,4952777,46574734345487934810383712750298078229843345407934236567719263919441461729264,2026-09-26T17:50:00+00:00,2026-09-26T17:55:00+00:00,4.17,0.24,0.25,0.245,0.01,206.34,836.19,99
2026-09-26T17:50:50.633257+00:00,btc-updown-5m-1790445300,5,4952927,73957128078212141816532832405515304664908709943726222274114348829321787620276,2026-09-26T17:55:00+00:00,2026-09-26T18:00:00+00:00,9.17,0.5,0.51,0.505,0.01,60.0,250.32,99
2026-09-26T17:50:50.633257+00:00,btc-updown-15m-1790444700,15,4952616,12050278947165331165485080863098151728802832988813398379407294265264593567386,2026-09-26T17:45:00+00:00,2026-09-26T18:00:00+00:00,9.17,0.56,0.57,0.565,0.01,80.0,522.41,90
2026-09-26T17:50:50.633257+00:00,btc-updown-15m-1790445600,15,4954745,17648270164600229863773532404234708960030590625584268961106154368850597749735,2026-09-26T18:00:00+00:00,2026-09-26T18:15:00+00:00,24.17,0.5,0.51,0.505,0.01,72.88,437.55,83
2026-09-26T17:51:51.816497+00:00,btc-updown-5m-1790445000,5,4952777,46574734345487934810383712750298078229843345407934236567719263919441461729264,2026-09-26T17:50:00+00:00,2026-09-26T17:55:00+00:00,3.15,0.17,0.18,0.175,0.01,166.4,308.88,99
2026-09-26T17:51:51.816497+00:00,btc-updown-5m-1790445300,5,4952927,73957128078212141816532832405515304664908709943726222274114348829321787620276,2026-09-26T17:55:00+00:00,2026-09-26T18:00:00+00:00,8.15,0.5,0.51,0.505,0.01,60.0,240.5,99
2026-09-26T17:51:51.816497+00:00,btc-updown-15m-1790444700,15,4952616,12050278947165331165485080863098151728802832988813398379407294265264593567386,2026-09-26T17:45:00+00:00,2026-09-26T18:00:00+00:00,8.15,0.58,0.59,0.585,0.01,354.64,50.0,93
2026-09-26T17:51:51.816497+00:00,btc-updown-15m-1790445600,15,4954745,17648270164600229863773532404234708960030590625584268961106154368850597749735,2026-09-26T18:00:00+00:00,2026-09-26T18:15:00+00:00,23.15,0.5,0.51,0.505,0.01,72.88,437.55,82
2026-09-26T17:52:53.015348+00:00,btc-updown-5m-1790445000,5,4952777,46574734345487934810383712750298078229843345407934236567719263919441461729264,2026-09-26T17:50:00+00:00,2026-09-26T17:55:00+00:00,2.12,0.36,0.37,0.365,0.01,21.85,1240.06,99
2026-09-26T17:52:53.015348+00:00,btc-updown-5m-1790445300,5,4952927,73957128078212141816532832405515304664908709943726222274114348829321787620276,2026-09-26T17:55:00+00:00,2026-09-26T18:00:00+00:00,7.12,0.5,0.51,0.505,0.01,40.0,201.55,99
2026-09-26T17:52:53.015348+00:00,btc-updown-15m-1790444700,15,4952616,12050278947165331165485080863098151728802832988813398379407294265264593567386,2026-09-26T17:45:00+00:00,2026-09-26T18:00:00+00:00,7.12,0.71,0.72,0.715,0.01,477.38,145.0,86
2026-09-26T17:52:53.015348+00:00,btc-updown-15m-1790445600,15,4954745,17648270164600229863773532404234708960030590625584268961106154368850597749735,2026-09-26T18:00:00+00:00,2026-09-26T18:15:00+00:00,22.12,0.5,0.51,0.505,0.01,72.88,437.55,81
2026-09-26T17:53:54.191222+00:00,btc-updown-5m-1790445000,5,4952777,46574734345487934810383712750298078229843345407934236567719263919441461729264,2026-09-26T17:50:00+00:00,2026-09-26T17:55:00+00:00,1.1,0.18,0.19,0.185,0.01,30.0,30.0,99
2026-09-26T17:53:54.191222+00:00,btc-updown-5m-1790445300,5,4952927,73957128078212141816532832405515304664908709943726222274114348829321787620276,2026-09-26T17:55:00+00:00,2026-09-26T18:00:00+00:00,6.1,0.5,0.51,0.505,0.01,65.0,236.55,99
2026-09-26T17:53:54.191222+00:00,btc-updown-15m-1790444700,15,4952616,12050278947165331165485080863098151728802832988813398379407294265264593567386,2026-09-26T17:45:00+00:00,2026-09-26T18:00:00+00:00,6.1,0.73,0.74,0.735,0.01,291.37,91.0,85
2026-09-26T17:53:54.191222+00:00,btc-updown-15m-1790445600,15,4954745,17648270164600229863773532404234708960030590625584268961106154368850597749735,2026-09-26T18:00:00+00:00,2026-09-26T18:15:00+00:00,21.1,0.5,0.51,0.505,0.01,108.88,437.55,81
2026-09-26T17:54:55.466001+00:00,btc-updown-5m-1790445300,5,4952927,73957128078212141816532832405515304664908709943726222274114348829321787620276,2026-09-26T17:55:00+00:00,2026-09-26T18:00:00+00:00,5.08,0.46,0.47,0.465,0.01,30.0,37.87,99
2026-09-26T17:54:55.466001+00:00,btc-updown-15m-1790444700,15,4952616,12050278947165331165485080863098151728802832988813398379407294265264593567386,2026-09-26T17:45:00+00:00,2026-09-26T18:00:00+00:00,5.08,0.71,0.72,0.715,0.01,600.71,155.0,89
2026-09-26T17:54:55.466001+00:00,btc-updown-15m-1790445600,15,4954745,17648270164600229863773532404234708960030590625584268961106154368850597749735,2026-09-26T18:00:00+00:00,2026-09-26T18:15:00+00:00,20.08,0.5,0.51,0.505,0.01,108.88,437.55,81
2026-09-26T17:55:56.528003+00:00,btc-updown-5m-1790445300,5,4952927,73957128078212141816532832405515304664908709943726222274114348829321787620276,2026-09-26T17:55:00+00:00,2026-09-26T18:00:00+00:00,4.07,0.5,0.51,0.505,0.01,30.0,809.15,99
2026-09-26T17:55:56.528003+00:00,btc-updown-5m-1790445600,5,4954741,62155815243195784009891435793628571315695691286963127753825993806617054213248,2026-09-26T18:00:00+00:00,2026-09-26T18:05:00+00:00,9.07,0.49,0.5,0.495,0.01,167.05,99.2,99
2026-09-26T17:55:56.528003+00:00,btc-updown-15m-1790444700,15,4952616,12050278947165331165485080863098151728802832988813398379407294265264593567386,2026-09-26T17:45:00+00:00,2026-09-26T18:00:00+00:00,4.07,0.81,0.82,0.815,0.01,321.59,120.0,86
2026-09-26T17:55:56.528003+00:00,btc-updown-15m-1790445600,15,4954745,17648270164600229863773532404234708960030590625584268961106154368850597749735,2026-09-26T18:00:00+00:00,2026-09-26T18:15:00+00:00,19.07,0.5,0.51,0.505,0.01,108.88,437.55,81
2026-09-26T17:56:57.852146+00:00,btc-updown-5m-1790445300,5,4952927,73957128078212141816532832405515304664908709943726222274114348829321787620276,2026-09-26T17:55:00+00:00,2026-09-26T18:00:00+00:00,3.05,0.9,0.91,0.905,0.01,380.57,149.0,99
2026-09-26T17:56:57.852146+00:00,btc-updown-5m-1790445600,5,4954741,62155815243195784009891435793628571315695691286963127753825993806617054213248,2026-09-26T18:00:00+00:00,2026-09-26T18:05:00+00:00,8.05,0.49,0.5,0.495,0.01,177.05,104.2,99
2026-09-26T17:56:57.852146+00:00,btc-updown-15m-1790444700,15,4952616,12050278947165331165485080863098151728802832988813398379407294265264593567386,2026-09-26T17:45:00+00:00,2026-09-26T18:00:00+00:00,3.05,0.98,0.99,0.985,0.01,82.14,2839.84,81
2026-09-26T17:56:57.852146+00:00,btc-updown-15m-1790445600,15,4954745,17648270164600229863773532404234708960030590625584268961106154368850597749735,2026-09-26T18:00:00+00:00,2026-09-26T18:15:00+00:00,18.05,0.5,0.51,0.505,0.01,108.88,437.55,81
2026-09-26T17:57:59.081705+00:00,btc-updown-5m-1790445300,5,4952927,73957128078212141816532832405515304664908709943726222274114348829321787620276,2026-09-26T17:55:00+00:00,2026-09-26T18:00:00+00:00,2.02,0.96,0.97,0.965,0.01,121.73,128.33,99
2026-09-26T17:57:59.081705+00:00,btc-updown-5m-1790445600,5,4954741,62155815243195784009891435793628571315695691286963127753825993806617054213248,2026-09-26T18:00:00+00:00,2026-09-26T18:05:00+00:00,7.02,0.49,0.5,0.495,0.01,100.33,104.2,99
2026-09-26T17:57:59.081705+00:00,btc-updown-15m-1790444700,15,4952616,12050278947165331165485080863098151728802832988813398379407294265264593567386,2026-09-26T17:45:00+00:00,2026-09-26T18:00:00+00:00,2.02,0.98,0.99,0.985,0.01,258.0,162.53,79
2026-09-26T17:57:59.081705+00:00,btc-updown-15m-1790445600,15,4954745,17648270164600229863773532404234708960030590625584268961106154368850597749735,2026-09-26T18:00:00+00:00,2026-09-26T18:15:00+00:00,17.02,0.5,0.51,0.505,0.01,99.2,407.55,81
2026-09-26T17:59:00.294999+00:00,btc-updown-5m-1790445300,5,4952927,73957128078212141816532832405515304664908709943726222274114348829321787620276,2026-09-26T17:55:00+00:00,2026-09-26T18:00:00+00:00,1.0,0.98,0.99,0.985,0.01,276.81,230.96,99
2026-09-26T17:59:00.294999+00:00,btc-updown-5m-1790445600,5,4954741,62155815243195784009891435793628571315695691286963127753825993806617054213248,2026-09-26T18:00:00+00:00,2026-09-26T18:05:00+00:00,6.0,0.5,0.51,0.505,0.01,54.47,73.66,99
2026-09-26T17:59:00.294999+00:00,btc-updown-15m-1790445600,15,4954745,17648270164600229863773532404234708960030590625584268961106154368850597749735,2026-09-26T18:00:00+00:00,2026-09-26T18:15:00+00:00,16.0,0.5,0.51,0.505,0.01,46.0,197.55,77
2026-09-26T18:00:01.631958+00:00,btc-updown-5m-1790445600,5,4954741,62155815243195784009891435793628571315695691286963127753825993806617054213248,2026-09-26T18:00:00+00:00,2026-09-26T18:05:00+00:00,4.98,0.51,0.52,0.515,0.01,15.0,23.09,98
2026-09-26T18:00:01.631958+00:00,btc-updown-5m-1790445900,5,4954789,97128732255900254687990330697716425506130001476647734380006409886806062707788,2026-09-26T18:05:00+00:00,2026-09-26T18:10:00+00:00,9.98,0.49,0.5,0.495,0.01,262.17,90.0,99
2026-09-26T18:00:01.631958+00:00,btc-updown-15m-1790445600,15,4954745,17648270164600229863773532404234708960030590625584268961106154368850597749735,2026-09-26T18:00:00+00:00,2026-09-26T18:15:00+00:00,14.98,0.49,0.51,0.5,0.02,15.0,5.2,57
2026-09-26T18:00:01.631958+00:00,btc-updown-15m-1790446500,15,4954898,80161224004035795189889950527189586938441322603362256109895641850872868931529,2026-09-26T18:15:00+00:00,2026-09-26T18:30:00+00:00,29.98,0.5,0.51,0.505,0.01,40.2,297.25,91
2026-09-26T18:01:02.825137+00:00,btc-updown-5m-1790445600,5,4954741,62155815243195784009891435793628571315695691286963127753825993806617054213248,2026-09-26T18:00:00+00:00,2026-09-26T18:05:00+00:00,3.97,0.38,0.39,0.385,0.01,65.15,1710.55,99
2026-09-26T18:01:02.825137+00:00,btc-updown-5m-1790445900,5,4954789,97128732255900254687990330697716425506130001476647734380006409886806062707788,2026-09-26T18:05:00+00:00,2026-09-26T18:10:00+00:00,8.97,0.48,0.49,0.485,0.01,76.1,94.0,99
2026-09-26T18:01:02.825137+00:00,btc-updown-15m-1790445600,15,4954745,17648270164600229863773532404234708960030590625584268961106154368850597749735,2026-09-26T18:00:00+00:00,2026-09-26T18:15:00+00:00,13.97,0.39,0.4,0.395,0.01,169.31,64.16,92
2026-09-26T18:01:02.825137+00:00,btc-updown-15m-1790446500,15,4954898,80161224004035795189889950527189586938441322603362256109895641850872868931529,2026-09-26T18:15:00+00:00,2026-09-26T18:30:00+00:00,28.97,0.5,0.51,0.505,0.01,40.2,497.25,91
2026-09-26T18:02:04.043219+00:00,btc-updown-5m-1790445600,5,4954741,62155815243195784009891435793628571315695691286963127753825993806617054213248,2026-09-26T18:00:00+00:00,2026-09-26T18:05:00+00:00,2.93,0.32,0.33,0.325,0.01,75.68,928.26,99
2026-09-26T18:02:04.043219+00:00,btc-updown-5m-1790445900,5,4954789,97128732255900254687990330697716425506130001476647734380006409886806062707788,2026-09-26T18:05:00+00:00,2026-09-26T18:10:00+00:00,7.93,0.48,0.49,0.485,0.01,76.1,94.0,99
2026-09-26T18:02:04.043219+00:00,btc-updown-15m-1790445600,15,4954745,17648270164600229863773532404234708960030590625584268961106154368850597749735,2026-09-26T18:00:00+00:00,2026-09-26T18:15:00+00:00,12.93,0.41,0.42,0.415,0.01,160.0,31.66,91
2026-09-26T18:02:04.043219+00:00,btc-updown-15m-1790446500,15,4954898,80161224004035795189889950527189586938441322603362256109895641850872868931529,2026-09-26T18:15:00+00:00,2026-09-26T18:30:00+00:00,27.93,0.5,0.51,0.505,0.01,40.2,497.25,91
2026-09-26T18:03:05.244000+00:00,btc-updown-5m-1790445600,5,4954741,62155815243195784009891435793628571315695691286963127753825993806617054213248,2026-09-26T18:00:00+00:00,2026-09-26T18:05:00+00:00,1.92,0.8,0.81,0.805,0.01,158.24,98.29,99
2026-09-26T18:03:05.244000+00:00,btc-updown-5m-1790445900,5,4954789,97128732255900254687990330697716425506130001476647734380006409886806062707788,2026-09-26T18:05:00+00:00,2026-09-26T18:10:00+00:00,6.92,0.48,0.49,0.485,0.01,101.25,112.86,99
2026-09-26T18:03:05.244000+00:00,btc-updown-15m-1790445600,15,4954745,17648270164600229863773532404234708960030590625584268961106154368850597749735,2026-09-26T18:00:00+00:00,2026-09-26T18:15:00+00:00,11.92,0.47,0.48,0.475,0.01,3226.0,303.41,92
2026-09-26T18:03:05.244000+00:00,btc-updown-15m-1790446500,15,4954898,80161224004035795189889950527189586938441322603362256109895641850872868931529,2026-09-26T18:15:00+00:00,2026-09-26T18:30:00+00:00,26.92,0.5,0.51,0.505,0.01,40.2,447.25,91
2026-09-26T18:04:06.427261+00:00,btc-updown-5m-1790445900,5,4954789,97128732255900254687990330697716425506130001476647734380006409886806062707788,2026-09-26T18:05:00+00:00,2026-09-26T18:10:00+00:00,5.9,0.48,0.49,0.485,0.01,184.39,9.59,99
2026-09-26T18:04:06.427261+00:00,btc-updown-15m-1790445600,15,4954745,17648270164600229863773532404234708960030590625584268961106154368850597749735,2026-09-26T18:00:00+00:00,2026-09-26T18:15:00+00:00,10.9,0.41,0.42,0.415,0.01,20.0,14.46,89
2026-09-26T18:04:06.427261+00:00,btc-updown-15m-1790446500,15,4954898,80161224004035795189889950527189586938441322603362256109895641850872868931529,2026-09-26T18:15:00+00:00,2026-09-26T18:30:00+00:00,25.9,0.5,0.51,0.505,0.01,40.2,447.25,91
2026-09-26T18:05:07.521965+00:00,btc-updown-5m-1790445900,5,4954789,97128732255900254687990330697716425506130001476647734380006409886806062707788,2026-09-26T18:05:00+00:00,2026-09-26T18:10:00+00:00,4.88,0.49,0.5,0.495,0.01,130.0,950.0,99
2026-09-26T18:05:07.521965+00:00,btc-updown-5m-1790446200,5,4954803,98609856011021492051684749799159698433924279548886386150569624458174865844879,2026-09-26T18:10:00+00:00,2026-09-26T18:15:00+00:00,9.88,0.49,0.5,0.495,0.01,252.17,295.0,99
2026-09-26T18:05:07.521965+00:00,btc-updown-15m-1790445600,15,4954745,17648270164600229863773532404234708960030590625584268961106154368850597749735,2026-09-26T18:00:00+00:00,2026-09-26T18:15:00+00:00,9.88,0.6,0.62,0.61,0.02,29.0,63.08,90
2026-09-26T18:05:07.521965+00:00,btc-updown-15m-1790446500,15,4954898,80161224004035795189889950527189586938441322603362256109895641850872868931529,2026-09-26T18:15:00+00:00,2026-09-26T18:30:00+00:00,24.88,0.5,0.51,0.505,0.01,40.2,527.25,91
2026-09-26T18:06:08.731747+00:00,btc-updown-5m-1790445900,5,4954789,97128732255900254687990330697716425506130001476647734380006409886806062707788,2026-09-26T18:05:00+00:00,2026-09-26T18:10:00+00:00,3.87,0.56,0.63,0.595,0.07,25.0,41.25,93
2026-09-26T18:06:08.731747+00:00,btc-updown-5m-1790446200,5,4954803,98609856011021492051684749799159698433924279548886386150569624458174865844879,2026-09-26T18:10:00+00:00,2026-09-26T18:15:00+00:00,8.87,0.49,0.5,0.495,0.01,180.1,415.0,99
2026-09-26T18:06:08.731747+00:00,btc-updown-15m-1790445600,15,4954745,17648270164600229863773532404234708960030590625584268961106154368850597749735,2026-09-26T18:00:00+00:00,2026-09-26T18:15:00+00:00,8.87,0.44,0.51,0.475,0.07,7.54,25.58,89
2026-09-26T18:06:08.731747+00:00,btc-updown-15m-1790446500,15,4954898,80161224004035795189889950527189586938441322603362256109895641850872868931529,2026-09-26T18:15:00+00:00,2026-09-26T18:30:00+00:00,23.87,0.5,0.51,0.505,0.01,40.2,578.27,91
2026-09-26T18:07:09.930829+00:00,btc-updown-5m-1790445900,5,4954789,97128732255900254687990330697716425506130001476647734380006409886806062707788,2026-09-26T18:05:00+00:00,2026-09-26T18:10:00+00:00,2.85,0.2,0.21,0.205,0.01,20.0,953.3,99
2026-09-26T18:07:09.930829+00:00,btc-updown-5m-1790446200,5,4954803,98609856011021492051684749799159698433924279548886386150569624458174865844879,2026-09-26T18:10:00+00:00,2026-09-26T18:15:00+00:00,7.85,0.49,0.5,0.495,0.01,180.1,385.0,99
2026-09-26T18:07:09.930829+00:00,btc-updown-15m-1790445600,15,4954745,17648270164600229863773532404234708960030590625584268961106154368850597749735,2026-09-26T18:00:00+00:00,2026-09-26T18:15:00+00:00,7.85,0.54,0.55,0.545,0.01,16.03,222.2,85
2026-09-26T18:07:09.930829+00:00,btc-updown-15m-1790446500,15,4954898,80161224004035795189889950527189586938441322603362256109895641850872868931529,2026-09-26T18:15:00+00:00,2026-09-26T18:30:00+00:00,22.85,0.5,0.51,0.505,0.01,40.2,428.27,91
2026-09-26T18:08:11.102108+00:00,btc-updown-5m-1790446200,5,4954803,98609856011021492051684749799159698433924279548886386150569624458174865844879,2026-09-26T18:10:00+00:00,2026-09-26T18:15:00+00:00,6.82,0.46,0.47,0.465,0.01,116.29,35.0,99
2026-09-26T18:08:11.102108+00:00,btc-updown-15m-1790445600,15,4954745,17648270164600229863773532404234708960030590625584268961106154368850597749735,2026-09-26T18:00:00+00:00,2026-09-26T18:15:00+00:00,6.82,0.23,0.24,0.235,0.01,4547.86,83.21,90
2026-09-26T18:08:11.102108+00:00,btc-updown-15m-1790446500,15,4954898,80161224004035795189889950527189586938441322603362256109895641850872868931529,2026-09-26T18:15:00+00:00,2026-09-26T18:30:00+00:00,21.82,0.5,0.51,0.505,0.01,40.2,238.27,91
2026-09-26T18:09:12.188611+00:00,btc-updown-5m-1790446200,5,4954803,98609856011021492051684749799159698433924279548886386150569624458174865844879,2026-09-26T18:10:00+00:00,2026-09-26T18:15:00+00:00,5.8,0.49,0.5,0.495,0.01,114.0,161.31,99
2026-09-26T18:09:12.188611+00:00,btc-updown-15m-1790445600,15,4954745,17648270164600229863773532404234708960030590625584268961106154368850597749735,2026-09-26T18:00:00+00:00,2026-09-26T18:15:00+00:00,5.8,0.18,0.2,0.19,0.02,36.77,25.0,88
2026-09-26T18:09:12.188611+00:00,btc-updown-15m-1790446500,15,4954898,80161224004035795189889950527189586938441322603362256109895641850872868931529,2026-09-26T18:15:00+00:00,2026-09-26T18:30:00+00:00,20.8,0.5,0.51,0.505,0.01,40.2,238.27,91
2026-09-26T18:10:13.335900+00:00,btc-updown-5m-1790446200,5,4954803,98609856011021492051684749799159698433924279548886386150569624458174865844879,2026-09-26T18:10:00+00:00,2026-09-26T18:15:00+00:00,4.78,0.44,0.45,0.445,0.01,299.2,218.25,99
2026-09-26T18:10:13.335900+00:00,btc-updown-5m-1790446500,5,4954901,86910670011428984677811545451196227727038203933016740674276995674893556466264,2026-09-26T18:15:00+00:00,2026-09-26T18:20:00+00:00,9.78,0.49,0.5,0.495,0.01,329.05,255.2,99
2026-09-26T18:10:13.335900+00:00,btc-updown-15m-1790445600,15,4954745,17648270164600229863773532404234708960030590625584268961106154368850597749735,2026-09-26T18:00:00+00:00,2026-09-26T18:15:00+00:00,4.78,0.13,0.14,0.135,0.01,47.0,112.91,89
2026-09-26T18:10:13.335900+00:00,btc-updown-15m-1790446500,15,4954898,80161224004035795189889950527189586938441322603362256109895641850872868931529,2026-09-26T18:15:00+00:00,2026-09-26T18:30:00+00:00,19.78,0.47,0.5,0.485,0.03,214.79,139.98,89
2026-09-26T18:11:14.553673+00:00,btc-updown-5m-1790446200,5,4954803,98609856011021492051684749799159698433924279548886386150569624458174865844879,2026-09-26T18:10:00+00:00,2026-09-26T18:15:00+00:00,3.77,0.39,0.4,0.395,0.01,909.99,45.0,99
2026-09-26T18:11:14.553673+00:00,btc-updown-5m-1790446500,5,4954901,86910670011428984677811545451196227727038203933016740674276995674893556466264,2026-09-26T18:15:00+00:00,2026-09-26T18:20:00+00:00,8.77,0.49,0.5,0.495,0.01,251.98,270.2,99
2026-09-26T18:11:14.553673+00:00,btc-updown-15m-1790445600,15,4954745,17648270164600229863773532404234708960030590625584268961106154368850597749735,2026-09-26T18:00:00+00:00,2026-09-26T18:15:00+00:00,3.77,0.05,0.07,0.06,0.02,935.29,92.8,85
2026-09-26T18:11:14.553673+00:00,btc-updown-15m-1790446500,15,4954898,80161224004035795189889950527189586938441322603362256109895641850872868931529,2026-09-26T18:15:00+00:00,2026-09-26T18:30:00+00:00,18.77,0.47,0.5,0.485,0.03,91.22,219.98,91
2026-09-26T18:12:15.735349+00:00,btc-updown-5m-1790446200,5,4954803,98609856011021492051684749799159698433924279548886386150569624458174865844879,2026-09-26T18:10:00+00:00,2026-09-26T18:15:00+00:00,2.75,0.42,0.43,0.425,0.01,642.34,55.0,99
2026-09-26T18:12:15.735349+00:00,btc-updown-5m-1790446500,5,4954901,86910670011428984677811545451196227727038203933016740674276995674893556466264,2026-09-26T18:15:00+00:00,2026-09-26T18:20:00+00:00,7.75,0.49,0.5,0.495,0.01,256.98,252.2,99
2026-09-26T18:12:15.735349+00:00,btc-updown-15m-1790445600,15,4954745,17648270164600229863773532404234708960030590625584268961106154368850597749735,2026-09-26T18:00:00+00:00,2026-09-26T18:15:00+00:00,2.75,0.05,0.06,0.055,0.01,774.68,10.0,87
2026-09-26T18:12:15.735349+00:00,btc-updown-15m-1790446500,15,4954898,80161224004035795189889950527189586938441322603362256109895641850872868931529,2026-09-26T18:15:00+00:00,2026-09-26T18:30:00+00:00,17.75,0.48,0.5,0.49,0.02,45.0,227.6,92
2026-09-26T18:13:16.914358+00:00,btc-updown-5m-1790446200,5,4954803,98609856011021492051684749799159698433924279548886386150569624458174865844879,2026-09-26T18:10:00+00:00,2026-09-26T18:15:00+00:00,1.73,0.38,0.39,0.385,0.01,36.06,438.73,99
2026-09-26T18:13:16.914358+00:00,btc-updown-5m-1790446500,5,4954901,86910670011428984677811545451196227727038203933016740674276995674893556466264,2026-09-26T18:15:00+00:00,2026-09-26T18:20:00+00:00,6.73,0.49,0.5,0.495,0.01,276.98,277.2,99
2026-09-26T18:13:16.914358+00:00,btc-updown-15m-1790445600,15,4954745,17648270164600229863773532404234708960030590625584268961106154368850597749735,2026-09-26T18:00:00+00:00,2026-09-26T18:15:00+00:00,1.73,0.03,0.04,0.035,0.01,10.0,209.3,85
2026-09-26T18:13:16.914358+00:00,btc-updown-15m-1790446500,15,4954898,80161224004035795189889950527189586938441322603362256109895641850872868931529,2026-09-26T18:15:00+00:00,2026-09-26T18:30:00+00:00,16.73,0.49,0.5,0.495,0.01,25.0,115.69,93
2026-09-26T18:14:18.121180+00:00,btc-updown-5m-1790446200,5,4954803,98609856011021492051684749799159698433924279548886386150569624458174865844879,2026-09-26T18:10:00+00:00,2026-09-26T18:15:00+00:00,0.7,0.02,0.03,0.025,0.01,952.41,205.0,83
2026-09-26T18:14:18.121180+00:00,btc-updown-5m-1790446500,5,4954901,86910670011428984677811545451196227727038203933016740674276995674893556466264,2026-09-26T18:15:00+00:00,2026-09-26T18:20:00+00:00,5.7,0.49,0.5,0.495,0.01,20.21,261.52,99
2026-09-26T18:14:18.121180+00:00,btc-updown-15m-1790446500,15,4954898,80161224004035795189889950527189586938441322603362256109895641850872868931529,2026-09-26T18:15:00+00:00,2026-09-26T18:30:00+00:00,15.7,0.48,0.5,0.49,0.02,31.08,25.0,80
2026-09-26T18:15:19.236053+00:00,btc-updown-5m-1790446500,5,4954901,86910670011428984677811545451196227727038203933016740674276995674893556466264,2026-09-26T18:15:00+00:00,2026-09-26T18:20:00+00:00,4.68,0.27,0.28,0.275,0.01,335.6,381.57,99
2026-09-26T18:15:19.236053+00:00,btc-updown-5m-1790446800,5,4954938,36089989158937933122105659574628869123218640279805873919781697720461595898536,2026-09-26T18:20:00+00:00,2026-09-26T18:25:00+00:00,9.68,0.53,0.54,0.535,0.01,30.0,75.0,99
2026-09-26T18:15:19.236053+00:00,btc-updown-15m-1790446500,15,4954898,80161224004035795189889950527189586938441322603362256109895641850872868931529,2026-09-26T18:15:00+00:00,2026-09-26T18:30:00+00:00,14.68,0.41,0.42,0.415,0.01,30.0,264.0,92
2026-09-26T18:15:19.236053+00:00,btc-updown-15m-1790447400,15,4955228,101509204530905522565986510012529579003661387666125956391836401141671006278485,2026-09-26T18:30:00+00:00,2026-09-26T18:45:00+00:00,29.68,0.5,0.51,0.505,0.01,240.2,157.25,87
2026-09-26T18:16:20.504756+00:00,btc-updown-5m-1790446500,5,4954901,86910670011428984677811545451196227727038203933016740674276995674893556466264,2026-09-26T18:15:00+00:00,2026-09-26T18:20:00+00:00,3.67,0.13,0.14,0.135,0.01,1532.51,93.2,99
2026-09-26T18:16:20.504756+00:00,btc-updown-5m-1790446800,5,4954938,36089989158937933122105659574628869123218640279805873919781697720461595898536,2026-09-26T18:20:00+00:00,2026-09-26T18:25:00+00:00,8.67,0.51,0.53,0.52,0.02,86.0,85.0,98
2026-09-26T18:16:20.504756+00:00,btc-updown-15m-1790446500,15,4954898,80161224004035795189889950527189586938441322603362256109895641850872868931529,2026-09-26T18:15:00+00:00,2026-09-26T18:30:00+00:00,13.67,0.34,0.35,0.345,0.01,55.0,237.4,97
2026-09-26T18:16:20.504756+00:00,btc-updown-15m-1790447400,15,4955228,101509204530905522565986510012529579003661387666125956391836401141671006278485,2026-09-26T18:30:00+00:00,2026-09-26T18:45:00+00:00,28.67,0.5,0.51,0.505,0.01,260.2,307.25,87
2026-09-26T18:17:21.707661+00:00,btc-updown-5m-1790446500,5,4954901,86910670011428984677811545451196227727038203933016740674276995674893556466264,2026-09-26T18:15:00+00:00,2026-09-26T18:20:00+00:00,2.65,0.07,0.08,0.075,0.01,189.9,757.73,99
2026-09-26T18:17:21.707661+00:00,btc-updown-5m-1790446800,5,4954938,36089989158937933122105659574628869123218640279805873919781697720461595898536,2026-09-26T18:20:00+00:00,2026-09-26T18:25:00+00:00,7.65,0.51,0.52,0.515,0.01,81.0,168.07,99
2026-09-26T18:17:21.707661+00:00,btc-updown-15m-1790446500,15,4954898,80161224004035795189889950527189586938441322603362256109895641850872868931529,2026-09-26T18:15:00+00:00,2026-09-26T18:30:00+00:00,12.65,0.32,0.33,0.325,0.01,145.0,251.16,97
2026-09-26T18:17:21.707661+00:00,btc-updown-15m-1790447400,15,4955228,101509204530905522565986510012529579003661387666125956391836401141671006278485,2026-09-26T18:30:00+00:00,2026-09-26T18:45:00+00:00,27.65,0.5,0.51,0.505,0.01,260.2,307.25,89
2026-09-26T18:18:22.886280+00:00,btc-updown-5m-1790446500,5,4954901,86910670011428984677811545451196227727038203933016740674276995674893556466264,2026-09-26T18:15:00+00:00,2026-09-26T18:20:00+00:00,1.63,0.09,0.1,0.095,0.01,20.0,420.65,99
2026-09-26T18:18:22.886280+00:00,btc-updown-5m-1790446800,5,4954938,36089989158937933122105659574628869123218640279805873919781697720461595898536,2026-09-26T18:20:00+00:00,2026-09-26T18:25:00+00:00,6.63,0.52,0.55,0.535,0.03,387.99,14.99,97
2026-09-26T18:18:22.886280+00:00,btc-updown-15m-1790446500,15,4954898,80161224004035795189889950527189586938441322603362256109895641850872868931529,2026-09-26T18:15:00+00:00,2026-09-26T18:30:00+00:00,11.63,0.35,0.36,0.355,0.01,380.0,366.15,93
2026-09-26T18:18:22.886280+00:00,btc-updown-15m-1790447400,15,4955228,101509204530905522565986510012529579003661387666125956391836401141671006278485,2026-09-26T18:30:00+00:00,2026-09-26T18:45:00+00:00,26.63,0.5,0.51,0.505,0.01,260.2,207.25,89
2026-09-26T18:19:24.094527+00:00,btc-updown-5m-1790446800,5,4954938,36089989158937933122105659574628869123218640279805873919781697720461595898536,2026-09-26T18:20:00+00:00,2026-09-26T18:25:00+00:00,5.6,0.52,0.53,0.525,0.01,348.57,340.75,99
2026-09-26T18:19:24.094527+00:00,btc-updown-15m-1790446500,15,4954898,80161224004035795189889950527189586938441322603362256109895641850872868931529,2026-09-26T18:15:00+00:00,2026-09-26T18:30:00+00:00,10.6,0.23,0.24,0.235,0.01,219.91,72.0,92
2026-09-26T18:19:24.094527+00:00,btc-updown-15m-1790447400,15,4955228,101509204530905522565986510012529579003661387666125956391836401141671006278485,2026-09-26T18:30:00+00:00,2026-09-26T18:45:00+00:00,25.6,0.5,0.51,0.505,0.01,260.2,207.25,89
2026-09-26T18:20:25.154226+00:00,btc-updown-5m-1790446800,5,4954938,36089989158937933122105659574628869123218640279805873919781697720461595898536,2026-09-26T18:20:00+00:00,2026-09-26T18:25:00+00:00,4.58,0.51,0.53,0.52,0.02,849.01,455.0,98
2026-09-26T18:20:25.154226+00:00,btc-updown-5m-1790447100,5,4955197,68132884301926102130277063553879561502025373701562364897049382444793618856884,2026-09-26T18:25:00+00:00,2026-09-26T18:30:00+00:00,9.58,0.52,0.53,0.525,0.01,65.94,70.0,99
2026-09-26T18:20:25.154226+00:00,btc-updown-15m-1790446500,15,4954898,80161224004035795189889950527189586938441322603362256109895641850872868931529,2026-09-26T18:15:00+00:00,2026-09-26T18:30:00+00:00,9.58,0.2,0.21,0.205,0.01,163.69,25.08,92
2026-09-26T18:20:25.154226+00:00,btc-updown-15m-1790447400,15,4955228,101509204530905522565986510012529579003661387666125956391836401141671006278485,2026-09-26T18:30:00+00:00,2026-09-26T18:45:00+00:00,24.58,0.5,0.51,0.505,0.01,290.2,157.25,89
2026-09-26T18:21:26.379754+00:00,btc-updown-5m-1790446800,5,4954938,36089989158937933122105659574628869123218640279805873919781697720461595898536,2026-09-26T18:20:00+00:00,2026-09-26T18:25:00+00:00,3.57,0.8,0.81,0.805,0.01,233.65,46.91,99
2026-09-26T18:21:26.379754+00:00,btc-updown-5m-1790447100,5,4955197,68132884301926102130277063553879561502025373701562364897049382444793618856884,2026-09-26T18:25:00+00:00,2026-09-26T18:30:00+00:00,8.57,0.52,0.53,0.525,0.01,65.94,95.0,99
2026-09-26T18:21:26.379754+00:00,btc-updown-15m-1790446500,15,4954898,80161224004035795189889950527189586938441322603362256109895641850872868931529,2026-09-26T18:15:00+00:00,2026-09-26T18:30:00+00:00,8.57,0.35,0.36,0.355,0.01,40.0,230.55,96
2026-09-26T18:21:26.379754+00:00,btc-updown-15m-1790447400,15,4955228,101509204530905522565986510012529579003661387666125956391836401141671006278485,2026-09-26T18:30:00+00:00,2026-09-26T18:45:00+00:00,23.57,0.5,0.51,0.505,0.01,290.2,207.25,89
2026-09-26T18:22:27.715116+00:00,btc-updown-5m-1790446800,5,4954938,36089989158937933122105659574628869123218640279805873919781697720461595898536,2026-09-26T18:20:00+00:00,2026-09-26T18:25:00+00:00,2.55,0.96,0.97,0.965,0.01,174.37,1411.25,99
2026-09-26T18:22:27.715116+00:00,btc-updown-5m-1790447100,5,4955197,68132884301926102130277063553879561502025373701562364897049382444793618856884,2026-09-26T18:25:00+00:00,2026-09-26T18:30:00+00:00,7.55,0.52,0.53,0.525,0.01,65.94,129.33,99
2026-09-26T18:22:27.715116+00:00,btc-updown-15m-1790446500,15,4954898,80161224004035795189889950527189586938441322603362256109895641850872868931529,2026-09-26T18:15:00+00:00,2026-09-26T18:30:00+00:00,7.55,0.39,0.4,0.395,0.01,90.0,87.59,93
2026-09-26T18:22:27.715116+00:00,btc-updown-15m-1790447400,15,4955228,101509204530905522565986510012529579003661387666125956391836401141671006278485,2026-09-26T18:30:00+00:00,2026-09-26T18:45:00+00:00,22.55,0.5,0.51,0.505,0.01,270.2,307.25,89
2026-09-26T18:23:28.889543+00:00,btc-updown-5m-1790446800,5,4954938,36089989158937933122105659574628869123218640279805873919781697720461595898536,2026-09-26T18:20:00+00:00,2026-09-26T18:25:00+00:00,1.53,0.97,0.98,0.975,0.01,129.33,290.0,99
2026-09-26T18:23:28.889543+00:00,btc-updown-5m-1790447100,5,4955197,68132884301926102130277063553879561502025373701562364897049382444793618856884,2026-09-26T18:25:00+00:00,2026-09-26T18:30:00+00:00,6.53,0.52,0.53,0.525,0.01,75.94,15.56,99
2026-09-26T18:23:28.889543+00:00,btc-updown-15m-1790446500,15,4954898,80161224004035795189889950527189586938441322603362256109895641850872868931529,2026-09-26T18:15:00+00:00,2026-09-26T18:30:00+00:00,6.53,0.29,0.3,0.295,0.01,383.71,192.0,94
2026-09-26T18:23:28.889543+00:00,btc-updown-15m-1790447400,15,4955228,101509204530905522565986510012529579003661387666125956391836401141671006278485,2026-09-26T18:30:00+00:00,2026-09-26T18:45:00+00:00,21.53,0.5,0.51,0.505,0.01,270.2,307.25,89
2026-09-26T18:24:30.088984+00:00,btc-updown-5m-1790447100,5,4955197,68132884301926102130277063553879561502025373701562364897049382444793618856884,2026-09-26T18:25:00+00:00,2026-09-26T18:30:00+00:00,5.5,0.52,0.53,0.525,0.01,35.41,12.42,99
2026-09-26T18:24:30.088984+00:00,btc-updown-15m-1790446500,15,4954898,80161224004035795189889950527189586938441322603362256109895641850872868931529,2026-09-26T18:15:00+00:00,2026-09-26T18:30:00+00:00,5.5,0.31,0.32,0.315,0.01,70.0,120.82,96
2026-09-26T18:24:30.088984+00:00,btc-updown-15m-1790447400,15,4955228,101509204530905522565986510012529579003661387666125956391836401141671006278485,2026-09-26T18:30:00+00:00,2026-09-26T18:45:00+00:00,20.5,0.5,0.51,0.505,0.01,270.2,146.42,89
2026-09-26T18:25:31.217508+00:00,btc-updown-5m-1790447100,5,4955197,68132884301926102130277063553879561502025373701562364897049382444793618856884,2026-09-26T18:25:00+00:00,2026-09-26T18:30:00+00:00,4.48,0.29,0.3,0.295,0.01,62.58,656.32,99
2026-09-26T18:25:31.217508+00:00,btc-updown-5m-1790447400,5,4955235,22086167203748792521546749973217517307251879741786288529207231209093724325861,2026-09-26T18:30:00+00:00,2026-09-26T18:35:00+00:00,9.48,0.49,0.5,0.495,0.01,359.17,50.0,99
2026-09-26T18:25:31.217508+00:00,btc-updown-15m-1790446500,15,4954898,80161224004035795189889950527189586938441322603362256109895641850872868931529,2026-09-26T18:15:00+00:00,2026-09-26T18:30:00+00:00,4.48,0.15,0.16,0.155,0.01,60.0,942.99,88
2026-09-26T18:25:31.217508+00:00,btc-updown-15m-1790447400,15,4955228,101509204530905522565986510012529579003661387666125956391836401141671006278485,2026-09-26T18:30:00+00:00,2026-09-26T18:45:00+00:00,19.48,0.5,0.51,0.505,0.01,270.2,20.0,89
2026-09-26T18:26:32.451689+00:00,btc-updown-5m-1790447100,5,4955197,68132884301926102130277063553879561502025373701562364897049382444793618856884,2026-09-26T18:25:00+00:00,2026-09-26T18:30:00+00:00,3.47,0.05,0.06,0.055,0.01,208.43,247.3,99
2026-09-26T18:26:32.451689+00:00,btc-updown-5m-1790447400,5,4955235,22086167203748792521546749973217517307251879741786288529207231209093724325861,2026-09-26T18:30:00+00:00,2026-09-26T18:35:00+00:00,8.47,0.49,0.5,0.495,0.01,272.1,230.0,99
2026-09-26T18:26:32.451689+00:00,btc-updown-15m-1790446500,15,4954898,80161224004035795189889950527189586938441322603362256109895641850872868931529,2026-09-26T18:15:00+00:00,2026-09-26T18:30:00+00:00,3.47,0.01,0.02,0.015,0.01,3262.58,55.0,86
2026-09-26T18:26:32.451689+00:00,btc-updown-15m-1790447400,15,4955228,101509204530905522565986510012529579003661387666125956391836401141671006278485,2026-09-26T18:30:00+00:00,2026-09-26T18:45:00+00:00,18.47,0.5,0.51,0.505,0.01,215.2,20.0,93
2026-09-26T18:27:33.663033+00:00,btc-updown-5m-1790447100,5,4955197,68132884301926102130277063553879561502025373701562364897049382444793618856884,2026-09-26T18:25:00+00:00,2026-09-26T18:30:00+00:00,2.45,0.08,0.09,0.085,0.01,15.0,884.03,99
2026-09-26T18:27:33.663033+00:00,btc-updown-5m-1790447400,5,4955235,22086167203748792521546749973217517307251879741786288529207231209093724325861,2026-09-26T18:30:00+00:00,2026-09-26T18:35:00+00:00,7.45,0.49,0.5,0.495,0.01,277.1,140.0,99
2026-09-26T18:27:33.663033+00:00,btc-updown-15m-1790446500,15,4954898,80161224004035795189889950527189586938441322603362256109895641850872868931529,2026-09-26T18:15:00+00:00,2026-09-26T18:30:00+00:00,2.45,0.01,0.02,0.015,0.01,2061.98,159.77,89
2026-09-26T18:27:33.663033+00:00,btc-updown-15m-1790447400,15,4955228,101509204530905522565986510012529579003661387666125956391836401141671006278485,2026-09-26T18:30:00+00:00,2026-09-26T18:45:00+00:00,17.45,0.5,0.51,0.505,0.01,120.2,10.12,93
2026-09-26T18:28:34.882975+00:00,btc-updown-5m-1790447100,5,4955197,68132884301926102130277063553879561502025373701562364897049382444793618856884,2026-09-26T18:25:00+00:00,2026-09-26T18:30:00+00:00,1.43,0.01,0.02,0.015,0.01,1465.72,251.99,99
2026-09-26T18:28:34.882975+00:00,btc-updown-5m-1790447400,5,4955235,22086167203748792521546749973217517307251879741786288529207231209093724325861,2026-09-26T18:30:00+00:00,2026-09-26T18:35:00+00:00,6.43,0.49,0.5,0.495,0.01,245.87,71.2,99
2026-09-26T18:28:34.882975+00:00,btc-updown-15m-1790446500,15,4954898,80161224004035795189889950527189586938441322603362256109895641850872868931529,2026-09-26T18:15:00+00:00,2026-09-26T18:30:00+00:00,1.43,0.001,0.004,0.0025,0.003,15.0,12.89,66
2026-09-26T18:28:34.882975+00:00,btc-updown-15m-1790447400,15,4955228,101509204530905522565986510012529579003661387666125956391836401141671006278485,2026-09-26T18:30:00+00:00,2026-09-26T18:45:00+00:00,16.43,0.5,0.53,0.515,0.03,105.0,105.0,91
2026-09-26T18:29:36.243352+00:00,btc-updown-5m-1790447400,5,4955235,22086167203748792521546749973217517307251879741786288529207231209093724325861,2026-09-26T18:30:00+00:00,2026-09-26T18:35:00+00:00,5.4,0.51,0.52,0.515,0.01,102.0,83.51,99
2026-09-26T18:29:36.243352+00:00,btc-updown-15m-1790447400,15,4955228,101509204530905522565986510012529579003661387666125956391836401141671006278485,2026-09-26T18:30:00+00:00,2026-09-26T18:45:00+00:00,15.4,0.52,0.53,0.525,0.01,20.0,118.53,69
2026-09-26T18:30:37.230790+00:00,btc-updown-5m-1790447400,5,4955235,22086167203748792521546749973217517307251879741786288529207231209093724325861,2026-09-26T18:30:00+00:00,2026-09-26T18:35:00+00:00,4.38,0.5,0.51,0.505,0.01,90.0,767.39,99
2026-09-26T18:30:37.230790+00:00,btc-updown-5m-1790447700,5,4955283,102943282673876578559189105296062577546103940291241861176843134445336060451504,2026-09-26T18:35:00+00:00,2026-09-26T18:40:00+00:00,9.38,0.53,0.54,0.535,0.01,35.0,80.43,99
2026-09-26T18:30:37.230790+00:00,btc-updown-15m-1790447400,15,4955228,101509204530905522565986510012529579003661387666125956391836401141671006278485,2026-09-26T18:30:00+00:00,2026-09-26T18:45:00+00:00,14.38,0.52,0.53,0.525,0.01,222.83,46.33,96
2026-09-26T18:30:37.230790+00:00,btc-updown-15m-1790448300,15,4955395,98934097556893168576783144056616520458999915557446879352784602226068929309308,2026-09-26T18:45:00+00:00,2026-09-26T19:00:00+00:00,29.38,0.5,0.51,0.505,0.01,278.47,126.64,97
2026-09-26T18:31:38.467263+00:00,btc-updown-5m-1790447400,5,4955235,22086167203748792521546749973217517307251879741786288529207231209093724325861,2026-09-26T18:30:00+00:00,2026-09-26T18:35:00+00:00,3.37,0.38,0.39,0.385,0.01,10.0,1143.07,99
2026-09-26T18:31:38.467263+00:00,btc-updown-5m-1790447700,5,4955283,102943282673876578559189105296062577546103940291241861176843134445336060451504,2026-09-26T18:35:00+00:00,2026-09-26T18:40:00+00:00,8.37,0.53,0.54,0.535,0.01,30.0,255.43,99
2026-09-26T18:31:38.467263+00:00,btc-updown-15m-1790447400,15,4955228,101509204530905522565986510012529579003661387666125956391836401141671006278485,2026-09-26T18:30:00+00:00,2026-09-26T18:45:00+00:00,13.37,0.48,0.49,0.485,0.01,39.24,539.93,96
2026-09-26T18:31:38.467263+00:00,btc-updown-15m-1790448300,15,4955395,98934097556893168576783144056616520458999915557446879352784602226068929309308,2026-09-26T18:45:00+00:00,2026-09-26T19:00:00+00:00,28.37,0.5,0.51,0.505,0.01,278.47,276.64,97
2026-09-26T18:32:39.666173+00:00,btc-updown-5m-1790447400,5,4955235,22086167203748792521546749973217517307251879741786288529207231209093724325861,2026-09-26T18:30:00+00:00,2026-09-26T18:35:00+00:00,2.35,0.7,0.71,0.705,0.01,133.34,95.0,99
2026-09-26T18:32:39.666173+00:00,btc-updown-5m-1790447700,5,4955283,102943282673876578559189105296062577546103940291241861176843134445336060451504,2026-09-26T18:35:00+00:00,2026-09-26T18:40:00+00:00,7.35,0.53,0.54,0.535,0.01,10.0,335.43,99
2026-09-26T18:32:39.666173+00:00,btc-updown-15m-1790447400,15,4955228,101509204530905522565986510012529579003661387666125956391836401141671006278485,2026-09-26T18:30:00+00:00,2026-09-26T18:45:00+00:00,12.35,0.57,0.58,0.575,0.01,241.76,12.2,94
2026-09-26T18:32:39.666173+00:00,btc-updown-15m-1790448300,15,4955395,98934097556893168576783144056616520458999915557446879352784602226068929309308,2026-09-26T18:45:00+00:00,2026-09-26T19:00:00+00:00,27.35,0.5,0.51,0.505,0.01,278.47,326.64,97
2026-09-26T18:33:40.869465+00:00,btc-updown-5m-1790447400,5,4955235,22086167203748792521546749973217517307251879741786288529207231209093724325861,2026-09-26T18:30:00+00:00,2026-09-26T18:35:00+00:00,1.33,0.41,0.42,0.415,0.01,47.99,150.98,99
2026-09-26T18:33:40.869465+00:00,btc-updown-5m-1790447700,5,4955283,102943282673876578559189105296062577546103940291241861176843134445336060451504,2026-09-26T18:35:00+00:00,2026-09-26T18:40:00+00:00,6.33,0.53,0.54,0.535,0.01,35.0,360.43,99
2026-09-26T18:33:40.869465+00:00,btc-updown-15m-1790447400,15,4955228,101509204530905522565986510012529579003661387666125956391836401141671006278485,2026-09-26T18:30:00+00:00,2026-09-26T18:45:00+00:00,11.33,0.49,0.5,0.495,0.01,15.0,406.1,95
2026-09-26T18:33:40.869465+00:00,btc-updown-15m-1790448300,15,4955395,98934097556893168576783144056616520458999915557446879352784602226068929309308,2026-09-26T18:45:00+00:00,2026-09-26T19:00:00+00:00,26.33,0.5,0.51,0.505,0.01,272.47,270.75,97
2026-09-26T18:34:42.294948+00:00,btc-updown-5m-1790447400,5,4955235,22086167203748792521546749973217517307251879741786288529207231209093724325861,2026-09-26T18:30:00+00:00,2026-09-26T18:35:00+00:00,0.3,0.88,0.95,0.915,0.07,80.0,20.0,45
2026-09-26T18:34:42.294948+00:00,btc-updown-5m-1790447700,5,4955283,102943282673876578559189105296062577546103940291241861176843134445336060451504,2026-09-26T18:35:00+00:00,2026-09-26T18:40:00+00:00,5.3,0.39,0.4,0.395,0.01,7.0,169.86,99
2026-09-26T18:34:42.294948+00:00,btc-updown-15m-1790447400,15,4955228,101509204530905522565986510012529579003661387666125956391836401141671006278485,2026-09-26T18:30:00+00:00,2026-09-26T18:45:00+00:00,10.3,0.46,0.47,0.465,0.01,240.88,4796.0,95
2026-09-26T18:34:42.294948+00:00,btc-updown-15m-1790448300,15,4955395,98934097556893168576783144056616520458999915557446879352784602226068929309308,2026-09-26T18:45:00+00:00,2026-09-26T19:00:00+00:00,25.3,0.5,0.51,0.505,0.01,272.47,170.75,97
2026-09-26T18:35:43.521377+00:00,btc-updown-5m-1790447700,5,4955283,102943282673876578559189105296062577546103940291241861176843134445336060451504,2026-09-26T18:35:00+00:00,2026-09-26T18:40:00+00:00,4.28,0.26,0.27,0.265,0.01,464.73,59.34,99
2026-09-26T18:35:43.521377+00:00,btc-updown-5m-1790448000,5,4955354,16573630421524461220509661077324547898986861611118517178339298735749121577347,2026-09-26T18:40:00+00:00,2026-09-26T18:45:00+00:00,9.28,0.51,0.52,0.515,0.01,98.0,107.73,99
2026-09-26T18:35:43.521377+00:00,btc-updown-15m-1790447400,15,4955228,101509204530905522565986510012529579003661387666125956391836401141671006278485,2026-09-26T18:30:00+00:00,2026-09-26T18:45:00+00:00,9.28,0.5,0.51,0.505,0.01,51.04,582.43,92
2026-09-26T18:35:43.521377+00:00,btc-updown-15m-1790448300,15,4955395,98934097556893168576783144056616520458999915557446879352784602226068929309308,2026-09-26T18:45:00+00:00,2026-09-26T19:00:00+00:00,24.28,0.5,0.51,0.505,0.01,302.47,170.75,97
2026-09-26T18:36:44.723957+00:00,btc-updown-5m-1790447700,5,4955283,102943282673876578559189105296062577546103940291241861176843134445336060451504,2026-09-26T18:35:00+00:00,2026-09-26T18:40:00+00:00,3.27,0.13,0.14,0.135,0.01,295.12,96.63,99
2026-09-26T18:36:44.723957+00:00,btc-updown-5m-1790448000,5,4955354,16573630421524461220509661077324547898986861611118517178339298735749121577347,2026-09-26T18:40:00+00:00,2026-09-26T18:45:00+00:00,8.27,0.51,0.52,0.515,0.01,98.0,67.73,99
2026-09-26T18:36:44.723957+00:00,btc-updown-15m-1790447400,15,4955228,101509204530905522565986510012529579003661387666125956391836401141671006278485,2026-09-26T18:30:00+00:00,2026-09-26T18:45:00+00:00,8.27,0.56,0.57,0.565,0.01,9.51,10.0,93
2026-09-26T18:36:44.723957+00:00,btc-updown-15m-1790448300,15,4955395,98934097556893168576783144056616520458999915557446879352784602226068929309308,2026-09-26T18:45:00+00:00,2026-09-26T19:00:00+00:00,23.27,0.5,0.51,0.505,0.01,302.47,120.75,97
2026-09-26T18:37:45.884461+00:00,btc-updown-5m-1790447700,5,4955283,102943282673876578559189105296062577546103940291241861176843134445336060451504,2026-09-26T18:35:00+00:00,2026-09-26T18:40:00+00:00,2.25,0.06,0.07,0.065,0.01,545.0,628.54,99
2026-09-26T18:37:45.884461+00:00,btc-updown-5m-1790448000,5,4955354,16573630421524461220509661077324547898986861611118517178339298735749121577347,2026-09-26T18:40:00+00:00,2026-09-26T18:45:00+00:00,7.25,0.51,0.52,0.515,0.01,103.0,113.88,99
2026-09-26T18:37:45.884461+00:00,btc-updown-15m-1790447400,15,4955228,101509204530905522565986510012529579003661387666125956391836401141671006278485,2026-09-26T18:30:00+00:00,2026-09-26T18:45:00+00:00,7.25,0.48,0.49,0.485,0.01,550.12,8349.03,88
2026-09-26T18:37:45.884461+00:00,btc-updown-15m-1790448300,15,4955395,98934097556893168576783144056616520458999915557446879352784602226068929309308,2026-09-26T18:45:00+00:00,2026-09-26T19:00:00+00:00,22.25,0.5,0.51,0.505,0.01,377.47,69.73,97
2026-09-26T18:38:47.095641+00:00,btc-updown-5m-1790448000,5,4955354,16573630421524461220509661077324547898986861611118517178339298735749121577347,2026-09-26T18:40:00+00:00,2026-09-26T18:45:00+00:00,6.22,0.61,0.62,0.615,0.01,13.03,25.0,96
2026-09-26T18:38:47.095641+00:00,btc-updown-15m-1790447400,15,4955228,101509204530905522565986510012529579003661387666125956391836401141671006278485,2026-09-26T18:30:00+00:00,2026-09-26T18:45:00+00:00,6.22,0.49,0.5,0.495,0.01,36.2,25152.58,86
2026-09-26T18:38:47.095641+00:00,btc-updown-15m-1790448300,15,4955395,98934097556893168576783144056616520458999915557446879352784602226068929309308,2026-09-26T18:45:00+00:00,2026-09-26T19:00:00+00:00,21.22,0.5,0.51,0.505,0.01,552.47,69.73,97
2026-09-26T18:39:48.175227+00:00,btc-updown-5m-1790448000,5,4955354,16573630421524461220509661077324547898986861611118517178339298735749121577347,2026-09-26T18:40:00+00:00,2026-09-26T18:45:00+00:00,5.2,0.56,0.57,0.565,0.01,378.23,75.44,99
2026-09-26T18:39:48.175227+00:00,btc-updown-15m-1790447400,15,4955228,101509204530905522565986510012529579003661387666125956391836401141671006278485,2026-09-26T18:30:00+00:00,2026-09-26T18:45:00+00:00,5.2,0.18,0.19,0.185,0.01,428.56,30.0,86
2026-09-26T18:39:48.175227+00:00,btc-updown-15m-1790448300,15,4955395,98934097556893168576783144056616520458999915557446879352784602226068929309308,2026-09-26T18:45:00+00:00,2026-09-26T19:00:00+00:00,20.2,0.5,0.51,0.505,0.01,377.47,62.74,97
2026-09-26T18:40:49.311441+00:00,btc-updown-5m-1790448000,5,4955354,16573630421524461220509661077324547898986861611118517178339298735749121577347,2026-09-26T18:40:00+00:00,2026-09-26T18:45:00+00:00,4.18,0.5,0.51,0.505,0.01,62.88,911.81,99
2026-09-26T18:40:49.311441+00:00,btc-updown-5m-1790448300,5,4955394,89810108580938764722546507407913167662021598302572593234418935222340380645297,2026-09-26T18:45:00+00:00,2026-09-26T18:50:00+00:00,9.18,0.52,0.53,0.525,0.01,74.71,100.0,99
2026-09-26T18:40:49.311441+00:00,btc-updown-15m-1790447400,15,4955228,101509204530905522565986510012529579003661387666125956391836401141671006278485,2026-09-26T18:30:00+00:00,2026-09-26T18:45:00+00:00,4.18,0.14,0.15,0.145,0.01,30.0,59.75,86
2026-09-26T18:40:49.311441+00:00,btc-updown-15m-1790448300,15,4955395,98934097556893168576783144056616520458999915557446879352784602226068929309308,2026-09-26T18:45:00+00:00,2026-09-26T19:00:00+00:00,19.18,0.5,0.51,0.505,0.01,197.47,71.74,97
2026-09-26T18:41:50.620108+00:00,btc-updown-5m-1790448000,5,4955354,16573630421524461220509661077324547898986861611118517178339298735749121577347,2026-09-26T18:40:00+00:00,2026-09-26T18:45:00+00:00,3.17,0.6,0.61,0.605,0.01,115.75,703.33,99
2026-09-26T18:41:50.620108+00:00,btc-updown-5m-1790448300,5,4955394,89810108580938764722546507407913167662021598302572593234418935222340380645297,2026-09-26T18:45:00+00:00,2026-09-26T18:50:00+00:00,8.17,0.52,0.53,0.525,0.01,84.71,105.0,99
2026-09-26T18:41:50.620108+00:00,btc-updown-15m-1790447400,15,4955228,101509204530905522565986510012529579003661387666125956391836401141671006278485,2026-09-26T18:30:00+00:00,2026-09-26T18:45:00+00:00,3.17,0.05,0.06,0.055,0.01,118.44,20.0,85
2026-09-26T18:41:50.620108+00:00,btc-updown-15m-1790448300,15,4955395,98934097556893168576783144056616520458999915557446879352784602226068929309308,2026-09-26T18:45:00+00:00,2026-09-26T19:00:00+00:00,18.17,0.5,0.51,0.505,0.01,222.47,69.77,97
2026-09-26T18:42:51.800728+00:00,btc-updown-5m-1790448000,5,4955354,16573630421524461220509661077324547898986861611118517178339298735749121577347,2026-09-26T18:40:00+00:00,2026-09-26T18:45:00+00:00,2.15,0.74,0.75,0.745,0.01,918.53,2.25,99
2026-09-26T18:42:51.800728+00:00,btc-updown-5m-1790448300,5,4955394,89810108580938764722546507407913167662021598302572593234418935222340380645297,2026-09-26T18:45:00+00:00,2026-09-26T18:50:00+00:00,7.15,0.52,0.53,0.525,0.01,84.71,101.22,99
2026-09-26T18:42:51.800728+00:00,btc-updown-15m-1790447400,15,4955228,101509204530905522565986510012529579003661387666125956391836401141671006278485,2026-09-26T18:30:00+00:00,2026-09-26T18:45:00+00:00,2.15,0.01,0.02,0.015,0.01,286.26,10.1,82
2026-09-26T18:42:51.800728+00:00,btc-updown-15m-1790448300,15,4955395,98934097556893168576783144056616520458999915557446879352784602226068929309308,2026-09-26T18:45:00+00:00,2026-09-26T19:00:00+00:00,17.15,0.5,0.51,0.505,0.01,227.47,69.99,97
2026-09-26T18:43:53.000535+00:00,btc-updown-5m-1790448000,5,4955354,16573630421524461220509661077324547898986861611118517178339298735749121577347,2026-09-26T18:40:00+00:00,2026-09-26T18:45:00+00:00,1.12,0.5,0.51,0.505,0.01,53.98,120.49,94
2026-09-26T18:43:53.000535+00:00,btc-updown-5m-1790448300,5,4955394,89810108580938764722546507407913167662021598302572593234418935222340380645297,2026-09-26T18:45:00+00:00,2026-09-26T18:50:00+00:00,6.12,0.52,0.53,0.525,0.01,98.87,111.12,99
2026-09-26T18:43:53.000535+00:00,btc-updown-15m-1790447400,15,4955228,101509204530905522565986510012529579003661387666125956391836401141671006278485,2026-09-26T18:30:00+00:00,2026-09-26T18:45:00+00:00,1.12,0.006,0.01,0.008,0.004,166.67,9949.84,65
2026-09-26T18:43:53.000535+00:00,btc-updown-15m-1790448300,15,4955395,98934097556893168576783144056616520458999915557446879352784602226068929309308,2026-09-26T18:45:00+00:00,2026-09-26T19:00:00+00:00,16.12,0.51,0.54,0.525,0.03,75.0,282.31,95
2026-09-26T18:44:54.183868+00:00,btc-updown-5m-1790448300,5,4955394,89810108580938764722546507407913167662021598302572593234418935222340380645297,2026-09-26T18:45:00+00:00,2026-09-26T18:50:00+00:00,5.1,0.42,0.43,0.425,0.01,5.0,90.32,99
2026-09-26T18:44:54.183868+00:00,btc-updown-15m-1790448300,15,4955395,98934097556893168576783144056616520458999915557446879352784602226068929309308,2026-09-26T18:45:00+00:00,2026-09-26T19:00:00+00:00,15.1,0.48,0.49,0.485,0.01,13.55,48.0,93
2026-09-26T18:45:55.186431+00:00,btc-updown-5m-1790448300,5,4955394,89810108580938764722546507407913167662021598302572593234418935222340380645297,2026-09-26T18:45:00+00:00,2026-09-26T18:50:00+00:00,4.08,0.35,0.36,0.355,0.01,82.13,332.01,99
2026-09-26T18:45:55.186431+00:00,btc-updown-5m-1790448600,5,4955605,85589767142922493009442884308094844616584425436064151772000733875764903060022,2026-09-26T18:50:00+00:00,2026-09-26T18:55:00+00:00,9.08,0.51,0.52,0.515,0.01,151.6,92.0,99
2026-09-26T18:45:55.186431+00:00,btc-updown-15m-1790448300,15,4955395,98934097556893168576783144056616520458999915557446879352784602226068929309308,2026-09-26T18:45:00+00:00,2026-09-26T19:00:00+00:00,14.08,0.45,0.46,0.455,0.01,144.29,258.96,93
2026-09-26T18:45:55.186431+00:00,btc-updown-15m-1790449200,15,4956419,76067528061536916022144012524113366839746049759755659579749690507506716411042,2026-09-26T19:00:00+00:00,2026-09-26T19:15:00+00:00,29.08,0.5,0.51,0.505,0.01,311.2,1461.8,97
2026-09-26T18:46:56.371876+00:00,btc-updown-5m-1790448300,5,4955394,89810108580938764722546507407913167662021598302572593234418935222340380645297,2026-09-26T18:45:00+00:00,2026-09-26T18:50:00+00:00,3.07,0.26,0.27,0.265,0.01,8.0,1123.93,99
2026-09-26T18:46:56.371876+00:00,btc-updown-5m-1790448600,5,4955605,85589767142922493009442884308094844616584425436064151772000733875764903060022,2026-09-26T18:50:00+00:00,2026-09-26T18:55:00+00:00,8.07,0.51,0.52,0.515,0.01,151.6,87.0,99
2026-09-26T18:46:56.371876+00:00,btc-updown-15m-1790448300,15,4955395,98934097556893168576783144056616520458999915557446879352784602226068929309308,2026-09-26T18:45:00+00:00,2026-09-26T19:00:00+00:00,13.07,0.41,0.42,0.415,0.01,288.36,2.61,93
2026-09-26T18:46:56.371876+00:00,btc-updown-15m-1790449200,15,4956419,76067528061536916022144012524113366839746049759755659579749690507506716411042,2026-09-26T19:00:00+00:00,2026-09-26T19:15:00+00:00,28.07,0.5,0.51,0.505,0.01,311.2,1461.8,97
2026-09-26T18:47:57.559058+00:00,btc-updown-5m-1790448300,5,4955394,89810108580938764722546507407913167662021598302572593234418935222340380645297,2026-09-26T18:45:00+00:00,2026-09-26T18:50:00+00:00,2.05,0.09,0.1,0.095,0.01,103.9,497.23,99
2026-09-26T18:47:57.559058+00:00,btc-updown-5m-1790448600,5,4955605,85589767142922493009442884308094844616584425436064151772000733875764903060022,2026-09-26T18:50:00+00:00,2026-09-26T18:55:00+00:00,7.05,0.52,0.53,0.525,0.01,30.0,52.96,99
2026-09-26T18:47:57.559058+00:00,btc-updown-15m-1790448300,15,4955395,98934097556893168576783144056616520458999915557446879352784602226068929309308,2026-09-26T18:45:00+00:00,2026-09-26T19:00:00+00:00,12.05,0.31,0.32,0.315,0.01,4212.34,119.96,89
2026-09-26T18:47:57.559058+00:00,btc-updown-15m-1790449200,15,4956419,76067528061536916022144012524113366839746049759755659579749690507506716411042,2026-09-26T19:00:00+00:00,2026-09-26T19:15:00+00:00,27.05,0.5,0.51,0.505,0.01,311.2,1461.8,97
2026-09-26T18:48:58.745614+00:00,btc-updown-5m-1790448300,5,4955394,89810108580938764722546507407913167662021598302572593234418935222340380645297,2026-09-26T18:45:00+00:00,2026-09-26T18:50:00+00:00,1.03,0.05,0.06,0.055,0.01,308.0,145.0,99
2026-09-26T18:48:58.745614+00:00,btc-updown-5m-1790448600,5,4955605,85589767142922493009442884308094844616584425436064151772000733875764903060022,2026-09-26T18:50:00+00:00,2026-09-26T18:55:00+00:00,6.03,0.56,0.57,0.565,0.01,820.67,218.24,97
2026-09-26T18:48:58.745614+00:00,btc-updown-15m-1790448300,15,4955395,98934097556893168576783144056616520458999915557446879352784602226068929309308,2026-09-26T18:45:00+00:00,2026-09-26T19:00:00+00:00,11.03,0.37,0.38,0.375,0.01,3908.85,250.85,90
2026-09-26T18:48:58.745614+00:00,btc-updown-15m-1790449200,15,4956419,76067528061536916022144012524113366839746049759755659579749690507506716411042,2026-09-26T19:00:00+00:00,2026-09-26T19:15:00+00:00,26.03,0.5,0.51,0.505,0.01,311.2,1461.8,97
2026-09-26T18:49:59.944853+00:00,btc-updown-5m-1790448600,5,4955605,85589767142922493009442884308094844616584425436064151772000733875764903060022,2026-09-26T18:50:00+00:00,2026-09-26T18:55:00+00:00,5.02,0.5,0.51,0.505,0.01,65.93,629.47,85
2026-09-26T18:49:59.944853+00:00,btc-updown-15m-1790448300,15,4955395,98934097556893168576783144056616520458999915557446879352784602226068929309308,2026-09-26T18:45:00+00:00,2026-09-26T19:00:00+00:00,10.02,0.31,0.32,0.315,0.01,292.21,125.0,87
2026-09-26T18:49:59.944853+00:00,btc-updown-15m-1790449200,15,4956419,76067528061536916022144012524113366839746049759755659579749690507506716411042,2026-09-26T19:00:00+00:00,2026-09-26T19:15:00+00:00,25.02,0.5,0.51,0.505,0.01,316.2,1461.8,97
2026-09-26T18:51:01.037222+00:00,btc-updown-5m-1790448600,5,4955605,85589767142922493009442884308094844616584425436064151772000733875764903060022,2026-09-26T18:50:00+00:00,2026-09-26T18:55:00+00:00,3.98,0.28,0.29,0.285,0.01,604.92,114.0,99
2026-09-26T18:51:01.037222+00:00,btc-updown-5m-1790448900,5,4956200,30785234025649326429150384032060368815686516114631772577484623079474212972671,2026-09-26T18:55:00+00:00,2026-09-26T19:00:00+00:00,8.98,0.5,0.51,0.505,0.01,376.0,185.46,99
2026-09-26T18:51:01.037222+00:00,btc-updown-15m-1790448300,15,4955395,98934097556893168576783144056616520458999915557446879352784602226068929309308,2026-09-26T18:45:00+00:00,2026-09-26T19:00:00+00:00,8.98,0.28,0.29,0.285,0.01,117.0,211.73,84
2026-09-26T18:51:01.037222+00:00,btc-updown-15m-1790449200,15,4956419,76067528061536916022144012524113366839746049759755659579749690507506716411042,2026-09-26T19:00:00+00:00,2026-09-26T19:15:00+00:00,23.98,0.5,0.51,0.505,0.01,381.2,1461.8,97
2026-09-26T18:52:02.247071+00:00,btc-updown-5m-1790448600,5,4955605,85589767142922493009442884308094844616584425436064151772000733875764903060022,2026-09-26T18:50:00+00:00,2026-09-26T18:55:00+00:00,2.97,0.28,0.29,0.285,0.01,111.0,142.68,99
2026-09-26T18:52:02.247071+00:00,btc-updown-5m-1790448900,5,4956200,30785234025649326429150384032060368815686516114631772577484623079474212972671,2026-09-26T18:55:00+00:00,2026-09-26T19:00:00+00:00,7.97,0.51,0.52,0.515,0.01,133.39,32.0,99
2026-09-26T18:52:02.247071+00:00,btc-updown-15m-1790448300,15,4955395,98934097556893168576783144056616520458999915557446879352784602226068929309308,2026-09-26T18:45:00+00:00,2026-09-26T19:00:00+00:00,7.97,0.25,0.26,0.255,0.01,4449.12,62.63,87
2026-09-26T18:52:02.247071+00:00,btc-updown-15m-1790449200,15,4956419,76067528061536916022144012524113366839746049759755659579749690507506716411042,2026-09-26T19:00:00+00:00,2026-09-26T19:15:00+00:00,22.97,0.5,0.51,0.505,0.01,556.2,1461.8,97
2026-09-26T18:53:03.431237+00:00,btc-updown-5m-1790448600,5,4955605,85589767142922493009442884308094844616584425436064151772000733875764903060022,2026-09-26T18:50:00+00:00,2026-09-26T18:55:00+00:00,1.95,0.18,0.19,0.185,0.01,697.8,120.0,99
2026-09-26T18:53:03.431237+00:00,btc-updown-5m-1790448900,5,4956200,30785234025649326429150384032060368815686516114631772577484623079474212972671,2026-09-26T18:55:00+00:00,2026-09-26T19:00:00+00:00,6.95,0.52,0.53,0.525,0.01,30.0,104.07,99
2026-09-26T18:53:03.431237+00:00,btc-updown-15m-1790448300,15,4955395,98934097556893168576783144056616520458999915557446879352784602226068929309308,2026-09-26T18:45:00+00:00,2026-09-26T19:00:00+00:00,6.95,0.24,0.26,0.25,0.02,1301.36,36.72,86
2026-09-26T18:53:03.431237+00:00,btc-updown-15m-1790449200,15,4956419,76067528061536916022144012524113366839746049759755659579749690507506716411042,2026-09-26T19:00:00+00:00,2026-09-26T19:15:00+00:00,21.95,0.5,0.51,0.505,0.01,556.2,1452.55,97
2026-09-26T18:54:04.670859+00:00,btc-updown-5m-1790448600,5,4955605,85589767142922493009442884308094844616584425436064151772000733875764903060022,2026-09-26T18:50:00+00:00,2026-09-26T18:55:00+00:00,0.93,0.02,0.03,0.025,0.01,911.71,282.78,99
2026-09-26T18:54:04.670859+00:00,btc-updown-5m-1790448900,5,4956200,30785234025649326429150384032060368815686516114631772577484623079474212972671,2026-09-26T18:55:00+00:00,2026-09-26T19:00:00+00:00,5.93,0.52,0.53,0.525,0.01,48.51,50.0,99
2026-09-26T18:54:04.670859+00:00,btc-updown-15m-1790448300,15,4955395,98934097556893168576783144056616520458999915557446879352784602226068929309308,2026-09-26T18:45:00+00:00,2026-09-26T19:00:00+00:00,5.93,0.23,0.24,0.235,0.01,2189.25,20.0,88
2026-09-26T18:54:04.670859+00:00,btc-updown-15m-1790449200,15,4956419,76067528061536916022144012524113366839746049759755659579749690507506716411042,2026-09-26T19:00:00+00:00,2026-09-26T19:15:00+00:00,20.93,0.5,0.51,0.505,0.01,556.2,1322.55,97
2026-09-26T18:55:05.841393+00:00,btc-updown-5m-1790448900,5,4956200,30785234025649326429150384032060368815686516114631772577484623079474212972671,2026-09-26T18:55:00+00:00,2026-09-26T19:00:00+00:00,4.92,0.5,0.51,0.505,0.01,278.67,145.97,99
2026-09-26T18:55:05.841393+00:00,btc-updown-5m-1790449200,5,4956404,95027178757862994946165104486128361160117362536086035326028476586869680401356,2026-09-26T19:00:00+00:00,2026-09-26T19:05:00+00:00,9.92,0.5,0.51,0.505,0.01,335.0,243.85,99
2026-09-26T18:55:05.841393+00:00,btc-updown-15m-1790448300,15,4955395,98934097556893168576783144056616520458999915557446879352784602226068929309308,2026-09-26T18:45:00+00:00,2026-09-26T19:00:00+00:00,4.92,0.16,0.17,0.165,0.01,101.61,30.14,87
2026-09-26T18:55:05.841393+00:00,btc-updown-15m-1790449200,15,4956419,76067528061536916022144012524113366839746049759755659579749690507506716411042,2026-09-26T19:00:00+00:00,2026-09-26T19:15:00+00:00,19.92,0.5,0.51,0.505,0.01,516.2,1220.2,97
2026-09-26T18:56:07.045283+00:00,btc-updown-5m-1790448900,5,4956200,30785234025649326429150384032060368815686516114631772577484623079474212972671,2026-09-26T18:55:00+00:00,2026-09-26T19:00:00+00:00,3.88,0.39,0.4,0.395,0.01,249.18,295.74,99
2026-09-26T18:56:07.045283+00:00,btc-updown-5m-1790449200,5,4956404,95027178757862994946165104486128361160117362536086035326028476586869680401356,2026-09-26T19:00:00+00:00,2026-09-26T19:05:00+00:00,8.88,0.5,0.51,0.505,0.01,392.0,135.1,99
2026-09-26T18:56:07.045283+00:00,btc-updown-15m-1790448300,15,4955395,98934097556893168576783144056616520458999915557446879352784602226068929309308,2026-09-26T18:45:00+00:00,2026-09-26T19:00:00+00:00,3.88,0.08,0.09,0.085,0.01,86.0,138.08,88
2026-09-26T18:56:07.045283+00:00,btc-updown-15m-1790449200,15,4956419,76067528061536916022144012524113366839746049759755659579749690507506716411042,2026-09-26T19:00:00+00:00,2026-09-26T19:15:00+00:00,18.88,0.5,0.51,0.505,0.01,516.2,1205.88,97
2026-09-26T18:57:08.227161+00:00,btc-updown-5m-1790448900,5,4956200,30785234025649326429150384032060368815686516114631772577484623079474212972671,2026-09-26T18:55:00+00:00,2026-09-26T19:00:00+00:00,2.87,0.58,0.59,0.585,0.01,531.33,57.0,99
2026-09-26T18:57:08.227161+00:00,btc-updown-5m-1790449200,5,4956404,95027178757862994946165104486128361160117362536086035326028476586869680401356,2026-09-26T19:00:00+00:00,2026-09-26T19:05:00+00:00,7.87,0.5,0.51,0.505,0.01,397.0,10.0,99
2026-09-26T18:57:08.227161+00:00,btc-updown-15m-1790448300,15,4955395,98934097556893168576783144056616520458999915557446879352784602226068929309308,2026-09-26T18:45:00+00:00,2026-09-26T19:00:00+00:00,2.87,0.14,0.15,0.145,0.01,5.0,188.15,90
2026-09-26T18:57:08.227161+00:00,btc-updown-15m-1790449200,15,4956419,76067528061536916022144012524113366839746049759755659579749690507506716411042,2026-09-26T19:00:00+00:00,2026-09-26T19:15:00+00:00,17.87,0.5,0.51,0.505,0.01,516.2,950.09,97
2026-09-26T18:58:09.434276+00:00,btc-updown-5m-1790448900,5,4956200,30785234025649326429150384032060368815686516114631772577484623079474212972671,2026-09-26T18:55:00+00:00,2026-09-26T19:00:00+00:00,1.85,0.36,0.37,0.365,0.01,560.37,12.49,99
2026-09-26T18:58:09.434276+00:00,btc-updown-5m-1790449200,5,4956404,95027178757862994946165104486128361160117362536086035326028476586869680401356,2026-09-26T19:00:00+00:00,2026-09-26T19:05:00+00:00,6.85,0.5,0.51,0.505,0.01,417.0,35.0,99
2026-09-26T18:58:09.434276+00:00,btc-updown-15m-1790448300,15,4955395,98934097556893168576783144056616520458999915557446879352784602226068929309308,2026-09-26T18:45:00+00:00,2026-09-26T19:00:00+00:00,1.85,0.05,0.06,0.055,0.01,28.94,471.72,87
2026-09-26T18:58:09.434276+00:00,btc-updown-15m-1790449200,15,4956419,76067528061536916022144012524113366839746049759755659579749690507506716411042,2026-09-26T19:00:00+00:00,2026-09-26T19:15:00+00:00,16.85,0.48,0.49,0.485,0.01,356.44,51.74,97
2026-09-26T18:59:10.623511+00:00,btc-updown-5m-1790448900,5,4956200,30785234025649326429150384032060368815686516114631772577484623079474212972671,2026-09-26T18:55:00+00:00,2026-09-26T19:00:00+00:00,0.83,0.26,0.27,0.265,0.01,0.29,110.0,99
2026-09-26T18:59:10.623511+00:00,btc-updown-5m-1790449200,5,4956404,95027178757862994946165104486128361160117362536086035326028476586869680401356,2026-09-26T19:00:00+00:00,2026-09-26T19:05:00+00:00,5.83,0.51,0.52,0.515,0.01,257.32,26.0,99
2026-09-26T18:59:10.623511+00:00,btc-updown-15m-1790449200,15,4956419,76067528061536916022144012524113366839746049759755659579749690507506716411042,2026-09-26T19:00:00+00:00,2026-09-26T19:15:00+00:00,15.83,0.51,0.52,0.515,0.01,295.0,20.0,91
2026-09-26T19:00:11.715526+00:00,btc-updown-5m-1790449200,5,4956404,95027178757862994946165104486128361160117362536086035326028476586869680401356,2026-09-26T19:00:00+00:00,2026-09-26T19:05:00+00:00,4.82,0.84,0.85,0.845,0.01,846.89,511.25,99
2026-09-26T19:00:11.715526+00:00,btc-updown-5m-1790449500,5,4957238,33226283290860067753669878237040854770005323953534180507127119325417392779240,2026-09-26T19:05:00+00:00,2026-09-26T19:10:00+00:00,9.82,0.54,0.55,0.545,0.01,50.46,6.17,99
2026-09-26T19:00:11.715526+00:00,btc-updown-15m-1790449200,15,4956419,76067528061536916022144012524113366839746049759755659579749690507506716411042,2026-09-26T19:00:00+00:00,2026-09-26T19:15:00+00:00,14.82,0.67,0.68,0.675,0.01,252.83,45.0,96
2026-09-26T19:00:11.715526+00:00,btc-updown-15m-1790450100,15,4957557,38106395378557112259711128574016261921679059417924980686185867320572453545306,2026-09-26T19:15:00+00:00,2026-09-26T19:30:00+00:00,29.82,0.5,0.51,0.505,0.01,266.2,70.62,97
2026-09-26T19:01:12.983994+00:00,btc-updown-5m-1790449200,5,4956404,95027178757862994946165104486128361160117362536086035326028476586869680401356,2026-09-26T19:00:00+00:00,2026-09-26T19:05:00+00:00,3.8,0.95,0.96,0.955,0.01,232.51,1230.8,99
2026-09-26T19:01:12.983994+00:00,btc-updown-5m-1790449500,5,4957238,33226283290860067753669878237040854770005323953534180507127119325417392779240,2026-09-26T19:05:00+00:00,2026-09-26T19:10:00+00:00,8.8,0.54,0.55,0.545,0.01,50.46,86.17,99
2026-09-26T19:01:12.983994+00:00,btc-updown-15m-1790449200,15,4956419,76067528061536916022144012524113366839746049759755659579749690507506716411042,2026-09-26T19:00:00+00:00,2026-09-26T19:15:00+00:00,13.8,0.76,0.77,0.765,0.01,26.15,699.62,93
2026-09-26T19:01:12.983994+00:00,btc-updown-15m-1790450100,15,4957557,38106395378557112259711128574016261921679059417924980686185867320572453545306,2026-09-26T19:15:00+00:00,2026-09-26T19:30:00+00:00,28.8,0.5,0.51,0.505,0.01,296.2,20.0,97
2026-09-26T19:02:14.191782+00:00,btc-updown-5m-1790449200,5,4956404,95027178757862994946165104486128361160117362536086035326028476586869680401356,2026-09-26T19:00:00+00:00,2026-09-26T19:05:00+00:00,2.77,0.97,0.98,0.975,0.01,822.04,3211.17,99
2026-09-26T19:02:14.191782+00:00,btc-updown-5m-1790449500,5,4957238,33226283290860067753669878237040854770005323953534180507127119325417392779240,2026-09-26T19:05:00+00:00,2026-09-26T19:10:00+00:00,7.77,0.55,0.56,0.555,0.01,60.46,84.0,98
2026-09-26T19:02:14.191782+00:00,btc-updown-15m-1790449200,15,4956419,76067528061536916022144012524113366839746049759755659579749690507506716411042,2026-09-26T19:00:00+00:00,2026-09-26T19:15:00+00:00,12.77,0.68,0.69,0.685,0.01,101.93,19.92,96
2026-09-26T19:02:14.191782+00:00,btc-updown-15m-1790450100,15,4957557,38106395378557112259711128574016261921679059417924980686185867320572453545306,2026-09-26T19:15:00+00:00,2026-09-26T19:30:00+00:00,27.77,0.5,0.51,0.505,0.01,276.2,40.0,97
2026-09-26T19:03:15.374134+00:00,btc-updown-5m-1790449200,5,4956404,95027178757862994946165104486128361160117362536086035326028476586869680401356,2026-09-26T19:00:00+00:00,2026-09-26T19:05:00+00:00,1.75,0.989,0.99,0.9895,0.001,20.0,899.4,112
2026-09-26T19:03:15.374134+00:00,btc-updown-5m-1790449500,5,4957238,33226283290860067753669878237040854770005323953534180507127119325417392779240,2026-09-26T19:05:00+00:00,2026-09-26T19:10:00+00:00,6.75,0.55,0.56,0.555,0.01,85.46,80.0,98
2026-09-26T19:03:15.374134+00:00,btc-updown-15m-1790449200,15,4956419,76067528061536916022144012524113366839746049759755659579749690507506716411042,2026-09-26T19:00:00+00:00,2026-09-26T19:15:00+00:00,11.75,0.66,0.67,0.665,0.01,13949.0,60.0,94
2026-09-26T19:03:15.374134+00:00,btc-updown-15m-1790450100,15,4957557,38106395378557112259711128574016261921679059417924980686185867320572453545306,2026-09-26T19:15:00+00:00,2026-09-26T19:30:00+00:00,26.75,0.5,0.51,0.505,0.01,276.2,40.0,97
2026-09-26T19:04:16.605732+00:00,btc-updown-5m-1790449500,5,4957238,33226283290860067753669878237040854770005323953534180507127119325417392779240,2026-09-26T19:05:00+00:00,2026-09-26T19:10:00+00:00,5.73,0.51,0.52,0.515,0.01,53.5,198.92,99
2026-09-26T19:04:16.605732+00:00,btc-updown-15m-1790449200,15,4956419,76067528061536916022144012524113366839746049759755659579749690507506716411042,2026-09-26T19:00:00+00:00,2026-09-26T19:15:00+00:00,10.73,0.64,0.65,0.645,0.01,6507.0,112.0,95
2026-09-26T19:04:16.605732+00:00,btc-updown-15m-1790450100,15,4957557,38106395378557112259711128574016261921679059417924980686185867320572453545306,2026-09-26T19:15:00+00:00,2026-09-26T19:30:00+00:00,25.73,0.5,0.51,0.505,0.01,296.2,20.0,97
2026-09-26T19:05:17.746625+00:00,btc-updown-5m-1790449500,5,4957238,33226283290860067753669878237040854770005323953534180507127119325417392779240,2026-09-26T19:05:00+00:00,2026-09-26T19:10:00+00:00,4.72,0.49,0.5,0.495,0.01,129.0,438.51,99
2026-09-26T19:05:17.746625+00:00,btc-updown-5m-1790449800,5,4957349,108380781123311630453104983672056833416406273683670540414594617056425151656926,2026-09-26T19:10:00+00:00,2026-09-26T19:15:00+00:00,9.72,0.5,0.51,0.505,0.01,278.0,306.97,99
2026-09-26T19:05:17.746625+00:00,btc-updown-15m-1790449200,15,4956419,76067528061536916022144012524113366839746049759755659579749690507506716411042,2026-09-26T19:00:00+00:00,2026-09-26T19:15:00+00:00,9.72,0.71,0.72,0.715,0.01,99.22,35.0,86
2026-09-26T19:05:17.746625+00:00,btc-updown-15m-1790450100,15,4957557,38106395378557112259711128574016261921679059417924980686185867320572453545306,2026-09-26T19:15:00+00:00,2026-09-26T19:30:00+00:00,24.72,0.5,0.51,0.505,0.01,326.2,20.0,97
2026-09-26T19:06:18.929417+00:00,btc-updown-5m-1790449500,5,4957238,33226283290860067753669878237040854770005323953534180507127119325417392779240,2026-09-26T19:05:00+00:00,2026-09-26T19:10:00+00:00,3.7,0.4,0.41,0.405,0.01,713.67,85.39,99
2026-09-26T19:06:18.929417+00:00,btc-updown-5m-1790449800,5,4957349,108380781123311630453104983672056833416406273683670540414594617056425151656926,2026-09-26T19:10:00+00:00,2026-09-26T19:15:00+00:00,8.7,0.5,0.51,0.505,0.01,283.0,183.13,99
2026-09-26T19:06:18.929417+00:00,btc-updown-15m-1790449200,15,4956419,76067528061536916022144012524113366839746049759755659579749690507506716411042,2026-09-26T19:00:00+00:00,2026-09-26T19:15:00+00:00,8.7,0.74,0.75,0.745,0.01,10.0,93.52,91
2026-09-26T19:06:18.929417+00:00,btc-updown-15m-1790450100,15,4957557,38106395378557112259711128574016261921679059417924980686185867320572453545306,2026-09-26T19:15:00+00:00,2026-09-26T19:30:00+00:00,23.7,0.5,0.51,0.505,0.01,326.2,20.0,97
2026-09-26T19:07:20.125055+00:00,btc-updown-5m-1790449500,5,4957238,33226283290860067753669878237040854770005323953534180507127119325417392779240,2026-09-26T19:05:00+00:00,2026-09-26T19:10:00+00:00,2.67,0.12,0.13,0.125,0.01,852.37,70.0,99
2026-09-26T19:07:20.125055+00:00,btc-updown-5m-1790449800,5,4957349,108380781123311630453104983672056833416406273683670540414594617056425151656926,2026-09-26T19:10:00+00:00,2026-09-26T19:15:00+00:00,7.67,0.5,0.51,0.505,0.01,288.0,178.13,99
2026-09-26T19:07:20.125055+00:00,btc-updown-15m-1790449200,15,4956419,76067528061536916022144012524113366839746049759755659579749690507506716411042,2026-09-26T19:00:00+00:00,2026-09-26T19:15:00+00:00,7.67,0.73,0.74,0.735,0.01,60.0,135.0,93
2026-09-26T19:07:20.125055+00:00,btc-updown-15m-1790450100,15,4957557,38106395378557112259711128574016261921679059417924980686185867320572453545306,2026-09-26T19:15:00+00:00,2026-09-26T19:30:00+00:00,22.67,0.5,0.51,0.505,0.01,326.2,20.0,97
2026-09-26T19:08:21.373879+00:00,btc-updown-5m-1790449500,5,4957238,33226283290860067753669878237040854770005323953534180507127119325417392779240,2026-09-26T19:05:00+00:00,2026-09-26T19:10:00+00:00,1.65,0.03,0.04,0.035,0.01,747.49,102.52,99
2026-09-26T19:08:21.373879+00:00,btc-updown-5m-1790449800,5,4957349,108380781123311630453104983672056833416406273683670540414594617056425151656926,2026-09-26T19:10:00+00:00,2026-09-26T19:15:00+00:00,6.65,0.5,0.51,0.505,0.01,313.0,35.0,99
2026-09-26T19:08:21.373879+00:00,btc-updown-15m-1790449200,15,4956419,76067528061536916022144012524113366839746049759755659579749690507506716411042,2026-09-26T19:00:00+00:00,2026-09-26T19:15:00+00:00,6.65,0.72,0.73,0.725,0.01,3353.0,65.0,92
2026-09-26T19:08:21.373879+00:00,btc-updown-15m-1790450100,15,4957557,38106395378557112259711128574016261921679059417924980686185867320572453545306,2026-09-26T19:15:00+00:00,2026-09-26T19:30:00+00:00,21.65,0.5,0.51,0.505,0.01,351.2,20.0,97
2026-09-26T19:09:22.574331+00:00,btc-updown-5m-1790449800,5,4957349,108380781123311630453104983672056833416406273683670540414594617056425151656926,2026-09-26T19:10:00+00:00,2026-09-26T19:15:00+00:00,5.63,0.52,0.53,0.525,0.01,97.0,29.22,99
2026-09-26T19:09:22.574331+00:00,btc-updown-15m-1790449200,15,4956419,76067528061536916022144012524113366839746049759755659579749690507506716411042,2026-09-26T19:00:00+00:00,2026-09-26T19:15:00+00:00,5.63,0.77,0.78,0.775,0.01,158.55,206.6,88
2026-09-26T19:09:22.574331+00:00,btc-updown-15m-1790450100,15,4957557,38106395378557112259711128574016261921679059417924980686185867320572453545306,2026-09-26T19:15:00+00:00,2026-09-26T19:30:00+00:00,20.63,0.5,0.51,0.505,0.01,401.2,20.0,97
2026-09-26T19:10:23.706879+00:00,btc-updown-5m-1790449800,5,4957349,108380781123311630453104983672056833416406273683670540414594617056425151656926,2026-09-26T19:10:00+00:00,2026-09-26T19:15:00+00:00,4.62,0.22,0.23,0.225,0.01,57.0,631.13,99
2026-09-26T19:10:23.706879+00:00,btc-updown-5m-1790450100,5,4957549,102822087314269786116047503680629580922746172008204928825184164272187368349356,2026-09-26T19:15:00+00:00,2026-09-26T19:20:00+00:00,9.62,0.5,0.51,0.505,0.01,138.0,243.85,99
2026-09-26T19:10:23.706879+00:00,btc-updown-15m-1790449200,15,4956419,76067528061536916022144012524113366839746049759755659579749690507506716411042,2026-09-26T19:00:00+00:00,2026-09-26T19:15:00+00:00,4.62,0.59,0.6,0.595,0.01,160.79,20.0,89
2026-09-26T19:10:23.706879+00:00,btc-updown-15m-1790450100,15,4957557,38106395378557112259711128574016261921679059417924980686185867320572453545306,2026-09-26T19:15:00+00:00,2026-09-26T19:30:00+00:00,19.62,0.5,0.51,0.505,0.01,576.2,14.19,97
2026-09-26T19:11:24.959927+00:00,btc-updown-5m-1790449800,5,4957349,108380781123311630453104983672056833416406273683670540414594617056425151656926,2026-09-26T19:10:00+00:00,2026-09-26T19:15:00+00:00,3.6,0.24,0.25,0.245,0.01,573.51,30.0,99
2026-09-26T19:11:24.959927+00:00,btc-updown-5m-1790450100,5,4957549,102822087314269786116047503680629580922746172008204928825184164272187368349356,2026-09-26T19:15:00+00:00,2026-09-26T19:20:00+00:00,8.6,0.5,0.51,0.505,0.01,153.0,134.01,99
2026-09-26T19:11:24.959927+00:00,btc-updown-15m-1790449200,15,4956419,76067528061536916022144012524113366839746049759755659579749690507506716411042,2026-09-26T19:00:00+00:00,2026-09-26T19:15:00+00:00,3.6,0.67,0.68,0.675,0.01,268.33,25.0,92
2026-09-26T19:11:24.959927+00:00,btc-updown-15m-1790450100,15,4957557,38106395378557112259711128574016261921679059417924980686185867320572453545306,2026-09-26T19:15:00+00:00,2026-09-26T19:30:00+00:00,18.6,0.5,0.51,0.505,0.01,556.2,14.19,97
2026-09-26T19:12:26.178942+00:00,btc-updown-5m-1790449800,5,4957349,108380781123311630453104983672056833416406273683670540414594617056425151656926,2026-09-26T19:10:00+00:00,2026-09-26T19:15:00+00:00,2.57,0.55,0.56,0.555,0.01,15.84,1123.36,99
2026-09-26T19:12:26.178942+00:00,btc-updown-5m-1790450100,5,4957549,102822087314269786116047503680629580922746172008204928825184164272187368349356,2026-09-26T19:15:00+00:00,2026-09-26T19:20:00+00:00,7.57,0.5,0.51,0.505,0.01,163.0,134.01,99
2026-09-26T19:12:26.178942+00:00,btc-updown-15m-1790449200,15,4956419,76067528061536916022144012524113366839746049759755659579749690507506716411042,2026-09-26T19:00:00+00:00,2026-09-26T19:15:00+00:00,2.57,0.94,0.95,0.945,0.01,154.92,83.11,89
2026-09-26T19:12:26.178942+00:00,btc-updown-15m-1790450100,15,4957557,38106395378557112259711128574016261921679059417924980686185867320572453545306,2026-09-26T19:15:00+00:00,2026-09-26T19:30:00+00:00,17.57,0.5,0.51,0.505,0.01,411.2,14.19,97
2026-09-26T19:13:27.354753+00:00,btc-updown-5m-1790449800,5,4957349,108380781123311630453104983672056833416406273683670540414594617056425151656926,2026-09-26T19:10:00+00:00,2026-09-26T19:15:00+00:00,1.55,0.91,0.92,0.915,0.01,90.02,131.46,99
2026-09-26T19:13:27.354753+00:00,btc-updown-5m-1790450100,5,4957549,102822087314269786116047503680629580922746172008204928825184164272187368349356,2026-09-26T19:15:00+00:00,2026-09-26T19:20:00+00:00,6.55,0.5,0.51,0.505,0.01,133.0,114.79,99
2026-09-26T19:13:27.354753+00:00,btc-updown-15m-1790449200,15,4956419,76067528061536916022144012524113366839746049759755659579749690507506716411042,2026-09-26T19:00:00+00:00,2026-09-26T19:15:00+00:00,1.55,0.98,0.99,0.985,0.01,233.08,571.85,81
2026-09-26T19:13:27.354753+00:00,btc-updown-15m-1790450100,15,4957557,38106395378557112259711128574016261921679059417924980686185867320572453545306,2026-09-26T19:15:00+00:00,2026-09-26T19:30:00+00:00,16.55,0.51,0.52,0.515,0.01,60.81,107.08,97
2026-09-26T19:14:28.571841+00:00,btc-updown-5m-1790450100,5,4957549,102822087314269786116047503680629580922746172008204928825184164272187368349356,2026-09-26T19:15:00+00:00,2026-09-26T19:20:00+00:00,5.53,0.5,0.51,0.505,0.01,231.32,20.0,99
2026-09-26T19:14:28.571841+00:00,btc-updown-15m-1790450100,15,4957557,38106395378557112259711128574016261921679059417924980686185867320572453545306,2026-09-26T19:15:00+00:00,2026-09-26T19:30:00+00:00,15.53,0.52,0.53,0.525,0.01,45.0,92.45,91
2026-09-26T19:15:29.639698+00:00,btc-updown-5m-1790450100,5,4957549,102822087314269786116047503680629580922746172008204928825184164272187368349356,2026-09-26T19:15:00+00:00,2026-09-26T19:20:00+00:00,4.52,0.53,0.54,0.535,0.01,899.54,4.44,99
2026-09-26T19:15:29.639698+00:00,btc-updown-5m-1790450400,5,4957602,87217205008272159614356075554158574051317739144672270375205155952081606538273,2026-09-26T19:20:00+00:00,2026-09-26T19:25:00+00:00,9.52,0.5,0.51,0.505,0.01,140.0,246.01,99
2026-09-26T19:15:29.639698+00:00,btc-updown-15m-1790450100,15,4957557,38106395378557112259711128574016261921679059417924980686185867320572453545306,2026-09-26T19:15:00+00:00,2026-09-26T19:30:00+00:00,14.52,0.52,0.53,0.525,0.01,188.69,189.09,99
2026-09-26T19:15:29.639698+00:00,btc-updown-15m-1790451000,15,4958479,76653453436196807494604488074745137696578488316406602151951788775979244072316,2026-09-26T19:30:00+00:00,2026-09-26T19:45:00+00:00,29.52,0.5,0.51,0.505,0.01,298.5,75.62,97
2026-09-26T19:16:30.822223+00:00,btc-updown-5m-1790450100,5,4957549,102822087314269786116047503680629580922746172008204928825184164272187368349356,2026-09-26T19:15:00+00:00,2026-09-26T19:20:00+00:00,3.5,0.63,0.64,0.635,0.01,569.16,756.18,99
2026-09-26T19:16:30.822223+00:00,btc-updown-5m-1790450400,5,4957602,87217205008272159614356075554158574051317739144672270375205155952081606538273,2026-09-26T19:20:00+00:00,2026-09-26T19:25:00+00:00,8.5,0.5,0.51,0.505,0.01,145.0,192.24,99
2026-09-26T19:16:30.822223+00:00,btc-updown-15m-1790450100,15,4957557,38106395378557112259711128574016261921679059417924980686185867320572453545306,2026-09-26T19:15:00+00:00,2026-09-26T19:30:00+00:00,13.5,0.51,0.52,0.515,0.01,272.77,20.0,97
2026-09-26T19:16:30.822223+00:00,btc-updown-15m-1790451000,15,4958479,76653453436196807494604488074745137696578488316406602151951788775979244072316,2026-09-26T19:30:00+00:00,2026-09-26T19:45:00+00:00,28.5,0.5,0.51,0.505,0.01,298.5,75.62,97
2026-09-26T19:17:32.150562+00:00,btc-updown-5m-1790450100,5,4957549,102822087314269786116047503680629580922746172008204928825184164272187368349356,2026-09-26T19:15:00+00:00,2026-09-26T19:20:00+00:00,2.47,0.74,0.75,0.745,0.01,140.0,360.3,99
2026-09-26T19:17:32.150562+00:00,btc-updown-5m-1790450400,5,4957602,87217205008272159614356075554158574051317739144672270375205155952081606538273,2026-09-26T19:20:00+00:00,2026-09-26T19:25:00+00:00,7.47,0.5,0.51,0.505,0.01,145.0,190.27,99
2026-09-26T19:17:32.150562+00:00,btc-updown-15m-1790450100,15,4957557,38106395378557112259711128574016261921679059417924980686185867320572453545306,2026-09-26T19:15:00+00:00,2026-09-26T19:30:00+00:00,12.47,0.53,0.54,0.535,0.01,226.28,70.0,97
2026-09-26T19:17:32.150562+00:00,btc-updown-15m-1790451000,15,4958479,76653453436196807494604488074745137696578488316406602151951788775979244072316,2026-09-26T19:30:00+00:00,2026-09-26T19:45:00+00:00,27.47,0.5,0.51,0.505,0.01,298.5,125.62,97
2026-09-26T19:18:33.426164+00:00,btc-updown-5m-1790450100,5,4957549,102822087314269786116047503680629580922746172008204928825184164272187368349356,2026-09-26T19:15:00+00:00,2026-09-26T19:20:00+00:00,1.45,0.8,0.81,0.805,0.01,185.56,476.35,99
2026-09-26T19:18:33.426164+00:00,btc-updown-5m-1790450400,5,4957602,87217205008272159614356075554158574051317739144672270375205155952081606538273,2026-09-26T19:20:00+00:00,2026-09-26T19:25:00+00:00,6.45,0.5,0.51,0.505,0.01,85.0,125.27,99
2026-09-26T19:18:33.426164+00:00,btc-updown-15m-1790450100,15,4957557,38106395378557112259711128574016261921679059417924980686185867320572453545306,2026-09-26T19:15:00+00:00,2026-09-26T19:30:00+00:00,11.45,0.53,0.54,0.535,0.01,68.0,228.9,96
2026-09-26T19:18:33.426164+00:00,btc-updown-15m-1790451000,15,4958479,76653453436196807494604488074745137696578488316406602151951788775979244072316,2026-09-26T19:30:00+00:00,2026-09-26T19:45:00+00:00,26.45,0.5,0.51,0.505,0.01,298.5,125.62,97
2026-09-26T19:19:34.579524+00:00,btc-updown-5m-1790450400,5,4957602,87217205008272159614356075554158574051317739144672270375205155952081606538273,2026-09-26T19:20:00+00:00,2026-09-26T19:25:00+00:00,5.43,0.48,0.49,0.485,0.01,124.0,99.54,99
2026-09-26T19:19:34.579524+00:00,btc-updown-15m-1790450100,15,4957557,38106395378557112259711128574016261921679059417924980686185867320572453545306,2026-09-26T19:15:00+00:00,2026-09-26T19:30:00+00:00,10.43,0.56,0.57,0.565,0.01,155.94,30.0,96
2026-09-26T19:19:34.579524+00:00,btc-updown-15m-1790451000,15,4958479,76653453436196807494604488074745137696578488316406602151951788775979244072316,2026-09-26T19:30:00+00:00,2026-09-26T19:45:00+00:00,25.43,0.5,0.51,0.505,0.01,298.5,75.62,97
2026-09-26T19:20:35.664054+00:00,btc-updown-5m-1790450400,5,4957602,87217205008272159614356075554158574051317739144672270375205155952081606538273,2026-09-26T19:20:00+00:00,2026-09-26T19:25:00+00:00,4.42,0.43,0.44,0.435,0.01,364.0,152.1,99
2026-09-26T19:20:35.664054+00:00,btc-updown-5m-1790450700,5,4957828,112834651386160585169944209549440498264197610049525148816143668004608603523875,2026-09-26T19:25:00+00:00,2026-09-26T19:30:00+00:00,9.42,0.52,0.53,0.525,0.01,73.07,80.0,99
2026-09-26T19:20:35.664054+00:00,btc-updown-15m-1790450100,15,4957557,38106395378557112259711128574016261921679059417924980686185867320572453545306,2026-09-26T19:15:00+00:00,2026-09-26T19:30:00+00:00,9.42,0.58,0.59,0.585,0.01,2051.94,10215.2,93
2026-09-26T19:20:35.664054+00:00,btc-updown-15m-1790451000,15,4958479,76653453436196807494604488074745137696578488316406602151951788775979244072316,2026-09-26T19:30:00+00:00,2026-09-26T19:45:00+00:00,24.42,0.5,0.51,0.505,0.01,298.5,105.62,97
2026-09-26T19:21:36.887529+00:00,btc-updown-5m-1790450400,5,4957602,87217205008272159614356075554158574051317739144672270375205155952081606538273,2026-09-26T19:20:00+00:00,2026-09-26T19:25:00+00:00,3.4,0.3,0.31,0.305,0.01,60.0,379.56,99
2026-09-26T19:21:36.887529+00:00,btc-updown-5m-1790450700,5,4957828,112834651386160585169944209549440498264197610049525148816143668004608603523875,2026-09-26T19:25:00+00:00,2026-09-26T19:30:00+00:00,8.4,0.52,0.53,0.525,0.01,78.07,196.22,99
2026-09-26T19:21:36.887529+00:00,btc-updown-15m-1790450100,15,4957557,38106395378557112259711128574016261921679059417924980686185867320572453545306,2026-09-26T19:15:00+00:00,2026-09-26T19:30:00+00:00,8.4,0.58,0.59,0.585,0.01,150.0,14092.0,94
2026-09-26T19:21:36.887529+00:00,btc-updown-15m-1790451000,15,4958479,76653453436196807494604488074745137696578488316406602151951788775979244072316,2026-09-26T19:30:00+00:00,2026-09-26T19:45:00+00:00,23.4,0.5,0.51,0.505,0.01,298.5,255.62,97
2026-09-26T19:22:38.058852+00:00,btc-updown-5m-1790450400,5,4957602,87217205008272159614356075554158574051317739144672270375205155952081606538273,2026-09-26T19:20:00+00:00,2026-09-26T19:25:00+00:00,2.37,0.37,0.38,0.375,0.01,17.84,652.94,99
2026-09-26T19:22:38.058852+00:00,btc-updown-5m-1790450700,5,4957828,112834651386160585169944209549440498264197610049525148816143668004608603523875,2026-09-26T19:25:00+00:00,2026-09-26T19:30:00+00:00,7.37,0.52,0.53,0.525,0.01,47.23,120.0,99
2026-09-26T19:22:38.058852+00:00,btc-updown-15m-1790450100,15,4957557,38106395378557112259711128574016261921679059417924980686185867320572453545306,2026-09-26T19:15:00+00:00,2026-09-26T19:30:00+00:00,7.37,0.6,0.61,0.605,0.01,175.23,10035.0,91
2026-09-26T19:22:38.058852+00:00,btc-updown-15m-1790451000,15,4958479,76653453436196807494604488074745137696578488316406602151951788775979244072316,2026-09-26T19:30:00+00:00,2026-09-26T19:45:00+00:00,22.37,0.5,0.51,0.505,0.01,298.5,255.62,97
2026-09-26T19:23:39.248584+00:00,btc-updown-5m-1790450400,5,4957602,87217205008272159614356075554158574051317739144672270375205155952081606538273,2026-09-26T19:20:00+00:00,2026-09-26T19:25:00+00:00,1.35,0.51,0.52,0.515,0.01,70.0,188.0,99
2026-09-26T19:23:39.248584+00:00,btc-updown-5m-1790450700,5,4957828,112834651386160585169944209549440498264197610049525148816143668004608603523875,2026-09-26T19:25:00+00:00,2026-09-26T19:30:00+00:00,6.35,0.52,0.53,0.525,0.01,80.14,64.17,99
2026-09-26T19:23:39.248584+00:00,btc-updown-15m-1790450100,15,4957557,38106395378557112259711128574016261921679059417924980686185867320572453545306,2026-09-26T19:15:00+00:00,2026-09-26T19:30:00+00:00,6.35,0.66,0.67,0.665,0.01,105.0,7341.0,88
2026-09-26T19:23:39.248584+00:00,btc-updown-15m-1790451000,15,4958479,76653453436196807494604488074745137696578488316406602151951788775979244072316,2026-09-26T19:30:00+00:00,2026-09-26T19:45:00+00:00,21.35,0.5,0.51,0.505,0.01,328.5,105.62,97
2026-09-26T19:24:40.604957+00:00,btc-updown-5m-1790450400,5,4957602,87217205008272159614356075554158574051317739144672270375205155952081606538273,2026-09-26T19:20:00+00:00,2026-09-26T19:25:00+00:00,0.33,0.98,0.99,0.985,0.01,422.99,1104.48,99
2026-09-26T19:24:40.604957+00:00,btc-updown-5m-1790450700,5,4957828,112834651386160585169944209549440498264197610049525148816143668004608603523875,2026-09-26T19:25:00+00:00,2026-09-26T19:30:00+00:00,5.33,0.52,0.53,0.525,0.01,136.19,133.96,99
2026-09-26T19:24:40.604957+00:00,btc-updown-15m-1790450100,15,4957557,38106395378557112259711128574016261921679059417924980686185867320572453545306,2026-09-26T19:15:00+00:00,2026-09-26T19:30:00+00:00,5.33,0.67,0.68,0.675,0.01,79.18,6545.0,88
2026-09-26T19:24:40.604957+00:00,btc-updown-15m-1790451000,15,4958479,76653453436196807494604488074745137696578488316406602151951788775979244072316,2026-09-26T19:30:00+00:00,2026-09-26T19:45:00+00:00,20.33,0.5,0.51,0.505,0.01,328.5,105.62,97
2026-09-26T19:25:41.821920+00:00,btc-updown-5m-1790450700,5,4957828,112834651386160585169944209549440498264197610049525148816143668004608603523875,2026-09-26T19:25:00+00:00,2026-09-26T19:30:00+00:00,4.32,0.51,0.52,0.515,0.01,704.2,15.44,99
2026-09-26T19:25:41.821920+00:00,btc-updown-5m-1790451000,5,4958480,107778712044634931202964350969541384534670587462030035047455252865673768106743,2026-09-26T19:30:00+00:00,2026-09-26T19:35:00+00:00,9.32,0.5,0.51,0.505,0.01,70.0,176.29,99
2026-09-26T19:25:41.821920+00:00,btc-updown-15m-1790450100,15,4957557,38106395378557112259711128574016261921679059417924980686185867320572453545306,2026-09-26T19:15:00+00:00,2026-09-26T19:30:00+00:00,4.32,0.66,0.67,0.665,0.01,213.53,2035.0,92
2026-09-26T19:25:41.821920+00:00,btc-updown-15m-1790451000,15,4958479,76653453436196807494604488074745137696578488316406602151951788775979244072316,2026-09-26T19:30:00+00:00,2026-09-26T19:45:00+00:00,19.32,0.5,0.51,0.505,0.01,278.5,105.62,97
2026-09-26T19:26:43.012164+00:00,btc-updown-5m-1790450700,5,4957828,112834651386160585169944209549440498264197610049525148816143668004608603523875,2026-09-26T19:25:00+00:00,2026-09-26T19:30:00+00:00,3.28,0.5,0.51,0.505,0.01,40.0,340.33,99
2026-09-26T19:26:43.012164+00:00,btc-updown-5m-1790451000,5,4958480,107778712044634931202964350969541384534670587462030035047455252865673768106743,2026-09-26T19:30:00+00:00,2026-09-26T19:35:00+00:00,8.28,0.5,0.51,0.505,0.01,65.0,202.36,99
2026-09-26T19:26:43.012164+00:00,btc-updown-15m-1790450100,15,4957557,38106395378557112259711128574016261921679059417924980686185867320572453545306,2026-09-26T19:15:00+00:00,2026-09-26T19:30:00+00:00,3.28,0.68,0.69,0.685,0.01,279.0,78.0,90
2026-09-26T19:26:43.012164+00:00,btc-updown-15m-1790451000,15,4958479,76653453436196807494604488074745137696578488316406602151951788775979244072316,2026-09-26T19:30:00+00:00,2026-09-26T19:45:00+00:00,18.28,0.5,0.51,0.505,0.01,333.59,130.62,97
2026-09-26T19:27:44.193504+00:00,btc-updown-5m-1790450700,5,4957828,112834651386160585169944209549440498264197610049525148816143668004608603523875,2026-09-26T19:25:00+00:00,2026-09-26T19:30:00+00:00,2.27,0.72,0.73,0.725,0.01,67.9,503.55,99
2026-09-26T19:27:44.193504+00:00,btc-updown-5m-1790451000,5,4958480,107778712044634931202964350969541384534670587462030035047455252865673768106743,2026-09-26T19:30:00+00:00,2026-09-26T19:35:00+00:00,7.27,0.5,0.51,0.505,0.01,65.0,182.36,99
2026-09-26T19:27:44.193504+00:00,btc-updown-15m-1790450100,15,4957557,38106395378557112259711128574016261921679059417924980686185867320572453545306,2026-09-26T19:15:00+00:00,2026-09-26T19:30:00+00:00,2.27,0.88,0.89,0.885,0.01,45.0,15.0,86
2026-09-26T19:27:44.193504+00:00,btc-updown-15m-1790451000,15,4958479,76653453436196807494604488074745137696578488316406602151951788775979244072316,2026-09-26T19:30:00+00:00,2026-09-26T19:45:00+00:00,17.27,0.5,0.51,0.505,0.01,111.09,40.62,97
2026-09-26T19:28:45.451690+00:00,btc-updown-5m-1790450700,5,4957828,112834651386160585169944209549440498264197610049525148816143668004608603523875,2026-09-26T19:25:00+00:00,2026-09-26T19:30:00+00:00,1.25,0.82,0.83,0.825,0.01,21.94,5.0,99
2026-09-26T19:28:45.451690+00:00,btc-updown-5m-1790451000,5,4958480,107778712044634931202964350969541384534670587462030035047455252865673768106743,2026-09-26T19:30:00+00:00,2026-09-26T19:35:00+00:00,6.25,0.5,0.51,0.505,0.01,33.0,152.7,99
2026-09-26T19:28:45.451690+00:00,btc-updown-15m-1790450100,15,4957557,38106395378557112259711128574016261921679059417924980686185867320572453545306,2026-09-26T19:15:00+00:00,2026-09-26T19:30:00+00:00,1.25,0.92,0.93,0.925,0.01,126.36,97.86,71
2026-09-26T19:28:45.451690+00:00,btc-updown-15m-1790451000,15,4958479,76653453436196807494604488074745137696578488316406602151951788775979244072316,2026-09-26T19:30:00+00:00,2026-09-26T19:45:00+00:00,16.25,0.5,0.51,0.505,0.01,111.09,40.62,97
2026-09-26T19:29:46.680237+00:00,btc-updown-5m-1790451000,5,4958480,107778712044634931202964350969541384534670587462030035047455252865673768106743,2026-09-26T19:30:00+00:00,2026-09-26T19:35:00+00:00,5.23,0.37,0.38,0.375,0.01,54.84,305.6,99
2026-09-26T19:29:46.680237+00:00,btc-updown-15m-1790451000,15,4958479,76653453436196807494604488074745137696578488316406602151951788775979244072316,2026-09-26T19:30:00+00:00,2026-09-26T19:45:00+00:00,15.23,0.46,0.47,0.465,0.01,8.14,60.61,89
2026-09-26T19:30:47.670992+00:00,btc-updown-5m-1790451000,5,4958480,107778712044634931202964350969541384534670587462030035047455252865673768106743,2026-09-26T19:30:00+00:00,2026-09-26T19:35:00+00:00,4.22,0.16,0.17,0.165,0.01,286.89,694.33,99
2026-09-26T19:30:47.670992+00:00,btc-updown-5m-1790451300,5,4958543,21073584953203988273426785251903428222682812069625271618646137523205211868052,2026-09-26T19:35:00+00:00,2026-09-26T19:40:00+00:00,9.22,0.5,0.51,0.505,0.01,20.0,345.49,99
2026-09-26T19:30:47.670992+00:00,btc-updown-15m-1790451000,15,4958479,76653453436196807494604488074745137696578488316406602151951788775979244072316,2026-09-26T19:30:00+00:00,2026-09-26T19:45:00+00:00,14.22,0.32,0.33,0.325,0.01,336.76,329.11,91
2026-09-26T19:30:47.670992+00:00,btc-updown-15m-1790451900,15,4958997,18055228137455786737890547650240422264619542998348893796637716128333495988763,2026-09-26T19:45:00+00:00,2026-09-26T20:00:00+00:00,29.22,0.5,0.51,0.505,0.01,40.2,125.62,99
2026-09-26T19:31:48.886383+00:00,btc-updown-5m-1790451000,5,4958480,107778712044634931202964350969541384534670587462030035047455252865673768106743,2026-09-26T19:30:00+00:00,2026-09-26T19:35:00+00:00,3.2,0.11,0.12,0.115,0.01,93.77,107.94,99
2026-09-26T19:31:48.886383+00:00,btc-updown-5m-1790451300,5,4958543,21073584953203988273426785251903428222682812069625271618646137523205211868052,2026-09-26T19:35:00+00:00,2026-09-26T19:40:00+00:00,8.2,0.5,0.51,0.505,0.01,6.0,339.59,99
2026-09-26T19:31:48.886383+00:00,btc-updown-15m-1790451000,15,4958479,76653453436196807494604488074745137696578488316406602151951788775979244072316,2026-09-26T19:30:00+00:00,2026-09-26T19:45:00+00:00,13.2,0.36,0.37,0.365,0.01,248.46,10.0,91
2026-09-26T19:31:48.886383+00:00,btc-updown-15m-1790451900,15,4958997,18055228137455786737890547650240422264619542998348893796637716128333495988763,2026-09-26T19:45:00+00:00,2026-09-26T20:00:00+00:00,28.2,0.5,0.51,0.505,0.01,40.2,125.62,99
2026-09-26T19:32:50.101925+00:00,btc-updown-5m-1790451000,5,4958480,107778712044634931202964350969541384534670587462030035047455252865673768106743,2026-09-26T19:30:00+00:00,2026-09-26T19:35:00+00:00,2.17,0.06,0.07,0.065,0.01,171.44,797.84,99
2026-09-26T19:32:50.101925+00:00,btc-updown-5m-1790451300,5,4958543,21073584953203988273426785251903428222682812069625271618646137523205211868052,2026-09-26T19:35:00+00:00,2026-09-26T19:40:00+00:00,7.17,0.5,0.51,0.505,0.01,6.0,339.59,99
2026-09-26T19:32:50.101925+00:00,btc-updown-15m-1790451000,15,4958479,76653453436196807494604488074745137696578488316406602151951788775979244072316,2026-09-26T19:30:00+00:00,2026-09-26T19:45:00+00:00,12.17,0.36,0.37,0.365,0.01,100.0,214.87,91
2026-09-26T19:32:50.101925+00:00,btc-updown-15m-1790451900,15,4958997,18055228137455786737890547650240422264619542998348893796637716128333495988763,2026-09-26T19:45:00+00:00,2026-09-26T20:00:00+00:00,27.17,0.5,0.51,0.505,0.01,40.2,125.62,99
2026-09-26T19:33:51.300813+00:00,btc-updown-5m-1790451000,5,4958480,107778712044634931202964350969541384534670587462030035047455252865673768106743,2026-09-26T19:30:00+00:00,2026-09-26T19:35:00+00:00,1.15,0.01,0.02,0.015,0.01,2882.35,556.03,99
2026-09-26T19:33:51.300813+00:00,btc-updown-5m-1790451300,5,4958543,21073584953203988273426785251903428222682812069625271618646137523205211868052,2026-09-26T19:35:00+00:00,2026-09-26T19:40:00+00:00,6.15,0.5,0.51,0.505,0.01,35.0,292.92,99
2026-09-26T19:33:51.300813+00:00,btc-updown-15m-1790451000,15,4958479,76653453436196807494604488074745137696578488316406602151951788775979244072316,2026-09-26T19:30:00+00:00,2026-09-26T19:45:00+00:00,11.15,0.31,0.32,0.315,0.01,148.84,10.0,91
2026-09-26T19:33:51.300813+00:00,btc-updown-15m-1790451900,15,4958997,18055228137455786737890547650240422264619542998348893796637716128333495988763,2026-09-26T19:45:00+00:00,2026-09-26T20:00:00+00:00,26.15,0.5,0.51,0.505,0.01,120.2,125.62,99
2026-09-26T19:34:52.681733+00:00,btc-updown-5m-1790451300,5,4958543,21073584953203988273426785251903428222682812069625271618646137523205211868052,2026-09-26T19:35:00+00:00,2026-09-26T19:40:00+00:00,5.13,0.5,0.52,0.51,0.02,435.86,36.15,98
2026-09-26T19:34:52.681733+00:00,btc-updown-15m-1790451000,15,4958479,76653453436196807494604488074745137696578488316406602151951788775979244072316,2026-09-26T19:30:00+00:00,2026-09-26T19:45:00+00:00,10.13,0.29,0.3,0.295,0.01,221.28,29.29,89
2026-09-26T19:34:52.681733+00:00,btc-updown-15m-1790451900,15,4958997,18055228137455786737890547650240422264619542998348893796637716128333495988763,2026-09-26T19:45:00+00:00,2026-09-26T20:00:00+00:00,25.13,0.5,0.51,0.505,0.01,150.2,125.62,99
2026-09-26T19:35:53.769614+00:00,btc-updown-5m-1790451300,5,4958543,21073584953203988273426785251903428222682812069625271618646137523205211868052,2026-09-26T19:35:00+00:00,2026-09-26T19:40:00+00:00,4.12,0.69,0.7,0.695,0.01,1018.88,5.0,99
2026-09-26T19:35:53.769614+00:00,btc-updown-5m-1790451600,5,4958900,41165315134651242033739672658269222578043703599100208090446565886020053780651,2026-09-26T19:40:00+00:00,2026-09-26T19:45:00+00:00,9.12,0.5,0.51,0.505,0.01,122.0,229.13,99
2026-09-26T19:35:53.769614+00:00,btc-updown-15m-1790451000,15,4958479,76653453436196807494604488074745137696578488316406602151951788775979244072316,2026-09-26T19:30:00+00:00,2026-09-26T19:45:00+00:00,9.12,0.33,0.34,0.335,0.01,119.47,305.24,95
2026-09-26T19:35:53.769614+00:00,btc-updown-15m-1790451900,15,4958997,18055228137455786737890547650240422264619542998348893796637716128333495988763,2026-09-26T19:45:00+00:00,2026-09-26T20:00:00+00:00,24.12,0.5,0.51,0.505,0.01,150.2,185.62,99
2026-09-26T19:36:54.962904+00:00,btc-updown-5m-1790451300,5,4958543,21073584953203988273426785251903428222682812069625271618646137523205211868052,2026-09-26T19:35:00+00:00,2026-09-26T19:40:00+00:00,3.1,0.18,0.19,0.185,0.01,95.0,814.02,99
2026-09-26T19:36:54.962904+00:00,btc-updown-5m-1790451600,5,4958900,41165315134651242033739672658269222578043703599100208090446565886020053780651,2026-09-26T19:40:00+00:00,2026-09-26T19:45:00+00:00,8.1,0.5,0.51,0.505,0.01,122.0,267.36,99
2026-09-26T19:36:54.962904+00:00,btc-updown-15m-1790451000,15,4958479,76653453436196807494604488074745137696578488316406602151951788775979244072316,2026-09-26T19:30:00+00:00,2026-09-26T19:45:00+00:00,8.1,0.17,0.18,0.175,0.01,122.87,80.0,87
2026-09-26T19:36:54.962904+00:00,btc-updown-15m-1790451900,15,4958997,18055228137455786737890547650240422264619542998348893796637716128333495988763,2026-09-26T19:45:00+00:00,2026-09-26T20:00:00+00:00,23.1,0.5,0.51,0.505,0.01,170.2,75.62,99
2026-09-26T19:37:56.148055+00:00,btc-updown-5m-1790451300,5,4958543,21073584953203988273426785251903428222682812069625271618646137523205211868052,2026-09-26T19:35:00+00:00,2026-09-26T19:40:00+00:00,2.07,0.02,0.03,0.025,0.01,642.43,732.19,99
2026-09-26T19:37:56.148055+00:00,btc-updown-5m-1790451600,5,4958900,41165315134651242033739672658269222578043703599100208090446565886020053780651,2026-09-26T19:40:00+00:00,2026-09-26T19:45:00+00:00,7.07,0.5,0.51,0.505,0.01,79.4,220.58,99
2026-09-26T19:37:56.148055+00:00,btc-updown-15m-1790451000,15,4958479,76653453436196807494604488074745137696578488316406602151951788775979244072316,2026-09-26T19:30:00+00:00,2026-09-26T19:45:00+00:00,7.07,0.05,0.06,0.055,0.01,2.32,110.0,88
2026-09-26T19:37:56.148055+00:00,btc-updown-15m-1790451900,15,4958997,18055228137455786737890547650240422264619542998348893796637716128333495988763,2026-09-26T19:45:00+00:00,2026-09-26T20:00:00+00:00,22.07,0.5,0.51,0.505,0.01,195.2,75.62,99
2026-09-26T19:38:57.322963+00:00,btc-updown-5m-1790451600,5,4958900,41165315134651242033739672658269222578043703599100208090446565886020053780651,2026-09-26T19:40:00+00:00,2026-09-26T19:45:00+00:00,6.05,0.5,0.51,0.505,0.01,23.7,175.63,99
2026-09-26T19:38:57.322963+00:00,btc-updown-15m-1790451000,15,4958479,76653453436196807494604488074745137696578488316406602151951788775979244072316,2026-09-26T19:30:00+00:00,2026-09-26T19:45:00+00:00,6.05,0.02,0.03,0.025,0.01,10.0,132.0,86
2026-09-26T19:38:57.322963+00:00,btc-updown-15m-1790451900,15,4958997,18055228137455786737890547650240422264619542998348893796637716128333495988763,2026-09-26T19:45:00+00:00,2026-09-26T20:00:00+00:00,21.05,0.5,0.51,0.505,0.01,296.2,75.62,99
2026-09-26T19:39:58.392696+00:00,btc-updown-5m-1790451600,5,4958900,41165315134651242033739672658269222578043703599100208090446565886020053780651,2026-09-26T19:40:00+00:00,2026-09-26T19:45:00+00:00,5.03,0.55,0.56,0.555,0.01,26.96,48.53,96
2026-09-26T19:39:58.392696+00:00,btc-updown-15m-1790451000,15,4958479,76653453436196807494604488074745137696578488316406602151951788775979244072316,2026-09-26T19:30:00+00:00,2026-09-26T19:45:00+00:00,5.03,0.01,0.02,0.015,0.01,6.0,138.23,85
2026-09-26T19:39:58.392696+00:00,btc-updown-15m-1790451900,15,4958997,18055228137455786737890547650240422264619542998348893796637716128333495988763,2026-09-26T19:45:00+00:00,2026-09-26T20:00:00+00:00,20.03,0.5,0.54,0.52,0.04,316.2,93.84,96
2026-09-26T19:40:59.480363+00:00,btc-updown-5m-1790451600,5,4958900,41165315134651242033739672658269222578043703599100208090446565886020053780651,2026-09-26T19:40:00+00:00,2026-09-26T19:45:00+00:00,4.02,0.79,0.8,0.795,0.01,40.0,982.88,99
2026-09-26T19:40:59.480363+00:00,btc-updown-5m-1790451900,5,4958992,62817601024172010123716802322755961701990108378596382662657698014046771646309,2026-09-26T19:45:00+00:00,2026-09-26T19:50:00+00:00,9.02,0.5,0.51,0.505,0.01,355.0,82.25,99
2026-09-26T19:40:59.480363+00:00,btc-updown-15m-1790451000,15,4958479,76653453436196807494604488074745137696578488316406602151951788775979244072316,2026-09-26T19:30:00+00:00,2026-09-26T19:45:00+00:00,4.02,0.011,0.012,0.0115,0.001,80.9,192.5,100
2026-09-26T19:40:59.480363+00:00,btc-updown-15m-1790451900,15,4958997,18055228137455786737890547650240422264619542998348893796637716128333495988763,2026-09-26T19:45:00+00:00,2026-09-26T20:00:00+00:00,19.02,0.53,0.54,0.535,0.01,70.0,88.84,99
2026-09-26T19:42:00.672946+00:00,btc-updown-5m-1790451600,5,4958900,41165315134651242033739672658269222578043703599100208090446565886020053780651,2026-09-26T19:40:00+00:00,2026-09-26T19:45:00+00:00,3.0,0.84,0.85,0.845,0.01,301.15,118.93,99
2026-09-26T19:42:00.672946+00:00,btc-updown-5m-1790451900,5,4958992,62817601024172010123716802322755961701990108378596382662657698014046771646309,2026-09-26T19:45:00+00:00,2026-09-26T19:50:00+00:00,8.0,0.5,0.51,0.505,0.01,346.0,55.47,99
2026-09-26T19:42:00.672946+00:00,btc-updown-15m-1790451000,15,4958479,76653453436196807494604488074745137696578488316406602151951788775979244072316,2026-09-26T19:30:00+00:00,2026-09-26T19:45:00+00:00,3.0,0.011,0.012,0.0115,0.001,226.4,467.69,103
2026-09-26T19:42:00.672946+00:00,btc-updown-15m-1790451900,15,4958997,18055228137455786737890547650240422264619542998348893796637716128333495988763,2026-09-26T19:45:00+00:00,2026-09-26T20:00:00+00:00,18.0,0.53,0.54,0.535,0.01,10.0,171.45,99
2026-09-26T19:43:01.852450+00:00,btc-updown-5m-1790451600,5,4958900,41165315134651242033739672658269222578043703599100208090446565886020053780651,2026-09-26T19:40:00+00:00,2026-09-26T19:45:00+00:00,1.98,0.97,0.98,0.975,0.01,311.24,3003.07,99
2026-09-26T19:43:01.852450+00:00,btc-updown-5m-1790451900,5,4958992,62817601024172010123716802322755961701990108378596382662657698014046771646309,2026-09-26T19:45:00+00:00,2026-09-26T19:50:00+00:00,6.98,0.52,0.53,0.525,0.01,25.0,108.48,99
2026-09-26T19:43:01.852450+00:00,btc-updown-15m-1790451000,15,4958479,76653453436196807494604488074745137696578488316406602151951788775979244072316,2026-09-26T19:30:00+00:00,2026-09-26T19:45:00+00:00,1.98,0.009,0.01,0.0095,0.001,5.9,15.0,99
2026-09-26T19:43:01.852450+00:00,btc-updown-15m-1790451900,15,4958997,18055228137455786737890547650240422264619542998348893796637716128333495988763,2026-09-26T19:45:00+00:00,2026-09-26T20:00:00+00:00,16.98,0.53,0.54,0.535,0.01,15.0,171.45,99
2026-09-26T19:44:03.034070+00:00,btc-updown-5m-1790451900,5,4958992,62817601024172010123716802322755961701990108378596382662657698014046771646309,2026-09-26T19:45:00+00:00,2026-09-26T19:50:00+00:00,5.95,0.53,0.54,0.535,0.01,19.93,188.9,99
2026-09-26T19:44:03.034070+00:00,btc-updown-15m-1790451000,15,4958479,76653453436196807494604488074745137696578488316406602151951788775979244072316,2026-09-26T19:30:00+00:00,2026-09-26T19:45:00+00:00,0.95,0.005,0.009,0.007,0.004,0.77,60.0,51
2026-09-26T19:44:03.034070+00:00,btc-updown-15m-1790451900,15,4958997,18055228137455786737890547650240422264619542998348893796637716128333495988763,2026-09-26T19:45:00+00:00,2026-09-26T20:00:00+00:00,15.95,0.52,0.53,0.525,0.01,195.08,79.8,91
2026-09-26T19:45:04.127957+00:00,btc-updown-5m-1790451900,5,4958992,62817601024172010123716802322755961701990108378596382662657698014046771646309,2026-09-26T19:45:00+00:00,2026-09-26T19:50:00+00:00,4.93,0.51,0.52,0.515,0.01,419.33,40.0,99
2026-09-26T19:45:04.127957+00:00,btc-updown-5m-1790452200,5,4959011,85923982661274002154135933245631527386826267991195368810771345690733272892910,2026-09-26T19:50:00+00:00,2026-09-26T19:55:00+00:00,9.93,0.5,0.51,0.505,0.01,325.0,246.93,99
2026-09-26T19:45:04.127957+00:00,btc-updown-15m-1790451900,15,4958997,18055228137455786737890547650240422264619542998348893796637716128333495988763,2026-09-26T19:45:00+00:00,2026-09-26T20:00:00+00:00,14.93,0.52,0.53,0.525,0.01,105.33,205.71,96
2026-09-26T19:45:04.127957+00:00,btc-updown-15m-1790452800,15,4959612,38883606133315304197454675713249294702724125023473375801011240580841087307348,2026-09-26T20:00:00+00:00,2026-09-26T20:15:00+00:00,29.93,0.5,0.51,0.505,0.01,325.2,75.62,99
2026-09-26T19:46:05.312660+00:00,btc-updown-5m-1790451900,5,4958992,62817601024172010123716802322755961701990108378596382662657698014046771646309,2026-09-26T19:45:00+00:00,2026-09-26T19:50:00+00:00,3.92,0.5,0.51,0.505,0.01,1305.66,29.0,99
2026-09-26T19:46:05.312660+00:00,btc-updown-5m-1790452200,5,4959011,85923982661274002154135933245631527386826267991195368810771345690733272892910,2026-09-26T19:50:00+00:00,2026-09-26T19:55:00+00:00,8.92,0.53,0.54,0.535,0.01,201.07,249.73,99
2026-09-26T19:46:05.312660+00:00,btc-updown-15m-1790451900,15,4958997,18055228137455786737890547650240422264619542998348893796637716128333495988763,2026-09-26T19:45:00+00:00,2026-09-26T20:00:00+00:00,13.92,0.52,0.53,0.525,0.01,0.67,151.97,95
2026-09-26T19:46:05.312660+00:00,btc-updown-15m-1790452800,15,4959612,38883606133315304197454675713249294702724125023473375801011240580841087307348,2026-09-26T20:00:00+00:00,2026-09-26T20:15:00+00:00,28.92,0.5,0.51,0.505,0.01,325.2,75.62,99
2026-09-26T19:47:06.478001+00:00,btc-updown-5m-1790451900,5,4958992,62817601024172010123716802322755961701990108378596382662657698014046771646309,2026-09-26T19:45:00+00:00,2026-09-26T19:50:00+00:00,2.9,0.63,0.64,0.635,0.01,141.61,67.0,99
2026-09-26T19:47:06.478001+00:00,btc-updown-5m-1790452200,5,4959011,85923982661274002154135933245631527386826267991195368810771345690733272892910,2026-09-26T19:50:00+00:00,2026-09-26T19:55:00+00:00,7.9,0.53,0.54,0.535,0.01,199.68,254.73,99
2026-09-26T19:47:06.478001+00:00,btc-updown-15m-1790451900,15,4958997,18055228137455786737890547650240422264619542998348893796637716128333495988763,2026-09-26T19:45:00+00:00,2026-09-26T20:00:00+00:00,12.9,0.57,0.58,0.575,0.01,55.0,438.93,96
2026-09-26T19:47:06.478001+00:00,btc-updown-15m-1790452800,15,4959612,38883606133315304197454675713249294702724125023473375801011240580841087307348,2026-09-26T20:00:00+00:00,2026-09-26T20:15:00+00:00,27.9,0.5,0.51,0.505,0.01,275.2,126.64,99
2026-09-26T19:48:07.782995+00:00,btc-updown-5m-1790451900,5,4958992,62817601024172010123716802322755961701990108378596382662657698014046771646309,2026-09-26T19:45:00+00:00,2026-09-26T19:50:00+00:00,1.88,0.88,0.89,0.885,0.01,289.69,60.0,99
2026-09-26T19:48:07.782995+00:00,btc-updown-5m-1790452200,5,4959011,85923982661274002154135933245631527386826267991195368810771345690733272892910,2026-09-26T19:50:00+00:00,2026-09-26T19:55:00+00:00,6.88,0.53,0.54,0.535,0.01,194.68,329.73,99
2026-09-26T19:48:07.782995+00:00,btc-updown-15m-1790451900,15,4958997,18055228137455786737890547650240422264619542998348893796637716128333495988763,2026-09-26T19:45:00+00:00,2026-09-26T20:00:00+00:00,11.88,0.64,0.65,0.645,0.01,125.0,316.27,92
2026-09-26T19:48:07.782995+00:00,btc-updown-15m-1790452800,15,4959612,38883606133315304197454675713249294702724125023473375801011240580841087307348,2026-09-26T20:00:00+00:00,2026-09-26T20:15:00+00:00,26.88,0.5,0.51,0.505,0.01,275.2,146.64,99
2026-09-26T19:49:09.000215+00:00,btc-updown-5m-1790451900,5,4958992,62817601024172010123716802322755961701990108378596382662657698014046771646309,2026-09-26T19:45:00+00:00,2026-09-26T19:50:00+00:00,0.85,0.98,0.99,0.985,0.01,395.34,3248.16,99
2026-09-26T19:49:09.000215+00:00,btc-updown-5m-1790452200,5,4959011,85923982661274002154135933245631527386826267991195368810771345690733272892910,2026-09-26T19:50:00+00:00,2026-09-26T19:55:00+00:00,5.85,0.53,0.54,0.535,0.01,227.29,230.17,99
2026-09-26T19:49:09.000215+00:00,btc-updown-15m-1790451900,15,4958997,18055228137455786737890547650240422264619542998348893796637716128333495988763,2026-09-26T19:45:00+00:00,2026-09-26T20:00:00+00:00,10.85,0.64,0.65,0.645,0.01,2369.21,0.07,92
2026-09-26T19:49:09.000215+00:00,btc-updown-15m-1790452800,15,4959612,38883606133315304197454675713249294702724125023473375801011240580841087307348,2026-09-26T20:00:00+00:00,2026-09-26T20:15:00+00:00,25.85,0.5,0.51,0.505,0.01,275.2,146.64,99
2026-09-26T19:50:10.210798+00:00,btc-updown-5m-1790452200,5,4959011,85923982661274002154135933245631527386826267991195368810771345690733272892910,2026-09-26T19:50:00+00:00,2026-09-26T19:55:00+00:00,4.83,0.31,0.32,0.315,0.01,13.43,1041.56,99
2026-09-26T19:50:10.210798+00:00,btc-updown-5m-1790452500,5,4959111,28170068814577063310878470202757424648417243180330019833902141330369520391018,2026-09-26T19:55:00+00:00,2026-09-26T20:00:00+00:00,9.83,0.51,0.54,0.525,0.03,99.0,58.16,97
2026-09-26T19:50:10.210798+00:00,btc-updown-15m-1790451900,15,4958997,18055228137455786737890547650240422264619542998348893796637716128333495988763,2026-09-26T19:45:00+00:00,2026-09-26T20:00:00+00:00,9.83,0.51,0.52,0.515,0.01,105.0,130.2,96
2026-09-26T19:50:10.210798+00:00,btc-updown-15m-1790452800,15,4959612,38883606133315304197454675713249294702724125023473375801011240580841087307348,2026-09-26T20:00:00+00:00,2026-09-26T20:15:00+00:00,24.83,0.5,0.51,0.505,0.01,305.2,126.64,99
2026-09-26T19:51:11.418700+00:00,btc-updown-5m-1790452200,5,4959011,85923982661274002154135933245631527386826267991195368810771345690733272892910,2026-09-26T19:50:00+00:00,2026-09-26T19:55:00+00:00,3.82,0.18,0.19,0.185,0.01,854.16,10.0,98
2026-09-26T19:51:11.418700+00:00,btc-updown-5m-1790452500,5,4959111,28170068814577063310878470202757424648417243180330019833902141330369520391018,2026-09-26T19:55:00+00:00,2026-09-26T20:00:00+00:00,8.82,0.51,0.52,0.515,0.01,116.0,88.07,99
2026-09-26T19:51:11.418700+00:00,btc-updown-15m-1790451900,15,4958997,18055228137455786737890547650240422264619542998348893796637716128333495988763,2026-09-26T19:45:00+00:00,2026-09-26T20:00:00+00:00,8.82,0.46,0.47,0.465,0.01,255.93,35.0,94
2026-09-26T19:51:11.418700+00:00,btc-updown-15m-1790452800,15,4959612,38883606133315304197454675713249294702724125023473375801011240580841087307348,2026-09-26T20:00:00+00:00,2026-09-26T20:15:00+00:00,23.82,0.5,0.51,0.505,0.01,305.2,75.62,99
2026-09-26T19:52:12.617255+00:00,btc-updown-5m-1790452200,5,4959011,85923982661274002154135933245631527386826267991195368810771345690733272892910,2026-09-26T19:50:00+00:00,2026-09-26T19:55:00+00:00,2.8,0.06,0.07,0.065,0.01,129.04,488.14,99
2026-09-26T19:52:12.617255+00:00,btc-updown-5m-1790452500,5,4959111,28170068814577063310878470202757424648417243180330019833902141330369520391018,2026-09-26T19:55:00+00:00,2026-09-26T20:00:00+00:00,7.8,0.51,0.52,0.515,0.01,106.0,83.07,99
2026-09-26T19:52:12.617255+00:00,btc-updown-15m-1790451900,15,4958997,18055228137455786737890547650240422264619542998348893796637716128333495988763,2026-09-26T19:45:00+00:00,2026-09-26T20:00:00+00:00,7.8,0.33,0.34,0.335,0.01,58.0,144.06,92
2026-09-26T19:52:12.617255+00:00,btc-updown-15m-1790452800,15,4959612,38883606133315304197454675713249294702724125023473375801011240580841087307348,2026-09-26T20:00:00+00:00,2026-09-26T20:15:00+00:00,22.8,0.5,0.51,0.505,0.01,375.2,75.62,99
2026-09-26T19:53:13.828223+00:00,btc-updown-5m-1790452200,5,4959011,85923982661274002154135933245631527386826267991195368810771345690733272892910,2026-09-26T19:50:00+00:00,2026-09-26T19:55:00+00:00,1.78,0.01,0.02,0.015,0.01,3402.36,355.45,99
2026-09-26T19:53:13.828223+00:00,btc-updown-5m-1790452500,5,4959111,28170068814577063310878470202757424648417243180330019833902141330369520391018,2026-09-26T19:55:00+00:00,2026-09-26T20:00:00+00:00,6.78,0.51,0.52,0.515,0.01,82.91,108.07,99
2026-09-26T19:53:13.828223+00:00,btc-updown-15m-1790451900,15,4958997,18055228137455786737890547650240422264619542998348893796637716128333495988763,2026-09-26T19:45:00+00:00,2026-09-26T20:00:00+00:00,6.78,0.29,0.3,0.295,0.01,135.0,179.85,92
2026-09-26T19:53:13.828223+00:00,btc-updown-15m-1790452800,15,4959612,38883606133315304197454675713249294702724125023473375801011240580841087307348,2026-09-26T20:00:00+00:00,2026-09-26T20:15:00+00:00,21.78,0.5,0.51,0.505,0.01,400.2,75.62,99
2026-09-26T19:54:15.001559+00:00,btc-updown-5m-1790452200,5,4959011,85923982661274002154135933245631527386826267991195368810771345690733272892910,2026-09-26T19:50:00+00:00,2026-09-26T19:55:00+00:00,0.75,0.012,0.013,0.0125,0.001,193.0,5.0,112
2026-09-26T19:54:15.001559+00:00,btc-updown-5m-1790452500,5,4959111,28170068814577063310878470202757424648417243180330019833902141330369520391018,2026-09-26T19:55:00+00:00,2026-09-26T20:00:00+00:00,5.75,0.5,0.51,0.505,0.01,128.0,79.11,99
2026-09-26T19:54:15.001559+00:00,btc-updown-15m-1790451900,15,4958997,18055228137455786737890547650240422264619542998348893796637716128333495988763,2026-09-26T19:45:00+00:00,2026-09-26T20:00:00+00:00,5.75,0.55,0.56,0.555,0.01,15.0,319.45,92
2026-09-26T19:54:15.001559+00:00,btc-updown-15m-1790452800,15,4959612,38883606133315304197454675713249294702724125023473375801011240580841087307348,2026-09-26T20:00:00+00:00,2026-09-26T20:15:00+00:00,20.75,0.5,0.51,0.505,0.01,330.2,75.62,99
2026-09-26T19:55:16.188844+00:00,btc-updown-5m-1790452500,5,4959111,28170068814577063310878470202757424648417243180330019833902141330369520391018,2026-09-26T19:55:00+00:00,2026-09-26T20:00:00+00:00,4.73,0.57,0.58,0.575,0.01,15.0,1274.35,99
2026-09-26T19:55:16.188844+00:00,btc-updown-5m-1790452800,5,4959622,69356630944946262481523238222724320880899660860748832827279851017858717607045,2026-09-26T20:00:00+00:00,2026-09-26T20:05:00+00:00,9.73,0.51,0.52,0.515,0.01,34.0,119.0,99
2026-09-26T19:55:16.188844+00:00,btc-updown-15m-1790451900,15,4958997,18055228137455786737890547650240422264619542998348893796637716128333495988763,2026-09-26T19:45:00+00:00,2026-09-26T20:00:00+00:00,4.73,0.63,0.64,0.635,0.01,367.96,165.0,92
2026-09-26T19:55:16.188844+00:00,btc-updown-15m-1790452800,15,4959612,38883606133315304197454675713249294702724125023473375801011240580841087307348,2026-09-26T20:00:00+00:00,2026-09-26T20:15:00+00:00,19.73,0.5,0.51,0.505,0.01,305.2,75.62,99
2026-09-26T19:56:17.375978+00:00,btc-updown-5m-1790452500,5,4959111,28170068814577063310878470202757424648417243180330019833902141330369520391018,2026-09-26T19:55:00+00:00,2026-09-26T20:00:00+00:00,3.72,0.55,0.56,0.555,0.01,556.39,80.0,99
2026-09-26T19:56:17.375978+00:00,btc-updown-5m-1790452800,5,4959622,69356630944946262481523238222724320880899660860748832827279851017858717607045,2026-09-26T20:00:00+00:00,2026-09-26T20:05:00+00:00,8.72,0.51,0.52,0.515,0.01,34.0,269.0,99
2026-09-26T19:56:17.375978+00:00,btc-updown-15m-1790451900,15,4958997,18055228137455786737890547650240422264619542998348893796637716128333495988763,2026-09-26T19:45:00+00:00,2026-09-26T20:00:00+00:00,3.72,0.67,0.68,0.675,0.01,4963.47,5.0,90
2026-09-26T19:56:17.375978+00:00,btc-updown-15m-1790452800,15,4959612,38883606133315304197454675713249294702724125023473375801011240580841087307348,2026-09-26T20:00:00+00:00,2026-09-26T20:15:00+00:00,18.72,0.5,0.51,0.505,0.01,330.2,126.64,99
2026-09-26T19:57:18.556329+00:00,btc-updown-5m-1790452500,5,4959111,28170068814577063310878470202757424648417243180330019833902141330369520391018,2026-09-26T19:55:00+00:00,2026-09-26T20:00:00+00:00,2.7,0.62,0.63,0.625,0.01,363.0,750.42,99
2026-09-26T19:57:18.556329+00:00,btc-updown-5m-1790452800,5,4959622,69356630944946262481523238222724320880899660860748832827279851017858717607045,2026-09-26T20:00:00+00:00,2026-09-26T20:05:00+00:00,7.7,0.51,0.52,0.515,0.01,27.86,184.0,99
2026-09-26T19:57:18.556329+00:00,btc-updown-15m-1790451900,15,4958997,18055228137455786737890547650240422264619542998348893796637716128333495988763,2026-09-26T19:45:00+00:00,2026-09-26T20:00:00+00:00,2.7,0.72,0.73,0.725,0.01,71.34,30.0,86
2026-09-26T19:57:18.556329+00:00,btc-updown-15m-1790452800,15,4959612,38883606133315304197454675713249294702724125023473375801011240580841087307348,2026-09-26T20:00:00+00:00,2026-09-26T20:15:00+00:00,17.7,0.5,0.51,0.505,0.01,335.29,106.64,99
2026-09-26T19:58:19.749415+00:00,btc-updown-5m-1790452500,5,4959111,28170068814577063310878470202757424648417243180330019833902141330369520391018,2026-09-26T19:55:00+00:00,2026-09-26T20:00:00+00:00,1.68,0.72,0.73,0.725,0.01,666.2,33.15,99
2026-09-26T19:58:19.749415+00:00,btc-updown-5m-1790452800,5,4959622,69356630944946262481523238222724320880899660860748832827279851017858717607045,2026-09-26T20:00:00+00:00,2026-09-26T20:05:00+00:00,6.68,0.51,0.52,0.515,0.01,52.86,295.15,99
2026-09-26T19:58:19.749415+00:00,btc-updown-15m-1790451900,15,4958997,18055228137455786737890547650240422264619542998348893796637716128333495988763,2026-09-26T19:45:00+00:00,2026-09-26T20:00:00+00:00,1.68,0.89,0.9,0.895,0.01,100.84,20.0,64
2026-09-26T19:58:19.749415+00:00,btc-updown-15m-1790452800,15,4959612,38883606133315304197454675713249294702724125023473375801011240580841087307348,2026-09-26T20:00:00+00:00,2026-09-26T20:15:00+00:00,16.68,0.5,0.51,0.505,0.01,335.29,106.64,99
2026-09-26T19:59:20.944342+00:00,btc-updown-5m-1790452500,5,4959111,28170068814577063310878470202757424648417243180330019833902141330369520391018,2026-09-26T19:55:00+00:00,2026-09-26T20:00:00+00:00,0.67,0.9,0.91,0.905,0.01,163.0,176.06,86
2026-09-26T19:59:20.944342+00:00,btc-updown-5m-1790452800,5,4959622,69356630944946262481523238222724320880899660860748832827279851017858717607045,2026-09-26T20:00:00+00:00,2026-09-26T20:05:00+00:00,5.67,0.51,0.52,0.515,0.01,29.22,66.69,99
2026-09-26T19:59:20.944342+00:00,btc-updown-15m-1790451900,15,4958997,18055228137455786737890547650240422264619542998348893796637716128333495988763,2026-09-26T19:45:00+00:00,2026-09-26T20:00:00+00:00,0.67,0.98,0.99,0.985,0.01,20.0,364.17,44
2026-09-26T19:59:20.944342+00:00,btc-updown-15m-1790452800,15,4959612,38883606133315304197454675713249294702724125023473375801011240580841087307348,2026-09-26T20:00:00+00:00,2026-09-26T20:15:00+00:00,15.67,0.51,0.52,0.515,0.01,43.0,177.33,91
2026-09-26T20:00:22.167802+00:00,btc-updown-5m-1790452800,5,4959622,69356630944946262481523238222724320880899660860748832827279851017858717607045,2026-09-26T20:00:00+00:00,2026-09-26T20:05:00+00:00,4.63,0.42,0.43,0.425,0.01,85.62,668.79,99
2026-09-26T20:00:22.167802+00:00,btc-updown-5m-1790453100,5,4959709,66032785906215735634795470679379851005977647196289011496001614329595783655127,2026-09-26T20:05:00+00:00,2026-09-26T20:10:00+00:00,9.63,0.54,0.55,0.545,0.01,72.19,70.0,98
2026-09-26T20:00:22.167802+00:00,btc-updown-15m-1790452800,15,4959612,38883606133315304197454675713249294702724125023473375801011240580841087307348,2026-09-26T20:00:00+00:00,2026-09-26T20:15:00+00:00,14.63,0.5,0.51,0.505,0.01,39.0,195.0,98
2026-09-26T20:00:22.167802+00:00,btc-updown-15m-1790453700,15,4960132,21663778577846838349348659230705418696566680522320076766126733892531929164804,2026-09-26T20:15:00+00:00,2026-09-26T20:30:00+00:00,29.63,0.5,0.51,0.505,0.01,715.75,2384.05,93
2026-09-26T20:01:23.400248+00:00,btc-updown-5m-1790452800,5,4959622,69356630944946262481523238222724320880899660860748832827279851017858717607045,2026-09-26T20:00:00+00:00,2026-09-26T20:05:00+00:00,3.62,0.37,0.38,0.375,0.01,130.43,801.21,99
2026-09-26T20:01:23.400248+00:00,btc-updown-5m-1790453100,5,4959709,66032785906215735634795470679379851005977647196289011496001614329595783655127,2026-09-26T20:05:00+00:00,2026-09-26T20:10:00+00:00,8.62,0.54,0.55,0.545,0.01,65.01,343.58,98
2026-09-26T20:01:23.400248+00:00,btc-updown-15m-1790452800,15,4959612,38883606133315304197454675713249294702724125023473375801011240580841087307348,2026-09-26T20:00:00+00:00,2026-09-26T20:15:00+00:00,13.62,0.48,0.49,0.485,0.01,195.63,20.33,94
2026-09-26T20:01:23.400248+00:00,btc-updown-15m-1790453700,15,4960132,21663778577846838349348659230705418696566680522320076766126733892531929164804,2026-09-26T20:15:00+00:00,2026-09-26T20:30:00+00:00,28.62,0.5,0.51,0.505,0.01,715.75,2384.05,93
2026-09-26T20:02:24.599421+00:00,btc-updown-5m-1790452800,5,4959622,69356630944946262481523238222724320880899660860748832827279851017858717607045,2026-09-26T20:00:00+00:00,2026-09-26T20:05:00+00:00,2.6,0.59,0.6,0.595,0.01,1638.41,117.7,99
2026-09-26T20:02:24.599421+00:00,btc-updown-5m-1790453100,5,4959709,66032785906215735634795470679379851005977647196289011496001614329595783655127,2026-09-26T20:05:00+00:00,2026-09-26T20:10:00+00:00,7.6,0.54,0.55,0.545,0.01,62.83,346.76,98
2026-09-26T20:02:24.599421+00:00,btc-updown-15m-1790452800,15,4959612,38883606133315304197454675713249294702724125023473375801011240580841087307348,2026-09-26T20:00:00+00:00,2026-09-26T20:15:00+00:00,12.6,0.54,0.55,0.545,0.01,20.0,157.2,95
2026-09-26T20:02:24.599421+00:00,btc-updown-15m-1790453700,15,4960132,21663778577846838349348659230705418696566680522320076766126733892531929164804,2026-09-26T20:15:00+00:00,2026-09-26T20:30:00+00:00,27.6,0.5,0.51,0.505,0.01,715.75,2384.05,95
2026-09-26T20:03:25.828577+00:00,btc-updown-5m-1790452800,5,4959622,69356630944946262481523238222724320880899660860748832827279851017858717607045,2026-09-26T20:00:00+00:00,2026-09-26T20:05:00+00:00,1.58,0.96,0.97,0.965,0.01,185.42,377.03,99
2026-09-26T20:03:25.828577+00:00,btc-updown-5m-1790453100,5,4959709,66032785906215735634795470679379851005977647196289011496001614329595783655127,2026-09-26T20:05:00+00:00,2026-09-26T20:10:00+00:00,6.58,0.54,0.55,0.545,0.01,87.83,253.12,98
2026-09-26T20:03:25.828577+00:00,btc-updown-15m-1790452800,15,4959612,38883606133315304197454675713249294702724125023473375801011240580841087307348,2026-09-26T20:00:00+00:00,2026-09-26T20:15:00+00:00,11.58,0.79,0.8,0.795,0.01,282.36,171.94,87
2026-09-26T20:03:25.828577+00:00,btc-updown-15m-1790453700,15,4960132,21663778577846838349348659230705418696566680522320076766126733892531929164804,2026-09-26T20:15:00+00:00,2026-09-26T20:30:00+00:00,26.58,0.5,0.51,0.505,0.01,740.75,2424.05,95
2026-09-26T20:04:27.027599+00:00,btc-updown-5m-1790453100,5,4959709,66032785906215735634795470679379851005977647196289011496001614329595783655127,2026-09-26T20:05:00+00:00,2026-09-26T20:10:00+00:00,5.55,0.5,0.51,0.505,0.01,565.0,397.03,99
2026-09-26T20:04:27.027599+00:00,btc-updown-15m-1790452800,15,4959612,38883606133315304197454675713249294702724125023473375801011240580841087307348,2026-09-26T20:00:00+00:00,2026-09-26T20:15:00+00:00,10.55,0.73,0.74,0.735,0.01,361.64,66.81,91
2026-09-26T20:04:27.027599+00:00,btc-updown-15m-1790453700,15,4960132,21663778577846838349348659230705418696566680522320076766126733892531929164804,2026-09-26T20:15:00+00:00,2026-09-26T20:30:00+00:00,25.55,0.5,0.51,0.505,0.01,740.75,2424.05,95
2026-09-26T20:05:28.243777+00:00,btc-updown-5m-1790453100,5,4959709,66032785906215735634795470679379851005977647196289011496001614329595783655127,2026-09-26T20:05:00+00:00,2026-09-26T20:10:00+00:00,4.53,0.5,0.51,0.505,0.01,762.96,42.15,99
2026-09-26T20:05:28.243777+00:00,btc-updown-5m-1790453400,5,4959737,44524649601664452390320839097639601695564327553792241463829775772001060560011,2026-09-26T20:10:00+00:00,2026-09-26T20:15:00+00:00,9.53,0.51,0.54,0.525,0.03,81.97,37.0,97
2026-09-26T20:05:28.243777+00:00,btc-updown-15m-1790452800,15,4959612,38883606133315304197454675713249294702724125023473375801011240580841087307348,2026-09-26T20:00:00+00:00,2026-09-26T20:15:00+00:00,9.53,0.81,0.82,0.815,0.01,20.0,131.0,88
2026-09-26T20:05:28.243777+00:00,btc-updown-15m-1790453700,15,4960132,21663778577846838349348659230705418696566680522320076766126733892531929164804,2026-09-26T20:15:00+00:00,2026-09-26T20:30:00+00:00,24.53,0.5,0.51,0.505,0.01,740.75,2454.05,95
2026-09-26T20:06:29.498843+00:00,btc-updown-5m-1790453100,5,4959709,66032785906215735634795470679379851005977647196289011496001614329595783655127,2026-09-26T20:05:00+00:00,2026-09-26T20:10:00+00:00,3.52,0.79,0.8,0.795,0.01,228.72,32.0,99
2026-09-26T20:06:29.498843+00:00,btc-updown-5m-1790453400,5,4959737,44524649601664452390320839097639601695564327553792241463829775772001060560011,2026-09-26T20:10:00+00:00,2026-09-26T20:15:00+00:00,8.52,0.51,0.52,0.515,0.01,64.72,31.15,99
2026-09-26T20:06:29.498843+00:00,btc-updown-15m-1790452800,15,4959612,38883606133315304197454675713249294702724125023473375801011240580841087307348,2026-09-26T20:00:00+00:00,2026-09-26T20:15:00+00:00,8.52,0.86,0.87,0.865,0.01,167.99,140.0,87
2026-09-26T20:06:29.498843+00:00,btc-updown-15m-1790453700,15,4960132,21663778577846838349348659230705418696566680522320076766126733892531929164804,2026-09-26T20:15:00+00:00,2026-09-26T20:30:00+00:00,23.52,0.5,0.51,0.505,0.01,715.75,2534.05,95
2026-09-26T20:07:30.672414+00:00,btc-updown-5m-1790453100,5,4959709,66032785906215735634795470679379851005977647196289011496001614329595783655127,2026-09-26T20:05:00+00:00,2026-09-26T20:10:00+00:00,2.5,0.62,0.63,0.625,0.01,417.31,198.0,99
2026-09-26T20:07:30.672414+00:00,btc-updown-5m-1790453400,5,4959737,44524649601664452390320839097639601695564327553792241463829775772001060560011,2026-09-26T20:10:00+00:00,2026-09-26T20:15:00+00:00,7.5,0.52,0.53,0.525,0.01,30.0,20.0,99
2026-09-26T20:07:30.672414+00:00,btc-updown-15m-1790452800,15,4959612,38883606133315304197454675713249294702724125023473375801011240580841087307348,2026-09-26T20:00:00+00:00,2026-09-26T20:15:00+00:00,7.5,0.82,0.83,0.825,0.01,240.83,58.0,89
2026-09-26T20:07:30.672414+00:00,btc-updown-15m-1790453700,15,4960132,21663778577846838349348659230705418696566680522320076766126733892531929164804,2026-09-26T20:15:00+00:00,2026-09-26T20:30:00+00:00,22.5,0.5,0.51,0.505,0.01,715.75,2534.05,95
2026-09-26T20:08:31.896090+00:00,btc-updown-5m-1790453100,5,4959709,66032785906215735634795470679379851005977647196289011496001614329595783655127,2026-09-26T20:05:00+00:00,2026-09-26T20:10:00+00:00,1.48,0.31,0.32,0.315,0.01,162.4,20.0,99
2026-09-26T20:08:31.896090+00:00,btc-updown-5m-1790453400,5,4959737,44524649601664452390320839097639601695564327553792241463829775772001060560011,2026-09-26T20:10:00+00:00,2026-09-26T20:15:00+00:00,6.48,0.51,0.52,0.515,0.01,10.0,30.0,99
2026-09-26T20:08:31.896090+00:00,btc-updown-15m-1790452800,15,4959612,38883606133315304197454675713249294702724125023473375801011240580841087307348,2026-09-26T20:00:00+00:00,2026-09-26T20:15:00+00:00,6.48,0.82,0.83,0.825,0.01,183.48,24.0,87
2026-09-26T20:08:31.896090+00:00,btc-updown-15m-1790453700,15,4960132,21663778577846838349348659230705418696566680522320076766126733892531929164804,2026-09-26T20:15:00+00:00,2026-09-26T20:30:00+00:00,21.48,0.5,0.51,0.505,0.01,715.75,2454.05,95
2026-09-26T20:09:33.082914+00:00,btc-updown-5m-1790453400,5,4959737,44524649601664452390320839097639601695564327553792241463829775772001060560011,2026-09-26T20:10:00+00:00,2026-09-26T20:15:00+00:00,5.45,0.38,0.39,0.385,0.01,43.0,141.68,99
2026-09-26T20:09:33.082914+00:00,btc-updown-15m-1790452800,15,4959612,38883606133315304197454675713249294702724125023473375801011240580841087307348,2026-09-26T20:00:00+00:00,2026-09-26T20:15:00+00:00,5.45,0.26,0.27,0.265,0.01,110.0,109.0,89
2026-09-26T20:09:33.082914+00:00,btc-updown-15m-1790453700,15,4960132,21663778577846838349348659230705418696566680522320076766126733892531929164804,2026-09-26T20:15:00+00:00,2026-09-26T20:30:00+00:00,20.45,0.5,0.51,0.505,0.01,760.75,2394.05,95
2026-09-26T20:10:34.440707+00:00,btc-updown-5m-1790453400,5,4959737,44524649601664452390320839097639601695564327553792241463829775772001060560011,2026-09-26T20:10:00+00:00,2026-09-26T20:15:00+00:00,4.43,0.28,0.29,0.285,0.01,376.31,75.51,99
2026-09-26T20:10:34.440707+00:00,btc-updown-5m-1790453700,5,4960130,81527596898081208857752068146055538152559036004628906994439206352297576922827,2026-09-26T20:15:00+00:00,2026-09-26T20:20:00+00:00,9.43,0.51,0.52,0.515,0.01,39.09,115.83,99
2026-09-26T20:10:34.440707+00:00,btc-updown-15m-1790452800,15,4959612,38883606133315304197454675713249294702724125023473375801011240580841087307348,2026-09-26T20:00:00+00:00,2026-09-26T20:15:00+00:00,4.43,0.3,0.31,0.305,0.01,70.0,20.0,88
2026-09-26T20:10:34.440707+00:00,btc-updown-15m-1790453700,15,4960132,21663778577846838349348659230705418696566680522320076766126733892531929164804,2026-09-26T20:15:00+00:00,2026-09-26T20:30:00+00:00,19.43,0.5,0.51,0.505,0.01,760.75,2368.65,95
2026-09-26T20:11:35.655807+00:00,btc-updown-5m-1790453400,5,4959737,44524649601664452390320839097639601695564327553792241463829775772001060560011,2026-09-26T20:10:00+00:00,2026-09-26T20:15:00+00:00,3.42,0.77,0.78,0.775,0.01,364.04,155.92,99
2026-09-26T20:11:35.655807+00:00,btc-updown-5m-1790453700,5,4960130,81527596898081208857752068146055538152559036004628906994439206352297576922827,2026-09-26T20:15:00+00:00,2026-09-26T20:20:00+00:00,8.42,0.51,0.52,0.515,0.01,44.09,169.83,99
2026-09-26T20:11:35.655807+00:00,btc-updown-15m-1790452800,15,4959612,38883606133315304197454675713249294702724125023473375801011240580841087307348,2026-09-26T20:00:00+00:00,2026-09-26T20:15:00+00:00,3.42,0.52,0.53,0.525,0.01,150.63,85.0,82
2026-09-26T20:11:35.655807+00:00,btc-updown-15m-1790453700,15,4960132,21663778577846838349348659230705418696566680522320076766126733892531929164804,2026-09-26T20:15:00+00:00,2026-09-26T20:30:00+00:00,18.42,0.5,0.51,0.505,0.01,765.75,2368.65,95
2026-09-26T20:12:36.900450+00:00,btc-updown-5m-1790453400,5,4959737,44524649601664452390320839097639601695564327553792241463829775772001060560011,2026-09-26T20:10:00+00:00,2026-09-26T20:15:00+00:00,2.4,0.84,0.85,0.845,0.01,75.0,74.99,99
2026-09-26T20:12:36.900450+00:00,btc-updown-5m-1790453700,5,4960130,81527596898081208857752068146055538152559036004628906994439206352297576922827,2026-09-26T20:15:00+00:00,2026-09-26T20:20:00+00:00,7.4,0.51,0.52,0.515,0.01,44.09,152.52,99
2026-09-26T20:12:36.900450+00:00,btc-updown-15m-1790452800,15,4959612,38883606133315304197454675713249294702724125023473375801011240580841087307348,2026-09-26T20:00:00+00:00,2026-09-26T20:15:00+00:00,2.4,0.56,0.57,0.565,0.01,223.46,30.0,79
2026-09-26T20:12:36.900450+00:00,btc-updown-15m-1790453700,15,4960132,21663778577846838349348659230705418696566680522320076766126733892531929164804,2026-09-26T20:15:00+00:00,2026-09-26T20:30:00+00:00,17.4,0.5,0.51,0.505,0.01,445.75,136.02,95
2026-09-26T20:13:38.081767+00:00,btc-updown-5m-1790453400,5,4959737,44524649601664452390320839097639601695564327553792241463829775772001060560011,2026-09-26T20:10:00+00:00,2026-09-26T20:15:00+00:00,1.37,0.93,0.94,0.935,0.01,177.08,40.29,99
2026-09-26T20:13:38.081767+00:00,btc-updown-5m-1790453700,5,4960130,81527596898081208857752068146055538152559036004628906994439206352297576922827,2026-09-26T20:15:00+00:00,2026-09-26T20:20:00+00:00,6.37,0.51,0.52,0.515,0.01,36.4,54.05,99
2026-09-26T20:13:38.081767+00:00,btc-updown-15m-1790452800,15,4959612,38883606133315304197454675713249294702724125023473375801011240580841087307348,2026-09-26T20:00:00+00:00,2026-09-26T20:15:00+00:00,1.37,0.37,0.38,0.375,0.01,38.88,234.11,60
2026-09-26T20:13:38.081767+00:00,btc-updown-15m-1790453700,15,4960132,21663778577846838349348659230705418696566680522320076766126733892531929164804,2026-09-26T20:15:00+00:00,2026-09-26T20:30:00+00:00,16.37,0.5,0.51,0.505,0.01,450.75,136.02,95
2026-09-26T20:14:39.276173+00:00,btc-updown-5m-1790453700,5,4960130,81527596898081208857752068146055538152559036004628906994439206352297576922827,2026-09-26T20:15:00+00:00,2026-09-26T20:20:00+00:00,5.35,0.51,0.52,0.515,0.01,130.0,59.45,99
2026-09-26T20:14:39.276173+00:00,btc-updown-15m-1790453700,15,4960132,21663778577846838349348659230705418696566680522320076766126733892531929164804,2026-09-26T20:15:00+00:00,2026-09-26T20:30:00+00:00,15.35,0.5,0.51,0.505,0.01,460.75,9.99,91
2026-09-26T20:15:40.276579+00:00,btc-updown-5m-1790453700,5,4960130,81527596898081208857752068146055538152559036004628906994439206352297576922827,2026-09-26T20:15:00+00:00,2026-09-26T20:20:00+00:00,4.33,0.85,0.86,0.855,0.01,485.65,94.83,99
2026-09-26T20:15:40.276579+00:00,btc-updown-5m-1790454000,5,4960862,63544924009528897488998979452109637974007118455054140387321087767433217788765,2026-09-26T20:20:00+00:00,2026-09-26T20:25:00+00:00,9.33,0.51,0.53,0.52,0.02,32.04,35.0,98
2026-09-26T20:15:40.276579+00:00,btc-updown-15m-1790453700,15,4960132,21663778577846838349348659230705418696566680522320076766126733892531929164804,2026-09-26T20:15:00+00:00,2026-09-26T20:30:00+00:00,14.33,0.68,0.69,0.685,0.01,96.8,227.7,95
2026-09-26T20:15:40.276579+00:00,btc-updown-15m-1790454600,15,4961009,110362062770377731507520152421055578415490351199710869148316528074201275427972,2026-09-26T20:30:00+00:00,2026-09-26T20:45:00+00:00,29.33,0.5,0.51,0.505,0.01,70.2,135.62,93
2026-09-26T20:16:41.476376+00:00,btc-updown-5m-1790453700,5,4960130,81527596898081208857752068146055538152559036004628906994439206352297576922827,2026-09-26T20:15:00+00:00,2026-09-26T20:20:00+00:00,3.32,0.89,0.9,0.895,0.01,10.0,1064.65,99
2026-09-26T20:16:41.476376+00:00,btc-updown-5m-1790454000,5,4960862,63544924009528897488998979452109637974007118455054140387321087767433217788765,2026-09-26T20:20:00+00:00,2026-09-26T20:25:00+00:00,8.32,0.53,0.54,0.535,0.01,40.31,73.37,99
2026-09-26T20:16:41.476376+00:00,btc-updown-15m-1790453700,15,4960132,21663778577846838349348659230705418696566680522320076766126733892531929164804,2026-09-26T20:15:00+00:00,2026-09-26T20:30:00+00:00,13.32,0.68,0.69,0.685,0.01,208.99,77.49,91
2026-09-26T20:16:41.476376+00:00,btc-updown-15m-1790454600,15,4961009,110362062770377731507520152421055578415490351199710869148316528074201275427972,2026-09-26T20:30:00+00:00,2026-09-26T20:45:00+00:00,28.32,0.5,0.51,0.505,0.01,65.2,217.25,94
2026-09-26T20:17:42.675463+00:00,btc-updown-5m-1790453700,5,4960130,81527596898081208857752068146055538152559036004628906994439206352297576922827,2026-09-26T20:15:00+00:00,2026-09-26T20:20:00+00:00,2.3,0.93,0.94,0.935,0.01,359.08,145.0,99
2026-09-26T20:17:42.675463+00:00,btc-updown-5m-1790454000,5,4960862,63544924009528897488998979452109637974007118455054140387321087767433217788765,2026-09-26T20:20:00+00:00,2026-09-26T20:25:00+00:00,7.3,0.5,0.54,0.52,0.04,489.69,174.11,96
2026-09-26T20:17:42.675463+00:00,btc-updown-15m-1790453700,15,4960132,21663778577846838349348659230705418696566680522320076766126733892531929164804,2026-09-26T20:15:00+00:00,2026-09-26T20:30:00+00:00,12.3,0.68,0.69,0.685,0.01,1007.61,20.0,89
2026-09-26T20:17:42.675463+00:00,btc-updown-15m-1790454600,15,4961009,110362062770377731507520152421055578415490351199710869148316528074201275427972,2026-09-26T20:30:00+00:00,2026-09-26T20:45:00+00:00,27.3,0.5,0.51,0.505,0.01,65.2,166.23,95
2026-09-26T20:18:43.865963+00:00,btc-updown-5m-1790454000,5,4960862,63544924009528897488998979452109637974007118455054140387321087767433217788765,2026-09-26T20:20:00+00:00,2026-09-26T20:25:00+00:00,6.28,0.5,0.51,0.505,0.01,482.0,2.54,99
2026-09-26T20:18:43.865963+00:00,btc-updown-15m-1790453700,15,4960132,21663778577846838349348659230705418696566680522320076766126733892531929164804,2026-09-26T20:15:00+00:00,2026-09-26T20:30:00+00:00,11.28,0.79,0.8,0.795,0.01,246.77,75.0,90
2026-09-26T20:18:43.865963+00:00,btc-updown-15m-1790454600,15,4961009,110362062770377731507520152421055578415490351199710869148316528074201275427972,2026-09-26T20:30:00+00:00,2026-09-26T20:45:00+00:00,26.28,0.5,0.51,0.505,0.01,65.2,246.23,95
2026-09-26T20:19:44.969759+00:00,btc-updown-5m-1790454000,5,4960862,63544924009528897488998979452109637974007118455054140387321087767433217788765,2026-09-26T20:20:00+00:00,2026-09-26T20:25:00+00:00,5.27,0.51,0.52,0.515,0.01,338.29,5.0,99
2026-09-26T20:19:44.969759+00:00,btc-updown-15m-1790453700,15,4960132,21663778577846838349348659230705418696566680522320076766126733892531929164804,2026-09-26T20:15:00+00:00,2026-09-26T20:30:00+00:00,10.27,0.81,0.82,0.815,0.01,293.46,53.89,88
2026-09-26T20:19:44.969759+00:00,btc-updown-15m-1790454600,15,4961009,110362062770377731507520152421055578415490351199710869148316528074201275427972,2026-09-26T20:30:00+00:00,2026-09-26T20:45:00+00:00,25.27,0.5,0.51,0.505,0.01,40.2,246.23,95
2026-09-26T20:20:46.113027+00:00,btc-updown-5m-1790454000,5,4960862,63544924009528897488998979452109637974007118455054140387321087767433217788765,2026-09-26T20:20:00+00:00,2026-09-26T20:25:00+00:00,4.23,0.6,0.61,0.605,0.01,65.8,332.08,99
2026-09-26T20:20:46.113027+00:00,btc-updown-5m-1790454300,5,4960973,7141322447917254375149053046550589286669328614769429333772848997990256310862,2026-09-26T20:25:00+00:00,2026-09-26T20:30:00+00:00,9.23,0.55,0.56,0.555,0.01,11.65,261.72,98
2026-09-26T20:20:46.113027+00:00,btc-updown-15m-1790453700,15,4960132,21663778577846838349348659230705418696566680522320076766126733892531929164804,2026-09-26T20:15:00+00:00,2026-09-26T20:30:00+00:00,9.23,0.87,0.88,0.875,0.01,43.0,496.34,88
2026-09-26T20:20:46.113027+00:00,btc-updown-15m-1790454600,15,4961009,110362062770377731507520152421055578415490351199710869148316528074201275427972,2026-09-26T20:30:00+00:00,2026-09-26T20:45:00+00:00,24.23,0.5,0.51,0.505,0.01,40.2,276.23,95
2026-09-26T20:21:47.320005+00:00,btc-updown-5m-1790454000,5,4960862,63544924009528897488998979452109637974007118455054140387321087767433217788765,2026-09-26T20:20:00+00:00,2026-09-26T20:25:00+00:00,3.22,0.43,0.44,0.435,0.01,40.0,355.91,99
2026-09-26T20:21:47.320005+00:00,btc-updown-5m-1790454300,5,4960973,7141322447917254375149053046550589286669328614769429333772848997990256310862,2026-09-26T20:25:00+00:00,2026-09-26T20:30:00+00:00,8.22,0.54,0.55,0.545,0.01,70.0,284.57,98
2026-09-26T20:21:47.320005+00:00,btc-updown-15m-1790453700,15,4960132,21663778577846838349348659230705418696566680522320076766126733892531929164804,2026-09-26T20:15:00+00:00,2026-09-26T20:30:00+00:00,8.22,0.84,0.85,0.845,0.01,122.87,149.03,91
2026-09-26T20:21:47.320005+00:00,btc-updown-15m-1790454600,15,4961009,110362062770377731507520152421055578415490351199710869148316528074201275427972,2026-09-26T20:30:00+00:00,2026-09-26T20:45:00+00:00,23.22,0.5,0.51,0.505,0.01,40.2,276.23,95
2026-09-26T20:22:48.491743+00:00,btc-updown-5m-1790454000,5,4960862,63544924009528897488998979452109637974007118455054140387321087767433217788765,2026-09-26T20:20:00+00:00,2026-09-26T20:25:00+00:00,2.2,0.48,0.49,0.485,0.01,520.35,53.19,99
2026-09-26T20:22:48.491743+00:00,btc-updown-5m-1790454300,5,4960973,7141322447917254375149053046550589286669328614769429333772848997990256310862,2026-09-26T20:25:00+00:00,2026-09-26T20:30:00+00:00,7.2,0.54,0.55,0.545,0.01,70.0,284.57,98
2026-09-26T20:22:48.491743+00:00,btc-updown-15m-1790453700,15,4960132,21663778577846838349348659230705418696566680522320076766126733892531929164804,2026-09-26T20:15:00+00:00,2026-09-26T20:30:00+00:00,7.2,0.87,0.88,0.875,0.01,140.4,113.99,88
2026-09-26T20:22:48.491743+00:00,btc-updown-15m-1790454600,15,4961009,110362062770377731507520152421055578415490351199710869148316528074201275427972,2026-09-26T20:30:00+00:00,2026-09-26T20:45:00+00:00,22.2,0.5,0.51,0.505,0.01,40.2,247.25,95
2026-09-26T20:23:49.696717+00:00,btc-updown-5m-1790454000,5,4960862,63544924009528897488998979452109637974007118455054140387321087767433217788765,2026-09-26T20:20:00+00:00,2026-09-26T20:25:00+00:00,1.18,0.35,0.36,0.355,0.01,64.5,328.42,89
2026-09-26T20:23:49.696717+00:00,btc-updown-5m-1790454300,5,4960973,7141322447917254375149053046550589286669328614769429333772848997990256310862,2026-09-26T20:25:00+00:00,2026-09-26T20:30:00+00:00,6.18,0.54,0.55,0.545,0.01,46.52,309.57,98
2026-09-26T20:23:49.696717+00:00,btc-updown-15m-1790453700,15,4960132,21663778577846838349348659230705418696566680522320076766126733892531929164804,2026-09-26T20:15:00+00:00,2026-09-26T20:30:00+00:00,6.18,0.91,0.92,0.915,0.01,131.56,412.51,84
2026-09-26T20:23:49.696717+00:00,btc-updown-15m-1790454600,15,4961009,110362062770377731507520152421055578415490351199710869148316528074201275427972,2026-09-26T20:30:00+00:00,2026-09-26T20:45:00+00:00,21.18,0.49,0.51,0.5,0.02,40.6,252.25,94
2026-09-26T20:24:50.886525+00:00,btc-updown-5m-1790454300,5,4960973,7141322447917254375149053046550589286669328614769429333772848997990256310862,2026-09-26T20:25:00+00:00,2026-09-26T20:30:00+00:00,5.17,0.59,0.6,0.595,0.01,30.08,15.0,99
2026-09-26T20:24:50.886525+00:00,btc-updown-15m-1790453700,15,4960132,21663778577846838349348659230705418696566680522320076766126733892531929164804,2026-09-26T20:15:00+00:00,2026-09-26T20:30:00+00:00,5.17,0.94,0.95,0.945,0.01,302.75,45.0,83
2026-09-26T20:24:50.886525+00:00,btc-updown-15m-1790454600,15,4961009,110362062770377731507520152421055578415490351199710869148316528074201275427972,2026-09-26T20:30:00+00:00,2026-09-26T20:45:00+00:00,20.17,0.49,0.51,0.5,0.02,40.6,252.25,94
2026-09-26T20:25:52.026954+00:00,btc-updown-5m-1790454300,5,4960973,7141322447917254375149053046550589286669328614769429333772848997990256310862,2026-09-26T20:25:00+00:00,2026-09-26T20:30:00+00:00,4.13,0.88,0.89,0.885,0.01,5.0,589.82,99
2026-09-26T20:25:52.026954+00:00,btc-updown-5m-1790454600,5,4961007,33294200637926536447676139945549899054418026841130299418734503807095230344324,2026-09-26T20:30:00+00:00,2026-09-26T20:35:00+00:00,9.13,0.54,0.55,0.545,0.01,126.19,102.22,99
2026-09-26T20:25:52.026954+00:00,btc-updown-15m-1790453700,15,4960132,21663778577846838349348659230705418696566680522320076766126733892531929164804,2026-09-26T20:15:00+00:00,2026-09-26T20:30:00+00:00,4.13,0.98,0.99,0.985,0.01,165.0,1648.14,82
2026-09-26T20:25:52.026954+00:00,btc-updown-15m-1790454600,15,4961009,110362062770377731507520152421055578415490351199710869148316528074201275427972,2026-09-26T20:30:00+00:00,2026-09-26T20:45:00+00:00,19.13,0.49,0.5,0.495,0.01,28.83,160.0,95
2026-09-26T20:26:53.231975+00:00,btc-updown-5m-1790454300,5,4960973,7141322447917254375149053046550589286669328614769429333772848997990256310862,2026-09-26T20:25:00+00:00,2026-09-26T20:30:00+00:00,3.12,0.91,0.92,0.915,0.01,45.99,182.67,98
2026-09-26T20:26:53.231975+00:00,btc-updown-5m-1790454600,5,4961007,33294200637926536447676139945549899054418026841130299418734503807095230344324,2026-09-26T20:30:00+00:00,2026-09-26T20:35:00+00:00,8.12,0.54,0.55,0.545,0.01,33.36,169.02,99
2026-09-26T20:26:53.231975+00:00,btc-updown-15m-1790453700,15,4960132,21663778577846838349348659230705418696566680522320076766126733892531929164804,2026-09-26T20:15:00+00:00,2026-09-26T20:30:00+00:00,3.12,0.98,0.99,0.985,0.01,186.56,739.54,79
2026-09-26T20:26:53.231975+00:00,btc-updown-15m-1790454600,15,4961009,110362062770377731507520152421055578415490351199710869148316528074201275427972,2026-09-26T20:30:00+00:00,2026-09-26T20:45:00+00:00,18.12,0.49,0.5,0.495,0.01,20.0,175.09,95
2026-09-26T20:27:54.430049+00:00,btc-updown-5m-1790454300,5,4960973,7141322447917254375149053046550589286669328614769429333772848997990256310862,2026-09-26T20:25:00+00:00,2026-09-26T20:30:00+00:00,2.1,0.95,0.96,0.955,0.01,184.83,912.13,99
2026-09-26T20:27:54.430049+00:00,btc-updown-5m-1790454600,5,4961007,33294200637926536447676139945549899054418026841130299418734503807095230344324,2026-09-26T20:30:00+00:00,2026-09-26T20:35:00+00:00,7.1,0.56,0.57,0.565,0.01,1125.36,12.44,89
2026-09-26T20:27:54.430049+00:00,btc-updown-15m-1790453700,15,4960132,21663778577846838349348659230705418696566680522320076766126733892531929164804,2026-09-26T20:15:00+00:00,2026-09-26T20:30:00+00:00,2.1,0.989,0.99,0.9895,0.001,60.0,512.33,90
2026-09-26T20:27:54.430049+00:00,btc-updown-15m-1790454600,15,4961009,110362062770377731507520152421055578415490351199710869148316528074201275427972,2026-09-26T20:30:00+00:00,2026-09-26T20:45:00+00:00,17.1,0.49,0.5,0.495,0.01,10.19,260.09,95
2026-09-26T20:28:55.641847+00:00,btc-updown-5m-1790454600,5,4961007,33294200637926536447676139945549899054418026841130299418734503807095230344324,2026-09-26T20:30:00+00:00,2026-09-26T20:35:00+00:00,6.08,0.56,0.57,0.565,0.01,1013.97,91.11,99
2026-09-26T20:28:55.641847+00:00,btc-updown-15m-1790454600,15,4961009,110362062770377731507520152421055578415490351199710869148316528074201275427972,2026-09-26T20:30:00+00:00,2026-09-26T20:45:00+00:00,16.08,0.49,0.5,0.495,0.01,18.06,240.09,93
2026-09-26T20:29:56.635249+00:00,btc-updown-5m-1790454600,5,4961007,33294200637926536447676139945549899054418026841130299418734503807095230344324,2026-09-26T20:30:00+00:00,2026-09-26T20:35:00+00:00,5.07,0.56,0.57,0.565,0.01,364.74,437.29,99
2026-09-26T20:29:56.635249+00:00,btc-updown-15m-1790454600,15,4961009,110362062770377731507520152421055578415490351199710869148316528074201275427972,2026-09-26T20:30:00+00:00,2026-09-26T20:45:00+00:00,15.07,0.48,0.49,0.485,0.01,31.41,100.68,86
2026-09-26T20:30:57.635283+00:00,btc-updown-5m-1790454600,5,4961007,33294200637926536447676139945549899054418026841130299418734503807095230344324,2026-09-26T20:30:00+00:00,2026-09-26T20:35:00+00:00,4.05,0.51,0.52,0.515,0.01,152.0,487.23,99
2026-09-26T20:30:57.635283+00:00,btc-updown-5m-1790454900,5,4961058,102067552089188071550736838331466322763287403984940874913410531086786921237623,2026-09-26T20:35:00+00:00,2026-09-26T20:40:00+00:00,9.05,0.64,0.65,0.645,0.01,367.93,376.07,93
2026-09-26T20:30:57.635283+00:00,btc-updown-15m-1790454600,15,4961009,110362062770377731507520152421055578415490351199710869148316528074201275427972,2026-09-26T20:30:00+00:00,2026-09-26T20:45:00+00:00,14.05,0.48,0.49,0.485,0.01,157.64,100.02,93
2026-09-26T20:30:57.635283+00:00,btc-updown-15m-1790455500,15,4961537,47042364209137993410531793967906286520205565289659241340594102752701455747382,2026-09-26T20:45:00+00:00,2026-09-26T21:00:00+00:00,29.05,0.5,0.51,0.505,0.01,62.69,597.25,95
2026-09-26T20:31:58.813158+00:00,btc-updown-5m-1790454600,5,4961007,33294200637926536447676139945549899054418026841130299418734503807095230344324,2026-09-26T20:30:00+00:00,2026-09-26T20:35:00+00:00,3.03,0.77,0.78,0.775,0.01,1039.03,216.12,99
2026-09-26T20:31:58.813158+00:00,btc-updown-5m-1790454900,5,4961058,102067552089188071550736838331466322763287403984940874913410531086786921237623,2026-09-26T20:35:00+00:00,2026-09-26T20:40:00+00:00,8.03,0.64,0.65,0.645,0.01,304.04,376.07,93
2026-09-26T20:31:58.813158+00:00,btc-updown-15m-1790454600,15,4961009,110362062770377731507520152421055578415490351199710869148316528074201275427972,2026-09-26T20:30:00+00:00,2026-09-26T20:45:00+00:00,13.03,0.57,0.58,0.575,0.01,100.0,418.91,89
2026-09-26T20:31:58.813158+00:00,btc-updown-15m-1790455500,15,4961537,47042364209137993410531793967906286520205565289659241340594102752701455747382,2026-09-26T20:45:00+00:00,2026-09-26T21:00:00+00:00,28.03,0.5,0.51,0.505,0.01,62.69,597.25,97
