captured_at,slug,interval_min,market_id,yes_token,window_start,window_end,minutes_left,best_bid,best_ask,mid,spread,bid_size,ask_size,book_levels
2026-08-28T00:51:39.016216+00:00,btc-updown-5m-1787878200,5,3922451,5530530483889178754618665479705263811679217557379820647073817110509900637988,2026-08-28T00:50:00+00:00,2026-08-28T00:55:00+00:00,3.35,0.48,0.49,0.485,0.01,231.99,121.0,99
2026-08-28T00:51:39.016216+00:00,btc-updown-5m-1787878500,5,3922492,21360299914019448158962127602738038812791951604698911934865827556263811548197,2026-08-28T00:55:00+00:00,2026-08-28T01:00:00+00:00,8.35,0.47,0.48,0.475,0.01,380.0,4.79,99
2026-08-28T00:51:39.016216+00:00,btc-updown-15m-1787877900,15,3922262,24460721788940256162709736942779031682345851392378705657952182542165885620560,2026-08-28T00:45:00+00:00,2026-08-28T01:00:00+00:00,8.35,0.59,0.6,0.595,0.01,202.4,95.28,99
2026-08-28T00:51:39.016216+00:00,btc-updown-15m-1787878800,15,3922562,13066909790877338476971847851588327671576452556912498317567508886559309794055,2026-08-28T01:00:00+00:00,2026-08-28T01:15:00+00:00,23.35,0.49,0.5,0.495,0.01,230.0,716.0,89
2026-08-28T00:52:40.358641+00:00,btc-updown-5m-1787878200,5,3922451,5530530483889178754618665479705263811679217557379820647073817110509900637988,2026-08-28T00:50:00+00:00,2026-08-28T00:55:00+00:00,2.33,0.09,0.1,0.095,0.01,305.39,332.43,99
2026-08-28T00:52:40.358641+00:00,btc-updown-5m-1787878500,5,3922492,21360299914019448158962127602738038812791951604698911934865827556263811548197,2026-08-28T00:55:00+00:00,2026-08-28T01:00:00+00:00,7.33,0.47,0.48,0.475,0.01,363.67,9.79,99
2026-08-28T00:52:40.358641+00:00,btc-updown-15m-1787877900,15,3922262,24460721788940256162709736942779031682345851392378705657952182542165885620560,2026-08-28T00:45:00+00:00,2026-08-28T01:00:00+00:00,7.33,0.35,0.36,0.355,0.01,145.0,65.0,99
2026-08-28T00:52:40.358641+00:00,btc-updown-15m-1787878800,15,3922562,13066909790877338476971847851588327671576452556912498317567508886559309794055,2026-08-28T01:00:00+00:00,2026-08-28T01:15:00+00:00,22.33,0.49,0.5,0.495,0.01,434.08,556.0,88
2026-08-28T00:53:41.601836+00:00,btc-updown-5m-1787878200,5,3922451,5530530483889178754618665479705263811679217557379820647073817110509900637988,2026-08-28T00:50:00+00:00,2026-08-28T00:55:00+00:00,1.32,0.67,0.68,0.675,0.01,253.6,7.53,97
2026-08-28T00:53:41.601836+00:00,btc-updown-5m-1787878500,5,3922492,21360299914019448158962127602738038812791951604698911934865827556263811548197,2026-08-28T00:55:00+00:00,2026-08-28T01:00:00+00:00,6.32,0.47,0.48,0.475,0.01,570.67,52.7,99
2026-08-28T00:53:41.601836+00:00,btc-updown-15m-1787877900,15,3922262,24460721788940256162709736942779031682345851392378705657952182542165885620560,2026-08-28T00:45:00+00:00,2026-08-28T01:00:00+00:00,6.32,0.7,0.71,0.705,0.01,63.33,5931.0,99
2026-08-28T00:53:41.601836+00:00,btc-updown-15m-1787878800,15,3922562,13066909790877338476971847851588327671576452556912498317567508886559309794055,2026-08-28T01:00:00+00:00,2026-08-28T01:15:00+00:00,21.32,0.48,0.49,0.485,0.01,587.33,370.0,88
2026-08-28T00:54:42.795907+00:00,btc-updown-5m-1787878500,5,3922492,21360299914019448158962127602738038812791951604698911934865827556263811548197,2026-08-28T00:55:00+00:00,2026-08-28T01:00:00+00:00,5.3,0.42,0.43,0.425,0.01,177.51,43.0,99
2026-08-28T00:54:42.795907+00:00,btc-updown-15m-1787877900,15,3922262,24460721788940256162709736942779031682345851392378705657952182542165885620560,2026-08-28T00:45:00+00:00,2026-08-28T01:00:00+00:00,5.3,0.76,0.77,0.765,0.01,16.5,70.78,99
2026-08-28T00:54:42.795907+00:00,btc-updown-15m-1787878800,15,3922562,13066909790877338476971847851588327671576452556912498317567508886559309794055,2026-08-28T01:00:00+00:00,2026-08-28T01:15:00+00:00,20.3,0.48,0.49,0.485,0.01,587.33,611.08,87
2026-08-28T00:55:43.913096+00:00,btc-updown-5m-1787878500,5,3922492,21360299914019448158962127602738038812791951604698911934865827556263811548197,2026-08-28T00:55:00+00:00,2026-08-28T01:00:00+00:00,4.28,0.77,0.78,0.775,0.01,47.3,420.0,99
2026-08-28T00:55:43.913096+00:00,btc-updown-5m-1787878800,5,3922556,36869593391215041674115015545882546051547151580777819736004110290851886608975,2026-08-28T01:00:00+00:00,2026-08-28T01:05:00+00:00,9.28,0.49,0.5,0.495,0.01,415.58,612.72,99
2026-08-28T00:55:43.913096+00:00,btc-updown-15m-1787877900,15,3922262,24460721788940256162709736942779031682345851392378705657952182542165885620560,2026-08-28T00:45:00+00:00,2026-08-28T01:00:00+00:00,4.28,0.93,0.94,0.935,0.01,40.0,157.3,99
2026-08-28T00:55:43.913096+00:00,btc-updown-15m-1787878800,15,3922562,13066909790877338476971847851588327671576452556912498317567508886559309794055,2026-08-28T01:00:00+00:00,2026-08-28T01:15:00+00:00,19.28,0.48,0.49,0.485,0.01,336.56,673.16,89
2026-08-28T00:56:45.098056+00:00,btc-updown-5m-1787878500,5,3922492,21360299914019448158962127602738038812791951604698911934865827556263811548197,2026-08-28T00:55:00+00:00,2026-08-28T01:00:00+00:00,3.25,0.96,0.97,0.965,0.01,219.57,757.73,99
2026-08-28T00:56:45.098056+00:00,btc-updown-5m-1787878800,5,3922556,36869593391215041674115015545882546051547151580777819736004110290851886608975,2026-08-28T01:00:00+00:00,2026-08-28T01:05:00+00:00,8.25,0.49,0.5,0.495,0.01,387.83,622.72,99
2026-08-28T00:56:45.098056+00:00,btc-updown-15m-1787877900,15,3922262,24460721788940256162709736942779031682345851392378705657952182542165885620560,2026-08-28T00:45:00+00:00,2026-08-28T01:00:00+00:00,3.25,0.98,0.99,0.985,0.01,146.4,1037.2,99
2026-08-28T00:56:45.098056+00:00,btc-updown-15m-1787878800,15,3922562,13066909790877338476971847851588327671576452556912498317567508886559309794055,2026-08-28T01:00:00+00:00,2026-08-28T01:15:00+00:00,18.25,0.48,0.49,0.485,0.01,230.0,787.16,89
2026-08-28T00:57:46.319302+00:00,btc-updown-5m-1787878800,5,3922556,36869593391215041674115015545882546051547151580777819736004110290851886608975,2026-08-28T01:00:00+00:00,2026-08-28T01:05:00+00:00,7.23,0.49,0.5,0.495,0.01,452.25,1103.72,99
2026-08-28T00:57:46.319302+00:00,btc-updown-15m-1787878800,15,3922562,13066909790877338476971847851588327671576452556912498317567508886559309794055,2026-08-28T01:00:00+00:00,2026-08-28T01:15:00+00:00,17.23,0.48,0.49,0.485,0.01,205.0,832.16,89
2026-08-28T00:58:47.388989+00:00,btc-updown-5m-1787878800,5,3922556,36869593391215041674115015545882546051547151580777819736004110290851886608975,2026-08-28T01:00:00+00:00,2026-08-28T01:05:00+00:00,6.22,0.52,0.53,0.525,0.01,70.0,270.0,99
2026-08-28T00:58:47.388989+00:00,btc-updown-15m-1787878800,15,3922562,13066909790877338476971847851588327671576452556912498317567508886559309794055,2026-08-28T01:00:00+00:00,2026-08-28T01:15:00+00:00,16.22,0.46,0.47,0.465,0.01,268.28,276.55,90
2026-08-28T00:59:48.360817+00:00,btc-updown-5m-1787878800,5,3922556,36869593391215041674115015545882546051547151580777819736004110290851886608975,2026-08-28T01:00:00+00:00,2026-08-28T01:05:00+00:00,5.2,0.36,0.37,0.365,0.01,9.7,30.0,99
2026-08-28T00:59:48.360817+00:00,btc-updown-15m-1787878800,15,3922562,13066909790877338476971847851588327671576452556912498317567508886559309794055,2026-08-28T01:00:00+00:00,2026-08-28T01:15:00+00:00,15.2,0.46,0.47,0.465,0.01,40.39,648.65,93
2026-08-28T01:00:49.472089+00:00,btc-updown-5m-1787878800,5,3922556,36869593391215041674115015545882546051547151580777819736004110290851886608975,2026-08-28T01:00:00+00:00,2026-08-28T01:05:00+00:00,4.18,0.78,0.79,0.785,0.01,844.43,45.3,99
2026-08-28T01:00:49.472089+00:00,btc-updown-5m-1787879100,5,3922570,113863138105906114823637483477610761438068682006154534839540044774266392622524,2026-08-28T01:05:00+00:00,2026-08-28T01:10:00+00:00,9.18,0.48,0.49,0.485,0.01,533.4,135.95,99
2026-08-28T01:00:49.472089+00:00,btc-updown-15m-1787878800,15,3922562,13066909790877338476971847851588327671576452556912498317567508886559309794055,2026-08-28T01:00:00+00:00,2026-08-28T01:15:00+00:00,14.18,0.66,0.67,0.665,0.01,10.09,81.02,99
2026-08-28T01:00:49.472089+00:00,btc-updown-15m-1787879700,15,3922604,42605617868083753029324857623836717184178629738317783373742312241709791488294,2026-08-28T01:15:00+00:00,2026-08-28T01:30:00+00:00,29.18,0.48,0.49,0.485,0.01,374.0,460.0,87
2026-08-28T01:01:50.701883+00:00,btc-updown-5m-1787878800,5,3922556,36869593391215041674115015545882546051547151580777819736004110290851886608975,2026-08-28T01:00:00+00:00,2026-08-28T01:05:00+00:00,3.17,0.92,0.93,0.925,0.01,101.29,589.69,99
2026-08-28T01:01:50.701883+00:00,btc-updown-5m-1787879100,5,3922570,113863138105906114823637483477610761438068682006154534839540044774266392622524,2026-08-28T01:05:00+00:00,2026-08-28T01:10:00+00:00,8.17,0.48,0.49,0.485,0.01,401.66,537.9,99
2026-08-28T01:01:50.701883+00:00,btc-updown-15m-1787878800,15,3922562,13066909790877338476971847851588327671576452556912498317567508886559309794055,2026-08-28T01:00:00+00:00,2026-08-28T01:15:00+00:00,13.17,0.72,0.73,0.725,0.01,71.08,175.0,99
2026-08-28T01:01:50.701883+00:00,btc-updown-15m-1787879700,15,3922604,42605617868083753029324857623836717184178629738317783373742312241709791488294,2026-08-28T01:15:00+00:00,2026-08-28T01:30:00+00:00,28.17,0.48,0.49,0.485,0.01,336.08,567.0,87
2026-08-28T01:02:51.937507+00:00,btc-updown-5m-1787878800,5,3922556,36869593391215041674115015545882546051547151580777819736004110290851886608975,2026-08-28T01:00:00+00:00,2026-08-28T01:05:00+00:00,2.15,0.98,0.99,0.985,0.01,180.0,2585.76,99
2026-08-28T01:02:51.937507+00:00,btc-updown-5m-1787879100,5,3922570,113863138105906114823637483477610761438068682006154534839540044774266392622524,2026-08-28T01:05:00+00:00,2026-08-28T01:10:00+00:00,7.15,0.45,0.46,0.455,0.01,67.96,810.85,99
2026-08-28T01:02:51.937507+00:00,btc-updown-15m-1787878800,15,3922562,13066909790877338476971847851588327671576452556912498317567508886559309794055,2026-08-28T01:00:00+00:00,2026-08-28T01:15:00+00:00,12.15,0.74,0.75,0.745,0.01,44.0,65.0,99
2026-08-28T01:02:51.937507+00:00,btc-updown-15m-1787879700,15,3922604,42605617868083753029324857623836717184178629738317783373742312241709791488294,2026-08-28T01:15:00+00:00,2026-08-28T01:30:00+00:00,27.15,0.48,0.49,0.485,0.01,336.08,567.0,87
2026-08-28T01:03:53.215486+00:00,btc-updown-5m-1787879100,5,3922570,113863138105906114823637483477610761438068682006154534839540044774266392622524,2026-08-28T01:05:00+00:00,2026-08-28T01:10:00+00:00,6.12,0.44,0.45,0.445,0.01,98.35,11.77,99
2026-08-28T01:03:53.215486+00:00,btc-updown-15m-1787878800,15,3922562,13066909790877338476971847851588327671576452556912498317567508886559309794055,2026-08-28T01:00:00+00:00,2026-08-28T01:15:00+00:00,11.12,0.8,0.81,0.805,0.01,25.0,15.0,99
2026-08-28T01:03:53.215486+00:00,btc-updown-15m-1787879700,15,3922604,42605617868083753029324857623836717184178629738317783373742312241709791488294,2026-08-28T01:15:00+00:00,2026-08-28T01:30:00+00:00,26.12,0.48,0.49,0.485,0.01,336.08,567.0,87
2026-08-28T01:04:54.329331+00:00,btc-updown-5m-1787879100,5,3922570,113863138105906114823637483477610761438068682006154534839540044774266392622524,2026-08-28T01:05:00+00:00,2026-08-28T01:10:00+00:00,5.1,0.51,0.56,0.535,0.05,69.38,40.0,94
2026-08-28T01:04:54.329331+00:00,btc-updown-15m-1787878800,15,3922562,13066909790877338476971847851588327671576452556912498317567508886559309794055,2026-08-28T01:00:00+00:00,2026-08-28T01:15:00+00:00,10.1,0.83,0.84,0.835,0.01,37.0,155.0,99
2026-08-28T01:04:54.329331+00:00,btc-updown-15m-1787879700,15,3922604,42605617868083753029324857623836717184178629738317783373742312241709791488294,2026-08-28T01:15:00+00:00,2026-08-28T01:30:00+00:00,25.1,0.48,0.49,0.485,0.01,297.61,567.0,87
2026-08-28T01:05:55.430901+00:00,btc-updown-5m-1787879100,5,3922570,113863138105906114823637483477610761438068682006154534839540044774266392622524,2026-08-28T01:05:00+00:00,2026-08-28T01:10:00+00:00,4.08,0.44,0.45,0.445,0.01,228.51,66.92,99
2026-08-28T01:05:55.430901+00:00,btc-updown-5m-1787879400,5,3922590,111839824684641417210716219552120785818511886698046770020249135369110755242970,2026-08-28T01:10:00+00:00,2026-08-28T01:15:00+00:00,9.08,0.45,0.46,0.455,0.01,230.58,65.0,99
2026-08-28T01:05:55.430901+00:00,btc-updown-15m-1787878800,15,3922562,13066909790877338476971847851588327671576452556912498317567508886559309794055,2026-08-28T01:00:00+00:00,2026-08-28T01:15:00+00:00,9.08,0.84,0.85,0.845,0.01,76.0,150.0,99
2026-08-28T01:05:55.430901+00:00,btc-updown-15m-1787879700,15,3922604,42605617868083753029324857623836717184178629738317783373742312241709791488294,2026-08-28T01:15:00+00:00,2026-08-28T01:30:00+00:00,24.08,0.47,0.48,0.475,0.01,382.47,652.31,87
2026-08-28T01:06:56.657087+00:00,btc-updown-5m-1787879100,5,3922570,113863138105906114823637483477610761438068682006154534839540044774266392622524,2026-08-28T01:05:00+00:00,2026-08-28T01:10:00+00:00,3.07,0.28,0.29,0.285,0.01,205.12,402.63,99
2026-08-28T01:06:56.657087+00:00,btc-updown-5m-1787879400,5,3922590,111839824684641417210716219552120785818511886698046770020249135369110755242970,2026-08-28T01:10:00+00:00,2026-08-28T01:15:00+00:00,8.07,0.45,0.46,0.455,0.01,240.58,20.22,99
2026-08-28T01:06:56.657087+00:00,btc-updown-15m-1787878800,15,3922562,13066909790877338476971847851588327671576452556912498317567508886559309794055,2026-08-28T01:00:00+00:00,2026-08-28T01:15:00+00:00,8.07,0.82,0.83,0.825,0.01,97.96,149.51,99
2026-08-28T01:06:56.657087+00:00,btc-updown-15m-1787879700,15,3922604,42605617868083753029324857623836717184178629738317783373742312241709791488294,2026-08-28T01:15:00+00:00,2026-08-28T01:30:00+00:00,23.07,0.47,0.48,0.475,0.01,382.47,652.31,88
2026-08-28T01:07:57.859400+00:00,btc-updown-5m-1787879100,5,3922570,113863138105906114823637483477610761438068682006154534839540044774266392622524,2026-08-28T01:05:00+00:00,2026-08-28T01:10:00+00:00,2.05,0.15,0.16,0.155,0.01,283.33,28.0,99
2026-08-28T01:07:57.859400+00:00,btc-updown-5m-1787879400,5,3922590,111839824684641417210716219552120785818511886698046770020249135369110755242970,2026-08-28T01:10:00+00:00,2026-08-28T01:15:00+00:00,7.05,0.45,0.46,0.455,0.01,423.17,0.22,99
2026-08-28T01:07:57.859400+00:00,btc-updown-15m-1787878800,15,3922562,13066909790877338476971847851588327671576452556912498317567508886559309794055,2026-08-28T01:00:00+00:00,2026-08-28T01:15:00+00:00,7.05,0.84,0.85,0.845,0.01,75.01,55.0,99
2026-08-28T01:07:57.859400+00:00,btc-updown-15m-1787879700,15,3922604,42605617868083753029324857623836717184178629738317783373742312241709791488294,2026-08-28T01:15:00+00:00,2026-08-28T01:30:00+00:00,22.05,0.47,0.48,0.475,0.01,332.47,652.31,88
2026-08-28T01:08:59.133620+00:00,btc-updown-5m-1787879100,5,3922570,113863138105906114823637483477610761438068682006154534839540044774266392622524,2026-08-28T01:05:00+00:00,2026-08-28T01:10:00+00:00,1.02,0.29,0.3,0.295,0.01,540.41,191.76,97
2026-08-28T01:08:59.133620+00:00,btc-updown-5m-1787879400,5,3922590,111839824684641417210716219552120785818511886698046770020249135369110755242970,2026-08-28T01:10:00+00:00,2026-08-28T01:15:00+00:00,6.02,0.46,0.47,0.465,0.01,253.0,1986.92,99
2026-08-28T01:08:59.133620+00:00,btc-updown-15m-1787878800,15,3922562,13066909790877338476971847851588327671576452556912498317567508886559309794055,2026-08-28T01:00:00+00:00,2026-08-28T01:15:00+00:00,6.02,0.91,0.92,0.915,0.01,15.0,126.84,99
2026-08-28T01:08:59.133620+00:00,btc-updown-15m-1787879700,15,3922604,42605617868083753029324857623836717184178629738317783373742312241709791488294,2026-08-28T01:15:00+00:00,2026-08-28T01:30:00+00:00,21.02,0.47,0.48,0.475,0.01,413.99,650.22,88
2026-08-28T01:10:00.481706+00:00,btc-updown-5m-1787879400,5,3922590,111839824684641417210716219552120785818511886698046770020249135369110755242970,2026-08-28T01:10:00+00:00,2026-08-28T01:15:00+00:00,5.0,0.54,0.55,0.545,0.01,665.21,3.18,92
2026-08-28T01:10:00.481706+00:00,btc-updown-5m-1787879700,5,3922607,91074665989529674730415363056120668854566864075212058213552008750870479856163,2026-08-28T01:15:00+00:00,2026-08-28T01:20:00+00:00,10.0,0.49,0.5,0.495,0.01,185.25,433.82,99
2026-08-28T01:10:00.481706+00:00,btc-updown-15m-1787878800,15,3922562,13066909790877338476971847851588327671576452556912498317567508886559309794055,2026-08-28T01:00:00+00:00,2026-08-28T01:15:00+00:00,5.0,0.97,0.98,0.975,0.01,30.0,438.51,99
2026-08-28T01:10:00.481706+00:00,btc-updown-15m-1787879700,15,3922604,42605617868083753029324857623836717184178629738317783373742312241709791488294,2026-08-28T01:15:00+00:00,2026-08-28T01:30:00+00:00,20.0,0.46,0.48,0.47,0.02,556.48,489.92,88
2026-08-28T01:11:01.754284+00:00,btc-updown-5m-1787879400,5,3922590,111839824684641417210716219552120785818511886698046770020249135369110755242970,2026-08-28T01:10:00+00:00,2026-08-28T01:15:00+00:00,3.98,0.53,0.54,0.535,0.01,370.0,20.0,99
2026-08-28T01:11:01.754284+00:00,btc-updown-5m-1787879700,5,3922607,91074665989529674730415363056120668854566864075212058213552008750870479856163,2026-08-28T01:15:00+00:00,2026-08-28T01:20:00+00:00,8.98,0.48,0.49,0.485,0.01,198.47,643.32,99
2026-08-28T01:11:01.754284+00:00,btc-updown-15m-1787879700,15,3922604,42605617868083753029324857623836717184178629738317783373742312241709791488294,2026-08-28T01:15:00+00:00,2026-08-28T01:30:00+00:00,18.98,0.46,0.47,0.465,0.01,286.86,375.68,89
2026-08-28T01:12:02.889409+00:00,btc-updown-5m-1787879400,5,3922590,111839824684641417210716219552120785818511886698046770020249135369110755242970,2026-08-28T01:10:00+00:00,2026-08-28T01:15:00+00:00,2.97,0.24,0.25,0.245,0.01,254.98,309.2,99
2026-08-28T01:12:02.889409+00:00,btc-updown-5m-1787879700,5,3922607,91074665989529674730415363056120668854566864075212058213552008750870479856163,2026-08-28T01:15:00+00:00,2026-08-28T01:20:00+00:00,7.97,0.48,0.49,0.485,0.01,270.67,458.32,99
2026-08-28T01:12:02.889409+00:00,btc-updown-15m-1787878800,15,3922562,13066909790877338476971847851588327671576452556912498317567508886559309794055,2026-08-28T01:00:00+00:00,2026-08-28T01:15:00+00:00,2.97,0.96,0.97,0.965,0.01,58.81,11.74,112
2026-08-28T01:12:02.889409+00:00,btc-updown-15m-1787879700,15,3922604,42605617868083753029324857623836717184178629738317783373742312241709791488294,2026-08-28T01:15:00+00:00,2026-08-28T01:30:00+00:00,17.97,0.46,0.47,0.465,0.01,205.0,333.55,89
2026-08-28T01:13:04.069886+00:00,btc-updown-5m-1787879400,5,3922590,111839824684641417210716219552120785818511886698046770020249135369110755242970,2026-08-28T01:10:00+00:00,2026-08-28T01:15:00+00:00,1.93,0.28,0.29,0.285,0.01,26.55,157.75,99
2026-08-28T01:13:04.069886+00:00,btc-updown-5m-1787879700,5,3922607,91074665989529674730415363056120668854566864075212058213552008750870479856163,2026-08-28T01:15:00+00:00,2026-08-28T01:20:00+00:00,6.93,0.48,0.49,0.485,0.01,187.67,168.32,99
2026-08-28T01:13:04.069886+00:00,btc-updown-15m-1787879700,15,3922604,42605617868083753029324857623836717184178629738317783373742312241709791488294,2026-08-28T01:15:00+00:00,2026-08-28T01:30:00+00:00,16.93,0.45,0.46,0.455,0.01,427.22,210.84,89
2026-08-28T01:14:05.212645+00:00,btc-updown-5m-1787879400,5,3922590,111839824684641417210716219552120785818511886698046770020249135369110755242970,2026-08-28T01:10:00+00:00,2026-08-28T01:15:00+00:00,0.92,0.61,0.62,0.615,0.01,239.71,10.0,99
2026-08-28T01:14:05.212645+00:00,btc-updown-5m-1787879700,5,3922607,91074665989529674730415363056120668854566864075212058213552008750870479856163,2026-08-28T01:15:00+00:00,2026-08-28T01:20:00+00:00,5.92,0.47,0.48,0.475,0.01,206.0,38.1,99
2026-08-28T01:14:05.212645+00:00,btc-updown-15m-1787879700,15,3922604,42605617868083753029324857623836717184178629738317783373742312241709791488294,2026-08-28T01:15:00+00:00,2026-08-28T01:30:00+00:00,15.92,0.44,0.45,0.445,0.01,315.27,402.08,87
2026-08-28T01:15:06.305370+00:00,btc-updown-5m-1787879700,5,3922607,91074665989529674730415363056120668854566864075212058213552008750870479856163,2026-08-28T01:15:00+00:00,2026-08-28T01:20:00+00:00,4.9,0.37,0.38,0.375,0.01,254.82,381.16,99
2026-08-28T01:15:06.305370+00:00,btc-updown-5m-1787880000,5,3922795,80432072722595018610752432880326266449456933354528611105249777512343775629414,2026-08-28T01:20:00+00:00,2026-08-28T01:25:00+00:00,9.9,0.49,0.5,0.495,0.01,266.13,630.44,99
2026-08-28T01:15:06.305370+00:00,btc-updown-15m-1787879700,15,3922604,42605617868083753029324857623836717184178629738317783373742312241709791488294,2026-08-28T01:15:00+00:00,2026-08-28T01:30:00+00:00,14.9,0.41,0.42,0.415,0.01,210.66,733.56,99
2026-08-28T01:15:06.305370+00:00,btc-updown-15m-1787880600,15,3923442,47510533357867536507671980574036739493841626137639007330976430724431251764881,2026-08-28T01:30:00+00:00,2026-08-28T01:45:00+00:00,29.9,0.48,0.49,0.485,0.01,39.21,560.0,86
2026-08-28T01:16:07.497617+00:00,btc-updown-5m-1787879700,5,3922607,91074665989529674730415363056120668854566864075212058213552008750870479856163,2026-08-28T01:15:00+00:00,2026-08-28T01:20:00+00:00,3.88,0.46,0.47,0.465,0.01,714.51,19.0,98
2026-08-28T01:16:07.497617+00:00,btc-updown-5m-1787880000,5,3922795,80432072722595018610752432880326266449456933354528611105249777512343775629414,2026-08-28T01:20:00+00:00,2026-08-28T01:25:00+00:00,8.88,0.49,0.5,0.495,0.01,439.61,1027.44,99
2026-08-28T01:16:07.497617+00:00,btc-updown-15m-1787879700,15,3922604,42605617868083753029324857623836717184178629738317783373742312241709791488294,2026-08-28T01:15:00+00:00,2026-08-28T01:30:00+00:00,13.88,0.44,0.45,0.445,0.01,1548.3,367.13,99
2026-08-28T01:16:07.497617+00:00,btc-updown-15m-1787880600,15,3923442,47510533357867536507671980574036739493841626137639007330976430724431251764881,2026-08-28T01:30:00+00:00,2026-08-28T01:45:00+00:00,28.88,0.48,0.49,0.485,0.01,220.35,567.0,86
2026-08-28T01:17:08.710974+00:00,btc-updown-5m-1787879700,5,3922607,91074665989529674730415363056120668854566864075212058213552008750870479856163,2026-08-28T01:15:00+00:00,2026-08-28T01:20:00+00:00,2.87,0.57,0.58,0.575,0.01,286.74,113.3,99
2026-08-28T01:17:08.710974+00:00,btc-updown-5m-1787880000,5,3922795,80432072722595018610752432880326266449456933354528611105249777512343775629414,2026-08-28T01:20:00+00:00,2026-08-28T01:25:00+00:00,7.87,0.49,0.5,0.495,0.01,531.61,1122.44,99
2026-08-28T01:17:08.710974+00:00,btc-updown-15m-1787879700,15,3922604,42605617868083753029324857623836717184178629738317783373742312241709791488294,2026-08-28T01:15:00+00:00,2026-08-28T01:30:00+00:00,12.87,0.5,0.51,0.505,0.01,33.16,113.2,99
2026-08-28T01:17:08.710974+00:00,btc-updown-15m-1787880600,15,3923442,47510533357867536507671980574036739493841626137639007330976430724431251764881,2026-08-28T01:30:00+00:00,2026-08-28T01:45:00+00:00,27.87,0.48,0.49,0.485,0.01,220.35,567.0,86
2026-08-28T01:18:10.061380+00:00,btc-updown-5m-1787879700,5,3922607,91074665989529674730415363056120668854566864075212058213552008750870479856163,2026-08-28T01:15:00+00:00,2026-08-28T01:20:00+00:00,1.83,0.74,0.75,0.745,0.01,340.0,229.16,99
2026-08-28T01:18:10.061380+00:00,btc-updown-5m-1787880000,5,3922795,80432072722595018610752432880326266449456933354528611105249777512343775629414,2026-08-28T01:20:00+00:00,2026-08-28T01:25:00+00:00,6.83,0.49,0.5,0.495,0.01,433.61,762.0,99
2026-08-28T01:18:10.061380+00:00,btc-updown-15m-1787879700,15,3922604,42605617868083753029324857623836717184178629738317783373742312241709791488294,2026-08-28T01:15:00+00:00,2026-08-28T01:30:00+00:00,11.83,0.54,0.55,0.545,0.01,20.0,106.22,99
2026-08-28T01:18:10.061380+00:00,btc-updown-15m-1787880600,15,3923442,47510533357867536507671980574036739493841626137639007330976430724431251764881,2026-08-28T01:30:00+00:00,2026-08-28T01:45:00+00:00,26.83,0.48,0.49,0.485,0.01,220.35,567.0,86
2026-08-28T01:19:11.257920+00:00,btc-updown-5m-1787880000,5,3922795,80432072722595018610752432880326266449456933354528611105249777512343775629414,2026-08-28T01:20:00+00:00,2026-08-28T01:25:00+00:00,5.82,0.48,0.5,0.49,0.02,115.82,23.84,98
2026-08-28T01:19:11.257920+00:00,btc-updown-15m-1787879700,15,3922604,42605617868083753029324857623836717184178629738317783373742312241709791488294,2026-08-28T01:15:00+00:00,2026-08-28T01:30:00+00:00,10.82,0.87,0.9,0.885,0.03,57.5,8.88,97
2026-08-28T01:19:11.257920+00:00,btc-updown-15m-1787880600,15,3923442,47510533357867536507671980574036739493841626137639007330976430724431251764881,2026-08-28T01:30:00+00:00,2026-08-28T01:45:00+00:00,25.82,0.48,0.49,0.485,0.01,214.69,567.0,86
2026-08-28T01:20:12.366721+00:00,btc-updown-5m-1787880000,5,3922795,80432072722595018610752432880326266449456933354528611105249777512343775629414,2026-08-28T01:20:00+00:00,2026-08-28T01:25:00+00:00,4.8,0.58,0.59,0.585,0.01,105.0,203.24,99
2026-08-28T01:20:12.366721+00:00,btc-updown-5m-1787880300,5,3923084,80417799658976846303588302147076556560096413216050297382795371504865008324899,2026-08-28T01:25:00+00:00,2026-08-28T01:30:00+00:00,9.8,0.49,0.5,0.495,0.01,255.27,967.94,99
2026-08-28T01:20:12.366721+00:00,btc-updown-15m-1787879700,15,3922604,42605617868083753029324857623836717184178629738317783373742312241709791488294,2026-08-28T01:15:00+00:00,2026-08-28T01:30:00+00:00,9.8,0.86,0.87,0.865,0.01,31.8,177.87,99
2026-08-28T01:20:12.366721+00:00,btc-updown-15m-1787880600,15,3923442,47510533357867536507671980574036739493841626137639007330976430724431251764881,2026-08-28T01:30:00+00:00,2026-08-28T01:45:00+00:00,24.8,0.48,0.49,0.485,0.01,205.07,738.08,86
2026-08-28T01:21:13.601539+00:00,btc-updown-5m-1787880000,5,3922795,80432072722595018610752432880326266449456933354528611105249777512343775629414,2026-08-28T01:20:00+00:00,2026-08-28T01:25:00+00:00,3.78,0.76,0.77,0.765,0.01,137.37,230.71,99
2026-08-28T01:21:13.601539+00:00,btc-updown-5m-1787880300,5,3923084,80417799658976846303588302147076556560096413216050297382795371504865008324899,2026-08-28T01:25:00+00:00,2026-08-28T01:30:00+00:00,8.78,0.45,0.46,0.455,0.01,151.62,85.0,99
2026-08-28T01:21:13.601539+00:00,btc-updown-15m-1787879700,15,3922604,42605617868083753029324857623836717184178629738317783373742312241709791488294,2026-08-28T01:15:00+00:00,2026-08-28T01:30:00+00:00,8.78,0.92,0.93,0.925,0.01,10.0,85.0,99
2026-08-28T01:21:13.601539+00:00,btc-updown-15m-1787880600,15,3923442,47510533357867536507671980574036739493841626137639007330976430724431251764881,2026-08-28T01:30:00+00:00,2026-08-28T01:45:00+00:00,23.78,0.47,0.48,0.475,0.01,230.0,639.81,86
2026-08-28T01:22:14.876084+00:00,btc-updown-5m-1787880000,5,3922795,80432072722595018610752432880326266449456933354528611105249777512343775629414,2026-08-28T01:20:00+00:00,2026-08-28T01:25:00+00:00,2.77,0.68,0.69,0.685,0.01,289.0,130.0,99
2026-08-28T01:22:14.876084+00:00,btc-updown-5m-1787880300,5,3923084,80417799658976846303588302147076556560096413216050297382795371504865008324899,2026-08-28T01:25:00+00:00,2026-08-28T01:30:00+00:00,7.77,0.45,0.46,0.455,0.01,287.59,25.0,99
2026-08-28T01:22:14.876084+00:00,btc-updown-15m-1787879700,15,3922604,42605617868083753029324857623836717184178629738317783373742312241709791488294,2026-08-28T01:15:00+00:00,2026-08-28T01:30:00+00:00,7.77,0.93,0.94,0.935,0.01,25.0,458.54,99
2026-08-28T01:22:14.876084+00:00,btc-updown-15m-1787880600,15,3923442,47510533357867536507671980574036739493841626137639007330976430724431251764881,2026-08-28T01:30:00+00:00,2026-08-28T01:45:00+00:00,22.77,0.47,0.48,0.475,0.01,212.82,639.81,86
2026-08-28T01:23:16.132001+00:00,btc-updown-5m-1787880000,5,3922795,80432072722595018610752432880326266449456933354528611105249777512343775629414,2026-08-28T01:20:00+00:00,2026-08-28T01:25:00+00:00,1.73,0.61,0.64,0.625,0.03,11.11,5.0,91
2026-08-28T01:23:16.132001+00:00,btc-updown-5m-1787880300,5,3923084,80417799658976846303588302147076556560096413216050297382795371504865008324899,2026-08-28T01:25:00+00:00,2026-08-28T01:30:00+00:00,6.73,0.45,0.46,0.455,0.01,65.57,22.82,99
2026-08-28T01:23:16.132001+00:00,btc-updown-15m-1787879700,15,3922604,42605617868083753029324857623836717184178629738317783373742312241709791488294,2026-08-28T01:15:00+00:00,2026-08-28T01:30:00+00:00,6.73,0.95,0.96,0.955,0.01,80.0,236.0,99
2026-08-28T01:23:16.132001+00:00,btc-updown-15m-1787880600,15,3923442,47510533357867536507671980574036739493841626137639007330976430724431251764881,2026-08-28T01:30:00+00:00,2026-08-28T01:45:00+00:00,21.73,0.47,0.48,0.475,0.01,425.59,639.81,86
2026-08-28T01:24:17.334889+00:00,btc-updown-5m-1787880300,5,3923084,80417799658976846303588302147076556560096413216050297382795371504865008324899,2026-08-28T01:25:00+00:00,2026-08-28T01:30:00+00:00,5.72,0.47,0.48,0.475,0.01,90.15,711.58,99
2026-08-28T01:24:17.334889+00:00,btc-updown-15m-1787879700,15,3922604,42605617868083753029324857623836717184178629738317783373742312241709791488294,2026-08-28T01:15:00+00:00,2026-08-28T01:30:00+00:00,5.72,0.97,0.98,0.975,0.01,80.92,251.22,99
2026-08-28T01:24:17.334889+00:00,btc-updown-15m-1787880600,15,3923442,47510533357867536507671980574036739493841626137639007330976430724431251764881,2026-08-28T01:30:00+00:00,2026-08-28T01:45:00+00:00,20.72,0.47,0.48,0.475,0.01,442.77,639.81,86
2026-08-28T01:25:18.426622+00:00,btc-updown-5m-1787880300,5,3923084,80417799658976846303588302147076556560096413216050297382795371504865008324899,2026-08-28T01:25:00+00:00,2026-08-28T01:30:00+00:00,4.7,0.46,0.47,0.465,0.01,102.0,293.33,99
2026-08-28T01:25:18.426622+00:00,btc-updown-5m-1787880600,5,3923439,28787283930177882561554850708066007116070140216833077127375764533296018091984,2026-08-28T01:30:00+00:00,2026-08-28T01:35:00+00:00,9.7,0.48,0.49,0.485,0.01,370.07,120.0,99
2026-08-28T01:25:18.426622+00:00,btc-updown-15m-1787880600,15,3923442,47510533357867536507671980574036739493841626137639007330976430724431251764881,2026-08-28T01:30:00+00:00,2026-08-28T01:45:00+00:00,19.7,0.46,0.47,0.465,0.01,561.48,310.0,88
2026-08-28T01:26:19.562137+00:00,btc-updown-5m-1787880300,5,3923084,80417799658976846303588302147076556560096413216050297382795371504865008324899,2026-08-28T01:25:00+00:00,2026-08-28T01:30:00+00:00,3.68,0.33,0.34,0.335,0.01,120.0,123.33,99
2026-08-28T01:26:19.562137+00:00,btc-updown-5m-1787880600,5,3923439,28787283930177882561554850708066007116070140216833077127375764533296018091984,2026-08-28T01:30:00+00:00,2026-08-28T01:35:00+00:00,8.68,0.48,0.49,0.485,0.01,345.07,600.0,99
2026-08-28T01:26:19.562137+00:00,btc-updown-15m-1787879700,15,3922604,42605617868083753029324857623836717184178629738317783373742312241709791488294,2026-08-28T01:15:00+00:00,2026-08-28T01:30:00+00:00,3.68,0.997,0.999,0.998,0.002,5.02,757.07,112
2026-08-28T01:26:19.562137+00:00,btc-updown-15m-1787880600,15,3923442,47510533357867536507671980574036739493841626137639007330976430724431251764881,2026-08-28T01:30:00+00:00,2026-08-28T01:45:00+00:00,18.68,0.45,0.46,0.455,0.01,566.28,313.56,88
2026-08-28T01:27:20.762901+00:00,btc-updown-5m-1787880300,5,3923084,80417799658976846303588302147076556560096413216050297382795371504865008324899,2026-08-28T01:25:00+00:00,2026-08-28T01:30:00+00:00,2.67,0.35,0.36,0.355,0.01,228.33,95.58,99
2026-08-28T01:27:20.762901+00:00,btc-updown-5m-1787880600,5,3923439,28787283930177882561554850708066007116070140216833077127375764533296018091984,2026-08-28T01:30:00+00:00,2026-08-28T01:35:00+00:00,7.67,0.48,0.49,0.485,0.01,421.78,404.89,99
2026-08-28T01:27:20.762901+00:00,btc-updown-15m-1787879700,15,3922604,42605617868083753029324857623836717184178629738317783373742312241709791488294,2026-08-28T01:15:00+00:00,2026-08-28T01:30:00+00:00,2.67,0.998,0.999,0.9985,0.001,200.0,501.2,113
2026-08-28T01:27:20.762901+00:00,btc-updown-15m-1787880600,15,3923442,47510533357867536507671980574036739493841626137639007330976430724431251764881,2026-08-28T01:30:00+00:00,2026-08-28T01:45:00+00:00,17.67,0.47,0.48,0.475,0.01,315.08,55.83,88
2026-08-28T01:28:22.175627+00:00,btc-updown-5m-1787880300,5,3923084,80417799658976846303588302147076556560096413216050297382795371504865008324899,2026-08-28T01:25:00+00:00,2026-08-28T01:30:00+00:00,1.63,0.78,0.79,0.785,0.01,8.0,172.68,99
2026-08-28T01:28:22.175627+00:00,btc-updown-5m-1787880600,5,3923439,28787283930177882561554850708066007116070140216833077127375764533296018091984,2026-08-28T01:30:00+00:00,2026-08-28T01:35:00+00:00,6.63,0.45,0.46,0.455,0.01,219.84,25.0,99
2026-08-28T01:28:22.175627+00:00,btc-updown-15m-1787880600,15,3923442,47510533357867536507671980574036739493841626137639007330976430724431251764881,2026-08-28T01:30:00+00:00,2026-08-28T01:45:00+00:00,16.63,0.44,0.45,0.445,0.01,652.23,612.77,90
2026-08-28T01:29:23.443146+00:00,btc-updown-5m-1787880600,5,3923439,28787283930177882561554850708066007116070140216833077127375764533296018091984,2026-08-28T01:30:00+00:00,2026-08-28T01:35:00+00:00,5.62,0.53,0.54,0.535,0.01,27.0,117.0,97
2026-08-28T01:29:23.443146+00:00,btc-updown-15m-1787880600,15,3923442,47510533357867536507671980574036739493841626137639007330976430724431251764881,2026-08-28T01:30:00+00:00,2026-08-28T01:45:00+00:00,15.62,0.44,0.45,0.445,0.01,363.21,694.39,91
2026-08-28T01:30:24.473835+00:00,btc-updown-5m-1787880600,5,3923439,28787283930177882561554850708066007116070140216833077127375764533296018091984,2026-08-28T01:30:00+00:00,2026-08-28T01:35:00+00:00,4.6,0.68,0.69,0.685,0.01,33.33,53.04,99
2026-08-28T01:30:24.473835+00:00,btc-updown-5m-1787880900,5,3923496,108129393554335142897534837691210304377488680792409749909420149547859785548956,2026-08-28T01:35:00+00:00,2026-08-28T01:40:00+00:00,9.6,0.49,0.5,0.495,0.01,220.0,1051.26,99
2026-08-28T01:30:24.473835+00:00,btc-updown-15m-1787880600,15,3923442,47510533357867536507671980574036739493841626137639007330976430724431251764881,2026-08-28T01:30:00+00:00,2026-08-28T01:45:00+00:00,14.6,0.57,0.58,0.575,0.01,48.0,55.0,99
2026-08-28T01:30:24.473835+00:00,btc-updown-15m-1787881500,15,3923528,78506499402432061298761953560156398962062572125189831771572353513747280657398,2026-08-28T01:45:00+00:00,2026-08-28T02:00:00+00:00,29.6,0.48,0.49,0.485,0.01,327.56,560.0,89
2026-08-28T01:31:25.686057+00:00,btc-updown-5m-1787880600,5,3923439,28787283930177882561554850708066007116070140216833077127375764533296018091984,2026-08-28T01:30:00+00:00,2026-08-28T01:35:00+00:00,3.58,0.31,0.32,0.315,0.01,149.0,123.33,99
2026-08-28T01:31:25.686057+00:00,btc-updown-5m-1787880900,5,3923496,108129393554335142897534837691210304377488680792409749909420149547859785548956,2026-08-28T01:35:00+00:00,2026-08-28T01:40:00+00:00,8.58,0.48,0.49,0.485,0.01,462.23,432.0,99
2026-08-28T01:31:25.686057+00:00,btc-updown-15m-1787880600,15,3923442,47510533357867536507671980574036739493841626137639007330976430724431251764881,2026-08-28T01:30:00+00:00,2026-08-28T01:45:00+00:00,13.58,0.39,0.4,0.395,0.01,5239.3,92.0,99
2026-08-28T01:31:25.686057+00:00,btc-updown-15m-1787881500,15,3923528,78506499402432061298761953560156398962062572125189831771572353513747280657398,2026-08-28T01:45:00+00:00,2026-08-28T02:00:00+00:00,28.58,0.48,0.49,0.485,0.01,327.56,371.0,89
2026-08-28T01:32:26.956673+00:00,btc-updown-5m-1787880600,5,3923439,28787283930177882561554850708066007116070140216833077127375764533296018091984,2026-08-28T01:30:00+00:00,2026-08-28T01:35:00+00:00,2.57,0.68,0.69,0.685,0.01,221.99,102.14,99
2026-08-28T01:32:26.956673+00:00,btc-updown-5m-1787880900,5,3923496,108129393554335142897534837691210304377488680792409749909420149547859785548956,2026-08-28T01:35:00+00:00,2026-08-28T01:40:00+00:00,7.57,0.48,0.49,0.485,0.01,597.23,340.0,99
2026-08-28T01:32:26.956673+00:00,btc-updown-15m-1787880600,15,3923442,47510533357867536507671980574036739493841626137639007330976430724431251764881,2026-08-28T01:30:00+00:00,2026-08-28T01:45:00+00:00,12.57,0.56,0.57,0.565,0.01,5.0,136.3,99
2026-08-28T01:32:26.956673+00:00,btc-updown-15m-1787881500,15,3923528,78506499402432061298761953560156398962062572125189831771572353513747280657398,2026-08-28T01:45:00+00:00,2026-08-28T02:00:00+00:00,27.57,0.48,0.49,0.485,0.01,327.56,571.0,89
2026-08-28T01:33:28.230971+00:00,btc-updown-5m-1787880600,5,3923439,28787283930177882561554850708066007116070140216833077127375764533296018091984,2026-08-28T01:30:00+00:00,2026-08-28T01:35:00+00:00,1.53,0.95,0.96,0.955,0.01,38.33,95.0,99
2026-08-28T01:33:28.230971+00:00,btc-updown-5m-1787880900,5,3923496,108129393554335142897534837691210304377488680792409749909420149547859785548956,2026-08-28T01:35:00+00:00,2026-08-28T01:40:00+00:00,6.53,0.47,0.48,0.475,0.01,318.9,84.57,99
2026-08-28T01:33:28.230971+00:00,btc-updown-15m-1787880600,15,3923442,47510533357867536507671980574036739493841626137639007330976430724431251764881,2026-08-28T01:30:00+00:00,2026-08-28T01:45:00+00:00,11.53,0.72,0.73,0.725,0.01,73.0,220.93,99
2026-08-28T01:33:28.230971+00:00,btc-updown-15m-1787881500,15,3923528,78506499402432061298761953560156398962062572125189831771572353513747280657398,2026-08-28T01:45:00+00:00,2026-08-28T02:00:00+00:00,26.53,0.48,0.49,0.485,0.01,308.32,571.0,89
2026-08-28T01:34:29.527374+00:00,btc-updown-5m-1787880900,5,3923496,108129393554335142897534837691210304377488680792409749909420149547859785548956,2026-08-28T01:35:00+00:00,2026-08-28T01:40:00+00:00,5.52,0.4,0.41,0.405,0.01,18.33,123.39,96
2026-08-28T01:34:29.527374+00:00,btc-updown-15m-1787880600,15,3923442,47510533357867536507671980574036739493841626137639007330976430724431251764881,2026-08-28T01:30:00+00:00,2026-08-28T01:45:00+00:00,10.52,0.54,0.55,0.545,0.01,320.0,144.0,99
2026-08-28T01:34:29.527374+00:00,btc-updown-15m-1787881500,15,3923528,78506499402432061298761953560156398962062572125189831771572353513747280657398,2026-08-28T01:45:00+00:00,2026-08-28T02:00:00+00:00,25.52,0.48,0.49,0.485,0.01,308.32,571.0,89
2026-08-28T01:35:30.638498+00:00,btc-updown-5m-1787880900,5,3923496,108129393554335142897534837691210304377488680792409749909420149547859785548956,2026-08-28T01:35:00+00:00,2026-08-28T01:40:00+00:00,4.5,0.39,0.4,0.395,0.01,49.0,348.1,99
2026-08-28T01:35:30.638498+00:00,btc-updown-5m-1787881200,5,3923503,30480105887025730597698288790092368218704831045956030859556649058942026512361,2026-08-28T01:40:00+00:00,2026-08-28T01:45:00+00:00,9.5,0.49,0.5,0.495,0.01,578.92,1062.26,99
2026-08-28T01:35:30.638498+00:00,btc-updown-15m-1787880600,15,3923442,47510533357867536507671980574036739493841626137639007330976430724431251764881,2026-08-28T01:30:00+00:00,2026-08-28T01:45:00+00:00,9.5,0.56,0.57,0.565,0.01,294.61,219.0,99
2026-08-28T01:35:30.638498+00:00,btc-updown-15m-1787881500,15,3923528,78506499402432061298761953560156398962062572125189831771572353513747280657398,2026-08-28T01:45:00+00:00,2026-08-28T02:00:00+00:00,24.5,0.48,0.49,0.485,0.01,256.39,567.08,89
2026-08-28T01:36:31.851277+00:00,btc-updown-5m-1787880900,5,3923496,108129393554335142897534837691210304377488680792409749909420149547859785548956,2026-08-28T01:35:00+00:00,2026-08-28T01:40:00+00:00,3.48,0.24,0.25,0.245,0.01,81.22,346.0,99
2026-08-28T01:36:31.851277+00:00,btc-updown-5m-1787881200,5,3923503,30480105887025730597698288790092368218704831045956030859556649058942026512361,2026-08-28T01:40:00+00:00,2026-08-28T01:45:00+00:00,8.48,0.49,0.5,0.495,0.01,498.67,1058.26,99
2026-08-28T01:36:31.851277+00:00,btc-updown-15m-1787880600,15,3923442,47510533357867536507671980574036739493841626137639007330976430724431251764881,2026-08-28T01:30:00+00:00,2026-08-28T01:45:00+00:00,8.48,0.41,0.42,0.415,0.01,38.0,75.0,99
2026-08-28T01:36:31.851277+00:00,btc-updown-15m-1787881500,15,3923528,78506499402432061298761953560156398962062572125189831771572353513747280657398,2026-08-28T01:45:00+00:00,2026-08-28T02:00:00+00:00,23.48,0.48,0.49,0.485,0.01,464.72,567.08,87
2026-08-28T01:37:33.103833+00:00,btc-updown-5m-1787880900,5,3923496,108129393554335142897534837691210304377488680792409749909420149547859785548956,2026-08-28T01:35:00+00:00,2026-08-28T01:40:00+00:00,2.45,0.16,0.17,0.165,0.01,117.82,388.21,99
2026-08-28T01:37:33.103833+00:00,btc-updown-5m-1787881200,5,3923503,30480105887025730597698288790092368218704831045956030859556649058942026512361,2026-08-28T01:40:00+00:00,2026-08-28T01:45:00+00:00,7.45,0.46,0.47,0.465,0.01,165.49,194.0,99
2026-08-28T01:37:33.103833+00:00,btc-updown-15m-1787880600,15,3923442,47510533357867536507671980574036739493841626137639007330976430724431251764881,2026-08-28T01:30:00+00:00,2026-08-28T01:45:00+00:00,7.45,0.4,0.41,0.405,0.01,24.98,55.0,99
2026-08-28T01:37:33.103833+00:00,btc-updown-15m-1787881500,15,3923528,78506499402432061298761953560156398962062572125189831771572353513747280657398,2026-08-28T01:45:00+00:00,2026-08-28T02:00:00+00:00,22.45,0.47,0.48,0.475,0.01,592.13,255.0,87
2026-08-28T01:38:34.315361+00:00,btc-updown-5m-1787881200,5,3923503,30480105887025730597698288790092368218704831045956030859556649058942026512361,2026-08-28T01:40:00+00:00,2026-08-28T01:45:00+00:00,6.43,0.46,0.47,0.465,0.01,865.28,80.0,99
2026-08-28T01:38:34.315361+00:00,btc-updown-15m-1787880600,15,3923442,47510533357867536507671980574036739493841626137639007330976430724431251764881,2026-08-28T01:30:00+00:00,2026-08-28T01:45:00+00:00,6.43,0.06,0.07,0.065,0.01,194.89,744.0,99
2026-08-28T01:38:34.315361+00:00,btc-updown-15m-1787881500,15,3923528,78506499402432061298761953560156398962062572125189831771572353513747280657398,2026-08-28T01:45:00+00:00,2026-08-28T02:00:00+00:00,21.43,0.47,0.48,0.475,0.01,647.13,42.0,87
2026-08-28T01:39:35.546610+00:00,btc-updown-5m-1787881200,5,3923503,30480105887025730597698288790092368218704831045956030859556649058942026512361,2026-08-28T01:40:00+00:00,2026-08-28T01:45:00+00:00,5.42,0.56,0.59,0.575,0.03,7.72,81.94,97
2026-08-28T01:39:35.546610+00:00,btc-updown-15m-1787880600,15,3923442,47510533357867536507671980574036739493841626137639007330976430724431251764881,2026-08-28T01:30:00+00:00,2026-08-28T01:45:00+00:00,5.42,0.05,0.06,0.055,0.01,87.0,90.0,99
2026-08-28T01:39:35.546610+00:00,btc-updown-15m-1787881500,15,3923528,78506499402432061298761953560156398962062572125189831771572353513747280657398,2026-08-28T01:45:00+00:00,2026-08-28T02:00:00+00:00,20.42,0.49,0.5,0.495,0.01,250.0,279.0,87
2026-08-28T01:40:36.617180+00:00,btc-updown-5m-1787881200,5,3923503,30480105887025730597698288790092368218704831045956030859556649058942026512361,2026-08-28T01:40:00+00:00,2026-08-28T01:45:00+00:00,4.4,0.63,0.64,0.635,0.01,2.29,327.24,99
2026-08-28T01:40:36.617180+00:00,btc-updown-5m-1787881500,5,3923522,62699433138720168233093263082568412451854798867906879786892582881882629839745,2026-08-28T01:45:00+00:00,2026-08-28T01:50:00+00:00,9.4,0.5,0.51,0.505,0.01,145.78,714.48,99
2026-08-28T01:40:36.617180+00:00,btc-updown-15m-1787880600,15,3923442,47510533357867536507671980574036739493841626137639007330976430724431251764881,2026-08-28T01:30:00+00:00,2026-08-28T01:45:00+00:00,4.4,0.05,0.06,0.055,0.01,941.97,68.0,99
2026-08-28T01:40:36.617180+00:00,btc-updown-15m-1787881500,15,3923528,78506499402432061298761953560156398962062572125189831771572353513747280657398,2026-08-28T01:45:00+00:00,2026-08-28T02:00:00+00:00,19.4,0.48,0.49,0.485,0.01,518.33,127.0,89
2026-08-28T01:41:37.797854+00:00,btc-updown-5m-1787881200,5,3923503,30480105887025730597698288790092368218704831045956030859556649058942026512361,2026-08-28T01:40:00+00:00,2026-08-28T01:45:00+00:00,3.38,0.5,0.51,0.505,0.01,462.33,51.0,99
2026-08-28T01:41:37.797854+00:00,btc-updown-5m-1787881500,5,3923522,62699433138720168233093263082568412451854798867906879786892582881882629839745,2026-08-28T01:45:00+00:00,2026-08-28T01:50:00+00:00,8.38,0.5,0.51,0.505,0.01,140.78,565.51,99
2026-08-28T01:41:37.797854+00:00,btc-updown-15m-1787880600,15,3923442,47510533357867536507671980574036739493841626137639007330976430724431251764881,2026-08-28T01:30:00+00:00,2026-08-28T01:45:00+00:00,3.38,0.01,0.02,0.015,0.01,2612.29,204.96,99
2026-08-28T01:41:37.797854+00:00,btc-updown-15m-1787881500,15,3923528,78506499402432061298761953560156398962062572125189831771572353513747280657398,2026-08-28T01:45:00+00:00,2026-08-28T02:00:00+00:00,18.38,0.48,0.49,0.485,0.01,498.33,192.0,89
2026-08-28T01:42:39.007906+00:00,btc-updown-5m-1787881200,5,3923503,30480105887025730597698288790092368218704831045956030859556649058942026512361,2026-08-28T01:40:00+00:00,2026-08-28T01:45:00+00:00,2.35,0.56,0.57,0.565,0.01,118.0,131.59,99
2026-08-28T01:42:39.007906+00:00,btc-updown-5m-1787881500,5,3923522,62699433138720168233093263082568412451854798867906879786892582881882629839745,2026-08-28T01:45:00+00:00,2026-08-28T01:50:00+00:00,7.35,0.5,0.51,0.505,0.01,237.0,637.51,99
2026-08-28T01:42:39.007906+00:00,btc-updown-15m-1787880600,15,3923442,47510533357867536507671980574036739493841626137639007330976430724431251764881,2026-08-28T01:30:00+00:00,2026-08-28T01:45:00+00:00,2.35,0.01,0.02,0.015,0.01,2318.56,391.3,99
2026-08-28T01:42:39.007906+00:00,btc-updown-15m-1787881500,15,3923528,78506499402432061298761953560156398962062572125189831771572353513747280657398,2026-08-28T01:45:00+00:00,2026-08-28T02:00:00+00:00,17.35,0.48,0.49,0.485,0.01,748.33,239.65,89
2026-08-28T01:43:40.400934+00:00,btc-updown-5m-1787881200,5,3923503,30480105887025730597698288790092368218704831045956030859556649058942026512361,2026-08-28T01:40:00+00:00,2026-08-28T01:45:00+00:00,1.33,0.74,0.75,0.745,0.01,163.87,376.8,99
2026-08-28T01:43:40.400934+00:00,btc-updown-5m-1787881500,5,3923522,62699433138720168233093263082568412451854798867906879786892582881882629839745,2026-08-28T01:45:00+00:00,2026-08-28T01:50:00+00:00,6.33,0.48,0.5,0.49,0.02,354.36,112.0,98
2026-08-28T01:43:40.400934+00:00,btc-updown-15m-1787881500,15,3923528,78506499402432061298761953560156398962062572125189831771572353513747280657398,2026-08-28T01:45:00+00:00,2026-08-28T02:00:00+00:00,16.33,0.48,0.49,0.485,0.01,260.0,51.91,89
2026-08-28T01:44:41.499560+00:00,btc-updown-5m-1787881200,5,3923503,30480105887025730597698288790092368218704831045956030859556649058942026512361,2026-08-28T01:40:00+00:00,2026-08-28T01:45:00+00:00,0.32,0.82,0.83,0.825,0.01,5.0,105.0,87
2026-08-28T01:44:41.499560+00:00,btc-updown-5m-1787881500,5,3923522,62699433138720168233093263082568412451854798867906879786892582881882629839745,2026-08-28T01:45:00+00:00,2026-08-28T01:50:00+00:00,5.32,0.48,0.49,0.485,0.01,3.61,37.95,99
2026-08-28T01:44:41.499560+00:00,btc-updown-15m-1787881500,15,3923528,78506499402432061298761953560156398962062572125189831771572353513747280657398,2026-08-28T01:45:00+00:00,2026-08-28T02:00:00+00:00,15.32,0.48,0.49,0.485,0.01,39.82,272.99,94
2026-08-28T01:45:42.619848+00:00,btc-updown-5m-1787881500,5,3923522,62699433138720168233093263082568412451854798867906879786892582881882629839745,2026-08-28T01:45:00+00:00,2026-08-28T01:50:00+00:00,4.3,0.42,0.43,0.425,0.01,337.69,33.0,99
2026-08-28T01:45:42.619848+00:00,btc-updown-5m-1787881800,5,3923750,85983295289281816548041327459757549594264544504552950777488980777712582782706,2026-08-28T01:50:00+00:00,2026-08-28T01:55:00+00:00,9.3,0.49,0.5,0.495,0.01,636.0,228.81,99
2026-08-28T01:45:42.619848+00:00,btc-updown-15m-1787881500,15,3923528,78506499402432061298761953560156398962062572125189831771572353513747280657398,2026-08-28T01:45:00+00:00,2026-08-28T02:00:00+00:00,14.3,0.47,0.48,0.475,0.01,193.0,23.2,99
2026-08-28T01:45:42.619848+00:00,btc-updown-15m-1787882400,15,3923809,109398719454613586005282256249386285840247971232512637242855213321253261479551,2026-08-28T02:00:00+00:00,2026-08-28T02:15:00+00:00,29.3,0.5,0.51,0.505,0.01,150.0,1106.43,87
2026-08-28T01:46:43.885891+00:00,btc-updown-5m-1787881500,5,3923522,62699433138720168233093263082568412451854798867906879786892582881882629839745,2026-08-28T01:45:00+00:00,2026-08-28T01:50:00+00:00,3.28,0.37,0.38,0.375,0.01,172.49,348.52,99
2026-08-28T01:46:43.885891+00:00,btc-updown-5m-1787881800,5,3923750,85983295289281816548041327459757549594264544504552950777488980777712582782706,2026-08-28T01:50:00+00:00,2026-08-28T01:55:00+00:00,8.28,0.49,0.5,0.495,0.01,694.03,193.81,99
2026-08-28T01:46:43.885891+00:00,btc-updown-15m-1787881500,15,3923528,78506499402432061298761953560156398962062572125189831771572353513747280657398,2026-08-28T01:45:00+00:00,2026-08-28T02:00:00+00:00,13.28,0.44,0.45,0.445,0.01,155.0,58.0,99
2026-08-28T01:46:43.885891+00:00,btc-updown-15m-1787882400,15,3923809,109398719454613586005282256249386285840247971232512637242855213321253261479551,2026-08-28T02:00:00+00:00,2026-08-28T02:15:00+00:00,28.28,0.5,0.51,0.505,0.01,142.0,786.0,87
2026-08-28T01:47:45.459986+00:00,btc-updown-5m-1787881500,5,3923522,62699433138720168233093263082568412451854798867906879786892582881882629839745,2026-08-28T01:45:00+00:00,2026-08-28T01:50:00+00:00,2.25,0.06,0.07,0.065,0.01,189.11,166.32,99
2026-08-28T01:47:45.459986+00:00,btc-updown-5m-1787881800,5,3923750,85983295289281816548041327459757549594264544504552950777488980777712582782706,2026-08-28T01:50:00+00:00,2026-08-28T01:55:00+00:00,7.25,0.49,0.5,0.495,0.01,1506.03,338.81,99
2026-08-28T01:47:45.459986+00:00,btc-updown-15m-1787881500,15,3923528,78506499402432061298761953560156398962062572125189831771572353513747280657398,2026-08-28T01:45:00+00:00,2026-08-28T02:00:00+00:00,12.25,0.25,0.26,0.255,0.01,20.0,124.8,99
2026-08-28T01:47:45.459986+00:00,btc-updown-15m-1787882400,15,3923809,109398719454613586005282256249386285840247971232512637242855213321253261479551,2026-08-28T02:00:00+00:00,2026-08-28T02:15:00+00:00,27.25,0.5,0.51,0.505,0.01,190.0,546.0,87
2026-08-28T01:48:46.671716+00:00,btc-updown-5m-1787881800,5,3923750,85983295289281816548041327459757549594264544504552950777488980777712582782706,2026-08-28T01:50:00+00:00,2026-08-28T01:55:00+00:00,6.23,0.5,0.51,0.505,0.01,648.86,362.37,99
2026-08-28T01:48:46.671716+00:00,btc-updown-15m-1787881500,15,3923528,78506499402432061298761953560156398962062572125189831771572353513747280657398,2026-08-28T01:45:00+00:00,2026-08-28T02:00:00+00:00,11.23,0.15,0.16,0.155,0.01,10.0,648.0,99
2026-08-28T01:48:46.671716+00:00,btc-updown-15m-1787882400,15,3923809,109398719454613586005282256249386285840247971232512637242855213321253261479551,2026-08-28T02:00:00+00:00,2026-08-28T02:15:00+00:00,26.23,0.5,0.51,0.505,0.01,310.0,546.0,87
2026-08-28T01:49:47.740486+00:00,btc-updown-5m-1787881800,5,3923750,85983295289281816548041327459757549594264544504552950777488980777712582782706,2026-08-28T01:50:00+00:00,2026-08-28T01:55:00+00:00,5.22,0.52,0.55,0.535,0.03,80.0,5.78,96
2026-08-28T01:49:47.740486+00:00,btc-updown-15m-1787881500,15,3923528,78506499402432061298761953560156398962062572125189831771572353513747280657398,2026-08-28T01:45:00+00:00,2026-08-28T02:00:00+00:00,10.22,0.13,0.14,0.135,0.01,5641.61,70.8,99
2026-08-28T01:49:47.740486+00:00,btc-updown-15m-1787882400,15,3923809,109398719454613586005282256249386285840247971232512637242855213321253261479551,2026-08-28T02:00:00+00:00,2026-08-28T02:15:00+00:00,25.22,0.5,0.51,0.505,0.01,360.0,246.0,87
2026-08-28T01:50:48.831394+00:00,btc-updown-5m-1787881800,5,3923750,85983295289281816548041327459757549594264544504552950777488980777712582782706,2026-08-28T01:50:00+00:00,2026-08-28T01:55:00+00:00,4.2,0.76,0.77,0.765,0.01,564.49,85.0,99
2026-08-28T01:50:48.831394+00:00,btc-updown-5m-1787882100,5,3923768,27763538492529735301683018132985284961254265846459230048599490782304961851371,2026-08-28T01:55:00+00:00,2026-08-28T02:00:00+00:00,9.2,0.5,0.51,0.505,0.01,584.8,515.01,99
2026-08-28T01:50:48.831394+00:00,btc-updown-15m-1787881500,15,3923528,78506499402432061298761953560156398962062572125189831771572353513747280657398,2026-08-28T01:45:00+00:00,2026-08-28T02:00:00+00:00,9.2,0.19,0.2,0.195,0.01,68.24,3.0,99
2026-08-28T01:50:48.831394+00:00,btc-updown-15m-1787882400,15,3923809,109398719454613586005282256249386285840247971232512637242855213321253261479551,2026-08-28T02:00:00+00:00,2026-08-28T02:15:00+00:00,24.2,0.5,0.51,0.505,0.01,340.0,850.08,87
2026-08-28T01:51:50.031810+00:00,btc-updown-5m-1787881800,5,3923750,85983295289281816548041327459757549594264544504552950777488980777712582782706,2026-08-28T01:50:00+00:00,2026-08-28T01:55:00+00:00,3.17,0.14,0.15,0.145,0.01,10.0,313.33,99
2026-08-28T01:51:50.031810+00:00,btc-updown-5m-1787882100,5,3923768,27763538492529735301683018132985284961254265846459230048599490782304961851371,2026-08-28T01:55:00+00:00,2026-08-28T02:00:00+00:00,8.17,0.5,0.51,0.505,0.01,99.8,510.01,99
2026-08-28T01:51:50.031810+00:00,btc-updown-15m-1787881500,15,3923528,78506499402432061298761953560156398962062572125189831771572353513747280657398,2026-08-28T01:45:00+00:00,2026-08-28T02:00:00+00:00,8.17,0.05,0.06,0.055,0.01,174.8,51.0,99
2026-08-28T01:51:50.031810+00:00,btc-updown-15m-1787882400,15,3923809,109398719454613586005282256249386285840247971232512637242855213321253261479551,2026-08-28T02:00:00+00:00,2026-08-28T02:15:00+00:00,23.17,0.5,0.51,0.505,0.01,320.0,450.08,87
2026-08-28T01:52:51.224994+00:00,btc-updown-5m-1787881800,5,3923750,85983295289281816548041327459757549594264544504552950777488980777712582782706,2026-08-28T01:50:00+00:00,2026-08-28T01:55:00+00:00,2.15,0.12,0.13,0.125,0.01,695.19,157.3,99
2026-08-28T01:52:51.224994+00:00,btc-updown-5m-1787882100,5,3923768,27763538492529735301683018132985284961254265846459230048599490782304961851371,2026-08-28T01:55:00+00:00,2026-08-28T02:00:00+00:00,7.15,0.5,0.51,0.505,0.01,128.0,291.0,99
2026-08-28T01:52:51.224994+00:00,btc-updown-15m-1787881500,15,3923528,78506499402432061298761953560156398962062572125189831771572353513747280657398,2026-08-28T01:45:00+00:00,2026-08-28T02:00:00+00:00,7.15,0.06,0.07,0.065,0.01,19.56,410.0,99
2026-08-28T01:52:51.224994+00:00,btc-updown-15m-1787882400,15,3923809,109398719454613586005282256249386285840247971232512637242855213321253261479551,2026-08-28T02:00:00+00:00,2026-08-28T02:15:00+00:00,22.15,0.5,0.51,0.505,0.01,570.0,450.08,87
2026-08-28T01:53:52.445777+00:00,btc-updown-5m-1787881800,5,3923750,85983295289281816548041327459757549594264544504552950777488980777712582782706,2026-08-28T01:50:00+00:00,2026-08-28T01:55:00+00:00,1.13,0.01,0.02,0.015,0.01,288.97,276.78,99
2026-08-28T01:53:52.445777+00:00,btc-updown-5m-1787882100,5,3923768,27763538492529735301683018132985284961254265846459230048599490782304961851371,2026-08-28T01:55:00+00:00,2026-08-28T02:00:00+00:00,6.13,0.5,0.51,0.505,0.01,256.0,294.06,99
2026-08-28T01:53:52.445777+00:00,btc-updown-15m-1787881500,15,3923528,78506499402432061298761953560156398962062572125189831771572353513747280657398,2026-08-28T01:45:00+00:00,2026-08-28T02:00:00+00:00,6.13,0.03,0.04,0.035,0.01,120.78,130.9,99
2026-08-28T01:53:52.445777+00:00,btc-updown-15m-1787882400,15,3923809,109398719454613586005282256249386285840247971232512637242855213321253261479551,2026-08-28T02:00:00+00:00,2026-08-28T02:15:00+00:00,21.13,0.5,0.51,0.505,0.01,520.0,450.08,87
2026-08-28T01:54:53.650928+00:00,btc-updown-5m-1787882100,5,3923768,27763538492529735301683018132985284961254265846459230048599490782304961851371,2026-08-28T01:55:00+00:00,2026-08-28T02:00:00+00:00,5.12,0.56,0.58,0.57,0.02,377.14,40.0,98
2026-08-28T01:54:53.650928+00:00,btc-updown-15m-1787881500,15,3923528,78506499402432061298761953560156398962062572125189831771572353513747280657398,2026-08-28T01:45:00+00:00,2026-08-28T02:00:00+00:00,5.12,0.02,0.03,0.025,0.01,55.0,134.7,99
2026-08-28T01:54:53.650928+00:00,btc-updown-15m-1787882400,15,3923809,109398719454613586005282256249386285840247971232512637242855213321253261479551,2026-08-28T02:00:00+00:00,2026-08-28T02:15:00+00:00,20.12,0.5,0.51,0.505,0.01,518.0,246.0,87
2026-08-28T01:55:54.736670+00:00,btc-updown-5m-1787882100,5,3923768,27763538492529735301683018132985284961254265846459230048599490782304961851371,2026-08-28T01:55:00+00:00,2026-08-28T02:00:00+00:00,4.1,0.68,0.69,0.685,0.01,407.39,218.92,99
2026-08-28T01:55:54.736670+00:00,btc-updown-5m-1787882400,5,3923813,42859767473389496530190219204581986821836353190449134018931905314788753069161,2026-08-28T02:00:00+00:00,2026-08-28T02:05:00+00:00,9.1,0.5,0.51,0.505,0.01,563.8,276.6,99
2026-08-28T01:55:54.736670+00:00,btc-updown-15m-1787881500,15,3923528,78506499402432061298761953560156398962062572125189831771572353513747280657398,2026-08-28T01:45:00+00:00,2026-08-28T02:00:00+00:00,4.1,0.011,0.02,0.0155,0.009,59.99,71.3,109
2026-08-28T01:55:54.736670+00:00,btc-updown-15m-1787882400,15,3923809,109398719454613586005282256249386285840247971232512637242855213321253261479551,2026-08-28T02:00:00+00:00,2026-08-28T02:15:00+00:00,19.1,0.5,0.51,0.505,0.01,428.0,351.0,89
2026-08-28T01:56:55.929360+00:00,btc-updown-5m-1787882100,5,3923768,27763538492529735301683018132985284961254265846459230048599490782304961851371,2026-08-28T01:55:00+00:00,2026-08-28T02:00:00+00:00,3.08,0.21,0.22,0.215,0.01,213.0,198.87,99
2026-08-28T01:56:55.929360+00:00,btc-updown-5m-1787882400,5,3923813,42859767473389496530190219204581986821836353190449134018931905314788753069161,2026-08-28T02:00:00+00:00,2026-08-28T02:05:00+00:00,8.08,0.5,0.51,0.505,0.01,853.8,245.01,99
2026-08-28T01:56:55.929360+00:00,btc-updown-15m-1787881500,15,3923528,78506499402432061298761953560156398962062572125189831771572353513747280657398,2026-08-28T01:45:00+00:00,2026-08-28T02:00:00+00:00,3.08,0.002,0.009,0.0055,0.007,37.76,201.9,114
2026-08-28T01:56:55.929360+00:00,btc-updown-15m-1787882400,15,3923809,109398719454613586005282256249386285840247971232512637242855213321253261479551,2026-08-28T02:00:00+00:00,2026-08-28T02:15:00+00:00,18.08,0.5,0.52,0.51,0.02,653.0,587.33,88
2026-08-28T01:57:57.147879+00:00,btc-updown-5m-1787882100,5,3923768,27763538492529735301683018132985284961254265846459230048599490782304961851371,2026-08-28T01:55:00+00:00,2026-08-28T02:00:00+00:00,2.05,0.02,0.03,0.025,0.01,344.0,475.45,99
2026-08-28T01:57:57.147879+00:00,btc-updown-5m-1787882400,5,3923813,42859767473389496530190219204581986821836353190449134018931905314788753069161,2026-08-28T02:00:00+00:00,2026-08-28T02:05:00+00:00,7.05,0.5,0.51,0.505,0.01,1323.8,336.75,99
2026-08-28T01:57:57.147879+00:00,btc-updown-15m-1787882400,15,3923809,109398719454613586005282256249386285840247971232512637242855213321253261479551,2026-08-28T02:00:00+00:00,2026-08-28T02:15:00+00:00,17.05,0.51,0.52,0.515,0.01,419.95,257.28,89
2026-08-28T01:58:58.276150+00:00,btc-updown-5m-1787882100,5,3923768,27763538492529735301683018132985284961254265846459230048599490782304961851371,2026-08-28T01:55:00+00:00,2026-08-28T02:00:00+00:00,1.03,0.01,0.02,0.015,0.01,829.19,1178.02,99
2026-08-28T01:58:58.276150+00:00,btc-updown-5m-1787882400,5,3923813,42859767473389496530190219204581986821836353190449134018931905314788753069161,2026-08-28T02:00:00+00:00,2026-08-28T02:05:00+00:00,6.03,0.51,0.52,0.515,0.01,208.84,167.19,99
2026-08-28T01:58:58.276150+00:00,btc-updown-15m-1787882400,15,3923809,109398719454613586005282256249386285840247971232512637242855213321253261479551,2026-08-28T02:00:00+00:00,2026-08-28T02:15:00+00:00,16.03,0.51,0.52,0.515,0.01,260.54,329.34,91
2026-08-28T01:59:59.358753+00:00,btc-updown-5m-1787882400,5,3923813,42859767473389496530190219204581986821836353190449134018931905314788753069161,2026-08-28T02:00:00+00:00,2026-08-28T02:05:00+00:00,5.02,0.55,0.59,0.57,0.04,296.82,40.0,94
2026-08-28T01:59:59.358753+00:00,btc-updown-15m-1787882400,15,3923809,109398719454613586005282256249386285840247971232512637242855213321253261479551,2026-08-28T02:00:00+00:00,2026-08-28T02:15:00+00:00,15.02,0.53,0.54,0.535,0.01,120.0,17.0,76
2026-08-28T02:01:00.370592+00:00,btc-updown-5m-1787882400,5,3923813,42859767473389496530190219204581986821836353190449134018931905314788753069161,2026-08-28T02:00:00+00:00,2026-08-28T02:05:00+00:00,4.0,0.29,0.3,0.295,0.01,111.29,328.94,99
2026-08-28T02:01:00.370592+00:00,btc-updown-5m-1787882700,5,3923831,76428898657785718217219854013841067741716703089207602055485882466840927530528,2026-08-28T02:05:00+00:00,2026-08-28T02:10:00+00:00,9.0,0.5,0.51,0.505,0.01,1355.0,305.65,99
2026-08-28T02:01:00.370592+00:00,btc-updown-15m-1787882400,15,3923809,109398719454613586005282256249386285840247971232512637242855213321253261479551,2026-08-28T02:00:00+00:00,2026-08-28T02:15:00+00:00,14.0,0.38,0.39,0.385,0.01,55.5,30.21,99
2026-08-28T02:01:00.370592+00:00,btc-updown-15m-1787883300,15,3923879,34510328629627774624323651450645276869656778473155077605034694162456848846737,2026-08-28T02:15:00+00:00,2026-08-28T02:30:00+00:00,29.0,0.5,0.51,0.505,0.01,421.98,296.0,87
2026-08-28T02:02:01.627703+00:00,btc-updown-5m-1787882400,5,3923813,42859767473389496530190219204581986821836353190449134018931905314788753069161,2026-08-28T02:00:00+00:00,2026-08-28T02:05:00+00:00,2.98,0.24,0.25,0.245,0.01,190.0,266.26,99
2026-08-28T02:02:01.627703+00:00,btc-updown-5m-1787882700,5,3923831,76428898657785718217219854013841067741716703089207602055485882466840927530528,2026-08-28T02:05:00+00:00,2026-08-28T02:10:00+00:00,7.98,0.5,0.51,0.505,0.01,1083.0,335.0,99
2026-08-28T02:02:01.627703+00:00,btc-updown-15m-1787882400,15,3923809,109398719454613586005282256249386285840247971232512637242855213321253261479551,2026-08-28T02:00:00+00:00,2026-08-28T02:15:00+00:00,12.98,0.35,0.36,0.355,0.01,23.26,15.0,99
2026-08-28T02:02:01.627703+00:00,btc-updown-15m-1787883300,15,3923879,34510328629627774624323651450645276869656778473155077605034694162456848846737,2026-08-28T02:15:00+00:00,2026-08-28T02:30:00+00:00,27.98,0.5,0.51,0.505,0.01,371.98,261.0,87
2026-08-28T02:03:02.871048+00:00,btc-updown-5m-1787882400,5,3923813,42859767473389496530190219204581986821836353190449134018931905314788753069161,2026-08-28T02:00:00+00:00,2026-08-28T02:05:00+00:00,1.97,0.01,0.02,0.015,0.01,2514.26,966.14,99
2026-08-28T02:03:02.871048+00:00,btc-updown-5m-1787882700,5,3923831,76428898657785718217219854013841067741716703089207602055485882466840927530528,2026-08-28T02:05:00+00:00,2026-08-28T02:10:00+00:00,6.97,0.51,0.52,0.515,0.01,179.23,242.0,99
2026-08-28T02:03:02.871048+00:00,btc-updown-15m-1787882400,15,3923809,109398719454613586005282256249386285840247971232512637242855213321253261479551,2026-08-28T02:00:00+00:00,2026-08-28T02:15:00+00:00,11.97,0.22,0.23,0.225,0.01,110.0,85.0,99
2026-08-28T02:03:02.871048+00:00,btc-updown-15m-1787883300,15,3923879,34510328629627774624323651450645276869656778473155077605034694162456848846737,2026-08-28T02:15:00+00:00,2026-08-28T02:30:00+00:00,26.97,0.5,0.51,0.505,0.01,371.98,211.0,87
2026-08-28T02:04:04.077385+00:00,btc-updown-5m-1787882700,5,3923831,76428898657785718217219854013841067741716703089207602055485882466840927530528,2026-08-28T02:05:00+00:00,2026-08-28T02:10:00+00:00,5.93,0.53,0.54,0.535,0.01,115.4,105.0,99
2026-08-28T02:04:04.077385+00:00,btc-updown-15m-1787882400,15,3923809,109398719454613586005282256249386285840247971232512637242855213321253261479551,2026-08-28T02:00:00+00:00,2026-08-28T02:15:00+00:00,10.93,0.23,0.24,0.235,0.01,169.2,16.56,99
2026-08-28T02:04:04.077385+00:00,btc-updown-15m-1787883300,15,3923879,34510328629627774624323651450645276869656778473155077605034694162456848846737,2026-08-28T02:15:00+00:00,2026-08-28T02:30:00+00:00,25.93,0.5,0.51,0.505,0.01,371.98,211.0,87
2026-08-28T02:05:05.244907+00:00,btc-updown-5m-1787882700,5,3923831,76428898657785718217219854013841067741716703089207602055485882466840927530528,2026-08-28T02:05:00+00:00,2026-08-28T02:10:00+00:00,4.92,0.61,0.62,0.615,0.01,80.0,112.0,99
2026-08-28T02:05:05.244907+00:00,btc-updown-5m-1787883000,5,3923873,67731177303894269951232249182980187115776149428892599768395817313296336963166,2026-08-28T02:10:00+00:00,2026-08-28T02:15:00+00:00,9.92,0.5,0.51,0.505,0.01,525.5,419.43,99
2026-08-28T02:05:05.244907+00:00,btc-updown-15m-1787882400,15,3923809,109398719454613586005282256249386285840247971232512637242855213321253261479551,2026-08-28T02:00:00+00:00,2026-08-28T02:15:00+00:00,9.92,0.28,0.29,0.285,0.01,42.65,75.0,99
2026-08-28T02:05:05.244907+00:00,btc-updown-15m-1787883300,15,3923879,34510328629627774624323651450645276869656778473155077605034694162456848846737,2026-08-28T02:15:00+00:00,2026-08-28T02:30:00+00:00,24.92,0.5,0.51,0.505,0.01,299.98,211.0,87
2026-08-28T02:06:06.594807+00:00,btc-updown-5m-1787882700,5,3923831,76428898657785718217219854013841067741716703089207602055485882466840927530528,2026-08-28T02:05:00+00:00,2026-08-28T02:10:00+00:00,3.9,0.5,0.51,0.505,0.01,308.75,88.35,99
2026-08-28T02:06:06.594807+00:00,btc-updown-5m-1787883000,5,3923873,67731177303894269951232249182980187115776149428892599768395817313296336963166,2026-08-28T02:10:00+00:00,2026-08-28T02:15:00+00:00,8.9,0.5,0.51,0.505,0.01,1002.5,574.02,99
2026-08-28T02:06:06.594807+00:00,btc-updown-15m-1787882400,15,3923809,109398719454613586005282256249386285840247971232512637242855213321253261479551,2026-08-28T02:00:00+00:00,2026-08-28T02:15:00+00:00,8.9,0.22,0.23,0.225,0.01,50.0,93.0,99
2026-08-28T02:06:06.594807+00:00,btc-updown-15m-1787883300,15,3923879,34510328629627774624323651450645276869656778473155077605034694162456848846737,2026-08-28T02:15:00+00:00,2026-08-28T02:30:00+00:00,23.9,0.5,0.51,0.505,0.01,499.98,211.0,87
2026-08-28T02:07:07.776975+00:00,btc-updown-5m-1787882700,5,3923831,76428898657785718217219854013841067741716703089207602055485882466840927530528,2026-08-28T02:05:00+00:00,2026-08-28T02:10:00+00:00,2.88,0.6,0.61,0.605,0.01,83.75,98.78,99
2026-08-28T02:07:07.776975+00:00,btc-updown-5m-1787883000,5,3923873,67731177303894269951232249182980187115776149428892599768395817313296336963166,2026-08-28T02:10:00+00:00,2026-08-28T02:15:00+00:00,7.88,0.5,0.51,0.505,0.01,912.5,671.02,99
2026-08-28T02:07:07.776975+00:00,btc-updown-15m-1787882400,15,3923809,109398719454613586005282256249386285840247971232512637242855213321253261479551,2026-08-28T02:00:00+00:00,2026-08-28T02:15:00+00:00,7.88,0.23,0.24,0.235,0.01,144.0,79.0,99
2026-08-28T02:07:07.776975+00:00,btc-updown-15m-1787883300,15,3923879,34510328629627774624323651450645276869656778473155077605034694162456848846737,2026-08-28T02:15:00+00:00,2026-08-28T02:30:00+00:00,22.88,0.5,0.51,0.505,0.01,499.98,261.0,87
2026-08-28T02:08:08.950187+00:00,btc-updown-5m-1787882700,5,3923831,76428898657785718217219854013841067741716703089207602055485882466840927530528,2026-08-28T02:05:00+00:00,2026-08-28T02:10:00+00:00,1.87,0.54,0.55,0.545,0.01,160.82,286.1,99
2026-08-28T02:08:08.950187+00:00,btc-updown-5m-1787883000,5,3923873,67731177303894269951232249182980187115776149428892599768395817313296336963166,2026-08-28T02:10:00+00:00,2026-08-28T02:15:00+00:00,6.87,0.5,0.51,0.505,0.01,609.5,533.8,99
2026-08-28T02:08:08.950187+00:00,btc-updown-15m-1787882400,15,3923809,109398719454613586005282256249386285840247971232512637242855213321253261479551,2026-08-28T02:00:00+00:00,2026-08-28T02:15:00+00:00,6.87,0.19,0.2,0.195,0.01,466.0,122.0,99
2026-08-28T02:08:08.950187+00:00,btc-updown-15m-1787883300,15,3923879,34510328629627774624323651450645276869656778473155077605034694162456848846737,2026-08-28T02:15:00+00:00,2026-08-28T02:30:00+00:00,21.87,0.5,0.51,0.505,0.01,549.98,209.03,87
2026-08-28T02:09:10.174905+00:00,btc-updown-5m-1787882700,5,3923831,76428898657785718217219854013841067741716703089207602055485882466840927530528,2026-08-28T02:05:00+00:00,2026-08-28T02:10:00+00:00,0.83,0.21,0.22,0.215,0.01,88.64,80.0,99
2026-08-28T02:09:10.174905+00:00,btc-updown-5m-1787883000,5,3923873,67731177303894269951232249182980187115776149428892599768395817313296336963166,2026-08-28T02:10:00+00:00,2026-08-28T02:15:00+00:00,5.83,0.51,0.52,0.515,0.01,190.6,114.0,99
2026-08-28T02:09:10.174905+00:00,btc-updown-15m-1787882400,15,3923809,109398719454613586005282256249386285840247971232512637242855213321253261479551,2026-08-28T02:00:00+00:00,2026-08-28T02:15:00+00:00,5.83,0.12,0.13,0.125,0.01,127.9,180.0,99
2026-08-28T02:09:10.174905+00:00,btc-updown-15m-1787883300,15,3923879,34510328629627774624323651450645276869656778473155077605034694162456848846737,2026-08-28T02:15:00+00:00,2026-08-28T02:30:00+00:00,20.83,0.5,0.51,0.505,0.01,499.98,209.03,87
2026-08-28T02:10:11.448813+00:00,btc-updown-5m-1787883000,5,3923873,67731177303894269951232249182980187115776149428892599768395817313296336963166,2026-08-28T02:10:00+00:00,2026-08-28T02:15:00+00:00,4.82,0.76,0.77,0.765,0.01,790.06,43.49,99
2026-08-28T02:10:11.448813+00:00,btc-updown-5m-1787883300,5,3923876,89248987391774210348200628546661702133218437897145749493307356126249421475755,2026-08-28T02:15:00+00:00,2026-08-28T02:20:00+00:00,9.82,0.5,0.51,0.505,0.01,647.45,420.73,99
2026-08-28T02:10:11.448813+00:00,btc-updown-15m-1787882400,15,3923809,109398719454613586005282256249386285840247971232512637242855213321253261479551,2026-08-28T02:00:00+00:00,2026-08-28T02:15:00+00:00,4.82,0.29,0.3,0.295,0.01,36.0,119.6,99
2026-08-28T02:10:11.448813+00:00,btc-updown-15m-1787883300,15,3923879,34510328629627774624323651450645276869656778473155077605034694162456848846737,2026-08-28T02:15:00+00:00,2026-08-28T02:30:00+00:00,19.82,0.51,0.52,0.515,0.01,482.03,129.0,89
2026-08-28T02:11:12.635105+00:00,btc-updown-5m-1787883000,5,3923873,67731177303894269951232249182980187115776149428892599768395817313296336963166,2026-08-28T02:10:00+00:00,2026-08-28T02:15:00+00:00,3.8,0.56,0.57,0.565,0.01,215.0,467.82,99
2026-08-28T02:11:12.635105+00:00,btc-updown-5m-1787883300,5,3923876,89248987391774210348200628546661702133218437897145749493307356126249421475755,2026-08-28T02:15:00+00:00,2026-08-28T02:20:00+00:00,8.8,0.5,0.51,0.505,0.01,833.45,328.6,99
2026-08-28T02:11:12.635105+00:00,btc-updown-15m-1787882400,15,3923809,109398719454613586005282256249386285840247971232512637242855213321253261479551,2026-08-28T02:00:00+00:00,2026-08-28T02:15:00+00:00,3.8,0.1,0.11,0.105,0.01,110.31,79.0,99
2026-08-28T02:11:12.635105+00:00,btc-updown-15m-1787883300,15,3923879,34510328629627774624323651450645276869656778473155077605034694162456848846737,2026-08-28T02:15:00+00:00,2026-08-28T02:30:00+00:00,18.8,0.51,0.52,0.515,0.01,482.03,129.0,89
2026-08-28T02:12:13.878873+00:00,btc-updown-5m-1787883000,5,3923873,67731177303894269951232249182980187115776149428892599768395817313296336963166,2026-08-28T02:10:00+00:00,2026-08-28T02:15:00+00:00,2.78,0.19,0.2,0.195,0.01,20.0,364.0,99
2026-08-28T02:12:13.878873+00:00,btc-updown-5m-1787883300,5,3923876,89248987391774210348200628546661702133218437897145749493307356126249421475755,2026-08-28T02:15:00+00:00,2026-08-28T02:20:00+00:00,7.78,0.5,0.51,0.505,0.01,1473.45,607.83,99
2026-08-28T02:12:13.878873+00:00,btc-updown-15m-1787882400,15,3923809,109398719454613586005282256249386285840247971232512637242855213321253261479551,2026-08-28T02:00:00+00:00,2026-08-28T02:15:00+00:00,2.78,0.02,0.03,0.025,0.01,398.0,4230.29,99
2026-08-28T02:12:13.878873+00:00,btc-updown-15m-1787883300,15,3923879,34510328629627774624323651450645276869656778473155077605034694162456848846737,2026-08-28T02:15:00+00:00,2026-08-28T02:30:00+00:00,17.78,0.51,0.52,0.515,0.01,571.03,537.33,89
2026-08-28T02:13:15.102542+00:00,btc-updown-5m-1787883000,5,3923873,67731177303894269951232249182980187115776149428892599768395817313296336963166,2026-08-28T02:10:00+00:00,2026-08-28T02:15:00+00:00,1.75,0.05,0.06,0.055,0.01,102.02,846.84,99
2026-08-28T02:13:15.102542+00:00,btc-updown-5m-1787883300,5,3923876,89248987391774210348200628546661702133218437897145749493307356126249421475755,2026-08-28T02:15:00+00:00,2026-08-28T02:20:00+00:00,6.75,0.52,0.53,0.525,0.01,165.0,426.73,99
2026-08-28T02:13:15.102542+00:00,btc-updown-15m-1787883300,15,3923879,34510328629627774624323651450645276869656778473155077605034694162456848846737,2026-08-28T02:15:00+00:00,2026-08-28T02:30:00+00:00,16.75,0.51,0.52,0.515,0.01,815.16,329.0,89
2026-08-28T02:14:16.159789+00:00,btc-updown-5m-1787883300,5,3923876,89248987391774210348200628546661702133218437897145749493307356126249421475755,2026-08-28T02:15:00+00:00,2026-08-28T02:20:00+00:00,5.73,0.51,0.53,0.52,0.02,49.12,40.0,98
2026-08-28T02:14:16.159789+00:00,btc-updown-15m-1787883300,15,3923879,34510328629627774624323651450645276869656778473155077605034694162456848846737,2026-08-28T02:15:00+00:00,2026-08-28T02:30:00+00:00,15.73,0.51,0.52,0.515,0.01,733.03,33.21,94
2026-08-28T02:15:17.250882+00:00,btc-updown-5m-1787883300,5,3923876,89248987391774210348200628546661702133218437897145749493307356126249421475755,2026-08-28T02:15:00+00:00,2026-08-28T02:20:00+00:00,4.72,0.59,0.6,0.595,0.01,585.0,269.0,99
2026-08-28T02:15:17.250882+00:00,btc-updown-5m-1787883600,5,3923916,89054806779210707644313557541458117651093352545516875261761213026859095308686,2026-08-28T02:20:00+00:00,2026-08-28T02:25:00+00:00,9.72,0.5,0.51,0.505,0.01,771.4,288.0,99
2026-08-28T02:15:17.250882+00:00,btc-updown-15m-1787883300,15,3923879,34510328629627774624323651450645276869656778473155077605034694162456848846737,2026-08-28T02:15:00+00:00,2026-08-28T02:30:00+00:00,14.72,0.58,0.59,0.585,0.01,70.0,145.24,99
2026-08-28T02:15:17.250882+00:00,btc-updown-15m-1787884200,15,3924299,39225526603076575510790665814954845157047913489905416194481882156823899150513,2026-08-28T02:30:00+00:00,2026-08-28T02:45:00+00:00,29.72,0.5,0.51,0.505,0.01,466.0,346.46,87
2026-08-28T02:16:18.440499+00:00,btc-updown-5m-1787883300,5,3923876,89248987391774210348200628546661702133218437897145749493307356126249421475755,2026-08-28T02:15:00+00:00,2026-08-28T02:20:00+00:00,3.7,0.2,0.21,0.205,0.01,255.0,184.42,99
2026-08-28T02:16:18.440499+00:00,btc-updown-5m-1787883600,5,3923916,89054806779210707644313557541458117651093352545516875261761213026859095308686,2026-08-28T02:20:00+00:00,2026-08-28T02:25:00+00:00,8.7,0.5,0.51,0.505,0.01,926.0,261.13,99
2026-08-28T02:16:18.440499+00:00,btc-updown-15m-1787883300,15,3923879,34510328629627774624323651450645276869656778473155077605034694162456848846737,2026-08-28T02:15:00+00:00,2026-08-28T02:30:00+00:00,13.7,0.36,0.37,0.365,0.01,200.34,375.0,99
2026-08-28T02:16:18.440499+00:00,btc-updown-15m-1787884200,15,3924299,39225526603076575510790665814954845157047913489905416194481882156823899150513,2026-08-28T02:30:00+00:00,2026-08-28T02:45:00+00:00,28.7,0.5,0.51,0.505,0.01,316.0,301.19,87
2026-08-28T02:17:19.673815+00:00,btc-updown-5m-1787883300,5,3923876,89248987391774210348200628546661702133218437897145749493307356126249421475755,2026-08-28T02:15:00+00:00,2026-08-28T02:20:00+00:00,2.68,0.07,0.08,0.075,0.01,15.0,655.11,99
2026-08-28T02:17:19.673815+00:00,btc-updown-5m-1787883600,5,3923916,89054806779210707644313557541458117651093352545516875261761213026859095308686,2026-08-28T02:20:00+00:00,2026-08-28T02:25:00+00:00,7.68,0.53,0.54,0.535,0.01,45.0,475.3,99
2026-08-28T02:17:19.673815+00:00,btc-updown-15m-1787883300,15,3923879,34510328629627774624323651450645276869656778473155077605034694162456848846737,2026-08-28T02:15:00+00:00,2026-08-28T02:30:00+00:00,12.68,0.27,0.28,0.275,0.01,155.0,88.85,99
2026-08-28T02:17:19.673815+00:00,btc-updown-15m-1787884200,15,3924299,39225526603076575510790665814954845157047913489905416194481882156823899150513,2026-08-28T02:30:00+00:00,2026-08-28T02:45:00+00:00,27.68,0.5,0.51,0.505,0.01,662.0,301.19,87
2026-08-28T02:18:20.878308+00:00,btc-updown-5m-1787883600,5,3923916,89054806779210707644313557541458117651093352545516875261761213026859095308686,2026-08-28T02:20:00+00:00,2026-08-28T02:25:00+00:00,6.67,0.55,0.56,0.555,0.01,60.0,206.0,98
2026-08-28T02:18:20.878308+00:00,btc-updown-15m-1787883300,15,3923879,34510328629627774624323651450645276869656778473155077605034694162456848846737,2026-08-28T02:15:00+00:00,2026-08-28T02:30:00+00:00,11.67,0.2,0.21,0.205,0.01,410.65,843.01,99
2026-08-28T02:18:20.878308+00:00,btc-updown-15m-1787884200,15,3924299,39225526603076575510790665814954845157047913489905416194481882156823899150513,2026-08-28T02:30:00+00:00,2026-08-28T02:45:00+00:00,26.67,0.5,0.51,0.505,0.01,662.0,301.19,87
2026-08-28T02:19:22.159027+00:00,btc-updown-5m-1787883600,5,3923916,89054806779210707644313557541458117651093352545516875261761213026859095308686,2026-08-28T02:20:00+00:00,2026-08-28T02:25:00+00:00,5.63,0.5,0.51,0.505,0.01,532.0,84.0,99
2026-08-28T02:19:22.159027+00:00,btc-updown-15m-1787883300,15,3923879,34510328629627774624323651450645276869656778473155077605034694162456848846737,2026-08-28T02:15:00+00:00,2026-08-28T02:30:00+00:00,10.63,0.18,0.19,0.185,0.01,366.46,155.0,99
2026-08-28T02:19:22.159027+00:00,btc-updown-15m-1787884200,15,3924299,39225526603076575510790665814954845157047913489905416194481882156823899150513,2026-08-28T02:30:00+00:00,2026-08-28T02:45:00+00:00,25.63,0.5,0.51,0.505,0.01,662.0,100.0,87
2026-08-28T02:20:23.286068+00:00,btc-updown-5m-1787883600,5,3923916,89054806779210707644313557541458117651093352545516875261761213026859095308686,2026-08-28T02:20:00+00:00,2026-08-28T02:25:00+00:00,4.62,0.68,0.69,0.685,0.01,580.27,163.55,99
2026-08-28T02:20:23.286068+00:00,btc-updown-5m-1787883900,5,3924264,11567068193790753199788515775518469526246544533098042512203368864563252549154,2026-08-28T02:25:00+00:00,2026-08-28T02:30:00+00:00,9.62,0.53,0.54,0.535,0.01,80.0,195.63,99
2026-08-28T02:20:23.286068+00:00,btc-updown-15m-1787883300,15,3923879,34510328629627774624323651450645276869656778473155077605034694162456848846737,2026-08-28T02:15:00+00:00,2026-08-28T02:30:00+00:00,9.62,0.23,0.24,0.235,0.01,165.0,70.0,99
2026-08-28T02:20:23.286068+00:00,btc-updown-15m-1787884200,15,3924299,39225526603076575510790665814954845157047913489905416194481882156823899150513,2026-08-28T02:30:00+00:00,2026-08-28T02:45:00+00:00,24.62,0.51,0.52,0.515,0.01,757.08,587.33,87
2026-08-28T02:21:24.489072+00:00,btc-updown-5m-1787883600,5,3923916,89054806779210707644313557541458117651093352545516875261761213026859095308686,2026-08-28T02:20:00+00:00,2026-08-28T02:25:00+00:00,3.6,0.58,0.59,0.585,0.01,135.09,535.75,99
2026-08-28T02:21:24.489072+00:00,btc-updown-5m-1787883900,5,3924264,11567068193790753199788515775518469526246544533098042512203368864563252549154,2026-08-28T02:25:00+00:00,2026-08-28T02:30:00+00:00,8.6,0.53,0.54,0.535,0.01,95.0,228.41,99
2026-08-28T02:21:24.489072+00:00,btc-updown-15m-1787883300,15,3923879,34510328629627774624323651450645276869656778473155077605034694162456848846737,2026-08-28T02:15:00+00:00,2026-08-28T02:30:00+00:00,8.6,0.17,0.18,0.175,0.01,134.27,25.0,99
2026-08-28T02:21:24.489072+00:00,btc-updown-15m-1787884200,15,3924299,39225526603076575510790665814954845157047913489905416194481882156823899150513,2026-08-28T02:30:00+00:00,2026-08-28T02:45:00+00:00,23.6,0.51,0.52,0.515,0.01,757.08,583.29,87
2026-08-28T02:22:25.704436+00:00,btc-updown-5m-1787883600,5,3923916,89054806779210707644313557541458117651093352545516875261761213026859095308686,2026-08-28T02:20:00+00:00,2026-08-28T02:25:00+00:00,2.58,0.53,0.54,0.535,0.01,94.0,210.0,99
2026-08-28T02:22:25.704436+00:00,btc-updown-5m-1787883900,5,3924264,11567068193790753199788515775518469526246544533098042512203368864563252549154,2026-08-28T02:25:00+00:00,2026-08-28T02:30:00+00:00,7.58,0.53,0.54,0.535,0.01,199.69,328.41,99
2026-08-28T02:22:25.704436+00:00,btc-updown-15m-1787883300,15,3923879,34510328629627774624323651450645276869656778473155077605034694162456848846737,2026-08-28T02:15:00+00:00,2026-08-28T02:30:00+00:00,7.58,0.14,0.15,0.145,0.01,44.95,106.04,99
2026-08-28T02:22:25.704436+00:00,btc-updown-15m-1787884200,15,3924299,39225526603076575510790665814954845157047913489905416194481882156823899150513,2026-08-28T02:30:00+00:00,2026-08-28T02:45:00+00:00,22.58,0.51,0.52,0.515,0.01,757.08,373.03,87
2026-08-28T02:23:26.966541+00:00,btc-updown-5m-1787883600,5,3923916,89054806779210707644313557541458117651093352545516875261761213026859095308686,2026-08-28T02:20:00+00:00,2026-08-28T02:25:00+00:00,1.57,0.05,0.06,0.055,0.01,277.14,88.0,99
2026-08-28T02:23:26.966541+00:00,btc-updown-5m-1787883900,5,3924264,11567068193790753199788515775518469526246544533098042512203368864563252549154,2026-08-28T02:25:00+00:00,2026-08-28T02:30:00+00:00,6.57,0.55,0.57,0.56,0.02,143.01,206.28,98
2026-08-28T02:23:26.966541+00:00,btc-updown-15m-1787883300,15,3923879,34510328629627774624323651450645276869656778473155077605034694162456848846737,2026-08-28T02:15:00+00:00,2026-08-28T02:30:00+00:00,6.57,0.05,0.06,0.055,0.01,103.0,53.0,99
2026-08-28T02:23:26.966541+00:00,btc-updown-15m-1787884200,15,3924299,39225526603076575510790665814954845157047913489905416194481882156823899150513,2026-08-28T02:30:00+00:00,2026-08-28T02:45:00+00:00,21.57,0.52,0.53,0.525,0.01,648.31,301.17,87
2026-08-28T02:24:28.470696+00:00,btc-updown-5m-1787883900,5,3924264,11567068193790753199788515775518469526246544533098042512203368864563252549154,2026-08-28T02:25:00+00:00,2026-08-28T02:30:00+00:00,5.53,0.55,0.56,0.555,0.01,231.27,41.95,97
2026-08-28T02:24:28.470696+00:00,btc-updown-15m-1787883300,15,3923879,34510328629627774624323651450645276869656778473155077605034694162456848846737,2026-08-28T02:15:00+00:00,2026-08-28T02:30:00+00:00,5.53,0.05,0.06,0.055,0.01,81.0,38.0,99
2026-08-28T02:24:28.470696+00:00,btc-updown-15m-1787884200,15,3924299,39225526603076575510790665814954845157047913489905416194481882156823899150513,2026-08-28T02:30:00+00:00,2026-08-28T02:45:00+00:00,20.53,0.52,0.53,0.525,0.01,648.31,301.17,87
2026-08-28T02:25:29.570532+00:00,btc-updown-5m-1787883900,5,3924264,11567068193790753199788515775518469526246544533098042512203368864563252549154,2026-08-28T02:25:00+00:00,2026-08-28T02:30:00+00:00,4.52,0.69,0.7,0.695,0.01,619.33,5.0,99
2026-08-28T02:25:29.570532+00:00,btc-updown-5m-1787884200,5,3924302,8176356312375966107975966252847809594905979779549479801829330947470570634235,2026-08-28T02:30:00+00:00,2026-08-28T02:35:00+00:00,9.52,0.51,0.52,0.515,0.01,70.89,255.0,99
2026-08-28T02:25:29.570532+00:00,btc-updown-15m-1787883300,15,3923879,34510328629627774624323651450645276869656778473155077605034694162456848846737,2026-08-28T02:15:00+00:00,2026-08-28T02:30:00+00:00,4.52,0.07,0.08,0.075,0.01,65.0,60.0,99
2026-08-28T02:25:29.570532+00:00,btc-updown-15m-1787884200,15,3924299,39225526603076575510790665814954845157047913489905416194481882156823899150513,2026-08-28T02:30:00+00:00,2026-08-28T02:45:00+00:00,19.52,0.51,0.52,0.515,0.01,667.08,35.12,89
2026-08-28T02:26:30.833436+00:00,btc-updown-5m-1787883900,5,3924264,11567068193790753199788515775518469526246544533098042512203368864563252549154,2026-08-28T02:25:00+00:00,2026-08-28T02:30:00+00:00,3.5,0.8,0.81,0.805,0.01,10.0,85.0,99
2026-08-28T02:26:30.833436+00:00,btc-updown-5m-1787884200,5,3924302,8176356312375966107975966252847809594905979779549479801829330947470570634235,2026-08-28T02:30:00+00:00,2026-08-28T02:35:00+00:00,8.5,0.52,0.53,0.525,0.01,19.79,315.18,99
2026-08-28T02:26:30.833436+00:00,btc-updown-15m-1787883300,15,3923879,34510328629627774624323651450645276869656778473155077605034694162456848846737,2026-08-28T02:15:00+00:00,2026-08-28T02:30:00+00:00,3.5,0.03,0.04,0.035,0.01,83.45,248.92,99
2026-08-28T02:26:30.833436+00:00,btc-updown-15m-1787884200,15,3924299,39225526603076575510790665814954845157047913489905416194481882156823899150513,2026-08-28T02:30:00+00:00,2026-08-28T02:45:00+00:00,18.5,0.52,0.53,0.525,0.01,192.31,464.29,89
2026-08-28T02:27:32.070744+00:00,btc-updown-5m-1787883900,5,3924264,11567068193790753199788515775518469526246544533098042512203368864563252549154,2026-08-28T02:25:00+00:00,2026-08-28T02:30:00+00:00,2.47,0.76,0.77,0.765,0.01,465.2,229.92,99
2026-08-28T02:27:32.070744+00:00,btc-updown-5m-1787884200,5,3924302,8176356312375966107975966252847809594905979779549479801829330947470570634235,2026-08-28T02:30:00+00:00,2026-08-28T02:35:00+00:00,7.47,0.52,0.53,0.525,0.01,324.79,303.12,99
2026-08-28T02:27:32.070744+00:00,btc-updown-15m-1787884200,15,3924299,39225526603076575510790665814954845157047913489905416194481882156823899150513,2026-08-28T02:30:00+00:00,2026-08-28T02:45:00+00:00,17.47,0.53,0.54,0.535,0.01,222.16,229.62,89
2026-08-28T02:28:33.180452+00:00,btc-updown-5m-1787883900,5,3924264,11567068193790753199788515775518469526246544533098042512203368864563252549154,2026-08-28T02:25:00+00:00,2026-08-28T02:30:00+00:00,1.45,0.22,0.23,0.225,0.01,267.21,409.3,99
2026-08-28T02:28:33.180452+00:00,btc-updown-5m-1787884200,5,3924302,8176356312375966107975966252847809594905979779549479801829330947470570634235,2026-08-28T02:30:00+00:00,2026-08-28T02:35:00+00:00,6.45,0.52,0.53,0.525,0.01,149.79,273.63,99
2026-08-28T02:28:33.180452+00:00,btc-updown-15m-1787884200,15,3924299,39225526603076575510790665814954845157047913489905416194481882156823899150513,2026-08-28T02:30:00+00:00,2026-08-28T02:45:00+00:00,16.45,0.54,0.55,0.545,0.01,255.3,669.17,89
2026-08-28T02:29:34.653282+00:00,btc-updown-5m-1787884200,5,3924302,8176356312375966107975966252847809594905979779549479801829330947470570634235,2026-08-28T02:30:00+00:00,2026-08-28T02:35:00+00:00,5.43,0.53,0.54,0.535,0.01,192.37,197.0,99
2026-08-28T02:29:34.653282+00:00,btc-updown-15m-1787884200,15,3924299,39225526603076575510790665814954845157047913489905416194481882156823899150513,2026-08-28T02:30:00+00:00,2026-08-28T02:45:00+00:00,15.43,0.54,0.55,0.545,0.01,225.9,292.22,89
2026-08-28T02:30:35.684842+00:00,btc-updown-5m-1787884200,5,3924302,8176356312375966107975966252847809594905979779549479801829330947470570634235,2026-08-28T02:30:00+00:00,2026-08-28T02:35:00+00:00,4.42,0.38,0.39,0.385,0.01,165.88,712.13,99
2026-08-28T02:30:35.684842+00:00,btc-updown-5m-1787884500,5,3924346,926026255257589696545691634369247654801854351461504055788265018693975265172,2026-08-28T02:35:00+00:00,2026-08-28T02:40:00+00:00,9.42,0.5,0.51,0.505,0.01,1010.46,471.82,99
2026-08-28T02:30:35.684842+00:00,btc-updown-15m-1787884200,15,3924299,39225526603076575510790665814954845157047913489905416194481882156823899150513,2026-08-28T02:30:00+00:00,2026-08-28T02:45:00+00:00,14.42,0.5,0.51,0.505,0.01,97.91,222.19,99
2026-08-28T02:30:35.684842+00:00,btc-updown-15m-1787885100,15,3924384,938367815935404245785490486937384817318945152709028494195879214822803197296,2026-08-28T02:45:00+00:00,2026-08-28T03:00:00+00:00,29.42,0.5,0.53,0.515,0.03,129.0,589.36,85
2026-08-28T02:31:36.901916+00:00,btc-updown-5m-1787884200,5,3924302,8176356312375966107975966252847809594905979779549479801829330947470570634235,2026-08-28T02:30:00+00:00,2026-08-28T02:35:00+00:00,3.4,0.74,0.75,0.745,0.01,194.33,143.66,99
2026-08-28T02:31:36.901916+00:00,btc-updown-5m-1787884500,5,3924346,926026255257589696545691634369247654801854351461504055788265018693975265172,2026-08-28T02:35:00+00:00,2026-08-28T02:40:00+00:00,8.4,0.5,0.51,0.505,0.01,688.46,563.44,99
2026-08-28T02:31:36.901916+00:00,btc-updown-15m-1787884200,15,3924299,39225526603076575510790665814954845157047913489905416194481882156823899150513,2026-08-28T02:30:00+00:00,2026-08-28T02:45:00+00:00,13.4,0.67,0.68,0.675,0.01,78.0,78.52,99
2026-08-28T02:31:36.901916+00:00,btc-updown-15m-1787885100,15,3924384,938367815935404245785490486937384817318945152709028494195879214822803197296,2026-08-28T02:45:00+00:00,2026-08-28T03:00:00+00:00,28.4,0.51,0.52,0.515,0.01,13.49,605.72,87
2026-08-28T02:32:38.091108+00:00,btc-updown-5m-1787884200,5,3924302,8176356312375966107975966252847809594905979779549479801829330947470570634235,2026-08-28T02:30:00+00:00,2026-08-28T02:35:00+00:00,2.37,0.46,0.47,0.465,0.01,181.74,225.0,99
2026-08-28T02:32:38.091108+00:00,btc-updown-5m-1787884500,5,3924346,926026255257589696545691634369247654801854351461504055788265018693975265172,2026-08-28T02:35:00+00:00,2026-08-28T02:40:00+00:00,7.37,0.53,0.54,0.535,0.01,85.0,255.86,99
2026-08-28T02:32:38.091108+00:00,btc-updown-15m-1787884200,15,3924299,39225526603076575510790665814954845157047913489905416194481882156823899150513,2026-08-28T02:30:00+00:00,2026-08-28T02:45:00+00:00,12.37,0.52,0.53,0.525,0.01,83.0,16.0,99
2026-08-28T02:32:38.091108+00:00,btc-updown-15m-1787885100,15,3924384,938367815935404245785490486937384817318945152709028494195879214822803197296,2026-08-28T02:45:00+00:00,2026-08-28T03:00:00+00:00,27.37,0.51,0.52,0.515,0.01,9.49,395.72,87
2026-08-28T02:33:39.374486+00:00,btc-updown-5m-1787884200,5,3924302,8176356312375966107975966252847809594905979779549479801829330947470570634235,2026-08-28T02:30:00+00:00,2026-08-28T02:35:00+00:00,1.35,0.85,0.86,0.855,0.01,93.16,171.33,99
2026-08-28T02:33:39.374486+00:00,btc-updown-5m-1787884500,5,3924346,926026255257589696545691634369247654801854351461504055788265018693975265172,2026-08-28T02:35:00+00:00,2026-08-28T02:40:00+00:00,6.35,0.53,0.54,0.535,0.01,83.0,289.22,99
2026-08-28T02:33:39.374486+00:00,btc-updown-15m-1787884200,15,3924299,39225526603076575510790665814954845157047913489905416194481882156823899150513,2026-08-28T02:30:00+00:00,2026-08-28T02:45:00+00:00,11.35,0.63,0.64,0.635,0.01,5.0,88.0,99
2026-08-28T02:33:39.374486+00:00,btc-updown-15m-1787885100,15,3924384,938367815935404245785490486937384817318945152709028494195879214822803197296,2026-08-28T02:45:00+00:00,2026-08-28T03:00:00+00:00,26.35,0.51,0.52,0.515,0.01,9.49,605.72,87
2026-08-28T02:34:40.647616+00:00,btc-updown-5m-1787884500,5,3924346,926026255257589696545691634369247654801854351461504055788265018693975265172,2026-08-28T02:35:00+00:00,2026-08-28T02:40:00+00:00,5.33,0.53,0.55,0.54,0.02,93.0,82.0,98
2026-08-28T02:34:40.647616+00:00,btc-updown-15m-1787884200,15,3924299,39225526603076575510790665814954845157047913489905416194481882156823899150513,2026-08-28T02:30:00+00:00,2026-08-28T02:45:00+00:00,10.33,0.75,0.76,0.755,0.01,95.0,33.23,99
2026-08-28T02:34:40.647616+00:00,btc-updown-15m-1787885100,15,3924384,938367815935404245785490486937384817318945152709028494195879214822803197296,2026-08-28T02:45:00+00:00,2026-08-28T03:00:00+00:00,25.33,0.51,0.52,0.515,0.01,9.49,605.72,87
2026-08-28T02:35:41.717102+00:00,btc-updown-5m-1787884500,5,3924346,926026255257589696545691634369247654801854351461504055788265018693975265172,2026-08-28T02:35:00+00:00,2026-08-28T02:40:00+00:00,4.32,0.69,0.7,0.695,0.01,100.0,411.0,99
2026-08-28T02:35:41.717102+00:00,btc-updown-5m-1787884800,5,3924369,13329456413284034390657047915302762700999851835321050787789647809341673429586,2026-08-28T02:40:00+00:00,2026-08-28T02:45:00+00:00,9.32,0.51,0.52,0.515,0.01,117.0,446.88,99
2026-08-28T02:35:41.717102+00:00,btc-updown-15m-1787884200,15,3924299,39225526603076575510790665814954845157047913489905416194481882156823899150513,2026-08-28T02:30:00+00:00,2026-08-28T02:45:00+00:00,9.32,0.84,0.85,0.845,0.01,82.0,80.19,99
2026-08-28T02:35:41.717102+00:00,btc-updown-15m-1787885100,15,3924384,938367815935404245785490486937384817318945152709028494195879214822803197296,2026-08-28T02:45:00+00:00,2026-08-28T03:00:00+00:00,24.32,0.51,0.52,0.515,0.01,205.57,705.72,87
2026-08-28T02:36:42.943967+00:00,btc-updown-5m-1787884500,5,3924346,926026255257589696545691634369247654801854351461504055788265018693975265172,2026-08-28T02:35:00+00:00,2026-08-28T02:40:00+00:00,3.3,0.63,0.64,0.635,0.01,399.08,399.0,99
2026-08-28T02:36:42.943967+00:00,btc-updown-5m-1787884800,5,3924369,13329456413284034390657047915302762700999851835321050787789647809341673429586,2026-08-28T02:40:00+00:00,2026-08-28T02:45:00+00:00,8.3,0.52,0.53,0.525,0.01,28.26,431.43,99
2026-08-28T02:36:42.943967+00:00,btc-updown-15m-1787884200,15,3924299,39225526603076575510790665814954845157047913489905416194481882156823899150513,2026-08-28T02:30:00+00:00,2026-08-28T02:45:00+00:00,8.3,0.82,0.83,0.825,0.01,188.27,25.0,99
2026-08-28T02:36:42.943967+00:00,btc-updown-15m-1787885100,15,3924384,938367815935404245785490486937384817318945152709028494195879214822803197296,2026-08-28T02:45:00+00:00,2026-08-28T03:00:00+00:00,23.3,0.51,0.52,0.515,0.01,205.57,705.72,87
2026-08-28T02:37:44.177217+00:00,btc-updown-5m-1787884500,5,3924346,926026255257589696545691634369247654801854351461504055788265018693975265172,2026-08-28T02:35:00+00:00,2026-08-28T02:40:00+00:00,2.27,0.95,0.97,0.96,0.02,914.78,770.36,98
2026-08-28T02:37:44.177217+00:00,btc-updown-5m-1787884800,5,3924369,13329456413284034390657047915302762700999851835321050787789647809341673429586,2026-08-28T02:40:00+00:00,2026-08-28T02:45:00+00:00,7.27,0.52,0.53,0.525,0.01,78.26,206.0,99
2026-08-28T02:37:44.177217+00:00,btc-updown-15m-1787884200,15,3924299,39225526603076575510790665814954845157047913489905416194481882156823899150513,2026-08-28T02:30:00+00:00,2026-08-28T02:45:00+00:00,7.27,0.93,0.94,0.935,0.01,195.0,60.0,99
2026-08-28T02:37:44.177217+00:00,btc-updown-15m-1787885100,15,3924384,938367815935404245785490486937384817318945152709028494195879214822803197296,2026-08-28T02:45:00+00:00,2026-08-28T03:00:00+00:00,22.27,0.51,0.52,0.515,0.01,205.57,705.72,87
2026-08-28T02:38:45.467450+00:00,btc-updown-5m-1787884500,5,3924346,926026255257589696545691634369247654801854351461504055788265018693975265172,2026-08-28T02:35:00+00:00,2026-08-28T02:40:00+00:00,1.25,0.98,0.99,0.985,0.01,624.0,224.39,99
2026-08-28T02:38:45.467450+00:00,btc-updown-5m-1787884800,5,3924369,13329456413284034390657047915302762700999851835321050787789647809341673429586,2026-08-28T02:40:00+00:00,2026-08-28T02:45:00+00:00,6.25,0.52,0.54,0.53,0.02,460.72,262.44,98
2026-08-28T02:38:45.467450+00:00,btc-updown-15m-1787884200,15,3924299,39225526603076575510790665814954845157047913489905416194481882156823899150513,2026-08-28T02:30:00+00:00,2026-08-28T02:45:00+00:00,6.25,0.95,0.96,0.955,0.01,65.0,95.73,99
2026-08-28T02:38:45.467450+00:00,btc-updown-15m-1787885100,15,3924384,938367815935404245785490486937384817318945152709028494195879214822803197296,2026-08-28T02:45:00+00:00,2026-08-28T03:00:00+00:00,21.25,0.51,0.52,0.515,0.01,200.57,851.87,87
2026-08-28T02:39:46.664960+00:00,btc-updown-5m-1787884800,5,3924369,13329456413284034390657047915302762700999851835321050787789647809341673429586,2026-08-28T02:40:00+00:00,2026-08-28T02:45:00+00:00,5.23,0.48,0.49,0.485,0.01,40.0,40.0,99
2026-08-28T02:39:46.664960+00:00,btc-updown-15m-1787884200,15,3924299,39225526603076575510790665814954845157047913489905416194481882156823899150513,2026-08-28T02:30:00+00:00,2026-08-28T02:45:00+00:00,5.23,0.94,0.95,0.945,0.01,20.0,93.4,99
2026-08-28T02:39:46.664960+00:00,btc-updown-15m-1787885100,15,3924384,938367815935404245785490486937384817318945152709028494195879214822803197296,2026-08-28T02:45:00+00:00,2026-08-28T03:00:00+00:00,20.23,0.51,0.52,0.515,0.01,198.52,599.94,87
2026-08-28T02:40:47.751584+00:00,btc-updown-5m-1787884800,5,3924369,13329456413284034390657047915302762700999851835321050787789647809341673429586,2026-08-28T02:40:00+00:00,2026-08-28T02:45:00+00:00,4.22,0.22,0.23,0.225,0.01,304.57,249.94,99
2026-08-28T02:40:47.751584+00:00,btc-updown-5m-1787885100,5,3924386,57606300926513352576652376202623114796798219630883630775448337136592403833235,2026-08-28T02:45:00+00:00,2026-08-28T02:50:00+00:00,9.22,0.5,0.51,0.505,0.01,191.38,595.45,99
2026-08-28T02:40:47.751584+00:00,btc-updown-15m-1787884200,15,3924299,39225526603076575510790665814954845157047913489905416194481882156823899150513,2026-08-28T02:30:00+00:00,2026-08-28T02:45:00+00:00,4.22,0.89,0.9,0.895,0.01,75.0,57.0,99
2026-08-28T02:40:47.751584+00:00,btc-updown-15m-1787885100,15,3924384,938367815935404245785490486937384817318945152709028494195879214822803197296,2026-08-28T02:45:00+00:00,2026-08-28T03:00:00+00:00,19.22,0.51,0.52,0.515,0.01,137.52,604.94,89
2026-08-28T02:41:49.037403+00:00,btc-updown-5m-1787884800,5,3924369,13329456413284034390657047915302762700999851835321050787789647809341673429586,2026-08-28T02:40:00+00:00,2026-08-28T02:45:00+00:00,3.18,0.34,0.35,0.345,0.01,95.0,30.0,99
2026-08-28T02:41:49.037403+00:00,btc-updown-5m-1787885100,5,3924386,57606300926513352576652376202623114796798219630883630775448337136592403833235,2026-08-28T02:45:00+00:00,2026-08-28T02:50:00+00:00,8.18,0.5,0.51,0.505,0.01,251.38,590.54,99
2026-08-28T02:41:49.037403+00:00,btc-updown-15m-1787884200,15,3924299,39225526603076575510790665814954845157047913489905416194481882156823899150513,2026-08-28T02:30:00+00:00,2026-08-28T02:45:00+00:00,3.18,0.96,0.97,0.965,0.01,100.0,66.0,99
2026-08-28T02:41:49.037403+00:00,btc-updown-15m-1787885100,15,3924384,938367815935404245785490486937384817318945152709028494195879214822803197296,2026-08-28T02:45:00+00:00,2026-08-28T03:00:00+00:00,18.18,0.51,0.52,0.515,0.01,137.52,704.94,89
2026-08-28T02:42:50.300339+00:00,btc-updown-5m-1787884800,5,3924369,13329456413284034390657047915302762700999851835321050787789647809341673429586,2026-08-28T02:40:00+00:00,2026-08-28T02:45:00+00:00,2.17,0.14,0.15,0.145,0.01,5.0,256.71,99
2026-08-28T02:42:50.300339+00:00,btc-updown-5m-1787885100,5,3924386,57606300926513352576652376202623114796798219630883630775448337136592403833235,2026-08-28T02:45:00+00:00,2026-08-28T02:50:00+00:00,7.17,0.52,0.53,0.525,0.01,30.0,445.56,99
2026-08-28T02:42:50.300339+00:00,btc-updown-15m-1787884200,15,3924299,39225526603076575510790665814954845157047913489905416194481882156823899150513,2026-08-28T02:30:00+00:00,2026-08-28T02:45:00+00:00,2.17,0.94,0.95,0.945,0.01,55.0,20.0,99
2026-08-28T02:42:50.300339+00:00,btc-updown-15m-1787885100,15,3924384,938367815935404245785490486937384817318945152709028494195879214822803197296,2026-08-28T02:45:00+00:00,2026-08-28T03:00:00+00:00,17.17,0.51,0.52,0.515,0.01,176.52,704.94,89
2026-08-28T02:43:51.502459+00:00,btc-updown-5m-1787884800,5,3924369,13329456413284034390657047915302762700999851835321050787789647809341673429586,2026-08-28T02:40:00+00:00,2026-08-28T02:45:00+00:00,1.15,0.07,0.08,0.075,0.01,55.0,25.0,99
2026-08-28T02:43:51.502459+00:00,btc-updown-5m-1787885100,5,3924386,57606300926513352576652376202623114796798219630883630775448337136592403833235,2026-08-28T02:45:00+00:00,2026-08-28T02:50:00+00:00,6.15,0.51,0.53,0.52,0.02,17.72,268.0,98
2026-08-28T02:43:51.502459+00:00,btc-updown-15m-1787885100,15,3924384,938367815935404245785490486937384817318945152709028494195879214822803197296,2026-08-28T02:45:00+00:00,2026-08-28T03:00:00+00:00,16.15,0.51,0.52,0.515,0.01,208.78,602.63,91
2026-08-28T02:44:52.669913+00:00,btc-updown-5m-1787885100,5,3924386,57606300926513352576652376202623114796798219630883630775448337136592403833235,2026-08-28T02:45:00+00:00,2026-08-28T02:50:00+00:00,5.13,0.43,0.45,0.44,0.02,51.85,5.0,98
2026-08-28T02:44:52.669913+00:00,btc-updown-15m-1787885100,15,3924384,938367815935404245785490486937384817318945152709028494195879214822803197296,2026-08-28T02:45:00+00:00,2026-08-28T03:00:00+00:00,15.13,0.51,0.52,0.515,0.01,0.47,536.59,93
2026-08-28T02:45:53.677168+00:00,btc-updown-5m-1787885100,5,3924386,57606300926513352576652376202623114796798219630883630775448337136592403833235,2026-08-28T02:45:00+00:00,2026-08-28T02:50:00+00:00,4.12,0.48,0.49,0.485,0.01,218.33,344.87,99
2026-08-28T02:45:53.677168+00:00,btc-updown-5m-1787885400,5,3924433,84770662218614989588592089047731329713114832805084823191349238707309367731089,2026-08-28T02:50:00+00:00,2026-08-28T02:55:00+00:00,9.12,0.5,0.51,0.505,0.01,725.88,658.0,99
2026-08-28T02:45:53.677168+00:00,btc-updown-15m-1787885100,15,3924384,938367815935404245785490486937384817318945152709028494195879214822803197296,2026-08-28T02:45:00+00:00,2026-08-28T03:00:00+00:00,14.12,0.49,0.5,0.495,0.01,115.2,184.96,99
2026-08-28T02:45:53.677168+00:00,btc-updown-15m-1787886000,15,3924496,12879835838663930294464515334681137600015744973718019013624023128013314693904,2026-08-28T03:00:00+00:00,2026-08-28T03:15:00+00:00,29.12,0.5,0.51,0.505,0.01,765.0,255.0,87
2026-08-28T02:46:54.952845+00:00,btc-updown-5m-1787885100,5,3924386,57606300926513352576652376202623114796798219630883630775448337136592403833235,2026-08-28T02:45:00+00:00,2026-08-28T02:50:00+00:00,3.1,0.11,0.12,0.115,0.01,354.99,565.41,99
2026-08-28T02:46:54.952845+00:00,btc-updown-5m-1787885400,5,3924433,84770662218614989588592089047731329713114832805084823191349238707309367731089,2026-08-28T02:50:00+00:00,2026-08-28T02:55:00+00:00,8.1,0.5,0.51,0.505,0.01,933.88,278.0,99
2026-08-28T02:46:54.952845+00:00,btc-updown-15m-1787885100,15,3924384,938367815935404245785490486937384817318945152709028494195879214822803197296,2026-08-28T02:45:00+00:00,2026-08-28T03:00:00+00:00,13.1,0.28,0.29,0.285,0.01,31.66,97.0,99
2026-08-28T02:46:54.952845+00:00,btc-updown-15m-1787886000,15,3924496,12879835838663930294464515334681137600015744973718019013624023128013314693904,2026-08-28T03:00:00+00:00,2026-08-28T03:15:00+00:00,28.1,0.5,0.51,0.505,0.01,765.0,255.0,87
2026-08-28T02:47:56.153246+00:00,btc-updown-5m-1787885100,5,3924386,57606300926513352576652376202623114796798219630883630775448337136592403833235,2026-08-28T02:45:00+00:00,2026-08-28T02:50:00+00:00,2.07,0.2,0.21,0.205,0.01,30.0,35.0,99
2026-08-28T02:47:56.153246+00:00,btc-updown-5m-1787885400,5,3924433,84770662218614989588592089047731329713114832805084823191349238707309367731089,2026-08-28T02:50:00+00:00,2026-08-28T02:55:00+00:00,7.07,0.51,0.54,0.525,0.03,50.0,385.0,97
2026-08-28T02:47:56.153246+00:00,btc-updown-15m-1787885100,15,3924384,938367815935404245785490486937384817318945152709028494195879214822803197296,2026-08-28T02:45:00+00:00,2026-08-28T03:00:00+00:00,12.07,0.42,0.43,0.425,0.01,20.0,56.0,99
2026-08-28T02:47:56.153246+00:00,btc-updown-15m-1787886000,15,3924496,12879835838663930294464515334681137600015744973718019013624023128013314693904,2026-08-28T03:00:00+00:00,2026-08-28T03:15:00+00:00,27.07,0.5,0.51,0.505,0.01,765.0,226.7,87
2026-08-28T02:48:57.404145+00:00,btc-updown-5m-1787885400,5,3924433,84770662218614989588592089047731329713114832805084823191349238707309367731089,2026-08-28T02:50:00+00:00,2026-08-28T02:55:00+00:00,6.05,0.51,0.52,0.515,0.01,105.0,35.19,99
2026-08-28T02:48:57.404145+00:00,btc-updown-15m-1787885100,15,3924384,938367815935404245785490486937384817318945152709028494195879214822803197296,2026-08-28T02:45:00+00:00,2026-08-28T03:00:00+00:00,11.05,0.23,0.24,0.235,0.01,163.85,27.06,99
2026-08-28T02:48:57.404145+00:00,btc-updown-15m-1787886000,15,3924496,12879835838663930294464515334681137600015744973718019013624023128013314693904,2026-08-28T03:00:00+00:00,2026-08-28T03:15:00+00:00,26.05,0.5,0.51,0.505,0.01,765.0,216.89,87
2026-08-28T02:49:58.491120+00:00,btc-updown-5m-1787885400,5,3924433,84770662218614989588592089047731329713114832805084823191349238707309367731089,2026-08-28T02:50:00+00:00,2026-08-28T02:55:00+00:00,5.03,0.57,0.62,0.595,0.05,40.0,45.0,95
2026-08-28T02:49:58.491120+00:00,btc-updown-15m-1787885100,15,3924384,938367815935404245785490486937384817318945152709028494195879214822803197296,2026-08-28T02:45:00+00:00,2026-08-28T03:00:00+00:00,10.03,0.31,0.32,0.315,0.01,197.96,45.0,99
2026-08-28T02:49:58.491120+00:00,btc-updown-15m-1787886000,15,3924496,12879835838663930294464515334681137600015744973718019013624023128013314693904,2026-08-28T03:00:00+00:00,2026-08-28T03:15:00+00:00,25.03,0.51,0.52,0.515,0.01,560.0,379.0,87
2026-08-28T02:50:59.599406+00:00,btc-updown-5m-1787885400,5,3924433,84770662218614989588592089047731329713114832805084823191349238707309367731089,2026-08-28T02:50:00+00:00,2026-08-28T02:55:00+00:00,4.02,0.27,0.28,0.275,0.01,461.26,278.64,99
2026-08-28T02:50:59.599406+00:00,btc-updown-5m-1787885700,5,3924443,106126333903265833053725049005209554497009246639231389302715338184810840276773,2026-08-28T02:55:00+00:00,2026-08-28T03:00:00+00:00,9.02,0.5,0.51,0.505,0.01,1481.84,277.0,99
2026-08-28T02:50:59.599406+00:00,btc-updown-15m-1787885100,15,3924384,938367815935404245785490486937384817318945152709028494195879214822803197296,2026-08-28T02:45:00+00:00,2026-08-28T03:00:00+00:00,9.02,0.16,0.17,0.165,0.01,1952.0,134.19,99
2026-08-28T02:50:59.599406+00:00,btc-updown-15m-1787886000,15,3924496,12879835838663930294464515334681137600015744973718019013624023128013314693904,2026-08-28T03:00:00+00:00,2026-08-28T03:15:00+00:00,24.02,0.51,0.52,0.515,0.01,756.08,373.22,87
2026-08-28T02:52:00.761704+00:00,btc-updown-5m-1787885400,5,3924433,84770662218614989588592089047731329713114832805084823191349238707309367731089,2026-08-28T02:50:00+00:00,2026-08-28T02:55:00+00:00,3.0,0.21,0.22,0.215,0.01,446.24,122.05,99
2026-08-28T02:52:00.761704+00:00,btc-updown-5m-1787885700,5,3924443,106126333903265833053725049005209554497009246639231389302715338184810840276773,2026-08-28T02:55:00+00:00,2026-08-28T03:00:00+00:00,8.0,0.52,0.53,0.525,0.01,355.0,441.5,99
2026-08-28T02:52:00.761704+00:00,btc-updown-15m-1787885100,15,3924384,938367815935404245785490486937384817318945152709028494195879214822803197296,2026-08-28T02:45:00+00:00,2026-08-28T03:00:00+00:00,8.0,0.14,0.15,0.145,0.01,11228.18,15.0,98
2026-08-28T02:52:00.761704+00:00,btc-updown-15m-1787886000,15,3924496,12879835838663930294464515334681137600015744973718019013624023128013314693904,2026-08-28T03:00:00+00:00,2026-08-28T03:15:00+00:00,23.0,0.51,0.52,0.515,0.01,756.08,373.22,87
2026-08-28T02:53:02.061538+00:00,btc-updown-5m-1787885400,5,3924433,84770662218614989588592089047731329713114832805084823191349238707309367731089,2026-08-28T02:50:00+00:00,2026-08-28T02:55:00+00:00,1.97,0.44,0.45,0.445,0.01,281.67,131.06,99
2026-08-28T02:53:02.061538+00:00,btc-updown-5m-1787885700,5,3924443,106126333903265833053725049005209554497009246639231389302715338184810840276773,2026-08-28T02:55:00+00:00,2026-08-28T03:00:00+00:00,6.97,0.51,0.53,0.52,0.02,30.0,287.28,98
2026-08-28T02:53:02.061538+00:00,btc-updown-15m-1787885100,15,3924384,938367815935404245785490486937384817318945152709028494195879214822803197296,2026-08-28T02:45:00+00:00,2026-08-28T03:00:00+00:00,6.97,0.21,0.22,0.215,0.01,60.0,29.0,99
2026-08-28T02:53:02.061538+00:00,btc-updown-15m-1787886000,15,3924496,12879835838663930294464515334681137600015744973718019013624023128013314693904,2026-08-28T03:00:00+00:00,2026-08-28T03:15:00+00:00,21.97,0.51,0.52,0.515,0.01,756.08,581.55,87
2026-08-28T02:54:03.248413+00:00,btc-updown-5m-1787885400,5,3924433,84770662218614989588592089047731329713114832805084823191349238707309367731089,2026-08-28T02:50:00+00:00,2026-08-28T02:55:00+00:00,0.95,0.62,0.64,0.63,0.02,75.0,10.0,96
2026-08-28T02:54:03.248413+00:00,btc-updown-5m-1787885700,5,3924443,106126333903265833053725049005209554497009246639231389302715338184810840276773,2026-08-28T02:55:00+00:00,2026-08-28T03:00:00+00:00,5.95,0.51,0.54,0.525,0.03,223.0,235.0,97
2026-08-28T02:54:03.248413+00:00,btc-updown-15m-1787885100,15,3924384,938367815935404245785490486937384817318945152709028494195879214822803197296,2026-08-28T02:45:00+00:00,2026-08-28T03:00:00+00:00,5.95,0.18,0.19,0.185,0.01,224.0,20.0,99
2026-08-28T02:54:03.248413+00:00,btc-updown-15m-1787886000,15,3924496,12879835838663930294464515334681137600015744973718019013624023128013314693904,2026-08-28T03:00:00+00:00,2026-08-28T03:15:00+00:00,20.95,0.51,0.52,0.515,0.01,740.08,581.55,87
2026-08-28T02:55:04.495458+00:00,btc-updown-5m-1787885700,5,3924443,106126333903265833053725049005209554497009246639231389302715338184810840276773,2026-08-28T02:55:00+00:00,2026-08-28T03:00:00+00:00,4.93,0.56,0.57,0.565,0.01,242.0,374.45,99
2026-08-28T02:55:04.495458+00:00,btc-updown-5m-1787886000,5,3924497,91294033719778228645571557488034950131072610072580870768196567861321372264738,2026-08-28T03:00:00+00:00,2026-08-28T03:05:00+00:00,9.93,0.5,0.51,0.505,0.01,842.39,483.16,99
2026-08-28T02:55:04.495458+00:00,btc-updown-15m-1787885100,15,3924384,938367815935404245785490486937384817318945152709028494195879214822803197296,2026-08-28T02:45:00+00:00,2026-08-28T03:00:00+00:00,4.93,0.23,0.24,0.235,0.01,35.74,56.0,99
2026-08-28T02:55:04.495458+00:00,btc-updown-15m-1787886000,15,3924496,12879835838663930294464515334681137600015744973718019013624023128013314693904,2026-08-28T03:00:00+00:00,2026-08-28T03:15:00+00:00,19.93,0.51,0.52,0.515,0.01,392.08,368.02,89
2026-08-28T02:56:05.739377+00:00,btc-updown-5m-1787885700,5,3924443,106126333903265833053725049005209554497009246639231389302715338184810840276773,2026-08-28T02:55:00+00:00,2026-08-28T03:00:00+00:00,3.92,0.3,0.31,0.305,0.01,304.95,70.87,99
2026-08-28T02:56:05.739377+00:00,btc-updown-5m-1787886000,5,3924497,91294033719778228645571557488034950131072610072580870768196567861321372264738,2026-08-28T03:00:00+00:00,2026-08-28T03:05:00+00:00,8.92,0.5,0.51,0.505,0.01,966.39,638.0,99
2026-08-28T02:56:05.739377+00:00,btc-updown-15m-1787885100,15,3924384,938367815935404245785490486937384817318945152709028494195879214822803197296,2026-08-28T02:45:00+00:00,2026-08-28T03:00:00+00:00,3.92,0.07,0.08,0.075,0.01,85.34,5.0,99
2026-08-28T02:56:05.739377+00:00,btc-updown-15m-1787886000,15,3924496,12879835838663930294464515334681137600015744973718019013624023128013314693904,2026-08-28T03:00:00+00:00,2026-08-28T03:15:00+00:00,18.92,0.51,0.52,0.515,0.01,692.08,373.22,89
2026-08-28T02:57:06.952030+00:00,btc-updown-5m-1787885700,5,3924443,106126333903265833053725049005209554497009246639231389302715338184810840276773,2026-08-28T02:55:00+00:00,2026-08-28T03:00:00+00:00,2.9,0.59,0.6,0.595,0.01,79.0,75.0,99
2026-08-28T02:57:06.952030+00:00,btc-updown-5m-1787886000,5,3924497,91294033719778228645571557488034950131072610072580870768196567861321372264738,2026-08-28T03:00:00+00:00,2026-08-28T03:05:00+00:00,7.9,0.5,0.51,0.505,0.01,1006.39,725.09,99
2026-08-28T02:57:06.952030+00:00,btc-updown-15m-1787885100,15,3924384,938367815935404245785490486937384817318945152709028494195879214822803197296,2026-08-28T02:45:00+00:00,2026-08-28T03:00:00+00:00,2.9,0.12,0.13,0.125,0.01,15.0,617.0,99
2026-08-28T02:57:06.952030+00:00,btc-updown-15m-1787886000,15,3924496,12879835838663930294464515334681137600015744973718019013624023128013314693904,2026-08-28T03:00:00+00:00,2026-08-28T03:15:00+00:00,17.9,0.51,0.52,0.515,0.01,611.08,368.24,89
2026-08-28T02:58:08.220406+00:00,btc-updown-5m-1787885700,5,3924443,106126333903265833053725049005209554497009246639231389302715338184810840276773,2026-08-28T02:55:00+00:00,2026-08-28T03:00:00+00:00,1.87,0.64,0.65,0.645,0.01,15.0,122.0,99
2026-08-28T02:58:08.220406+00:00,btc-updown-5m-1787886000,5,3924497,91294033719778228645571557488034950131072610072580870768196567861321372264738,2026-08-28T03:00:00+00:00,2026-08-28T03:05:00+00:00,6.87,0.53,0.54,0.535,0.01,50.0,587.99,99
2026-08-28T02:58:08.220406+00:00,btc-updown-15m-1787885100,15,3924384,938367815935404245785490486937384817318945152709028494195879214822803197296,2026-08-28T02:45:00+00:00,2026-08-28T03:00:00+00:00,1.87,0.08,0.09,0.085,0.01,10.0,9.98,99
2026-08-28T02:58:08.220406+00:00,btc-updown-15m-1787886000,15,3924496,12879835838663930294464515334681137600015744973718019013624023128013314693904,2026-08-28T03:00:00+00:00,2026-08-28T03:15:00+00:00,16.87,0.51,0.52,0.515,0.01,381.08,356.69,89
2026-08-28T02:59:09.477843+00:00,btc-updown-5m-1787885700,5,3924443,106126333903265833053725049005209554497009246639231389302715338184810840276773,2026-08-28T02:55:00+00:00,2026-08-28T03:00:00+00:00,0.85,0.87,0.88,0.875,0.01,179.0,53.5,97
2026-08-28T02:59:09.477843+00:00,btc-updown-5m-1787886000,5,3924497,91294033719778228645571557488034950131072610072580870768196567861321372264738,2026-08-28T03:00:00+00:00,2026-08-28T03:05:00+00:00,5.85,0.51,0.52,0.515,0.01,231.25,67.15,99
2026-08-28T02:59:09.477843+00:00,btc-updown-15m-1787886000,15,3924496,12879835838663930294464515334681137600015744973718019013624023128013314693904,2026-08-28T03:00:00+00:00,2026-08-28T03:15:00+00:00,15.85,0.51,0.52,0.515,0.01,320.05,124.2,91
2026-08-28T03:00:10.618153+00:00,btc-updown-5m-1787886000,5,3924497,91294033719778228645571557488034950131072610072580870768196567861321372264738,2026-08-28T03:00:00+00:00,2026-08-28T03:05:00+00:00,4.83,0.42,0.43,0.425,0.01,217.65,232.11,99
2026-08-28T03:00:10.618153+00:00,btc-updown-5m-1787886300,5,3924498,4880240808605656483646092305105821520544374574663838819903699444715426278663,2026-08-28T03:05:00+00:00,2026-08-28T03:10:00+00:00,9.83,0.5,0.51,0.505,0.01,834.34,439.64,99
2026-08-28T03:00:10.618153+00:00,btc-updown-15m-1787886000,15,3924496,12879835838663930294464515334681137600015744973718019013624023128013314693904,2026-08-28T03:00:00+00:00,2026-08-28T03:15:00+00:00,14.83,0.48,0.49,0.485,0.01,202.0,35.0,99
2026-08-28T03:00:10.618153+00:00,btc-updown-15m-1787886900,15,3924660,14600756016814243876128538126002536487850480866233960191769872673217010826641,2026-08-28T03:15:00+00:00,2026-08-28T03:30:00+00:00,29.83,0.5,0.51,0.505,0.01,216.0,105.0,83
2026-08-28T03:01:11.919470+00:00,btc-updown-5m-1787886000,5,3924497,91294033719778228645571557488034950131072610072580870768196567861321372264738,2026-08-28T03:00:00+00:00,2026-08-28T03:05:00+00:00,3.82,0.35,0.36,0.355,0.01,156.7,133.33,99
2026-08-28T03:01:11.919470+00:00,btc-updown-5m-1787886300,5,3924498,4880240808605656483646092305105821520544374574663838819903699444715426278663,2026-08-28T03:05:00+00:00,2026-08-28T03:10:00+00:00,8.82,0.5,0.51,0.505,0.01,851.34,600.0,99
2026-08-28T03:01:11.919470+00:00,btc-updown-15m-1787886000,15,3924496,12879835838663930294464515334681137600015744973718019013624023128013314693904,2026-08-28T03:00:00+00:00,2026-08-28T03:15:00+00:00,13.82,0.44,0.45,0.445,0.01,107.0,25.0,99
2026-08-28T03:01:11.919470+00:00,btc-updown-15m-1787886900,15,3924660,14600756016814243876128538126002536487850480866233960191769872673217010826641,2026-08-28T03:15:00+00:00,2026-08-28T03:30:00+00:00,28.82,0.5,0.51,0.505,0.01,266.0,305.0,83
2026-08-28T03:02:13.114034+00:00,btc-updown-5m-1787886000,5,3924497,91294033719778228645571557488034950131072610072580870768196567861321372264738,2026-08-28T03:00:00+00:00,2026-08-28T03:05:00+00:00,2.78,0.22,0.23,0.225,0.01,69.09,360.6,99
2026-08-28T03:02:13.114034+00:00,btc-updown-5m-1787886300,5,3924498,4880240808605656483646092305105821520544374574663838819903699444715426278663,2026-08-28T03:05:00+00:00,2026-08-28T03:10:00+00:00,7.78,0.5,0.51,0.505,0.01,951.34,677.26,99
2026-08-28T03:02:13.114034+00:00,btc-updown-15m-1787886000,15,3924496,12879835838663930294464515334681137600015744973718019013624023128013314693904,2026-08-28T03:00:00+00:00,2026-08-28T03:15:00+00:00,12.78,0.38,0.39,0.385,0.01,60.0,249.0,99
2026-08-28T03:02:13.114034+00:00,btc-updown-15m-1787886900,15,3924660,14600756016814243876128538126002536487850480866233960191769872673217010826641,2026-08-28T03:15:00+00:00,2026-08-28T03:30:00+00:00,27.78,0.5,0.51,0.505,0.01,262.0,305.0,83
2026-08-28T03:03:14.264522+00:00,btc-updown-5m-1787886000,5,3924497,91294033719778228645571557488034950131072610072580870768196567861321372264738,2026-08-28T03:00:00+00:00,2026-08-28T03:05:00+00:00,1.77,0.11,0.12,0.115,0.01,349.38,115.0,99
2026-08-28T03:03:14.264522+00:00,btc-updown-5m-1787886300,5,3924498,4880240808605656483646092305105821520544374574663838819903699444715426278663,2026-08-28T03:05:00+00:00,2026-08-28T03:10:00+00:00,6.77,0.5,0.51,0.505,0.01,336.34,540.26,99
2026-08-28T03:03:14.264522+00:00,btc-updown-15m-1787886000,15,3924496,12879835838663930294464515334681137600015744973718019013624023128013314693904,2026-08-28T03:00:00+00:00,2026-08-28T03:15:00+00:00,11.77,0.38,0.39,0.385,0.01,60.31,78.0,99
2026-08-28T03:03:14.264522+00:00,btc-updown-15m-1787886900,15,3924660,14600756016814243876128538126002536487850480866233960191769872673217010826641,2026-08-28T03:15:00+00:00,2026-08-28T03:30:00+00:00,26.77,0.5,0.51,0.505,0.01,612.0,305.0,82
2026-08-28T03:04:15.437710+00:00,btc-updown-5m-1787886300,5,3924498,4880240808605656483646092305105821520544374574663838819903699444715426278663,2026-08-28T03:05:00+00:00,2026-08-28T03:10:00+00:00,5.75,0.52,0.53,0.525,0.01,45.97,393.98,99
2026-08-28T03:04:15.437710+00:00,btc-updown-15m-1787886000,15,3924496,12879835838663930294464515334681137600015744973718019013624023128013314693904,2026-08-28T03:00:00+00:00,2026-08-28T03:15:00+00:00,10.75,0.24,0.25,0.245,0.01,70.0,20.0,99
2026-08-28T03:04:15.437710+00:00,btc-updown-15m-1787886900,15,3924660,14600756016814243876128538126002536487850480866233960191769872673217010826641,2026-08-28T03:15:00+00:00,2026-08-28T03:30:00+00:00,25.75,0.5,0.51,0.505,0.01,612.0,305.0,81
2026-08-28T03:05:16.568330+00:00,btc-updown-5m-1787886300,5,3924498,4880240808605656483646092305105821520544374574663838819903699444715426278663,2026-08-28T03:05:00+00:00,2026-08-28T03:10:00+00:00,4.73,0.82,0.83,0.825,0.01,345.88,80.0,99
2026-08-28T03:05:16.568330+00:00,btc-updown-5m-1787886600,5,3924513,2124777373613038254407913558815754915818867515962678652214961435895983029646,2026-08-28T03:10:00+00:00,2026-08-28T03:15:00+00:00,9.73,0.5,0.51,0.505,0.01,935.42,324.89,99
2026-08-28T03:05:16.568330+00:00,btc-updown-15m-1787886000,15,3924496,12879835838663930294464515334681137600015744973718019013624023128013314693904,2026-08-28T03:00:00+00:00,2026-08-28T03:15:00+00:00,9.73,0.52,0.53,0.525,0.01,71.0,130.2,99
2026-08-28T03:05:16.568330+00:00,btc-updown-15m-1787886900,15,3924660,14600756016814243876128538126002536487850480866233960191769872673217010826641,2026-08-28T03:15:00+00:00,2026-08-28T03:30:00+00:00,24.73,0.5,0.51,0.505,0.01,456.0,205.0,86
2026-08-28T03:06:17.786654+00:00,btc-updown-5m-1787886300,5,3924498,4880240808605656483646092305105821520544374574663838819903699444715426278663,2026-08-28T03:05:00+00:00,2026-08-28T03:10:00+00:00,3.72,0.73,0.74,0.735,0.01,65.0,305.08,99
2026-08-28T03:06:17.786654+00:00,btc-updown-5m-1787886600,5,3924513,2124777373613038254407913558815754915818867515962678652214961435895983029646,2026-08-28T03:10:00+00:00,2026-08-28T03:15:00+00:00,8.72,0.51,0.52,0.515,0.01,83.6,455.0,99
2026-08-28T03:06:17.786654+00:00,btc-updown-15m-1787886000,15,3924496,12879835838663930294464515334681137600015744973718019013624023128013314693904,2026-08-28T03:00:00+00:00,2026-08-28T03:15:00+00:00,8.72,0.38,0.39,0.385,0.01,109.98,70.0,99
2026-08-28T03:06:17.786654+00:00,btc-updown-15m-1787886900,15,3924660,14600756016814243876128538126002536487850480866233960191769872673217010826641,2026-08-28T03:15:00+00:00,2026-08-28T03:30:00+00:00,23.72,0.5,0.51,0.505,0.01,456.0,205.0,86
2026-08-28T03:07:19.071384+00:00,btc-updown-5m-1787886300,5,3924498,4880240808605656483646092305105821520544374574663838819903699444715426278663,2026-08-28T03:05:00+00:00,2026-08-28T03:10:00+00:00,2.68,0.5,0.53,0.515,0.03,168.24,30.0,97
2026-08-28T03:07:19.071384+00:00,btc-updown-5m-1787886600,5,3924513,2124777373613038254407913558815754915818867515962678652214961435895983029646,2026-08-28T03:10:00+00:00,2026-08-28T03:15:00+00:00,7.68,0.53,0.54,0.535,0.01,34.37,466.79,99
2026-08-28T03:07:19.071384+00:00,btc-updown-15m-1787886000,15,3924496,12879835838663930294464515334681137600015744973718019013624023128013314693904,2026-08-28T03:00:00+00:00,2026-08-28T03:15:00+00:00,7.68,0.28,0.29,0.285,0.01,343.02,15.0,99
2026-08-28T03:07:19.071384+00:00,btc-updown-15m-1787886900,15,3924660,14600756016814243876128538126002536487850480866233960191769872673217010826641,2026-08-28T03:15:00+00:00,2026-08-28T03:30:00+00:00,22.68,0.5,0.51,0.505,0.01,816.0,205.0,87
2026-08-28T03:08:20.460126+00:00,btc-updown-5m-1787886300,5,3924498,4880240808605656483646092305105821520544374574663838819903699444715426278663,2026-08-28T03:05:00+00:00,2026-08-28T03:10:00+00:00,1.67,0.23,0.24,0.235,0.01,241.57,145.67,99
2026-08-28T03:08:20.460126+00:00,btc-updown-5m-1787886600,5,3924513,2124777373613038254407913558815754915818867515962678652214961435895983029646,2026-08-28T03:10:00+00:00,2026-08-28T03:15:00+00:00,6.67,0.51,0.54,0.525,0.03,90.0,375.74,97
2026-08-28T03:08:20.460126+00:00,btc-updown-15m-1787886000,15,3924496,12879835838663930294464515334681137600015744973718019013624023128013314693904,2026-08-28T03:00:00+00:00,2026-08-28T03:15:00+00:00,6.67,0.17,0.18,0.175,0.01,64.95,24.8,99
2026-08-28T03:08:20.460126+00:00,btc-updown-15m-1787886900,15,3924660,14600756016814243876128538126002536487850480866233960191769872673217010826641,2026-08-28T03:15:00+00:00,2026-08-28T03:30:00+00:00,21.67,0.51,0.52,0.515,0.01,751.08,587.33,87
2026-08-28T03:09:21.626881+00:00,btc-updown-5m-1787886600,5,3924513,2124777373613038254407913558815754915818867515962678652214961435895983029646,2026-08-28T03:10:00+00:00,2026-08-28T03:15:00+00:00,5.65,0.5,0.51,0.505,0.01,253.16,124.0,99
2026-08-28T03:09:21.626881+00:00,btc-updown-15m-1787886000,15,3924496,12879835838663930294464515334681137600015744973718019013624023128013314693904,2026-08-28T03:00:00+00:00,2026-08-28T03:15:00+00:00,5.65,0.12,0.13,0.125,0.01,83.43,66.5,99
2026-08-28T03:09:21.626881+00:00,btc-updown-15m-1787886900,15,3924660,14600756016814243876128538126002536487850480866233960191769872673217010826641,2026-08-28T03:15:00+00:00,2026-08-28T03:30:00+00:00,20.65,0.51,0.52,0.515,0.01,751.08,375.14,86
2026-08-28T03:10:22.717873+00:00,btc-updown-5m-1787886600,5,3924513,2124777373613038254407913558815754915818867515962678652214961435895983029646,2026-08-28T03:10:00+00:00,2026-08-28T03:15:00+00:00,4.63,0.45,0.46,0.455,0.01,194.0,157.21,99
2026-08-28T03:10:22.717873+00:00,btc-updown-5m-1787886900,5,3924661,28045613463440149491118375558335640947631775965797467694245334372037994664554,2026-08-28T03:15:00+00:00,2026-08-28T03:20:00+00:00,9.63,0.53,0.54,0.535,0.01,84.63,418.39,99
2026-08-28T03:10:22.717873+00:00,btc-updown-15m-1787886000,15,3924496,12879835838663930294464515334681137600015744973718019013624023128013314693904,2026-08-28T03:00:00+00:00,2026-08-28T03:15:00+00:00,4.63,0.06,0.07,0.065,0.01,207.0,55.0,99
2026-08-28T03:10:22.717873+00:00,btc-updown-15m-1787886900,15,3924660,14600756016814243876128538126002536487850480866233960191769872673217010826641,2026-08-28T03:15:00+00:00,2026-08-28T03:30:00+00:00,19.63,0.52,0.53,0.525,0.01,200.0,364.36,87
2026-08-28T03:11:24.029224+00:00,btc-updown-5m-1787886600,5,3924513,2124777373613038254407913558815754915818867515962678652214961435895983029646,2026-08-28T03:10:00+00:00,2026-08-28T03:15:00+00:00,3.6,0.3,0.31,0.305,0.01,161.3,25.01,99
2026-08-28T03:11:24.029224+00:00,btc-updown-5m-1787886900,5,3924661,28045613463440149491118375558335640947631775965797467694245334372037994664554,2026-08-28T03:15:00+00:00,2026-08-28T03:20:00+00:00,8.6,0.53,0.54,0.535,0.01,84.63,403.19,99
2026-08-28T03:11:24.029224+00:00,btc-updown-15m-1787886000,15,3924496,12879835838663930294464515334681137600015744973718019013624023128013314693904,2026-08-28T03:00:00+00:00,2026-08-28T03:15:00+00:00,3.6,0.02,0.03,0.025,0.01,159.74,86.91,99
2026-08-28T03:11:24.029224+00:00,btc-updown-15m-1787886900,15,3924660,14600756016814243876128538126002536487850480866233960191769872673217010826641,2026-08-28T03:15:00+00:00,2026-08-28T03:30:00+00:00,18.6,0.52,0.53,0.525,0.01,192.31,574.35,87
2026-08-28T03:12:25.261194+00:00,btc-updown-5m-1787886600,5,3924513,2124777373613038254407913558815754915818867515962678652214961435895983029646,2026-08-28T03:10:00+00:00,2026-08-28T03:15:00+00:00,2.58,0.98,0.99,0.985,0.01,639.94,2714.41,99
2026-08-28T03:12:25.261194+00:00,btc-updown-5m-1787886900,5,3924661,28045613463440149491118375558335640947631775965797467694245334372037994664554,2026-08-28T03:15:00+00:00,2026-08-28T03:20:00+00:00,7.58,0.53,0.54,0.535,0.01,84.63,530.78,99
2026-08-28T03:12:25.261194+00:00,btc-updown-15m-1787886000,15,3924496,12879835838663930294464515334681137600015744973718019013624023128013314693904,2026-08-28T03:00:00+00:00,2026-08-28T03:15:00+00:00,2.58,0.59,0.6,0.595,0.01,15.0,47.0,99
2026-08-28T03:12:25.261194+00:00,btc-updown-15m-1787886900,15,3924660,14600756016814243876128538126002536487850480866233960191769872673217010826641,2026-08-28T03:15:00+00:00,2026-08-28T03:30:00+00:00,17.58,0.52,0.53,0.525,0.01,230.56,624.35,87
2026-08-28T03:13:26.432773+00:00,btc-updown-5m-1787886900,5,3924661,28045613463440149491118375558335640947631775965797467694245334372037994664554,2026-08-28T03:15:00+00:00,2026-08-28T03:20:00+00:00,6.57,0.54,0.55,0.545,0.01,18.36,555.03,99
2026-08-28T03:13:26.432773+00:00,btc-updown-15m-1787886000,15,3924496,12879835838663930294464515334681137600015744973718019013624023128013314693904,2026-08-28T03:00:00+00:00,2026-08-28T03:15:00+00:00,1.57,0.39,0.4,0.395,0.01,10.0,15.0,99
2026-08-28T03:13:26.432773+00:00,btc-updown-15m-1787886900,15,3924660,14600756016814243876128538126002536487850480866233960191769872673217010826641,2026-08-28T03:15:00+00:00,2026-08-28T03:30:00+00:00,16.57,0.52,0.53,0.525,0.01,43.25,1142.12,89
2026-08-28T03:14:27.806414+00:00,btc-updown-5m-1787886900,5,3924661,28045613463440149491118375558335640947631775965797467694245334372037994664554,2026-08-28T03:15:00+00:00,2026-08-28T03:20:00+00:00,5.55,0.45,0.46,0.455,0.01,81.81,40.0,99
2026-08-28T03:14:27.806414+00:00,btc-updown-15m-1787886900,15,3924660,14600756016814243876128538126002536487850480866233960191769872673217010826641,2026-08-28T03:15:00+00:00,2026-08-28T03:30:00+00:00,15.55,0.53,0.54,0.535,0.01,30.0,319.39,90
2026-08-28T03:15:28.781888+00:00,btc-updown-5m-1787886900,5,3924661,28045613463440149491118375558335640947631775965797467694245334372037994664554,2026-08-28T03:15:00+00:00,2026-08-28T03:20:00+00:00,4.53,0.6,0.61,0.605,0.01,356.33,69.99,99
2026-08-28T03:15:28.781888+00:00,btc-updown-5m-1787887200,5,3924687,58341128548501231863434134285294625929905466082937112073239176007728501913602,2026-08-28T03:20:00+00:00,2026-08-28T03:25:00+00:00,9.53,0.5,0.51,0.505,0.01,804.5,706.89,99
2026-08-28T03:15:28.781888+00:00,btc-updown-15m-1787886900,15,3924660,14600756016814243876128538126002536487850480866233960191769872673217010826641,2026-08-28T03:15:00+00:00,2026-08-28T03:30:00+00:00,14.53,0.56,0.57,0.565,0.01,195.0,20.0,99
2026-08-28T03:15:28.781888+00:00,btc-updown-15m-1787887800,15,3924771,98942637764059474350450394990110371426590435923750383016137680759807435891757,2026-08-28T03:30:00+00:00,2026-08-28T03:45:00+00:00,29.53,0.51,0.52,0.515,0.01,147.0,344.52,87
2026-08-28T03:16:29.976081+00:00,btc-updown-5m-1787886900,5,3924661,28045613463440149491118375558335640947631775965797467694245334372037994664554,2026-08-28T03:15:00+00:00,2026-08-28T03:20:00+00:00,3.52,0.62,0.63,0.625,0.01,298.35,11.0,99
2026-08-28T03:16:29.976081+00:00,btc-updown-5m-1787887200,5,3924687,58341128548501231863434134285294625929905466082937112073239176007728501913602,2026-08-28T03:20:00+00:00,2026-08-28T03:25:00+00:00,8.52,0.52,0.53,0.525,0.01,21.79,637.42,99
2026-08-28T03:16:29.976081+00:00,btc-updown-15m-1787886900,15,3924660,14600756016814243876128538126002536487850480866233960191769872673217010826641,2026-08-28T03:15:00+00:00,2026-08-28T03:30:00+00:00,13.52,0.57,0.58,0.575,0.01,80.0,183.04,99
2026-08-28T03:16:29.976081+00:00,btc-updown-15m-1787887800,15,3924771,98942637764059474350450394990110371426590435923750383016137680759807435891757,2026-08-28T03:30:00+00:00,2026-08-28T03:45:00+00:00,28.52,0.51,0.52,0.515,0.01,147.0,344.52,87
2026-08-28T03:17:31.197416+00:00,btc-updown-5m-1787886900,5,3924661,28045613463440149491118375558335640947631775965797467694245334372037994664554,2026-08-28T03:15:00+00:00,2026-08-28T03:20:00+00:00,2.48,0.84,0.85,0.845,0.01,497.4,65.87,99
2026-08-28T03:17:31.197416+00:00,btc-updown-5m-1787887200,5,3924687,58341128548501231863434134285294625929905466082937112073239176007728501913602,2026-08-28T03:20:00+00:00,2026-08-28T03:25:00+00:00,7.48,0.52,0.53,0.525,0.01,5.26,758.05,99
2026-08-28T03:17:31.197416+00:00,btc-updown-15m-1787886900,15,3924660,14600756016814243876128538126002536487850480866233960191769872673217010826641,2026-08-28T03:15:00+00:00,2026-08-28T03:30:00+00:00,12.48,0.66,0.67,0.665,0.01,216.5,59.79,99
2026-08-28T03:17:31.197416+00:00,btc-updown-15m-1787887800,15,3924771,98942637764059474350450394990110371426590435923750383016137680759807435891757,2026-08-28T03:30:00+00:00,2026-08-28T03:45:00+00:00,27.48,0.51,0.52,0.515,0.01,79.0,302.52,87
2026-08-28T03:18:32.355796+00:00,btc-updown-5m-1787886900,5,3924661,28045613463440149491118375558335640947631775965797467694245334372037994664554,2026-08-28T03:15:00+00:00,2026-08-28T03:20:00+00:00,1.47,0.95,0.96,0.955,0.01,181.48,584.71,99
2026-08-28T03:18:32.355796+00:00,btc-updown-5m-1787887200,5,3924687,58341128548501231863434134285294625929905466082937112073239176007728501913602,2026-08-28T03:20:00+00:00,2026-08-28T03:25:00+00:00,6.47,0.52,0.53,0.525,0.01,8.12,597.25,99
2026-08-28T03:18:32.355796+00:00,btc-updown-15m-1787886900,15,3924660,14600756016814243876128538126002536487850480866233960191769872673217010826641,2026-08-28T03:15:00+00:00,2026-08-28T03:30:00+00:00,11.47,0.67,0.68,0.675,0.01,55.0,36.34,99
2026-08-28T03:18:32.355796+00:00,btc-updown-15m-1787887800,15,3924771,98942637764059474350450394990110371426590435923750383016137680759807435891757,2026-08-28T03:30:00+00:00,2026-08-28T03:45:00+00:00,26.47,0.51,0.52,0.515,0.01,79.0,302.52,87
2026-08-28T03:19:33.806200+00:00,btc-updown-5m-1787887200,5,3924687,58341128548501231863434134285294625929905466082937112073239176007728501913602,2026-08-28T03:20:00+00:00,2026-08-28T03:25:00+00:00,5.45,0.51,0.52,0.515,0.01,3.84,96.9,99
2026-08-28T03:19:33.806200+00:00,btc-updown-15m-1787886900,15,3924660,14600756016814243876128538126002536487850480866233960191769872673217010826641,2026-08-28T03:15:00+00:00,2026-08-28T03:30:00+00:00,10.45,0.76,0.77,0.765,0.01,86.71,70.0,99
2026-08-28T03:19:33.806200+00:00,btc-updown-15m-1787887800,15,3924771,98942637764059474350450394990110371426590435923750383016137680759807435891757,2026-08-28T03:30:00+00:00,2026-08-28T03:45:00+00:00,25.45,0.51,0.52,0.515,0.01,57.0,352.52,87
2026-08-28T03:20:34.897309+00:00,btc-updown-5m-1787887200,5,3924687,58341128548501231863434134285294625929905466082937112073239176007728501913602,2026-08-28T03:20:00+00:00,2026-08-28T03:25:00+00:00,4.43,0.64,0.65,0.645,0.01,51.16,83.33,99
2026-08-28T03:20:34.897309+00:00,btc-updown-5m-1787887500,5,3924747,46308519513825842245623984772868000081106479045396645091107957093947656675585,2026-08-28T03:25:00+00:00,2026-08-28T03:30:00+00:00,9.43,0.5,0.51,0.505,0.01,764.31,287.0,99
2026-08-28T03:20:34.897309+00:00,btc-updown-15m-1787886900,15,3924660,14600756016814243876128538126002536487850480866233960191769872673217010826641,2026-08-28T03:15:00+00:00,2026-08-28T03:30:00+00:00,9.43,0.84,0.85,0.845,0.01,72.02,127.48,99
2026-08-28T03:20:34.897309+00:00,btc-updown-15m-1787887800,15,3924771,98942637764059474350450394990110371426590435923750383016137680759807435891757,2026-08-28T03:30:00+00:00,2026-08-28T03:45:00+00:00,24.43,0.51,0.52,0.515,0.01,7.0,650.85,87
2026-08-28T03:21:36.215428+00:00,btc-updown-5m-1787887200,5,3924687,58341128548501231863434134285294625929905466082937112073239176007728501913602,2026-08-28T03:20:00+00:00,2026-08-28T03:25:00+00:00,3.4,0.71,0.72,0.715,0.01,185.16,306.66,99
2026-08-28T03:21:36.215428+00:00,btc-updown-5m-1787887500,5,3924747,46308519513825842245623984772868000081106479045396645091107957093947656675585,2026-08-28T03:25:00+00:00,2026-08-28T03:30:00+00:00,8.4,0.5,0.51,0.505,0.01,809.31,287.0,99
2026-08-28T03:21:36.215428+00:00,btc-updown-15m-1787886900,15,3924660,14600756016814243876128538126002536487850480866233960191769872673217010826641,2026-08-28T03:15:00+00:00,2026-08-28T03:30:00+00:00,8.4,0.87,0.88,0.875,0.01,185.0,45.0,99
2026-08-28T03:21:36.215428+00:00,btc-updown-15m-1787887800,15,3924771,98942637764059474350450394990110371426590435923750383016137680759807435891757,2026-08-28T03:30:00+00:00,2026-08-28T03:45:00+00:00,23.4,0.51,0.52,0.515,0.01,7.0,620.85,87
2026-08-28T03:22:37.376334+00:00,btc-updown-5m-1787887200,5,3924687,58341128548501231863434134285294625929905466082937112073239176007728501913602,2026-08-28T03:20:00+00:00,2026-08-28T03:25:00+00:00,2.38,0.64,0.65,0.645,0.01,94.0,269.0,99
2026-08-28T03:22:37.376334+00:00,btc-updown-5m-1787887500,5,3924747,46308519513825842245623984772868000081106479045396645091107957093947656675585,2026-08-28T03:25:00+00:00,2026-08-28T03:30:00+00:00,7.38,0.5,0.51,0.505,0.01,909.31,387.0,99
2026-08-28T03:22:37.376334+00:00,btc-updown-15m-1787886900,15,3924660,14600756016814243876128538126002536487850480866233960191769872673217010826641,2026-08-28T03:15:00+00:00,2026-08-28T03:30:00+00:00,7.38,0.85,0.86,0.855,0.01,174.0,80.0,99
2026-08-28T03:22:37.376334+00:00,btc-updown-15m-1787887800,15,3924771,98942637764059474350450394990110371426590435923750383016137680759807435891757,2026-08-28T03:30:00+00:00,2026-08-28T03:45:00+00:00,22.38,0.51,0.52,0.515,0.01,7.0,590.85,87
2026-08-28T03:23:38.566618+00:00,btc-updown-5m-1787887200,5,3924687,58341128548501231863434134285294625929905466082937112073239176007728501913602,2026-08-28T03:20:00+00:00,2026-08-28T03:25:00+00:00,1.37,0.94,0.95,0.945,0.01,300.03,407.46,99
2026-08-28T03:23:38.566618+00:00,btc-updown-5m-1787887500,5,3924747,46308519513825842245623984772868000081106479045396645091107957093947656675585,2026-08-28T03:25:00+00:00,2026-08-28T03:30:00+00:00,6.37,0.5,0.51,0.505,0.01,755.75,212.0,99
2026-08-28T03:23:38.566618+00:00,btc-updown-15m-1787886900,15,3924660,14600756016814243876128538126002536487850480866233960191769872673217010826641,2026-08-28T03:15:00+00:00,2026-08-28T03:30:00+00:00,6.37,0.93,0.94,0.935,0.01,96.0,50.0,99
2026-08-28T03:23:38.566618+00:00,btc-updown-15m-1787887800,15,3924771,98942637764059474350450394990110371426590435923750383016137680759807435891757,2026-08-28T03:30:00+00:00,2026-08-28T03:45:00+00:00,21.37,0.51,0.52,0.515,0.01,7.0,970.85,87
2026-08-28T03:24:39.810147+00:00,btc-updown-5m-1787887500,5,3924747,46308519513825842245623984772868000081106479045396645091107957093947656675585,2026-08-28T03:25:00+00:00,2026-08-28T03:30:00+00:00,5.35,0.51,0.52,0.515,0.01,439.17,11.15,99
2026-08-28T03:24:39.810147+00:00,btc-updown-15m-1787886900,15,3924660,14600756016814243876128538126002536487850480866233960191769872673217010826641,2026-08-28T03:15:00+00:00,2026-08-28T03:30:00+00:00,5.35,0.97,0.98,0.975,0.01,26.43,85.27,99
2026-08-28T03:24:39.810147+00:00,btc-updown-15m-1787887800,15,3924771,98942637764059474350450394990110371426590435923750383016137680759807435891757,2026-08-28T03:30:00+00:00,2026-08-28T03:45:00+00:00,20.35,0.51,0.52,0.515,0.01,7.0,932.38,87
2026-08-28T03:25:40.916591+00:00,btc-updown-5m-1787887500,5,3924747,46308519513825842245623984772868000081106479045396645091107957093947656675585,2026-08-28T03:25:00+00:00,2026-08-28T03:30:00+00:00,4.33,0.45,0.46,0.455,0.01,227.01,41.78,99
2026-08-28T03:25:40.916591+00:00,btc-updown-5m-1787887800,5,3924783,91181631058070918290801781449360804289645087207558819153352674677626988770772,2026-08-28T03:30:00+00:00,2026-08-28T03:35:00+00:00,9.33,0.53,0.54,0.535,0.01,37.53,476.0,99
2026-08-28T03:25:40.916591+00:00,btc-updown-15m-1787886900,15,3924660,14600756016814243876128538126002536487850480866233960191769872673217010826641,2026-08-28T03:15:00+00:00,2026-08-28T03:30:00+00:00,4.33,0.97,0.98,0.975,0.01,89.7,112.47,114
2026-08-28T03:25:40.916591+00:00,btc-updown-15m-1787887800,15,3924771,98942637764059474350450394990110371426590435923750383016137680759807435891757,2026-08-28T03:30:00+00:00,2026-08-28T03:45:00+00:00,19.33,0.51,0.52,0.515,0.01,63.0,443.33,89
2026-08-28T03:26:42.147842+00:00,btc-updown-5m-1787887500,5,3924747,46308519513825842245623984772868000081106479045396645091107957093947656675585,2026-08-28T03:25:00+00:00,2026-08-28T03:30:00+00:00,3.3,0.19,0.2,0.195,0.01,298.7,47.0,99
2026-08-28T03:26:42.147842+00:00,btc-updown-5m-1787887800,5,3924783,91181631058070918290801781449360804289645087207558819153352674677626988770772,2026-08-28T03:30:00+00:00,2026-08-28T03:35:00+00:00,8.3,0.54,0.55,0.545,0.01,22.53,215.02,99
2026-08-28T03:26:42.147842+00:00,btc-updown-15m-1787886900,15,3924660,14600756016814243876128538126002536487850480866233960191769872673217010826641,2026-08-28T03:15:00+00:00,2026-08-28T03:30:00+00:00,3.3,0.97,0.979,0.9745,0.009,25.0,1461.85,114
2026-08-28T03:26:42.147842+00:00,btc-updown-15m-1787887800,15,3924771,98942637764059474350450394990110371426590435923750383016137680759807435891757,2026-08-28T03:30:00+00:00,2026-08-28T03:45:00+00:00,18.3,0.51,0.52,0.515,0.01,262.71,473.33,89
2026-08-28T03:27:43.362784+00:00,btc-updown-5m-1787887500,5,3924747,46308519513825842245623984772868000081106479045396645091107957093947656675585,2026-08-28T03:25:00+00:00,2026-08-28T03:30:00+00:00,2.28,0.02,0.03,0.025,0.01,156.95,512.64,99
2026-08-28T03:27:43.362784+00:00,btc-updown-5m-1787887800,5,3924783,91181631058070918290801781449360804289645087207558819153352674677626988770772,2026-08-28T03:30:00+00:00,2026-08-28T03:35:00+00:00,7.28,0.53,0.54,0.535,0.01,30.0,350.0,99
2026-08-28T03:27:43.362784+00:00,btc-updown-15m-1787886900,15,3924660,14600756016814243876128538126002536487850480866233960191769872673217010826641,2026-08-28T03:15:00+00:00,2026-08-28T03:30:00+00:00,2.28,0.92,0.93,0.925,0.01,95.0,50.0,117
2026-08-28T03:27:43.362784+00:00,btc-updown-15m-1787887800,15,3924771,98942637764059474350450394990110371426590435923750383016137680759807435891757,2026-08-28T03:30:00+00:00,2026-08-28T03:45:00+00:00,17.28,0.51,0.52,0.515,0.01,331.71,443.33,89
2026-08-28T03:28:44.679421+00:00,btc-updown-5m-1787887800,5,3924783,91181631058070918290801781449360804289645087207558819153352674677626988770772,2026-08-28T03:30:00+00:00,2026-08-28T03:35:00+00:00,6.27,0.52,0.53,0.525,0.01,52.51,206.98,99
2026-08-28T03:28:44.679421+00:00,btc-updown-15m-1787886900,15,3924660,14600756016814243876128538126002536487850480866233960191769872673217010826641,2026-08-28T03:15:00+00:00,2026-08-28T03:30:00+00:00,1.27,0.95,0.96,0.955,0.01,110.48,45.0,109
2026-08-28T03:28:44.679421+00:00,btc-updown-15m-1787887800,15,3924771,98942637764059474350450394990110371426590435923750383016137680759807435891757,2026-08-28T03:30:00+00:00,2026-08-28T03:45:00+00:00,16.27,0.51,0.52,0.515,0.01,329.66,443.33,89
2026-08-28T03:29:45.867645+00:00,btc-updown-5m-1787887800,5,3924783,91181631058070918290801781449360804289645087207558819153352674677626988770772,2026-08-28T03:30:00+00:00,2026-08-28T03:35:00+00:00,5.25,0.49,0.5,0.495,0.01,4.01,104.96,98
2026-08-28T03:29:45.867645+00:00,btc-updown-15m-1787887800,15,3924771,98942637764059474350450394990110371426590435923750383016137680759807435891757,2026-08-28T03:30:00+00:00,2026-08-28T03:45:00+00:00,15.25,0.51,0.52,0.515,0.01,703.71,296.57,94
2026-08-28T03:30:46.862299+00:00,btc-updown-5m-1787887800,5,3924783,91181631058070918290801781449360804289645087207558819153352674677626988770772,2026-08-28T03:30:00+00:00,2026-08-28T03:35:00+00:00,4.23,0.74,0.75,0.745,0.01,124.33,203.0,99
2026-08-28T03:30:46.862299+00:00,btc-updown-5m-1787888100,5,3924824,48619049257443702547915320476334393099542226023999553999170166423810378259191,2026-08-28T03:35:00+00:00,2026-08-28T03:40:00+00:00,9.23,0.5,0.51,0.505,0.01,846.96,238.05,99
2026-08-28T03:30:46.862299+00:00,btc-updown-15m-1787887800,15,3924771,98942637764059474350450394990110371426590435923750383016137680759807435891757,2026-08-28T03:30:00+00:00,2026-08-28T03:45:00+00:00,14.23,0.68,0.69,0.685,0.01,165.0,156.66,99
2026-08-28T03:30:46.862299+00:00,btc-updown-15m-1787888700,15,3925033,70417430381803893829329675860807804824765044167762492674683928766208657326936,2026-08-28T03:45:00+00:00,2026-08-28T04:00:00+00:00,29.23,0.51,0.52,0.515,0.01,55.0,320.0,87
2026-08-28T03:31:48.126901+00:00,btc-updown-5m-1787887800,5,3924783,91181631058070918290801781449360804289645087207558819153352674677626988770772,2026-08-28T03:30:00+00:00,2026-08-28T03:35:00+00:00,3.2,0.8,0.81,0.805,0.01,204.49,182.83,99
2026-08-28T03:31:48.126901+00:00,btc-updown-5m-1787888100,5,3924824,48619049257443702547915320476334393099542226023999553999170166423810378259191,2026-08-28T03:35:00+00:00,2026-08-28T03:40:00+00:00,8.2,0.52,0.53,0.525,0.01,40.62,336.34,99
2026-08-28T03:31:48.126901+00:00,btc-updown-15m-1787887800,15,3924771,98942637764059474350450394990110371426590435923750383016137680759807435891757,2026-08-28T03:30:00+00:00,2026-08-28T03:45:00+00:00,13.2,0.71,0.72,0.715,0.01,40.0,81.58,99
2026-08-28T03:31:48.126901+00:00,btc-updown-15m-1787888700,15,3925033,70417430381803893829329675860807804824765044167762492674683928766208657326936,2026-08-28T03:45:00+00:00,2026-08-28T04:00:00+00:00,28.2,0.51,0.52,0.515,0.01,55.0,370.0,87
2026-08-28T03:32:49.275110+00:00,btc-updown-5m-1787887800,5,3924783,91181631058070918290801781449360804289645087207558819153352674677626988770772,2026-08-28T03:30:00+00:00,2026-08-28T03:35:00+00:00,2.18,0.38,0.39,0.385,0.01,227.36,174.54,99
2026-08-28T03:32:49.275110+00:00,btc-updown-5m-1787888100,5,3924824,48619049257443702547915320476334393099542226023999553999170166423810378259191,2026-08-28T03:35:00+00:00,2026-08-28T03:40:00+00:00,7.18,0.5,0.51,0.505,0.01,130.0,175.0,99
2026-08-28T03:32:49.275110+00:00,btc-updown-15m-1787887800,15,3924771,98942637764059474350450394990110371426590435923750383016137680759807435891757,2026-08-28T03:30:00+00:00,2026-08-28T03:45:00+00:00,12.18,0.5,0.51,0.505,0.01,74.0,45.0,99
2026-08-28T03:32:49.275110+00:00,btc-updown-15m-1787888700,15,3925033,70417430381803893829329675860807804824765044167762492674683928766208657326936,2026-08-28T03:45:00+00:00,2026-08-28T04:00:00+00:00,27.18,0.51,0.52,0.515,0.01,69.0,240.0,87
2026-08-28T03:33:50.419291+00:00,btc-updown-5m-1787887800,5,3924783,91181631058070918290801781449360804289645087207558819153352674677626988770772,2026-08-28T03:30:00+00:00,2026-08-28T03:35:00+00:00,1.17,0.31,0.32,0.315,0.01,69.49,170.0,99
2026-08-28T03:33:50.419291+00:00,btc-updown-5m-1787888100,5,3924824,48619049257443702547915320476334393099542226023999553999170166423810378259191,2026-08-28T03:35:00+00:00,2026-08-28T03:40:00+00:00,6.17,0.5,0.51,0.505,0.01,90.0,74.0,99
2026-08-28T03:33:50.419291+00:00,btc-updown-15m-1787887800,15,3924771,98942637764059474350450394990110371426590435923750383016137680759807435891757,2026-08-28T03:30:00+00:00,2026-08-28T03:45:00+00:00,11.17,0.5,0.51,0.505,0.01,1.0,265.0,98
2026-08-28T03:33:50.419291+00:00,btc-updown-15m-1787888700,15,3925033,70417430381803893829329675860807804824765044167762492674683928766208657326936,2026-08-28T03:45:00+00:00,2026-08-28T04:00:00+00:00,26.17,0.51,0.52,0.515,0.01,69.0,240.0,87
2026-08-28T03:34:51.714418+00:00,btc-updown-5m-1787888100,5,3924824,48619049257443702547915320476334393099542226023999553999170166423810378259191,2026-08-28T03:35:00+00:00,2026-08-28T03:40:00+00:00,5.15,0.56,0.6,0.58,0.04,248.0,28.08,96
2026-08-28T03:34:51.714418+00:00,btc-updown-15m-1787887800,15,3924771,98942637764059474350450394990110371426590435923750383016137680759807435891757,2026-08-28T03:30:00+00:00,2026-08-28T03:45:00+00:00,10.15,0.55,0.56,0.555,0.01,70.0,10.0,99
2026-08-28T03:34:51.714418+00:00,btc-updown-15m-1787888700,15,3925033,70417430381803893829329675860807804824765044167762492674683928766208657326936,2026-08-28T03:45:00+00:00,2026-08-28T04:00:00+00:00,25.15,0.51,0.52,0.515,0.01,69.0,290.0,87
2026-08-28T03:35:52.782808+00:00,btc-updown-5m-1787888100,5,3924824,48619049257443702547915320476334393099542226023999553999170166423810378259191,2026-08-28T03:35:00+00:00,2026-08-28T03:40:00+00:00,4.13,0.54,0.55,0.545,0.01,591.85,99.28,99
2026-08-28T03:35:52.782808+00:00,btc-updown-5m-1787888400,5,3924843,57399130983589819208482368517634274470814097143351852491810368650292468867350,2026-08-28T03:40:00+00:00,2026-08-28T03:45:00+00:00,9.13,0.52,0.53,0.525,0.01,50.0,358.41,99
2026-08-28T03:35:52.782808+00:00,btc-updown-15m-1787887800,15,3924771,98942637764059474350450394990110371426590435923750383016137680759807435891757,2026-08-28T03:30:00+00:00,2026-08-28T03:45:00+00:00,9.13,0.52,0.53,0.525,0.01,35.0,75.0,99
2026-08-28T03:35:52.782808+00:00,btc-updown-15m-1787888700,15,3925033,70417430381803893829329675860807804824765044167762492674683928766208657326936,2026-08-28T03:45:00+00:00,2026-08-28T04:00:00+00:00,24.13,0.51,0.52,0.515,0.01,265.08,498.33,87
2026-08-28T03:36:53.967604+00:00,btc-updown-5m-1787888100,5,3924824,48619049257443702547915320476334393099542226023999553999170166423810378259191,2026-08-28T03:35:00+00:00,2026-08-28T03:40:00+00:00,3.12,0.43,0.44,0.435,0.01,199.96,146.7,99
2026-08-28T03:36:53.967604+00:00,btc-updown-5m-1787888400,5,3924843,57399130983589819208482368517634274470814097143351852491810368650292468867350,2026-08-28T03:40:00+00:00,2026-08-28T03:45:00+00:00,8.12,0.52,0.53,0.525,0.01,50.0,476.52,99
2026-08-28T03:36:53.967604+00:00,btc-updown-15m-1787887800,15,3924771,98942637764059474350450394990110371426590435923750383016137680759807435891757,2026-08-28T03:30:00+00:00,2026-08-28T03:45:00+00:00,8.12,0.47,0.48,0.475,0.01,25.56,132.0,99
2026-08-28T03:36:53.967604+00:00,btc-updown-15m-1787888700,15,3925033,70417430381803893829329675860807804824765044167762492674683928766208657326936,2026-08-28T03:45:00+00:00,2026-08-28T04:00:00+00:00,23.12,0.51,0.52,0.515,0.01,69.0,498.33,87
2026-08-28T03:37:55.205761+00:00,btc-updown-5m-1787888100,5,3924824,48619049257443702547915320476334393099542226023999553999170166423810378259191,2026-08-28T03:35:00+00:00,2026-08-28T03:40:00+00:00,2.08,0.37,0.38,0.375,0.01,20.0,70.0,99
2026-08-28T03:37:55.205761+00:00,btc-updown-5m-1787888400,5,3924843,57399130983589819208482368517634274470814097143351852491810368650292468867350,2026-08-28T03:40:00+00:00,2026-08-28T03:45:00+00:00,7.08,0.52,0.53,0.525,0.01,50.0,571.52,99
2026-08-28T03:37:55.205761+00:00,btc-updown-15m-1787887800,15,3924771,98942637764059474350450394990110371426590435923750383016137680759807435891757,2026-08-28T03:30:00+00:00,2026-08-28T03:45:00+00:00,7.08,0.41,0.42,0.415,0.01,134.0,80.0,99
2026-08-28T03:37:55.205761+00:00,btc-updown-15m-1787888700,15,3925033,70417430381803893829329675860807804824765044167762492674683928766208657326936,2026-08-28T03:45:00+00:00,2026-08-28T04:00:00+00:00,22.08,0.51,0.52,0.515,0.01,265.08,498.33,87
2026-08-28T03:38:56.379596+00:00,btc-updown-5m-1787888400,5,3924843,57399130983589819208482368517634274470814097143351852491810368650292468867350,2026-08-28T03:40:00+00:00,2026-08-28T03:45:00+00:00,6.07,0.52,0.53,0.525,0.01,32.74,317.57,99
2026-08-28T03:38:56.379596+00:00,btc-updown-15m-1787887800,15,3924771,98942637764059474350450394990110371426590435923750383016137680759807435891757,2026-08-28T03:30:00+00:00,2026-08-28T03:45:00+00:00,6.07,0.18,0.19,0.185,0.01,152.99,30.0,99
2026-08-28T03:38:56.379596+00:00,btc-updown-15m-1787888700,15,3925033,70417430381803893829329675860807804824765044167762492674683928766208657326936,2026-08-28T03:45:00+00:00,2026-08-28T04:00:00+00:00,21.07,0.51,0.52,0.515,0.01,325.08,498.33,87
2026-08-28T03:39:57.530857+00:00,btc-updown-5m-1787888400,5,3924843,57399130983589819208482368517634274470814097143351852491810368650292468867350,2026-08-28T03:40:00+00:00,2026-08-28T03:45:00+00:00,5.05,0.56,0.57,0.565,0.01,213.45,6.42,99
2026-08-28T03:39:57.530857+00:00,btc-updown-15m-1787887800,15,3924771,98942637764059474350450394990110371426590435923750383016137680759807435891757,2026-08-28T03:30:00+00:00,2026-08-28T03:45:00+00:00,5.05,0.28,0.29,0.285,0.01,103.0,13.0,99
2026-08-28T03:39:57.530857+00:00,btc-updown-15m-1787888700,15,3925033,70417430381803893829329675860807804824765044167762492674683928766208657326936,2026-08-28T03:45:00+00:00,2026-08-28T04:00:00+00:00,20.05,0.51,0.52,0.515,0.01,327.08,290.0,87
2026-08-28T03:40:58.680370+00:00,btc-updown-5m-1787888400,5,3924843,57399130983589819208482368517634274470814097143351852491810368650292468867350,2026-08-28T03:40:00+00:00,2026-08-28T03:45:00+00:00,4.03,0.61,0.62,0.615,0.01,422.58,1.77,99
2026-08-28T03:40:58.680370+00:00,btc-updown-5m-1787888700,5,3925022,92738688184616642256146378252528694804815846860877008613653265145213208167943,2026-08-28T03:45:00+00:00,2026-08-28T03:50:00+00:00,9.03,0.5,0.51,0.505,0.01,893.0,605.0,99
2026-08-28T03:40:58.680370+00:00,btc-updown-15m-1787887800,15,3924771,98942637764059474350450394990110371426590435923750383016137680759807435891757,2026-08-28T03:30:00+00:00,2026-08-28T03:45:00+00:00,4.03,0.21,0.22,0.215,0.01,59.0,187.0,99
2026-08-28T03:40:58.680370+00:00,btc-updown-15m-1787888700,15,3925033,70417430381803893829329675860807804824765044167762492674683928766208657326936,2026-08-28T03:45:00+00:00,2026-08-28T04:00:00+00:00,19.03,0.51,0.52,0.515,0.01,332.08,443.13,89
2026-08-28T03:42:00.018340+00:00,btc-updown-5m-1787888400,5,3924843,57399130983589819208482368517634274470814097143351852491810368650292468867350,2026-08-28T03:40:00+00:00,2026-08-28T03:45:00+00:00,3.0,0.81,0.82,0.815,0.01,326.2,140.36,99
2026-08-28T03:42:00.018340+00:00,btc-updown-5m-1787888700,5,3925022,92738688184616642256146378252528694804815846860877008613653265145213208167943,2026-08-28T03:45:00+00:00,2026-08-28T03:50:00+00:00,8.0,0.5,0.51,0.505,0.01,933.0,620.78,99
2026-08-28T03:42:00.018340+00:00,btc-updown-15m-1787887800,15,3924771,98942637764059474350450394990110371426590435923750383016137680759807435891757,2026-08-28T03:30:00+00:00,2026-08-28T03:45:00+00:00,3.0,0.3,0.32,0.31,0.02,60.0,22.98,98
2026-08-28T03:42:00.018340+00:00,btc-updown-15m-1787888700,15,3925033,70417430381803893829329675860807804824765044167762492674683928766208657326936,2026-08-28T03:45:00+00:00,2026-08-28T04:00:00+00:00,18.0,0.51,0.52,0.515,0.01,421.08,234.8,89
2026-08-28T03:43:01.183663+00:00,btc-updown-5m-1787888400,5,3924843,57399130983589819208482368517634274470814097143351852491810368650292468867350,2026-08-28T03:40:00+00:00,2026-08-28T03:45:00+00:00,1.98,0.49,0.5,0.495,0.01,260.14,182.75,99
2026-08-28T03:43:01.183663+00:00,btc-updown-5m-1787888700,5,3925022,92738688184616642256146378252528694804815846860877008613653265145213208167943,2026-08-28T03:45:00+00:00,2026-08-28T03:50:00+00:00,6.98,0.52,0.53,0.525,0.01,50.0,350.99,99
2026-08-28T03:43:01.183663+00:00,btc-updown-15m-1787887800,15,3924771,98942637764059474350450394990110371426590435923750383016137680759807435891757,2026-08-28T03:30:00+00:00,2026-08-28T03:45:00+00:00,1.98,0.04,0.05,0.045,0.01,192.36,87.4,99
2026-08-28T03:43:01.183663+00:00,btc-updown-15m-1787888700,15,3925033,70417430381803893829329675860807804824765044167762492674683928766208657326936,2026-08-28T03:45:00+00:00,2026-08-28T04:00:00+00:00,16.98,0.51,0.52,0.515,0.01,421.08,240.0,89
2026-08-28T03:44:02.288776+00:00,btc-updown-5m-1787888400,5,3924843,57399130983589819208482368517634274470814097143351852491810368650292468867350,2026-08-28T03:40:00+00:00,2026-08-28T03:45:00+00:00,0.97,0.39,0.4,0.395,0.01,28.0,130.37,99
2026-08-28T03:44:02.288776+00:00,btc-updown-5m-1787888700,5,3925022,92738688184616642256146378252528694804815846860877008613653265145213208167943,2026-08-28T03:45:00+00:00,2026-08-28T03:50:00+00:00,5.97,0.52,0.53,0.525,0.01,39.37,179.0,99
2026-08-28T03:44:02.288776+00:00,btc-updown-15m-1787888700,15,3925033,70417430381803893829329675860807804824765044167762492674683928766208657326936,2026-08-28T03:45:00+00:00,2026-08-28T04:00:00+00:00,15.97,0.52,0.53,0.525,0.01,428.45,35.0,87
2026-08-28T03:45:03.434542+00:00,btc-updown-5m-1787888700,5,3925022,92738688184616642256146378252528694804815846860877008613653265145213208167943,2026-08-28T03:45:00+00:00,2026-08-28T03:50:00+00:00,4.95,0.42,0.43,0.425,0.01,219.68,275.43,99
2026-08-28T03:45:03.434542+00:00,btc-updown-5m-1787889000,5,3925064,64870514026132622153200872031974196628491113375492174024933880937525063746940,2026-08-28T03:50:00+00:00,2026-08-28T03:55:00+00:00,9.95,0.5,0.51,0.505,0.01,882.93,417.91,99
2026-08-28T03:45:03.434542+00:00,btc-updown-15m-1787888700,15,3925033,70417430381803893829329675860807804824765044167762492674683928766208657326936,2026-08-28T03:45:00+00:00,2026-08-28T04:00:00+00:00,14.95,0.51,0.52,0.515,0.01,47.0,240.53,99
2026-08-28T03:45:03.434542+00:00,btc-updown-15m-1787889600,15,3925291,91533310357832361174830933327031348450232592125937321096826220354292724583248,2026-08-28T04:00:00+00:00,2026-08-28T04:15:00+00:00,29.95,0.51,0.52,0.515,0.01,146.0,169.0,87
2026-08-28T03:46:04.783077+00:00,btc-updown-5m-1787888700,5,3925022,92738688184616642256146378252528694804815846860877008613653265145213208167943,2026-08-28T03:45:00+00:00,2026-08-28T03:50:00+00:00,3.93,0.45,0.46,0.455,0.01,89.0,163.33,99
2026-08-28T03:46:04.783077+00:00,btc-updown-5m-1787889000,5,3925064,64870514026132622153200872031974196628491113375492174024933880937525063746940,2026-08-28T03:50:00+00:00,2026-08-28T03:55:00+00:00,8.93,0.5,0.51,0.505,0.01,952.93,243.55,99
2026-08-28T03:46:04.783077+00:00,btc-updown-15m-1787888700,15,3925033,70417430381803893829329675860807804824765044167762492674683928766208657326936,2026-08-28T03:45:00+00:00,2026-08-28T04:00:00+00:00,13.93,0.45,0.46,0.455,0.01,24.3,25.0,99
2026-08-28T03:46:04.783077+00:00,btc-updown-15m-1787889600,15,3925291,91533310357832361174830933327031348450232592125937321096826220354292724583248,2026-08-28T04:00:00+00:00,2026-08-28T04:15:00+00:00,28.93,0.51,0.52,0.515,0.01,146.0,374.0,87
2026-08-28T03:47:05.995599+00:00,btc-updown-5m-1787888700,5,3925022,92738688184616642256146378252528694804815846860877008613653265145213208167943,2026-08-28T03:45:00+00:00,2026-08-28T03:50:00+00:00,2.92,0.48,0.49,0.485,0.01,49.81,156.32,99
2026-08-28T03:47:05.995599+00:00,btc-updown-5m-1787889000,5,3925064,64870514026132622153200872031974196628491113375492174024933880937525063746940,2026-08-28T03:50:00+00:00,2026-08-28T03:55:00+00:00,7.92,0.51,0.52,0.515,0.01,59.79,565.19,99
2026-08-28T03:47:05.995599+00:00,btc-updown-15m-1787888700,15,3925033,70417430381803893829329675860807804824765044167762492674683928766208657326936,2026-08-28T03:45:00+00:00,2026-08-28T04:00:00+00:00,12.92,0.46,0.47,0.465,0.01,132.0,95.0,99
2026-08-28T03:47:05.995599+00:00,btc-updown-15m-1787889600,15,3925291,91533310357832361174830933327031348450232592125937321096826220354292724583248,2026-08-28T04:00:00+00:00,2026-08-28T04:15:00+00:00,27.92,0.51,0.52,0.515,0.01,146.0,374.0,87
2026-08-28T03:48:07.166069+00:00,btc-updown-5m-1787888700,5,3925022,92738688184616642256146378252528694804815846860877008613653265145213208167943,2026-08-28T03:45:00+00:00,2026-08-28T03:50:00+00:00,1.88,0.73,0.74,0.735,0.01,21.03,105.94,99
2026-08-28T03:48:07.166069+00:00,btc-updown-5m-1787889000,5,3925064,64870514026132622153200872031974196628491113375492174024933880937525063746940,2026-08-28T03:50:00+00:00,2026-08-28T03:55:00+00:00,6.88,0.48,0.49,0.485,0.01,29.0,110.0,99
2026-08-28T03:48:07.166069+00:00,btc-updown-15m-1787888700,15,3925033,70417430381803893829329675860807804824765044167762492674683928766208657326936,2026-08-28T03:45:00+00:00,2026-08-28T04:00:00+00:00,11.88,0.55,0.56,0.555,0.01,152.0,55.0,99
2026-08-28T03:48:07.166069+00:00,btc-updown-15m-1787889600,15,3925291,91533310357832361174830933327031348450232592125937321096826220354292724583248,2026-08-28T04:00:00+00:00,2026-08-28T04:15:00+00:00,26.88,0.51,0.52,0.515,0.01,146.0,374.0,87
2026-08-28T03:49:08.488115+00:00,btc-updown-5m-1787888700,5,3925022,92738688184616642256146378252528694804815846860877008613653265145213208167943,2026-08-28T03:45:00+00:00,2026-08-28T03:50:00+00:00,0.87,0.85,0.86,0.855,0.01,15.0,199.0,99
2026-08-28T03:49:08.488115+00:00,btc-updown-5m-1787889000,5,3925064,64870514026132622153200872031974196628491113375492174024933880937525063746940,2026-08-28T03:50:00+00:00,2026-08-28T03:55:00+00:00,5.87,0.5,0.52,0.51,0.02,40.0,64.73,98
2026-08-28T03:49:08.488115+00:00,btc-updown-15m-1787888700,15,3925033,70417430381803893829329675860807804824765044167762492674683928766208657326936,2026-08-28T03:45:00+00:00,2026-08-28T04:00:00+00:00,10.87,0.53,0.54,0.535,0.01,254.0,10.0,99
2026-08-28T03:49:08.488115+00:00,btc-updown-15m-1787889600,15,3925291,91533310357832361174830933327031348450232592125937321096826220354292724583248,2026-08-28T04:00:00+00:00,2026-08-28T04:15:00+00:00,25.87,0.51,0.52,0.515,0.01,146.0,374.0,87
2026-08-28T03:50:09.685844+00:00,btc-updown-5m-1787889000,5,3925064,64870514026132622153200872031974196628491113375492174024933880937525063746940,2026-08-28T03:50:00+00:00,2026-08-28T03:55:00+00:00,4.85,0.72,0.73,0.725,0.01,511.68,152.71,99
2026-08-28T03:50:09.685844+00:00,btc-updown-5m-1787889300,5,3925248,65217781826733320824637325343892177615023777964722450193162918358634313155921,2026-08-28T03:55:00+00:00,2026-08-28T04:00:00+00:00,9.85,0.5,0.51,0.505,0.01,893.94,448.81,99
2026-08-28T03:50:09.685844+00:00,btc-updown-15m-1787888700,15,3925033,70417430381803893829329675860807804824765044167762492674683928766208657326936,2026-08-28T03:45:00+00:00,2026-08-28T04:00:00+00:00,9.85,0.68,0.69,0.685,0.01,166.0,10.0,99
2026-08-28T03:50:09.685844+00:00,btc-updown-15m-1787889600,15,3925291,91533310357832361174830933327031348450232592125937321096826220354292724583248,2026-08-28T04:00:00+00:00,2026-08-28T04:15:00+00:00,24.85,0.51,0.52,0.515,0.01,78.0,382.0,87
2026-08-28T03:51:10.935786+00:00,btc-updown-5m-1787889000,5,3925064,64870514026132622153200872031974196628491113375492174024933880937525063746940,2026-08-28T03:50:00+00:00,2026-08-28T03:55:00+00:00,3.83,0.29,0.3,0.295,0.01,189.49,89.0,99
2026-08-28T03:51:10.935786+00:00,btc-updown-5m-1787889300,5,3925248,65217781826733320824637325343892177615023777964722450193162918358634313155921,2026-08-28T03:55:00+00:00,2026-08-28T04:00:00+00:00,8.83,0.5,0.51,0.505,0.01,958.94,589.01,99
2026-08-28T03:51:10.935786+00:00,btc-updown-15m-1787888700,15,3925033,70417430381803893829329675860807804824765044167762492674683928766208657326936,2026-08-28T03:45:00+00:00,2026-08-28T04:00:00+00:00,8.83,0.4,0.41,0.405,0.01,70.0,179.0,99
2026-08-28T03:51:10.935786+00:00,btc-updown-15m-1787889600,15,3925291,91533310357832361174830933327031348450232592125937321096826220354292724583248,2026-08-28T04:00:00+00:00,2026-08-28T04:15:00+00:00,23.83,0.51,0.52,0.515,0.01,334.08,387.0,87
2026-08-28T03:52:12.088046+00:00,btc-updown-5m-1787889000,5,3925064,64870514026132622153200872031974196628491113375492174024933880937525063746940,2026-08-28T03:50:00+00:00,2026-08-28T03:55:00+00:00,2.8,0.57,0.58,0.575,0.01,35.0,348.6,99
2026-08-28T03:52:12.088046+00:00,btc-updown-5m-1787889300,5,3925248,65217781826733320824637325343892177615023777964722450193162918358634313155921,2026-08-28T03:55:00+00:00,2026-08-28T04:00:00+00:00,7.8,0.5,0.51,0.505,0.01,993.94,684.1,99
2026-08-28T03:52:12.088046+00:00,btc-updown-15m-1787888700,15,3925033,70417430381803893829329675860807804824765044167762492674683928766208657326936,2026-08-28T03:45:00+00:00,2026-08-28T04:00:00+00:00,7.8,0.57,0.58,0.575,0.01,20.0,195.0,99
2026-08-28T03:52:12.088046+00:00,btc-updown-15m-1787889600,15,3925291,91533310357832361174830933327031348450232592125937321096826220354292724583248,2026-08-28T04:00:00+00:00,2026-08-28T04:15:00+00:00,22.8,0.51,0.52,0.515,0.01,334.08,387.0,87
2026-08-28T03:53:13.269224+00:00,btc-updown-5m-1787889000,5,3925064,64870514026132622153200872031974196628491113375492174024933880937525063746940,2026-08-28T03:50:00+00:00,2026-08-28T03:55:00+00:00,1.78,0.47,0.48,0.475,0.01,208.26,80.36,99
2026-08-28T03:53:13.269224+00:00,btc-updown-5m-1787889300,5,3925248,65217781826733320824637325343892177615023777964722450193162918358634313155921,2026-08-28T03:55:00+00:00,2026-08-28T04:00:00+00:00,6.78,0.5,0.51,0.505,0.01,287.94,588.1,99
2026-08-28T03:53:13.269224+00:00,btc-updown-15m-1787888700,15,3925033,70417430381803893829329675860807804824765044167762492674683928766208657326936,2026-08-28T03:45:00+00:00,2026-08-28T04:00:00+00:00,6.78,0.55,0.56,0.555,0.01,91.0,50.33,99
2026-08-28T03:53:13.269224+00:00,btc-updown-15m-1787889600,15,3925291,91533310357832361174830933327031348450232592125937321096826220354292724583248,2026-08-28T04:00:00+00:00,2026-08-28T04:15:00+00:00,21.78,0.5,0.51,0.505,0.01,380.43,210.79,87
2026-08-28T03:54:14.405115+00:00,btc-updown-5m-1787889000,5,3925064,64870514026132622153200872031974196628491113375492174024933880937525063746940,2026-08-28T03:50:00+00:00,2026-08-28T03:55:00+00:00,0.77,0.98,0.99,0.985,0.01,840.52,1209.66,99
2026-08-28T03:54:14.405115+00:00,btc-updown-5m-1787889300,5,3925248,65217781826733320824637325343892177615023777964722450193162918358634313155921,2026-08-28T03:55:00+00:00,2026-08-28T04:00:00+00:00,5.77,0.5,0.51,0.505,0.01,309.8,30.0,99
2026-08-28T03:54:14.405115+00:00,btc-updown-15m-1787888700,15,3925033,70417430381803893829329675860807804824765044167762492674683928766208657326936,2026-08-28T03:45:00+00:00,2026-08-28T04:00:00+00:00,5.77,0.73,0.74,0.735,0.01,95.0,65.0,99
2026-08-28T03:54:14.405115+00:00,btc-updown-15m-1787889600,15,3925291,91533310357832361174830933327031348450232592125937321096826220354292724583248,2026-08-28T04:00:00+00:00,2026-08-28T04:15:00+00:00,20.77,0.49,0.5,0.495,0.01,221.31,50.0,87
2026-08-28T03:55:15.585417+00:00,btc-updown-5m-1787889300,5,3925248,65217781826733320824637325343892177615023777964722450193162918358634313155921,2026-08-28T03:55:00+00:00,2026-08-28T04:00:00+00:00,4.75,0.51,0.52,0.515,0.01,0.67,152.04,98
2026-08-28T03:55:15.585417+00:00,btc-updown-5m-1787889600,5,3925289,27168661112991147083096881786240655651770349867832784038627915466673563345377,2026-08-28T04:00:00+00:00,2026-08-28T04:05:00+00:00,9.75,0.5,0.51,0.505,0.01,849.38,420.79,99
2026-08-28T03:55:15.585417+00:00,btc-updown-15m-1787888700,15,3925033,70417430381803893829329675860807804824765044167762492674683928766208657326936,2026-08-28T03:45:00+00:00,2026-08-28T04:00:00+00:00,4.75,0.73,0.74,0.735,0.01,157.0,66.0,99
2026-08-28T03:55:15.585417+00:00,btc-updown-15m-1787889600,15,3925291,91533310357832361174830933327031348450232592125937321096826220354292724583248,2026-08-28T04:00:00+00:00,2026-08-28T04:15:00+00:00,19.75,0.5,0.51,0.505,0.01,205.0,235.39,89
2026-08-28T03:56:16.838999+00:00,btc-updown-5m-1787889300,5,3925248,65217781826733320824637325343892177615023777964722450193162918358634313155921,2026-08-28T03:55:00+00:00,2026-08-28T04:00:00+00:00,3.73,0.23,0.24,0.235,0.01,182.0,26.83,99
2026-08-28T03:56:16.838999+00:00,btc-updown-5m-1787889600,5,3925289,27168661112991147083096881786240655651770349867832784038627915466673563345377,2026-08-28T04:00:00+00:00,2026-08-28T04:05:00+00:00,8.73,0.5,0.51,0.505,0.01,864.38,618.0,99
2026-08-28T03:56:16.838999+00:00,btc-updown-15m-1787888700,15,3925033,70417430381803893829329675860807804824765044167762492674683928766208657326936,2026-08-28T03:45:00+00:00,2026-08-28T04:00:00+00:00,3.73,0.34,0.35,0.345,0.01,36.95,93.0,99
2026-08-28T03:56:16.838999+00:00,btc-updown-15m-1787889600,15,3925291,91533310357832361174830933327031348450232592125937321096826220354292724583248,2026-08-28T04:00:00+00:00,2026-08-28T04:15:00+00:00,18.73,0.5,0.51,0.505,0.01,199.84,235.39,89
2026-08-28T03:57:17.982893+00:00,btc-updown-5m-1787889300,5,3925248,65217781826733320824637325343892177615023777964722450193162918358634313155921,2026-08-28T03:55:00+00:00,2026-08-28T04:00:00+00:00,2.72,0.24,0.25,0.245,0.01,33.0,634.77,99
2026-08-28T03:57:17.982893+00:00,btc-updown-5m-1787889600,5,3925289,27168661112991147083096881786240655651770349867832784038627915466673563345377,2026-08-28T04:00:00+00:00,2026-08-28T04:05:00+00:00,7.72,0.5,0.51,0.505,0.01,984.38,713.09,99
2026-08-28T03:57:17.982893+00:00,btc-updown-15m-1787888700,15,3925033,70417430381803893829329675860807804824765044167762492674683928766208657326936,2026-08-28T03:45:00+00:00,2026-08-28T04:00:00+00:00,2.72,0.37,0.38,0.375,0.01,4.15,34.0,99
2026-08-28T03:57:17.982893+00:00,btc-updown-15m-1787889600,15,3925291,91533310357832361174830933327031348450232592125937321096826220354292724583248,2026-08-28T04:00:00+00:00,2026-08-28T04:15:00+00:00,17.72,0.5,0.51,0.505,0.01,339.84,375.39,89
2026-08-28T03:58:19.143801+00:00,btc-updown-5m-1787889300,5,3925248,65217781826733320824637325343892177615023777964722450193162918358634313155921,2026-08-28T03:55:00+00:00,2026-08-28T04:00:00+00:00,1.68,0.26,0.27,0.265,0.01,88.32,189.89,99
2026-08-28T03:58:19.143801+00:00,btc-updown-5m-1787889600,5,3925289,27168661112991147083096881786240655651770349867832784038627915466673563345377,2026-08-28T04:00:00+00:00,2026-08-28T04:05:00+00:00,6.68,0.5,0.51,0.505,0.01,293.38,572.09,99
2026-08-28T03:58:19.143801+00:00,btc-updown-15m-1787888700,15,3925033,70417430381803893829329675860807804824765044167762492674683928766208657326936,2026-08-28T03:45:00+00:00,2026-08-28T04:00:00+00:00,1.68,0.55,0.56,0.555,0.01,131.0,4942.21,99
2026-08-28T03:58:19.143801+00:00,btc-updown-15m-1787889600,15,3925291,91533310357832361174830933327031348450232592125937321096826220354292724583248,2026-08-28T04:00:00+00:00,2026-08-28T04:15:00+00:00,16.68,0.51,0.52,0.515,0.01,218.64,309.52,89
2026-08-28T03:59:20.326195+00:00,btc-updown-5m-1787889600,5,3925289,27168661112991147083096881786240655651770349867832784038627915466673563345377,2026-08-28T04:00:00+00:00,2026-08-28T04:05:00+00:00,5.67,0.5,0.51,0.505,0.01,232.24,50.0,99
2026-08-28T03:59:20.326195+00:00,btc-updown-15m-1787888700,15,3925033,70417430381803893829329675860807804824765044167762492674683928766208657326936,2026-08-28T03:45:00+00:00,2026-08-28T04:00:00+00:00,0.67,0.42,0.43,0.425,0.01,50.39,16.0,97
2026-08-28T03:59:20.326195+00:00,btc-updown-15m-1787889600,15,3925291,91533310357832361174830933327031348450232592125937321096826220354292724583248,2026-08-28T04:00:00+00:00,2026-08-28T04:15:00+00:00,15.67,0.51,0.52,0.515,0.01,259.81,69.52,87
2026-08-28T04:00:21.517392+00:00,btc-updown-5m-1787889600,5,3925289,27168661112991147083096881786240655651770349867832784038627915466673563345377,2026-08-28T04:00:00+00:00,2026-08-28T04:05:00+00:00,4.65,0.38,0.39,0.385,0.01,6.3,26.39,99
2026-08-28T04:00:21.517392+00:00,btc-updown-5m-1787889900,5,3925306,113595736660974216613542099281093380130643931145682383101613712138355771619753,2026-08-28T04:05:00+00:00,2026-08-28T04:10:00+00:00,9.65,0.5,0.51,0.505,0.01,854.89,432.76,99
2026-08-28T04:00:21.517392+00:00,btc-updown-15m-1787889600,15,3925291,91533310357832361174830933327031348450232592125937321096826220354292724583248,2026-08-28T04:00:00+00:00,2026-08-28T04:15:00+00:00,14.65,0.44,0.45,0.445,0.01,140.0,56.0,99
2026-08-28T04:00:21.517392+00:00,btc-updown-15m-1787890500,15,3925343,36472651515235859466821193279841184408322110892252297100322163837564289629780,2026-08-28T04:15:00+00:00,2026-08-28T04:30:00+00:00,29.65,0.5,0.51,0.505,0.01,217.74,155.0,87
2026-08-28T04:01:22.813604+00:00,btc-updown-5m-1787889600,5,3925289,27168661112991147083096881786240655651770349867832784038627915466673563345377,2026-08-28T04:00:00+00:00,2026-08-28T04:05:00+00:00,3.63,0.68,0.69,0.685,0.01,202.58,201.65,99
2026-08-28T04:01:22.813604+00:00,btc-updown-5m-1787889900,5,3925306,113595736660974216613542099281093380130643931145682383101613712138355771619753,2026-08-28T04:05:00+00:00,2026-08-28T04:10:00+00:00,8.63,0.5,0.51,0.505,0.01,951.89,621.0,99
2026-08-28T04:01:22.813604+00:00,btc-updown-15m-1787889600,15,3925291,91533310357832361174830933327031348450232592125937321096826220354292724583248,2026-08-28T04:00:00+00:00,2026-08-28T04:15:00+00:00,13.63,0.59,0.6,0.595,0.01,113.0,25.4,99
2026-08-28T04:01:22.813604+00:00,btc-updown-15m-1787890500,15,3925343,36472651515235859466821193279841184408322110892252297100322163837564289629780,2026-08-28T04:15:00+00:00,2026-08-28T04:30:00+00:00,28.63,0.5,0.51,0.505,0.01,101.74,371.0,87
2026-08-28T04:02:24.124958+00:00,btc-updown-5m-1787889600,5,3925289,27168661112991147083096881786240655651770349867832784038627915466673563345377,2026-08-28T04:00:00+00:00,2026-08-28T04:05:00+00:00,2.6,0.8,0.81,0.805,0.01,245.41,89.4,99
2026-08-28T04:02:24.124958+00:00,btc-updown-5m-1787889900,5,3925306,113595736660974216613542099281093380130643931145682383101613712138355771619753,2026-08-28T04:05:00+00:00,2026-08-28T04:10:00+00:00,7.6,0.5,0.51,0.505,0.01,931.89,693.09,99
2026-08-28T04:02:24.124958+00:00,btc-updown-15m-1787889600,15,3925291,91533310357832361174830933327031348450232592125937321096826220354292724583248,2026-08-28T04:00:00+00:00,2026-08-28T04:15:00+00:00,12.6,0.62,0.63,0.625,0.01,148.84,39.6,99
2026-08-28T04:02:24.124958+00:00,btc-updown-15m-1787890500,15,3925343,36472651515235859466821193279841184408322110892252297100322163837564289629780,2026-08-28T04:15:00+00:00,2026-08-28T04:30:00+00:00,27.6,0.5,0.51,0.505,0.01,85.74,387.0,88
2026-08-28T04:03:25.309889+00:00,btc-updown-5m-1787889600,5,3925289,27168661112991147083096881786240655651770349867832784038627915466673563345377,2026-08-28T04:00:00+00:00,2026-08-28T04:05:00+00:00,1.58,0.11,0.12,0.115,0.01,222.3,158.33,99
2026-08-28T04:03:25.309889+00:00,btc-updown-5m-1787889900,5,3925306,113595736660974216613542099281093380130643931145682383101613712138355771619753,2026-08-28T04:05:00+00:00,2026-08-28T04:10:00+00:00,6.58,0.5,0.51,0.505,0.01,244.89,596.09,99
2026-08-28T04:03:25.309889+00:00,btc-updown-15m-1787889600,15,3925291,91533310357832361174830933327031348450232592125937321096826220354292724583248,2026-08-28T04:00:00+00:00,2026-08-28T04:15:00+00:00,11.58,0.39,0.4,0.395,0.01,37.48,48.25,99
2026-08-28T04:03:25.309889+00:00,btc-updown-15m-1787890500,15,3925343,36472651515235859466821193279841184408322110892252297100322163837564289629780,2026-08-28T04:15:00+00:00,2026-08-28T04:30:00+00:00,26.58,0.5,0.51,0.505,0.01,165.74,395.8,89
2026-08-28T04:04:26.713127+00:00,btc-updown-5m-1787889600,5,3925289,27168661112991147083096881786240655651770349867832784038627915466673563345377,2026-08-28T04:00:00+00:00,2026-08-28T04:05:00+00:00,0.57,0.02,0.03,0.025,0.01,180.98,102.67,99
2026-08-28T04:04:26.713127+00:00,btc-updown-5m-1787889900,5,3925306,113595736660974216613542099281093380130643931145682383101613712138355771619753,2026-08-28T04:05:00+00:00,2026-08-28T04:10:00+00:00,5.57,0.52,0.53,0.525,0.01,53.56,204.39,99
2026-08-28T04:04:26.713127+00:00,btc-updown-15m-1787889600,15,3925291,91533310357832361174830933327031348450232592125937321096826220354292724583248,2026-08-28T04:00:00+00:00,2026-08-28T04:15:00+00:00,10.57,0.46,0.47,0.465,0.01,60.0,15.0,99
2026-08-28T04:04:26.713127+00:00,btc-updown-15m-1787890500,15,3925343,36472651515235859466821193279841184408322110892252297100322163837564289629780,2026-08-28T04:15:00+00:00,2026-08-28T04:30:00+00:00,25.57,0.5,0.51,0.505,0.01,135.74,427.8,89
2026-08-28T04:05:27.895860+00:00,btc-updown-5m-1787889900,5,3925306,113595736660974216613542099281093380130643931145682383101613712138355771619753,2026-08-28T04:05:00+00:00,2026-08-28T04:10:00+00:00,4.55,0.35,0.36,0.355,0.01,65.0,136.48,99
2026-08-28T04:05:27.895860+00:00,btc-updown-5m-1787890200,5,3925326,45722380617420090015921163045773989583397120550223993439223746015041939414251,2026-08-28T04:10:00+00:00,2026-08-28T04:15:00+00:00,9.55,0.51,0.52,0.515,0.01,102.48,353.09,99
2026-08-28T04:05:27.895860+00:00,btc-updown-15m-1787889600,15,3925291,91533310357832361174830933327031348450232592125937321096826220354292724583248,2026-08-28T04:00:00+00:00,2026-08-28T04:15:00+00:00,9.55,0.34,0.35,0.345,0.01,5.0,34.71,99
2026-08-28T04:05:27.895860+00:00,btc-updown-15m-1787890500,15,3925343,36472651515235859466821193279841184408322110892252297100322163837564289629780,2026-08-28T04:15:00+00:00,2026-08-28T04:30:00+00:00,24.55,0.5,0.51,0.505,0.01,791.74,295.8,89
2026-08-28T04:06:29.216054+00:00,btc-updown-5m-1787889900,5,3925306,113595736660974216613542099281093380130643931145682383101613712138355771619753,2026-08-28T04:05:00+00:00,2026-08-28T04:10:00+00:00,3.52,0.19,0.2,0.195,0.01,66.98,99.09,99
2026-08-28T04:06:29.216054+00:00,btc-updown-5m-1787890200,5,3925326,45722380617420090015921163045773989583397120550223993439223746015041939414251,2026-08-28T04:10:00+00:00,2026-08-28T04:15:00+00:00,8.52,0.51,0.52,0.515,0.01,162.48,326.73,99
2026-08-28T04:06:29.216054+00:00,btc-updown-15m-1787889600,15,3925291,91533310357832361174830933327031348450232592125937321096826220354292724583248,2026-08-28T04:00:00+00:00,2026-08-28T04:15:00+00:00,8.52,0.24,0.25,0.245,0.01,20.0,35.0,99
2026-08-28T04:06:29.216054+00:00,btc-updown-15m-1787890500,15,3925343,36472651515235859466821193279841184408322110892252297100322163837564289629780,2026-08-28T04:15:00+00:00,2026-08-28T04:30:00+00:00,23.52,0.5,0.51,0.505,0.01,741.74,245.8,89
2026-08-28T04:07:30.416807+00:00,btc-updown-5m-1787889900,5,3925306,113595736660974216613542099281093380130643931145682383101613712138355771619753,2026-08-28T04:05:00+00:00,2026-08-28T04:10:00+00:00,2.5,0.04,0.05,0.045,0.01,89.4,180.64,99
2026-08-28T04:07:30.416807+00:00,btc-updown-5m-1787890200,5,3925326,45722380617420090015921163045773989583397120550223993439223746015041939414251,2026-08-28T04:10:00+00:00,2026-08-28T04:15:00+00:00,7.5,0.51,0.52,0.515,0.01,217.27,331.44,99
2026-08-28T04:07:30.416807+00:00,btc-updown-15m-1787889600,15,3925291,91533310357832361174830933327031348450232592125937321096826220354292724583248,2026-08-28T04:00:00+00:00,2026-08-28T04:15:00+00:00,7.5,0.13,0.14,0.135,0.01,53.46,27.99,99
2026-08-28T04:07:30.416807+00:00,btc-updown-15m-1787890500,15,3925343,36472651515235859466821193279841184408322110892252297100322163837564289629780,2026-08-28T04:15:00+00:00,2026-08-28T04:30:00+00:00,22.5,0.5,0.51,0.505,0.01,773.74,40.8,89
2026-08-28T04:08:31.564574+00:00,btc-updown-5m-1787889900,5,3925306,113595736660974216613542099281093380130643931145682383101613712138355771619753,2026-08-28T04:05:00+00:00,2026-08-28T04:10:00+00:00,1.48,0.02,0.03,0.025,0.01,173.15,278.66,99
2026-08-28T04:08:31.564574+00:00,btc-updown-5m-1787890200,5,3925326,45722380617420090015921163045773989583397120550223993439223746015041939414251,2026-08-28T04:10:00+00:00,2026-08-28T04:15:00+00:00,6.48,0.51,0.52,0.515,0.01,732.7,205.31,99
2026-08-28T04:08:31.564574+00:00,btc-updown-15m-1787889600,15,3925291,91533310357832361174830933327031348450232592125937321096826220354292724583248,2026-08-28T04:00:00+00:00,2026-08-28T04:15:00+00:00,6.48,0.19,0.2,0.195,0.01,120.0,5.0,99
2026-08-28T04:08:31.564574+00:00,btc-updown-15m-1787890500,15,3925343,36472651515235859466821193279841184408322110892252297100322163837564289629780,2026-08-28T04:15:00+00:00,2026-08-28T04:30:00+00:00,21.48,0.5,0.51,0.505,0.01,791.74,40.8,87
2026-08-28T04:09:32.833662+00:00,btc-updown-5m-1787890200,5,3925326,45722380617420090015921163045773989583397120550223993439223746015041939414251,2026-08-28T04:10:00+00:00,2026-08-28T04:15:00+00:00,5.47,0.47,0.49,0.48,0.02,185.0,40.0,98
2026-08-28T04:09:32.833662+00:00,btc-updown-15m-1787889600,15,3925291,91533310357832361174830933327031348450232592125937321096826220354292724583248,2026-08-28T04:00:00+00:00,2026-08-28T04:15:00+00:00,5.47,0.03,0.04,0.035,0.01,166.07,48.9,99
2026-08-28T04:09:32.833662+00:00,btc-updown-15m-1787890500,15,3925343,36472651515235859466821193279841184408322110892252297100322163837564289629780,2026-08-28T04:15:00+00:00,2026-08-28T04:30:00+00:00,20.47,0.5,0.51,0.505,0.01,846.74,20.8,87
2026-08-28T04:10:33.927745+00:00,btc-updown-5m-1787890200,5,3925326,45722380617420090015921163045773989583397120550223993439223746015041939414251,2026-08-28T04:10:00+00:00,2026-08-28T04:15:00+00:00,4.45,0.43,0.44,0.435,0.01,53.45,218.46,99
2026-08-28T04:10:33.927745+00:00,btc-updown-5m-1787890500,5,3925342,50060676721709971171625328209831609943264336068404735125935115994092498324828,2026-08-28T04:15:00+00:00,2026-08-28T04:20:00+00:00,9.45,0.5,0.51,0.505,0.01,1270.42,523.7,99
2026-08-28T04:10:33.927745+00:00,btc-updown-15m-1787889600,15,3925291,91533310357832361174830933327031348450232592125937321096826220354292724583248,2026-08-28T04:00:00+00:00,2026-08-28T04:15:00+00:00,4.45,0.02,0.03,0.025,0.01,37.37,375.75,99
2026-08-28T04:10:33.927745+00:00,btc-updown-15m-1787890500,15,3925343,36472651515235859466821193279841184408322110892252297100322163837564289629780,2026-08-28T04:15:00+00:00,2026-08-28T04:30:00+00:00,19.45,0.51,0.52,0.515,0.01,601.08,325.83,89
2026-08-28T04:11:35.155919+00:00,btc-updown-5m-1787890200,5,3925326,45722380617420090015921163045773989583397120550223993439223746015041939414251,2026-08-28T04:10:00+00:00,2026-08-28T04:15:00+00:00,3.42,0.9,0.91,0.905,0.01,46.0,170.76,99
2026-08-28T04:11:35.155919+00:00,btc-updown-5m-1787890500,5,3925342,50060676721709971171625328209831609943264336068404735125935115994092498324828,2026-08-28T04:15:00+00:00,2026-08-28T04:20:00+00:00,8.42,0.5,0.51,0.505,0.01,951.42,522.66,99
2026-08-28T04:11:35.155919+00:00,btc-updown-15m-1787889600,15,3925291,91533310357832361174830933327031348450232592125937321096826220354292724583248,2026-08-28T04:00:00+00:00,2026-08-28T04:15:00+00:00,3.42,0.13,0.14,0.135,0.01,15.0,205.42,99
2026-08-28T04:11:35.155919+00:00,btc-updown-15m-1787890500,15,3925343,36472651515235859466821193279841184408322110892252297100322163837564289629780,2026-08-28T04:15:00+00:00,2026-08-28T04:30:00+00:00,18.42,0.51,0.52,0.515,0.01,521.08,370.27,89
2026-08-28T04:12:36.357994+00:00,btc-updown-5m-1787890500,5,3925342,50060676721709971171625328209831609943264336068404735125935115994092498324828,2026-08-28T04:15:00+00:00,2026-08-28T04:20:00+00:00,7.4,0.5,0.51,0.505,0.01,1106.42,395.05,99
2026-08-28T04:12:36.357994+00:00,btc-updown-15m-1787889600,15,3925291,91533310357832361174830933327031348450232592125937321096826220354292724583248,2026-08-28T04:00:00+00:00,2026-08-28T04:15:00+00:00,2.4,0.4,0.41,0.405,0.01,25.0,16.94,107
2026-08-28T04:12:36.357994+00:00,btc-updown-15m-1787890500,15,3925343,36472651515235859466821193279841184408322110892252297100322163837564289629780,2026-08-28T04:15:00+00:00,2026-08-28T04:30:00+00:00,17.4,0.51,0.52,0.515,0.01,271.08,120.83,89
2026-08-28T04:13:37.385756+00:00,btc-updown-5m-1787890500,5,3925342,50060676721709971171625328209831609943264336068404735125935115994092498324828,2026-08-28T04:15:00+00:00,2026-08-28T04:20:00+00:00,6.38,0.51,0.52,0.515,0.01,79.67,221.91,99
2026-08-28T04:13:37.385756+00:00,btc-updown-15m-1787889600,15,3925291,91533310357832361174830933327031348450232592125937321096826220354292724583248,2026-08-28T04:00:00+00:00,2026-08-28T04:15:00+00:00,1.38,0.78,0.79,0.785,0.01,1.41,5.0,107
2026-08-28T04:13:37.385756+00:00,btc-updown-15m-1787890500,15,3925343,36472651515235859466821193279841184408322110892252297100322163837564289629780,2026-08-28T04:15:00+00:00,2026-08-28T04:30:00+00:00,16.38,0.51,0.52,0.515,0.01,235.97,234.83,89
2026-08-28T04:14:38.704626+00:00,btc-updown-5m-1787890500,5,3925342,50060676721709971171625328209831609943264336068404735125935115994092498324828,2026-08-28T04:15:00+00:00,2026-08-28T04:20:00+00:00,5.37,0.49,0.5,0.495,0.01,45.0,3.79,99
2026-08-28T04:14:38.704626+00:00,btc-updown-15m-1787890500,15,3925343,36472651515235859466821193279841184408322110892252297100322163837564289629780,2026-08-28T04:15:00+00:00,2026-08-28T04:30:00+00:00,15.37,0.51,0.52,0.515,0.01,472.6,80.83,87
2026-08-28T04:15:39.645099+00:00,btc-updown-5m-1787890500,5,3925342,50060676721709971171625328209831609943264336068404735125935115994092498324828,2026-08-28T04:15:00+00:00,2026-08-28T04:20:00+00:00,4.35,0.72,0.73,0.725,0.01,63.44,125.63,99
2026-08-28T04:15:39.645099+00:00,btc-updown-5m-1787890800,5,3925352,31733311241788300054188741040870838376304299235336732313052336746541744232238,2026-08-28T04:20:00+00:00,2026-08-28T04:25:00+00:00,9.35,0.5,0.51,0.505,0.01,839.43,516.98,99
2026-08-28T04:15:39.645099+00:00,btc-updown-15m-1787890500,15,3925343,36472651515235859466821193279841184408322110892252297100322163837564289629780,2026-08-28T04:15:00+00:00,2026-08-28T04:30:00+00:00,14.35,0.63,0.64,0.635,0.01,83.4,20.0,99
2026-08-28T04:15:39.645099+00:00,btc-updown-15m-1787891400,15,3925856,43589005822985158115030390081262928231140114962253754981031733395755733508967,2026-08-28T04:30:00+00:00,2026-08-28T04:45:00+00:00,29.35,0.5,0.51,0.505,0.01,155.0,495.0,87
2026-08-28T04:16:40.856760+00:00,btc-updown-5m-1787890500,5,3925342,50060676721709971171625328209831609943264336068404735125935115994092498324828,2026-08-28T04:15:00+00:00,2026-08-28T04:20:00+00:00,3.33,0.87,0.88,0.875,0.01,326.66,69.5,99
2026-08-28T04:16:40.856760+00:00,btc-updown-5m-1787890800,5,3925352,31733311241788300054188741040870838376304299235336732313052336746541744232238,2026-08-28T04:20:00+00:00,2026-08-28T04:25:00+00:00,8.33,0.5,0.51,0.505,0.01,829.43,286.52,99
2026-08-28T04:16:40.856760+00:00,btc-updown-15m-1787890500,15,3925343,36472651515235859466821193279841184408322110892252297100322163837564289629780,2026-08-28T04:15:00+00:00,2026-08-28T04:30:00+00:00,13.33,0.73,0.74,0.735,0.01,31.6,55.39,99
2026-08-28T04:16:40.856760+00:00,btc-updown-15m-1787891400,15,3925856,43589005822985158115030390081262928231140114962253754981031733395755733508967,2026-08-28T04:30:00+00:00,2026-08-28T04:45:00+00:00,28.33,0.5,0.51,0.505,0.01,155.0,495.0,87
2026-08-28T04:17:42.060710+00:00,btc-updown-5m-1787890500,5,3925342,50060676721709971171625328209831609943264336068404735125935115994092498324828,2026-08-28T04:15:00+00:00,2026-08-28T04:20:00+00:00,2.3,0.87,0.88,0.875,0.01,326.66,69.5,99
2026-08-28T04:17:42.060710+00:00,btc-updown-5m-1787890800,5,3925352,31733311241788300054188741040870838376304299235336732313052336746541744232238,2026-08-28T04:20:00+00:00,2026-08-28T04:25:00+00:00,7.3,0.5,0.51,0.505,0.01,829.43,286.52,99
2026-08-28T04:17:42.060710+00:00,btc-updown-15m-1787890500,15,3925343,36472651515235859466821193279841184408322110892252297100322163837564289629780,2026-08-28T04:15:00+00:00,2026-08-28T04:30:00+00:00,12.3,0.73,0.74,0.735,0.01,31.6,55.39,99
2026-08-28T04:17:42.060710+00:00,btc-updown-15m-1787891400,15,3925856,43589005822985158115030390081262928231140114962253754981031733395755733508967,2026-08-28T04:30:00+00:00,2026-08-28T04:45:00+00:00,27.3,0.5,0.51,0.505,0.01,155.0,495.0,87
2026-08-28T04:18:43.235665+00:00,btc-updown-5m-1787890500,5,3925342,50060676721709971171625328209831609943264336068404735125935115994092498324828,2026-08-28T04:15:00+00:00,2026-08-28T04:20:00+00:00,1.28,0.87,0.88,0.875,0.01,326.66,69.5,99
2026-08-28T04:18:43.235665+00:00,btc-updown-5m-1787890800,5,3925352,31733311241788300054188741040870838376304299235336732313052336746541744232238,2026-08-28T04:20:00+00:00,2026-08-28T04:25:00+00:00,6.28,0.5,0.51,0.505,0.01,829.43,286.52,99
2026-08-28T04:18:43.235665+00:00,btc-updown-15m-1787890500,15,3925343,36472651515235859466821193279841184408322110892252297100322163837564289629780,2026-08-28T04:15:00+00:00,2026-08-28T04:30:00+00:00,11.28,0.73,0.74,0.735,0.01,31.6,55.39,99
2026-08-28T04:18:43.235665+00:00,btc-updown-15m-1787891400,15,3925856,43589005822985158115030390081262928231140114962253754981031733395755733508967,2026-08-28T04:30:00+00:00,2026-08-28T04:45:00+00:00,26.28,0.5,0.51,0.505,0.01,155.0,495.0,87
2026-08-28T04:19:44.411390+00:00,btc-updown-5m-1787890500,5,3925342,50060676721709971171625328209831609943264336068404735125935115994092498324828,2026-08-28T04:15:00+00:00,2026-08-28T04:20:00+00:00,0.27,0.87,0.88,0.875,0.01,326.66,69.5,99
2026-08-28T04:19:44.411390+00:00,btc-updown-5m-1787890800,5,3925352,31733311241788300054188741040870838376304299235336732313052336746541744232238,2026-08-28T04:20:00+00:00,2026-08-28T04:25:00+00:00,5.27,0.5,0.51,0.505,0.01,829.43,286.52,99
2026-08-28T04:19:44.411390+00:00,btc-updown-15m-1787890500,15,3925343,36472651515235859466821193279841184408322110892252297100322163837564289629780,2026-08-28T04:15:00+00:00,2026-08-28T04:30:00+00:00,10.27,0.73,0.74,0.735,0.01,31.6,55.39,99
2026-08-28T04:19:44.411390+00:00,btc-updown-15m-1787891400,15,3925856,43589005822985158115030390081262928231140114962253754981031733395755733508967,2026-08-28T04:30:00+00:00,2026-08-28T04:45:00+00:00,25.27,0.5,0.51,0.505,0.01,155.0,495.0,87
2026-08-28T04:20:45.652299+00:00,btc-updown-5m-1787890800,5,3925352,31733311241788300054188741040870838376304299235336732313052336746541744232238,2026-08-28T04:20:00+00:00,2026-08-28T04:25:00+00:00,4.25,0.5,0.51,0.505,0.01,829.43,286.52,99
2026-08-28T04:20:45.652299+00:00,btc-updown-5m-1787891100,5,3925819,41401069609518309338661877691635559178921786138556495483903043352112901509277,2026-08-28T04:25:00+00:00,2026-08-28T04:30:00+00:00,9.25,0.5,0.51,0.505,0.01,56.51,488.11,99
2026-08-28T04:20:45.652299+00:00,btc-updown-15m-1787890500,15,3925343,36472651515235859466821193279841184408322110892252297100322163837564289629780,2026-08-28T04:15:00+00:00,2026-08-28T04:30:00+00:00,9.25,0.73,0.74,0.735,0.01,31.6,55.39,99
2026-08-28T04:20:45.652299+00:00,btc-updown-15m-1787891400,15,3925856,43589005822985158115030390081262928231140114962253754981031733395755733508967,2026-08-28T04:30:00+00:00,2026-08-28T04:45:00+00:00,24.25,0.5,0.51,0.505,0.01,155.0,495.0,87
2026-08-28T04:21:46.880986+00:00,btc-updown-5m-1787890800,5,3925352,31733311241788300054188741040870838376304299235336732313052336746541744232238,2026-08-28T04:20:00+00:00,2026-08-28T04:25:00+00:00,3.23,0.5,0.51,0.505,0.01,229.43,914.39,91
2026-08-28T04:21:46.880986+00:00,btc-updown-5m-1787891100,5,3925819,41401069609518309338661877691635559178921786138556495483903043352112901509277,2026-08-28T04:25:00+00:00,2026-08-28T04:30:00+00:00,8.23,0.5,0.51,0.505,0.01,61.51,508.11,99
2026-08-28T04:21:46.880986+00:00,btc-updown-15m-1787890500,15,3925343,36472651515235859466821193279841184408322110892252297100322163837564289629780,2026-08-28T04:15:00+00:00,2026-08-28T04:30:00+00:00,8.23,0.73,0.74,0.735,0.01,186.6,55.39,99
2026-08-28T04:21:46.880986+00:00,btc-updown-15m-1787891400,15,3925856,43589005822985158115030390081262928231140114962253754981031733395755733508967,2026-08-28T04:30:00+00:00,2026-08-28T04:45:00+00:00,23.23,0.5,0.51,0.505,0.01,155.0,495.0,87
2026-08-28T04:22:48.061054+00:00,btc-updown-5m-1787890800,5,3925352,31733311241788300054188741040870838376304299235336732313052336746541744232238,2026-08-28T04:20:00+00:00,2026-08-28T04:25:00+00:00,2.2,0.5,0.51,0.505,0.01,147.5,685.95,95
2026-08-28T04:22:48.061054+00:00,btc-updown-5m-1787891100,5,3925819,41401069609518309338661877691635559178921786138556495483903043352112901509277,2026-08-28T04:25:00+00:00,2026-08-28T04:30:00+00:00,7.2,0.5,0.51,0.505,0.01,176.51,495.14,99
2026-08-28T04:22:48.061054+00:00,btc-updown-15m-1787890500,15,3925343,36472651515235859466821193279841184408322110892252297100322163837564289629780,2026-08-28T04:15:00+00:00,2026-08-28T04:30:00+00:00,7.2,0.73,0.74,0.735,0.01,71.6,138.19,99
2026-08-28T04:22:48.061054+00:00,btc-updown-15m-1787891400,15,3925856,43589005822985158115030390081262928231140114962253754981031733395755733508967,2026-08-28T04:30:00+00:00,2026-08-28T04:45:00+00:00,22.2,0.5,0.51,0.505,0.01,355.0,225.0,87
2026-08-28T04:23:49.254680+00:00,btc-updown-5m-1787890800,5,3925352,31733311241788300054188741040870838376304299235336732313052336746541744232238,2026-08-28T04:20:00+00:00,2026-08-28T04:25:00+00:00,1.18,0.12,0.13,0.125,0.01,141.06,156.05,97
2026-08-28T04:23:49.254680+00:00,btc-updown-5m-1787891100,5,3925819,41401069609518309338661877691635559178921786138556495483903043352112901509277,2026-08-28T04:25:00+00:00,2026-08-28T04:30:00+00:00,6.18,0.49,0.5,0.495,0.01,237.46,9.0,99
2026-08-28T04:23:49.254680+00:00,btc-updown-15m-1787890500,15,3925343,36472651515235859466821193279841184408322110892252297100322163837564289629780,2026-08-28T04:15:00+00:00,2026-08-28T04:30:00+00:00,6.18,0.6,0.61,0.605,0.01,116.73,313.76,98
2026-08-28T04:23:49.254680+00:00,btc-updown-15m-1787891400,15,3925856,43589005822985158115030390081262928231140114962253754981031733395755733508967,2026-08-28T04:30:00+00:00,2026-08-28T04:45:00+00:00,21.18,0.5,0.51,0.505,0.01,385.0,339.08,87
2026-08-28T04:24:50.556472+00:00,btc-updown-5m-1787891100,5,3925819,41401069609518309338661877691635559178921786138556495483903043352112901509277,2026-08-28T04:25:00+00:00,2026-08-28T04:30:00+00:00,5.17,0.48,0.49,0.485,0.01,81.31,105.9,99
2026-08-28T04:24:50.556472+00:00,btc-updown-15m-1787890500,15,3925343,36472651515235859466821193279841184408322110892252297100322163837564289629780,2026-08-28T04:15:00+00:00,2026-08-28T04:30:00+00:00,5.17,0.51,0.54,0.525,0.03,28.0,82.14,97
2026-08-28T04:24:50.556472+00:00,btc-updown-15m-1787891400,15,3925856,43589005822985158115030390081262928231140114962253754981031733395755733508967,2026-08-28T04:30:00+00:00,2026-08-28T04:45:00+00:00,20.17,0.5,0.51,0.505,0.01,397.0,385.0,87
2026-08-28T04:25:51.620150+00:00,btc-updown-5m-1787891100,5,3925819,41401069609518309338661877691635559178921786138556495483903043352112901509277,2026-08-28T04:25:00+00:00,2026-08-28T04:30:00+00:00,4.15,0.54,0.55,0.545,0.01,112.5,46.81,99
2026-08-28T04:25:51.620150+00:00,btc-updown-5m-1787891400,5,3925868,3333736704984184165103469859686620473823242205669750877575478215284377020862,2026-08-28T04:30:00+00:00,2026-08-28T04:35:00+00:00,9.15,0.5,0.51,0.505,0.01,835.98,549.13,99
2026-08-28T04:25:51.620150+00:00,btc-updown-15m-1787890500,15,3925343,36472651515235859466821193279841184408322110892252297100322163837564289629780,2026-08-28T04:15:00+00:00,2026-08-28T04:30:00+00:00,4.15,0.61,0.64,0.625,0.03,23.0,22.0,97
2026-08-28T04:25:51.620150+00:00,btc-updown-15m-1787891400,15,3925856,43589005822985158115030390081262928231140114962253754981031733395755733508967,2026-08-28T04:30:00+00:00,2026-08-28T04:45:00+00:00,19.15,0.5,0.51,0.505,0.01,402.0,174.2,89
2026-08-28T04:26:52.881669+00:00,btc-updown-5m-1787891100,5,3925819,41401069609518309338661877691635559178921786138556495483903043352112901509277,2026-08-28T04:25:00+00:00,2026-08-28T04:30:00+00:00,3.13,0.33,0.34,0.335,0.01,125.0,48.87,99
2026-08-28T04:26:52.881669+00:00,btc-updown-5m-1787891400,5,3925868,3333736704984184165103469859686620473823242205669750877575478215284377020862,2026-08-28T04:30:00+00:00,2026-08-28T04:35:00+00:00,8.13,0.5,0.51,0.505,0.01,847.94,664.63,99
2026-08-28T04:26:52.881669+00:00,btc-updown-15m-1787890500,15,3925343,36472651515235859466821193279841184408322110892252297100322163837564289629780,2026-08-28T04:15:00+00:00,2026-08-28T04:30:00+00:00,3.13,0.45,0.48,0.465,0.03,5.0,50.04,95
2026-08-28T04:26:52.881669+00:00,btc-updown-15m-1787891400,15,3925856,43589005822985158115030390081262928231140114962253754981031733395755733508967,2026-08-28T04:30:00+00:00,2026-08-28T04:45:00+00:00,18.13,0.5,0.51,0.505,0.01,492.0,373.22,89
2026-08-28T04:27:54.072445+00:00,btc-updown-5m-1787891100,5,3925819,41401069609518309338661877691635559178921786138556495483903043352112901509277,2026-08-28T04:25:00+00:00,2026-08-28T04:30:00+00:00,2.1,0.13,0.14,0.135,0.01,54.0,256.21,99
2026-08-28T04:27:54.072445+00:00,btc-updown-5m-1787891400,5,3925868,3333736704984184165103469859686620473823242205669750877575478215284377020862,2026-08-28T04:30:00+00:00,2026-08-28T04:35:00+00:00,7.1,0.5,0.51,0.505,0.01,847.94,1196.63,99
2026-08-28T04:27:54.072445+00:00,btc-updown-15m-1787890500,15,3925343,36472651515235859466821193279841184408322110892252297100322163837564289629780,2026-08-28T04:15:00+00:00,2026-08-28T04:30:00+00:00,2.1,0.23,0.29,0.26,0.06,64.29,6.3,94
2026-08-28T04:27:54.072445+00:00,btc-updown-15m-1787891400,15,3925856,43589005822985158115030390081262928231140114962253754981031733395755733508967,2026-08-28T04:30:00+00:00,2026-08-28T04:45:00+00:00,17.1,0.5,0.51,0.505,0.01,442.0,169.14,89
2026-08-28T04:28:55.301957+00:00,btc-updown-5m-1787891100,5,3925819,41401069609518309338661877691635559178921786138556495483903043352112901509277,2026-08-28T04:25:00+00:00,2026-08-28T04:30:00+00:00,1.08,0.01,0.02,0.015,0.01,1183.28,203.0,99
2026-08-28T04:28:55.301957+00:00,btc-updown-5m-1787891400,5,3925868,3333736704984184165103469859686620473823242205669750877575478215284377020862,2026-08-28T04:30:00+00:00,2026-08-28T04:35:00+00:00,6.08,0.5,0.51,0.505,0.01,241.25,45.0,99
2026-08-28T04:28:55.301957+00:00,btc-updown-15m-1787890500,15,3925343,36472651515235859466821193279841184408322110892252297100322163837564289629780,2026-08-28T04:15:00+00:00,2026-08-28T04:30:00+00:00,1.08,0.04,0.06,0.05,0.02,27.0,92.0,96
2026-08-28T04:28:55.301957+00:00,btc-updown-15m-1787891400,15,3925856,43589005822985158115030390081262928231140114962253754981031733395755733508967,2026-08-28T04:30:00+00:00,2026-08-28T04:45:00+00:00,16.08,0.51,0.52,0.515,0.01,289.95,149.08,89
2026-08-28T04:29:56.514196+00:00,btc-updown-5m-1787891400,5,3925868,3333736704984184165103469859686620473823242205669750877575478215284377020862,2026-08-28T04:30:00+00:00,2026-08-28T04:35:00+00:00,5.07,0.5,0.51,0.505,0.01,118.29,106.0,99
2026-08-28T04:29:56.514196+00:00,btc-updown-15m-1787891400,15,3925856,43589005822985158115030390081262928231140114962253754981031733395755733508967,2026-08-28T04:30:00+00:00,2026-08-28T04:45:00+00:00,15.07,0.51,0.52,0.515,0.01,232.55,122.0,87
2026-08-28T04:30:57.472214+00:00,btc-updown-5m-1787891400,5,3925868,3333736704984184165103469859686620473823242205669750877575478215284377020862,2026-08-28T04:30:00+00:00,2026-08-28T04:35:00+00:00,4.05,0.61,0.62,0.615,0.01,387.16,182.53,99
2026-08-28T04:30:57.472214+00:00,btc-updown-5m-1787891700,5,3925906,9033296847133657746090101868915740803818936485350725237778519754926506929925,2026-08-28T04:35:00+00:00,2026-08-28T04:40:00+00:00,9.05,0.5,0.51,0.505,0.01,746.95,359.53,99
2026-08-28T04:30:57.472214+00:00,btc-updown-15m-1787891400,15,3925856,43589005822985158115030390081262928231140114962253754981031733395755733508967,2026-08-28T04:30:00+00:00,2026-08-28T04:45:00+00:00,14.05,0.57,0.58,0.575,0.01,14.0,38.29,99
2026-08-28T04:30:57.472214+00:00,btc-updown-15m-1787892300,15,3926245,73551843832575634301214716214683757796869126571032559560229551086244458947446,2026-08-28T04:45:00+00:00,2026-08-28T05:00:00+00:00,29.05,0.5,0.51,0.505,0.01,76.0,185.0,87
2026-08-28T04:31:58.938219+00:00,btc-updown-5m-1787891400,5,3925868,3333736704984184165103469859686620473823242205669750877575478215284377020862,2026-08-28T04:30:00+00:00,2026-08-28T04:35:00+00:00,3.03,0.69,0.7,0.695,0.01,61.1,270.55,99
2026-08-28T04:31:58.938219+00:00,btc-updown-5m-1787891700,5,3925906,9033296847133657746090101868915740803818936485350725237778519754926506929925,2026-08-28T04:35:00+00:00,2026-08-28T04:40:00+00:00,8.03,0.51,0.53,0.52,0.02,30.0,272.74,98
2026-08-28T04:31:58.938219+00:00,btc-updown-15m-1787891400,15,3925856,43589005822985158115030390081262928231140114962253754981031733395755733508967,2026-08-28T04:30:00+00:00,2026-08-28T04:45:00+00:00,13.03,0.61,0.63,0.62,0.02,5.0,140.0,98
2026-08-28T04:31:58.938219+00:00,btc-updown-15m-1787892300,15,3926245,73551843832575634301214716214683757796869126571032559560229551086244458947446,2026-08-28T04:45:00+00:00,2026-08-28T05:00:00+00:00,28.03,0.5,0.51,0.505,0.01,68.0,193.0,87
2026-08-28T04:33:00.143498+00:00,btc-updown-5m-1787891400,5,3925868,3333736704984184165103469859686620473823242205669750877575478215284377020862,2026-08-28T04:30:00+00:00,2026-08-28T04:35:00+00:00,2.0,0.01,0.02,0.015,0.01,579.82,123.0,99
2026-08-28T04:33:00.143498+00:00,btc-updown-5m-1787891700,5,3925906,9033296847133657746090101868915740803818936485350725237778519754926506929925,2026-08-28T04:35:00+00:00,2026-08-28T04:40:00+00:00,7.0,0.51,0.53,0.52,0.02,24.79,23.0,98
2026-08-28T04:33:00.143498+00:00,btc-updown-15m-1787891400,15,3925856,43589005822985158115030390081262928231140114962253754981031733395755733508967,2026-08-28T04:30:00+00:00,2026-08-28T04:45:00+00:00,12.0,0.25,0.26,0.255,0.01,5.0,25.0,99
2026-08-28T04:33:00.143498+00:00,btc-updown-15m-1787892300,15,3926245,73551843832575634301214716214683757796869126571032559560229551086244458947446,2026-08-28T04:45:00+00:00,2026-08-28T05:00:00+00:00,27.0,0.5,0.51,0.505,0.01,538.0,185.0,87
2026-08-28T04:34:01.329179+00:00,btc-updown-5m-1787891700,5,3925906,9033296847133657746090101868915740803818936485350725237778519754926506929925,2026-08-28T04:35:00+00:00,2026-08-28T04:40:00+00:00,5.98,0.52,0.53,0.525,0.01,25.0,33.39,99
2026-08-28T04:34:01.329179+00:00,btc-updown-15m-1787891400,15,3925856,43589005822985158115030390081262928231140114962253754981031733395755733508967,2026-08-28T04:30:00+00:00,2026-08-28T04:45:00+00:00,10.98,0.21,0.22,0.215,0.01,10.0,15.0,99
2026-08-28T04:34:01.329179+00:00,btc-updown-15m-1787892300,15,3926245,73551843832575634301214716214683757796869126571032559560229551086244458947446,2026-08-28T04:45:00+00:00,2026-08-28T05:00:00+00:00,25.98,0.5,0.51,0.505,0.01,608.0,183.03,87
2026-08-28T04:35:02.503598+00:00,btc-updown-5m-1787891700,5,3925906,9033296847133657746090101868915740803818936485350725237778519754926506929925,2026-08-28T04:35:00+00:00,2026-08-28T04:40:00+00:00,4.97,0.54,0.55,0.545,0.01,117.88,274.79,99
2026-08-28T04:35:02.503598+00:00,btc-updown-5m-1787892000,5,3926223,89562140565531565582252592518688916439820536031004308722972926369569200979085,2026-08-28T04:40:00+00:00,2026-08-28T04:45:00+00:00,9.97,0.5,0.51,0.505,0.01,727.96,201.98,99
2026-08-28T04:35:02.503598+00:00,btc-updown-15m-1787891400,15,3925856,43589005822985158115030390081262928231140114962253754981031733395755733508967,2026-08-28T04:30:00+00:00,2026-08-28T04:45:00+00:00,9.97,0.22,0.25,0.235,0.03,32.5,6.9,97
2026-08-28T04:35:02.503598+00:00,btc-updown-15m-1787892300,15,3926245,73551843832575634301214716214683757796869126571032559560229551086244458947446,2026-08-28T04:45:00+00:00,2026-08-28T05:00:00+00:00,24.97,0.5,0.51,0.505,0.01,656.0,83.03,87
2026-08-28T04:36:03.703033+00:00,btc-updown-5m-1787891700,5,3925906,9033296847133657746090101868915740803818936485350725237778519754926506929925,2026-08-28T04:35:00+00:00,2026-08-28T04:40:00+00:00,3.95,0.36,0.37,0.365,0.01,9.78,463.11,99
2026-08-28T04:36:03.703033+00:00,btc-updown-5m-1787892000,5,3926223,89562140565531565582252592518688916439820536031004308722972926369569200979085,2026-08-28T04:40:00+00:00,2026-08-28T04:45:00+00:00,8.95,0.5,0.51,0.505,0.01,805.96,76.09,99
2026-08-28T04:36:03.703033+00:00,btc-updown-15m-1787891400,15,3925856,43589005822985158115030390081262928231140114962253754981031733395755733508967,2026-08-28T04:30:00+00:00,2026-08-28T04:45:00+00:00,8.95,0.2,0.21,0.205,0.01,202.58,21.8,99
2026-08-28T04:36:03.703033+00:00,btc-updown-15m-1787892300,15,3926245,73551843832575634301214716214683757796869126571032559560229551086244458947446,2026-08-28T04:45:00+00:00,2026-08-28T05:00:00+00:00,23.95,0.5,0.51,0.505,0.01,882.0,83.03,87
2026-08-28T04:37:04.976303+00:00,btc-updown-5m-1787891700,5,3925906,9033296847133657746090101868915740803818936485350725237778519754926506929925,2026-08-28T04:35:00+00:00,2026-08-28T04:40:00+00:00,2.93,0.25,0.26,0.255,0.01,87.02,15.0,99
2026-08-28T04:37:04.976303+00:00,btc-updown-5m-1787892000,5,3926223,89562140565531565582252592518688916439820536031004308722972926369569200979085,2026-08-28T04:40:00+00:00,2026-08-28T04:45:00+00:00,7.93,0.53,0.54,0.535,0.01,40.0,258.03,99
2026-08-28T04:37:04.976303+00:00,btc-updown-15m-1787891400,15,3925856,43589005822985158115030390081262928231140114962253754981031733395755733508967,2026-08-28T04:30:00+00:00,2026-08-28T04:45:00+00:00,7.93,0.1,0.14,0.12,0.04,159.77,16.34,96
2026-08-28T04:37:04.976303+00:00,btc-updown-15m-1787892300,15,3926245,73551843832575634301214716214683757796869126571032559560229551086244458947446,2026-08-28T04:45:00+00:00,2026-08-28T05:00:00+00:00,22.93,0.5,0.51,0.505,0.01,882.0,83.03,87
2026-08-28T04:38:06.099778+00:00,btc-updown-5m-1787891700,5,3925906,9033296847133657746090101868915740803818936485350725237778519754926506929925,2026-08-28T04:35:00+00:00,2026-08-28T04:40:00+00:00,1.9,0.14,0.15,0.145,0.01,251.33,128.58,99
2026-08-28T04:38:06.099778+00:00,btc-updown-5m-1787892000,5,3926223,89562140565531565582252592518688916439820536031004308722972926369569200979085,2026-08-28T04:40:00+00:00,2026-08-28T04:45:00+00:00,6.9,0.53,0.54,0.535,0.01,11.59,108.62,99
2026-08-28T04:38:06.099778+00:00,btc-updown-15m-1787891400,15,3925856,43589005822985158115030390081262928231140114962253754981031733395755733508967,2026-08-28T04:30:00+00:00,2026-08-28T04:45:00+00:00,6.9,0.09,0.13,0.11,0.04,12.0,24.5,96
2026-08-28T04:38:06.099778+00:00,btc-updown-15m-1787892300,15,3926245,73551843832575634301214716214683757796869126571032559560229551086244458947446,2026-08-28T04:45:00+00:00,2026-08-28T05:00:00+00:00,21.9,0.5,0.51,0.505,0.01,812.0,83.03,87
2026-08-28T04:39:07.226167+00:00,btc-updown-5m-1787892000,5,3926223,89562140565531565582252592518688916439820536031004308722972926369569200979085,2026-08-28T04:40:00+00:00,2026-08-28T04:45:00+00:00,5.88,0.53,0.54,0.535,0.01,114.47,56.6,99
2026-08-28T04:39:07.226167+00:00,btc-updown-15m-1787891400,15,3925856,43589005822985158115030390081262928231140114962253754981031733395755733508967,2026-08-28T04:30:00+00:00,2026-08-28T04:45:00+00:00,5.88,0.06,0.07,0.065,0.01,110.93,35.0,99
2026-08-28T04:39:07.226167+00:00,btc-updown-15m-1787892300,15,3926245,73551843832575634301214716214683757796869126571032559560229551086244458947446,2026-08-28T04:45:00+00:00,2026-08-28T05:00:00+00:00,20.88,0.5,0.51,0.505,0.01,812.0,83.03,87
2026-08-28T04:40:08.327931+00:00,btc-updown-5m-1787892000,5,3926223,89562140565531565582252592518688916439820536031004308722972926369569200979085,2026-08-28T04:40:00+00:00,2026-08-28T04:45:00+00:00,4.87,0.62,0.63,0.625,0.01,130.0,174.55,99
2026-08-28T04:40:08.327931+00:00,btc-updown-5m-1787892300,5,3926236,14621504126860198394367359703687839944026480882509380250752828823101121326544,2026-08-28T04:45:00+00:00,2026-08-28T04:50:00+00:00,9.87,0.5,0.51,0.505,0.01,768.46,491.66,99
2026-08-28T04:40:08.327931+00:00,btc-updown-15m-1787891400,15,3925856,43589005822985158115030390081262928231140114962253754981031733395755733508967,2026-08-28T04:30:00+00:00,2026-08-28T04:45:00+00:00,4.87,0.04,0.05,0.045,0.01,177.0,14.12,99
2026-08-28T04:40:08.327931+00:00,btc-updown-15m-1787892300,15,3926245,73551843832575634301214716214683757796869126571032559560229551086244458947446,2026-08-28T04:45:00+00:00,2026-08-28T05:00:00+00:00,19.87,0.51,0.52,0.515,0.01,105.0,309.71,89
2026-08-28T04:41:09.691752+00:00,btc-updown-5m-1787892000,5,3926223,89562140565531565582252592518688916439820536031004308722972926369569200979085,2026-08-28T04:40:00+00:00,2026-08-28T04:45:00+00:00,3.85,0.82,0.83,0.825,0.01,340.94,5.0,99
2026-08-28T04:41:09.691752+00:00,btc-updown-5m-1787892300,5,3926236,14621504126860198394367359703687839944026480882509380250752828823101121326544,2026-08-28T04:45:00+00:00,2026-08-28T04:50:00+00:00,8.85,0.53,0.54,0.535,0.01,40.0,119.99,99
2026-08-28T04:41:09.691752+00:00,btc-updown-15m-1787891400,15,3925856,43589005822985158115030390081262928231140114962253754981031733395755733508967,2026-08-28T04:30:00+00:00,2026-08-28T04:45:00+00:00,3.85,0.06,0.07,0.065,0.01,2120.0,68.3,99
2026-08-28T04:41:09.691752+00:00,btc-updown-15m-1787892300,15,3926245,73551843832575634301214716214683757796869126571032559560229551086244458947446,2026-08-28T04:45:00+00:00,2026-08-28T05:00:00+00:00,18.85,0.51,0.52,0.515,0.01,561.08,253.53,89
2026-08-28T04:42:10.871853+00:00,btc-updown-5m-1787892000,5,3926223,89562140565531565582252592518688916439820536031004308722972926369569200979085,2026-08-28T04:40:00+00:00,2026-08-28T04:45:00+00:00,2.83,0.94,0.95,0.945,0.01,418.27,5.9,99
2026-08-28T04:42:10.871853+00:00,btc-updown-5m-1787892300,5,3926236,14621504126860198394367359703687839944026480882509380250752828823101121326544,2026-08-28T04:45:00+00:00,2026-08-28T04:50:00+00:00,7.83,0.57,0.58,0.575,0.01,14.44,659.22,99
2026-08-28T04:42:10.871853+00:00,btc-updown-15m-1787891400,15,3925856,43589005822985158115030390081262928231140114962253754981031733395755733508967,2026-08-28T04:30:00+00:00,2026-08-28T04:45:00+00:00,2.83,0.08,0.1,0.09,0.02,18.0,24.0,98
2026-08-28T04:42:10.871853+00:00,btc-updown-15m-1787892300,15,3926245,73551843832575634301214716214683757796869126571032559560229551086244458947446,2026-08-28T04:45:00+00:00,2026-08-28T05:00:00+00:00,17.83,0.51,0.52,0.515,0.01,299.03,55.2,89
2026-08-28T04:43:12.032740+00:00,btc-updown-5m-1787892000,5,3926223,89562140565531565582252592518688916439820536031004308722972926369569200979085,2026-08-28T04:40:00+00:00,2026-08-28T04:45:00+00:00,1.8,0.996,0.999,0.9975,0.003,33.33,2842.81,109
2026-08-28T04:43:12.032740+00:00,btc-updown-5m-1787892300,5,3926236,14621504126860198394367359703687839944026480882509380250752828823101121326544,2026-08-28T04:45:00+00:00,2026-08-28T04:50:00+00:00,6.8,0.56,0.57,0.565,0.01,33.43,164.23,99
2026-08-28T04:43:12.032740+00:00,btc-updown-15m-1787892300,15,3926245,73551843832575634301214716214683757796869126571032559560229551086244458947446,2026-08-28T04:45:00+00:00,2026-08-28T05:00:00+00:00,16.8,0.51,0.52,0.515,0.01,298.07,53.27,89
2026-08-28T04:44:13.160124+00:00,btc-updown-5m-1787892300,5,3926236,14621504126860198394367359703687839944026480882509380250752828823101121326544,2026-08-28T04:45:00+00:00,2026-08-28T04:50:00+00:00,5.78,0.51,0.52,0.515,0.01,79.77,40.0,99
2026-08-28T04:44:13.160124+00:00,btc-updown-15m-1787892300,15,3926245,73551843832575634301214716214683757796869126571032559560229551086244458947446,2026-08-28T04:45:00+00:00,2026-08-28T05:00:00+00:00,15.78,0.52,0.53,0.525,0.01,327.43,117.04,87
2026-08-28T04:45:14.233954+00:00,btc-updown-5m-1787892300,5,3926236,14621504126860198394367359703687839944026480882509380250752828823101121326544,2026-08-28T04:45:00+00:00,2026-08-28T04:50:00+00:00,4.77,0.46,0.47,0.465,0.01,178.34,15.6,99
2026-08-28T04:45:14.233954+00:00,btc-updown-5m-1787892600,5,3926493,69031829668906702162342707043235445216501580784960763259632332460001405412905,2026-08-28T04:50:00+00:00,2026-08-28T04:55:00+00:00,9.77,0.5,0.51,0.505,0.01,785.31,468.84,99
2026-08-28T04:45:14.233954+00:00,btc-updown-15m-1787892300,15,3926245,73551843832575634301214716214683757796869126571032559560229551086244458947446,2026-08-28T04:45:00+00:00,2026-08-28T05:00:00+00:00,14.77,0.49,0.5,0.495,0.01,124.25,30.0,99
2026-08-28T04:45:14.233954+00:00,btc-updown-15m-1787893200,15,3926727,56010699017221875926314656522829114932145399960097815996302767308881517361444,2026-08-28T05:00:00+00:00,2026-08-28T05:15:00+00:00,29.77,0.5,0.51,0.505,0.01,222.46,35.0,87
2026-08-28T04:46:15.480757+00:00,btc-updown-5m-1787892300,5,3926236,14621504126860198394367359703687839944026480882509380250752828823101121326544,2026-08-28T04:45:00+00:00,2026-08-28T04:50:00+00:00,3.75,0.5,0.51,0.505,0.01,101.0,70.44,99
2026-08-28T04:46:15.480757+00:00,btc-updown-5m-1787892600,5,3926493,69031829668906702162342707043235445216501580784960763259632332460001405412905,2026-08-28T04:50:00+00:00,2026-08-28T04:55:00+00:00,8.75,0.5,0.51,0.505,0.01,707.31,447.27,99
2026-08-28T04:46:15.480757+00:00,btc-updown-15m-1787892300,15,3926245,73551843832575634301214716214683757796869126571032559560229551086244458947446,2026-08-28T04:45:00+00:00,2026-08-28T05:00:00+00:00,13.75,0.52,0.53,0.525,0.01,20.0,130.2,99
2026-08-28T04:46:15.480757+00:00,btc-updown-15m-1787893200,15,3926727,56010699017221875926314656522829114932145399960097815996302767308881517361444,2026-08-28T05:00:00+00:00,2026-08-28T05:15:00+00:00,28.75,0.5,0.51,0.505,0.01,622.46,16.14,87
2026-08-28T04:47:16.671415+00:00,btc-updown-5m-1787892300,5,3926236,14621504126860198394367359703687839944026480882509380250752828823101121326544,2026-08-28T04:45:00+00:00,2026-08-28T04:50:00+00:00,2.73,0.54,0.55,0.545,0.01,194.67,324.2,99
2026-08-28T04:47:16.671415+00:00,btc-updown-5m-1787892600,5,3926493,69031829668906702162342707043235445216501580784960763259632332460001405412905,2026-08-28T04:50:00+00:00,2026-08-28T04:55:00+00:00,7.73,0.5,0.51,0.505,0.01,807.31,534.36,99
2026-08-28T04:47:16.671415+00:00,btc-updown-15m-1787892300,15,3926245,73551843832575634301214716214683757796869126571032559560229551086244458947446,2026-08-28T04:45:00+00:00,2026-08-28T05:00:00+00:00,12.73,0.51,0.52,0.515,0.01,10.0,103.13,99
2026-08-28T04:47:16.671415+00:00,btc-updown-15m-1787893200,15,3926727,56010699017221875926314656522829114932145399960097815996302767308881517361444,2026-08-28T05:00:00+00:00,2026-08-28T05:15:00+00:00,27.73,0.5,0.51,0.505,0.01,268.46,16.14,87
2026-08-28T04:48:17.894754+00:00,btc-updown-5m-1787892300,5,3926236,14621504126860198394367359703687839944026480882509380250752828823101121326544,2026-08-28T04:45:00+00:00,2026-08-28T04:50:00+00:00,1.72,0.4,0.41,0.405,0.01,263.33,127.0,99
2026-08-28T04:48:17.894754+00:00,btc-updown-5m-1787892600,5,3926493,69031829668906702162342707043235445216501580784960763259632332460001405412905,2026-08-28T04:50:00+00:00,2026-08-28T04:55:00+00:00,6.72,0.5,0.51,0.505,0.01,179.0,408.14,99
2026-08-28T04:48:17.894754+00:00,btc-updown-15m-1787892300,15,3926245,73551843832575634301214716214683757796869126571032559560229551086244458947446,2026-08-28T04:45:00+00:00,2026-08-28T05:00:00+00:00,11.72,0.47,0.48,0.475,0.01,115.0,104.68,99
2026-08-28T04:48:17.894754+00:00,btc-updown-15m-1787893200,15,3926727,56010699017221875926314656522829114932145399960097815996302767308881517361444,2026-08-28T05:00:00+00:00,2026-08-28T05:15:00+00:00,26.72,0.5,0.51,0.505,0.01,268.46,16.14,87
2026-08-28T04:49:19.056709+00:00,btc-updown-5m-1787892600,5,3926493,69031829668906702162342707043235445216501580784960763259632332460001405412905,2026-08-28T04:50:00+00:00,2026-08-28T04:55:00+00:00,5.68,0.49,0.5,0.495,0.01,97.77,173.0,99
2026-08-28T04:49:19.056709+00:00,btc-updown-15m-1787892300,15,3926245,73551843832575634301214716214683757796869126571032559560229551086244458947446,2026-08-28T04:45:00+00:00,2026-08-28T05:00:00+00:00,10.68,0.26,0.27,0.265,0.01,15.0,20.0,99
2026-08-28T04:49:19.056709+00:00,btc-updown-15m-1787893200,15,3926727,56010699017221875926314656522829114932145399960097815996302767308881517361444,2026-08-28T05:00:00+00:00,2026-08-28T05:15:00+00:00,25.68,0.5,0.51,0.505,0.01,698.46,16.14,87
2026-08-28T04:50:20.139894+00:00,btc-updown-5m-1787892600,5,3926493,69031829668906702162342707043235445216501580784960763259632332460001405412905,2026-08-28T04:50:00+00:00,2026-08-28T04:55:00+00:00,4.67,0.5,0.51,0.505,0.01,237.17,57.0,99
2026-08-28T04:50:20.139894+00:00,btc-updown-5m-1787892900,5,3926698,24563817427855985960577561574398361831215085241744641552799424195341765564067,2026-08-28T04:55:00+00:00,2026-08-28T05:00:00+00:00,9.67,0.5,0.51,0.505,0.01,861.92,518.41,99
2026-08-28T04:50:20.139894+00:00,btc-updown-15m-1787892300,15,3926245,73551843832575634301214716214683757796869126571032559560229551086244458947446,2026-08-28T04:45:00+00:00,2026-08-28T05:00:00+00:00,9.67,0.25,0.26,0.255,0.01,0.83,15.0,99
2026-08-28T04:50:20.139894+00:00,btc-updown-15m-1787893200,15,3926727,56010699017221875926314656522829114932145399960097815996302767308881517361444,2026-08-28T05:00:00+00:00,2026-08-28T05:15:00+00:00,24.67,0.51,0.52,0.515,0.01,609.08,115.59,87
2026-08-28T04:51:21.356005+00:00,btc-updown-5m-1787892600,5,3926493,69031829668906702162342707043235445216501580784960763259632332460001405412905,2026-08-28T04:50:00+00:00,2026-08-28T04:55:00+00:00,3.65,0.86,0.87,0.865,0.01,150.68,23.22,99
2026-08-28T04:51:21.356005+00:00,btc-updown-5m-1787892900,5,3926698,24563817427855985960577561574398361831215085241744641552799424195341765564067,2026-08-28T04:55:00+00:00,2026-08-28T05:00:00+00:00,8.65,0.5,0.51,0.505,0.01,942.92,462.37,99
2026-08-28T04:51:21.356005+00:00,btc-updown-15m-1787892300,15,3926245,73551843832575634301214716214683757796869126571032559560229551086244458947446,2026-08-28T04:45:00+00:00,2026-08-28T05:00:00+00:00,8.65,0.46,0.47,0.465,0.01,15.0,9.0,99
2026-08-28T04:51:21.356005+00:00,btc-updown-15m-1787893200,15,3926727,56010699017221875926314656522829114932145399960097815996302767308881517361444,2026-08-28T05:00:00+00:00,2026-08-28T05:15:00+00:00,23.65,0.51,0.52,0.515,0.01,569.08,40.0,87
2026-08-28T04:52:22.547919+00:00,btc-updown-5m-1787892600,5,3926493,69031829668906702162342707043235445216501580784960763259632332460001405412905,2026-08-28T04:50:00+00:00,2026-08-28T04:55:00+00:00,2.63,0.87,0.88,0.875,0.01,162.24,145.65,99
2026-08-28T04:52:22.547919+00:00,btc-updown-5m-1787892900,5,3926698,24563817427855985960577561574398361831215085241744641552799424195341765564067,2026-08-28T04:55:00+00:00,2026-08-28T05:00:00+00:00,7.63,0.5,0.51,0.505,0.01,907.92,134.76,99
2026-08-28T04:52:22.547919+00:00,btc-updown-15m-1787892300,15,3926245,73551843832575634301214716214683757796869126571032559560229551086244458947446,2026-08-28T04:45:00+00:00,2026-08-28T05:00:00+00:00,7.63,0.36,0.37,0.365,0.01,105.0,10.0,99
2026-08-28T04:52:22.547919+00:00,btc-updown-15m-1787893200,15,3926727,56010699017221875926314656522829114932145399960097815996302767308881517361444,2026-08-28T05:00:00+00:00,2026-08-28T05:15:00+00:00,22.63,0.51,0.52,0.515,0.01,569.08,40.0,87
2026-08-28T04:53:23.673705+00:00,btc-updown-5m-1787892600,5,3926493,69031829668906702162342707043235445216501580784960763259632332460001405412905,2026-08-28T04:50:00+00:00,2026-08-28T04:55:00+00:00,1.62,0.9,0.91,0.905,0.01,324.68,45.85,99
2026-08-28T04:53:23.673705+00:00,btc-updown-5m-1787892900,5,3926698,24563817427855985960577561574398361831215085241744641552799424195341765564067,2026-08-28T04:55:00+00:00,2026-08-28T05:00:00+00:00,6.62,0.5,0.51,0.505,0.01,280.92,43.82,99
2026-08-28T04:53:23.673705+00:00,btc-updown-15m-1787892300,15,3926245,73551843832575634301214716214683757796869126571032559560229551086244458947446,2026-08-28T04:45:00+00:00,2026-08-28T05:00:00+00:00,6.62,0.3,0.31,0.305,0.01,63.0,5.0,99
2026-08-28T04:53:23.673705+00:00,btc-updown-15m-1787893200,15,3926727,56010699017221875926314656522829114932145399960097815996302767308881517361444,2026-08-28T05:00:00+00:00,2026-08-28T05:15:00+00:00,21.62,0.51,0.52,0.515,0.01,609.08,40.0,87
2026-08-28T04:54:24.866139+00:00,btc-updown-5m-1787892900,5,3926698,24563817427855985960577561574398361831215085241744641552799424195341765564067,2026-08-28T04:55:00+00:00,2026-08-28T05:00:00+00:00,5.6,0.5,0.51,0.505,0.01,218.46,50.0,99
2026-08-28T04:54:24.866139+00:00,btc-updown-15m-1787892300,15,3926245,73551843832575634301214716214683757796869126571032559560229551086244458947446,2026-08-28T04:45:00+00:00,2026-08-28T05:00:00+00:00,5.6,0.28,0.29,0.285,0.01,2.52,121.55,99
2026-08-28T04:54:24.866139+00:00,btc-updown-15m-1787893200,15,3926727,56010699017221875926314656522829114932145399960097815996302767308881517361444,2026-08-28T05:00:00+00:00,2026-08-28T05:15:00+00:00,20.6,0.51,0.52,0.515,0.01,569.08,40.0,87
2026-08-28T04:55:25.972300+00:00,btc-updown-5m-1787892900,5,3926698,24563817427855985960577561574398361831215085241744641552799424195341765564067,2026-08-28T04:55:00+00:00,2026-08-28T05:00:00+00:00,4.58,0.57,0.58,0.575,0.01,108.34,103.33,99
2026-08-28T04:55:25.972300+00:00,btc-updown-5m-1787893200,5,3926734,51591723164534728568172880960500558964652669625521424690995655169141675809264,2026-08-28T05:00:00+00:00,2026-08-28T05:05:00+00:00,9.58,0.5,0.51,0.505,0.01,876.44,526.62,99
2026-08-28T04:55:25.972300+00:00,btc-updown-15m-1787892300,15,3926245,73551843832575634301214716214683757796869126571032559560229551086244458947446,2026-08-28T04:45:00+00:00,2026-08-28T05:00:00+00:00,4.58,0.28,0.29,0.285,0.01,2.63,10.0,99
2026-08-28T04:55:25.972300+00:00,btc-updown-15m-1787893200,15,3926727,56010699017221875926314656522829114932145399960097815996302767308881517361444,2026-08-28T05:00:00+00:00,2026-08-28T05:15:00+00:00,19.58,0.51,0.52,0.515,0.01,574.08,29.71,89
2026-08-28T04:56:27.217081+00:00,btc-updown-5m-1787892900,5,3926698,24563817427855985960577561574398361831215085241744641552799424195341765564067,2026-08-28T04:55:00+00:00,2026-08-28T05:00:00+00:00,3.55,0.56,0.57,0.565,0.01,202.88,55.0,99
2026-08-28T04:56:27.217081+00:00,btc-updown-5m-1787893200,5,3926734,51591723164534728568172880960500558964652669625521424690995655169141675809264,2026-08-28T05:00:00+00:00,2026-08-28T05:05:00+00:00,8.55,0.5,0.51,0.505,0.01,819.44,466.0,99
2026-08-28T04:56:27.217081+00:00,btc-updown-15m-1787892300,15,3926245,73551843832575634301214716214683757796869126571032559560229551086244458947446,2026-08-28T04:45:00+00:00,2026-08-28T05:00:00+00:00,3.55,0.2,0.21,0.205,0.01,673.0,15.0,99
2026-08-28T04:56:27.217081+00:00,btc-updown-15m-1787893200,15,3926727,56010699017221875926314656522829114932145399960097815996302767308881517361444,2026-08-28T05:00:00+00:00,2026-08-28T05:15:00+00:00,18.55,0.51,0.52,0.515,0.01,567.29,29.71,89
2026-08-28T04:57:28.430032+00:00,btc-updown-5m-1787892900,5,3926698,24563817427855985960577561574398361831215085241744641552799424195341765564067,2026-08-28T04:55:00+00:00,2026-08-28T05:00:00+00:00,2.53,0.16,0.17,0.165,0.01,43.22,150.33,99
2026-08-28T04:57:28.430032+00:00,btc-updown-5m-1787893200,5,3926734,51591723164534728568172880960500558964652669625521424690995655169141675809264,2026-08-28T05:00:00+00:00,2026-08-28T05:05:00+00:00,7.53,0.52,0.53,0.525,0.01,95.0,134.37,99
2026-08-28T04:57:28.430032+00:00,btc-updown-15m-1787892300,15,3926245,73551843832575634301214716214683757796869126571032559560229551086244458947446,2026-08-28T04:45:00+00:00,2026-08-28T05:00:00+00:00,2.53,0.04,0.05,0.045,0.01,116.0,57.4,99
2026-08-28T04:57:28.430032+00:00,btc-updown-15m-1787893200,15,3926727,56010699017221875926314656522829114932145399960097815996302767308881517361444,2026-08-28T05:00:00+00:00,2026-08-28T05:15:00+00:00,17.53,0.52,0.53,0.525,0.01,438.92,335.93,89
2026-08-28T04:58:29.697737+00:00,btc-updown-5m-1787892900,5,3926698,24563817427855985960577561574398361831215085241744641552799424195341765564067,2026-08-28T04:55:00+00:00,2026-08-28T05:00:00+00:00,1.52,0.37,0.38,0.375,0.01,101.4,212.6,99
2026-08-28T04:58:29.697737+00:00,btc-updown-5m-1787893200,5,3926734,51591723164534728568172880960500558964652669625521424690995655169141675809264,2026-08-28T05:00:00+00:00,2026-08-28T05:05:00+00:00,6.52,0.52,0.53,0.525,0.01,90.0,86.0,99
2026-08-28T04:58:29.697737+00:00,btc-updown-15m-1787892300,15,3926245,73551843832575634301214716214683757796869126571032559560229551086244458947446,2026-08-28T04:45:00+00:00,2026-08-28T05:00:00+00:00,1.52,0.03,0.04,0.035,0.01,93.65,20.0,99
2026-08-28T04:58:29.697737+00:00,btc-updown-15m-1787893200,15,3926727,56010699017221875926314656522829114932145399960097815996302767308881517361444,2026-08-28T05:00:00+00:00,2026-08-28T05:15:00+00:00,16.52,0.54,0.55,0.545,0.01,239.0,474.56,89
2026-08-28T04:59:31.006539+00:00,btc-updown-5m-1787892900,5,3926698,24563817427855985960577561574398361831215085241744641552799424195341765564067,2026-08-28T04:55:00+00:00,2026-08-28T05:00:00+00:00,0.48,0.01,0.02,0.015,0.01,2053.63,14.1,99
2026-08-28T04:59:31.006539+00:00,btc-updown-5m-1787893200,5,3926734,51591723164534728568172880960500558964652669625521424690995655169141675809264,2026-08-28T05:00:00+00:00,2026-08-28T05:05:00+00:00,5.48,0.51,0.52,0.515,0.01,58.52,155.0,99
2026-08-28T04:59:31.006539+00:00,btc-updown-15m-1787893200,15,3926727,56010699017221875926314656522829114932145399960097815996302767308881517361444,2026-08-28T05:00:00+00:00,2026-08-28T05:15:00+00:00,15.48,0.54,0.55,0.545,0.01,228.64,487.29,87
2026-08-28T05:00:32.095756+00:00,btc-updown-5m-1787893200,5,3926734,51591723164534728568172880960500558964652669625521424690995655169141675809264,2026-08-28T05:00:00+00:00,2026-08-28T05:05:00+00:00,4.47,0.27,0.28,0.275,0.01,231.6,333.0,99
2026-08-28T05:00:32.095756+00:00,btc-updown-5m-1787893500,5,3926758,11983183983714554706251646008417263585728507699313451829636561044486225113610,2026-08-28T05:05:00+00:00,2026-08-28T05:10:00+00:00,9.47,0.5,0.51,0.505,0.01,1030.16,567.48,99
2026-08-28T05:00:32.095756+00:00,btc-updown-15m-1787893200,15,3926727,56010699017221875926314656522829114932145399960097815996302767308881517361444,2026-08-28T05:00:00+00:00,2026-08-28T05:15:00+00:00,14.47,0.41,0.42,0.415,0.01,10.0,169.61,99
2026-08-28T05:00:32.095756+00:00,btc-updown-15m-1787894100,15,3926778,96950148784780519555714560266793633650135543966566142513542377612719586603127,2026-08-28T05:15:00+00:00,2026-08-28T05:30:00+00:00,29.47,0.5,0.51,0.505,0.01,698.02,232.84,87
2026-08-28T05:01:33.261835+00:00,btc-updown-5m-1787893200,5,3926734,51591723164534728568172880960500558964652669625521424690995655169141675809264,2026-08-28T05:00:00+00:00,2026-08-28T05:05:00+00:00,3.45,0.12,0.13,0.125,0.01,250.13,354.47,99
2026-08-28T05:01:33.261835+00:00,btc-updown-5m-1787893500,5,3926758,11983183983714554706251646008417263585728507699313451829636561044486225113610,2026-08-28T05:05:00+00:00,2026-08-28T05:10:00+00:00,8.45,0.52,0.53,0.525,0.01,40.0,653.95,99
2026-08-28T05:01:33.261835+00:00,btc-updown-15m-1787893200,15,3926727,56010699017221875926314656522829114932145399960097815996302767308881517361444,2026-08-28T05:00:00+00:00,2026-08-28T05:15:00+00:00,13.45,0.35,0.36,0.355,0.01,357.73,125.6,99
2026-08-28T05:01:33.261835+00:00,btc-updown-15m-1787894100,15,3926778,96950148784780519555714560266793633650135543966566142513542377612719586603127,2026-08-28T05:15:00+00:00,2026-08-28T05:30:00+00:00,28.45,0.5,0.51,0.505,0.01,698.02,223.03,87
2026-08-28T05:02:34.429911+00:00,btc-updown-5m-1787893200,5,3926734,51591723164534728568172880960500558964652669625521424690995655169141675809264,2026-08-28T05:00:00+00:00,2026-08-28T05:05:00+00:00,2.43,0.12,0.13,0.125,0.01,200.0,270.96,99
2026-08-28T05:02:34.429911+00:00,btc-updown-5m-1787893500,5,3926758,11983183983714554706251646008417263585728507699313451829636561044486225113610,2026-08-28T05:05:00+00:00,2026-08-28T05:10:00+00:00,7.43,0.52,0.53,0.525,0.01,39.7,504.87,99
2026-08-28T05:02:34.429911+00:00,btc-updown-15m-1787893200,15,3926727,56010699017221875926314656522829114932145399960097815996302767308881517361444,2026-08-28T05:00:00+00:00,2026-08-28T05:15:00+00:00,12.43,0.36,0.37,0.365,0.01,60.0,62.0,99
2026-08-28T05:02:34.429911+00:00,btc-updown-15m-1787894100,15,3926778,96950148784780519555714560266793633650135543966566142513542377612719586603127,2026-08-28T05:15:00+00:00,2026-08-28T05:30:00+00:00,27.43,0.5,0.51,0.505,0.01,598.02,323.03,87
2026-08-28T05:03:35.555810+00:00,btc-updown-5m-1787893200,5,3926734,51591723164534728568172880960500558964652669625521424690995655169141675809264,2026-08-28T05:00:00+00:00,2026-08-28T05:05:00+00:00,1.42,0.55,0.56,0.555,0.01,200.0,20.99,99
2026-08-28T05:03:35.555810+00:00,btc-updown-5m-1787893500,5,3926758,11983183983714554706251646008417263585728507699313451829636561044486225113610,2026-08-28T05:05:00+00:00,2026-08-28T05:10:00+00:00,6.42,0.52,0.53,0.525,0.01,18.75,325.0,99
2026-08-28T05:03:35.555810+00:00,btc-updown-15m-1787893200,15,3926727,56010699017221875926314656522829114932145399960097815996302767308881517361444,2026-08-28T05:00:00+00:00,2026-08-28T05:15:00+00:00,11.42,0.59,0.6,0.595,0.01,15.0,14.98,99
2026-08-28T05:03:35.555810+00:00,btc-updown-15m-1787894100,15,3926778,96950148784780519555714560266793633650135543966566142513542377612719586603127,2026-08-28T05:15:00+00:00,2026-08-28T05:30:00+00:00,26.42,0.5,0.51,0.505,0.01,167.72,353.03,87
2026-08-28T05:04:36.777767+00:00,btc-updown-5m-1787893500,5,3926758,11983183983714554706251646008417263585728507699313451829636561044486225113610,2026-08-28T05:05:00+00:00,2026-08-28T05:10:00+00:00,5.4,0.51,0.52,0.515,0.01,10.0,3.07,98
2026-08-28T05:04:36.777767+00:00,btc-updown-15m-1787893200,15,3926727,56010699017221875926314656522829114932145399960097815996302767308881517361444,2026-08-28T05:00:00+00:00,2026-08-28T05:15:00+00:00,10.4,0.71,0.72,0.715,0.01,170.0,10.0,99
2026-08-28T05:04:36.777767+00:00,btc-updown-15m-1787894100,15,3926778,96950148784780519555714560266793633650135543966566142513542377612719586603127,2026-08-28T05:15:00+00:00,2026-08-28T05:30:00+00:00,25.4,0.5,0.51,0.505,0.01,77.72,335.0,87
2026-08-28T05:05:37.892130+00:00,btc-updown-5m-1787893500,5,3926758,11983183983714554706251646008417263585728507699313451829636561044486225113610,2026-08-28T05:05:00+00:00,2026-08-28T05:10:00+00:00,4.38,0.27,0.28,0.275,0.01,104.83,253.73,99
2026-08-28T05:05:37.892130+00:00,btc-updown-5m-1787893800,5,3926766,54553757603406867863371527037939567492297249516905678125713518025026389533011,2026-08-28T05:10:00+00:00,2026-08-28T05:15:00+00:00,9.38,0.5,0.51,0.505,0.01,909.9,865.46,99
2026-08-28T05:05:37.892130+00:00,btc-updown-15m-1787893200,15,3926727,56010699017221875926314656522829114932145399960097815996302767308881517361444,2026-08-28T05:00:00+00:00,2026-08-28T05:15:00+00:00,9.38,0.57,0.58,0.575,0.01,43.98,5803.24,98
2026-08-28T05:05:37.892130+00:00,btc-updown-15m-1787894100,15,3926778,96950148784780519555714560266793633650135543966566142513542377612719586603127,2026-08-28T05:15:00+00:00,2026-08-28T05:30:00+00:00,24.38,0.5,0.51,0.505,0.01,317.72,235.0,87
2026-08-28T05:06:39.106429+00:00,btc-updown-5m-1787893500,5,3926758,11983183983714554706251646008417263585728507699313451829636561044486225113610,2026-08-28T05:05:00+00:00,2026-08-28T05:10:00+00:00,3.35,0.19,0.2,0.195,0.01,427.76,189.52,99
2026-08-28T05:06:39.106429+00:00,btc-updown-5m-1787893800,5,3926766,54553757603406867863371527037939567492297249516905678125713518025026389533011,2026-08-28T05:10:00+00:00,2026-08-28T05:15:00+00:00,8.35,0.5,0.51,0.505,0.01,912.9,730.77,99
2026-08-28T05:06:39.106429+00:00,btc-updown-15m-1787893200,15,3926727,56010699017221875926314656522829114932145399960097815996302767308881517361444,2026-08-28T05:00:00+00:00,2026-08-28T05:15:00+00:00,8.35,0.54,0.55,0.545,0.01,65.0,30.0,98
2026-08-28T05:06:39.106429+00:00,btc-updown-15m-1787894100,15,3926778,96950148784780519555714560266793633650135543966566142513542377612719586603127,2026-08-28T05:15:00+00:00,2026-08-28T05:30:00+00:00,23.35,0.5,0.51,0.505,0.01,367.72,285.0,87
2026-08-28T05:07:40.362376+00:00,btc-updown-5m-1787893500,5,3926758,11983183983714554706251646008417263585728507699313451829636561044486225113610,2026-08-28T05:05:00+00:00,2026-08-28T05:10:00+00:00,2.33,0.08,0.09,0.085,0.01,70.42,340.12,99
2026-08-28T05:07:40.362376+00:00,btc-updown-5m-1787893800,5,3926766,54553757603406867863371527037939567492297249516905678125713518025026389533011,2026-08-28T05:10:00+00:00,2026-08-28T05:15:00+00:00,7.33,0.52,0.53,0.525,0.01,95.0,374.03,99
2026-08-28T05:07:40.362376+00:00,btc-updown-15m-1787893200,15,3926727,56010699017221875926314656522829114932145399960097815996302767308881517361444,2026-08-28T05:00:00+00:00,2026-08-28T05:15:00+00:00,7.33,0.45,0.46,0.455,0.01,13.0,202.0,96
2026-08-28T05:07:40.362376+00:00,btc-updown-15m-1787894100,15,3926778,96950148784780519555714560266793633650135543966566142513542377612719586603127,2026-08-28T05:15:00+00:00,2026-08-28T05:30:00+00:00,22.33,0.5,0.51,0.505,0.01,367.72,285.0,87
2026-08-28T05:08:41.544584+00:00,btc-updown-5m-1787893800,5,3926766,54553757603406867863371527037939567492297249516905678125713518025026389533011,2026-08-28T05:10:00+00:00,2026-08-28T05:15:00+00:00,6.32,0.54,0.55,0.545,0.01,15.0,152.0,99
2026-08-28T05:08:41.544584+00:00,btc-updown-15m-1787893200,15,3926727,56010699017221875926314656522829114932145399960097815996302767308881517361444,2026-08-28T05:00:00+00:00,2026-08-28T05:15:00+00:00,6.32,0.21,0.22,0.215,0.01,709.0,127.6,99
2026-08-28T05:08:41.544584+00:00,btc-updown-15m-1787894100,15,3926778,96950148784780519555714560266793633650135543966566142513542377612719586603127,2026-08-28T05:15:00+00:00,2026-08-28T05:30:00+00:00,21.32,0.5,0.51,0.505,0.01,747.71,285.0,87
2026-08-28T05:09:42.825382+00:00,btc-updown-5m-1787893800,5,3926766,54553757603406867863371527037939567492297249516905678125713518025026389533011,2026-08-28T05:10:00+00:00,2026-08-28T05:15:00+00:00,5.3,0.39,0.41,0.4,0.02,34.78,53.56,98
2026-08-28T05:09:42.825382+00:00,btc-updown-15m-1787893200,15,3926727,56010699017221875926314656522829114932145399960097815996302767308881517361444,2026-08-28T05:00:00+00:00,2026-08-28T05:15:00+00:00,5.3,0.18,0.19,0.185,0.01,139.5,53.4,99
2026-08-28T05:09:42.825382+00:00,btc-updown-15m-1787894100,15,3926778,96950148784780519555714560266793633650135543966566142513542377612719586603127,2026-08-28T05:15:00+00:00,2026-08-28T05:30:00+00:00,20.3,0.5,0.51,0.505,0.01,767.71,285.0,87
2026-08-28T05:10:43.939222+00:00,btc-updown-5m-1787893800,5,3926766,54553757603406867863371527037939567492297249516905678125713518025026389533011,2026-08-28T05:10:00+00:00,2026-08-28T05:15:00+00:00,4.28,0.51,0.52,0.515,0.01,15.0,45.0,99
2026-08-28T05:10:43.939222+00:00,btc-updown-5m-1787894100,5,3926775,34531841850767467153093510366905959974507615566792156363722360222349615517265,2026-08-28T05:15:00+00:00,2026-08-28T05:20:00+00:00,9.28,0.51,0.52,0.515,0.01,51.78,276.0,99
2026-08-28T05:10:43.939222+00:00,btc-updown-15m-1787893200,15,3926727,56010699017221875926314656522829114932145399960097815996302767308881517361444,2026-08-28T05:00:00+00:00,2026-08-28T05:15:00+00:00,4.28,0.2,0.22,0.21,0.02,10.0,5.0,97
2026-08-28T05:10:43.939222+00:00,btc-updown-15m-1787894100,15,3926778,96950148784780519555714560266793633650135543966566142513542377612719586603127,2026-08-28T05:15:00+00:00,2026-08-28T05:30:00+00:00,19.28,0.51,0.52,0.515,0.01,572.78,305.0,89
2026-08-28T05:11:45.137050+00:00,btc-updown-5m-1787893800,5,3926766,54553757603406867863371527037939567492297249516905678125713518025026389533011,2026-08-28T05:10:00+00:00,2026-08-28T05:15:00+00:00,3.25,0.59,0.6,0.595,0.01,199.8,236.0,99
2026-08-28T05:11:45.137050+00:00,btc-updown-5m-1787894100,5,3926775,34531841850767467153093510366905959974507615566792156363722360222349615517265,2026-08-28T05:15:00+00:00,2026-08-28T05:20:00+00:00,8.25,0.53,0.54,0.535,0.01,24.05,427.26,99
2026-08-28T05:11:45.137050+00:00,btc-updown-15m-1787893200,15,3926727,56010699017221875926314656522829114932145399960097815996302767308881517361444,2026-08-28T05:00:00+00:00,2026-08-28T05:15:00+00:00,3.25,0.17,0.18,0.175,0.01,5.0,65.0,99
2026-08-28T05:11:45.137050+00:00,btc-updown-15m-1787894100,15,3926778,96950148784780519555714560266793633650135543966566142513542377612719586603127,2026-08-28T05:15:00+00:00,2026-08-28T05:30:00+00:00,18.25,0.51,0.52,0.515,0.01,572.78,301.47,89
2026-08-28T05:12:46.844317+00:00,btc-updown-5m-1787893800,5,3926766,54553757603406867863371527037939567492297249516905678125713518025026389533011,2026-08-28T05:10:00+00:00,2026-08-28T05:15:00+00:00,2.23,0.59,0.63,0.61,0.04,24.0,12.6,93
2026-08-28T05:12:46.844317+00:00,btc-updown-5m-1787894100,5,3926775,34531841850767467153093510366905959974507615566792156363722360222349615517265,2026-08-28T05:15:00+00:00,2026-08-28T05:20:00+00:00,7.23,0.53,0.54,0.535,0.01,24.05,527.26,99
2026-08-28T05:12:46.844317+00:00,btc-updown-15m-1787893200,15,3926727,56010699017221875926314656522829114932145399960097815996302767308881517361444,2026-08-28T05:00:00+00:00,2026-08-28T05:15:00+00:00,2.23,0.1,0.11,0.105,0.01,5.0,60.0,99
2026-08-28T05:12:46.844317+00:00,btc-updown-15m-1787894100,15,3926778,96950148784780519555714560266793633650135543966566142513542377612719586603127,2026-08-28T05:15:00+00:00,2026-08-28T05:30:00+00:00,17.23,0.52,0.53,0.525,0.01,442.31,283.56,89
2026-08-28T05:13:47.973175+00:00,btc-updown-5m-1787893800,5,3926766,54553757603406867863371527037939567492297249516905678125713518025026389533011,2026-08-28T05:10:00+00:00,2026-08-28T05:15:00+00:00,1.22,0.81,0.82,0.815,0.01,127.0,79.26,99
2026-08-28T05:13:47.973175+00:00,btc-updown-5m-1787894100,5,3926775,34531841850767467153093510366905959974507615566792156363722360222349615517265,2026-08-28T05:15:00+00:00,2026-08-28T05:20:00+00:00,6.22,0.52,0.53,0.525,0.01,115.91,378.08,99
2026-08-28T05:13:47.973175+00:00,btc-updown-15m-1787893200,15,3926727,56010699017221875926314656522829114932145399960097815996302767308881517361444,2026-08-28T05:00:00+00:00,2026-08-28T05:15:00+00:00,1.22,0.04,0.05,0.045,0.01,93.0,151.0,98
2026-08-28T05:13:47.973175+00:00,btc-updown-15m-1787894100,15,3926778,96950148784780519555714560266793633650135543966566142513542377612719586603127,2026-08-28T05:15:00+00:00,2026-08-28T05:30:00+00:00,16.22,0.53,0.54,0.535,0.01,217.18,276.62,89
2026-08-28T05:14:49.185139+00:00,btc-updown-5m-1787894100,5,3926775,34531841850767467153093510366905959974507615566792156363722360222349615517265,2026-08-28T05:15:00+00:00,2026-08-28T05:20:00+00:00,5.18,0.56,0.57,0.565,0.01,5.0,40.0,98
2026-08-28T05:14:49.185139+00:00,btc-updown-15m-1787894100,15,3926778,96950148784780519555714560266793633650135543966566142513542377612719586603127,2026-08-28T05:15:00+00:00,2026-08-28T05:30:00+00:00,15.18,0.53,0.54,0.535,0.01,837.68,9.21,87
2026-08-28T05:15:50.123546+00:00,btc-updown-5m-1787894100,5,3926775,34531841850767467153093510366905959974507615566792156363722360222349615517265,2026-08-28T05:15:00+00:00,2026-08-28T05:20:00+00:00,4.17,0.75,0.76,0.755,0.01,225.6,190.96,99
2026-08-28T05:15:50.123546+00:00,btc-updown-5m-1787894400,5,3926788,8500379754159705828824366166028674203493901721798988601137427522422165578747,2026-08-28T05:20:00+00:00,2026-08-28T05:25:00+00:00,9.17,0.5,0.51,0.505,0.01,1236.47,229.4,99
2026-08-28T05:15:50.123546+00:00,btc-updown-15m-1787894100,15,3926778,96950148784780519555714560266793633650135543966566142513542377612719586603127,2026-08-28T05:15:00+00:00,2026-08-28T05:30:00+00:00,14.17,0.64,0.65,0.645,0.01,240.6,51.84,99
2026-08-28T05:15:50.123546+00:00,btc-updown-15m-1787895000,15,3926847,9247822874686769931434891470476683010013767583605558555702940415846650420721,2026-08-28T05:30:00+00:00,2026-08-28T05:45:00+00:00,29.17,0.51,0.52,0.515,0.01,81.46,235.0,87
2026-08-28T05:16:51.305375+00:00,btc-updown-5m-1787894100,5,3926775,34531841850767467153093510366905959974507615566792156363722360222349615517265,2026-08-28T05:15:00+00:00,2026-08-28T05:20:00+00:00,3.15,0.69,0.7,0.695,0.01,399.0,20.0,99
2026-08-28T05:16:51.305375+00:00,btc-updown-5m-1787894400,5,3926788,8500379754159705828824366166028674203493901721798988601137427522422165578747,2026-08-28T05:20:00+00:00,2026-08-28T05:25:00+00:00,8.15,0.51,0.52,0.515,0.01,70.0,205.0,99
2026-08-28T05:16:51.305375+00:00,btc-updown-15m-1787894100,15,3926778,96950148784780519555714560266793633650135543966566142513542377612719586603127,2026-08-28T05:15:00+00:00,2026-08-28T05:30:00+00:00,13.15,0.6,0.61,0.605,0.01,151.0,50.0,99
2026-08-28T05:16:51.305375+00:00,btc-updown-15m-1787895000,15,3926847,9247822874686769931434891470476683010013767583605558555702940415846650420721,2026-08-28T05:30:00+00:00,2026-08-28T05:45:00+00:00,28.15,0.51,0.52,0.515,0.01,389.46,235.0,87
2026-08-28T05:17:52.482606+00:00,btc-updown-5m-1787894100,5,3926775,34531841850767467153093510366905959974507615566792156363722360222349615517265,2026-08-28T05:15:00+00:00,2026-08-28T05:20:00+00:00,2.13,0.85,0.86,0.855,0.01,375.47,111.96,99
2026-08-28T05:17:52.482606+00:00,btc-updown-5m-1787894400,5,3926788,8500379754159705828824366166028674203493901721798988601137427522422165578747,2026-08-28T05:20:00+00:00,2026-08-28T05:25:00+00:00,7.13,0.51,0.52,0.515,0.01,220.77,305.0,99
2026-08-28T05:17:52.482606+00:00,btc-updown-15m-1787894100,15,3926778,96950148784780519555714560266793633650135543966566142513542377612719586603127,2026-08-28T05:15:00+00:00,2026-08-28T05:30:00+00:00,12.13,0.62,0.63,0.625,0.01,25.5,110.0,99
2026-08-28T05:17:52.482606+00:00,btc-updown-15m-1787895000,15,3926847,9247822874686769931434891470476683010013767583605558555702940415846650420721,2026-08-28T05:30:00+00:00,2026-08-28T05:45:00+00:00,27.13,0.51,0.52,0.515,0.01,58.0,235.0,87
2026-08-28T05:18:53.645315+00:00,btc-updown-5m-1787894400,5,3926788,8500379754159705828824366166028674203493901721798988601137427522422165578747,2026-08-28T05:20:00+00:00,2026-08-28T05:25:00+00:00,6.12,0.51,0.52,0.515,0.01,165.43,40.0,99
2026-08-28T05:18:53.645315+00:00,btc-updown-15m-1787894100,15,3926778,96950148784780519555714560266793633650135543966566142513542377612719586603127,2026-08-28T05:15:00+00:00,2026-08-28T05:30:00+00:00,11.12,0.71,0.72,0.715,0.01,45.0,50.0,99
2026-08-28T05:18:53.645315+00:00,btc-updown-15m-1787895000,15,3926847,9247822874686769931434891470476683010013767583605558555702940415846650420721,2026-08-28T05:30:00+00:00,2026-08-28T05:45:00+00:00,26.12,0.51,0.52,0.515,0.01,365.46,235.0,87
2026-08-28T05:19:54.742406+00:00,btc-updown-5m-1787894400,5,3926788,8500379754159705828824366166028674203493901721798988601137427522422165578747,2026-08-28T05:20:00+00:00,2026-08-28T05:25:00+00:00,5.1,0.42,0.43,0.425,0.01,105.17,173.0,98
2026-08-28T05:19:54.742406+00:00,btc-updown-15m-1787894100,15,3926778,96950148784780519555714560266793633650135543966566142513542377612719586603127,2026-08-28T05:15:00+00:00,2026-08-28T05:30:00+00:00,10.1,0.59,0.6,0.595,0.01,30.0,191.0,99
2026-08-28T05:19:54.742406+00:00,btc-updown-15m-1787895000,15,3926847,9247822874686769931434891470476683010013767583605558555702940415846650420721,2026-08-28T05:30:00+00:00,2026-08-28T05:45:00+00:00,25.1,0.51,0.52,0.515,0.01,83.41,233.07,87
2026-08-28T05:20:55.896867+00:00,btc-updown-5m-1787894400,5,3926788,8500379754159705828824366166028674203493901721798988601137427522422165578747,2026-08-28T05:20:00+00:00,2026-08-28T05:25:00+00:00,4.08,0.22,0.23,0.225,0.01,106.82,16.85,99
2026-08-28T05:20:55.896867+00:00,btc-updown-5m-1787894700,5,3926837,44852097408106571056928505986747884386276704534623861448387177412218033100082,2026-08-28T05:25:00+00:00,2026-08-28T05:30:00+00:00,9.08,0.52,0.53,0.525,0.01,55.0,345.56,99
2026-08-28T05:20:55.896867+00:00,btc-updown-15m-1787894100,15,3926778,96950148784780519555714560266793633650135543966566142513542377612719586603127,2026-08-28T05:15:00+00:00,2026-08-28T05:30:00+00:00,9.08,0.52,0.53,0.525,0.01,65.0,27.0,99
2026-08-28T05:20:55.896867+00:00,btc-updown-15m-1787895000,15,3926847,9247822874686769931434891470476683010013767583605558555702940415846650420721,2026-08-28T05:30:00+00:00,2026-08-28T05:45:00+00:00,24.08,0.51,0.52,0.515,0.01,279.49,243.07,87
2026-08-28T05:21:57.143695+00:00,btc-updown-5m-1787894400,5,3926788,8500379754159705828824366166028674203493901721798988601137427522422165578747,2026-08-28T05:20:00+00:00,2026-08-28T05:25:00+00:00,3.05,0.14,0.15,0.145,0.01,248.67,402.23,99
2026-08-28T05:21:57.143695+00:00,btc-updown-5m-1787894700,5,3926837,44852097408106571056928505986747884386276704534623861448387177412218033100082,2026-08-28T05:25:00+00:00,2026-08-28T05:30:00+00:00,8.05,0.52,0.53,0.525,0.01,55.0,275.84,99
2026-08-28T05:21:57.143695+00:00,btc-updown-15m-1787894100,15,3926778,96950148784780519555714560266793633650135543966566142513542377612719586603127,2026-08-28T05:15:00+00:00,2026-08-28T05:30:00+00:00,8.05,0.48,0.49,0.485,0.01,150.0,120.0,99
2026-08-28T05:21:57.143695+00:00,btc-updown-15m-1787895000,15,3926847,9247822874686769931434891470476683010013767583605558555702940415846650420721,2026-08-28T05:30:00+00:00,2026-08-28T05:45:00+00:00,23.05,0.51,0.52,0.515,0.01,579.49,243.07,87
2026-08-28T05:22:58.368133+00:00,btc-updown-5m-1787894400,5,3926788,8500379754159705828824366166028674203493901721798988601137427522422165578747,2026-08-28T05:20:00+00:00,2026-08-28T05:25:00+00:00,2.03,0.02,0.03,0.025,0.01,1146.02,478.7,99
2026-08-28T05:22:58.368133+00:00,btc-updown-5m-1787894700,5,3926837,44852097408106571056928505986747884386276704534623861448387177412218033100082,2026-08-28T05:25:00+00:00,2026-08-28T05:30:00+00:00,7.03,0.52,0.53,0.525,0.01,455.0,290.27,99
2026-08-28T05:22:58.368133+00:00,btc-updown-15m-1787894100,15,3926778,96950148784780519555714560266793633650135543966566142513542377612719586603127,2026-08-28T05:15:00+00:00,2026-08-28T05:30:00+00:00,7.03,0.32,0.33,0.325,0.01,157.09,284.33,98
2026-08-28T05:22:58.368133+00:00,btc-updown-15m-1787895000,15,3926847,9247822874686769931434891470476683010013767583605558555702940415846650420721,2026-08-28T05:30:00+00:00,2026-08-28T05:45:00+00:00,22.03,0.51,0.52,0.515,0.01,319.49,243.07,87
2026-08-28T05:23:59.600622+00:00,btc-updown-5m-1787894700,5,3926837,44852097408106571056928505986747884386276704534623861448387177412218033100082,2026-08-28T05:25:00+00:00,2026-08-28T05:30:00+00:00,6.02,0.52,0.53,0.525,0.01,6.83,181.75,99
2026-08-28T05:23:59.600622+00:00,btc-updown-15m-1787894100,15,3926778,96950148784780519555714560266793633650135543966566142513542377612719586603127,2026-08-28T05:15:00+00:00,2026-08-28T05:30:00+00:00,6.02,0.3,0.31,0.305,0.01,129.0,30.0,99
2026-08-28T05:23:59.600622+00:00,btc-updown-15m-1787895000,15,3926847,9247822874686769931434891470476683010013767583605558555702940415846650420721,2026-08-28T05:30:00+00:00,2026-08-28T05:45:00+00:00,21.02,0.51,0.52,0.515,0.01,579.49,243.07,87
2026-08-28T05:25:00.752136+00:00,btc-updown-5m-1787894700,5,3926837,44852097408106571056928505986747884386276704534623861448387177412218033100082,2026-08-28T05:25:00+00:00,2026-08-28T05:30:00+00:00,5.0,0.72,0.73,0.725,0.01,115.0,23.38,99
2026-08-28T05:25:00.752136+00:00,btc-updown-5m-1787895000,5,3926841,48607372635244718894819648885617266607816980720630757127995046492212726505219,2026-08-28T05:30:00+00:00,2026-08-28T05:35:00+00:00,10.0,0.5,0.51,0.505,0.01,864.17,441.98,99
2026-08-28T05:25:00.752136+00:00,btc-updown-15m-1787894100,15,3926778,96950148784780519555714560266793633650135543966566142513542377612719586603127,2026-08-28T05:15:00+00:00,2026-08-28T05:30:00+00:00,5.0,0.67,0.68,0.675,0.01,15.0,98.52,99
2026-08-28T05:25:00.752136+00:00,btc-updown-15m-1787895000,15,3926847,9247822874686769931434891470476683010013767583605558555702940415846650420721,2026-08-28T05:30:00+00:00,2026-08-28T05:45:00+00:00,20.0,0.51,0.52,0.515,0.01,612.49,441.2,89
2026-08-28T05:26:01.916062+00:00,btc-updown-5m-1787894700,5,3926837,44852097408106571056928505986747884386276704534623861448387177412218033100082,2026-08-28T05:25:00+00:00,2026-08-28T05:30:00+00:00,3.98,0.76,0.77,0.765,0.01,245.9,6.0,99
2026-08-28T05:26:01.916062+00:00,btc-updown-5m-1787895000,5,3926841,48607372635244718894819648885617266607816980720630757127995046492212726505219,2026-08-28T05:30:00+00:00,2026-08-28T05:35:00+00:00,8.98,0.52,0.53,0.525,0.01,28.47,357.96,99
2026-08-28T05:26:01.916062+00:00,btc-updown-15m-1787894100,15,3926778,96950148784780519555714560266793633650135543966566142513542377612719586603127,2026-08-28T05:15:00+00:00,2026-08-28T05:30:00+00:00,3.98,0.66,0.67,0.665,0.01,57.0,20.0,99
2026-08-28T05:26:01.916062+00:00,btc-updown-15m-1787895000,15,3926847,9247822874686769931434891470476683010013767583605558555702940415846650420721,2026-08-28T05:30:00+00:00,2026-08-28T05:45:00+00:00,18.98,0.51,0.52,0.515,0.01,312.49,446.2,89
2026-08-28T05:27:03.110567+00:00,btc-updown-5m-1787894700,5,3926837,44852097408106571056928505986747884386276704534623861448387177412218033100082,2026-08-28T05:25:00+00:00,2026-08-28T05:30:00+00:00,2.95,0.9,0.91,0.905,0.01,178.4,111.86,99
2026-08-28T05:27:03.110567+00:00,btc-updown-5m-1787895000,5,3926841,48607372635244718894819648885617266607816980720630757127995046492212726505219,2026-08-28T05:30:00+00:00,2026-08-28T05:35:00+00:00,7.95,0.52,0.53,0.525,0.01,23.26,7.35,99
2026-08-28T05:27:03.110567+00:00,btc-updown-15m-1787894100,15,3926778,96950148784780519555714560266793633650135543966566142513542377612719586603127,2026-08-28T05:15:00+00:00,2026-08-28T05:30:00+00:00,2.95,0.81,0.82,0.815,0.01,253.4,50.0,99
2026-08-28T05:27:03.110567+00:00,btc-updown-15m-1787895000,15,3926847,9247822874686769931434891470476683010013767583605558555702940415846650420721,2026-08-28T05:30:00+00:00,2026-08-28T05:45:00+00:00,17.95,0.51,0.52,0.515,0.01,345.75,444.27,89
2026-08-28T05:28:04.309729+00:00,btc-updown-5m-1787894700,5,3926837,44852097408106571056928505986747884386276704534623861448387177412218033100082,2026-08-28T05:25:00+00:00,2026-08-28T05:30:00+00:00,1.93,0.91,0.92,0.915,0.01,196.0,227.22,99
2026-08-28T05:28:04.309729+00:00,btc-updown-5m-1787895000,5,3926841,48607372635244718894819648885617266607816980720630757127995046492212726505219,2026-08-28T05:30:00+00:00,2026-08-28T05:35:00+00:00,6.93,0.52,0.53,0.525,0.01,28.26,517.11,99
2026-08-28T05:28:04.309729+00:00,btc-updown-15m-1787894100,15,3926778,96950148784780519555714560266793633650135543966566142513542377612719586603127,2026-08-28T05:15:00+00:00,2026-08-28T05:30:00+00:00,1.93,0.81,0.82,0.815,0.01,70.0,5.0,99
2026-08-28T05:28:04.309729+00:00,btc-updown-15m-1787895000,15,3926847,9247822874686769931434891470476683010013767583605558555702940415846650420721,2026-08-28T05:30:00+00:00,2026-08-28T05:45:00+00:00,16.93,0.51,0.52,0.515,0.01,503.29,255.18,89
2026-08-28T05:29:05.504362+00:00,btc-updown-5m-1787895000,5,3926841,48607372635244718894819648885617266607816980720630757127995046492212726505219,2026-08-28T05:30:00+00:00,2026-08-28T05:35:00+00:00,5.92,0.5,0.53,0.515,0.03,297.25,1253.65,97
2026-08-28T05:29:05.504362+00:00,btc-updown-15m-1787895000,15,3926847,9247822874686769931434891470476683010013767583605558555702940415846650420721,2026-08-28T05:30:00+00:00,2026-08-28T05:45:00+00:00,15.92,0.52,0.53,0.525,0.01,286.73,255.69,87
2026-08-28T05:30:06.556515+00:00,btc-updown-5m-1787895000,5,3926841,48607372635244718894819648885617266607816980720630757127995046492212726505219,2026-08-28T05:30:00+00:00,2026-08-28T05:35:00+00:00,4.9,0.56,0.57,0.565,0.01,327.0,42.01,99
2026-08-28T05:30:06.556515+00:00,btc-updown-5m-1787895300,5,3927169,72593855845348899735093524410012184329103913510847299521092140075323450254569,2026-08-28T05:35:00+00:00,2026-08-28T05:40:00+00:00,9.9,0.5,0.51,0.505,0.01,786.2,45.0,99
2026-08-28T05:30:06.556515+00:00,btc-updown-15m-1787895000,15,3926847,9247822874686769931434891470476683010013767583605558555702940415846650420721,2026-08-28T05:30:00+00:00,2026-08-28T05:45:00+00:00,14.9,0.54,0.55,0.545,0.01,20.0,58.07,99
2026-08-28T05:30:06.556515+00:00,btc-updown-15m-1787895900,15,3927300,44040268355616124804341805157276431051824774190270266227871376932922423636526,2026-08-28T05:45:00+00:00,2026-08-28T06:00:00+00:00,29.9,0.5,0.51,0.505,0.01,160.0,310.0,87
2026-08-28T05:31:07.770456+00:00,btc-updown-5m-1787895000,5,3926841,48607372635244718894819648885617266607816980720630757127995046492212726505219,2026-08-28T05:30:00+00:00,2026-08-28T05:35:00+00:00,3.88,0.68,0.7,0.69,0.02,877.52,219.0,98
2026-08-28T05:31:07.770456+00:00,btc-updown-5m-1787895300,5,3927169,72593855845348899735093524410012184329103913510847299521092140075323450254569,2026-08-28T05:35:00+00:00,2026-08-28T05:40:00+00:00,8.88,0.51,0.53,0.52,0.02,7.0,270.0,98
2026-08-28T05:31:07.770456+00:00,btc-updown-15m-1787895000,15,3926847,9247822874686769931434891470476683010013767583605558555702940415846650420721,2026-08-28T05:30:00+00:00,2026-08-28T05:45:00+00:00,13.88,0.65,0.66,0.655,0.01,79.0,1560.9,99
2026-08-28T05:31:07.770456+00:00,btc-updown-15m-1787895900,15,3927300,44040268355616124804341805157276431051824774190270266227871376932922423636526,2026-08-28T05:45:00+00:00,2026-08-28T06:00:00+00:00,28.88,0.5,0.51,0.505,0.01,60.0,610.0,87
2026-08-28T05:32:08.996933+00:00,btc-updown-5m-1787895000,5,3926841,48607372635244718894819648885617266607816980720630757127995046492212726505219,2026-08-28T05:30:00+00:00,2026-08-28T05:35:00+00:00,2.87,0.84,0.85,0.845,0.01,91.44,212.9,99
2026-08-28T05:32:08.996933+00:00,btc-updown-5m-1787895300,5,3927169,72593855845348899735093524410012184329103913510847299521092140075323450254569,2026-08-28T05:35:00+00:00,2026-08-28T05:40:00+00:00,7.87,0.51,0.52,0.515,0.01,6.89,485.0,99
2026-08-28T05:32:08.996933+00:00,btc-updown-15m-1787895000,15,3926847,9247822874686769931434891470476683010013767583605558555702940415846650420721,2026-08-28T05:30:00+00:00,2026-08-28T05:45:00+00:00,12.87,0.67,0.68,0.675,0.01,139.9,102.0,99
2026-08-28T05:32:08.996933+00:00,btc-updown-15m-1787895900,15,3927300,44040268355616124804341805157276431051824774190270266227871376932922423636526,2026-08-28T05:45:00+00:00,2026-08-28T06:00:00+00:00,27.87,0.49,0.5,0.495,0.01,272.0,405.0,87
2026-08-28T05:33:10.201363+00:00,btc-updown-5m-1787895000,5,3926841,48607372635244718894819648885617266607816980720630757127995046492212726505219,2026-08-28T05:30:00+00:00,2026-08-28T05:35:00+00:00,1.83,0.98,0.989,0.9845,0.009,10.0,5.0,107
2026-08-28T05:33:10.201363+00:00,btc-updown-5m-1787895300,5,3927169,72593855845348899735093524410012184329103913510847299521092140075323450254569,2026-08-28T05:35:00+00:00,2026-08-28T05:40:00+00:00,6.83,0.5,0.51,0.505,0.01,421.05,384.0,99
2026-08-28T05:33:10.201363+00:00,btc-updown-15m-1787895000,15,3926847,9247822874686769931434891470476683010013767583605558555702940415846650420721,2026-08-28T05:30:00+00:00,2026-08-28T05:45:00+00:00,11.83,0.75,0.76,0.755,0.01,88.0,162.36,99
2026-08-28T05:33:10.201363+00:00,btc-updown-15m-1787895900,15,3927300,44040268355616124804341805157276431051824774190270266227871376932922423636526,2026-08-28T05:45:00+00:00,2026-08-28T06:00:00+00:00,26.83,0.49,0.5,0.495,0.01,272.0,405.0,87
2026-08-28T05:34:11.497065+00:00,btc-updown-5m-1787895300,5,3927169,72593855845348899735093524410012184329103913510847299521092140075323450254569,2026-08-28T05:35:00+00:00,2026-08-28T05:40:00+00:00,5.82,0.5,0.51,0.505,0.01,364.29,54.03,99
2026-08-28T05:34:11.497065+00:00,btc-updown-15m-1787895000,15,3926847,9247822874686769931434891470476683010013767583605558555702940415846650420721,2026-08-28T05:30:00+00:00,2026-08-28T05:45:00+00:00,10.82,0.74,0.75,0.745,0.01,82.44,135.0,99
2026-08-28T05:34:11.497065+00:00,btc-updown-15m-1787895900,15,3927300,44040268355616124804341805157276431051824774190270266227871376932922423636526,2026-08-28T05:45:00+00:00,2026-08-28T06:00:00+00:00,25.82,0.49,0.5,0.495,0.01,272.0,255.0,87
2026-08-28T05:35:12.612077+00:00,btc-updown-5m-1787895300,5,3927169,72593855845348899735093524410012184329103913510847299521092140075323450254569,2026-08-28T05:35:00+00:00,2026-08-28T05:40:00+00:00,4.8,0.59,0.6,0.595,0.01,329.59,178.8,99
2026-08-28T05:35:12.612077+00:00,btc-updown-5m-1787895600,5,3927291,20351287788650765274064279987419071000605676141656119321083920654405309311085,2026-08-28T05:40:00+00:00,2026-08-28T05:45:00+00:00,9.8,0.49,0.5,0.495,0.01,533.1,787.98,99
2026-08-28T05:35:12.612077+00:00,btc-updown-15m-1787895000,15,3926847,9247822874686769931434891470476683010013767583605558555702940415846650420721,2026-08-28T05:30:00+00:00,2026-08-28T05:45:00+00:00,9.8,0.82,0.83,0.825,0.01,83.8,3936.0,99
2026-08-28T05:35:12.612077+00:00,btc-updown-15m-1787895900,15,3927300,44040268355616124804341805157276431051824774190270266227871376932922423636526,2026-08-28T05:45:00+00:00,2026-08-28T06:00:00+00:00,24.8,0.49,0.5,0.495,0.01,476.08,481.0,87
2026-08-28T05:36:13.798311+00:00,btc-updown-5m-1787895300,5,3927169,72593855845348899735093524410012184329103913510847299521092140075323450254569,2026-08-28T05:35:00+00:00,2026-08-28T05:40:00+00:00,3.78,0.81,0.82,0.815,0.01,155.83,247.34,99
2026-08-28T05:36:13.798311+00:00,btc-updown-5m-1787895600,5,3927291,20351287788650765274064279987419071000605676141656119321083920654405309311085,2026-08-28T05:40:00+00:00,2026-08-28T05:45:00+00:00,8.78,0.49,0.5,0.495,0.01,655.52,843.98,99
2026-08-28T05:36:13.798311+00:00,btc-updown-15m-1787895000,15,3926847,9247822874686769931434891470476683010013767583605558555702940415846650420721,2026-08-28T05:30:00+00:00,2026-08-28T05:45:00+00:00,8.78,0.9,0.91,0.905,0.01,87.4,5491.0,99
2026-08-28T05:36:13.798311+00:00,btc-updown-15m-1787895900,15,3927300,44040268355616124804341805157276431051824774190270266227871376932922423636526,2026-08-28T05:45:00+00:00,2026-08-28T06:00:00+00:00,23.78,0.49,0.5,0.495,0.01,439.08,766.0,87
2026-08-28T05:37:14.940133+00:00,btc-updown-5m-1787895300,5,3927169,72593855845348899735093524410012184329103913510847299521092140075323450254569,2026-08-28T05:35:00+00:00,2026-08-28T05:40:00+00:00,2.77,0.81,0.82,0.815,0.01,300.95,105.0,99
2026-08-28T05:37:14.940133+00:00,btc-updown-5m-1787895600,5,3927291,20351287788650765274064279987419071000605676141656119321083920654405309311085,2026-08-28T05:40:00+00:00,2026-08-28T05:45:00+00:00,7.77,0.49,0.5,0.495,0.01,642.6,943.98,99
2026-08-28T05:37:14.940133+00:00,btc-updown-15m-1787895000,15,3926847,9247822874686769931434891470476683010013767583605558555702940415846650420721,2026-08-28T05:30:00+00:00,2026-08-28T05:45:00+00:00,7.77,0.89,0.9,0.895,0.01,797.53,3873.0,99
2026-08-28T05:37:14.940133+00:00,btc-updown-15m-1787895900,15,3927300,44040268355616124804341805157276431051824774190270266227871376932922423636526,2026-08-28T05:45:00+00:00,2026-08-28T06:00:00+00:00,22.77,0.49,0.5,0.495,0.01,439.08,816.0,87
2026-08-28T05:38:16.159617+00:00,btc-updown-5m-1787895300,5,3927169,72593855845348899735093524410012184329103913510847299521092140075323450254569,2026-08-28T05:35:00+00:00,2026-08-28T05:40:00+00:00,1.73,0.94,0.95,0.945,0.01,506.49,53.06,99
2026-08-28T05:38:16.159617+00:00,btc-updown-5m-1787895600,5,3927291,20351287788650765274064279987419071000605676141656119321083920654405309311085,2026-08-28T05:40:00+00:00,2026-08-28T05:45:00+00:00,6.73,0.49,0.5,0.495,0.01,528.71,568.0,99
2026-08-28T05:38:16.159617+00:00,btc-updown-15m-1787895000,15,3926847,9247822874686769931434891470476683010013767583605558555702940415846650420721,2026-08-28T05:30:00+00:00,2026-08-28T05:45:00+00:00,6.73,0.91,0.92,0.915,0.01,141.72,5.0,99
2026-08-28T05:38:16.159617+00:00,btc-updown-15m-1787895900,15,3927300,44040268355616124804341805157276431051824774190270266227871376932922423636526,2026-08-28T05:45:00+00:00,2026-08-28T06:00:00+00:00,21.73,0.49,0.5,0.495,0.01,439.08,716.0,87
2026-08-28T05:39:17.324755+00:00,btc-updown-5m-1787895600,5,3927291,20351287788650765274064279987419071000605676141656119321083920654405309311085,2026-08-28T05:40:00+00:00,2026-08-28T05:45:00+00:00,5.72,0.49,0.5,0.495,0.01,110.0,10.0,99
2026-08-28T05:39:17.324755+00:00,btc-updown-15m-1787895000,15,3926847,9247822874686769931434891470476683010013767583605558555702940415846650420721,2026-08-28T05:30:00+00:00,2026-08-28T05:45:00+00:00,5.72,0.92,0.93,0.925,0.01,351.01,597.76,99
2026-08-28T05:39:17.324755+00:00,btc-updown-15m-1787895900,15,3927300,44040268355616124804341805157276431051824774190270266227871376932922423636526,2026-08-28T05:45:00+00:00,2026-08-28T06:00:00+00:00,20.72,0.49,0.5,0.495,0.01,234.08,553.0,87
2026-08-28T05:40:18.497154+00:00,btc-updown-5m-1787895600,5,3927291,20351287788650765274064279987419071000605676141656119321083920654405309311085,2026-08-28T05:40:00+00:00,2026-08-28T05:45:00+00:00,4.7,0.35,0.36,0.355,0.01,472.0,116.97,99
2026-08-28T05:40:18.497154+00:00,btc-updown-5m-1787895900,5,3927302,106339948124542392580129087796601352879169341735099000432301304253891195752976,2026-08-28T05:45:00+00:00,2026-08-28T05:50:00+00:00,9.7,0.5,0.51,0.505,0.01,358.0,1628.2,99
2026-08-28T05:40:18.497154+00:00,btc-updown-15m-1787895000,15,3926847,9247822874686769931434891470476683010013767583605558555702940415846650420721,2026-08-28T05:30:00+00:00,2026-08-28T05:45:00+00:00,4.7,0.92,0.93,0.925,0.01,101.0,7544.27,99
2026-08-28T05:40:18.497154+00:00,btc-updown-15m-1787895900,15,3927300,44040268355616124804341805157276431051824774190270266227871376932922423636526,2026-08-28T05:45:00+00:00,2026-08-28T06:00:00+00:00,19.7,0.49,0.5,0.495,0.01,239.08,519.0,89
2026-08-28T05:41:19.724897+00:00,btc-updown-5m-1787895600,5,3927291,20351287788650765274064279987419071000605676141656119321083920654405309311085,2026-08-28T05:40:00+00:00,2026-08-28T05:45:00+00:00,3.68,0.25,0.26,0.255,0.01,13.79,546.8,99
2026-08-28T05:41:19.724897+00:00,btc-updown-5m-1787895900,5,3927302,106339948124542392580129087796601352879169341735099000432301304253891195752976,2026-08-28T05:45:00+00:00,2026-08-28T05:50:00+00:00,8.68,0.5,0.51,0.505,0.01,366.46,202.9,99
2026-08-28T05:41:19.724897+00:00,btc-updown-15m-1787895000,15,3926847,9247822874686769931434891470476683010013767583605558555702940415846650420721,2026-08-28T05:30:00+00:00,2026-08-28T05:45:00+00:00,3.68,0.96,0.97,0.965,0.01,36.0,1634.0,99
2026-08-28T05:41:19.724897+00:00,btc-updown-15m-1787895900,15,3927300,44040268355616124804341805157276431051824774190270266227871376932922423636526,2026-08-28T05:45:00+00:00,2026-08-28T06:00:00+00:00,18.68,0.49,0.5,0.495,0.01,238.78,353.0,89
2026-08-28T05:42:20.888826+00:00,btc-updown-5m-1787895600,5,3927291,20351287788650765274064279987419071000605676141656119321083920654405309311085,2026-08-28T05:40:00+00:00,2026-08-28T05:45:00+00:00,2.67,0.13,0.14,0.135,0.01,9.57,311.17,99
2026-08-28T05:42:20.888826+00:00,btc-updown-5m-1787895900,5,3927302,106339948124542392580129087796601352879169341735099000432301304253891195752976,2026-08-28T05:45:00+00:00,2026-08-28T05:50:00+00:00,7.67,0.5,0.51,0.505,0.01,458.46,129.79,99
2026-08-28T05:42:20.888826+00:00,btc-updown-15m-1787895000,15,3926847,9247822874686769931434891470476683010013767583605558555702940415846650420721,2026-08-28T05:30:00+00:00,2026-08-28T05:45:00+00:00,2.67,0.97,0.98,0.975,0.01,81.24,1325.7,99
2026-08-28T05:42:20.888826+00:00,btc-updown-15m-1787895900,15,3927300,44040268355616124804341805157276431051824774190270266227871376932922423636526,2026-08-28T05:45:00+00:00,2026-08-28T06:00:00+00:00,17.67,0.49,0.5,0.495,0.01,34.7,503.0,89
2026-08-28T05:43:22.039335+00:00,btc-updown-5m-1787895600,5,3927291,20351287788650765274064279987419071000605676141656119321083920654405309311085,2026-08-28T05:40:00+00:00,2026-08-28T05:45:00+00:00,1.63,0.35,0.36,0.355,0.01,29.0,244.65,99
2026-08-28T05:43:22.039335+00:00,btc-updown-5m-1787895900,5,3927302,106339948124542392580129087796601352879169341735099000432301304253891195752976,2026-08-28T05:45:00+00:00,2026-08-28T05:50:00+00:00,6.63,0.5,0.52,0.51,0.02,351.46,423.4,98
2026-08-28T05:43:22.039335+00:00,btc-updown-15m-1787895900,15,3927300,44040268355616124804341805157276431051824774190270266227871376932922423636526,2026-08-28T05:45:00+00:00,2026-08-28T06:00:00+00:00,16.63,0.49,0.5,0.495,0.01,84.7,297.0,89
2026-08-28T05:44:23.072738+00:00,btc-updown-5m-1787895900,5,3927302,106339948124542392580129087796601352879169341735099000432301304253891195752976,2026-08-28T05:45:00+00:00,2026-08-28T05:50:00+00:00,5.62,0.51,0.52,0.515,0.01,36.53,123.83,99
2026-08-28T05:44:23.072738+00:00,btc-updown-15m-1787895900,15,3927300,44040268355616124804341805157276431051824774190270266227871376932922423636526,2026-08-28T05:45:00+00:00,2026-08-28T06:00:00+00:00,15.62,0.49,0.5,0.495,0.01,82.73,243.0,90
2026-08-28T05:45:24.073767+00:00,btc-updown-5m-1787895900,5,3927302,106339948124542392580129087796601352879169341735099000432301304253891195752976,2026-08-28T05:45:00+00:00,2026-08-28T05:50:00+00:00,4.6,0.49,0.5,0.495,0.01,210.29,255.0,99
2026-08-28T05:45:24.073767+00:00,btc-updown-5m-1787896200,5,3927313,108059993262551619589574032130459199148560696204651056873625573621448199878100,2026-08-28T05:50:00+00:00,2026-08-28T05:55:00+00:00,9.6,0.5,0.51,0.505,0.01,223.84,1378.76,99
2026-08-28T05:45:24.073767+00:00,btc-updown-15m-1787895900,15,3927300,44040268355616124804341805157276431051824774190270266227871376932922423636526,2026-08-28T05:45:00+00:00,2026-08-28T06:00:00+00:00,14.6,0.49,0.5,0.495,0.01,55.0,210.8,99
2026-08-28T05:45:24.073767+00:00,btc-updown-15m-1787896800,15,3927332,21174604292995356497496604548505597014799416374746264705902606316676436332245,2026-08-28T06:00:00+00:00,2026-08-28T06:15:00+00:00,29.6,0.5,0.51,0.505,0.01,155.0,725.0,87
2026-08-28T05:46:25.229052+00:00,btc-updown-5m-1787895900,5,3927302,106339948124542392580129087796601352879169341735099000432301304253891195752976,2026-08-28T05:45:00+00:00,2026-08-28T05:50:00+00:00,3.58,0.71,0.72,0.715,0.01,406.93,85.0,99
2026-08-28T05:46:25.229052+00:00,btc-updown-5m-1787896200,5,3927313,108059993262551619589574032130459199148560696204651056873625573621448199878100,2026-08-28T05:50:00+00:00,2026-08-28T05:55:00+00:00,8.58,0.5,0.52,0.51,0.02,212.29,240.0,98
2026-08-28T05:46:25.229052+00:00,btc-updown-15m-1787895900,15,3927300,44040268355616124804341805157276431051824774190270266227871376932922423636526,2026-08-28T05:45:00+00:00,2026-08-28T06:00:00+00:00,13.58,0.56,0.57,0.565,0.01,25.0,130.0,99
2026-08-28T05:46:25.229052+00:00,btc-updown-15m-1787896800,15,3927332,21174604292995356497496604548505597014799416374746264705902606316676436332245,2026-08-28T06:00:00+00:00,2026-08-28T06:15:00+00:00,28.58,0.5,0.51,0.505,0.01,55.0,925.0,87
2026-08-28T05:47:26.484599+00:00,btc-updown-5m-1787895900,5,3927302,106339948124542392580129087796601352879169341735099000432301304253891195752976,2026-08-28T05:45:00+00:00,2026-08-28T05:50:00+00:00,2.57,0.9,0.91,0.905,0.01,318.21,44.67,99
2026-08-28T05:47:26.484599+00:00,btc-updown-5m-1787896200,5,3927313,108059993262551619589574032130459199148560696204651056873625573621448199878100,2026-08-28T05:50:00+00:00,2026-08-28T05:55:00+00:00,7.57,0.5,0.51,0.505,0.01,599.33,465.0,99
2026-08-28T05:47:26.484599+00:00,btc-updown-15m-1787895900,15,3927300,44040268355616124804341805157276431051824774190270266227871376932922423636526,2026-08-28T05:45:00+00:00,2026-08-28T06:00:00+00:00,12.57,0.72,0.73,0.725,0.01,25.0,115.12,99
2026-08-28T05:47:26.484599+00:00,btc-updown-15m-1787896800,15,3927332,21174604292995356497496604548505597014799416374746264705902606316676436332245,2026-08-28T06:00:00+00:00,2026-08-28T06:15:00+00:00,27.57,0.5,0.51,0.505,0.01,47.0,1025.0,87
2026-08-28T05:48:27.657623+00:00,btc-updown-5m-1787895900,5,3927302,106339948124542392580129087796601352879169341735099000432301304253891195752976,2026-08-28T05:45:00+00:00,2026-08-28T05:50:00+00:00,1.55,0.93,0.94,0.935,0.01,146.0,50.96,99
2026-08-28T05:48:27.657623+00:00,btc-updown-5m-1787896200,5,3927313,108059993262551619589574032130459199148560696204651056873625573621448199878100,2026-08-28T05:50:00+00:00,2026-08-28T05:55:00+00:00,6.55,0.5,0.51,0.505,0.01,494.95,374.03,99
2026-08-28T05:48:27.657623+00:00,btc-updown-15m-1787895900,15,3927300,44040268355616124804341805157276431051824774190270266227871376932922423636526,2026-08-28T05:45:00+00:00,2026-08-28T06:00:00+00:00,11.55,0.68,0.69,0.685,0.01,157.0,1873.29,98
2026-08-28T05:48:27.657623+00:00,btc-updown-15m-1787896800,15,3927332,21174604292995356497496604548505597014799416374746264705902606316676436332245,2026-08-28T06:00:00+00:00,2026-08-28T06:15:00+00:00,26.55,0.5,0.51,0.505,0.01,47.0,1025.0,87
2026-08-28T05:49:28.986115+00:00,btc-updown-5m-1787896200,5,3927313,108059993262551619589574032130459199148560696204651056873625573621448199878100,2026-08-28T05:50:00+00:00,2026-08-28T05:55:00+00:00,5.53,0.48,0.49,0.485,0.01,470.91,28.86,98
2026-08-28T05:49:28.986115+00:00,btc-updown-15m-1787895900,15,3927300,44040268355616124804341805157276431051824774190270266227871376932922423636526,2026-08-28T05:45:00+00:00,2026-08-28T06:00:00+00:00,10.53,0.67,0.68,0.675,0.01,93.44,140.0,99
2026-08-28T05:49:28.986115+00:00,btc-updown-15m-1787896800,15,3927332,21174604292995356497496604548505597014799416374746264705902606316676436332245,2026-08-28T06:00:00+00:00,2026-08-28T06:15:00+00:00,25.53,0.5,0.51,0.505,0.01,47.0,925.0,87
2026-08-28T05:50:30.088345+00:00,btc-updown-5m-1787896200,5,3927313,108059993262551619589574032130459199148560696204651056873625573621448199878100,2026-08-28T05:50:00+00:00,2026-08-28T05:55:00+00:00,4.5,0.58,0.59,0.585,0.01,68.0,163.63,99
2026-08-28T05:50:30.088345+00:00,btc-updown-5m-1787896500,5,3927326,8333443589064781075382658541642580673648755749711999938204022428293607078964,2026-08-28T05:55:00+00:00,2026-08-28T06:00:00+00:00,9.5,0.49,0.5,0.495,0.01,714.41,543.6,99
2026-08-28T05:50:30.088345+00:00,btc-updown-15m-1787895900,15,3927300,44040268355616124804341805157276431051824774190270266227871376932922423636526,2026-08-28T05:45:00+00:00,2026-08-28T06:00:00+00:00,9.5,0.74,0.75,0.745,0.01,152.77,169.0,99
2026-08-28T05:50:30.088345+00:00,btc-updown-15m-1787896800,15,3927332,21174604292995356497496604548505597014799416374746264705902606316676436332245,2026-08-28T06:00:00+00:00,2026-08-28T06:15:00+00:00,24.5,0.5,0.51,0.505,0.01,47.0,1165.8,87
2026-08-28T05:51:31.236381+00:00,btc-updown-5m-1787896200,5,3927313,108059993262551619589574032130459199148560696204651056873625573621448199878100,2026-08-28T05:50:00+00:00,2026-08-28T05:55:00+00:00,3.48,0.16,0.17,0.165,0.01,77.64,60.0,99
2026-08-28T05:51:31.236381+00:00,btc-updown-5m-1787896500,5,3927326,8333443589064781075382658541642580673648755749711999938204022428293607078964,2026-08-28T05:55:00+00:00,2026-08-28T06:00:00+00:00,8.48,0.49,0.5,0.495,0.01,651.0,478.6,99
2026-08-28T05:51:31.236381+00:00,btc-updown-15m-1787895900,15,3927300,44040268355616124804341805157276431051824774190270266227871376932922423636526,2026-08-28T05:45:00+00:00,2026-08-28T06:00:00+00:00,8.48,0.48,0.49,0.485,0.01,136.97,100.0,99
2026-08-28T05:51:31.236381+00:00,btc-updown-15m-1787896800,15,3927332,21174604292995356497496604548505597014799416374746264705902606316676436332245,2026-08-28T06:00:00+00:00,2026-08-28T06:15:00+00:00,23.48,0.5,0.51,0.505,0.01,47.0,765.8,87
