captured_at,slug,interval_min,market_id,yes_token,window_start,window_end,minutes_left,best_bid,best_ask,mid,spread,bid_size,ask_size,book_levels
2026-09-08T00:00:53.972002+00:00,btc-updown-5m-1788825600,5,4314100,45107169954184241075859773788209401066088197932339517399542313027533719696651,2026-09-08T00:00:00+00:00,2026-09-08T00:05:00+00:00,4.12,0.34,0.35,0.345,0.01,399.65,241.45,99
2026-09-08T00:00:53.972002+00:00,btc-updown-5m-1788825900,5,4314313,32466429160165235546026156268682357733822735639750965930486299352918079526702,2026-09-08T00:05:00+00:00,2026-09-08T00:10:00+00:00,9.12,0.5,0.51,0.505,0.01,146.7,620.05,99
2026-09-08T00:00:53.972002+00:00,btc-updown-15m-1788825600,15,4314091,55870132619117592322677936124123853442656379374527122216353727864713219795886,2026-09-08T00:00:00+00:00,2026-09-08T00:15:00+00:00,14.12,0.41,0.42,0.415,0.01,135.0,20.0,90
2026-09-08T00:00:53.972002+00:00,btc-updown-15m-1788826500,15,4314505,78686368378387816071946700850754451531577094334258101688244957876166498984470,2026-09-08T00:15:00+00:00,2026-09-08T00:30:00+00:00,29.12,0.5,0.51,0.505,0.01,125.0,297.75,97
2026-09-08T00:01:55.291841+00:00,btc-updown-5m-1788825600,5,4314100,45107169954184241075859773788209401066088197932339517399542313027533719696651,2026-09-08T00:00:00+00:00,2026-09-08T00:05:00+00:00,3.08,0.23,0.24,0.235,0.01,261.38,120.0,99
2026-09-08T00:01:55.291841+00:00,btc-updown-5m-1788825900,5,4314313,32466429160165235546026156268682357733822735639750965930486299352918079526702,2026-09-08T00:05:00+00:00,2026-09-08T00:10:00+00:00,8.08,0.5,0.51,0.505,0.01,122.7,635.89,99
2026-09-08T00:01:55.291841+00:00,btc-updown-15m-1788825600,15,4314091,55870132619117592322677936124123853442656379374527122216353727864713219795886,2026-09-08T00:00:00+00:00,2026-09-08T00:15:00+00:00,13.08,0.37,0.38,0.375,0.01,200.0,5.0,88
2026-09-08T00:01:55.291841+00:00,btc-updown-15m-1788826500,15,4314505,78686368378387816071946700850754451531577094334258101688244957876166498984470,2026-09-08T00:15:00+00:00,2026-09-08T00:30:00+00:00,28.08,0.49,0.5,0.495,0.01,290.0,50.0,97
2026-09-08T00:02:56.566698+00:00,btc-updown-5m-1788825600,5,4314100,45107169954184241075859773788209401066088197932339517399542313027533719696651,2026-09-08T00:00:00+00:00,2026-09-08T00:05:00+00:00,2.07,0.07,0.08,0.075,0.01,45.0,445.76,99
2026-09-08T00:02:56.566698+00:00,btc-updown-5m-1788825900,5,4314313,32466429160165235546026156268682357733822735639750965930486299352918079526702,2026-09-08T00:05:00+00:00,2026-09-08T00:10:00+00:00,7.07,0.5,0.51,0.505,0.01,128.3,54.73,99
2026-09-08T00:02:56.566698+00:00,btc-updown-15m-1788825600,15,4314091,55870132619117592322677936124123853442656379374527122216353727864713219795886,2026-09-08T00:00:00+00:00,2026-09-08T00:15:00+00:00,12.07,0.31,0.32,0.315,0.01,5.0,237.64,87
2026-09-08T00:02:56.566698+00:00,btc-updown-15m-1788826500,15,4314505,78686368378387816071946700850754451531577094334258101688244957876166498984470,2026-09-08T00:15:00+00:00,2026-09-08T00:30:00+00:00,27.07,0.49,0.5,0.495,0.01,240.0,125.0,97
2026-09-08T00:03:57.913503+00:00,btc-updown-5m-1788825600,5,4314100,45107169954184241075859773788209401066088197932339517399542313027533719696651,2026-09-08T00:00:00+00:00,2026-09-08T00:05:00+00:00,1.05,0.04,0.05,0.045,0.01,53.85,285.0,99
2026-09-08T00:03:57.913503+00:00,btc-updown-5m-1788825900,5,4314313,32466429160165235546026156268682357733822735639750965930486299352918079526702,2026-09-08T00:05:00+00:00,2026-09-08T00:10:00+00:00,6.05,0.5,0.51,0.505,0.01,115.84,24.91,99
2026-09-08T00:03:57.913503+00:00,btc-updown-15m-1788825600,15,4314091,55870132619117592322677936124123853442656379374527122216353727864713219795886,2026-09-08T00:00:00+00:00,2026-09-08T00:15:00+00:00,11.05,0.35,0.36,0.355,0.01,5.0,330.27,82
2026-09-08T00:03:57.913503+00:00,btc-updown-15m-1788826500,15,4314505,78686368378387816071946700850754451531577094334258101688244957876166498984470,2026-09-08T00:15:00+00:00,2026-09-08T00:30:00+00:00,26.05,0.5,0.51,0.505,0.01,58.0,261.02,97
2026-09-08T00:04:59.197276+00:00,btc-updown-5m-1788825900,5,4314313,32466429160165235546026156268682357733822735639750965930486299352918079526702,2026-09-08T00:05:00+00:00,2026-09-08T00:10:00+00:00,5.02,0.42,0.44,0.43,0.02,15.0,5.0,98
2026-09-08T00:04:59.197276+00:00,btc-updown-15m-1788825600,15,4314091,55870132619117592322677936124123853442656379374527122216353727864713219795886,2026-09-08T00:00:00+00:00,2026-09-08T00:15:00+00:00,10.02,0.22,0.23,0.225,0.01,105.0,543.18,83
2026-09-08T00:04:59.197276+00:00,btc-updown-15m-1788826500,15,4314505,78686368378387816071946700850754451531577094334258101688244957876166498984470,2026-09-08T00:15:00+00:00,2026-09-08T00:30:00+00:00,25.02,0.49,0.5,0.495,0.01,291.02,91.0,97
2026-09-08T00:06:00.458944+00:00,btc-updown-5m-1788825900,5,4314313,32466429160165235546026156268682357733822735639750965930486299352918079526702,2026-09-08T00:05:00+00:00,2026-09-08T00:10:00+00:00,4.0,0.64,0.65,0.645,0.01,352.29,3.3,99
2026-09-08T00:06:00.458944+00:00,btc-updown-5m-1788826200,5,4314416,38261379449882843322388128521580367285776442582302173513479402565889945304615,2026-09-08T00:10:00+00:00,2026-09-08T00:15:00+00:00,9.0,0.5,0.51,0.505,0.01,145.27,640.46,99
2026-09-08T00:06:00.458944+00:00,btc-updown-15m-1788825600,15,4314091,55870132619117592322677936124123853442656379374527122216353727864713219795886,2026-09-08T00:00:00+00:00,2026-09-08T00:15:00+00:00,9.0,0.31,0.32,0.315,0.01,3.1,448.84,82
2026-09-08T00:06:00.458944+00:00,btc-updown-15m-1788826500,15,4314505,78686368378387816071946700850754451531577094334258101688244957876166498984470,2026-09-08T00:15:00+00:00,2026-09-08T00:30:00+00:00,24.0,0.49,0.5,0.495,0.01,279.25,91.0,97
2026-09-08T00:07:01.639876+00:00,btc-updown-5m-1788825900,5,4314313,32466429160165235546026156268682357733822735639750965930486299352918079526702,2026-09-08T00:05:00+00:00,2026-09-08T00:10:00+00:00,2.98,0.24,0.25,0.245,0.01,9.21,303.64,99
2026-09-08T00:07:01.639876+00:00,btc-updown-5m-1788826200,5,4314416,38261379449882843322388128521580367285776442582302173513479402565889945304615,2026-09-08T00:10:00+00:00,2026-09-08T00:15:00+00:00,7.98,0.5,0.52,0.51,0.02,152.79,357.06,98
2026-09-08T00:07:01.639876+00:00,btc-updown-15m-1788825600,15,4314091,55870132619117592322677936124123853442656379374527122216353727864713219795886,2026-09-08T00:00:00+00:00,2026-09-08T00:15:00+00:00,7.98,0.17,0.18,0.175,0.01,18.33,165.94,82
2026-09-08T00:07:01.639876+00:00,btc-updown-15m-1788826500,15,4314505,78686368378387816071946700850754451531577094334258101688244957876166498984470,2026-09-08T00:15:00+00:00,2026-09-08T00:30:00+00:00,22.98,0.5,0.51,0.505,0.01,58.0,271.02,97
2026-09-08T00:08:03.149638+00:00,btc-updown-5m-1788825900,5,4314313,32466429160165235546026156268682357733822735639750965930486299352918079526702,2026-09-08T00:05:00+00:00,2026-09-08T00:10:00+00:00,1.95,0.43,0.44,0.435,0.01,179.41,184.08,99
2026-09-08T00:08:03.149638+00:00,btc-updown-5m-1788826200,5,4314416,38261379449882843322388128521580367285776442582302173513479402565889945304615,2026-09-08T00:10:00+00:00,2026-09-08T00:15:00+00:00,6.95,0.5,0.52,0.51,0.02,147.79,362.06,98
2026-09-08T00:08:03.149638+00:00,btc-updown-15m-1788825600,15,4314091,55870132619117592322677936124123853442656379374527122216353727864713219795886,2026-09-08T00:00:00+00:00,2026-09-08T00:15:00+00:00,6.95,0.22,0.23,0.225,0.01,76.85,291.33,82
2026-09-08T00:08:03.149638+00:00,btc-updown-15m-1788826500,15,4314505,78686368378387816071946700850754451531577094334258101688244957876166498984470,2026-09-08T00:15:00+00:00,2026-09-08T00:30:00+00:00,21.95,0.5,0.51,0.505,0.01,50.0,220.0,97
2026-09-08T00:09:04.445084+00:00,btc-updown-5m-1788825900,5,4314313,32466429160165235546026156268682357733822735639750965930486299352918079526702,2026-09-08T00:05:00+00:00,2026-09-08T00:10:00+00:00,0.93,0.11,0.12,0.115,0.01,83.71,1005.09,99
2026-09-08T00:09:04.445084+00:00,btc-updown-5m-1788826200,5,4314416,38261379449882843322388128521580367285776442582302173513479402565889945304615,2026-09-08T00:10:00+00:00,2026-09-08T00:15:00+00:00,5.93,0.5,0.51,0.505,0.01,140.33,19.8,99
2026-09-08T00:09:04.445084+00:00,btc-updown-15m-1788825600,15,4314091,55870132619117592322677936124123853442656379374527122216353727864713219795886,2026-09-08T00:00:00+00:00,2026-09-08T00:15:00+00:00,5.93,0.15,0.16,0.155,0.01,161.47,20.0,82
2026-09-08T00:09:04.445084+00:00,btc-updown-15m-1788826500,15,4314505,78686368378387816071946700850754451531577094334258101688244957876166498984470,2026-09-08T00:15:00+00:00,2026-09-08T00:30:00+00:00,20.93,0.49,0.51,0.5,0.02,286.02,220.0,96
2026-09-08T00:10:05.716846+00:00,btc-updown-5m-1788826200,5,4314416,38261379449882843322388128521580367285776442582302173513479402565889945304615,2026-09-08T00:10:00+00:00,2026-09-08T00:15:00+00:00,4.92,0.55,0.56,0.555,0.01,370.9,71.36,99
2026-09-08T00:10:05.716846+00:00,btc-updown-5m-1788826500,5,4314498,109769129302121550698443110168821495113672054415409320416477483580328128534689,2026-09-08T00:15:00+00:00,2026-09-08T00:20:00+00:00,9.92,0.5,0.51,0.505,0.01,148.21,699.45,99
2026-09-08T00:10:05.716846+00:00,btc-updown-15m-1788825600,15,4314091,55870132619117592322677936124123853442656379374527122216353727864713219795886,2026-09-08T00:00:00+00:00,2026-09-08T00:15:00+00:00,4.92,0.16,0.17,0.165,0.01,15.0,34.12,78
2026-09-08T00:10:05.716846+00:00,btc-updown-15m-1788826500,15,4314505,78686368378387816071946700850754451531577094334258101688244957876166498984470,2026-09-08T00:15:00+00:00,2026-09-08T00:30:00+00:00,19.92,0.49,0.5,0.495,0.01,271.21,91.0,97
2026-09-08T00:11:06.964749+00:00,btc-updown-5m-1788826200,5,4314416,38261379449882843322388128521580367285776442582302173513479402565889945304615,2026-09-08T00:10:00+00:00,2026-09-08T00:15:00+00:00,3.9,0.48,0.49,0.485,0.01,350.15,75.74,99
2026-09-08T00:11:06.964749+00:00,btc-updown-5m-1788826500,5,4314498,109769129302121550698443110168821495113672054415409320416477483580328128534689,2026-09-08T00:15:00+00:00,2026-09-08T00:20:00+00:00,8.9,0.51,0.53,0.52,0.02,57.0,539.74,98
2026-09-08T00:11:06.964749+00:00,btc-updown-15m-1788825600,15,4314091,55870132619117592322677936124123853442656379374527122216353727864713219795886,2026-09-08T00:00:00+00:00,2026-09-08T00:15:00+00:00,3.9,0.18,0.19,0.185,0.01,95.0,207.82,81
2026-09-08T00:11:06.964749+00:00,btc-updown-15m-1788826500,15,4314505,78686368378387816071946700850754451531577094334258101688244957876166498984470,2026-09-08T00:15:00+00:00,2026-09-08T00:30:00+00:00,18.9,0.5,0.51,0.505,0.01,58.0,266.02,97
2026-09-08T00:12:08.282407+00:00,btc-updown-5m-1788826200,5,4314416,38261379449882843322388128521580367285776442582302173513479402565889945304615,2026-09-08T00:10:00+00:00,2026-09-08T00:15:00+00:00,2.87,0.25,0.26,0.255,0.01,444.53,109.87,99
2026-09-08T00:12:08.282407+00:00,btc-updown-5m-1788826500,5,4314498,109769129302121550698443110168821495113672054415409320416477483580328128534689,2026-09-08T00:15:00+00:00,2026-09-08T00:20:00+00:00,7.87,0.51,0.53,0.52,0.02,46.56,574.74,98
2026-09-08T00:12:08.282407+00:00,btc-updown-15m-1788825600,15,4314091,55870132619117592322677936124123853442656379374527122216353727864713219795886,2026-09-08T00:00:00+00:00,2026-09-08T00:15:00+00:00,2.87,0.09,0.1,0.095,0.01,172.83,219.0,70
2026-09-08T00:12:08.282407+00:00,btc-updown-15m-1788826500,15,4314505,78686368378387816071946700850754451531577094334258101688244957876166498984470,2026-09-08T00:15:00+00:00,2026-09-08T00:30:00+00:00,17.87,0.5,0.51,0.505,0.01,148.0,215.0,97
2026-09-08T00:13:09.615970+00:00,btc-updown-5m-1788826200,5,4314416,38261379449882843322388128521580367285776442582302173513479402565889945304615,2026-09-08T00:10:00+00:00,2026-09-08T00:15:00+00:00,1.85,0.25,0.26,0.255,0.01,27.32,160.0,99
2026-09-08T00:13:09.615970+00:00,btc-updown-5m-1788826500,5,4314498,109769129302121550698443110168821495113672054415409320416477483580328128534689,2026-09-08T00:15:00+00:00,2026-09-08T00:20:00+00:00,6.85,0.51,0.53,0.52,0.02,23.56,561.53,98
2026-09-08T00:13:09.615970+00:00,btc-updown-15m-1788825600,15,4314091,55870132619117592322677936124123853442656379374527122216353727864713219795886,2026-09-08T00:00:00+00:00,2026-09-08T00:15:00+00:00,1.85,0.02,0.03,0.025,0.01,276.17,159.33,72
2026-09-08T00:13:09.615970+00:00,btc-updown-15m-1788826500,15,4314505,78686368378387816071946700850754451531577094334258101688244957876166498984470,2026-09-08T00:15:00+00:00,2026-09-08T00:30:00+00:00,16.85,0.5,0.51,0.505,0.01,186.0,10.0,97
2026-09-08T00:14:10.935979+00:00,btc-updown-5m-1788826200,5,4314416,38261379449882843322388128521580367285776442582302173513479402565889945304615,2026-09-08T00:10:00+00:00,2026-09-08T00:15:00+00:00,0.83,0.35,0.36,0.355,0.01,75.0,34.44,99
2026-09-08T00:14:10.935979+00:00,btc-updown-5m-1788826500,5,4314498,109769129302121550698443110168821495113672054415409320416477483580328128534689,2026-09-08T00:15:00+00:00,2026-09-08T00:20:00+00:00,5.83,0.51,0.52,0.515,0.01,95.0,15.0,99
2026-09-08T00:14:10.935979+00:00,btc-updown-15m-1788826500,15,4314505,78686368378387816071946700850754451531577094334258101688244957876166498984470,2026-09-08T00:15:00+00:00,2026-09-08T00:30:00+00:00,15.83,0.5,0.51,0.505,0.01,108.0,17.0,91
2026-09-08T00:15:12.036597+00:00,btc-updown-5m-1788826500,5,4314498,109769129302121550698443110168821495113672054415409320416477483580328128534689,2026-09-08T00:15:00+00:00,2026-09-08T00:20:00+00:00,4.8,0.36,0.37,0.365,0.01,95.79,275.67,99
2026-09-08T00:15:12.036597+00:00,btc-updown-5m-1788826800,5,4314523,18535041731431831691300679453940970568921959272746767077675845527766863501604,2026-09-08T00:20:00+00:00,2026-09-08T00:25:00+00:00,9.8,0.5,0.51,0.505,0.01,196.06,870.6,99
2026-09-08T00:15:12.036597+00:00,btc-updown-15m-1788826500,15,4314505,78686368378387816071946700850754451531577094334258101688244957876166498984470,2026-09-08T00:15:00+00:00,2026-09-08T00:30:00+00:00,14.8,0.45,0.46,0.455,0.01,99.96,220.0,99
2026-09-08T00:15:12.036597+00:00,btc-updown-15m-1788827400,15,4314714,49371500888778222702298501403568409372483741948956972403557044513478401548038,2026-09-08T00:30:00+00:00,2026-09-08T00:45:00+00:00,29.8,0.5,0.51,0.505,0.01,80.0,346.73,91
2026-09-08T00:16:13.251657+00:00,btc-updown-5m-1788826500,5,4314498,109769129302121550698443110168821495113672054415409320416477483580328128534689,2026-09-08T00:15:00+00:00,2026-09-08T00:20:00+00:00,3.78,0.33,0.34,0.335,0.01,124.03,187.77,99
2026-09-08T00:16:13.251657+00:00,btc-updown-5m-1788826800,5,4314523,18535041731431831691300679453940970568921959272746767077675845527766863501604,2026-09-08T00:20:00+00:00,2026-09-08T00:25:00+00:00,8.78,0.5,0.51,0.505,0.01,211.06,771.45,99
2026-09-08T00:16:13.251657+00:00,btc-updown-15m-1788826500,15,4314505,78686368378387816071946700850754451531577094334258101688244957876166498984470,2026-09-08T00:15:00+00:00,2026-09-08T00:30:00+00:00,13.78,0.42,0.43,0.425,0.01,115.0,181.0,99
2026-09-08T00:16:13.251657+00:00,btc-updown-15m-1788827400,15,4314714,49371500888778222702298501403568409372483741948956972403557044513478401548038,2026-09-08T00:30:00+00:00,2026-09-08T00:45:00+00:00,28.78,0.5,0.51,0.505,0.01,85.0,346.73,93
2026-09-08T00:17:14.522830+00:00,btc-updown-5m-1788826500,5,4314498,109769129302121550698443110168821495113672054415409320416477483580328128534689,2026-09-08T00:15:00+00:00,2026-09-08T00:20:00+00:00,2.77,0.37,0.38,0.375,0.01,103.2,170.39,99
2026-09-08T00:17:14.522830+00:00,btc-updown-5m-1788826800,5,4314523,18535041731431831691300679453940970568921959272746767077675845527766863501604,2026-09-08T00:20:00+00:00,2026-09-08T00:25:00+00:00,7.77,0.5,0.51,0.505,0.01,166.06,673.45,99
2026-09-08T00:17:14.522830+00:00,btc-updown-15m-1788826500,15,4314505,78686368378387816071946700850754451531577094334258101688244957876166498984470,2026-09-08T00:15:00+00:00,2026-09-08T00:30:00+00:00,12.77,0.5,0.51,0.505,0.01,58.0,93.0,99
2026-09-08T00:17:14.522830+00:00,btc-updown-15m-1788827400,15,4314714,49371500888778222702298501403568409372483741948956972403557044513478401548038,2026-09-08T00:30:00+00:00,2026-09-08T00:45:00+00:00,27.77,0.5,0.51,0.505,0.01,85.0,346.73,93
2026-09-08T00:18:15.878567+00:00,btc-updown-5m-1788826500,5,4314498,109769129302121550698443110168821495113672054415409320416477483580328128534689,2026-09-08T00:15:00+00:00,2026-09-08T00:20:00+00:00,1.75,0.91,0.92,0.915,0.01,250.81,113.97,99
2026-09-08T00:18:15.878567+00:00,btc-updown-5m-1788826800,5,4314523,18535041731431831691300679453940970568921959272746767077675845527766863501604,2026-09-08T00:20:00+00:00,2026-09-08T00:25:00+00:00,6.75,0.5,0.51,0.505,0.01,156.06,729.16,99
2026-09-08T00:18:15.878567+00:00,btc-updown-15m-1788826500,15,4314505,78686368378387816071946700850754451531577094334258101688244957876166498984470,2026-09-08T00:15:00+00:00,2026-09-08T00:30:00+00:00,11.75,0.72,0.73,0.725,0.01,140.4,178.0,99
2026-09-08T00:18:15.878567+00:00,btc-updown-15m-1788827400,15,4314714,49371500888778222702298501403568409372483741948956972403557044513478401548038,2026-09-08T00:30:00+00:00,2026-09-08T00:45:00+00:00,26.75,0.5,0.51,0.505,0.01,80.96,346.73,93
2026-09-08T00:19:17.170212+00:00,btc-updown-5m-1788826800,5,4314523,18535041731431831691300679453940970568921959272746767077675845527766863501604,2026-09-08T00:20:00+00:00,2026-09-08T00:25:00+00:00,5.72,0.5,0.51,0.505,0.01,10.0,397.76,99
2026-09-08T00:19:17.170212+00:00,btc-updown-15m-1788826500,15,4314505,78686368378387816071946700850754451531577094334258101688244957876166498984470,2026-09-08T00:15:00+00:00,2026-09-08T00:30:00+00:00,10.72,0.69,0.7,0.695,0.01,173.17,195.43,99
2026-09-08T00:19:17.170212+00:00,btc-updown-15m-1788827400,15,4314714,49371500888778222702298501403568409372483741948956972403557044513478401548038,2026-09-08T00:30:00+00:00,2026-09-08T00:45:00+00:00,25.72,0.5,0.51,0.505,0.01,85.0,346.73,95
2026-09-08T00:20:18.362199+00:00,btc-updown-5m-1788826800,5,4314523,18535041731431831691300679453940970568921959272746767077675845527766863501604,2026-09-08T00:20:00+00:00,2026-09-08T00:25:00+00:00,4.7,0.42,0.43,0.425,0.01,30.31,173.84,99
2026-09-08T00:20:18.362199+00:00,btc-updown-5m-1788827100,5,4314533,27590531797013499608535823250146568412973962710513360317826825532512076360100,2026-09-08T00:25:00+00:00,2026-09-08T00:30:00+00:00,9.7,0.49,0.5,0.495,0.01,849.87,53.79,99
2026-09-08T00:20:18.362199+00:00,btc-updown-15m-1788826500,15,4314505,78686368378387816071946700850754451531577094334258101688244957876166498984470,2026-09-08T00:15:00+00:00,2026-09-08T00:30:00+00:00,9.7,0.48,0.49,0.485,0.01,354.49,5.0,99
2026-09-08T00:20:18.362199+00:00,btc-updown-15m-1788827400,15,4314714,49371500888778222702298501403568409372483741948956972403557044513478401548038,2026-09-08T00:30:00+00:00,2026-09-08T00:45:00+00:00,24.7,0.5,0.51,0.505,0.01,35.0,346.73,95
2026-09-08T00:21:19.679552+00:00,btc-updown-5m-1788826800,5,4314523,18535041731431831691300679453940970568921959272746767077675845527766863501604,2026-09-08T00:20:00+00:00,2026-09-08T00:25:00+00:00,3.68,0.49,0.5,0.495,0.01,224.65,191.0,99
2026-09-08T00:21:19.679552+00:00,btc-updown-5m-1788827100,5,4314533,27590531797013499608535823250146568412973962710513360317826825532512076360100,2026-09-08T00:25:00+00:00,2026-09-08T00:30:00+00:00,8.68,0.49,0.5,0.495,0.01,745.72,53.79,99
2026-09-08T00:21:19.679552+00:00,btc-updown-15m-1788826500,15,4314505,78686368378387816071946700850754451531577094334258101688244957876166498984470,2026-09-08T00:15:00+00:00,2026-09-08T00:30:00+00:00,8.68,0.41,0.42,0.415,0.01,23.33,365.05,90
2026-09-08T00:21:19.679552+00:00,btc-updown-15m-1788827400,15,4314714,49371500888778222702298501403568409372483741948956972403557044513478401548038,2026-09-08T00:30:00+00:00,2026-09-08T00:45:00+00:00,23.68,0.5,0.51,0.505,0.01,85.0,329.96,95
2026-09-08T00:22:20.865580+00:00,btc-updown-5m-1788826800,5,4314523,18535041731431831691300679453940970568921959272746767077675845527766863501604,2026-09-08T00:20:00+00:00,2026-09-08T00:25:00+00:00,2.67,0.07,0.08,0.075,0.01,14.29,457.31,99
2026-09-08T00:22:20.865580+00:00,btc-updown-5m-1788827100,5,4314533,27590531797013499608535823250146568412973962710513360317826825532512076360100,2026-09-08T00:25:00+00:00,2026-09-08T00:30:00+00:00,7.67,0.49,0.5,0.495,0.01,746.72,63.79,99
2026-09-08T00:22:20.865580+00:00,btc-updown-15m-1788826500,15,4314505,78686368378387816071946700850754451531577094334258101688244957876166498984470,2026-09-08T00:15:00+00:00,2026-09-08T00:30:00+00:00,7.67,0.35,0.36,0.355,0.01,318.63,49.94,99
2026-09-08T00:22:20.865580+00:00,btc-updown-15m-1788827400,15,4314714,49371500888778222702298501403568409372483741948956972403557044513478401548038,2026-09-08T00:30:00+00:00,2026-09-08T00:45:00+00:00,22.67,0.5,0.51,0.505,0.01,135.0,329.96,95
2026-09-08T00:23:22.189363+00:00,btc-updown-5m-1788827100,5,4314533,27590531797013499608535823250146568412973962710513360317826825532512076360100,2026-09-08T00:25:00+00:00,2026-09-08T00:30:00+00:00,6.63,0.5,0.51,0.505,0.01,118.0,702.08,99
2026-09-08T00:23:22.189363+00:00,btc-updown-15m-1788826500,15,4314505,78686368378387816071946700850754451531577094334258101688244957876166498984470,2026-09-08T00:15:00+00:00,2026-09-08T00:30:00+00:00,6.63,0.15,0.16,0.155,0.01,199.53,0.5,99
2026-09-08T00:23:22.189363+00:00,btc-updown-15m-1788827400,15,4314714,49371500888778222702298501403568409372483741948956972403557044513478401548038,2026-09-08T00:30:00+00:00,2026-09-08T00:45:00+00:00,21.63,0.5,0.51,0.505,0.01,135.0,329.96,95
2026-09-08T00:24:23.393556+00:00,btc-updown-5m-1788827100,5,4314533,27590531797013499608535823250146568412973962710513360317826825532512076360100,2026-09-08T00:25:00+00:00,2026-09-08T00:30:00+00:00,5.62,0.49,0.5,0.495,0.01,432.6,45.0,99
2026-09-08T00:24:23.393556+00:00,btc-updown-15m-1788826500,15,4314505,78686368378387816071946700850754451531577094334258101688244957876166498984470,2026-09-08T00:15:00+00:00,2026-09-08T00:30:00+00:00,5.62,0.11,0.12,0.115,0.01,51.71,18.0,98
2026-09-08T00:24:23.393556+00:00,btc-updown-15m-1788827400,15,4314714,49371500888778222702298501403568409372483741948956972403557044513478401548038,2026-09-08T00:30:00+00:00,2026-09-08T00:45:00+00:00,20.62,0.5,0.51,0.505,0.01,135.0,329.96,95
2026-09-08T00:25:24.584073+00:00,btc-updown-5m-1788827100,5,4314533,27590531797013499608535823250146568412973962710513360317826825532512076360100,2026-09-08T00:25:00+00:00,2026-09-08T00:30:00+00:00,4.6,0.66,0.67,0.665,0.01,378.36,176.31,99
2026-09-08T00:25:24.584073+00:00,btc-updown-5m-1788827400,5,4314704,19982215978841870234984670551847870180670391220298155704857349424688335753655,2026-09-08T00:30:00+00:00,2026-09-08T00:35:00+00:00,9.6,0.5,0.51,0.505,0.01,316.0,1008.78,99
2026-09-08T00:25:24.584073+00:00,btc-updown-15m-1788826500,15,4314505,78686368378387816071946700850754451531577094334258101688244957876166498984470,2026-09-08T00:15:00+00:00,2026-09-08T00:30:00+00:00,4.6,0.27,0.28,0.275,0.01,140.08,41.0,85
2026-09-08T00:25:24.584073+00:00,btc-updown-15m-1788827400,15,4314714,49371500888778222702298501403568409372483741948956972403557044513478401548038,2026-09-08T00:30:00+00:00,2026-09-08T00:45:00+00:00,19.6,0.49,0.51,0.5,0.02,401.76,324.96,94
2026-09-08T00:26:25.918637+00:00,btc-updown-5m-1788827100,5,4314533,27590531797013499608535823250146568412973962710513360317826825532512076360100,2026-09-08T00:25:00+00:00,2026-09-08T00:30:00+00:00,3.58,0.8,0.81,0.805,0.01,389.49,191.05,99
2026-09-08T00:26:25.918637+00:00,btc-updown-5m-1788827400,5,4314704,19982215978841870234984670551847870180670391220298155704857349424688335753655,2026-09-08T00:30:00+00:00,2026-09-08T00:35:00+00:00,8.58,0.5,0.51,0.505,0.01,266.0,906.23,99
2026-09-08T00:26:25.918637+00:00,btc-updown-15m-1788826500,15,4314505,78686368378387816071946700850754451531577094334258101688244957876166498984470,2026-09-08T00:15:00+00:00,2026-09-08T00:30:00+00:00,3.58,0.38,0.39,0.385,0.01,9.95,4.94,80
2026-09-08T00:26:25.918637+00:00,btc-updown-15m-1788827400,15,4314714,49371500888778222702298501403568409372483741948956972403557044513478401548038,2026-09-08T00:30:00+00:00,2026-09-08T00:45:00+00:00,18.58,0.49,0.51,0.5,0.02,351.76,324.96,94
2026-09-08T00:27:27.150551+00:00,btc-updown-5m-1788827100,5,4314533,27590531797013499608535823250146568412973962710513360317826825532512076360100,2026-09-08T00:25:00+00:00,2026-09-08T00:30:00+00:00,2.55,0.97,0.98,0.975,0.01,402.59,1322.08,99
2026-09-08T00:27:27.150551+00:00,btc-updown-5m-1788827400,5,4314704,19982215978841870234984670551847870180670391220298155704857349424688335753655,2026-09-08T00:30:00+00:00,2026-09-08T00:35:00+00:00,7.55,0.5,0.51,0.505,0.01,253.0,767.86,99
2026-09-08T00:27:27.150551+00:00,btc-updown-15m-1788826500,15,4314505,78686368378387816071946700850754451531577094334258101688244957876166498984470,2026-09-08T00:15:00+00:00,2026-09-08T00:30:00+00:00,2.55,0.15,0.16,0.155,0.01,284.98,69.88,68
2026-09-08T00:27:27.150551+00:00,btc-updown-15m-1788827400,15,4314714,49371500888778222702298501403568409372483741948956972403557044513478401548038,2026-09-08T00:30:00+00:00,2026-09-08T00:45:00+00:00,17.55,0.5,0.51,0.505,0.01,50.0,324.96,95
2026-09-08T00:28:28.463380+00:00,btc-updown-5m-1788827100,5,4314533,27590531797013499608535823250146568412973962710513360317826825532512076360100,2026-09-08T00:25:00+00:00,2026-09-08T00:30:00+00:00,1.53,0.868,0.87,0.869,0.002,11.3,37.7,133
2026-09-08T00:28:28.463380+00:00,btc-updown-5m-1788827400,5,4314704,19982215978841870234984670551847870180670391220298155704857349424688335753655,2026-09-08T00:30:00+00:00,2026-09-08T00:35:00+00:00,6.53,0.49,0.51,0.5,0.02,817.45,729.23,98
2026-09-08T00:28:28.463380+00:00,btc-updown-15m-1788826500,15,4314505,78686368378387816071946700850754451531577094334258101688244957876166498984470,2026-09-08T00:15:00+00:00,2026-09-08T00:30:00+00:00,1.53,0.25,0.26,0.255,0.01,5210.13,105.01,78
2026-09-08T00:28:28.463380+00:00,btc-updown-15m-1788827400,15,4314714,49371500888778222702298501403568409372483741948956972403557044513478401548038,2026-09-08T00:30:00+00:00,2026-09-08T00:45:00+00:00,16.53,0.5,0.51,0.505,0.01,75.0,351.23,95
2026-09-08T00:29:29.729204+00:00,btc-updown-5m-1788827400,5,4314704,19982215978841870234984670551847870180670391220298155704857349424688335753655,2026-09-08T00:30:00+00:00,2026-09-08T00:35:00+00:00,5.52,0.49,0.5,0.495,0.01,286.39,323.0,99
2026-09-08T00:29:29.729204+00:00,btc-updown-15m-1788827400,15,4314714,49371500888778222702298501403568409372483741948956972403557044513478401548038,2026-09-08T00:30:00+00:00,2026-09-08T00:45:00+00:00,15.52,0.5,0.51,0.505,0.01,50.0,91.42,89
2026-09-08T00:30:30.708042+00:00,btc-updown-5m-1788827400,5,4314704,19982215978841870234984670551847870180670391220298155704857349424688335753655,2026-09-08T00:30:00+00:00,2026-09-08T00:35:00+00:00,4.5,0.4,0.41,0.405,0.01,6.33,598.0,99
2026-09-08T00:30:30.708042+00:00,btc-updown-5m-1788827700,5,4314855,36915835111803617661533730314799788002840835696692298429915470906601408440484,2026-09-08T00:35:00+00:00,2026-09-08T00:40:00+00:00,9.5,0.5,0.51,0.505,0.01,439.63,979.36,99
2026-09-08T00:30:30.708042+00:00,btc-updown-15m-1788827400,15,4314714,49371500888778222702298501403568409372483741948956972403557044513478401548038,2026-09-08T00:30:00+00:00,2026-09-08T00:45:00+00:00,14.5,0.56,0.57,0.565,0.01,34.5,12865.77,97
2026-09-08T00:30:30.708042+00:00,btc-updown-15m-1788828300,15,4314917,81287930354397434662976932007468435979814348578408484395166973369715582113195,2026-09-08T00:45:00+00:00,2026-09-08T01:00:00+00:00,29.5,0.49,0.51,0.5,0.02,398.02,391.02,92
2026-09-08T00:31:31.996303+00:00,btc-updown-5m-1788827400,5,4314704,19982215978841870234984670551847870180670391220298155704857349424688335753655,2026-09-08T00:30:00+00:00,2026-09-08T00:35:00+00:00,3.48,0.33,0.34,0.335,0.01,17.9,501.66,99
2026-09-08T00:31:31.996303+00:00,btc-updown-5m-1788827700,5,4314855,36915835111803617661533730314799788002840835696692298429915470906601408440484,2026-09-08T00:35:00+00:00,2026-09-08T00:40:00+00:00,8.48,0.5,0.51,0.505,0.01,494.63,880.21,99
2026-09-08T00:31:31.996303+00:00,btc-updown-15m-1788827400,15,4314714,49371500888778222702298501403568409372483741948956972403557044513478401548038,2026-09-08T00:30:00+00:00,2026-09-08T00:45:00+00:00,13.48,0.5,0.54,0.52,0.04,30.0,175.41,89
2026-09-08T00:31:31.996303+00:00,btc-updown-15m-1788828300,15,4314917,81287930354397434662976932007468435979814348578408484395166973369715582113195,2026-09-08T00:45:00+00:00,2026-09-08T01:00:00+00:00,28.48,0.5,0.51,0.505,0.01,75.0,391.02,93
2026-09-08T00:32:33.224571+00:00,btc-updown-5m-1788827400,5,4314704,19982215978841870234984670551847870180670391220298155704857349424688335753655,2026-09-08T00:30:00+00:00,2026-09-08T00:35:00+00:00,2.45,0.84,0.85,0.845,0.01,857.4,102.83,99
2026-09-08T00:32:33.224571+00:00,btc-updown-5m-1788827700,5,4314855,36915835111803617661533730314799788002840835696692298429915470906601408440484,2026-09-08T00:35:00+00:00,2026-09-08T00:40:00+00:00,7.45,0.5,0.51,0.505,0.01,444.63,942.21,99
2026-09-08T00:32:33.224571+00:00,btc-updown-15m-1788827400,15,4314714,49371500888778222702298501403568409372483741948956972403557044513478401548038,2026-09-08T00:30:00+00:00,2026-09-08T00:45:00+00:00,12.45,0.7,0.71,0.705,0.01,115.4,3.0,88
2026-09-08T00:32:33.224571+00:00,btc-updown-15m-1788828300,15,4314917,81287930354397434662976932007468435979814348578408484395166973369715582113195,2026-09-08T00:45:00+00:00,2026-09-08T01:00:00+00:00,27.45,0.49,0.51,0.5,0.02,398.02,340.0,92
2026-09-08T00:33:34.556000+00:00,btc-updown-5m-1788827700,5,4314855,36915835111803617661533730314799788002840835696692298429915470906601408440484,2026-09-08T00:35:00+00:00,2026-09-08T00:40:00+00:00,6.43,0.5,0.51,0.505,0.01,168.43,737.37,99
2026-09-08T00:33:34.556000+00:00,btc-updown-15m-1788827400,15,4314714,49371500888778222702298501403568409372483741948956972403557044513478401548038,2026-09-08T00:30:00+00:00,2026-09-08T00:45:00+00:00,11.43,0.86,0.87,0.865,0.01,12.28,44.0,75
2026-09-08T00:33:34.556000+00:00,btc-updown-15m-1788828300,15,4314917,81287930354397434662976932007468435979814348578408484395166973369715582113195,2026-09-08T00:45:00+00:00,2026-09-08T01:00:00+00:00,26.43,0.5,0.51,0.505,0.01,31.92,391.02,93
2026-09-08T00:34:35.890404+00:00,btc-updown-5m-1788827700,5,4314855,36915835111803617661533730314799788002840835696692298429915470906601408440484,2026-09-08T00:35:00+00:00,2026-09-08T00:40:00+00:00,5.42,0.5,0.51,0.505,0.01,151.4,323.65,99
2026-09-08T00:34:35.890404+00:00,btc-updown-15m-1788827400,15,4314714,49371500888778222702298501403568409372483741948956972403557044513478401548038,2026-09-08T00:30:00+00:00,2026-09-08T00:45:00+00:00,10.42,0.88,0.9,0.89,0.02,198.99,559.37,75
2026-09-08T00:34:35.890404+00:00,btc-updown-15m-1788828300,15,4314917,81287930354397434662976932007468435979814348578408484395166973369715582113195,2026-09-08T00:45:00+00:00,2026-09-08T01:00:00+00:00,25.42,0.5,0.51,0.505,0.01,31.92,491.02,93
2026-09-08T00:35:37.022907+00:00,btc-updown-5m-1788827700,5,4314855,36915835111803617661533730314799788002840835696692298429915470906601408440484,2026-09-08T00:35:00+00:00,2026-09-08T00:40:00+00:00,4.38,0.71,0.72,0.715,0.01,452.71,61.29,99
2026-09-08T00:35:37.022907+00:00,btc-updown-5m-1788828000,5,4314894,65079096427776245479587982902102973028366130166207608940782222871203051104160,2026-09-08T00:40:00+00:00,2026-09-08T00:45:00+00:00,9.38,0.49,0.5,0.495,0.01,922.72,41.06,99
2026-09-08T00:35:37.022907+00:00,btc-updown-15m-1788827400,15,4314714,49371500888778222702298501403568409372483741948956972403557044513478401548038,2026-09-08T00:30:00+00:00,2026-09-08T00:45:00+00:00,9.38,0.93,0.94,0.935,0.01,176.44,445.19,74
2026-09-08T00:35:37.022907+00:00,btc-updown-15m-1788828300,15,4314917,81287930354397434662976932007468435979814348578408484395166973369715582113195,2026-09-08T00:45:00+00:00,2026-09-08T01:00:00+00:00,24.38,0.5,0.51,0.505,0.01,29.92,542.04,93
2026-09-08T00:36:38.280206+00:00,btc-updown-5m-1788827700,5,4314855,36915835111803617661533730314799788002840835696692298429915470906601408440484,2026-09-08T00:35:00+00:00,2026-09-08T00:40:00+00:00,3.37,0.74,0.75,0.745,0.01,153.0,232.81,99
2026-09-08T00:36:38.280206+00:00,btc-updown-5m-1788828000,5,4314894,65079096427776245479587982902102973028366130166207608940782222871203051104160,2026-09-08T00:40:00+00:00,2026-09-08T00:45:00+00:00,8.37,0.49,0.5,0.495,0.01,872.57,56.06,99
2026-09-08T00:36:38.280206+00:00,btc-updown-15m-1788827400,15,4314714,49371500888778222702298501403568409372483741948956972403557044513478401548038,2026-09-08T00:30:00+00:00,2026-09-08T00:45:00+00:00,8.37,0.94,0.95,0.945,0.01,172.16,1290.68,74
2026-09-08T00:36:38.280206+00:00,btc-updown-15m-1788828300,15,4314917,81287930354397434662976932007468435979814348578408484395166973369715582113195,2026-09-08T00:45:00+00:00,2026-09-08T01:00:00+00:00,23.37,0.5,0.51,0.505,0.01,25.92,542.04,93
2026-09-08T00:37:39.537491+00:00,btc-updown-5m-1788827700,5,4314855,36915835111803617661533730314799788002840835696692298429915470906601408440484,2026-09-08T00:35:00+00:00,2026-09-08T00:40:00+00:00,2.35,0.93,0.94,0.935,0.01,103.0,529.11,99
2026-09-08T00:37:39.537491+00:00,btc-updown-5m-1788828000,5,4314894,65079096427776245479587982902102973028366130166207608940782222871203051104160,2026-09-08T00:40:00+00:00,2026-09-08T00:45:00+00:00,7.35,0.49,0.5,0.495,0.01,825.55,46.06,99
2026-09-08T00:37:39.537491+00:00,btc-updown-15m-1788827400,15,4314714,49371500888778222702298501403568409372483741948956972403557044513478401548038,2026-09-08T00:30:00+00:00,2026-09-08T00:45:00+00:00,7.35,0.96,0.97,0.965,0.01,21.0,1268.83,72
2026-09-08T00:37:39.537491+00:00,btc-updown-15m-1788828300,15,4314917,81287930354397434662976932007468435979814348578408484395166973369715582113195,2026-09-08T00:45:00+00:00,2026-09-08T01:00:00+00:00,22.35,0.5,0.51,0.505,0.01,25.92,542.04,93
2026-09-08T00:38:40.924976+00:00,btc-updown-5m-1788828000,5,4314894,65079096427776245479587982902102973028366130166207608940782222871203051104160,2026-09-08T00:40:00+00:00,2026-09-08T00:45:00+00:00,6.33,0.49,0.5,0.495,0.01,769.26,56.06,99
2026-09-08T00:38:40.924976+00:00,btc-updown-15m-1788827400,15,4314714,49371500888778222702298501403568409372483741948956972403557044513478401548038,2026-09-08T00:30:00+00:00,2026-09-08T00:45:00+00:00,6.33,0.98,0.99,0.985,0.01,264.56,34760.22,71
2026-09-08T00:38:40.924976+00:00,btc-updown-15m-1788828300,15,4314917,81287930354397434662976932007468435979814348578408484395166973369715582113195,2026-09-08T00:45:00+00:00,2026-09-08T01:00:00+00:00,21.33,0.49,0.5,0.495,0.01,270.1,125.0,93
2026-09-08T00:39:42.128513+00:00,btc-updown-5m-1788828000,5,4314894,65079096427776245479587982902102973028366130166207608940782222871203051104160,2026-09-08T00:40:00+00:00,2026-09-08T00:45:00+00:00,5.3,0.5,0.51,0.505,0.01,423.0,381.05,99
2026-09-08T00:39:42.128513+00:00,btc-updown-15m-1788827400,15,4314714,49371500888778222702298501403568409372483741948956972403557044513478401548038,2026-09-08T00:30:00+00:00,2026-09-08T00:45:00+00:00,5.3,0.98,0.99,0.985,0.01,6038.85,33189.15,74
2026-09-08T00:39:42.128513+00:00,btc-updown-15m-1788828300,15,4314917,81287930354397434662976932007468435979814348578408484395166973369715582113195,2026-09-08T00:45:00+00:00,2026-09-08T01:00:00+00:00,20.3,0.49,0.5,0.495,0.01,265.11,175.0,93
2026-09-08T00:40:43.341742+00:00,btc-updown-5m-1788828000,5,4314894,65079096427776245479587982902102973028366130166207608940782222871203051104160,2026-09-08T00:40:00+00:00,2026-09-08T00:45:00+00:00,4.28,0.76,0.77,0.765,0.01,96.33,855.93,99
2026-09-08T00:40:43.341742+00:00,btc-updown-5m-1788828300,5,4314918,8427740815206540701165387388778129441833516791833457803684814831282467942995,2026-09-08T00:45:00+00:00,2026-09-08T00:50:00+00:00,9.28,0.49,0.5,0.495,0.01,827.32,297.54,99
2026-09-08T00:40:43.341742+00:00,btc-updown-15m-1788827400,15,4314714,49371500888778222702298501403568409372483741948956972403557044513478401548038,2026-09-08T00:30:00+00:00,2026-09-08T00:45:00+00:00,4.28,0.996,0.997,0.9965,0.001,12.03,2783.44,82
2026-09-08T00:40:43.341742+00:00,btc-updown-15m-1788828300,15,4314917,81287930354397434662976932007468435979814348578408484395166973369715582113195,2026-09-08T00:45:00+00:00,2026-09-08T01:00:00+00:00,19.28,0.49,0.5,0.495,0.01,238.97,96.0,93
2026-09-08T00:41:44.685360+00:00,btc-updown-5m-1788828000,5,4314894,65079096427776245479587982902102973028366130166207608940782222871203051104160,2026-09-08T00:40:00+00:00,2026-09-08T00:45:00+00:00,3.27,0.79,0.8,0.795,0.01,141.0,365.67,99
2026-09-08T00:41:44.685360+00:00,btc-updown-5m-1788828300,5,4314918,8427740815206540701165387388778129441833516791833457803684814831282467942995,2026-09-08T00:45:00+00:00,2026-09-08T00:50:00+00:00,8.27,0.49,0.5,0.495,0.01,617.52,382.54,99
2026-09-08T00:41:44.685360+00:00,btc-updown-15m-1788827400,15,4314714,49371500888778222702298501403568409372483741948956972403557044513478401548038,2026-09-08T00:30:00+00:00,2026-09-08T00:45:00+00:00,3.27,0.995,0.997,0.996,0.002,100.5,2782.02,86
2026-09-08T00:41:44.685360+00:00,btc-updown-15m-1788828300,15,4314917,81287930354397434662976932007468435979814348578408484395166973369715582113195,2026-09-08T00:45:00+00:00,2026-09-08T01:00:00+00:00,18.27,0.49,0.5,0.495,0.01,238.97,436.0,93
2026-09-08T00:42:45.897187+00:00,btc-updown-5m-1788828000,5,4314894,65079096427776245479587982902102973028366130166207608940782222871203051104160,2026-09-08T00:40:00+00:00,2026-09-08T00:45:00+00:00,2.25,0.74,0.75,0.745,0.01,112.16,217.94,99
2026-09-08T00:42:45.897187+00:00,btc-updown-5m-1788828300,5,4314918,8427740815206540701165387388778129441833516791833457803684814831282467942995,2026-09-08T00:45:00+00:00,2026-09-08T00:50:00+00:00,7.25,0.49,0.5,0.495,0.01,379.79,437.54,99
2026-09-08T00:42:45.897187+00:00,btc-updown-15m-1788827400,15,4314714,49371500888778222702298501403568409372483741948956972403557044513478401548038,2026-09-08T00:30:00+00:00,2026-09-08T00:45:00+00:00,2.25,0.997,0.999,0.998,0.002,1000.0,5556.29,82
2026-09-08T00:42:45.897187+00:00,btc-updown-15m-1788828300,15,4314917,81287930354397434662976932007468435979814348578408484395166973369715582113195,2026-09-08T00:45:00+00:00,2026-09-08T01:00:00+00:00,17.25,0.49,0.5,0.495,0.01,232.07,372.0,93
2026-09-08T00:43:47.197804+00:00,btc-updown-5m-1788828000,5,4314894,65079096427776245479587982902102973028366130166207608940782222871203051104160,2026-09-08T00:40:00+00:00,2026-09-08T00:45:00+00:00,1.22,0.23,0.24,0.235,0.01,53.5,871.82,99
2026-09-08T00:43:47.197804+00:00,btc-updown-5m-1788828300,5,4314918,8427740815206540701165387388778129441833516791833457803684814831282467942995,2026-09-08T00:45:00+00:00,2026-09-08T00:50:00+00:00,6.22,0.49,0.5,0.495,0.01,298.5,320.0,99
2026-09-08T00:43:47.197804+00:00,btc-updown-15m-1788828300,15,4314917,81287930354397434662976932007468435979814348578408484395166973369715582113195,2026-09-08T00:45:00+00:00,2026-09-08T01:00:00+00:00,16.22,0.48,0.49,0.485,0.01,295.0,49.02,93
2026-09-08T00:44:48.362548+00:00,btc-updown-5m-1788828300,5,4314918,8427740815206540701165387388778129441833516791833457803684814831282467942995,2026-09-08T00:45:00+00:00,2026-09-08T00:50:00+00:00,5.2,0.5,0.51,0.505,0.01,272.66,3.54,97
2026-09-08T00:44:48.362548+00:00,btc-updown-15m-1788828300,15,4314917,81287930354397434662976932007468435979814348578408484395166973369715582113195,2026-09-08T00:45:00+00:00,2026-09-08T01:00:00+00:00,15.2,0.52,0.53,0.525,0.01,27.91,102.8,90
2026-09-08T00:45:49.415179+00:00,btc-updown-5m-1788828300,5,4314918,8427740815206540701165387388778129441833516791833457803684814831282467942995,2026-09-08T00:45:00+00:00,2026-09-08T00:50:00+00:00,4.18,0.54,0.55,0.545,0.01,525.3,13.18,99
2026-09-08T00:45:49.415179+00:00,btc-updown-5m-1788828600,5,4314930,37842230332826142752957976621035636909681286769252165757192250528518638101973,2026-09-08T00:50:00+00:00,2026-09-08T00:55:00+00:00,9.18,0.49,0.5,0.495,0.01,747.47,128.42,99
2026-09-08T00:45:49.415179+00:00,btc-updown-15m-1788828300,15,4314917,81287930354397434662976932007468435979814348578408484395166973369715582113195,2026-09-08T00:45:00+00:00,2026-09-08T01:00:00+00:00,14.18,0.51,0.52,0.515,0.01,299.34,33.16,99
2026-09-08T00:45:49.415179+00:00,btc-updown-15m-1788829200,15,4315021,39805000005122439570041114593107802565682623569649404290804054633415468833406,2026-09-08T01:00:00+00:00,2026-09-08T01:15:00+00:00,29.18,0.49,0.5,0.495,0.01,331.87,475.0,93
2026-09-08T00:46:50.718441+00:00,btc-updown-5m-1788828300,5,4314918,8427740815206540701165387388778129441833516791833457803684814831282467942995,2026-09-08T00:45:00+00:00,2026-09-08T00:50:00+00:00,3.17,0.74,0.75,0.745,0.01,149.16,205.0,99
2026-09-08T00:46:50.718441+00:00,btc-updown-5m-1788828600,5,4314930,37842230332826142752957976621035636909681286769252165757192250528518638101973,2026-09-08T00:50:00+00:00,2026-09-08T00:55:00+00:00,8.17,0.49,0.5,0.495,0.01,698.45,123.42,99
2026-09-08T00:46:50.718441+00:00,btc-updown-15m-1788828300,15,4314917,81287930354397434662976932007468435979814348578408484395166973369715582113195,2026-09-08T00:45:00+00:00,2026-09-08T01:00:00+00:00,13.17,0.61,0.62,0.615,0.01,199.33,21.0,99
2026-09-08T00:46:50.718441+00:00,btc-updown-15m-1788829200,15,4315021,39805000005122439570041114593107802565682623569649404290804054633415468833406,2026-09-08T01:00:00+00:00,2026-09-08T01:15:00+00:00,28.17,0.49,0.5,0.495,0.01,336.87,475.0,93
2026-09-08T00:47:51.977007+00:00,btc-updown-5m-1788828300,5,4314918,8427740815206540701165387388778129441833516791833457803684814831282467942995,2026-09-08T00:45:00+00:00,2026-09-08T00:50:00+00:00,2.15,0.81,0.82,0.815,0.01,317.37,223.53,99
2026-09-08T00:47:51.977007+00:00,btc-updown-5m-1788828600,5,4314930,37842230332826142752957976621035636909681286769252165757192250528518638101973,2026-09-08T00:50:00+00:00,2026-09-08T00:55:00+00:00,7.15,0.49,0.5,0.495,0.01,690.45,133.42,99
2026-09-08T00:47:51.977007+00:00,btc-updown-15m-1788828300,15,4314917,81287930354397434662976932007468435979814348578408484395166973369715582113195,2026-09-08T00:45:00+00:00,2026-09-08T01:00:00+00:00,12.15,0.62,0.63,0.625,0.01,8.0,314.1,99
2026-09-08T00:47:51.977007+00:00,btc-updown-15m-1788829200,15,4315021,39805000005122439570041114593107802565682623569649404290804054633415468833406,2026-09-08T01:00:00+00:00,2026-09-08T01:15:00+00:00,27.15,0.49,0.5,0.495,0.01,336.87,475.0,93
2026-09-08T00:48:53.329260+00:00,btc-updown-5m-1788828300,5,4314918,8427740815206540701165387388778129441833516791833457803684814831282467942995,2026-09-08T00:45:00+00:00,2026-09-08T00:50:00+00:00,1.12,0.95,0.96,0.955,0.01,551.73,53.9,99
2026-09-08T00:48:53.329260+00:00,btc-updown-5m-1788828600,5,4314930,37842230332826142752957976621035636909681286769252165757192250528518638101973,2026-09-08T00:50:00+00:00,2026-09-08T00:55:00+00:00,6.12,0.5,0.51,0.505,0.01,70.0,819.59,99
2026-09-08T00:48:53.329260+00:00,btc-updown-15m-1788828300,15,4314917,81287930354397434662976932007468435979814348578408484395166973369715582113195,2026-09-08T00:45:00+00:00,2026-09-08T01:00:00+00:00,11.12,0.63,0.64,0.635,0.01,124.0,219.46,99
2026-09-08T00:48:53.329260+00:00,btc-updown-15m-1788829200,15,4315021,39805000005122439570041114593107802565682623569649404290804054633415468833406,2026-09-08T01:00:00+00:00,2026-09-08T01:15:00+00:00,26.12,0.49,0.5,0.495,0.01,336.87,475.0,93
2026-09-08T00:49:54.612635+00:00,btc-updown-5m-1788828600,5,4314930,37842230332826142752957976621035636909681286769252165757192250528518638101973,2026-09-08T00:50:00+00:00,2026-09-08T00:55:00+00:00,5.1,0.58,0.59,0.585,0.01,66.0,102.08,98
2026-09-08T00:49:54.612635+00:00,btc-updown-15m-1788828300,15,4314917,81287930354397434662976932007468435979814348578408484395166973369715582113195,2026-09-08T00:45:00+00:00,2026-09-08T01:00:00+00:00,10.1,0.78,0.79,0.785,0.01,263.6,213.68,99
2026-09-08T00:49:54.612635+00:00,btc-updown-15m-1788829200,15,4315021,39805000005122439570041114593107802565682623569649404290804054633415468833406,2026-09-08T01:00:00+00:00,2026-09-08T01:15:00+00:00,25.1,0.49,0.5,0.495,0.01,336.87,475.0,97
2026-09-08T00:50:55.724858+00:00,btc-updown-5m-1788828600,5,4314930,37842230332826142752957976621035636909681286769252165757192250528518638101973,2026-09-08T00:50:00+00:00,2026-09-08T00:55:00+00:00,4.08,0.49,0.5,0.495,0.01,174.83,425.79,99
2026-09-08T00:50:55.724858+00:00,btc-updown-5m-1788828900,5,4314969,27128629913450874069271039796674519755386601936842755484211605102044195678454,2026-09-08T00:55:00+00:00,2026-09-08T01:00:00+00:00,9.08,0.49,0.5,0.495,0.01,844.11,101.0,99
2026-09-08T00:50:55.724858+00:00,btc-updown-15m-1788828300,15,4314917,81287930354397434662976932007468435979814348578408484395166973369715582113195,2026-09-08T00:45:00+00:00,2026-09-08T01:00:00+00:00,9.08,0.74,0.75,0.745,0.01,0.16,491.55,99
2026-09-08T00:50:55.724858+00:00,btc-updown-15m-1788829200,15,4315021,39805000005122439570041114593107802565682623569649404290804054633415468833406,2026-09-08T01:00:00+00:00,2026-09-08T01:15:00+00:00,24.08,0.49,0.5,0.495,0.01,332.94,505.0,97
2026-09-08T00:51:56.927307+00:00,btc-updown-5m-1788828600,5,4314930,37842230332826142752957976621035636909681286769252165757192250528518638101973,2026-09-08T00:50:00+00:00,2026-09-08T00:55:00+00:00,3.07,0.73,0.74,0.735,0.01,137.94,340.16,99
2026-09-08T00:51:56.927307+00:00,btc-updown-5m-1788828900,5,4314969,27128629913450874069271039796674519755386601936842755484211605102044195678454,2026-09-08T00:55:00+00:00,2026-09-08T01:00:00+00:00,8.07,0.49,0.5,0.495,0.01,837.11,106.0,99
2026-09-08T00:51:56.927307+00:00,btc-updown-15m-1788828300,15,4314917,81287930354397434662976932007468435979814348578408484395166973369715582113195,2026-09-08T00:45:00+00:00,2026-09-08T01:00:00+00:00,8.07,0.83,0.84,0.835,0.01,412.86,8.8,98
2026-09-08T00:51:56.927307+00:00,btc-updown-15m-1788829200,15,4315021,39805000005122439570041114593107802565682623569649404290804054633415468833406,2026-09-08T01:00:00+00:00,2026-09-08T01:15:00+00:00,23.07,0.49,0.5,0.495,0.01,332.94,505.0,97
2026-09-08T00:52:58.195832+00:00,btc-updown-5m-1788828600,5,4314930,37842230332826142752957976621035636909681286769252165757192250528518638101973,2026-09-08T00:50:00+00:00,2026-09-08T00:55:00+00:00,2.03,0.73,0.74,0.735,0.01,198.01,301.51,99
2026-09-08T00:52:58.195832+00:00,btc-updown-5m-1788828900,5,4314969,27128629913450874069271039796674519755386601936842755484211605102044195678454,2026-09-08T00:55:00+00:00,2026-09-08T01:00:00+00:00,7.03,0.49,0.5,0.495,0.01,795.11,106.0,99
2026-09-08T00:52:58.195832+00:00,btc-updown-15m-1788828300,15,4314917,81287930354397434662976932007468435979814348578408484395166973369715582113195,2026-09-08T00:45:00+00:00,2026-09-08T01:00:00+00:00,7.03,0.86,0.87,0.865,0.01,36.54,144.88,99
2026-09-08T00:52:58.195832+00:00,btc-updown-15m-1788829200,15,4315021,39805000005122439570041114593107802565682623569649404290804054633415468833406,2026-09-08T01:00:00+00:00,2026-09-08T01:15:00+00:00,22.03,0.49,0.5,0.495,0.01,332.94,505.0,97
2026-09-08T00:53:59.533902+00:00,btc-updown-5m-1788828600,5,4314930,37842230332826142752957976621035636909681286769252165757192250528518638101973,2026-09-08T00:50:00+00:00,2026-09-08T00:55:00+00:00,1.02,0.86,0.87,0.865,0.01,262.66,80.0,99
2026-09-08T00:53:59.533902+00:00,btc-updown-5m-1788828900,5,4314969,27128629913450874069271039796674519755386601936842755484211605102044195678454,2026-09-08T00:55:00+00:00,2026-09-08T01:00:00+00:00,6.02,0.49,0.5,0.495,0.01,499.58,84.0,99
2026-09-08T00:53:59.533902+00:00,btc-updown-15m-1788828300,15,4314917,81287930354397434662976932007468435979814348578408484395166973369715582113195,2026-09-08T00:45:00+00:00,2026-09-08T01:00:00+00:00,6.02,0.83,0.84,0.835,0.01,146.58,20.0,99
2026-09-08T00:53:59.533902+00:00,btc-updown-15m-1788829200,15,4315021,39805000005122439570041114593107802565682623569649404290804054633415468833406,2026-09-08T01:00:00+00:00,2026-09-08T01:15:00+00:00,21.02,0.49,0.5,0.495,0.01,5.0,529.0,97
2026-09-08T00:55:00.771850+00:00,btc-updown-5m-1788828900,5,4314969,27128629913450874069271039796674519755386601936842755484211605102044195678454,2026-09-08T00:55:00+00:00,2026-09-08T01:00:00+00:00,5.0,0.49,0.5,0.495,0.01,80.0,5.0,99
2026-09-08T00:55:00.771850+00:00,btc-updown-5m-1788829200,5,4315031,95700180913843815519545552825290875843277031271141082678014374715165006596021,2026-09-08T01:00:00+00:00,2026-09-08T01:05:00+00:00,10.0,0.49,0.5,0.495,0.01,523.03,69.64,99
2026-09-08T00:55:00.771850+00:00,btc-updown-15m-1788828300,15,4314917,81287930354397434662976932007468435979814348578408484395166973369715582113195,2026-09-08T00:45:00+00:00,2026-09-08T01:00:00+00:00,5.0,0.84,0.85,0.845,0.01,25.0,155.56,99
2026-09-08T00:55:00.771850+00:00,btc-updown-15m-1788829200,15,4315021,39805000005122439570041114593107802565682623569649404290804054633415468833406,2026-09-08T01:00:00+00:00,2026-09-08T01:15:00+00:00,20.0,0.48,0.5,0.49,0.02,304.9,79.0,96
2026-09-08T00:56:02.028952+00:00,btc-updown-5m-1788828900,5,4314969,27128629913450874069271039796674519755386601936842755484211605102044195678454,2026-09-08T00:55:00+00:00,2026-09-08T01:00:00+00:00,3.97,0.79,0.8,0.795,0.01,314.56,496.44,99
2026-09-08T00:56:02.028952+00:00,btc-updown-5m-1788829200,5,4315031,95700180913843815519545552825290875843277031271141082678014374715165006596021,2026-09-08T01:00:00+00:00,2026-09-08T01:05:00+00:00,8.97,0.49,0.5,0.495,0.01,673.41,217.64,99
2026-09-08T00:56:02.028952+00:00,btc-updown-15m-1788828300,15,4314917,81287930354397434662976932007468435979814348578408484395166973369715582113195,2026-09-08T00:45:00+00:00,2026-09-08T01:00:00+00:00,3.97,0.96,0.97,0.965,0.01,149.36,261.94,99
2026-09-08T00:56:02.028952+00:00,btc-updown-15m-1788829200,15,4315021,39805000005122439570041114593107802565682623569649404290804054633415468833406,2026-09-08T01:00:00+00:00,2026-09-08T01:15:00+00:00,18.97,0.48,0.49,0.485,0.01,304.9,366.02,97
2026-09-08T00:57:03.277778+00:00,btc-updown-5m-1788828900,5,4314969,27128629913450874069271039796674519755386601936842755484211605102044195678454,2026-09-08T00:55:00+00:00,2026-09-08T01:00:00+00:00,2.95,0.8,0.81,0.805,0.01,356.74,103.81,99
2026-09-08T00:57:03.277778+00:00,btc-updown-5m-1788829200,5,4315031,95700180913843815519545552825290875843277031271141082678014374715165006596021,2026-09-08T01:00:00+00:00,2026-09-08T01:05:00+00:00,7.95,0.49,0.5,0.495,0.01,661.41,287.64,99
2026-09-08T00:57:03.277778+00:00,btc-updown-15m-1788828300,15,4314917,81287930354397434662976932007468435979814348578408484395166973369715582113195,2026-09-08T00:45:00+00:00,2026-09-08T01:00:00+00:00,2.95,0.97,0.98,0.975,0.01,178.0,20.69,99
2026-09-08T00:57:03.277778+00:00,btc-updown-15m-1788829200,15,4315021,39805000005122439570041114593107802565682623569649404290804054633415468833406,2026-09-08T01:00:00+00:00,2026-09-08T01:15:00+00:00,17.95,0.48,0.49,0.485,0.01,286.97,391.02,97
2026-09-08T00:58:04.642491+00:00,btc-updown-5m-1788828900,5,4314969,27128629913450874069271039796674519755386601936842755484211605102044195678454,2026-09-08T00:55:00+00:00,2026-09-08T01:00:00+00:00,1.93,0.94,0.95,0.945,0.01,111.0,459.75,99
2026-09-08T00:58:04.642491+00:00,btc-updown-5m-1788829200,5,4315031,95700180913843815519545552825290875843277031271141082678014374715165006596021,2026-09-08T01:00:00+00:00,2026-09-08T01:05:00+00:00,6.93,0.49,0.5,0.495,0.01,548.88,258.0,99
2026-09-08T00:58:04.642491+00:00,btc-updown-15m-1788829200,15,4315021,39805000005122439570041114593107802565682623569649404290804054633415468833406,2026-09-08T01:00:00+00:00,2026-09-08T01:15:00+00:00,16.93,0.48,0.49,0.485,0.01,279.2,381.05,97
2026-09-08T00:59:05.791633+00:00,btc-updown-5m-1788828900,5,4314969,27128629913450874069271039796674519755386601936842755484211605102044195678454,2026-09-08T00:55:00+00:00,2026-09-08T01:00:00+00:00,0.92,0.97,0.98,0.975,0.01,930.53,150.52,99
2026-09-08T00:59:05.791633+00:00,btc-updown-5m-1788829200,5,4315031,95700180913843815519545552825290875843277031271141082678014374715165006596021,2026-09-08T01:00:00+00:00,2026-09-08T01:05:00+00:00,5.92,0.48,0.5,0.49,0.02,26.0,206.45,98
2026-09-08T00:59:05.791633+00:00,btc-updown-15m-1788829200,15,4315021,39805000005122439570041114593107802565682623569649404290804054633415468833406,2026-09-08T01:00:00+00:00,2026-09-08T01:15:00+00:00,15.92,0.47,0.48,0.475,0.01,22.66,78.08,89
2026-09-08T01:00:06.958744+00:00,btc-updown-5m-1788829200,5,4315031,95700180913843815519545552825290875843277031271141082678014374715165006596021,2026-09-08T01:00:00+00:00,2026-09-08T01:05:00+00:00,4.9,0.38,0.39,0.385,0.01,368.18,90.0,99
2026-09-08T01:00:06.958744+00:00,btc-updown-5m-1788829500,5,4315078,27499285500228351806298372790278600756443327414655341901589776097325263565918,2026-09-08T01:05:00+00:00,2026-09-08T01:10:00+00:00,9.9,0.49,0.5,0.495,0.01,118.86,241.74,99
2026-09-08T01:00:06.958744+00:00,btc-updown-15m-1788829200,15,4315021,39805000005122439570041114593107802565682623569649404290804054633415468833406,2026-09-08T01:00:00+00:00,2026-09-08T01:15:00+00:00,14.9,0.42,0.43,0.425,0.01,2461.07,180.0,99
2026-09-08T01:00:06.958744+00:00,btc-updown-15m-1788830100,15,4315230,99060057044806621272575406638779029349652974163458618602668276350040828352953,2026-09-08T01:15:00+00:00,2026-09-08T01:30:00+00:00,29.9,0.49,0.51,0.5,0.02,196.02,203.75,90
2026-09-08T01:01:08.221177+00:00,btc-updown-5m-1788829200,5,4315031,95700180913843815519545552825290875843277031271141082678014374715165006596021,2026-09-08T01:00:00+00:00,2026-09-08T01:05:00+00:00,3.87,0.66,0.67,0.665,0.01,288.33,130.0,99
2026-09-08T01:01:08.221177+00:00,btc-updown-5m-1788829500,5,4315078,27499285500228351806298372790278600756443327414655341901589776097325263565918,2026-09-08T01:05:00+00:00,2026-09-08T01:10:00+00:00,8.87,0.48,0.49,0.485,0.01,439.1,112.33,99
2026-09-08T01:01:08.221177+00:00,btc-updown-15m-1788829200,15,4315021,39805000005122439570041114593107802565682623569649404290804054633415468833406,2026-09-08T01:00:00+00:00,2026-09-08T01:15:00+00:00,13.87,0.55,0.56,0.555,0.01,177.68,100.0,99
2026-09-08T01:01:08.221177+00:00,btc-updown-15m-1788830100,15,4315230,99060057044806621272575406638779029349652974163458618602668276350040828352953,2026-09-08T01:15:00+00:00,2026-09-08T01:30:00+00:00,28.87,0.49,0.5,0.495,0.01,290.51,481.04,93
2026-09-08T01:02:09.518871+00:00,btc-updown-5m-1788829200,5,4315031,95700180913843815519545552825290875843277031271141082678014374715165006596021,2026-09-08T01:00:00+00:00,2026-09-08T01:05:00+00:00,2.85,0.32,0.33,0.325,0.01,411.1,94.24,99
2026-09-08T01:02:09.518871+00:00,btc-updown-5m-1788829500,5,4315078,27499285500228351806298372790278600756443327414655341901589776097325263565918,2026-09-08T01:05:00+00:00,2026-09-08T01:10:00+00:00,7.85,0.47,0.48,0.475,0.01,605.29,44.0,99
2026-09-08T01:02:09.518871+00:00,btc-updown-15m-1788829200,15,4315021,39805000005122439570041114593107802565682623569649404290804054633415468833406,2026-09-08T01:00:00+00:00,2026-09-08T01:15:00+00:00,12.85,0.42,0.43,0.425,0.01,55.54,323.55,99
2026-09-08T01:02:09.518871+00:00,btc-updown-15m-1788830100,15,4315230,99060057044806621272575406638779029349652974163458618602668276350040828352953,2026-09-08T01:15:00+00:00,2026-09-08T01:30:00+00:00,27.85,0.49,0.5,0.495,0.01,290.51,481.04,93
2026-09-08T01:03:10.732980+00:00,btc-updown-5m-1788829200,5,4315031,95700180913843815519545552825290875843277031271141082678014374715165006596021,2026-09-08T01:00:00+00:00,2026-09-08T01:05:00+00:00,1.83,0.74,0.76,0.75,0.02,157.15,46.4,98
2026-09-08T01:03:10.732980+00:00,btc-updown-5m-1788829500,5,4315078,27499285500228351806298372790278600756443327414655341901589776097325263565918,2026-09-08T01:05:00+00:00,2026-09-08T01:10:00+00:00,6.83,0.47,0.48,0.475,0.01,588.3,19.91,99
2026-09-08T01:03:10.732980+00:00,btc-updown-15m-1788829200,15,4315021,39805000005122439570041114593107802565682623569649404290804054633415468833406,2026-09-08T01:00:00+00:00,2026-09-08T01:15:00+00:00,11.83,0.56,0.57,0.565,0.01,120.0,412.02,99
2026-09-08T01:03:10.732980+00:00,btc-updown-15m-1788830100,15,4315230,99060057044806621272575406638779029349652974163458618602668276350040828352953,2026-09-08T01:15:00+00:00,2026-09-08T01:30:00+00:00,26.83,0.49,0.5,0.495,0.01,290.51,481.04,93
2026-09-08T01:04:12.087284+00:00,btc-updown-5m-1788829200,5,4315031,95700180913843815519545552825290875843277031271141082678014374715165006596021,2026-09-08T01:00:00+00:00,2026-09-08T01:05:00+00:00,0.8,0.84,0.85,0.845,0.01,257.0,458.31,99
2026-09-08T01:04:12.087284+00:00,btc-updown-5m-1788829500,5,4315078,27499285500228351806298372790278600756443327414655341901589776097325263565918,2026-09-08T01:05:00+00:00,2026-09-08T01:10:00+00:00,5.8,0.47,0.48,0.475,0.01,86.63,169.07,99
2026-09-08T01:04:12.087284+00:00,btc-updown-15m-1788829200,15,4315021,39805000005122439570041114593107802565682623569649404290804054633415468833406,2026-09-08T01:00:00+00:00,2026-09-08T01:15:00+00:00,10.8,0.53,0.54,0.535,0.01,186.0,126.73,99
2026-09-08T01:04:12.087284+00:00,btc-updown-15m-1788830100,15,4315230,99060057044806621272575406638779029349652974163458618602668276350040828352953,2026-09-08T01:15:00+00:00,2026-09-08T01:30:00+00:00,25.8,0.49,0.5,0.495,0.01,282.22,481.04,95
2026-09-08T01:05:13.362453+00:00,btc-updown-5m-1788829500,5,4315078,27499285500228351806298372790278600756443327414655341901589776097325263565918,2026-09-08T01:05:00+00:00,2026-09-08T01:10:00+00:00,4.78,0.65,0.66,0.655,0.01,470.41,144.0,99
2026-09-08T01:05:13.362453+00:00,btc-updown-5m-1788829800,5,4315123,111904949840831888291823087326185931033896335429313116468040551270932318975702,2026-09-08T01:10:00+00:00,2026-09-08T01:15:00+00:00,9.78,0.48,0.49,0.485,0.01,342.43,93.68,99
2026-09-08T01:05:13.362453+00:00,btc-updown-15m-1788829200,15,4315021,39805000005122439570041114593107802565682623569649404290804054633415468833406,2026-09-08T01:00:00+00:00,2026-09-08T01:15:00+00:00,9.78,0.59,0.6,0.595,0.01,321.99,49.91,98
2026-09-08T01:05:13.362453+00:00,btc-updown-15m-1788830100,15,4315230,99060057044806621272575406638779029349652974163458618602668276350040828352953,2026-09-08T01:15:00+00:00,2026-09-08T01:30:00+00:00,24.78,0.49,0.5,0.495,0.01,282.22,481.04,95
2026-09-08T01:06:14.643719+00:00,btc-updown-5m-1788829500,5,4315078,27499285500228351806298372790278600756443327414655341901589776097325263565918,2026-09-08T01:05:00+00:00,2026-09-08T01:10:00+00:00,3.77,0.41,0.42,0.415,0.01,462.66,86.1,99
2026-09-08T01:06:14.643719+00:00,btc-updown-5m-1788829800,5,4315123,111904949840831888291823087326185931033896335429313116468040551270932318975702,2026-09-08T01:10:00+00:00,2026-09-08T01:15:00+00:00,8.77,0.48,0.49,0.485,0.01,339.13,173.16,99
2026-09-08T01:06:14.643719+00:00,btc-updown-15m-1788829200,15,4315021,39805000005122439570041114593107802565682623569649404290804054633415468833406,2026-09-08T01:00:00+00:00,2026-09-08T01:15:00+00:00,8.77,0.46,0.47,0.465,0.01,111.0,23.33,99
2026-09-08T01:06:14.643719+00:00,btc-updown-15m-1788830100,15,4315230,99060057044806621272575406638779029349652974163458618602668276350040828352953,2026-09-08T01:15:00+00:00,2026-09-08T01:30:00+00:00,23.77,0.49,0.5,0.495,0.01,270.45,481.04,95
2026-09-08T01:07:15.875473+00:00,btc-updown-5m-1788829500,5,4315078,27499285500228351806298372790278600756443327414655341901589776097325263565918,2026-09-08T01:05:00+00:00,2026-09-08T01:10:00+00:00,2.75,0.16,0.17,0.165,0.01,504.36,136.0,99
2026-09-08T01:07:15.875473+00:00,btc-updown-5m-1788829800,5,4315123,111904949840831888291823087326185931033896335429313116468040551270932318975702,2026-09-08T01:10:00+00:00,2026-09-08T01:15:00+00:00,7.75,0.48,0.49,0.485,0.01,316.67,128.16,99
2026-09-08T01:07:15.875473+00:00,btc-updown-15m-1788829200,15,4315021,39805000005122439570041114593107802565682623569649404290804054633415468833406,2026-09-08T01:00:00+00:00,2026-09-08T01:15:00+00:00,7.75,0.32,0.33,0.325,0.01,464.64,35.0,98
2026-09-08T01:07:15.875473+00:00,btc-updown-15m-1788830100,15,4315230,99060057044806621272575406638779029349652974163458618602668276350040828352953,2026-09-08T01:15:00+00:00,2026-09-08T01:30:00+00:00,22.75,0.49,0.5,0.495,0.01,370.45,81.04,95
2026-09-08T01:08:17.100353+00:00,btc-updown-5m-1788829500,5,4315078,27499285500228351806298372790278600756443327414655341901589776097325263565918,2026-09-08T01:05:00+00:00,2026-09-08T01:10:00+00:00,1.72,0.8,0.81,0.805,0.01,166.8,173.33,99
2026-09-08T01:08:17.100353+00:00,btc-updown-5m-1788829800,5,4315123,111904949840831888291823087326185931033896335429313116468040551270932318975702,2026-09-08T01:10:00+00:00,2026-09-08T01:15:00+00:00,6.72,0.48,0.49,0.485,0.01,280.0,133.16,99
2026-09-08T01:08:17.100353+00:00,btc-updown-15m-1788829200,15,4315021,39805000005122439570041114593107802565682623569649404290804054633415468833406,2026-09-08T01:00:00+00:00,2026-09-08T01:15:00+00:00,6.72,0.68,0.69,0.685,0.01,50.36,399.0,99
2026-09-08T01:08:17.100353+00:00,btc-updown-15m-1788830100,15,4315230,99060057044806621272575406638779029349652974163458618602668276350040828352953,2026-09-08T01:15:00+00:00,2026-09-08T01:30:00+00:00,21.72,0.49,0.5,0.495,0.01,270.45,81.04,95
2026-09-08T01:09:18.516372+00:00,btc-updown-5m-1788829800,5,4315123,111904949840831888291823087326185931033896335429313116468040551270932318975702,2026-09-08T01:10:00+00:00,2026-09-08T01:15:00+00:00,5.7,0.48,0.49,0.485,0.01,257.0,102.81,99
2026-09-08T01:09:18.516372+00:00,btc-updown-15m-1788829200,15,4315021,39805000005122439570041114593107802565682623569649404290804054633415468833406,2026-09-08T01:00:00+00:00,2026-09-08T01:15:00+00:00,5.7,0.81,0.82,0.815,0.01,139.0,188.81,99
2026-09-08T01:09:18.516372+00:00,btc-updown-15m-1788830100,15,4315230,99060057044806621272575406638779029349652974163458618602668276350040828352953,2026-09-08T01:15:00+00:00,2026-09-08T01:30:00+00:00,20.7,0.49,0.5,0.495,0.01,265.46,481.04,95
2026-09-08T01:10:19.648829+00:00,btc-updown-5m-1788829800,5,4315123,111904949840831888291823087326185931033896335429313116468040551270932318975702,2026-09-08T01:10:00+00:00,2026-09-08T01:15:00+00:00,4.68,0.47,0.48,0.475,0.01,276.71,81.11,99
2026-09-08T01:10:19.648829+00:00,btc-updown-5m-1788830100,5,4315227,8423358920776376957660349925419325674905497829063345383590405194125105512073,2026-09-08T01:15:00+00:00,2026-09-08T01:20:00+00:00,9.68,0.49,0.5,0.495,0.01,260.53,229.54,99
2026-09-08T01:10:19.648829+00:00,btc-updown-15m-1788829200,15,4315021,39805000005122439570041114593107802565682623569649404290804054633415468833406,2026-09-08T01:00:00+00:00,2026-09-08T01:15:00+00:00,4.68,0.81,0.82,0.815,0.01,99.0,277.0,99
2026-09-08T01:10:19.648829+00:00,btc-updown-15m-1788830100,15,4315230,99060057044806621272575406638779029349652974163458618602668276350040828352953,2026-09-08T01:15:00+00:00,2026-09-08T01:30:00+00:00,19.68,0.49,0.5,0.495,0.01,249.87,481.04,95
2026-09-08T01:11:20.904388+00:00,btc-updown-5m-1788829800,5,4315123,111904949840831888291823087326185931033896335429313116468040551270932318975702,2026-09-08T01:10:00+00:00,2026-09-08T01:15:00+00:00,3.67,0.6,0.61,0.605,0.01,59.35,621.89,99
2026-09-08T01:11:20.904388+00:00,btc-updown-5m-1788830100,5,4315227,8423358920776376957660349925419325674905497829063345383590405194125105512073,2026-09-08T01:15:00+00:00,2026-09-08T01:20:00+00:00,8.67,0.49,0.5,0.495,0.01,235.78,232.58,99
2026-09-08T01:11:20.904388+00:00,btc-updown-15m-1788829200,15,4315021,39805000005122439570041114593107802565682623569649404290804054633415468833406,2026-09-08T01:00:00+00:00,2026-09-08T01:15:00+00:00,3.67,0.86,0.87,0.865,0.01,170.0,194.3,99
2026-09-08T01:11:20.904388+00:00,btc-updown-15m-1788830100,15,4315230,99060057044806621272575406638779029349652974163458618602668276350040828352953,2026-09-08T01:15:00+00:00,2026-09-08T01:30:00+00:00,18.67,0.49,0.5,0.495,0.01,243.09,476.68,95
2026-09-08T01:12:22.133979+00:00,btc-updown-5m-1788829800,5,4315123,111904949840831888291823087326185931033896335429313116468040551270932318975702,2026-09-08T01:10:00+00:00,2026-09-08T01:15:00+00:00,2.63,0.56,0.57,0.565,0.01,214.0,11.89,99
2026-09-08T01:12:22.133979+00:00,btc-updown-5m-1788830100,5,4315227,8423358920776376957660349925419325674905497829063345383590405194125105512073,2026-09-08T01:15:00+00:00,2026-09-08T01:20:00+00:00,7.63,0.49,0.5,0.495,0.01,200.99,134.44,99
2026-09-08T01:12:22.133979+00:00,btc-updown-15m-1788829200,15,4315021,39805000005122439570041114593107802565682623569649404290804054633415468833406,2026-09-08T01:00:00+00:00,2026-09-08T01:15:00+00:00,2.63,0.93,0.94,0.935,0.01,3373.28,305.67,99
2026-09-08T01:12:22.133979+00:00,btc-updown-15m-1788830100,15,4315230,99060057044806621272575406638779029349652974163458618602668276350040828352953,2026-09-08T01:15:00+00:00,2026-09-08T01:30:00+00:00,17.63,0.48,0.49,0.485,0.01,278.53,418.02,95
2026-09-08T01:13:23.442979+00:00,btc-updown-5m-1788829800,5,4315123,111904949840831888291823087326185931033896335429313116468040551270932318975702,2026-09-08T01:10:00+00:00,2026-09-08T01:15:00+00:00,1.62,0.19,0.2,0.195,0.01,128.33,141.35,99
2026-09-08T01:13:23.442979+00:00,btc-updown-5m-1788830100,5,4315227,8423358920776376957660349925419325674905497829063345383590405194125105512073,2026-09-08T01:15:00+00:00,2026-09-08T01:20:00+00:00,6.62,0.49,0.5,0.495,0.01,36.8,126.82,99
2026-09-08T01:13:23.442979+00:00,btc-updown-15m-1788829200,15,4315021,39805000005122439570041114593107802565682623569649404290804054633415468833406,2026-09-08T01:00:00+00:00,2026-09-08T01:15:00+00:00,1.62,0.83,0.84,0.835,0.01,9456.0,164.0,99
2026-09-08T01:13:23.442979+00:00,btc-updown-15m-1788830100,15,4315230,99060057044806621272575406638779029349652974163458618602668276350040828352953,2026-09-08T01:15:00+00:00,2026-09-08T01:30:00+00:00,16.62,0.48,0.49,0.485,0.01,212.0,422.05,95
2026-09-08T01:14:24.693761+00:00,btc-updown-5m-1788830100,5,4315227,8423358920776376957660349925419325674905497829063345383590405194125105512073,2026-09-08T01:15:00+00:00,2026-09-08T01:20:00+00:00,5.6,0.48,0.49,0.485,0.01,400.53,20.0,99
2026-09-08T01:14:24.693761+00:00,btc-updown-15m-1788829200,15,4315021,39805000005122439570041114593107802565682623569649404290804054633415468833406,2026-09-08T01:00:00+00:00,2026-09-08T01:15:00+00:00,0.6,0.98,0.99,0.985,0.01,370.0,475.72,99
2026-09-08T01:14:24.693761+00:00,btc-updown-15m-1788830100,15,4315230,99060057044806621272575406638779029349652974163458618602668276350040828352953,2026-09-08T01:15:00+00:00,2026-09-08T01:30:00+00:00,15.6,0.48,0.49,0.485,0.01,33.32,98.26,92
2026-09-08T01:15:25.877519+00:00,btc-updown-5m-1788830100,5,4315227,8423358920776376957660349925419325674905497829063345383590405194125105512073,2026-09-08T01:15:00+00:00,2026-09-08T01:20:00+00:00,4.58,0.58,0.59,0.585,0.01,62.77,583.8,99
2026-09-08T01:15:25.877519+00:00,btc-updown-5m-1788830400,5,4315249,98178034875932004577253780425669372196440969977559844812616568908210819783226,2026-09-08T01:20:00+00:00,2026-09-08T01:25:00+00:00,9.58,0.48,0.49,0.485,0.01,447.33,88.79,99
2026-09-08T01:15:25.877519+00:00,btc-updown-15m-1788830100,15,4315230,99060057044806621272575406638779029349652974163458618602668276350040828352953,2026-09-08T01:15:00+00:00,2026-09-08T01:30:00+00:00,14.58,0.54,0.55,0.545,0.01,116.86,206.11,99
2026-09-08T01:15:25.877519+00:00,btc-updown-15m-1788831000,15,4315322,74463369470013739117981070000152603328898831028409717599742772333052456066459,2026-09-08T01:30:00+00:00,2026-09-08T01:45:00+00:00,29.58,0.49,0.5,0.495,0.01,320.1,95.0,91
2026-09-08T01:16:27.156651+00:00,btc-updown-5m-1788830100,5,4315227,8423358920776376957660349925419325674905497829063345383590405194125105512073,2026-09-08T01:15:00+00:00,2026-09-08T01:20:00+00:00,3.55,0.76,0.77,0.765,0.01,147.0,66.45,99
2026-09-08T01:16:27.156651+00:00,btc-updown-5m-1788830400,5,4315249,98178034875932004577253780425669372196440969977559844812616568908210819783226,2026-09-08T01:20:00+00:00,2026-09-08T01:25:00+00:00,8.55,0.48,0.49,0.485,0.01,442.33,52.0,99
2026-09-08T01:16:27.156651+00:00,btc-updown-15m-1788830100,15,4315230,99060057044806621272575406638779029349652974163458618602668276350040828352953,2026-09-08T01:15:00+00:00,2026-09-08T01:30:00+00:00,13.55,0.61,0.62,0.615,0.01,303.02,12.0,99
2026-09-08T01:16:27.156651+00:00,btc-updown-15m-1788831000,15,4315322,74463369470013739117981070000152603328898831028409717599742772333052456066459,2026-09-08T01:30:00+00:00,2026-09-08T01:45:00+00:00,28.55,0.49,0.5,0.495,0.01,320.1,495.0,93
2026-09-08T01:17:28.376648+00:00,btc-updown-5m-1788830100,5,4315227,8423358920776376957660349925419325674905497829063345383590405194125105512073,2026-09-08T01:15:00+00:00,2026-09-08T01:20:00+00:00,2.53,0.23,0.24,0.235,0.01,105.0,709.46,99
2026-09-08T01:17:28.376648+00:00,btc-updown-5m-1788830400,5,4315249,98178034875932004577253780425669372196440969977559844812616568908210819783226,2026-09-08T01:20:00+00:00,2026-09-08T01:25:00+00:00,7.53,0.49,0.5,0.495,0.01,285.0,30.0,99
2026-09-08T01:17:28.376648+00:00,btc-updown-15m-1788830100,15,4315230,99060057044806621272575406638779029349652974163458618602668276350040828352953,2026-09-08T01:15:00+00:00,2026-09-08T01:30:00+00:00,12.53,0.37,0.38,0.375,0.01,361.25,107.0,99
2026-09-08T01:17:28.376648+00:00,btc-updown-15m-1788831000,15,4315322,74463369470013739117981070000152603328898831028409717599742772333052456066459,2026-09-08T01:30:00+00:00,2026-09-08T01:45:00+00:00,27.53,0.49,0.5,0.495,0.01,320.1,95.0,93
2026-09-08T01:18:29.660030+00:00,btc-updown-5m-1788830100,5,4315227,8423358920776376957660349925419325674905497829063345383590405194125105512073,2026-09-08T01:15:00+00:00,2026-09-08T01:20:00+00:00,1.52,0.5,0.51,0.505,0.01,411.27,390.4,99
2026-09-08T01:18:29.660030+00:00,btc-updown-5m-1788830400,5,4315249,98178034875932004577253780425669372196440969977559844812616568908210819783226,2026-09-08T01:20:00+00:00,2026-09-08T01:25:00+00:00,6.52,0.49,0.5,0.495,0.01,245.39,45.0,99
2026-09-08T01:18:29.660030+00:00,btc-updown-15m-1788830100,15,4315230,99060057044806621272575406638779029349652974163458618602668276350040828352953,2026-09-08T01:15:00+00:00,2026-09-08T01:30:00+00:00,11.52,0.45,0.46,0.455,0.01,57.0,297.12,99
2026-09-08T01:18:29.660030+00:00,btc-updown-15m-1788831000,15,4315322,74463369470013739117981070000152603328898831028409717599742772333052456066459,2026-09-08T01:30:00+00:00,2026-09-08T01:45:00+00:00,26.52,0.49,0.5,0.495,0.01,303.43,295.0,93
2026-09-08T01:19:30.930283+00:00,btc-updown-5m-1788830100,5,4315227,8423358920776376957660349925419325674905497829063345383590405194125105512073,2026-09-08T01:15:00+00:00,2026-09-08T01:20:00+00:00,0.5,0.66,0.67,0.665,0.01,7.91,70.36,99
2026-09-08T01:19:30.930283+00:00,btc-updown-5m-1788830400,5,4315249,98178034875932004577253780425669372196440969977559844812616568908210819783226,2026-09-08T01:20:00+00:00,2026-09-08T01:25:00+00:00,5.5,0.51,0.52,0.515,0.01,35.0,266.36,99
2026-09-08T01:19:30.930283+00:00,btc-updown-15m-1788830100,15,4315230,99060057044806621272575406638779029349652974163458618602668276350040828352953,2026-09-08T01:15:00+00:00,2026-09-08T01:30:00+00:00,10.5,0.51,0.52,0.515,0.01,242.26,213.85,99
2026-09-08T01:19:30.930283+00:00,btc-updown-15m-1788831000,15,4315322,74463369470013739117981070000152603328898831028409717599742772333052456066459,2026-09-08T01:30:00+00:00,2026-09-08T01:45:00+00:00,25.5,0.49,0.5,0.495,0.01,303.43,395.0,97
2026-09-08T01:20:32.223953+00:00,btc-updown-5m-1788830400,5,4315249,98178034875932004577253780425669372196440969977559844812616568908210819783226,2026-09-08T01:20:00+00:00,2026-09-08T01:25:00+00:00,4.47,0.6,0.61,0.605,0.01,544.93,293.7,99
2026-09-08T01:20:32.223953+00:00,btc-updown-5m-1788830700,5,4315299,30841401524364143072641293181960031165148139314182921364072576209506296397222,2026-09-08T01:25:00+00:00,2026-09-08T01:30:00+00:00,9.47,0.49,0.5,0.495,0.01,495.36,281.54,99
2026-09-08T01:20:32.223953+00:00,btc-updown-15m-1788830100,15,4315230,99060057044806621272575406638779029349652974163458618602668276350040828352953,2026-09-08T01:15:00+00:00,2026-09-08T01:30:00+00:00,9.47,0.59,0.6,0.595,0.01,90.0,160.55,99
2026-09-08T01:20:32.223953+00:00,btc-updown-15m-1788831000,15,4315322,74463369470013739117981070000152603328898831028409717599742772333052456066459,2026-09-08T01:30:00+00:00,2026-09-08T01:45:00+00:00,24.47,0.49,0.5,0.495,0.01,303.43,475.0,97
2026-09-08T01:21:33.510569+00:00,btc-updown-5m-1788830400,5,4315249,98178034875932004577253780425669372196440969977559844812616568908210819783226,2026-09-08T01:20:00+00:00,2026-09-08T01:25:00+00:00,3.45,0.56,0.57,0.565,0.01,222.6,104.59,99
2026-09-08T01:21:33.510569+00:00,btc-updown-5m-1788830700,5,4315299,30841401524364143072641293181960031165148139314182921364072576209506296397222,2026-09-08T01:25:00+00:00,2026-09-08T01:30:00+00:00,8.45,0.49,0.5,0.495,0.01,475.75,236.54,99
2026-09-08T01:21:33.510569+00:00,btc-updown-15m-1788830100,15,4315230,99060057044806621272575406638779029349652974163458618602668276350040828352953,2026-09-08T01:15:00+00:00,2026-09-08T01:30:00+00:00,8.45,0.57,0.58,0.575,0.01,25.0,288.0,99
2026-09-08T01:21:33.510569+00:00,btc-updown-15m-1788831000,15,4315322,74463369470013739117981070000152603328898831028409717599742772333052456066459,2026-09-08T01:30:00+00:00,2026-09-08T01:45:00+00:00,23.45,0.49,0.5,0.495,0.01,299.5,475.0,97
2026-09-08T01:22:34.776297+00:00,btc-updown-5m-1788830400,5,4315249,98178034875932004577253780425669372196440969977559844812616568908210819783226,2026-09-08T01:20:00+00:00,2026-09-08T01:25:00+00:00,2.43,0.91,0.92,0.915,0.01,375.91,134.0,99
2026-09-08T01:22:34.776297+00:00,btc-updown-5m-1788830700,5,4315299,30841401524364143072641293181960031165148139314182921364072576209506296397222,2026-09-08T01:25:00+00:00,2026-09-08T01:30:00+00:00,7.43,0.49,0.5,0.495,0.01,362.86,287.14,99
2026-09-08T01:22:34.776297+00:00,btc-updown-15m-1788830100,15,4315230,99060057044806621272575406638779029349652974163458618602668276350040828352953,2026-09-08T01:15:00+00:00,2026-09-08T01:30:00+00:00,7.43,0.78,0.79,0.785,0.01,323.19,35.5,99
2026-09-08T01:22:34.776297+00:00,btc-updown-15m-1788831000,15,4315322,74463369470013739117981070000152603328898831028409717599742772333052456066459,2026-09-08T01:30:00+00:00,2026-09-08T01:45:00+00:00,22.43,0.49,0.5,0.495,0.01,299.5,475.0,97
2026-09-08T01:23:36.088617+00:00,btc-updown-5m-1788830700,5,4315299,30841401524364143072641293181960031165148139314182921364072576209506296397222,2026-09-08T01:25:00+00:00,2026-09-08T01:30:00+00:00,6.4,0.48,0.49,0.485,0.01,255.0,54.3,99
2026-09-08T01:23:36.088617+00:00,btc-updown-15m-1788830100,15,4315230,99060057044806621272575406638779029349652974163458618602668276350040828352953,2026-09-08T01:15:00+00:00,2026-09-08T01:30:00+00:00,6.4,0.9,0.91,0.905,0.01,15.0,292.51,99
2026-09-08T01:23:36.088617+00:00,btc-updown-15m-1788831000,15,4315322,74463369470013739117981070000152603328898831028409717599742772333052456066459,2026-09-08T01:30:00+00:00,2026-09-08T01:45:00+00:00,21.4,0.48,0.49,0.485,0.01,265.0,381.02,97
2026-09-08T01:24:37.271151+00:00,btc-updown-5m-1788830700,5,4315299,30841401524364143072641293181960031165148139314182921364072576209506296397222,2026-09-08T01:25:00+00:00,2026-09-08T01:30:00+00:00,5.38,0.44,0.45,0.445,0.01,5.0,80.0,99
2026-09-08T01:24:37.271151+00:00,btc-updown-15m-1788830100,15,4315230,99060057044806621272575406638779029349652974163458618602668276350040828352953,2026-09-08T01:15:00+00:00,2026-09-08T01:30:00+00:00,5.38,0.9,0.91,0.905,0.01,301.7,170.0,99
2026-09-08T01:24:37.271151+00:00,btc-updown-15m-1788831000,15,4315322,74463369470013739117981070000152603328898831028409717599742772333052456066459,2026-09-08T01:30:00+00:00,2026-09-08T01:45:00+00:00,20.38,0.47,0.48,0.475,0.01,283.67,273.08,97
2026-09-08T01:25:38.409623+00:00,btc-updown-5m-1788830700,5,4315299,30841401524364143072641293181960031165148139314182921364072576209506296397222,2026-09-08T01:25:00+00:00,2026-09-08T01:30:00+00:00,4.37,0.46,0.47,0.465,0.01,230.66,293.26,99
2026-09-08T01:25:38.409623+00:00,btc-updown-5m-1788831000,5,4315320,28278134333196477531566653280880880309895682380468430142104544556422339368654,2026-09-08T01:30:00+00:00,2026-09-08T01:35:00+00:00,9.37,0.48,0.49,0.485,0.01,389.04,131.28,99
2026-09-08T01:25:38.409623+00:00,btc-updown-15m-1788830100,15,4315230,99060057044806621272575406638779029349652974163458618602668276350040828352953,2026-09-08T01:15:00+00:00,2026-09-08T01:30:00+00:00,4.37,0.94,0.95,0.945,0.01,249.92,270.02,99
2026-09-08T01:25:38.409623+00:00,btc-updown-15m-1788831000,15,4315322,74463369470013739117981070000152603328898831028409717599742772333052456066459,2026-09-08T01:30:00+00:00,2026-09-08T01:45:00+00:00,19.37,0.47,0.48,0.475,0.01,274.87,260.08,97
2026-09-08T01:26:39.646529+00:00,btc-updown-5m-1788830700,5,4315299,30841401524364143072641293181960031165148139314182921364072576209506296397222,2026-09-08T01:25:00+00:00,2026-09-08T01:30:00+00:00,3.35,0.68,0.69,0.685,0.01,117.16,353.01,99
2026-09-08T01:26:39.646529+00:00,btc-updown-5m-1788831000,5,4315320,28278134333196477531566653280880880309895682380468430142104544556422339368654,2026-09-08T01:30:00+00:00,2026-09-08T01:35:00+00:00,8.35,0.48,0.49,0.485,0.01,389.04,186.28,99
2026-09-08T01:26:39.646529+00:00,btc-updown-15m-1788830100,15,4315230,99060057044806621272575406638779029349652974163458618602668276350040828352953,2026-09-08T01:15:00+00:00,2026-09-08T01:30:00+00:00,3.35,0.97,0.98,0.975,0.01,238.35,1281.69,99
2026-09-08T01:26:39.646529+00:00,btc-updown-15m-1788831000,15,4315322,74463369470013739117981070000152603328898831028409717599742772333052456066459,2026-09-08T01:30:00+00:00,2026-09-08T01:45:00+00:00,18.35,0.47,0.48,0.475,0.01,249.84,298.33,97
2026-09-08T01:27:40.885806+00:00,btc-updown-5m-1788830700,5,4315299,30841401524364143072641293181960031165148139314182921364072576209506296397222,2026-09-08T01:25:00+00:00,2026-09-08T01:30:00+00:00,2.33,0.64,0.65,0.645,0.01,59.0,514.03,99
2026-09-08T01:27:40.885806+00:00,btc-updown-5m-1788831000,5,4315320,28278134333196477531566653280880880309895682380468430142104544556422339368654,2026-09-08T01:30:00+00:00,2026-09-08T01:35:00+00:00,7.33,0.47,0.48,0.475,0.01,567.09,33.25,99
2026-09-08T01:27:40.885806+00:00,btc-updown-15m-1788830100,15,4315230,99060057044806621272575406638779029349652974163458618602668276350040828352953,2026-09-08T01:15:00+00:00,2026-09-08T01:30:00+00:00,2.33,0.98,0.99,0.985,0.01,5477.13,2421.3,99
2026-09-08T01:27:40.885806+00:00,btc-updown-15m-1788831000,15,4315322,74463369470013739117981070000152603328898831028409717599742772333052456066459,2026-09-08T01:30:00+00:00,2026-09-08T01:45:00+00:00,17.33,0.47,0.48,0.475,0.01,233.85,298.33,97
2026-09-08T01:28:42.202865+00:00,btc-updown-5m-1788830700,5,4315299,30841401524364143072641293181960031165148139314182921364072576209506296397222,2026-09-08T01:25:00+00:00,2026-09-08T01:30:00+00:00,1.3,0.44,0.46,0.45,0.02,15.0,306.66,98
2026-09-08T01:28:42.202865+00:00,btc-updown-5m-1788831000,5,4315320,28278134333196477531566653280880880309895682380468430142104544556422339368654,2026-09-08T01:30:00+00:00,2026-09-08T01:35:00+00:00,6.3,0.47,0.48,0.475,0.01,463.82,29.07,99
2026-09-08T01:28:42.202865+00:00,btc-updown-15m-1788831000,15,4315322,74463369470013739117981070000152603328898831028409717599742772333052456066459,2026-09-08T01:30:00+00:00,2026-09-08T01:45:00+00:00,16.3,0.47,0.48,0.475,0.01,206.96,748.65,97
2026-09-08T01:29:43.490585+00:00,btc-updown-5m-1788831000,5,4315320,28278134333196477531566653280880880309895682380468430142104544556422339368654,2026-09-08T01:30:00+00:00,2026-09-08T01:35:00+00:00,5.28,0.49,0.5,0.495,0.01,20.0,116.6,99
2026-09-08T01:29:43.490585+00:00,btc-updown-15m-1788831000,15,4315322,74463369470013739117981070000152603328898831028409717599742772333052456066459,2026-09-08T01:30:00+00:00,2026-09-08T01:45:00+00:00,15.28,0.47,0.48,0.475,0.01,113.68,686.14,89
2026-09-08T01:30:44.603470+00:00,btc-updown-5m-1788831000,5,4315320,28278134333196477531566653280880880309895682380468430142104544556422339368654,2026-09-08T01:30:00+00:00,2026-09-08T01:35:00+00:00,4.27,0.51,0.52,0.515,0.01,5.0,55.2,99
2026-09-08T01:30:44.603470+00:00,btc-updown-5m-1788831300,5,4315366,36180454409019122565804526484311536828160258538021913577537946576547993310429,2026-09-08T01:35:00+00:00,2026-09-08T01:40:00+00:00,9.27,0.49,0.5,0.495,0.01,536.51,234.64,99
2026-09-08T01:30:44.603470+00:00,btc-updown-15m-1788831000,15,4315322,74463369470013739117981070000152603328898831028409717599742772333052456066459,2026-09-08T01:30:00+00:00,2026-09-08T01:45:00+00:00,14.27,0.36,0.37,0.365,0.01,100.0,237.06,99
2026-09-08T01:30:44.603470+00:00,btc-updown-15m-1788831900,15,4315597,106532939402314125530663643132250885477439036636639704726582247062866888435083,2026-09-08T01:45:00+00:00,2026-09-08T02:00:00+00:00,29.27,0.49,0.5,0.495,0.01,298.86,75.0,93
2026-09-08T01:31:45.841644+00:00,btc-updown-5m-1788831000,5,4315320,28278134333196477531566653280880880309895682380468430142104544556422339368654,2026-09-08T01:30:00+00:00,2026-09-08T01:35:00+00:00,3.25,0.59,0.61,0.6,0.02,170.0,174.09,94
2026-09-08T01:31:45.841644+00:00,btc-updown-5m-1788831300,5,4315366,36180454409019122565804526484311536828160258538021913577537946576547993310429,2026-09-08T01:35:00+00:00,2026-09-08T01:40:00+00:00,8.25,0.49,0.5,0.495,0.01,536.51,249.64,99
2026-09-08T01:31:45.841644+00:00,btc-updown-15m-1788831000,15,4315322,74463369470013739117981070000152603328898831028409717599742772333052456066459,2026-09-08T01:30:00+00:00,2026-09-08T01:45:00+00:00,13.25,0.33,0.34,0.335,0.01,671.0,110.0,99
2026-09-08T01:31:45.841644+00:00,btc-updown-15m-1788831900,15,4315597,106532939402314125530663643132250885477439036636639704726582247062866888435083,2026-09-08T01:45:00+00:00,2026-09-08T02:00:00+00:00,28.25,0.49,0.5,0.495,0.01,248.86,90.12,93
2026-09-08T01:32:47.041478+00:00,btc-updown-5m-1788831000,5,4315320,28278134333196477531566653280880880309895682380468430142104544556422339368654,2026-09-08T01:30:00+00:00,2026-09-08T01:35:00+00:00,2.22,0.24,0.25,0.245,0.01,72.22,168.34,99
2026-09-08T01:32:47.041478+00:00,btc-updown-5m-1788831300,5,4315366,36180454409019122565804526484311536828160258538021913577537946576547993310429,2026-09-08T01:35:00+00:00,2026-09-08T01:40:00+00:00,7.22,0.49,0.5,0.495,0.01,472.51,254.64,99
2026-09-08T01:32:47.041478+00:00,btc-updown-15m-1788831000,15,4315322,74463369470013739117981070000152603328898831028409717599742772333052456066459,2026-09-08T01:30:00+00:00,2026-09-08T01:45:00+00:00,12.22,0.38,0.39,0.385,0.01,201.0,177.82,99
2026-09-08T01:32:47.041478+00:00,btc-updown-15m-1788831900,15,4315597,106532939402314125530663643132250885477439036636639704726582247062866888435083,2026-09-08T01:45:00+00:00,2026-09-08T02:00:00+00:00,27.22,0.49,0.5,0.495,0.01,248.86,390.12,93
2026-09-08T01:33:48.330178+00:00,btc-updown-5m-1788831000,5,4315320,28278134333196477531566653280880880309895682380468430142104544556422339368654,2026-09-08T01:30:00+00:00,2026-09-08T01:35:00+00:00,1.2,0.02,0.03,0.025,0.01,1371.0,1065.44,99
2026-09-08T01:33:48.330178+00:00,btc-updown-5m-1788831300,5,4315366,36180454409019122565804526484311536828160258538021913577537946576547993310429,2026-09-08T01:35:00+00:00,2026-09-08T01:40:00+00:00,6.2,0.49,0.5,0.495,0.01,413.44,178.0,99
2026-09-08T01:33:48.330178+00:00,btc-updown-15m-1788831000,15,4315322,74463369470013739117981070000152603328898831028409717599742772333052456066459,2026-09-08T01:30:00+00:00,2026-09-08T01:45:00+00:00,11.2,0.3,0.31,0.305,0.01,13.34,339.06,99
2026-09-08T01:33:48.330178+00:00,btc-updown-15m-1788831900,15,4315597,106532939402314125530663643132250885477439036636639704726582247062866888435083,2026-09-08T01:45:00+00:00,2026-09-08T02:00:00+00:00,26.2,0.49,0.5,0.495,0.01,248.86,140.12,93
2026-09-08T01:34:49.700138+00:00,btc-updown-5m-1788831300,5,4315366,36180454409019122565804526484311536828160258538021913577537946576547993310429,2026-09-08T01:35:00+00:00,2026-09-08T01:40:00+00:00,5.18,0.45,0.5,0.475,0.05,148.35,154.33,95
2026-09-08T01:34:49.700138+00:00,btc-updown-15m-1788831000,15,4315322,74463369470013739117981070000152603328898831028409717599742772333052456066459,2026-09-08T01:30:00+00:00,2026-09-08T01:45:00+00:00,10.18,0.2,0.21,0.205,0.01,10.0,352.87,99
2026-09-08T01:34:49.700138+00:00,btc-updown-15m-1788831900,15,4315597,106532939402314125530663643132250885477439036636639704726582247062866888435083,2026-09-08T01:45:00+00:00,2026-09-08T02:00:00+00:00,25.18,0.49,0.5,0.495,0.01,205.0,90.12,97
2026-09-08T01:35:50.879987+00:00,btc-updown-5m-1788831300,5,4315366,36180454409019122565804526484311536828160258538021913577537946576547993310429,2026-09-08T01:35:00+00:00,2026-09-08T01:40:00+00:00,4.17,0.51,0.52,0.515,0.01,463.61,219.0,99
2026-09-08T01:35:50.879987+00:00,btc-updown-5m-1788831600,5,4315432,88218945188117139111315111405736738138520450973905470797617187640770121431783,2026-09-08T01:40:00+00:00,2026-09-08T01:45:00+00:00,9.17,0.49,0.5,0.495,0.01,720.05,204.1,99
2026-09-08T01:35:50.879987+00:00,btc-updown-15m-1788831000,15,4315322,74463369470013739117981070000152603328898831028409717599742772333052456066459,2026-09-08T01:30:00+00:00,2026-09-08T01:45:00+00:00,9.17,0.19,0.2,0.195,0.01,10.0,253.89,99
2026-09-08T01:35:50.879987+00:00,btc-updown-15m-1788831900,15,4315597,106532939402314125530663643132250885477439036636639704726582247062866888435083,2026-09-08T01:45:00+00:00,2026-09-08T02:00:00+00:00,24.17,0.48,0.5,0.49,0.02,402.08,90.12,96
2026-09-08T01:36:52.099381+00:00,btc-updown-5m-1788831300,5,4315366,36180454409019122565804526484311536828160258538021913577537946576547993310429,2026-09-08T01:35:00+00:00,2026-09-08T01:40:00+00:00,3.13,0.58,0.59,0.585,0.01,363.18,261.89,99
2026-09-08T01:36:52.099381+00:00,btc-updown-5m-1788831600,5,4315432,88218945188117139111315111405736738138520450973905470797617187640770121431783,2026-09-08T01:40:00+00:00,2026-09-08T01:45:00+00:00,8.13,0.49,0.5,0.495,0.01,710.05,197.1,99
2026-09-08T01:36:52.099381+00:00,btc-updown-15m-1788831000,15,4315322,74463369470013739117981070000152603328898831028409717599742772333052456066459,2026-09-08T01:30:00+00:00,2026-09-08T01:45:00+00:00,8.13,0.19,0.2,0.195,0.01,281.76,255.0,99
2026-09-08T01:36:52.099381+00:00,btc-updown-15m-1788831900,15,4315597,106532939402314125530663643132250885477439036636639704726582247062866888435083,2026-09-08T01:45:00+00:00,2026-09-08T02:00:00+00:00,23.13,0.48,0.49,0.485,0.01,350.0,25.0,97
2026-09-08T01:37:53.419970+00:00,btc-updown-5m-1788831300,5,4315366,36180454409019122565804526484311536828160258538021913577537946576547993310429,2026-09-08T01:35:00+00:00,2026-09-08T01:40:00+00:00,2.12,0.72,0.73,0.725,0.01,60.0,743.42,99
2026-09-08T01:37:53.419970+00:00,btc-updown-5m-1788831600,5,4315432,88218945188117139111315111405736738138520450973905470797617187640770121431783,2026-09-08T01:40:00+00:00,2026-09-08T01:45:00+00:00,7.12,0.49,0.5,0.495,0.01,345.55,30.0,99
2026-09-08T01:37:53.419970+00:00,btc-updown-15m-1788831000,15,4315322,74463369470013739117981070000152603328898831028409717599742772333052456066459,2026-09-08T01:30:00+00:00,2026-09-08T01:45:00+00:00,7.12,0.21,0.22,0.215,0.01,98.0,276.0,99
2026-09-08T01:37:53.419970+00:00,btc-updown-15m-1788831900,15,4315597,106532939402314125530663643132250885477439036636639704726582247062866888435083,2026-09-08T01:45:00+00:00,2026-09-08T02:00:00+00:00,22.12,0.48,0.49,0.485,0.01,402.08,34.0,97
2026-09-08T01:38:54.791725+00:00,btc-updown-5m-1788831300,5,4315366,36180454409019122565804526484311536828160258538021913577537946576547993310429,2026-09-08T01:35:00+00:00,2026-09-08T01:40:00+00:00,1.1,0.68,0.69,0.685,0.01,30.0,223.0,95
2026-09-08T01:38:54.791725+00:00,btc-updown-5m-1788831600,5,4315432,88218945188117139111315111405736738138520450973905470797617187640770121431783,2026-09-08T01:40:00+00:00,2026-09-08T01:45:00+00:00,6.1,0.49,0.5,0.495,0.01,277.11,30.0,99
2026-09-08T01:38:54.791725+00:00,btc-updown-15m-1788831000,15,4315322,74463369470013739117981070000152603328898831028409717599742772333052456066459,2026-09-08T01:30:00+00:00,2026-09-08T01:45:00+00:00,6.1,0.15,0.16,0.155,0.01,198.71,331.02,99
2026-09-08T01:38:54.791725+00:00,btc-updown-15m-1788831900,15,4315597,106532939402314125530663643132250885477439036636639704726582247062866888435083,2026-09-08T01:45:00+00:00,2026-09-08T02:00:00+00:00,21.1,0.48,0.49,0.485,0.01,300.0,34.0,97
2026-09-08T01:39:56.118169+00:00,btc-updown-5m-1788831600,5,4315432,88218945188117139111315111405736738138520450973905470797617187640770121431783,2026-09-08T01:40:00+00:00,2026-09-08T01:45:00+00:00,5.07,0.51,0.52,0.515,0.01,42.15,125.76,99
2026-09-08T01:39:56.118169+00:00,btc-updown-15m-1788831000,15,4315322,74463369470013739117981070000152603328898831028409717599742772333052456066459,2026-09-08T01:30:00+00:00,2026-09-08T01:45:00+00:00,5.07,0.09,0.1,0.095,0.01,175.0,234.02,99
2026-09-08T01:39:56.118169+00:00,btc-updown-15m-1788831900,15,4315597,106532939402314125530663643132250885477439036636639704726582247062866888435083,2026-09-08T01:45:00+00:00,2026-09-08T02:00:00+00:00,20.07,0.48,0.49,0.485,0.01,402.08,34.0,97
2026-09-08T01:40:57.230361+00:00,btc-updown-5m-1788831600,5,4315432,88218945188117139111315111405736738138520450973905470797617187640770121431783,2026-09-08T01:40:00+00:00,2026-09-08T01:45:00+00:00,4.05,0.42,0.43,0.425,0.01,590.58,27.67,99
2026-09-08T01:40:57.230361+00:00,btc-updown-5m-1788831900,5,4315592,88288970275577992438572219120720620824348566325322537104413163414363459953504,2026-09-08T01:45:00+00:00,2026-09-08T01:50:00+00:00,9.05,0.49,0.5,0.495,0.01,633.29,383.15,99
2026-09-08T01:40:57.230361+00:00,btc-updown-15m-1788831000,15,4315322,74463369470013739117981070000152603328898831028409717599742772333052456066459,2026-09-08T01:30:00+00:00,2026-09-08T01:45:00+00:00,4.05,0.04,0.05,0.045,0.01,263.0,25.0,99
2026-09-08T01:40:57.230361+00:00,btc-updown-15m-1788831900,15,4315597,106532939402314125530663643132250885477439036636639704726582247062866888435083,2026-09-08T01:45:00+00:00,2026-09-08T02:00:00+00:00,19.05,0.48,0.49,0.485,0.01,402.08,25.0,97
2026-09-08T01:41:58.421220+00:00,btc-updown-5m-1788831600,5,4315432,88218945188117139111315111405736738138520450973905470797617187640770121431783,2026-09-08T01:40:00+00:00,2026-09-08T01:45:00+00:00,3.03,0.47,0.48,0.475,0.01,272.33,6.0,99
2026-09-08T01:41:58.421220+00:00,btc-updown-5m-1788831900,5,4315592,88288970275577992438572219120720620824348566325322537104413163414363459953504,2026-09-08T01:45:00+00:00,2026-09-08T01:50:00+00:00,8.03,0.49,0.5,0.495,0.01,624.13,293.81,99
2026-09-08T01:41:58.421220+00:00,btc-updown-15m-1788831000,15,4315322,74463369470013739117981070000152603328898831028409717599742772333052456066459,2026-09-08T01:30:00+00:00,2026-09-08T01:45:00+00:00,3.03,0.03,0.04,0.035,0.01,372.91,320.01,99
2026-09-08T01:41:58.421220+00:00,btc-updown-15m-1788831900,15,4315597,106532939402314125530663643132250885477439036636639704726582247062866888435083,2026-09-08T01:45:00+00:00,2026-09-08T02:00:00+00:00,18.03,0.48,0.49,0.485,0.01,452.08,64.0,97
2026-09-08T01:42:59.652322+00:00,btc-updown-5m-1788831600,5,4315432,88218945188117139111315111405736738138520450973905470797617187640770121431783,2026-09-08T01:40:00+00:00,2026-09-08T01:45:00+00:00,2.02,0.58,0.59,0.585,0.01,280.68,158.3,99
2026-09-08T01:42:59.652322+00:00,btc-updown-5m-1788831900,5,4315592,88288970275577992438572219120720620824348566325322537104413163414363459953504,2026-09-08T01:45:00+00:00,2026-09-08T01:50:00+00:00,7.02,0.49,0.5,0.495,0.01,626.13,293.81,99
2026-09-08T01:42:59.652322+00:00,btc-updown-15m-1788831000,15,4315322,74463369470013739117981070000152603328898831028409717599742772333052456066459,2026-09-08T01:30:00+00:00,2026-09-08T01:45:00+00:00,2.02,0.017,0.02,0.0185,0.003,13.33,66.7,110
2026-09-08T01:42:59.652322+00:00,btc-updown-15m-1788831900,15,4315597,106532939402314125530663643132250885477439036636639704726582247062866888435083,2026-09-08T01:45:00+00:00,2026-09-08T02:00:00+00:00,17.02,0.48,0.49,0.485,0.01,452.08,64.0,97
2026-09-08T01:44:01.056684+00:00,btc-updown-5m-1788831600,5,4315432,88218945188117139111315111405736738138520450973905470797617187640770121431783,2026-09-08T01:40:00+00:00,2026-09-08T01:45:00+00:00,0.98,0.85,0.86,0.855,0.01,65.0,100.0,99
2026-09-08T01:44:01.056684+00:00,btc-updown-5m-1788831900,5,4315592,88288970275577992438572219120720620824348566325322537104413163414363459953504,2026-09-08T01:45:00+00:00,2026-09-08T01:50:00+00:00,5.98,0.49,0.5,0.495,0.01,268.55,128.81,99
2026-09-08T01:44:01.056684+00:00,btc-updown-15m-1788831900,15,4315597,106532939402314125530663643132250885477439036636639704726582247062866888435083,2026-09-08T01:45:00+00:00,2026-09-08T02:00:00+00:00,15.98,0.48,0.49,0.485,0.01,279.15,29.0,90
2026-09-08T01:45:02.228062+00:00,btc-updown-5m-1788831900,5,4315592,88288970275577992438572219120720620824348566325322537104413163414363459953504,2026-09-08T01:45:00+00:00,2026-09-08T01:50:00+00:00,4.97,0.46,0.47,0.465,0.01,144.66,50.0,99
2026-09-08T01:45:02.228062+00:00,btc-updown-5m-1788832200,5,4315701,22028830742335691211878303636922484108872743796527473007368140139995761840385,2026-09-08T01:50:00+00:00,2026-09-08T01:55:00+00:00,9.97,0.49,0.5,0.495,0.01,414.0,39.6,99
2026-09-08T01:45:02.228062+00:00,btc-updown-15m-1788831900,15,4315597,106532939402314125530663643132250885477439036636639704726582247062866888435083,2026-09-08T01:45:00+00:00,2026-09-08T02:00:00+00:00,14.97,0.48,0.49,0.485,0.01,131.07,136.49,99
2026-09-08T01:45:02.228062+00:00,btc-updown-15m-1788832800,15,4315804,68760106764142518631968689871945787574601099016183967440941594202140994847714,2026-09-08T02:00:00+00:00,2026-09-08T02:15:00+00:00,29.97,0.49,0.51,0.5,0.02,191.02,186.02,90
2026-09-08T01:46:03.772418+00:00,btc-updown-5m-1788831900,5,4315592,88288970275577992438572219120720620824348566325322537104413163414363459953504,2026-09-08T01:45:00+00:00,2026-09-08T01:50:00+00:00,3.95,0.46,0.47,0.465,0.01,591.72,35.0,99
2026-09-08T01:46:03.772418+00:00,btc-updown-5m-1788832200,5,4315701,22028830742335691211878303636922484108872743796527473007368140139995761840385,2026-09-08T01:50:00+00:00,2026-09-08T01:55:00+00:00,8.95,0.49,0.5,0.495,0.01,578.84,44.6,99
2026-09-08T01:46:03.772418+00:00,btc-updown-15m-1788831900,15,4315597,106532939402314125530663643132250885477439036636639704726582247062866888435083,2026-09-08T01:45:00+00:00,2026-09-08T02:00:00+00:00,13.95,0.46,0.47,0.465,0.01,394.52,157.0,99
2026-09-08T01:46:03.772418+00:00,btc-updown-15m-1788832800,15,4315804,68760106764142518631968689871945787574601099016183967440941594202140994847714,2026-09-08T02:00:00+00:00,2026-09-08T02:15:00+00:00,28.95,0.5,0.51,0.505,0.01,25.96,491.02,93
2026-09-08T01:47:05.039112+00:00,btc-updown-5m-1788831900,5,4315592,88288970275577992438572219120720620824348566325322537104413163414363459953504,2026-09-08T01:45:00+00:00,2026-09-08T01:50:00+00:00,2.92,0.41,0.42,0.415,0.01,166.12,272.66,99
2026-09-08T01:47:05.039112+00:00,btc-updown-5m-1788832200,5,4315701,22028830742335691211878303636922484108872743796527473007368140139995761840385,2026-09-08T01:50:00+00:00,2026-09-08T01:55:00+00:00,7.92,0.49,0.5,0.495,0.01,552.76,119.6,99
2026-09-08T01:47:05.039112+00:00,btc-updown-15m-1788831900,15,4315597,106532939402314125530663643132250885477439036636639704726582247062866888435083,2026-09-08T01:45:00+00:00,2026-09-08T02:00:00+00:00,12.92,0.45,0.46,0.455,0.01,352.95,15.98,99
2026-09-08T01:47:05.039112+00:00,btc-updown-15m-1788832800,15,4315804,68760106764142518631968689871945787574601099016183967440941594202140994847714,2026-09-08T02:00:00+00:00,2026-09-08T02:15:00+00:00,27.92,0.5,0.51,0.505,0.01,25.96,691.02,93
2026-09-08T01:48:06.307266+00:00,btc-updown-5m-1788831900,5,4315592,88288970275577992438572219120720620824348566325322537104413163414363459953504,2026-09-08T01:45:00+00:00,2026-09-08T01:50:00+00:00,1.9,0.61,0.62,0.615,0.01,332.26,10.0,99
2026-09-08T01:48:06.307266+00:00,btc-updown-5m-1788832200,5,4315701,22028830742335691211878303636922484108872743796527473007368140139995761840385,2026-09-08T01:50:00+00:00,2026-09-08T01:55:00+00:00,6.9,0.49,0.5,0.495,0.01,538.15,52.38,99
2026-09-08T01:48:06.307266+00:00,btc-updown-15m-1788831900,15,4315597,106532939402314125530663643132250885477439036636639704726582247062866888435083,2026-09-08T01:45:00+00:00,2026-09-08T02:00:00+00:00,11.9,0.57,0.58,0.575,0.01,356.0,9.98,99
2026-09-08T01:48:06.307266+00:00,btc-updown-15m-1788832800,15,4315804,68760106764142518631968689871945787574601099016183967440941594202140994847714,2026-09-08T02:00:00+00:00,2026-09-08T02:15:00+00:00,26.9,0.5,0.51,0.505,0.01,25.96,791.02,93
2026-09-08T01:49:07.623672+00:00,btc-updown-5m-1788831900,5,4315592,88288970275577992438572219120720620824348566325322537104413163414363459953504,2026-09-08T01:45:00+00:00,2026-09-08T01:50:00+00:00,0.88,0.97,0.98,0.975,0.01,338.93,1645.31,99
2026-09-08T01:49:07.623672+00:00,btc-updown-5m-1788832200,5,4315701,22028830742335691211878303636922484108872743796527473007368140139995761840385,2026-09-08T01:50:00+00:00,2026-09-08T01:55:00+00:00,5.88,0.5,0.51,0.505,0.01,231.02,306.9,99
2026-09-08T01:49:07.623672+00:00,btc-updown-15m-1788831900,15,4315597,106532939402314125530663643132250885477439036636639704726582247062866888435083,2026-09-08T01:45:00+00:00,2026-09-08T02:00:00+00:00,10.88,0.58,0.59,0.585,0.01,478.13,0.3,99
2026-09-08T01:49:07.623672+00:00,btc-updown-15m-1788832800,15,4315804,68760106764142518631968689871945787574601099016183967440941594202140994847714,2026-09-08T02:00:00+00:00,2026-09-08T02:15:00+00:00,25.88,0.5,0.51,0.505,0.01,25.96,791.02,97
2026-09-08T01:50:08.917063+00:00,btc-updown-5m-1788832200,5,4315701,22028830742335691211878303636922484108872743796527473007368140139995761840385,2026-09-08T01:50:00+00:00,2026-09-08T01:55:00+00:00,4.87,0.72,0.73,0.725,0.01,368.16,130.15,99
2026-09-08T01:50:08.917063+00:00,btc-updown-5m-1788832500,5,4315757,67727491366336627803488749559221342636225168082436083010859016821075501914251,2026-09-08T01:55:00+00:00,2026-09-08T02:00:00+00:00,9.87,0.49,0.5,0.495,0.01,415.82,59.23,99
2026-09-08T01:50:08.917063+00:00,btc-updown-15m-1788831900,15,4315597,106532939402314125530663643132250885477439036636639704726582247062866888435083,2026-09-08T01:45:00+00:00,2026-09-08T02:00:00+00:00,9.87,0.68,0.69,0.685,0.01,4.23,648.1,99
2026-09-08T01:50:08.917063+00:00,btc-updown-15m-1788832800,15,4315804,68760106764142518631968689871945787574601099016183967440941594202140994847714,2026-09-08T02:00:00+00:00,2026-09-08T02:15:00+00:00,24.87,0.5,0.51,0.505,0.01,25.96,791.02,97
2026-09-08T01:51:10.175307+00:00,btc-updown-5m-1788832200,5,4315701,22028830742335691211878303636922484108872743796527473007368140139995761840385,2026-09-08T01:50:00+00:00,2026-09-08T01:55:00+00:00,3.83,0.38,0.39,0.385,0.01,30.92,329.03,99
2026-09-08T01:51:10.175307+00:00,btc-updown-5m-1788832500,5,4315757,67727491366336627803488749559221342636225168082436083010859016821075501914251,2026-09-08T01:55:00+00:00,2026-09-08T02:00:00+00:00,8.83,0.49,0.5,0.495,0.01,322.88,102.23,99
2026-09-08T01:51:10.175307+00:00,btc-updown-15m-1788831900,15,4315597,106532939402314125530663643132250885477439036636639704726582247062866888435083,2026-09-08T01:45:00+00:00,2026-09-08T02:00:00+00:00,8.83,0.53,0.54,0.535,0.01,55.36,305.45,99
2026-09-08T01:51:10.175307+00:00,btc-updown-15m-1788832800,15,4315804,68760106764142518631968689871945787574601099016183967440941594202140994847714,2026-09-08T02:00:00+00:00,2026-09-08T02:15:00+00:00,23.83,0.49,0.5,0.495,0.01,196.02,50.0,97
2026-09-08T01:52:11.580325+00:00,btc-updown-5m-1788832200,5,4315701,22028830742335691211878303636922484108872743796527473007368140139995761840385,2026-09-08T01:50:00+00:00,2026-09-08T01:55:00+00:00,2.82,0.57,0.58,0.575,0.01,222.97,64.0,99
2026-09-08T01:52:11.580325+00:00,btc-updown-5m-1788832500,5,4315757,67727491366336627803488749559221342636225168082436083010859016821075501914251,2026-09-08T01:55:00+00:00,2026-09-08T02:00:00+00:00,7.82,0.49,0.5,0.495,0.01,11.38,90.23,99
2026-09-08T01:52:11.580325+00:00,btc-updown-15m-1788831900,15,4315597,106532939402314125530663643132250885477439036636639704726582247062866888435083,2026-09-08T01:45:00+00:00,2026-09-08T02:00:00+00:00,7.82,0.67,0.68,0.675,0.01,389.0,79.74,99
2026-09-08T01:52:11.580325+00:00,btc-updown-15m-1788832800,15,4315804,68760106764142518631968689871945787574601099016183967440941594202140994847714,2026-09-08T02:00:00+00:00,2026-09-08T02:15:00+00:00,22.82,0.49,0.5,0.495,0.01,196.02,75.0,97
2026-09-08T01:53:12.975798+00:00,btc-updown-5m-1788832200,5,4315701,22028830742335691211878303636922484108872743796527473007368140139995761840385,2026-09-08T01:50:00+00:00,2026-09-08T01:55:00+00:00,1.8,0.9,0.91,0.905,0.01,227.66,163.52,99
2026-09-08T01:53:12.975798+00:00,btc-updown-5m-1788832500,5,4315757,67727491366336627803488749559221342636225168082436083010859016821075501914251,2026-09-08T01:55:00+00:00,2026-09-08T02:00:00+00:00,6.8,0.49,0.5,0.495,0.01,51.38,43.0,99
2026-09-08T01:53:12.975798+00:00,btc-updown-15m-1788831900,15,4315597,106532939402314125530663643132250885477439036636639704726582247062866888435083,2026-09-08T01:45:00+00:00,2026-09-08T02:00:00+00:00,6.8,0.81,0.82,0.815,0.01,6.0,435.55,99
2026-09-08T01:53:12.975798+00:00,btc-updown-15m-1788832800,15,4315804,68760106764142518631968689871945787574601099016183967440941594202140994847714,2026-09-08T02:00:00+00:00,2026-09-08T02:15:00+00:00,21.8,0.49,0.5,0.495,0.01,345.0,375.0,97
2026-09-08T01:54:14.181196+00:00,btc-updown-5m-1788832500,5,4315757,67727491366336627803488749559221342636225168082436083010859016821075501914251,2026-09-08T01:55:00+00:00,2026-09-08T02:00:00+00:00,5.77,0.48,0.49,0.485,0.01,30.76,58.0,99
2026-09-08T01:54:14.181196+00:00,btc-updown-15m-1788831900,15,4315597,106532939402314125530663643132250885477439036636639704726582247062866888435083,2026-09-08T01:45:00+00:00,2026-09-08T02:00:00+00:00,5.77,0.81,0.82,0.815,0.01,186.0,315.0,99
2026-09-08T01:54:14.181196+00:00,btc-updown-15m-1788832800,15,4315804,68760106764142518631968689871945787574601099016183967440941594202140994847714,2026-09-08T02:00:00+00:00,2026-09-08T02:15:00+00:00,20.77,0.49,0.5,0.495,0.01,253.99,375.0,97
2026-09-08T01:55:15.330987+00:00,btc-updown-5m-1788832500,5,4315757,67727491366336627803488749559221342636225168082436083010859016821075501914251,2026-09-08T01:55:00+00:00,2026-09-08T02:00:00+00:00,4.75,0.59,0.6,0.595,0.01,349.31,92.03,99
2026-09-08T01:55:15.330987+00:00,btc-updown-5m-1788832800,5,4315812,86175010081780666927303214460389526401284393795302952903705664433156736732731,2026-09-08T02:00:00+00:00,2026-09-08T02:05:00+00:00,9.75,0.49,0.5,0.495,0.01,570.59,110.86,99
2026-09-08T01:55:15.330987+00:00,btc-updown-15m-1788831900,15,4315597,106532939402314125530663643132250885477439036636639704726582247062866888435083,2026-09-08T01:45:00+00:00,2026-09-08T02:00:00+00:00,4.75,0.89,0.9,0.895,0.01,217.92,546.2,99
2026-09-08T01:55:15.330987+00:00,btc-updown-15m-1788832800,15,4315804,68760106764142518631968689871945787574601099016183967440941594202140994847714,2026-09-08T02:00:00+00:00,2026-09-08T02:15:00+00:00,19.75,0.49,0.5,0.495,0.01,247.48,334.0,97
2026-09-08T01:56:16.611216+00:00,btc-updown-5m-1788832500,5,4315757,67727491366336627803488749559221342636225168082436083010859016821075501914251,2026-09-08T01:55:00+00:00,2026-09-08T02:00:00+00:00,3.73,0.74,0.75,0.745,0.01,54.0,480.35,99
2026-09-08T01:56:16.611216+00:00,btc-updown-5m-1788832800,5,4315812,86175010081780666927303214460389526401284393795302952903705664433156736732731,2026-09-08T02:00:00+00:00,2026-09-08T02:05:00+00:00,8.73,0.49,0.5,0.495,0.01,672.66,130.86,99
2026-09-08T01:56:16.611216+00:00,btc-updown-15m-1788831900,15,4315597,106532939402314125530663643132250885477439036636639704726582247062866888435083,2026-09-08T01:45:00+00:00,2026-09-08T02:00:00+00:00,3.73,0.95,0.96,0.955,0.01,362.91,306.47,99
2026-09-08T01:56:16.611216+00:00,btc-updown-15m-1788832800,15,4315804,68760106764142518631968689871945787574601099016183967440941594202140994847714,2026-09-08T02:00:00+00:00,2026-09-08T02:15:00+00:00,18.73,0.49,0.5,0.495,0.01,30.0,434.0,97
2026-09-08T01:57:17.864347+00:00,btc-updown-5m-1788832500,5,4315757,67727491366336627803488749559221342636225168082436083010859016821075501914251,2026-09-08T01:55:00+00:00,2026-09-08T02:00:00+00:00,2.72,0.85,0.86,0.855,0.01,273.2,3.87,99
2026-09-08T01:57:17.864347+00:00,btc-updown-5m-1788832800,5,4315812,86175010081780666927303214460389526401284393795302952903705664433156736732731,2026-09-08T02:00:00+00:00,2026-09-08T02:05:00+00:00,7.72,0.49,0.5,0.495,0.01,646.81,121.86,99
2026-09-08T01:57:17.864347+00:00,btc-updown-15m-1788831900,15,4315597,106532939402314125530663643132250885477439036636639704726582247062866888435083,2026-09-08T01:45:00+00:00,2026-09-08T02:00:00+00:00,2.72,0.98,0.99,0.985,0.01,440.03,1705.23,99
2026-09-08T01:57:17.864347+00:00,btc-updown-15m-1788832800,15,4315804,68760106764142518631968689871945787574601099016183967440941594202140994847714,2026-09-08T02:00:00+00:00,2026-09-08T02:15:00+00:00,17.72,0.48,0.49,0.485,0.01,298.07,363.02,97
2026-09-08T01:58:19.182029+00:00,btc-updown-5m-1788832500,5,4315757,67727491366336627803488749559221342636225168082436083010859016821075501914251,2026-09-08T01:55:00+00:00,2026-09-08T02:00:00+00:00,1.68,0.96,0.97,0.965,0.01,904.01,669.52,99
2026-09-08T01:58:19.182029+00:00,btc-updown-5m-1788832800,5,4315812,86175010081780666927303214460389526401284393795302952903705664433156736732731,2026-09-08T02:00:00+00:00,2026-09-08T02:05:00+00:00,6.68,0.49,0.5,0.495,0.01,626.81,76.0,99
2026-09-08T01:58:19.182029+00:00,btc-updown-15m-1788832800,15,4315804,68760106764142518631968689871945787574601099016183967440941594202140994847714,2026-09-08T02:00:00+00:00,2026-09-08T02:15:00+00:00,16.68,0.48,0.49,0.485,0.01,230.0,352.02,97
2026-09-08T01:59:20.381033+00:00,btc-updown-5m-1788832800,5,4315812,86175010081780666927303214460389526401284393795302952903705664433156736732731,2026-09-08T02:00:00+00:00,2026-09-08T02:05:00+00:00,5.67,0.48,0.49,0.485,0.01,5.76,422.44,99
2026-09-08T01:59:20.381033+00:00,btc-updown-15m-1788832800,15,4315804,68760106764142518631968689871945787574601099016183967440941594202140994847714,2026-09-08T02:00:00+00:00,2026-09-08T02:15:00+00:00,15.67,0.48,0.49,0.485,0.01,7.0,87.0,89
2026-09-08T02:00:21.390627+00:00,btc-updown-5m-1788832800,5,4315812,86175010081780666927303214460389526401284393795302952903705664433156736732731,2026-09-08T02:00:00+00:00,2026-09-08T02:05:00+00:00,4.65,0.52,0.53,0.525,0.01,348.57,85.0,99
2026-09-08T02:00:21.390627+00:00,btc-updown-5m-1788833100,5,4315829,67874281001518376594173957877144976290522969376032923895175943358486907123120,2026-09-08T02:05:00+00:00,2026-09-08T02:10:00+00:00,9.65,0.49,0.5,0.495,0.01,172.39,245.74,99
2026-09-08T02:00:21.390627+00:00,btc-updown-15m-1788832800,15,4315804,68760106764142518631968689871945787574601099016183967440941594202140994847714,2026-09-08T02:00:00+00:00,2026-09-08T02:15:00+00:00,14.65,0.48,0.49,0.485,0.01,203.03,268.1,99
2026-09-08T02:00:21.390627+00:00,btc-updown-15m-1788833700,15,4316189,85100299271231878045340078133108953326464621351176089866214476257628170983384,2026-09-08T02:15:00+00:00,2026-09-08T02:30:00+00:00,29.65,0.48,0.51,0.495,0.03,40.0,246.99,89
2026-09-08T02:01:22.711969+00:00,btc-updown-5m-1788832800,5,4315812,86175010081780666927303214460389526401284393795302952903705664433156736732731,2026-09-08T02:00:00+00:00,2026-09-08T02:05:00+00:00,3.63,0.24,0.25,0.245,0.01,651.23,110.0,99
2026-09-08T02:01:22.711969+00:00,btc-updown-5m-1788833100,5,4315829,67874281001518376594173957877144976290522969376032923895175943358486907123120,2026-09-08T02:05:00+00:00,2026-09-08T02:10:00+00:00,8.63,0.49,0.51,0.5,0.02,225.0,598.09,98
2026-09-08T02:01:22.711969+00:00,btc-updown-15m-1788832800,15,4315804,68760106764142518631968689871945787574601099016183967440941594202140994847714,2026-09-08T02:00:00+00:00,2026-09-08T02:15:00+00:00,13.63,0.35,0.36,0.355,0.01,204.0,158.0,99
2026-09-08T02:01:22.711969+00:00,btc-updown-15m-1788833700,15,4316189,85100299271231878045340078133108953326464621351176089866214476257628170983384,2026-09-08T02:15:00+00:00,2026-09-08T02:30:00+00:00,28.63,0.48,0.49,0.485,0.01,292.08,232.0,93
2026-09-08T02:02:23.966529+00:00,btc-updown-5m-1788832800,5,4315812,86175010081780666927303214460389526401284393795302952903705664433156736732731,2026-09-08T02:00:00+00:00,2026-09-08T02:05:00+00:00,2.62,0.11,0.12,0.115,0.01,456.99,294.1,99
2026-09-08T02:02:23.966529+00:00,btc-updown-5m-1788833100,5,4315829,67874281001518376594173957877144976290522969376032923895175943358486907123120,2026-09-08T02:05:00+00:00,2026-09-08T02:10:00+00:00,7.62,0.49,0.51,0.5,0.02,45.0,594.02,98
2026-09-08T02:02:23.966529+00:00,btc-updown-15m-1788832800,15,4315804,68760106764142518631968689871945787574601099016183967440941594202140994847714,2026-09-08T02:00:00+00:00,2026-09-08T02:15:00+00:00,12.62,0.29,0.3,0.295,0.01,175.0,429.37,99
2026-09-08T02:02:23.966529+00:00,btc-updown-15m-1788833700,15,4316189,85100299271231878045340078133108953326464621351176089866214476257628170983384,2026-09-08T02:15:00+00:00,2026-09-08T02:30:00+00:00,27.62,0.48,0.49,0.485,0.01,292.08,132.0,93
2026-09-08T02:03:25.209231+00:00,btc-updown-5m-1788832800,5,4315812,86175010081780666927303214460389526401284393795302952903705664433156736732731,2026-09-08T02:00:00+00:00,2026-09-08T02:05:00+00:00,1.58,0.02,0.03,0.025,0.01,1680.91,321.65,99
2026-09-08T02:03:25.209231+00:00,btc-updown-5m-1788833100,5,4315829,67874281001518376594173957877144976290522969376032923895175943358486907123120,2026-09-08T02:05:00+00:00,2026-09-08T02:10:00+00:00,6.58,0.49,0.51,0.5,0.02,39.6,435.19,98
2026-09-08T02:03:25.209231+00:00,btc-updown-15m-1788832800,15,4315804,68760106764142518631968689871945787574601099016183967440941594202140994847714,2026-09-08T02:00:00+00:00,2026-09-08T02:15:00+00:00,11.58,0.26,0.27,0.265,0.01,11.77,212.02,99
2026-09-08T02:03:25.209231+00:00,btc-updown-15m-1788833700,15,4316189,85100299271231878045340078133108953326464621351176089866214476257628170983384,2026-09-08T02:15:00+00:00,2026-09-08T02:30:00+00:00,26.58,0.48,0.49,0.485,0.01,240.0,181.02,93
2026-09-08T02:04:26.544222+00:00,btc-updown-5m-1788833100,5,4315829,67874281001518376594173957877144976290522969376032923895175943358486907123120,2026-09-08T02:05:00+00:00,2026-09-08T02:10:00+00:00,5.57,0.5,0.51,0.505,0.01,199.19,4.99,99
2026-09-08T02:04:26.544222+00:00,btc-updown-15m-1788832800,15,4315804,68760106764142518631968689871945787574601099016183967440941594202140994847714,2026-09-08T02:00:00+00:00,2026-09-08T02:15:00+00:00,10.57,0.29,0.3,0.295,0.01,15.0,478.62,99
2026-09-08T02:04:26.544222+00:00,btc-updown-15m-1788833700,15,4316189,85100299271231878045340078133108953326464621351176089866214476257628170983384,2026-09-08T02:15:00+00:00,2026-09-08T02:30:00+00:00,25.57,0.48,0.49,0.485,0.01,240.0,181.02,97
2026-09-08T02:05:27.694642+00:00,btc-updown-5m-1788833100,5,4315829,67874281001518376594173957877144976290522969376032923895175943358486907123120,2026-09-08T02:05:00+00:00,2026-09-08T02:10:00+00:00,4.55,0.32,0.33,0.325,0.01,61.57,464.07,99
2026-09-08T02:05:27.694642+00:00,btc-updown-5m-1788833400,5,4315896,102807861037021496772169580213850557431020881929721108665796927136511879537008,2026-09-08T02:10:00+00:00,2026-09-08T02:15:00+00:00,9.55,0.49,0.5,0.495,0.01,630.31,164.03,99
2026-09-08T02:05:27.694642+00:00,btc-updown-15m-1788832800,15,4315804,68760106764142518631968689871945787574601099016183967440941594202140994847714,2026-09-08T02:00:00+00:00,2026-09-08T02:15:00+00:00,9.55,0.15,0.16,0.155,0.01,173.0,111.0,99
2026-09-08T02:05:27.694642+00:00,btc-updown-15m-1788833700,15,4316189,85100299271231878045340078133108953326464621351176089866214476257628170983384,2026-09-08T02:15:00+00:00,2026-09-08T02:30:00+00:00,24.55,0.48,0.49,0.485,0.01,232.3,81.02,97
2026-09-08T02:06:28.981584+00:00,btc-updown-5m-1788833100,5,4315829,67874281001518376594173957877144976290522969376032923895175943358486907123120,2026-09-08T02:05:00+00:00,2026-09-08T02:10:00+00:00,3.53,0.22,0.23,0.225,0.01,785.25,76.56,99
2026-09-08T02:06:28.981584+00:00,btc-updown-5m-1788833400,5,4315896,102807861037021496772169580213850557431020881929721108665796927136511879537008,2026-09-08T02:10:00+00:00,2026-09-08T02:15:00+00:00,8.53,0.49,0.5,0.495,0.01,732.53,204.03,99
2026-09-08T02:06:28.981584+00:00,btc-updown-15m-1788832800,15,4315804,68760106764142518631968689871945787574601099016183967440941594202140994847714,2026-09-08T02:00:00+00:00,2026-09-08T02:15:00+00:00,8.53,0.11,0.12,0.115,0.01,107.2,75.13,99
2026-09-08T02:06:28.981584+00:00,btc-updown-15m-1788833700,15,4316189,85100299271231878045340078133108953326464621351176089866214476257628170983384,2026-09-08T02:15:00+00:00,2026-09-08T02:30:00+00:00,23.53,0.48,0.49,0.485,0.01,382.3,81.02,97
2026-09-08T02:07:30.274906+00:00,btc-updown-5m-1788833100,5,4315829,67874281001518376594173957877144976290522969376032923895175943358486907123120,2026-09-08T02:05:00+00:00,2026-09-08T02:10:00+00:00,2.5,0.05,0.06,0.055,0.01,60.57,450.41,99
2026-09-08T02:07:30.274906+00:00,btc-updown-5m-1788833400,5,4315896,102807861037021496772169580213850557431020881929721108665796927136511879537008,2026-09-08T02:10:00+00:00,2026-09-08T02:15:00+00:00,7.5,0.49,0.51,0.5,0.02,676.21,810.18,98
2026-09-08T02:07:30.274906+00:00,btc-updown-15m-1788832800,15,4315804,68760106764142518631968689871945787574601099016183967440941594202140994847714,2026-09-08T02:00:00+00:00,2026-09-08T02:15:00+00:00,7.5,0.05,0.06,0.055,0.01,191.86,189.46,99
2026-09-08T02:07:30.274906+00:00,btc-updown-15m-1788833700,15,4316189,85100299271231878045340078133108953326464621351176089866214476257628170983384,2026-09-08T02:15:00+00:00,2026-09-08T02:30:00+00:00,22.5,0.48,0.49,0.485,0.01,302.08,32.0,97
2026-09-08T02:08:31.498880+00:00,btc-updown-5m-1788833100,5,4315829,67874281001518376594173957877144976290522969376032923895175943358486907123120,2026-09-08T02:05:00+00:00,2026-09-08T02:10:00+00:00,1.48,0.01,0.02,0.015,0.01,2408.04,1750.76,99
2026-09-08T02:08:31.498880+00:00,btc-updown-5m-1788833400,5,4315896,102807861037021496772169580213850557431020881929721108665796927136511879537008,2026-09-08T02:10:00+00:00,2026-09-08T02:15:00+00:00,6.48,0.49,0.51,0.5,0.02,661.24,715.21,98
2026-09-08T02:08:31.498880+00:00,btc-updown-15m-1788832800,15,4315804,68760106764142518631968689871945787574601099016183967440941594202140994847714,2026-09-08T02:00:00+00:00,2026-09-08T02:15:00+00:00,6.48,0.04,0.05,0.045,0.01,94.1,335.26,99
2026-09-08T02:08:31.498880+00:00,btc-updown-15m-1788833700,15,4316189,85100299271231878045340078133108953326464621351176089866214476257628170983384,2026-09-08T02:15:00+00:00,2026-09-08T02:30:00+00:00,21.48,0.48,0.49,0.485,0.01,302.08,32.0,97
2026-09-08T02:09:32.811024+00:00,btc-updown-5m-1788833400,5,4315896,102807861037021496772169580213850557431020881929721108665796927136511879537008,2026-09-08T02:10:00+00:00,2026-09-08T02:15:00+00:00,5.47,0.5,0.51,0.505,0.01,5.18,405.67,99
2026-09-08T02:09:32.811024+00:00,btc-updown-15m-1788832800,15,4315804,68760106764142518631968689871945787574601099016183967440941594202140994847714,2026-09-08T02:00:00+00:00,2026-09-08T02:15:00+00:00,5.47,0.02,0.03,0.025,0.01,1163.08,239.14,99
2026-09-08T02:09:32.811024+00:00,btc-updown-15m-1788833700,15,4316189,85100299271231878045340078133108953326464621351176089866214476257628170983384,2026-09-08T02:15:00+00:00,2026-09-08T02:30:00+00:00,20.47,0.48,0.49,0.485,0.01,352.08,32.0,97
2026-09-08T02:10:33.923266+00:00,btc-updown-5m-1788833400,5,4315896,102807861037021496772169580213850557431020881929721108665796927136511879537008,2026-09-08T02:10:00+00:00,2026-09-08T02:15:00+00:00,4.45,0.41,0.42,0.415,0.01,273.17,285.19,99
2026-09-08T02:10:33.923266+00:00,btc-updown-5m-1788833700,5,4316179,68759519328832031718306748396327348841118488539796516312408429254538406040261,2026-09-08T02:15:00+00:00,2026-09-08T02:20:00+00:00,9.45,0.49,0.5,0.495,0.01,774.52,33.01,99
2026-09-08T02:10:33.923266+00:00,btc-updown-15m-1788832800,15,4315804,68760106764142518631968689871945787574601099016183967440941594202140994847714,2026-09-08T02:00:00+00:00,2026-09-08T02:15:00+00:00,4.45,0.01,0.018,0.014,0.008,6271.78,80.98,113
2026-09-08T02:10:33.923266+00:00,btc-updown-15m-1788833700,15,4316189,85100299271231878045340078133108953326464621351176089866214476257628170983384,2026-09-08T02:15:00+00:00,2026-09-08T02:30:00+00:00,19.45,0.48,0.49,0.485,0.01,296.08,32.0,97
2026-09-08T02:11:35.199326+00:00,btc-updown-5m-1788833400,5,4315896,102807861037021496772169580213850557431020881929721108665796927136511879537008,2026-09-08T02:10:00+00:00,2026-09-08T02:15:00+00:00,3.42,0.22,0.23,0.225,0.01,372.04,90.0,99
2026-09-08T02:11:35.199326+00:00,btc-updown-5m-1788833700,5,4316179,68759519328832031718306748396327348841118488539796516312408429254538406040261,2026-09-08T02:15:00+00:00,2026-09-08T02:20:00+00:00,8.42,0.49,0.5,0.495,0.01,676.87,38.01,99
2026-09-08T02:11:35.199326+00:00,btc-updown-15m-1788832800,15,4315804,68760106764142518631968689871945787574601099016183967440941594202140994847714,2026-09-08T02:00:00+00:00,2026-09-08T02:15:00+00:00,3.42,0.005,0.009,0.007,0.004,2977.18,91.25,116
2026-09-08T02:11:35.199326+00:00,btc-updown-15m-1788833700,15,4316189,85100299271231878045340078133108953326464621351176089866214476257628170983384,2026-09-08T02:15:00+00:00,2026-09-08T02:30:00+00:00,18.42,0.48,0.49,0.485,0.01,496.08,32.0,97
2026-09-08T02:12:36.432372+00:00,btc-updown-5m-1788833400,5,4315896,102807861037021496772169580213850557431020881929721108665796927136511879537008,2026-09-08T02:10:00+00:00,2026-09-08T02:15:00+00:00,2.4,0.26,0.27,0.265,0.01,148.38,78.0,99
2026-09-08T02:12:36.432372+00:00,btc-updown-5m-1788833700,5,4316179,68759519328832031718306748396327348841118488539796516312408429254538406040261,2026-09-08T02:15:00+00:00,2026-09-08T02:20:00+00:00,7.4,0.5,0.51,0.505,0.01,42.0,609.42,99
2026-09-08T02:12:36.432372+00:00,btc-updown-15m-1788832800,15,4315804,68760106764142518631968689871945787574601099016183967440941594202140994847714,2026-09-08T02:00:00+00:00,2026-09-08T02:15:00+00:00,2.4,0.001,0.009,0.005,0.008,6391.3,100.0,108
2026-09-08T02:12:36.432372+00:00,btc-updown-15m-1788833700,15,4316189,85100299271231878045340078133108953326464621351176089866214476257628170983384,2026-09-08T02:15:00+00:00,2026-09-08T02:30:00+00:00,17.4,0.48,0.49,0.485,0.01,471.02,32.0,97
2026-09-08T02:13:37.687921+00:00,btc-updown-5m-1788833400,5,4315896,102807861037021496772169580213850557431020881929721108665796927136511879537008,2026-09-08T02:10:00+00:00,2026-09-08T02:15:00+00:00,1.38,0.22,0.23,0.225,0.01,468.7,94.16,99
2026-09-08T02:13:37.687921+00:00,btc-updown-5m-1788833700,5,4316179,68759519328832031718306748396327348841118488539796516312408429254538406040261,2026-09-08T02:15:00+00:00,2026-09-08T02:20:00+00:00,6.38,0.5,0.51,0.505,0.01,33.26,339.03,99
2026-09-08T02:13:37.687921+00:00,btc-updown-15m-1788832800,15,4315804,68760106764142518631968689871945787574601099016183967440941594202140994847714,2026-09-08T02:00:00+00:00,2026-09-08T02:15:00+00:00,1.38,0.001,0.002,0.0015,0.001,5223.43,320.38,110
2026-09-08T02:13:37.687921+00:00,btc-updown-15m-1788833700,15,4316189,85100299271231878045340078133108953326464621351176089866214476257628170983384,2026-09-08T02:15:00+00:00,2026-09-08T02:30:00+00:00,16.38,0.48,0.49,0.485,0.01,301.65,200.0,97
2026-09-08T02:14:38.964017+00:00,btc-updown-5m-1788833700,5,4316179,68759519328832031718306748396327348841118488539796516312408429254538406040261,2026-09-08T02:15:00+00:00,2026-09-08T02:20:00+00:00,5.37,0.46,0.47,0.465,0.01,26.0,25.0,99
2026-09-08T02:14:38.964017+00:00,btc-updown-15m-1788833700,15,4316189,85100299271231878045340078133108953326464621351176089866214476257628170983384,2026-09-08T02:15:00+00:00,2026-09-08T02:30:00+00:00,15.37,0.49,0.5,0.495,0.01,25.52,105.0,89
2026-09-08T02:15:40.014939+00:00,btc-updown-5m-1788833700,5,4316179,68759519328832031718306748396327348841118488539796516312408429254538406040261,2026-09-08T02:15:00+00:00,2026-09-08T02:20:00+00:00,4.33,0.5,0.51,0.505,0.01,351.03,77.0,99
2026-09-08T02:15:40.014939+00:00,btc-updown-5m-1788834000,5,4316292,19463161998529843765947509872910025000630312293736363706641832883705076135582,2026-09-08T02:20:00+00:00,2026-09-08T02:25:00+00:00,9.33,0.49,0.5,0.495,0.01,726.56,212.99,99
2026-09-08T02:15:40.014939+00:00,btc-updown-15m-1788833700,15,4316189,85100299271231878045340078133108953326464621351176089866214476257628170983384,2026-09-08T02:15:00+00:00,2026-09-08T02:30:00+00:00,14.33,0.48,0.49,0.485,0.01,9684.17,0.83,99
2026-09-08T02:15:40.014939+00:00,btc-updown-15m-1788834600,15,4316653,882196913968235313761790129305670741759169183493144857431482491916376472743,2026-09-08T02:30:00+00:00,2026-09-08T02:45:00+00:00,29.33,0.51,0.52,0.515,0.01,50.96,297.08,93
2026-09-08T02:16:41.259539+00:00,btc-updown-5m-1788833700,5,4316179,68759519328832031718306748396327348841118488539796516312408429254538406040261,2026-09-08T02:15:00+00:00,2026-09-08T02:20:00+00:00,3.32,0.59,0.6,0.595,0.01,734.91,5.8,99
2026-09-08T02:16:41.259539+00:00,btc-updown-5m-1788834000,5,4316292,19463161998529843765947509872910025000630312293736363706641832883705076135582,2026-09-08T02:20:00+00:00,2026-09-08T02:25:00+00:00,8.32,0.49,0.5,0.495,0.01,721.56,220.99,99
2026-09-08T02:16:41.259539+00:00,btc-updown-15m-1788833700,15,4316189,85100299271231878045340078133108953326464621351176089866214476257628170983384,2026-09-08T02:15:00+00:00,2026-09-08T02:30:00+00:00,13.32,0.55,0.56,0.555,0.01,163.77,121.01,99
2026-09-08T02:16:41.259539+00:00,btc-updown-15m-1788834600,15,4316653,882196913968235313761790129305670741759169183493144857431482491916376472743,2026-09-08T02:30:00+00:00,2026-09-08T02:45:00+00:00,28.32,0.51,0.52,0.515,0.01,50.96,297.08,93
2026-09-08T02:17:42.475314+00:00,btc-updown-5m-1788833700,5,4316179,68759519328832031718306748396327348841118488539796516312408429254538406040261,2026-09-08T02:15:00+00:00,2026-09-08T02:20:00+00:00,2.3,0.24,0.26,0.25,0.02,12.13,366.66,98
2026-09-08T02:17:42.475314+00:00,btc-updown-5m-1788834000,5,4316292,19463161998529843765947509872910025000630312293736363706641832883705076135582,2026-09-08T02:20:00+00:00,2026-09-08T02:25:00+00:00,7.3,0.49,0.5,0.495,0.01,688.95,223.89,99
2026-09-08T02:17:42.475314+00:00,btc-updown-15m-1788833700,15,4316189,85100299271231878045340078133108953326464621351176089866214476257628170983384,2026-09-08T02:15:00+00:00,2026-09-08T02:30:00+00:00,12.3,0.37,0.38,0.375,0.01,10.0,246.03,99
2026-09-08T02:17:42.475314+00:00,btc-updown-15m-1788834600,15,4316653,882196913968235313761790129305670741759169183493144857431482491916376472743,2026-09-08T02:30:00+00:00,2026-09-08T02:45:00+00:00,27.3,0.51,0.52,0.515,0.01,50.96,297.08,93
