captured_at,slug,interval_min,market_id,yes_token,window_start,window_end,minutes_left,best_bid,best_ask,mid,spread,bid_size,ask_size,book_levels
2026-09-04T03:18:15.040304+00:00,btc-updown-5m-1788491700,5,4180232,50509410902840856231385832152379280282212675304651250033362368746775961763484,2026-09-04T03:15:00+00:00,2026-09-04T03:20:00+00:00,1.75,0.56,0.57,0.565,0.01,127.48,419.64,99
2026-09-04T03:18:15.040304+00:00,btc-updown-5m-1788492000,5,4180243,113909689790793139630769033675508132072668809891785631776214548329959697647539,2026-09-04T03:20:00+00:00,2026-09-04T03:25:00+00:00,6.75,0.5,0.51,0.505,0.01,57.0,753.13,99
2026-09-04T03:18:15.040304+00:00,btc-updown-15m-1788491700,15,4180227,22423387977959565607949606456309951659138351607639235174040342263854568575878,2026-09-04T03:15:00+00:00,2026-09-04T03:30:00+00:00,11.75,0.52,0.53,0.525,0.01,191.64,75.11,99
2026-09-04T03:18:15.040304+00:00,btc-updown-15m-1788492600,15,4180271,64283843935740921030939679464655675240950037091848377124046171752529243419152,2026-09-04T03:30:00+00:00,2026-09-04T03:45:00+00:00,26.75,0.49,0.5,0.495,0.01,615.91,813.0,97
2026-09-04T03:19:16.086751+00:00,btc-updown-5m-1788491700,5,4180232,50509410902840856231385832152379280282212675304651250033362368746775961763484,2026-09-04T03:15:00+00:00,2026-09-04T03:20:00+00:00,0.73,0.09,0.1,0.095,0.01,1178.82,203.0,99
2026-09-04T03:19:16.086751+00:00,btc-updown-5m-1788492000,5,4180243,113909689790793139630769033675508132072668809891785631776214548329959697647539,2026-09-04T03:20:00+00:00,2026-09-04T03:25:00+00:00,5.73,0.5,0.51,0.505,0.01,34.0,267.83,99
2026-09-04T03:19:16.086751+00:00,btc-updown-15m-1788491700,15,4180227,22423387977959565607949606456309951659138351607639235174040342263854568575878,2026-09-04T03:15:00+00:00,2026-09-04T03:30:00+00:00,10.73,0.43,0.44,0.435,0.01,200.0,206.0,99
2026-09-04T03:19:16.086751+00:00,btc-updown-15m-1788492600,15,4180271,64283843935740921030939679464655675240950037091848377124046171752529243419152,2026-09-04T03:30:00+00:00,2026-09-04T03:45:00+00:00,25.73,0.49,0.5,0.495,0.01,615.91,1013.0,97
2026-09-04T03:20:16.971734+00:00,btc-updown-5m-1788492000,5,4180243,113909689790793139630769033675508132072668809891785631776214548329959697647539,2026-09-04T03:20:00+00:00,2026-09-04T03:25:00+00:00,4.73,0.49,0.5,0.495,0.01,92.66,160.0,99
2026-09-04T03:20:16.971734+00:00,btc-updown-5m-1788492300,5,4180251,45019478763943602661663408758713717511752504077061815744766995440053857735174,2026-09-04T03:25:00+00:00,2026-09-04T03:30:00+00:00,9.73,0.49,0.5,0.495,0.01,875.89,557.4,99
2026-09-04T03:20:16.971734+00:00,btc-updown-15m-1788491700,15,4180227,22423387977959565607949606456309951659138351607639235174040342263854568575878,2026-09-04T03:15:00+00:00,2026-09-04T03:30:00+00:00,9.73,0.41,0.42,0.415,0.01,26.0,185.63,99
2026-09-04T03:20:16.971734+00:00,btc-updown-15m-1788492600,15,4180271,64283843935740921030939679464655675240950037091848377124046171752529243419152,2026-09-04T03:30:00+00:00,2026-09-04T03:45:00+00:00,24.73,0.49,0.5,0.495,0.01,645.91,533.0,97
2026-09-04T03:21:17.890486+00:00,btc-updown-5m-1788492000,5,4180243,113909689790793139630769033675508132072668809891785631776214548329959697647539,2026-09-04T03:20:00+00:00,2026-09-04T03:25:00+00:00,3.72,0.52,0.53,0.525,0.01,93.37,63.33,99
2026-09-04T03:21:17.890486+00:00,btc-updown-5m-1788492300,5,4180251,45019478763943602661663408758713717511752504077061815744766995440053857735174,2026-09-04T03:25:00+00:00,2026-09-04T03:30:00+00:00,8.72,0.39,0.42,0.405,0.03,430.0,134.49,97
2026-09-04T03:21:17.890486+00:00,btc-updown-15m-1788491700,15,4180227,22423387977959565607949606456309951659138351607639235174040342263854568575878,2026-09-04T03:15:00+00:00,2026-09-04T03:30:00+00:00,8.72,0.37,0.38,0.375,0.01,548.13,66.0,99
2026-09-04T03:21:17.890486+00:00,btc-updown-15m-1788492600,15,4180271,64283843935740921030939679464655675240950037091848377124046171752529243419152,2026-09-04T03:30:00+00:00,2026-09-04T03:45:00+00:00,23.72,0.49,0.5,0.495,0.01,645.91,731.0,97
2026-09-04T03:22:18.780337+00:00,btc-updown-5m-1788492000,5,4180243,113909689790793139630769033675508132072668809891785631776214548329959697647539,2026-09-04T03:20:00+00:00,2026-09-04T03:25:00+00:00,2.7,0.72,0.73,0.725,0.01,120.0,160.63,99
2026-09-04T03:22:18.780337+00:00,btc-updown-5m-1788492300,5,4180251,45019478763943602661663408758713717511752504077061815744766995440053857735174,2026-09-04T03:25:00+00:00,2026-09-04T03:30:00+00:00,7.7,0.41,0.42,0.415,0.01,186.0,134.49,98
2026-09-04T03:22:18.780337+00:00,btc-updown-15m-1788491700,15,4180227,22423387977959565607949606456309951659138351607639235174040342263854568575878,2026-09-04T03:15:00+00:00,2026-09-04T03:30:00+00:00,7.7,0.47,0.48,0.475,0.01,72.0,162.23,99
2026-09-04T03:22:18.780337+00:00,btc-updown-15m-1788492600,15,4180271,64283843935740921030939679464655675240950037091848377124046171752529243419152,2026-09-04T03:30:00+00:00,2026-09-04T03:45:00+00:00,22.7,0.49,0.5,0.495,0.01,645.91,1011.0,97
2026-09-04T03:23:19.674863+00:00,btc-updown-5m-1788492000,5,4180243,113909689790793139630769033675508132072668809891785631776214548329959697647539,2026-09-04T03:20:00+00:00,2026-09-04T03:25:00+00:00,1.68,0.87,0.88,0.875,0.01,370.21,653.33,99
2026-09-04T03:23:19.674863+00:00,btc-updown-5m-1788492300,5,4180251,45019478763943602661663408758713717511752504077061815744766995440053857735174,2026-09-04T03:25:00+00:00,2026-09-04T03:30:00+00:00,6.68,0.41,0.42,0.415,0.01,186.0,115.46,98
2026-09-04T03:23:19.674863+00:00,btc-updown-15m-1788491700,15,4180227,22423387977959565607949606456309951659138351607639235174040342263854568575878,2026-09-04T03:15:00+00:00,2026-09-04T03:30:00+00:00,6.68,0.53,0.54,0.535,0.01,486.42,30.0,99
2026-09-04T03:23:19.674863+00:00,btc-updown-15m-1788492600,15,4180271,64283843935740921030939679464655675240950037091848377124046171752529243419152,2026-09-04T03:30:00+00:00,2026-09-04T03:45:00+00:00,21.68,0.49,0.5,0.495,0.01,645.91,931.0,97
2026-09-04T03:24:20.584738+00:00,btc-updown-5m-1788492000,5,4180243,113909689790793139630769033675508132072668809891785631776214548329959697647539,2026-09-04T03:20:00+00:00,2026-09-04T03:25:00+00:00,0.67,0.91,0.92,0.915,0.01,250.0,180.0,96
2026-09-04T03:24:20.584738+00:00,btc-updown-5m-1788492300,5,4180251,45019478763943602661663408758713717511752504077061815744766995440053857735174,2026-09-04T03:25:00+00:00,2026-09-04T03:30:00+00:00,5.67,0.44,0.45,0.445,0.01,262.55,357.0,99
2026-09-04T03:24:20.584738+00:00,btc-updown-15m-1788491700,15,4180227,22423387977959565607949606456309951659138351607639235174040342263854568575878,2026-09-04T03:15:00+00:00,2026-09-04T03:30:00+00:00,5.67,0.41,0.42,0.415,0.01,235.12,10.0,99
2026-09-04T03:24:20.584738+00:00,btc-updown-15m-1788492600,15,4180271,64283843935740921030939679464655675240950037091848377124046171752529243419152,2026-09-04T03:30:00+00:00,2026-09-04T03:45:00+00:00,20.67,0.49,0.5,0.495,0.01,640.91,931.0,97
2026-09-04T03:25:21.492248+00:00,btc-updown-5m-1788492300,5,4180251,45019478763943602661663408758713717511752504077061815744766995440053857735174,2026-09-04T03:25:00+00:00,2026-09-04T03:30:00+00:00,4.65,0.14,0.15,0.145,0.01,160.0,263.99,99
2026-09-04T03:25:21.492248+00:00,btc-updown-5m-1788492600,5,4180267,64902508244389924889667574003642842960179517474943187447692339132648554662601,2026-09-04T03:30:00+00:00,2026-09-04T03:35:00+00:00,9.65,0.49,0.5,0.495,0.01,830.2,680.0,99
2026-09-04T03:25:21.492248+00:00,btc-updown-15m-1788491700,15,4180227,22423387977959565607949606456309951659138351607639235174040342263854568575878,2026-09-04T03:15:00+00:00,2026-09-04T03:30:00+00:00,4.65,0.13,0.14,0.135,0.01,55.0,67.08,99
2026-09-04T03:25:21.492248+00:00,btc-updown-15m-1788492600,15,4180271,64283843935740921030939679464655675240950037091848377124046171752529243419152,2026-09-04T03:30:00+00:00,2026-09-04T03:45:00+00:00,19.65,0.49,0.5,0.495,0.01,460.91,471.0,97
2026-09-04T03:26:22.400837+00:00,btc-updown-5m-1788492300,5,4180251,45019478763943602661663408758713717511752504077061815744766995440053857735174,2026-09-04T03:25:00+00:00,2026-09-04T03:30:00+00:00,3.63,0.13,0.14,0.135,0.01,185.02,142.0,99
2026-09-04T03:26:22.400837+00:00,btc-updown-5m-1788492600,5,4180267,64902508244389924889667574003642842960179517474943187447692339132648554662601,2026-09-04T03:30:00+00:00,2026-09-04T03:35:00+00:00,8.63,0.49,0.5,0.495,0.01,823.87,670.0,99
2026-09-04T03:26:22.400837+00:00,btc-updown-15m-1788491700,15,4180227,22423387977959565607949606456309951659138351607639235174040342263854568575878,2026-09-04T03:15:00+00:00,2026-09-04T03:30:00+00:00,3.63,0.05,0.06,0.055,0.01,60.0,10.0,99
2026-09-04T03:26:22.400837+00:00,btc-updown-15m-1788492600,15,4180271,64283843935740921030939679464655675240950037091848377124046171752529243419152,2026-09-04T03:30:00+00:00,2026-09-04T03:45:00+00:00,18.63,0.49,0.5,0.495,0.01,451.26,164.5,97
2026-09-04T03:27:23.303503+00:00,btc-updown-5m-1788492300,5,4180251,45019478763943602661663408758713717511752504077061815744766995440053857735174,2026-09-04T03:25:00+00:00,2026-09-04T03:30:00+00:00,2.62,0.18,0.19,0.185,0.01,78.0,771.78,99
2026-09-04T03:27:23.303503+00:00,btc-updown-5m-1788492600,5,4180267,64902508244389924889667574003642842960179517474943187447692339132648554662601,2026-09-04T03:30:00+00:00,2026-09-04T03:35:00+00:00,7.62,0.49,0.5,0.495,0.01,796.85,700.0,99
2026-09-04T03:27:23.303503+00:00,btc-updown-15m-1788491700,15,4180227,22423387977959565607949606456309951659138351607639235174040342263854568575878,2026-09-04T03:15:00+00:00,2026-09-04T03:30:00+00:00,2.62,0.11,0.12,0.115,0.01,97.62,50.0,99
2026-09-04T03:27:23.303503+00:00,btc-updown-15m-1788492600,15,4180271,64283843935740921030939679464655675240950037091848377124046171752529243419152,2026-09-04T03:30:00+00:00,2026-09-04T03:45:00+00:00,17.62,0.49,0.5,0.495,0.01,479.29,64.5,97
2026-09-04T03:28:24.227382+00:00,btc-updown-5m-1788492300,5,4180251,45019478763943602661663408758713717511752504077061815744766995440053857735174,2026-09-04T03:25:00+00:00,2026-09-04T03:30:00+00:00,1.6,0.03,0.04,0.035,0.01,556.97,602.27,99
2026-09-04T03:28:24.227382+00:00,btc-updown-5m-1788492600,5,4180267,64902508244389924889667574003642842960179517474943187447692339132648554662601,2026-09-04T03:30:00+00:00,2026-09-04T03:35:00+00:00,6.6,0.49,0.5,0.495,0.01,381.92,95.0,99
2026-09-04T03:28:24.227382+00:00,btc-updown-15m-1788491700,15,4180227,22423387977959565607949606456309951659138351607639235174040342263854568575878,2026-09-04T03:15:00+00:00,2026-09-04T03:30:00+00:00,1.6,0.02,0.03,0.025,0.01,0.14,110.73,99
2026-09-04T03:28:24.227382+00:00,btc-updown-15m-1788492600,15,4180271,64283843935740921030939679464655675240950037091848377124046171752529243419152,2026-09-04T03:30:00+00:00,2026-09-04T03:45:00+00:00,16.6,0.49,0.5,0.495,0.01,429.29,164.5,97
2026-09-04T03:29:25.134118+00:00,btc-updown-5m-1788492600,5,4180267,64902508244389924889667574003642842960179517474943187447692339132648554662601,2026-09-04T03:30:00+00:00,2026-09-04T03:35:00+00:00,5.58,0.48,0.49,0.485,0.01,36.0,189.0,99
2026-09-04T03:29:25.134118+00:00,btc-updown-15m-1788492600,15,4180271,64283843935740921030939679464655675240950037091848377124046171752529243419152,2026-09-04T03:30:00+00:00,2026-09-04T03:45:00+00:00,15.58,0.49,0.5,0.495,0.01,238.99,180.5,94
2026-09-04T03:30:25.843067+00:00,btc-updown-5m-1788492600,5,4180267,64902508244389924889667574003642842960179517474943187447692339132648554662601,2026-09-04T03:30:00+00:00,2026-09-04T03:35:00+00:00,4.58,0.64,0.65,0.645,0.01,108.82,85.88,99
2026-09-04T03:30:25.843067+00:00,btc-updown-5m-1788492900,5,4180316,49697352297944107062552601443135120494359658314340476219194071086549824104159,2026-09-04T03:35:00+00:00,2026-09-04T03:40:00+00:00,9.58,0.5,0.51,0.505,0.01,920.82,938.22,99
2026-09-04T03:30:25.843067+00:00,btc-updown-15m-1788492600,15,4180271,64283843935740921030939679464655675240950037091848377124046171752529243419152,2026-09-04T03:30:00+00:00,2026-09-04T03:45:00+00:00,14.58,0.58,0.59,0.585,0.01,105.0,70.0,99
2026-09-04T03:30:25.843067+00:00,btc-updown-15m-1788493500,15,4180384,73519343111659576763799439150969520329222844097388965284566992641696073601508,2026-09-04T03:45:00+00:00,2026-09-04T04:00:00+00:00,29.58,0.5,0.51,0.505,0.01,456.0,739.9,95
2026-09-04T03:31:26.773317+00:00,btc-updown-5m-1788492600,5,4180267,64902508244389924889667574003642842960179517474943187447692339132648554662601,2026-09-04T03:30:00+00:00,2026-09-04T03:35:00+00:00,3.57,0.32,0.33,0.325,0.01,23.66,15.0,96
2026-09-04T03:31:26.773317+00:00,btc-updown-5m-1788492900,5,4180316,49697352297944107062552601443135120494359658314340476219194071086549824104159,2026-09-04T03:35:00+00:00,2026-09-04T03:40:00+00:00,8.57,0.5,0.51,0.505,0.01,935.82,869.45,99
2026-09-04T03:31:26.773317+00:00,btc-updown-15m-1788492600,15,4180271,64283843935740921030939679464655675240950037091848377124046171752529243419152,2026-09-04T03:30:00+00:00,2026-09-04T03:45:00+00:00,13.57,0.54,0.55,0.545,0.01,12.0,189.79,99
2026-09-04T03:31:26.773317+00:00,btc-updown-15m-1788493500,15,4180384,73519343111659576763799439150969520329222844097388965284566992641696073601508,2026-09-04T03:45:00+00:00,2026-09-04T04:00:00+00:00,28.57,0.5,0.51,0.505,0.01,476.0,679.9,97
2026-09-04T03:32:27.684183+00:00,btc-updown-5m-1788492600,5,4180267,64902508244389924889667574003642842960179517474943187447692339132648554662601,2026-09-04T03:30:00+00:00,2026-09-04T03:35:00+00:00,2.55,0.74,0.75,0.745,0.01,67.27,84.35,98
2026-09-04T03:32:27.684183+00:00,btc-updown-5m-1788492900,5,4180316,49697352297944107062552601443135120494359658314340476219194071086549824104159,2026-09-04T03:35:00+00:00,2026-09-04T03:40:00+00:00,7.55,0.5,0.51,0.505,0.01,926.82,861.45,99
2026-09-04T03:32:27.684183+00:00,btc-updown-15m-1788492600,15,4180271,64283843935740921030939679464655675240950037091848377124046171752529243419152,2026-09-04T03:30:00+00:00,2026-09-04T03:45:00+00:00,12.55,0.62,0.63,0.625,0.01,135.14,33.01,99
2026-09-04T03:32:27.684183+00:00,btc-updown-15m-1788493500,15,4180384,73519343111659576763799439150969520329222844097388965284566992641696073601508,2026-09-04T03:45:00+00:00,2026-09-04T04:00:00+00:00,27.55,0.5,0.51,0.505,0.01,453.96,835.73,97
2026-09-04T03:33:28.588815+00:00,btc-updown-5m-1788492600,5,4180267,64902508244389924889667574003642842960179517474943187447692339132648554662601,2026-09-04T03:30:00+00:00,2026-09-04T03:35:00+00:00,1.53,0.56,0.57,0.565,0.01,70.0,121.49,99
2026-09-04T03:33:28.588815+00:00,btc-updown-5m-1788492900,5,4180316,49697352297944107062552601443135120494359658314340476219194071086549824104159,2026-09-04T03:35:00+00:00,2026-09-04T03:40:00+00:00,6.53,0.5,0.52,0.51,0.02,63.0,345.41,98
2026-09-04T03:33:28.588815+00:00,btc-updown-15m-1788492600,15,4180271,64283843935740921030939679464655675240950037091848377124046171752529243419152,2026-09-04T03:30:00+00:00,2026-09-04T03:45:00+00:00,11.53,0.54,0.55,0.545,0.01,256.05,5.38,99
2026-09-04T03:33:28.588815+00:00,btc-updown-15m-1788493500,15,4180384,73519343111659576763799439150969520329222844097388965284566992641696073601508,2026-09-04T03:45:00+00:00,2026-09-04T04:00:00+00:00,26.53,0.5,0.51,0.505,0.01,453.96,775.73,97
2026-09-04T03:34:29.484554+00:00,btc-updown-5m-1788492900,5,4180316,49697352297944107062552601443135120494359658314340476219194071086549824104159,2026-09-04T03:35:00+00:00,2026-09-04T03:40:00+00:00,5.52,0.5,0.51,0.505,0.01,60.0,26.26,99
2026-09-04T03:34:29.484554+00:00,btc-updown-15m-1788492600,15,4180271,64283843935740921030939679464655675240950037091848377124046171752529243419152,2026-09-04T03:30:00+00:00,2026-09-04T03:45:00+00:00,10.52,0.42,0.43,0.425,0.01,410.0,141.0,99
2026-09-04T03:34:29.484554+00:00,btc-updown-15m-1788493500,15,4180384,73519343111659576763799439150969520329222844097388965284566992641696073601508,2026-09-04T03:45:00+00:00,2026-09-04T04:00:00+00:00,25.52,0.5,0.51,0.505,0.01,473.96,471.65,97
2026-09-04T03:35:30.287376+00:00,btc-updown-5m-1788492900,5,4180316,49697352297944107062552601443135120494359658314340476219194071086549824104159,2026-09-04T03:35:00+00:00,2026-09-04T03:40:00+00:00,4.5,0.36,0.37,0.365,0.01,379.12,37.29,98
2026-09-04T03:35:30.287376+00:00,btc-updown-5m-1788493200,5,4180360,110447520984952995068836687940295191708519923117282414087211943450179314321737,2026-09-04T03:40:00+00:00,2026-09-04T03:45:00+00:00,9.5,0.5,0.51,0.505,0.01,939.26,941.86,99
2026-09-04T03:35:30.287376+00:00,btc-updown-15m-1788492600,15,4180271,64283843935740921030939679464655675240950037091848377124046171752529243419152,2026-09-04T03:30:00+00:00,2026-09-04T03:45:00+00:00,9.5,0.36,0.37,0.365,0.01,426.87,116.59,99
2026-09-04T03:35:30.287376+00:00,btc-updown-15m-1788493500,15,4180384,73519343111659576763799439150969520329222844097388965284566992641696073601508,2026-09-04T03:45:00+00:00,2026-09-04T04:00:00+00:00,24.5,0.5,0.51,0.505,0.01,513.96,500.0,97
2026-09-04T03:36:31.201729+00:00,btc-updown-5m-1788492900,5,4180316,49697352297944107062552601443135120494359658314340476219194071086549824104159,2026-09-04T03:35:00+00:00,2026-09-04T03:40:00+00:00,3.48,0.41,0.42,0.415,0.01,243.33,65.0,99
2026-09-04T03:36:31.201729+00:00,btc-updown-5m-1788493200,5,4180360,110447520984952995068836687940295191708519923117282414087211943450179314321737,2026-09-04T03:40:00+00:00,2026-09-04T03:45:00+00:00,8.48,0.5,0.51,0.505,0.01,954.26,860.85,99
2026-09-04T03:36:31.201729+00:00,btc-updown-15m-1788492600,15,4180271,64283843935740921030939679464655675240950037091848377124046171752529243419152,2026-09-04T03:30:00+00:00,2026-09-04T03:45:00+00:00,8.48,0.42,0.43,0.425,0.01,129.0,549.0,99
2026-09-04T03:36:31.201729+00:00,btc-updown-15m-1788493500,15,4180384,73519343111659576763799439150969520329222844097388965284566992641696073601508,2026-09-04T03:45:00+00:00,2026-09-04T04:00:00+00:00,23.48,0.5,0.51,0.505,0.01,473.96,600.0,97
2026-09-04T03:37:32.100450+00:00,btc-updown-5m-1788492900,5,4180316,49697352297944107062552601443135120494359658314340476219194071086549824104159,2026-09-04T03:35:00+00:00,2026-09-04T03:40:00+00:00,2.47,0.87,0.88,0.875,0.01,241.5,13.83,99
2026-09-04T03:37:32.100450+00:00,btc-updown-5m-1788493200,5,4180360,110447520984952995068836687940295191708519923117282414087211943450179314321737,2026-09-04T03:40:00+00:00,2026-09-04T03:45:00+00:00,7.47,0.5,0.51,0.505,0.01,944.26,847.85,99
2026-09-04T03:37:32.100450+00:00,btc-updown-15m-1788492600,15,4180271,64283843935740921030939679464655675240950037091848377124046171752529243419152,2026-09-04T03:30:00+00:00,2026-09-04T03:45:00+00:00,7.47,0.66,0.67,0.665,0.01,397.56,112.31,98
2026-09-04T03:37:32.100450+00:00,btc-updown-15m-1788493500,15,4180384,73519343111659576763799439150969520329222844097388965284566992641696073601508,2026-09-04T03:45:00+00:00,2026-09-04T04:00:00+00:00,22.47,0.5,0.51,0.505,0.01,453.96,660.0,97
2026-09-04T03:38:33.004171+00:00,btc-updown-5m-1788492900,5,4180316,49697352297944107062552601443135120494359658314340476219194071086549824104159,2026-09-04T03:35:00+00:00,2026-09-04T03:40:00+00:00,1.45,0.97,0.98,0.975,0.01,890.08,169.89,99
2026-09-04T03:38:33.004171+00:00,btc-updown-5m-1788493200,5,4180360,110447520984952995068836687940295191708519923117282414087211943450179314321737,2026-09-04T03:40:00+00:00,2026-09-04T03:45:00+00:00,6.45,0.5,0.51,0.505,0.01,134.26,584.9,99
2026-09-04T03:38:33.004171+00:00,btc-updown-15m-1788492600,15,4180271,64283843935740921030939679464655675240950037091848377124046171752529243419152,2026-09-04T03:30:00+00:00,2026-09-04T03:45:00+00:00,6.45,0.67,0.68,0.675,0.01,271.0,162.64,99
2026-09-04T03:38:33.004171+00:00,btc-updown-15m-1788493500,15,4180384,73519343111659576763799439150969520329222844097388965284566992641696073601508,2026-09-04T03:45:00+00:00,2026-09-04T04:00:00+00:00,21.45,0.5,0.51,0.505,0.01,453.96,660.0,97
2026-09-04T03:39:33.910140+00:00,btc-updown-5m-1788493200,5,4180360,110447520984952995068836687940295191708519923117282414087211943450179314321737,2026-09-04T03:40:00+00:00,2026-09-04T03:45:00+00:00,5.45,0.5,0.51,0.505,0.01,309.26,169.62,99
2026-09-04T03:39:33.910140+00:00,btc-updown-15m-1788492600,15,4180271,64283843935740921030939679464655675240950037091848377124046171752529243419152,2026-09-04T03:30:00+00:00,2026-09-04T03:45:00+00:00,5.45,0.61,0.62,0.615,0.01,318.45,55.0,99
2026-09-04T03:39:33.910140+00:00,btc-updown-15m-1788493500,15,4180384,73519343111659576763799439150969520329222844097388965284566992641696073601508,2026-09-04T03:45:00+00:00,2026-09-04T04:00:00+00:00,20.45,0.5,0.51,0.505,0.01,453.96,824.08,97
2026-09-04T03:40:34.719194+00:00,btc-updown-5m-1788493200,5,4180360,110447520984952995068836687940295191708519923117282414087211943450179314321737,2026-09-04T03:40:00+00:00,2026-09-04T03:45:00+00:00,4.43,0.34,0.35,0.345,0.01,5.0,801.66,97
2026-09-04T03:40:34.719194+00:00,btc-updown-5m-1788493500,5,4180381,77144280428025428380259923456499258276783860618706062263418080854533061398477,2026-09-04T03:45:00+00:00,2026-09-04T03:50:00+00:00,9.43,0.5,0.51,0.505,0.01,361.4,911.31,99
2026-09-04T03:40:34.719194+00:00,btc-updown-15m-1788492600,15,4180271,64283843935740921030939679464655675240950037091848377124046171752529243419152,2026-09-04T03:30:00+00:00,2026-09-04T03:45:00+00:00,4.43,0.41,0.42,0.415,0.01,11.0,128.01,99
2026-09-04T03:40:34.719194+00:00,btc-updown-15m-1788493500,15,4180384,73519343111659576763799439150969520329222844097388965284566992641696073601508,2026-09-04T03:45:00+00:00,2026-09-04T04:00:00+00:00,19.43,0.5,0.51,0.505,0.01,273.96,300.0,97
2026-09-04T03:41:35.630910+00:00,btc-updown-5m-1788493200,5,4180360,110447520984952995068836687940295191708519923117282414087211943450179314321737,2026-09-04T03:40:00+00:00,2026-09-04T03:45:00+00:00,3.42,0.34,0.35,0.345,0.01,196.42,40.7,99
2026-09-04T03:41:35.630910+00:00,btc-updown-5m-1788493500,5,4180381,77144280428025428380259923456499258276783860618706062263418080854533061398477,2026-09-04T03:45:00+00:00,2026-09-04T03:50:00+00:00,8.42,0.5,0.51,0.505,0.01,366.4,820.3,99
2026-09-04T03:41:35.630910+00:00,btc-updown-15m-1788492600,15,4180271,64283843935740921030939679464655675240950037091848377124046171752529243419152,2026-09-04T03:30:00+00:00,2026-09-04T03:45:00+00:00,3.42,0.37,0.38,0.375,0.01,148.99,88.0,99
2026-09-04T03:41:35.630910+00:00,btc-updown-15m-1788493500,15,4180384,73519343111659576763799439150969520329222844097388965284566992641696073601508,2026-09-04T03:45:00+00:00,2026-09-04T04:00:00+00:00,18.42,0.5,0.51,0.505,0.01,273.96,554.08,97
2026-09-04T03:42:36.539822+00:00,btc-updown-5m-1788493200,5,4180360,110447520984952995068836687940295191708519923117282414087211943450179314321737,2026-09-04T03:40:00+00:00,2026-09-04T03:45:00+00:00,2.4,0.25,0.26,0.255,0.01,208.83,106.15,99
2026-09-04T03:42:36.539822+00:00,btc-updown-5m-1788493500,5,4180381,77144280428025428380259923456499258276783860618706062263418080854533061398477,2026-09-04T03:45:00+00:00,2026-09-04T03:50:00+00:00,7.4,0.5,0.51,0.505,0.01,376.4,817.3,99
2026-09-04T03:42:36.539822+00:00,btc-updown-15m-1788492600,15,4180271,64283843935740921030939679464655675240950037091848377124046171752529243419152,2026-09-04T03:30:00+00:00,2026-09-04T03:45:00+00:00,2.4,0.26,0.27,0.265,0.01,241.65,100.0,99
2026-09-04T03:42:36.539822+00:00,btc-updown-15m-1788493500,15,4180384,73519343111659576763799439150969520329222844097388965284566992641696073601508,2026-09-04T03:45:00+00:00,2026-09-04T04:00:00+00:00,17.4,0.5,0.51,0.505,0.01,305.96,350.0,97
2026-09-04T03:43:37.446391+00:00,btc-updown-5m-1788493200,5,4180360,110447520984952995068836687940295191708519923117282414087211943450179314321737,2026-09-04T03:40:00+00:00,2026-09-04T03:45:00+00:00,1.38,0.78,0.79,0.785,0.01,30.0,72.15,98
2026-09-04T03:43:37.446391+00:00,btc-updown-5m-1788493500,5,4180381,77144280428025428380259923456499258276783860618706062263418080854533061398477,2026-09-04T03:45:00+00:00,2026-09-04T03:50:00+00:00,6.38,0.5,0.51,0.505,0.01,153.25,588.14,99
2026-09-04T03:43:37.446391+00:00,btc-updown-15m-1788492600,15,4180271,64283843935740921030939679464655675240950037091848377124046171752529243419152,2026-09-04T03:30:00+00:00,2026-09-04T03:45:00+00:00,1.38,0.85,0.86,0.855,0.01,195.0,28.0,99
2026-09-04T03:43:37.446391+00:00,btc-updown-15m-1788493500,15,4180384,73519343111659576763799439150969520329222844097388965284566992641696073601508,2026-09-04T03:45:00+00:00,2026-09-04T04:00:00+00:00,16.38,0.5,0.51,0.505,0.01,213.96,700.0,97
2026-09-04T03:44:38.366005+00:00,btc-updown-5m-1788493500,5,4180381,77144280428025428380259923456499258276783860618706062263418080854533061398477,2026-09-04T03:45:00+00:00,2026-09-04T03:50:00+00:00,5.37,0.52,0.53,0.525,0.01,250.0,34.0,98
2026-09-04T03:44:38.366005+00:00,btc-updown-15m-1788493500,15,4180384,73519343111659576763799439150969520329222844097388965284566992641696073601508,2026-09-04T03:45:00+00:00,2026-09-04T04:00:00+00:00,15.37,0.5,0.51,0.505,0.01,254.66,50.0,93
2026-09-04T03:45:39.078117+00:00,btc-updown-5m-1788493500,5,4180381,77144280428025428380259923456499258276783860618706062263418080854533061398477,2026-09-04T03:45:00+00:00,2026-09-04T03:50:00+00:00,4.35,0.59,0.6,0.595,0.01,534.13,50.78,99
2026-09-04T03:45:39.078117+00:00,btc-updown-5m-1788493800,5,4180387,40923971505955262243720073263204512335872224876047927433646242313578587796129,2026-09-04T03:50:00+00:00,2026-09-04T03:55:00+00:00,9.35,0.49,0.5,0.495,0.01,884.89,587.83,99
2026-09-04T03:45:39.078117+00:00,btc-updown-15m-1788493500,15,4180384,73519343111659576763799439150969520329222844097388965284566992641696073601508,2026-09-04T03:45:00+00:00,2026-09-04T04:00:00+00:00,14.35,0.54,0.55,0.545,0.01,113.52,171.24,99
2026-09-04T03:45:39.078117+00:00,btc-updown-15m-1788494400,15,4180579,2808378843110610101348568835397930586518646132927539166764054451505552104936,2026-09-04T04:00:00+00:00,2026-09-04T04:15:00+00:00,29.35,0.5,0.51,0.505,0.01,456.0,824.88,99
2026-09-04T03:46:39.987781+00:00,btc-updown-5m-1788493500,5,4180381,77144280428025428380259923456499258276783860618706062263418080854533061398477,2026-09-04T03:45:00+00:00,2026-09-04T03:50:00+00:00,3.35,0.64,0.65,0.645,0.01,38.0,40.0,97
2026-09-04T03:46:39.987781+00:00,btc-updown-5m-1788493800,5,4180387,40923971505955262243720073263204512335872224876047927433646242313578587796129,2026-09-04T03:50:00+00:00,2026-09-04T03:55:00+00:00,8.35,0.49,0.5,0.495,0.01,810.0,672.83,99
2026-09-04T03:46:39.987781+00:00,btc-updown-15m-1788493500,15,4180384,73519343111659576763799439150969520329222844097388965284566992641696073601508,2026-09-04T03:45:00+00:00,2026-09-04T04:00:00+00:00,13.35,0.57,0.58,0.575,0.01,173.0,29.24,99
2026-09-04T03:46:39.987781+00:00,btc-updown-15m-1788494400,15,4180579,2808378843110610101348568835397930586518646132927539166764054451505552104936,2026-09-04T04:00:00+00:00,2026-09-04T04:15:00+00:00,28.35,0.5,0.51,0.505,0.01,448.0,1034.68,99
2026-09-04T03:47:40.890878+00:00,btc-updown-5m-1788493500,5,4180381,77144280428025428380259923456499258276783860618706062263418080854533061398477,2026-09-04T03:45:00+00:00,2026-09-04T03:50:00+00:00,2.33,0.92,0.93,0.925,0.01,442.9,456.56,99
2026-09-04T03:47:40.890878+00:00,btc-updown-5m-1788493800,5,4180387,40923971505955262243720073263204512335872224876047927433646242313578587796129,2026-09-04T03:50:00+00:00,2026-09-04T03:55:00+00:00,7.33,0.49,0.5,0.495,0.01,817.35,642.83,99
2026-09-04T03:47:40.890878+00:00,btc-updown-15m-1788493500,15,4180384,73519343111659576763799439150969520329222844097388965284566992641696073601508,2026-09-04T03:45:00+00:00,2026-09-04T04:00:00+00:00,12.33,0.68,0.69,0.685,0.01,146.96,65.0,99
2026-09-04T03:47:40.890878+00:00,btc-updown-15m-1788494400,15,4180579,2808378843110610101348568835397930586518646132927539166764054451505552104936,2026-09-04T04:00:00+00:00,2026-09-04T04:15:00+00:00,27.33,0.5,0.51,0.505,0.01,443.68,922.88,99
2026-09-04T03:48:41.817478+00:00,btc-updown-5m-1788493800,5,4180387,40923971505955262243720073263204512335872224876047927433646242313578587796129,2026-09-04T03:50:00+00:00,2026-09-04T03:55:00+00:00,6.32,0.49,0.5,0.495,0.01,562.74,123.3,99
2026-09-04T03:48:41.817478+00:00,btc-updown-15m-1788493500,15,4180384,73519343111659576763799439150969520329222844097388965284566992641696073601508,2026-09-04T03:45:00+00:00,2026-09-04T04:00:00+00:00,11.32,0.74,0.75,0.745,0.01,45.49,230.48,99
2026-09-04T03:48:41.817478+00:00,btc-updown-15m-1788494400,15,4180579,2808378843110610101348568835397930586518646132927539166764054451505552104936,2026-09-04T04:00:00+00:00,2026-09-04T04:15:00+00:00,26.32,0.5,0.51,0.505,0.01,223.68,859.08,99
2026-09-04T03:49:42.639390+00:00,btc-updown-5m-1788493800,5,4180387,40923971505955262243720073263204512335872224876047927433646242313578587796129,2026-09-04T03:50:00+00:00,2026-09-04T03:55:00+00:00,5.3,0.43,0.45,0.44,0.02,221.0,10.0,98
2026-09-04T03:49:42.639390+00:00,btc-updown-15m-1788493500,15,4180384,73519343111659576763799439150969520329222844097388965284566992641696073601508,2026-09-04T03:45:00+00:00,2026-09-04T04:00:00+00:00,10.3,0.66,0.67,0.665,0.01,93.35,123.03,98
2026-09-04T03:49:42.639390+00:00,btc-updown-15m-1788494400,15,4180579,2808378843110610101348568835397930586518646132927539166764054451505552104936,2026-09-04T04:00:00+00:00,2026-09-04T04:15:00+00:00,25.3,0.5,0.51,0.505,0.01,233.68,869.28,99
2026-09-04T03:50:43.449313+00:00,btc-updown-5m-1788493800,5,4180387,40923971505955262243720073263204512335872224876047927433646242313578587796129,2026-09-04T03:50:00+00:00,2026-09-04T03:55:00+00:00,4.28,0.56,0.57,0.565,0.01,82.18,397.12,99
2026-09-04T03:50:43.449313+00:00,btc-updown-5m-1788494100,5,4180544,56925578557914342089414255750013087274306934504917888872222501040403281060066,2026-09-04T03:55:00+00:00,2026-09-04T04:00:00+00:00,9.28,0.49,0.5,0.495,0.01,732.12,525.43,99
2026-09-04T03:50:43.449313+00:00,btc-updown-15m-1788493500,15,4180384,73519343111659576763799439150969520329222844097388965284566992641696073601508,2026-09-04T03:45:00+00:00,2026-09-04T04:00:00+00:00,9.28,0.72,0.73,0.725,0.01,492.74,50.0,99
2026-09-04T03:50:43.449313+00:00,btc-updown-15m-1788494400,15,4180579,2808378843110610101348568835397930586518646132927539166764054451505552104936,2026-09-04T04:00:00+00:00,2026-09-04T04:15:00+00:00,24.28,0.5,0.51,0.505,0.01,223.68,873.83,99
2026-09-04T03:51:44.360520+00:00,btc-updown-5m-1788493800,5,4180387,40923971505955262243720073263204512335872224876047927433646242313578587796129,2026-09-04T03:50:00+00:00,2026-09-04T03:55:00+00:00,3.27,0.51,0.52,0.515,0.01,450.1,240.35,99
2026-09-04T03:51:44.360520+00:00,btc-updown-5m-1788494100,5,4180544,56925578557914342089414255750013087274306934504917888872222501040403281060066,2026-09-04T03:55:00+00:00,2026-09-04T04:00:00+00:00,8.27,0.49,0.5,0.495,0.01,726.0,541.43,99
2026-09-04T03:51:44.360520+00:00,btc-updown-15m-1788493500,15,4180384,73519343111659576763799439150969520329222844097388965284566992641696073601508,2026-09-04T03:45:00+00:00,2026-09-04T04:00:00+00:00,8.27,0.74,0.75,0.745,0.01,47.32,192.33,99
2026-09-04T03:51:44.360520+00:00,btc-updown-15m-1788494400,15,4180579,2808378843110610101348568835397930586518646132927539166764054451505552104936,2026-09-04T04:00:00+00:00,2026-09-04T04:15:00+00:00,23.27,0.5,0.51,0.505,0.01,223.68,973.83,99
2026-09-04T03:52:45.274304+00:00,btc-updown-5m-1788493800,5,4180387,40923971505955262243720073263204512335872224876047927433646242313578587796129,2026-09-04T03:50:00+00:00,2026-09-04T03:55:00+00:00,2.25,0.42,0.43,0.425,0.01,91.55,271.33,99
2026-09-04T03:52:45.274304+00:00,btc-updown-5m-1788494100,5,4180544,56925578557914342089414255750013087274306934504917888872222501040403281060066,2026-09-04T03:55:00+00:00,2026-09-04T04:00:00+00:00,7.25,0.49,0.5,0.495,0.01,736.0,586.43,99
2026-09-04T03:52:45.274304+00:00,btc-updown-15m-1788493500,15,4180384,73519343111659576763799439150969520329222844097388965284566992641696073601508,2026-09-04T03:45:00+00:00,2026-09-04T04:00:00+00:00,7.25,0.72,0.73,0.725,0.01,73.0,276.04,98
2026-09-04T03:52:45.274304+00:00,btc-updown-15m-1788494400,15,4180579,2808378843110610101348568835397930586518646132927539166764054451505552104936,2026-09-04T04:00:00+00:00,2026-09-04T04:15:00+00:00,22.25,0.5,0.51,0.505,0.01,223.68,873.83,99
2026-09-04T03:53:46.188756+00:00,btc-updown-5m-1788493800,5,4180387,40923971505955262243720073263204512335872224876047927433646242313578587796129,2026-09-04T03:50:00+00:00,2026-09-04T03:55:00+00:00,1.23,0.68,0.69,0.685,0.01,142.0,313.44,99
2026-09-04T03:53:46.188756+00:00,btc-updown-5m-1788494100,5,4180544,56925578557914342089414255750013087274306934504917888872222501040403281060066,2026-09-04T03:55:00+00:00,2026-09-04T04:00:00+00:00,6.23,0.49,0.5,0.495,0.01,514.03,189.0,99
2026-09-04T03:53:46.188756+00:00,btc-updown-15m-1788493500,15,4180384,73519343111659576763799439150969520329222844097388965284566992641696073601508,2026-09-04T03:45:00+00:00,2026-09-04T04:00:00+00:00,6.23,0.75,0.76,0.755,0.01,108.54,166.05,98
2026-09-04T03:53:46.188756+00:00,btc-updown-15m-1788494400,15,4180579,2808378843110610101348568835397930586518646132927539166764054451505552104936,2026-09-04T04:00:00+00:00,2026-09-04T04:15:00+00:00,21.23,0.5,0.51,0.505,0.01,223.68,973.83,99
2026-09-04T03:54:47.100716+00:00,btc-updown-5m-1788494100,5,4180544,56925578557914342089414255750013087274306934504917888872222501040403281060066,2026-09-04T03:55:00+00:00,2026-09-04T04:00:00+00:00,5.22,0.45,0.46,0.455,0.01,14.9,46.0,98
2026-09-04T03:54:47.100716+00:00,btc-updown-15m-1788493500,15,4180384,73519343111659576763799439150969520329222844097388965284566992641696073601508,2026-09-04T03:45:00+00:00,2026-09-04T04:00:00+00:00,5.22,0.75,0.76,0.755,0.01,38.07,197.35,99
2026-09-04T03:54:47.100716+00:00,btc-updown-15m-1788494400,15,4180579,2808378843110610101348568835397930586518646132927539166764054451505552104936,2026-09-04T04:00:00+00:00,2026-09-04T04:15:00+00:00,20.22,0.5,0.51,0.505,0.01,223.68,973.83,99
2026-09-04T03:55:47.921026+00:00,btc-updown-5m-1788494100,5,4180544,56925578557914342089414255750013087274306934504917888872222501040403281060066,2026-09-04T03:55:00+00:00,2026-09-04T04:00:00+00:00,4.22,0.25,0.26,0.255,0.01,13.79,265.69,99
2026-09-04T03:55:47.921026+00:00,btc-updown-5m-1788494400,5,4180588,63696072475480010795400539908322182707533626610436990005795106790280139208552,2026-09-04T04:00:00+00:00,2026-09-04T04:05:00+00:00,9.22,0.49,0.5,0.495,0.01,805.0,559.3,99
2026-09-04T03:55:47.921026+00:00,btc-updown-15m-1788493500,15,4180384,73519343111659576763799439150969520329222844097388965284566992641696073601508,2026-09-04T03:45:00+00:00,2026-09-04T04:00:00+00:00,4.22,0.69,0.7,0.695,0.01,70.0,68.13,99
2026-09-04T03:55:47.921026+00:00,btc-updown-15m-1788494400,15,4180579,2808378843110610101348568835397930586518646132927539166764054451505552104936,2026-09-04T04:00:00+00:00,2026-09-04T04:15:00+00:00,19.22,0.49,0.5,0.495,0.01,454.68,70.0,99
2026-09-04T03:56:48.830838+00:00,btc-updown-5m-1788494100,5,4180544,56925578557914342089414255750013087274306934504917888872222501040403281060066,2026-09-04T03:55:00+00:00,2026-09-04T04:00:00+00:00,3.2,0.09,0.1,0.095,0.01,176.92,283.13,99
2026-09-04T03:56:48.830838+00:00,btc-updown-5m-1788494400,5,4180588,63696072475480010795400539908322182707533626610436990005795106790280139208552,2026-09-04T04:00:00+00:00,2026-09-04T04:05:00+00:00,8.2,0.49,0.5,0.495,0.01,588.92,601.8,99
2026-09-04T03:56:48.830838+00:00,btc-updown-15m-1788493500,15,4180384,73519343111659576763799439150969520329222844097388965284566992641696073601508,2026-09-04T03:45:00+00:00,2026-09-04T04:00:00+00:00,3.2,0.58,0.6,0.59,0.02,89.99,111.0,98
2026-09-04T03:56:48.830838+00:00,btc-updown-15m-1788494400,15,4180579,2808378843110610101348568835397930586518646132927539166764054451505552104936,2026-09-04T04:00:00+00:00,2026-09-04T04:15:00+00:00,18.2,0.49,0.5,0.495,0.01,504.68,126.0,99
2026-09-04T03:57:49.718168+00:00,btc-updown-5m-1788494100,5,4180544,56925578557914342089414255750013087274306934504917888872222501040403281060066,2026-09-04T03:55:00+00:00,2026-09-04T04:00:00+00:00,2.18,0.04,0.05,0.045,0.01,361.45,339.65,99
2026-09-04T03:57:49.718168+00:00,btc-updown-5m-1788494400,5,4180588,63696072475480010795400539908322182707533626610436990005795106790280139208552,2026-09-04T04:00:00+00:00,2026-09-04T04:05:00+00:00,7.18,0.49,0.5,0.495,0.01,598.92,646.8,99
2026-09-04T03:57:49.718168+00:00,btc-updown-15m-1788493500,15,4180384,73519343111659576763799439150969520329222844097388965284566992641696073601508,2026-09-04T03:45:00+00:00,2026-09-04T04:00:00+00:00,2.18,0.66,0.67,0.665,0.01,50.0,20.0,99
2026-09-04T03:57:49.718168+00:00,btc-updown-15m-1788494400,15,4180579,2808378843110610101348568835397930586518646132927539166764054451505552104936,2026-09-04T04:00:00+00:00,2026-09-04T04:15:00+00:00,17.18,0.49,0.5,0.495,0.01,504.68,126.0,99
2026-09-04T03:58:50.626725+00:00,btc-updown-5m-1788494400,5,4180588,63696072475480010795400539908322182707533626610436990005795106790280139208552,2026-09-04T04:00:00+00:00,2026-09-04T04:05:00+00:00,6.17,0.49,0.5,0.495,0.01,415.0,137.0,99
2026-09-04T03:58:50.626725+00:00,btc-updown-15m-1788493500,15,4180384,73519343111659576763799439150969520329222844097388965284566992641696073601508,2026-09-04T03:45:00+00:00,2026-09-04T04:00:00+00:00,1.17,0.87,0.88,0.875,0.01,127.41,206.35,99
2026-09-04T03:58:50.626725+00:00,btc-updown-15m-1788494400,15,4180579,2808378843110610101348568835397930586518646132927539166764054451505552104936,2026-09-04T04:00:00+00:00,2026-09-04T04:15:00+00:00,16.17,0.49,0.5,0.495,0.01,442.71,198.0,99
2026-09-04T03:59:51.415505+00:00,btc-updown-5m-1788494400,5,4180588,63696072475480010795400539908322182707533626610436990005795106790280139208552,2026-09-04T04:00:00+00:00,2026-09-04T04:05:00+00:00,5.15,0.37,0.38,0.375,0.01,15.0,33.0,98
2026-09-04T03:59:51.415505+00:00,btc-updown-15m-1788493500,15,4180384,73519343111659576763799439150969520329222844097388965284566992641696073601508,2026-09-04T03:45:00+00:00,2026-09-04T04:00:00+00:00,0.15,0.96,0.97,0.965,0.01,13.0,72.96,97
2026-09-04T03:59:51.415505+00:00,btc-updown-15m-1788494400,15,4180579,2808378843110610101348568835397930586518646132927539166764054451505552104936,2026-09-04T04:00:00+00:00,2026-09-04T04:15:00+00:00,15.15,0.48,0.49,0.485,0.01,416.66,267.0,94
2026-09-04T04:00:52.206722+00:00,btc-updown-5m-1788494400,5,4180588,63696072475480010795400539908322182707533626610436990005795106790280139208552,2026-09-04T04:00:00+00:00,2026-09-04T04:05:00+00:00,4.13,0.2,0.21,0.205,0.01,275.0,73.09,99
2026-09-04T04:00:52.206722+00:00,btc-updown-5m-1788494700,5,4180659,45478343950197558485729020624290546813921565208646307969706577572360368864501,2026-09-04T04:05:00+00:00,2026-09-04T04:10:00+00:00,9.13,0.5,0.51,0.505,0.01,910.23,925.28,99
2026-09-04T04:00:52.206722+00:00,btc-updown-15m-1788494400,15,4180579,2808378843110610101348568835397930586518646132927539166764054451505552104936,2026-09-04T04:00:00+00:00,2026-09-04T04:15:00+00:00,14.13,0.35,0.36,0.355,0.01,110.63,195.18,99
2026-09-04T04:00:52.206722+00:00,btc-updown-15m-1788495300,15,4180907,6456682619683646948991215865829935807075504387969390847098713891138835708183,2026-09-04T04:15:00+00:00,2026-09-04T04:30:00+00:00,29.13,0.49,0.5,0.495,0.01,784.08,258.0,95
2026-09-04T04:01:53.493276+00:00,btc-updown-5m-1788494400,5,4180588,63696072475480010795400539908322182707533626610436990005795106790280139208552,2026-09-04T04:00:00+00:00,2026-09-04T04:05:00+00:00,3.12,0.18,0.19,0.185,0.01,15.0,136.86,99
2026-09-04T04:01:53.493276+00:00,btc-updown-5m-1788494700,5,4180659,45478343950197558485729020624290546813921565208646307969706577572360368864501,2026-09-04T04:05:00+00:00,2026-09-04T04:10:00+00:00,8.12,0.5,0.51,0.505,0.01,924.23,900.28,99
2026-09-04T04:01:53.493276+00:00,btc-updown-15m-1788494400,15,4180579,2808378843110610101348568835397930586518646132927539166764054451505552104936,2026-09-04T04:00:00+00:00,2026-09-04T04:15:00+00:00,13.12,0.34,0.35,0.345,0.01,98.93,146.0,99
2026-09-04T04:01:53.493276+00:00,btc-updown-15m-1788495300,15,4180907,6456682619683646948991215865829935807075504387969390847098713891138835708183,2026-09-04T04:15:00+00:00,2026-09-04T04:30:00+00:00,28.12,0.49,0.5,0.495,0.01,814.08,308.0,95
2026-09-04T04:02:54.391941+00:00,btc-updown-5m-1788494400,5,4180588,63696072475480010795400539908322182707533626610436990005795106790280139208552,2026-09-04T04:00:00+00:00,2026-09-04T04:05:00+00:00,2.1,0.08,0.09,0.085,0.01,50.0,115.9,99
2026-09-04T04:02:54.391941+00:00,btc-updown-5m-1788494700,5,4180659,45478343950197558485729020624290546813921565208646307969706577572360368864501,2026-09-04T04:05:00+00:00,2026-09-04T04:10:00+00:00,7.1,0.5,0.51,0.505,0.01,1124.23,1087.28,99
2026-09-04T04:02:54.391941+00:00,btc-updown-15m-1788494400,15,4180579,2808378843110610101348568835397930586518646132927539166764054451505552104936,2026-09-04T04:00:00+00:00,2026-09-04T04:15:00+00:00,12.1,0.32,0.33,0.325,0.01,5554.73,103.0,99
2026-09-04T04:02:54.391941+00:00,btc-updown-15m-1788495300,15,4180907,6456682619683646948991215865829935807075504387969390847098713891138835708183,2026-09-04T04:15:00+00:00,2026-09-04T04:30:00+00:00,27.1,0.49,0.5,0.495,0.01,729.91,455.96,95
2026-09-04T04:03:55.291513+00:00,btc-updown-5m-1788494700,5,4180659,45478343950197558485729020624290546813921565208646307969706577572360368864501,2026-09-04T04:05:00+00:00,2026-09-04T04:10:00+00:00,6.08,0.5,0.51,0.505,0.01,337.23,719.29,99
2026-09-04T04:03:55.291513+00:00,btc-updown-15m-1788494400,15,4180579,2808378843110610101348568835397930586518646132927539166764054451505552104936,2026-09-04T04:00:00+00:00,2026-09-04T04:15:00+00:00,11.08,0.34,0.35,0.345,0.01,78.96,191.0,99
2026-09-04T04:03:55.291513+00:00,btc-updown-15m-1788495300,15,4180907,6456682619683646948991215865829935807075504387969390847098713891138835708183,2026-09-04T04:15:00+00:00,2026-09-04T04:30:00+00:00,26.08,0.49,0.5,0.495,0.01,734.08,458.0,95
2026-09-04T04:04:56.086236+00:00,btc-updown-5m-1788494700,5,4180659,45478343950197558485729020624290546813921565208646307969706577572360368864501,2026-09-04T04:05:00+00:00,2026-09-04T04:10:00+00:00,5.07,0.61,0.62,0.615,0.01,0.69,45.58,97
2026-09-04T04:04:56.086236+00:00,btc-updown-15m-1788494400,15,4180579,2808378843110610101348568835397930586518646132927539166764054451505552104936,2026-09-04T04:00:00+00:00,2026-09-04T04:15:00+00:00,10.07,0.44,0.45,0.445,0.01,104.3,108.2,99
2026-09-04T04:04:56.086236+00:00,btc-updown-15m-1788495300,15,4180907,6456682619683646948991215865829935807075504387969390847098713891138835708183,2026-09-04T04:15:00+00:00,2026-09-04T04:30:00+00:00,25.07,0.49,0.5,0.495,0.01,734.08,458.0,95
2026-09-04T04:05:56.877024+00:00,btc-updown-5m-1788494700,5,4180659,45478343950197558485729020624290546813921565208646307969706577572360368864501,2026-09-04T04:05:00+00:00,2026-09-04T04:10:00+00:00,4.07,0.81,0.82,0.815,0.01,381.0,149.59,99
2026-09-04T04:05:56.877024+00:00,btc-updown-5m-1788495000,5,4180679,105540729743155433386509912749963904566970849685706143724564126172892631809701,2026-09-04T04:10:00+00:00,2026-09-04T04:15:00+00:00,9.07,0.5,0.51,0.505,0.01,1013.56,784.92,99
2026-09-04T04:05:56.877024+00:00,btc-updown-15m-1788494400,15,4180579,2808378843110610101348568835397930586518646132927539166764054451505552104936,2026-09-04T04:00:00+00:00,2026-09-04T04:15:00+00:00,9.07,0.53,0.54,0.535,0.01,18.0,213.76,99
2026-09-04T04:05:56.877024+00:00,btc-updown-15m-1788495300,15,4180907,6456682619683646948991215865829935807075504387969390847098713891138835708183,2026-09-04T04:15:00+00:00,2026-09-04T04:30:00+00:00,24.07,0.49,0.5,0.495,0.01,704.08,558.0,95
2026-09-04T04:06:57.788057+00:00,btc-updown-5m-1788494700,5,4180659,45478343950197558485729020624290546813921565208646307969706577572360368864501,2026-09-04T04:05:00+00:00,2026-09-04T04:10:00+00:00,3.05,0.82,0.83,0.825,0.01,422.88,59.18,99
2026-09-04T04:06:57.788057+00:00,btc-updown-5m-1788495000,5,4180679,105540729743155433386509912749963904566970849685706143724564126172892631809701,2026-09-04T04:10:00+00:00,2026-09-04T04:15:00+00:00,8.05,0.5,0.51,0.505,0.01,1008.56,677.25,99
2026-09-04T04:06:57.788057+00:00,btc-updown-15m-1788494400,15,4180579,2808378843110610101348568835397930586518646132927539166764054451505552104936,2026-09-04T04:00:00+00:00,2026-09-04T04:15:00+00:00,8.05,0.5,0.51,0.505,0.01,116.09,33.0,99
2026-09-04T04:06:57.788057+00:00,btc-updown-15m-1788495300,15,4180907,6456682619683646948991215865829935807075504387969390847098713891138835708183,2026-09-04T04:15:00+00:00,2026-09-04T04:30:00+00:00,23.05,0.49,0.5,0.495,0.01,704.08,548.0,95
2026-09-04T04:07:58.692283+00:00,btc-updown-5m-1788494700,5,4180659,45478343950197558485729020624290546813921565208646307969706577572360368864501,2026-09-04T04:05:00+00:00,2026-09-04T04:10:00+00:00,2.03,0.92,0.93,0.925,0.01,321.76,61.42,99
2026-09-04T04:07:58.692283+00:00,btc-updown-5m-1788495000,5,4180679,105540729743155433386509912749963904566970849685706143724564126172892631809701,2026-09-04T04:10:00+00:00,2026-09-04T04:15:00+00:00,7.03,0.5,0.51,0.505,0.01,1002.56,585.0,99
2026-09-04T04:07:58.692283+00:00,btc-updown-15m-1788494400,15,4180579,2808378843110610101348568835397930586518646132927539166764054451505552104936,2026-09-04T04:00:00+00:00,2026-09-04T04:15:00+00:00,7.03,0.52,0.53,0.525,0.01,185.0,10.0,99
2026-09-04T04:07:58.692283+00:00,btc-updown-15m-1788495300,15,4180907,6456682619683646948991215865829935807075504387969390847098713891138835708183,2026-09-04T04:15:00+00:00,2026-09-04T04:30:00+00:00,22.03,0.49,0.5,0.495,0.01,704.08,448.0,95
2026-09-04T04:08:59.609248+00:00,btc-updown-5m-1788494700,5,4180659,45478343950197558485729020624290546813921565208646307969706577572360368864501,2026-09-04T04:05:00+00:00,2026-09-04T04:10:00+00:00,1.02,0.98,0.99,0.985,0.01,1217.85,955.81,99
2026-09-04T04:08:59.609248+00:00,btc-updown-5m-1788495000,5,4180679,105540729743155433386509912749963904566970849685706143724564126172892631809701,2026-09-04T04:10:00+00:00,2026-09-04T04:15:00+00:00,6.02,0.5,0.51,0.505,0.01,129.56,165.0,99
2026-09-04T04:08:59.609248+00:00,btc-updown-15m-1788494400,15,4180579,2808378843110610101348568835397930586518646132927539166764054451505552104936,2026-09-04T04:00:00+00:00,2026-09-04T04:15:00+00:00,6.02,0.55,0.56,0.555,0.01,10.0,22.08,98
2026-09-04T04:08:59.609248+00:00,btc-updown-15m-1788495300,15,4180907,6456682619683646948991215865829935807075504387969390847098713891138835708183,2026-09-04T04:15:00+00:00,2026-09-04T04:30:00+00:00,21.02,0.49,0.5,0.495,0.01,704.08,448.0,95
2026-09-04T04:10:00.543100+00:00,btc-updown-5m-1788495000,5,4180679,105540729743155433386509912749963904566970849685706143724564126172892631809701,2026-09-04T04:10:00+00:00,2026-09-04T04:15:00+00:00,5.0,0.44,0.45,0.445,0.01,5.0,20.0,99
2026-09-04T04:10:00.543100+00:00,btc-updown-5m-1788495300,5,4180901,73444881539330915759380398571628854004488655051315105751663585516237753043359,2026-09-04T04:15:00+00:00,2026-09-04T04:20:00+00:00,10.0,0.49,0.5,0.495,0.01,640.1,486.16,99
2026-09-04T04:10:00.543100+00:00,btc-updown-15m-1788494400,15,4180579,2808378843110610101348568835397930586518646132927539166764054451505552104936,2026-09-04T04:00:00+00:00,2026-09-04T04:15:00+00:00,5.0,0.43,0.44,0.435,0.01,37.0,120.53,99
2026-09-04T04:10:00.543100+00:00,btc-updown-15m-1788495300,15,4180907,6456682619683646948991215865829935807075504387969390847098713891138835708183,2026-09-04T04:15:00+00:00,2026-09-04T04:30:00+00:00,20.0,0.49,0.5,0.495,0.01,724.08,428.0,95
2026-09-04T04:11:01.449993+00:00,btc-updown-5m-1788495000,5,4180679,105540729743155433386509912749963904566970849685706143724564126172892631809701,2026-09-04T04:10:00+00:00,2026-09-04T04:15:00+00:00,3.98,0.39,0.4,0.395,0.01,15.0,312.03,99
2026-09-04T04:11:01.449993+00:00,btc-updown-5m-1788495300,5,4180901,73444881539330915759380398571628854004488655051315105751663585516237753043359,2026-09-04T04:15:00+00:00,2026-09-04T04:20:00+00:00,8.98,0.49,0.5,0.495,0.01,817.0,296.16,99
2026-09-04T04:11:01.449993+00:00,btc-updown-15m-1788494400,15,4180579,2808378843110610101348568835397930586518646132927539166764054451505552104936,2026-09-04T04:00:00+00:00,2026-09-04T04:15:00+00:00,3.98,0.37,0.38,0.375,0.01,191.25,10.0,99
2026-09-04T04:11:01.449993+00:00,btc-updown-15m-1788495300,15,4180907,6456682619683646948991215865829935807075504387969390847098713891138835708183,2026-09-04T04:15:00+00:00,2026-09-04T04:30:00+00:00,18.98,0.49,0.5,0.495,0.01,504.08,328.0,95
2026-09-04T04:12:02.342383+00:00,btc-updown-5m-1788495000,5,4180679,105540729743155433386509912749963904566970849685706143724564126172892631809701,2026-09-04T04:10:00+00:00,2026-09-04T04:15:00+00:00,2.97,0.75,0.76,0.755,0.01,40.0,627.03,99
2026-09-04T04:12:02.342383+00:00,btc-updown-5m-1788495300,5,4180901,73444881539330915759380398571628854004488655051315105751663585516237753043359,2026-09-04T04:15:00+00:00,2026-09-04T04:20:00+00:00,7.97,0.49,0.5,0.495,0.01,824.0,314.16,99
2026-09-04T04:12:02.342383+00:00,btc-updown-15m-1788494400,15,4180579,2808378843110610101348568835397930586518646132927539166764054451505552104936,2026-09-04T04:00:00+00:00,2026-09-04T04:15:00+00:00,2.97,0.74,0.75,0.745,0.01,10.0,225.0,99
2026-09-04T04:12:02.342383+00:00,btc-updown-15m-1788495300,15,4180907,6456682619683646948991215865829935807075504387969390847098713891138835708183,2026-09-04T04:15:00+00:00,2026-09-04T04:30:00+00:00,17.97,0.49,0.5,0.495,0.01,454.08,348.0,95
2026-09-04T04:13:03.234217+00:00,btc-updown-5m-1788495000,5,4180679,105540729743155433386509912749963904566970849685706143724564126172892631809701,2026-09-04T04:10:00+00:00,2026-09-04T04:15:00+00:00,1.95,0.96,0.97,0.965,0.01,210.47,794.91,99
2026-09-04T04:13:03.234217+00:00,btc-updown-5m-1788495300,5,4180901,73444881539330915759380398571628854004488655051315105751663585516237753043359,2026-09-04T04:15:00+00:00,2026-09-04T04:20:00+00:00,6.95,0.49,0.5,0.495,0.01,574.19,45.0,99
2026-09-04T04:13:03.234217+00:00,btc-updown-15m-1788494400,15,4180579,2808378843110610101348568835397930586518646132927539166764054451505552104936,2026-09-04T04:00:00+00:00,2026-09-04T04:15:00+00:00,1.95,0.94,0.95,0.945,0.01,80.0,85.88,99
2026-09-04T04:13:03.234217+00:00,btc-updown-15m-1788495300,15,4180907,6456682619683646948991215865829935807075504387969390847098713891138835708183,2026-09-04T04:15:00+00:00,2026-09-04T04:30:00+00:00,16.95,0.49,0.5,0.495,0.01,454.08,568.0,95
2026-09-04T04:14:04.142197+00:00,btc-updown-5m-1788495300,5,4180901,73444881539330915759380398571628854004488655051315105751663585516237753043359,2026-09-04T04:15:00+00:00,2026-09-04T04:20:00+00:00,5.93,0.49,0.51,0.5,0.02,164.36,341.61,98
2026-09-04T04:14:04.142197+00:00,btc-updown-15m-1788495300,15,4180907,6456682619683646948991215865829935807075504387969390847098713891138835708183,2026-09-04T04:15:00+00:00,2026-09-04T04:30:00+00:00,15.93,0.49,0.5,0.495,0.01,142.32,260.0,91
2026-09-04T04:15:04.833765+00:00,btc-updown-5m-1788495300,5,4180901,73444881539330915759380398571628854004488655051315105751663585516237753043359,2026-09-04T04:15:00+00:00,2026-09-04T04:20:00+00:00,4.93,0.48,0.49,0.485,0.01,423.0,75.0,99
2026-09-04T04:15:04.833765+00:00,btc-updown-5m-1788495600,5,4180915,108753550206369015459965043852048785004232886668226932850601167116476861207468,2026-09-04T04:20:00+00:00,2026-09-04T04:25:00+00:00,9.93,0.49,0.5,0.495,0.01,648.9,512.69,99
2026-09-04T04:15:04.833765+00:00,btc-updown-15m-1788495300,15,4180907,6456682619683646948991215865829935807075504387969390847098713891138835708183,2026-09-04T04:15:00+00:00,2026-09-04T04:30:00+00:00,14.93,0.49,0.5,0.495,0.01,31.0,277.02,99
2026-09-04T04:15:04.833765+00:00,btc-updown-15m-1788496200,15,4181313,47206913136970578264787757988604718061841243341450987015805033835988245538516,2026-09-04T04:30:00+00:00,2026-09-04T04:45:00+00:00,29.93,0.5,0.51,0.505,0.01,250.0,609.08,97
2026-09-04T04:16:05.729157+00:00,btc-updown-5m-1788495300,5,4180901,73444881539330915759380398571628854004488655051315105751663585516237753043359,2026-09-04T04:15:00+00:00,2026-09-04T04:20:00+00:00,3.92,0.61,0.62,0.615,0.01,30.0,455.0,99
2026-09-04T04:16:05.729157+00:00,btc-updown-5m-1788495600,5,4180915,108753550206369015459965043852048785004232886668226932850601167116476861207468,2026-09-04T04:20:00+00:00,2026-09-04T04:25:00+00:00,8.92,0.49,0.5,0.495,0.01,779.0,585.69,99
2026-09-04T04:16:05.729157+00:00,btc-updown-15m-1788495300,15,4180907,6456682619683646948991215865829935807075504387969390847098713891138835708183,2026-09-04T04:15:00+00:00,2026-09-04T04:30:00+00:00,13.92,0.52,0.53,0.525,0.01,156.43,50.58,99
2026-09-04T04:16:05.729157+00:00,btc-updown-15m-1788496200,15,4181313,47206913136970578264787757988604718061841243341450987015805033835988245538516,2026-09-04T04:30:00+00:00,2026-09-04T04:45:00+00:00,28.92,0.5,0.51,0.505,0.01,217.35,1307.08,99
2026-09-04T04:17:06.636564+00:00,btc-updown-5m-1788495300,5,4180901,73444881539330915759380398571628854004488655051315105751663585516237753043359,2026-09-04T04:15:00+00:00,2026-09-04T04:20:00+00:00,2.9,0.96,0.97,0.965,0.01,101.57,69.84,99
2026-09-04T04:17:06.636564+00:00,btc-updown-5m-1788495600,5,4180915,108753550206369015459965043852048785004232886668226932850601167116476861207468,2026-09-04T04:20:00+00:00,2026-09-04T04:25:00+00:00,7.9,0.49,0.5,0.495,0.01,716.32,969.69,99
2026-09-04T04:17:06.636564+00:00,btc-updown-15m-1788495300,15,4180907,6456682619683646948991215865829935807075504387969390847098713891138835708183,2026-09-04T04:15:00+00:00,2026-09-04T04:30:00+00:00,12.9,0.78,0.79,0.785,0.01,10.0,10.0,99
2026-09-04T04:17:06.636564+00:00,btc-updown-15m-1788496200,15,4181313,47206913136970578264787757988604718061841243341450987015805033835988245538516,2026-09-04T04:30:00+00:00,2026-09-04T04:45:00+00:00,27.9,0.49,0.5,0.495,0.01,624.61,990.0,99
2026-09-04T04:18:07.530883+00:00,btc-updown-5m-1788495300,5,4180901,73444881539330915759380398571628854004488655051315105751663585516237753043359,2026-09-04T04:15:00+00:00,2026-09-04T04:20:00+00:00,1.88,0.96,0.97,0.965,0.01,606.65,134.98,99
2026-09-04T04:18:07.530883+00:00,btc-updown-5m-1788495600,5,4180915,108753550206369015459965043852048785004232886668226932850601167116476861207468,2026-09-04T04:20:00+00:00,2026-09-04T04:25:00+00:00,6.88,0.49,0.5,0.495,0.01,516.32,300.0,99
2026-09-04T04:18:07.530883+00:00,btc-updown-15m-1788495300,15,4180907,6456682619683646948991215865829935807075504387969390847098713891138835708183,2026-09-04T04:15:00+00:00,2026-09-04T04:30:00+00:00,11.88,0.67,0.68,0.675,0.01,75.0,52.07,99
2026-09-04T04:18:07.530883+00:00,btc-updown-15m-1788496200,15,4181313,47206913136970578264787757988604718061841243341450987015805033835988245538516,2026-09-04T04:30:00+00:00,2026-09-04T04:45:00+00:00,26.88,0.49,0.5,0.495,0.01,405.0,790.0,99
2026-09-04T04:19:08.433641+00:00,btc-updown-5m-1788495600,5,4180915,108753550206369015459965043852048785004232886668226932850601167116476861207468,2026-09-04T04:20:00+00:00,2026-09-04T04:25:00+00:00,5.87,0.49,0.5,0.495,0.01,182.0,451.25,99
2026-09-04T04:19:08.433641+00:00,btc-updown-15m-1788495300,15,4180907,6456682619683646948991215865829935807075504387969390847098713891138835708183,2026-09-04T04:15:00+00:00,2026-09-04T04:30:00+00:00,10.87,0.75,0.76,0.755,0.01,88.0,20.0,99
2026-09-04T04:19:08.433641+00:00,btc-updown-15m-1788496200,15,4181313,47206913136970578264787757988604718061841243341450987015805033835988245538516,2026-09-04T04:30:00+00:00,2026-09-04T04:45:00+00:00,25.87,0.49,0.5,0.495,0.01,405.0,990.0,99
2026-09-04T04:20:09.235666+00:00,btc-updown-5m-1788495600,5,4180915,108753550206369015459965043852048785004232886668226932850601167116476861207468,2026-09-04T04:20:00+00:00,2026-09-04T04:25:00+00:00,4.85,0.55,0.56,0.555,0.01,25.0,467.22,99
2026-09-04T04:20:09.235666+00:00,btc-updown-5m-1788495900,5,4181309,14918180278367936721963721168854449192973000942090701794137900000234704443224,2026-09-04T04:25:00+00:00,2026-09-04T04:30:00+00:00,9.85,0.49,0.5,0.495,0.01,275.01,459.61,99
2026-09-04T04:20:09.235666+00:00,btc-updown-15m-1788495300,15,4180907,6456682619683646948991215865829935807075504387969390847098713891138835708183,2026-09-04T04:15:00+00:00,2026-09-04T04:30:00+00:00,9.85,0.81,0.82,0.815,0.01,74.73,90.93,99
2026-09-04T04:20:09.235666+00:00,btc-updown-15m-1788496200,15,4181313,47206913136970578264787757988604718061841243341450987015805033835988245538516,2026-09-04T04:30:00+00:00,2026-09-04T04:45:00+00:00,24.85,0.49,0.5,0.495,0.01,639.08,1018.0,99
2026-09-04T04:21:10.146017+00:00,btc-updown-5m-1788495600,5,4180915,108753550206369015459965043852048785004232886668226932850601167116476861207468,2026-09-04T04:20:00+00:00,2026-09-04T04:25:00+00:00,3.83,0.76,0.77,0.765,0.01,25.0,222.0,99
2026-09-04T04:21:10.146017+00:00,btc-updown-5m-1788495900,5,4181309,14918180278367936721963721168854449192973000942090701794137900000234704443224,2026-09-04T04:25:00+00:00,2026-09-04T04:30:00+00:00,8.83,0.49,0.5,0.495,0.01,480.29,770.61,99
2026-09-04T04:21:10.146017+00:00,btc-updown-15m-1788495300,15,4180907,6456682619683646948991215865829935807075504387969390847098713891138835708183,2026-09-04T04:15:00+00:00,2026-09-04T04:30:00+00:00,8.83,0.86,0.87,0.865,0.01,38.76,225.85,99
2026-09-04T04:21:10.146017+00:00,btc-updown-15m-1788496200,15,4181313,47206913136970578264787757988604718061841243341450987015805033835988245538516,2026-09-04T04:30:00+00:00,2026-09-04T04:45:00+00:00,23.83,0.49,0.5,0.495,0.01,433.03,968.0,99
2026-09-04T04:22:11.044574+00:00,btc-updown-5m-1788495600,5,4180915,108753550206369015459965043852048785004232886668226932850601167116476861207468,2026-09-04T04:20:00+00:00,2026-09-04T04:25:00+00:00,2.82,0.67,0.68,0.675,0.01,191.33,135.0,99
2026-09-04T04:22:11.044574+00:00,btc-updown-5m-1788495900,5,4181309,14918180278367936721963721168854449192973000942090701794137900000234704443224,2026-09-04T04:25:00+00:00,2026-09-04T04:30:00+00:00,7.82,0.49,0.5,0.495,0.01,469.07,778.61,99
2026-09-04T04:22:11.044574+00:00,btc-updown-15m-1788495300,15,4180907,6456682619683646948991215865829935807075504387969390847098713891138835708183,2026-09-04T04:15:00+00:00,2026-09-04T04:30:00+00:00,7.82,0.83,0.84,0.835,0.01,206.1,2175.0,99
2026-09-04T04:22:11.044574+00:00,btc-updown-15m-1788496200,15,4181313,47206913136970578264787757988604718061841243341450987015805033835988245538516,2026-09-04T04:30:00+00:00,2026-09-04T04:45:00+00:00,22.82,0.49,0.5,0.495,0.01,433.03,968.0,99
2026-09-04T04:23:11.944981+00:00,btc-updown-5m-1788495900,5,4181309,14918180278367936721963721168854449192973000942090701794137900000234704443224,2026-09-04T04:25:00+00:00,2026-09-04T04:30:00+00:00,6.82,0.49,0.5,0.495,0.01,25.0,365.0,99
2026-09-04T04:23:11.944981+00:00,btc-updown-15m-1788495300,15,4180907,6456682619683646948991215865829935807075504387969390847098713891138835708183,2026-09-04T04:15:00+00:00,2026-09-04T04:30:00+00:00,6.82,0.93,0.94,0.935,0.01,105.0,802.26,99
2026-09-04T04:23:11.944981+00:00,btc-updown-15m-1788496200,15,4181313,47206913136970578264787757988604718061841243341450987015805033835988245538516,2026-09-04T04:30:00+00:00,2026-09-04T04:45:00+00:00,21.82,0.49,0.5,0.495,0.01,230.0,1018.0,99
2026-09-04T04:24:12.739178+00:00,btc-updown-5m-1788495900,5,4181309,14918180278367936721963721168854449192973000942090701794137900000234704443224,2026-09-04T04:25:00+00:00,2026-09-04T04:30:00+00:00,5.8,0.47,0.48,0.475,0.01,60.0,27.52,99
2026-09-04T04:24:12.739178+00:00,btc-updown-15m-1788495300,15,4180907,6456682619683646948991215865829935807075504387969390847098713891138835708183,2026-09-04T04:15:00+00:00,2026-09-04T04:30:00+00:00,5.8,0.94,0.95,0.945,0.01,92.4,9.47,99
2026-09-04T04:24:12.739178+00:00,btc-updown-15m-1788496200,15,4181313,47206913136970578264787757988604718061841243341450987015805033835988245538516,2026-09-04T04:30:00+00:00,2026-09-04T04:45:00+00:00,20.8,0.49,0.5,0.495,0.01,230.0,1018.0,99
2026-09-04T04:25:13.518668+00:00,btc-updown-5m-1788495900,5,4181309,14918180278367936721963721168854449192973000942090701794137900000234704443224,2026-09-04T04:25:00+00:00,2026-09-04T04:30:00+00:00,4.78,0.61,0.62,0.615,0.01,72.25,373.65,99
2026-09-04T04:25:13.518668+00:00,btc-updown-5m-1788496200,5,4181315,7623286056111061162098288968902904435367723617439965867647665005649757098110,2026-09-04T04:30:00+00:00,2026-09-04T04:35:00+00:00,9.78,0.49,0.5,0.495,0.01,184.21,587.04,99
2026-09-04T04:25:13.518668+00:00,btc-updown-15m-1788495300,15,4180907,6456682619683646948991215865829935807075504387969390847098713891138835708183,2026-09-04T04:15:00+00:00,2026-09-04T04:30:00+00:00,4.78,0.98,0.99,0.985,0.01,10.0,5417.61,99
2026-09-04T04:25:13.518668+00:00,btc-updown-15m-1788496200,15,4181313,47206913136970578264787757988604718061841243341450987015805033835988245538516,2026-09-04T04:30:00+00:00,2026-09-04T04:45:00+00:00,19.78,0.48,0.49,0.485,0.01,513.33,490.0,99
2026-09-04T04:26:14.412362+00:00,btc-updown-5m-1788495900,5,4181309,14918180278367936721963721168854449192973000942090701794137900000234704443224,2026-09-04T04:25:00+00:00,2026-09-04T04:30:00+00:00,3.77,0.6,0.61,0.605,0.01,45.5,155.0,99
2026-09-04T04:26:14.412362+00:00,btc-updown-5m-1788496200,5,4181315,7623286056111061162098288968902904435367723617439965867647665005649757098110,2026-09-04T04:30:00+00:00,2026-09-04T04:35:00+00:00,8.77,0.49,0.5,0.495,0.01,401.92,851.04,99
2026-09-04T04:26:14.412362+00:00,btc-updown-15m-1788495300,15,4180907,6456682619683646948991215865829935807075504387969390847098713891138835708183,2026-09-04T04:15:00+00:00,2026-09-04T04:30:00+00:00,3.77,0.98,0.99,0.985,0.01,198.5,5214.24,99
2026-09-04T04:26:14.412362+00:00,btc-updown-15m-1788496200,15,4181313,47206913136970578264787757988604718061841243341450987015805033835988245538516,2026-09-04T04:30:00+00:00,2026-09-04T04:45:00+00:00,18.77,0.48,0.49,0.485,0.01,289.02,618.08,99
2026-09-04T04:27:15.323891+00:00,btc-updown-5m-1788495900,5,4181309,14918180278367936721963721168854449192973000942090701794137900000234704443224,2026-09-04T04:25:00+00:00,2026-09-04T04:30:00+00:00,2.75,0.82,0.83,0.825,0.01,14.03,203.01,99
2026-09-04T04:27:15.323891+00:00,btc-updown-5m-1788496200,5,4181315,7623286056111061162098288968902904435367723617439965867647665005649757098110,2026-09-04T04:30:00+00:00,2026-09-04T04:35:00+00:00,7.75,0.49,0.5,0.495,0.01,392.21,919.04,99
2026-09-04T04:27:15.323891+00:00,btc-updown-15m-1788496200,15,4181313,47206913136970578264787757988604718061841243341450987015805033835988245538516,2026-09-04T04:30:00+00:00,2026-09-04T04:45:00+00:00,17.75,0.48,0.49,0.485,0.01,357.32,657.08,99
2026-09-04T04:28:16.138436+00:00,btc-updown-5m-1788496200,5,4181315,7623286056111061162098288968902904435367723617439965867647665005649757098110,2026-09-04T04:30:00+00:00,2026-09-04T04:35:00+00:00,6.73,0.48,0.49,0.485,0.01,217.21,204.58,99
2026-09-04T04:28:16.138436+00:00,btc-updown-15m-1788496200,15,4181313,47206913136970578264787757988604718061841243341450987015805033835988245538516,2026-09-04T04:30:00+00:00,2026-09-04T04:45:00+00:00,16.73,0.48,0.49,0.485,0.01,243.32,680.04,99
2026-09-04T04:29:16.831268+00:00,btc-updown-5m-1788496200,5,4181315,7623286056111061162098288968902904435367723617439965867647665005649757098110,2026-09-04T04:30:00+00:00,2026-09-04T04:35:00+00:00,5.73,0.49,0.5,0.495,0.01,276.0,415.69,99
2026-09-04T04:29:16.831268+00:00,btc-updown-15m-1788496200,15,4181313,47206913136970578264787757988604718061841243341450987015805033835988245538516,2026-09-04T04:30:00+00:00,2026-09-04T04:45:00+00:00,15.73,0.45,0.46,0.455,0.01,132.27,5.66,93
2026-09-04T04:30:17.537589+00:00,btc-updown-5m-1788496200,5,4181315,7623286056111061162098288968902904435367723617439965867647665005649757098110,2026-09-04T04:30:00+00:00,2026-09-04T04:35:00+00:00,4.72,0.5,0.51,0.505,0.01,150.3,223.0,99
2026-09-04T04:30:17.537589+00:00,btc-updown-5m-1788496500,5,4181384,36913684777379593727103250509949014973231408087102283606733938163247154109960,2026-09-04T04:35:00+00:00,2026-09-04T04:40:00+00:00,9.72,0.47,0.48,0.475,0.01,263.43,51.18,99
2026-09-04T04:30:17.537589+00:00,btc-updown-15m-1788496200,15,4181313,47206913136970578264787757988604718061841243341450987015805033835988245538516,2026-09-04T04:30:00+00:00,2026-09-04T04:45:00+00:00,14.72,0.47,0.48,0.475,0.01,111.94,42.91,99
2026-09-04T04:30:17.537589+00:00,btc-updown-15m-1788497100,15,4182005,8766468816229459478629444831257037013059234608740388701059427129308494152543,2026-09-04T04:45:00+00:00,2026-09-04T05:00:00+00:00,29.72,0.5,0.51,0.505,0.01,200.0,823.92,95
2026-09-04T04:31:18.446512+00:00,btc-updown-5m-1788496200,5,4181315,7623286056111061162098288968902904435367723617439965867647665005649757098110,2026-09-04T04:30:00+00:00,2026-09-04T04:35:00+00:00,3.7,0.29,0.3,0.295,0.01,187.13,10.0,99
2026-09-04T04:31:18.446512+00:00,btc-updown-5m-1788496500,5,4181384,36913684777379593727103250509949014973231408087102283606733938163247154109960,2026-09-04T04:35:00+00:00,2026-09-04T04:40:00+00:00,8.7,0.47,0.48,0.475,0.01,231.13,111.18,99
2026-09-04T04:31:18.446512+00:00,btc-updown-15m-1788496200,15,4181313,47206913136970578264787757988604718061841243341450987015805033835988245538516,2026-09-04T04:30:00+00:00,2026-09-04T04:45:00+00:00,13.7,0.39,0.4,0.395,0.01,56.89,277.0,99
2026-09-04T04:31:18.446512+00:00,btc-updown-15m-1788497100,15,4182005,8766468816229459478629444831257037013059234608740388701059427129308494152543,2026-09-04T04:45:00+00:00,2026-09-04T05:00:00+00:00,28.7,0.5,0.51,0.505,0.01,200.0,1271.92,97
2026-09-04T04:32:19.337773+00:00,btc-updown-5m-1788496200,5,4181315,7623286056111061162098288968902904435367723617439965867647665005649757098110,2026-09-04T04:30:00+00:00,2026-09-04T04:35:00+00:00,2.68,0.06,0.07,0.065,0.01,76.29,347.73,99
2026-09-04T04:32:19.337773+00:00,btc-updown-5m-1788496500,5,4181384,36913684777379593727103250509949014973231408087102283606733938163247154109960,2026-09-04T04:35:00+00:00,2026-09-04T04:40:00+00:00,7.68,0.47,0.48,0.475,0.01,316.13,64.02,99
2026-09-04T04:32:19.337773+00:00,btc-updown-15m-1788496200,15,4181313,47206913136970578264787757988604718061841243341450987015805033835988245538516,2026-09-04T04:30:00+00:00,2026-09-04T04:45:00+00:00,12.68,0.25,0.26,0.255,0.01,125.0,210.19,99
2026-09-04T04:32:19.337773+00:00,btc-updown-15m-1788497100,15,4182005,8766468816229459478629444831257037013059234608740388701059427129308494152543,2026-09-04T04:45:00+00:00,2026-09-04T05:00:00+00:00,27.68,0.49,0.5,0.495,0.01,474.92,388.0,97
2026-09-04T04:33:20.222517+00:00,btc-updown-5m-1788496200,5,4181315,7623286056111061162098288968902904435367723617439965867647665005649757098110,2026-09-04T04:30:00+00:00,2026-09-04T04:35:00+00:00,1.67,0.04,0.05,0.045,0.01,59.85,194.0,99
2026-09-04T04:33:20.222517+00:00,btc-updown-5m-1788496500,5,4181384,36913684777379593727103250509949014973231408087102283606733938163247154109960,2026-09-04T04:35:00+00:00,2026-09-04T04:40:00+00:00,6.67,0.47,0.48,0.475,0.01,339.98,124.02,99
2026-09-04T04:33:20.222517+00:00,btc-updown-15m-1788496200,15,4181313,47206913136970578264787757988604718061841243341450987015805033835988245538516,2026-09-04T04:30:00+00:00,2026-09-04T04:45:00+00:00,11.67,0.3,0.31,0.305,0.01,40.0,159.0,99
2026-09-04T04:33:20.222517+00:00,btc-updown-15m-1788497100,15,4182005,8766468816229459478629444831257037013059234608740388701059427129308494152543,2026-09-04T04:45:00+00:00,2026-09-04T05:00:00+00:00,26.67,0.49,0.5,0.495,0.01,624.92,997.1,97
2026-09-04T04:34:21.115334+00:00,btc-updown-5m-1788496500,5,4181384,36913684777379593727103250509949014973231408087102283606733938163247154109960,2026-09-04T04:35:00+00:00,2026-09-04T04:40:00+00:00,5.65,0.47,0.48,0.475,0.01,357.13,30.6,99
2026-09-04T04:34:21.115334+00:00,btc-updown-15m-1788496200,15,4181313,47206913136970578264787757988604718061841243341450987015805033835988245538516,2026-09-04T04:30:00+00:00,2026-09-04T04:45:00+00:00,10.65,0.36,0.37,0.365,0.01,200.59,305.0,99
2026-09-04T04:34:21.115334+00:00,btc-updown-15m-1788497100,15,4182005,8766468816229459478629444831257037013059234608740388701059427129308494152543,2026-09-04T04:45:00+00:00,2026-09-04T05:00:00+00:00,25.65,0.49,0.5,0.495,0.01,420.84,997.1,97
2026-09-04T04:35:21.900486+00:00,btc-updown-5m-1788496500,5,4181384,36913684777379593727103250509949014973231408087102283606733938163247154109960,2026-09-04T04:35:00+00:00,2026-09-04T04:40:00+00:00,4.65,0.42,0.43,0.425,0.01,68.0,177.0,99
2026-09-04T04:35:21.900486+00:00,btc-updown-5m-1788496800,5,4181989,26124919815547142430860168631931743385938748117375189482178630472368313957416,2026-09-04T04:40:00+00:00,2026-09-04T04:45:00+00:00,9.65,0.49,0.5,0.495,0.01,827.89,565.91,99
2026-09-04T04:35:21.900486+00:00,btc-updown-15m-1788496200,15,4181313,47206913136970578264787757988604718061841243341450987015805033835988245538516,2026-09-04T04:30:00+00:00,2026-09-04T04:45:00+00:00,9.65,0.24,0.25,0.245,0.01,200.0,88.0,99
2026-09-04T04:35:21.900486+00:00,btc-updown-15m-1788497100,15,4182005,8766468816229459478629444831257037013059234608740388701059427129308494152543,2026-09-04T04:45:00+00:00,2026-09-04T05:00:00+00:00,24.65,0.49,0.5,0.495,0.01,450.84,825.1,97
2026-09-04T04:36:22.785500+00:00,btc-updown-5m-1788496500,5,4181384,36913684777379593727103250509949014973231408087102283606733938163247154109960,2026-09-04T04:35:00+00:00,2026-09-04T04:40:00+00:00,3.63,0.18,0.19,0.185,0.01,54.9,209.79,99
2026-09-04T04:36:22.785500+00:00,btc-updown-5m-1788496800,5,4181989,26124919815547142430860168631931743385938748117375189482178630472368313957416,2026-09-04T04:40:00+00:00,2026-09-04T04:45:00+00:00,8.63,0.49,0.5,0.495,0.01,743.0,820.91,99
2026-09-04T04:36:22.785500+00:00,btc-updown-15m-1788496200,15,4181313,47206913136970578264787757988604718061841243341450987015805033835988245538516,2026-09-04T04:30:00+00:00,2026-09-04T04:45:00+00:00,8.63,0.14,0.15,0.145,0.01,57.98,245.39,99
2026-09-04T04:36:22.785500+00:00,btc-updown-15m-1788497100,15,4182005,8766468816229459478629444831257037013059234608740388701059427129308494152543,2026-09-04T04:45:00+00:00,2026-09-04T05:00:00+00:00,23.63,0.49,0.5,0.495,0.01,450.84,823.1,97
2026-09-04T04:37:23.676076+00:00,btc-updown-5m-1788496500,5,4181384,36913684777379593727103250509949014973231408087102283606733938163247154109960,2026-09-04T04:35:00+00:00,2026-09-04T04:40:00+00:00,2.62,0.12,0.13,0.125,0.01,346.72,361.25,99
2026-09-04T04:37:23.676076+00:00,btc-updown-5m-1788496800,5,4181989,26124919815547142430860168631931743385938748117375189482178630472368313957416,2026-09-04T04:40:00+00:00,2026-09-04T04:45:00+00:00,7.62,0.49,0.5,0.495,0.01,705.34,799.89,99
2026-09-04T04:37:23.676076+00:00,btc-updown-15m-1788496200,15,4181313,47206913136970578264787757988604718061841243341450987015805033835988245538516,2026-09-04T04:30:00+00:00,2026-09-04T04:45:00+00:00,7.62,0.12,0.13,0.125,0.01,9.0,358.47,99
2026-09-04T04:37:23.676076+00:00,btc-updown-15m-1788497100,15,4182005,8766468816229459478629444831257037013059234608740388701059427129308494152543,2026-09-04T04:45:00+00:00,2026-09-04T05:00:00+00:00,22.62,0.49,0.5,0.495,0.01,500.84,623.1,97
2026-09-04T04:38:24.572895+00:00,btc-updown-5m-1788496800,5,4181989,26124919815547142430860168631931743385938748117375189482178630472368313957416,2026-09-04T04:40:00+00:00,2026-09-04T04:45:00+00:00,6.6,0.49,0.5,0.495,0.01,473.37,111.0,99
2026-09-04T04:38:24.572895+00:00,btc-updown-15m-1788496200,15,4181313,47206913136970578264787757988604718061841243341450987015805033835988245538516,2026-09-04T04:30:00+00:00,2026-09-04T04:45:00+00:00,6.6,0.04,0.05,0.045,0.01,297.5,258.38,99
2026-09-04T04:38:24.572895+00:00,btc-updown-15m-1788497100,15,4182005,8766468816229459478629444831257037013059234608740388701059427129308494152543,2026-09-04T04:45:00+00:00,2026-09-04T05:00:00+00:00,21.6,0.49,0.5,0.495,0.01,450.84,586.72,97
2026-09-04T04:39:25.371020+00:00,btc-updown-5m-1788496800,5,4181989,26124919815547142430860168631931743385938748117375189482178630472368313957416,2026-09-04T04:40:00+00:00,2026-09-04T04:45:00+00:00,5.58,0.47,0.48,0.475,0.01,30.15,77.0,99
2026-09-04T04:39:25.371020+00:00,btc-updown-15m-1788496200,15,4181313,47206913136970578264787757988604718061841243341450987015805033835988245538516,2026-09-04T04:30:00+00:00,2026-09-04T04:45:00+00:00,5.58,0.01,0.02,0.015,0.01,2946.84,317.07,99
2026-09-04T04:39:25.371020+00:00,btc-updown-15m-1788497100,15,4182005,8766468816229459478629444831257037013059234608740388701059427129308494152543,2026-09-04T04:45:00+00:00,2026-09-04T05:00:00+00:00,20.58,0.49,0.5,0.495,0.01,450.84,528.72,97
2026-09-04T04:40:26.162683+00:00,btc-updown-5m-1788496800,5,4181989,26124919815547142430860168631931743385938748117375189482178630472368313957416,2026-09-04T04:40:00+00:00,2026-09-04T04:45:00+00:00,4.57,0.37,0.38,0.375,0.01,607.3,12.0,98
2026-09-04T04:40:26.162683+00:00,btc-updown-5m-1788497100,5,4182012,78368913830614187025555143730592352089950337951172138048542980595018649633002,2026-09-04T04:45:00+00:00,2026-09-04T04:50:00+00:00,9.57,0.5,0.51,0.505,0.01,346.39,923.4,99
2026-09-04T04:40:26.162683+00:00,btc-updown-15m-1788497100,15,4182005,8766468816229459478629444831257037013059234608740388701059427129308494152543,2026-09-04T04:45:00+00:00,2026-09-04T05:00:00+00:00,19.57,0.49,0.5,0.495,0.01,250.84,278.72,97
2026-09-04T04:41:26.971095+00:00,btc-updown-5m-1788496800,5,4181989,26124919815547142430860168631931743385938748117375189482178630472368313957416,2026-09-04T04:40:00+00:00,2026-09-04T04:45:00+00:00,3.57,0.57,0.58,0.575,0.01,276.0,275.0,99
2026-09-04T04:41:26.971095+00:00,btc-updown-5m-1788497100,5,4182012,78368913830614187025555143730592352089950337951172138048542980595018649633002,2026-09-04T04:45:00+00:00,2026-09-04T04:50:00+00:00,8.57,0.5,0.51,0.505,0.01,350.25,846.44,99
2026-09-04T04:41:26.971095+00:00,btc-updown-15m-1788496200,15,4181313,47206913136970578264787757988604718061841243341450987015805033835988245538516,2026-09-04T04:30:00+00:00,2026-09-04T04:45:00+00:00,3.57,0.002,0.009,0.0055,0.007,538.0,388.88,115
2026-09-04T04:41:26.971095+00:00,btc-updown-15m-1788497100,15,4182005,8766468816229459478629444831257037013059234608740388701059427129308494152543,2026-09-04T04:45:00+00:00,2026-09-04T05:00:00+00:00,18.57,0.49,0.5,0.495,0.01,250.84,396.72,97
2026-09-04T04:42:27.873675+00:00,btc-updown-5m-1788496800,5,4181989,26124919815547142430860168631931743385938748117375189482178630472368313957416,2026-09-04T04:40:00+00:00,2026-09-04T04:45:00+00:00,2.55,0.83,0.85,0.84,0.02,174.19,7.06,98
2026-09-04T04:42:27.873675+00:00,btc-updown-5m-1788497100,5,4182012,78368913830614187025555143730592352089950337951172138048542980595018649633002,2026-09-04T04:45:00+00:00,2026-09-04T04:50:00+00:00,7.55,0.5,0.51,0.505,0.01,360.25,808.89,99
2026-09-04T04:42:27.873675+00:00,btc-updown-15m-1788496200,15,4181313,47206913136970578264787757988604718061841243341450987015805033835988245538516,2026-09-04T04:30:00+00:00,2026-09-04T04:45:00+00:00,2.55,0.002,0.008,0.005,0.006,477.89,50.0,111
2026-09-04T04:42:27.873675+00:00,btc-updown-15m-1788497100,15,4182005,8766468816229459478629444831257037013059234608740388701059427129308494152543,2026-09-04T04:45:00+00:00,2026-09-04T05:00:00+00:00,17.55,0.49,0.5,0.495,0.01,220.84,636.72,97
2026-09-04T04:43:28.791935+00:00,btc-updown-5m-1788496800,5,4181989,26124919815547142430860168631931743385938748117375189482178630472368313957416,2026-09-04T04:40:00+00:00,2026-09-04T04:45:00+00:00,1.53,0.23,0.24,0.235,0.01,124.91,377.09,99
2026-09-04T04:43:28.791935+00:00,btc-updown-5m-1788497100,5,4182012,78368913830614187025555143730592352089950337951172138048542980595018649633002,2026-09-04T04:45:00+00:00,2026-09-04T04:50:00+00:00,6.53,0.5,0.51,0.505,0.01,141.01,524.18,99
2026-09-04T04:43:28.791935+00:00,btc-updown-15m-1788497100,15,4182005,8766468816229459478629444831257037013059234608740388701059427129308494152543,2026-09-04T04:45:00+00:00,2026-09-04T05:00:00+00:00,16.53,0.49,0.5,0.495,0.01,250.84,408.92,97
2026-09-04T04:44:29.594318+00:00,btc-updown-5m-1788497100,5,4182012,78368913830614187025555143730592352089950337951172138048542980595018649633002,2026-09-04T04:45:00+00:00,2026-09-04T04:50:00+00:00,5.52,0.5,0.51,0.505,0.01,92.79,161.54,99
2026-09-04T04:44:29.594318+00:00,btc-updown-15m-1788497100,15,4182005,8766468816229459478629444831257037013059234608740388701059427129308494152543,2026-09-04T04:45:00+00:00,2026-09-04T05:00:00+00:00,15.52,0.49,0.5,0.495,0.01,74.65,332.73,92
2026-09-04T04:45:30.286921+00:00,btc-updown-5m-1788497100,5,4182012,78368913830614187025555143730592352089950337951172138048542980595018649633002,2026-09-04T04:45:00+00:00,2026-09-04T04:50:00+00:00,4.5,0.41,0.42,0.415,0.01,353.52,334.0,99
2026-09-04T04:45:30.286921+00:00,btc-updown-5m-1788497400,5,4182223,37804636856763292594401940628342391451210924220762421583752985294733035324796,2026-09-04T04:50:00+00:00,2026-09-04T04:55:00+00:00,9.5,0.49,0.5,0.495,0.01,834.65,506.86,99
2026-09-04T04:45:30.286921+00:00,btc-updown-15m-1788497100,15,4182005,8766468816229459478629444831257037013059234608740388701059427129308494152543,2026-09-04T04:45:00+00:00,2026-09-04T05:00:00+00:00,14.5,0.46,0.47,0.465,0.01,95.0,206.67,99
2026-09-04T04:45:30.286921+00:00,btc-updown-15m-1788498000,15,4182463,52884004195660106654996147728170762148166790711027099075408433768317096867032,2026-09-04T05:00:00+00:00,2026-09-04T05:15:00+00:00,29.5,0.5,0.51,0.505,0.01,275.0,674.92,99
2026-09-04T04:46:31.186178+00:00,btc-updown-5m-1788497100,5,4182012,78368913830614187025555143730592352089950337951172138048542980595018649633002,2026-09-04T04:45:00+00:00,2026-09-04T04:50:00+00:00,3.48,0.9,0.91,0.905,0.01,49.0,325.97,99
2026-09-04T04:46:31.186178+00:00,btc-updown-5m-1788497400,5,4182223,37804636856763292594401940628342391451210924220762421583752985294733035324796,2026-09-04T04:50:00+00:00,2026-09-04T04:55:00+00:00,8.48,0.49,0.5,0.495,0.01,770.39,516.86,99
2026-09-04T04:46:31.186178+00:00,btc-updown-15m-1788497100,15,4182005,8766468816229459478629444831257037013059234608740388701059427129308494152543,2026-09-04T04:45:00+00:00,2026-09-04T05:00:00+00:00,13.48,0.7,0.71,0.705,0.01,327.0,9.6,99
2026-09-04T04:46:31.186178+00:00,btc-updown-15m-1788498000,15,4182463,52884004195660106654996147728170762148166790711027099075408433768317096867032,2026-09-04T05:00:00+00:00,2026-09-04T05:15:00+00:00,28.48,0.5,0.51,0.505,0.01,248.96,1310.75,99
2026-09-04T04:47:32.077148+00:00,btc-updown-5m-1788497100,5,4182012,78368913830614187025555143730592352089950337951172138048542980595018649633002,2026-09-04T04:45:00+00:00,2026-09-04T04:50:00+00:00,2.47,0.98,0.99,0.985,0.01,812.0,9325.73,99
2026-09-04T04:47:32.077148+00:00,btc-updown-5m-1788497400,5,4182223,37804636856763292594401940628342391451210924220762421583752985294733035324796,2026-09-04T04:50:00+00:00,2026-09-04T04:55:00+00:00,7.47,0.49,0.5,0.495,0.01,800.08,474.86,99
2026-09-04T04:47:32.077148+00:00,btc-updown-15m-1788497100,15,4182005,8766468816229459478629444831257037013059234608740388701059427129308494152543,2026-09-04T04:45:00+00:00,2026-09-04T05:00:00+00:00,12.47,0.78,0.79,0.785,0.01,137.02,48.0,99
2026-09-04T04:47:32.077148+00:00,btc-updown-15m-1788498000,15,4182463,52884004195660106654996147728170762148166790711027099075408433768317096867032,2026-09-04T05:00:00+00:00,2026-09-04T05:15:00+00:00,27.47,0.5,0.51,0.505,0.01,248.96,1160.75,99
2026-09-04T04:48:33.005411+00:00,btc-updown-5m-1788497100,5,4182012,78368913830614187025555143730592352089950337951172138048542980595018649633002,2026-09-04T04:45:00+00:00,2026-09-04T04:50:00+00:00,1.45,0.93,0.94,0.935,0.01,423.33,232.69,99
2026-09-04T04:48:33.005411+00:00,btc-updown-5m-1788497400,5,4182223,37804636856763292594401940628342391451210924220762421583752985294733035324796,2026-09-04T04:50:00+00:00,2026-09-04T04:55:00+00:00,6.45,0.49,0.5,0.495,0.01,560.08,662.0,99
2026-09-04T04:48:33.005411+00:00,btc-updown-15m-1788497100,15,4182005,8766468816229459478629444831257037013059234608740388701059427129308494152543,2026-09-04T04:45:00+00:00,2026-09-04T05:00:00+00:00,11.45,0.62,0.63,0.625,0.01,115.0,85.0,99
2026-09-04T04:48:33.005411+00:00,btc-updown-15m-1788498000,15,4182463,52884004195660106654996147728170762148166790711027099075408433768317096867032,2026-09-04T05:00:00+00:00,2026-09-04T05:15:00+00:00,26.45,0.5,0.51,0.505,0.01,248.96,1160.75,99
2026-09-04T04:49:33.895538+00:00,btc-updown-5m-1788497400,5,4182223,37804636856763292594401940628342391451210924220762421583752985294733035324796,2026-09-04T04:50:00+00:00,2026-09-04T04:55:00+00:00,5.45,0.46,0.47,0.465,0.01,80.36,43.61,99
2026-09-04T04:49:33.895538+00:00,btc-updown-15m-1788497100,15,4182005,8766468816229459478629444831257037013059234608740388701059427129308494152543,2026-09-04T04:45:00+00:00,2026-09-04T05:00:00+00:00,10.45,0.56,0.57,0.565,0.01,247.17,70.0,99
2026-09-04T04:49:33.895538+00:00,btc-updown-15m-1788498000,15,4182463,52884004195660106654996147728170762148166790711027099075408433768317096867032,2026-09-04T05:00:00+00:00,2026-09-04T05:15:00+00:00,25.45,0.5,0.51,0.505,0.01,248.96,1030.75,99
2026-09-04T04:50:34.682848+00:00,btc-updown-5m-1788497400,5,4182223,37804636856763292594401940628342391451210924220762421583752985294733035324796,2026-09-04T04:50:00+00:00,2026-09-04T04:55:00+00:00,4.43,0.35,0.36,0.355,0.01,58.0,310.83,99
2026-09-04T04:50:34.682848+00:00,btc-updown-5m-1788497700,5,4182423,11767646960095439860279110516201212565930825669027512095121240826999694233939,2026-09-04T04:55:00+00:00,2026-09-04T05:00:00+00:00,9.43,0.49,0.5,0.495,0.01,837.11,532.59,99
2026-09-04T04:50:34.682848+00:00,btc-updown-15m-1788497100,15,4182005,8766468816229459478629444831257037013059234608740388701059427129308494152543,2026-09-04T04:45:00+00:00,2026-09-04T05:00:00+00:00,9.43,0.5,0.51,0.505,0.01,86.0,63.0,99
2026-09-04T04:50:34.682848+00:00,btc-updown-15m-1788498000,15,4182463,52884004195660106654996147728170762148166790711027099075408433768317096867032,2026-09-04T05:00:00+00:00,2026-09-04T05:15:00+00:00,24.43,0.5,0.51,0.505,0.01,248.96,859.08,99
2026-09-04T04:51:35.582785+00:00,btc-updown-5m-1788497400,5,4182223,37804636856763292594401940628342391451210924220762421583752985294733035324796,2026-09-04T04:50:00+00:00,2026-09-04T04:55:00+00:00,3.42,0.29,0.3,0.295,0.01,16.77,381.05,99
2026-09-04T04:51:35.582785+00:00,btc-updown-5m-1788497700,5,4182423,11767646960095439860279110516201212565930825669027512095121240826999694233939,2026-09-04T04:55:00+00:00,2026-09-04T05:00:00+00:00,8.42,0.49,0.5,0.495,0.01,756.0,567.59,99
2026-09-04T04:51:35.582785+00:00,btc-updown-15m-1788497100,15,4182005,8766468816229459478629444831257037013059234608740388701059427129308494152543,2026-09-04T04:45:00+00:00,2026-09-04T05:00:00+00:00,8.42,0.49,0.5,0.495,0.01,21.7,206.92,99
2026-09-04T04:51:35.582785+00:00,btc-updown-15m-1788498000,15,4182463,52884004195660106654996147728170762148166790711027099075408433768317096867032,2026-09-04T05:00:00+00:00,2026-09-04T05:15:00+00:00,23.42,0.5,0.51,0.505,0.01,248.96,819.08,99
2026-09-04T04:52:36.486853+00:00,btc-updown-5m-1788497400,5,4182223,37804636856763292594401940628342391451210924220762421583752985294733035324796,2026-09-04T04:50:00+00:00,2026-09-04T04:55:00+00:00,2.4,0.65,0.66,0.655,0.01,145.16,62.79,99
2026-09-04T04:52:36.486853+00:00,btc-updown-5m-1788497700,5,4182423,11767646960095439860279110516201212565930825669027512095121240826999694233939,2026-09-04T04:55:00+00:00,2026-09-04T05:00:00+00:00,7.4,0.49,0.5,0.495,0.01,752.07,573.59,99
2026-09-04T04:52:36.486853+00:00,btc-updown-15m-1788497100,15,4182005,8766468816229459478629444831257037013059234608740388701059427129308494152543,2026-09-04T04:45:00+00:00,2026-09-04T05:00:00+00:00,7.4,0.68,0.69,0.685,0.01,90.0,144.0,99
2026-09-04T04:52:36.486853+00:00,btc-updown-15m-1788498000,15,4182463,52884004195660106654996147728170762148166790711027099075408433768317096867032,2026-09-04T05:00:00+00:00,2026-09-04T05:15:00+00:00,22.4,0.5,0.51,0.505,0.01,248.96,1059.08,99
2026-09-04T04:53:37.372895+00:00,btc-updown-5m-1788497400,5,4182223,37804636856763292594401940628342391451210924220762421583752985294733035324796,2026-09-04T04:50:00+00:00,2026-09-04T04:55:00+00:00,1.38,0.94,0.95,0.945,0.01,115.0,152.11,99
2026-09-04T04:53:37.372895+00:00,btc-updown-5m-1788497700,5,4182423,11767646960095439860279110516201212565930825669027512095121240826999694233939,2026-09-04T04:55:00+00:00,2026-09-04T05:00:00+00:00,6.38,0.49,0.5,0.495,0.01,504.81,41.32,99
2026-09-04T04:53:37.372895+00:00,btc-updown-15m-1788497100,15,4182005,8766468816229459478629444831257037013059234608740388701059427129308494152543,2026-09-04T04:45:00+00:00,2026-09-04T05:00:00+00:00,6.38,0.82,0.83,0.825,0.01,24.19,447.0,99
2026-09-04T04:53:37.372895+00:00,btc-updown-15m-1788498000,15,4182463,52884004195660106654996147728170762148166790711027099075408433768317096867032,2026-09-04T05:00:00+00:00,2026-09-04T05:15:00+00:00,21.38,0.5,0.51,0.505,0.01,248.96,1239.08,99
2026-09-04T04:54:38.284335+00:00,btc-updown-5m-1788497700,5,4182423,11767646960095439860279110516201212565930825669027512095121240826999694233939,2026-09-04T04:55:00+00:00,2026-09-04T05:00:00+00:00,5.37,0.49,0.5,0.495,0.01,66.28,122.0,99
2026-09-04T04:54:38.284335+00:00,btc-updown-15m-1788497100,15,4182005,8766468816229459478629444831257037013059234608740388701059427129308494152543,2026-09-04T04:45:00+00:00,2026-09-04T05:00:00+00:00,5.37,0.74,0.75,0.745,0.01,13.55,128.4,99
2026-09-04T04:54:38.284335+00:00,btc-updown-15m-1788498000,15,4182463,52884004195660106654996147728170762148166790711027099075408433768317096867032,2026-09-04T05:00:00+00:00,2026-09-04T05:15:00+00:00,20.37,0.5,0.51,0.505,0.01,244.96,924.08,99
2026-09-04T04:55:39.077662+00:00,btc-updown-5m-1788497700,5,4182423,11767646960095439860279110516201212565930825669027512095121240826999694233939,2026-09-04T04:55:00+00:00,2026-09-04T05:00:00+00:00,4.35,0.84,0.85,0.845,0.01,232.69,233.33,99
2026-09-04T04:55:39.077662+00:00,btc-updown-5m-1788498000,5,4182462,63168243549269330308218585418774145180199227901832903611811581003927785035716,2026-09-04T05:00:00+00:00,2026-09-04T05:05:00+00:00,9.35,0.49,0.5,0.495,0.01,829.71,506.98,99
2026-09-04T04:55:39.077662+00:00,btc-updown-15m-1788497100,15,4182005,8766468816229459478629444831257037013059234608740388701059427129308494152543,2026-09-04T04:45:00+00:00,2026-09-04T05:00:00+00:00,4.35,0.95,0.96,0.955,0.01,255.0,193.96,99
2026-09-04T04:55:39.077662+00:00,btc-updown-15m-1788498000,15,4182463,52884004195660106654996147728170762148166790711027099075408433768317096867032,2026-09-04T05:00:00+00:00,2026-09-04T05:15:00+00:00,19.35,0.5,0.51,0.505,0.01,5.0,774.08,99
2026-09-04T04:56:39.974092+00:00,btc-updown-5m-1788497700,5,4182423,11767646960095439860279110516201212565930825669027512095121240826999694233939,2026-09-04T04:55:00+00:00,2026-09-04T05:00:00+00:00,3.35,0.68,0.69,0.685,0.01,470.4,126.8,98
2026-09-04T04:56:39.974092+00:00,btc-updown-5m-1788498000,5,4182462,63168243549269330308218585418774145180199227901832903611811581003927785035716,2026-09-04T05:00:00+00:00,2026-09-04T05:05:00+00:00,8.35,0.49,0.5,0.495,0.01,646.39,524.98,99
2026-09-04T04:56:39.974092+00:00,btc-updown-15m-1788497100,15,4182005,8766468816229459478629444831257037013059234608740388701059427129308494152543,2026-09-04T04:45:00+00:00,2026-09-04T05:00:00+00:00,3.35,0.89,0.9,0.895,0.01,119.0,10.0,99
2026-09-04T04:56:39.974092+00:00,btc-updown-15m-1788498000,15,4182463,52884004195660106654996147728170762148166790711027099075408433768317096867032,2026-09-04T05:00:00+00:00,2026-09-04T05:15:00+00:00,18.35,0.5,0.51,0.505,0.01,5.0,914.08,99
2026-09-04T04:57:40.871965+00:00,btc-updown-5m-1788497700,5,4182423,11767646960095439860279110516201212565930825669027512095121240826999694233939,2026-09-04T04:55:00+00:00,2026-09-04T05:00:00+00:00,2.33,0.75,0.76,0.755,0.01,95.08,279.87,99
2026-09-04T04:57:40.871965+00:00,btc-updown-5m-1788498000,5,4182462,63168243549269330308218585418774145180199227901832903611811581003927785035716,2026-09-04T05:00:00+00:00,2026-09-04T05:05:00+00:00,7.33,0.49,0.5,0.495,0.01,638.39,522.98,99
2026-09-04T04:57:40.871965+00:00,btc-updown-15m-1788497100,15,4182005,8766468816229459478629444831257037013059234608740388701059427129308494152543,2026-09-04T04:45:00+00:00,2026-09-04T05:00:00+00:00,2.33,0.92,0.93,0.925,0.01,80.0,99.99,99
2026-09-04T04:57:40.871965+00:00,btc-updown-15m-1788498000,15,4182463,52884004195660106654996147728170762148166790711027099075408433768317096867032,2026-09-04T05:00:00+00:00,2026-09-04T05:15:00+00:00,17.33,0.49,0.5,0.495,0.01,449.72,710.0,99
2026-09-04T04:58:41.779689+00:00,btc-updown-5m-1788497700,5,4182423,11767646960095439860279110516201212565930825669027512095121240826999694233939,2026-09-04T04:55:00+00:00,2026-09-04T05:00:00+00:00,1.32,0.36,0.37,0.365,0.01,133.0,175.57,99
2026-09-04T04:58:41.779689+00:00,btc-updown-5m-1788498000,5,4182462,63168243549269330308218585418774145180199227901832903611811581003927785035716,2026-09-04T05:00:00+00:00,2026-09-04T05:05:00+00:00,6.32,0.49,0.5,0.495,0.01,387.39,56.0,99
2026-09-04T04:58:41.779689+00:00,btc-updown-15m-1788497100,15,4182005,8766468816229459478629444831257037013059234608740388701059427129308494152543,2026-09-04T04:45:00+00:00,2026-09-04T05:00:00+00:00,1.32,0.94,0.95,0.945,0.01,107.0,100.0,99
2026-09-04T04:58:41.779689+00:00,btc-updown-15m-1788498000,15,4182463,52884004195660106654996147728170762148166790711027099075408433768317096867032,2026-09-04T05:00:00+00:00,2026-09-04T05:15:00+00:00,16.32,0.49,0.5,0.495,0.01,449.72,590.0,99
2026-09-04T04:59:42.680549+00:00,btc-updown-5m-1788498000,5,4182462,63168243549269330308218585418774145180199227901832903611811581003927785035716,2026-09-04T05:00:00+00:00,2026-09-04T05:05:00+00:00,5.3,0.5,0.51,0.505,0.01,228.0,164.36,99
2026-09-04T04:59:42.680549+00:00,btc-updown-15m-1788498000,15,4182463,52884004195660106654996147728170762148166790711027099075408433768317096867032,2026-09-04T05:00:00+00:00,2026-09-04T05:15:00+00:00,15.3,0.48,0.49,0.485,0.01,377.33,256.08,91
2026-09-04T05:00:43.363389+00:00,btc-updown-5m-1788498000,5,4182462,63168243549269330308218585418774145180199227901832903611811581003927785035716,2026-09-04T05:00:00+00:00,2026-09-04T05:05:00+00:00,4.28,0.12,0.13,0.125,0.01,338.83,113.48,99
2026-09-04T05:00:43.363389+00:00,btc-updown-5m-1788498300,5,4182474,38621407540782280187417072337306489418057247753168898798062981914137345457179,2026-09-04T05:05:00+00:00,2026-09-04T05:10:00+00:00,9.28,0.49,0.5,0.495,0.01,739.0,509.82,99
2026-09-04T05:00:43.363389+00:00,btc-updown-15m-1788498000,15,4182463,52884004195660106654996147728170762148166790711027099075408433768317096867032,2026-09-04T05:00:00+00:00,2026-09-04T05:15:00+00:00,14.28,0.24,0.25,0.245,0.01,215.78,20.0,99
2026-09-04T05:00:43.363389+00:00,btc-updown-15m-1788498900,15,4182667,111352951563263485694735225161620158564184651896302312658672215354117433032730,2026-09-04T05:15:00+00:00,2026-09-04T05:30:00+00:00,29.28,0.5,0.51,0.505,0.01,285.34,677.65,95
2026-09-04T05:01:44.266028+00:00,btc-updown-5m-1788498000,5,4182462,63168243549269330308218585418774145180199227901832903611811581003927785035716,2026-09-04T05:00:00+00:00,2026-09-04T05:05:00+00:00,3.27,0.08,0.09,0.085,0.01,129.86,110.93,99
2026-09-04T05:01:44.266028+00:00,btc-updown-5m-1788498300,5,4182474,38621407540782280187417072337306489418057247753168898798062981914137345457179,2026-09-04T05:05:00+00:00,2026-09-04T05:10:00+00:00,8.27,0.49,0.5,0.495,0.01,778.74,509.82,99
2026-09-04T05:01:44.266028+00:00,btc-updown-15m-1788498000,15,4182463,52884004195660106654996147728170762148166790711027099075408433768317096867032,2026-09-04T05:00:00+00:00,2026-09-04T05:15:00+00:00,13.27,0.25,0.26,0.255,0.01,181.03,90.0,99
2026-09-04T05:01:44.266028+00:00,btc-updown-15m-1788498900,15,4182667,111352951563263485694735225161620158564184651896302312658672215354117433032730,2026-09-04T05:15:00+00:00,2026-09-04T05:30:00+00:00,28.27,0.5,0.51,0.505,0.01,358.0,677.65,95
2026-09-04T05:02:45.159064+00:00,btc-updown-5m-1788498000,5,4182462,63168243549269330308218585418774145180199227901832903611811581003927785035716,2026-09-04T05:00:00+00:00,2026-09-04T05:05:00+00:00,2.25,0.18,0.19,0.185,0.01,289.99,50.0,99
2026-09-04T05:02:45.159064+00:00,btc-updown-5m-1788498300,5,4182474,38621407540782280187417072337306489418057247753168898798062981914137345457179,2026-09-04T05:05:00+00:00,2026-09-04T05:10:00+00:00,7.25,0.49,0.5,0.495,0.01,719.16,503.82,99
2026-09-04T05:02:45.159064+00:00,btc-updown-15m-1788498000,15,4182463,52884004195660106654996147728170762148166790711027099075408433768317096867032,2026-09-04T05:00:00+00:00,2026-09-04T05:15:00+00:00,12.25,0.39,0.4,0.395,0.01,5.0,87.42,99
2026-09-04T05:02:45.159064+00:00,btc-updown-15m-1788498900,15,4182667,111352951563263485694735225161620158564184651896302312658672215354117433032730,2026-09-04T05:15:00+00:00,2026-09-04T05:30:00+00:00,27.25,0.5,0.51,0.505,0.01,420.0,677.65,95
2026-09-04T05:03:46.074199+00:00,btc-updown-5m-1788498000,5,4182462,63168243549269330308218585418774145180199227901832903611811581003927785035716,2026-09-04T05:00:00+00:00,2026-09-04T05:05:00+00:00,1.23,0.01,0.02,0.015,0.01,1861.74,1726.54,99
2026-09-04T05:03:46.074199+00:00,btc-updown-5m-1788498300,5,4182474,38621407540782280187417072337306489418057247753168898798062981914137345457179,2026-09-04T05:05:00+00:00,2026-09-04T05:10:00+00:00,6.23,0.5,0.51,0.505,0.01,319.0,596.74,99
2026-09-04T05:03:46.074199+00:00,btc-updown-15m-1788498000,15,4182463,52884004195660106654996147728170762148166790711027099075408433768317096867032,2026-09-04T05:00:00+00:00,2026-09-04T05:15:00+00:00,11.23,0.3,0.31,0.305,0.01,20.97,249.91,99
2026-09-04T05:03:46.074199+00:00,btc-updown-15m-1788498900,15,4182667,111352951563263485694735225161620158564184651896302312658672215354117433032730,2026-09-04T05:15:00+00:00,2026-09-04T05:30:00+00:00,26.23,0.5,0.51,0.505,0.01,420.0,777.65,95
2026-09-04T05:04:46.964164+00:00,btc-updown-5m-1788498300,5,4182474,38621407540782280187417072337306489418057247753168898798062981914137345457179,2026-09-04T05:05:00+00:00,2026-09-04T05:10:00+00:00,5.23,0.51,0.52,0.515,0.01,43.74,12.35,98
2026-09-04T05:04:46.964164+00:00,btc-updown-15m-1788498000,15,4182463,52884004195660106654996147728170762148166790711027099075408433768317096867032,2026-09-04T05:00:00+00:00,2026-09-04T05:15:00+00:00,10.23,0.27,0.28,0.275,0.01,106.52,155.0,99
2026-09-04T05:04:46.964164+00:00,btc-updown-15m-1788498900,15,4182667,111352951563263485694735225161620158564184651896302312658672215354117433032730,2026-09-04T05:15:00+00:00,2026-09-04T05:30:00+00:00,25.23,0.5,0.51,0.505,0.01,470.0,677.65,95
2026-09-04T05:05:47.759237+00:00,btc-updown-5m-1788498300,5,4182474,38621407540782280187417072337306489418057247753168898798062981914137345457179,2026-09-04T05:05:00+00:00,2026-09-04T05:10:00+00:00,4.22,0.56,0.57,0.565,0.01,71.33,157.68,99
2026-09-04T05:05:47.759237+00:00,btc-updown-5m-1788498600,5,4182501,56351578152972289045729264083257383441754091219476091635407489159688562757050,2026-09-04T05:10:00+00:00,2026-09-04T05:15:00+00:00,9.22,0.5,0.51,0.505,0.01,947.87,839.54,99
2026-09-04T05:05:47.759237+00:00,btc-updown-15m-1788498000,15,4182463,52884004195660106654996147728170762148166790711027099075408433768317096867032,2026-09-04T05:00:00+00:00,2026-09-04T05:15:00+00:00,9.22,0.29,0.3,0.295,0.01,84.0,230.95,99
2026-09-04T05:05:47.759237+00:00,btc-updown-15m-1788498900,15,4182667,111352951563263485694735225161620158564184651896302312658672215354117433032730,2026-09-04T05:15:00+00:00,2026-09-04T05:30:00+00:00,24.22,0.5,0.51,0.505,0.01,510.0,805.68,95
2026-09-04T05:06:48.657282+00:00,btc-updown-5m-1788498300,5,4182474,38621407540782280187417072337306489418057247753168898798062981914137345457179,2026-09-04T05:05:00+00:00,2026-09-04T05:10:00+00:00,3.2,0.56,0.57,0.565,0.01,604.59,85.0,99
2026-09-04T05:06:48.657282+00:00,btc-updown-5m-1788498600,5,4182501,56351578152972289045729264083257383441754091219476091635407489159688562757050,2026-09-04T05:10:00+00:00,2026-09-04T05:15:00+00:00,8.2,0.5,0.51,0.505,0.01,947.87,844.54,99
2026-09-04T05:06:48.657282+00:00,btc-updown-15m-1788498000,15,4182463,52884004195660106654996147728170762148166790711027099075408433768317096867032,2026-09-04T05:00:00+00:00,2026-09-04T05:15:00+00:00,8.2,0.26,0.27,0.265,0.01,160.0,247.0,99
2026-09-04T05:06:48.657282+00:00,btc-updown-15m-1788498900,15,4182667,111352951563263485694735225161620158564184651896302312658672215354117433032730,2026-09-04T05:15:00+00:00,2026-09-04T05:30:00+00:00,23.2,0.5,0.51,0.505,0.01,270.0,705.68,95
2026-09-04T05:07:49.552560+00:00,btc-updown-5m-1788498300,5,4182474,38621407540782280187417072337306489418057247753168898798062981914137345457179,2026-09-04T05:05:00+00:00,2026-09-04T05:10:00+00:00,2.18,0.74,0.77,0.755,0.03,57.87,92.4,94
2026-09-04T05:07:49.552560+00:00,btc-updown-5m-1788498600,5,4182501,56351578152972289045729264083257383441754091219476091635407489159688562757050,2026-09-04T05:10:00+00:00,2026-09-04T05:15:00+00:00,7.18,0.5,0.51,0.505,0.01,942.87,1049.54,99
2026-09-04T05:07:49.552560+00:00,btc-updown-15m-1788498000,15,4182463,52884004195660106654996147728170762148166790711027099075408433768317096867032,2026-09-04T05:00:00+00:00,2026-09-04T05:15:00+00:00,7.18,0.31,0.32,0.315,0.01,75.0,56.0,99
2026-09-04T05:07:49.552560+00:00,btc-updown-15m-1788498900,15,4182667,111352951563263485694735225161620158564184651896302312658672215354117433032730,2026-09-04T05:15:00+00:00,2026-09-04T05:30:00+00:00,22.18,0.5,0.51,0.505,0.01,470.0,805.68,95
2026-09-04T05:08:50.457998+00:00,btc-updown-5m-1788498600,5,4182501,56351578152972289045729264083257383441754091219476091635407489159688562757050,2026-09-04T05:10:00+00:00,2026-09-04T05:15:00+00:00,6.17,0.5,0.51,0.505,0.01,87.87,733.45,99
2026-09-04T05:08:50.457998+00:00,btc-updown-15m-1788498000,15,4182463,52884004195660106654996147728170762148166790711027099075408433768317096867032,2026-09-04T05:00:00+00:00,2026-09-04T05:15:00+00:00,6.17,0.53,0.54,0.535,0.01,108.0,30.0,99
2026-09-04T05:08:50.457998+00:00,btc-updown-15m-1788498900,15,4182667,111352951563263485694735225161620158564184651896302312658672215354117433032730,2026-09-04T05:15:00+00:00,2026-09-04T05:30:00+00:00,21.17,0.5,0.51,0.505,0.01,250.0,1145.68,95
2026-09-04T05:09:51.249401+00:00,btc-updown-5m-1788498600,5,4182501,56351578152972289045729264083257383441754091219476091635407489159688562757050,2026-09-04T05:10:00+00:00,2026-09-04T05:15:00+00:00,5.15,0.41,0.43,0.42,0.02,10.0,62.52,98
2026-09-04T05:09:51.249401+00:00,btc-updown-15m-1788498000,15,4182463,52884004195660106654996147728170762148166790711027099075408433768317096867032,2026-09-04T05:00:00+00:00,2026-09-04T05:15:00+00:00,5.15,0.42,0.43,0.425,0.01,55.0,55.0,99
2026-09-04T05:09:51.249401+00:00,btc-updown-15m-1788498900,15,4182667,111352951563263485694735225161620158564184651896302312658672215354117433032730,2026-09-04T05:15:00+00:00,2026-09-04T05:30:00+00:00,20.15,0.5,0.51,0.505,0.01,250.0,1025.68,95
2026-09-04T05:10:52.044599+00:00,btc-updown-5m-1788498600,5,4182501,56351578152972289045729264083257383441754091219476091635407489159688562757050,2026-09-04T05:10:00+00:00,2026-09-04T05:15:00+00:00,4.13,0.44,0.45,0.445,0.01,340.17,188.0,99
2026-09-04T05:10:52.044599+00:00,btc-updown-5m-1788498900,5,4182674,27939350102144083057201711861884215760887620596802217644743671022700001617083,2026-09-04T05:15:00+00:00,2026-09-04T05:20:00+00:00,9.13,0.5,0.51,0.505,0.01,51.0,854.66,99
2026-09-04T05:10:52.044599+00:00,btc-updown-15m-1788498000,15,4182463,52884004195660106654996147728170762148166790711027099075408433768317096867032,2026-09-04T05:00:00+00:00,2026-09-04T05:15:00+00:00,4.13,0.38,0.39,0.385,0.01,110.0,30.0,99
2026-09-04T05:10:52.044599+00:00,btc-updown-15m-1788498900,15,4182667,111352951563263485694735225161620158564184651896302312658672215354117433032730,2026-09-04T05:15:00+00:00,2026-09-04T05:30:00+00:00,19.13,0.5,0.51,0.505,0.01,50.0,825.68,95
2026-09-04T05:11:52.943346+00:00,btc-updown-5m-1788498600,5,4182501,56351578152972289045729264083257383441754091219476091635407489159688562757050,2026-09-04T05:10:00+00:00,2026-09-04T05:15:00+00:00,3.13,0.14,0.15,0.145,0.01,33.76,214.53,99
2026-09-04T05:11:52.943346+00:00,btc-updown-5m-1788498900,5,4182674,27939350102144083057201711861884215760887620596802217644743671022700001617083,2026-09-04T05:15:00+00:00,2026-09-04T05:20:00+00:00,8.13,0.5,0.51,0.505,0.01,230.0,797.66,99
2026-09-04T05:11:52.943346+00:00,btc-updown-15m-1788498000,15,4182463,52884004195660106654996147728170762148166790711027099075408433768317096867032,2026-09-04T05:00:00+00:00,2026-09-04T05:15:00+00:00,3.13,0.08,0.09,0.085,0.01,637.0,5.0,99
2026-09-04T05:11:52.943346+00:00,btc-updown-15m-1788498900,15,4182667,111352951563263485694735225161620158564184651896302312658672215354117433032730,2026-09-04T05:15:00+00:00,2026-09-04T05:30:00+00:00,18.13,0.5,0.51,0.505,0.01,70.0,855.68,95
2026-09-04T05:12:53.878791+00:00,btc-updown-5m-1788498600,5,4182501,56351578152972289045729264083257383441754091219476091635407489159688562757050,2026-09-04T05:10:00+00:00,2026-09-04T05:15:00+00:00,2.12,0.09,0.1,0.095,0.01,57.8,293.58,99
2026-09-04T05:12:53.878791+00:00,btc-updown-5m-1788498900,5,4182674,27939350102144083057201711861884215760887620596802217644743671022700001617083,2026-09-04T05:15:00+00:00,2026-09-04T05:20:00+00:00,7.12,0.5,0.51,0.505,0.01,35.0,962.66,99
2026-09-04T05:12:53.878791+00:00,btc-updown-15m-1788498000,15,4182463,52884004195660106654996147728170762148166790711027099075408433768317096867032,2026-09-04T05:00:00+00:00,2026-09-04T05:15:00+00:00,2.12,0.07,0.08,0.075,0.01,105.0,5.0,99
2026-09-04T05:12:53.878791+00:00,btc-updown-15m-1788498900,15,4182667,111352951563263485694735225161620158564184651896302312658672215354117433032730,2026-09-04T05:15:00+00:00,2026-09-04T05:30:00+00:00,17.12,0.5,0.51,0.505,0.01,210.0,678.7,94
2026-09-04T05:13:54.765530+00:00,btc-updown-5m-1788498900,5,4182674,27939350102144083057201711861884215760887620596802217644743671022700001617083,2026-09-04T05:15:00+00:00,2026-09-04T05:20:00+00:00,6.1,0.51,0.52,0.515,0.01,34.78,315.15,99
2026-09-04T05:13:54.765530+00:00,btc-updown-15m-1788498900,15,4182667,111352951563263485694735225161620158564184651896302312658672215354117433032730,2026-09-04T05:15:00+00:00,2026-09-04T05:30:00+00:00,16.1,0.5,0.51,0.505,0.01,200.0,608.89,95
2026-09-04T05:14:55.477282+00:00,btc-updown-5m-1788498900,5,4182674,27939350102144083057201711861884215760887620596802217644743671022700001617083,2026-09-04T05:15:00+00:00,2026-09-04T05:20:00+00:00,5.08,0.49,0.5,0.495,0.01,30.0,3292.75,98
2026-09-04T05:14:55.477282+00:00,btc-updown-15m-1788498900,15,4182667,111352951563263485694735225161620158564184651896302312658672215354117433032730,2026-09-04T05:15:00+00:00,2026-09-04T05:30:00+00:00,15.08,0.49,0.5,0.495,0.01,724.45,16.76,93
2026-09-04T05:15:56.158998+00:00,btc-updown-5m-1788498900,5,4182674,27939350102144083057201711861884215760887620596802217644743671022700001617083,2026-09-04T05:15:00+00:00,2026-09-04T05:20:00+00:00,4.07,0.49,0.5,0.495,0.01,309.07,3184.75,99
2026-09-04T05:15:56.158998+00:00,btc-updown-5m-1788499200,5,4182683,28728940613562694221509662018760121764364366778002295306163287525737118146842,2026-09-04T05:20:00+00:00,2026-09-04T05:25:00+00:00,9.07,0.5,0.51,0.505,0.01,903.0,612.03,95
2026-09-04T05:15:56.158998+00:00,btc-updown-15m-1788498900,15,4182667,111352951563263485694735225161620158564184651896302312658672215354117433032730,2026-09-04T05:15:00+00:00,2026-09-04T05:30:00+00:00,14.07,0.49,0.5,0.495,0.01,137.0,157.0,99
2026-09-04T05:15:56.158998+00:00,btc-updown-15m-1788499800,15,4182700,34633515895253020310933739390788730590286913175657534129859049615428570626168,2026-09-04T05:30:00+00:00,2026-09-04T05:45:00+00:00,29.07,0.5,0.51,0.505,0.01,316.0,774.46,95
2026-09-04T05:16:57.055769+00:00,btc-updown-5m-1788498900,5,4182674,27939350102144083057201711861884215760887620596802217644743671022700001617083,2026-09-04T05:15:00+00:00,2026-09-04T05:20:00+00:00,3.05,0.26,0.27,0.265,0.01,26.48,365.22,99
2026-09-04T05:16:57.055769+00:00,btc-updown-5m-1788499200,5,4182683,28728940613562694221509662018760121764364366778002295306163287525737118146842,2026-09-04T05:20:00+00:00,2026-09-04T05:25:00+00:00,8.05,0.5,0.51,0.505,0.01,908.0,617.03,95
2026-09-04T05:16:57.055769+00:00,btc-updown-15m-1788498900,15,4182667,111352951563263485694735225161620158564184651896302312658672215354117433032730,2026-09-04T05:15:00+00:00,2026-09-04T05:30:00+00:00,13.05,0.37,0.38,0.375,0.01,488.13,80.2,99
2026-09-04T05:16:57.055769+00:00,btc-updown-15m-1788499800,15,4182700,34633515895253020310933739390788730590286913175657534129859049615428570626168,2026-09-04T05:30:00+00:00,2026-09-04T05:45:00+00:00,28.05,0.5,0.51,0.505,0.01,509.96,775.12,95
2026-09-04T05:17:57.985317+00:00,btc-updown-5m-1788498900,5,4182674,27939350102144083057201711861884215760887620596802217644743671022700001617083,2026-09-04T05:15:00+00:00,2026-09-04T05:20:00+00:00,2.05,0.9,0.91,0.905,0.01,95.73,105.9,99
2026-09-04T05:17:57.985317+00:00,btc-updown-5m-1788499200,5,4182683,28728940613562694221509662018760121764364366778002295306163287525737118146842,2026-09-04T05:20:00+00:00,2026-09-04T05:25:00+00:00,7.05,0.5,0.51,0.505,0.01,900.0,780.3,99
2026-09-04T05:17:57.985317+00:00,btc-updown-15m-1788498900,15,4182667,111352951563263485694735225161620158564184651896302312658672215354117433032730,2026-09-04T05:15:00+00:00,2026-09-04T05:30:00+00:00,12.05,0.66,0.67,0.665,0.01,136.0,126.0,99
2026-09-04T05:17:57.985317+00:00,btc-updown-15m-1788499800,15,4182700,34633515895253020310933739390788730590286913175657534129859049615428570626168,2026-09-04T05:30:00+00:00,2026-09-04T05:45:00+00:00,27.05,0.5,0.51,0.505,0.01,456.0,975.12,95
2026-09-04T05:18:58.879775+00:00,btc-updown-5m-1788499200,5,4182683,28728940613562694221509662018760121764364366778002295306163287525737118146842,2026-09-04T05:20:00+00:00,2026-09-04T05:25:00+00:00,6.03,0.5,0.51,0.505,0.01,17.26,87.13,99
2026-09-04T05:18:58.879775+00:00,btc-updown-15m-1788498900,15,4182667,111352951563263485694735225161620158564184651896302312658672215354117433032730,2026-09-04T05:15:00+00:00,2026-09-04T05:30:00+00:00,11.03,0.79,0.8,0.795,0.01,223.83,10.0,99
2026-09-04T05:18:58.879775+00:00,btc-updown-15m-1788499800,15,4182700,34633515895253020310933739390788730590286913175657534129859049615428570626168,2026-09-04T05:30:00+00:00,2026-09-04T05:45:00+00:00,26.03,0.5,0.51,0.505,0.01,456.0,861.04,95
2026-09-04T05:19:59.665222+00:00,btc-updown-5m-1788499200,5,4182683,28728940613562694221509662018760121764364366778002295306163287525737118146842,2026-09-04T05:20:00+00:00,2026-09-04T05:25:00+00:00,5.02,0.49,0.63,0.56,0.14,3.22,30.0,72
2026-09-04T05:19:59.665222+00:00,btc-updown-15m-1788498900,15,4182667,111352951563263485694735225161620158564184651896302312658672215354117433032730,2026-09-04T05:15:00+00:00,2026-09-04T05:30:00+00:00,10.02,0.84,0.85,0.845,0.01,80.0,85.86,99
2026-09-04T05:19:59.665222+00:00,btc-updown-15m-1788499800,15,4182700,34633515895253020310933739390788730590286913175657534129859049615428570626168,2026-09-04T05:30:00+00:00,2026-09-04T05:45:00+00:00,25.02,0.5,0.51,0.505,0.01,406.0,895.12,95
2026-09-04T05:21:00.470009+00:00,btc-updown-5m-1788499200,5,4182683,28728940613562694221509662018760121764364366778002295306163287525737118146842,2026-09-04T05:20:00+00:00,2026-09-04T05:25:00+00:00,4.0,0.13,0.14,0.135,0.01,72.64,364.18,99
2026-09-04T05:21:00.470009+00:00,btc-updown-5m-1788499500,5,4182691,2134934224922113138316556248328015400428509622659418239555398122363250633602,2026-09-04T05:25:00+00:00,2026-09-04T05:30:00+00:00,9.0,0.49,0.5,0.495,0.01,745.12,597.37,99
2026-09-04T05:21:00.470009+00:00,btc-updown-15m-1788498900,15,4182667,111352951563263485694735225161620158564184651896302312658672215354117433032730,2026-09-04T05:15:00+00:00,2026-09-04T05:30:00+00:00,9.0,0.65,0.66,0.655,0.01,97.38,135.0,99
2026-09-04T05:21:00.470009+00:00,btc-updown-15m-1788499800,15,4182700,34633515895253020310933739390788730590286913175657534129859049615428570626168,2026-09-04T05:30:00+00:00,2026-09-04T05:45:00+00:00,24.0,0.5,0.51,0.505,0.01,256.0,759.23,95
2026-09-04T05:22:01.370582+00:00,btc-updown-5m-1788499200,5,4182683,28728940613562694221509662018760121764364366778002295306163287525737118146842,2026-09-04T05:20:00+00:00,2026-09-04T05:25:00+00:00,2.98,0.12,0.13,0.125,0.01,47.51,149.91,99
2026-09-04T05:22:01.370582+00:00,btc-updown-5m-1788499500,5,4182691,2134934224922113138316556248328015400428509622659418239555398122363250633602,2026-09-04T05:25:00+00:00,2026-09-04T05:30:00+00:00,7.98,0.49,0.5,0.495,0.01,752.12,565.37,99
2026-09-04T05:22:01.370582+00:00,btc-updown-15m-1788498900,15,4182667,111352951563263485694735225161620158564184651896302312658672215354117433032730,2026-09-04T05:15:00+00:00,2026-09-04T05:30:00+00:00,7.98,0.74,0.75,0.745,0.01,5.0,168.9,99
2026-09-04T05:22:01.370582+00:00,btc-updown-15m-1788499800,15,4182700,34633515895253020310933739390788730590286913175657534129859049615428570626168,2026-09-04T05:30:00+00:00,2026-09-04T05:45:00+00:00,22.98,0.5,0.51,0.505,0.01,256.0,759.23,95
2026-09-04T05:23:02.305641+00:00,btc-updown-5m-1788499200,5,4182683,28728940613562694221509662018760121764364366778002295306163287525737118146842,2026-09-04T05:20:00+00:00,2026-09-04T05:25:00+00:00,1.97,0.18,0.19,0.185,0.01,198.08,938.85,99
2026-09-04T05:23:02.305641+00:00,btc-updown-5m-1788499500,5,4182691,2134934224922113138316556248328015400428509622659418239555398122363250633602,2026-09-04T05:25:00+00:00,2026-09-04T05:30:00+00:00,6.97,0.49,0.5,0.495,0.01,400.45,62.0,99
2026-09-04T05:23:02.305641+00:00,btc-updown-15m-1788498900,15,4182667,111352951563263485694735225161620158564184651896302312658672215354117433032730,2026-09-04T05:15:00+00:00,2026-09-04T05:30:00+00:00,6.97,0.84,0.85,0.845,0.01,134.99,108.0,99
2026-09-04T05:23:02.305641+00:00,btc-updown-15m-1788499800,15,4182700,34633515895253020310933739390788730590286913175657534129859049615428570626168,2026-09-04T05:30:00+00:00,2026-09-04T05:45:00+00:00,21.97,0.5,0.51,0.505,0.01,256.0,630.12,95
2026-09-04T05:24:03.194193+00:00,btc-updown-5m-1788499200,5,4182683,28728940613562694221509662018760121764364366778002295306163287525737118146842,2026-09-04T05:20:00+00:00,2026-09-04T05:25:00+00:00,0.95,0.06,0.07,0.065,0.01,140.86,233.0,99
2026-09-04T05:24:03.194193+00:00,btc-updown-5m-1788499500,5,4182691,2134934224922113138316556248328015400428509622659418239555398122363250633602,2026-09-04T05:25:00+00:00,2026-09-04T05:30:00+00:00,5.95,0.49,0.5,0.495,0.01,123.45,23.64,99
2026-09-04T05:24:03.194193+00:00,btc-updown-15m-1788498900,15,4182667,111352951563263485694735225161620158564184651896302312658672215354117433032730,2026-09-04T05:15:00+00:00,2026-09-04T05:30:00+00:00,5.95,0.88,0.89,0.885,0.01,135.66,3738.4,99
2026-09-04T05:24:03.194193+00:00,btc-updown-15m-1788499800,15,4182700,34633515895253020310933739390788730590286913175657534129859049615428570626168,2026-09-04T05:30:00+00:00,2026-09-04T05:45:00+00:00,20.95,0.51,0.52,0.515,0.01,50.0,731.71,95
2026-09-04T05:25:04.079888+00:00,btc-updown-5m-1788499500,5,4182691,2134934224922113138316556248328015400428509622659418239555398122363250633602,2026-09-04T05:25:00+00:00,2026-09-04T05:30:00+00:00,4.93,0.63,0.64,0.635,0.01,325.11,80.18,99
2026-09-04T05:25:04.079888+00:00,btc-updown-5m-1788499800,5,4182709,95777450108461574967546891058666105401912993406074808059215202711341614271951,2026-09-04T05:30:00+00:00,2026-09-04T05:35:00+00:00,9.93,0.49,0.5,0.495,0.01,598.79,499.43,99
2026-09-04T05:25:04.079888+00:00,btc-updown-15m-1788498900,15,4182667,111352951563263485694735225161620158564184651896302312658672215354117433032730,2026-09-04T05:15:00+00:00,2026-09-04T05:30:00+00:00,4.93,0.96,0.97,0.965,0.01,46.17,222.55,99
2026-09-04T05:25:04.079888+00:00,btc-updown-15m-1788499800,15,4182700,34633515895253020310933739390788730590286913175657534129859049615428570626168,2026-09-04T05:30:00+00:00,2026-09-04T05:45:00+00:00,19.93,0.5,0.51,0.505,0.01,1.0,549.16,95
2026-09-04T05:26:04.973880+00:00,btc-updown-5m-1788499500,5,4182691,2134934224922113138316556248328015400428509622659418239555398122363250633602,2026-09-04T05:25:00+00:00,2026-09-04T05:30:00+00:00,3.93,0.32,0.33,0.325,0.01,33.74,437.35,99
2026-09-04T05:26:04.973880+00:00,btc-updown-5m-1788499800,5,4182709,95777450108461574967546891058666105401912993406074808059215202711341614271951,2026-09-04T05:30:00+00:00,2026-09-04T05:35:00+00:00,8.93,0.49,0.5,0.495,0.01,746.12,539.43,99
2026-09-04T05:26:04.973880+00:00,btc-updown-15m-1788498900,15,4182667,111352951563263485694735225161620158564184651896302312658672215354117433032730,2026-09-04T05:15:00+00:00,2026-09-04T05:30:00+00:00,3.93,0.89,0.9,0.895,0.01,115.0,2219.04,99
2026-09-04T05:26:04.973880+00:00,btc-updown-15m-1788499800,15,4182700,34633515895253020310933739390788730590286913175657534129859049615428570626168,2026-09-04T05:30:00+00:00,2026-09-04T05:45:00+00:00,18.93,0.5,0.51,0.505,0.01,1.0,362.28,95
2026-09-04T05:27:05.964854+00:00,btc-updown-5m-1788499500,5,4182691,2134934224922113138316556248328015400428509622659418239555398122363250633602,2026-09-04T05:25:00+00:00,2026-09-04T05:30:00+00:00,2.92,0.42,0.43,0.425,0.01,100.0,359.59,99
2026-09-04T05:27:05.964854+00:00,btc-updown-5m-1788499800,5,4182709,95777450108461574967546891058666105401912993406074808059215202711341614271951,2026-09-04T05:30:00+00:00,2026-09-04T05:35:00+00:00,7.92,0.49,0.5,0.495,0.01,784.19,514.43,99
2026-09-04T05:27:05.964854+00:00,btc-updown-15m-1788498900,15,4182667,111352951563263485694735225161620158564184651896302312658672215354117433032730,2026-09-04T05:15:00+00:00,2026-09-04T05:30:00+00:00,2.92,0.97,0.98,0.975,0.01,180.0,122.53,99
2026-09-04T05:27:05.964854+00:00,btc-updown-15m-1788499800,15,4182700,34633515895253020310933739390788730590286913175657534129859049615428570626168,2026-09-04T05:30:00+00:00,2026-09-04T05:45:00+00:00,17.92,0.5,0.51,0.505,0.01,1.0,402.28,95
2026-09-04T05:28:06.845011+00:00,btc-updown-5m-1788499500,5,4182691,2134934224922113138316556248328015400428509622659418239555398122363250633602,2026-09-04T05:25:00+00:00,2026-09-04T05:30:00+00:00,1.9,0.32,0.34,0.33,0.02,39.48,10.0,97
2026-09-04T05:28:06.845011+00:00,btc-updown-5m-1788499800,5,4182709,95777450108461574967546891058666105401912993406074808059215202711341614271951,2026-09-04T05:30:00+00:00,2026-09-04T05:35:00+00:00,6.9,0.49,0.5,0.495,0.01,347.0,41.0,99
2026-09-04T05:28:06.845011+00:00,btc-updown-15m-1788498900,15,4182667,111352951563263485694735225161620158564184651896302312658672215354117433032730,2026-09-04T05:15:00+00:00,2026-09-04T05:30:00+00:00,1.9,0.98,0.99,0.985,0.01,440.0,1310.92,99
2026-09-04T05:28:06.845011+00:00,btc-updown-15m-1788499800,15,4182700,34633515895253020310933739390788730590286913175657534129859049615428570626168,2026-09-04T05:30:00+00:00,2026-09-04T05:45:00+00:00,16.9,0.49,0.5,0.495,0.01,584.08,440.0,95
2026-09-04T05:29:07.749118+00:00,btc-updown-5m-1788499800,5,4182709,95777450108461574967546891058666105401912993406074808059215202711341614271951,2026-09-04T05:30:00+00:00,2026-09-04T05:35:00+00:00,5.88,0.48,0.49,0.485,0.01,160.51,412.09,99
2026-09-04T05:29:07.749118+00:00,btc-updown-15m-1788499800,15,4182700,34633515895253020310933739390788730590286913175657534129859049615428570626168,2026-09-04T05:30:00+00:00,2026-09-04T05:45:00+00:00,15.88,0.49,0.5,0.495,0.01,582.08,299.0,91
2026-09-04T05:30:08.431614+00:00,btc-updown-5m-1788499800,5,4182709,95777450108461574967546891058666105401912993406074808059215202711341614271951,2026-09-04T05:30:00+00:00,2026-09-04T05:35:00+00:00,4.87,0.23,0.24,0.235,0.01,53.65,362.33,99
2026-09-04T05:30:08.431614+00:00,btc-updown-5m-1788500100,5,4182751,30770804989154987422749371908368539445279382777190679572134596768938330553857,2026-09-04T05:35:00+00:00,2026-09-04T05:40:00+00:00,9.87,0.5,0.51,0.505,0.01,307.83,677.11,99
2026-09-04T05:30:08.431614+00:00,btc-updown-15m-1788499800,15,4182700,34633515895253020310933739390788730590286913175657534129859049615428570626168,2026-09-04T05:30:00+00:00,2026-09-04T05:45:00+00:00,14.87,0.35,0.36,0.355,0.01,17.98,595.16,99
2026-09-04T05:30:08.431614+00:00,btc-updown-15m-1788500700,15,4182957,59182136946827343690607837759980422759191671282893214687735489708013223690360,2026-09-04T05:45:00+00:00,2026-09-04T06:00:00+00:00,29.87,0.5,0.51,0.505,0.01,310.0,485.68,95
2026-09-04T05:31:09.325263+00:00,btc-updown-5m-1788499800,5,4182709,95777450108461574967546891058666105401912993406074808059215202711341614271951,2026-09-04T05:30:00+00:00,2026-09-04T05:35:00+00:00,3.85,0.08,0.09,0.085,0.01,122.53,250.9,99
2026-09-04T05:31:09.325263+00:00,btc-updown-5m-1788500100,5,4182751,30770804989154987422749371908368539445279382777190679572134596768938330553857,2026-09-04T05:35:00+00:00,2026-09-04T05:40:00+00:00,8.85,0.49,0.5,0.495,0.01,238.14,230.0,99
2026-09-04T05:31:09.325263+00:00,btc-updown-15m-1788499800,15,4182700,34633515895253020310933739390788730590286913175657534129859049615428570626168,2026-09-04T05:30:00+00:00,2026-09-04T05:45:00+00:00,13.85,0.2,0.21,0.205,0.01,69.99,158.53,99
2026-09-04T05:31:09.325263+00:00,btc-updown-15m-1788500700,15,4182957,59182136946827343690607837759980422759191671282893214687735489708013223690360,2026-09-04T05:45:00+00:00,2026-09-04T06:00:00+00:00,28.85,0.5,0.51,0.505,0.01,708.0,481.6,97
2026-09-04T05:32:10.208855+00:00,btc-updown-5m-1788499800,5,4182709,95777450108461574967546891058666105401912993406074808059215202711341614271951,2026-09-04T05:30:00+00:00,2026-09-04T05:35:00+00:00,2.83,0.14,0.15,0.145,0.01,84.04,294.71,99
2026-09-04T05:32:10.208855+00:00,btc-updown-5m-1788500100,5,4182751,30770804989154987422749371908368539445279382777190679572134596768938330553857,2026-09-04T05:35:00+00:00,2026-09-04T05:40:00+00:00,7.83,0.49,0.5,0.495,0.01,220.0,210.0,99
2026-09-04T05:32:10.208855+00:00,btc-updown-15m-1788499800,15,4182700,34633515895253020310933739390788730590286913175657534129859049615428570626168,2026-09-04T05:30:00+00:00,2026-09-04T05:45:00+00:00,12.83,0.27,0.28,0.275,0.01,72.0,66.0,99
2026-09-04T05:32:10.208855+00:00,btc-updown-15m-1788500700,15,4182957,59182136946827343690607837759980422759191671282893214687735489708013223690360,2026-09-04T05:45:00+00:00,2026-09-04T06:00:00+00:00,27.83,0.5,0.51,0.505,0.01,538.0,685.68,97
2026-09-04T05:33:11.099025+00:00,btc-updown-5m-1788499800,5,4182709,95777450108461574967546891058666105401912993406074808059215202711341614271951,2026-09-04T05:30:00+00:00,2026-09-04T05:35:00+00:00,1.82,0.09,0.1,0.095,0.01,20.0,311.59,99
2026-09-04T05:33:11.099025+00:00,btc-updown-5m-1788500100,5,4182751,30770804989154987422749371908368539445279382777190679572134596768938330553857,2026-09-04T05:35:00+00:00,2026-09-04T05:40:00+00:00,6.82,0.49,0.5,0.495,0.01,20.0,14.0,99
2026-09-04T05:33:11.099025+00:00,btc-updown-15m-1788499800,15,4182700,34633515895253020310933739390788730590286913175657534129859049615428570626168,2026-09-04T05:30:00+00:00,2026-09-04T05:45:00+00:00,11.82,0.35,0.36,0.355,0.01,1.92,162.0,99
2026-09-04T05:33:11.099025+00:00,btc-updown-15m-1788500700,15,4182957,59182136946827343690607837759980422759191671282893214687735489708013223690360,2026-09-04T05:45:00+00:00,2026-09-04T06:00:00+00:00,26.82,0.5,0.51,0.505,0.01,504.68,599.6,97
2026-09-04T05:34:11.993114+00:00,btc-updown-5m-1788500100,5,4182751,30770804989154987422749371908368539445279382777190679572134596768938330553857,2026-09-04T05:35:00+00:00,2026-09-04T05:40:00+00:00,5.82,0.49,0.5,0.495,0.01,544.41,90.34,99
2026-09-04T05:34:11.993114+00:00,btc-updown-15m-1788499800,15,4182700,34633515895253020310933739390788730590286913175657534129859049615428570626168,2026-09-04T05:30:00+00:00,2026-09-04T05:45:00+00:00,10.82,0.4,0.41,0.405,0.01,25.0,192.42,99
2026-09-04T05:34:11.993114+00:00,btc-updown-15m-1788500700,15,4182957,59182136946827343690607837759980422759191671282893214687735489708013223690360,2026-09-04T05:45:00+00:00,2026-09-04T06:00:00+00:00,25.82,0.5,0.51,0.505,0.01,504.68,599.6,97
2026-09-04T05:35:12.784917+00:00,btc-updown-5m-1788500100,5,4182751,30770804989154987422749371908368539445279382777190679572134596768938330553857,2026-09-04T05:35:00+00:00,2026-09-04T05:40:00+00:00,4.8,0.41,0.42,0.415,0.01,180.0,262.33,99
2026-09-04T05:35:12.784917+00:00,btc-updown-5m-1788500400,5,4182945,26345118200660601997304645673372624540284773653875029866226893914520754948406,2026-09-04T05:40:00+00:00,2026-09-04T05:45:00+00:00,9.8,0.5,0.51,0.505,0.01,984.09,685.77,99
2026-09-04T05:35:12.784917+00:00,btc-updown-15m-1788499800,15,4182700,34633515895253020310933739390788730590286913175657534129859049615428570626168,2026-09-04T05:30:00+00:00,2026-09-04T05:45:00+00:00,9.8,0.31,0.32,0.315,0.01,65.0,126.16,99
2026-09-04T05:35:12.784917+00:00,btc-updown-15m-1788500700,15,4182957,59182136946827343690607837759980422759191671282893214687735489708013223690360,2026-09-04T05:45:00+00:00,2026-09-04T06:00:00+00:00,24.8,0.5,0.51,0.505,0.01,504.68,1033.68,97
2026-09-04T05:36:13.689110+00:00,btc-updown-5m-1788500100,5,4182751,30770804989154987422749371908368539445279382777190679572134596768938330553857,2026-09-04T05:35:00+00:00,2026-09-04T05:40:00+00:00,3.78,0.29,0.3,0.295,0.01,699.89,302.31,99
2026-09-04T05:36:13.689110+00:00,btc-updown-5m-1788500400,5,4182945,26345118200660601997304645673372624540284773653875029866226893914520754948406,2026-09-04T05:40:00+00:00,2026-09-04T05:45:00+00:00,8.78,0.5,0.51,0.505,0.01,984.09,804.07,99
2026-09-04T05:36:13.689110+00:00,btc-updown-15m-1788499800,15,4182700,34633515895253020310933739390788730590286913175657534129859049615428570626168,2026-09-04T05:30:00+00:00,2026-09-04T05:45:00+00:00,8.78,0.22,0.23,0.225,0.01,120.0,102.53,99
2026-09-04T05:36:13.689110+00:00,btc-updown-15m-1788500700,15,4182957,59182136946827343690607837759980422759191671282893214687735489708013223690360,2026-09-04T05:45:00+00:00,2026-09-04T06:00:00+00:00,23.78,0.5,0.51,0.505,0.01,502.68,833.68,97
2026-09-04T05:37:14.581200+00:00,btc-updown-5m-1788500100,5,4182751,30770804989154987422749371908368539445279382777190679572134596768938330553857,2026-09-04T05:35:00+00:00,2026-09-04T05:40:00+00:00,2.77,0.76,0.77,0.765,0.01,241.33,30.0,98
2026-09-04T05:37:14.581200+00:00,btc-updown-5m-1788500400,5,4182945,26345118200660601997304645673372624540284773653875029866226893914520754948406,2026-09-04T05:40:00+00:00,2026-09-04T05:45:00+00:00,7.77,0.5,0.51,0.505,0.01,984.09,771.07,99
2026-09-04T05:37:14.581200+00:00,btc-updown-15m-1788499800,15,4182700,34633515895253020310933739390788730590286913175657534129859049615428570626168,2026-09-04T05:30:00+00:00,2026-09-04T05:45:00+00:00,7.77,0.42,0.43,0.425,0.01,35.0,120.0,99
2026-09-04T05:37:14.581200+00:00,btc-updown-15m-1788500700,15,4182957,59182136946827343690607837759980422759191671282893214687735489708013223690360,2026-09-04T05:45:00+00:00,2026-09-04T06:00:00+00:00,22.77,0.5,0.51,0.505,0.01,442.68,833.68,97
2026-09-04T05:38:15.528786+00:00,btc-updown-5m-1788500100,5,4182751,30770804989154987422749371908368539445279382777190679572134596768938330553857,2026-09-04T05:35:00+00:00,2026-09-04T05:40:00+00:00,1.75,0.5,0.51,0.505,0.01,30.0,205.19,99
2026-09-04T05:38:15.528786+00:00,btc-updown-5m-1788500400,5,4182945,26345118200660601997304645673372624540284773653875029866226893914520754948406,2026-09-04T05:40:00+00:00,2026-09-04T05:45:00+00:00,6.75,0.5,0.51,0.505,0.01,149.09,561.07,99
2026-09-04T05:38:15.528786+00:00,btc-updown-15m-1788499800,15,4182700,34633515895253020310933739390788730590286913175657534129859049615428570626168,2026-09-04T05:30:00+00:00,2026-09-04T05:45:00+00:00,6.75,0.28,0.29,0.285,0.01,78.91,138.58,98
2026-09-04T05:38:15.528786+00:00,btc-updown-15m-1788500700,15,4182957,59182136946827343690607837759980422759191671282893214687735489708013223690360,2026-09-04T05:45:00+00:00,2026-09-04T06:00:00+00:00,21.75,0.5,0.51,0.505,0.01,432.68,1033.68,97
2026-09-04T05:39:16.426802+00:00,btc-updown-5m-1788500400,5,4182945,26345118200660601997304645673372624540284773653875029866226893914520754948406,2026-09-04T05:40:00+00:00,2026-09-04T05:45:00+00:00,5.73,0.5,0.51,0.505,0.01,41.67,565.0,99
2026-09-04T05:39:16.426802+00:00,btc-updown-15m-1788499800,15,4182700,34633515895253020310933739390788730590286913175657534129859049615428570626168,2026-09-04T05:30:00+00:00,2026-09-04T05:45:00+00:00,5.73,0.16,0.17,0.165,0.01,123.8,14.21,99
2026-09-04T05:39:16.426802+00:00,btc-updown-15m-1788500700,15,4182957,59182136946827343690607837759980422759191671282893214687735489708013223690360,2026-09-04T05:45:00+00:00,2026-09-04T06:00:00+00:00,20.73,0.5,0.51,0.505,0.01,472.68,1033.68,97
2026-09-04T05:40:17.211715+00:00,btc-updown-5m-1788500400,5,4182945,26345118200660601997304645673372624540284773653875029866226893914520754948406,2026-09-04T05:40:00+00:00,2026-09-04T05:45:00+00:00,4.72,0.35,0.36,0.355,0.01,479.0,146.0,99
2026-09-04T05:40:17.211715+00:00,btc-updown-5m-1788500700,5,4182948,104953146516843254836583315886493574321527040327316307637713876655094093197603,2026-09-04T05:45:00+00:00,2026-09-04T05:50:00+00:00,9.72,0.5,0.51,0.505,0.01,423.77,695.39,99
2026-09-04T05:40:17.211715+00:00,btc-updown-15m-1788499800,15,4182700,34633515895253020310933739390788730590286913175657534129859049615428570626168,2026-09-04T05:30:00+00:00,2026-09-04T05:45:00+00:00,4.72,0.06,0.07,0.065,0.01,68.16,121.0,99
2026-09-04T05:40:17.211715+00:00,btc-updown-15m-1788500700,15,4182957,59182136946827343690607837759980422759191671282893214687735489708013223690360,2026-09-04T05:45:00+00:00,2026-09-04T06:00:00+00:00,19.72,0.5,0.51,0.505,0.01,200.0,459.0,97
2026-09-04T05:41:18.406105+00:00,btc-updown-5m-1788500400,5,4182945,26345118200660601997304645673372624540284773653875029866226893914520754948406,2026-09-04T05:40:00+00:00,2026-09-04T05:45:00+00:00,3.7,0.55,0.56,0.555,0.01,243.0,72.0,99
2026-09-04T05:41:18.406105+00:00,btc-updown-5m-1788500700,5,4182948,104953146516843254836583315886493574321527040327316307637713876655094093197603,2026-09-04T05:45:00+00:00,2026-09-04T05:50:00+00:00,8.7,0.5,0.51,0.505,0.01,428.77,833.96,99
2026-09-04T05:41:18.406105+00:00,btc-updown-15m-1788499800,15,4182700,34633515895253020310933739390788730590286913175657534129859049615428570626168,2026-09-04T05:30:00+00:00,2026-09-04T05:45:00+00:00,3.7,0.07,0.08,0.075,0.01,96.77,8.92,99
2026-09-04T05:41:18.406105+00:00,btc-updown-15m-1788500700,15,4182957,59182136946827343690607837759980422759191671282893214687735489708013223690360,2026-09-04T05:45:00+00:00,2026-09-04T06:00:00+00:00,18.7,0.5,0.51,0.505,0.01,200.0,459.0,97
2026-09-04T05:42:19.293015+00:00,btc-updown-5m-1788500400,5,4182945,26345118200660601997304645673372624540284773653875029866226893914520754948406,2026-09-04T05:40:00+00:00,2026-09-04T05:45:00+00:00,2.68,0.85,0.86,0.855,0.01,498.75,10.0,99
2026-09-04T05:42:19.293015+00:00,btc-updown-5m-1788500700,5,4182948,104953146516843254836583315886493574321527040327316307637713876655094093197603,2026-09-04T05:45:00+00:00,2026-09-04T05:50:00+00:00,7.68,0.5,0.51,0.505,0.01,378.77,1030.96,99
2026-09-04T05:42:19.293015+00:00,btc-updown-15m-1788499800,15,4182700,34633515895253020310933739390788730590286913175657534129859049615428570626168,2026-09-04T05:30:00+00:00,2026-09-04T05:45:00+00:00,2.68,0.06,0.07,0.065,0.01,105.0,30.0,99
2026-09-04T05:42:19.293015+00:00,btc-updown-15m-1788500700,15,4182957,59182136946827343690607837759980422759191671282893214687735489708013223690360,2026-09-04T05:45:00+00:00,2026-09-04T06:00:00+00:00,17.68,0.5,0.51,0.505,0.01,202.68,896.0,97
2026-09-04T05:43:20.183215+00:00,btc-updown-5m-1788500400,5,4182945,26345118200660601997304645673372624540284773653875029866226893914520754948406,2026-09-04T05:40:00+00:00,2026-09-04T05:45:00+00:00,1.67,0.62,0.63,0.625,0.01,567.26,60.6,99
2026-09-04T05:43:20.183215+00:00,btc-updown-5m-1788500700,5,4182948,104953146516843254836583315886493574321527040327316307637713876655094093197603,2026-09-04T05:45:00+00:00,2026-09-04T05:50:00+00:00,6.67,0.5,0.51,0.505,0.01,219.77,820.96,99
2026-09-04T05:43:20.183215+00:00,btc-updown-15m-1788500700,15,4182957,59182136946827343690607837759980422759191671282893214687735489708013223690360,2026-09-04T05:45:00+00:00,2026-09-04T06:00:00+00:00,16.67,0.48,0.49,0.485,0.01,50.16,254.0,97
2026-09-04T05:44:20.975023+00:00,btc-updown-5m-1788500400,5,4182945,26345118200660601997304645673372624540284773653875029866226893914520754948406,2026-09-04T05:40:00+00:00,2026-09-04T05:45:00+00:00,0.67,0.98,0.99,0.985,0.01,554.33,1424.13,99
2026-09-04T05:44:20.975023+00:00,btc-updown-5m-1788500700,5,4182948,104953146516843254836583315886493574321527040327316307637713876655094093197603,2026-09-04T05:45:00+00:00,2026-09-04T05:50:00+00:00,5.67,0.5,0.51,0.505,0.01,468.77,493.95,99
2026-09-04T05:44:20.975023+00:00,btc-updown-15m-1788500700,15,4182957,59182136946827343690607837759980422759191671282893214687735489708013223690360,2026-09-04T05:45:00+00:00,2026-09-04T06:00:00+00:00,15.67,0.46,0.47,0.465,0.01,217.39,6.0,89
2026-09-04T05:45:21.763662+00:00,btc-updown-5m-1788500700,5,4182948,104953146516843254836583315886493574321527040327316307637713876655094093197603,2026-09-04T05:45:00+00:00,2026-09-04T05:50:00+00:00,4.65,0.81,0.82,0.815,0.01,226.15,112.53,99
2026-09-04T05:45:21.763662+00:00,btc-updown-5m-1788501000,5,4182971,105111016215029829969624290373070944759479792832913462453684733800869944039041,2026-09-04T05:50:00+00:00,2026-09-04T05:55:00+00:00,9.65,0.5,0.51,0.505,0.01,359.66,776.66,99
2026-09-04T05:45:21.763662+00:00,btc-updown-15m-1788500700,15,4182957,59182136946827343690607837759980422759191671282893214687735489708013223690360,2026-09-04T05:45:00+00:00,2026-09-04T06:00:00+00:00,14.65,0.69,0.7,0.695,0.01,277.56,25.0,99
2026-09-04T05:45:21.763662+00:00,btc-updown-15m-1788501600,15,4183143,110620231835838834338491083262537741658133399540017609243369151644069990767136,2026-09-04T06:00:00+00:00,2026-09-04T06:15:00+00:00,29.65,0.5,0.51,0.505,0.01,450.0,534.08,95
2026-09-04T05:46:22.655169+00:00,btc-updown-5m-1788500700,5,4182948,104953146516843254836583315886493574321527040327316307637713876655094093197603,2026-09-04T05:45:00+00:00,2026-09-04T05:50:00+00:00,3.63,0.71,0.72,0.715,0.01,373.62,223.0,99
2026-09-04T05:46:22.655169+00:00,btc-updown-5m-1788501000,5,4182971,105111016215029829969624290373070944759479792832913462453684733800869944039041,2026-09-04T05:50:00+00:00,2026-09-04T05:55:00+00:00,8.63,0.5,0.51,0.505,0.01,359.66,883.92,99
2026-09-04T05:46:22.655169+00:00,btc-updown-15m-1788500700,15,4182957,59182136946827343690607837759980422759191671282893214687735489708013223690360,2026-09-04T05:45:00+00:00,2026-09-04T06:00:00+00:00,13.63,0.62,0.63,0.625,0.01,37.0,479.29,99
2026-09-04T05:46:22.655169+00:00,btc-updown-15m-1788501600,15,4183143,110620231835838834338491083262537741658133399540017609243369151644069990767136,2026-09-04T06:00:00+00:00,2026-09-04T06:15:00+00:00,28.63,0.5,0.51,0.505,0.01,266.0,779.08,95
2026-09-04T05:47:23.541084+00:00,btc-updown-5m-1788500700,5,4182948,104953146516843254836583315886493574321527040327316307637713876655094093197603,2026-09-04T05:45:00+00:00,2026-09-04T05:50:00+00:00,2.62,0.36,0.37,0.365,0.01,328.41,110.29,99
2026-09-04T05:47:23.541084+00:00,btc-updown-5m-1788501000,5,4182971,105111016215029829969624290373070944759479792832913462453684733800869944039041,2026-09-04T05:50:00+00:00,2026-09-04T05:55:00+00:00,7.62,0.5,0.51,0.505,0.01,359.66,1106.92,99
2026-09-04T05:47:23.541084+00:00,btc-updown-15m-1788500700,15,4182957,59182136946827343690607837759980422759191671282893214687735489708013223690360,2026-09-04T05:45:00+00:00,2026-09-04T06:00:00+00:00,12.62,0.41,0.42,0.415,0.01,513.87,45.0,99
2026-09-04T05:47:23.541084+00:00,btc-updown-15m-1788501600,15,4183143,110620231835838834338491083262537741658133399540017609243369151644069990767136,2026-09-04T06:00:00+00:00,2026-09-04T06:15:00+00:00,27.62,0.5,0.51,0.505,0.01,303.96,779.08,95
2026-09-04T05:48:24.432351+00:00,btc-updown-5m-1788500700,5,4182948,104953146516843254836583315886493574321527040327316307637713876655094093197603,2026-09-04T05:45:00+00:00,2026-09-04T05:50:00+00:00,1.6,0.03,0.04,0.035,0.01,676.41,414.0,99
2026-09-04T05:48:24.432351+00:00,btc-updown-5m-1788501000,5,4182971,105111016215029829969624290373070944759479792832913462453684733800869944039041,2026-09-04T05:50:00+00:00,2026-09-04T05:55:00+00:00,6.6,0.5,0.51,0.505,0.01,127.66,831.92,99
2026-09-04T05:48:24.432351+00:00,btc-updown-15m-1788500700,15,4182957,59182136946827343690607837759980422759191671282893214687735489708013223690360,2026-09-04T05:45:00+00:00,2026-09-04T06:00:00+00:00,11.6,0.3,0.31,0.305,0.01,111.42,227.53,99
2026-09-04T05:48:24.432351+00:00,btc-updown-15m-1788501600,15,4183143,110620231835838834338491083262537741658133399540017609243369151644069990767136,2026-09-04T06:00:00+00:00,2026-09-04T06:15:00+00:00,26.6,0.5,0.51,0.505,0.01,503.96,659.48,95
2026-09-04T05:49:25.315071+00:00,btc-updown-5m-1788501000,5,4182971,105111016215029829969624290373070944759479792832913462453684733800869944039041,2026-09-04T05:50:00+00:00,2026-09-04T05:55:00+00:00,5.58,0.49,0.5,0.495,0.01,52.64,494.0,99
2026-09-04T05:49:25.315071+00:00,btc-updown-15m-1788500700,15,4182957,59182136946827343690607837759980422759191671282893214687735489708013223690360,2026-09-04T05:45:00+00:00,2026-09-04T06:00:00+00:00,10.58,0.27,0.28,0.275,0.01,69.0,109.0,99
2026-09-04T05:49:25.315071+00:00,btc-updown-15m-1788501600,15,4183143,110620231835838834338491083262537741658133399540017609243369151644069990767136,2026-09-04T06:00:00+00:00,2026-09-04T06:15:00+00:00,25.58,0.5,0.51,0.505,0.01,553.96,465.0,95
2026-09-04T05:50:26.114979+00:00,btc-updown-5m-1788501000,5,4182971,105111016215029829969624290373070944759479792832913462453684733800869944039041,2026-09-04T05:50:00+00:00,2026-09-04T05:55:00+00:00,4.57,0.31,0.32,0.315,0.01,148.16,312.25,99
2026-09-04T05:50:26.114979+00:00,btc-updown-5m-1788501300,5,4183134,16064259194348608318941288533278324851557324616997384240276980884376054080546,2026-09-04T05:55:00+00:00,2026-09-04T06:00:00+00:00,9.57,0.5,0.51,0.505,0.01,1036.49,887.1,99
2026-09-04T05:50:26.114979+00:00,btc-updown-15m-1788500700,15,4182957,59182136946827343690607837759980422759191671282893214687735489708013223690360,2026-09-04T05:45:00+00:00,2026-09-04T06:00:00+00:00,9.57,0.19,0.2,0.195,0.01,118.25,46.0,99
2026-09-04T05:50:26.114979+00:00,btc-updown-15m-1788501600,15,4183143,110620231835838834338491083262537741658133399540017609243369151644069990767136,2026-09-04T06:00:00+00:00,2026-09-04T06:15:00+00:00,24.57,0.5,0.51,0.505,0.01,540.0,235.0,95
2026-09-04T05:51:27.002712+00:00,btc-updown-5m-1788501000,5,4182971,105111016215029829969624290373070944759479792832913462453684733800869944039041,2026-09-04T05:50:00+00:00,2026-09-04T05:55:00+00:00,3.55,0.35,0.36,0.355,0.01,237.94,17.64,99
2026-09-04T05:51:27.002712+00:00,btc-updown-5m-1788501300,5,4183134,16064259194348608318941288533278324851557324616997384240276980884376054080546,2026-09-04T05:55:00+00:00,2026-09-04T06:00:00+00:00,8.55,0.5,0.51,0.505,0.01,969.0,796.22,99
2026-09-04T05:51:27.002712+00:00,btc-updown-15m-1788500700,15,4182957,59182136946827343690607837759980422759191671282893214687735489708013223690360,2026-09-04T05:45:00+00:00,2026-09-04T06:00:00+00:00,8.55,0.19,0.2,0.195,0.01,368.0,110.0,99
2026-09-04T05:51:27.002712+00:00,btc-updown-15m-1788501600,15,4183143,110620231835838834338491083262537741658133399540017609243369151644069990767136,2026-09-04T06:00:00+00:00,2026-09-04T06:15:00+00:00,23.55,0.5,0.51,0.505,0.01,590.0,243.0,95
2026-09-04T05:52:28.016273+00:00,btc-updown-5m-1788501000,5,4182971,105111016215029829969624290373070944759479792832913462453684733800869944039041,2026-09-04T05:50:00+00:00,2026-09-04T05:55:00+00:00,2.53,0.26,0.27,0.265,0.01,48.33,180.93,99
2026-09-04T05:52:28.016273+00:00,btc-updown-5m-1788501300,5,4183134,16064259194348608318941288533278324851557324616997384240276980884376054080546,2026-09-04T05:55:00+00:00,2026-09-04T06:00:00+00:00,7.53,0.5,0.51,0.505,0.01,787.94,938.11,99
2026-09-04T05:52:28.016273+00:00,btc-updown-15m-1788500700,15,4182957,59182136946827343690607837759980422759191671282893214687735489708013223690360,2026-09-04T05:45:00+00:00,2026-09-04T06:00:00+00:00,7.53,0.14,0.15,0.145,0.01,27.93,150.33,99
2026-09-04T05:52:28.016273+00:00,btc-updown-15m-1788501600,15,4183143,110620231835838834338491083262537741658133399540017609243369151644069990767136,2026-09-04T06:00:00+00:00,2026-09-04T06:15:00+00:00,22.53,0.5,0.51,0.505,0.01,636.98,243.0,95
2026-09-04T05:53:28.948735+00:00,btc-updown-5m-1788501000,5,4182971,105111016215029829969624290373070944759479792832913462453684733800869944039041,2026-09-04T05:50:00+00:00,2026-09-04T05:55:00+00:00,1.53,0.15,0.16,0.155,0.01,88.0,148.72,99
2026-09-04T05:53:28.948735+00:00,btc-updown-5m-1788501300,5,4183134,16064259194348608318941288533278324851557324616997384240276980884376054080546,2026-09-04T05:55:00+00:00,2026-09-04T06:00:00+00:00,6.53,0.5,0.51,0.505,0.01,106.0,723.11,99
2026-09-04T05:53:28.948735+00:00,btc-updown-15m-1788500700,15,4182957,59182136946827343690607837759980422759191671282893214687735489708013223690360,2026-09-04T05:45:00+00:00,2026-09-04T06:00:00+00:00,6.53,0.13,0.14,0.135,0.01,15.0,150.73,99
2026-09-04T05:53:28.948735+00:00,btc-updown-15m-1788501600,15,4183143,110620231835838834338491083262537741658133399540017609243369151644069990767136,2026-09-04T06:00:00+00:00,2026-09-04T06:15:00+00:00,21.53,0.5,0.51,0.505,0.01,506.98,243.0,95
2026-09-04T05:54:29.845523+00:00,btc-updown-5m-1788501300,5,4183134,16064259194348608318941288533278324851557324616997384240276980884376054080546,2026-09-04T05:55:00+00:00,2026-09-04T06:00:00+00:00,5.52,0.48,0.49,0.485,0.01,65.28,127.0,99
2026-09-04T05:54:29.845523+00:00,btc-updown-15m-1788500700,15,4182957,59182136946827343690607837759980422759191671282893214687735489708013223690360,2026-09-04T05:45:00+00:00,2026-09-04T06:00:00+00:00,5.52,0.05,0.06,0.055,0.01,191.14,10.0,99
2026-09-04T05:54:29.845523+00:00,btc-updown-15m-1788501600,15,4183143,110620231835838834338491083262537741658133399540017609243369151644069990767136,2026-09-04T06:00:00+00:00,2026-09-04T06:15:00+00:00,20.52,0.5,0.51,0.505,0.01,636.98,238.0,95
2026-09-04T05:55:30.626019+00:00,btc-updown-5m-1788501300,5,4183134,16064259194348608318941288533278324851557324616997384240276980884376054080546,2026-09-04T05:55:00+00:00,2026-09-04T06:00:00+00:00,4.5,0.66,0.67,0.665,0.01,330.23,247.65,99
2026-09-04T05:55:30.626019+00:00,btc-updown-5m-1788501600,5,4183148,105551441475257773090197091297576769841125189961991505195080505425527479144694,2026-09-04T06:00:00+00:00,2026-09-04T06:05:00+00:00,9.5,0.5,0.51,0.505,0.01,1048.03,926.98,99
2026-09-04T05:55:30.626019+00:00,btc-updown-15m-1788500700,15,4182957,59182136946827343690607837759980422759191671282893214687735489708013223690360,2026-09-04T05:45:00+00:00,2026-09-04T06:00:00+00:00,4.5,0.07,0.08,0.075,0.01,180.54,132.5,99
2026-09-04T05:55:30.626019+00:00,btc-updown-15m-1788501600,15,4183143,110620231835838834338491083262537741658133399540017609243369151644069990767136,2026-09-04T06:00:00+00:00,2026-09-04T06:15:00+00:00,19.5,0.5,0.51,0.505,0.01,356.98,38.0,95
2026-09-04T05:56:31.516852+00:00,btc-updown-5m-1788501300,5,4183134,16064259194348608318941288533278324851557324616997384240276980884376054080546,2026-09-04T05:55:00+00:00,2026-09-04T06:00:00+00:00,3.48,0.91,0.92,0.915,0.01,89.87,558.74,99
2026-09-04T05:56:31.516852+00:00,btc-updown-5m-1788501600,5,4183148,105551441475257773090197091297576769841125189961991505195080505425527479144694,2026-09-04T06:00:00+00:00,2026-09-04T06:05:00+00:00,8.48,0.5,0.51,0.505,0.01,899.88,829.87,99
2026-09-04T05:56:31.516852+00:00,btc-updown-15m-1788500700,15,4182957,59182136946827343690607837759980422759191671282893214687735489708013223690360,2026-09-04T05:45:00+00:00,2026-09-04T06:00:00+00:00,3.48,0.15,0.16,0.155,0.01,44.82,225.0,99
2026-09-04T05:56:31.516852+00:00,btc-updown-15m-1788501600,15,4183143,110620231835838834338491083262537741658133399540017609243369151644069990767136,2026-09-04T06:00:00+00:00,2026-09-04T06:15:00+00:00,18.48,0.5,0.51,0.505,0.01,316.98,38.0,95
2026-09-04T05:57:32.419267+00:00,btc-updown-5m-1788501300,5,4183134,16064259194348608318941288533278324851557324616997384240276980884376054080546,2026-09-04T05:55:00+00:00,2026-09-04T06:00:00+00:00,2.47,0.98,0.99,0.985,0.01,202.14,3214.43,99
2026-09-04T05:57:32.419267+00:00,btc-updown-5m-1788501600,5,4183148,105551441475257773090197091297576769841125189961991505195080505425527479144694,2026-09-04T06:00:00+00:00,2026-09-04T06:05:00+00:00,7.47,0.5,0.51,0.505,0.01,909.0,1072.22,99
2026-09-04T05:57:32.419267+00:00,btc-updown-15m-1788500700,15,4182957,59182136946827343690607837759980422759191671282893214687735489708013223690360,2026-09-04T05:45:00+00:00,2026-09-04T06:00:00+00:00,2.47,0.45,0.46,0.455,0.01,34.97,12.23,99
2026-09-04T05:57:32.419267+00:00,btc-updown-15m-1788501600,15,4183143,110620231835838834338491083262537741658133399540017609243369151644069990767136,2026-09-04T06:00:00+00:00,2026-09-04T06:15:00+00:00,17.47,0.5,0.51,0.505,0.01,286.98,225.0,95
2026-09-04T05:58:33.321372+00:00,btc-updown-5m-1788501600,5,4183148,105551441475257773090197091297576769841125189961991505195080505425527479144694,2026-09-04T06:00:00+00:00,2026-09-04T06:05:00+00:00,6.45,0.51,0.52,0.515,0.01,80.13,273.65,99
2026-09-04T05:58:33.321372+00:00,btc-updown-15m-1788500700,15,4182957,59182136946827343690607837759980422759191671282893214687735489708013223690360,2026-09-04T05:45:00+00:00,2026-09-04T06:00:00+00:00,1.45,0.98,0.99,0.985,0.01,50.0,10.0,99
2026-09-04T05:58:33.321372+00:00,btc-updown-15m-1788501600,15,4183143,110620231835838834338491083262537741658133399540017609243369151644069990767136,2026-09-04T06:00:00+00:00,2026-09-04T06:15:00+00:00,16.45,0.5,0.51,0.505,0.01,228.38,653.16,95
2026-09-04T05:59:34.101089+00:00,btc-updown-5m-1788501600,5,4183148,105551441475257773090197091297576769841125189961991505195080505425527479144694,2026-09-04T06:00:00+00:00,2026-09-04T06:05:00+00:00,5.43,0.46,0.47,0.465,0.01,130.0,35.0,99
2026-09-04T05:59:34.101089+00:00,btc-updown-15m-1788501600,15,4183143,110620231835838834338491083262537741658133399540017609243369151644069990767136,2026-09-04T06:00:00+00:00,2026-09-04T06:15:00+00:00,15.43,0.5,0.51,0.505,0.01,46.98,491.98,90
2026-09-04T06:00:34.785166+00:00,btc-updown-5m-1788501600,5,4183148,105551441475257773090197091297576769841125189961991505195080505425527479144694,2026-09-04T06:00:00+00:00,2026-09-04T06:05:00+00:00,4.43,0.27,0.28,0.275,0.01,136.0,406.43,99
2026-09-04T06:00:34.785166+00:00,btc-updown-5m-1788501900,5,4183171,79527036560902834780684290580261535478934379336933919259261205012631742604748,2026-09-04T06:05:00+00:00,2026-09-04T06:10:00+00:00,9.43,0.5,0.51,0.505,0.01,337.71,993.01,99
2026-09-04T06:00:34.785166+00:00,btc-updown-15m-1788501600,15,4183143,110620231835838834338491083262537741658133399540017609243369151644069990767136,2026-09-04T06:00:00+00:00,2026-09-04T06:15:00+00:00,14.43,0.4,0.41,0.405,0.01,15.0,400.0,99
2026-09-04T06:00:34.785166+00:00,btc-updown-15m-1788502500,15,4183282,29510736428317799170734815885795598829199330563729126884189147280888360315940,2026-09-04T06:15:00+00:00,2026-09-04T06:30:00+00:00,29.43,0.5,0.51,0.505,0.01,250.0,699.08,99
2026-09-04T06:01:35.676392+00:00,btc-updown-5m-1788501600,5,4183148,105551441475257773090197091297576769841125189961991505195080505425527479144694,2026-09-04T06:00:00+00:00,2026-09-04T06:05:00+00:00,3.42,0.2,0.21,0.205,0.01,63.33,343.99,99
2026-09-04T06:01:35.676392+00:00,btc-updown-5m-1788501900,5,4183171,79527036560902834780684290580261535478934379336933919259261205012631742604748,2026-09-04T06:05:00+00:00,2026-09-04T06:10:00+00:00,8.42,0.5,0.51,0.505,0.01,313.71,810.91,99
2026-09-04T06:01:35.676392+00:00,btc-updown-15m-1788501600,15,4183143,110620231835838834338491083262537741658133399540017609243369151644069990767136,2026-09-04T06:00:00+00:00,2026-09-04T06:15:00+00:00,13.42,0.34,0.35,0.345,0.01,189.76,102.0,99
2026-09-04T06:01:35.676392+00:00,btc-updown-15m-1788502500,15,4183282,29510736428317799170734815885795598829199330563729126884189147280888360315940,2026-09-04T06:15:00+00:00,2026-09-04T06:30:00+00:00,28.42,0.5,0.51,0.505,0.01,268.0,650.08,99
2026-09-04T06:02:36.561929+00:00,btc-updown-5m-1788501600,5,4183148,105551441475257773090197091297576769841125189961991505195080505425527479144694,2026-09-04T06:00:00+00:00,2026-09-04T06:05:00+00:00,2.4,0.18,0.19,0.185,0.01,20.0,765.22,98
2026-09-04T06:02:36.561929+00:00,btc-updown-5m-1788501900,5,4183171,79527036560902834780684290580261535478934379336933919259261205012631742604748,2026-09-04T06:05:00+00:00,2026-09-04T06:10:00+00:00,7.4,0.5,0.51,0.505,0.01,373.71,979.69,99
2026-09-04T06:02:36.561929+00:00,btc-updown-15m-1788501600,15,4183143,110620231835838834338491083262537741658133399540017609243369151644069990767136,2026-09-04T06:00:00+00:00,2026-09-04T06:15:00+00:00,12.4,0.29,0.3,0.295,0.01,92.95,276.52,99
2026-09-04T06:02:36.561929+00:00,btc-updown-15m-1788502500,15,4183282,29510736428317799170734815885795598829199330563729126884189147280888360315940,2026-09-04T06:15:00+00:00,2026-09-04T06:30:00+00:00,27.4,0.5,0.51,0.505,0.01,260.0,650.08,99
2026-09-04T06:03:37.459332+00:00,btc-updown-5m-1788501600,5,4183148,105551441475257773090197091297576769841125189961991505195080505425527479144694,2026-09-04T06:00:00+00:00,2026-09-04T06:05:00+00:00,1.38,0.12,0.13,0.125,0.01,1270.18,291.85,99
2026-09-04T06:03:37.459332+00:00,btc-updown-5m-1788501900,5,4183171,79527036560902834780684290580261535478934379336933919259261205012631742604748,2026-09-04T06:05:00+00:00,2026-09-04T06:10:00+00:00,6.38,0.5,0.51,0.505,0.01,97.71,769.69,99
2026-09-04T06:03:37.459332+00:00,btc-updown-15m-1788501600,15,4183143,110620231835838834338491083262537741658133399540017609243369151644069990767136,2026-09-04T06:00:00+00:00,2026-09-04T06:15:00+00:00,11.38,0.27,0.28,0.275,0.01,4421.4,120.0,99
2026-09-04T06:03:37.459332+00:00,btc-updown-15m-1788502500,15,4183282,29510736428317799170734815885795598829199330563729126884189147280888360315940,2026-09-04T06:15:00+00:00,2026-09-04T06:30:00+00:00,26.38,0.5,0.51,0.505,0.01,460.0,650.08,99
2026-09-04T06:04:38.385645+00:00,btc-updown-5m-1788501900,5,4183171,79527036560902834780684290580261535478934379336933919259261205012631742604748,2026-09-04T06:05:00+00:00,2026-09-04T06:10:00+00:00,5.37,0.47,0.48,0.475,0.01,232.0,94.0,99
2026-09-04T06:04:38.385645+00:00,btc-updown-15m-1788501600,15,4183143,110620231835838834338491083262537741658133399540017609243369151644069990767136,2026-09-04T06:00:00+00:00,2026-09-04T06:15:00+00:00,10.37,0.27,0.28,0.275,0.01,364.89,35.0,99
2026-09-04T06:04:38.385645+00:00,btc-updown-15m-1788502500,15,4183282,29510736428317799170734815885795598829199330563729126884189147280888360315940,2026-09-04T06:15:00+00:00,2026-09-04T06:30:00+00:00,25.37,0.5,0.51,0.505,0.01,490.0,689.08,99
2026-09-04T06:05:39.172886+00:00,btc-updown-5m-1788501900,5,4183171,79527036560902834780684290580261535478934379336933919259261205012631742604748,2026-09-04T06:05:00+00:00,2026-09-04T06:10:00+00:00,4.35,0.45,0.46,0.455,0.01,132.9,376.82,99
2026-09-04T06:05:39.172886+00:00,btc-updown-5m-1788502200,5,4183181,8380965273791563647577157629819775272883277537137487607956880531797318411487,2026-09-04T06:10:00+00:00,2026-09-04T06:15:00+00:00,9.35,0.5,0.51,0.505,0.01,389.04,882.16,99
2026-09-04T06:05:39.172886+00:00,btc-updown-15m-1788501600,15,4183143,110620231835838834338491083262537741658133399540017609243369151644069990767136,2026-09-04T06:00:00+00:00,2026-09-04T06:15:00+00:00,9.35,0.24,0.25,0.245,0.01,50.0,140.32,99
2026-09-04T06:05:39.172886+00:00,btc-updown-15m-1788502500,15,4183282,29510736428317799170734815885795598829199330563729126884189147280888360315940,2026-09-04T06:15:00+00:00,2026-09-04T06:30:00+00:00,24.35,0.5,0.51,0.505,0.01,484.0,719.08,99
2026-09-04T06:06:40.062217+00:00,btc-updown-5m-1788501900,5,4183171,79527036560902834780684290580261535478934379336933919259261205012631742604748,2026-09-04T06:05:00+00:00,2026-09-04T06:10:00+00:00,3.33,0.46,0.47,0.465,0.01,402.41,317.37,99
2026-09-04T06:06:40.062217+00:00,btc-updown-5m-1788502200,5,4183181,8380965273791563647577157629819775272883277537137487607956880531797318411487,2026-09-04T06:10:00+00:00,2026-09-04T06:15:00+00:00,8.33,0.5,0.51,0.505,0.01,374.04,790.47,99
2026-09-04T06:06:40.062217+00:00,btc-updown-15m-1788501600,15,4183143,110620231835838834338491083262537741658133399540017609243369151644069990767136,2026-09-04T06:00:00+00:00,2026-09-04T06:15:00+00:00,8.33,0.24,0.25,0.245,0.01,50.0,135.96,99
2026-09-04T06:06:40.062217+00:00,btc-updown-15m-1788502500,15,4183282,29510736428317799170734815885795598829199330563729126884189147280888360315940,2026-09-04T06:15:00+00:00,2026-09-04T06:30:00+00:00,23.33,0.5,0.51,0.505,0.01,450.0,819.08,99
2026-09-04T06:07:41.011866+00:00,btc-updown-5m-1788501900,5,4183171,79527036560902834780684290580261535478934379336933919259261205012631742604748,2026-09-04T06:05:00+00:00,2026-09-04T06:10:00+00:00,2.32,0.81,0.82,0.815,0.01,339.73,229.19,99
2026-09-04T06:07:41.011866+00:00,btc-updown-5m-1788502200,5,4183181,8380965273791563647577157629819775272883277537137487607956880531797318411487,2026-09-04T06:10:00+00:00,2026-09-04T06:15:00+00:00,7.32,0.5,0.51,0.505,0.01,404.04,802.47,99
2026-09-04T06:07:41.011866+00:00,btc-updown-15m-1788501600,15,4183143,110620231835838834338491083262537741658133399540017609243369151644069990767136,2026-09-04T06:00:00+00:00,2026-09-04T06:15:00+00:00,7.32,0.34,0.35,0.345,0.01,26.0,353.8,98
2026-09-04T06:07:41.011866+00:00,btc-updown-15m-1788502500,15,4183282,29510736428317799170734815885795598829199330563729126884189147280888360315940,2026-09-04T06:15:00+00:00,2026-09-04T06:30:00+00:00,22.32,0.5,0.51,0.505,0.01,450.0,619.08,99
2026-09-04T06:08:41.913542+00:00,btc-updown-5m-1788501900,5,4183171,79527036560902834780684290580261535478934379336933919259261205012631742604748,2026-09-04T06:05:00+00:00,2026-09-04T06:10:00+00:00,1.32,0.89,0.9,0.895,0.01,533.39,33.8,99
2026-09-04T06:08:41.913542+00:00,btc-updown-5m-1788502200,5,4183181,8380965273791563647577157629819775272883277537137487607956880531797318411487,2026-09-04T06:10:00+00:00,2026-09-04T06:15:00+00:00,6.32,0.5,0.51,0.505,0.01,170.04,530.7,99
2026-09-04T06:08:41.913542+00:00,btc-updown-15m-1788501600,15,4183143,110620231835838834338491083262537741658133399540017609243369151644069990767136,2026-09-04T06:00:00+00:00,2026-09-04T06:15:00+00:00,6.32,0.29,0.3,0.295,0.01,135.0,97.0,99
2026-09-04T06:08:41.913542+00:00,btc-updown-15m-1788502500,15,4183282,29510736428317799170734815885795598829199330563729126884189147280888360315940,2026-09-04T06:15:00+00:00,2026-09-04T06:30:00+00:00,21.32,0.5,0.51,0.505,0.01,250.0,619.08,99
2026-09-04T06:09:42.796094+00:00,btc-updown-5m-1788502200,5,4183181,8380965273791563647577157629819775272883277537137487607956880531797318411487,2026-09-04T06:10:00+00:00,2026-09-04T06:15:00+00:00,5.3,0.64,0.65,0.645,0.01,227.66,155.16,95
2026-09-04T06:09:42.796094+00:00,btc-updown-15m-1788501600,15,4183143,110620231835838834338491083262537741658133399540017609243369151644069990767136,2026-09-04T06:00:00+00:00,2026-09-04T06:15:00+00:00,5.3,0.64,0.65,0.645,0.01,115.0,89.29,99
2026-09-04T06:09:42.796094+00:00,btc-updown-15m-1788502500,15,4183282,29510736428317799170734815885795598829199330563729126884189147280888360315940,2026-09-04T06:15:00+00:00,2026-09-04T06:30:00+00:00,20.3,0.5,0.51,0.505,0.01,231.4,1139.08,99
2026-09-04T06:10:43.582041+00:00,btc-updown-5m-1788502200,5,4183181,8380965273791563647577157629819775272883277537137487607956880531797318411487,2026-09-04T06:10:00+00:00,2026-09-04T06:15:00+00:00,4.28,0.9,0.91,0.905,0.01,1083.11,141.5,99
2026-09-04T06:10:43.582041+00:00,btc-updown-5m-1788502500,5,4183283,64160209568353645312764962720777921336649150247884621461331254480957486491028,2026-09-04T06:15:00+00:00,2026-09-04T06:20:00+00:00,9.28,0.5,0.51,0.505,0.01,893.46,874.77,99
2026-09-04T06:10:43.582041+00:00,btc-updown-15m-1788501600,15,4183143,110620231835838834338491083262537741658133399540017609243369151644069990767136,2026-09-04T06:00:00+00:00,2026-09-04T06:15:00+00:00,4.28,0.91,0.92,0.915,0.01,35.0,102.19,99
2026-09-04T06:10:43.582041+00:00,btc-updown-15m-1788502500,15,4183282,29510736428317799170734815885795598829199330563729126884189147280888360315940,2026-09-04T06:15:00+00:00,2026-09-04T06:30:00+00:00,19.28,0.49,0.5,0.495,0.01,454.08,515.0,99
2026-09-04T06:11:44.476999+00:00,btc-updown-5m-1788502200,5,4183181,8380965273791563647577157629819775272883277537137487607956880531797318411487,2026-09-04T06:10:00+00:00,2026-09-04T06:15:00+00:00,3.27,0.94,0.95,0.945,0.01,372.21,464.71,99
2026-09-04T06:11:44.476999+00:00,btc-updown-5m-1788502500,5,4183283,64160209568353645312764962720777921336649150247884621461331254480957486491028,2026-09-04T06:15:00+00:00,2026-09-04T06:20:00+00:00,8.27,0.5,0.51,0.505,0.01,888.46,690.06,99
2026-09-04T06:11:44.476999+00:00,btc-updown-15m-1788501600,15,4183143,110620231835838834338491083262537741658133399540017609243369151644069990767136,2026-09-04T06:00:00+00:00,2026-09-04T06:15:00+00:00,3.27,0.92,0.93,0.925,0.01,42.5,459.02,99
2026-09-04T06:11:44.476999+00:00,btc-updown-15m-1788502500,15,4183282,29510736428317799170734815885795598829199330563729126884189147280888360315940,2026-09-04T06:15:00+00:00,2026-09-04T06:30:00+00:00,18.27,0.49,0.5,0.495,0.01,270.08,635.0,99
2026-09-04T06:12:45.370026+00:00,btc-updown-5m-1788502200,5,4183181,8380965273791563647577157629819775272883277537137487607956880531797318411487,2026-09-04T06:10:00+00:00,2026-09-04T06:15:00+00:00,2.25,0.94,0.95,0.945,0.01,542.9,65.21,99
2026-09-04T06:12:45.370026+00:00,btc-updown-5m-1788502500,5,4183283,64160209568353645312764962720777921336649150247884621461331254480957486491028,2026-09-04T06:15:00+00:00,2026-09-04T06:20:00+00:00,7.25,0.5,0.51,0.505,0.01,631.46,764.56,99
2026-09-04T06:12:45.370026+00:00,btc-updown-15m-1788501600,15,4183143,110620231835838834338491083262537741658133399540017609243369151644069990767136,2026-09-04T06:00:00+00:00,2026-09-04T06:15:00+00:00,2.25,0.91,0.92,0.915,0.01,315.0,5.0,99
2026-09-04T06:12:45.370026+00:00,btc-updown-15m-1788502500,15,4183282,29510736428317799170734815885795598829199330563729126884189147280888360315940,2026-09-04T06:15:00+00:00,2026-09-04T06:30:00+00:00,17.25,0.49,0.5,0.495,0.01,66.0,735.0,99
2026-09-04T06:13:47.368049+00:00,btc-updown-5m-1788502500,5,4183283,64160209568353645312764962720777921336649150247884621461331254480957486491028,2026-09-04T06:15:00+00:00,2026-09-04T06:20:00+00:00,6.22,0.47,0.48,0.475,0.01,71.13,33.35,99
2026-09-04T06:13:47.368049+00:00,btc-updown-15m-1788501600,15,4183143,110620231835838834338491083262537741658133399540017609243369151644069990767136,2026-09-04T06:00:00+00:00,2026-09-04T06:15:00+00:00,1.22,0.88,0.89,0.885,0.01,106.75,246.62,99
2026-09-04T06:13:47.368049+00:00,btc-updown-15m-1788502500,15,4183282,29510736428317799170734815885795598829199330563729126884189147280888360315940,2026-09-04T06:15:00+00:00,2026-09-04T06:30:00+00:00,16.22,0.49,0.5,0.495,0.01,56.0,689.0,99
2026-09-04T06:14:48.179004+00:00,btc-updown-5m-1788502500,5,4183283,64160209568353645312764962720777921336649150247884621461331254480957486491028,2026-09-04T06:15:00+00:00,2026-09-04T06:20:00+00:00,5.2,0.39,0.4,0.395,0.01,45.0,30.0,99
2026-09-04T06:14:48.179004+00:00,btc-updown-15m-1788502500,15,4183282,29510736428317799170734815885795598829199330563729126884189147280888360315940,2026-09-04T06:15:00+00:00,2026-09-04T06:30:00+00:00,15.2,0.49,0.5,0.495,0.01,198.08,291.64,96
2026-09-04T06:15:48.905881+00:00,btc-updown-5m-1788502500,5,4183283,64160209568353645312764962720777921336649150247884621461331254480957486491028,2026-09-04T06:15:00+00:00,2026-09-04T06:20:00+00:00,4.2,0.34,0.35,0.345,0.01,323.0,432.0,99
2026-09-04T06:15:48.905881+00:00,btc-updown-5m-1788502800,5,4183300,27302860191025066258649916719992021073635402631292072060508171020962038798063,2026-09-04T06:20:00+00:00,2026-09-04T06:25:00+00:00,9.2,0.49,0.5,0.495,0.01,590.39,584.87,99
2026-09-04T06:15:48.905881+00:00,btc-updown-15m-1788502500,15,4183282,29510736428317799170734815885795598829199330563729126884189147280888360315940,2026-09-04T06:15:00+00:00,2026-09-04T06:30:00+00:00,14.2,0.42,0.43,0.425,0.01,275.85,16.92,99
2026-09-04T06:15:48.905881+00:00,btc-updown-15m-1788503400,15,4183320,45096790815465425946549203617225473863947656347333664031905255858977200053780,2026-09-04T06:30:00+00:00,2026-09-04T06:45:00+00:00,29.2,0.49,0.5,0.495,0.01,424.08,510.0,95
2026-09-04T06:16:49.829572+00:00,btc-updown-5m-1788502500,5,4183283,64160209568353645312764962720777921336649150247884621461331254480957486491028,2026-09-04T06:15:00+00:00,2026-09-04T06:20:00+00:00,3.18,0.27,0.28,0.275,0.01,429.27,146.37,99
2026-09-04T06:16:49.829572+00:00,btc-updown-5m-1788502800,5,4183300,27302860191025066258649916719992021073635402631292072060508171020962038798063,2026-09-04T06:20:00+00:00,2026-09-04T06:25:00+00:00,8.18,0.49,0.5,0.495,0.01,625.39,530.87,99
2026-09-04T06:16:49.829572+00:00,btc-updown-15m-1788502500,15,4183282,29510736428317799170734815885795598829199330563729126884189147280888360315940,2026-09-04T06:15:00+00:00,2026-09-04T06:30:00+00:00,13.18,0.4,0.41,0.405,0.01,142.82,184.0,99
2026-09-04T06:16:49.829572+00:00,btc-updown-15m-1788503400,15,4183320,45096790815465425946549203617225473863947656347333664031905255858977200053780,2026-09-04T06:30:00+00:00,2026-09-04T06:45:00+00:00,28.18,0.49,0.5,0.495,0.01,424.08,521.0,95
2026-09-04T06:17:50.740812+00:00,btc-updown-5m-1788502500,5,4183283,64160209568353645312764962720777921336649150247884621461331254480957486491028,2026-09-04T06:15:00+00:00,2026-09-04T06:20:00+00:00,2.17,0.09,0.1,0.095,0.01,701.32,81.56,99
2026-09-04T06:17:50.740812+00:00,btc-updown-5m-1788502800,5,4183300,27302860191025066258649916719992021073635402631292072060508171020962038798063,2026-09-04T06:20:00+00:00,2026-09-04T06:25:00+00:00,7.17,0.49,0.5,0.495,0.01,597.39,502.82,99
2026-09-04T06:17:50.740812+00:00,btc-updown-15m-1788502500,15,4183282,29510736428317799170734815885795598829199330563729126884189147280888360315940,2026-09-04T06:15:00+00:00,2026-09-04T06:30:00+00:00,12.17,0.31,0.32,0.315,0.01,154.92,25.0,99
2026-09-04T06:17:50.740812+00:00,btc-updown-15m-1788503400,15,4183320,45096790815465425946549203617225473863947656347333664031905255858977200053780,2026-09-04T06:30:00+00:00,2026-09-04T06:45:00+00:00,27.17,0.49,0.5,0.495,0.01,424.08,581.0,95
2026-09-04T06:18:51.649890+00:00,btc-updown-5m-1788502500,5,4183283,64160209568353645312764962720777921336649150247884621461331254480957486491028,2026-09-04T06:15:00+00:00,2026-09-04T06:20:00+00:00,1.15,0.01,0.02,0.015,0.01,151.82,481.99,99
2026-09-04T06:18:51.649890+00:00,btc-updown-5m-1788502800,5,4183300,27302860191025066258649916719992021073635402631292072060508171020962038798063,2026-09-04T06:20:00+00:00,2026-09-04T06:25:00+00:00,6.15,0.48,0.49,0.485,0.01,267.38,427.62,99
2026-09-04T06:18:51.649890+00:00,btc-updown-15m-1788502500,15,4183282,29510736428317799170734815885795598829199330563729126884189147280888360315940,2026-09-04T06:15:00+00:00,2026-09-04T06:30:00+00:00,11.15,0.29,0.3,0.295,0.01,30.0,11.4,99
2026-09-04T06:18:51.649890+00:00,btc-updown-15m-1788503400,15,4183320,45096790815465425946549203617225473863947656347333664031905255858977200053780,2026-09-04T06:30:00+00:00,2026-09-04T06:45:00+00:00,26.15,0.49,0.5,0.495,0.01,444.08,261.0,95
2026-09-04T06:19:52.569146+00:00,btc-updown-5m-1788502800,5,4183300,27302860191025066258649916719992021073635402631292072060508171020962038798063,2026-09-04T06:20:00+00:00,2026-09-04T06:25:00+00:00,5.13,0.55,0.57,0.56,0.02,714.28,86.24,98
2026-09-04T06:19:52.569146+00:00,btc-updown-15m-1788502500,15,4183282,29510736428317799170734815885795598829199330563729126884189147280888360315940,2026-09-04T06:15:00+00:00,2026-09-04T06:30:00+00:00,10.13,0.31,0.32,0.315,0.01,88.0,134.98,99
2026-09-04T06:19:52.569146+00:00,btc-updown-15m-1788503400,15,4183320,45096790815465425946549203617225473863947656347333664031905255858977200053780,2026-09-04T06:30:00+00:00,2026-09-04T06:45:00+00:00,25.13,0.49,0.5,0.495,0.01,439.99,309.0,95
2026-09-04T06:20:53.387389+00:00,btc-updown-5m-1788502800,5,4183300,27302860191025066258649916719992021073635402631292072060508171020962038798063,2026-09-04T06:20:00+00:00,2026-09-04T06:25:00+00:00,4.12,0.21,0.22,0.215,0.01,204.63,316.47,99
2026-09-04T06:20:53.387389+00:00,btc-updown-5m-1788503100,5,4183312,39684500164628457590724982924002814377675591806269567485317859156236922564408,2026-09-04T06:25:00+00:00,2026-09-04T06:30:00+00:00,9.12,0.5,0.51,0.505,0.01,393.1,622.46,99
2026-09-04T06:20:53.387389+00:00,btc-updown-15m-1788502500,15,4183282,29510736428317799170734815885795598829199330563729126884189147280888360315940,2026-09-04T06:15:00+00:00,2026-09-04T06:30:00+00:00,9.12,0.2,0.21,0.205,0.01,95.0,260.15,99
2026-09-04T06:20:53.387389+00:00,btc-updown-15m-1788503400,15,4183320,45096790815465425946549203617225473863947656347333664031905255858977200053780,2026-09-04T06:30:00+00:00,2026-09-04T06:45:00+00:00,24.12,0.49,0.5,0.495,0.01,689.99,237.0,95
2026-09-04T06:21:54.306047+00:00,btc-updown-5m-1788502800,5,4183300,27302860191025066258649916719992021073635402631292072060508171020962038798063,2026-09-04T06:20:00+00:00,2026-09-04T06:25:00+00:00,3.1,0.28,0.29,0.285,0.01,500.33,148.97,99
2026-09-04T06:21:54.306047+00:00,btc-updown-5m-1788503100,5,4183312,39684500164628457590724982924002814377675591806269567485317859156236922564408,2026-09-04T06:25:00+00:00,2026-09-04T06:30:00+00:00,8.1,0.5,0.51,0.505,0.01,363.1,570.4,99
2026-09-04T06:21:54.306047+00:00,btc-updown-15m-1788502500,15,4183282,29510736428317799170734815885795598829199330563729126884189147280888360315940,2026-09-04T06:15:00+00:00,2026-09-04T06:30:00+00:00,8.1,0.21,0.22,0.215,0.01,190.46,50.9,99
2026-09-04T06:21:54.306047+00:00,btc-updown-15m-1788503400,15,4183320,45096790815465425946549203617225473863947656347333664031905255858977200053780,2026-09-04T06:30:00+00:00,2026-09-04T06:45:00+00:00,23.1,0.49,0.5,0.495,0.01,559.99,237.0,95
2026-09-04T06:22:55.218651+00:00,btc-updown-5m-1788502800,5,4183300,27302860191025066258649916719992021073635402631292072060508171020962038798063,2026-09-04T06:20:00+00:00,2026-09-04T06:25:00+00:00,2.08,0.05,0.06,0.055,0.01,144.14,625.97,99
2026-09-04T06:22:55.218651+00:00,btc-updown-5m-1788503100,5,4183312,39684500164628457590724982924002814377675591806269567485317859156236922564408,2026-09-04T06:25:00+00:00,2026-09-04T06:30:00+00:00,7.08,0.5,0.51,0.505,0.01,333.1,780.4,99
2026-09-04T06:22:55.218651+00:00,btc-updown-15m-1788502500,15,4183282,29510736428317799170734815885795598829199330563729126884189147280888360315940,2026-09-04T06:15:00+00:00,2026-09-04T06:30:00+00:00,7.08,0.12,0.13,0.125,0.01,15.0,160.87,99
2026-09-04T06:22:55.218651+00:00,btc-updown-15m-1788503400,15,4183320,45096790815465425946549203617225473863947656347333664031905255858977200053780,2026-09-04T06:30:00+00:00,2026-09-04T06:45:00+00:00,22.08,0.49,0.5,0.495,0.01,689.99,237.0,95
2026-09-04T06:23:56.126133+00:00,btc-updown-5m-1788503100,5,4183312,39684500164628457590724982924002814377675591806269567485317859156236922564408,2026-09-04T06:25:00+00:00,2026-09-04T06:30:00+00:00,6.07,0.5,0.51,0.505,0.01,77.1,25.19,99
2026-09-04T06:23:56.126133+00:00,btc-updown-15m-1788502500,15,4183282,29510736428317799170734815885795598829199330563729126884189147280888360315940,2026-09-04T06:15:00+00:00,2026-09-04T06:30:00+00:00,6.07,0.09,0.1,0.095,0.01,9.66,135.0,99
2026-09-04T06:23:56.126133+00:00,btc-updown-15m-1788503400,15,4183320,45096790815465425946549203617225473863947656347333664031905255858977200053780,2026-09-04T06:30:00+00:00,2026-09-04T06:45:00+00:00,21.07,0.49,0.5,0.495,0.01,639.99,237.0,95
2026-09-04T06:24:56.945294+00:00,btc-updown-5m-1788503100,5,4183312,39684500164628457590724982924002814377675591806269567485317859156236922564408,2026-09-04T06:25:00+00:00,2026-09-04T06:30:00+00:00,5.07,0.33,0.4,0.365,0.07,20.0,72.99,92
2026-09-04T06:24:56.945294+00:00,btc-updown-15m-1788502500,15,4183282,29510736428317799170734815885795598829199330563729126884189147280888360315940,2026-09-04T06:15:00+00:00,2026-09-04T06:30:00+00:00,5.07,0.03,0.04,0.035,0.01,30.0,135.0,99
2026-09-04T06:24:56.945294+00:00,btc-updown-15m-1788503400,15,4183320,45096790815465425946549203617225473863947656347333664031905255858977200053780,2026-09-04T06:30:00+00:00,2026-09-04T06:45:00+00:00,20.07,0.49,0.5,0.495,0.01,721.99,237.0,95
2026-09-04T06:25:57.789506+00:00,btc-updown-5m-1788503100,5,4183312,39684500164628457590724982924002814377675591806269567485317859156236922564408,2026-09-04T06:25:00+00:00,2026-09-04T06:30:00+00:00,4.05,0.21,0.22,0.215,0.01,59.0,436.78,99
2026-09-04T06:25:57.789506+00:00,btc-updown-5m-1788503400,5,4183330,94520512002715729948556606449160932421115084720228245944115480461783564343284,2026-09-04T06:30:00+00:00,2026-09-04T06:35:00+00:00,9.05,0.5,0.51,0.505,0.01,458.29,602.33,99
2026-09-04T06:25:57.789506+00:00,btc-updown-15m-1788502500,15,4183282,29510736428317799170734815885795598829199330563729126884189147280888360315940,2026-09-04T06:15:00+00:00,2026-09-04T06:30:00+00:00,4.05,0.01,0.02,0.015,0.01,287.79,171.55,99
2026-09-04T06:25:57.789506+00:00,btc-updown-15m-1788503400,15,4183320,45096790815465425946549203617225473863947656347333664031905255858977200053780,2026-09-04T06:30:00+00:00,2026-09-04T06:45:00+00:00,19.05,0.49,0.5,0.495,0.01,521.99,22.6,95
2026-09-04T06:26:58.703180+00:00,btc-updown-5m-1788503100,5,4183312,39684500164628457590724982924002814377675591806269567485317859156236922564408,2026-09-04T06:25:00+00:00,2026-09-04T06:30:00+00:00,3.03,0.04,0.05,0.045,0.01,538.24,210.48,99
2026-09-04T06:26:58.703180+00:00,btc-updown-5m-1788503400,5,4183330,94520512002715729948556606449160932421115084720228245944115480461783564343284,2026-09-04T06:30:00+00:00,2026-09-04T06:35:00+00:00,8.03,0.5,0.51,0.505,0.01,559.97,469.39,99
2026-09-04T06:26:58.703180+00:00,btc-updown-15m-1788503400,15,4183320,45096790815465425946549203617225473863947656347333664031905255858977200053780,2026-09-04T06:30:00+00:00,2026-09-04T06:45:00+00:00,18.03,0.5,0.51,0.505,0.01,497.4,30.39,95
2026-09-04T06:27:59.528679+00:00,btc-updown-5m-1788503100,5,4183312,39684500164628457590724982924002814377675591806269567485317859156236922564408,2026-09-04T06:25:00+00:00,2026-09-04T06:30:00+00:00,2.02,0.01,0.02,0.015,0.01,2550.96,600.19,99
2026-09-04T06:27:59.528679+00:00,btc-updown-5m-1788503400,5,4183330,94520512002715729948556606449160932421115084720228245944115480461783564343284,2026-09-04T06:30:00+00:00,2026-09-04T06:35:00+00:00,7.02,0.5,0.51,0.505,0.01,435.0,547.93,99
2026-09-04T06:27:59.528679+00:00,btc-updown-15m-1788502500,15,4183282,29510736428317799170734815885795598829199330563729126884189147280888360315940,2026-09-04T06:15:00+00:00,2026-09-04T06:30:00+00:00,2.02,0.001,0.002,0.0015,0.001,2069.99,2131.94,109
2026-09-04T06:27:59.528679+00:00,btc-updown-15m-1788503400,15,4183320,45096790815465425946549203617225473863947656347333664031905255858977200053780,2026-09-04T06:30:00+00:00,2026-09-04T06:45:00+00:00,17.02,0.51,0.52,0.515,0.01,266.08,159.56,95
2026-09-04T06:29:00.455257+00:00,btc-updown-5m-1788503400,5,4183330,94520512002715729948556606449160932421115084720228245944115480461783564343284,2026-09-04T06:30:00+00:00,2026-09-04T06:35:00+00:00,6.0,0.52,0.53,0.525,0.01,24.77,212.68,99
2026-09-04T06:29:00.455257+00:00,btc-updown-15m-1788503400,15,4183320,45096790815465425946549203617225473863947656347333664031905255858977200053780,2026-09-04T06:30:00+00:00,2026-09-04T06:45:00+00:00,16.0,0.51,0.52,0.515,0.01,445.54,169.47,95
2026-09-04T06:30:01.298913+00:00,btc-updown-5m-1788503400,5,4183330,94520512002715729948556606449160932421115084720228245944115480461783564343284,2026-09-04T06:30:00+00:00,2026-09-04T06:35:00+00:00,4.98,0.51,0.52,0.515,0.01,10.0,11.66,96
2026-09-04T06:30:01.298913+00:00,btc-updown-5m-1788503700,5,4183612,73857789359514073409166503619314329462493640838121793303724505323484332048401,2026-09-04T06:35:00+00:00,2026-09-04T06:40:00+00:00,9.98,0.5,0.51,0.505,0.01,961.04,333.0,99
2026-09-04T06:30:01.298913+00:00,btc-updown-15m-1788503400,15,4183320,45096790815465425946549203617225473863947656347333664031905255858977200053780,2026-09-04T06:30:00+00:00,2026-09-04T06:45:00+00:00,14.98,0.52,0.53,0.525,0.01,306.09,217.5,88
2026-09-04T06:30:01.298913+00:00,btc-updown-15m-1788504300,15,4183725,71555935317188581753050953505824078941148384818275077560950173029311170255348,2026-09-04T06:45:00+00:00,2026-09-04T07:00:00+00:00,29.98,0.5,0.51,0.505,0.01,590.0,215.0,91
2026-09-04T06:31:02.245931+00:00,btc-updown-5m-1788503400,5,4183330,94520512002715729948556606449160932421115084720228245944115480461783564343284,2026-09-04T06:30:00+00:00,2026-09-04T06:35:00+00:00,3.97,0.58,0.59,0.585,0.01,328.33,113.0,99
2026-09-04T06:31:02.245931+00:00,btc-updown-5m-1788503700,5,4183612,73857789359514073409166503619314329462493640838121793303724505323484332048401,2026-09-04T06:35:00+00:00,2026-09-04T06:40:00+00:00,8.97,0.51,0.52,0.515,0.01,137.78,317.24,99
2026-09-04T06:31:02.245931+00:00,btc-updown-15m-1788503400,15,4183320,45096790815465425946549203617225473863947656347333664031905255858977200053780,2026-09-04T06:30:00+00:00,2026-09-04T06:45:00+00:00,13.97,0.54,0.55,0.545,0.01,196.39,112.27,99
2026-09-04T06:31:02.245931+00:00,btc-updown-15m-1788504300,15,4183725,71555935317188581753050953505824078941148384818275077560950173029311170255348,2026-09-04T06:45:00+00:00,2026-09-04T07:00:00+00:00,28.97,0.5,0.51,0.505,0.01,996.32,215.83,95
2026-09-04T06:32:03.183274+00:00,btc-updown-5m-1788503400,5,4183330,94520512002715729948556606449160932421115084720228245944115480461783564343284,2026-09-04T06:30:00+00:00,2026-09-04T06:35:00+00:00,2.95,0.67,0.68,0.675,0.01,78.79,110.64,99
2026-09-04T06:32:03.183274+00:00,btc-updown-5m-1788503700,5,4183612,73857789359514073409166503619314329462493640838121793303724505323484332048401,2026-09-04T06:35:00+00:00,2026-09-04T06:40:00+00:00,7.95,0.51,0.52,0.515,0.01,147.78,391.24,99
2026-09-04T06:32:03.183274+00:00,btc-updown-15m-1788503400,15,4183320,45096790815465425946549203617225473863947656347333664031905255858977200053780,2026-09-04T06:30:00+00:00,2026-09-04T06:45:00+00:00,12.95,0.55,0.56,0.555,0.01,137.0,101.0,99
2026-09-04T06:32:03.183274+00:00,btc-updown-15m-1788504300,15,4183725,71555935317188581753050953505824078941148384818275077560950173029311170255348,2026-09-04T06:45:00+00:00,2026-09-04T07:00:00+00:00,27.95,0.5,0.51,0.505,0.01,996.32,205.0,95
2026-09-04T06:33:04.231167+00:00,btc-updown-5m-1788503400,5,4183330,94520512002715729948556606449160932421115084720228245944115480461783564343284,2026-09-04T06:30:00+00:00,2026-09-04T06:35:00+00:00,1.93,0.88,0.89,0.885,0.01,493.52,59.2,99
2026-09-04T06:33:04.231167+00:00,btc-updown-5m-1788503700,5,4183612,73857789359514073409166503619314329462493640838121793303724505323484332048401,2026-09-04T06:35:00+00:00,2026-09-04T06:40:00+00:00,6.93,0.51,0.52,0.515,0.01,173.77,350.25,99
2026-09-04T06:33:04.231167+00:00,btc-updown-15m-1788503400,15,4183320,45096790815465425946549203617225473863947656347333664031905255858977200053780,2026-09-04T06:30:00+00:00,2026-09-04T06:45:00+00:00,11.93,0.64,0.65,0.645,0.01,143.45,120.0,99
2026-09-04T06:33:04.231167+00:00,btc-updown-15m-1788504300,15,4183725,71555935317188581753050953505824078941148384818275077560950173029311170255348,2026-09-04T06:45:00+00:00,2026-09-04T07:00:00+00:00,26.93,0.5,0.51,0.505,0.01,996.32,409.08,95
2026-09-04T06:34:05.147994+00:00,btc-updown-5m-1788503400,5,4183330,94520512002715729948556606449160932421115084720228245944115480461783564343284,2026-09-04T06:30:00+00:00,2026-09-04T06:35:00+00:00,0.92,0.39,0.4,0.395,0.01,20.0,200.0,99
2026-09-04T06:34:05.147994+00:00,btc-updown-5m-1788503700,5,4183612,73857789359514073409166503619314329462493640838121793303724505323484332048401,2026-09-04T06:35:00+00:00,2026-09-04T06:40:00+00:00,5.92,0.52,0.53,0.525,0.01,140.36,206.02,99
2026-09-04T06:34:05.147994+00:00,btc-updown-15m-1788503400,15,4183320,45096790815465425946549203617225473863947656347333664031905255858977200053780,2026-09-04T06:30:00+00:00,2026-09-04T06:45:00+00:00,10.92,0.5,0.51,0.505,0.01,283.24,194.66,99
2026-09-04T06:34:05.147994+00:00,btc-updown-15m-1788504300,15,4183725,71555935317188581753050953505824078941148384818275077560950173029311170255348,2026-09-04T06:45:00+00:00,2026-09-04T07:00:00+00:00,25.92,0.5,0.51,0.505,0.01,646.32,205.0,95
2026-09-04T06:35:06.111882+00:00,btc-updown-5m-1788503700,5,4183612,73857789359514073409166503619314329462493640838121793303724505323484332048401,2026-09-04T06:35:00+00:00,2026-09-04T06:40:00+00:00,4.9,0.38,0.39,0.385,0.01,279.3,206.8,99
2026-09-04T06:35:06.111882+00:00,btc-updown-5m-1788504000,5,4183708,105471675276853745290076237789317368686597642033249176834241488769157700834319,2026-09-04T06:40:00+00:00,2026-09-04T06:45:00+00:00,9.9,0.5,0.51,0.505,0.01,889.0,348.0,99
2026-09-04T06:35:06.111882+00:00,btc-updown-15m-1788503400,15,4183320,45096790815465425946549203617225473863947656347333664031905255858977200053780,2026-09-04T06:30:00+00:00,2026-09-04T06:45:00+00:00,9.9,0.41,0.42,0.415,0.01,115.0,106.0,99
2026-09-04T06:35:06.111882+00:00,btc-updown-15m-1788504300,15,4183725,71555935317188581753050953505824078941148384818275077560950173029311170255348,2026-09-04T06:45:00+00:00,2026-09-04T07:00:00+00:00,24.9,0.5,0.51,0.505,0.01,1024.32,235.0,87
2026-09-04T06:36:07.023540+00:00,btc-updown-5m-1788503700,5,4183612,73857789359514073409166503619314329462493640838121793303724505323484332048401,2026-09-04T06:35:00+00:00,2026-09-04T06:40:00+00:00,3.88,0.34,0.36,0.35,0.02,300.0,70.0,98
2026-09-04T06:36:07.023540+00:00,btc-updown-5m-1788504000,5,4183708,105471675276853745290076237789317368686597642033249176834241488769157700834319,2026-09-04T06:40:00+00:00,2026-09-04T06:45:00+00:00,8.88,0.51,0.52,0.515,0.01,123.25,264.24,99
2026-09-04T06:36:07.023540+00:00,btc-updown-15m-1788503400,15,4183320,45096790815465425946549203617225473863947656347333664031905255858977200053780,2026-09-04T06:30:00+00:00,2026-09-04T06:45:00+00:00,8.88,0.35,0.36,0.355,0.01,22.33,254.0,99
2026-09-04T06:36:07.023540+00:00,btc-updown-15m-1788504300,15,4183725,71555935317188581753050953505824078941148384818275077560950173029311170255348,2026-09-04T06:45:00+00:00,2026-09-04T07:00:00+00:00,23.88,0.5,0.51,0.505,0.01,1024.32,233.03,88
2026-09-04T06:37:08.174505+00:00,btc-updown-5m-1788503700,5,4183612,73857789359514073409166503619314329462493640838121793303724505323484332048401,2026-09-04T06:35:00+00:00,2026-09-04T06:40:00+00:00,2.87,0.17,0.18,0.175,0.01,1284.62,588.8,99
2026-09-04T06:37:08.174505+00:00,btc-updown-5m-1788504000,5,4183708,105471675276853745290076237789317368686597642033249176834241488769157700834319,2026-09-04T06:40:00+00:00,2026-09-04T06:45:00+00:00,7.87,0.51,0.52,0.515,0.01,290.25,409.99,99
2026-09-04T06:37:08.174505+00:00,btc-updown-15m-1788503400,15,4183320,45096790815465425946549203617225473863947656347333664031905255858977200053780,2026-09-04T06:30:00+00:00,2026-09-04T06:45:00+00:00,7.87,0.21,0.22,0.215,0.01,132.0,150.37,99
2026-09-04T06:37:08.174505+00:00,btc-updown-15m-1788504300,15,4183725,71555935317188581753050953505824078941148384818275077560950173029311170255348,2026-09-04T06:45:00+00:00,2026-09-04T07:00:00+00:00,22.87,0.5,0.51,0.505,0.01,1094.32,200.0,88
2026-09-04T06:38:09.098868+00:00,btc-updown-5m-1788503700,5,4183612,73857789359514073409166503619314329462493640838121793303724505323484332048401,2026-09-04T06:35:00+00:00,2026-09-04T06:40:00+00:00,1.85,0.26,0.27,0.265,0.01,68.78,16.33,99
2026-09-04T06:38:09.098868+00:00,btc-updown-5m-1788504000,5,4183708,105471675276853745290076237789317368686597642033249176834241488769157700834319,2026-09-04T06:40:00+00:00,2026-09-04T06:45:00+00:00,6.85,0.51,0.52,0.515,0.01,168.25,152.68,99
2026-09-04T06:38:09.098868+00:00,btc-updown-15m-1788503400,15,4183320,45096790815465425946549203617225473863947656347333664031905255858977200053780,2026-09-04T06:30:00+00:00,2026-09-04T06:45:00+00:00,6.85,0.39,0.4,0.395,0.01,20.0,25.0,98
2026-09-04T06:38:09.098868+00:00,btc-updown-15m-1788504300,15,4183725,71555935317188581753050953505824078941148384818275077560950173029311170255348,2026-09-04T06:45:00+00:00,2026-09-04T07:00:00+00:00,21.85,0.5,0.51,0.505,0.01,1104.32,210.2,88
2026-09-04T06:39:10.036447+00:00,btc-updown-5m-1788503700,5,4183612,73857789359514073409166503619314329462493640838121793303724505323484332048401,2026-09-04T06:35:00+00:00,2026-09-04T06:40:00+00:00,0.83,0.9,0.91,0.905,0.01,134.12,230.74,96
2026-09-04T06:39:10.036447+00:00,btc-updown-5m-1788504000,5,4183708,105471675276853745290076237789317368686597642033249176834241488769157700834319,2026-09-04T06:40:00+00:00,2026-09-04T06:45:00+00:00,5.83,0.5,0.51,0.505,0.01,39.06,122.02,99
2026-09-04T06:39:10.036447+00:00,btc-updown-15m-1788503400,15,4183320,45096790815465425946549203617225473863947656347333664031905255858977200053780,2026-09-04T06:30:00+00:00,2026-09-04T06:45:00+00:00,5.83,0.62,0.63,0.625,0.01,141.0,20.0,99
2026-09-04T06:39:10.036447+00:00,btc-updown-15m-1788504300,15,4183725,71555935317188581753050953505824078941148384818275077560950173029311170255348,2026-09-04T06:45:00+00:00,2026-09-04T07:00:00+00:00,20.83,0.5,0.51,0.505,0.01,769.32,200.0,88
2026-09-04T06:40:10.964274+00:00,btc-updown-5m-1788504000,5,4183708,105471675276853745290076237789317368686597642033249176834241488769157700834319,2026-09-04T06:40:00+00:00,2026-09-04T06:45:00+00:00,4.83,0.57,0.59,0.58,0.02,103.6,33.33,98
2026-09-04T06:40:10.964274+00:00,btc-updown-5m-1788504300,5,4183722,105009119492278281143198185438882156994654238649777724271884979242914482403313,2026-09-04T06:45:00+00:00,2026-09-04T06:50:00+00:00,9.83,0.5,0.51,0.505,0.01,946.22,692.88,99
2026-09-04T06:40:10.964274+00:00,btc-updown-15m-1788503400,15,4183320,45096790815465425946549203617225473863947656347333664031905255858977200053780,2026-09-04T06:30:00+00:00,2026-09-04T06:45:00+00:00,4.83,0.76,0.77,0.765,0.01,10.0,15.0,97
2026-09-04T06:40:10.964274+00:00,btc-updown-15m-1788504300,15,4183725,71555935317188581753050953505824078941148384818275077560950173029311170255348,2026-09-04T06:45:00+00:00,2026-09-04T07:00:00+00:00,19.83,0.51,0.52,0.515,0.01,146.0,248.33,89
2026-09-04T06:41:12.351328+00:00,btc-updown-5m-1788504000,5,4183708,105471675276853745290076237789317368686597642033249176834241488769157700834319,2026-09-04T06:40:00+00:00,2026-09-04T06:45:00+00:00,3.8,0.68,0.69,0.685,0.01,336.96,289.41,99
2026-09-04T06:41:12.351328+00:00,btc-updown-5m-1788504300,5,4183722,105009119492278281143198185438882156994654238649777724271884979242914482403313,2026-09-04T06:45:00+00:00,2026-09-04T06:50:00+00:00,8.8,0.5,0.51,0.505,0.01,1014.22,611.39,99
2026-09-04T06:41:12.351328+00:00,btc-updown-15m-1788503400,15,4183320,45096790815465425946549203617225473863947656347333664031905255858977200053780,2026-09-04T06:30:00+00:00,2026-09-04T06:45:00+00:00,3.8,0.83,0.84,0.835,0.01,125.0,8.0,99
2026-09-04T06:41:12.351328+00:00,btc-updown-15m-1788504300,15,4183725,71555935317188581753050953505824078941148384818275077560950173029311170255348,2026-09-04T06:45:00+00:00,2026-09-04T07:00:00+00:00,18.8,0.51,0.52,0.515,0.01,282.08,248.33,89
2026-09-04T06:42:13.279184+00:00,btc-updown-5m-1788504000,5,4183708,105471675276853745290076237789317368686597642033249176834241488769157700834319,2026-09-04T06:40:00+00:00,2026-09-04T06:45:00+00:00,2.78,0.88,0.89,0.885,0.01,14.11,371.66,99
2026-09-04T06:42:13.279184+00:00,btc-updown-5m-1788504300,5,4183722,105009119492278281143198185438882156994654238649777724271884979242914482403313,2026-09-04T06:45:00+00:00,2026-09-04T06:50:00+00:00,7.78,0.5,0.51,0.505,0.01,988.22,822.45,99
2026-09-04T06:42:13.279184+00:00,btc-updown-15m-1788503400,15,4183320,45096790815465425946549203617225473863947656347333664031905255858977200053780,2026-09-04T06:30:00+00:00,2026-09-04T06:45:00+00:00,2.78,0.94,0.95,0.945,0.01,100.0,161.0,99
2026-09-04T06:42:13.279184+00:00,btc-updown-15m-1788504300,15,4183725,71555935317188581753050953505824078941148384818275077560950173029311170255348,2026-09-04T06:45:00+00:00,2026-09-04T07:00:00+00:00,17.78,0.51,0.52,0.515,0.01,250.12,762.4,95
2026-09-04T06:43:14.388112+00:00,btc-updown-5m-1788504000,5,4183708,105471675276853745290076237789317368686597642033249176834241488769157700834319,2026-09-04T06:40:00+00:00,2026-09-04T06:45:00+00:00,1.77,0.96,0.97,0.965,0.01,822.32,5.0,99
2026-09-04T06:43:14.388112+00:00,btc-updown-5m-1788504300,5,4183722,105009119492278281143198185438882156994654238649777724271884979242914482403313,2026-09-04T06:45:00+00:00,2026-09-04T06:50:00+00:00,6.77,0.5,0.51,0.505,0.01,157.22,547.73,99
2026-09-04T06:43:14.388112+00:00,btc-updown-15m-1788503400,15,4183320,45096790815465425946549203617225473863947656347333664031905255858977200053780,2026-09-04T06:30:00+00:00,2026-09-04T06:45:00+00:00,1.77,0.99,0.998,0.994,0.008,833.09,1996.69,113
2026-09-04T06:43:14.388112+00:00,btc-updown-15m-1788504300,15,4183725,71555935317188581753050953505824078941148384818275077560950173029311170255348,2026-09-04T06:45:00+00:00,2026-09-04T07:00:00+00:00,16.77,0.51,0.52,0.515,0.01,289.12,270.07,95
2026-09-04T06:44:15.309223+00:00,btc-updown-5m-1788504300,5,4183722,105009119492278281143198185438882156994654238649777724271884979242914482403313,2026-09-04T06:45:00+00:00,2026-09-04T06:50:00+00:00,5.75,0.5,0.51,0.505,0.01,215.6,19.9,99
2026-09-04T06:44:15.309223+00:00,btc-updown-15m-1788504300,15,4183725,71555935317188581753050953505824078941148384818275077560950173029311170255348,2026-09-04T06:45:00+00:00,2026-09-04T07:00:00+00:00,15.75,0.51,0.52,0.515,0.01,261.28,208.33,88
2026-09-04T06:45:16.018781+00:00,btc-updown-5m-1788504300,5,4183722,105009119492278281143198185438882156994654238649777724271884979242914482403313,2026-09-04T06:45:00+00:00,2026-09-04T06:50:00+00:00,4.73,0.59,0.6,0.595,0.01,115.0,839.64,99
2026-09-04T06:45:16.018781+00:00,btc-updown-5m-1788504600,5,4183812,95644758665201448007388804809014741629172047699928983168092745082677609168889,2026-09-04T06:50:00+00:00,2026-09-04T06:55:00+00:00,9.73,0.5,0.51,0.505,0.01,951.67,752.0,99
2026-09-04T06:45:16.018781+00:00,btc-updown-15m-1788504300,15,4183725,71555935317188581753050953505824078941148384818275077560950173029311170255348,2026-09-04T06:45:00+00:00,2026-09-04T07:00:00+00:00,14.73,0.54,0.55,0.545,0.01,24.65,244.85,99
2026-09-04T06:45:16.018781+00:00,btc-updown-15m-1788505200,15,4183969,3418446401063311461098899785905122204439608645343093441656942947694261878035,2026-09-04T07:00:00+00:00,2026-09-04T07:15:00+00:00,29.73,0.5,0.51,0.505,0.01,480.0,469.08,93
2026-09-04T06:46:16.939496+00:00,btc-updown-5m-1788504300,5,4183722,105009119492278281143198185438882156994654238649777724271884979242914482403313,2026-09-04T06:45:00+00:00,2026-09-04T06:50:00+00:00,3.73,0.4,0.41,0.405,0.01,106.66,290.35,99
2026-09-04T06:46:16.939496+00:00,btc-updown-5m-1788504600,5,4183812,95644758665201448007388804809014741629172047699928983168092745082677609168889,2026-09-04T06:50:00+00:00,2026-09-04T06:55:00+00:00,8.73,0.5,0.51,0.505,0.01,851.0,718.78,99
2026-09-04T06:46:16.939496+00:00,btc-updown-15m-1788504300,15,4183725,71555935317188581753050953505824078941148384818275077560950173029311170255348,2026-09-04T06:45:00+00:00,2026-09-04T07:00:00+00:00,13.73,0.42,0.43,0.425,0.01,526.0,4.6,99
2026-09-04T06:46:16.939496+00:00,btc-updown-15m-1788505200,15,4183969,3418446401063311461098899785905122204439608645343093441656942947694261878035,2026-09-04T07:00:00+00:00,2026-09-04T07:15:00+00:00,28.73,0.5,0.51,0.505,0.01,480.0,469.08,95
2026-09-04T06:47:17.832933+00:00,btc-updown-5m-1788504300,5,4183722,105009119492278281143198185438882156994654238649777724271884979242914482403313,2026-09-04T06:45:00+00:00,2026-09-04T06:50:00+00:00,2.72,0.28,0.29,0.285,0.01,195.23,30.0,99
2026-09-04T06:47:17.832933+00:00,btc-updown-5m-1788504600,5,4183812,95644758665201448007388804809014741629172047699928983168092745082677609168889,2026-09-04T06:50:00+00:00,2026-09-04T06:55:00+00:00,7.72,0.5,0.51,0.505,0.01,851.0,823.78,99
2026-09-04T06:47:17.832933+00:00,btc-updown-15m-1788504300,15,4183725,71555935317188581753050953505824078941148384818275077560950173029311170255348,2026-09-04T06:45:00+00:00,2026-09-04T07:00:00+00:00,12.72,0.39,0.4,0.395,0.01,582.54,19.0,99
2026-09-04T06:47:17.832933+00:00,btc-updown-15m-1788505200,15,4183969,3418446401063311461098899785905122204439608645343093441656942947694261878035,2026-09-04T07:00:00+00:00,2026-09-04T07:15:00+00:00,27.72,0.5,0.51,0.505,0.01,590.0,469.08,95
2026-09-04T06:48:18.740180+00:00,btc-updown-5m-1788504300,5,4183722,105009119492278281143198185438882156994654238649777724271884979242914482403313,2026-09-04T06:45:00+00:00,2026-09-04T06:50:00+00:00,1.7,0.01,0.02,0.015,0.01,8178.78,304.24,99
2026-09-04T06:48:18.740180+00:00,btc-updown-5m-1788504600,5,4183812,95644758665201448007388804809014741629172047699928983168092745082677609168889,2026-09-04T06:50:00+00:00,2026-09-04T06:55:00+00:00,6.7,0.5,0.51,0.505,0.01,46.0,504.95,99
2026-09-04T06:48:18.740180+00:00,btc-updown-15m-1788504300,15,4183725,71555935317188581753050953505824078941148384818275077560950173029311170255348,2026-09-04T06:45:00+00:00,2026-09-04T07:00:00+00:00,11.7,0.27,0.28,0.275,0.01,124.49,17.47,99
2026-09-04T06:48:18.740180+00:00,btc-updown-15m-1788505200,15,4183969,3418446401063311461098899785905122204439608645343093441656942947694261878035,2026-09-04T07:00:00+00:00,2026-09-04T07:15:00+00:00,26.7,0.5,0.51,0.505,0.01,590.0,469.08,95
2026-09-04T06:49:19.683959+00:00,btc-updown-5m-1788504600,5,4183812,95644758665201448007388804809014741629172047699928983168092745082677609168889,2026-09-04T06:50:00+00:00,2026-09-04T06:55:00+00:00,5.68,0.49,0.5,0.495,0.01,71.04,391.0,99
2026-09-04T06:49:19.683959+00:00,btc-updown-15m-1788504300,15,4183725,71555935317188581753050953505824078941148384818275077560950173029311170255348,2026-09-04T06:45:00+00:00,2026-09-04T07:00:00+00:00,10.68,0.21,0.22,0.215,0.01,17.8,50.0,99
2026-09-04T06:49:19.683959+00:00,btc-updown-15m-1788505200,15,4183969,3418446401063311461098899785905122204439608645343093441656942947694261878035,2026-09-04T07:00:00+00:00,2026-09-04T07:15:00+00:00,25.68,0.5,0.51,0.505,0.01,560.0,469.08,95
2026-09-04T06:50:20.505395+00:00,btc-updown-5m-1788504600,5,4183812,95644758665201448007388804809014741629172047699928983168092745082677609168889,2026-09-04T06:50:00+00:00,2026-09-04T06:55:00+00:00,4.67,0.36,0.37,0.365,0.01,486.33,30.0,99
2026-09-04T06:50:20.505395+00:00,btc-updown-5m-1788504900,5,4183955,550081229912789416290519995860388062956428663052050927810774853930369948915,2026-09-04T06:55:00+00:00,2026-09-04T07:00:00+00:00,9.67,0.5,0.51,0.505,0.01,1039.88,686.65,99
2026-09-04T06:50:20.505395+00:00,btc-updown-15m-1788504300,15,4183725,71555935317188581753050953505824078941148384818275077560950173029311170255348,2026-09-04T06:45:00+00:00,2026-09-04T07:00:00+00:00,9.67,0.16,0.17,0.165,0.01,75.0,75.47,99
2026-09-04T06:50:20.505395+00:00,btc-updown-15m-1788505200,15,4183969,3418446401063311461098899785905122204439608645343093441656942947694261878035,2026-09-04T07:00:00+00:00,2026-09-04T07:15:00+00:00,24.67,0.5,0.51,0.505,0.01,590.0,497.11,91
2026-09-04T06:51:21.425210+00:00,btc-updown-5m-1788504600,5,4183812,95644758665201448007388804809014741629172047699928983168092745082677609168889,2026-09-04T06:50:00+00:00,2026-09-04T06:55:00+00:00,3.65,0.2,0.21,0.205,0.01,230.0,360.15,99
2026-09-04T06:51:21.425210+00:00,btc-updown-5m-1788504900,5,4183955,550081229912789416290519995860388062956428663052050927810774853930369948915,2026-09-04T06:55:00+00:00,2026-09-04T07:00:00+00:00,8.65,0.5,0.51,0.505,0.01,1039.88,593.4,99
2026-09-04T06:51:21.425210+00:00,btc-updown-15m-1788504300,15,4183725,71555935317188581753050953505824078941148384818275077560950173029311170255348,2026-09-04T06:45:00+00:00,2026-09-04T07:00:00+00:00,8.65,0.11,0.12,0.115,0.01,50.0,257.5,99
2026-09-04T06:51:21.425210+00:00,btc-updown-15m-1788505200,15,4183969,3418446401063311461098899785905122204439608645343093441656942947694261878035,2026-09-04T07:00:00+00:00,2026-09-04T07:15:00+00:00,23.65,0.5,0.51,0.505,0.01,588.0,497.11,91
2026-09-04T06:52:22.373837+00:00,btc-updown-5m-1788504600,5,4183812,95644758665201448007388804809014741629172047699928983168092745082677609168889,2026-09-04T06:50:00+00:00,2026-09-04T06:55:00+00:00,2.63,0.12,0.13,0.125,0.01,150.0,493.42,99
2026-09-04T06:52:22.373837+00:00,btc-updown-5m-1788504900,5,4183955,550081229912789416290519995860388062956428663052050927810774853930369948915,2026-09-04T06:55:00+00:00,2026-09-04T07:00:00+00:00,7.63,0.5,0.51,0.505,0.01,1009.88,760.4,99
2026-09-04T06:52:22.373837+00:00,btc-updown-15m-1788504300,15,4183725,71555935317188581753050953505824078941148384818275077560950173029311170255348,2026-09-04T06:45:00+00:00,2026-09-04T07:00:00+00:00,7.63,0.08,0.09,0.085,0.01,142.01,39.88,99
2026-09-04T06:52:22.373837+00:00,btc-updown-15m-1788505200,15,4183969,3418446401063311461098899785905122204439608645343093441656942947694261878035,2026-09-04T07:00:00+00:00,2026-09-04T07:15:00+00:00,22.63,0.5,0.51,0.505,0.01,988.0,490.69,91
2026-09-04T06:53:23.349598+00:00,btc-updown-5m-1788504600,5,4183812,95644758665201448007388804809014741629172047699928983168092745082677609168889,2026-09-04T06:50:00+00:00,2026-09-04T06:55:00+00:00,1.62,0.36,0.37,0.365,0.01,65.0,340.0,98
2026-09-04T06:53:23.349598+00:00,btc-updown-5m-1788504900,5,4183955,550081229912789416290519995860388062956428663052050927810774853930369948915,2026-09-04T06:55:00+00:00,2026-09-04T07:00:00+00:00,6.62,0.5,0.51,0.505,0.01,137.0,540.59,99
2026-09-04T06:53:23.349598+00:00,btc-updown-15m-1788504300,15,4183725,71555935317188581753050953505824078941148384818275077560950173029311170255348,2026-09-04T06:45:00+00:00,2026-09-04T07:00:00+00:00,6.62,0.14,0.16,0.15,0.02,5521.76,15.0,98
2026-09-04T06:53:23.349598+00:00,btc-updown-15m-1788505200,15,4183969,3418446401063311461098899785905122204439608645343093441656942947694261878035,2026-09-04T07:00:00+00:00,2026-09-04T07:15:00+00:00,21.62,0.5,0.51,0.505,0.01,558.0,440.69,91
2026-09-04T06:54:24.434124+00:00,btc-updown-5m-1788504600,5,4183812,95644758665201448007388804809014741629172047699928983168092745082677609168889,2026-09-04T06:50:00+00:00,2026-09-04T06:55:00+00:00,0.6,0.49,0.5,0.495,0.01,14.5,70.0,94
2026-09-04T06:54:24.434124+00:00,btc-updown-5m-1788504900,5,4183955,550081229912789416290519995860388062956428663052050927810774853930369948915,2026-09-04T06:55:00+00:00,2026-09-04T07:00:00+00:00,5.6,0.5,0.51,0.505,0.01,513.0,5.0,99
2026-09-04T06:54:24.434124+00:00,btc-updown-15m-1788504300,15,4183725,71555935317188581753050953505824078941148384818275077560950173029311170255348,2026-09-04T06:45:00+00:00,2026-09-04T07:00:00+00:00,5.6,0.17,0.18,0.175,0.01,91.4,141.53,99
2026-09-04T06:54:24.434124+00:00,btc-updown-15m-1788505200,15,4183969,3418446401063311461098899785905122204439608645343093441656942947694261878035,2026-09-04T07:00:00+00:00,2026-09-04T07:15:00+00:00,20.6,0.5,0.51,0.505,0.01,556.0,490.69,91
2026-09-04T06:55:25.348526+00:00,btc-updown-5m-1788504900,5,4183955,550081229912789416290519995860388062956428663052050927810774853930369948915,2026-09-04T06:55:00+00:00,2026-09-04T07:00:00+00:00,4.58,0.61,0.62,0.615,0.01,183.0,289.72,99
2026-09-04T06:55:25.348526+00:00,btc-updown-5m-1788505200,5,4183966,28137778149811651291067404077093969190574112485483491865789618001519629959012,2026-09-04T07:00:00+00:00,2026-09-04T07:05:00+00:00,9.58,0.5,0.51,0.505,0.01,962.93,698.61,99
2026-09-04T06:55:25.348526+00:00,btc-updown-15m-1788504300,15,4183725,71555935317188581753050953505824078941148384818275077560950173029311170255348,2026-09-04T06:45:00+00:00,2026-09-04T07:00:00+00:00,4.58,0.15,0.16,0.155,0.01,127.65,150.0,99
2026-09-04T06:55:25.348526+00:00,btc-updown-15m-1788505200,15,4183969,3418446401063311461098899785905122204439608645343093441656942947694261878035,2026-09-04T07:00:00+00:00,2026-09-04T07:15:00+00:00,19.58,0.5,0.51,0.505,0.01,306.0,302.69,91
2026-09-04T06:56:26.272979+00:00,btc-updown-5m-1788504900,5,4183955,550081229912789416290519995860388062956428663052050927810774853930369948915,2026-09-04T06:55:00+00:00,2026-09-04T07:00:00+00:00,3.57,0.66,0.67,0.665,0.01,579.14,123.0,99
2026-09-04T06:56:26.272979+00:00,btc-updown-5m-1788505200,5,4183966,28137778149811651291067404077093969190574112485483491865789618001519629959012,2026-09-04T07:00:00+00:00,2026-09-04T07:05:00+00:00,8.57,0.5,0.51,0.505,0.01,962.93,637.38,99
2026-09-04T06:56:26.272979+00:00,btc-updown-15m-1788504300,15,4183725,71555935317188581753050953505824078941148384818275077560950173029311170255348,2026-09-04T06:45:00+00:00,2026-09-04T07:00:00+00:00,3.57,0.16,0.17,0.165,0.01,128.07,75.0,99
2026-09-04T06:56:26.272979+00:00,btc-updown-15m-1788505200,15,4183969,3418446401063311461098899785905122204439608645343093441656942947694261878035,2026-09-04T07:00:00+00:00,2026-09-04T07:15:00+00:00,18.57,0.5,0.51,0.505,0.01,316.0,302.69,91
2026-09-04T06:57:27.199608+00:00,btc-updown-5m-1788504900,5,4183955,550081229912789416290519995860388062956428663052050927810774853930369948915,2026-09-04T06:55:00+00:00,2026-09-04T07:00:00+00:00,2.55,0.26,0.27,0.265,0.01,69.28,217.13,99
2026-09-04T06:57:27.199608+00:00,btc-updown-5m-1788505200,5,4183966,28137778149811651291067404077093969190574112485483491865789618001519629959012,2026-09-04T07:00:00+00:00,2026-09-04T07:05:00+00:00,7.55,0.5,0.51,0.505,0.01,942.93,754.38,99
2026-09-04T06:57:27.199608+00:00,btc-updown-15m-1788504300,15,4183725,71555935317188581753050953505824078941148384818275077560950173029311170255348,2026-09-04T06:45:00+00:00,2026-09-04T07:00:00+00:00,2.55,0.03,0.04,0.035,0.01,195.22,155.0,99
2026-09-04T06:57:27.199608+00:00,btc-updown-15m-1788505200,15,4183969,3418446401063311461098899785905122204439608645343093441656942947694261878035,2026-09-04T07:00:00+00:00,2026-09-04T07:15:00+00:00,17.55,0.5,0.51,0.505,0.01,406.0,191.51,95
2026-09-04T06:58:28.120427+00:00,btc-updown-5m-1788504900,5,4183955,550081229912789416290519995860388062956428663052050927810774853930369948915,2026-09-04T06:55:00+00:00,2026-09-04T07:00:00+00:00,1.53,0.53,0.54,0.535,0.01,31.38,497.24,99
2026-09-04T06:58:28.120427+00:00,btc-updown-5m-1788505200,5,4183966,28137778149811651291067404077093969190574112485483491865789618001519629959012,2026-09-04T07:00:00+00:00,2026-09-04T07:05:00+00:00,6.53,0.5,0.51,0.505,0.01,133.93,539.38,99
2026-09-04T06:58:28.120427+00:00,btc-updown-15m-1788505200,15,4183969,3418446401063311461098899785905122204439608645343093441656942947694261878035,2026-09-04T07:00:00+00:00,2026-09-04T07:15:00+00:00,16.53,0.51,0.52,0.515,0.01,374.03,208.33,95
2026-09-04T06:59:28.972794+00:00,btc-updown-5m-1788505200,5,4183966,28137778149811651291067404077093969190574112485483491865789618001519629959012,2026-09-04T07:00:00+00:00,2026-09-04T07:05:00+00:00,5.53,0.5,0.51,0.505,0.01,50.15,747.29,99
2026-09-04T06:59:28.972794+00:00,btc-updown-15m-1788505200,15,4183969,3418446401063311461098899785905122204439608645343093441656942947694261878035,2026-09-04T07:00:00+00:00,2026-09-04T07:15:00+00:00,15.53,0.51,0.52,0.515,0.01,341.98,275.78,91
2026-09-04T07:00:29.726430+00:00,btc-updown-5m-1788505200,5,4183966,28137778149811651291067404077093969190574112485483491865789618001519629959012,2026-09-04T07:00:00+00:00,2026-09-04T07:05:00+00:00,4.52,0.74,0.75,0.745,0.01,75.0,538.0,99
2026-09-04T07:00:29.726430+00:00,btc-updown-5m-1788505500,5,4183978,9449484107313948932956036421251552366456582250129754008644958509188207318056,2026-09-04T07:05:00+00:00,2026-09-04T07:10:00+00:00,9.52,0.5,0.51,0.505,0.01,338.74,739.11,99
2026-09-04T07:00:29.726430+00:00,btc-updown-15m-1788505200,15,4183969,3418446401063311461098899785905122204439608645343093441656942947694261878035,2026-09-04T07:00:00+00:00,2026-09-04T07:15:00+00:00,14.52,0.62,0.63,0.625,0.01,71.0,260.53,99
2026-09-04T07:00:29.726430+00:00,btc-updown-15m-1788506100,15,4184200,22985214855716447464367857915306789780903890220550407625652141019919079941619,2026-09-04T07:15:00+00:00,2026-09-04T07:30:00+00:00,29.52,0.5,0.51,0.505,0.01,476.0,469.08,95
2026-09-04T07:01:30.656206+00:00,btc-updown-5m-1788505200,5,4183966,28137778149811651291067404077093969190574112485483491865789618001519629959012,2026-09-04T07:00:00+00:00,2026-09-04T07:05:00+00:00,3.5,0.9,0.91,0.905,0.01,84.88,193.36,99
2026-09-04T07:01:30.656206+00:00,btc-updown-5m-1788505500,5,4183978,9449484107313948932956036421251552366456582250129754008644958509188207318056,2026-09-04T07:05:00+00:00,2026-09-04T07:10:00+00:00,8.5,0.5,0.51,0.505,0.01,333.74,642.09,99
2026-09-04T07:01:30.656206+00:00,btc-updown-15m-1788505200,15,4183969,3418446401063311461098899785905122204439608645343093441656942947694261878035,2026-09-04T07:00:00+00:00,2026-09-04T07:15:00+00:00,13.5,0.72,0.73,0.725,0.01,16.44,147.0,99
2026-09-04T07:01:30.656206+00:00,btc-updown-15m-1788506100,15,4184200,22985214855716447464367857915306789780903890220550407625652141019919079941619,2026-09-04T07:15:00+00:00,2026-09-04T07:30:00+00:00,28.5,0.5,0.51,0.505,0.01,456.0,629.08,97
2026-09-04T07:02:31.589511+00:00,btc-updown-5m-1788505200,5,4183966,28137778149811651291067404077093969190574112485483491865789618001519629959012,2026-09-04T07:00:00+00:00,2026-09-04T07:05:00+00:00,2.48,0.86,0.87,0.865,0.01,138.85,342.6,99
2026-09-04T07:02:31.589511+00:00,btc-updown-5m-1788505500,5,4183978,9449484107313948932956036421251552366456582250129754008644958509188207318056,2026-09-04T07:05:00+00:00,2026-09-04T07:10:00+00:00,7.48,0.5,0.51,0.505,0.01,285.34,832.87,99
2026-09-04T07:02:31.589511+00:00,btc-updown-15m-1788505200,15,4183969,3418446401063311461098899785905122204439608645343093441656942947694261878035,2026-09-04T07:00:00+00:00,2026-09-04T07:15:00+00:00,12.48,0.66,0.67,0.665,0.01,156.02,198.66,99
2026-09-04T07:02:31.589511+00:00,btc-updown-15m-1788506100,15,4184200,22985214855716447464367857915306789780903890220550407625652141019919079941619,2026-09-04T07:15:00+00:00,2026-09-04T07:30:00+00:00,27.48,0.5,0.51,0.505,0.01,256.0,489.08,97
2026-09-04T07:03:32.495396+00:00,btc-updown-5m-1788505500,5,4183978,9449484107313948932956036421251552366456582250129754008644958509188207318056,2026-09-04T07:05:00+00:00,2026-09-04T07:10:00+00:00,6.47,0.49,0.51,0.5,0.02,56.6,620.9,98
2026-09-04T07:03:32.495396+00:00,btc-updown-15m-1788505200,15,4183969,3418446401063311461098899785905122204439608645343093441656942947694261878035,2026-09-04T07:00:00+00:00,2026-09-04T07:15:00+00:00,11.47,0.71,0.72,0.715,0.01,119.0,105.0,99
2026-09-04T07:03:32.495396+00:00,btc-updown-15m-1788506100,15,4184200,22985214855716447464367857915306789780903890220550407625652141019919079941619,2026-09-04T07:15:00+00:00,2026-09-04T07:30:00+00:00,26.47,0.5,0.51,0.505,0.01,456.0,529.08,97
2026-09-04T07:04:33.317130+00:00,btc-updown-5m-1788505500,5,4183978,9449484107313948932956036421251552366456582250129754008644958509188207318056,2026-09-04T07:05:00+00:00,2026-09-04T07:10:00+00:00,5.45,0.54,0.56,0.55,0.02,45.0,8.21,98
2026-09-04T07:04:33.317130+00:00,btc-updown-15m-1788505200,15,4183969,3418446401063311461098899785905122204439608645343093441656942947694261878035,2026-09-04T07:00:00+00:00,2026-09-04T07:15:00+00:00,10.45,0.82,0.83,0.825,0.01,63.86,110.0,99
2026-09-04T07:04:33.317130+00:00,btc-updown-15m-1788506100,15,4184200,22985214855716447464367857915306789780903890220550407625652141019919079941619,2026-09-04T07:15:00+00:00,2026-09-04T07:30:00+00:00,25.45,0.5,0.51,0.505,0.01,256.0,659.08,97
2026-09-04T07:05:34.141772+00:00,btc-updown-5m-1788505500,5,4183978,9449484107313948932956036421251552366456582250129754008644958509188207318056,2026-09-04T07:05:00+00:00,2026-09-04T07:10:00+00:00,4.43,0.5,0.52,0.51,0.02,10.0,115.6,98
2026-09-04T07:05:34.141772+00:00,btc-updown-5m-1788505800,5,4183987,41010985688530055749771969643337192870067524641925650777205175420576954308550,2026-09-04T07:10:00+00:00,2026-09-04T07:15:00+00:00,9.43,0.5,0.51,0.505,0.01,351.23,680.87,99
2026-09-04T07:05:34.141772+00:00,btc-updown-15m-1788505200,15,4183969,3418446401063311461098899785905122204439608645343093441656942947694261878035,2026-09-04T07:00:00+00:00,2026-09-04T07:15:00+00:00,9.43,0.82,0.83,0.825,0.01,202.71,60.0,99
2026-09-04T07:05:34.141772+00:00,btc-updown-15m-1788506100,15,4184200,22985214855716447464367857915306789780903890220550407625652141019919079941619,2026-09-04T07:15:00+00:00,2026-09-04T07:30:00+00:00,24.43,0.5,0.51,0.505,0.01,256.0,689.08,95
2026-09-04T07:06:35.063098+00:00,btc-updown-5m-1788505500,5,4183978,9449484107313948932956036421251552366456582250129754008644958509188207318056,2026-09-04T07:05:00+00:00,2026-09-04T07:10:00+00:00,3.42,0.58,0.59,0.585,0.01,536.59,33.61,99
2026-09-04T07:06:35.063098+00:00,btc-updown-5m-1788505800,5,4183987,41010985688530055749771969643337192870067524641925650777205175420576954308550,2026-09-04T07:10:00+00:00,2026-09-04T07:15:00+00:00,8.42,0.5,0.51,0.505,0.01,351.23,580.81,99
2026-09-04T07:06:35.063098+00:00,btc-updown-15m-1788505200,15,4183969,3418446401063311461098899785905122204439608645343093441656942947694261878035,2026-09-04T07:00:00+00:00,2026-09-04T07:15:00+00:00,8.42,0.86,0.87,0.865,0.01,177.83,104.93,99
2026-09-04T07:06:35.063098+00:00,btc-updown-15m-1788506100,15,4184200,22985214855716447464367857915306789780903890220550407625652141019919079941619,2026-09-04T07:15:00+00:00,2026-09-04T07:30:00+00:00,23.42,0.49,0.5,0.495,0.01,499.08,3050.01,95
2026-09-04T07:07:35.960830+00:00,btc-updown-5m-1788505500,5,4183978,9449484107313948932956036421251552366456582250129754008644958509188207318056,2026-09-04T07:05:00+00:00,2026-09-04T07:10:00+00:00,2.42,0.85,0.86,0.855,0.01,431.08,14.0,99
2026-09-04T07:07:35.960830+00:00,btc-updown-5m-1788505800,5,4183987,41010985688530055749771969643337192870067524641925650777205175420576954308550,2026-09-04T07:10:00+00:00,2026-09-04T07:15:00+00:00,7.42,0.5,0.51,0.505,0.01,258.0,776.81,99
2026-09-04T07:07:35.960830+00:00,btc-updown-15m-1788505200,15,4183969,3418446401063311461098899785905122204439608645343093441656942947694261878035,2026-09-04T07:00:00+00:00,2026-09-04T07:15:00+00:00,7.42,0.91,0.92,0.915,0.01,161.0,181.66,99
2026-09-04T07:07:35.960830+00:00,btc-updown-15m-1788506100,15,4184200,22985214855716447464367857915306789780903890220550407625652141019919079941619,2026-09-04T07:15:00+00:00,2026-09-04T07:30:00+00:00,22.42,0.49,0.5,0.495,0.01,479.47,2930.01,93
2026-09-04T07:08:36.888522+00:00,btc-updown-5m-1788505500,5,4183978,9449484107313948932956036421251552366456582250129754008644958509188207318056,2026-09-04T07:05:00+00:00,2026-09-04T07:10:00+00:00,1.4,0.92,0.93,0.925,0.01,150.0,454.87,99
2026-09-04T07:08:36.888522+00:00,btc-updown-5m-1788505800,5,4183987,41010985688530055749771969643337192870067524641925650777205175420576954308550,2026-09-04T07:10:00+00:00,2026-09-04T07:15:00+00:00,6.4,0.49,0.5,0.495,0.01,270.41,60.0,99
2026-09-04T07:08:36.888522+00:00,btc-updown-15m-1788505200,15,4183969,3418446401063311461098899785905122204439608645343093441656942947694261878035,2026-09-04T07:00:00+00:00,2026-09-04T07:15:00+00:00,6.4,0.92,0.93,0.925,0.01,30.0,120.0,99
2026-09-04T07:08:36.888522+00:00,btc-updown-15m-1788506100,15,4184200,22985214855716447464367857915306789780903890220550407625652141019919079941619,2026-09-04T07:15:00+00:00,2026-09-04T07:30:00+00:00,21.4,0.49,0.5,0.495,0.01,439.08,510.0,93
2026-09-04T07:09:37.818948+00:00,btc-updown-5m-1788505800,5,4183987,41010985688530055749771969643337192870067524641925650777205175420576954308550,2026-09-04T07:10:00+00:00,2026-09-04T07:15:00+00:00,5.38,0.52,0.53,0.525,0.01,65.0,87.11,99
2026-09-04T07:09:37.818948+00:00,btc-updown-15m-1788505200,15,4183969,3418446401063311461098899785905122204439608645343093441656942947694261878035,2026-09-04T07:00:00+00:00,2026-09-04T07:15:00+00:00,5.38,0.96,0.97,0.965,0.01,169.68,153.2,99
2026-09-04T07:09:37.818948+00:00,btc-updown-15m-1788506100,15,4184200,22985214855716447464367857915306789780903890220550407625652141019919079941619,2026-09-04T07:15:00+00:00,2026-09-04T07:30:00+00:00,20.38,0.47,0.48,0.475,0.01,425.54,1516.83,93
2026-09-04T07:10:38.637316+00:00,btc-updown-5m-1788505800,5,4183987,41010985688530055749771969643337192870067524641925650777205175420576954308550,2026-09-04T07:10:00+00:00,2026-09-04T07:15:00+00:00,4.37,0.5,0.51,0.505,0.01,283.0,92.89,99
2026-09-04T07:10:38.637316+00:00,btc-updown-5m-1788506100,5,4184197,57582676129221682850002265576493265572897094195293759571389943840141436616321,2026-09-04T07:15:00+00:00,2026-09-04T07:20:00+00:00,9.37,0.49,0.5,0.495,0.01,621.91,547.95,99
2026-09-04T07:10:38.637316+00:00,btc-updown-15m-1788505200,15,4183969,3418446401063311461098899785905122204439608645343093441656942947694261878035,2026-09-04T07:00:00+00:00,2026-09-04T07:15:00+00:00,4.37,0.96,0.97,0.965,0.01,220.23,53.96,99
2026-09-04T07:10:38.637316+00:00,btc-updown-15m-1788506100,15,4184200,22985214855716447464367857915306789780903890220550407625652141019919079941619,2026-09-04T07:15:00+00:00,2026-09-04T07:30:00+00:00,19.37,0.47,0.48,0.475,0.01,425.54,1066.99,95
2026-09-04T07:11:39.552632+00:00,btc-updown-5m-1788505800,5,4183987,41010985688530055749771969643337192870067524641925650777205175420576954308550,2026-09-04T07:10:00+00:00,2026-09-04T07:15:00+00:00,3.35,0.7,0.71,0.705,0.01,75.08,213.56,99
2026-09-04T07:11:39.552632+00:00,btc-updown-5m-1788506100,5,4184197,57582676129221682850002265576493265572897094195293759571389943840141436616321,2026-09-04T07:15:00+00:00,2026-09-04T07:20:00+00:00,8.35,0.49,0.5,0.495,0.01,636.91,526.95,99
2026-09-04T07:11:39.552632+00:00,btc-updown-15m-1788506100,15,4184200,22985214855716447464367857915306789780903890220550407625652141019919079941619,2026-09-04T07:15:00+00:00,2026-09-04T07:30:00+00:00,18.35,0.47,0.48,0.475,0.01,425.54,1116.99,95
2026-09-04T07:12:40.378435+00:00,btc-updown-5m-1788505800,5,4183987,41010985688530055749771969643337192870067524641925650777205175420576954308550,2026-09-04T07:10:00+00:00,2026-09-04T07:15:00+00:00,2.33,0.76,0.77,0.765,0.01,120.0,675.33,99
2026-09-04T07:12:40.378435+00:00,btc-updown-5m-1788506100,5,4184197,57582676129221682850002265576493265572897094195293759571389943840141436616321,2026-09-04T07:15:00+00:00,2026-09-04T07:20:00+00:00,7.33,0.49,0.5,0.495,0.01,502.0,706.95,99
2026-09-04T07:12:40.378435+00:00,btc-updown-15m-1788506100,15,4184200,22985214855716447464367857915306789780903890220550407625652141019919079941619,2026-09-04T07:15:00+00:00,2026-09-04T07:30:00+00:00,17.33,0.47,0.48,0.475,0.01,505.54,1151.07,97
2026-09-04T07:13:41.189821+00:00,btc-updown-5m-1788505800,5,4183987,41010985688530055749771969643337192870067524641925650777205175420576954308550,2026-09-04T07:10:00+00:00,2026-09-04T07:15:00+00:00,1.32,0.98,0.99,0.985,0.01,636.25,3317.65,99
2026-09-04T07:13:41.189821+00:00,btc-updown-5m-1788506100,5,4184197,57582676129221682850002265576493265572897094195293759571389943840141436616321,2026-09-04T07:15:00+00:00,2026-09-04T07:20:00+00:00,6.32,0.5,0.51,0.505,0.01,210.0,381.47,99
2026-09-04T07:13:41.189821+00:00,btc-updown-15m-1788506100,15,4184200,22985214855716447464367857915306789780903890220550407625652141019919079941619,2026-09-04T07:15:00+00:00,2026-09-04T07:30:00+00:00,16.32,0.47,0.48,0.475,0.01,505.54,1140.65,97
2026-09-04T07:14:42.006283+00:00,btc-updown-5m-1788506100,5,4184197,57582676129221682850002265576493265572897094195293759571389943840141436616321,2026-09-04T07:15:00+00:00,2026-09-04T07:20:00+00:00,5.3,0.45,0.48,0.465,0.03,22.72,304.13,97
2026-09-04T07:14:42.006283+00:00,btc-updown-15m-1788506100,15,4184200,22985214855716447464367857915306789780903890220550407625652141019919079941619,2026-09-04T07:15:00+00:00,2026-09-04T07:30:00+00:00,15.3,0.47,0.48,0.475,0.01,183.66,1141.34,91
2026-09-04T07:15:42.705210+00:00,btc-updown-5m-1788506100,5,4184197,57582676129221682850002265576493265572897094195293759571389943840141436616321,2026-09-04T07:15:00+00:00,2026-09-04T07:20:00+00:00,4.3,0.17,0.18,0.175,0.01,560.3,180.27,99
2026-09-04T07:15:42.705210+00:00,btc-updown-5m-1788506400,5,4184214,75948831521354845248799074809558521280138038360549051903508080366384845144094,2026-09-04T07:20:00+00:00,2026-09-04T07:25:00+00:00,9.3,0.49,0.5,0.495,0.01,625.3,353.68,99
2026-09-04T07:15:42.705210+00:00,btc-updown-15m-1788506100,15,4184200,22985214855716447464367857915306789780903890220550407625652141019919079941619,2026-09-04T07:15:00+00:00,2026-09-04T07:30:00+00:00,14.3,0.31,0.32,0.315,0.01,92.0,136.62,99
2026-09-04T07:15:42.705210+00:00,btc-updown-15m-1788507000,15,4184355,56731576375483734205226444662199686429730898197916289220792560706323901937993,2026-09-04T07:30:00+00:00,2026-09-04T07:45:00+00:00,29.3,0.5,0.51,0.505,0.01,192.0,809.08,99
2026-09-04T07:16:43.619876+00:00,btc-updown-5m-1788506100,5,4184197,57582676129221682850002265576493265572897094195293759571389943840141436616321,2026-09-04T07:15:00+00:00,2026-09-04T07:20:00+00:00,3.28,0.06,0.07,0.065,0.01,90.01,432.82,99
2026-09-04T07:16:43.619876+00:00,btc-updown-5m-1788506400,5,4184214,75948831521354845248799074809558521280138038360549051903508080366384845144094,2026-09-04T07:20:00+00:00,2026-09-04T07:25:00+00:00,8.28,0.49,0.5,0.495,0.01,641.42,354.68,99
2026-09-04T07:16:43.619876+00:00,btc-updown-15m-1788506100,15,4184200,22985214855716447464367857915306789780903890220550407625652141019919079941619,2026-09-04T07:15:00+00:00,2026-09-04T07:30:00+00:00,13.28,0.24,0.25,0.245,0.01,124.86,130.0,99
2026-09-04T07:16:43.619876+00:00,btc-updown-15m-1788507000,15,4184355,56731576375483734205226444662199686429730898197916289220792560706323901937993,2026-09-04T07:30:00+00:00,2026-09-04T07:45:00+00:00,28.28,0.49,0.5,0.495,0.01,602.76,268.0,99
2026-09-04T07:17:44.534583+00:00,btc-updown-5m-1788506100,5,4184197,57582676129221682850002265576493265572897094195293759571389943840141436616321,2026-09-04T07:15:00+00:00,2026-09-04T07:20:00+00:00,2.27,0.06,0.07,0.065,0.01,890.9,2154.54,99
2026-09-04T07:17:44.534583+00:00,btc-updown-5m-1788506400,5,4184214,75948831521354845248799074809558521280138038360549051903508080366384845144094,2026-09-04T07:20:00+00:00,2026-09-04T07:25:00+00:00,7.27,0.49,0.5,0.495,0.01,477.12,320.28,99
2026-09-04T07:17:44.534583+00:00,btc-updown-15m-1788506100,15,4184200,22985214855716447464367857915306789780903890220550407625652141019919079941619,2026-09-04T07:15:00+00:00,2026-09-04T07:30:00+00:00,12.27,0.31,0.32,0.315,0.01,57.0,274.41,99
2026-09-04T07:17:44.534583+00:00,btc-updown-15m-1788507000,15,4184355,56731576375483734205226444662199686429730898197916289220792560706323901937993,2026-09-04T07:30:00+00:00,2026-09-04T07:45:00+00:00,27.27,0.49,0.5,0.495,0.01,602.76,308.0,99
2026-09-04T07:18:45.468730+00:00,btc-updown-5m-1788506100,5,4184197,57582676129221682850002265576493265572897094195293759571389943840141436616321,2026-09-04T07:15:00+00:00,2026-09-04T07:20:00+00:00,1.25,0.03,0.04,0.035,0.01,400.82,137.0,99
2026-09-04T07:18:45.468730+00:00,btc-updown-5m-1788506400,5,4184214,75948831521354845248799074809558521280138038360549051903508080366384845144094,2026-09-04T07:20:00+00:00,2026-09-04T07:25:00+00:00,6.25,0.52,0.53,0.525,0.01,24.74,337.83,99
2026-09-04T07:18:45.468730+00:00,btc-updown-15m-1788506100,15,4184200,22985214855716447464367857915306789780903890220550407625652141019919079941619,2026-09-04T07:15:00+00:00,2026-09-04T07:30:00+00:00,11.25,0.33,0.34,0.335,0.01,192.0,120.0,99
2026-09-04T07:18:45.468730+00:00,btc-updown-15m-1788507000,15,4184355,56731576375483734205226444662199686429730898197916289220792560706323901937993,2026-09-04T07:30:00+00:00,2026-09-04T07:45:00+00:00,26.25,0.49,0.5,0.495,0.01,602.76,508.0,99
2026-09-04T07:19:46.393056+00:00,btc-updown-5m-1788506400,5,4184214,75948831521354845248799074809558521280138038360549051903508080366384845144094,2026-09-04T07:20:00+00:00,2026-09-04T07:25:00+00:00,5.23,0.56,0.59,0.575,0.03,84.0,163.0,97
2026-09-04T07:19:46.393056+00:00,btc-updown-15m-1788506100,15,4184200,22985214855716447464367857915306789780903890220550407625652141019919079941619,2026-09-04T07:15:00+00:00,2026-09-04T07:30:00+00:00,10.23,0.34,0.35,0.345,0.01,150.23,15.0,99
2026-09-04T07:19:46.393056+00:00,btc-updown-15m-1788507000,15,4184355,56731576375483734205226444662199686429730898197916289220792560706323901937993,2026-09-04T07:30:00+00:00,2026-09-04T07:45:00+00:00,25.23,0.49,0.5,0.495,0.01,602.76,508.0,99
2026-09-04T07:20:47.203225+00:00,btc-updown-5m-1788506400,5,4184214,75948831521354845248799074809558521280138038360549051903508080366384845144094,2026-09-04T07:20:00+00:00,2026-09-04T07:25:00+00:00,4.22,0.85,0.86,0.855,0.01,309.52,40.61,99
2026-09-04T07:20:47.203225+00:00,btc-updown-5m-1788506700,5,4184341,47180350754934530350062823890732945445145999580576868289993389571011394198644,2026-09-04T07:25:00+00:00,2026-09-04T07:30:00+00:00,9.22,0.5,0.51,0.505,0.01,499.95,877.23,99
2026-09-04T07:20:47.203225+00:00,btc-updown-15m-1788506100,15,4184200,22985214855716447464367857915306789780903890220550407625652141019919079941619,2026-09-04T07:15:00+00:00,2026-09-04T07:30:00+00:00,9.22,0.58,0.59,0.585,0.01,44.0,245.0,99
2026-09-04T07:20:47.203225+00:00,btc-updown-15m-1788507000,15,4184355,56731576375483734205226444662199686429730898197916289220792560706323901937993,2026-09-04T07:30:00+00:00,2026-09-04T07:45:00+00:00,24.22,0.49,0.5,0.495,0.01,626.87,788.0,99
2026-09-04T07:21:48.126513+00:00,btc-updown-5m-1788506400,5,4184214,75948831521354845248799074809558521280138038360549051903508080366384845144094,2026-09-04T07:20:00+00:00,2026-09-04T07:25:00+00:00,3.2,0.25,0.26,0.255,0.01,186.09,414.33,99
2026-09-04T07:21:48.126513+00:00,btc-updown-5m-1788506700,5,4184341,47180350754934530350062823890732945445145999580576868289993389571011394198644,2026-09-04T07:25:00+00:00,2026-09-04T07:30:00+00:00,8.2,0.5,0.51,0.505,0.01,499.95,893.35,99
2026-09-04T07:21:48.126513+00:00,btc-updown-15m-1788506100,15,4184200,22985214855716447464367857915306789780903890220550407625652141019919079941619,2026-09-04T07:15:00+00:00,2026-09-04T07:30:00+00:00,8.2,0.21,0.22,0.215,0.01,25.0,195.0,99
2026-09-04T07:21:48.126513+00:00,btc-updown-15m-1788507000,15,4184355,56731576375483734205226444662199686429730898197916289220792560706323901937993,2026-09-04T07:30:00+00:00,2026-09-04T07:45:00+00:00,23.2,0.49,0.5,0.495,0.01,676.87,468.0,99
2026-09-04T07:22:49.033288+00:00,btc-updown-5m-1788506400,5,4184214,75948831521354845248799074809558521280138038360549051903508080366384845144094,2026-09-04T07:20:00+00:00,2026-09-04T07:25:00+00:00,2.18,0.1,0.11,0.105,0.01,38.88,573.0,99
2026-09-04T07:22:49.033288+00:00,btc-updown-5m-1788506700,5,4184341,47180350754934530350062823890732945445145999580576868289993389571011394198644,2026-09-04T07:25:00+00:00,2026-09-04T07:30:00+00:00,7.18,0.5,0.51,0.505,0.01,479.95,1043.35,99
2026-09-04T07:22:49.033288+00:00,btc-updown-15m-1788506100,15,4184200,22985214855716447464367857915306789780903890220550407625652141019919079941619,2026-09-04T07:15:00+00:00,2026-09-04T07:30:00+00:00,7.18,0.13,0.14,0.135,0.01,144.98,65.0,99
2026-09-04T07:22:49.033288+00:00,btc-updown-15m-1788507000,15,4184355,56731576375483734205226444662199686429730898197916289220792560706323901937993,2026-09-04T07:30:00+00:00,2026-09-04T07:45:00+00:00,22.18,0.49,0.5,0.495,0.01,686.87,448.0,99
2026-09-04T07:23:49.953287+00:00,btc-updown-5m-1788506400,5,4184214,75948831521354845248799074809558521280138038360549051903508080366384845144094,2026-09-04T07:20:00+00:00,2026-09-04T07:25:00+00:00,1.18,0.02,0.03,0.025,0.01,1120.99,165.0,99
2026-09-04T07:23:49.953287+00:00,btc-updown-5m-1788506700,5,4184341,47180350754934530350062823890732945445145999580576868289993389571011394198644,2026-09-04T07:25:00+00:00,2026-09-04T07:30:00+00:00,6.18,0.5,0.51,0.505,0.01,41.0,1161.58,99
2026-09-04T07:23:49.953287+00:00,btc-updown-15m-1788506100,15,4184200,22985214855716447464367857915306789780903890220550407625652141019919079941619,2026-09-04T07:15:00+00:00,2026-09-04T07:30:00+00:00,6.18,0.12,0.13,0.125,0.01,128.0,15.0,99
2026-09-04T07:23:49.953287+00:00,btc-updown-15m-1788507000,15,4184355,56731576375483734205226444662199686429730898197916289220792560706323901937993,2026-09-04T07:30:00+00:00,2026-09-04T07:45:00+00:00,21.18,0.49,0.5,0.495,0.01,646.87,248.0,99
2026-09-04T07:24:50.993489+00:00,btc-updown-5m-1788506700,5,4184341,47180350754934530350062823890732945445145999580576868289993389571011394198644,2026-09-04T07:25:00+00:00,2026-09-04T07:30:00+00:00,5.17,0.48,0.5,0.49,0.02,51.76,8.9,98
2026-09-04T07:24:50.993489+00:00,btc-updown-15m-1788506100,15,4184200,22985214855716447464367857915306789780903890220550407625652141019919079941619,2026-09-04T07:15:00+00:00,2026-09-04T07:30:00+00:00,5.17,0.07,0.08,0.075,0.01,25.0,424.99,99
2026-09-04T07:24:50.993489+00:00,btc-updown-15m-1788507000,15,4184355,56731576375483734205226444662199686429730898197916289220792560706323901937993,2026-09-04T07:30:00+00:00,2026-09-04T07:45:00+00:00,20.17,0.49,0.5,0.495,0.01,694.9,642.38,99
2026-09-04T07:25:51.816490+00:00,btc-updown-5m-1788506700,5,4184341,47180350754934530350062823890732945445145999580576868289993389571011394198644,2026-09-04T07:25:00+00:00,2026-09-04T07:30:00+00:00,4.15,0.53,0.54,0.535,0.01,353.0,73.14,99
2026-09-04T07:25:51.816490+00:00,btc-updown-5m-1788507000,5,4184347,22022356251041492262994108388127505983281580483314137576381144880616157743417,2026-09-04T07:30:00+00:00,2026-09-04T07:35:00+00:00,9.15,0.5,0.51,0.505,0.01,346.84,848.25,99
2026-09-04T07:25:51.816490+00:00,btc-updown-15m-1788506100,15,4184200,22985214855716447464367857915306789780903890220550407625652141019919079941619,2026-09-04T07:15:00+00:00,2026-09-04T07:30:00+00:00,4.15,0.05,0.06,0.055,0.01,48.94,295.0,99
2026-09-04T07:25:51.816490+00:00,btc-updown-15m-1788507000,15,4184355,56731576375483734205226444662199686429730898197916289220792560706323901937993,2026-09-04T07:30:00+00:00,2026-09-04T07:45:00+00:00,19.15,0.49,0.5,0.495,0.01,494.9,442.38,99
2026-09-04T07:26:52.721999+00:00,btc-updown-5m-1788506700,5,4184341,47180350754934530350062823890732945445145999580576868289993389571011394198644,2026-09-04T07:25:00+00:00,2026-09-04T07:30:00+00:00,3.13,0.41,0.42,0.415,0.01,621.2,42.0,99
2026-09-04T07:26:52.721999+00:00,btc-updown-5m-1788507000,5,4184347,22022356251041492262994108388127505983281580483314137576381144880616157743417,2026-09-04T07:30:00+00:00,2026-09-04T07:35:00+00:00,8.13,0.5,0.51,0.505,0.01,346.84,1123.25,99
2026-09-04T07:26:52.721999+00:00,btc-updown-15m-1788506100,15,4184200,22985214855716447464367857915306789780903890220550407625652141019919079941619,2026-09-04T07:15:00+00:00,2026-09-04T07:30:00+00:00,3.13,0.01,0.02,0.015,0.01,938.78,78.0,99
2026-09-04T07:26:52.721999+00:00,btc-updown-15m-1788507000,15,4184355,56731576375483734205226444662199686429730898197916289220792560706323901937993,2026-09-04T07:30:00+00:00,2026-09-04T07:45:00+00:00,18.13,0.49,0.5,0.495,0.01,584.9,242.38,99
2026-09-04T07:27:53.659524+00:00,btc-updown-5m-1788506700,5,4184341,47180350754934530350062823890732945445145999580576868289993389571011394198644,2026-09-04T07:25:00+00:00,2026-09-04T07:30:00+00:00,2.12,0.89,0.9,0.895,0.01,522.71,102.69,99
2026-09-04T07:27:53.659524+00:00,btc-updown-5m-1788507000,5,4184347,22022356251041492262994108388127505983281580483314137576381144880616157743417,2026-09-04T07:30:00+00:00,2026-09-04T07:35:00+00:00,7.12,0.5,0.51,0.505,0.01,346.84,960.25,99
2026-09-04T07:27:53.659524+00:00,btc-updown-15m-1788506100,15,4184200,22985214855716447464367857915306789780903890220550407625652141019919079941619,2026-09-04T07:15:00+00:00,2026-09-04T07:30:00+00:00,2.12,0.04,0.05,0.045,0.01,141.0,90.0,99
2026-09-04T07:27:53.659524+00:00,btc-updown-15m-1788507000,15,4184355,56731576375483734205226444662199686429730898197916289220792560706323901937993,2026-09-04T07:30:00+00:00,2026-09-04T07:45:00+00:00,17.12,0.49,0.5,0.495,0.01,474.9,237.18,99
2026-09-04T07:28:54.571510+00:00,btc-updown-5m-1788506700,5,4184341,47180350754934530350062823890732945445145999580576868289993389571011394198644,2026-09-04T07:25:00+00:00,2026-09-04T07:30:00+00:00,1.1,0.63,0.64,0.635,0.01,501.18,77.0,99
2026-09-04T07:28:54.571510+00:00,btc-updown-5m-1788507000,5,4184347,22022356251041492262994108388127505983281580483314137576381144880616157743417,2026-09-04T07:30:00+00:00,2026-09-04T07:35:00+00:00,6.1,0.49,0.5,0.495,0.01,18.0,11.0,99
2026-09-04T07:28:54.571510+00:00,btc-updown-15m-1788507000,15,4184355,56731576375483734205226444662199686429730898197916289220792560706323901937993,2026-09-04T07:30:00+00:00,2026-09-04T07:45:00+00:00,16.1,0.49,0.5,0.495,0.01,303.0,235.18,99
2026-09-04T07:29:55.395934+00:00,btc-updown-5m-1788507000,5,4184347,22022356251041492262994108388127505983281580483314137576381144880616157743417,2026-09-04T07:30:00+00:00,2026-09-04T07:35:00+00:00,5.08,0.5,0.51,0.505,0.01,74.72,229.13,99
2026-09-04T07:29:55.395934+00:00,btc-updown-15m-1788507000,15,4184355,56731576375483734205226444662199686429730898197916289220792560706323901937993,2026-09-04T07:30:00+00:00,2026-09-04T07:45:00+00:00,15.08,0.49,0.5,0.495,0.01,96.08,131.58,91
2026-09-04T07:30:56.104024+00:00,btc-updown-5m-1788507000,5,4184347,22022356251041492262994108388127505983281580483314137576381144880616157743417,2026-09-04T07:30:00+00:00,2026-09-04T07:35:00+00:00,4.07,0.56,0.57,0.565,0.01,276.84,199.0,99
2026-09-04T07:30:56.104024+00:00,btc-updown-5m-1788507300,5,4184395,64901710536282646413292564347698387195260793949213476644613368293294515504734,2026-09-04T07:35:00+00:00,2026-09-04T07:40:00+00:00,9.07,0.5,0.51,0.505,0.01,355.45,755.26,99
2026-09-04T07:30:56.104024+00:00,btc-updown-15m-1788507000,15,4184355,56731576375483734205226444662199686429730898197916289220792560706323901937993,2026-09-04T07:30:00+00:00,2026-09-04T07:45:00+00:00,14.07,0.59,0.6,0.595,0.01,99.66,492.2,99
2026-09-04T07:30:56.104024+00:00,btc-updown-15m-1788507900,15,4184439,87946907596413717767309917788518595218852666496604249241008096403116968739109,2026-09-04T07:45:00+00:00,2026-09-04T08:00:00+00:00,29.07,0.5,0.51,0.505,0.01,275.0,754.08,99
2026-09-04T07:31:57.116962+00:00,btc-updown-5m-1788507000,5,4184347,22022356251041492262994108388127505983281580483314137576381144880616157743417,2026-09-04T07:30:00+00:00,2026-09-04T07:35:00+00:00,3.05,0.58,0.59,0.585,0.01,10.09,227.74,99
2026-09-04T07:31:57.116962+00:00,btc-updown-5m-1788507300,5,4184395,64901710536282646413292564347698387195260793949213476644613368293294515504734,2026-09-04T07:35:00+00:00,2026-09-04T07:40:00+00:00,8.05,0.5,0.51,0.505,0.01,355.45,758.26,99
2026-09-04T07:31:57.116962+00:00,btc-updown-15m-1788507000,15,4184355,56731576375483734205226444662199686429730898197916289220792560706323901937993,2026-09-04T07:30:00+00:00,2026-09-04T07:45:00+00:00,13.05,0.57,0.58,0.575,0.01,166.0,349.18,99
2026-09-04T07:31:57.116962+00:00,btc-updown-15m-1788507900,15,4184439,87946907596413717767309917788518595218852666496604249241008096403116968739109,2026-09-04T07:45:00+00:00,2026-09-04T08:00:00+00:00,28.05,0.5,0.51,0.505,0.01,272.96,764.08,99
2026-09-04T07:32:58.177743+00:00,btc-updown-5m-1788507000,5,4184347,22022356251041492262994108388127505983281580483314137576381144880616157743417,2026-09-04T07:30:00+00:00,2026-09-04T07:35:00+00:00,2.03,0.75,0.76,0.755,0.01,27.08,20.0,99
2026-09-04T07:32:58.177743+00:00,btc-updown-5m-1788507300,5,4184395,64901710536282646413292564347698387195260793949213476644613368293294515504734,2026-09-04T07:35:00+00:00,2026-09-04T07:40:00+00:00,7.03,0.5,0.51,0.505,0.01,350.45,920.26,99
2026-09-04T07:32:58.177743+00:00,btc-updown-15m-1788507000,15,4184355,56731576375483734205226444662199686429730898197916289220792560706323901937993,2026-09-04T07:30:00+00:00,2026-09-04T07:45:00+00:00,12.03,0.62,0.63,0.625,0.01,291.0,9.41,99
2026-09-04T07:32:58.177743+00:00,btc-updown-15m-1788507900,15,4184439,87946907596413717767309917788518595218852666496604249241008096403116968739109,2026-09-04T07:45:00+00:00,2026-09-04T08:00:00+00:00,27.03,0.5,0.51,0.505,0.01,272.96,764.08,99
2026-09-04T07:33:59.079409+00:00,btc-updown-5m-1788507000,5,4184347,22022356251041492262994108388127505983281580483314137576381144880616157743417,2026-09-04T07:30:00+00:00,2026-09-04T07:35:00+00:00,1.02,0.91,0.92,0.915,0.01,255.98,166.36,99
2026-09-04T07:33:59.079409+00:00,btc-updown-5m-1788507300,5,4184395,64901710536282646413292564347698387195260793949213476644613368293294515504734,2026-09-04T07:35:00+00:00,2026-09-04T07:40:00+00:00,6.02,0.5,0.51,0.505,0.01,522.45,525.26,99
2026-09-04T07:33:59.079409+00:00,btc-updown-15m-1788507000,15,4184355,56731576375483734205226444662199686429730898197916289220792560706323901937993,2026-09-04T07:30:00+00:00,2026-09-04T07:45:00+00:00,11.02,0.62,0.63,0.625,0.01,20.0,298.6,99
2026-09-04T07:33:59.079409+00:00,btc-updown-15m-1788507900,15,4184439,87946907596413717767309917788518595218852666496604249241008096403116968739109,2026-09-04T07:45:00+00:00,2026-09-04T08:00:00+00:00,26.02,0.5,0.51,0.505,0.01,272.96,1064.08,99
2026-09-04T07:34:59.984043+00:00,btc-updown-5m-1788507300,5,4184395,64901710536282646413292564347698387195260793949213476644613368293294515504734,2026-09-04T07:35:00+00:00,2026-09-04T07:40:00+00:00,5.02,0.47,0.48,0.475,0.01,4.11,25.0,95
2026-09-04T07:34:59.984043+00:00,btc-updown-15m-1788507000,15,4184355,56731576375483734205226444662199686429730898197916289220792560706323901937993,2026-09-04T07:30:00+00:00,2026-09-04T07:45:00+00:00,10.02,0.45,0.46,0.455,0.01,105.0,236.82,99
2026-09-04T07:34:59.984043+00:00,btc-updown-15m-1788507900,15,4184439,87946907596413717767309917788518595218852666496604249241008096403116968739109,2026-09-04T07:45:00+00:00,2026-09-04T08:00:00+00:00,25.02,0.5,0.51,0.505,0.01,292.96,734.08,99
2026-09-04T07:36:00.842667+00:00,btc-updown-5m-1788507300,5,4184395,64901710536282646413292564347698387195260793949213476644613368293294515504734,2026-09-04T07:35:00+00:00,2026-09-04T07:40:00+00:00,4.0,0.38,0.39,0.385,0.01,193.29,73.49,99
2026-09-04T07:36:00.842667+00:00,btc-updown-5m-1788507600,5,4184432,9406543421810373727331716104562157035351161262397817421689394805672349416192,2026-09-04T07:40:00+00:00,2026-09-04T07:45:00+00:00,9.0,0.49,0.5,0.495,0.01,739.0,540.17,99
2026-09-04T07:36:00.842667+00:00,btc-updown-15m-1788507000,15,4184355,56731576375483734205226444662199686429730898197916289220792560706323901937993,2026-09-04T07:30:00+00:00,2026-09-04T07:45:00+00:00,9.0,0.39,0.4,0.395,0.01,95.0,186.0,99
2026-09-04T07:36:00.842667+00:00,btc-updown-15m-1788507900,15,4184439,87946907596413717767309917788518595218852666496604249241008096403116968739109,2026-09-04T07:45:00+00:00,2026-09-04T08:00:00+00:00,24.0,0.5,0.51,0.505,0.01,342.96,720.35,99
2026-09-04T07:37:01.764812+00:00,btc-updown-5m-1788507300,5,4184395,64901710536282646413292564347698387195260793949213476644613368293294515504734,2026-09-04T07:35:00+00:00,2026-09-04T07:40:00+00:00,2.98,0.11,0.12,0.115,0.01,90.42,614.56,99
2026-09-04T07:37:01.764812+00:00,btc-updown-5m-1788507600,5,4184432,9406543421810373727331716104562157035351161262397817421689394805672349416192,2026-09-04T07:40:00+00:00,2026-09-04T07:45:00+00:00,7.98,0.49,0.5,0.495,0.01,735.2,538.17,99
2026-09-04T07:37:01.764812+00:00,btc-updown-15m-1788507000,15,4184355,56731576375483734205226444662199686429730898197916289220792560706323901937993,2026-09-04T07:30:00+00:00,2026-09-04T07:45:00+00:00,7.98,0.22,0.23,0.225,0.01,116.3,207.73,99
2026-09-04T07:37:01.764812+00:00,btc-updown-15m-1788507900,15,4184439,87946907596413717767309917788518595218852666496604249241008096403116968739109,2026-09-04T07:45:00+00:00,2026-09-04T08:00:00+00:00,22.98,0.5,0.51,0.505,0.01,332.96,720.35,99
2026-09-04T07:38:02.723342+00:00,btc-updown-5m-1788507300,5,4184395,64901710536282646413292564347698387195260793949213476644613368293294515504734,2026-09-04T07:35:00+00:00,2026-09-04T07:40:00+00:00,1.97,0.01,0.02,0.015,0.01,905.11,79.33,99
2026-09-04T07:38:02.723342+00:00,btc-updown-5m-1788507600,5,4184432,9406543421810373727331716104562157035351161262397817421689394805672349416192,2026-09-04T07:40:00+00:00,2026-09-04T07:45:00+00:00,6.97,0.48,0.5,0.49,0.02,328.71,270.0,98
2026-09-04T07:38:02.723342+00:00,btc-updown-15m-1788507000,15,4184355,56731576375483734205226444662199686429730898197916289220792560706323901937993,2026-09-04T07:30:00+00:00,2026-09-04T07:45:00+00:00,6.97,0.12,0.13,0.125,0.01,585.59,309.9,99
2026-09-04T07:38:02.723342+00:00,btc-updown-15m-1788507900,15,4184439,87946907596413717767309917788518595218852666496604249241008096403116968739109,2026-09-04T07:45:00+00:00,2026-09-04T08:00:00+00:00,21.97,0.5,0.51,0.505,0.01,510.0,720.35,99
2026-09-04T07:39:03.629040+00:00,btc-updown-5m-1788507600,5,4184432,9406543421810373727331716104562157035351161262397817421689394805672349416192,2026-09-04T07:40:00+00:00,2026-09-04T07:45:00+00:00,5.95,0.48,0.49,0.485,0.01,54.6,62.59,99
2026-09-04T07:39:03.629040+00:00,btc-updown-15m-1788507000,15,4184355,56731576375483734205226444662199686429730898197916289220792560706323901937993,2026-09-04T07:30:00+00:00,2026-09-04T07:45:00+00:00,5.95,0.08,0.09,0.085,0.01,70.0,304.0,99
2026-09-04T07:39:03.629040+00:00,btc-updown-15m-1788507900,15,4184439,87946907596413717767309917788518595218852666496604249241008096403116968739109,2026-09-04T07:45:00+00:00,2026-09-04T08:00:00+00:00,20.95,0.5,0.51,0.505,0.01,510.0,720.35,99
2026-09-04T07:40:04.476048+00:00,btc-updown-5m-1788507600,5,4184432,9406543421810373727331716104562157035351161262397817421689394805672349416192,2026-09-04T07:40:00+00:00,2026-09-04T07:45:00+00:00,4.93,0.68,0.69,0.685,0.01,30.31,950.71,99
2026-09-04T07:40:04.476048+00:00,btc-updown-5m-1788507900,5,4184449,21548997522772804479945024284714763333114204701350634807138476972715154321584,2026-09-04T07:45:00+00:00,2026-09-04T07:50:00+00:00,9.93,0.5,0.51,0.505,0.01,949.69,647.48,99
2026-09-04T07:40:04.476048+00:00,btc-updown-15m-1788507000,15,4184355,56731576375483734205226444662199686429730898197916289220792560706323901937993,2026-09-04T07:30:00+00:00,2026-09-04T07:45:00+00:00,4.93,0.13,0.14,0.135,0.01,181.0,110.0,99
2026-09-04T07:40:04.476048+00:00,btc-updown-15m-1788507900,15,4184439,87946907596413717767309917788518595218852666496604249241008096403116968739109,2026-09-04T07:45:00+00:00,2026-09-04T08:00:00+00:00,19.93,0.5,0.51,0.505,0.01,385.0,115.0,99
2026-09-04T07:41:05.405023+00:00,btc-updown-5m-1788507600,5,4184432,9406543421810373727331716104562157035351161262397817421689394805672349416192,2026-09-04T07:40:00+00:00,2026-09-04T07:45:00+00:00,3.92,0.53,0.54,0.535,0.01,12.88,212.53,99
2026-09-04T07:41:05.405023+00:00,btc-updown-5m-1788507900,5,4184449,21548997522772804479945024284714763333114204701350634807138476972715154321584,2026-09-04T07:45:00+00:00,2026-09-04T07:50:00+00:00,8.92,0.5,0.51,0.505,0.01,998.69,788.16,99
2026-09-04T07:41:05.405023+00:00,btc-updown-15m-1788507000,15,4184355,56731576375483734205226444662199686429730898197916289220792560706323901937993,2026-09-04T07:30:00+00:00,2026-09-04T07:45:00+00:00,3.92,0.05,0.06,0.055,0.01,21.0,364.37,110
2026-09-04T07:41:05.405023+00:00,btc-updown-15m-1788507900,15,4184439,87946907596413717767309917788518595218852666496604249241008096403116968739109,2026-09-04T07:45:00+00:00,2026-09-04T08:00:00+00:00,18.92,0.5,0.51,0.505,0.01,385.0,75.0,99
2026-09-04T07:42:06.355279+00:00,btc-updown-5m-1788507600,5,4184432,9406543421810373727331716104562157035351161262397817421689394805672349416192,2026-09-04T07:40:00+00:00,2026-09-04T07:45:00+00:00,2.9,0.5,0.51,0.505,0.01,328.66,57.07,99
2026-09-04T07:42:06.355279+00:00,btc-updown-5m-1788507900,5,4184449,21548997522772804479945024284714763333114204701350634807138476972715154321584,2026-09-04T07:45:00+00:00,2026-09-04T07:50:00+00:00,7.9,0.5,0.51,0.505,0.01,998.69,926.63,99
2026-09-04T07:42:06.355279+00:00,btc-updown-15m-1788507000,15,4184355,56731576375483734205226444662199686429730898197916289220792560706323901937993,2026-09-04T07:30:00+00:00,2026-09-04T07:45:00+00:00,2.9,0.001,0.01,0.0055,0.009,1015.0,1198.59,111
2026-09-04T07:42:06.355279+00:00,btc-updown-15m-1788507900,15,4184439,87946907596413717767309917788518595218852666496604249241008096403116968739109,2026-09-04T07:45:00+00:00,2026-09-04T08:00:00+00:00,17.9,0.5,0.51,0.505,0.01,393.0,212.0,99
2026-09-04T07:43:07.273486+00:00,btc-updown-5m-1788507600,5,4184432,9406543421810373727331716104562157035351161262397817421689394805672349416192,2026-09-04T07:40:00+00:00,2026-09-04T07:45:00+00:00,1.88,0.39,0.4,0.395,0.01,606.33,6.12,99
2026-09-04T07:43:07.273486+00:00,btc-updown-5m-1788507900,5,4184449,21548997522772804479945024284714763333114204701350634807138476972715154321584,2026-09-04T07:45:00+00:00,2026-09-04T07:50:00+00:00,6.88,0.5,0.51,0.505,0.01,191.69,716.63,99
2026-09-04T07:43:07.273486+00:00,btc-updown-15m-1788507000,15,4184355,56731576375483734205226444662199686429730898197916289220792560706323901937993,2026-09-04T07:30:00+00:00,2026-09-04T07:45:00+00:00,1.88,0.001,0.008,0.0045,0.007,1239.79,500.0,108
2026-09-04T07:43:07.273486+00:00,btc-updown-15m-1788507900,15,4184439,87946907596413717767309917788518595218852666496604249241008096403116968739109,2026-09-04T07:45:00+00:00,2026-09-04T08:00:00+00:00,16.88,0.5,0.51,0.505,0.01,442.99,228.0,99
2026-09-04T07:44:08.321410+00:00,btc-updown-5m-1788507600,5,4184432,9406543421810373727331716104562157035351161262397817421689394805672349416192,2026-09-04T07:40:00+00:00,2026-09-04T07:45:00+00:00,0.87,0.86,0.88,0.87,0.02,20.0,35.0,98
2026-09-04T07:44:08.321410+00:00,btc-updown-5m-1788507900,5,4184449,21548997522772804479945024284714763333114204701350634807138476972715154321584,2026-09-04T07:45:00+00:00,2026-09-04T07:50:00+00:00,5.87,0.5,0.51,0.505,0.01,167.69,409.61,99
2026-09-04T07:44:08.321410+00:00,btc-updown-15m-1788507000,15,4184355,56731576375483734205226444662199686429730898197916289220792560706323901937993,2026-09-04T07:30:00+00:00,2026-09-04T07:45:00+00:00,0.87,0.001,0.005,0.003,0.004,955.79,46.0,109
2026-09-04T07:44:08.321410+00:00,btc-updown-15m-1788507900,15,4184439,87946907596413717767309917788518595218852666496604249241008096403116968739109,2026-09-04T07:45:00+00:00,2026-09-04T08:00:00+00:00,15.87,0.5,0.51,0.505,0.01,372.65,130.29,91
2026-09-04T07:45:09.237768+00:00,btc-updown-5m-1788507900,5,4184449,21548997522772804479945024284714763333114204701350634807138476972715154321584,2026-09-04T07:45:00+00:00,2026-09-04T07:50:00+00:00,4.85,0.49,0.5,0.495,0.01,168.33,48.68,99
2026-09-04T07:45:09.237768+00:00,btc-updown-5m-1788508200,5,4184464,43141457541819093969087041547370218004116004081562417612847524521956071135266,2026-09-04T07:50:00+00:00,2026-09-04T07:55:00+00:00,9.85,0.5,0.51,0.505,0.01,251.0,589.32,99
2026-09-04T07:45:09.237768+00:00,btc-updown-15m-1788507900,15,4184439,87946907596413717767309917788518595218852666496604249241008096403116968739109,2026-09-04T07:45:00+00:00,2026-09-04T08:00:00+00:00,14.85,0.51,0.52,0.515,0.01,3.16,366.0,98
2026-09-04T07:45:09.237768+00:00,btc-updown-15m-1788508800,15,4184565,46936983653961977905918453282428385732379465629421678044327290432291053068095,2026-09-04T08:00:00+00:00,2026-09-04T08:15:00+00:00,29.85,0.5,0.51,0.505,0.01,510.0,275.0,93
2026-09-04T07:46:10.177520+00:00,btc-updown-5m-1788507900,5,4184449,21548997522772804479945024284714763333114204701350634807138476972715154321584,2026-09-04T07:45:00+00:00,2026-09-04T07:50:00+00:00,3.83,0.29,0.3,0.295,0.01,58.59,691.33,99
2026-09-04T07:46:10.177520+00:00,btc-updown-5m-1788508200,5,4184464,43141457541819093969087041547370218004116004081562417612847524521956071135266,2026-09-04T07:50:00+00:00,2026-09-04T07:55:00+00:00,8.83,0.5,0.51,0.505,0.01,283.0,806.0,99
2026-09-04T07:46:10.177520+00:00,btc-updown-15m-1788507900,15,4184439,87946907596413717767309917788518595218852666496604249241008096403116968739109,2026-09-04T07:45:00+00:00,2026-09-04T08:00:00+00:00,13.83,0.42,0.43,0.425,0.01,85.0,132.23,99
2026-09-04T07:46:10.177520+00:00,btc-updown-15m-1788508800,15,4184565,46936983653961977905918453282428385732379465629421678044327290432291053068095,2026-09-04T08:00:00+00:00,2026-09-04T08:15:00+00:00,28.83,0.5,0.51,0.505,0.01,640.0,475.0,95
2026-09-04T07:47:11.093765+00:00,btc-updown-5m-1788507900,5,4184449,21548997522772804479945024284714763333114204701350634807138476972715154321584,2026-09-04T07:45:00+00:00,2026-09-04T07:50:00+00:00,2.82,0.1,0.11,0.105,0.01,502.17,1.01,99
2026-09-04T07:47:11.093765+00:00,btc-updown-5m-1788508200,5,4184464,43141457541819093969087041547370218004116004081562417612847524521956071135266,2026-09-04T07:50:00+00:00,2026-09-04T07:55:00+00:00,7.82,0.47,0.48,0.475,0.01,492.0,25.0,99
2026-09-04T07:47:11.093765+00:00,btc-updown-15m-1788507900,15,4184439,87946907596413717767309917788518595218852666496604249241008096403116968739109,2026-09-04T07:45:00+00:00,2026-09-04T08:00:00+00:00,12.82,0.3,0.31,0.305,0.01,196.94,92.77,99
2026-09-04T07:47:11.093765+00:00,btc-updown-15m-1788508800,15,4184565,46936983653961977905918453282428385732379465629421678044327290432291053068095,2026-09-04T08:00:00+00:00,2026-09-04T08:15:00+00:00,27.82,0.5,0.51,0.505,0.01,640.0,679.08,95
2026-09-04T07:48:12.004035+00:00,btc-updown-5m-1788507900,5,4184449,21548997522772804479945024284714763333114204701350634807138476972715154321584,2026-09-04T07:45:00+00:00,2026-09-04T07:50:00+00:00,1.8,0.08,0.09,0.085,0.01,263.97,9.26,99
2026-09-04T07:48:12.004035+00:00,btc-updown-5m-1788508200,5,4184464,43141457541819093969087041547370218004116004081562417612847524521956071135266,2026-09-04T07:50:00+00:00,2026-09-04T07:55:00+00:00,6.8,0.47,0.49,0.48,0.02,211.99,65.71,98
2026-09-04T07:48:12.004035+00:00,btc-updown-15m-1788507900,15,4184439,87946907596413717767309917788518595218852666496604249241008096403116968739109,2026-09-04T07:45:00+00:00,2026-09-04T08:00:00+00:00,11.8,0.33,0.34,0.335,0.01,140.43,73.78,99
2026-09-04T07:48:12.004035+00:00,btc-updown-15m-1788508800,15,4184565,46936983653961977905918453282428385732379465629421678044327290432291053068095,2026-09-04T08:00:00+00:00,2026-09-04T08:15:00+00:00,26.8,0.5,0.51,0.505,0.01,640.0,475.0,95
2026-09-04T07:49:12.924701+00:00,btc-updown-5m-1788507900,5,4184449,21548997522772804479945024284714763333114204701350634807138476972715154321584,2026-09-04T07:45:00+00:00,2026-09-04T07:50:00+00:00,0.8,0.12,0.14,0.13,0.02,19.0,144.71,92
2026-09-04T07:49:12.924701+00:00,btc-updown-5m-1788508200,5,4184464,43141457541819093969087041547370218004116004081562417612847524521956071135266,2026-09-04T07:50:00+00:00,2026-09-04T07:55:00+00:00,5.8,0.5,0.51,0.505,0.01,299.0,275.79,99
2026-09-04T07:49:12.924701+00:00,btc-updown-15m-1788507900,15,4184439,87946907596413717767309917788518595218852666496604249241008096403116968739109,2026-09-04T07:45:00+00:00,2026-09-04T08:00:00+00:00,10.8,0.48,0.49,0.485,0.01,170.6,169.98,99
2026-09-04T07:49:12.924701+00:00,btc-updown-15m-1788508800,15,4184565,46936983653961977905918453282428385732379465629421678044327290432291053068095,2026-09-04T08:00:00+00:00,2026-09-04T08:15:00+00:00,25.8,0.5,0.51,0.505,0.01,557.96,470.83,95
2026-09-04T07:50:13.864053+00:00,btc-updown-5m-1788508200,5,4184464,43141457541819093969087041547370218004116004081562417612847524521956071135266,2026-09-04T07:50:00+00:00,2026-09-04T07:55:00+00:00,4.78,0.31,0.32,0.315,0.01,86.99,442.43,99
2026-09-04T07:50:13.864053+00:00,btc-updown-5m-1788508500,5,4184533,113602922489924217147982273366046471807231023826456732066163895726893927053966,2026-09-04T07:55:00+00:00,2026-09-04T08:00:00+00:00,9.78,0.5,0.51,0.505,0.01,988.0,645.39,99
2026-09-04T07:50:13.864053+00:00,btc-updown-15m-1788507900,15,4184439,87946907596413717767309917788518595218852666496604249241008096403116968739109,2026-09-04T07:45:00+00:00,2026-09-04T08:00:00+00:00,9.78,0.31,0.32,0.315,0.01,10.0,167.26,99
2026-09-04T07:50:13.864053+00:00,btc-updown-15m-1788508800,15,4184565,46936983653961977905918453282428385732379465629421678044327290432291053068095,2026-09-04T08:00:00+00:00,2026-09-04T08:15:00+00:00,24.78,0.5,0.51,0.505,0.01,637.96,500.83,95
2026-09-04T07:51:14.896972+00:00,btc-updown-5m-1788508200,5,4184464,43141457541819093969087041547370218004116004081562417612847524521956071135266,2026-09-04T07:50:00+00:00,2026-09-04T07:55:00+00:00,3.77,0.4,0.41,0.405,0.01,18.33,674.48,99
2026-09-04T07:51:14.896972+00:00,btc-updown-5m-1788508500,5,4184533,113602922489924217147982273366046471807231023826456732066163895726893927053966,2026-09-04T07:55:00+00:00,2026-09-04T08:00:00+00:00,8.77,0.5,0.51,0.505,0.01,1001.84,850.39,99
2026-09-04T07:51:14.896972+00:00,btc-updown-15m-1788507900,15,4184439,87946907596413717767309917788518595218852666496604249241008096403116968739109,2026-09-04T07:45:00+00:00,2026-09-04T08:00:00+00:00,8.77,0.37,0.38,0.375,0.01,5.0,210.25,99
2026-09-04T07:51:14.896972+00:00,btc-updown-15m-1788508800,15,4184565,46936983653961977905918453282428385732379465629421678044327290432291053068095,2026-09-04T08:00:00+00:00,2026-09-04T08:15:00+00:00,23.77,0.5,0.51,0.505,0.01,557.96,498.86,95
2026-09-04T07:52:15.807417+00:00,btc-updown-5m-1788508200,5,4184464,43141457541819093969087041547370218004116004081562417612847524521956071135266,2026-09-04T07:50:00+00:00,2026-09-04T07:55:00+00:00,2.75,0.12,0.13,0.125,0.01,482.91,215.0,99
2026-09-04T07:52:15.807417+00:00,btc-updown-5m-1788508500,5,4184533,113602922489924217147982273366046471807231023826456732066163895726893927053966,2026-09-04T07:55:00+00:00,2026-09-04T08:00:00+00:00,7.75,0.5,0.51,0.505,0.01,1011.84,981.01,99
2026-09-04T07:52:15.807417+00:00,btc-updown-15m-1788507900,15,4184439,87946907596413717767309917788518595218852666496604249241008096403116968739109,2026-09-04T07:45:00+00:00,2026-09-04T08:00:00+00:00,7.75,0.19,0.2,0.195,0.01,17.0,262.33,99
2026-09-04T07:52:15.807417+00:00,btc-updown-15m-1788508800,15,4184565,46936983653961977905918453282428385732379465629421678044327290432291053068095,2026-09-04T08:00:00+00:00,2026-09-04T08:15:00+00:00,22.75,0.5,0.51,0.505,0.01,637.96,498.86,95
2026-09-04T07:53:16.838422+00:00,btc-updown-5m-1788508200,5,4184464,43141457541819093969087041547370218004116004081562417612847524521956071135266,2026-09-04T07:50:00+00:00,2026-09-04T07:55:00+00:00,1.73,0.08,0.09,0.085,0.01,485.29,5.25,99
2026-09-04T07:53:16.838422+00:00,btc-updown-5m-1788508500,5,4184533,113602922489924217147982273366046471807231023826456732066163895726893927053966,2026-09-04T07:55:00+00:00,2026-09-04T08:00:00+00:00,6.73,0.52,0.53,0.525,0.01,25.21,216.48,99
2026-09-04T07:53:16.838422+00:00,btc-updown-15m-1788507900,15,4184439,87946907596413717767309917788518595218852666496604249241008096403116968739109,2026-09-04T07:45:00+00:00,2026-09-04T08:00:00+00:00,6.73,0.2,0.21,0.205,0.01,228.8,25.0,99
2026-09-04T07:53:16.838422+00:00,btc-updown-15m-1788508800,15,4184565,46936983653961977905918453282428385732379465629421678044327290432291053068095,2026-09-04T08:00:00+00:00,2026-09-04T08:15:00+00:00,21.73,0.5,0.51,0.505,0.01,557.96,498.86,95
2026-09-04T07:54:17.825422+00:00,btc-updown-5m-1788508500,5,4184533,113602922489924217147982273366046471807231023826456732066163895726893927053966,2026-09-04T07:55:00+00:00,2026-09-04T08:00:00+00:00,5.72,0.5,0.52,0.51,0.02,290.0,119.0,98
2026-09-04T07:54:17.825422+00:00,btc-updown-15m-1788507900,15,4184439,87946907596413717767309917788518595218852666496604249241008096403116968739109,2026-09-04T07:45:00+00:00,2026-09-04T08:00:00+00:00,5.72,0.23,0.25,0.24,0.02,15.0,130.0,98
2026-09-04T07:54:17.825422+00:00,btc-updown-15m-1788508800,15,4184565,46936983653961977905918453282428385732379465629421678044327290432291053068095,2026-09-04T08:00:00+00:00,2026-09-04T08:15:00+00:00,20.72,0.5,0.51,0.505,0.01,557.96,498.86,95
2026-09-04T07:55:18.645295+00:00,btc-updown-5m-1788508500,5,4184533,113602922489924217147982273366046471807231023826456732066163895726893927053966,2026-09-04T07:55:00+00:00,2026-09-04T08:00:00+00:00,4.7,0.32,0.33,0.325,0.01,117.52,187.34,99
2026-09-04T07:55:18.645295+00:00,btc-updown-5m-1788508800,5,4184560,44851588182056819696578083968285184892789196441830985998454196399452479262120,2026-09-04T08:00:00+00:00,2026-09-04T08:05:00+00:00,9.7,0.5,0.51,0.505,0.01,1036.79,674.09,99
2026-09-04T07:55:18.645295+00:00,btc-updown-15m-1788507900,15,4184439,87946907596413717767309917788518595218852666496604249241008096403116968739109,2026-09-04T07:45:00+00:00,2026-09-04T08:00:00+00:00,4.7,0.07,0.08,0.075,0.01,184.0,20.0,99
2026-09-04T07:55:18.645295+00:00,btc-updown-15m-1788508800,15,4184565,46936983653961977905918453282428385732379465629421678044327290432291053068095,2026-09-04T08:00:00+00:00,2026-09-04T08:15:00+00:00,19.7,0.51,0.52,0.515,0.01,107.96,479.42,95
2026-09-04T07:56:19.560958+00:00,btc-updown-5m-1788508500,5,4184533,113602922489924217147982273366046471807231023826456732066163895726893927053966,2026-09-04T07:55:00+00:00,2026-09-04T08:00:00+00:00,3.68,0.38,0.39,0.385,0.01,6.0,601.63,99
2026-09-04T07:56:19.560958+00:00,btc-updown-5m-1788508800,5,4184560,44851588182056819696578083968285184892789196441830985998454196399452479262120,2026-09-04T08:00:00+00:00,2026-09-04T08:05:00+00:00,8.68,0.5,0.51,0.505,0.01,1052.79,733.0,99
2026-09-04T07:56:19.560958+00:00,btc-updown-15m-1788507900,15,4184439,87946907596413717767309917788518595218852666496604249241008096403116968739109,2026-09-04T07:45:00+00:00,2026-09-04T08:00:00+00:00,3.68,0.05,0.06,0.055,0.01,206.0,5.0,99
2026-09-04T07:56:19.560958+00:00,btc-updown-15m-1788508800,15,4184565,46936983653961977905918453282428385732379465629421678044327290432291053068095,2026-09-04T08:00:00+00:00,2026-09-04T08:15:00+00:00,18.68,0.51,0.52,0.515,0.01,294.04,479.42,95
2026-09-04T07:57:20.524523+00:00,btc-updown-5m-1788508500,5,4184533,113602922489924217147982273366046471807231023826456732066163895726893927053966,2026-09-04T07:55:00+00:00,2026-09-04T08:00:00+00:00,2.67,0.16,0.17,0.165,0.01,359.3,30.0,99
2026-09-04T07:57:20.524523+00:00,btc-updown-5m-1788508800,5,4184560,44851588182056819696578083968285184892789196441830985998454196399452479262120,2026-09-04T08:00:00+00:00,2026-09-04T08:05:00+00:00,7.67,0.5,0.51,0.505,0.01,987.79,927.79,99
2026-09-04T07:57:20.524523+00:00,btc-updown-15m-1788507900,15,4184439,87946907596413717767309917788518595218852666496604249241008096403116968739109,2026-09-04T07:45:00+00:00,2026-09-04T08:00:00+00:00,2.67,0.01,0.02,0.015,0.01,105.0,165.03,99
2026-09-04T07:57:20.524523+00:00,btc-updown-15m-1788508800,15,4184565,46936983653961977905918453282428385732379465629421678044327290432291053068095,2026-09-04T08:00:00+00:00,2026-09-04T08:15:00+00:00,17.67,0.51,0.52,0.515,0.01,328.04,482.76,95
2026-09-04T07:58:21.454817+00:00,btc-updown-5m-1788508800,5,4184560,44851588182056819696578083968285184892789196441830985998454196399452479262120,2026-09-04T08:00:00+00:00,2026-09-04T08:05:00+00:00,6.65,0.5,0.51,0.505,0.01,217.79,604.19,99
2026-09-04T07:58:21.454817+00:00,btc-updown-15m-1788508800,15,4184565,46936983653961977905918453282428385732379465629421678044327290432291053068095,2026-09-04T08:00:00+00:00,2026-09-04T08:15:00+00:00,16.65,0.52,0.53,0.525,0.01,250.0,216.82,95
2026-09-04T07:59:22.205432+00:00,btc-updown-5m-1788508800,5,4184560,44851588182056819696578083968285184892789196441830985998454196399452479262120,2026-09-04T08:00:00+00:00,2026-09-04T08:05:00+00:00,5.63,0.5,0.52,0.51,0.02,90.69,10.0,98
2026-09-04T07:59:22.205432+00:00,btc-updown-15m-1788508800,15,4184565,46936983653961977905918453282428385732379465629421678044327290432291053068095,2026-09-04T08:00:00+00:00,2026-09-04T08:15:00+00:00,15.63,0.53,0.54,0.535,0.01,85.4,328.39,92
2026-09-04T08:00:22.930741+00:00,btc-updown-5m-1788508800,5,4184560,44851588182056819696578083968285184892789196441830985998454196399452479262120,2026-09-04T08:00:00+00:00,2026-09-04T08:05:00+00:00,4.63,0.72,0.73,0.725,0.01,70.0,414.32,99
2026-09-04T08:00:22.930741+00:00,btc-updown-5m-1788509100,5,4184605,102800242245125417329057185514108092593228328246451108923686135994730190205959,2026-09-04T08:05:00+00:00,2026-09-04T08:10:00+00:00,9.63,0.5,0.51,0.505,0.01,1181.17,630.57,99
2026-09-04T08:00:22.930741+00:00,btc-updown-15m-1788508800,15,4184565,46936983653961977905918453282428385732379465629421678044327290432291053068095,2026-09-04T08:00:00+00:00,2026-09-04T08:15:00+00:00,14.63,0.64,0.65,0.645,0.01,120.0,411.85,99
2026-09-04T08:00:22.930741+00:00,btc-updown-15m-1788509700,15,4184801,105040220990684983930334246475307573486649897034291061050380714372391134244183,2026-09-04T08:15:00+00:00,2026-09-04T08:30:00+00:00,29.63,0.5,0.51,0.505,0.01,596.0,275.0,97
2026-09-04T08:01:23.879481+00:00,btc-updown-5m-1788508800,5,4184560,44851588182056819696578083968285184892789196441830985998454196399452479262120,2026-09-04T08:00:00+00:00,2026-09-04T08:05:00+00:00,3.62,0.52,0.53,0.525,0.01,72.84,433.71,98
2026-09-04T08:01:23.879481+00:00,btc-updown-5m-1788509100,5,4184605,102800242245125417329057185514108092593228328246451108923686135994730190205959,2026-09-04T08:05:00+00:00,2026-09-04T08:10:00+00:00,8.62,0.5,0.51,0.505,0.01,1191.17,742.15,99
2026-09-04T08:01:23.879481+00:00,btc-updown-15m-1788508800,15,4184565,46936983653961977905918453282428385732379465629421678044327290432291053068095,2026-09-04T08:00:00+00:00,2026-09-04T08:15:00+00:00,13.62,0.52,0.53,0.525,0.01,72.68,19.23,99
2026-09-04T08:01:23.879481+00:00,btc-updown-15m-1788509700,15,4184801,105040220990684983930334246475307573486649897034291061050380714372391134244183,2026-09-04T08:15:00+00:00,2026-09-04T08:30:00+00:00,28.62,0.5,0.51,0.505,0.01,643.96,475.0,99
2026-09-04T08:02:24.814381+00:00,btc-updown-5m-1788508800,5,4184560,44851588182056819696578083968285184892789196441830985998454196399452479262120,2026-09-04T08:00:00+00:00,2026-09-04T08:05:00+00:00,2.6,0.49,0.5,0.495,0.01,175.03,197.44,99
2026-09-04T08:02:24.814381+00:00,btc-updown-5m-1788509100,5,4184605,102800242245125417329057185514108092593228328246451108923686135994730190205959,2026-09-04T08:05:00+00:00,2026-09-04T08:10:00+00:00,7.6,0.5,0.51,0.505,0.01,1153.17,889.06,99
2026-09-04T08:02:24.814381+00:00,btc-updown-15m-1788508800,15,4184565,46936983653961977905918453282428385732379465629421678044327290432291053068095,2026-09-04T08:00:00+00:00,2026-09-04T08:15:00+00:00,12.6,0.51,0.52,0.515,0.01,220.32,10.0,99
2026-09-04T08:02:24.814381+00:00,btc-updown-15m-1788509700,15,4184801,105040220990684983930334246475307573486649897034291061050380714372391134244183,2026-09-04T08:15:00+00:00,2026-09-04T08:30:00+00:00,27.6,0.5,0.51,0.505,0.01,991.96,475.0,99
2026-09-04T08:03:25.729201+00:00,btc-updown-5m-1788508800,5,4184560,44851588182056819696578083968285184892789196441830985998454196399452479262120,2026-09-04T08:00:00+00:00,2026-09-04T08:05:00+00:00,1.58,0.81,0.82,0.815,0.01,236.72,35.82,99
2026-09-04T08:03:25.729201+00:00,btc-updown-5m-1788509100,5,4184605,102800242245125417329057185514108092593228328246451108923686135994730190205959,2026-09-04T08:05:00+00:00,2026-09-04T08:10:00+00:00,6.58,0.5,0.51,0.505,0.01,349.17,669.06,99
2026-09-04T08:03:25.729201+00:00,btc-updown-15m-1788508800,15,4184565,46936983653961977905918453282428385732379465629421678044327290432291053068095,2026-09-04T08:00:00+00:00,2026-09-04T08:15:00+00:00,11.58,0.59,0.6,0.595,0.01,141.0,23.0,84
2026-09-04T08:03:25.729201+00:00,btc-updown-15m-1788509700,15,4184801,105040220990684983930334246475307573486649897034291061050380714372391134244183,2026-09-04T08:15:00+00:00,2026-09-04T08:30:00+00:00,26.58,0.5,0.51,0.505,0.01,641.96,475.0,99
2026-09-04T08:04:26.649150+00:00,btc-updown-5m-1788508800,5,4184560,44851588182056819696578083968285184892789196441830985998454196399452479262120,2026-09-04T08:00:00+00:00,2026-09-04T08:05:00+00:00,0.57,0.01,0.02,0.015,0.01,2633.8,194.73,99
2026-09-04T08:04:26.649150+00:00,btc-updown-5m-1788509100,5,4184605,102800242245125417329057185514108092593228328246451108923686135994730190205959,2026-09-04T08:05:00+00:00,2026-09-04T08:10:00+00:00,5.57,0.49,0.5,0.495,0.01,156.54,13.0,99
2026-09-04T08:04:26.649150+00:00,btc-updown-15m-1788508800,15,4184565,46936983653961977905918453282428385732379465629421678044327290432291053068095,2026-09-04T08:00:00+00:00,2026-09-04T08:15:00+00:00,10.57,0.43,0.44,0.435,0.01,51.0,214.37,99
2026-09-04T08:04:26.649150+00:00,btc-updown-15m-1788509700,15,4184801,105040220990684983930334246475307573486649897034291061050380714372391134244183,2026-09-04T08:15:00+00:00,2026-09-04T08:30:00+00:00,25.57,0.5,0.51,0.505,0.01,641.96,475.0,99
2026-09-04T08:05:27.562786+00:00,btc-updown-5m-1788509100,5,4184605,102800242245125417329057185514108092593228328246451108923686135994730190205959,2026-09-04T08:05:00+00:00,2026-09-04T08:10:00+00:00,4.55,0.33,0.34,0.335,0.01,111.6,215.05,99
2026-09-04T08:05:27.562786+00:00,btc-updown-5m-1788509400,5,4184624,78173727699762024697639338191075059291078071996933077314440487482717397208607,2026-09-04T08:10:00+00:00,2026-09-04T08:15:00+00:00,9.55,0.51,0.52,0.515,0.01,278.16,221.0,99
2026-09-04T08:05:27.562786+00:00,btc-updown-15m-1788508800,15,4184565,46936983653961977905918453282428385732379465629421678044327290432291053068095,2026-09-04T08:00:00+00:00,2026-09-04T08:15:00+00:00,9.55,0.32,0.33,0.325,0.01,10.0,200.17,99
2026-09-04T08:05:27.562786+00:00,btc-updown-15m-1788509700,15,4184801,105040220990684983930334246475307573486649897034291061050380714372391134244183,2026-09-04T08:15:00+00:00,2026-09-04T08:30:00+00:00,24.55,0.5,0.51,0.505,0.01,669.96,485.4,99
2026-09-04T08:06:28.483778+00:00,btc-updown-5m-1788509100,5,4184605,102800242245125417329057185514108092593228328246451108923686135994730190205959,2026-09-04T08:05:00+00:00,2026-09-04T08:10:00+00:00,3.53,0.76,0.77,0.765,0.01,175.62,35.78,99
2026-09-04T08:06:28.483778+00:00,btc-updown-5m-1788509400,5,4184624,78173727699762024697639338191075059291078071996933077314440487482717397208607,2026-09-04T08:10:00+00:00,2026-09-04T08:15:00+00:00,8.53,0.51,0.52,0.515,0.01,110.8,417.4,99
2026-09-04T08:06:28.483778+00:00,btc-updown-15m-1788508800,15,4184565,46936983653961977905918453282428385732379465629421678044327290432291053068095,2026-09-04T08:00:00+00:00,2026-09-04T08:15:00+00:00,8.53,0.63,0.64,0.635,0.01,209.89,35.0,99
2026-09-04T08:06:28.483778+00:00,btc-updown-15m-1788509700,15,4184801,105040220990684983930334246475307573486649897034291061050380714372391134244183,2026-09-04T08:15:00+00:00,2026-09-04T08:30:00+00:00,23.53,0.5,0.51,0.505,0.01,489.96,230.0,99
2026-09-04T08:07:29.391436+00:00,btc-updown-5m-1788509100,5,4184605,102800242245125417329057185514108092593228328246451108923686135994730190205959,2026-09-04T08:05:00+00:00,2026-09-04T08:10:00+00:00,2.52,0.93,0.94,0.935,0.01,313.52,94.84,99
2026-09-04T08:07:29.391436+00:00,btc-updown-5m-1788509400,5,4184624,78173727699762024697639338191075059291078071996933077314440487482717397208607,2026-09-04T08:10:00+00:00,2026-09-04T08:15:00+00:00,7.52,0.51,0.52,0.515,0.01,60.18,653.3,99
2026-09-04T08:07:29.391436+00:00,btc-updown-15m-1788508800,15,4184565,46936983653961977905918453282428385732379465629421678044327290432291053068095,2026-09-04T08:00:00+00:00,2026-09-04T08:15:00+00:00,7.52,0.76,0.77,0.765,0.01,50.0,169.7,99
2026-09-04T08:07:29.391436+00:00,btc-updown-15m-1788509700,15,4184801,105040220990684983930334246475307573486649897034291061050380714372391134244183,2026-09-04T08:15:00+00:00,2026-09-04T08:30:00+00:00,22.52,0.5,0.51,0.505,0.01,434.96,349.04,99
2026-09-04T08:08:30.308670+00:00,btc-updown-5m-1788509100,5,4184605,102800242245125417329057185514108092593228328246451108923686135994730190205959,2026-09-04T08:05:00+00:00,2026-09-04T08:10:00+00:00,1.5,0.98,0.99,0.985,0.01,60.0,3057.01,99
2026-09-04T08:08:30.308670+00:00,btc-updown-5m-1788509400,5,4184624,78173727699762024697639338191075059291078071996933077314440487482717397208607,2026-09-04T08:10:00+00:00,2026-09-04T08:15:00+00:00,6.5,0.51,0.52,0.515,0.01,11.35,448.64,99
2026-09-04T08:08:30.308670+00:00,btc-updown-15m-1788508800,15,4184565,46936983653961977905918453282428385732379465629421678044327290432291053068095,2026-09-04T08:00:00+00:00,2026-09-04T08:15:00+00:00,6.5,0.74,0.75,0.745,0.01,80.0,116.0,99
2026-09-04T08:08:30.308670+00:00,btc-updown-15m-1788509700,15,4184801,105040220990684983930334246475307573486649897034291061050380714372391134244183,2026-09-04T08:15:00+00:00,2026-09-04T08:30:00+00:00,21.5,0.5,0.51,0.505,0.01,469.96,249.04,99
2026-09-04T08:09:31.221410+00:00,btc-updown-5m-1788509400,5,4184624,78173727699762024697639338191075059291078071996933077314440487482717397208607,2026-09-04T08:10:00+00:00,2026-09-04T08:15:00+00:00,5.48,0.52,0.53,0.525,0.01,244.0,5.56,99
2026-09-04T08:09:31.221410+00:00,btc-updown-15m-1788508800,15,4184565,46936983653961977905918453282428385732379465629421678044327290432291053068095,2026-09-04T08:00:00+00:00,2026-09-04T08:15:00+00:00,5.48,0.75,0.76,0.755,0.01,170.0,18.0,99
2026-09-04T08:09:31.221410+00:00,btc-updown-15m-1788509700,15,4184801,105040220990684983930334246475307573486649897034291061050380714372391134244183,2026-09-04T08:15:00+00:00,2026-09-04T08:30:00+00:00,20.48,0.5,0.51,0.505,0.01,469.96,349.04,99
2026-09-04T08:10:32.028722+00:00,btc-updown-5m-1788509400,5,4184624,78173727699762024697639338191075059291078071996933077314440487482717397208607,2026-09-04T08:10:00+00:00,2026-09-04T08:15:00+00:00,4.47,0.58,0.59,0.585,0.01,633.73,4.4,99
2026-09-04T08:10:32.028722+00:00,btc-updown-5m-1788509700,5,4184799,58230635057103973296044004339930583021715960594573529258908723086327037795721,2026-09-04T08:15:00+00:00,2026-09-04T08:20:00+00:00,9.47,0.5,0.51,0.505,0.01,332.37,969.39,99
2026-09-04T08:10:32.028722+00:00,btc-updown-15m-1788508800,15,4184565,46936983653961977905918453282428385732379465629421678044327290432291053068095,2026-09-04T08:00:00+00:00,2026-09-04T08:15:00+00:00,4.47,0.86,0.87,0.865,0.01,88.75,192.7,99
2026-09-04T08:10:32.028722+00:00,btc-updown-15m-1788509700,15,4184801,105040220990684983930334246475307573486649897034291061050380714372391134244183,2026-09-04T08:15:00+00:00,2026-09-04T08:30:00+00:00,19.47,0.5,0.51,0.505,0.01,269.96,149.04,99
2026-09-04T08:11:32.940436+00:00,btc-updown-5m-1788509400,5,4184624,78173727699762024697639338191075059291078071996933077314440487482717397208607,2026-09-04T08:10:00+00:00,2026-09-04T08:15:00+00:00,3.47,0.5,0.51,0.505,0.01,395.79,114.6,99
2026-09-04T08:11:32.940436+00:00,btc-updown-5m-1788509700,5,4184799,58230635057103973296044004339930583021715960594573529258908723086327037795721,2026-09-04T08:15:00+00:00,2026-09-04T08:20:00+00:00,8.47,0.5,0.51,0.505,0.01,313.29,847.68,99
2026-09-04T08:11:32.940436+00:00,btc-updown-15m-1788508800,15,4184565,46936983653961977905918453282428385732379465629421678044327290432291053068095,2026-09-04T08:00:00+00:00,2026-09-04T08:15:00+00:00,3.47,0.83,0.84,0.835,0.01,143.73,8.8,99
2026-09-04T08:11:32.940436+00:00,btc-updown-15m-1788509700,15,4184801,105040220990684983930334246475307573486649897034291061050380714372391134244183,2026-09-04T08:15:00+00:00,2026-09-04T08:30:00+00:00,18.47,0.5,0.51,0.505,0.01,269.96,99.04,99
2026-09-04T08:12:33.856372+00:00,btc-updown-5m-1788509400,5,4184624,78173727699762024697639338191075059291078071996933077314440487482717397208607,2026-09-04T08:10:00+00:00,2026-09-04T08:15:00+00:00,2.45,0.86,0.87,0.865,0.01,16.02,422.32,99
2026-09-04T08:12:33.856372+00:00,btc-updown-5m-1788509700,5,4184799,58230635057103973296044004339930583021715960594573529258908723086327037795721,2026-09-04T08:15:00+00:00,2026-09-04T08:20:00+00:00,7.45,0.5,0.51,0.505,0.01,303.29,830.48,99
2026-09-04T08:12:33.856372+00:00,btc-updown-15m-1788508800,15,4184565,46936983653961977905918453282428385732379465629421678044327290432291053068095,2026-09-04T08:00:00+00:00,2026-09-04T08:15:00+00:00,2.45,0.98,0.99,0.985,0.01,171.0,461.7,99
2026-09-04T08:12:33.856372+00:00,btc-updown-15m-1788509700,15,4184801,105040220990684983930334246475307573486649897034291061050380714372391134244183,2026-09-04T08:15:00+00:00,2026-09-04T08:30:00+00:00,17.45,0.5,0.51,0.505,0.01,304.76,586.04,99
2026-09-04T08:13:34.805443+00:00,btc-updown-5m-1788509400,5,4184624,78173727699762024697639338191075059291078071996933077314440487482717397208607,2026-09-04T08:10:00+00:00,2026-09-04T08:15:00+00:00,1.43,0.64,0.65,0.645,0.01,262.0,25.0,99
2026-09-04T08:13:34.805443+00:00,btc-updown-5m-1788509700,5,4184799,58230635057103973296044004339930583021715960594573529258908723086327037795721,2026-09-04T08:15:00+00:00,2026-09-04T08:20:00+00:00,6.43,0.5,0.51,0.505,0.01,384.04,628.68,99
2026-09-04T08:13:34.805443+00:00,btc-updown-15m-1788508800,15,4184565,46936983653961977905918453282428385732379465629421678044327290432291053068095,2026-09-04T08:00:00+00:00,2026-09-04T08:15:00+00:00,1.43,0.97,0.98,0.975,0.01,200.0,315.9,99
2026-09-04T08:13:34.805443+00:00,btc-updown-15m-1788509700,15,4184801,105040220990684983930334246475307573486649897034291061050380714372391134244183,2026-09-04T08:15:00+00:00,2026-09-04T08:30:00+00:00,16.43,0.5,0.51,0.505,0.01,304.76,187.0,99
2026-09-04T08:14:35.719226+00:00,btc-updown-5m-1788509700,5,4184799,58230635057103973296044004339930583021715960594573529258908723086327037795721,2026-09-04T08:15:00+00:00,2026-09-04T08:20:00+00:00,5.42,0.5,0.51,0.505,0.01,12.0,241.0,99
2026-09-04T08:14:35.719226+00:00,btc-updown-15m-1788509700,15,4184801,105040220990684983930334246475307573486649897034291061050380714372391134244183,2026-09-04T08:15:00+00:00,2026-09-04T08:30:00+00:00,15.42,0.5,0.51,0.505,0.01,304.76,103.0,93
2026-09-04T08:15:36.423527+00:00,btc-updown-5m-1788509700,5,4184799,58230635057103973296044004339930583021715960594573529258908723086327037795721,2026-09-04T08:15:00+00:00,2026-09-04T08:20:00+00:00,4.4,0.76,0.77,0.765,0.01,180.43,139.06,99
2026-09-04T08:15:36.423527+00:00,btc-updown-5m-1788510000,5,4184820,20933517099167620155537068758374320160832753602847729210099650331304614491489,2026-09-04T08:20:00+00:00,2026-09-04T08:25:00+00:00,9.4,0.5,0.51,0.505,0.01,853.0,885.84,99
2026-09-04T08:15:36.423527+00:00,btc-updown-15m-1788509700,15,4184801,105040220990684983930334246475307573486649897034291061050380714372391134244183,2026-09-04T08:15:00+00:00,2026-09-04T08:30:00+00:00,14.4,0.65,0.66,0.655,0.01,247.14,40.45,99
2026-09-04T08:15:36.423527+00:00,btc-updown-15m-1788510600,15,4184851,88360587195740305845754345859098990680381952513112605557154691516902450040134,2026-09-04T08:30:00+00:00,2026-09-04T08:45:00+00:00,29.4,0.5,0.51,0.505,0.01,475.0,635.0,99
2026-09-04T08:16:37.339519+00:00,btc-updown-5m-1788509700,5,4184799,58230635057103973296044004339930583021715960594573529258908723086327037795721,2026-09-04T08:15:00+00:00,2026-09-04T08:20:00+00:00,3.38,0.75,0.76,0.755,0.01,31.97,154.07,99
2026-09-04T08:16:37.339519+00:00,btc-updown-5m-1788510000,5,4184820,20933517099167620155537068758374320160832753602847729210099650331304614491489,2026-09-04T08:20:00+00:00,2026-09-04T08:25:00+00:00,8.38,0.5,0.51,0.505,0.01,853.0,777.95,99
2026-09-04T08:16:37.339519+00:00,btc-updown-15m-1788509700,15,4184801,105040220990684983930334246475307573486649897034291061050380714372391134244183,2026-09-04T08:15:00+00:00,2026-09-04T08:30:00+00:00,13.38,0.63,0.64,0.635,0.01,104.57,153.51,99
2026-09-04T08:16:37.339519+00:00,btc-updown-15m-1788510600,15,4184851,88360587195740305845754345859098990680381952513112605557154691516902450040134,2026-09-04T08:30:00+00:00,2026-09-04T08:45:00+00:00,28.38,0.5,0.51,0.505,0.01,475.0,839.08,99
2026-09-04T08:17:38.343345+00:00,btc-updown-5m-1788509700,5,4184799,58230635057103973296044004339930583021715960594573529258908723086327037795721,2026-09-04T08:15:00+00:00,2026-09-04T08:20:00+00:00,2.37,0.92,0.93,0.925,0.01,173.84,201.94,99
2026-09-04T08:17:38.343345+00:00,btc-updown-5m-1788510000,5,4184820,20933517099167620155537068758374320160832753602847729210099650331304614491489,2026-09-04T08:20:00+00:00,2026-09-04T08:25:00+00:00,7.37,0.5,0.51,0.505,0.01,848.0,1201.51,99
2026-09-04T08:17:38.343345+00:00,btc-updown-15m-1788509700,15,4184801,105040220990684983930334246475307573486649897034291061050380714372391134244183,2026-09-04T08:15:00+00:00,2026-09-04T08:30:00+00:00,12.37,0.79,0.8,0.795,0.01,50.94,236.5,99
2026-09-04T08:17:38.343345+00:00,btc-updown-15m-1788510600,15,4184851,88360587195740305845754345859098990680381952513112605557154691516902450040134,2026-09-04T08:30:00+00:00,2026-09-04T08:45:00+00:00,27.37,0.5,0.51,0.505,0.01,475.0,1164.08,99
2026-09-04T13:18:30.302009+00:00,btc-updown-5m-1788527700,5,4188105,82015374948560108836427092260478382822489649331540936425635223364927460734728,2026-09-04T13:15:00+00:00,2026-09-04T13:20:00+00:00,1.5,0.93,0.94,0.935,0.01,845.24,74.61,99
2026-09-04T13:18:30.302009+00:00,btc-updown-5m-1788528000,5,4188123,2598337753865877085748047091032543055522059843922849039035825361184878165594,2026-09-04T13:20:00+00:00,2026-09-04T13:25:00+00:00,6.5,0.51,0.52,0.515,0.01,380.28,261.0,99
2026-09-04T13:18:30.302009+00:00,btc-updown-15m-1788527700,15,4188094,87459089473134531081449854169229755073791058515209278320925952652536396099231,2026-09-04T13:15:00+00:00,2026-09-04T13:30:00+00:00,11.5,0.65,0.66,0.655,0.01,260.85,21.0,99
2026-09-04T13:18:30.302009+00:00,btc-updown-15m-1788528600,15,4188148,8391735772050074926579426438293729660885226633647135345239897257057452244632,2026-09-04T13:30:00+00:00,2026-09-04T13:45:00+00:00,26.5,0.5,0.51,0.505,0.01,486.96,1258.69,95
2026-09-04T13:19:31.481689+00:00,btc-updown-5m-1788528000,5,4188123,2598337753865877085748047091032543055522059843922849039035825361184878165594,2026-09-04T13:20:00+00:00,2026-09-04T13:25:00+00:00,5.48,0.5,0.52,0.51,0.02,219.38,50.0,98
2026-09-04T13:19:31.481689+00:00,btc-updown-15m-1788527700,15,4188094,87459089473134531081449854169229755073791058515209278320925952652536396099231,2026-09-04T13:15:00+00:00,2026-09-04T13:30:00+00:00,10.48,0.71,0.72,0.715,0.01,638.0,10.0,99
2026-09-04T13:19:31.481689+00:00,btc-updown-15m-1788528600,15,4188148,8391735772050074926579426438293729660885226633647135345239897257057452244632,2026-09-04T13:30:00+00:00,2026-09-04T13:45:00+00:00,25.48,0.5,0.51,0.505,0.01,486.96,858.69,95
2026-09-04T13:20:32.454812+00:00,btc-updown-5m-1788528000,5,4188123,2598337753865877085748047091032543055522059843922849039035825361184878165594,2026-09-04T13:20:00+00:00,2026-09-04T13:25:00+00:00,4.47,0.47,0.48,0.475,0.01,18.0,567.88,99
2026-09-04T13:20:32.454812+00:00,btc-updown-5m-1788528300,5,4188138,39362056116283898362844939344937038976143934311535924726208149112209551037615,2026-09-04T13:25:00+00:00,2026-09-04T13:30:00+00:00,9.47,0.5,0.51,0.505,0.01,928.53,1249.45,99
2026-09-04T13:20:32.454812+00:00,btc-updown-15m-1788527700,15,4188094,87459089473134531081449854169229755073791058515209278320925952652536396099231,2026-09-04T13:15:00+00:00,2026-09-04T13:30:00+00:00,9.47,0.71,0.72,0.715,0.01,170.0,220.4,99
2026-09-04T13:20:32.454812+00:00,btc-updown-15m-1788528600,15,4188148,8391735772050074926579426438293729660885226633647135345239897257057452244632,2026-09-04T13:30:00+00:00,2026-09-04T13:45:00+00:00,24.47,0.5,0.51,0.505,0.01,486.96,1288.69,95
2026-09-04T13:21:33.531258+00:00,btc-updown-5m-1788528000,5,4188123,2598337753865877085748047091032543055522059843922849039035825361184878165594,2026-09-04T13:20:00+00:00,2026-09-04T13:25:00+00:00,3.45,0.59,0.6,0.595,0.01,140.0,668.66,99
2026-09-04T13:21:33.531258+00:00,btc-updown-5m-1788528300,5,4188138,39362056116283898362844939344937038976143934311535924726208149112209551037615,2026-09-04T13:25:00+00:00,2026-09-04T13:30:00+00:00,8.45,0.5,0.51,0.505,0.01,928.53,1120.98,99
2026-09-04T13:21:33.531258+00:00,btc-updown-15m-1788527700,15,4188094,87459089473134531081449854169229755073791058515209278320925952652536396099231,2026-09-04T13:15:00+00:00,2026-09-04T13:30:00+00:00,8.45,0.79,0.8,0.795,0.01,663.36,222.92,99
2026-09-04T13:21:33.531258+00:00,btc-updown-15m-1788528600,15,4188148,8391735772050074926579426438293729660885226633647135345239897257057452244632,2026-09-04T13:30:00+00:00,2026-09-04T13:45:00+00:00,23.45,0.5,0.51,0.505,0.01,686.96,1282.8,95
2026-09-04T13:22:34.614051+00:00,btc-updown-5m-1788528000,5,4188123,2598337753865877085748047091032543055522059843922849039035825361184878165594,2026-09-04T13:20:00+00:00,2026-09-04T13:25:00+00:00,2.43,0.78,0.79,0.785,0.01,69.08,297.0,99
2026-09-04T13:22:34.614051+00:00,btc-updown-5m-1788528300,5,4188138,39362056116283898362844939344937038976143934311535924726208149112209551037615,2026-09-04T13:25:00+00:00,2026-09-04T13:30:00+00:00,7.43,0.5,0.51,0.505,0.01,917.93,1141.37,99
2026-09-04T13:22:34.614051+00:00,btc-updown-15m-1788527700,15,4188094,87459089473134531081449854169229755073791058515209278320925952652536396099231,2026-09-04T13:15:00+00:00,2026-09-04T13:30:00+00:00,7.43,0.85,0.86,0.855,0.01,489.0,26.0,99
2026-09-04T13:22:34.614051+00:00,btc-updown-15m-1788528600,15,4188148,8391735772050074926579426438293729660885226633647135345239897257057452244632,2026-09-04T13:30:00+00:00,2026-09-04T13:45:00+00:00,22.43,0.5,0.51,0.505,0.01,686.96,682.8,95
2026-09-04T13:23:35.728688+00:00,btc-updown-5m-1788528000,5,4188123,2598337753865877085748047091032543055522059843922849039035825361184878165594,2026-09-04T13:20:00+00:00,2026-09-04T13:25:00+00:00,1.42,0.9,0.91,0.905,0.01,604.11,127.0,99
2026-09-04T13:23:35.728688+00:00,btc-updown-5m-1788528300,5,4188138,39362056116283898362844939344937038976143934311535924726208149112209551037615,2026-09-04T13:25:00+00:00,2026-09-04T13:30:00+00:00,6.42,0.5,0.51,0.505,0.01,165.93,865.58,99
2026-09-04T13:23:35.728688+00:00,btc-updown-15m-1788527700,15,4188094,87459089473134531081449854169229755073791058515209278320925952652536396099231,2026-09-04T13:15:00+00:00,2026-09-04T13:30:00+00:00,6.42,0.89,0.9,0.895,0.01,196.0,296.89,99
2026-09-04T13:23:35.728688+00:00,btc-updown-15m-1788528600,15,4188148,8391735772050074926579426438293729660885226633647135345239897257057452244632,2026-09-04T13:30:00+00:00,2026-09-04T13:45:00+00:00,21.42,0.5,0.51,0.505,0.01,686.96,634.08,95
2026-09-04T13:24:36.837986+00:00,btc-updown-5m-1788528300,5,4188138,39362056116283898362844939344937038976143934311535924726208149112209551037615,2026-09-04T13:25:00+00:00,2026-09-04T13:30:00+00:00,5.4,0.48,0.49,0.485,0.01,30.0,54.95,99
2026-09-04T13:24:36.837986+00:00,btc-updown-15m-1788527700,15,4188094,87459089473134531081449854169229755073791058515209278320925952652536396099231,2026-09-04T13:15:00+00:00,2026-09-04T13:30:00+00:00,5.4,0.91,0.92,0.915,0.01,48.0,542.0,99
2026-09-04T13:24:36.837986+00:00,btc-updown-15m-1788528600,15,4188148,8391735772050074926579426438293729660885226633647135345239897257057452244632,2026-09-04T13:30:00+00:00,2026-09-04T13:45:00+00:00,20.4,0.5,0.51,0.505,0.01,691.0,830.0,96
2026-09-04T13:25:37.814480+00:00,btc-updown-5m-1788528300,5,4188138,39362056116283898362844939344937038976143934311535924726208149112209551037615,2026-09-04T13:25:00+00:00,2026-09-04T13:30:00+00:00,4.38,0.68,0.69,0.685,0.01,196.75,1118.3,99
2026-09-04T13:25:37.814480+00:00,btc-updown-5m-1788528600,5,4188145,38971894728213467665242501177759807522501853490994727413167323912960987987764,2026-09-04T13:30:00+00:00,2026-09-04T13:35:00+00:00,9.38,0.5,0.51,0.505,0.01,716.65,1118.43,99
2026-09-04T13:25:37.814480+00:00,btc-updown-15m-1788527700,15,4188094,87459089473134531081449854169229755073791058515209278320925952652536396099231,2026-09-04T13:15:00+00:00,2026-09-04T13:30:00+00:00,4.38,0.96,0.97,0.965,0.01,151.66,260.0,99
2026-09-04T13:25:37.814480+00:00,btc-updown-15m-1788528600,15,4188148,8391735772050074926579426438293729660885226633647135345239897257057452244632,2026-09-04T13:30:00+00:00,2026-09-04T13:45:00+00:00,19.38,0.5,0.51,0.505,0.01,416.0,654.08,96
2026-09-04T13:26:38.918737+00:00,btc-updown-5m-1788528300,5,4188138,39362056116283898362844939344937038976143934311535924726208149112209551037615,2026-09-04T13:25:00+00:00,2026-09-04T13:30:00+00:00,3.37,0.56,0.57,0.565,0.01,8.0,23.02,99
2026-09-04T13:26:38.918737+00:00,btc-updown-5m-1788528600,5,4188145,38971894728213467665242501177759807522501853490994727413167323912960987987764,2026-09-04T13:30:00+00:00,2026-09-04T13:35:00+00:00,8.37,0.5,0.51,0.505,0.01,916.65,1182.65,99
2026-09-04T13:26:38.918737+00:00,btc-updown-15m-1788527700,15,4188094,87459089473134531081449854169229755073791058515209278320925952652536396099231,2026-09-04T13:15:00+00:00,2026-09-04T13:30:00+00:00,3.37,0.97,0.98,0.975,0.01,389.01,475.0,99
2026-09-04T13:26:38.918737+00:00,btc-updown-15m-1788528600,15,4188148,8391735772050074926579426438293729660885226633647135345239897257057452244632,2026-09-04T13:30:00+00:00,2026-09-04T13:45:00+00:00,18.37,0.5,0.51,0.505,0.01,456.0,616.07,96
2026-09-04T13:27:40.018858+00:00,btc-updown-5m-1788528300,5,4188138,39362056116283898362844939344937038976143934311535924726208149112209551037615,2026-09-04T13:25:00+00:00,2026-09-04T13:30:00+00:00,2.33,0.18,0.19,0.185,0.01,137.54,740.8,99
2026-09-04T13:27:40.018858+00:00,btc-updown-5m-1788528600,5,4188145,38971894728213467665242501177759807522501853490994727413167323912960987987764,2026-09-04T13:30:00+00:00,2026-09-04T13:35:00+00:00,7.33,0.5,0.51,0.505,0.01,916.65,1172.65,99
2026-09-04T13:27:40.018858+00:00,btc-updown-15m-1788527700,15,4188094,87459089473134531081449854169229755073791058515209278320925952652536396099231,2026-09-04T13:15:00+00:00,2026-09-04T13:30:00+00:00,2.33,0.93,0.94,0.935,0.01,274.0,10.0,98
2026-09-04T13:27:40.018858+00:00,btc-updown-15m-1788528600,15,4188148,8391735772050074926579426438293729660885226633647135345239897257057452244632,2026-09-04T13:30:00+00:00,2026-09-04T13:45:00+00:00,17.33,0.5,0.51,0.505,0.01,556.0,196.07,96
2026-09-04T13:28:41.123767+00:00,btc-updown-5m-1788528300,5,4188138,39362056116283898362844939344937038976143934311535924726208149112209551037615,2026-09-04T13:25:00+00:00,2026-09-04T13:30:00+00:00,1.32,0.04,0.05,0.045,0.01,650.64,83.0,99
2026-09-04T13:28:41.123767+00:00,btc-updown-5m-1788528600,5,4188145,38971894728213467665242501177759807522501853490994727413167323912960987987764,2026-09-04T13:30:00+00:00,2026-09-04T13:35:00+00:00,6.32,0.49,0.5,0.495,0.01,445.86,534.0,99
2026-09-04T13:28:41.123767+00:00,btc-updown-15m-1788527700,15,4188094,87459089473134531081449854169229755073791058515209278320925952652536396099231,2026-09-04T13:15:00+00:00,2026-09-04T13:30:00+00:00,1.32,0.96,0.97,0.965,0.01,100.0,5.0,104
2026-09-04T13:28:41.123767+00:00,btc-updown-15m-1788528600,15,4188148,8391735772050074926579426438293729660885226633647135345239897257057452244632,2026-09-04T13:30:00+00:00,2026-09-04T13:45:00+00:00,16.32,0.5,0.51,0.505,0.01,704.04,180.07,96
2026-09-04T13:29:42.273751+00:00,btc-updown-5m-1788528600,5,4188145,38971894728213467665242501177759807522501853490994727413167323912960987987764,2026-09-04T13:30:00+00:00,2026-09-04T13:35:00+00:00,5.3,0.53,0.54,0.535,0.01,59.62,239.19,99
2026-09-04T13:29:42.273751+00:00,btc-updown-15m-1788528600,15,4188148,8391735772050074926579426438293729660885226633647135345239897257057452244632,2026-09-04T13:30:00+00:00,2026-09-04T13:45:00+00:00,15.3,0.5,0.51,0.505,0.01,1057.0,162.61,94
2026-09-04T13:30:43.156181+00:00,btc-updown-5m-1788528600,5,4188145,38971894728213467665242501177759807522501853490994727413167323912960987987764,2026-09-04T13:30:00+00:00,2026-09-04T13:35:00+00:00,4.28,0.85,0.86,0.855,0.01,171.99,319.0,99
2026-09-04T13:30:43.156181+00:00,btc-updown-5m-1788528900,5,4188313,105310999347619083058567200590027981633439791225837763463457481205190744061595,2026-09-04T13:35:00+00:00,2026-09-04T13:40:00+00:00,9.28,0.5,0.51,0.505,0.01,1297.25,650.46,99
2026-09-04T13:30:43.156181+00:00,btc-updown-15m-1788528600,15,4188148,8391735772050074926579426438293729660885226633647135345239897257057452244632,2026-09-04T13:30:00+00:00,2026-09-04T13:45:00+00:00,14.28,0.69,0.7,0.695,0.01,1408.72,407.96,99
2026-09-04T13:30:43.156181+00:00,btc-updown-15m-1788529500,15,4188508,57988404624427751766038635983424506229676026180096975971977021747173464730426,2026-09-04T13:45:00+00:00,2026-09-04T14:00:00+00:00,29.28,0.5,0.51,0.505,0.01,683.0,496.0,96
2026-09-04T13:31:44.243088+00:00,btc-updown-5m-1788528600,5,4188145,38971894728213467665242501177759807522501853490994727413167323912960987987764,2026-09-04T13:30:00+00:00,2026-09-04T13:35:00+00:00,3.27,0.83,0.84,0.835,0.01,65.13,83.0,99
2026-09-04T13:31:44.243088+00:00,btc-updown-5m-1788528900,5,4188313,105310999347619083058567200590027981633439791225837763463457481205190744061595,2026-09-04T13:35:00+00:00,2026-09-04T13:40:00+00:00,8.27,0.52,0.54,0.53,0.02,125.0,813.33,98
2026-09-04T13:31:44.243088+00:00,btc-updown-15m-1788528600,15,4188148,8391735772050074926579426438293729660885226633647135345239897257057452244632,2026-09-04T13:30:00+00:00,2026-09-04T13:45:00+00:00,13.27,0.65,0.66,0.655,0.01,280.83,55.0,99
2026-09-04T13:31:44.243088+00:00,btc-updown-15m-1788529500,15,4188508,57988404624427751766038635983424506229676026180096975971977021747173464730426,2026-09-04T13:45:00+00:00,2026-09-04T14:00:00+00:00,28.27,0.5,0.51,0.505,0.01,685.0,700.08,96
2026-09-04T13:32:45.347944+00:00,btc-updown-5m-1788528600,5,4188145,38971894728213467665242501177759807522501853490994727413167323912960987987764,2026-09-04T13:30:00+00:00,2026-09-04T13:35:00+00:00,2.25,0.74,0.75,0.745,0.01,53.0,30.0,99
2026-09-04T13:32:45.347944+00:00,btc-updown-5m-1788528900,5,4188313,105310999347619083058567200590027981633439791225837763463457481205190744061595,2026-09-04T13:35:00+00:00,2026-09-04T13:40:00+00:00,7.25,0.51,0.53,0.52,0.02,547.04,372.0,98
2026-09-04T13:32:45.347944+00:00,btc-updown-15m-1788528600,15,4188148,8391735772050074926579426438293729660885226633647135345239897257057452244632,2026-09-04T13:30:00+00:00,2026-09-04T13:45:00+00:00,12.25,0.59,0.6,0.595,0.01,84.5,289.11,99
2026-09-04T13:32:45.347944+00:00,btc-updown-15m-1788529500,15,4188508,57988404624427751766038635983424506229676026180096975971977021747173464730426,2026-09-04T13:45:00+00:00,2026-09-04T14:00:00+00:00,27.25,0.5,0.51,0.505,0.01,680.91,698.08,96
2026-09-04T13:33:46.460819+00:00,btc-updown-5m-1788528600,5,4188145,38971894728213467665242501177759807522501853490994727413167323912960987987764,2026-09-04T13:30:00+00:00,2026-09-04T13:35:00+00:00,1.23,0.57,0.58,0.575,0.01,182.08,130.0,99
2026-09-04T13:33:46.460819+00:00,btc-updown-5m-1788528900,5,4188313,105310999347619083058567200590027981633439791225837763463457481205190744061595,2026-09-04T13:35:00+00:00,2026-09-04T13:40:00+00:00,6.23,0.51,0.53,0.52,0.02,427.58,321.69,98
2026-09-04T13:33:46.460819+00:00,btc-updown-15m-1788528600,15,4188148,8391735772050074926579426438293729660885226633647135345239897257057452244632,2026-09-04T13:30:00+00:00,2026-09-04T13:45:00+00:00,11.23,0.54,0.55,0.545,0.01,75.0,191.98,99
2026-09-04T13:33:46.460819+00:00,btc-updown-15m-1788529500,15,4188508,57988404624427751766038635983424506229676026180096975971977021747173464730426,2026-09-04T13:45:00+00:00,2026-09-04T14:00:00+00:00,26.23,0.5,0.51,0.505,0.01,680.91,623.08,96
2026-09-04T13:34:47.603208+00:00,btc-updown-5m-1788528900,5,4188313,105310999347619083058567200590027981633439791225837763463457481205190744061595,2026-09-04T13:35:00+00:00,2026-09-04T13:40:00+00:00,5.22,0.42,0.43,0.425,0.01,27.98,47.37,99
2026-09-04T13:34:47.603208+00:00,btc-updown-15m-1788528600,15,4188148,8391735772050074926579426438293729660885226633647135345239897257057452244632,2026-09-04T13:30:00+00:00,2026-09-04T13:45:00+00:00,10.22,0.37,0.38,0.375,0.01,254.0,25.0,99
2026-09-04T13:34:47.603208+00:00,btc-updown-15m-1788529500,15,4188508,57988404624427751766038635983424506229676026180096975971977021747173464730426,2026-09-04T13:45:00+00:00,2026-09-04T14:00:00+00:00,25.22,0.5,0.51,0.505,0.01,1405.91,419.0,96
2026-09-04T13:35:48.606863+00:00,btc-updown-5m-1788528900,5,4188313,105310999347619083058567200590027981633439791225837763463457481205190744061595,2026-09-04T13:35:00+00:00,2026-09-04T13:40:00+00:00,4.2,0.22,0.23,0.225,0.01,92.92,734.14,99
2026-09-04T13:35:48.606863+00:00,btc-updown-5m-1788529200,5,4188497,28043788119221942587455089213701833643032213587480568948855676992136300783795,2026-09-04T13:40:00+00:00,2026-09-04T13:45:00+00:00,9.2,0.5,0.51,0.505,0.01,1581.97,933.42,99
2026-09-04T13:35:48.606863+00:00,btc-updown-15m-1788528600,15,4188148,8391735772050074926579426438293729660885226633647135345239897257057452244632,2026-09-04T13:30:00+00:00,2026-09-04T13:45:00+00:00,9.2,0.24,0.25,0.245,0.01,90.95,1253.89,99
2026-09-04T13:35:48.606863+00:00,btc-updown-15m-1788529500,15,4188508,57988404624427751766038635983424506229676026180096975971977021747173464730426,2026-09-04T13:45:00+00:00,2026-09-04T14:00:00+00:00,24.2,0.5,0.51,0.505,0.01,1438.0,516.0,96
2026-09-04T13:36:49.722259+00:00,btc-updown-5m-1788528900,5,4188313,105310999347619083058567200590027981633439791225837763463457481205190744061595,2026-09-04T13:35:00+00:00,2026-09-04T13:40:00+00:00,3.18,0.08,0.09,0.085,0.01,73.17,280.9,99
2026-09-04T13:36:49.722259+00:00,btc-updown-5m-1788529200,5,4188497,28043788119221942587455089213701833643032213587480568948855676992136300783795,2026-09-04T13:40:00+00:00,2026-09-04T13:45:00+00:00,8.18,0.5,0.51,0.505,0.01,2921.97,718.06,99
2026-09-04T13:36:49.722259+00:00,btc-updown-15m-1788528600,15,4188148,8391735772050074926579426438293729660885226633647135345239897257057452244632,2026-09-04T13:30:00+00:00,2026-09-04T13:45:00+00:00,8.18,0.11,0.12,0.115,0.01,83.49,47.56,99
2026-09-04T13:36:49.722259+00:00,btc-updown-15m-1788529500,15,4188508,57988404624427751766038635983424506229676026180096975971977021747173464730426,2026-09-04T13:45:00+00:00,2026-09-04T14:00:00+00:00,23.18,0.5,0.51,0.505,0.01,1513.0,516.0,96
2026-09-04T13:37:50.823997+00:00,btc-updown-5m-1788528900,5,4188313,105310999347619083058567200590027981633439791225837763463457481205190744061595,2026-09-04T13:35:00+00:00,2026-09-04T13:40:00+00:00,2.17,0.74,0.75,0.745,0.01,16.92,125.0,99
2026-09-04T13:37:50.823997+00:00,btc-updown-5m-1788529200,5,4188497,28043788119221942587455089213701833643032213587480568948855676992136300783795,2026-09-04T13:40:00+00:00,2026-09-04T13:45:00+00:00,7.17,0.5,0.51,0.505,0.01,586.7,670.2,99
2026-09-04T13:37:50.823997+00:00,btc-updown-15m-1788528600,15,4188148,8391735772050074926579426438293729660885226633647135345239897257057452244632,2026-09-04T13:30:00+00:00,2026-09-04T13:45:00+00:00,7.17,0.51,0.52,0.515,0.01,368.0,137.41,99
2026-09-04T13:37:50.823997+00:00,btc-updown-15m-1788529500,15,4188508,57988404624427751766038635983424506229676026180096975971977021747173464730426,2026-09-04T13:45:00+00:00,2026-09-04T14:00:00+00:00,22.17,0.5,0.51,0.505,0.01,813.0,441.0,96
2026-09-04T13:38:51.971634+00:00,btc-updown-5m-1788528900,5,4188313,105310999347619083058567200590027981633439791225837763463457481205190744061595,2026-09-04T13:35:00+00:00,2026-09-04T13:40:00+00:00,1.15,0.85,0.86,0.855,0.01,117.0,33.0,99
2026-09-04T13:38:51.971634+00:00,btc-updown-5m-1788529200,5,4188497,28043788119221942587455089213701833643032213587480568948855676992136300783795,2026-09-04T13:40:00+00:00,2026-09-04T13:45:00+00:00,6.15,0.51,0.52,0.515,0.01,396.34,243.08,99
2026-09-04T13:38:51.971634+00:00,btc-updown-15m-1788528600,15,4188148,8391735772050074926579426438293729660885226633647135345239897257057452244632,2026-09-04T13:30:00+00:00,2026-09-04T13:45:00+00:00,6.15,0.52,0.53,0.525,0.01,8.0,266.0,99
2026-09-04T13:38:51.971634+00:00,btc-updown-15m-1788529500,15,4188508,57988404624427751766038635983424506229676026180096975971977021747173464730426,2026-09-04T13:45:00+00:00,2026-09-04T14:00:00+00:00,21.15,0.5,0.51,0.505,0.01,713.0,641.0,96
2026-09-04T13:39:53.063899+00:00,btc-updown-5m-1788529200,5,4188497,28043788119221942587455089213701833643032213587480568948855676992136300783795,2026-09-04T13:40:00+00:00,2026-09-04T13:45:00+00:00,5.12,0.49,0.5,0.495,0.01,79.0,36.0,99
2026-09-04T13:39:53.063899+00:00,btc-updown-15m-1788528600,15,4188148,8391735772050074926579426438293729660885226633647135345239897257057452244632,2026-09-04T13:30:00+00:00,2026-09-04T13:45:00+00:00,5.12,0.49,0.5,0.495,0.01,88.0,166.88,99
2026-09-04T13:39:53.063899+00:00,btc-updown-15m-1788529500,15,4188508,57988404624427751766038635983424506229676026180096975971977021747173464730426,2026-09-04T13:45:00+00:00,2026-09-04T14:00:00+00:00,20.12,0.5,0.51,0.505,0.01,713.0,720.08,96
2026-09-04T13:40:54.065792+00:00,btc-updown-5m-1788529200,5,4188497,28043788119221942587455089213701833643032213587480568948855676992136300783795,2026-09-04T13:40:00+00:00,2026-09-04T13:45:00+00:00,4.1,0.67,0.68,0.675,0.01,693.88,68.98,99
2026-09-04T13:40:54.065792+00:00,btc-updown-5m-1788529500,5,4188502,64006312462285431734995184740565519085374918867504680627882480673090389088546,2026-09-04T13:45:00+00:00,2026-09-04T13:50:00+00:00,9.1,0.5,0.51,0.505,0.01,336.12,1567.26,99
2026-09-04T13:40:54.065792+00:00,btc-updown-15m-1788528600,15,4188148,8391735772050074926579426438293729660885226633647135345239897257057452244632,2026-09-04T13:30:00+00:00,2026-09-04T13:45:00+00:00,4.1,0.68,0.69,0.685,0.01,137.0,229.0,99
2026-09-04T13:40:54.065792+00:00,btc-updown-15m-1788529500,15,4188508,57988404624427751766038635983424506229676026180096975971977021747173464730426,2026-09-04T13:45:00+00:00,2026-09-04T14:00:00+00:00,19.1,0.5,0.51,0.505,0.01,445.91,740.08,96
2026-09-04T13:41:55.163039+00:00,btc-updown-5m-1788529200,5,4188497,28043788119221942587455089213701833643032213587480568948855676992136300783795,2026-09-04T13:40:00+00:00,2026-09-04T13:45:00+00:00,3.08,0.61,0.62,0.615,0.01,17.97,673.25,99
2026-09-04T13:41:55.163039+00:00,btc-updown-5m-1788529500,5,4188502,64006312462285431734995184740565519085374918867504680627882480673090389088546,2026-09-04T13:45:00+00:00,2026-09-04T13:50:00+00:00,8.08,0.5,0.51,0.505,0.01,326.12,1222.26,99
2026-09-04T13:41:55.163039+00:00,btc-updown-15m-1788528600,15,4188148,8391735772050074926579426438293729660885226633647135345239897257057452244632,2026-09-04T13:30:00+00:00,2026-09-04T13:45:00+00:00,3.08,0.62,0.63,0.625,0.01,244.0,15.0,99
2026-09-04T13:41:55.163039+00:00,btc-updown-15m-1788529500,15,4188508,57988404624427751766038635983424506229676026180096975971977021747173464730426,2026-09-04T13:45:00+00:00,2026-09-04T14:00:00+00:00,18.08,0.5,0.51,0.505,0.01,539.89,665.08,96
2026-09-04T13:42:56.273992+00:00,btc-updown-5m-1788529200,5,4188497,28043788119221942587455089213701833643032213587480568948855676992136300783795,2026-09-04T13:40:00+00:00,2026-09-04T13:45:00+00:00,2.07,0.5,0.51,0.505,0.01,27.0,1000.25,99
2026-09-04T13:42:56.273992+00:00,btc-updown-5m-1788529500,5,4188502,64006312462285431734995184740565519085374918867504680627882480673090389088546,2026-09-04T13:45:00+00:00,2026-09-04T13:50:00+00:00,7.07,0.5,0.51,0.505,0.01,326.12,1037.78,99
2026-09-04T13:42:56.273992+00:00,btc-updown-15m-1788528600,15,4188148,8391735772050074926579426438293729660885226633647135345239897257057452244632,2026-09-04T13:30:00+00:00,2026-09-04T13:45:00+00:00,2.07,0.53,0.54,0.535,0.01,5.0,33.0,99
2026-09-04T13:42:56.273992+00:00,btc-updown-15m-1788529500,15,4188508,57988404624427751766038635983424506229676026180096975971977021747173464730426,2026-09-04T13:45:00+00:00,2026-09-04T14:00:00+00:00,17.07,0.5,0.51,0.505,0.01,439.89,560.08,96
2026-09-04T13:43:57.393318+00:00,btc-updown-5m-1788529200,5,4188497,28043788119221942587455089213701833643032213587480568948855676992136300783795,2026-09-04T13:40:00+00:00,2026-09-04T13:45:00+00:00,1.05,0.88,0.89,0.885,0.01,250.69,208.51,99
2026-09-04T13:43:57.393318+00:00,btc-updown-5m-1788529500,5,4188502,64006312462285431734995184740565519085374918867504680627882480673090389088546,2026-09-04T13:45:00+00:00,2026-09-04T13:50:00+00:00,6.05,0.5,0.51,0.505,0.01,136.12,649.78,99
2026-09-04T13:43:57.393318+00:00,btc-updown-15m-1788528600,15,4188148,8391735772050074926579426438293729660885226633647135345239897257057452244632,2026-09-04T13:30:00+00:00,2026-09-04T13:45:00+00:00,1.05,0.91,0.92,0.915,0.01,184.75,90.95,99
2026-09-04T13:43:57.393318+00:00,btc-updown-15m-1788529500,15,4188508,57988404624427751766038635983424506229676026180096975971977021747173464730426,2026-09-04T13:45:00+00:00,2026-09-04T14:00:00+00:00,16.05,0.5,0.51,0.505,0.01,409.91,935.08,96
2026-09-04T13:44:58.508144+00:00,btc-updown-5m-1788529500,5,4188502,64006312462285431734995184740565519085374918867504680627882480673090389088546,2026-09-04T13:45:00+00:00,2026-09-04T13:50:00+00:00,5.03,0.49,0.5,0.495,0.01,40.0,5.0,98
2026-09-04T13:44:58.508144+00:00,btc-updown-15m-1788529500,15,4188508,57988404624427751766038635983424506229676026180096975971977021747173464730426,2026-09-04T13:45:00+00:00,2026-09-04T14:00:00+00:00,15.03,0.5,0.51,0.505,0.01,128.0,100.0,82
2026-09-04T13:45:59.414074+00:00,btc-updown-5m-1788529500,5,4188502,64006312462285431734995184740565519085374918867504680627882480673090389088546,2026-09-04T13:45:00+00:00,2026-09-04T13:50:00+00:00,4.02,0.6,0.61,0.605,0.01,281.75,821.86,99
2026-09-04T13:45:59.414074+00:00,btc-updown-5m-1788529800,5,4188516,109028008915742802789190888399165484784074815163363221525561073619220208186903,2026-09-04T13:50:00+00:00,2026-09-04T13:55:00+00:00,9.02,0.5,0.51,0.505,0.01,321.01,1222.86,99
2026-09-04T13:45:59.414074+00:00,btc-updown-15m-1788529500,15,4188508,57988404624427751766038635983424506229676026180096975971977021747173464730426,2026-09-04T13:45:00+00:00,2026-09-04T14:00:00+00:00,14.02,0.53,0.54,0.535,0.01,20.0,494.1,99
2026-09-04T13:45:59.414074+00:00,btc-updown-15m-1788530400,15,4188870,107700004419246566888053088435447410311842196366392606126451350573980292366751,2026-09-04T14:00:00+00:00,2026-09-04T14:15:00+00:00,29.02,0.5,0.51,0.505,0.01,654.0,879.85,93
2026-09-04T13:47:00.526737+00:00,btc-updown-5m-1788529500,5,4188502,64006312462285431734995184740565519085374918867504680627882480673090389088546,2026-09-04T13:45:00+00:00,2026-09-04T13:50:00+00:00,3.0,0.91,0.92,0.915,0.01,255.0,129.7,99
2026-09-04T13:47:00.526737+00:00,btc-updown-5m-1788529800,5,4188516,109028008915742802789190888399165484784074815163363221525561073619220208186903,2026-09-04T13:50:00+00:00,2026-09-04T13:55:00+00:00,8.0,0.5,0.51,0.505,0.01,311.01,1307.51,99
2026-09-04T13:47:00.526737+00:00,btc-updown-15m-1788529500,15,4188508,57988404624427751766038635983424506229676026180096975971977021747173464730426,2026-09-04T13:45:00+00:00,2026-09-04T14:00:00+00:00,13.0,0.71,0.72,0.715,0.01,105.0,175.0,99
2026-09-04T13:47:00.526737+00:00,btc-updown-15m-1788530400,15,4188870,107700004419246566888053088435447410311842196366392606126451350573980292366751,2026-09-04T14:00:00+00:00,2026-09-04T14:15:00+00:00,28.0,0.5,0.51,0.505,0.01,250.0,1495.85,93
2026-09-04T13:48:01.630067+00:00,btc-updown-5m-1788529800,5,4188516,109028008915742802789190888399165484784074815163363221525561073619220208186903,2026-09-04T13:50:00+00:00,2026-09-04T13:55:00+00:00,6.98,0.5,0.51,0.505,0.01,364.09,221.0,99
2026-09-04T13:48:01.630067+00:00,btc-updown-15m-1788529500,15,4188508,57988404624427751766038635983424506229676026180096975971977021747173464730426,2026-09-04T13:45:00+00:00,2026-09-04T14:00:00+00:00,11.98,0.8,0.81,0.805,0.01,10.0,235.0,98
2026-09-04T13:48:01.630067+00:00,btc-updown-15m-1788530400,15,4188870,107700004419246566888053088435447410311842196366392606126451350573980292366751,2026-09-04T14:00:00+00:00,2026-09-04T14:15:00+00:00,26.98,0.5,0.51,0.505,0.01,250.0,1693.85,93
2026-09-04T13:49:02.838367+00:00,btc-updown-5m-1788529800,5,4188516,109028008915742802789190888399165484784074815163363221525561073619220208186903,2026-09-04T13:50:00+00:00,2026-09-04T13:55:00+00:00,5.97,0.49,0.5,0.495,0.01,191.25,540.14,99
2026-09-04T13:49:02.838367+00:00,btc-updown-15m-1788529500,15,4188508,57988404624427751766038635983424506229676026180096975971977021747173464730426,2026-09-04T13:45:00+00:00,2026-09-04T14:00:00+00:00,10.97,0.8,0.81,0.805,0.01,96.37,157.53,99
2026-09-04T13:49:02.838367+00:00,btc-updown-15m-1788530400,15,4188870,107700004419246566888053088435447410311842196366392606126451350573980292366751,2026-09-04T14:00:00+00:00,2026-09-04T14:15:00+00:00,25.97,0.5,0.51,0.505,0.01,247.88,1891.25,93
2026-09-04T13:50:04.006998+00:00,btc-updown-5m-1788529800,5,4188516,109028008915742802789190888399165484784074815163363221525561073619220208186903,2026-09-04T13:50:00+00:00,2026-09-04T13:55:00+00:00,4.93,0.54,0.55,0.545,0.01,612.55,69.0,99
2026-09-04T13:50:04.006998+00:00,btc-updown-5m-1788530100,5,4188848,11884387583339933708522490829848752664170638139179816936660188172339207537576,2026-09-04T13:55:00+00:00,2026-09-04T14:00:00+00:00,9.93,0.49,0.5,0.495,0.01,654.23,685.18,99
2026-09-04T13:50:04.006998+00:00,btc-updown-15m-1788529500,15,4188508,57988404624427751766038635983424506229676026180096975971977021747173464730426,2026-09-04T13:45:00+00:00,2026-09-04T14:00:00+00:00,9.93,0.84,0.85,0.845,0.01,379.91,341.0,99
2026-09-04T13:50:04.006998+00:00,btc-updown-15m-1788530400,15,4188870,107700004419246566888053088435447410311842196366392606126451350573980292366751,2026-09-04T14:00:00+00:00,2026-09-04T14:15:00+00:00,24.93,0.5,0.51,0.505,0.01,247.88,1138.7,97
2026-09-04T13:51:05.127128+00:00,btc-updown-5m-1788529800,5,4188516,109028008915742802789190888399165484784074815163363221525561073619220208186903,2026-09-04T13:50:00+00:00,2026-09-04T13:55:00+00:00,3.92,0.25,0.26,0.255,0.01,447.71,191.0,99
2026-09-04T13:51:05.127128+00:00,btc-updown-5m-1788530100,5,4188848,11884387583339933708522490829848752664170638139179816936660188172339207537576,2026-09-04T13:55:00+00:00,2026-09-04T14:00:00+00:00,8.92,0.49,0.5,0.495,0.01,970.12,1008.18,99
2026-09-04T13:51:05.127128+00:00,btc-updown-15m-1788529500,15,4188508,57988404624427751766038635983424506229676026180096975971977021747173464730426,2026-09-04T13:45:00+00:00,2026-09-04T14:00:00+00:00,8.92,0.77,0.78,0.775,0.01,263.0,165.85,99
2026-09-04T13:51:05.127128+00:00,btc-updown-15m-1788530400,15,4188870,107700004419246566888053088435447410311842196366392606126451350573980292366751,2026-09-04T14:00:00+00:00,2026-09-04T14:15:00+00:00,23.92,0.5,0.51,0.505,0.01,245.76,956.73,97
2026-09-04T13:52:06.252000+00:00,btc-updown-5m-1788529800,5,4188516,109028008915742802789190888399165484784074815163363221525561073619220208186903,2026-09-04T13:50:00+00:00,2026-09-04T13:55:00+00:00,2.9,0.31,0.32,0.315,0.01,857.92,4703.47,99
2026-09-04T13:52:06.252000+00:00,btc-updown-5m-1788530100,5,4188848,11884387583339933708522490829848752664170638139179816936660188172339207537576,2026-09-04T13:55:00+00:00,2026-09-04T14:00:00+00:00,7.9,0.49,0.5,0.495,0.01,797.88,1166.18,99
2026-09-04T13:52:06.252000+00:00,btc-updown-15m-1788529500,15,4188508,57988404624427751766038635983424506229676026180096975971977021747173464730426,2026-09-04T13:45:00+00:00,2026-09-04T14:00:00+00:00,7.9,0.79,0.8,0.795,0.01,276.0,5.26,99
2026-09-04T13:52:06.252000+00:00,btc-updown-15m-1788530400,15,4188870,107700004419246566888053088435447410311842196366392606126451350573980292366751,2026-09-04T14:00:00+00:00,2026-09-04T14:15:00+00:00,22.9,0.5,0.51,0.505,0.01,445.76,1136.73,97
2026-09-04T13:53:07.346708+00:00,btc-updown-5m-1788529800,5,4188516,109028008915742802789190888399165484784074815163363221525561073619220208186903,2026-09-04T13:50:00+00:00,2026-09-04T13:55:00+00:00,1.88,0.02,0.03,0.025,0.01,1361.39,931.43,99
2026-09-04T13:53:07.346708+00:00,btc-updown-5m-1788530100,5,4188848,11884387583339933708522490829848752664170638139179816936660188172339207537576,2026-09-04T13:55:00+00:00,2026-09-04T14:00:00+00:00,6.88,0.49,0.5,0.495,0.01,748.27,674.72,99
2026-09-04T13:53:07.346708+00:00,btc-updown-15m-1788529500,15,4188508,57988404624427751766038635983424506229676026180096975971977021747173464730426,2026-09-04T13:45:00+00:00,2026-09-04T14:00:00+00:00,6.88,0.65,0.66,0.655,0.01,60.0,185.0,99
2026-09-04T13:53:07.346708+00:00,btc-updown-15m-1788530400,15,4188870,107700004419246566888053088435447410311842196366392606126451350573980292366751,2026-09-04T14:00:00+00:00,2026-09-04T14:15:00+00:00,21.88,0.5,0.51,0.505,0.01,329.76,920.73,97
2026-09-04T13:54:08.458912+00:00,btc-updown-5m-1788530100,5,4188848,11884387583339933708522490829848752664170638139179816936660188172339207537576,2026-09-04T13:55:00+00:00,2026-09-04T14:00:00+00:00,5.87,0.49,0.5,0.495,0.01,716.53,459.66,99
2026-09-04T13:54:08.458912+00:00,btc-updown-15m-1788529500,15,4188508,57988404624427751766038635983424506229676026180096975971977021747173464730426,2026-09-04T13:45:00+00:00,2026-09-04T14:00:00+00:00,5.87,0.42,0.43,0.425,0.01,136.56,223.0,99
2026-09-04T13:54:08.458912+00:00,btc-updown-15m-1788530400,15,4188870,107700004419246566888053088435447410311842196366392606126451350573980292366751,2026-09-04T14:00:00+00:00,2026-09-04T14:15:00+00:00,20.87,0.5,0.51,0.505,0.01,1255.76,654.85,97
2026-09-04T13:55:09.624901+00:00,btc-updown-5m-1788530100,5,4188848,11884387583339933708522490829848752664170638139179816936660188172339207537576,2026-09-04T13:55:00+00:00,2026-09-04T14:00:00+00:00,4.85,0.6,0.61,0.605,0.01,29.92,476.38,99
2026-09-04T13:55:09.624901+00:00,btc-updown-5m-1788530400,5,4188878,100910377544633481261203343943282086361031681378872944335954109401106735900881,2026-09-04T14:00:00+00:00,2026-09-04T14:05:00+00:00,9.85,0.5,0.51,0.505,0.01,980.35,765.2,99
2026-09-04T13:55:09.624901+00:00,btc-updown-15m-1788529500,15,4188508,57988404624427751766038635983424506229676026180096975971977021747173464730426,2026-09-04T13:45:00+00:00,2026-09-04T14:00:00+00:00,4.85,0.34,0.35,0.345,0.01,177.57,148.98,99
2026-09-04T13:55:09.624901+00:00,btc-updown-15m-1788530400,15,4188870,107700004419246566888053088435447410311842196366392606126451350573980292366751,2026-09-04T14:00:00+00:00,2026-09-04T14:15:00+00:00,19.85,0.5,0.51,0.505,0.01,514.76,454.85,97
2026-09-04T13:56:10.789793+00:00,btc-updown-5m-1788530100,5,4188848,11884387583339933708522490829848752664170638139179816936660188172339207537576,2026-09-04T13:55:00+00:00,2026-09-04T14:00:00+00:00,3.83,0.53,0.54,0.535,0.01,638.0,475.0,99
2026-09-04T13:56:10.789793+00:00,btc-updown-5m-1788530400,5,4188878,100910377544633481261203343943282086361031681378872944335954109401106735900881,2026-09-04T14:00:00+00:00,2026-09-04T14:05:00+00:00,8.83,0.5,0.51,0.505,0.01,1342.35,879.63,99
2026-09-04T13:56:10.789793+00:00,btc-updown-15m-1788529500,15,4188508,57988404624427751766038635983424506229676026180096975971977021747173464730426,2026-09-04T13:45:00+00:00,2026-09-04T14:00:00+00:00,3.83,0.27,0.29,0.28,0.02,50.0,50.0,98
2026-09-04T13:56:10.789793+00:00,btc-updown-15m-1788530400,15,4188870,107700004419246566888053088435447410311842196366392606126451350573980292366751,2026-09-04T14:00:00+00:00,2026-09-04T14:15:00+00:00,18.83,0.5,0.51,0.505,0.01,634.76,654.85,97
2026-09-04T13:57:11.897423+00:00,btc-updown-5m-1788530100,5,4188848,11884387583339933708522490829848752664170638139179816936660188172339207537576,2026-09-04T13:55:00+00:00,2026-09-04T14:00:00+00:00,2.82,0.65,0.66,0.655,0.01,589.05,30.0,99
2026-09-04T13:57:11.897423+00:00,btc-updown-5m-1788530400,5,4188878,100910377544633481261203343943282086361031681378872944335954109401106735900881,2026-09-04T14:00:00+00:00,2026-09-04T14:05:00+00:00,7.82,0.5,0.51,0.505,0.01,1342.35,871.63,99
2026-09-04T13:57:11.897423+00:00,btc-updown-15m-1788529500,15,4188508,57988404624427751766038635983424506229676026180096975971977021747173464730426,2026-09-04T13:45:00+00:00,2026-09-04T14:00:00+00:00,2.82,0.27,0.28,0.275,0.01,100.0,20.0,99
2026-09-04T13:57:11.897423+00:00,btc-updown-15m-1788530400,15,4188870,107700004419246566888053088435447410311842196366392606126451350573980292366751,2026-09-04T14:00:00+00:00,2026-09-04T14:15:00+00:00,17.82,0.5,0.51,0.505,0.01,828.76,454.85,97
2026-09-04T13:58:13.002213+00:00,btc-updown-5m-1788530100,5,4188848,11884387583339933708522490829848752664170638139179816936660188172339207537576,2026-09-04T13:55:00+00:00,2026-09-04T14:00:00+00:00,1.78,0.98,0.99,0.985,0.01,30.0,4002.04,99
2026-09-04T13:58:13.002213+00:00,btc-updown-5m-1788530400,5,4188878,100910377544633481261203343943282086361031681378872944335954109401106735900881,2026-09-04T14:00:00+00:00,2026-09-04T14:05:00+00:00,6.78,0.5,0.51,0.505,0.01,478.35,794.66,99
2026-09-04T13:58:13.002213+00:00,btc-updown-15m-1788529500,15,4188508,57988404624427751766038635983424506229676026180096975971977021747173464730426,2026-09-04T13:45:00+00:00,2026-09-04T14:00:00+00:00,1.78,0.81,0.82,0.815,0.01,148.0,97.56,99
2026-09-04T13:58:13.002213+00:00,btc-updown-15m-1788530400,15,4188870,107700004419246566888053088435447410311842196366392606126451350573980292366751,2026-09-04T14:00:00+00:00,2026-09-04T14:15:00+00:00,16.78,0.5,0.51,0.505,0.01,424.76,660.85,97
2026-09-04T13:59:14.633663+00:00,btc-updown-5m-1788530400,5,4188878,100910377544633481261203343943282086361031681378872944335954109401106735900881,2026-09-04T14:00:00+00:00,2026-09-04T14:05:00+00:00,5.77,0.48,0.49,0.485,0.01,104.14,150.0,99
2026-09-04T13:59:14.633663+00:00,btc-updown-15m-1788529500,15,4188508,57988404624427751766038635983424506229676026180096975971977021747173464730426,2026-09-04T13:45:00+00:00,2026-09-04T14:00:00+00:00,0.77,0.04,0.05,0.045,0.01,88.12,100.0,99
2026-09-04T13:59:14.633663+00:00,btc-updown-15m-1788530400,15,4188870,107700004419246566888053088435447410311842196366392606126451350573980292366751,2026-09-04T14:00:00+00:00,2026-09-04T14:15:00+00:00,15.77,0.5,0.51,0.505,0.01,398.76,335.92,91
2026-09-04T14:00:15.679395+00:00,btc-updown-5m-1788530400,5,4188878,100910377544633481261203343943282086361031681378872944335954109401106735900881,2026-09-04T14:00:00+00:00,2026-09-04T14:05:00+00:00,4.75,0.63,0.64,0.635,0.01,636.61,135.47,99
2026-09-04T14:00:15.679395+00:00,btc-updown-5m-1788530700,5,4188987,68159035380279816422355226552973277329514508785621425192325812544050883773004,2026-09-04T14:05:00+00:00,2026-09-04T14:10:00+00:00,9.75,0.5,0.51,0.505,0.01,336.4,1421.32,99
2026-09-04T14:00:15.679395+00:00,btc-updown-15m-1788530400,15,4188870,107700004419246566888053088435447410311842196366392606126451350573980292366751,2026-09-04T14:00:00+00:00,2026-09-04T14:15:00+00:00,14.75,0.57,0.58,0.575,0.01,272.15,151.2,99
2026-09-04T14:00:15.679395+00:00,btc-updown-15m-1788531300,15,4189388,105727820657276321086081321360960695925499949195680087465376913382117506253542,2026-09-04T14:15:00+00:00,2026-09-04T14:30:00+00:00,29.75,0.5,0.51,0.505,0.01,540.0,735.63,91
2026-09-04T14:01:16.812373+00:00,btc-updown-5m-1788530400,5,4188878,100910377544633481261203343943282086361031681378872944335954109401106735900881,2026-09-04T14:00:00+00:00,2026-09-04T14:05:00+00:00,3.73,0.86,0.87,0.865,0.01,535.01,94.86,99
2026-09-04T14:01:16.812373+00:00,btc-updown-5m-1788530700,5,4188987,68159035380279816422355226552973277329514508785621425192325812544050883773004,2026-09-04T14:05:00+00:00,2026-09-04T14:10:00+00:00,8.73,0.5,0.51,0.505,0.01,336.4,1337.83,99
2026-09-04T14:01:16.812373+00:00,btc-updown-15m-1788530400,15,4188870,107700004419246566888053088435447410311842196366392606126451350573980292366751,2026-09-04T14:00:00+00:00,2026-09-04T14:15:00+00:00,13.73,0.68,0.69,0.685,0.01,468.99,108.0,99
2026-09-04T14:01:16.812373+00:00,btc-updown-15m-1788531300,15,4189388,105727820657276321086081321360960695925499949195680087465376913382117506253542,2026-09-04T14:15:00+00:00,2026-09-04T14:30:00+00:00,28.73,0.5,0.51,0.505,0.01,472.0,943.63,93
2026-09-04T14:02:17.923287+00:00,btc-updown-5m-1788530400,5,4188878,100910377544633481261203343943282086361031681378872944335954109401106735900881,2026-09-04T14:00:00+00:00,2026-09-04T14:05:00+00:00,2.72,0.9,0.91,0.905,0.01,301.4,568.08,99
2026-09-04T14:02:17.923287+00:00,btc-updown-5m-1788530700,5,4188987,68159035380279816422355226552973277329514508785621425192325812544050883773004,2026-09-04T14:05:00+00:00,2026-09-04T14:10:00+00:00,7.72,0.5,0.51,0.505,0.01,336.4,2778.75,99
2026-09-04T14:02:17.923287+00:00,btc-updown-15m-1788530400,15,4188870,107700004419246566888053088435447410311842196366392606126451350573980292366751,2026-09-04T14:00:00+00:00,2026-09-04T14:15:00+00:00,12.72,0.73,0.74,0.735,0.01,277.14,36.64,99
2026-09-04T14:02:17.923287+00:00,btc-updown-15m-1788531300,15,4189388,105727820657276321086081321360960695925499949195680087465376913382117506253542,2026-09-04T14:15:00+00:00,2026-09-04T14:30:00+00:00,27.72,0.5,0.51,0.505,0.01,450.0,1753.63,93
2026-09-04T14:03:19.019675+00:00,btc-updown-5m-1788530400,5,4188878,100910377544633481261203343943282086361031681378872944335954109401106735900881,2026-09-04T14:00:00+00:00,2026-09-04T14:05:00+00:00,1.68,0.93,0.94,0.935,0.01,212.35,631.08,99
2026-09-04T14:03:19.019675+00:00,btc-updown-5m-1788530700,5,4188987,68159035380279816422355226552973277329514508785621425192325812544050883773004,2026-09-04T14:05:00+00:00,2026-09-04T14:10:00+00:00,6.68,0.51,0.52,0.515,0.01,138.97,20.0,99
2026-09-04T14:03:19.019675+00:00,btc-updown-15m-1788530400,15,4188870,107700004419246566888053088435447410311842196366392606126451350573980292366751,2026-09-04T14:00:00+00:00,2026-09-04T14:15:00+00:00,11.68,0.71,0.72,0.715,0.01,30.0,170.04,99
2026-09-04T14:03:19.019675+00:00,btc-updown-15m-1788531300,15,4189388,105727820657276321086081321360960695925499949195680087465376913382117506253542,2026-09-04T14:15:00+00:00,2026-09-04T14:30:00+00:00,26.68,0.5,0.51,0.505,0.01,443.72,1141.61,93
2026-09-04T14:04:20.137808+00:00,btc-updown-5m-1788530700,5,4188987,68159035380279816422355226552973277329514508785621425192325812544050883773004,2026-09-04T14:05:00+00:00,2026-09-04T14:10:00+00:00,5.67,0.49,0.5,0.495,0.01,68.03,229.0,99
2026-09-04T14:04:20.137808+00:00,btc-updown-15m-1788530400,15,4188870,107700004419246566888053088435447410311842196366392606126451350573980292366751,2026-09-04T14:00:00+00:00,2026-09-04T14:15:00+00:00,10.67,0.69,0.71,0.7,0.02,100.0,5.0,98
2026-09-04T14:04:20.137808+00:00,btc-updown-15m-1788531300,15,4189388,105727820657276321086081321360960695925499949195680087465376913382117506253542,2026-09-04T14:15:00+00:00,2026-09-04T14:30:00+00:00,25.67,0.5,0.51,0.505,0.01,249.4,951.8,95
2026-09-04T14:05:21.231945+00:00,btc-updown-5m-1788530700,5,4188987,68159035380279816422355226552973277329514508785621425192325812544050883773004,2026-09-04T14:05:00+00:00,2026-09-04T14:10:00+00:00,4.65,0.47,0.48,0.475,0.01,265.0,841.0,99
2026-09-04T14:05:21.231945+00:00,btc-updown-5m-1788531000,5,4189100,67644015144600247791798259450889393608281784222386977185094504197090604347729,2026-09-04T14:10:00+00:00,2026-09-04T14:15:00+00:00,9.65,0.5,0.51,0.505,0.01,319.53,1001.75,99
2026-09-04T14:05:21.231945+00:00,btc-updown-15m-1788530400,15,4188870,107700004419246566888053088435447410311842196366392606126451350573980292366751,2026-09-04T14:00:00+00:00,2026-09-04T14:15:00+00:00,9.65,0.71,0.72,0.715,0.01,149.0,160.0,99
2026-09-04T14:05:21.231945+00:00,btc-updown-15m-1788531300,15,4189388,105727820657276321086081321360960695925499949195680087465376913382117506253542,2026-09-04T14:15:00+00:00,2026-09-04T14:30:00+00:00,24.65,0.5,0.51,0.505,0.01,271.4,1354.8,95
2026-09-04T14:06:22.365114+00:00,btc-updown-5m-1788530700,5,4188987,68159035380279816422355226552973277329514508785621425192325812544050883773004,2026-09-04T14:05:00+00:00,2026-09-04T14:10:00+00:00,3.63,0.51,0.52,0.515,0.01,27.0,344.48,99
2026-09-04T14:06:22.365114+00:00,btc-updown-5m-1788531000,5,4189100,67644015144600247791798259450889393608281784222386977185094504197090604347729,2026-09-04T14:10:00+00:00,2026-09-04T14:15:00+00:00,8.63,0.5,0.51,0.505,0.01,319.53,1506.75,99
2026-09-04T14:06:22.365114+00:00,btc-updown-15m-1788530400,15,4188870,107700004419246566888053088435447410311842196366392606126451350573980292366751,2026-09-04T14:00:00+00:00,2026-09-04T14:15:00+00:00,8.63,0.74,0.75,0.745,0.01,223.2,49.86,99
2026-09-04T14:06:22.365114+00:00,btc-updown-15m-1788531300,15,4189388,105727820657276321086081321360960695925499949195680087465376913382117506253542,2026-09-04T14:15:00+00:00,2026-09-04T14:30:00+00:00,23.63,0.5,0.51,0.505,0.01,247.4,1354.8,95
2026-09-04T14:07:23.570360+00:00,btc-updown-5m-1788530700,5,4188987,68159035380279816422355226552973277329514508785621425192325812544050883773004,2026-09-04T14:05:00+00:00,2026-09-04T14:10:00+00:00,2.62,0.33,0.34,0.335,0.01,1441.98,8.0,98
2026-09-04T14:07:23.570360+00:00,btc-updown-5m-1788531000,5,4189100,67644015144600247791798259450889393608281784222386977185094504197090604347729,2026-09-04T14:10:00+00:00,2026-09-04T14:15:00+00:00,7.62,0.5,0.51,0.505,0.01,329.53,1146.75,99
2026-09-04T14:07:23.570360+00:00,btc-updown-15m-1788530400,15,4188870,107700004419246566888053088435447410311842196366392606126451350573980292366751,2026-09-04T14:00:00+00:00,2026-09-04T14:15:00+00:00,7.62,0.7,0.71,0.705,0.01,15.0,149.0,99
2026-09-04T14:07:23.570360+00:00,btc-updown-15m-1788531300,15,4189388,105727820657276321086081321360960695925499949195680087465376913382117506253542,2026-09-04T14:15:00+00:00,2026-09-04T14:30:00+00:00,22.62,0.5,0.51,0.505,0.01,325.4,1354.8,95
2026-09-04T14:08:24.725399+00:00,btc-updown-5m-1788530700,5,4188987,68159035380279816422355226552973277329514508785621425192325812544050883773004,2026-09-04T14:05:00+00:00,2026-09-04T14:10:00+00:00,1.6,0.03,0.04,0.035,0.01,10231.76,125.9,99
2026-09-04T14:08:24.725399+00:00,btc-updown-5m-1788531000,5,4189100,67644015144600247791798259450889393608281784222386977185094504197090604347729,2026-09-04T14:10:00+00:00,2026-09-04T14:15:00+00:00,6.6,0.5,0.51,0.505,0.01,98.67,903.39,99
2026-09-04T14:08:24.725399+00:00,btc-updown-15m-1788530400,15,4188870,107700004419246566888053088435447410311842196366392606126451350573980292366751,2026-09-04T14:00:00+00:00,2026-09-04T14:15:00+00:00,6.6,0.35,0.36,0.355,0.01,133.0,96.0,99
2026-09-04T14:08:24.725399+00:00,btc-updown-15m-1788531300,15,4189388,105727820657276321086081321360960695925499949195680087465376913382117506253542,2026-09-04T14:15:00+00:00,2026-09-04T14:30:00+00:00,21.6,0.5,0.51,0.505,0.01,420.0,1113.08,95
2026-09-04T14:09:25.870823+00:00,btc-updown-5m-1788531000,5,4189100,67644015144600247791798259450889393608281784222386977185094504197090604347729,2026-09-04T14:10:00+00:00,2026-09-04T14:15:00+00:00,5.58,0.49,0.5,0.495,0.01,232.55,531.0,99
2026-09-04T14:09:25.870823+00:00,btc-updown-15m-1788530400,15,4188870,107700004419246566888053088435447410311842196366392606126451350573980292366751,2026-09-04T14:00:00+00:00,2026-09-04T14:15:00+00:00,5.58,0.36,0.37,0.365,0.01,60.0,155.0,99
2026-09-04T14:09:25.870823+00:00,btc-updown-15m-1788531300,15,4189388,105727820657276321086081321360960695925499949195680087465376913382117506253542,2026-09-04T14:15:00+00:00,2026-09-04T14:30:00+00:00,20.58,0.5,0.51,0.505,0.01,520.0,1113.08,95
2026-09-04T14:10:26.910553+00:00,btc-updown-5m-1788531000,5,4189100,67644015144600247791798259450889393608281784222386977185094504197090604347729,2026-09-04T14:10:00+00:00,2026-09-04T14:15:00+00:00,4.57,0.38,0.39,0.385,0.01,61.0,732.0,99
2026-09-04T14:10:26.910553+00:00,btc-updown-5m-1788531300,5,4189391,110066805783881131474283717514903109289647495514958729133826541851962448239939,2026-09-04T14:15:00+00:00,2026-09-04T14:20:00+00:00,9.57,0.5,0.51,0.505,0.01,1425.48,993.81,99
2026-09-04T14:10:26.910553+00:00,btc-updown-15m-1788530400,15,4188870,107700004419246566888053088435447410311842196366392606126451350573980292366751,2026-09-04T14:00:00+00:00,2026-09-04T14:15:00+00:00,4.57,0.25,0.26,0.255,0.01,125.0,306.15,99
2026-09-04T14:10:26.910553+00:00,btc-updown-15m-1788531300,15,4189388,105727820657276321086081321360960695925499949195680087465376913382117506253542,2026-09-04T14:15:00+00:00,2026-09-04T14:30:00+00:00,19.57,0.5,0.51,0.505,0.01,590.0,913.08,95
2026-09-04T14:11:28.178817+00:00,btc-updown-5m-1788531000,5,4189100,67644015144600247791798259450889393608281784222386977185094504197090604347729,2026-09-04T14:10:00+00:00,2026-09-04T14:15:00+00:00,3.53,0.36,0.37,0.365,0.01,218.0,855.8,99
2026-09-04T14:11:28.178817+00:00,btc-updown-5m-1788531300,5,4189391,110066805783881131474283717514903109289647495514958729133826541851962448239939,2026-09-04T14:15:00+00:00,2026-09-04T14:20:00+00:00,8.53,0.5,0.51,0.505,0.01,1430.48,851.56,99
2026-09-04T14:11:28.178817+00:00,btc-updown-15m-1788530400,15,4188870,107700004419246566888053088435447410311842196366392606126451350573980292366751,2026-09-04T14:00:00+00:00,2026-09-04T14:15:00+00:00,3.53,0.21,0.22,0.215,0.01,283.5,22.0,99
2026-09-04T14:11:28.178817+00:00,btc-updown-15m-1788531300,15,4189388,105727820657276321086081321360960695925499949195680087465376913382117506253542,2026-09-04T14:15:00+00:00,2026-09-04T14:30:00+00:00,18.53,0.5,0.51,0.505,0.01,682.0,913.08,95
2026-09-04T14:12:29.329383+00:00,btc-updown-5m-1788531000,5,4189100,67644015144600247791798259450889393608281784222386977185094504197090604347729,2026-09-04T14:10:00+00:00,2026-09-04T14:15:00+00:00,2.52,0.44,0.45,0.445,0.01,70.0,401.97,99
2026-09-04T14:12:29.329383+00:00,btc-updown-5m-1788531300,5,4189391,110066805783881131474283717514903109289647495514958729133826541851962448239939,2026-09-04T14:15:00+00:00,2026-09-04T14:20:00+00:00,7.52,0.5,0.51,0.505,0.01,1430.48,843.56,99
2026-09-04T14:12:29.329383+00:00,btc-updown-15m-1788530400,15,4188870,107700004419246566888053088435447410311842196366392606126451350573980292366751,2026-09-04T14:00:00+00:00,2026-09-04T14:15:00+00:00,2.52,0.27,0.28,0.275,0.01,55.0,11.0,99
2026-09-04T14:12:29.329383+00:00,btc-updown-15m-1788531300,15,4189388,105727820657276321086081321360960695925499949195680087465376913382117506253542,2026-09-04T14:15:00+00:00,2026-09-04T14:30:00+00:00,17.52,0.5,0.51,0.505,0.01,482.0,1007.98,95
2026-09-04T14:13:30.445024+00:00,btc-updown-5m-1788531000,5,4189100,67644015144600247791798259450889393608281784222386977185094504197090604347729,2026-09-04T14:10:00+00:00,2026-09-04T14:15:00+00:00,1.5,0.96,0.97,0.965,0.01,1298.6,520.75,99
2026-09-04T14:13:30.445024+00:00,btc-updown-5m-1788531300,5,4189391,110066805783881131474283717514903109289647495514958729133826541851962448239939,2026-09-04T14:15:00+00:00,2026-09-04T14:20:00+00:00,6.5,0.5,0.51,0.505,0.01,570.48,631.59,99
2026-09-04T14:13:30.445024+00:00,btc-updown-15m-1788530400,15,4188870,107700004419246566888053088435447410311842196366392606126451350573980292366751,2026-09-04T14:00:00+00:00,2026-09-04T14:15:00+00:00,1.5,0.82,0.84,0.83,0.02,54.0,56.0,98
2026-09-04T14:13:30.445024+00:00,btc-updown-15m-1788531300,15,4189388,105727820657276321086081321360960695925499949195680087465376913382117506253542,2026-09-04T14:15:00+00:00,2026-09-04T14:30:00+00:00,16.5,0.5,0.51,0.505,0.01,691.25,907.98,95
2026-09-04T14:14:31.586974+00:00,btc-updown-5m-1788531300,5,4189391,110066805783881131474283717514903109289647495514958729133826541851962448239939,2026-09-04T14:15:00+00:00,2026-09-04T14:20:00+00:00,5.48,0.49,0.5,0.495,0.01,389.39,10.0,99
2026-09-04T14:14:31.586974+00:00,btc-updown-15m-1788531300,15,4189388,105727820657276321086081321360960695925499949195680087465376913382117506253542,2026-09-04T14:15:00+00:00,2026-09-04T14:30:00+00:00,15.48,0.5,0.51,0.505,0.01,272.65,728.58,91
2026-09-04T14:15:32.510081+00:00,btc-updown-5m-1788531300,5,4189391,110066805783881131474283717514903109289647495514958729133826541851962448239939,2026-09-04T14:15:00+00:00,2026-09-04T14:20:00+00:00,4.47,0.56,0.57,0.565,0.01,348.53,702.21,99
2026-09-04T14:15:32.510081+00:00,btc-updown-5m-1788531600,5,4189423,108118054446210653633860412443732738003686259149600719985547759564740374618852,2026-09-04T14:20:00+00:00,2026-09-04T14:25:00+00:00,9.47,0.5,0.51,0.505,0.01,364.91,1350.18,99
2026-09-04T14:15:32.510081+00:00,btc-updown-15m-1788531300,15,4189388,105727820657276321086081321360960695925499949195680087465376913382117506253542,2026-09-04T14:15:00+00:00,2026-09-04T14:30:00+00:00,14.47,0.54,0.55,0.545,0.01,1.98,1525.18,97
2026-09-04T14:15:32.510081+00:00,btc-updown-15m-1788532200,15,4189473,25552689525967373758859317195123366816930566180509890013661447714531877400794,2026-09-04T14:30:00+00:00,2026-09-04T14:45:00+00:00,29.47,0.5,0.51,0.505,0.01,460.0,774.84,97
2026-09-04T14:16:33.656812+00:00,btc-updown-5m-1788531300,5,4189391,110066805783881131474283717514903109289647495514958729133826541851962448239939,2026-09-04T14:15:00+00:00,2026-09-04T14:20:00+00:00,3.45,0.52,0.54,0.53,0.02,55.0,13.0,98
2026-09-04T14:16:33.656812+00:00,btc-updown-5m-1788531600,5,4189423,108118054446210653633860412443732738003686259149600719985547759564740374618852,2026-09-04T14:20:00+00:00,2026-09-04T14:25:00+00:00,8.45,0.5,0.51,0.505,0.01,369.91,1548.28,99
2026-09-04T14:16:33.656812+00:00,btc-updown-15m-1788531300,15,4189388,105727820657276321086081321360960695925499949195680087465376913382117506253542,2026-09-04T14:15:00+00:00,2026-09-04T14:30:00+00:00,13.45,0.53,0.54,0.535,0.01,60.9,2145.72,99
2026-09-04T14:16:33.656812+00:00,btc-updown-15m-1788532200,15,4189473,25552689525967373758859317195123366816930566180509890013661447714531877400794,2026-09-04T14:30:00+00:00,2026-09-04T14:45:00+00:00,28.45,0.5,0.51,0.505,0.01,488.0,684.84,97
2026-09-04T14:17:34.808289+00:00,btc-updown-5m-1788531300,5,4189391,110066805783881131474283717514903109289647495514958729133826541851962448239939,2026-09-04T14:15:00+00:00,2026-09-04T14:20:00+00:00,2.43,0.06,0.07,0.065,0.01,70.38,415.41,99
2026-09-04T14:17:34.808289+00:00,btc-updown-5m-1788531600,5,4189423,108118054446210653633860412443732738003686259149600719985547759564740374618852,2026-09-04T14:20:00+00:00,2026-09-04T14:25:00+00:00,7.43,0.5,0.51,0.505,0.01,367.91,1190.28,99
2026-09-04T14:17:34.808289+00:00,btc-updown-15m-1788531300,15,4189388,105727820657276321086081321360960695925499949195680087465376913382117506253542,2026-09-04T14:15:00+00:00,2026-09-04T14:30:00+00:00,12.43,0.27,0.28,0.275,0.01,7.34,552.05,99
2026-09-04T14:17:34.808289+00:00,btc-updown-15m-1788532200,15,4189473,25552689525967373758859317195123366816930566180509890013661447714531877400794,2026-09-04T14:30:00+00:00,2026-09-04T14:45:00+00:00,27.43,0.5,0.51,0.505,0.01,718.0,674.08,97
2026-09-04T14:18:36.163654+00:00,btc-updown-5m-1788531300,5,4189391,110066805783881131474283717514903109289647495514958729133826541851962448239939,2026-09-04T14:15:00+00:00,2026-09-04T14:20:00+00:00,1.4,0.03,0.04,0.035,0.01,136.99,784.19,99
2026-09-04T14:18:36.163654+00:00,btc-updown-5m-1788531600,5,4189423,108118054446210653633860412443732738003686259149600719985547759564740374618852,2026-09-04T14:20:00+00:00,2026-09-04T14:25:00+00:00,6.4,0.49,0.5,0.495,0.01,717.47,410.0,99
2026-09-04T14:18:36.163654+00:00,btc-updown-15m-1788531300,15,4189388,105727820657276321086081321360960695925499949195680087465376913382117506253542,2026-09-04T14:15:00+00:00,2026-09-04T14:30:00+00:00,11.4,0.23,0.24,0.235,0.01,178.0,50.0,99
2026-09-04T14:18:36.163654+00:00,btc-updown-15m-1788532200,15,4189473,25552689525967373758859317195123366816930566180509890013661447714531877400794,2026-09-04T14:30:00+00:00,2026-09-04T14:45:00+00:00,26.4,0.5,0.51,0.505,0.01,718.0,674.08,97
2026-09-04T14:19:37.279280+00:00,btc-updown-5m-1788531600,5,4189423,108118054446210653633860412443732738003686259149600719985547759564740374618852,2026-09-04T14:20:00+00:00,2026-09-04T14:25:00+00:00,5.38,0.49,0.5,0.495,0.01,151.24,388.55,99
2026-09-04T14:19:37.279280+00:00,btc-updown-15m-1788531300,15,4189388,105727820657276321086081321360960695925499949195680087465376913382117506253542,2026-09-04T14:15:00+00:00,2026-09-04T14:30:00+00:00,10.38,0.25,0.26,0.255,0.01,20.0,427.83,98
2026-09-04T14:19:37.279280+00:00,btc-updown-15m-1788532200,15,4189473,25552689525967373758859317195123366816930566180509890013661447714531877400794,2026-09-04T14:30:00+00:00,2026-09-04T14:45:00+00:00,25.38,0.5,0.51,0.505,0.01,760.0,672.08,97
2026-09-04T14:20:38.322195+00:00,btc-updown-5m-1788531600,5,4189423,108118054446210653633860412443732738003686259149600719985547759564740374618852,2026-09-04T14:20:00+00:00,2026-09-04T14:25:00+00:00,4.37,0.2,0.21,0.205,0.01,25.3,663.85,99
2026-09-04T14:20:38.322195+00:00,btc-updown-5m-1788531900,5,4189434,47788922009175789508744544139988230242108220305934321072261512395074487082424,2026-09-04T14:25:00+00:00,2026-09-04T14:30:00+00:00,9.37,0.5,0.51,0.505,0.01,1542.79,941.5,99
2026-09-04T14:20:38.322195+00:00,btc-updown-15m-1788531300,15,4189388,105727820657276321086081321360960695925499949195680087465376913382117506253542,2026-09-04T14:15:00+00:00,2026-09-04T14:30:00+00:00,9.37,0.11,0.12,0.115,0.01,137.3,135.66,99
2026-09-04T14:20:38.322195+00:00,btc-updown-15m-1788532200,15,4189473,25552689525967373758859317195123366816930566180509890013661447714531877400794,2026-09-04T14:30:00+00:00,2026-09-04T14:45:00+00:00,24.37,0.5,0.51,0.505,0.01,1410.0,702.08,97
2026-09-04T14:21:39.457250+00:00,btc-updown-5m-1788531600,5,4189423,108118054446210653633860412443732738003686259149600719985547759564740374618852,2026-09-04T14:20:00+00:00,2026-09-04T14:25:00+00:00,3.35,0.26,0.27,0.265,0.01,79.99,339.36,99
2026-09-04T14:21:39.457250+00:00,btc-updown-5m-1788531900,5,4189434,47788922009175789508744544139988230242108220305934321072261512395074487082424,2026-09-04T14:25:00+00:00,2026-09-04T14:30:00+00:00,8.35,0.5,0.51,0.505,0.01,1553.79,825.39,99
2026-09-04T14:21:39.457250+00:00,btc-updown-15m-1788531300,15,4189388,105727820657276321086081321360960695925499949195680087465376913382117506253542,2026-09-04T14:15:00+00:00,2026-09-04T14:30:00+00:00,8.35,0.12,0.13,0.125,0.01,249.0,10.0,99
2026-09-04T14:21:39.457250+00:00,btc-updown-15m-1788532200,15,4189473,25552689525967373758859317195123366816930566180509890013661447714531877400794,2026-09-04T14:30:00+00:00,2026-09-04T14:45:00+00:00,23.35,0.5,0.51,0.505,0.01,710.0,700.11,97
2026-09-04T14:22:40.557417+00:00,btc-updown-5m-1788531600,5,4189423,108118054446210653633860412443732738003686259149600719985547759564740374618852,2026-09-04T14:20:00+00:00,2026-09-04T14:25:00+00:00,2.33,0.42,0.43,0.425,0.01,120.48,320.2,99
2026-09-04T14:22:40.557417+00:00,btc-updown-5m-1788531900,5,4189434,47788922009175789508744544139988230242108220305934321072261512395074487082424,2026-09-04T14:25:00+00:00,2026-09-04T14:30:00+00:00,7.33,0.5,0.51,0.505,0.01,1548.61,812.39,99
2026-09-04T14:22:40.557417+00:00,btc-updown-15m-1788531300,15,4189388,105727820657276321086081321360960695925499949195680087465376913382117506253542,2026-09-04T14:15:00+00:00,2026-09-04T14:30:00+00:00,7.33,0.19,0.2,0.195,0.01,91.92,75.0,99
2026-09-04T14:22:40.557417+00:00,btc-updown-15m-1788532200,15,4189473,25552689525967373758859317195123366816930566180509890013661447714531877400794,2026-09-04T14:30:00+00:00,2026-09-04T14:45:00+00:00,22.33,0.5,0.51,0.505,0.01,710.0,700.11,97
2026-09-04T14:23:41.704901+00:00,btc-updown-5m-1788531600,5,4189423,108118054446210653633860412443732738003686259149600719985547759564740374618852,2026-09-04T14:20:00+00:00,2026-09-04T14:25:00+00:00,1.32,0.55,0.56,0.555,0.01,509.72,41.0,99
2026-09-04T14:23:41.704901+00:00,btc-updown-5m-1788531900,5,4189434,47788922009175789508744544139988230242108220305934321072261512395074487082424,2026-09-04T14:25:00+00:00,2026-09-04T14:30:00+00:00,6.32,0.5,0.51,0.505,0.01,688.61,547.43,99
2026-09-04T14:23:41.704901+00:00,btc-updown-15m-1788531300,15,4189388,105727820657276321086081321360960695925499949195680087465376913382117506253542,2026-09-04T14:15:00+00:00,2026-09-04T14:30:00+00:00,6.32,0.2,0.21,0.205,0.01,8.0,115.0,99
2026-09-04T14:23:41.704901+00:00,btc-updown-15m-1788532200,15,4189473,25552689525967373758859317195123366816930566180509890013661447714531877400794,2026-09-04T14:30:00+00:00,2026-09-04T14:45:00+00:00,21.32,0.5,0.51,0.505,0.01,610.0,696.03,97
2026-09-04T14:24:42.844250+00:00,btc-updown-5m-1788531900,5,4189434,47788922009175789508744544139988230242108220305934321072261512395074487082424,2026-09-04T14:25:00+00:00,2026-09-04T14:30:00+00:00,5.3,0.47,0.48,0.475,0.01,140.99,246.0,99
2026-09-04T14:24:42.844250+00:00,btc-updown-15m-1788531300,15,4189388,105727820657276321086081321360960695925499949195680087465376913382117506253542,2026-09-04T14:15:00+00:00,2026-09-04T14:30:00+00:00,5.3,0.17,0.18,0.175,0.01,9.01,149.0,99
2026-09-04T14:24:42.844250+00:00,btc-updown-15m-1788532200,15,4189473,25552689525967373758859317195123366816930566180509890013661447714531877400794,2026-09-04T14:30:00+00:00,2026-09-04T14:45:00+00:00,20.3,0.5,0.51,0.505,0.01,610.0,900.11,97
2026-09-04T14:25:43.871841+00:00,btc-updown-5m-1788531900,5,4189434,47788922009175789508744544139988230242108220305934321072261512395074487082424,2026-09-04T14:25:00+00:00,2026-09-04T14:30:00+00:00,4.28,0.62,0.63,0.625,0.01,200.0,1446.67,99
2026-09-04T14:25:43.871841+00:00,btc-updown-5m-1788532200,5,4189475,104710822975302723396064297134047957035701874995218344787177928714897099927369,2026-09-04T14:30:00+00:00,2026-09-04T14:35:00+00:00,9.28,0.5,0.51,0.505,0.01,934.86,1286.22,99
2026-09-04T14:25:43.871841+00:00,btc-updown-15m-1788531300,15,4189388,105727820657276321086081321360960695925499949195680087465376913382117506253542,2026-09-04T14:15:00+00:00,2026-09-04T14:30:00+00:00,4.28,0.22,0.23,0.225,0.01,194.0,991.0,99
2026-09-04T14:25:43.871841+00:00,btc-updown-15m-1788532200,15,4189473,25552689525967373758859317195123366816930566180509890013661447714531877400794,2026-09-04T14:30:00+00:00,2026-09-04T14:45:00+00:00,19.28,0.5,0.51,0.505,0.01,260.0,920.11,97
2026-09-04T14:26:44.997932+00:00,btc-updown-5m-1788531900,5,4189434,47788922009175789508744544139988230242108220305934321072261512395074487082424,2026-09-04T14:25:00+00:00,2026-09-04T14:30:00+00:00,3.27,0.46,0.47,0.465,0.01,503.0,6.43,99
2026-09-04T14:26:44.997932+00:00,btc-updown-5m-1788532200,5,4189475,104710822975302723396064297134047957035701874995218344787177928714897099927369,2026-09-04T14:30:00+00:00,2026-09-04T14:35:00+00:00,8.27,0.5,0.51,0.505,0.01,904.86,1265.52,99
2026-09-04T14:26:44.997932+00:00,btc-updown-15m-1788531300,15,4189388,105727820657276321086081321360960695925499949195680087465376913382117506253542,2026-09-04T14:15:00+00:00,2026-09-04T14:30:00+00:00,3.27,0.12,0.13,0.125,0.01,6.86,25.0,99
2026-09-04T14:26:44.997932+00:00,btc-updown-15m-1788532200,15,4189473,25552689525967373758859317195123366816930566180509890013661447714531877400794,2026-09-04T14:30:00+00:00,2026-09-04T14:45:00+00:00,18.27,0.5,0.51,0.505,0.01,181.4,1120.11,97
2026-09-04T14:27:46.178010+00:00,btc-updown-5m-1788531900,5,4189434,47788922009175789508744544139988230242108220305934321072261512395074487082424,2026-09-04T14:25:00+00:00,2026-09-04T14:30:00+00:00,2.23,0.85,0.86,0.855,0.01,290.5,435.9,99
2026-09-04T14:27:46.178010+00:00,btc-updown-5m-1788532200,5,4189475,104710822975302723396064297134047957035701874995218344787177928714897099927369,2026-09-04T14:30:00+00:00,2026-09-04T14:35:00+00:00,7.23,0.5,0.51,0.505,0.01,904.86,1287.87,99
2026-09-04T14:27:46.178010+00:00,btc-updown-15m-1788531300,15,4189388,105727820657276321086081321360960695925499949195680087465376913382117506253542,2026-09-04T14:15:00+00:00,2026-09-04T14:30:00+00:00,2.23,0.27,0.28,0.275,0.01,58.0,100.0,99
2026-09-04T14:27:46.178010+00:00,btc-updown-15m-1788532200,15,4189473,25552689525967373758859317195123366816930566180509890013661447714531877400794,2026-09-04T14:30:00+00:00,2026-09-04T14:45:00+00:00,17.23,0.5,0.51,0.505,0.01,181.4,1541.01,97
2026-09-04T14:28:47.310580+00:00,btc-updown-5m-1788531900,5,4189434,47788922009175789508744544139988230242108220305934321072261512395074487082424,2026-09-04T14:25:00+00:00,2026-09-04T14:30:00+00:00,1.22,0.88,0.89,0.885,0.01,731.07,53.0,99
2026-09-04T14:28:47.310580+00:00,btc-updown-5m-1788532200,5,4189475,104710822975302723396064297134047957035701874995218344787177928714897099927369,2026-09-04T14:30:00+00:00,2026-09-04T14:35:00+00:00,6.22,0.49,0.5,0.495,0.01,577.66,883.14,99
2026-09-04T14:28:47.310580+00:00,btc-updown-15m-1788531300,15,4189388,105727820657276321086081321360960695925499949195680087465376913382117506253542,2026-09-04T14:15:00+00:00,2026-09-04T14:30:00+00:00,1.22,0.04,0.05,0.045,0.01,80.0,100.0,99
2026-09-04T14:28:47.310580+00:00,btc-updown-15m-1788532200,15,4189473,25552689525967373758859317195123366816930566180509890013661447714531877400794,2026-09-04T14:30:00+00:00,2026-09-04T14:45:00+00:00,16.22,0.5,0.51,0.505,0.01,181.4,1336.0,97
2026-09-04T14:29:48.420613+00:00,btc-updown-5m-1788532200,5,4189475,104710822975302723396064297134047957035701874995218344787177928714897099927369,2026-09-04T14:30:00+00:00,2026-09-04T14:35:00+00:00,5.2,0.47,0.48,0.475,0.01,162.1,85.62,99
2026-09-04T14:29:48.420613+00:00,btc-updown-15m-1788532200,15,4189473,25552689525967373758859317195123366816930566180509890013661447714531877400794,2026-09-04T14:30:00+00:00,2026-09-04T14:45:00+00:00,15.2,0.5,0.51,0.505,0.01,139.4,394.42,91
2026-09-04T14:30:49.339001+00:00,btc-updown-5m-1788532200,5,4189475,104710822975302723396064297134047957035701874995218344787177928714897099927369,2026-09-04T14:30:00+00:00,2026-09-04T14:35:00+00:00,4.18,0.5,0.51,0.505,0.01,104.33,10.0,98
2026-09-04T14:30:49.339001+00:00,btc-updown-5m-1788532500,5,4189585,12519639176372531915578693002765965706379388051457273146196727203422005438067,2026-09-04T14:35:00+00:00,2026-09-04T14:40:00+00:00,9.18,0.5,0.51,0.505,0.01,480.21,1323.3,99
2026-09-04T14:30:49.339001+00:00,btc-updown-15m-1788532200,15,4189473,25552689525967373758859317195123366816930566180509890013661447714531877400794,2026-09-04T14:30:00+00:00,2026-09-04T14:45:00+00:00,14.18,0.53,0.54,0.535,0.01,40.0,208.77,99
2026-09-04T14:30:49.339001+00:00,btc-updown-15m-1788533100,15,4189911,67555826077187352846988227467149913795305007537424108483063167036184194958059,2026-09-04T14:45:00+00:00,2026-09-04T15:00:00+00:00,29.18,0.5,0.51,0.505,0.01,515.0,959.47,99
2026-09-04T14:31:50.451907+00:00,btc-updown-5m-1788532200,5,4189475,104710822975302723396064297134047957035701874995218344787177928714897099927369,2026-09-04T14:30:00+00:00,2026-09-04T14:35:00+00:00,3.17,0.5,0.51,0.505,0.01,640.02,199.03,99
2026-09-04T14:31:50.451907+00:00,btc-updown-5m-1788532500,5,4189585,12519639176372531915578693002765965706379388051457273146196727203422005438067,2026-09-04T14:35:00+00:00,2026-09-04T14:40:00+00:00,8.17,0.5,0.51,0.505,0.01,330.21,1229.51,99
2026-09-04T14:31:50.451907+00:00,btc-updown-15m-1788532200,15,4189473,25552689525967373758859317195123366816930566180509890013661447714531877400794,2026-09-04T14:30:00+00:00,2026-09-04T14:45:00+00:00,13.17,0.5,0.51,0.505,0.01,506.0,100.0,99
2026-09-04T14:31:50.451907+00:00,btc-updown-15m-1788533100,15,4189911,67555826077187352846988227467149913795305007537424108483063167036184194958059,2026-09-04T14:45:00+00:00,2026-09-04T15:00:00+00:00,28.17,0.5,0.51,0.505,0.01,507.0,709.47,99
2026-09-04T14:32:51.572979+00:00,btc-updown-5m-1788532200,5,4189475,104710822975302723396064297134047957035701874995218344787177928714897099927369,2026-09-04T14:30:00+00:00,2026-09-04T14:35:00+00:00,2.15,0.35,0.36,0.355,0.01,1073.78,803.62,99
2026-09-04T14:32:51.572979+00:00,btc-updown-5m-1788532500,5,4189585,12519639176372531915578693002765965706379388051457273146196727203422005438067,2026-09-04T14:35:00+00:00,2026-09-04T14:40:00+00:00,7.15,0.5,0.51,0.505,0.01,299.94,1217.54,99
2026-09-04T14:32:51.572979+00:00,btc-updown-15m-1788532200,15,4189473,25552689525967373758859317195123366816930566180509890013661447714531877400794,2026-09-04T14:30:00+00:00,2026-09-04T14:45:00+00:00,12.15,0.46,0.47,0.465,0.01,287.98,273.0,99
2026-09-04T14:32:51.572979+00:00,btc-updown-15m-1788533100,15,4189911,67555826077187352846988227467149913795305007537424108483063167036184194958059,2026-09-04T14:45:00+00:00,2026-09-04T15:00:00+00:00,27.15,0.5,0.51,0.505,0.01,367.0,709.47,99
2026-09-04T14:33:52.710796+00:00,btc-updown-5m-1788532200,5,4189475,104710822975302723396064297134047957035701874995218344787177928714897099927369,2026-09-04T14:30:00+00:00,2026-09-04T14:35:00+00:00,1.13,0.4,0.43,0.415,0.03,59.0,50.0,97
2026-09-04T14:33:52.710796+00:00,btc-updown-5m-1788532500,5,4189585,12519639176372531915578693002765965706379388051457273146196727203422005438067,2026-09-04T14:35:00+00:00,2026-09-04T14:40:00+00:00,6.13,0.5,0.51,0.505,0.01,83.16,325.0,99
2026-09-04T14:33:52.710796+00:00,btc-updown-15m-1788532200,15,4189473,25552689525967373758859317195123366816930566180509890013661447714531877400794,2026-09-04T14:30:00+00:00,2026-09-04T14:45:00+00:00,11.13,0.47,0.48,0.475,0.01,100.3,186.59,99
2026-09-04T14:33:52.710796+00:00,btc-updown-15m-1788533100,15,4189911,67555826077187352846988227467149913795305007537424108483063167036184194958059,2026-09-04T14:45:00+00:00,2026-09-04T15:00:00+00:00,26.13,0.5,0.51,0.505,0.01,304.46,706.92,99
2026-09-04T14:34:53.844017+00:00,btc-updown-5m-1788532500,5,4189585,12519639176372531915578693002765965706379388051457273146196727203422005438067,2026-09-04T14:35:00+00:00,2026-09-04T14:40:00+00:00,5.12,0.49,0.5,0.495,0.01,171.77,127.0,99
2026-09-04T14:34:53.844017+00:00,btc-updown-15m-1788532200,15,4189473,25552689525967373758859317195123366816930566180509890013661447714531877400794,2026-09-04T14:30:00+00:00,2026-09-04T14:45:00+00:00,10.12,0.46,0.47,0.465,0.01,488.73,28.72,99
2026-09-04T14:34:53.844017+00:00,btc-updown-15m-1788533100,15,4189911,67555826077187352846988227467149913795305007537424108483063167036184194958059,2026-09-04T14:45:00+00:00,2026-09-04T15:00:00+00:00,25.12,0.5,0.51,0.505,0.01,295.89,488.47,99
2026-09-04T14:35:54.879571+00:00,btc-updown-5m-1788532500,5,4189585,12519639176372531915578693002765965706379388051457273146196727203422005438067,2026-09-04T14:35:00+00:00,2026-09-04T14:40:00+00:00,4.1,0.71,0.72,0.715,0.01,214.0,939.25,99
2026-09-04T14:35:54.879571+00:00,btc-updown-5m-1788532800,5,4189891,24346560812532549240696458515218552384638199626239984943634915738733233281496,2026-09-04T14:40:00+00:00,2026-09-04T14:45:00+00:00,9.1,0.5,0.51,0.505,0.01,925.26,2936.35,99
2026-09-04T14:35:54.879571+00:00,btc-updown-15m-1788532200,15,4189473,25552689525967373758859317195123366816930566180509890013661447714531877400794,2026-09-04T14:30:00+00:00,2026-09-04T14:45:00+00:00,9.1,0.64,0.65,0.645,0.01,41.0,885.0,99
2026-09-04T14:35:54.879571+00:00,btc-updown-15m-1788533100,15,4189911,67555826077187352846988227467149913795305007537424108483063167036184194958059,2026-09-04T14:45:00+00:00,2026-09-04T15:00:00+00:00,24.1,0.5,0.51,0.505,0.01,263.89,853.47,99
2026-09-04T14:36:56.002612+00:00,btc-updown-5m-1788532500,5,4189585,12519639176372531915578693002765965706379388051457273146196727203422005438067,2026-09-04T14:35:00+00:00,2026-09-04T14:40:00+00:00,3.07,0.35,0.36,0.355,0.01,105.0,281.38,99
2026-09-04T14:36:56.002612+00:00,btc-updown-5m-1788532800,5,4189891,24346560812532549240696458515218552384638199626239984943634915738733233281496,2026-09-04T14:40:00+00:00,2026-09-04T14:45:00+00:00,8.07,0.5,0.51,0.505,0.01,925.26,1591.35,99
2026-09-04T14:36:56.002612+00:00,btc-updown-15m-1788532200,15,4189473,25552689525967373758859317195123366816930566180509890013661447714531877400794,2026-09-04T14:30:00+00:00,2026-09-04T14:45:00+00:00,8.07,0.38,0.39,0.385,0.01,28.98,288.0,99
2026-09-04T14:36:56.002612+00:00,btc-updown-15m-1788533100,15,4189911,67555826077187352846988227467149913795305007537424108483063167036184194958059,2026-09-04T14:45:00+00:00,2026-09-04T15:00:00+00:00,23.07,0.5,0.51,0.505,0.01,353.89,647.55,99
2026-09-04T14:37:57.142865+00:00,btc-updown-5m-1788532500,5,4189585,12519639176372531915578693002765965706379388051457273146196727203422005438067,2026-09-04T14:35:00+00:00,2026-09-04T14:40:00+00:00,2.05,0.08,0.09,0.085,0.01,1215.51,170.0,99
2026-09-04T14:37:57.142865+00:00,btc-updown-5m-1788532800,5,4189891,24346560812532549240696458515218552384638199626239984943634915738733233281496,2026-09-04T14:40:00+00:00,2026-09-04T14:45:00+00:00,7.05,0.5,0.51,0.505,0.01,867.26,1277.55,99
2026-09-04T14:37:57.142865+00:00,btc-updown-15m-1788532200,15,4189473,25552689525967373758859317195123366816930566180509890013661447714531877400794,2026-09-04T14:30:00+00:00,2026-09-04T14:45:00+00:00,7.05,0.3,0.31,0.305,0.01,43.07,267.0,99
2026-09-04T14:37:57.142865+00:00,btc-updown-15m-1788533100,15,4189911,67555826077187352846988227467149913795305007537424108483063167036184194958059,2026-09-04T14:45:00+00:00,2026-09-04T15:00:00+00:00,22.05,0.5,0.51,0.505,0.01,473.89,514.08,99
2026-09-04T14:38:58.275140+00:00,btc-updown-5m-1788532800,5,4189891,24346560812532549240696458515218552384638199626239984943634915738733233281496,2026-09-04T14:40:00+00:00,2026-09-04T14:45:00+00:00,6.03,0.5,0.51,0.505,0.01,82.26,436.67,99
2026-09-04T14:38:58.275140+00:00,btc-updown-15m-1788532200,15,4189473,25552689525967373758859317195123366816930566180509890013661447714531877400794,2026-09-04T14:30:00+00:00,2026-09-04T14:45:00+00:00,6.03,0.26,0.27,0.265,0.01,58.64,93.88,99
2026-09-04T14:38:58.275140+00:00,btc-updown-15m-1788533100,15,4189911,67555826077187352846988227467149913795305007537424108483063167036184194958059,2026-09-04T14:45:00+00:00,2026-09-04T15:00:00+00:00,21.03,0.5,0.51,0.505,0.01,573.89,514.08,99
2026-09-04T14:39:59.331984+00:00,btc-updown-5m-1788532800,5,4189891,24346560812532549240696458515218552384638199626239984943634915738733233281496,2026-09-04T14:40:00+00:00,2026-09-04T14:45:00+00:00,5.02,0.49,0.55,0.52,0.06,221.07,5.0,91
2026-09-04T14:39:59.331984+00:00,btc-updown-15m-1788532200,15,4189473,25552689525967373758859317195123366816930566180509890013661447714531877400794,2026-09-04T14:30:00+00:00,2026-09-04T14:45:00+00:00,5.02,0.36,0.37,0.365,0.01,10.0,200.0,99
2026-09-04T14:39:59.331984+00:00,btc-updown-15m-1788533100,15,4189911,67555826077187352846988227467149913795305007537424108483063167036184194958059,2026-09-04T14:45:00+00:00,2026-09-04T15:00:00+00:00,20.02,0.5,0.51,0.505,0.01,332.89,514.08,99
2026-09-04T14:41:00.357579+00:00,btc-updown-5m-1788532800,5,4189891,24346560812532549240696458515218552384638199626239984943634915738733233281496,2026-09-04T14:40:00+00:00,2026-09-04T14:45:00+00:00,4.0,0.14,0.15,0.145,0.01,615.65,646.6,99
2026-09-04T14:41:00.357579+00:00,btc-updown-5m-1788533100,5,4189915,32561889688515129578221684911453000701269886100386663565572603391501737217408,2026-09-04T14:45:00+00:00,2026-09-04T14:50:00+00:00,9.0,0.5,0.51,0.505,0.01,1355.78,961.53,99
2026-09-04T14:41:00.357579+00:00,btc-updown-15m-1788532200,15,4189473,25552689525967373758859317195123366816930566180509890013661447714531877400794,2026-09-04T14:30:00+00:00,2026-09-04T14:45:00+00:00,4.0,0.06,0.07,0.065,0.01,8.93,279.42,99
2026-09-04T14:41:00.357579+00:00,btc-updown-15m-1788533100,15,4189911,67555826077187352846988227467149913795305007537424108483063167036184194958059,2026-09-04T14:45:00+00:00,2026-09-04T15:00:00+00:00,19.0,0.5,0.51,0.505,0.01,572.89,239.08,99
2026-09-04T14:42:01.513218+00:00,btc-updown-5m-1788532800,5,4189891,24346560812532549240696458515218552384638199626239984943634915738733233281496,2026-09-04T14:40:00+00:00,2026-09-04T14:45:00+00:00,2.98,0.18,0.19,0.185,0.01,988.78,73.0,99
2026-09-04T14:42:01.513218+00:00,btc-updown-5m-1788533100,5,4189915,32561889688515129578221684911453000701269886100386663565572603391501737217408,2026-09-04T14:45:00+00:00,2026-09-04T14:50:00+00:00,7.98,0.5,0.51,0.505,0.01,1360.78,928.17,99
2026-09-04T14:42:01.513218+00:00,btc-updown-15m-1788532200,15,4189473,25552689525967373758859317195123366816930566180509890013661447714531877400794,2026-09-04T14:30:00+00:00,2026-09-04T14:45:00+00:00,2.98,0.05,0.06,0.055,0.01,105.0,165.0,99
2026-09-04T14:42:01.513218+00:00,btc-updown-15m-1788533100,15,4189911,67555826077187352846988227467149913795305007537424108483063167036184194958059,2026-09-04T14:45:00+00:00,2026-09-04T15:00:00+00:00,17.98,0.5,0.51,0.505,0.01,732.89,35.0,99
2026-09-04T14:43:02.671876+00:00,btc-updown-5m-1788532800,5,4189891,24346560812532549240696458515218552384638199626239984943634915738733233281496,2026-09-04T14:40:00+00:00,2026-09-04T14:45:00+00:00,1.97,0.02,0.03,0.025,0.01,1054.01,621.17,99
2026-09-04T14:43:02.671876+00:00,btc-updown-5m-1788533100,5,4189915,32561889688515129578221684911453000701269886100386663565572603391501737217408,2026-09-04T14:45:00+00:00,2026-09-04T14:50:00+00:00,6.97,0.5,0.51,0.505,0.01,758.78,898.35,99
2026-09-04T14:43:02.671876+00:00,btc-updown-15m-1788533100,15,4189911,67555826077187352846988227467149913795305007537424108483063167036184194958059,2026-09-04T14:45:00+00:00,2026-09-04T15:00:00+00:00,16.97,0.51,0.52,0.515,0.01,410.0,518.33,99
2026-09-04T14:44:03.722871+00:00,btc-updown-5m-1788533100,5,4189915,32561889688515129578221684911453000701269886100386663565572603391501737217408,2026-09-04T14:45:00+00:00,2026-09-04T14:50:00+00:00,5.95,0.51,0.52,0.515,0.01,525.0,42.3,99
2026-09-04T14:44:03.722871+00:00,btc-updown-15m-1788533100,15,4189911,67555826077187352846988227467149913795305007537424108483063167036184194958059,2026-09-04T14:45:00+00:00,2026-09-04T15:00:00+00:00,15.95,0.52,0.53,0.525,0.01,77.95,327.77,92
2026-09-04T14:45:04.700990+00:00,btc-updown-5m-1788533100,5,4189915,32561889688515129578221684911453000701269886100386663565572603391501737217408,2026-09-04T14:45:00+00:00,2026-09-04T14:50:00+00:00,4.93,0.64,0.65,0.645,0.01,734.88,163.32,99
2026-09-04T14:45:04.700990+00:00,btc-updown-5m-1788533400,5,4189929,74716498595953787431435964398116615695006432339931342225424209772628603885550,2026-09-04T14:50:00+00:00,2026-09-04T14:55:00+00:00,9.93,0.5,0.51,0.505,0.01,894.0,369.0,99
2026-09-04T14:45:04.700990+00:00,btc-updown-15m-1788533100,15,4189911,67555826077187352846988227467149913795305007537424108483063167036184194958059,2026-09-04T14:45:00+00:00,2026-09-04T15:00:00+00:00,14.93,0.58,0.59,0.585,0.01,581.41,21.0,99
2026-09-04T14:45:04.700990+00:00,btc-updown-15m-1788534000,15,4190070,84478393967522004850031249426716149923808093450668867709385705776823291002657,2026-09-04T15:00:00+00:00,2026-09-04T15:15:00+00:00,29.93,0.52,0.53,0.525,0.01,202.93,353.8,97
2026-09-04T14:46:05.863857+00:00,btc-updown-5m-1788533100,5,4189915,32561889688515129578221684911453000701269886100386663565572603391501737217408,2026-09-04T14:45:00+00:00,2026-09-04T14:50:00+00:00,3.92,0.84,0.85,0.845,0.01,570.95,40.36,99
2026-09-04T14:46:05.863857+00:00,btc-updown-5m-1788533400,5,4189929,74716498595953787431435964398116615695006432339931342225424209772628603885550,2026-09-04T14:50:00+00:00,2026-09-04T14:55:00+00:00,8.92,0.5,0.51,0.505,0.01,1300.0,2260.07,99
2026-09-04T14:46:05.863857+00:00,btc-updown-15m-1788533100,15,4189911,67555826077187352846988227467149913795305007537424108483063167036184194958059,2026-09-04T14:45:00+00:00,2026-09-04T15:00:00+00:00,13.92,0.7,0.71,0.705,0.01,5.0,1300.33,99
2026-09-04T14:46:05.863857+00:00,btc-updown-15m-1788534000,15,4190070,84478393967522004850031249426716149923808093450668867709385705776823291002657,2026-09-04T15:00:00+00:00,2026-09-04T15:15:00+00:00,28.92,0.52,0.53,0.525,0.01,76.09,730.24,97
2026-09-04T14:47:07.069770+00:00,btc-updown-5m-1788533100,5,4189915,32561889688515129578221684911453000701269886100386663565572603391501737217408,2026-09-04T14:45:00+00:00,2026-09-04T14:50:00+00:00,2.88,0.58,0.59,0.585,0.01,117.61,452.08,99
2026-09-04T14:47:07.069770+00:00,btc-updown-5m-1788533400,5,4189929,74716498595953787431435964398116615695006432339931342225424209772628603885550,2026-09-04T14:50:00+00:00,2026-09-04T14:55:00+00:00,7.88,0.5,0.51,0.505,0.01,1305.0,576.14,99
2026-09-04T14:47:07.069770+00:00,btc-updown-15m-1788533100,15,4189911,67555826077187352846988227467149913795305007537424108483063167036184194958059,2026-09-04T14:45:00+00:00,2026-09-04T15:00:00+00:00,12.88,0.55,0.56,0.555,0.01,88.0,251.0,99
2026-09-04T14:47:07.069770+00:00,btc-updown-15m-1788534000,15,4190070,84478393967522004850031249426716149923808093450668867709385705776823291002657,2026-09-04T15:00:00+00:00,2026-09-04T15:15:00+00:00,27.88,0.52,0.53,0.525,0.01,196.09,811.35,97
2026-09-04T14:48:08.267343+00:00,btc-updown-5m-1788533100,5,4189915,32561889688515129578221684911453000701269886100386663565572603391501737217408,2026-09-04T14:45:00+00:00,2026-09-04T14:50:00+00:00,1.87,0.06,0.07,0.065,0.01,103.07,909.87,99
2026-09-04T14:48:08.267343+00:00,btc-updown-5m-1788533400,5,4189929,74716498595953787431435964398116615695006432339931342225424209772628603885550,2026-09-04T14:50:00+00:00,2026-09-04T14:55:00+00:00,6.87,0.5,0.51,0.505,0.01,918.04,258.03,99
2026-09-04T14:48:08.267343+00:00,btc-updown-15m-1788533100,15,4189911,67555826077187352846988227467149913795305007537424108483063167036184194958059,2026-09-04T14:45:00+00:00,2026-09-04T15:00:00+00:00,11.87,0.3,0.31,0.305,0.01,95.0,146.0,99
2026-09-04T14:48:08.267343+00:00,btc-updown-15m-1788534000,15,4190070,84478393967522004850031249426716149923808093450668867709385705776823291002657,2026-09-04T15:00:00+00:00,2026-09-04T15:15:00+00:00,26.87,0.52,0.53,0.525,0.01,614.98,714.19,97
2026-09-04T14:49:09.489822+00:00,btc-updown-5m-1788533400,5,4189929,74716498595953787431435964398116615695006432339931342225424209772628603885550,2026-09-04T14:50:00+00:00,2026-09-04T14:55:00+00:00,5.85,0.51,0.52,0.515,0.01,817.87,50.0,95
2026-09-04T14:49:09.489822+00:00,btc-updown-15m-1788533100,15,4189911,67555826077187352846988227467149913795305007537424108483063167036184194958059,2026-09-04T14:45:00+00:00,2026-09-04T15:00:00+00:00,10.85,0.2,0.21,0.205,0.01,30.98,201.0,99
2026-09-04T14:49:09.489822+00:00,btc-updown-15m-1788534000,15,4190070,84478393967522004850031249426716149923808093450668867709385705776823291002657,2026-09-04T15:00:00+00:00,2026-09-04T15:15:00+00:00,25.85,0.52,0.53,0.525,0.01,614.98,714.19,97
2026-09-04T14:50:10.527847+00:00,btc-updown-5m-1788533400,5,4189929,74716498595953787431435964398116615695006432339931342225424209772628603885550,2026-09-04T14:50:00+00:00,2026-09-04T14:55:00+00:00,4.83,0.3,0.31,0.305,0.01,318.63,485.0,99
2026-09-04T14:50:10.527847+00:00,btc-updown-5m-1788533700,5,4190080,103229081650545913048196490665065945253116860069630982146270417118600543036027,2026-09-04T14:55:00+00:00,2026-09-04T15:00:00+00:00,9.83,0.5,0.51,0.505,0.01,963.62,409.12,99
2026-09-04T14:50:10.527847+00:00,btc-updown-15m-1788533100,15,4189911,67555826077187352846988227467149913795305007537424108483063167036184194958059,2026-09-04T14:45:00+00:00,2026-09-04T15:00:00+00:00,9.83,0.09,0.1,0.095,0.01,65.82,472.0,99
2026-09-04T14:50:10.527847+00:00,btc-updown-15m-1788534000,15,4190070,84478393967522004850031249426716149923808093450668867709385705776823291002657,2026-09-04T15:00:00+00:00,2026-09-04T15:15:00+00:00,24.83,0.52,0.53,0.525,0.01,614.98,709.29,97
2026-09-04T14:51:11.684976+00:00,btc-updown-5m-1788533400,5,4189929,74716498595953787431435964398116615695006432339931342225424209772628603885550,2026-09-04T14:50:00+00:00,2026-09-04T14:55:00+00:00,3.82,0.83,0.84,0.835,0.01,182.66,720.73,99
2026-09-04T14:51:11.684976+00:00,btc-updown-5m-1788533700,5,4190080,103229081650545913048196490665065945253116860069630982146270417118600543036027,2026-09-04T14:55:00+00:00,2026-09-04T15:00:00+00:00,8.82,0.5,0.51,0.505,0.01,1404.6,846.74,99
2026-09-04T14:51:11.684976+00:00,btc-updown-15m-1788533100,15,4189911,67555826077187352846988227467149913795305007537424108483063167036184194958059,2026-09-04T14:45:00+00:00,2026-09-04T15:00:00+00:00,8.82,0.24,0.25,0.245,0.01,111.0,90.0,99
2026-09-04T14:51:11.684976+00:00,btc-updown-15m-1788534000,15,4190070,84478393967522004850031249426716149923808093450668867709385705776823291002657,2026-09-04T15:00:00+00:00,2026-09-04T15:15:00+00:00,23.82,0.52,0.53,0.525,0.01,614.98,703.62,97
2026-09-04T14:52:12.887169+00:00,btc-updown-5m-1788533400,5,4189929,74716498595953787431435964398116615695006432339931342225424209772628603885550,2026-09-04T14:50:00+00:00,2026-09-04T14:55:00+00:00,2.8,0.9,0.91,0.905,0.01,165.99,350.19,99
2026-09-04T14:52:12.887169+00:00,btc-updown-5m-1788533700,5,4190080,103229081650545913048196490665065945253116860069630982146270417118600543036027,2026-09-04T14:55:00+00:00,2026-09-04T15:00:00+00:00,7.8,0.5,0.51,0.505,0.01,1084.58,757.41,99
2026-09-04T14:52:12.887169+00:00,btc-updown-15m-1788533100,15,4189911,67555826077187352846988227467149913795305007537424108483063167036184194958059,2026-09-04T14:45:00+00:00,2026-09-04T15:00:00+00:00,7.8,0.25,0.26,0.255,0.01,118.0,520.0,99
2026-09-04T14:52:12.887169+00:00,btc-updown-15m-1788534000,15,4190070,84478393967522004850031249426716149923808093450668867709385705776823291002657,2026-09-04T15:00:00+00:00,2026-09-04T15:15:00+00:00,22.8,0.52,0.53,0.525,0.01,214.98,703.62,97
2026-09-04T14:53:14.044886+00:00,btc-updown-5m-1788533400,5,4189929,74716498595953787431435964398116615695006432339931342225424209772628603885550,2026-09-04T14:50:00+00:00,2026-09-04T14:55:00+00:00,1.77,0.97,0.98,0.975,0.01,244.67,642.67,99
2026-09-04T14:53:14.044886+00:00,btc-updown-5m-1788533700,5,4190080,103229081650545913048196490665065945253116860069630982146270417118600543036027,2026-09-04T14:55:00+00:00,2026-09-04T15:00:00+00:00,6.77,0.5,0.51,0.505,0.01,768.0,251.5,99
2026-09-04T14:53:14.044886+00:00,btc-updown-15m-1788533100,15,4189911,67555826077187352846988227467149913795305007537424108483063167036184194958059,2026-09-04T14:45:00+00:00,2026-09-04T15:00:00+00:00,6.77,0.24,0.25,0.245,0.01,123.41,2501.99,99
2026-09-04T14:53:14.044886+00:00,btc-updown-15m-1788534000,15,4190070,84478393967522004850031249426716149923808093450668867709385705776823291002657,2026-09-04T15:00:00+00:00,2026-09-04T15:15:00+00:00,21.77,0.52,0.53,0.525,0.01,388.4,490.85,97
2026-09-04T14:54:15.277994+00:00,btc-updown-5m-1788533700,5,4190080,103229081650545913048196490665065945253116860069630982146270417118600543036027,2026-09-04T14:55:00+00:00,2026-09-04T15:00:00+00:00,5.75,0.5,0.51,0.505,0.01,161.99,296.19,99
2026-09-04T14:54:15.277994+00:00,btc-updown-15m-1788533100,15,4189911,67555826077187352846988227467149913795305007537424108483063167036184194958059,2026-09-04T14:45:00+00:00,2026-09-04T15:00:00+00:00,5.75,0.15,0.16,0.155,0.01,577.49,25.75,99
2026-09-04T14:54:15.277994+00:00,btc-updown-15m-1788534000,15,4190070,84478393967522004850031249426716149923808093450668867709385705776823291002657,2026-09-04T15:00:00+00:00,2026-09-04T15:15:00+00:00,20.75,0.52,0.53,0.525,0.01,214.98,703.62,97
2026-09-04T14:55:16.319314+00:00,btc-updown-5m-1788533700,5,4190080,103229081650545913048196490665065945253116860069630982146270417118600543036027,2026-09-04T14:55:00+00:00,2026-09-04T15:00:00+00:00,4.73,0.56,0.57,0.565,0.01,91.96,1002.97,99
2026-09-04T14:55:16.319314+00:00,btc-updown-5m-1788534000,5,4190081,60688246345973046903240757003691295598211130808830224908364880906176859628172,2026-09-04T15:00:00+00:00,2026-09-04T15:05:00+00:00,9.73,0.5,0.51,0.505,0.01,1092.05,1177.42,99
2026-09-04T14:55:16.319314+00:00,btc-updown-15m-1788533100,15,4189911,67555826077187352846988227467149913795305007537424108483063167036184194958059,2026-09-04T14:45:00+00:00,2026-09-04T15:00:00+00:00,4.73,0.12,0.13,0.125,0.01,900.0,288.0,99
2026-09-04T14:55:16.319314+00:00,btc-updown-15m-1788534000,15,4190070,84478393967522004850031249426716149923808093450668867709385705776823291002657,2026-09-04T15:00:00+00:00,2026-09-04T15:15:00+00:00,19.73,0.52,0.53,0.525,0.01,523.31,700.76,97
2026-09-04T14:56:17.490462+00:00,btc-updown-5m-1788533700,5,4190080,103229081650545913048196490665065945253116860069630982146270417118600543036027,2026-09-04T14:55:00+00:00,2026-09-04T15:00:00+00:00,3.72,0.88,0.89,0.885,0.01,265.49,544.98,99
2026-09-04T14:56:17.490462+00:00,btc-updown-5m-1788534000,5,4190081,60688246345973046903240757003691295598211130808830224908364880906176859628172,2026-09-04T15:00:00+00:00,2026-09-04T15:05:00+00:00,8.72,0.5,0.51,0.505,0.01,1103.05,1368.26,99
2026-09-04T14:56:17.490462+00:00,btc-updown-15m-1788533100,15,4189911,67555826077187352846988227467149913795305007537424108483063167036184194958059,2026-09-04T14:45:00+00:00,2026-09-04T15:00:00+00:00,3.72,0.33,0.34,0.335,0.01,437.02,494.33,99
2026-09-04T14:56:17.490462+00:00,btc-updown-15m-1788534000,15,4190070,84478393967522004850031249426716149923808093450668867709385705776823291002657,2026-09-04T15:00:00+00:00,2026-09-04T15:15:00+00:00,18.72,0.52,0.53,0.525,0.01,3.31,897.76,97
2026-09-04T14:57:18.609320+00:00,btc-updown-5m-1788533700,5,4190080,103229081650545913048196490665065945253116860069630982146270417118600543036027,2026-09-04T14:55:00+00:00,2026-09-04T15:00:00+00:00,2.7,0.93,0.94,0.935,0.01,660.95,398.1,99
2026-09-04T14:57:18.609320+00:00,btc-updown-5m-1788534000,5,4190081,60688246345973046903240757003691295598211130808830224908364880906176859628172,2026-09-04T15:00:00+00:00,2026-09-04T15:05:00+00:00,7.7,0.5,0.51,0.505,0.01,969.05,940.23,99
2026-09-04T14:57:18.609320+00:00,btc-updown-15m-1788533100,15,4189911,67555826077187352846988227467149913795305007537424108483063167036184194958059,2026-09-04T14:45:00+00:00,2026-09-04T15:00:00+00:00,2.7,0.23,0.24,0.235,0.01,438.92,145.0,99
2026-09-04T14:57:18.609320+00:00,btc-updown-15m-1788534000,15,4190070,84478393967522004850031249426716149923808093450668867709385705776823291002657,2026-09-04T15:00:00+00:00,2026-09-04T15:15:00+00:00,17.7,0.52,0.53,0.525,0.01,195.62,764.99,97
2026-09-04T14:58:19.789055+00:00,btc-updown-5m-1788533700,5,4190080,103229081650545913048196490665065945253116860069630982146270417118600543036027,2026-09-04T14:55:00+00:00,2026-09-04T15:00:00+00:00,1.68,0.96,0.97,0.965,0.01,901.02,1152.69,99
2026-09-04T14:58:19.789055+00:00,btc-updown-5m-1788534000,5,4190081,60688246345973046903240757003691295598211130808830224908364880906176859628172,2026-09-04T15:00:00+00:00,2026-09-04T15:05:00+00:00,6.68,0.5,0.51,0.505,0.01,172.0,736.3,99
2026-09-04T14:58:19.789055+00:00,btc-updown-15m-1788533100,15,4189911,67555826077187352846988227467149913795305007537424108483063167036184194958059,2026-09-04T14:45:00+00:00,2026-09-04T15:00:00+00:00,1.68,0.15,0.16,0.155,0.01,13.0,1941.0,99
2026-09-04T14:58:19.789055+00:00,btc-updown-15m-1788534000,15,4190070,84478393967522004850031249426716149923808093450668867709385705776823291002657,2026-09-04T15:00:00+00:00,2026-09-04T15:15:00+00:00,16.68,0.52,0.53,0.525,0.01,195.62,571.78,97
2026-09-04T14:59:20.970363+00:00,btc-updown-5m-1788534000,5,4190081,60688246345973046903240757003691295598211130808830224908364880906176859628172,2026-09-04T15:00:00+00:00,2026-09-04T15:05:00+00:00,5.67,0.49,0.5,0.495,0.01,277.08,1196.99,99
2026-09-04T14:59:20.970363+00:00,btc-updown-15m-1788533100,15,4189911,67555826077187352846988227467149913795305007537424108483063167036184194958059,2026-09-04T14:45:00+00:00,2026-09-04T15:00:00+00:00,0.67,0.03,0.04,0.035,0.01,45.0,183.0,99
2026-09-04T14:59:20.970363+00:00,btc-updown-15m-1788534000,15,4190070,84478393967522004850031249426716149923808093450668867709385705776823291002657,2026-09-04T15:00:00+00:00,2026-09-04T15:15:00+00:00,15.67,0.52,0.53,0.525,0.01,195.62,439.96,92
2026-09-04T15:00:22.029163+00:00,btc-updown-5m-1788534000,5,4190081,60688246345973046903240757003691295598211130808830224908364880906176859628172,2026-09-04T15:00:00+00:00,2026-09-04T15:05:00+00:00,4.63,0.33,0.34,0.335,0.01,143.87,928.0,99
2026-09-04T15:00:22.029163+00:00,btc-updown-5m-1788534300,5,4190112,62840250072902856352473916155446685470105051071339496558916275834181130837283,2026-09-04T15:05:00+00:00,2026-09-04T15:10:00+00:00,9.63,0.5,0.51,0.505,0.01,942.96,1263.22,99
2026-09-04T15:00:22.029163+00:00,btc-updown-15m-1788534000,15,4190070,84478393967522004850031249426716149923808093450668867709385705776823291002657,2026-09-04T15:00:00+00:00,2026-09-04T15:15:00+00:00,14.63,0.42,0.43,0.425,0.01,55.0,1349.0,99
2026-09-04T15:00:22.029163+00:00,btc-updown-15m-1788534900,15,4190286,28963319240412011729527260296468605771249291732211974629792729018272689942518,2026-09-04T15:15:00+00:00,2026-09-04T15:30:00+00:00,29.63,0.51,0.52,0.515,0.01,262.98,475.02,99
2026-09-04T15:01:23.171855+00:00,btc-updown-5m-1788534000,5,4190081,60688246345973046903240757003691295598211130808830224908364880906176859628172,2026-09-04T15:00:00+00:00,2026-09-04T15:05:00+00:00,3.62,0.12,0.13,0.125,0.01,492.88,318.65,99
2026-09-04T15:01:23.171855+00:00,btc-updown-5m-1788534300,5,4190112,62840250072902856352473916155446685470105051071339496558916275834181130837283,2026-09-04T15:05:00+00:00,2026-09-04T15:10:00+00:00,8.62,0.5,0.51,0.505,0.01,1101.02,1267.33,99
2026-09-04T15:01:23.171855+00:00,btc-updown-15m-1788534000,15,4190070,84478393967522004850031249426716149923808093450668867709385705776823291002657,2026-09-04T15:00:00+00:00,2026-09-04T15:15:00+00:00,13.62,0.27,0.28,0.275,0.01,3.01,95.0,99
2026-09-04T15:01:23.171855+00:00,btc-updown-15m-1788534900,15,4190286,28963319240412011729527260296468605771249291732211974629792729018272689942518,2026-09-04T15:15:00+00:00,2026-09-04T15:30:00+00:00,28.62,0.51,0.52,0.515,0.01,454.06,455.79,99
2026-09-04T15:02:24.437182+00:00,btc-updown-5m-1788534000,5,4190081,60688246345973046903240757003691295598211130808830224908364880906176859628172,2026-09-04T15:00:00+00:00,2026-09-04T15:05:00+00:00,2.6,0.33,0.34,0.335,0.01,243.0,148.57,99
2026-09-04T15:02:24.437182+00:00,btc-updown-5m-1788534300,5,4190112,62840250072902856352473916155446685470105051071339496558916275834181130837283,2026-09-04T15:05:00+00:00,2026-09-04T15:10:00+00:00,7.6,0.5,0.51,0.505,0.01,1051.0,1583.79,99
2026-09-04T15:02:24.437182+00:00,btc-updown-15m-1788534000,15,4190070,84478393967522004850031249426716149923808093450668867709385705776823291002657,2026-09-04T15:00:00+00:00,2026-09-04T15:15:00+00:00,12.6,0.47,0.48,0.475,0.01,158.38,150.0,99
2026-09-04T15:02:24.437182+00:00,btc-updown-15m-1788534900,15,4190286,28963319240412011729527260296468605771249291732211974629792729018272689942518,2026-09-04T15:15:00+00:00,2026-09-04T15:30:00+00:00,27.6,0.51,0.52,0.515,0.01,454.06,664.12,99
2026-09-04T15:03:25.567857+00:00,btc-updown-5m-1788534000,5,4190081,60688246345973046903240757003691295598211130808830224908364880906176859628172,2026-09-04T15:00:00+00:00,2026-09-04T15:05:00+00:00,1.58,0.54,0.55,0.545,0.01,85.0,252.77,99
2026-09-04T15:03:25.567857+00:00,btc-updown-5m-1788534300,5,4190112,62840250072902856352473916155446685470105051071339496558916275834181130837283,2026-09-04T15:05:00+00:00,2026-09-04T15:10:00+00:00,6.58,0.5,0.51,0.505,0.01,101.0,997.6,99
2026-09-04T15:03:25.567857+00:00,btc-updown-15m-1788534000,15,4190070,84478393967522004850031249426716149923808093450668867709385705776823291002657,2026-09-04T15:00:00+00:00,2026-09-04T15:15:00+00:00,11.58,0.5,0.51,0.505,0.01,546.91,15.0,98
2026-09-04T15:03:25.567857+00:00,btc-updown-15m-1788534900,15,4190286,28963319240412011729527260296468605771249291732211974629792729018272689942518,2026-09-04T15:15:00+00:00,2026-09-04T15:30:00+00:00,26.58,0.51,0.52,0.515,0.01,454.06,455.79,99
2026-09-04T15:04:26.679452+00:00,btc-updown-5m-1788534300,5,4190112,62840250072902856352473916155446685470105051071339496558916275834181130837283,2026-09-04T15:05:00+00:00,2026-09-04T15:10:00+00:00,5.57,0.5,0.51,0.505,0.01,294.0,564.13,95
2026-09-04T15:04:26.679452+00:00,btc-updown-15m-1788534000,15,4190070,84478393967522004850031249426716149923808093450668867709385705776823291002657,2026-09-04T15:00:00+00:00,2026-09-04T15:15:00+00:00,10.57,0.62,0.63,0.625,0.01,511.87,45.0,99
2026-09-04T15:04:26.679452+00:00,btc-updown-15m-1788534900,15,4190286,28963319240412011729527260296468605771249291732211974629792729018272689942518,2026-09-04T15:15:00+00:00,2026-09-04T15:30:00+00:00,25.57,0.51,0.52,0.515,0.01,340.06,805.0,99
2026-09-04T15:05:27.861282+00:00,btc-updown-5m-1788534300,5,4190112,62840250072902856352473916155446685470105051071339496558916275834181130837283,2026-09-04T15:05:00+00:00,2026-09-04T15:10:00+00:00,4.55,0.32,0.33,0.325,0.01,1280.65,190.0,99
2026-09-04T15:05:27.861282+00:00,btc-updown-5m-1788534600,5,4190126,18875587372421981046527757753303528298401167059410850070088141142501670932943,2026-09-04T15:10:00+00:00,2026-09-04T15:15:00+00:00,9.55,0.5,0.51,0.505,0.01,902.88,1313.49,99
2026-09-04T15:05:27.861282+00:00,btc-updown-15m-1788534000,15,4190070,84478393967522004850031249426716149923808093450668867709385705776823291002657,2026-09-04T15:00:00+00:00,2026-09-04T15:15:00+00:00,9.55,0.51,0.52,0.515,0.01,385.68,286.35,99
2026-09-04T15:05:27.861282+00:00,btc-updown-15m-1788534900,15,4190286,28963319240412011729527260296468605771249291732211974629792729018272689942518,2026-09-04T15:15:00+00:00,2026-09-04T15:30:00+00:00,24.55,0.51,0.52,0.515,0.01,460.06,743.33,99
2026-09-04T15:06:28.967021+00:00,btc-updown-5m-1788534300,5,4190112,62840250072902856352473916155446685470105051071339496558916275834181130837283,2026-09-04T15:05:00+00:00,2026-09-04T15:10:00+00:00,3.53,0.6,0.61,0.605,0.01,197.41,592.37,99
2026-09-04T15:06:28.967021+00:00,btc-updown-5m-1788534600,5,4190126,18875587372421981046527757753303528298401167059410850070088141142501670932943,2026-09-04T15:10:00+00:00,2026-09-04T15:15:00+00:00,8.53,0.5,0.51,0.505,0.01,907.88,1210.35,99
2026-09-04T15:06:28.967021+00:00,btc-updown-15m-1788534000,15,4190070,84478393967522004850031249426716149923808093450668867709385705776823291002657,2026-09-04T15:00:00+00:00,2026-09-04T15:15:00+00:00,8.53,0.67,0.68,0.675,0.01,151.33,179.98,99
2026-09-04T15:06:28.967021+00:00,btc-updown-15m-1788534900,15,4190286,28963319240412011729527260296468605771249291732211974629792729018272689942518,2026-09-04T15:15:00+00:00,2026-09-04T15:30:00+00:00,23.53,0.51,0.52,0.515,0.01,338.01,818.33,99
2026-09-04T15:07:30.072443+00:00,btc-updown-5m-1788534300,5,4190112,62840250072902856352473916155446685470105051071339496558916275834181130837283,2026-09-04T15:05:00+00:00,2026-09-04T15:10:00+00:00,2.5,0.77,0.78,0.775,0.01,152.44,374.44,99
2026-09-04T15:07:30.072443+00:00,btc-updown-5m-1788534600,5,4190126,18875587372421981046527757753303528298401167059410850070088141142501670932943,2026-09-04T15:10:00+00:00,2026-09-04T15:15:00+00:00,7.5,0.5,0.51,0.505,0.01,887.88,1200.35,99
2026-09-04T15:07:30.072443+00:00,btc-updown-15m-1788534000,15,4190070,84478393967522004850031249426716149923808093450668867709385705776823291002657,2026-09-04T15:00:00+00:00,2026-09-04T15:15:00+00:00,7.5,0.77,0.78,0.775,0.01,48.0,287.86,99
2026-09-04T15:07:30.072443+00:00,btc-updown-15m-1788534900,15,4190286,28963319240412011729527260296468605771249291732211974629792729018272689942518,2026-09-04T15:15:00+00:00,2026-09-04T15:30:00+00:00,22.5,0.51,0.52,0.515,0.01,237.08,818.33,99
2026-09-04T15:08:31.197061+00:00,btc-updown-5m-1788534300,5,4190112,62840250072902856352473916155446685470105051071339496558916275834181130837283,2026-09-04T15:05:00+00:00,2026-09-04T15:10:00+00:00,1.48,0.97,0.98,0.975,0.01,499.98,125.37,99
2026-09-04T15:08:31.197061+00:00,btc-updown-5m-1788534600,5,4190126,18875587372421981046527757753303528298401167059410850070088141142501670932943,2026-09-04T15:10:00+00:00,2026-09-04T15:15:00+00:00,6.48,0.49,0.5,0.495,0.01,67.32,470.0,99
2026-09-04T15:08:31.197061+00:00,btc-updown-15m-1788534000,15,4190070,84478393967522004850031249426716149923808093450668867709385705776823291002657,2026-09-04T15:00:00+00:00,2026-09-04T15:15:00+00:00,6.48,0.88,0.89,0.885,0.01,230.67,175.0,99
2026-09-04T15:08:31.197061+00:00,btc-updown-15m-1788534900,15,4190286,28963319240412011729527260296468605771249291732211974629792729018272689942518,2026-09-04T15:15:00+00:00,2026-09-04T15:30:00+00:00,21.48,0.5,0.51,0.505,0.01,200.0,1030.0,99
2026-09-04T15:09:32.324341+00:00,btc-updown-5m-1788534600,5,4190126,18875587372421981046527757753303528298401167059410850070088141142501670932943,2026-09-04T15:10:00+00:00,2026-09-04T15:15:00+00:00,5.47,0.51,0.52,0.515,0.01,79.99,96.45,99
2026-09-04T15:09:32.324341+00:00,btc-updown-15m-1788534000,15,4190070,84478393967522004850031249426716149923808093450668867709385705776823291002657,2026-09-04T15:00:00+00:00,2026-09-04T15:15:00+00:00,5.47,0.93,0.94,0.935,0.01,95.13,112.81,99
2026-09-04T15:09:32.324341+00:00,btc-updown-15m-1788534900,15,4190286,28963319240412011729527260296468605771249291732211974629792729018272689942518,2026-09-04T15:15:00+00:00,2026-09-04T15:30:00+00:00,20.47,0.5,0.51,0.505,0.01,400.0,1120.0,99
2026-09-04T15:10:33.358307+00:00,btc-updown-5m-1788534600,5,4190126,18875587372421981046527757753303528298401167059410850070088141142501670932943,2026-09-04T15:10:00+00:00,2026-09-04T15:15:00+00:00,4.45,0.56,0.57,0.565,0.01,203.57,189.24,99
2026-09-04T15:10:33.358307+00:00,btc-updown-5m-1788534900,5,4190282,109466939223813843733797584731644488587786721981876563290610676114747295133303,2026-09-04T15:15:00+00:00,2026-09-04T15:20:00+00:00,9.45,0.5,0.51,0.505,0.01,1123.65,1708.75,99
2026-09-04T15:10:33.358307+00:00,btc-updown-15m-1788534000,15,4190070,84478393967522004850031249426716149923808093450668867709385705776823291002657,2026-09-04T15:00:00+00:00,2026-09-04T15:15:00+00:00,4.45,0.95,0.96,0.955,0.01,2282.77,50.0,99
2026-09-04T15:10:33.358307+00:00,btc-updown-15m-1788534900,15,4190286,28963319240412011729527260296468605771249291732211974629792729018272689942518,2026-09-04T15:15:00+00:00,2026-09-04T15:30:00+00:00,19.45,0.5,0.51,0.505,0.01,275.0,740.0,99
2026-09-04T15:11:34.470386+00:00,btc-updown-5m-1788534600,5,4190126,18875587372421981046527757753303528298401167059410850070088141142501670932943,2026-09-04T15:10:00+00:00,2026-09-04T15:15:00+00:00,3.43,0.47,0.48,0.475,0.01,389.99,229.6,99
2026-09-04T15:11:34.470386+00:00,btc-updown-5m-1788534900,5,4190282,109466939223813843733797584731644488587786721981876563290610676114747295133303,2026-09-04T15:15:00+00:00,2026-09-04T15:20:00+00:00,8.43,0.5,0.51,0.505,0.01,923.65,1371.51,99
2026-09-04T15:11:34.470386+00:00,btc-updown-15m-1788534000,15,4190070,84478393967522004850031249426716149923808093450668867709385705776823291002657,2026-09-04T15:00:00+00:00,2026-09-04T15:15:00+00:00,3.43,0.97,0.98,0.975,0.01,395.94,84.32,99
2026-09-04T15:11:34.470386+00:00,btc-updown-15m-1788534900,15,4190286,28963319240412011729527260296468605771249291732211974629792729018272689942518,2026-09-04T15:15:00+00:00,2026-09-04T15:30:00+00:00,18.43,0.5,0.51,0.505,0.01,275.0,1084.08,99
2026-09-04T15:12:35.610714+00:00,btc-updown-5m-1788534600,5,4190126,18875587372421981046527757753303528298401167059410850070088141142501670932943,2026-09-04T15:10:00+00:00,2026-09-04T15:15:00+00:00,2.42,0.23,0.24,0.235,0.01,741.26,187.87,99
2026-09-04T15:12:35.610714+00:00,btc-updown-5m-1788534900,5,4190282,109466939223813843733797584731644488587786721981876563290610676114747295133303,2026-09-04T15:15:00+00:00,2026-09-04T15:20:00+00:00,7.42,0.5,0.51,0.505,0.01,917.65,1368.51,99
2026-09-04T15:12:35.610714+00:00,btc-updown-15m-1788534000,15,4190070,84478393967522004850031249426716149923808093450668867709385705776823291002657,2026-09-04T15:00:00+00:00,2026-09-04T15:15:00+00:00,2.42,0.98,0.99,0.985,0.01,170.14,4230.62,99
2026-09-04T15:12:35.610714+00:00,btc-updown-15m-1788534900,15,4190286,28963319240412011729527260296468605771249291732211974629792729018272689942518,2026-09-04T15:15:00+00:00,2026-09-04T15:30:00+00:00,17.42,0.5,0.51,0.505,0.01,300.0,754.08,99
2026-09-04T15:13:36.718563+00:00,btc-updown-5m-1788534600,5,4190126,18875587372421981046527757753303528298401167059410850070088141142501670932943,2026-09-04T15:10:00+00:00,2026-09-04T15:15:00+00:00,1.4,0.79,0.8,0.795,0.01,691.8,27.0,99
2026-09-04T15:13:36.718563+00:00,btc-updown-5m-1788534900,5,4190282,109466939223813843733797584731644488587786721981876563290610676114747295133303,2026-09-04T15:15:00+00:00,2026-09-04T15:20:00+00:00,6.4,0.5,0.51,0.505,0.01,115.65,1448.51,99
2026-09-04T15:13:36.718563+00:00,btc-updown-15m-1788534000,15,4190070,84478393967522004850031249426716149923808093450668867709385705776823291002657,2026-09-04T15:00:00+00:00,2026-09-04T15:15:00+00:00,1.4,0.995,0.998,0.9965,0.003,62.5,57.97,106
2026-09-04T15:13:36.718563+00:00,btc-updown-15m-1788534900,15,4190286,28963319240412011729527260296468605771249291732211974629792729018272689942518,2026-09-04T15:15:00+00:00,2026-09-04T15:30:00+00:00,16.4,0.5,0.51,0.505,0.01,270.2,1484.08,99
2026-09-04T15:14:37.853071+00:00,btc-updown-5m-1788534900,5,4190282,109466939223813843733797584731644488587786721981876563290610676114747295133303,2026-09-04T15:15:00+00:00,2026-09-04T15:20:00+00:00,5.38,0.5,0.51,0.505,0.01,384.0,179.53,99
2026-09-04T15:14:37.853071+00:00,btc-updown-15m-1788534900,15,4190286,28963319240412011729527260296468605771249291732211974629792729018272689942518,2026-09-04T15:15:00+00:00,2026-09-04T15:30:00+00:00,15.38,0.5,0.51,0.505,0.01,579.22,200.0,93
2026-09-04T15:15:38.792711+00:00,btc-updown-5m-1788534900,5,4190282,109466939223813843733797584731644488587786721981876563290610676114747295133303,2026-09-04T15:15:00+00:00,2026-09-04T15:20:00+00:00,4.37,0.6,0.61,0.605,0.01,436.92,49.18,99
2026-09-04T15:15:38.792711+00:00,btc-updown-5m-1788535200,5,4190299,15069150662841540913192648649817438081405374514803111349195879764555052385234,2026-09-04T15:20:00+00:00,2026-09-04T15:25:00+00:00,9.37,0.5,0.51,0.505,0.01,901.61,1315.58,99
2026-09-04T15:15:38.792711+00:00,btc-updown-15m-1788534900,15,4190286,28963319240412011729527260296468605771249291732211974629792729018272689942518,2026-09-04T15:15:00+00:00,2026-09-04T15:30:00+00:00,14.37,0.54,0.55,0.545,0.01,554.13,10.0,99
2026-09-04T15:15:38.792711+00:00,btc-updown-15m-1788535800,15,4190356,82249872857102543954010683607384439684885933666519161625574976948694098542372,2026-09-04T15:30:00+00:00,2026-09-04T15:45:00+00:00,29.37,0.5,0.51,0.505,0.01,471.0,971.42,99
2026-09-04T15:16:39.911843+00:00,btc-updown-5m-1788534900,5,4190282,109466939223813843733797584731644488587786721981876563290610676114747295133303,2026-09-04T15:15:00+00:00,2026-09-04T15:20:00+00:00,3.35,0.68,0.69,0.685,0.01,219.0,228.0,99
2026-09-04T15:16:39.911843+00:00,btc-updown-5m-1788535200,5,4190299,15069150662841540913192648649817438081405374514803111349195879764555052385234,2026-09-04T15:20:00+00:00,2026-09-04T15:25:00+00:00,8.35,0.5,0.51,0.505,0.01,877.41,2823.32,99
2026-09-04T15:16:39.911843+00:00,btc-updown-15m-1788534900,15,4190286,28963319240412011729527260296468605771249291732211974629792729018272689942518,2026-09-04T15:15:00+00:00,2026-09-04T15:30:00+00:00,13.35,0.59,0.6,0.595,0.01,311.25,136.46,99
2026-09-04T15:16:39.911843+00:00,btc-updown-15m-1788535800,15,4190356,82249872857102543954010683607384439684885933666519161625574976948694098542372,2026-09-04T15:30:00+00:00,2026-09-04T15:45:00+00:00,28.35,0.5,0.51,0.505,0.01,473.0,1121.42,99
2026-09-04T15:17:41.018037+00:00,btc-updown-5m-1788534900,5,4190282,109466939223813843733797584731644488587786721981876563290610676114747295133303,2026-09-04T15:15:00+00:00,2026-09-04T15:20:00+00:00,2.32,0.79,0.8,0.795,0.01,243.36,178.0,99
2026-09-04T15:17:41.018037+00:00,btc-updown-5m-1788535200,5,4190299,15069150662841540913192648649817438081405374514803111349195879764555052385234,2026-09-04T15:20:00+00:00,2026-09-04T15:25:00+00:00,7.32,0.5,0.51,0.505,0.01,467.41,2813.32,99
2026-09-04T15:17:41.018037+00:00,btc-updown-15m-1788534900,15,4190286,28963319240412011729527260296468605771249291732211974629792729018272689942518,2026-09-04T15:15:00+00:00,2026-09-04T15:30:00+00:00,12.32,0.64,0.65,0.645,0.01,226.37,108.0,99
2026-09-04T15:17:41.018037+00:00,btc-updown-15m-1788535800,15,4190356,82249872857102543954010683607384439684885933666519161625574976948694098542372,2026-09-04T15:30:00+00:00,2026-09-04T15:45:00+00:00,27.32,0.5,0.51,0.505,0.01,273.0,921.42,99
2026-09-04T15:18:42.161218+00:00,btc-updown-5m-1788534900,5,4190282,109466939223813843733797584731644488587786721981876563290610676114747295133303,2026-09-04T15:15:00+00:00,2026-09-04T15:20:00+00:00,1.3,0.98,0.99,0.985,0.01,390.06,3319.93,99
2026-09-04T15:18:42.161218+00:00,btc-updown-5m-1788535200,5,4190299,15069150662841540913192648649817438081405374514803111349195879764555052385234,2026-09-04T15:20:00+00:00,2026-09-04T15:25:00+00:00,6.3,0.49,0.5,0.495,0.01,666.03,1773.39,99
2026-09-04T15:18:42.161218+00:00,btc-updown-15m-1788534900,15,4190286,28963319240412011729527260296468605771249291732211974629792729018272689942518,2026-09-04T15:15:00+00:00,2026-09-04T15:30:00+00:00,11.3,0.72,0.73,0.725,0.01,239.0,2508.0,99
2026-09-04T15:18:42.161218+00:00,btc-updown-15m-1788535800,15,4190356,82249872857102543954010683607384439684885933666519161625574976948694098542372,2026-09-04T15:30:00+00:00,2026-09-04T15:45:00+00:00,26.3,0.5,0.51,0.505,0.01,253.0,1121.42,99
2026-09-04T15:19:43.279913+00:00,btc-updown-5m-1788535200,5,4190299,15069150662841540913192648649817438081405374514803111349195879764555052385234,2026-09-04T15:20:00+00:00,2026-09-04T15:25:00+00:00,5.28,0.47,0.48,0.475,0.01,35.0,134.45,98
2026-09-04T15:19:43.279913+00:00,btc-updown-15m-1788534900,15,4190286,28963319240412011729527260296468605771249291732211974629792729018272689942518,2026-09-04T15:15:00+00:00,2026-09-04T15:30:00+00:00,10.28,0.71,0.72,0.715,0.01,50.0,373.0,99
2026-09-04T15:19:43.279913+00:00,btc-updown-15m-1788535800,15,4190356,82249872857102543954010683607384439684885933666519161625574976948694098542372,2026-09-04T15:30:00+00:00,2026-09-04T15:45:00+00:00,25.28,0.5,0.51,0.505,0.01,253.0,846.42,99
2026-09-04T15:20:44.363849+00:00,btc-updown-5m-1788535200,5,4190299,15069150662841540913192648649817438081405374514803111349195879764555052385234,2026-09-04T15:20:00+00:00,2026-09-04T15:25:00+00:00,4.27,0.36,0.37,0.365,0.01,364.68,51.0,99
2026-09-04T15:20:44.363849+00:00,btc-updown-5m-1788535500,5,4190332,30475806892414601486301128505421031900584669570754366352534371250145829336774,2026-09-04T15:25:00+00:00,2026-09-04T15:30:00+00:00,9.27,0.5,0.51,0.505,0.01,318.52,1232.13,99
2026-09-04T15:20:44.363849+00:00,btc-updown-15m-1788534900,15,4190286,28963319240412011729527260296468605771249291732211974629792729018272689942518,2026-09-04T15:15:00+00:00,2026-09-04T15:30:00+00:00,9.27,0.66,0.67,0.665,0.01,187.94,15.52,99
2026-09-04T15:20:44.363849+00:00,btc-updown-15m-1788535800,15,4190356,82249872857102543954010683607384439684885933666519161625574976948694098542372,2026-09-04T15:30:00+00:00,2026-09-04T15:45:00+00:00,24.27,0.5,0.51,0.505,0.01,253.0,871.42,99
2026-09-04T15:21:45.461218+00:00,btc-updown-5m-1788535200,5,4190299,15069150662841540913192648649817438081405374514803111349195879764555052385234,2026-09-04T15:20:00+00:00,2026-09-04T15:25:00+00:00,3.25,0.33,0.34,0.335,0.01,1024.93,254.51,99
2026-09-04T15:21:45.461218+00:00,btc-updown-5m-1788535500,5,4190332,30475806892414601486301128505421031900584669570754366352534371250145829336774,2026-09-04T15:25:00+00:00,2026-09-04T15:30:00+00:00,8.25,0.5,0.51,0.505,0.01,318.52,2890.13,99
2026-09-04T15:21:45.461218+00:00,btc-updown-15m-1788534900,15,4190286,28963319240412011729527260296468605771249291732211974629792729018272689942518,2026-09-04T15:15:00+00:00,2026-09-04T15:30:00+00:00,8.25,0.7,0.71,0.705,0.01,5.0,340.61,99
2026-09-04T15:21:45.461218+00:00,btc-updown-15m-1788535800,15,4190356,82249872857102543954010683607384439684885933666519161625574976948694098542372,2026-09-04T15:30:00+00:00,2026-09-04T15:45:00+00:00,23.25,0.5,0.51,0.505,0.01,253.0,944.45,99
2026-09-04T15:22:46.578164+00:00,btc-updown-5m-1788535200,5,4190299,15069150662841540913192648649817438081405374514803111349195879764555052385234,2026-09-04T15:20:00+00:00,2026-09-04T15:25:00+00:00,2.23,0.28,0.29,0.285,0.01,171.67,582.28,99
2026-09-04T15:22:46.578164+00:00,btc-updown-5m-1788535500,5,4190332,30475806892414601486301128505421031900584669570754366352534371250145829336774,2026-09-04T15:25:00+00:00,2026-09-04T15:30:00+00:00,7.23,0.5,0.51,0.505,0.01,318.52,1528.2,99
2026-09-04T15:22:46.578164+00:00,btc-updown-15m-1788534900,15,4190286,28963319240412011729527260296468605771249291732211974629792729018272689942518,2026-09-04T15:15:00+00:00,2026-09-04T15:30:00+00:00,7.23,0.71,0.72,0.715,0.01,431.34,114.0,99
2026-09-04T15:22:46.578164+00:00,btc-updown-15m-1788535800,15,4190356,82249872857102543954010683607384439684885933666519161625574976948694098542372,2026-09-04T15:30:00+00:00,2026-09-04T15:45:00+00:00,22.23,0.5,0.51,0.505,0.01,253.0,944.45,99
2026-09-04T15:23:47.693399+00:00,btc-updown-5m-1788535200,5,4190299,15069150662841540913192648649817438081405374514803111349195879764555052385234,2026-09-04T15:20:00+00:00,2026-09-04T15:25:00+00:00,1.22,0.17,0.18,0.175,0.01,75.0,286.01,99
2026-09-04T15:23:47.693399+00:00,btc-updown-5m-1788535500,5,4190332,30475806892414601486301128505421031900584669570754366352534371250145829336774,2026-09-04T15:25:00+00:00,2026-09-04T15:30:00+00:00,6.22,0.49,0.5,0.495,0.01,561.37,1025.02,99
2026-09-04T15:23:47.693399+00:00,btc-updown-15m-1788534900,15,4190286,28963319240412011729527260296468605771249291732211974629792729018272689942518,2026-09-04T15:15:00+00:00,2026-09-04T15:30:00+00:00,6.22,0.76,0.77,0.765,0.01,283.81,118.0,99
2026-09-04T15:23:47.693399+00:00,btc-updown-15m-1788535800,15,4190356,82249872857102543954010683607384439684885933666519161625574976948694098542372,2026-09-04T15:30:00+00:00,2026-09-04T15:45:00+00:00,21.22,0.5,0.51,0.505,0.01,353.0,944.45,99
2026-09-04T15:24:48.818602+00:00,btc-updown-5m-1788535500,5,4190332,30475806892414601486301128505421031900584669570754366352534371250145829336774,2026-09-04T15:25:00+00:00,2026-09-04T15:30:00+00:00,5.2,0.58,0.59,0.585,0.01,236.0,9.51,97
2026-09-04T15:24:48.818602+00:00,btc-updown-15m-1788534900,15,4190286,28963319240412011729527260296468605771249291732211974629792729018272689942518,2026-09-04T15:15:00+00:00,2026-09-04T15:30:00+00:00,5.2,0.91,0.92,0.915,0.01,29.22,6642.0,99
2026-09-04T15:24:48.818602+00:00,btc-updown-15m-1788535800,15,4190356,82249872857102543954010683607384439684885933666519161625574976948694098542372,2026-09-04T15:30:00+00:00,2026-09-04T15:45:00+00:00,20.2,0.5,0.51,0.505,0.01,253.0,944.45,99
2026-09-04T15:25:49.896100+00:00,btc-updown-5m-1788535500,5,4190332,30475806892414601486301128505421031900584669570754366352534371250145829336774,2026-09-04T15:25:00+00:00,2026-09-04T15:30:00+00:00,4.18,0.83,0.84,0.835,0.01,40.52,223.38,99
2026-09-04T15:25:49.896100+00:00,btc-updown-5m-1788535800,5,4190355,7240920500454759780603521580126045232211593940044396410995432382379295035643,2026-09-04T15:30:00+00:00,2026-09-04T15:35:00+00:00,9.18,0.5,0.51,0.505,0.01,286.14,2892.86,99
2026-09-04T15:25:49.896100+00:00,btc-updown-15m-1788534900,15,4190286,28963319240412011729527260296468605771249291732211974629792729018272689942518,2026-09-04T15:15:00+00:00,2026-09-04T15:30:00+00:00,4.18,0.95,0.96,0.955,0.01,5710.81,16.85,99
2026-09-04T15:25:49.896100+00:00,btc-updown-15m-1788535800,15,4190356,82249872857102543954010683607384439684885933666519161625574976948694098542372,2026-09-04T15:30:00+00:00,2026-09-04T15:45:00+00:00,19.18,0.49,0.5,0.495,0.01,454.42,512.0,99
2026-09-04T15:26:51.020071+00:00,btc-updown-5m-1788535500,5,4190332,30475806892414601486301128505421031900584669570754366352534371250145829336774,2026-09-04T15:25:00+00:00,2026-09-04T15:30:00+00:00,3.15,0.93,0.94,0.935,0.01,409.0,88.0,99
2026-09-04T15:26:51.020071+00:00,btc-updown-5m-1788535800,5,4190355,7240920500454759780603521580126045232211593940044396410995432382379295035643,2026-09-04T15:30:00+00:00,2026-09-04T15:35:00+00:00,8.15,0.5,0.51,0.505,0.01,332.0,2962.96,99
2026-09-04T15:26:51.020071+00:00,btc-updown-15m-1788535800,15,4190356,82249872857102543954010683607384439684885933666519161625574976948694098542372,2026-09-04T15:30:00+00:00,2026-09-04T15:45:00+00:00,18.15,0.49,0.5,0.495,0.01,552.42,690.0,99
2026-09-04T15:27:52.040639+00:00,btc-updown-5m-1788535500,5,4190332,30475806892414601486301128505421031900584669570754366352534371250145829336774,2026-09-04T15:25:00+00:00,2026-09-04T15:30:00+00:00,2.13,0.96,0.97,0.965,0.01,514.1,915.14,99
2026-09-04T15:27:52.040639+00:00,btc-updown-5m-1788535800,5,4190355,7240920500454759780603521580126045232211593940044396410995432382379295035643,2026-09-04T15:30:00+00:00,2026-09-04T15:35:00+00:00,7.13,0.5,0.51,0.505,0.01,298.0,2728.02,99
2026-09-04T15:27:52.040639+00:00,btc-updown-15m-1788534900,15,4190286,28963319240412011729527260296468605771249291732211974629792729018272689942518,2026-09-04T15:15:00+00:00,2026-09-04T15:30:00+00:00,2.13,0.99,0.998,0.994,0.008,3209.12,5.0,108
2026-09-04T15:27:52.040639+00:00,btc-updown-15m-1788535800,15,4190356,82249872857102543954010683607384439684885933666519161625574976948694098542372,2026-09-04T15:30:00+00:00,2026-09-04T15:45:00+00:00,17.13,0.49,0.5,0.495,0.01,652.42,690.0,99
2026-09-04T15:28:53.182657+00:00,btc-updown-5m-1788535800,5,4190355,7240920500454759780603521580126045232211593940044396410995432382379295035643,2026-09-04T15:30:00+00:00,2026-09-04T15:35:00+00:00,6.12,0.47,0.48,0.475,0.01,250.56,402.58,99
2026-09-04T15:28:53.182657+00:00,btc-updown-15m-1788535800,15,4190356,82249872857102543954010683607384439684885933666519161625574976948694098542372,2026-09-04T15:30:00+00:00,2026-09-04T15:45:00+00:00,16.12,0.49,0.5,0.495,0.01,431.07,638.19,99
2026-09-04T15:29:54.150960+00:00,btc-updown-5m-1788535800,5,4190355,7240920500454759780603521580126045232211593940044396410995432382379295035643,2026-09-04T15:30:00+00:00,2026-09-04T15:35:00+00:00,5.1,0.43,0.44,0.435,0.01,20.0,487.0,99
2026-09-04T15:29:54.150960+00:00,btc-updown-15m-1788535800,15,4190356,82249872857102543954010683607384439684885933666519161625574976948694098542372,2026-09-04T15:30:00+00:00,2026-09-04T15:45:00+00:00,15.1,0.47,0.48,0.475,0.01,212.77,78.0,93
2026-09-04T15:30:55.113478+00:00,btc-updown-5m-1788535800,5,4190355,7240920500454759780603521580126045232211593940044396410995432382379295035643,2026-09-04T15:30:00+00:00,2026-09-04T15:35:00+00:00,4.08,0.44,0.46,0.45,0.02,32.98,106.67,98
2026-09-04T15:30:55.113478+00:00,btc-updown-5m-1788536100,5,4190480,45003170836186644286731271336645473079754397325679167047578330853495051593392,2026-09-04T15:35:00+00:00,2026-09-04T15:40:00+00:00,9.08,0.49,0.5,0.495,0.01,726.0,1905.05,99
2026-09-04T15:30:55.113478+00:00,btc-updown-15m-1788535800,15,4190356,82249872857102543954010683607384439684885933666519161625574976948694098542372,2026-09-04T15:30:00+00:00,2026-09-04T15:45:00+00:00,14.08,0.46,0.47,0.465,0.01,33.0,171.0,99
2026-09-04T15:30:55.113478+00:00,btc-updown-15m-1788536700,15,4190550,61549971850946210223240150461165226782012847997805299239108416037672769608868,2026-09-04T15:45:00+00:00,2026-09-04T16:00:00+00:00,29.08,0.5,0.51,0.505,0.01,192.0,1479.89,95
2026-09-04T15:31:56.305087+00:00,btc-updown-5m-1788535800,5,4190355,7240920500454759780603521580126045232211593940044396410995432382379295035643,2026-09-04T15:30:00+00:00,2026-09-04T15:35:00+00:00,3.07,0.24,0.25,0.245,0.01,60.0,4.2,99
2026-09-04T15:31:56.305087+00:00,btc-updown-5m-1788536100,5,4190480,45003170836186644286731271336645473079754397325679167047578330853495051593392,2026-09-04T15:35:00+00:00,2026-09-04T15:40:00+00:00,8.07,0.49,0.5,0.495,0.01,702.26,2359.05,99
2026-09-04T15:31:56.305087+00:00,btc-updown-15m-1788535800,15,4190356,82249872857102543954010683607384439684885933666519161625574976948694098542372,2026-09-04T15:30:00+00:00,2026-09-04T15:45:00+00:00,13.07,0.4,0.41,0.405,0.01,979.0,312.56,99
2026-09-04T15:31:56.305087+00:00,btc-updown-15m-1788536700,15,4190550,61549971850946210223240150461165226782012847997805299239108416037672769608868,2026-09-04T15:45:00+00:00,2026-09-04T16:00:00+00:00,28.07,0.49,0.5,0.495,0.01,411.72,458.0,95
2026-09-04T15:32:57.454091+00:00,btc-updown-5m-1788535800,5,4190355,7240920500454759780603521580126045232211593940044396410995432382379295035643,2026-09-04T15:30:00+00:00,2026-09-04T15:35:00+00:00,2.05,0.68,0.69,0.685,0.01,364.82,383.0,99
2026-09-04T15:32:57.454091+00:00,btc-updown-5m-1788536100,5,4190480,45003170836186644286731271336645473079754397325679167047578330853495051593392,2026-09-04T15:35:00+00:00,2026-09-04T15:40:00+00:00,7.05,0.49,0.5,0.495,0.01,655.04,914.05,99
2026-09-04T15:32:57.454091+00:00,btc-updown-15m-1788535800,15,4190356,82249872857102543954010683607384439684885933666519161625574976948694098542372,2026-09-04T15:30:00+00:00,2026-09-04T15:45:00+00:00,12.05,0.55,0.56,0.555,0.01,120.02,331.35,99
2026-09-04T15:32:57.454091+00:00,btc-updown-15m-1788536700,15,4190550,61549971850946210223240150461165226782012847997805299239108416037672769608868,2026-09-04T15:45:00+00:00,2026-09-04T16:00:00+00:00,27.05,0.49,0.5,0.495,0.01,411.72,858.0,95
2026-09-04T15:33:58.659424+00:00,btc-updown-5m-1788535800,5,4190355,7240920500454759780603521580126045232211593940044396410995432382379295035643,2026-09-04T15:30:00+00:00,2026-09-04T15:35:00+00:00,1.03,0.1,0.11,0.105,0.01,1253.23,130.0,99
2026-09-04T15:33:58.659424+00:00,btc-updown-5m-1788536100,5,4190480,45003170836186644286731271336645473079754397325679167047578330853495051593392,2026-09-04T15:35:00+00:00,2026-09-04T15:40:00+00:00,6.03,0.49,0.5,0.495,0.01,17.21,1513.0,99
2026-09-04T15:33:58.659424+00:00,btc-updown-15m-1788535800,15,4190356,82249872857102543954010683607384439684885933666519161625574976948694098542372,2026-09-04T15:30:00+00:00,2026-09-04T15:45:00+00:00,11.03,0.4,0.41,0.405,0.01,424.55,71.0,99
2026-09-04T15:33:58.659424+00:00,btc-updown-15m-1788536700,15,4190550,61549971850946210223240150461165226782012847997805299239108416037672769608868,2026-09-04T15:45:00+00:00,2026-09-04T16:00:00+00:00,26.03,0.49,0.5,0.495,0.01,511.72,658.0,95
2026-09-04T15:34:59.792452+00:00,btc-updown-5m-1788536100,5,4190480,45003170836186644286731271336645473079754397325679167047578330853495051593392,2026-09-04T15:35:00+00:00,2026-09-04T15:40:00+00:00,5.02,0.41,0.42,0.415,0.01,20.0,78.92,98
2026-09-04T15:34:59.792452+00:00,btc-updown-15m-1788535800,15,4190356,82249872857102543954010683607384439684885933666519161625574976948694098542372,2026-09-04T15:30:00+00:00,2026-09-04T15:45:00+00:00,10.02,0.35,0.36,0.355,0.01,405.11,230.0,99
2026-09-04T15:34:59.792452+00:00,btc-updown-15m-1788536700,15,4190550,61549971850946210223240150461165226782012847997805299239108416037672769608868,2026-09-04T15:45:00+00:00,2026-09-04T16:00:00+00:00,25.02,0.49,0.5,0.495,0.01,845.8,658.0,95
2026-09-04T15:36:00.887590+00:00,btc-updown-5m-1788536100,5,4190480,45003170836186644286731271336645473079754397325679167047578330853495051593392,2026-09-04T15:35:00+00:00,2026-09-04T15:40:00+00:00,4.0,0.71,0.72,0.715,0.01,348.0,38.0,99
2026-09-04T15:36:00.887590+00:00,btc-updown-5m-1788536400,5,4190538,24137327233720218156477587736386658406361658305695334629883170978237946509055,2026-09-04T15:40:00+00:00,2026-09-04T15:45:00+00:00,9.0,0.49,0.5,0.495,0.01,1025.72,1783.94,99
2026-09-04T15:36:00.887590+00:00,btc-updown-15m-1788535800,15,4190356,82249872857102543954010683607384439684885933666519161625574976948694098542372,2026-09-04T15:30:00+00:00,2026-09-04T15:45:00+00:00,9.0,0.58,0.59,0.585,0.01,468.1,5.0,99
2026-09-04T15:36:00.887590+00:00,btc-updown-15m-1788536700,15,4190550,61549971850946210223240150461165226782012847997805299239108416037672769608868,2026-09-04T15:45:00+00:00,2026-09-04T16:00:00+00:00,24.0,0.49,0.5,0.495,0.01,634.91,858.0,95
2026-09-04T15:37:02.054097+00:00,btc-updown-5m-1788536100,5,4190480,45003170836186644286731271336645473079754397325679167047578330853495051593392,2026-09-04T15:35:00+00:00,2026-09-04T15:40:00+00:00,2.97,0.89,0.9,0.895,0.01,60.0,84.91,99
2026-09-04T15:37:02.054097+00:00,btc-updown-5m-1788536400,5,4190538,24137327233720218156477587736386658406361658305695334629883170978237946509055,2026-09-04T15:40:00+00:00,2026-09-04T15:45:00+00:00,7.97,0.49,0.5,0.495,0.01,814.65,1789.94,99
2026-09-04T15:37:02.054097+00:00,btc-updown-15m-1788535800,15,4190356,82249872857102543954010683607384439684885933666519161625574976948694098542372,2026-09-04T15:30:00+00:00,2026-09-04T15:45:00+00:00,7.97,0.68,0.7,0.69,0.02,1.5,365.98,98
2026-09-04T15:37:02.054097+00:00,btc-updown-15m-1788536700,15,4190550,61549971850946210223240150461165226782012847997805299239108416037672769608868,2026-09-04T15:45:00+00:00,2026-09-04T16:00:00+00:00,22.97,0.49,0.5,0.495,0.01,634.91,1058.0,95
2026-09-04T15:38:03.268836+00:00,btc-updown-5m-1788536100,5,4190480,45003170836186644286731271336645473079754397325679167047578330853495051593392,2026-09-04T15:35:00+00:00,2026-09-04T15:40:00+00:00,1.95,0.97,0.98,0.975,0.01,528.12,913.85,99
2026-09-04T15:38:03.268836+00:00,btc-updown-5m-1788536400,5,4190538,24137327233720218156477587736386658406361658305695334629883170978237946509055,2026-09-04T15:40:00+00:00,2026-09-04T15:45:00+00:00,6.95,0.49,0.5,0.495,0.01,415.52,859.0,99
2026-09-04T15:38:03.268836+00:00,btc-updown-15m-1788535800,15,4190356,82249872857102543954010683607384439684885933666519161625574976948694098542372,2026-09-04T15:30:00+00:00,2026-09-04T15:45:00+00:00,6.95,0.78,0.79,0.785,0.01,351.0,399.48,99
2026-09-04T15:38:03.268836+00:00,btc-updown-15m-1788536700,15,4190550,61549971850946210223240150461165226782012847997805299239108416037672769608868,2026-09-04T15:45:00+00:00,2026-09-04T16:00:00+00:00,21.95,0.49,0.5,0.495,0.01,382.13,1058.0,95
2026-09-04T15:39:04.399108+00:00,btc-updown-5m-1788536400,5,4190538,24137327233720218156477587736386658406361658305695334629883170978237946509055,2026-09-04T15:40:00+00:00,2026-09-04T15:45:00+00:00,5.93,0.48,0.49,0.485,0.01,35.0,325.17,99
2026-09-04T15:39:04.399108+00:00,btc-updown-15m-1788535800,15,4190356,82249872857102543954010683607384439684885933666519161625574976948694098542372,2026-09-04T15:30:00+00:00,2026-09-04T15:45:00+00:00,5.93,0.69,0.7,0.695,0.01,80.0,819.98,99
2026-09-04T15:39:04.399108+00:00,btc-updown-15m-1788536700,15,4190550,61549971850946210223240150461165226782012847997805299239108416037672769608868,2026-09-04T15:45:00+00:00,2026-09-04T16:00:00+00:00,20.93,0.49,0.5,0.495,0.01,382.13,1058.0,95
2026-09-04T15:40:05.451881+00:00,btc-updown-5m-1788536400,5,4190538,24137327233720218156477587736386658406361658305695334629883170978237946509055,2026-09-04T15:40:00+00:00,2026-09-04T15:45:00+00:00,4.92,0.64,0.65,0.645,0.01,623.94,230.41,99
2026-09-04T15:40:05.451881+00:00,btc-updown-5m-1788536700,5,4190546,59352526262694993688595227483637198669510753492552088867827102802335819047390,2026-09-04T15:45:00+00:00,2026-09-04T15:50:00+00:00,9.92,0.49,0.5,0.495,0.01,730.37,694.0,99
2026-09-04T15:40:05.451881+00:00,btc-updown-15m-1788535800,15,4190356,82249872857102543954010683607384439684885933666519161625574976948694098542372,2026-09-04T15:30:00+00:00,2026-09-04T15:45:00+00:00,4.92,0.9,0.91,0.905,0.01,6151.04,633.23,99
2026-09-04T15:40:05.451881+00:00,btc-updown-15m-1788536700,15,4190550,61549971850946210223240150461165226782012847997805299239108416037672769608868,2026-09-04T15:45:00+00:00,2026-09-04T16:00:00+00:00,19.92,0.49,0.5,0.495,0.01,122.63,858.0,95
2026-09-04T15:41:06.598791+00:00,btc-updown-5m-1788536400,5,4190538,24137327233720218156477587736386658406361658305695334629883170978237946509055,2026-09-04T15:40:00+00:00,2026-09-04T15:45:00+00:00,3.9,0.6,0.61,0.605,0.01,374.76,5.0,99
2026-09-04T15:41:06.598791+00:00,btc-updown-5m-1788536700,5,4190546,59352526262694993688595227483637198669510753492552088867827102802335819047390,2026-09-04T15:45:00+00:00,2026-09-04T15:50:00+00:00,8.9,0.49,0.5,0.495,0.01,824.0,2564.0,99
2026-09-04T15:41:06.598791+00:00,btc-updown-15m-1788535800,15,4190356,82249872857102543954010683607384439684885933666519161625574976948694098542372,2026-09-04T15:30:00+00:00,2026-09-04T15:45:00+00:00,3.9,0.93,0.94,0.935,0.01,4357.4,621.36,99
2026-09-04T15:41:06.598791+00:00,btc-updown-15m-1788536700,15,4190550,61549971850946210223240150461165226782012847997805299239108416037672769608868,2026-09-04T15:45:00+00:00,2026-09-04T16:00:00+00:00,18.9,0.49,0.5,0.495,0.01,87.13,1278.0,95
2026-09-04T15:42:07.792370+00:00,btc-updown-5m-1788536400,5,4190538,24137327233720218156477587736386658406361658305695334629883170978237946509055,2026-09-04T15:40:00+00:00,2026-09-04T15:45:00+00:00,2.88,0.72,0.73,0.725,0.01,76.55,343.0,99
2026-09-04T15:42:07.792370+00:00,btc-updown-5m-1788536700,5,4190546,59352526262694993688595227483637198669510753492552088867827102802335819047390,2026-09-04T15:45:00+00:00,2026-09-04T15:50:00+00:00,7.88,0.49,0.5,0.495,0.01,804.18,2114.0,99
2026-09-04T15:42:07.792370+00:00,btc-updown-15m-1788535800,15,4190356,82249872857102543954010683607384439684885933666519161625574976948694098542372,2026-09-04T15:30:00+00:00,2026-09-04T15:45:00+00:00,2.88,0.97,0.98,0.975,0.01,418.75,250.81,99
2026-09-04T15:42:07.792370+00:00,btc-updown-15m-1788536700,15,4190550,61549971850946210223240150461165226782012847997805299239108416037672769608868,2026-09-04T15:45:00+00:00,2026-09-04T16:00:00+00:00,17.88,0.49,0.5,0.495,0.01,204.08,1478.0,95
2026-09-04T15:43:08.952854+00:00,btc-updown-5m-1788536400,5,4190538,24137327233720218156477587736386658406361658305695334629883170978237946509055,2026-09-04T15:40:00+00:00,2026-09-04T15:45:00+00:00,1.87,0.76,0.77,0.765,0.01,329.33,374.0,99
2026-09-04T15:43:08.952854+00:00,btc-updown-5m-1788536700,5,4190546,59352526262694993688595227483637198669510753492552088867827102802335819047390,2026-09-04T15:45:00+00:00,2026-09-04T15:50:00+00:00,6.87,0.49,0.5,0.495,0.01,461.9,1579.0,99
2026-09-04T15:43:08.952854+00:00,btc-updown-15m-1788535800,15,4190356,82249872857102543954010683607384439684885933666519161625574976948694098542372,2026-09-04T15:30:00+00:00,2026-09-04T15:45:00+00:00,1.87,0.99,0.998,0.994,0.008,161.04,101.22,110
2026-09-04T15:43:08.952854+00:00,btc-updown-15m-1788536700,15,4190550,61549971850946210223240150461165226782012847997805299239108416037672769608868,2026-09-04T15:45:00+00:00,2026-09-04T16:00:00+00:00,16.87,0.48,0.49,0.485,0.01,421.4,1088.8,95
2026-09-04T15:44:10.074366+00:00,btc-updown-5m-1788536400,5,4190538,24137327233720218156477587736386658406361658305695334629883170978237946509055,2026-09-04T15:40:00+00:00,2026-09-04T15:45:00+00:00,0.83,0.97,0.98,0.975,0.01,312.7,720.7,99
2026-09-04T15:44:10.074366+00:00,btc-updown-5m-1788536700,5,4190546,59352526262694993688595227483637198669510753492552088867827102802335819047390,2026-09-04T15:45:00+00:00,2026-09-04T15:50:00+00:00,5.83,0.49,0.5,0.495,0.01,125.0,1529.0,99
2026-09-04T15:44:10.074366+00:00,btc-updown-15m-1788536700,15,4190550,61549971850946210223240150461165226782012847997805299239108416037672769608868,2026-09-04T15:45:00+00:00,2026-09-04T16:00:00+00:00,15.83,0.48,0.49,0.485,0.01,96.8,606.7,91
2026-09-04T15:45:11.180615+00:00,btc-updown-5m-1788536700,5,4190546,59352526262694993688595227483637198669510753492552088867827102802335819047390,2026-09-04T15:45:00+00:00,2026-09-04T15:50:00+00:00,4.82,0.43,0.44,0.435,0.01,285.5,94.28,99
2026-09-04T15:45:11.180615+00:00,btc-updown-5m-1788537000,5,4190567,87844023347741626617869394768353358937115318295213267010119053633225997915749,2026-09-04T15:50:00+00:00,2026-09-04T15:55:00+00:00,9.82,0.49,0.5,0.495,0.01,895.9,628.54,99
2026-09-04T15:45:11.180615+00:00,btc-updown-15m-1788536700,15,4190550,61549971850946210223240150461165226782012847997805299239108416037672769608868,2026-09-04T15:45:00+00:00,2026-09-04T16:00:00+00:00,14.82,0.45,0.46,0.455,0.01,397.01,4.13,99
2026-09-04T15:45:11.180615+00:00,btc-updown-15m-1788537600,15,4190713,15651058135336174156075877930514161476007923604509900955814554167464626647508,2026-09-04T16:00:00+00:00,2026-09-04T16:15:00+00:00,29.82,0.5,0.51,0.505,0.01,200.0,739.55,97
2026-09-04T15:46:13.347856+00:00,btc-updown-5m-1788536700,5,4190546,59352526262694993688595227483637198669510753492552088867827102802335819047390,2026-09-04T15:45:00+00:00,2026-09-04T15:50:00+00:00,3.78,0.6,0.61,0.605,0.01,212.36,413.85,99
2026-09-04T15:46:13.347856+00:00,btc-updown-5m-1788537000,5,4190567,87844023347741626617869394768353358937115318295213267010119053633225997915749,2026-09-04T15:50:00+00:00,2026-09-04T15:55:00+00:00,8.78,0.49,0.5,0.495,0.01,999.0,2368.54,99
2026-09-04T15:46:13.347856+00:00,btc-updown-15m-1788536700,15,4190550,61549971850946210223240150461165226782012847997805299239108416037672769608868,2026-09-04T15:45:00+00:00,2026-09-04T16:00:00+00:00,13.78,0.53,0.54,0.535,0.01,78.98,155.0,99
2026-09-04T15:46:13.347856+00:00,btc-updown-15m-1788537600,15,4190713,15651058135336174156075877930514161476007923604509900955814554167464626647508,2026-09-04T16:00:00+00:00,2026-09-04T16:15:00+00:00,28.78,0.5,0.51,0.505,0.01,200.0,1889.55,97
2026-09-04T15:47:14.527709+00:00,btc-updown-5m-1788536700,5,4190546,59352526262694993688595227483637198669510753492552088867827102802335819047390,2026-09-04T15:45:00+00:00,2026-09-04T15:50:00+00:00,2.77,0.12,0.13,0.125,0.01,27.25,726.74,99
2026-09-04T15:47:14.527709+00:00,btc-updown-5m-1788537000,5,4190567,87844023347741626617869394768353358937115318295213267010119053633225997915749,2026-09-04T15:50:00+00:00,2026-09-04T15:55:00+00:00,7.77,0.49,0.5,0.495,0.01,971.12,816.54,99
2026-09-04T15:47:14.527709+00:00,btc-updown-15m-1788536700,15,4190550,61549971850946210223240150461165226782012847997805299239108416037672769608868,2026-09-04T15:45:00+00:00,2026-09-04T16:00:00+00:00,12.77,0.27,0.28,0.275,0.01,319.98,150.0,99
2026-09-04T15:47:14.527709+00:00,btc-updown-15m-1788537600,15,4190713,15651058135336174156075877930514161476007923604509900955814554167464626647508,2026-09-04T16:00:00+00:00,2026-09-04T16:15:00+00:00,27.77,0.49,0.5,0.495,0.01,609.93,800.0,97
2026-09-04T15:48:15.711089+00:00,btc-updown-5m-1788536700,5,4190546,59352526262694993688595227483637198669510753492552088867827102802335819047390,2026-09-04T15:45:00+00:00,2026-09-04T15:50:00+00:00,1.75,0.16,0.17,0.165,0.01,288.35,186.0,99
2026-09-04T15:48:15.711089+00:00,btc-updown-5m-1788537000,5,4190567,87844023347741626617869394768353358937115318295213267010119053633225997915749,2026-09-04T15:50:00+00:00,2026-09-04T15:55:00+00:00,6.75,0.51,0.52,0.515,0.01,212.58,980.0,99
2026-09-04T15:48:15.711089+00:00,btc-updown-15m-1788536700,15,4190550,61549971850946210223240150461165226782012847997805299239108416037672769608868,2026-09-04T15:45:00+00:00,2026-09-04T16:00:00+00:00,11.75,0.34,0.35,0.345,0.01,979.89,230.73,99
2026-09-04T15:48:15.711089+00:00,btc-updown-15m-1788537600,15,4190713,15651058135336174156075877930514161476007923604509900955814554167464626647508,2026-09-04T16:00:00+00:00,2026-09-04T16:15:00+00:00,26.75,0.49,0.5,0.495,0.01,601.76,698.0,97
2026-09-04T15:49:16.812839+00:00,btc-updown-5m-1788537000,5,4190567,87844023347741626617869394768353358937115318295213267010119053633225997915749,2026-09-04T15:50:00+00:00,2026-09-04T15:55:00+00:00,5.73,0.49,0.5,0.495,0.01,242.68,93.0,99
2026-09-04T15:49:16.812839+00:00,btc-updown-15m-1788536700,15,4190550,61549971850946210223240150461165226782012847997805299239108416037672769608868,2026-09-04T15:45:00+00:00,2026-09-04T16:00:00+00:00,10.73,0.36,0.37,0.365,0.01,38.0,220.0,99
2026-09-04T15:49:16.812839+00:00,btc-updown-15m-1788537600,15,4190713,15651058135336174156075877930514161476007923604509900955814554167464626647508,2026-09-04T16:00:00+00:00,2026-09-04T16:15:00+00:00,25.73,0.49,0.5,0.495,0.01,605.84,698.0,97
2026-09-04T15:50:17.824250+00:00,btc-updown-5m-1788537000,5,4190567,87844023347741626617869394768353358937115318295213267010119053633225997915749,2026-09-04T15:50:00+00:00,2026-09-04T15:55:00+00:00,4.72,0.46,0.47,0.465,0.01,1107.0,163.78,99
2026-09-04T15:50:17.824250+00:00,btc-updown-5m-1788537300,5,4190709,113212158707924722486376417563192032761773802505686696582617647901561432470044,2026-09-04T15:55:00+00:00,2026-09-04T16:00:00+00:00,9.72,0.49,0.5,0.495,0.01,939.06,638.0,99
2026-09-04T15:50:17.824250+00:00,btc-updown-15m-1788536700,15,4190550,61549971850946210223240150461165226782012847997805299239108416037672769608868,2026-09-04T15:45:00+00:00,2026-09-04T16:00:00+00:00,9.72,0.23,0.24,0.235,0.01,1016.0,18.0,99
2026-09-04T15:50:17.824250+00:00,btc-updown-15m-1788537600,15,4190713,15651058135336174156075877930514161476007923604509900955814554167464626647508,2026-09-04T16:00:00+00:00,2026-09-04T16:15:00+00:00,24.72,0.49,0.5,0.495,0.01,835.84,650.0,97
2026-09-04T15:51:18.935653+00:00,btc-updown-5m-1788537000,5,4190567,87844023347741626617869394768353358937115318295213267010119053633225997915749,2026-09-04T15:50:00+00:00,2026-09-04T15:55:00+00:00,3.7,0.7,0.71,0.705,0.01,155.0,551.26,99
2026-09-04T15:51:18.935653+00:00,btc-updown-5m-1788537300,5,4190709,113212158707924722486376417563192032761773802505686696582617647901561432470044,2026-09-04T15:55:00+00:00,2026-09-04T16:00:00+00:00,8.7,0.49,0.5,0.495,0.01,1192.0,636.0,99
2026-09-04T15:51:18.935653+00:00,btc-updown-15m-1788536700,15,4190550,61549971850946210223240150461165226782012847997805299239108416037672769608868,2026-09-04T15:45:00+00:00,2026-09-04T16:00:00+00:00,8.7,0.34,0.35,0.345,0.01,109.0,27.42,99
2026-09-04T15:51:18.935653+00:00,btc-updown-15m-1788537600,15,4190713,15651058135336174156075877930514161476007923604509900955814554167464626647508,2026-09-04T16:00:00+00:00,2026-09-04T16:15:00+00:00,23.7,0.49,0.5,0.495,0.01,531.76,650.0,97
2026-09-04T15:52:20.099256+00:00,btc-updown-5m-1788537000,5,4190567,87844023347741626617869394768353358937115318295213267010119053633225997915749,2026-09-04T15:50:00+00:00,2026-09-04T15:55:00+00:00,2.67,0.84,0.85,0.845,0.01,358.32,214.25,99
2026-09-04T15:52:20.099256+00:00,btc-updown-5m-1788537300,5,4190709,113212158707924722486376417563192032761773802505686696582617647901561432470044,2026-09-04T15:55:00+00:00,2026-09-04T16:00:00+00:00,7.67,0.49,0.5,0.495,0.01,996.0,636.0,99
2026-09-04T15:52:20.099256+00:00,btc-updown-15m-1788536700,15,4190550,61549971850946210223240150461165226782012847997805299239108416037672769608868,2026-09-04T15:45:00+00:00,2026-09-04T16:00:00+00:00,7.67,0.4,0.41,0.405,0.01,139.0,127.0,99
2026-09-04T15:52:20.099256+00:00,btc-updown-15m-1788537600,15,4190713,15651058135336174156075877930514161476007923604509900955814554167464626647508,2026-09-04T16:00:00+00:00,2026-09-04T16:15:00+00:00,22.67,0.49,0.5,0.495,0.01,431.76,748.0,97
2026-09-04T15:53:21.220726+00:00,btc-updown-5m-1788537000,5,4190567,87844023347741626617869394768353358937115318295213267010119053633225997915749,2026-09-04T15:50:00+00:00,2026-09-04T15:55:00+00:00,1.65,0.6,0.62,0.61,0.02,8.0,50.0,98
2026-09-04T15:53:21.220726+00:00,btc-updown-5m-1788537300,5,4190709,113212158707924722486376417563192032761773802505686696582617647901561432470044,2026-09-04T15:55:00+00:00,2026-09-04T16:00:00+00:00,6.65,0.49,0.5,0.495,0.01,928.0,8.0,99
2026-09-04T15:53:21.220726+00:00,btc-updown-15m-1788536700,15,4190550,61549971850946210223240150461165226782012847997805299239108416037672769608868,2026-09-04T15:45:00+00:00,2026-09-04T16:00:00+00:00,6.65,0.25,0.26,0.255,0.01,1299.54,393.48,97
2026-09-04T15:53:21.220726+00:00,btc-updown-15m-1788537600,15,4190713,15651058135336174156075877930514161476007923604509900955814554167464626647508,2026-09-04T16:00:00+00:00,2026-09-04T16:15:00+00:00,21.65,0.49,0.5,0.495,0.01,431.76,648.0,97
2026-09-04T15:54:22.446426+00:00,btc-updown-5m-1788537000,5,4190567,87844023347741626617869394768353358937115318295213267010119053633225997915749,2026-09-04T15:50:00+00:00,2026-09-04T15:55:00+00:00,0.63,0.02,0.03,0.025,0.01,1149.92,11.59,99
2026-09-04T15:54:22.446426+00:00,btc-updown-5m-1788537300,5,4190709,113212158707924722486376417563192032761773802505686696582617647901561432470044,2026-09-04T15:55:00+00:00,2026-09-04T16:00:00+00:00,5.63,0.49,0.5,0.495,0.01,324.81,339.0,99
2026-09-04T15:54:22.446426+00:00,btc-updown-15m-1788536700,15,4190550,61549971850946210223240150461165226782012847997805299239108416037672769608868,2026-09-04T15:45:00+00:00,2026-09-04T16:00:00+00:00,5.63,0.12,0.13,0.125,0.01,68.0,70.0,99
2026-09-04T15:54:22.446426+00:00,btc-updown-15m-1788537600,15,4190713,15651058135336174156075877930514161476007923604509900955814554167464626647508,2026-09-04T16:00:00+00:00,2026-09-04T16:15:00+00:00,20.63,0.49,0.5,0.495,0.01,430.0,528.0,97
2026-09-04T15:55:23.566747+00:00,btc-updown-5m-1788537300,5,4190709,113212158707924722486376417563192032761773802505686696582617647901561432470044,2026-09-04T15:55:00+00:00,2026-09-04T16:00:00+00:00,4.62,0.67,0.68,0.675,0.01,465.87,159.0,99
2026-09-04T15:55:23.566747+00:00,btc-updown-5m-1788537600,5,4190704,68332688991393091202524892763583005367211282310073264097278767004607506747114,2026-09-04T16:00:00+00:00,2026-09-04T16:05:00+00:00,9.62,0.5,0.51,0.505,0.01,225.0,1058.66,99
2026-09-04T15:55:23.566747+00:00,btc-updown-15m-1788536700,15,4190550,61549971850946210223240150461165226782012847997805299239108416037672769608868,2026-09-04T15:45:00+00:00,2026-09-04T16:00:00+00:00,4.62,0.19,0.2,0.195,0.01,100.9,205.99,99
2026-09-04T15:55:23.566747+00:00,btc-updown-15m-1788537600,15,4190713,15651058135336174156075877930514161476007923604509900955814554167464626647508,2026-09-04T16:00:00+00:00,2026-09-04T16:15:00+00:00,19.62,0.49,0.5,0.495,0.01,130.0,656.0,97
2026-09-04T15:56:24.835156+00:00,btc-updown-5m-1788537300,5,4190709,113212158707924722486376417563192032761773802505686696582617647901561432470044,2026-09-04T15:55:00+00:00,2026-09-04T16:00:00+00:00,3.6,0.64,0.65,0.645,0.01,471.06,91.46,99
2026-09-04T15:56:24.835156+00:00,btc-updown-5m-1788537600,5,4190704,68332688991393091202524892763583005367211282310073264097278767004607506747114,2026-09-04T16:00:00+00:00,2026-09-04T16:05:00+00:00,8.6,0.5,0.51,0.505,0.01,225.0,1266.11,99
2026-09-04T15:56:24.835156+00:00,btc-updown-15m-1788536700,15,4190550,61549971850946210223240150461165226782012847997805299239108416037672769608868,2026-09-04T15:45:00+00:00,2026-09-04T16:00:00+00:00,3.6,0.15,0.16,0.155,0.01,30.96,172.67,99
2026-09-04T15:56:24.835156+00:00,btc-updown-15m-1788537600,15,4190713,15651058135336174156075877930514161476007923604509900955814554167464626647508,2026-09-04T16:00:00+00:00,2026-09-04T16:15:00+00:00,18.6,0.49,0.5,0.495,0.01,130.0,536.0,97
2026-09-04T15:57:25.967297+00:00,btc-updown-5m-1788537300,5,4190709,113212158707924722486376417563192032761773802505686696582617647901561432470044,2026-09-04T15:55:00+00:00,2026-09-04T16:00:00+00:00,2.58,0.43,0.44,0.435,0.01,107.08,60.0,99
2026-09-04T15:57:25.967297+00:00,btc-updown-5m-1788537600,5,4190704,68332688991393091202524892763583005367211282310073264097278767004607506747114,2026-09-04T16:00:00+00:00,2026-09-04T16:05:00+00:00,7.58,0.5,0.51,0.505,0.01,220.0,1258.11,99
2026-09-04T15:57:25.967297+00:00,btc-updown-15m-1788536700,15,4190550,61549971850946210223240150461165226782012847997805299239108416037672769608868,2026-09-04T15:45:00+00:00,2026-09-04T16:00:00+00:00,2.58,0.05,0.06,0.055,0.01,10.0,238.0,99
2026-09-04T15:57:25.967297+00:00,btc-updown-15m-1788537600,15,4190713,15651058135336174156075877930514161476007923604509900955814554167464626647508,2026-09-04T16:00:00+00:00,2026-09-04T16:15:00+00:00,17.58,0.49,0.5,0.495,0.01,430.0,476.0,97
2026-09-04T15:58:27.160931+00:00,btc-updown-5m-1788537300,5,4190709,113212158707924722486376417563192032761773802505686696582617647901561432470044,2026-09-04T15:55:00+00:00,2026-09-04T16:00:00+00:00,1.55,0.45,0.46,0.455,0.01,210.0,8.0,99
2026-09-04T15:58:27.160931+00:00,btc-updown-5m-1788537600,5,4190704,68332688991393091202524892763583005367211282310073264097278767004607506747114,2026-09-04T16:00:00+00:00,2026-09-04T16:05:00+00:00,6.55,0.47,0.48,0.475,0.01,558.27,290.0,99
2026-09-04T15:58:27.160931+00:00,btc-updown-15m-1788537600,15,4190713,15651058135336174156075877930514161476007923604509900955814554167464626647508,2026-09-04T16:00:00+00:00,2026-09-04T16:15:00+00:00,16.55,0.49,0.5,0.495,0.01,634.08,516.0,97
2026-09-04T15:59:28.188268+00:00,btc-updown-5m-1788537300,5,4190709,113212158707924722486376417563192032761773802505686696582617647901561432470044,2026-09-04T15:55:00+00:00,2026-09-04T16:00:00+00:00,0.53,0.28,0.29,0.285,0.01,245.64,115.0,97
2026-09-04T15:59:28.188268+00:00,btc-updown-5m-1788537600,5,4190704,68332688991393091202524892763583005367211282310073264097278767004607506747114,2026-09-04T16:00:00+00:00,2026-09-04T16:05:00+00:00,5.53,0.48,0.49,0.485,0.01,170.0,338.0,99
2026-09-04T15:59:28.188268+00:00,btc-updown-15m-1788537600,15,4190713,15651058135336174156075877930514161476007923604509900955814554167464626647508,2026-09-04T16:00:00+00:00,2026-09-04T16:15:00+00:00,15.53,0.49,0.5,0.495,0.01,582.64,495.8,91
2026-09-04T16:00:29.485331+00:00,btc-updown-5m-1788537600,5,4190704,68332688991393091202524892763583005367211282310073264097278767004607506747114,2026-09-04T16:00:00+00:00,2026-09-04T16:05:00+00:00,4.52,0.37,0.38,0.375,0.01,105.49,473.86,99
2026-09-04T16:00:29.485331+00:00,btc-updown-5m-1788537900,5,4190758,82372265260920538193791432073086824159818445188477204015695190666076331585077,2026-09-04T16:05:00+00:00,2026-09-04T16:10:00+00:00,9.52,0.5,0.51,0.505,0.01,412.72,926.17,99
2026-09-04T16:00:29.485331+00:00,btc-updown-15m-1788537600,15,4190713,15651058135336174156075877930514161476007923604509900955814554167464626647508,2026-09-04T16:00:00+00:00,2026-09-04T16:15:00+00:00,14.52,0.44,0.45,0.445,0.01,154.96,1409.0,99
2026-09-04T16:00:29.485331+00:00,btc-updown-15m-1788538500,15,4190907,11421124141444109782939599853854666520082597314561260869519476671616710026932,2026-09-04T16:15:00+00:00,2026-09-04T16:30:00+00:00,29.52,0.5,0.51,0.505,0.01,250.0,894.84,97
2026-09-04T16:01:30.680632+00:00,btc-updown-5m-1788537600,5,4190704,68332688991393091202524892763583005367211282310073264097278767004607506747114,2026-09-04T16:00:00+00:00,2026-09-04T16:05:00+00:00,3.5,0.25,0.26,0.255,0.01,88.0,295.0,99
2026-09-04T16:01:30.680632+00:00,btc-updown-5m-1788537900,5,4190758,82372265260920538193791432073086824159818445188477204015695190666076331585077,2026-09-04T16:05:00+00:00,2026-09-04T16:10:00+00:00,8.5,0.5,0.51,0.505,0.01,412.72,786.0,99
2026-09-04T16:01:30.680632+00:00,btc-updown-15m-1788537600,15,4190713,15651058135336174156075877930514161476007923604509900955814554167464626647508,2026-09-04T16:00:00+00:00,2026-09-04T16:15:00+00:00,13.5,0.38,0.39,0.385,0.01,193.0,411.46,99
2026-09-04T16:01:30.680632+00:00,btc-updown-15m-1788538500,15,4190907,11421124141444109782939599853854666520082597314561260869519476671616710026932,2026-09-04T16:15:00+00:00,2026-09-04T16:30:00+00:00,28.5,0.5,0.51,0.505,0.01,342.0,774.84,97
2026-09-04T16:02:31.788562+00:00,btc-updown-5m-1788537600,5,4190704,68332688991393091202524892763583005367211282310073264097278767004607506747114,2026-09-04T16:00:00+00:00,2026-09-04T16:05:00+00:00,2.48,0.78,0.79,0.785,0.01,345.1,147.83,99
2026-09-04T16:02:31.788562+00:00,btc-updown-5m-1788537900,5,4190758,82372265260920538193791432073086824159818445188477204015695190666076331585077,2026-09-04T16:05:00+00:00,2026-09-04T16:10:00+00:00,7.48,0.5,0.51,0.505,0.01,355.0,776.03,99
2026-09-04T16:02:31.788562+00:00,btc-updown-15m-1788537600,15,4190713,15651058135336174156075877930514161476007923604509900955814554167464626647508,2026-09-04T16:00:00+00:00,2026-09-04T16:15:00+00:00,12.48,0.6,0.61,0.605,0.01,331.0,178.08,99
2026-09-04T16:02:31.788562+00:00,btc-updown-15m-1788538500,15,4190907,11421124141444109782939599853854666520082597314561260869519476671616710026932,2026-09-04T16:15:00+00:00,2026-09-04T16:30:00+00:00,27.48,0.5,0.51,0.505,0.01,342.0,894.84,97
2026-09-04T16:03:32.913870+00:00,btc-updown-5m-1788537600,5,4190704,68332688991393091202524892763583005367211282310073264097278767004607506747114,2026-09-04T16:00:00+00:00,2026-09-04T16:05:00+00:00,1.47,0.88,0.89,0.885,0.01,326.88,38.85,99
2026-09-04T16:03:32.913870+00:00,btc-updown-5m-1788537900,5,4190758,82372265260920538193791432073086824159818445188477204015695190666076331585077,2026-09-04T16:05:00+00:00,2026-09-04T16:10:00+00:00,6.47,0.5,0.51,0.505,0.01,150.0,5.0,99
2026-09-04T16:03:32.913870+00:00,btc-updown-15m-1788537600,15,4190713,15651058135336174156075877930514161476007923604509900955814554167464626647508,2026-09-04T16:00:00+00:00,2026-09-04T16:15:00+00:00,11.47,0.61,0.62,0.615,0.01,456.0,88.0,99
2026-09-04T16:03:32.913870+00:00,btc-updown-15m-1788538500,15,4190907,11421124141444109782939599853854666520082597314561260869519476671616710026932,2026-09-04T16:15:00+00:00,2026-09-04T16:30:00+00:00,26.47,0.5,0.51,0.505,0.01,239.96,890.67,97
2026-09-04T16:04:34.100388+00:00,btc-updown-5m-1788537900,5,4190758,82372265260920538193791432073086824159818445188477204015695190666076331585077,2026-09-04T16:05:00+00:00,2026-09-04T16:10:00+00:00,5.43,0.48,0.49,0.485,0.01,97.52,306.68,99
2026-09-04T16:04:34.100388+00:00,btc-updown-15m-1788537600,15,4190713,15651058135336174156075877930514161476007923604509900955814554167464626647508,2026-09-04T16:00:00+00:00,2026-09-04T16:15:00+00:00,10.43,0.52,0.53,0.525,0.01,128.07,322.03,99
2026-09-04T16:04:34.100388+00:00,btc-updown-15m-1788538500,15,4190907,11421124141444109782939599853854666520082597314561260869519476671616710026932,2026-09-04T16:15:00+00:00,2026-09-04T16:30:00+00:00,25.43,0.5,0.51,0.505,0.01,239.96,890.67,97
2026-09-04T16:05:35.204974+00:00,btc-updown-5m-1788537900,5,4190758,82372265260920538193791432073086824159818445188477204015695190666076331585077,2026-09-04T16:05:00+00:00,2026-09-04T16:10:00+00:00,4.42,0.58,0.59,0.585,0.01,626.65,111.0,99
2026-09-04T16:05:35.204974+00:00,btc-updown-5m-1788538200,5,4190840,20907820663395316598755008702885761187803521910564630952912920083935792975543,2026-09-04T16:10:00+00:00,2026-09-04T16:15:00+00:00,9.42,0.49,0.5,0.495,0.01,834.38,978.0,99
2026-09-04T16:05:35.204974+00:00,btc-updown-15m-1788537600,15,4190713,15651058135336174156075877930514161476007923604509900955814554167464626647508,2026-09-04T16:00:00+00:00,2026-09-04T16:15:00+00:00,9.42,0.6,0.61,0.605,0.01,281.0,248.79,99
2026-09-04T16:05:35.204974+00:00,btc-updown-15m-1788538500,15,4190907,11421124141444109782939599853854666520082597314561260869519476671616710026932,2026-09-04T16:15:00+00:00,2026-09-04T16:30:00+00:00,24.42,0.5,0.51,0.505,0.01,239.96,915.67,97
2026-09-04T16:06:36.363141+00:00,btc-updown-5m-1788537900,5,4190758,82372265260920538193791432073086824159818445188477204015695190666076331585077,2026-09-04T16:05:00+00:00,2026-09-04T16:10:00+00:00,3.4,0.31,0.32,0.315,0.01,1160.23,145.81,99
2026-09-04T16:06:36.363141+00:00,btc-updown-5m-1788538200,5,4190840,20907820663395316598755008702885761187803521910564630952912920083935792975543,2026-09-04T16:10:00+00:00,2026-09-04T16:15:00+00:00,8.4,0.49,0.5,0.495,0.01,677.01,978.0,99
2026-09-04T16:06:36.363141+00:00,btc-updown-15m-1788537600,15,4190713,15651058135336174156075877930514161476007923604509900955814554167464626647508,2026-09-04T16:00:00+00:00,2026-09-04T16:15:00+00:00,8.4,0.44,0.45,0.445,0.01,344.92,80.0,99
2026-09-04T16:06:36.363141+00:00,btc-updown-15m-1788538500,15,4190907,11421124141444109782939599853854666520082597314561260869519476671616710026932,2026-09-04T16:15:00+00:00,2026-09-04T16:30:00+00:00,23.4,0.5,0.51,0.505,0.01,239.96,1514.08,97
2026-09-04T16:07:37.521059+00:00,btc-updown-5m-1788537900,5,4190758,82372265260920538193791432073086824159818445188477204015695190666076331585077,2026-09-04T16:05:00+00:00,2026-09-04T16:10:00+00:00,2.38,0.76,0.77,0.765,0.01,90.66,657.49,99
2026-09-04T16:07:37.521059+00:00,btc-updown-5m-1788538200,5,4190840,20907820663395316598755008702885761187803521910564630952912920083935792975543,2026-09-04T16:10:00+00:00,2026-09-04T16:15:00+00:00,7.38,0.49,0.5,0.495,0.01,827.01,976.0,99
2026-09-04T16:07:37.521059+00:00,btc-updown-15m-1788537600,15,4190713,15651058135336174156075877930514161476007923604509900955814554167464626647508,2026-09-04T16:00:00+00:00,2026-09-04T16:15:00+00:00,7.38,0.68,0.69,0.685,0.01,159.78,1368.0,99
2026-09-04T16:07:37.521059+00:00,btc-updown-15m-1788538500,15,4190907,11421124141444109782939599853854666520082597314561260869519476671616710026932,2026-09-04T16:15:00+00:00,2026-09-04T16:30:00+00:00,22.38,0.5,0.51,0.505,0.01,261.96,936.08,97
2026-09-04T16:08:38.730208+00:00,btc-updown-5m-1788537900,5,4190758,82372265260920538193791432073086824159818445188477204015695190666076331585077,2026-09-04T16:05:00+00:00,2026-09-04T16:10:00+00:00,1.37,0.9,0.91,0.905,0.01,404.99,60.0,99
2026-09-04T16:08:38.730208+00:00,btc-updown-5m-1788538200,5,4190840,20907820663395316598755008702885761187803521910564630952912920083935792975543,2026-09-04T16:10:00+00:00,2026-09-04T16:15:00+00:00,6.37,0.49,0.5,0.495,0.01,326.15,541.0,99
2026-09-04T16:08:38.730208+00:00,btc-updown-15m-1788537600,15,4190713,15651058135336174156075877930514161476007923604509900955814554167464626647508,2026-09-04T16:00:00+00:00,2026-09-04T16:15:00+00:00,6.37,0.7,0.71,0.705,0.01,120.0,90.0,99
2026-09-04T16:08:38.730208+00:00,btc-updown-15m-1788538500,15,4190907,11421124141444109782939599853854666520082597314561260869519476671616710026932,2026-09-04T16:15:00+00:00,2026-09-04T16:30:00+00:00,21.37,0.5,0.51,0.505,0.01,261.96,886.08,97
2026-09-04T16:09:39.919819+00:00,btc-updown-5m-1788538200,5,4190840,20907820663395316598755008702885761187803521910564630952912920083935792975543,2026-09-04T16:10:00+00:00,2026-09-04T16:15:00+00:00,5.35,0.53,0.54,0.535,0.01,246.0,15.0,99
2026-09-04T16:09:39.919819+00:00,btc-updown-15m-1788537600,15,4190713,15651058135336174156075877930514161476007923604509900955814554167464626647508,2026-09-04T16:00:00+00:00,2026-09-04T16:15:00+00:00,5.35,0.77,0.78,0.775,0.01,195.0,501.02,99
2026-09-04T16:09:39.919819+00:00,btc-updown-15m-1788538500,15,4190907,11421124141444109782939599853854666520082597314561260869519476671616710026932,2026-09-04T16:15:00+00:00,2026-09-04T16:30:00+00:00,20.35,0.5,0.51,0.505,0.01,261.96,886.08,97
2026-09-04T16:10:40.994795+00:00,btc-updown-5m-1788538200,5,4190840,20907820663395316598755008702885761187803521910564630952912920083935792975543,2026-09-04T16:10:00+00:00,2026-09-04T16:15:00+00:00,4.33,0.58,0.59,0.585,0.01,256.0,129.86,99
2026-09-04T16:10:40.994795+00:00,btc-updown-5m-1788538500,5,4190909,34392655428259509526033784410991529655460238259396061100428539661072270122958,2026-09-04T16:15:00+00:00,2026-09-04T16:20:00+00:00,9.33,0.5,0.51,0.505,0.01,240.0,1185.56,99
2026-09-04T16:10:40.994795+00:00,btc-updown-15m-1788537600,15,4190713,15651058135336174156075877930514161476007923604509900955814554167464626647508,2026-09-04T16:00:00+00:00,2026-09-04T16:15:00+00:00,4.33,0.8,0.81,0.805,0.01,5857.0,150.16,99
2026-09-04T16:10:40.994795+00:00,btc-updown-15m-1788538500,15,4190907,11421124141444109782939599853854666520082597314561260869519476671616710026932,2026-09-04T16:15:00+00:00,2026-09-04T16:30:00+00:00,19.33,0.5,0.51,0.505,0.01,22.0,956.08,97
2026-09-04T16:11:42.165130+00:00,btc-updown-5m-1788538200,5,4190840,20907820663395316598755008702885761187803521910564630952912920083935792975543,2026-09-04T16:10:00+00:00,2026-09-04T16:15:00+00:00,3.3,0.61,0.62,0.615,0.01,454.86,667.15,99
2026-09-04T16:11:42.165130+00:00,btc-updown-5m-1788538500,5,4190909,34392655428259509526033784410991529655460238259396061100428539661072270122958,2026-09-04T16:15:00+00:00,2026-09-04T16:20:00+00:00,8.3,0.5,0.51,0.505,0.01,240.0,1490.56,99
2026-09-04T16:11:42.165130+00:00,btc-updown-15m-1788537600,15,4190713,15651058135336174156075877930514161476007923604509900955814554167464626647508,2026-09-04T16:00:00+00:00,2026-09-04T16:15:00+00:00,3.3,0.87,0.88,0.875,0.01,193.97,177.86,99
2026-09-04T16:11:42.165130+00:00,btc-updown-15m-1788538500,15,4190907,11421124141444109782939599853854666520082597314561260869519476671616710026932,2026-09-04T16:15:00+00:00,2026-09-04T16:30:00+00:00,18.3,0.49,0.5,0.495,0.01,255.76,560.0,97
2026-09-04T16:12:43.323346+00:00,btc-updown-5m-1788538200,5,4190840,20907820663395316598755008702885761187803521910564630952912920083935792975543,2026-09-04T16:10:00+00:00,2026-09-04T16:15:00+00:00,2.28,0.62,0.63,0.625,0.01,671.0,334.0,99
2026-09-04T16:12:43.323346+00:00,btc-updown-5m-1788538500,5,4190909,34392655428259509526033784410991529655460238259396061100428539661072270122958,2026-09-04T16:15:00+00:00,2026-09-04T16:20:00+00:00,7.28,0.5,0.51,0.505,0.01,240.0,1451.1,99
2026-09-04T16:12:43.323346+00:00,btc-updown-15m-1788537600,15,4190713,15651058135336174156075877930514161476007923604509900955814554167464626647508,2026-09-04T16:00:00+00:00,2026-09-04T16:15:00+00:00,2.28,0.92,0.93,0.925,0.01,135.3,60.78,99
2026-09-04T16:12:43.323346+00:00,btc-updown-15m-1788538500,15,4190907,11421124141444109782939599853854666520082597314561260869519476671616710026932,2026-09-04T16:15:00+00:00,2026-09-04T16:30:00+00:00,17.28,0.49,0.5,0.495,0.01,555.76,109.56,97
2026-09-04T16:13:44.455527+00:00,btc-updown-5m-1788538200,5,4190840,20907820663395316598755008702885761187803521910564630952912920083935792975543,2026-09-04T16:10:00+00:00,2026-09-04T16:15:00+00:00,1.27,0.85,0.86,0.855,0.01,586.0,50.0,99
2026-09-04T16:13:44.455527+00:00,btc-updown-5m-1788538500,5,4190909,34392655428259509526033784410991529655460238259396061100428539661072270122958,2026-09-04T16:15:00+00:00,2026-09-04T16:20:00+00:00,6.27,0.49,0.5,0.495,0.01,342.68,1564.58,99
2026-09-04T16:13:44.455527+00:00,btc-updown-15m-1788538500,15,4190907,11421124141444109782939599853854666520082597314561260869519476671616710026932,2026-09-04T16:15:00+00:00,2026-09-04T16:30:00+00:00,16.27,0.49,0.5,0.495,0.01,245.76,549.56,97
2026-09-04T16:14:45.509915+00:00,btc-updown-5m-1788538500,5,4190909,34392655428259509526033784410991529655460238259396061100428539661072270122958,2026-09-04T16:15:00+00:00,2026-09-04T16:20:00+00:00,5.25,0.47,0.48,0.475,0.01,207.78,25.0,99
2026-09-04T16:14:45.509915+00:00,btc-updown-15m-1788538500,15,4190907,11421124141444109782939599853854666520082597314561260869519476671616710026932,2026-09-04T16:15:00+00:00,2026-09-04T16:30:00+00:00,15.25,0.49,0.5,0.495,0.01,142.29,146.26,93
2026-09-04T16:15:46.811632+00:00,btc-updown-5m-1788538500,5,4190909,34392655428259509526033784410991529655460238259396061100428539661072270122958,2026-09-04T16:15:00+00:00,2026-09-04T16:20:00+00:00,4.23,0.62,0.63,0.625,0.01,263.69,122.52,99
2026-09-04T16:15:46.811632+00:00,btc-updown-5m-1788538800,5,4190922,60461391666298499146200603612440125983970595169379505955132002640385477942816,2026-09-04T16:20:00+00:00,2026-09-04T16:25:00+00:00,9.23,0.5,0.51,0.505,0.01,586.0,801.02,99
2026-09-04T16:15:46.811632+00:00,btc-updown-15m-1788538500,15,4190907,11421124141444109782939599853854666520082597314561260869519476671616710026932,2026-09-04T16:15:00+00:00,2026-09-04T16:30:00+00:00,14.23,0.55,0.56,0.555,0.01,238.34,214.46,99
2026-09-04T16:15:46.811632+00:00,btc-updown-15m-1788539400,15,4190973,19443595767008494831053379652127639444616095526210358917487525149784254717772,2026-09-04T16:30:00+00:00,2026-09-04T16:45:00+00:00,29.23,0.5,0.51,0.505,0.01,246.0,1544.84,99
2026-09-04T16:16:47.924338+00:00,btc-updown-5m-1788538500,5,4190909,34392655428259509526033784410991529655460238259396061100428539661072270122958,2026-09-04T16:15:00+00:00,2026-09-04T16:20:00+00:00,3.22,0.33,0.34,0.335,0.01,447.45,77.37,99
2026-09-04T16:16:47.924338+00:00,btc-updown-5m-1788538800,5,4190922,60461391666298499146200603612440125983970595169379505955132002640385477942816,2026-09-04T16:20:00+00:00,2026-09-04T16:25:00+00:00,8.22,0.5,0.51,0.505,0.01,470.9,706.02,99
2026-09-04T16:16:47.924338+00:00,btc-updown-15m-1788538500,15,4190907,11421124141444109782939599853854666520082597314561260869519476671616710026932,2026-09-04T16:15:00+00:00,2026-09-04T16:30:00+00:00,13.22,0.43,0.44,0.435,0.01,204.49,191.0,99
2026-09-04T16:16:47.924338+00:00,btc-updown-15m-1788539400,15,4190973,19443595767008494831053379652127639444616095526210358917487525149784254717772,2026-09-04T16:30:00+00:00,2026-09-04T16:45:00+00:00,28.22,0.5,0.51,0.505,0.01,248.0,944.84,99
2026-09-04T16:17:49.045342+00:00,btc-updown-5m-1788538500,5,4190909,34392655428259509526033784410991529655460238259396061100428539661072270122958,2026-09-04T16:15:00+00:00,2026-09-04T16:20:00+00:00,2.18,0.57,0.58,0.575,0.01,75.59,132.0,99
2026-09-04T16:17:49.045342+00:00,btc-updown-5m-1788538800,5,4190922,60461391666298499146200603612440125983970595169379505955132002640385477942816,2026-09-04T16:20:00+00:00,2026-09-04T16:25:00+00:00,7.18,0.5,0.51,0.505,0.01,470.9,698.02,99
2026-09-04T16:17:49.045342+00:00,btc-updown-15m-1788538500,15,4190907,11421124141444109782939599853854666520082597314561260869519476671616710026932,2026-09-04T16:15:00+00:00,2026-09-04T16:30:00+00:00,12.18,0.52,0.53,0.525,0.01,530.39,6.5,99
2026-09-04T16:17:49.045342+00:00,btc-updown-15m-1788539400,15,4190973,19443595767008494831053379652127639444616095526210358917487525149784254717772,2026-09-04T16:30:00+00:00,2026-09-04T16:45:00+00:00,27.18,0.5,0.51,0.505,0.01,248.0,894.84,99
2026-09-04T16:18:50.198045+00:00,btc-updown-5m-1788538500,5,4190909,34392655428259509526033784410991529655460238259396061100428539661072270122958,2026-09-04T16:15:00+00:00,2026-09-04T16:20:00+00:00,1.17,0.83,0.84,0.835,0.01,246.08,15.0,99
2026-09-04T16:18:50.198045+00:00,btc-updown-5m-1788538800,5,4190922,60461391666298499146200603612440125983970595169379505955132002640385477942816,2026-09-04T16:20:00+00:00,2026-09-04T16:25:00+00:00,6.17,0.5,0.51,0.505,0.01,196.9,479.12,99
2026-09-04T16:18:50.198045+00:00,btc-updown-15m-1788538500,15,4190907,11421124141444109782939599853854666520082597314561260869519476671616710026932,2026-09-04T16:15:00+00:00,2026-09-04T16:30:00+00:00,11.17,0.58,0.59,0.585,0.01,230.37,429.3,99
2026-09-04T16:18:50.198045+00:00,btc-updown-15m-1788539400,15,4190973,19443595767008494831053379652127639444616095526210358917487525149784254717772,2026-09-04T16:30:00+00:00,2026-09-04T16:45:00+00:00,26.17,0.5,0.51,0.505,0.01,239.83,1692.84,99
2026-09-04T16:19:51.488739+00:00,btc-updown-5m-1788538800,5,4190922,60461391666298499146200603612440125983970595169379505955132002640385477942816,2026-09-04T16:20:00+00:00,2026-09-04T16:25:00+00:00,5.15,0.51,0.52,0.515,0.01,37.71,293.0,99
2026-09-04T16:19:51.488739+00:00,btc-updown-15m-1788538500,15,4190907,11421124141444109782939599853854666520082597314561260869519476671616710026932,2026-09-04T16:15:00+00:00,2026-09-04T16:30:00+00:00,10.15,0.57,0.58,0.575,0.01,200.0,367.17,99
2026-09-04T16:19:51.488739+00:00,btc-updown-15m-1788539400,15,4190973,19443595767008494831053379652127639444616095526210358917487525149784254717772,2026-09-04T16:30:00+00:00,2026-09-04T16:45:00+00:00,25.15,0.5,0.51,0.505,0.01,239.83,1092.84,99
2026-09-04T16:20:53.588663+00:00,btc-updown-5m-1788538800,5,4190922,60461391666298499146200603612440125983970595169379505955132002640385477942816,2026-09-04T16:20:00+00:00,2026-09-04T16:25:00+00:00,4.12,0.67,0.68,0.675,0.01,136.92,221.64,99
2026-09-04T16:20:53.588663+00:00,btc-updown-5m-1788539100,5,4190929,108147670982337297477369402773504945069056923376727464916798574054505758859039,2026-09-04T16:25:00+00:00,2026-09-04T16:30:00+00:00,9.12,0.5,0.51,0.505,0.01,220.91,1524.64,99
2026-09-04T16:20:53.588663+00:00,btc-updown-15m-1788538500,15,4190907,11421124141444109782939599853854666520082597314561260869519476671616710026932,2026-09-04T16:15:00+00:00,2026-09-04T16:30:00+00:00,9.12,0.66,0.67,0.665,0.01,303.0,100.5,99
2026-09-04T16:20:53.588663+00:00,btc-updown-15m-1788539400,15,4190973,19443595767008494831053379652127639444616095526210358917487525149784254717772,2026-09-04T16:30:00+00:00,2026-09-04T16:45:00+00:00,24.12,0.5,0.51,0.505,0.01,239.83,1115.87,99
2026-09-04T16:21:54.756995+00:00,btc-updown-5m-1788538800,5,4190922,60461391666298499146200603612440125983970595169379505955132002640385477942816,2026-09-04T16:20:00+00:00,2026-09-04T16:25:00+00:00,3.1,0.7,0.71,0.705,0.01,65.0,226.94,99
2026-09-04T16:21:54.756995+00:00,btc-updown-5m-1788539100,5,4190929,108147670982337297477369402773504945069056923376727464916798574054505758859039,2026-09-04T16:25:00+00:00,2026-09-04T16:30:00+00:00,8.1,0.5,0.51,0.505,0.01,220.91,1548.22,99
2026-09-04T16:21:54.756995+00:00,btc-updown-15m-1788538500,15,4190907,11421124141444109782939599853854666520082597314561260869519476671616710026932,2026-09-04T16:15:00+00:00,2026-09-04T16:30:00+00:00,8.1,0.68,0.69,0.685,0.01,42.0,183.0,99
2026-09-04T16:21:54.756995+00:00,btc-updown-15m-1788539400,15,4190973,19443595767008494831053379652127639444616095526210358917487525149784254717772,2026-09-04T16:30:00+00:00,2026-09-04T16:45:00+00:00,23.1,0.5,0.51,0.505,0.01,239.83,1715.87,99
2026-09-04T16:22:55.888130+00:00,btc-updown-5m-1788538800,5,4190922,60461391666298499146200603612440125983970595169379505955132002640385477942816,2026-09-04T16:20:00+00:00,2026-09-04T16:25:00+00:00,2.08,0.59,0.6,0.595,0.01,201.19,36.28,99
2026-09-04T16:22:55.888130+00:00,btc-updown-5m-1788539100,5,4190929,108147670982337297477369402773504945069056923376727464916798574054505758859039,2026-09-04T16:25:00+00:00,2026-09-04T16:30:00+00:00,7.08,0.5,0.51,0.505,0.01,225.0,2740.22,99
2026-09-04T16:22:55.888130+00:00,btc-updown-15m-1788538500,15,4190907,11421124141444109782939599853854666520082597314561260869519476671616710026932,2026-09-04T16:15:00+00:00,2026-09-04T16:30:00+00:00,7.08,0.63,0.64,0.635,0.01,209.06,124.0,99
2026-09-04T16:22:55.888130+00:00,btc-updown-15m-1788539400,15,4190973,19443595767008494831053379652127639444616095526210358917487525149784254717772,2026-09-04T16:30:00+00:00,2026-09-04T16:45:00+00:00,22.08,0.5,0.51,0.505,0.01,239.83,915.87,99
2026-09-04T16:23:57.080036+00:00,btc-updown-5m-1788538800,5,4190922,60461391666298499146200603612440125983970595169379505955132002640385477942816,2026-09-04T16:20:00+00:00,2026-09-04T16:25:00+00:00,1.05,0.95,0.96,0.955,0.01,307.7,99.13,99
2026-09-04T16:23:57.080036+00:00,btc-updown-5m-1788539100,5,4190929,108147670982337297477369402773504945069056923376727464916798574054505758859039,2026-09-04T16:25:00+00:00,2026-09-04T16:30:00+00:00,6.05,0.49,0.5,0.495,0.01,204.0,515.0,99
2026-09-04T16:23:57.080036+00:00,btc-updown-15m-1788538500,15,4190907,11421124141444109782939599853854666520082597314561260869519476671616710026932,2026-09-04T16:15:00+00:00,2026-09-04T16:30:00+00:00,6.05,0.75,0.76,0.755,0.01,380.51,63.0,99
2026-09-04T16:23:57.080036+00:00,btc-updown-15m-1788539400,15,4190973,19443595767008494831053379652127639444616095526210358917487525149784254717772,2026-09-04T16:30:00+00:00,2026-09-04T16:45:00+00:00,21.05,0.5,0.51,0.505,0.01,239.83,1715.87,99
2026-09-04T16:24:58.238158+00:00,btc-updown-5m-1788539100,5,4190929,108147670982337297477369402773504945069056923376727464916798574054505758859039,2026-09-04T16:25:00+00:00,2026-09-04T16:30:00+00:00,5.03,0.51,0.52,0.515,0.01,182.23,16.0,99
2026-09-04T16:24:58.238158+00:00,btc-updown-15m-1788538500,15,4190907,11421124141444109782939599853854666520082597314561260869519476671616710026932,2026-09-04T16:15:00+00:00,2026-09-04T16:30:00+00:00,5.03,0.79,0.8,0.795,0.01,185.09,40.0,99
2026-09-04T16:24:58.238158+00:00,btc-updown-15m-1788539400,15,4190973,19443595767008494831053379652127639444616095526210358917487525149784254717772,2026-09-04T16:30:00+00:00,2026-09-04T16:45:00+00:00,20.03,0.5,0.51,0.505,0.01,156.83,1715.87,99
2026-09-04T16:25:59.755005+00:00,btc-updown-5m-1788539100,5,4190929,108147670982337297477369402773504945069056923376727464916798574054505758859039,2026-09-04T16:25:00+00:00,2026-09-04T16:30:00+00:00,4.02,0.33,0.35,0.34,0.02,86.48,60.0,98
2026-09-04T16:25:59.755005+00:00,btc-updown-5m-1788539400,5,4190969,105748911371642445823220786455535781045955707782860230143846434895443101685960,2026-09-04T16:30:00+00:00,2026-09-04T16:35:00+00:00,9.02,0.5,0.51,0.505,0.01,218.0,2838.98,99
2026-09-04T16:25:59.755005+00:00,btc-updown-15m-1788538500,15,4190907,11421124141444109782939599853854666520082597314561260869519476671616710026932,2026-09-04T16:15:00+00:00,2026-09-04T16:30:00+00:00,4.02,0.67,0.68,0.675,0.01,133.0,186.89,99
2026-09-04T16:25:59.755005+00:00,btc-updown-15m-1788539400,15,4190973,19443595767008494831053379652127639444616095526210358917487525149784254717772,2026-09-04T16:30:00+00:00,2026-09-04T16:45:00+00:00,19.02,0.49,0.5,0.495,0.01,481.84,1182.0,99
2026-09-04T16:27:00.891647+00:00,btc-updown-5m-1788539100,5,4190929,108147670982337297477369402773504945069056923376727464916798574054505758859039,2026-09-04T16:25:00+00:00,2026-09-04T16:30:00+00:00,3.0,0.34,0.35,0.345,0.01,136.47,499.87,99
2026-09-04T16:27:00.891647+00:00,btc-updown-5m-1788539400,5,4190969,105748911371642445823220786455535781045955707782860230143846434895443101685960,2026-09-04T16:30:00+00:00,2026-09-04T16:35:00+00:00,8.0,0.5,0.51,0.505,0.01,205.0,1148.52,99
2026-09-04T16:27:00.891647+00:00,btc-updown-15m-1788538500,15,4190907,11421124141444109782939599853854666520082597314561260869519476671616710026932,2026-09-04T16:15:00+00:00,2026-09-04T16:30:00+00:00,3.0,0.76,0.77,0.765,0.01,260.0,97.7,99
2026-09-04T16:27:00.891647+00:00,btc-updown-15m-1788539400,15,4190973,19443595767008494831053379652127639444616095526210358917487525149784254717772,2026-09-04T16:30:00+00:00,2026-09-04T16:45:00+00:00,18.0,0.49,0.5,0.495,0.01,277.76,822.0,99
2026-09-04T16:28:02.001966+00:00,btc-updown-5m-1788539100,5,4190929,108147670982337297477369402773504945069056923376727464916798574054505758859039,2026-09-04T16:25:00+00:00,2026-09-04T16:30:00+00:00,1.97,0.82,0.83,0.825,0.01,235.2,533.85,99
2026-09-04T16:28:02.001966+00:00,btc-updown-5m-1788539400,5,4190969,105748911371642445823220786455535781045955707782860230143846434895443101685960,2026-09-04T16:30:00+00:00,2026-09-04T16:35:00+00:00,6.97,0.5,0.51,0.505,0.01,8.0,900.52,99
2026-09-04T16:28:02.001966+00:00,btc-updown-15m-1788538500,15,4190907,11421124141444109782939599853854666520082597314561260869519476671616710026932,2026-09-04T16:15:00+00:00,2026-09-04T16:30:00+00:00,1.97,0.97,0.98,0.975,0.01,657.27,86.09,99
2026-09-04T16:28:02.001966+00:00,btc-updown-15m-1788539400,15,4190973,19443595767008494831053379652127639444616095526210358917487525149784254717772,2026-09-04T16:30:00+00:00,2026-09-04T16:45:00+00:00,16.97,0.49,0.5,0.495,0.01,262.93,1422.0,99
2026-09-04T16:29:03.144607+00:00,btc-updown-5m-1788539100,5,4190929,108147670982337297477369402773504945069056923376727464916798574054505758859039,2026-09-04T16:25:00+00:00,2026-09-04T16:30:00+00:00,0.95,0.97,0.98,0.975,0.01,82.76,147.85,98
2026-09-04T16:29:03.144607+00:00,btc-updown-5m-1788539400,5,4190969,105748911371642445823220786455535781045955707782860230143846434895443101685960,2026-09-04T16:30:00+00:00,2026-09-04T16:35:00+00:00,5.95,0.49,0.5,0.495,0.01,10.39,237.0,99
2026-09-04T16:29:03.144607+00:00,btc-updown-15m-1788539400,15,4190973,19443595767008494831053379652127639444616095526210358917487525149784254717772,2026-09-04T16:30:00+00:00,2026-09-04T16:45:00+00:00,15.95,0.49,0.5,0.495,0.01,2.0,544.7,93
2026-09-04T16:30:04.234387+00:00,btc-updown-5m-1788539400,5,4190969,105748911371642445823220786455535781045955707782860230143846434895443101685960,2026-09-04T16:30:00+00:00,2026-09-04T16:35:00+00:00,4.93,0.54,0.55,0.545,0.01,229.69,278.43,99
2026-09-04T16:30:04.234387+00:00,btc-updown-5m-1788539700,5,4191110,40909422397572397916724469396032495641219796166783679937583882417516526267572,2026-09-04T16:35:00+00:00,2026-09-04T16:40:00+00:00,9.93,0.49,0.5,0.495,0.01,581.22,611.27,99
2026-09-04T16:30:04.234387+00:00,btc-updown-15m-1788539400,15,4190973,19443595767008494831053379652127639444616095526210358917487525149784254717772,2026-09-04T16:30:00+00:00,2026-09-04T16:45:00+00:00,14.93,0.5,0.51,0.505,0.01,355.0,60.0,99
2026-09-04T16:30:04.234387+00:00,btc-updown-15m-1788540300,15,4191381,4287551246997680047311335393287381950817813731989709489211707215562091349147,2026-09-04T16:45:00+00:00,2026-09-04T17:00:00+00:00,29.93,0.5,0.51,0.505,0.01,250.0,739.87,99
2026-09-04T16:31:05.423084+00:00,btc-updown-5m-1788539400,5,4190969,105748911371642445823220786455535781045955707782860230143846434895443101685960,2026-09-04T16:30:00+00:00,2026-09-04T16:35:00+00:00,3.92,0.53,0.54,0.535,0.01,45.07,5.0,99
2026-09-04T16:31:05.423084+00:00,btc-updown-5m-1788539700,5,4191110,40909422397572397916724469396032495641219796166783679937583882417516526267572,2026-09-04T16:35:00+00:00,2026-09-04T16:40:00+00:00,8.92,0.49,0.5,0.495,0.01,716.0,2185.27,99
2026-09-04T16:31:05.423084+00:00,btc-updown-15m-1788539400,15,4190973,19443595767008494831053379652127639444616095526210358917487525149784254717772,2026-09-04T16:30:00+00:00,2026-09-04T16:45:00+00:00,13.92,0.5,0.51,0.505,0.01,362.33,3.88,98
2026-09-04T16:31:05.423084+00:00,btc-updown-15m-1788540300,15,4191381,4287551246997680047311335393287381950817813731989709489211707215562091349147,2026-09-04T16:45:00+00:00,2026-09-04T17:00:00+00:00,28.92,0.5,0.51,0.505,0.01,242.0,1539.87,99
2026-09-04T16:32:06.628569+00:00,btc-updown-5m-1788539400,5,4190969,105748911371642445823220786455535781045955707782860230143846434895443101685960,2026-09-04T16:30:00+00:00,2026-09-04T16:35:00+00:00,2.9,0.69,0.7,0.695,0.01,317.77,277.65,99
2026-09-04T16:32:06.628569+00:00,btc-updown-5m-1788539700,5,4191110,40909422397572397916724469396032495641219796166783679937583882417516526267572,2026-09-04T16:35:00+00:00,2026-09-04T16:40:00+00:00,7.9,0.49,0.5,0.495,0.01,666.07,1173.27,99
2026-09-04T16:32:06.628569+00:00,btc-updown-15m-1788539400,15,4190973,19443595767008494831053379652127639444616095526210358917487525149784254717772,2026-09-04T16:30:00+00:00,2026-09-04T16:45:00+00:00,12.9,0.58,0.59,0.585,0.01,143.78,227.0,99
2026-09-04T16:32:06.628569+00:00,btc-updown-15m-1788540300,15,4191381,4287551246997680047311335393287381950817813731989709489211707215562091349147,2026-09-04T16:45:00+00:00,2026-09-04T17:00:00+00:00,27.9,0.5,0.51,0.505,0.01,242.0,1939.87,99
2026-09-04T16:33:07.750123+00:00,btc-updown-5m-1788539700,5,4191110,40909422397572397916724469396032495641219796166783679937583882417516526267572,2026-09-04T16:35:00+00:00,2026-09-04T16:40:00+00:00,6.88,0.49,0.5,0.495,0.01,70.0,17.0,99
2026-09-04T16:33:07.750123+00:00,btc-updown-15m-1788539400,15,4190973,19443595767008494831053379652127639444616095526210358917487525149784254717772,2026-09-04T16:30:00+00:00,2026-09-04T16:45:00+00:00,11.88,0.83,0.84,0.835,0.01,359.58,124.96,99
2026-09-04T16:33:07.750123+00:00,btc-updown-15m-1788540300,15,4191381,4287551246997680047311335393287381950817813731989709489211707215562091349147,2026-09-04T16:45:00+00:00,2026-09-04T17:00:00+00:00,26.88,0.5,0.51,0.505,0.01,200.0,1889.87,99
2026-09-04T16:34:08.782366+00:00,btc-updown-5m-1788539700,5,4191110,40909422397572397916724469396032495641219796166783679937583882417516526267572,2026-09-04T16:35:00+00:00,2026-09-04T16:40:00+00:00,5.87,0.48,0.49,0.485,0.01,50.15,149.69,99
2026-09-04T16:34:08.782366+00:00,btc-updown-15m-1788539400,15,4190973,19443595767008494831053379652127639444616095526210358917487525149784254717772,2026-09-04T16:30:00+00:00,2026-09-04T16:45:00+00:00,10.87,0.83,0.84,0.835,0.01,50.0,258.28,99
2026-09-04T16:34:08.782366+00:00,btc-updown-15m-1788540300,15,4191381,4287551246997680047311335393287381950817813731989709489211707215562091349147,2026-09-04T16:45:00+00:00,2026-09-04T17:00:00+00:00,25.87,0.5,0.51,0.505,0.01,200.0,1887.87,99
2026-09-04T16:35:09.812246+00:00,btc-updown-5m-1788539700,5,4191110,40909422397572397916724469396032495641219796166783679937583882417516526267572,2026-09-04T16:35:00+00:00,2026-09-04T16:40:00+00:00,4.85,0.61,0.62,0.615,0.01,166.81,62.39,99
2026-09-04T16:35:09.812246+00:00,btc-updown-5m-1788540000,5,4191362,83603788083527926222848825782142705134630935902999134116217862051054072597813,2026-09-04T16:40:00+00:00,2026-09-04T16:45:00+00:00,9.85,0.49,0.5,0.495,0.01,489.55,755.12,99
2026-09-04T16:35:09.812246+00:00,btc-updown-15m-1788539400,15,4190973,19443595767008494831053379652127639444616095526210358917487525149784254717772,2026-09-04T16:30:00+00:00,2026-09-04T16:45:00+00:00,9.85,0.89,0.9,0.895,0.01,5.0,551.88,99
2026-09-04T16:35:09.812246+00:00,btc-updown-15m-1788540300,15,4191381,4287551246997680047311335393287381950817813731989709489211707215562091349147,2026-09-04T16:45:00+00:00,2026-09-04T17:00:00+00:00,24.85,0.5,0.51,0.505,0.01,200.0,1985.32,95
2026-09-04T16:36:10.953369+00:00,btc-updown-5m-1788539700,5,4191110,40909422397572397916724469396032495641219796166783679937583882417516526267572,2026-09-04T16:35:00+00:00,2026-09-04T16:40:00+00:00,3.83,0.77,0.78,0.775,0.01,156.0,188.37,99
2026-09-04T16:36:10.953369+00:00,btc-updown-5m-1788540000,5,4191362,83603788083527926222848825782142705134630935902999134116217862051054072597813,2026-09-04T16:40:00+00:00,2026-09-04T16:45:00+00:00,8.83,0.49,0.5,0.495,0.01,97.46,2332.91,99
2026-09-04T16:36:10.953369+00:00,btc-updown-15m-1788539400,15,4190973,19443595767008494831053379652127639444616095526210358917487525149784254717772,2026-09-04T16:30:00+00:00,2026-09-04T16:45:00+00:00,8.83,0.92,0.93,0.925,0.01,136.34,60.0,99
2026-09-04T16:36:10.953369+00:00,btc-updown-15m-1788540300,15,4191381,4287551246997680047311335393287381950817813731989709489211707215562091349147,2026-09-04T16:45:00+00:00,2026-09-04T17:00:00+00:00,23.83,0.5,0.51,0.505,0.01,200.0,1985.32,95
2026-09-04T16:37:12.116838+00:00,btc-updown-5m-1788539700,5,4191110,40909422397572397916724469396032495641219796166783679937583882417516526267572,2026-09-04T16:35:00+00:00,2026-09-04T16:40:00+00:00,2.8,0.84,0.85,0.845,0.01,53.83,103.36,99
2026-09-04T16:37:12.116838+00:00,btc-updown-5m-1788540000,5,4191362,83603788083527926222848825782142705134630935902999134116217862051054072597813,2026-09-04T16:40:00+00:00,2026-09-04T16:45:00+00:00,7.8,0.49,0.5,0.495,0.01,19.02,2294.79,99
2026-09-04T16:37:12.116838+00:00,btc-updown-15m-1788539400,15,4190973,19443595767008494831053379652127639444616095526210358917487525149784254717772,2026-09-04T16:30:00+00:00,2026-09-04T16:45:00+00:00,7.8,0.93,0.94,0.935,0.01,51.0,215.0,99
2026-09-04T16:37:12.116838+00:00,btc-updown-15m-1788540300,15,4191381,4287551246997680047311335393287381950817813731989709489211707215562091349147,2026-09-04T16:45:00+00:00,2026-09-04T17:00:00+00:00,22.8,0.5,0.51,0.505,0.01,200.0,1985.32,95
2026-09-04T16:38:13.317642+00:00,btc-updown-5m-1788539700,5,4191110,40909422397572397916724469396032495641219796166783679937583882417516526267572,2026-09-04T16:35:00+00:00,2026-09-04T16:40:00+00:00,1.78,0.78,0.79,0.785,0.01,10.0,455.89,99
2026-09-04T16:38:13.317642+00:00,btc-updown-5m-1788540000,5,4191362,83603788083527926222848825782142705134630935902999134116217862051054072597813,2026-09-04T16:40:00+00:00,2026-09-04T16:45:00+00:00,6.78,0.48,0.49,0.485,0.01,604.39,481.0,99
2026-09-04T16:38:13.317642+00:00,btc-updown-15m-1788539400,15,4190973,19443595767008494831053379652127639444616095526210358917487525149784254717772,2026-09-04T16:30:00+00:00,2026-09-04T16:45:00+00:00,6.78,0.93,0.94,0.935,0.01,25.0,273.0,99
2026-09-04T16:38:13.317642+00:00,btc-updown-15m-1788540300,15,4191381,4287551246997680047311335393287381950817813731989709489211707215562091349147,2026-09-04T16:45:00+00:00,2026-09-04T17:00:00+00:00,21.78,0.5,0.51,0.505,0.01,200.0,1985.32,95
2026-09-04T16:39:14.472732+00:00,btc-updown-5m-1788539700,5,4191110,40909422397572397916724469396032495641219796166783679937583882417516526267572,2026-09-04T16:35:00+00:00,2026-09-04T16:40:00+00:00,0.77,0.97,0.98,0.975,0.01,256.27,349.96,99
2026-09-04T16:39:14.472732+00:00,btc-updown-5m-1788540000,5,4191362,83603788083527926222848825782142705134630935902999134116217862051054072597813,2026-09-04T16:40:00+00:00,2026-09-04T16:45:00+00:00,5.77,0.48,0.49,0.485,0.01,882.14,170.33,97
2026-09-04T16:39:14.472732+00:00,btc-updown-15m-1788539400,15,4190973,19443595767008494831053379652127639444616095526210358917487525149784254717772,2026-09-04T16:30:00+00:00,2026-09-04T16:45:00+00:00,5.77,0.95,0.96,0.955,0.01,98.78,733.38,99
2026-09-04T16:39:14.472732+00:00,btc-updown-15m-1788540300,15,4191381,4287551246997680047311335393287381950817813731989709489211707215562091349147,2026-09-04T16:45:00+00:00,2026-09-04T17:00:00+00:00,20.77,0.5,0.51,0.505,0.01,200.0,1985.32,95
2026-09-04T16:40:15.611240+00:00,btc-updown-5m-1788540000,5,4191362,83603788083527926222848825782142705134630935902999134116217862051054072597813,2026-09-04T16:40:00+00:00,2026-09-04T16:45:00+00:00,4.75,0.49,0.5,0.495,0.01,253.5,257.88,99
2026-09-04T16:40:15.611240+00:00,btc-updown-5m-1788540300,5,4191373,81101129396576152949445223735305419364051448572386816844833730602787025403922,2026-09-04T16:45:00+00:00,2026-09-04T16:50:00+00:00,9.75,0.5,0.51,0.505,0.01,580.0,1026.34,99
2026-09-04T16:40:15.611240+00:00,btc-updown-15m-1788539400,15,4190973,19443595767008494831053379652127639444616095526210358917487525149784254717772,2026-09-04T16:30:00+00:00,2026-09-04T16:45:00+00:00,4.75,0.96,0.97,0.965,0.01,639.89,159.98,99
2026-09-04T16:40:15.611240+00:00,btc-updown-15m-1788540300,15,4191381,4287551246997680047311335393287381950817813731989709489211707215562091349147,2026-09-04T16:45:00+00:00,2026-09-04T17:00:00+00:00,19.75,0.49,0.5,0.495,0.01,674.87,1293.12,95
2026-09-04T16:41:16.748969+00:00,btc-updown-5m-1788540000,5,4191362,83603788083527926222848825782142705134630935902999134116217862051054072597813,2026-09-04T16:40:00+00:00,2026-09-04T16:45:00+00:00,3.73,0.72,0.73,0.725,0.01,28.49,135.0,99
2026-09-04T16:41:16.748969+00:00,btc-updown-5m-1788540300,5,4191373,81101129396576152949445223735305419364051448572386816844833730602787025403922,2026-09-04T16:45:00+00:00,2026-09-04T16:50:00+00:00,8.73,0.5,0.51,0.505,0.01,575.0,3020.84,99
2026-09-04T16:41:16.748969+00:00,btc-updown-15m-1788540300,15,4191381,4287551246997680047311335393287381950817813731989709489211707215562091349147,2026-09-04T16:45:00+00:00,2026-09-04T17:00:00+00:00,18.73,0.49,0.5,0.495,0.01,250.0,1293.12,97
2026-09-04T16:42:17.749166+00:00,btc-updown-5m-1788540000,5,4191362,83603788083527926222848825782142705134630935902999134116217862051054072597813,2026-09-04T16:40:00+00:00,2026-09-04T16:45:00+00:00,2.72,0.93,0.94,0.935,0.01,111.0,471.85,99
2026-09-04T16:42:17.749166+00:00,btc-updown-5m-1788540300,5,4191373,81101129396576152949445223735305419364051448572386816844833730602787025403922,2026-09-04T16:45:00+00:00,2026-09-04T16:50:00+00:00,7.72,0.5,0.51,0.505,0.01,605.53,1228.47,99
2026-09-04T16:42:17.749166+00:00,btc-updown-15m-1788540300,15,4191381,4287551246997680047311335393287381950817813731989709489211707215562091349147,2026-09-04T16:45:00+00:00,2026-09-04T17:00:00+00:00,17.72,0.49,0.5,0.495,0.01,169.66,1291.12,99
2026-09-04T16:43:18.771838+00:00,btc-updown-5m-1788540000,5,4191362,83603788083527926222848825782142705134630935902999134116217862051054072597813,2026-09-04T16:40:00+00:00,2026-09-04T16:45:00+00:00,1.7,0.963,0.97,0.9665,0.007,10.0,248.8,115
2026-09-04T16:43:18.771838+00:00,btc-updown-5m-1788540300,5,4191373,81101129396576152949445223735305419364051448572386816844833730602787025403922,2026-09-04T16:45:00+00:00,2026-09-04T16:50:00+00:00,6.7,0.5,0.51,0.505,0.01,214.63,524.42,99
2026-09-04T16:43:18.771838+00:00,btc-updown-15m-1788540300,15,4191381,4287551246997680047311335393287381950817813731989709489211707215562091349147,2026-09-04T16:45:00+00:00,2026-09-04T17:00:00+00:00,16.7,0.49,0.5,0.495,0.01,159.86,1348.88,99
2026-09-04T16:44:19.774452+00:00,btc-updown-5m-1788540300,5,4191373,81101129396576152949445223735305419364051448572386816844833730602787025403922,2026-09-04T16:45:00+00:00,2026-09-04T16:50:00+00:00,5.68,0.5,0.51,0.505,0.01,218.0,43.03,99
2026-09-04T16:44:19.774452+00:00,btc-updown-15m-1788540300,15,4191381,4287551246997680047311335393287381950817813731989709489211707215562091349147,2026-09-04T16:45:00+00:00,2026-09-04T17:00:00+00:00,15.68,0.49,0.5,0.495,0.01,178.76,598.88,88
2026-09-04T16:45:20.720766+00:00,btc-updown-5m-1788540300,5,4191373,81101129396576152949445223735305419364051448572386816844833730602787025403922,2026-09-04T16:45:00+00:00,2026-09-04T16:50:00+00:00,4.67,0.45,0.46,0.455,0.01,448.43,205.59,99
2026-09-04T16:45:20.720766+00:00,btc-updown-5m-1788540600,5,4191405,90585506272232489851403984758351815365864796932188849445407525592350891503660,2026-09-04T16:50:00+00:00,2026-09-04T16:55:00+00:00,9.67,0.49,0.5,0.495,0.01,394.27,1032.42,99
2026-09-04T16:45:20.720766+00:00,btc-updown-15m-1788540300,15,4191381,4287551246997680047311335393287381950817813731989709489211707215562091349147,2026-09-04T16:45:00+00:00,2026-09-04T17:00:00+00:00,14.67,0.45,0.46,0.455,0.01,328.0,187.61,99
2026-09-04T16:45:20.720766+00:00,btc-updown-15m-1788541200,15,4191508,65009184320952433647297684152193114067642186685862388659987094243236016144990,2026-09-04T17:00:00+00:00,2026-09-04T17:15:00+00:00,29.67,0.49,0.5,0.495,0.01,631.08,666.0,88
2026-09-04T16:46:21.903285+00:00,btc-updown-5m-1788540300,5,4191373,81101129396576152949445223735305419364051448572386816844833730602787025403922,2026-09-04T16:45:00+00:00,2026-09-04T16:50:00+00:00,3.65,0.32,0.33,0.325,0.01,328.0,228.0,99
2026-09-04T16:46:21.903285+00:00,btc-updown-5m-1788540600,5,4191405,90585506272232489851403984758351815365864796932188849445407525592350891503660,2026-09-04T16:50:00+00:00,2026-09-04T16:55:00+00:00,8.65,0.49,0.5,0.495,0.01,225.0,1193.42,99
2026-09-04T16:46:21.903285+00:00,btc-updown-15m-1788540300,15,4191381,4287551246997680047311335393287381950817813731989709489211707215562091349147,2026-09-04T16:45:00+00:00,2026-09-04T17:00:00+00:00,13.65,0.4,0.41,0.405,0.01,168.0,158.81,99
2026-09-04T16:46:21.903285+00:00,btc-updown-15m-1788541200,15,4191508,65009184320952433647297684152193114067642186685862388659987094243236016144990,2026-09-04T17:00:00+00:00,2026-09-04T17:15:00+00:00,28.65,0.49,0.5,0.495,0.01,427.0,1466.0,90
2026-09-04T16:47:23.034853+00:00,btc-updown-5m-1788540300,5,4191373,81101129396576152949445223735305419364051448572386816844833730602787025403922,2026-09-04T16:45:00+00:00,2026-09-04T16:50:00+00:00,2.62,0.1,0.11,0.105,0.01,65.18,609.58,99
2026-09-04T16:47:23.034853+00:00,btc-updown-5m-1788540600,5,4191405,90585506272232489851403984758351815365864796932188849445407525592350891503660,2026-09-04T16:50:00+00:00,2026-09-04T16:55:00+00:00,7.62,0.49,0.5,0.495,0.01,225.0,1118.42,99
2026-09-04T16:47:23.034853+00:00,btc-updown-15m-1788540300,15,4191381,4287551246997680047311335393287381950817813731989709489211707215562091349147,2026-09-04T16:45:00+00:00,2026-09-04T17:00:00+00:00,12.62,0.3,0.31,0.305,0.01,177.0,273.87,99
2026-09-04T16:47:23.034853+00:00,btc-updown-15m-1788541200,15,4191508,65009184320952433647297684152193114067642186685862388659987094243236016144990,2026-09-04T17:00:00+00:00,2026-09-04T17:15:00+00:00,27.62,0.49,0.5,0.495,0.01,826.08,666.0,90
2026-09-04T16:48:24.236868+00:00,btc-updown-5m-1788540300,5,4191373,81101129396576152949445223735305419364051448572386816844833730602787025403922,2026-09-04T16:45:00+00:00,2026-09-04T16:50:00+00:00,1.6,0.15,0.16,0.155,0.01,50.0,581.68,99
2026-09-04T16:48:24.236868+00:00,btc-updown-5m-1788540600,5,4191405,90585506272232489851403984758351815365864796932188849445407525592350891503660,2026-09-04T16:50:00+00:00,2026-09-04T16:55:00+00:00,6.6,0.48,0.49,0.485,0.01,285.0,401.2,99
2026-09-04T16:48:24.236868+00:00,btc-updown-15m-1788540300,15,4191381,4287551246997680047311335393287381950817813731989709489211707215562091349147,2026-09-04T16:45:00+00:00,2026-09-04T17:00:00+00:00,11.6,0.39,0.4,0.395,0.01,20.0,498.47,99
2026-09-04T16:48:24.236868+00:00,btc-updown-15m-1788541200,15,4191508,65009184320952433647297684152193114067642186685862388659987094243236016144990,2026-09-04T17:00:00+00:00,2026-09-04T17:15:00+00:00,26.6,0.49,0.5,0.495,0.01,626.08,1466.0,91
2026-09-04T16:49:25.368055+00:00,btc-updown-5m-1788540300,5,4191373,81101129396576152949445223735305419364051448572386816844833730602787025403922,2026-09-04T16:45:00+00:00,2026-09-04T16:50:00+00:00,0.58,0.01,0.02,0.015,0.01,146.8,50.0,92
2026-09-04T16:49:25.368055+00:00,btc-updown-5m-1788540600,5,4191405,90585506272232489851403984758351815365864796932188849445407525592350891503660,2026-09-04T16:50:00+00:00,2026-09-04T16:55:00+00:00,5.58,0.47,0.48,0.475,0.01,286.0,133.4,99
2026-09-04T16:49:25.368055+00:00,btc-updown-15m-1788540300,15,4191381,4287551246997680047311335393287381950817813731989709489211707215562091349147,2026-09-04T16:45:00+00:00,2026-09-04T17:00:00+00:00,10.58,0.42,0.43,0.425,0.01,101.51,335.87,99
2026-09-04T16:49:25.368055+00:00,btc-updown-15m-1788541200,15,4191508,65009184320952433647297684152193114067642186685862388659987094243236016144990,2026-09-04T17:00:00+00:00,2026-09-04T17:15:00+00:00,25.58,0.49,0.5,0.495,0.01,626.08,1466.0,97
2026-09-04T16:50:26.495099+00:00,btc-updown-5m-1788540600,5,4191405,90585506272232489851403984758351815365864796932188849445407525592350891503660,2026-09-04T16:50:00+00:00,2026-09-04T16:55:00+00:00,4.57,0.62,0.63,0.625,0.01,345.97,28.73,99
2026-09-04T16:50:26.495099+00:00,btc-updown-5m-1788540900,5,4191469,42755998150415453012483054853497345827001655337013081473274435896766525534055,2026-09-04T16:55:00+00:00,2026-09-04T17:00:00+00:00,9.57,0.49,0.5,0.495,0.01,1119.33,727.17,99
2026-09-04T16:50:26.495099+00:00,btc-updown-15m-1788540300,15,4191381,4287551246997680047311335393287381950817813731989709489211707215562091349147,2026-09-04T16:45:00+00:00,2026-09-04T17:00:00+00:00,9.57,0.46,0.47,0.465,0.01,228.67,154.36,99
2026-09-04T16:50:26.495099+00:00,btc-updown-15m-1788541200,15,4191508,65009184320952433647297684152193114067642186685862388659987094243236016144990,2026-09-04T17:00:00+00:00,2026-09-04T17:15:00+00:00,24.57,0.49,0.5,0.495,0.01,441.08,1489.91,87
2026-09-04T16:51:27.612150+00:00,btc-updown-5m-1788540600,5,4191405,90585506272232489851403984758351815365864796932188849445407525592350891503660,2026-09-04T16:50:00+00:00,2026-09-04T16:55:00+00:00,3.55,0.62,0.63,0.625,0.01,141.0,239.1,99
2026-09-04T16:51:27.612150+00:00,btc-updown-5m-1788540900,5,4191469,42755998150415453012483054853497345827001655337013081473274435896766525534055,2026-09-04T16:55:00+00:00,2026-09-04T17:00:00+00:00,8.55,0.49,0.5,0.495,0.01,1003.0,1928.17,99
2026-09-04T16:51:27.612150+00:00,btc-updown-15m-1788540300,15,4191381,4287551246997680047311335393287381950817813731989709489211707215562091349147,2026-09-04T16:45:00+00:00,2026-09-04T17:00:00+00:00,8.55,0.44,0.45,0.445,0.01,199.75,152.0,99
2026-09-04T16:51:27.612150+00:00,btc-updown-15m-1788541200,15,4191508,65009184320952433647297684152193114067642186685862388659987094243236016144990,2026-09-04T17:00:00+00:00,2026-09-04T17:15:00+00:00,23.55,0.49,0.5,0.495,0.01,441.08,1494.0,86
2026-09-04T16:52:28.742481+00:00,btc-updown-5m-1788540600,5,4191405,90585506272232489851403984758351815365864796932188849445407525592350891503660,2026-09-04T16:50:00+00:00,2026-09-04T16:55:00+00:00,2.53,0.89,0.9,0.895,0.01,183.2,68.75,99
2026-09-04T16:52:28.742481+00:00,btc-updown-5m-1788540900,5,4191469,42755998150415453012483054853497345827001655337013081473274435896766525534055,2026-09-04T16:55:00+00:00,2026-09-04T17:00:00+00:00,7.53,0.49,0.5,0.495,0.01,993.01,2388.17,99
2026-09-04T16:52:28.742481+00:00,btc-updown-15m-1788540300,15,4191381,4287551246997680047311335393287381950817813731989709489211707215562091349147,2026-09-04T16:45:00+00:00,2026-09-04T17:00:00+00:00,7.53,0.61,0.62,0.615,0.01,245.62,75.0,99
2026-09-04T16:52:28.742481+00:00,btc-updown-15m-1788541200,15,4191508,65009184320952433647297684152193114067642186685862388659987094243236016144990,2026-09-04T17:00:00+00:00,2026-09-04T17:15:00+00:00,22.53,0.49,0.5,0.495,0.01,419.51,1494.0,86
2026-09-04T16:53:29.956781+00:00,btc-updown-5m-1788540600,5,4191405,90585506272232489851403984758351815365864796932188849445407525592350891503660,2026-09-04T16:50:00+00:00,2026-09-04T16:55:00+00:00,1.52,0.14,0.18,0.16,0.04,5.0,1093.15,96
2026-09-04T16:53:29.956781+00:00,btc-updown-5m-1788540900,5,4191469,42755998150415453012483054853497345827001655337013081473274435896766525534055,2026-09-04T16:55:00+00:00,2026-09-04T17:00:00+00:00,6.52,0.49,0.5,0.495,0.01,793.01,1440.0,99
2026-09-04T16:53:29.956781+00:00,btc-updown-15m-1788540300,15,4191381,4287551246997680047311335393287381950817813731989709489211707215562091349147,2026-09-04T16:45:00+00:00,2026-09-04T17:00:00+00:00,6.52,0.22,0.23,0.225,0.01,19.97,283.96,99
2026-09-04T16:53:29.956781+00:00,btc-updown-15m-1788541200,15,4191508,65009184320952433647297684152193114067642186685862388659987094243236016144990,2026-09-04T17:00:00+00:00,2026-09-04T17:15:00+00:00,21.52,0.49,0.5,0.495,0.01,230.0,1094.0,86
2026-09-04T16:54:31.108553+00:00,btc-updown-5m-1788540900,5,4191469,42755998150415453012483054853497345827001655337013081473274435896766525534055,2026-09-04T16:55:00+00:00,2026-09-04T17:00:00+00:00,5.48,0.49,0.5,0.495,0.01,674.75,130.52,99
2026-09-04T16:54:31.108553+00:00,btc-updown-15m-1788540300,15,4191381,4287551246997680047311335393287381950817813731989709489211707215562091349147,2026-09-04T16:45:00+00:00,2026-09-04T17:00:00+00:00,5.48,0.18,0.19,0.185,0.01,398.0,140.0,99
2026-09-04T16:54:31.108553+00:00,btc-updown-15m-1788541200,15,4191508,65009184320952433647297684152193114067642186685862388659987094243236016144990,2026-09-04T17:00:00+00:00,2026-09-04T17:15:00+00:00,20.48,0.49,0.5,0.495,0.01,330.0,693.99,86
2026-09-04T16:55:32.812057+00:00,btc-updown-5m-1788540900,5,4191469,42755998150415453012483054853497345827001655337013081473274435896766525534055,2026-09-04T16:55:00+00:00,2026-09-04T17:00:00+00:00,4.47,0.66,0.67,0.665,0.01,279.19,206.47,99
2026-09-04T16:55:32.812057+00:00,btc-updown-5m-1788541200,5,4191504,49887231837003224616248092490986594455004180682493964758983473577152301115105,2026-09-04T17:00:00+00:00,2026-09-04T17:05:00+00:00,9.47,0.49,0.5,0.495,0.01,1104.96,639.5,99
2026-09-04T16:55:32.812057+00:00,btc-updown-15m-1788540300,15,4191381,4287551246997680047311335393287381950817813731989709489211707215562091349147,2026-09-04T16:45:00+00:00,2026-09-04T17:00:00+00:00,4.47,0.22,0.23,0.225,0.01,503.0,185.65,99
2026-09-04T16:55:32.812057+00:00,btc-updown-15m-1788541200,15,4191508,65009184320952433647297684152193114067642186685862388659987094243236016144990,2026-09-04T17:00:00+00:00,2026-09-04T17:15:00+00:00,19.47,0.49,0.5,0.495,0.01,250.0,493.99,86
2026-09-04T16:56:33.979145+00:00,btc-updown-5m-1788540900,5,4191469,42755998150415453012483054853497345827001655337013081473274435896766525534055,2026-09-04T16:55:00+00:00,2026-09-04T17:00:00+00:00,3.45,0.76,0.77,0.765,0.01,131.0,35.0,99
2026-09-04T16:56:33.979145+00:00,btc-updown-5m-1788541200,5,4191504,49887231837003224616248092490986594455004180682493964758983473577152301115105,2026-09-04T17:00:00+00:00,2026-09-04T17:05:00+00:00,8.45,0.49,0.5,0.495,0.01,1059.96,1855.5,99
2026-09-04T16:56:33.979145+00:00,btc-updown-15m-1788540300,15,4191381,4287551246997680047311335393287381950817813731989709489211707215562091349147,2026-09-04T16:45:00+00:00,2026-09-04T17:00:00+00:00,3.45,0.27,0.28,0.275,0.01,138.32,769.58,99
2026-09-04T16:56:33.979145+00:00,btc-updown-15m-1788541200,15,4191508,65009184320952433647297684152193114067642186685862388659987094243236016144990,2026-09-04T17:00:00+00:00,2026-09-04T17:15:00+00:00,18.45,0.49,0.5,0.495,0.01,250.0,1293.99,85
2026-09-04T16:57:35.140316+00:00,btc-updown-5m-1788540900,5,4191469,42755998150415453012483054853497345827001655337013081473274435896766525534055,2026-09-04T16:55:00+00:00,2026-09-04T17:00:00+00:00,2.42,0.75,0.76,0.755,0.01,366.08,5.0,99
2026-09-04T16:57:35.140316+00:00,btc-updown-5m-1788541200,5,4191504,49887231837003224616248092490986594455004180682493964758983473577152301115105,2026-09-04T17:00:00+00:00,2026-09-04T17:05:00+00:00,7.42,0.49,0.5,0.495,0.01,1054.96,1851.5,99
2026-09-04T16:57:35.140316+00:00,btc-updown-15m-1788540300,15,4191381,4287551246997680047311335393287381950817813731989709489211707215562091349147,2026-09-04T16:45:00+00:00,2026-09-04T17:00:00+00:00,2.42,0.11,0.12,0.115,0.01,50.0,227.39,99
2026-09-04T16:57:35.140316+00:00,btc-updown-15m-1788541200,15,4191508,65009184320952433647297684152193114067642186685862388659987094243236016144990,2026-09-04T17:00:00+00:00,2026-09-04T17:15:00+00:00,17.42,0.49,0.5,0.495,0.01,178.11,1291.43,95
2026-09-04T16:58:36.304569+00:00,btc-updown-5m-1788540900,5,4191469,42755998150415453012483054853497345827001655337013081473274435896766525534055,2026-09-04T16:55:00+00:00,2026-09-04T17:00:00+00:00,1.4,0.42,0.43,0.425,0.01,32.0,461.21,99
2026-09-04T16:58:36.304569+00:00,btc-updown-5m-1788541200,5,4191504,49887231837003224616248092490986594455004180682493964758983473577152301115105,2026-09-04T17:00:00+00:00,2026-09-04T17:05:00+00:00,6.4,0.49,0.5,0.495,0.01,772.91,1363.5,99
2026-09-04T16:58:36.304569+00:00,btc-updown-15m-1788541200,15,4191508,65009184320952433647297684152193114067642186685862388659987094243236016144990,2026-09-04T17:00:00+00:00,2026-09-04T17:15:00+00:00,16.4,0.49,0.5,0.495,0.01,172.21,646.0,95
2026-09-04T16:59:37.404941+00:00,btc-updown-5m-1788541200,5,4191504,49887231837003224616248092490986594455004180682493964758983473577152301115105,2026-09-04T17:00:00+00:00,2026-09-04T17:05:00+00:00,5.38,0.49,0.5,0.495,0.01,545.05,486.5,99
2026-09-04T16:59:37.404941+00:00,btc-updown-15m-1788541200,15,4191508,65009184320952433647297684152193114067642186685862388659987094243236016144990,2026-09-04T17:00:00+00:00,2026-09-04T17:15:00+00:00,15.38,0.49,0.5,0.495,0.01,138.67,324.0,86
2026-09-04T17:00:38.398068+00:00,btc-updown-5m-1788541200,5,4191504,49887231837003224616248092490986594455004180682493964758983473577152301115105,2026-09-04T17:00:00+00:00,2026-09-04T17:05:00+00:00,4.37,0.32,0.33,0.325,0.01,4.57,690.35,99
2026-09-04T17:00:38.398068+00:00,btc-updown-5m-1788541500,5,4191509,47606015242509497137185549870743714327245158451527058229825393129006752523307,2026-09-04T17:05:00+00:00,2026-09-04T17:10:00+00:00,9.37,0.49,0.5,0.495,0.01,453.0,773.04,99
2026-09-04T17:00:38.398068+00:00,btc-updown-15m-1788541200,15,4191508,65009184320952433647297684152193114067642186685862388659987094243236016144990,2026-09-04T17:00:00+00:00,2026-09-04T17:15:00+00:00,14.37,0.41,0.42,0.415,0.01,22.0,334.0,99
2026-09-04T17:00:38.398068+00:00,btc-updown-15m-1788542100,15,4191616,41870236339264569869383383993368099419272880908564674783781726031237275248657,2026-09-04T17:15:00+00:00,2026-09-04T17:30:00+00:00,29.37,0.5,0.51,0.505,0.01,46.0,695.84,90
2026-09-04T17:01:39.566236+00:00,btc-updown-5m-1788541200,5,4191504,49887231837003224616248092490986594455004180682493964758983473577152301115105,2026-09-04T17:00:00+00:00,2026-09-04T17:05:00+00:00,3.35,0.13,0.14,0.135,0.01,121.03,764.8,99
2026-09-04T17:01:39.566236+00:00,btc-updown-5m-1788541500,5,4191509,47606015242509497137185549870743714327245158451527058229825393129006752523307,2026-09-04T17:05:00+00:00,2026-09-04T17:10:00+00:00,8.35,0.49,0.5,0.495,0.01,728.39,1123.04,99
2026-09-04T17:01:39.566236+00:00,btc-updown-15m-1788541200,15,4191508,65009184320952433647297684152193114067642186685862388659987094243236016144990,2026-09-04T17:00:00+00:00,2026-09-04T17:15:00+00:00,13.35,0.3,0.31,0.305,0.01,82.0,286.68,99
2026-09-04T17:01:39.566236+00:00,btc-updown-15m-1788542100,15,4191616,41870236339264569869383383993368099419272880908564674783781726031237275248657,2026-09-04T17:15:00+00:00,2026-09-04T17:30:00+00:00,28.35,0.5,0.51,0.505,0.01,1046.0,895.84,90
2026-09-04T17:02:40.723111+00:00,btc-updown-5m-1788541200,5,4191504,49887231837003224616248092490986594455004180682493964758983473577152301115105,2026-09-04T17:00:00+00:00,2026-09-04T17:05:00+00:00,2.33,0.03,0.04,0.035,0.01,615.25,158.0,99
2026-09-04T17:02:40.723111+00:00,btc-updown-5m-1788541500,5,4191509,47606015242509497137185549870743714327245158451527058229825393129006752523307,2026-09-04T17:05:00+00:00,2026-09-04T17:10:00+00:00,7.33,0.49,0.5,0.495,0.01,864.66,963.04,99
2026-09-04T17:02:40.723111+00:00,btc-updown-15m-1788541200,15,4191508,65009184320952433647297684152193114067642186685862388659987094243236016144990,2026-09-04T17:00:00+00:00,2026-09-04T17:15:00+00:00,12.33,0.27,0.28,0.275,0.01,225.0,118.0,99
2026-09-04T17:02:40.723111+00:00,btc-updown-15m-1788542100,15,4191616,41870236339264569869383383993368099419272880908564674783781726031237275248657,2026-09-04T17:15:00+00:00,2026-09-04T17:30:00+00:00,27.33,0.5,0.51,0.505,0.01,242.0,895.84,90
2026-09-04T17:03:41.821573+00:00,btc-updown-5m-1788541500,5,4191509,47606015242509497137185549870743714327245158451527058229825393129006752523307,2026-09-04T17:05:00+00:00,2026-09-04T17:10:00+00:00,6.32,0.49,0.5,0.495,0.01,215.56,515.0,99
2026-09-04T17:03:41.821573+00:00,btc-updown-15m-1788541200,15,4191508,65009184320952433647297684152193114067642186685862388659987094243236016144990,2026-09-04T17:00:00+00:00,2026-09-04T17:15:00+00:00,11.32,0.28,0.29,0.285,0.01,160.0,136.0,99
2026-09-04T17:03:41.821573+00:00,btc-updown-15m-1788542100,15,4191616,41870236339264569869383383993368099419272880908564674783781726031237275248657,2026-09-04T17:15:00+00:00,2026-09-04T17:30:00+00:00,26.32,0.5,0.51,0.505,0.01,200.0,895.84,90
2026-09-04T17:04:42.885411+00:00,btc-updown-5m-1788541500,5,4191509,47606015242509497137185549870743714327245158451527058229825393129006752523307,2026-09-04T17:05:00+00:00,2026-09-04T17:10:00+00:00,5.3,0.55,0.56,0.555,0.01,90.0,92.2,99
2026-09-04T17:04:42.885411+00:00,btc-updown-15m-1788541200,15,4191508,65009184320952433647297684152193114067642186685862388659987094243236016144990,2026-09-04T17:00:00+00:00,2026-09-04T17:15:00+00:00,10.3,0.28,0.29,0.285,0.01,1403.0,60.0,99
2026-09-04T17:04:42.885411+00:00,btc-updown-15m-1788542100,15,4191616,41870236339264569869383383993368099419272880908564674783781726031237275248657,2026-09-04T17:15:00+00:00,2026-09-04T17:30:00+00:00,25.3,0.5,0.51,0.505,0.01,195.96,889.78,93
2026-09-04T17:05:43.886247+00:00,btc-updown-5m-1788541500,5,4191509,47606015242509497137185549870743714327245158451527058229825393129006752523307,2026-09-04T17:05:00+00:00,2026-09-04T17:10:00+00:00,4.28,0.63,0.64,0.635,0.01,170.56,301.88,99
2026-09-04T17:05:43.886247+00:00,btc-updown-5m-1788541800,5,4191555,57005074986457401826268534697880265791164922605756838645855247112311939723914,2026-09-04T17:10:00+00:00,2026-09-04T17:15:00+00:00,9.28,0.5,0.51,0.505,0.01,1227.96,787.79,99
2026-09-04T17:05:43.886247+00:00,btc-updown-15m-1788541200,15,4191508,65009184320952433647297684152193114067642186685862388659987094243236016144990,2026-09-04T17:00:00+00:00,2026-09-04T17:15:00+00:00,9.28,0.29,0.3,0.295,0.01,110.0,213.0,99
2026-09-04T17:05:43.886247+00:00,btc-updown-15m-1788542100,15,4191616,41870236339264569869383383993368099419272880908564674783781726031237275248657,2026-09-04T17:15:00+00:00,2026-09-04T17:30:00+00:00,24.28,0.5,0.51,0.505,0.01,248.0,1114.78,81
2026-09-04T17:06:44.997696+00:00,btc-updown-5m-1788541500,5,4191509,47606015242509497137185549870743714327245158451527058229825393129006752523307,2026-09-04T17:05:00+00:00,2026-09-04T17:10:00+00:00,3.27,0.48,0.49,0.485,0.01,239.8,40.0,99
2026-09-04T17:06:44.997696+00:00,btc-updown-5m-1788541800,5,4191555,57005074986457401826268534697880265791164922605756838645855247112311939723914,2026-09-04T17:10:00+00:00,2026-09-04T17:15:00+00:00,8.27,0.5,0.51,0.505,0.01,1227.96,781.02,99
2026-09-04T17:06:44.997696+00:00,btc-updown-15m-1788541200,15,4191508,65009184320952433647297684152193114067642186685862388659987094243236016144990,2026-09-04T17:00:00+00:00,2026-09-04T17:15:00+00:00,8.27,0.24,0.25,0.245,0.01,80.0,236.52,99
2026-09-04T17:06:44.997696+00:00,btc-updown-15m-1788542100,15,4191616,41870236339264569869383383993368099419272880908564674783781726031237275248657,2026-09-04T17:15:00+00:00,2026-09-04T17:30:00+00:00,23.27,0.5,0.51,0.505,0.01,250.0,1114.78,81
2026-09-04T17:07:46.105120+00:00,btc-updown-5m-1788541500,5,4191509,47606015242509497137185549870743714327245158451527058229825393129006752523307,2026-09-04T17:05:00+00:00,2026-09-04T17:10:00+00:00,2.23,0.62,0.63,0.625,0.01,46.0,672.99,99
2026-09-04T17:07:46.105120+00:00,btc-updown-5m-1788541800,5,4191555,57005074986457401826268534697880265791164922605756838645855247112311939723914,2026-09-04T17:10:00+00:00,2026-09-04T17:15:00+00:00,7.23,0.5,0.51,0.505,0.01,1227.96,773.02,99
2026-09-04T17:07:46.105120+00:00,btc-updown-15m-1788541200,15,4191508,65009184320952433647297684152193114067642186685862388659987094243236016144990,2026-09-04T17:00:00+00:00,2026-09-04T17:15:00+00:00,7.23,0.23,0.24,0.235,0.01,70.0,181.1,99
2026-09-04T17:07:46.105120+00:00,btc-updown-15m-1788542100,15,4191616,41870236339264569869383383993368099419272880908564674783781726031237275248657,2026-09-04T17:15:00+00:00,2026-09-04T17:30:00+00:00,22.23,0.5,0.51,0.505,0.01,250.0,914.78,81
2026-09-04T17:08:47.210808+00:00,btc-updown-5m-1788541500,5,4191509,47606015242509497137185549870743714327245158451527058229825393129006752523307,2026-09-04T17:05:00+00:00,2026-09-04T17:10:00+00:00,1.22,0.73,0.74,0.735,0.01,300.94,435.38,99
2026-09-04T17:08:47.210808+00:00,btc-updown-5m-1788541800,5,4191555,57005074986457401826268534697880265791164922605756838645855247112311939723914,2026-09-04T17:10:00+00:00,2026-09-04T17:15:00+00:00,6.22,0.46,0.47,0.465,0.01,215.0,25.0,99
2026-09-04T17:08:47.210808+00:00,btc-updown-15m-1788541200,15,4191508,65009184320952433647297684152193114067642186685862388659987094243236016144990,2026-09-04T17:00:00+00:00,2026-09-04T17:15:00+00:00,6.22,0.2,0.21,0.205,0.01,199.65,8.0,99
2026-09-04T17:08:47.210808+00:00,btc-updown-15m-1788542100,15,4191616,41870236339264569869383383993368099419272880908564674783781726031237275248657,2026-09-04T17:15:00+00:00,2026-09-04T17:30:00+00:00,21.22,0.5,0.51,0.505,0.01,250.0,1514.78,81
2026-09-04T17:09:48.372607+00:00,btc-updown-5m-1788541800,5,4191555,57005074986457401826268534697880265791164922605756838645855247112311939723914,2026-09-04T17:10:00+00:00,2026-09-04T17:15:00+00:00,5.2,0.44,0.52,0.48,0.08,189.15,155.6,92
2026-09-04T17:09:48.372607+00:00,btc-updown-15m-1788541200,15,4191508,65009184320952433647297684152193114067642186685862388659987094243236016144990,2026-09-04T17:00:00+00:00,2026-09-04T17:15:00+00:00,5.2,0.22,0.23,0.225,0.01,12.0,217.1,99
2026-09-04T17:09:48.372607+00:00,btc-updown-15m-1788542100,15,4191616,41870236339264569869383383993368099419272880908564674783781726031237275248657,2026-09-04T17:15:00+00:00,2026-09-04T17:30:00+00:00,20.2,0.5,0.51,0.505,0.01,250.0,1114.78,81
2026-09-04T17:10:49.442001+00:00,btc-updown-5m-1788541800,5,4191555,57005074986457401826268534697880265791164922605756838645855247112311939723914,2026-09-04T17:10:00+00:00,2026-09-04T17:15:00+00:00,4.18,0.43,0.44,0.435,0.01,774.0,16.25,99
2026-09-04T17:10:49.442001+00:00,btc-updown-5m-1788542100,5,4191611,87817748181755070068299306662613775141634607563303123223408814153662510646813,2026-09-04T17:15:00+00:00,2026-09-04T17:20:00+00:00,9.18,0.5,0.51,0.505,0.01,370.0,1139.15,99
2026-09-04T17:10:49.442001+00:00,btc-updown-15m-1788541200,15,4191508,65009184320952433647297684152193114067642186685862388659987094243236016144990,2026-09-04T17:00:00+00:00,2026-09-04T17:15:00+00:00,4.18,0.12,0.13,0.125,0.01,51.0,240.23,99
2026-09-04T17:10:49.442001+00:00,btc-updown-15m-1788542100,15,4191616,41870236339264569869383383993368099419272880908564674783781726031237275248657,2026-09-04T17:15:00+00:00,2026-09-04T17:30:00+00:00,19.18,0.49,0.5,0.495,0.01,610.08,455.7,81
2026-09-04T17:11:50.584959+00:00,btc-updown-5m-1788541800,5,4191555,57005074986457401826268534697880265791164922605756838645855247112311939723914,2026-09-04T17:10:00+00:00,2026-09-04T17:15:00+00:00,3.17,0.45,0.46,0.455,0.01,448.0,120.0,99
2026-09-04T17:11:50.584959+00:00,btc-updown-5m-1788542100,5,4191611,87817748181755070068299306662613775141634607563303123223408814153662510646813,2026-09-04T17:15:00+00:00,2026-09-04T17:20:00+00:00,8.17,0.5,0.51,0.505,0.01,300.0,1144.15,99
2026-09-04T17:11:50.584959+00:00,btc-updown-15m-1788541200,15,4191508,65009184320952433647297684152193114067642186685862388659987094243236016144990,2026-09-04T17:00:00+00:00,2026-09-04T17:15:00+00:00,3.17,0.09,0.1,0.095,0.01,86.69,268.0,99
2026-09-04T17:11:50.584959+00:00,btc-updown-15m-1788542100,15,4191616,41870236339264569869383383993368099419272880908564674783781726031237275248657,2026-09-04T17:15:00+00:00,2026-09-04T17:30:00+00:00,18.17,0.49,0.5,0.495,0.01,510.08,635.7,88
2026-09-04T17:12:51.749035+00:00,btc-updown-5m-1788541800,5,4191555,57005074986457401826268534697880265791164922605756838645855247112311939723914,2026-09-04T17:10:00+00:00,2026-09-04T17:15:00+00:00,2.15,0.48,0.51,0.495,0.03,683.11,41.24,97
2026-09-04T17:12:51.749035+00:00,btc-updown-5m-1788542100,5,4191611,87817748181755070068299306662613775141634607563303123223408814153662510646813,2026-09-04T17:15:00+00:00,2026-09-04T17:20:00+00:00,7.15,0.5,0.51,0.505,0.01,300.0,1136.15,99
2026-09-04T17:12:51.749035+00:00,btc-updown-15m-1788541200,15,4191508,65009184320952433647297684152193114067642186685862388659987094243236016144990,2026-09-04T17:00:00+00:00,2026-09-04T17:15:00+00:00,2.15,0.04,0.05,0.045,0.01,25.0,260.11,99
2026-09-04T17:12:51.749035+00:00,btc-updown-15m-1788542100,15,4191616,41870236339264569869383383993368099419272880908564674783781726031237275248657,2026-09-04T17:15:00+00:00,2026-09-04T17:30:00+00:00,17.15,0.49,0.5,0.495,0.01,510.08,655.7,93
2026-09-04T17:13:52.880686+00:00,btc-updown-5m-1788541800,5,4191555,57005074986457401826268534697880265791164922605756838645855247112311939723914,2026-09-04T17:10:00+00:00,2026-09-04T17:15:00+00:00,1.13,0.69,0.7,0.695,0.01,770.39,52.39,99
2026-09-04T17:13:52.880686+00:00,btc-updown-5m-1788542100,5,4191611,87817748181755070068299306662613775141634607563303123223408814153662510646813,2026-09-04T17:15:00+00:00,2026-09-04T17:20:00+00:00,6.13,0.5,0.51,0.505,0.01,47.0,931.15,99
2026-09-04T17:13:52.880686+00:00,btc-updown-15m-1788542100,15,4191616,41870236339264569869383383993368099419272880908564674783781726031237275248657,2026-09-04T17:15:00+00:00,2026-09-04T17:30:00+00:00,16.13,0.49,0.5,0.495,0.01,500.08,648.7,93
2026-09-04T17:14:53.919771+00:00,btc-updown-5m-1788542100,5,4191611,87817748181755070068299306662613775141634607563303123223408814153662510646813,2026-09-04T17:15:00+00:00,2026-09-04T17:20:00+00:00,5.12,0.35,0.36,0.355,0.01,99.48,279.61,97
2026-09-04T17:14:53.919771+00:00,btc-updown-15m-1788542100,15,4191616,41870236339264569869383383993368099419272880908564674783781726031237275248657,2026-09-04T17:15:00+00:00,2026-09-04T17:30:00+00:00,15.12,0.48,0.49,0.485,0.01,208.33,493.68,92
2026-09-04T17:15:54.836149+00:00,btc-updown-5m-1788542100,5,4191611,87817748181755070068299306662613775141634607563303123223408814153662510646813,2026-09-04T17:15:00+00:00,2026-09-04T17:20:00+00:00,4.1,0.07,0.08,0.075,0.01,294.38,47.7,99
2026-09-04T17:15:54.836149+00:00,btc-updown-5m-1788542400,5,4191629,38943458193864727527495088489335449089591221205770083412820451414586671193,2026-09-04T17:20:00+00:00,2026-09-04T17:25:00+00:00,9.1,0.5,0.51,0.505,0.01,922.98,653.69,99
2026-09-04T17:15:54.836149+00:00,btc-updown-15m-1788542100,15,4191616,41870236339264569869383383993368099419272880908564674783781726031237275248657,2026-09-04T17:15:00+00:00,2026-09-04T17:30:00+00:00,14.1,0.21,0.22,0.215,0.01,9199.15,4.98,99
2026-09-04T17:15:54.836149+00:00,btc-updown-15m-1788543000,15,4191662,90527478972677718998048948147473468981978239525215388488931986695553983811034,2026-09-04T17:30:00+00:00,2026-09-04T17:45:00+00:00,29.1,0.49,0.5,0.495,0.01,1105.08,208.0,91
2026-09-04T17:16:55.936112+00:00,btc-updown-5m-1788542100,5,4191611,87817748181755070068299306662613775141634607563303123223408814153662510646813,2026-09-04T17:15:00+00:00,2026-09-04T17:20:00+00:00,3.08,0.05,0.06,0.055,0.01,118.94,382.67,99
2026-09-04T17:16:55.936112+00:00,btc-updown-5m-1788542400,5,4191629,38943458193864727527495088489335449089591221205770083412820451414586671193,2026-09-04T17:20:00+00:00,2026-09-04T17:25:00+00:00,8.08,0.5,0.51,0.505,0.01,777.06,643.19,99
2026-09-04T17:16:55.936112+00:00,btc-updown-15m-1788542100,15,4191616,41870236339264569869383383993368099419272880908564674783781726031237275248657,2026-09-04T17:15:00+00:00,2026-09-04T17:30:00+00:00,13.08,0.22,0.23,0.225,0.01,221.57,1194.15,99
2026-09-04T17:16:55.936112+00:00,btc-updown-15m-1788543000,15,4191662,90527478972677718998048948147473468981978239525215388488931986695553983811034,2026-09-04T17:30:00+00:00,2026-09-04T17:45:00+00:00,28.08,0.49,0.5,0.495,0.01,1105.08,208.0,91
2026-09-04T17:17:57.114865+00:00,btc-updown-5m-1788542100,5,4191611,87817748181755070068299306662613775141634607563303123223408814153662510646813,2026-09-04T17:15:00+00:00,2026-09-04T17:20:00+00:00,2.05,0.03,0.04,0.035,0.01,1083.42,198.51,99
2026-09-04T17:17:57.114865+00:00,btc-updown-5m-1788542400,5,4191629,38943458193864727527495088489335449089591221205770083412820451414586671193,2026-09-04T17:20:00+00:00,2026-09-04T17:25:00+00:00,7.05,0.5,0.51,0.505,0.01,816.07,562.8,99
2026-09-04T17:17:57.114865+00:00,btc-updown-15m-1788542100,15,4191616,41870236339264569869383383993368099419272880908564674783781726031237275248657,2026-09-04T17:15:00+00:00,2026-09-04T17:30:00+00:00,12.05,0.25,0.26,0.255,0.01,213.69,786.23,99
2026-09-04T17:17:57.114865+00:00,btc-updown-15m-1788543000,15,4191662,90527478972677718998048948147473468981978239525215388488931986695553983811034,2026-09-04T17:30:00+00:00,2026-09-04T17:45:00+00:00,27.05,0.49,0.5,0.495,0.01,1005.08,208.0,90
2026-09-04T17:18:58.244738+00:00,btc-updown-5m-1788542100,5,4191611,87817748181755070068299306662613775141634607563303123223408814153662510646813,2026-09-04T17:15:00+00:00,2026-09-04T17:20:00+00:00,1.03,0.08,0.09,0.085,0.01,12.95,283.35,99
2026-09-04T17:18:58.244738+00:00,btc-updown-5m-1788542400,5,4191629,38943458193864727527495088489335449089591221205770083412820451414586671193,2026-09-04T17:20:00+00:00,2026-09-04T17:25:00+00:00,6.03,0.5,0.51,0.505,0.01,419.07,304.8,99
2026-09-04T17:18:58.244738+00:00,btc-updown-15m-1788542100,15,4191616,41870236339264569869383383993368099419272880908564674783781726031237275248657,2026-09-04T17:15:00+00:00,2026-09-04T17:30:00+00:00,11.03,0.41,0.42,0.415,0.01,5.0,180.6,99
2026-09-04T17:18:58.244738+00:00,btc-updown-15m-1788543000,15,4191662,90527478972677718998048948147473468981978239525215388488931986695553983811034,2026-09-04T17:30:00+00:00,2026-09-04T17:45:00+00:00,26.03,0.49,0.5,0.495,0.01,785.08,208.0,90
2026-09-04T17:19:59.481685+00:00,btc-updown-5m-1788542400,5,4191629,38943458193864727527495088489335449089591221205770083412820451414586671193,2026-09-04T17:20:00+00:00,2026-09-04T17:25:00+00:00,5.02,0.46,0.49,0.475,0.03,18.5,9.73,97
2026-09-04T17:19:59.481685+00:00,btc-updown-15m-1788542100,15,4191616,41870236339264569869383383993368099419272880908564674783781726031237275248657,2026-09-04T17:15:00+00:00,2026-09-04T17:30:00+00:00,10.02,0.29,0.3,0.295,0.01,149.89,309.66,99
2026-09-04T17:19:59.481685+00:00,btc-updown-15m-1788543000,15,4191662,90527478972677718998048948147473468981978239525215388488931986695553983811034,2026-09-04T17:30:00+00:00,2026-09-04T17:45:00+00:00,25.02,0.49,0.5,0.495,0.01,935.08,208.0,80
2026-09-04T17:21:00.637419+00:00,btc-updown-5m-1788542400,5,4191629,38943458193864727527495088489335449089591221205770083412820451414586671193,2026-09-04T17:20:00+00:00,2026-09-04T17:25:00+00:00,4.0,0.49,0.56,0.525,0.07,79.0,122.99,92
2026-09-04T17:21:00.637419+00:00,btc-updown-5m-1788542700,5,4191640,54673465839075665961941434325538989349106784196020414332434976945511347570826,2026-09-04T17:25:00+00:00,2026-09-04T17:30:00+00:00,9.0,0.5,0.51,0.505,0.01,1367.91,445.0,99
2026-09-04T17:21:00.637419+00:00,btc-updown-15m-1788542100,15,4191616,41870236339264569869383383993368099419272880908564674783781726031237275248657,2026-09-04T17:15:00+00:00,2026-09-04T17:30:00+00:00,9.0,0.3,0.31,0.305,0.01,100.0,299.55,99
2026-09-04T17:21:00.637419+00:00,btc-updown-15m-1788543000,15,4191662,90527478972677718998048948147473468981978239525215388488931986695553983811034,2026-09-04T17:30:00+00:00,2026-09-04T17:45:00+00:00,24.0,0.49,0.5,0.495,0.01,814.08,208.0,80
2026-09-04T17:22:01.776095+00:00,btc-updown-5m-1788542400,5,4191629,38943458193864727527495088489335449089591221205770083412820451414586671193,2026-09-04T17:20:00+00:00,2026-09-04T17:25:00+00:00,2.98,0.75,0.81,0.78,0.06,125.0,88.0,94
2026-09-04T17:22:01.776095+00:00,btc-updown-5m-1788542700,5,4191640,54673465839075665961941434325538989349106784196020414332434976945511347570826,2026-09-04T17:25:00+00:00,2026-09-04T17:30:00+00:00,7.98,0.5,0.51,0.505,0.01,1377.91,215.0,99
2026-09-04T17:22:01.776095+00:00,btc-updown-15m-1788542100,15,4191616,41870236339264569869383383993368099419272880908564674783781726031237275248657,2026-09-04T17:15:00+00:00,2026-09-04T17:30:00+00:00,7.98,0.4,0.41,0.405,0.01,226.96,8.0,99
2026-09-04T17:22:01.776095+00:00,btc-updown-15m-1788543000,15,4191662,90527478972677718998048948147473468981978239525215388488931986695553983811034,2026-09-04T17:30:00+00:00,2026-09-04T17:45:00+00:00,22.98,0.49,0.5,0.495,0.01,812.11,208.0,80
2026-09-04T17:23:02.935342+00:00,btc-updown-5m-1788542400,5,4191629,38943458193864727527495088489335449089591221205770083412820451414586671193,2026-09-04T17:20:00+00:00,2026-09-04T17:25:00+00:00,1.97,0.84,0.85,0.845,0.01,345.0,107.66,99
2026-09-04T17:23:02.935342+00:00,btc-updown-5m-1788542700,5,4191640,54673465839075665961941434325538989349106784196020414332434976945511347570826,2026-09-04T17:25:00+00:00,2026-09-04T17:30:00+00:00,6.97,0.5,0.51,0.505,0.01,767.91,215.0,99
2026-09-04T17:23:02.935342+00:00,btc-updown-15m-1788542100,15,4191616,41870236339264569869383383993368099419272880908564674783781726031237275248657,2026-09-04T17:15:00+00:00,2026-09-04T17:30:00+00:00,6.97,0.42,0.43,0.425,0.01,195.0,115.0,99
2026-09-04T17:23:02.935342+00:00,btc-updown-15m-1788543000,15,4191662,90527478972677718998048948147473468981978239525215388488931986695553983811034,2026-09-04T17:30:00+00:00,2026-09-04T17:45:00+00:00,21.97,0.49,0.5,0.495,0.01,752.11,208.0,81
2026-09-04T17:24:04.131103+00:00,btc-updown-5m-1788542400,5,4191629,38943458193864727527495088489335449089591221205770083412820451414586671193,2026-09-04T17:20:00+00:00,2026-09-04T17:25:00+00:00,0.93,0.07,0.08,0.075,0.01,127.25,91.91,99
2026-09-04T17:24:04.131103+00:00,btc-updown-5m-1788542700,5,4191640,54673465839075665961941434325538989349106784196020414332434976945511347570826,2026-09-04T17:25:00+00:00,2026-09-04T17:30:00+00:00,5.93,0.51,0.52,0.515,0.01,215.51,425.0,99
2026-09-04T17:24:04.131103+00:00,btc-updown-15m-1788542100,15,4191616,41870236339264569869383383993368099419272880908564674783781726031237275248657,2026-09-04T17:15:00+00:00,2026-09-04T17:30:00+00:00,5.93,0.18,0.19,0.185,0.01,154.78,325.0,99
2026-09-04T17:24:04.131103+00:00,btc-updown-15m-1788543000,15,4191662,90527478972677718998048948147473468981978239525215388488931986695553983811034,2026-09-04T17:30:00+00:00,2026-09-04T17:45:00+00:00,20.93,0.49,0.5,0.495,0.01,932.11,208.0,80
2026-09-04T17:25:05.277570+00:00,btc-updown-5m-1788542700,5,4191640,54673465839075665961941434325538989349106784196020414332434976945511347570826,2026-09-04T17:25:00+00:00,2026-09-04T17:30:00+00:00,4.92,0.56,0.57,0.565,0.01,122.19,722.94,99
2026-09-04T17:25:05.277570+00:00,btc-updown-5m-1788543000,5,4191660,18151804271773165837357892661996963583790156679486251711935408335475471307884,2026-09-04T17:30:00+00:00,2026-09-04T17:35:00+00:00,9.92,0.5,0.51,0.505,0.01,971.96,303.04,99
2026-09-04T17:25:05.277570+00:00,btc-updown-15m-1788542100,15,4191616,41870236339264569869383383993368099419272880908564674783781726031237275248657,2026-09-04T17:15:00+00:00,2026-09-04T17:30:00+00:00,4.92,0.16,0.17,0.165,0.01,82.15,1093.0,99
2026-09-04T17:25:05.277570+00:00,btc-updown-15m-1788543000,15,4191662,90527478972677718998048948147473468981978239525215388488931986695553983811034,2026-09-04T17:30:00+00:00,2026-09-04T17:45:00+00:00,19.92,0.49,0.5,0.495,0.01,704.08,8.0,80
2026-09-04T17:26:06.403184+00:00,btc-updown-5m-1788542700,5,4191640,54673465839075665961941434325538989349106784196020414332434976945511347570826,2026-09-04T17:25:00+00:00,2026-09-04T17:30:00+00:00,3.9,0.43,0.44,0.435,0.01,693.74,21.5,99
2026-09-04T17:26:06.403184+00:00,btc-updown-5m-1788543000,5,4191660,18151804271773165837357892661996963583790156679486251711935408335475471307884,2026-09-04T17:30:00+00:00,2026-09-04T17:35:00+00:00,8.9,0.5,0.51,0.505,0.01,1328.46,617.22,99
2026-09-04T17:26:06.403184+00:00,btc-updown-15m-1788542100,15,4191616,41870236339264569869383383993368099419272880908564674783781726031237275248657,2026-09-04T17:15:00+00:00,2026-09-04T17:30:00+00:00,3.9,0.1,0.11,0.105,0.01,40.0,132.81,99
2026-09-04T17:26:06.403184+00:00,btc-updown-15m-1788543000,15,4191662,90527478972677718998048948147473468981978239525215388488931986695553983811034,2026-09-04T17:30:00+00:00,2026-09-04T17:45:00+00:00,18.9,0.49,0.5,0.495,0.01,1024.08,8.0,81
2026-09-04T17:27:07.570876+00:00,btc-updown-5m-1788542700,5,4191640,54673465839075665961941434325538989349106784196020414332434976945511347570826,2026-09-04T17:25:00+00:00,2026-09-04T17:30:00+00:00,2.88,0.43,0.44,0.435,0.01,820.11,20.0,99
2026-09-04T17:27:07.570876+00:00,btc-updown-5m-1788543000,5,4191660,18151804271773165837357892661996963583790156679486251711935408335475471307884,2026-09-04T17:30:00+00:00,2026-09-04T17:35:00+00:00,7.88,0.5,0.51,0.505,0.01,1328.46,1017.22,99
2026-09-04T17:27:07.570876+00:00,btc-updown-15m-1788542100,15,4191616,41870236339264569869383383993368099419272880908564674783781726031237275248657,2026-09-04T17:15:00+00:00,2026-09-04T17:30:00+00:00,2.88,0.04,0.05,0.045,0.01,182.76,125.0,99
2026-09-04T17:27:07.570876+00:00,btc-updown-15m-1788543000,15,4191662,90527478972677718998048948147473468981978239525215388488931986695553983811034,2026-09-04T17:30:00+00:00,2026-09-04T17:45:00+00:00,17.88,0.49,0.5,0.495,0.01,1034.08,8.0,91
2026-09-04T17:28:08.704777+00:00,btc-updown-5m-1788542700,5,4191640,54673465839075665961941434325538989349106784196020414332434976945511347570826,2026-09-04T17:25:00+00:00,2026-09-04T17:30:00+00:00,1.87,0.5,0.51,0.505,0.01,733.38,68.0,99
2026-09-04T17:28:08.704777+00:00,btc-updown-5m-1788543000,5,4191660,18151804271773165837357892661996963583790156679486251711935408335475471307884,2026-09-04T17:30:00+00:00,2026-09-04T17:35:00+00:00,6.87,0.5,0.51,0.505,0.01,533.46,10.71,99
2026-09-04T17:28:08.704777+00:00,btc-updown-15m-1788542100,15,4191616,41870236339264569869383383993368099419272880908564674783781726031237275248657,2026-09-04T17:15:00+00:00,2026-09-04T17:30:00+00:00,1.87,0.01,0.02,0.015,0.01,705.42,73.45,99
2026-09-04T17:28:08.704777+00:00,btc-updown-15m-1788543000,15,4191662,90527478972677718998048948147473468981978239525215388488931986695553983811034,2026-09-04T17:30:00+00:00,2026-09-04T17:45:00+00:00,16.87,0.49,0.5,0.495,0.01,988.98,3.68,91
2026-09-04T17:29:09.864030+00:00,btc-updown-5m-1788542700,5,4191640,54673465839075665961941434325538989349106784196020414332434976945511347570826,2026-09-04T17:25:00+00:00,2026-09-04T17:30:00+00:00,0.85,0.16,0.17,0.165,0.01,296.37,238.73,99
2026-09-04T17:29:09.864030+00:00,btc-updown-5m-1788543000,5,4191660,18151804271773165837357892661996963583790156679486251711935408335475471307884,2026-09-04T17:30:00+00:00,2026-09-04T17:35:00+00:00,5.85,0.51,0.52,0.515,0.01,400.08,491.41,99
2026-09-04T17:29:09.864030+00:00,btc-updown-15m-1788543000,15,4191662,90527478972677718998048948147473468981978239525215388488931986695553983811034,2026-09-04T17:30:00+00:00,2026-09-04T17:45:00+00:00,15.85,0.51,0.52,0.515,0.01,75.0,182.97,85
2026-09-04T17:30:10.889339+00:00,btc-updown-5m-1788543000,5,4191660,18151804271773165837357892661996963583790156679486251711935408335475471307884,2026-09-04T17:30:00+00:00,2026-09-04T17:35:00+00:00,4.83,0.6,0.61,0.605,0.01,558.0,118.0,99
2026-09-04T17:30:10.889339+00:00,btc-updown-5m-1788543300,5,4191795,109286281102970854255791830531236765448960448153895870893087864592027068304261,2026-09-04T17:35:00+00:00,2026-09-04T17:40:00+00:00,9.83,0.5,0.51,0.505,0.01,1000.0,419.5,99
2026-09-04T17:30:10.889339+00:00,btc-updown-15m-1788543000,15,4191662,90527478972677718998048948147473468981978239525215388488931986695553983811034,2026-09-04T17:30:00+00:00,2026-09-04T17:45:00+00:00,14.83,0.55,0.56,0.555,0.01,334.15,23.89,99
2026-09-04T17:30:10.889339+00:00,btc-updown-15m-1788543900,15,4192116,94276934374475210867160528177670942071995961033686579220382058762997137337025,2026-09-04T17:45:00+00:00,2026-09-04T18:00:00+00:00,29.83,0.5,0.51,0.505,0.01,510.0,419.08,87
2026-09-04T17:31:12.310439+00:00,btc-updown-5m-1788543000,5,4191660,18151804271773165837357892661996963583790156679486251711935408335475471307884,2026-09-04T17:30:00+00:00,2026-09-04T17:35:00+00:00,3.8,0.75,0.76,0.755,0.01,597.0,173.26,99
2026-09-04T17:31:12.310439+00:00,btc-updown-5m-1788543300,5,4191795,109286281102970854255791830531236765448960448153895870893087864592027068304261,2026-09-04T17:35:00+00:00,2026-09-04T17:40:00+00:00,8.8,0.5,0.51,0.505,0.01,1430.0,441.12,99
2026-09-04T17:31:12.310439+00:00,btc-updown-15m-1788543000,15,4191662,90527478972677718998048948147473468981978239525215388488931986695553983811034,2026-09-04T17:30:00+00:00,2026-09-04T17:45:00+00:00,13.8,0.63,0.64,0.635,0.01,31.48,354.15,99
2026-09-04T17:31:12.310439+00:00,btc-updown-15m-1788543900,15,4192116,94276934374475210867160528177670942071995961033686579220382058762997137337025,2026-09-04T17:45:00+00:00,2026-09-04T18:00:00+00:00,28.8,0.5,0.51,0.505,0.01,505.91,619.08,89
2026-09-04T17:32:13.433085+00:00,btc-updown-5m-1788543000,5,4191660,18151804271773165837357892661996963583790156679486251711935408335475471307884,2026-09-04T17:30:00+00:00,2026-09-04T17:35:00+00:00,2.78,0.52,0.53,0.525,0.01,1049.7,54.51,99
2026-09-04T17:32:13.433085+00:00,btc-updown-5m-1788543300,5,4191795,109286281102970854255791830531236765448960448153895870893087864592027068304261,2026-09-04T17:35:00+00:00,2026-09-04T17:40:00+00:00,7.78,0.5,0.51,0.505,0.01,1390.0,441.12,99
2026-09-04T17:32:13.433085+00:00,btc-updown-15m-1788543000,15,4191662,90527478972677718998048948147473468981978239525215388488931986695553983811034,2026-09-04T17:30:00+00:00,2026-09-04T17:45:00+00:00,12.78,0.52,0.53,0.525,0.01,5.0,533.59,99
2026-09-04T17:32:13.433085+00:00,btc-updown-15m-1788543900,15,4192116,94276934374475210867160528177670942071995961033686579220382058762997137337025,2026-09-04T17:45:00+00:00,2026-09-04T18:00:00+00:00,27.78,0.5,0.51,0.505,0.01,605.91,619.08,89
2026-09-04T17:33:14.556890+00:00,btc-updown-5m-1788543000,5,4191660,18151804271773165837357892661996963583790156679486251711935408335475471307884,2026-09-04T17:30:00+00:00,2026-09-04T17:35:00+00:00,1.77,0.67,0.68,0.675,0.01,153.93,541.0,99
2026-09-04T17:33:14.556890+00:00,btc-updown-5m-1788543300,5,4191795,109286281102970854255791830531236765448960448153895870893087864592027068304261,2026-09-04T17:35:00+00:00,2026-09-04T17:40:00+00:00,6.77,0.5,0.51,0.505,0.01,593.0,241.12,99
2026-09-04T17:33:14.556890+00:00,btc-updown-15m-1788543000,15,4191662,90527478972677718998048948147473468981978239525215388488931986695553983811034,2026-09-04T17:30:00+00:00,2026-09-04T17:45:00+00:00,11.77,0.54,0.55,0.545,0.01,476.46,43.63,99
2026-09-04T17:33:14.556890+00:00,btc-updown-15m-1788543900,15,4192116,94276934374475210867160528177670942071995961033686579220382058762997137337025,2026-09-04T17:45:00+00:00,2026-09-04T18:00:00+00:00,26.77,0.5,0.51,0.505,0.01,605.91,619.08,91
2026-09-04T17:34:15.703765+00:00,btc-updown-5m-1788543000,5,4191660,18151804271773165837357892661996963583790156679486251711935408335475471307884,2026-09-04T17:30:00+00:00,2026-09-04T17:35:00+00:00,0.75,0.03,0.04,0.035,0.01,1127.83,137.38,99
2026-09-04T17:34:15.703765+00:00,btc-updown-5m-1788543300,5,4191795,109286281102970854255791830531236765448960448153895870893087864592027068304261,2026-09-04T17:35:00+00:00,2026-09-04T17:40:00+00:00,5.75,0.51,0.52,0.515,0.01,399.38,194.59,99
2026-09-04T17:34:15.703765+00:00,btc-updown-15m-1788543000,15,4191662,90527478972677718998048948147473468981978239525215388488931986695553983811034,2026-09-04T17:30:00+00:00,2026-09-04T17:45:00+00:00,10.75,0.45,0.46,0.455,0.01,1428.0,17.0,99
2026-09-04T17:34:15.703765+00:00,btc-updown-15m-1788543900,15,4192116,94276934374475210867160528177670942071995961033686579220382058762997137337025,2026-09-04T17:45:00+00:00,2026-09-04T18:00:00+00:00,25.75,0.5,0.51,0.505,0.01,1385.91,619.08,91
2026-09-04T17:35:16.826089+00:00,btc-updown-5m-1788543300,5,4191795,109286281102970854255791830531236765448960448153895870893087864592027068304261,2026-09-04T17:35:00+00:00,2026-09-04T17:40:00+00:00,4.73,0.49,0.5,0.495,0.01,313.23,187.92,99
2026-09-04T17:35:16.826089+00:00,btc-updown-5m-1788543600,5,4192111,15593663737339384301369475909154611264291092935099757952869677762297748222535,2026-09-04T17:40:00+00:00,2026-09-04T17:45:00+00:00,9.73,0.5,0.51,0.505,0.01,1196.0,694.77,99
2026-09-04T17:35:16.826089+00:00,btc-updown-15m-1788543000,15,4191662,90527478972677718998048948147473468981978239525215388488931986695553983811034,2026-09-04T17:30:00+00:00,2026-09-04T17:45:00+00:00,9.73,0.43,0.44,0.435,0.01,165.0,1089.0,99
2026-09-04T17:35:16.826089+00:00,btc-updown-15m-1788543900,15,4192116,94276934374475210867160528177670942071995961033686579220382058762997137337025,2026-09-04T17:45:00+00:00,2026-09-04T18:00:00+00:00,24.73,0.5,0.51,0.505,0.01,1413.91,445.0,79
2026-09-04T17:36:17.941064+00:00,btc-updown-5m-1788543300,5,4191795,109286281102970854255791830531236765448960448153895870893087864592027068304261,2026-09-04T17:35:00+00:00,2026-09-04T17:40:00+00:00,3.72,0.25,0.26,0.255,0.01,94.96,321.48,99
2026-09-04T17:36:17.941064+00:00,btc-updown-5m-1788543600,5,4192111,15593663737339384301369475909154611264291092935099757952869677762297748222535,2026-09-04T17:40:00+00:00,2026-09-04T17:45:00+00:00,8.72,0.5,0.51,0.505,0.01,1262.0,699.77,99
2026-09-04T17:36:17.941064+00:00,btc-updown-15m-1788543000,15,4191662,90527478972677718998048948147473468981978239525215388488931986695553983811034,2026-09-04T17:30:00+00:00,2026-09-04T17:45:00+00:00,8.72,0.3,0.31,0.305,0.01,10.0,510.48,99
2026-09-04T17:36:17.941064+00:00,btc-updown-15m-1788543900,15,4192116,94276934374475210867160528177670942071995961033686579220382058762997137337025,2026-09-04T17:45:00+00:00,2026-09-04T18:00:00+00:00,23.72,0.5,0.51,0.505,0.01,1411.91,434.08,79
2026-09-04T17:37:19.175634+00:00,btc-updown-5m-1788543300,5,4191795,109286281102970854255791830531236765448960448153895870893087864592027068304261,2026-09-04T17:35:00+00:00,2026-09-04T17:40:00+00:00,2.68,0.2,0.21,0.205,0.01,1483.16,160.0,99
2026-09-04T17:37:19.175634+00:00,btc-updown-5m-1788543600,5,4192111,15593663737339384301369475909154611264291092935099757952869677762297748222535,2026-09-04T17:40:00+00:00,2026-09-04T17:45:00+00:00,7.68,0.5,0.51,0.505,0.01,1301.2,489.0,99
2026-09-04T17:37:19.175634+00:00,btc-updown-15m-1788543000,15,4191662,90527478972677718998048948147473468981978239525215388488931986695553983811034,2026-09-04T17:30:00+00:00,2026-09-04T17:45:00+00:00,7.68,0.28,0.29,0.285,0.01,252.24,57.0,99
2026-09-04T17:37:19.175634+00:00,btc-updown-15m-1788543900,15,4192116,94276934374475210867160528177670942071995961033686579220382058762997137337025,2026-09-04T17:45:00+00:00,2026-09-04T18:00:00+00:00,22.68,0.5,0.51,0.505,0.01,711.91,230.0,79
2026-09-04T17:38:20.255267+00:00,btc-updown-5m-1788543300,5,4191795,109286281102970854255791830531236765448960448153895870893087864592027068304261,2026-09-04T17:35:00+00:00,2026-09-04T17:40:00+00:00,1.67,0.81,0.82,0.815,0.01,10.0,259.75,99
2026-09-04T17:38:20.255267+00:00,btc-updown-5m-1788543600,5,4192111,15593663737339384301369475909154611264291092935099757952869677762297748222535,2026-09-04T17:40:00+00:00,2026-09-04T17:45:00+00:00,6.67,0.5,0.51,0.505,0.01,741.2,289.0,99
2026-09-04T17:38:20.255267+00:00,btc-updown-15m-1788543000,15,4191662,90527478972677718998048948147473468981978239525215388488931986695553983811034,2026-09-04T17:30:00+00:00,2026-09-04T17:45:00+00:00,6.67,0.55,0.56,0.555,0.01,174.0,101.0,99
2026-09-04T17:38:20.255267+00:00,btc-updown-15m-1788543900,15,4192116,94276934374475210867160528177670942071995961033686579220382058762997137337025,2026-09-04T17:45:00+00:00,2026-09-04T18:00:00+00:00,21.67,0.5,0.51,0.505,0.01,631.91,434.08,79
2026-09-04T17:39:21.362162+00:00,btc-updown-5m-1788543600,5,4192111,15593663737339384301369475909154611264291092935099757952869677762297748222535,2026-09-04T17:40:00+00:00,2026-09-04T17:45:00+00:00,5.65,0.52,0.53,0.525,0.01,256.0,82.55,99
2026-09-04T17:39:21.362162+00:00,btc-updown-15m-1788543000,15,4191662,90527478972677718998048948147473468981978239525215388488931986695553983811034,2026-09-04T17:30:00+00:00,2026-09-04T17:45:00+00:00,5.65,0.77,0.8,0.785,0.03,5.0,268.1,97
2026-09-04T17:39:21.362162+00:00,btc-updown-15m-1788543900,15,4192116,94276934374475210867160528177670942071995961033686579220382058762997137337025,2026-09-04T17:45:00+00:00,2026-09-04T18:00:00+00:00,20.65,0.5,0.51,0.505,0.01,491.91,440.17,79
2026-09-04T17:40:22.417267+00:00,btc-updown-5m-1788543600,5,4192111,15593663737339384301369475909154611264291092935099757952869677762297748222535,2026-09-04T17:40:00+00:00,2026-09-04T17:45:00+00:00,4.63,0.42,0.43,0.425,0.01,179.39,47.0,99
2026-09-04T17:40:22.417267+00:00,btc-updown-5m-1788543900,5,4192124,76206495080787793255530332490782498951332549536359107649597593990513906439577,2026-09-04T17:45:00+00:00,2026-09-04T17:50:00+00:00,9.63,0.5,0.51,0.505,0.01,339.96,964.69,99
2026-09-04T17:40:22.417267+00:00,btc-updown-15m-1788543000,15,4191662,90527478972677718998048948147473468981978239525215388488931986695553983811034,2026-09-04T17:30:00+00:00,2026-09-04T17:45:00+00:00,4.63,0.68,0.69,0.685,0.01,300.29,6.0,99
2026-09-04T17:40:22.417267+00:00,btc-updown-15m-1788543900,15,4192116,94276934374475210867160528177670942071995961033686579220382058762997137337025,2026-09-04T17:45:00+00:00,2026-09-04T18:00:00+00:00,19.63,0.5,0.51,0.505,0.01,220.91,460.17,77
2026-09-04T17:41:23.527305+00:00,btc-updown-5m-1788543600,5,4192111,15593663737339384301369475909154611264291092935099757952869677762297748222535,2026-09-04T17:40:00+00:00,2026-09-04T17:45:00+00:00,3.62,0.24,0.25,0.245,0.01,276.82,10.0,99
2026-09-04T17:41:23.527305+00:00,btc-updown-5m-1788543900,5,4192124,76206495080787793255530332490782498951332549536359107649597593990513906439577,2026-09-04T17:45:00+00:00,2026-09-04T17:50:00+00:00,8.62,0.5,0.51,0.505,0.01,344.96,926.56,99
2026-09-04T17:41:23.527305+00:00,btc-updown-15m-1788543000,15,4191662,90527478972677718998048948147473468981978239525215388488931986695553983811034,2026-09-04T17:30:00+00:00,2026-09-04T17:45:00+00:00,3.62,0.57,0.58,0.575,0.01,2401.29,110.0,99
2026-09-04T17:41:23.527305+00:00,btc-updown-15m-1788543900,15,4192116,94276934374475210867160528177670942071995961033686579220382058762997137337025,2026-09-04T17:45:00+00:00,2026-09-04T18:00:00+00:00,18.62,0.5,0.51,0.505,0.01,360.91,454.08,81
2026-09-04T17:42:24.639332+00:00,btc-updown-5m-1788543600,5,4192111,15593663737339384301369475909154611264291092935099757952869677762297748222535,2026-09-04T17:40:00+00:00,2026-09-04T17:45:00+00:00,2.6,0.04,0.05,0.045,0.01,537.6,58.83,99
2026-09-04T17:42:24.639332+00:00,btc-updown-5m-1788543900,5,4192124,76206495080787793255530332490782498951332549536359107649597593990513906439577,2026-09-04T17:45:00+00:00,2026-09-04T17:50:00+00:00,7.6,0.5,0.51,0.505,0.01,384.96,857.93,99
2026-09-04T17:42:24.639332+00:00,btc-updown-15m-1788543000,15,4191662,90527478972677718998048948147473468981978239525215388488931986695553983811034,2026-09-04T17:30:00+00:00,2026-09-04T17:45:00+00:00,2.6,0.23,0.24,0.235,0.01,95.4,175.0,99
2026-09-04T17:42:24.639332+00:00,btc-updown-15m-1788543900,15,4192116,94276934374475210867160528177670942071995961033686579220382058762997137337025,2026-09-04T17:45:00+00:00,2026-09-04T18:00:00+00:00,17.6,0.5,0.51,0.505,0.01,360.91,250.0,89
2026-09-04T17:43:25.727570+00:00,btc-updown-5m-1788543900,5,4192124,76206495080787793255530332490782498951332549536359107649597593990513906439577,2026-09-04T17:45:00+00:00,2026-09-04T17:50:00+00:00,6.58,0.49,0.5,0.495,0.01,90.0,270.4,99
2026-09-04T17:43:25.727570+00:00,btc-updown-15m-1788543000,15,4191662,90527478972677718998048948147473468981978239525215388488931986695553983811034,2026-09-04T17:30:00+00:00,2026-09-04T17:45:00+00:00,1.58,0.03,0.04,0.035,0.01,48.91,166.86,99
2026-09-04T17:43:25.727570+00:00,btc-updown-15m-1788543900,15,4192116,94276934374475210867160528177670942071995961033686579220382058762997137337025,2026-09-04T17:45:00+00:00,2026-09-04T18:00:00+00:00,16.58,0.51,0.52,0.515,0.01,673.91,235.0,89
2026-09-04T17:44:26.714972+00:00,btc-updown-5m-1788543900,5,4192124,76206495080787793255530332490782498951332549536359107649597593990513906439577,2026-09-04T17:45:00+00:00,2026-09-04T17:50:00+00:00,5.57,0.5,0.51,0.505,0.01,479.0,50.57,99
2026-09-04T17:44:26.714972+00:00,btc-updown-15m-1788543900,15,4192116,94276934374475210867160528177670942071995961033686579220382058762997137337025,2026-09-04T17:45:00+00:00,2026-09-04T18:00:00+00:00,15.57,0.52,0.53,0.525,0.01,342.31,283.33,87
2026-09-04T17:45:27.661315+00:00,btc-updown-5m-1788543900,5,4192124,76206495080787793255530332490782498951332549536359107649597593990513906439577,2026-09-04T17:45:00+00:00,2026-09-04T17:50:00+00:00,4.55,0.29,0.3,0.295,0.01,173.59,538.58,99
2026-09-04T17:45:27.661315+00:00,btc-updown-5m-1788544200,5,4192143,38755440275957752533047619775393190373243112410735876793516479122396316511249,2026-09-04T17:50:00+00:00,2026-09-04T17:55:00+00:00,9.55,0.5,0.51,0.505,0.01,756.82,430.0,99
2026-09-04T17:45:27.661315+00:00,btc-updown-15m-1788543900,15,4192116,94276934374475210867160528177670942071995961033686579220382058762997137337025,2026-09-04T17:45:00+00:00,2026-09-04T18:00:00+00:00,14.55,0.41,0.42,0.415,0.01,72.0,1239.8,99
2026-09-04T17:45:27.661315+00:00,btc-updown-15m-1788544800,15,4192175,107468930264665127056391257908905166490946727800734003827108808177133943852133,2026-09-04T18:00:00+00:00,2026-09-04T18:15:00+00:00,29.55,0.5,0.51,0.505,0.01,672.0,669.08,89
2026-09-04T17:46:28.762267+00:00,btc-updown-5m-1788543900,5,4192124,76206495080787793255530332490782498951332549536359107649597593990513906439577,2026-09-04T17:45:00+00:00,2026-09-04T17:50:00+00:00,3.53,0.2,0.21,0.205,0.01,102.5,585.55,99
2026-09-04T17:46:28.762267+00:00,btc-updown-5m-1788544200,5,4192143,38755440275957752533047619775393190373243112410735876793516479122396316511249,2026-09-04T17:50:00+00:00,2026-09-04T17:55:00+00:00,8.53,0.5,0.51,0.505,0.01,737.82,431.07,99
2026-09-04T17:46:28.762267+00:00,btc-updown-15m-1788543900,15,4192116,94276934374475210867160528177670942071995961033686579220382058762997137337025,2026-09-04T17:45:00+00:00,2026-09-04T18:00:00+00:00,13.53,0.35,0.36,0.355,0.01,218.01,87.83,99
2026-09-04T17:46:28.762267+00:00,btc-updown-15m-1788544800,15,4192175,107468930264665127056391257908905166490946727800734003827108808177133943852133,2026-09-04T18:00:00+00:00,2026-09-04T18:15:00+00:00,28.53,0.5,0.51,0.505,0.01,1469.0,649.48,90
2026-09-04T17:47:29.890189+00:00,btc-updown-5m-1788543900,5,4192124,76206495080787793255530332490782498951332549536359107649597593990513906439577,2026-09-04T17:45:00+00:00,2026-09-04T17:50:00+00:00,2.52,0.37,0.38,0.375,0.01,369.33,88.0,99
2026-09-04T17:47:29.890189+00:00,btc-updown-5m-1788544200,5,4192143,38755440275957752533047619775393190373243112410735876793516479122396316511249,2026-09-04T17:50:00+00:00,2026-09-04T17:55:00+00:00,7.52,0.5,0.51,0.505,0.01,727.84,441.28,99
2026-09-04T17:47:29.890189+00:00,btc-updown-15m-1788543900,15,4192116,94276934374475210867160528177670942071995961033686579220382058762997137337025,2026-09-04T17:45:00+00:00,2026-09-04T18:00:00+00:00,12.52,0.47,0.48,0.475,0.01,200.0,55.0,99
2026-09-04T17:47:29.890189+00:00,btc-updown-15m-1788544800,15,4192175,107468930264665127056391257908905166490946727800734003827108808177133943852133,2026-09-04T18:00:00+00:00,2026-09-04T18:15:00+00:00,27.52,0.5,0.51,0.505,0.01,694.91,455.0,89
2026-09-04T17:48:31.020048+00:00,btc-updown-5m-1788543900,5,4192124,76206495080787793255530332490782498951332549536359107649597593990513906439577,2026-09-04T17:45:00+00:00,2026-09-04T17:50:00+00:00,1.48,0.37,0.38,0.375,0.01,78.41,149.46,99
2026-09-04T17:48:31.020048+00:00,btc-updown-5m-1788544200,5,4192143,38755440275957752533047619775393190373243112410735876793516479122396316511249,2026-09-04T17:50:00+00:00,2026-09-04T17:55:00+00:00,6.48,0.5,0.51,0.505,0.01,827.84,230.0,99
2026-09-04T17:48:31.020048+00:00,btc-updown-15m-1788543900,15,4192116,94276934374475210867160528177670942071995961033686579220382058762997137337025,2026-09-04T17:45:00+00:00,2026-09-04T18:00:00+00:00,11.48,0.48,0.49,0.485,0.01,156.0,95.0,99
2026-09-04T17:48:31.020048+00:00,btc-updown-15m-1788544800,15,4192175,107468930264665127056391257908905166490946727800734003827108808177133943852133,2026-09-04T18:00:00+00:00,2026-09-04T18:15:00+00:00,26.48,0.5,0.51,0.505,0.01,614.91,455.0,89
2026-09-04T17:49:32.135880+00:00,btc-updown-5m-1788544200,5,4192143,38755440275957752533047619775393190373243112410735876793516479122396316511249,2026-09-04T17:50:00+00:00,2026-09-04T17:55:00+00:00,5.47,0.53,0.54,0.535,0.01,256.0,64.44,99
2026-09-04T17:49:32.135880+00:00,btc-updown-15m-1788543900,15,4192116,94276934374475210867160528177670942071995961033686579220382058762997137337025,2026-09-04T17:45:00+00:00,2026-09-04T18:00:00+00:00,10.47,0.49,0.5,0.495,0.01,314.32,173.0,99
2026-09-04T17:49:32.135880+00:00,btc-updown-15m-1788544800,15,4192175,107468930264665127056391257908905166490946727800734003827108808177133943852133,2026-09-04T18:00:00+00:00,2026-09-04T18:15:00+00:00,25.47,0.5,0.51,0.505,0.01,614.91,467.09,95
2026-09-04T17:50:33.232423+00:00,btc-updown-5m-1788544200,5,4192143,38755440275957752533047619775393190373243112410735876793516479122396316511249,2026-09-04T17:50:00+00:00,2026-09-04T17:55:00+00:00,4.45,0.37,0.38,0.375,0.01,516.88,165.25,99
2026-09-04T17:50:33.232423+00:00,btc-updown-5m-1788544500,5,4192153,62373449829996795402161354859601464094610732155123676026950227581403820229558,2026-09-04T17:55:00+00:00,2026-09-04T18:00:00+00:00,9.45,0.5,0.51,0.505,0.01,530.0,615.15,99
2026-09-04T17:50:33.232423+00:00,btc-updown-15m-1788543900,15,4192116,94276934374475210867160528177670942071995961033686579220382058762997137337025,2026-09-04T17:45:00+00:00,2026-09-04T18:00:00+00:00,9.45,0.36,0.37,0.365,0.01,394.78,125.0,99
2026-09-04T17:50:33.232423+00:00,btc-updown-15m-1788544800,15,4192175,107468930264665127056391257908905166490946727800734003827108808177133943852133,2026-09-04T18:00:00+00:00,2026-09-04T18:15:00+00:00,24.45,0.5,0.51,0.505,0.01,722.91,485.0,83
2026-09-04T17:51:34.388434+00:00,btc-updown-5m-1788544200,5,4192143,38755440275957752533047619775393190373243112410735876793516479122396316511249,2026-09-04T17:50:00+00:00,2026-09-04T17:55:00+00:00,3.43,0.22,0.23,0.225,0.01,271.23,215.0,99
2026-09-04T17:51:34.388434+00:00,btc-updown-5m-1788544500,5,4192153,62373449829996795402161354859601464094610732155123676026950227581403820229558,2026-09-04T17:55:00+00:00,2026-09-04T18:00:00+00:00,8.43,0.5,0.51,0.505,0.01,481.0,620.15,99
2026-09-04T17:51:34.388434+00:00,btc-updown-15m-1788543900,15,4192116,94276934374475210867160528177670942071995961033686579220382058762997137337025,2026-09-04T17:45:00+00:00,2026-09-04T18:00:00+00:00,8.43,0.25,0.26,0.255,0.01,5.0,192.92,99
2026-09-04T17:51:34.388434+00:00,btc-updown-15m-1788544800,15,4192175,107468930264665127056391257908905166490946727800734003827108808177133943852133,2026-09-04T18:00:00+00:00,2026-09-04T18:15:00+00:00,23.43,0.5,0.51,0.505,0.01,720.91,485.0,84
2026-09-04T17:52:35.485057+00:00,btc-updown-5m-1788544200,5,4192143,38755440275957752533047619775393190373243112410735876793516479122396316511249,2026-09-04T17:50:00+00:00,2026-09-04T17:55:00+00:00,2.42,0.07,0.08,0.075,0.01,648.61,132.7,99
2026-09-04T17:52:35.485057+00:00,btc-updown-5m-1788544500,5,4192153,62373449829996795402161354859601464094610732155123676026950227581403820229558,2026-09-04T17:55:00+00:00,2026-09-04T18:00:00+00:00,7.42,0.5,0.51,0.505,0.01,481.0,615.15,99
2026-09-04T17:52:35.485057+00:00,btc-updown-15m-1788543900,15,4192116,94276934374475210867160528177670942071995961033686579220382058762997137337025,2026-09-04T17:45:00+00:00,2026-09-04T18:00:00+00:00,7.42,0.18,0.19,0.185,0.01,302.51,10.0,99
2026-09-04T17:52:35.485057+00:00,btc-updown-15m-1788544800,15,4192175,107468930264665127056391257908905166490946727800734003827108808177133943852133,2026-09-04T18:00:00+00:00,2026-09-04T18:15:00+00:00,22.42,0.5,0.51,0.505,0.01,720.91,485.0,84
2026-09-04T17:53:36.598804+00:00,btc-updown-5m-1788544500,5,4192153,62373449829996795402161354859601464094610732155123676026950227581403820229558,2026-09-04T17:55:00+00:00,2026-09-04T18:00:00+00:00,6.4,0.5,0.51,0.505,0.01,154.62,343.92,99
2026-09-04T17:53:36.598804+00:00,btc-updown-15m-1788543900,15,4192116,94276934374475210867160528177670942071995961033686579220382058762997137337025,2026-09-04T17:45:00+00:00,2026-09-04T18:00:00+00:00,6.4,0.11,0.12,0.115,0.01,10.0,476.91,99
2026-09-04T17:53:36.598804+00:00,btc-updown-15m-1788544800,15,4192175,107468930264665127056391257908905166490946727800734003827108808177133943852133,2026-09-04T18:00:00+00:00,2026-09-04T18:15:00+00:00,21.4,0.5,0.51,0.505,0.01,670.91,435.0,85
2026-09-04T17:54:37.613268+00:00,btc-updown-5m-1788544500,5,4192153,62373449829996795402161354859601464094610732155123676026950227581403820229558,2026-09-04T17:55:00+00:00,2026-09-04T18:00:00+00:00,5.38,0.54,0.55,0.545,0.01,73.23,175.47,99
2026-09-04T17:54:37.613268+00:00,btc-updown-15m-1788543900,15,4192116,94276934374475210867160528177670942071995961033686579220382058762997137337025,2026-09-04T17:45:00+00:00,2026-09-04T18:00:00+00:00,5.38,0.21,0.22,0.215,0.01,75.0,285.0,99
2026-09-04T17:54:37.613268+00:00,btc-updown-15m-1788544800,15,4192175,107468930264665127056391257908905166490946727800734003827108808177133943852133,2026-09-04T18:00:00+00:00,2026-09-04T18:15:00+00:00,20.38,0.5,0.51,0.505,0.01,590.91,435.0,85
2026-09-04T17:55:38.633188+00:00,btc-updown-5m-1788544500,5,4192153,62373449829996795402161354859601464094610732155123676026950227581403820229558,2026-09-04T17:55:00+00:00,2026-09-04T18:00:00+00:00,4.37,0.71,0.72,0.715,0.01,97.63,229.41,99
2026-09-04T17:55:38.633188+00:00,btc-updown-5m-1788544800,5,4192187,40064178219347598864671906684904397171987654284839448196682300067030806780980,2026-09-04T18:00:00+00:00,2026-09-04T18:05:00+00:00,9.37,0.5,0.51,0.505,0.01,1289.0,880.78,99
2026-09-04T17:55:38.633188+00:00,btc-updown-15m-1788543900,15,4192116,94276934374475210867160528177670942071995961033686579220382058762997137337025,2026-09-04T17:45:00+00:00,2026-09-04T18:00:00+00:00,4.37,0.31,0.32,0.315,0.01,90.0,155.0,99
2026-09-04T17:55:38.633188+00:00,btc-updown-15m-1788544800,15,4192175,107468930264665127056391257908905166490946727800734003827108808177133943852133,2026-09-04T18:00:00+00:00,2026-09-04T18:15:00+00:00,19.37,0.5,0.51,0.505,0.01,660.91,30.0,83
2026-09-04T17:56:39.737416+00:00,btc-updown-5m-1788544500,5,4192153,62373449829996795402161354859601464094610732155123676026950227581403820229558,2026-09-04T17:55:00+00:00,2026-09-04T18:00:00+00:00,3.35,0.87,0.88,0.875,0.01,133.77,79.0,99
2026-09-04T17:56:39.737416+00:00,btc-updown-5m-1788544800,5,4192187,40064178219347598864671906684904397171987654284839448196682300067030806780980,2026-09-04T18:00:00+00:00,2026-09-04T18:05:00+00:00,8.35,0.5,0.51,0.505,0.01,1250.0,885.78,99
2026-09-04T17:56:39.737416+00:00,btc-updown-15m-1788543900,15,4192116,94276934374475210867160528177670942071995961033686579220382058762997137337025,2026-09-04T17:45:00+00:00,2026-09-04T18:00:00+00:00,3.35,0.42,0.43,0.425,0.01,10.0,7190.0,99
2026-09-04T17:56:39.737416+00:00,btc-updown-15m-1788544800,15,4192175,107468930264665127056391257908905166490946727800734003827108808177133943852133,2026-09-04T18:00:00+00:00,2026-09-04T18:15:00+00:00,18.35,0.5,0.51,0.505,0.01,660.91,248.17,83
2026-09-04T17:57:40.846791+00:00,btc-updown-5m-1788544500,5,4192153,62373449829996795402161354859601464094610732155123676026950227581403820229558,2026-09-04T17:55:00+00:00,2026-09-04T18:00:00+00:00,2.33,0.92,0.93,0.925,0.01,176.93,214.98,99
2026-09-04T17:57:40.846791+00:00,btc-updown-5m-1788544800,5,4192187,40064178219347598864671906684904397171987654284839448196682300067030806780980,2026-09-04T18:00:00+00:00,2026-09-04T18:05:00+00:00,7.33,0.5,0.51,0.505,0.01,1550.0,838.56,99
2026-09-04T17:57:40.846791+00:00,btc-updown-15m-1788543900,15,4192116,94276934374475210867160528177670942071995961033686579220382058762997137337025,2026-09-04T17:45:00+00:00,2026-09-04T18:00:00+00:00,2.33,0.36,0.37,0.365,0.01,181.0,6080.88,99
2026-09-04T17:57:40.846791+00:00,btc-updown-15m-1788544800,15,4192175,107468930264665127056391257908905166490946727800734003827108808177133943852133,2026-09-04T18:00:00+00:00,2026-09-04T18:15:00+00:00,17.33,0.5,0.51,0.505,0.01,570.0,287.11,95
2026-09-04T17:58:41.947188+00:00,btc-updown-5m-1788544800,5,4192187,40064178219347598864671906684904397171987654284839448196682300067030806780980,2026-09-04T18:00:00+00:00,2026-09-04T18:05:00+00:00,6.32,0.5,0.51,0.505,0.01,592.0,551.56,99
2026-09-04T17:58:41.947188+00:00,btc-updown-15m-1788543900,15,4192116,94276934374475210867160528177670942071995961033686579220382058762997137337025,2026-09-04T17:45:00+00:00,2026-09-04T18:00:00+00:00,1.32,0.79,0.8,0.795,0.01,152.25,93.0,99
2026-09-04T17:58:41.947188+00:00,btc-updown-15m-1788544800,15,4192175,107468930264665127056391257908905166490946727800734003827108808177133943852133,2026-09-04T18:00:00+00:00,2026-09-04T18:15:00+00:00,16.32,0.5,0.51,0.505,0.01,671.0,209.08,95
2026-09-04T17:59:42.979431+00:00,btc-updown-5m-1788544800,5,4192187,40064178219347598864671906684904397171987654284839448196682300067030806780980,2026-09-04T18:00:00+00:00,2026-09-04T18:05:00+00:00,5.3,0.46,0.47,0.465,0.01,2.84,232.84,99
2026-09-04T17:59:42.979431+00:00,btc-updown-15m-1788544800,15,4192175,107468930264665127056391257908905166490946727800734003827108808177133943852133,2026-09-04T18:00:00+00:00,2026-09-04T18:15:00+00:00,15.3,0.5,0.51,0.505,0.01,107.0,83.17,87
2026-09-04T18:00:43.894782+00:00,btc-updown-5m-1788544800,5,4192187,40064178219347598864671906684904397171987654284839448196682300067030806780980,2026-09-04T18:00:00+00:00,2026-09-04T18:05:00+00:00,4.28,0.77,0.78,0.775,0.01,417.8,26.0,99
2026-09-04T18:00:43.894782+00:00,btc-updown-5m-1788545100,5,4192245,76452129386551976384038006094345725489193697773423100067518339032002193345933,2026-09-04T18:05:00+00:00,2026-09-04T18:10:00+00:00,9.28,0.49,0.5,0.495,0.01,829.0,413.0,99
2026-09-04T18:00:43.894782+00:00,btc-updown-15m-1788544800,15,4192175,107468930264665127056391257908905166490946727800734003827108808177133943852133,2026-09-04T18:00:00+00:00,2026-09-04T18:15:00+00:00,14.28,0.65,0.66,0.655,0.01,352.48,31.33,98
2026-09-04T18:00:43.894782+00:00,btc-updown-15m-1788545700,15,4192286,112370459467311744053857848297364575922860367699168293637784580574411515297873,2026-09-04T18:15:00+00:00,2026-09-04T18:30:00+00:00,29.28,0.5,0.51,0.505,0.01,483.14,619.08,90
2026-09-04T18:01:44.992488+00:00,btc-updown-5m-1788544800,5,4192187,40064178219347598864671906684904397171987654284839448196682300067030806780980,2026-09-04T18:00:00+00:00,2026-09-04T18:05:00+00:00,3.27,0.92,0.93,0.925,0.01,333.27,250.85,99
2026-09-04T18:01:44.992488+00:00,btc-updown-5m-1788545100,5,4192245,76452129386551976384038006094345725489193697773423100067518339032002193345933,2026-09-04T18:05:00+00:00,2026-09-04T18:10:00+00:00,8.27,0.49,0.5,0.495,0.01,844.0,438.6,99
2026-09-04T18:01:44.992488+00:00,btc-updown-15m-1788544800,15,4192175,107468930264665127056391257908905166490946727800734003827108808177133943852133,2026-09-04T18:00:00+00:00,2026-09-04T18:15:00+00:00,13.27,0.79,0.8,0.795,0.01,241.02,450.0,99
2026-09-04T18:01:44.992488+00:00,btc-updown-15m-1788545700,15,4192286,112370459467311744053857848297364575922860367699168293637784580574411515297873,2026-09-04T18:15:00+00:00,2026-09-04T18:30:00+00:00,28.27,0.5,0.51,0.505,0.01,268.14,759.08,91
2026-09-04T18:02:46.130160+00:00,btc-updown-5m-1788544800,5,4192187,40064178219347598864671906684904397171987654284839448196682300067030806780980,2026-09-04T18:00:00+00:00,2026-09-04T18:05:00+00:00,2.23,0.93,0.94,0.935,0.01,317.0,86.44,99
2026-09-04T18:02:46.130160+00:00,btc-updown-5m-1788545100,5,4192245,76452129386551976384038006094345725489193697773423100067518339032002193345933,2026-09-04T18:05:00+00:00,2026-09-04T18:10:00+00:00,7.23,0.49,0.5,0.495,0.01,960.07,572.46,99
2026-09-04T18:02:46.130160+00:00,btc-updown-15m-1788544800,15,4192175,107468930264665127056391257908905166490946727800734003827108808177133943852133,2026-09-04T18:00:00+00:00,2026-09-04T18:15:00+00:00,12.23,0.74,0.75,0.745,0.01,395.28,28.66,99
2026-09-04T18:02:46.130160+00:00,btc-updown-15m-1788545700,15,4192286,112370459467311744053857848297364575922860367699168293637784580574411515297873,2026-09-04T18:15:00+00:00,2026-09-04T18:30:00+00:00,27.23,0.5,0.51,0.505,0.01,268.14,879.08,91
2026-09-04T18:03:47.243856+00:00,btc-updown-5m-1788545100,5,4192245,76452129386551976384038006094345725489193697773423100067518339032002193345933,2026-09-04T18:05:00+00:00,2026-09-04T18:10:00+00:00,6.22,0.53,0.54,0.535,0.01,70.91,542.0,99
2026-09-04T18:03:47.243856+00:00,btc-updown-15m-1788544800,15,4192175,107468930264665127056391257908905166490946727800734003827108808177133943852133,2026-09-04T18:00:00+00:00,2026-09-04T18:15:00+00:00,11.22,0.8,0.81,0.805,0.01,91.84,110.29,99
2026-09-04T18:03:47.243856+00:00,btc-updown-15m-1788545700,15,4192286,112370459467311744053857848297364575922860367699168293637784580574411515297873,2026-09-04T18:15:00+00:00,2026-09-04T18:30:00+00:00,26.22,0.5,0.51,0.505,0.01,298.14,759.08,91
2026-09-04T18:04:48.245344+00:00,btc-updown-5m-1788545100,5,4192245,76452129386551976384038006094345725489193697773423100067518339032002193345933,2026-09-04T18:05:00+00:00,2026-09-04T18:10:00+00:00,5.2,0.43,0.44,0.435,0.01,48.0,246.0,98
2026-09-04T18:04:48.245344+00:00,btc-updown-15m-1788544800,15,4192175,107468930264665127056391257908905166490946727800734003827108808177133943852133,2026-09-04T18:00:00+00:00,2026-09-04T18:15:00+00:00,10.2,0.77,0.78,0.775,0.01,175.0,54.87,99
2026-09-04T18:04:48.245344+00:00,btc-updown-15m-1788545700,15,4192286,112370459467311744053857848297364575922860367699168293637784580574411515297873,2026-09-04T18:15:00+00:00,2026-09-04T18:30:00+00:00,25.2,0.5,0.51,0.505,0.01,298.14,679.08,95
2026-09-04T18:05:49.305380+00:00,btc-updown-5m-1788545100,5,4192245,76452129386551976384038006094345725489193697773423100067518339032002193345933,2026-09-04T18:05:00+00:00,2026-09-04T18:10:00+00:00,4.18,0.61,0.62,0.615,0.01,35.0,1587.93,99
2026-09-04T18:05:49.305380+00:00,btc-updown-5m-1788545400,5,4192275,22039439782657505857812816693255802759797648718907051441942426746097734916264,2026-09-04T18:10:00+00:00,2026-09-04T18:15:00+00:00,9.18,0.5,0.51,0.505,0.01,301.96,1020.76,99
2026-09-04T18:05:49.305380+00:00,btc-updown-15m-1788544800,15,4192175,107468930264665127056391257908905166490946727800734003827108808177133943852133,2026-09-04T18:00:00+00:00,2026-09-04T18:15:00+00:00,9.18,0.86,0.87,0.865,0.01,474.08,81.51,99
2026-09-04T18:05:49.305380+00:00,btc-updown-15m-1788545700,15,4192286,112370459467311744053857848297364575922860367699168293637784580574411515297873,2026-09-04T18:15:00+00:00,2026-09-04T18:30:00+00:00,24.18,0.5,0.51,0.505,0.01,298.14,787.11,87
2026-09-04T18:06:50.419188+00:00,btc-updown-5m-1788545100,5,4192245,76452129386551976384038006094345725489193697773423100067518339032002193345933,2026-09-04T18:05:00+00:00,2026-09-04T18:10:00+00:00,3.17,0.65,0.66,0.655,0.01,412.72,418.97,99
2026-09-04T18:06:50.419188+00:00,btc-updown-5m-1788545400,5,4192275,22039439782657505857812816693255802759797648718907051441942426746097734916264,2026-09-04T18:10:00+00:00,2026-09-04T18:15:00+00:00,8.17,0.5,0.51,0.505,0.01,291.96,965.76,99
2026-09-04T18:06:50.419188+00:00,btc-updown-15m-1788544800,15,4192175,107468930264665127056391257908905166490946727800734003827108808177133943852133,2026-09-04T18:00:00+00:00,2026-09-04T18:15:00+00:00,8.17,0.9,0.91,0.905,0.01,70.0,129.3,99
2026-09-04T18:06:50.419188+00:00,btc-updown-15m-1788545700,15,4192286,112370459467311744053857848297364575922860367699168293637784580574411515297873,2026-09-04T18:15:00+00:00,2026-09-04T18:30:00+00:00,23.17,0.5,0.51,0.505,0.01,298.14,987.11,88
2026-09-04T18:07:51.573143+00:00,btc-updown-5m-1788545100,5,4192245,76452129386551976384038006094345725489193697773423100067518339032002193345933,2026-09-04T18:05:00+00:00,2026-09-04T18:10:00+00:00,2.15,0.68,0.69,0.685,0.01,30.0,549.41,99
2026-09-04T18:07:51.573143+00:00,btc-updown-5m-1788545400,5,4192275,22039439782657505857812816693255802759797648718907051441942426746097734916264,2026-09-04T18:10:00+00:00,2026-09-04T18:15:00+00:00,7.15,0.5,0.51,0.505,0.01,291.96,977.76,99
2026-09-04T18:07:51.573143+00:00,btc-updown-15m-1788544800,15,4192175,107468930264665127056391257908905166490946727800734003827108808177133943852133,2026-09-04T18:00:00+00:00,2026-09-04T18:15:00+00:00,7.15,0.92,0.93,0.925,0.01,706.0,158.0,99
2026-09-04T18:07:51.573143+00:00,btc-updown-15m-1788545700,15,4192286,112370459467311744053857848297364575922860367699168293637784580574411515297873,2026-09-04T18:15:00+00:00,2026-09-04T18:30:00+00:00,22.15,0.5,0.51,0.505,0.01,298.14,987.11,89
2026-09-04T18:08:52.670911+00:00,btc-updown-5m-1788545100,5,4192245,76452129386551976384038006094345725489193697773423100067518339032002193345933,2026-09-04T18:05:00+00:00,2026-09-04T18:10:00+00:00,1.13,0.11,0.12,0.115,0.01,305.78,59.08,99
2026-09-04T18:08:52.670911+00:00,btc-updown-5m-1788545400,5,4192275,22039439782657505857812816693255802759797648718907051441942426746097734916264,2026-09-04T18:10:00+00:00,2026-09-04T18:15:00+00:00,6.13,0.52,0.53,0.525,0.01,73.44,315.0,99
2026-09-04T18:08:52.670911+00:00,btc-updown-15m-1788544800,15,4192175,107468930264665127056391257908905166490946727800734003827108808177133943852133,2026-09-04T18:00:00+00:00,2026-09-04T18:15:00+00:00,6.13,0.87,0.88,0.875,0.01,9587.0,223.34,99
2026-09-04T18:08:52.670911+00:00,btc-updown-15m-1788545700,15,4192286,112370459467311744053857848297364575922860367699168293637784580574411515297873,2026-09-04T18:15:00+00:00,2026-09-04T18:30:00+00:00,21.13,0.5,0.51,0.505,0.01,298.14,667.11,89
2026-09-04T18:09:53.774107+00:00,btc-updown-5m-1788545400,5,4192275,22039439782657505857812816693255802759797648718907051441942426746097734916264,2026-09-04T18:10:00+00:00,2026-09-04T18:15:00+00:00,5.12,0.6,0.61,0.605,0.01,246.0,27.15,97
2026-09-04T18:09:53.774107+00:00,btc-updown-15m-1788544800,15,4192175,107468930264665127056391257908905166490946727800734003827108808177133943852133,2026-09-04T18:00:00+00:00,2026-09-04T18:15:00+00:00,5.12,0.96,0.97,0.965,0.01,70.0,130.21,99
2026-09-04T18:09:53.774107+00:00,btc-updown-15m-1788545700,15,4192286,112370459467311744053857848297364575922860367699168293637784580574411515297873,2026-09-04T18:15:00+00:00,2026-09-04T18:30:00+00:00,20.12,0.5,0.51,0.505,0.01,298.14,787.11,88
2026-09-04T18:10:54.771445+00:00,btc-updown-5m-1788545400,5,4192275,22039439782657505857812816693255802759797648718907051441942426746097734916264,2026-09-04T18:10:00+00:00,2026-09-04T18:15:00+00:00,4.1,0.68,0.69,0.685,0.01,145.33,826.76,99
2026-09-04T18:10:54.771445+00:00,btc-updown-5m-1788545700,5,4192289,52632818682384730578460494355881261800131886576302030850621817710254450218724,2026-09-04T18:15:00+00:00,2026-09-04T18:20:00+00:00,9.1,0.57,0.58,0.575,0.01,30.42,2836.97,97
2026-09-04T18:10:54.771445+00:00,btc-updown-15m-1788544800,15,4192175,107468930264665127056391257908905166490946727800734003827108808177133943852133,2026-09-04T18:00:00+00:00,2026-09-04T18:15:00+00:00,4.1,0.97,0.98,0.975,0.01,20.0,425.03,99
2026-09-04T18:10:54.771445+00:00,btc-updown-15m-1788545700,15,4192286,112370459467311744053857848297364575922860367699168293637784580574411515297873,2026-09-04T18:15:00+00:00,2026-09-04T18:30:00+00:00,19.1,0.5,0.51,0.505,0.01,92.14,1004.08,87
2026-09-04T18:11:55.871828+00:00,btc-updown-5m-1788545400,5,4192275,22039439782657505857812816693255802759797648718907051441942426746097734916264,2026-09-04T18:10:00+00:00,2026-09-04T18:15:00+00:00,3.08,0.57,0.58,0.575,0.01,65.37,279.59,99
2026-09-04T18:11:55.871828+00:00,btc-updown-5m-1788545700,5,4192289,52632818682384730578460494355881261800131886576302030850621817710254450218724,2026-09-04T18:15:00+00:00,2026-09-04T18:20:00+00:00,8.08,0.57,0.58,0.575,0.01,30.42,2926.97,97
2026-09-04T18:11:55.871828+00:00,btc-updown-15m-1788544800,15,4192175,107468930264665127056391257908905166490946727800734003827108808177133943852133,2026-09-04T18:00:00+00:00,2026-09-04T18:15:00+00:00,3.08,0.97,0.98,0.975,0.01,45.75,622.67,99
2026-09-04T18:11:55.871828+00:00,btc-updown-15m-1788545700,15,4192286,112370459467311744053857848297364575922860367699168293637784580574411515297873,2026-09-04T18:15:00+00:00,2026-09-04T18:30:00+00:00,18.08,0.5,0.51,0.505,0.01,92.14,784.08,94
2026-09-04T18:12:56.989017+00:00,btc-updown-5m-1788545400,5,4192275,22039439782657505857812816693255802759797648718907051441942426746097734916264,2026-09-04T18:10:00+00:00,2026-09-04T18:15:00+00:00,2.07,0.57,0.58,0.575,0.01,150.02,201.64,99
2026-09-04T18:12:56.989017+00:00,btc-updown-5m-1788545700,5,4192289,52632818682384730578460494355881261800131886576302030850621817710254450218724,2026-09-04T18:15:00+00:00,2026-09-04T18:20:00+00:00,7.07,0.56,0.57,0.565,0.01,5.0,2335.01,98
2026-09-04T18:12:56.989017+00:00,btc-updown-15m-1788545700,15,4192286,112370459467311744053857848297364575922860367699168293637784580574411515297873,2026-09-04T18:15:00+00:00,2026-09-04T18:30:00+00:00,17.07,0.5,0.51,0.505,0.01,92.14,824.08,95
2026-09-04T18:13:57.978173+00:00,btc-updown-5m-1788545700,5,4192289,52632818682384730578460494355881261800131886576302030850621817710254450218724,2026-09-04T18:15:00+00:00,2026-09-04T18:20:00+00:00,6.05,0.53,0.54,0.535,0.01,86.0,534.14,99
2026-09-04T18:13:57.978173+00:00,btc-updown-15m-1788544800,15,4192175,107468930264665127056391257908905166490946727800734003827108808177133943852133,2026-09-04T18:00:00+00:00,2026-09-04T18:15:00+00:00,1.05,0.97,0.98,0.975,0.01,26.0,201.0,113
2026-09-04T18:13:57.978173+00:00,btc-updown-15m-1788545700,15,4192286,112370459467311744053857848297364575922860367699168293637784580574411515297873,2026-09-04T18:15:00+00:00,2026-09-04T18:30:00+00:00,16.05,0.51,0.52,0.515,0.01,150.0,215.59,95
2026-09-04T18:14:58.998020+00:00,btc-updown-5m-1788545700,5,4192289,52632818682384730578460494355881261800131886576302030850621817710254450218724,2026-09-04T18:15:00+00:00,2026-09-04T18:20:00+00:00,5.03,0.54,0.56,0.55,0.02,5.0,63.48,97
2026-09-04T18:14:58.998020+00:00,btc-updown-15m-1788545700,15,4192286,112370459467311744053857848297364575922860367699168293637784580574411515297873,2026-09-04T18:15:00+00:00,2026-09-04T18:30:00+00:00,15.03,0.51,0.52,0.515,0.01,5.0,80.0,68
2026-09-04T18:15:59.884044+00:00,btc-updown-5m-1788545700,5,4192289,52632818682384730578460494355881261800131886576302030850621817710254450218724,2026-09-04T18:15:00+00:00,2026-09-04T18:20:00+00:00,4.02,0.56,0.57,0.565,0.01,351.77,465.0,99
2026-09-04T18:15:59.884044+00:00,btc-updown-5m-1788546000,5,4192305,96341434967654727424800599860013791486226958379003269973009959600623803239393,2026-09-04T18:20:00+00:00,2026-09-04T18:25:00+00:00,9.02,0.56,0.57,0.565,0.01,81.58,2320.0,98
2026-09-04T18:15:59.884044+00:00,btc-updown-15m-1788545700,15,4192286,112370459467311744053857848297364575922860367699168293637784580574411515297873,2026-09-04T18:15:00+00:00,2026-09-04T18:30:00+00:00,14.02,0.52,0.53,0.525,0.01,201.83,15.0,99
2026-09-04T18:15:59.884044+00:00,btc-updown-15m-1788546600,15,4193193,3224249421079883640768504597127577105977103930949557819972706883986820151587,2026-09-04T18:30:00+00:00,2026-09-04T18:45:00+00:00,29.02,0.49,0.5,0.495,0.01,761.08,470.0,89
2026-09-04T18:17:00.992378+00:00,btc-updown-5m-1788545700,5,4192289,52632818682384730578460494355881261800131886576302030850621817710254450218724,2026-09-04T18:15:00+00:00,2026-09-04T18:20:00+00:00,3.0,0.91,0.92,0.915,0.01,72.63,250.36,99
2026-09-04T18:17:00.992378+00:00,btc-updown-5m-1788546000,5,4192305,96341434967654727424800599860013791486226958379003269973009959600623803239393,2026-09-04T18:20:00+00:00,2026-09-04T18:25:00+00:00,8.0,0.56,0.57,0.565,0.01,70.2,1959.0,98
2026-09-04T18:17:00.992378+00:00,btc-updown-15m-1788545700,15,4192286,112370459467311744053857848297364575922860367699168293637784580574411515297873,2026-09-04T18:15:00+00:00,2026-09-04T18:30:00+00:00,13.0,0.71,0.72,0.715,0.01,385.94,3.0,98
2026-09-04T18:17:00.992378+00:00,btc-updown-15m-1788546600,15,4193193,3224249421079883640768504597127577105977103930949557819972706883986820151587,2026-09-04T18:30:00+00:00,2026-09-04T18:45:00+00:00,28.0,0.49,0.5,0.495,0.01,621.08,330.0,91
2026-09-04T18:18:02.153671+00:00,btc-updown-5m-1788545700,5,4192289,52632818682384730578460494355881261800131886576302030850621817710254450218724,2026-09-04T18:15:00+00:00,2026-09-04T18:20:00+00:00,1.97,0.96,0.97,0.965,0.01,423.3,663.97,99
2026-09-04T18:18:02.153671+00:00,btc-updown-5m-1788546000,5,4192305,96341434967654727424800599860013791486226958379003269973009959600623803239393,2026-09-04T18:20:00+00:00,2026-09-04T18:25:00+00:00,6.97,0.56,0.57,0.565,0.01,52.83,959.0,98
2026-09-04T18:18:02.153671+00:00,btc-updown-15m-1788545700,15,4192286,112370459467311744053857848297364575922860367699168293637784580574411515297873,2026-09-04T18:15:00+00:00,2026-09-04T18:30:00+00:00,11.97,0.72,0.73,0.725,0.01,115.0,465.67,99
2026-09-04T18:18:02.153671+00:00,btc-updown-15m-1788546600,15,4193193,3224249421079883640768504597127577105977103930949557819972706883986820151587,2026-09-04T18:30:00+00:00,2026-09-04T18:45:00+00:00,26.97,0.49,0.5,0.495,0.01,613.0,525.96,91
2026-09-04T23:19:00.051124+00:00,btc-updown-5m-1788563700,5,4200966,62828329989506925368938651144167000404976812024273594857011072660982309952260,2026-09-04T23:15:00+00:00,2026-09-04T23:20:00+00:00,1.0,0.91,0.92,0.915,0.01,144.41,39.8,66
2026-09-04T23:19:00.051124+00:00,btc-updown-5m-1788564000,5,4200983,3091087069356377862558346025187527796076685484729642268815720638496312971455,2026-09-04T23:20:00+00:00,2026-09-04T23:25:00+00:00,6.0,0.51,0.52,0.515,0.01,189.79,162.16,99
2026-09-04T23:19:00.051124+00:00,btc-updown-15m-1788563700,15,4200970,90149202834941061697316143512040117588620261136521741768974559068970911656825,2026-09-04T23:15:00+00:00,2026-09-04T23:30:00+00:00,11.0,0.61,0.62,0.615,0.01,15.0,16.61,81
2026-09-04T23:19:00.051124+00:00,btc-updown-15m-1788564600,15,4201041,4831605920346324152608117427532188459350729107656374860209989155155143881963,2026-09-04T23:30:00+00:00,2026-09-04T23:45:00+00:00,26.0,0.5,0.51,0.505,0.01,588.29,488.88,99
2026-09-04T23:20:01.075655+00:00,btc-updown-5m-1788564000,5,4200983,3091087069356377862558346025187527796076685484729642268815720638496312971455,2026-09-04T23:20:00+00:00,2026-09-04T23:25:00+00:00,4.98,0.7,0.71,0.705,0.01,39.27,52.25,95
2026-09-04T23:20:01.075655+00:00,btc-updown-5m-1788564300,5,4200988,97545552164703352031777988409787490468265209718877704796560292817749373253555,2026-09-04T23:25:00+00:00,2026-09-04T23:30:00+00:00,9.98,0.5,0.51,0.505,0.01,991.66,694.31,99
2026-09-04T23:20:01.075655+00:00,btc-updown-15m-1788563700,15,4200970,90149202834941061697316143512040117588620261136521741768974559068970911656825,2026-09-04T23:15:00+00:00,2026-09-04T23:30:00+00:00,9.98,0.79,0.8,0.795,0.01,46.0,47.5,80
2026-09-04T23:20:01.075655+00:00,btc-updown-15m-1788564600,15,4201041,4831605920346324152608117427532188459350729107656374860209989155155143881963,2026-09-04T23:30:00+00:00,2026-09-04T23:45:00+00:00,24.98,0.5,0.51,0.505,0.01,548.29,518.88,99
2026-09-04T23:21:02.101047+00:00,btc-updown-5m-1788564000,5,4200983,3091087069356377862558346025187527796076685484729642268815720638496312971455,2026-09-04T23:20:00+00:00,2026-09-04T23:25:00+00:00,3.97,0.89,0.9,0.895,0.01,54.11,140.94,99
2026-09-04T23:21:02.101047+00:00,btc-updown-5m-1788564300,5,4200988,97545552164703352031777988409787490468265209718877704796560292817749373253555,2026-09-04T23:25:00+00:00,2026-09-04T23:30:00+00:00,8.97,0.5,0.51,0.505,0.01,1130.66,547.44,99
2026-09-04T23:21:02.101047+00:00,btc-updown-15m-1788563700,15,4200970,90149202834941061697316143512040117588620261136521741768974559068970911656825,2026-09-04T23:15:00+00:00,2026-09-04T23:30:00+00:00,8.97,0.87,0.88,0.875,0.01,101.0,3877.0,79
2026-09-04T23:21:02.101047+00:00,btc-updown-15m-1788564600,15,4201041,4831605920346324152608117427532188459350729107656374860209989155155143881963,2026-09-04T23:30:00+00:00,2026-09-04T23:45:00+00:00,23.97,0.5,0.51,0.505,0.01,486.46,676.91,99
2026-09-04T23:22:03.001176+00:00,btc-updown-5m-1788564000,5,4200983,3091087069356377862558346025187527796076685484729642268815720638496312971455,2026-09-04T23:20:00+00:00,2026-09-04T23:25:00+00:00,2.95,0.96,0.97,0.965,0.01,120.9,645.07,99
2026-09-04T23:22:03.001176+00:00,btc-updown-5m-1788564300,5,4200988,97545552164703352031777988409787490468265209718877704796560292817749373253555,2026-09-04T23:25:00+00:00,2026-09-04T23:30:00+00:00,7.95,0.5,0.51,0.505,0.01,1103.98,450.54,99
2026-09-04T23:22:03.001176+00:00,btc-updown-15m-1788563700,15,4200970,90149202834941061697316143512040117588620261136521741768974559068970911656825,2026-09-04T23:15:00+00:00,2026-09-04T23:30:00+00:00,7.95,0.9,0.91,0.905,0.01,20.0,4453.19,76
2026-09-04T23:22:03.001176+00:00,btc-updown-15m-1788564600,15,4201041,4831605920346324152608117427532188459350729107656374860209989155155143881963,2026-09-04T23:30:00+00:00,2026-09-04T23:45:00+00:00,22.95,0.5,0.51,0.505,0.01,480.18,676.91,99
2026-09-04T23:23:03.918816+00:00,btc-updown-5m-1788564000,5,4200983,3091087069356377862558346025187527796076685484729642268815720638496312971455,2026-09-04T23:20:00+00:00,2026-09-04T23:25:00+00:00,1.95,0.981,0.99,0.9855,0.009,38.94,222.98,116
2026-09-04T23:23:03.918816+00:00,btc-updown-5m-1788564300,5,4200988,97545552164703352031777988409787490468265209718877704796560292817749373253555,2026-09-04T23:25:00+00:00,2026-09-04T23:30:00+00:00,6.95,0.5,0.51,0.505,0.01,274.98,256.6,99
2026-09-04T23:23:03.918816+00:00,btc-updown-15m-1788563700,15,4200970,90149202834941061697316143512040117588620261136521741768974559068970911656825,2026-09-04T23:15:00+00:00,2026-09-04T23:30:00+00:00,6.95,0.94,0.95,0.945,0.01,10.0,10.0,74
2026-09-04T23:23:03.918816+00:00,btc-updown-15m-1788564600,15,4201041,4831605920346324152608117427532188459350729107656374860209989155155143881963,2026-09-04T23:30:00+00:00,2026-09-04T23:45:00+00:00,21.95,0.5,0.51,0.505,0.01,502.18,603.91,99
2026-09-04T23:24:04.891528+00:00,btc-updown-5m-1788564300,5,4200988,97545552164703352031777988409787490468265209718877704796560292817749373253555,2026-09-04T23:25:00+00:00,2026-09-04T23:30:00+00:00,5.93,0.5,0.51,0.505,0.01,15.3,166.75,99
2026-09-04T23:24:04.891528+00:00,btc-updown-15m-1788563700,15,4200970,90149202834941061697316143512040117588620261136521741768974559068970911656825,2026-09-04T23:15:00+00:00,2026-09-04T23:30:00+00:00,5.93,0.95,0.96,0.955,0.01,213.2,865.61,72
2026-09-04T23:24:04.891528+00:00,btc-updown-15m-1788564600,15,4201041,4831605920346324152608117427532188459350729107656374860209989155155143881963,2026-09-04T23:30:00+00:00,2026-09-04T23:45:00+00:00,20.93,0.5,0.51,0.505,0.01,308.46,603.91,99
2026-09-04T23:25:05.709834+00:00,btc-updown-5m-1788564300,5,4200988,97545552164703352031777988409787490468265209718877704796560292817749373253555,2026-09-04T23:25:00+00:00,2026-09-04T23:30:00+00:00,4.92,0.57,0.58,0.575,0.01,40.1,236.62,99
2026-09-04T23:25:05.709834+00:00,btc-updown-5m-1788564600,5,4201031,52831644503671778327466826247962536973874020407155920315480112082312119586967,2026-09-04T23:30:00+00:00,2026-09-04T23:35:00+00:00,9.92,0.5,0.51,0.505,0.01,207.07,665.63,99
2026-09-04T23:25:05.709834+00:00,btc-updown-15m-1788563700,15,4200970,90149202834941061697316143512040117588620261136521741768974559068970911656825,2026-09-04T23:15:00+00:00,2026-09-04T23:30:00+00:00,4.92,0.97,0.98,0.975,0.01,11.66,2113.55,69
2026-09-04T23:25:05.709834+00:00,btc-updown-15m-1788564600,15,4201041,4831605920346324152608117427532188459350729107656374860209989155155143881963,2026-09-04T23:30:00+00:00,2026-09-04T23:45:00+00:00,19.92,0.5,0.51,0.505,0.01,33.46,478.91,99
2026-09-04T23:26:06.663783+00:00,btc-updown-5m-1788564300,5,4200988,97545552164703352031777988409787490468265209718877704796560292817749373253555,2026-09-04T23:25:00+00:00,2026-09-04T23:30:00+00:00,3.9,0.79,0.8,0.795,0.01,144.15,102.5,99
2026-09-04T23:26:06.663783+00:00,btc-updown-5m-1788564600,5,4201031,52831644503671778327466826247962536973874020407155920315480112082312119586967,2026-09-04T23:30:00+00:00,2026-09-04T23:35:00+00:00,8.9,0.5,0.51,0.505,0.01,318.0,537.07,99
2026-09-04T23:26:06.663783+00:00,btc-updown-15m-1788563700,15,4200970,90149202834941061697316143512040117588620261136521741768974559068970911656825,2026-09-04T23:15:00+00:00,2026-09-04T23:30:00+00:00,3.9,0.98,0.99,0.985,0.01,193.11,3545.09,70
2026-09-04T23:26:06.663783+00:00,btc-updown-15m-1788564600,15,4201041,4831605920346324152608117427532188459350729107656374860209989155155143881963,2026-09-04T23:30:00+00:00,2026-09-04T23:45:00+00:00,18.9,0.5,0.51,0.505,0.01,33.46,478.91,99
2026-09-04T23:27:07.659871+00:00,btc-updown-5m-1788564300,5,4200988,97545552164703352031777988409787490468265209718877704796560292817749373253555,2026-09-04T23:25:00+00:00,2026-09-04T23:30:00+00:00,2.88,0.88,0.89,0.885,0.01,451.13,188.0,99
2026-09-04T23:27:07.659871+00:00,btc-updown-5m-1788564600,5,4201031,52831644503671778327466826247962536973874020407155920315480112082312119586967,2026-09-04T23:30:00+00:00,2026-09-04T23:35:00+00:00,7.88,0.5,0.51,0.505,0.01,302.38,529.07,99
2026-09-04T23:27:07.659871+00:00,btc-updown-15m-1788563700,15,4200970,90149202834941061697316143512040117588620261136521741768974559068970911656825,2026-09-04T23:15:00+00:00,2026-09-04T23:30:00+00:00,2.88,0.98,0.99,0.985,0.01,68.0,10.0,70
2026-09-04T23:27:07.659871+00:00,btc-updown-15m-1788564600,15,4201041,4831605920346324152608117427532188459350729107656374860209989155155143881963,2026-09-04T23:30:00+00:00,2026-09-04T23:45:00+00:00,17.88,0.5,0.51,0.505,0.01,11.46,629.08,99
2026-09-04T23:28:08.555314+00:00,btc-updown-5m-1788564300,5,4200988,97545552164703352031777988409787490468265209718877704796560292817749373253555,2026-09-04T23:25:00+00:00,2026-09-04T23:30:00+00:00,1.87,0.98,0.99,0.985,0.01,384.89,3003.14,99
2026-09-04T23:28:08.555314+00:00,btc-updown-5m-1788564600,5,4201031,52831644503671778327466826247962536973874020407155920315480112082312119586967,2026-09-04T23:30:00+00:00,2026-09-04T23:35:00+00:00,6.87,0.5,0.51,0.505,0.01,142.32,80.31,99
2026-09-04T23:28:08.555314+00:00,btc-updown-15m-1788563700,15,4200970,90149202834941061697316143512040117588620261136521741768974559068970911656825,2026-09-04T23:15:00+00:00,2026-09-04T23:30:00+00:00,1.87,0.99,0.999,0.9945,0.009,549.61,8935.83,68
2026-09-04T23:28:08.555314+00:00,btc-updown-15m-1788564600,15,4201041,4831605920346324152608117427532188459350729107656374860209989155155143881963,2026-09-04T23:30:00+00:00,2026-09-04T23:45:00+00:00,16.87,0.47,0.48,0.475,0.01,535.54,75.0,99
2026-09-04T23:29:09.445819+00:00,btc-updown-5m-1788564600,5,4201031,52831644503671778327466826247962536973874020407155920315480112082312119586967,2026-09-04T23:30:00+00:00,2026-09-04T23:35:00+00:00,5.85,0.48,0.5,0.49,0.02,58.07,144.0,98
2026-09-04T23:29:09.445819+00:00,btc-updown-15m-1788564600,15,4201041,4831605920346324152608117427532188459350729107656374860209989155155143881963,2026-09-04T23:30:00+00:00,2026-09-04T23:45:00+00:00,15.85,0.47,0.48,0.475,0.01,140.46,459.62,92
2026-09-04T23:30:10.147154+00:00,btc-updown-5m-1788564600,5,4201031,52831644503671778327466826247962536973874020407155920315480112082312119586967,2026-09-04T23:30:00+00:00,2026-09-04T23:35:00+00:00,4.83,0.36,0.37,0.365,0.01,35.0,10.0,98
2026-09-04T23:30:10.147154+00:00,btc-updown-5m-1788564900,5,4201195,43030383080911653633756446900138764406640037072478772834058472803333898447831,2026-09-04T23:35:00+00:00,2026-09-04T23:40:00+00:00,9.83,0.49,0.5,0.495,0.01,507.05,657.8,99
2026-09-04T23:30:10.147154+00:00,btc-updown-15m-1788564600,15,4201041,4831605920346324152608117427532188459350729107656374860209989155155143881963,2026-09-04T23:30:00+00:00,2026-09-04T23:45:00+00:00,14.83,0.44,0.45,0.445,0.01,74.5,132.88,99
2026-09-04T23:30:10.147154+00:00,btc-updown-15m-1788565500,15,4201439,105129615524415600993603645621536684536595484620651981142767619164813873990213,2026-09-04T23:45:00+00:00,2026-09-05T00:00:00+00:00,29.83,0.5,0.51,0.505,0.01,250.0,609.56,97
2026-09-04T23:31:11.066676+00:00,btc-updown-5m-1788564600,5,4201031,52831644503671778327466826247962536973874020407155920315480112082312119586967,2026-09-04T23:30:00+00:00,2026-09-04T23:35:00+00:00,3.82,0.09,0.1,0.095,0.01,99.58,246.46,99
2026-09-04T23:31:11.066676+00:00,btc-updown-5m-1788564900,5,4201195,43030383080911653633756446900138764406640037072478772834058472803333898447831,2026-09-04T23:35:00+00:00,2026-09-04T23:40:00+00:00,8.82,0.49,0.5,0.495,0.01,393.0,694.8,99
2026-09-04T23:31:11.066676+00:00,btc-updown-15m-1788564600,15,4201041,4831605920346324152608117427532188459350729107656374860209989155155143881963,2026-09-04T23:30:00+00:00,2026-09-04T23:45:00+00:00,13.82,0.3,0.31,0.305,0.01,187.0,88.77,86
2026-09-04T23:31:11.066676+00:00,btc-updown-15m-1788565500,15,4201439,105129615524415600993603645621536684536595484620651981142767619164813873990213,2026-09-04T23:45:00+00:00,2026-09-05T00:00:00+00:00,28.82,0.5,0.51,0.505,0.01,255.0,609.56,99
2026-09-04T23:32:11.989547+00:00,btc-updown-5m-1788564600,5,4201031,52831644503671778327466826247962536973874020407155920315480112082312119586967,2026-09-04T23:30:00+00:00,2026-09-04T23:35:00+00:00,2.82,0.05,0.06,0.055,0.01,39.84,260.8,99
2026-09-04T23:32:11.989547+00:00,btc-updown-5m-1788564900,5,4201195,43030383080911653633756446900138764406640037072478772834058472803333898447831,2026-09-04T23:35:00+00:00,2026-09-04T23:40:00+00:00,7.82,0.49,0.5,0.495,0.01,188.0,699.8,99
2026-09-04T23:32:11.989547+00:00,btc-updown-15m-1788564600,15,4201041,4831605920346324152608117427532188459350729107656374860209989155155143881963,2026-09-04T23:30:00+00:00,2026-09-04T23:45:00+00:00,12.82,0.24,0.25,0.245,0.01,31.0,207.87,84
2026-09-04T23:32:11.989547+00:00,btc-updown-15m-1788565500,15,4201439,105129615524415600993603645621536684536595484620651981142767619164813873990213,2026-09-04T23:45:00+00:00,2026-09-05T00:00:00+00:00,27.82,0.5,0.51,0.505,0.01,255.0,609.56,99
2026-09-04T23:33:13.378340+00:00,btc-updown-5m-1788564600,5,4201031,52831644503671778327466826247962536973874020407155920315480112082312119586967,2026-09-04T23:30:00+00:00,2026-09-04T23:35:00+00:00,1.78,0.01,0.02,0.015,0.01,2802.74,221.5,99
2026-09-04T23:33:13.378340+00:00,btc-updown-5m-1788564900,5,4201195,43030383080911653633756446900138764406640037072478772834058472803333898447831,2026-09-04T23:35:00+00:00,2026-09-04T23:40:00+00:00,6.78,0.48,0.49,0.485,0.01,5.76,51.0,99
2026-09-04T23:33:13.378340+00:00,btc-updown-15m-1788564600,15,4201041,4831605920346324152608117427532188459350729107656374860209989155155143881963,2026-09-04T23:30:00+00:00,2026-09-04T23:45:00+00:00,11.78,0.17,0.18,0.175,0.01,210.49,37.23,80
2026-09-04T23:33:13.378340+00:00,btc-updown-15m-1788565500,15,4201439,105129615524415600993603645621536684536595484620651981142767619164813873990213,2026-09-04T23:45:00+00:00,2026-09-05T00:00:00+00:00,26.78,0.5,0.51,0.505,0.01,255.0,529.56,99
2026-09-04T23:34:14.324816+00:00,btc-updown-5m-1788564900,5,4201195,43030383080911653633756446900138764406640037072478772834058472803333898447831,2026-09-04T23:35:00+00:00,2026-09-04T23:40:00+00:00,5.77,0.48,0.49,0.485,0.01,81.5,67.0,99
2026-09-04T23:34:14.324816+00:00,btc-updown-15m-1788564600,15,4201041,4831605920346324152608117427532188459350729107656374860209989155155143881963,2026-09-04T23:30:00+00:00,2026-09-04T23:45:00+00:00,10.77,0.2,0.21,0.205,0.01,313.0,170.54,79
2026-09-04T23:34:14.324816+00:00,btc-updown-15m-1788565500,15,4201439,105129615524415600993603645621536684536595484620651981142767619164813873990213,2026-09-04T23:45:00+00:00,2026-09-05T00:00:00+00:00,25.77,0.5,0.51,0.505,0.01,255.0,529.56,99
2026-09-04T23:35:15.126078+00:00,btc-updown-5m-1788564900,5,4201195,43030383080911653633756446900138764406640037072478772834058472803333898447831,2026-09-04T23:35:00+00:00,2026-09-04T23:40:00+00:00,4.75,0.5,0.51,0.505,0.01,262.33,104.17,99
2026-09-04T23:35:15.126078+00:00,btc-updown-5m-1788565200,5,4201422,53526409014768949151903689995313745084785330240319345893185575603836503535605,2026-09-04T23:40:00+00:00,2026-09-04T23:45:00+00:00,9.75,0.5,0.51,0.505,0.01,225.16,677.52,99
2026-09-04T23:35:15.126078+00:00,btc-updown-15m-1788564600,15,4201041,4831605920346324152608117427532188459350729107656374860209989155155143881963,2026-09-04T23:30:00+00:00,2026-09-04T23:45:00+00:00,9.75,0.15,0.16,0.155,0.01,8.0,98.23,77
2026-09-04T23:35:15.126078+00:00,btc-updown-15m-1788565500,15,4201439,105129615524415600993603645621536684536595484620651981142767619164813873990213,2026-09-04T23:45:00+00:00,2026-09-05T00:00:00+00:00,24.75,0.5,0.51,0.505,0.01,262.0,559.56,99
2026-09-04T23:36:16.032512+00:00,btc-updown-5m-1788564900,5,4201195,43030383080911653633756446900138764406640037072478772834058472803333898447831,2026-09-04T23:35:00+00:00,2026-09-04T23:40:00+00:00,3.73,0.42,0.43,0.425,0.01,186.26,37.3,99
2026-09-04T23:36:16.032512+00:00,btc-updown-5m-1788565200,5,4201422,53526409014768949151903689995313745084785330240319345893185575603836503535605,2026-09-04T23:40:00+00:00,2026-09-04T23:45:00+00:00,8.73,0.5,0.51,0.505,0.01,254.6,647.35,99
2026-09-04T23:36:16.032512+00:00,btc-updown-15m-1788564600,15,4201041,4831605920346324152608117427532188459350729107656374860209989155155143881963,2026-09-04T23:30:00+00:00,2026-09-04T23:45:00+00:00,8.73,0.16,0.17,0.165,0.01,30.99,134.11,77
2026-09-04T23:36:16.032512+00:00,btc-updown-15m-1788565500,15,4201439,105129615524415600993603645621536684536595484620651981142767619164813873990213,2026-09-04T23:45:00+00:00,2026-09-05T00:00:00+00:00,23.73,0.5,0.51,0.505,0.01,262.0,517.59,99
2026-09-04T23:37:16.934052+00:00,btc-updown-5m-1788564900,5,4201195,43030383080911653633756446900138764406640037072478772834058472803333898447831,2026-09-04T23:35:00+00:00,2026-09-04T23:40:00+00:00,2.73,0.48,0.49,0.485,0.01,164.78,358.52,99
2026-09-04T23:37:16.934052+00:00,btc-updown-5m-1788565200,5,4201422,53526409014768949151903689995313745084785330240319345893185575603836503535605,2026-09-04T23:40:00+00:00,2026-09-04T23:45:00+00:00,7.73,0.49,0.5,0.495,0.01,403.03,745.4,99
2026-09-04T23:37:16.934052+00:00,btc-updown-15m-1788564600,15,4201041,4831605920346324152608117427532188459350729107656374860209989155155143881963,2026-09-04T23:30:00+00:00,2026-09-04T23:45:00+00:00,7.73,0.14,0.15,0.145,0.01,2412.0,96.91,78
2026-09-04T23:37:16.934052+00:00,btc-updown-15m-1788565500,15,4201439,105129615524415600993603645621536684536595484620651981142767619164813873990213,2026-09-04T23:45:00+00:00,2026-09-05T00:00:00+00:00,22.73,0.5,0.51,0.505,0.01,284.0,539.59,99
2026-09-04T23:38:17.844795+00:00,btc-updown-5m-1788564900,5,4201195,43030383080911653633756446900138764406640037072478772834058472803333898447831,2026-09-04T23:35:00+00:00,2026-09-04T23:40:00+00:00,1.72,0.16,0.17,0.165,0.01,127.8,106.88,97
2026-09-04T23:38:17.844795+00:00,btc-updown-5m-1788565200,5,4201422,53526409014768949151903689995313745084785330240319345893185575603836503535605,2026-09-04T23:40:00+00:00,2026-09-04T23:45:00+00:00,6.72,0.49,0.5,0.495,0.01,190.0,538.4,99
2026-09-04T23:38:17.844795+00:00,btc-updown-15m-1788564600,15,4201041,4831605920346324152608117427532188459350729107656374860209989155155143881963,2026-09-04T23:30:00+00:00,2026-09-04T23:45:00+00:00,6.72,0.07,0.08,0.075,0.01,22.29,1865.74,74
2026-09-04T23:38:17.844795+00:00,btc-updown-15m-1788565500,15,4201439,105129615524415600993603645621536684536595484620651981142767619164813873990213,2026-09-04T23:45:00+00:00,2026-09-05T00:00:00+00:00,21.72,0.5,0.51,0.505,0.01,284.0,519.59,99
2026-09-04T23:39:18.747915+00:00,btc-updown-5m-1788564900,5,4201195,43030383080911653633756446900138764406640037072478772834058472803333898447831,2026-09-04T23:35:00+00:00,2026-09-04T23:40:00+00:00,0.7,0.02,0.03,0.025,0.01,222.65,278.68,58
2026-09-04T23:39:18.747915+00:00,btc-updown-5m-1788565200,5,4201422,53526409014768949151903689995313745084785330240319345893185575603836503535605,2026-09-04T23:40:00+00:00,2026-09-04T23:45:00+00:00,5.7,0.48,0.49,0.485,0.01,86.3,70.0,99
2026-09-04T23:39:18.747915+00:00,btc-updown-15m-1788564600,15,4201041,4831605920346324152608117427532188459350729107656374860209989155155143881963,2026-09-04T23:30:00+00:00,2026-09-04T23:45:00+00:00,5.7,0.07,0.08,0.075,0.01,10.0,1529.38,72
2026-09-04T23:39:18.747915+00:00,btc-updown-15m-1788565500,15,4201439,105129615524415600993603645621536684536595484620651981142767619164813873990213,2026-09-04T23:45:00+00:00,2026-09-05T00:00:00+00:00,20.7,0.5,0.51,0.505,0.01,284.0,519.59,99
2026-09-04T23:40:19.643427+00:00,btc-updown-5m-1788565200,5,4201422,53526409014768949151903689995313745084785330240319345893185575603836503535605,2026-09-04T23:40:00+00:00,2026-09-04T23:45:00+00:00,4.68,0.48,0.49,0.485,0.01,158.39,12.0,98
2026-09-04T23:40:19.643427+00:00,btc-updown-5m-1788565500,5,4201437,90532290768499057499493670896889681143044214799777004516329588817929419362804,2026-09-04T23:45:00+00:00,2026-09-04T23:50:00+00:00,9.68,0.5,0.51,0.505,0.01,343.15,655.86,99
2026-09-04T23:40:19.643427+00:00,btc-updown-15m-1788564600,15,4201041,4831605920346324152608117427532188459350729107656374860209989155155143881963,2026-09-04T23:30:00+00:00,2026-09-04T23:45:00+00:00,4.68,0.06,0.07,0.065,0.01,40.0,15.0,74
2026-09-04T23:40:19.643427+00:00,btc-updown-15m-1788565500,15,4201439,105129615524415600993603645621536684536595484620651981142767619164813873990213,2026-09-04T23:45:00+00:00,2026-09-05T00:00:00+00:00,19.68,0.5,0.51,0.505,0.01,84.0,266.08,99
2026-09-04T23:41:20.546884+00:00,btc-updown-5m-1788565200,5,4201422,53526409014768949151903689995313745084785330240319345893185575603836503535605,2026-09-04T23:40:00+00:00,2026-09-04T23:45:00+00:00,3.67,0.52,0.53,0.525,0.01,50.79,104.2,99
2026-09-04T23:41:20.546884+00:00,btc-updown-5m-1788565500,5,4201437,90532290768499057499493670896889681143044214799777004516329588817929419362804,2026-09-04T23:45:00+00:00,2026-09-04T23:50:00+00:00,8.67,0.5,0.51,0.505,0.01,343.15,556.82,99
2026-09-04T23:41:20.546884+00:00,btc-updown-15m-1788564600,15,4201041,4831605920346324152608117427532188459350729107656374860209989155155143881963,2026-09-04T23:30:00+00:00,2026-09-04T23:45:00+00:00,3.67,0.04,0.05,0.045,0.01,109.95,47.0,72
2026-09-04T23:41:20.546884+00:00,btc-updown-15m-1788565500,15,4201439,105129615524415600993603645621536684536595484620651981142767619164813873990213,2026-09-04T23:45:00+00:00,2026-09-05T00:00:00+00:00,18.67,0.5,0.51,0.505,0.01,84.0,266.08,99
2026-09-04T23:42:21.433497+00:00,btc-updown-5m-1788565200,5,4201422,53526409014768949151903689995313745084785330240319345893185575603836503535605,2026-09-04T23:40:00+00:00,2026-09-04T23:45:00+00:00,2.65,0.46,0.47,0.465,0.01,10.0,153.34,99
2026-09-04T23:42:21.433497+00:00,btc-updown-5m-1788565500,5,4201437,90532290768499057499493670896889681143044214799777004516329588817929419362804,2026-09-04T23:45:00+00:00,2026-09-04T23:50:00+00:00,7.65,0.5,0.51,0.505,0.01,343.15,638.82,99
2026-09-04T23:42:21.433497+00:00,btc-updown-15m-1788564600,15,4201041,4831605920346324152608117427532188459350729107656374860209989155155143881963,2026-09-04T23:30:00+00:00,2026-09-04T23:45:00+00:00,2.65,0.04,0.05,0.045,0.01,60.89,20.0,71
2026-09-04T23:42:21.433497+00:00,btc-updown-15m-1788565500,15,4201439,105129615524415600993603645621536684536595484620651981142767619164813873990213,2026-09-04T23:45:00+00:00,2026-09-05T00:00:00+00:00,17.65,0.5,0.51,0.505,0.01,324.0,316.08,99
2026-09-04T23:43:22.325099+00:00,btc-updown-5m-1788565200,5,4201422,53526409014768949151903689995313745084785330240319345893185575603836503535605,2026-09-04T23:40:00+00:00,2026-09-04T23:45:00+00:00,1.63,0.26,0.27,0.265,0.01,56.64,308.89,99
2026-09-04T23:43:22.325099+00:00,btc-updown-5m-1788565500,5,4201437,90532290768499057499493670896889681143044214799777004516329588817929419362804,2026-09-04T23:45:00+00:00,2026-09-04T23:50:00+00:00,6.63,0.5,0.51,0.505,0.01,143.15,418.82,99
2026-09-04T23:43:22.325099+00:00,btc-updown-15m-1788565500,15,4201439,105129615524415600993603645621536684536595484620651981142767619164813873990213,2026-09-04T23:45:00+00:00,2026-09-05T00:00:00+00:00,16.63,0.5,0.51,0.505,0.01,374.0,266.08,99
2026-09-04T23:44:23.143093+00:00,btc-updown-5m-1788565200,5,4201422,53526409014768949151903689995313745084785330240319345893185575603836503535605,2026-09-04T23:40:00+00:00,2026-09-04T23:45:00+00:00,0.62,0.02,0.03,0.025,0.01,578.31,481.77,49
2026-09-04T23:44:23.143093+00:00,btc-updown-5m-1788565500,5,4201437,90532290768499057499493670896889681143044214799777004516329588817929419362804,2026-09-04T23:45:00+00:00,2026-09-04T23:50:00+00:00,5.62,0.5,0.51,0.505,0.01,2116.15,12.11,99
2026-09-04T23:44:23.143093+00:00,btc-updown-15m-1788565500,15,4201439,105129615524415600993603645621536684536595484620651981142767619164813873990213,2026-09-04T23:45:00+00:00,2026-09-05T00:00:00+00:00,15.62,0.5,0.51,0.505,0.01,51.28,189.47,92
2026-09-04T23:45:23.945891+00:00,btc-updown-5m-1788565500,5,4201437,90532290768499057499493670896889681143044214799777004516329588817929419362804,2026-09-04T23:45:00+00:00,2026-09-04T23:50:00+00:00,4.62,0.54,0.55,0.545,0.01,257.79,9.72,99
2026-09-04T23:45:23.945891+00:00,btc-updown-5m-1788565800,5,4201463,52664513856922217246654683678218633738610570204567547257019219886746696339062,2026-09-04T23:50:00+00:00,2026-09-04T23:55:00+00:00,9.62,0.5,0.51,0.505,0.01,932.2,646.81,99
2026-09-04T23:45:23.945891+00:00,btc-updown-15m-1788565500,15,4201439,105129615524415600993603645621536684536595484620651981142767619164813873990213,2026-09-04T23:45:00+00:00,2026-09-05T00:00:00+00:00,14.62,0.53,0.54,0.535,0.01,20.0,34.0,98
2026-09-04T23:45:23.945891+00:00,btc-updown-15m-1788566400,15,4201590,109980398530325271828448810801245336172662580721653848039261671972823606479137,2026-09-05T00:00:00+00:00,2026-09-05T00:15:00+00:00,29.62,0.5,0.51,0.505,0.01,256.0,469.92,93
2026-09-04T23:46:24.849925+00:00,btc-updown-5m-1788565500,5,4201437,90532290768499057499493670896889681143044214799777004516329588817929419362804,2026-09-04T23:45:00+00:00,2026-09-04T23:50:00+00:00,3.6,0.28,0.29,0.285,0.01,97.09,135.74,98
2026-09-04T23:46:24.849925+00:00,btc-updown-5m-1788565800,5,4201463,52664513856922217246654683678218633738610570204567547257019219886746696339062,2026-09-04T23:50:00+00:00,2026-09-04T23:55:00+00:00,8.6,0.5,0.51,0.505,0.01,937.2,667.75,99
2026-09-04T23:46:24.849925+00:00,btc-updown-15m-1788565500,15,4201439,105129615524415600993603645621536684536595484620651981142767619164813873990213,2026-09-04T23:45:00+00:00,2026-09-05T00:00:00+00:00,13.6,0.39,0.4,0.395,0.01,58.0,82.0,87
2026-09-04T23:46:24.849925+00:00,btc-updown-15m-1788566400,15,4201590,109980398530325271828448810801245336172662580721653848039261671972823606479137,2026-09-05T00:00:00+00:00,2026-09-05T00:15:00+00:00,28.6,0.5,0.51,0.505,0.01,267.83,564.08,95
2026-09-04T23:47:25.754929+00:00,btc-updown-5m-1788565500,5,4201437,90532290768499057499493670896889681143044214799777004516329588817929419362804,2026-09-04T23:45:00+00:00,2026-09-04T23:50:00+00:00,2.58,0.21,0.22,0.215,0.01,109.53,181.75,99
2026-09-04T23:47:25.754929+00:00,btc-updown-5m-1788565800,5,4201463,52664513856922217246654683678218633738610570204567547257019219886746696339062,2026-09-04T23:50:00+00:00,2026-09-04T23:55:00+00:00,7.58,0.5,0.51,0.505,0.01,937.2,659.75,99
2026-09-04T23:47:25.754929+00:00,btc-updown-15m-1788565500,15,4201439,105129615524415600993603645621536684536595484620651981142767619164813873990213,2026-09-04T23:45:00+00:00,2026-09-05T00:00:00+00:00,12.58,0.38,0.39,0.385,0.01,41.38,193.25,88
2026-09-04T23:47:25.754929+00:00,btc-updown-15m-1788566400,15,4201590,109980398530325271828448810801245336172662580721653848039261671972823606479137,2026-09-05T00:00:00+00:00,2026-09-05T00:15:00+00:00,27.58,0.5,0.51,0.505,0.01,267.83,564.08,95
2026-09-04T23:48:26.675216+00:00,btc-updown-5m-1788565500,5,4201437,90532290768499057499493670896889681143044214799777004516329588817929419362804,2026-09-04T23:45:00+00:00,2026-09-04T23:50:00+00:00,1.57,0.06,0.07,0.065,0.01,73.0,185.48,99
2026-09-04T23:48:26.675216+00:00,btc-updown-5m-1788565800,5,4201463,52664513856922217246654683678218633738610570204567547257019219886746696339062,2026-09-04T23:50:00+00:00,2026-09-04T23:55:00+00:00,6.57,0.5,0.51,0.505,0.01,138.4,411.9,99
2026-09-04T23:48:26.675216+00:00,btc-updown-15m-1788565500,15,4201439,105129615524415600993603645621536684536595484620651981142767619164813873990213,2026-09-04T23:45:00+00:00,2026-09-05T00:00:00+00:00,11.57,0.32,0.33,0.325,0.01,245.0,65.0,82
2026-09-04T23:48:26.675216+00:00,btc-updown-15m-1788566400,15,4201590,109980398530325271828448810801245336172662580721653848039261671972823606479137,2026-09-05T00:00:00+00:00,2026-09-05T00:15:00+00:00,26.57,0.5,0.51,0.505,0.01,267.83,564.08,95
2026-09-04T23:49:27.584778+00:00,btc-updown-5m-1788565800,5,4201463,52664513856922217246654683678218633738610570204567547257019219886746696339062,2026-09-04T23:50:00+00:00,2026-09-04T23:55:00+00:00,5.55,0.49,0.5,0.495,0.01,69.0,3752.76,99
2026-09-04T23:49:27.584778+00:00,btc-updown-15m-1788565500,15,4201439,105129615524415600993603645621536684536595484620651981142767619164813873990213,2026-09-04T23:45:00+00:00,2026-09-05T00:00:00+00:00,10.55,0.37,0.38,0.375,0.01,10.0,174.52,76
2026-09-04T23:49:27.584778+00:00,btc-updown-15m-1788566400,15,4201590,109980398530325271828448810801245336172662580721653848039261671972823606479137,2026-09-05T00:00:00+00:00,2026-09-05T00:15:00+00:00,25.55,0.5,0.51,0.505,0.01,267.83,564.08,95
2026-09-04T23:50:28.383856+00:00,btc-updown-5m-1788565800,5,4201463,52664513856922217246654683678218633738610570204567547257019219886746696339062,2026-09-04T23:50:00+00:00,2026-09-04T23:55:00+00:00,4.53,0.33,0.34,0.335,0.01,17.82,237.13,99
2026-09-04T23:50:28.383856+00:00,btc-updown-5m-1788566100,5,4201496,62278701238419221311546912608738924083046531300436815043451787679852698400010,2026-09-04T23:55:00+00:00,2026-09-05T00:00:00+00:00,9.53,0.5,0.51,0.505,0.01,952.71,652.49,99
2026-09-04T23:50:28.383856+00:00,btc-updown-15m-1788565500,15,4201439,105129615524415600993603645621536684536595484620651981142767619164813873990213,2026-09-04T23:45:00+00:00,2026-09-05T00:00:00+00:00,9.53,0.29,0.3,0.295,0.01,84.93,21.0,82
2026-09-04T23:50:28.383856+00:00,btc-updown-15m-1788566400,15,4201590,109980398530325271828448810801245336172662580721653848039261671972823606479137,2026-09-05T00:00:00+00:00,2026-09-05T00:15:00+00:00,24.53,0.5,0.51,0.505,0.01,261.83,494.08,95
2026-09-04T23:51:29.263401+00:00,btc-updown-5m-1788565800,5,4201463,52664513856922217246654683678218633738610570204567547257019219886746696339062,2026-09-04T23:50:00+00:00,2026-09-04T23:55:00+00:00,3.52,0.52,0.53,0.525,0.01,152.0,82.24,99
2026-09-04T23:51:29.263401+00:00,btc-updown-5m-1788566100,5,4201496,62278701238419221311546912608738924083046531300436815043451787679852698400010,2026-09-04T23:55:00+00:00,2026-09-05T00:00:00+00:00,8.52,0.5,0.51,0.505,0.01,947.71,547.0,99
2026-09-04T23:51:29.263401+00:00,btc-updown-15m-1788565500,15,4201439,105129615524415600993603645621536684536595484620651981142767619164813873990213,2026-09-04T23:45:00+00:00,2026-09-05T00:00:00+00:00,8.52,0.38,0.39,0.385,0.01,31.0,20.0,84
2026-09-04T23:51:29.263401+00:00,btc-updown-15m-1788566400,15,4201590,109980398530325271828448810801245336172662580721653848039261671972823606479137,2026-09-05T00:00:00+00:00,2026-09-05T00:15:00+00:00,23.52,0.5,0.51,0.505,0.01,461.83,486.23,95
2026-09-04T23:52:30.188119+00:00,btc-updown-5m-1788565800,5,4201463,52664513856922217246654683678218633738610570204567547257019219886746696339062,2026-09-04T23:50:00+00:00,2026-09-04T23:55:00+00:00,2.5,0.38,0.39,0.385,0.01,10.0,147.68,99
2026-09-04T23:52:30.188119+00:00,btc-updown-5m-1788566100,5,4201496,62278701238419221311546912608738924083046531300436815043451787679852698400010,2026-09-04T23:55:00+00:00,2026-09-05T00:00:00+00:00,7.5,0.5,0.51,0.505,0.01,947.71,424.0,99
2026-09-04T23:52:30.188119+00:00,btc-updown-15m-1788565500,15,4201439,105129615524415600993603645621536684536595484620651981142767619164813873990213,2026-09-04T23:45:00+00:00,2026-09-05T00:00:00+00:00,7.5,0.28,0.29,0.285,0.01,6.0,40.0,82
2026-09-04T23:52:30.188119+00:00,btc-updown-15m-1788566400,15,4201590,109980398530325271828448810801245336172662580721653848039261671972823606479137,2026-09-05T00:00:00+00:00,2026-09-05T00:15:00+00:00,22.5,0.5,0.51,0.505,0.01,461.83,486.23,95
2026-09-04T23:53:31.095929+00:00,btc-updown-5m-1788565800,5,4201463,52664513856922217246654683678218633738610570204567547257019219886746696339062,2026-09-04T23:50:00+00:00,2026-09-04T23:55:00+00:00,1.48,0.23,0.24,0.235,0.01,15.72,192.09,99
2026-09-04T23:53:31.095929+00:00,btc-updown-5m-1788566100,5,4201496,62278701238419221311546912608738924083046531300436815043451787679852698400010,2026-09-04T23:55:00+00:00,2026-09-05T00:00:00+00:00,6.48,0.5,0.51,0.505,0.01,147.71,181.38,99
2026-09-04T23:53:31.095929+00:00,btc-updown-15m-1788565500,15,4201439,105129615524415600993603645621536684536595484620651981142767619164813873990213,2026-09-04T23:45:00+00:00,2026-09-05T00:00:00+00:00,6.48,0.24,0.25,0.245,0.01,76.45,56.0,78
2026-09-04T23:53:31.095929+00:00,btc-updown-15m-1788566400,15,4201590,109980398530325271828448810801245336172662580721653848039261671972823606479137,2026-09-05T00:00:00+00:00,2026-09-05T00:15:00+00:00,21.48,0.5,0.51,0.505,0.01,461.83,486.23,95
2026-09-04T23:54:32.010672+00:00,btc-updown-5m-1788566100,5,4201496,62278701238419221311546912608738924083046531300436815043451787679852698400010,2026-09-04T23:55:00+00:00,2026-09-05T00:00:00+00:00,5.47,0.5,0.51,0.505,0.01,65.13,156.05,99
2026-09-04T23:54:32.010672+00:00,btc-updown-15m-1788565500,15,4201439,105129615524415600993603645621536684536595484620651981142767619164813873990213,2026-09-04T23:45:00+00:00,2026-09-05T00:00:00+00:00,5.47,0.09,0.1,0.095,0.01,25.0,18.19,73
2026-09-04T23:54:32.010672+00:00,btc-updown-15m-1788566400,15,4201590,109980398530325271828448810801245336172662580721653848039261671972823606479137,2026-09-05T00:00:00+00:00,2026-09-05T00:15:00+00:00,20.47,0.5,0.51,0.505,0.01,486.83,486.23,95
2026-09-04T23:55:32.801377+00:00,btc-updown-5m-1788566100,5,4201496,62278701238419221311546912608738924083046531300436815043451787679852698400010,2026-09-04T23:55:00+00:00,2026-09-05T00:00:00+00:00,4.47,0.69,0.7,0.695,0.01,37.54,229.64,99
2026-09-04T23:55:32.801377+00:00,btc-updown-5m-1788566400,5,4201552,102842022073900366980050823213635260332592802750756227481634594560503985130027,2026-09-05T00:00:00+00:00,2026-09-05T00:05:00+00:00,9.47,0.5,0.51,0.505,0.01,476.93,344.13,99
2026-09-04T23:55:32.801377+00:00,btc-updown-15m-1788565500,15,4201439,105129615524415600993603645621536684536595484620651981142767619164813873990213,2026-09-04T23:45:00+00:00,2026-09-05T00:00:00+00:00,4.47,0.12,0.13,0.125,0.01,122.0,25.74,76
2026-09-04T23:55:32.801377+00:00,btc-updown-15m-1788566400,15,4201590,109980398530325271828448810801245336172662580721653848039261671972823606479137,2026-09-05T00:00:00+00:00,2026-09-05T00:15:00+00:00,19.47,0.5,0.51,0.505,0.01,336.83,211.23,95
2026-09-04T23:56:33.709984+00:00,btc-updown-5m-1788566100,5,4201496,62278701238419221311546912608738924083046531300436815043451787679852698400010,2026-09-04T23:55:00+00:00,2026-09-05T00:00:00+00:00,3.45,0.84,0.85,0.845,0.01,73.0,57.47,98
2026-09-04T23:56:33.709984+00:00,btc-updown-5m-1788566400,5,4201552,102842022073900366980050823213635260332592802750756227481634594560503985130027,2026-09-05T00:00:00+00:00,2026-09-05T00:05:00+00:00,8.45,0.5,0.51,0.505,0.01,479.93,344.13,99
2026-09-04T23:56:33.709984+00:00,btc-updown-15m-1788565500,15,4201439,105129615524415600993603645621536684536595484620651981142767619164813873990213,2026-09-04T23:45:00+00:00,2026-09-05T00:00:00+00:00,3.45,0.17,0.18,0.175,0.01,135.0,30.0,73
2026-09-04T23:56:33.709984+00:00,btc-updown-15m-1788566400,15,4201590,109980398530325271828448810801245336172662580721653848039261671972823606479137,2026-09-05T00:00:00+00:00,2026-09-05T00:15:00+00:00,18.45,0.5,0.51,0.505,0.01,366.83,186.11,95
2026-09-04T23:57:34.604100+00:00,btc-updown-5m-1788566100,5,4201496,62278701238419221311546912608738924083046531300436815043451787679852698400010,2026-09-04T23:55:00+00:00,2026-09-05T00:00:00+00:00,2.43,0.94,0.95,0.945,0.01,173.59,547.1,99
2026-09-04T23:57:34.604100+00:00,btc-updown-5m-1788566400,5,4201552,102842022073900366980050823213635260332592802750756227481634594560503985130027,2026-09-05T00:00:00+00:00,2026-09-05T00:05:00+00:00,7.43,0.5,0.51,0.505,0.01,469.93,322.36,99
2026-09-04T23:57:34.604100+00:00,btc-updown-15m-1788565500,15,4201439,105129615524415600993603645621536684536595484620651981142767619164813873990213,2026-09-04T23:45:00+00:00,2026-09-05T00:00:00+00:00,2.43,0.25,0.26,0.255,0.01,105.7,7822.3,78
2026-09-04T23:57:34.604100+00:00,btc-updown-15m-1788566400,15,4201590,109980398530325271828448810801245336172662580721653848039261671972823606479137,2026-09-05T00:00:00+00:00,2026-09-05T00:15:00+00:00,17.43,0.5,0.51,0.505,0.01,306.83,200.0,95
2026-09-04T23:58:35.493877+00:00,btc-updown-5m-1788566100,5,4201496,62278701238419221311546912608738924083046531300436815043451787679852698400010,2026-09-04T23:55:00+00:00,2026-09-05T00:00:00+00:00,1.42,0.98,0.99,0.985,0.01,417.91,3342.73,99
2026-09-04T23:58:35.493877+00:00,btc-updown-5m-1788566400,5,4201552,102842022073900366980050823213635260332592802750756227481634594560503985130027,2026-09-05T00:00:00+00:00,2026-09-05T00:05:00+00:00,6.42,0.5,0.51,0.505,0.01,327.93,110.78,99
2026-09-04T23:58:35.493877+00:00,btc-updown-15m-1788565500,15,4201439,105129615524415600993603645621536684536595484620651981142767619164813873990213,2026-09-04T23:45:00+00:00,2026-09-05T00:00:00+00:00,1.42,0.28,0.29,0.285,0.01,20.0,15.0,45
2026-09-04T23:58:35.493877+00:00,btc-updown-15m-1788566400,15,4201590,109980398530325271828448810801245336172662580721653848039261671972823606479137,2026-09-05T00:00:00+00:00,2026-09-05T00:15:00+00:00,16.42,0.5,0.51,0.505,0.01,306.83,200.0,95
2026-09-04T23:59:36.388088+00:00,btc-updown-5m-1788566400,5,4201552,102842022073900366980050823213635260332592802750756227481634594560503985130027,2026-09-05T00:00:00+00:00,2026-09-05T00:05:00+00:00,5.4,0.53,0.54,0.535,0.01,15.74,93.8,99
2026-09-04T23:59:36.388088+00:00,btc-updown-15m-1788566400,15,4201590,109980398530325271828448810801245336172662580721653848039261671972823606479137,2026-09-05T00:00:00+00:00,2026-09-05T00:15:00+00:00,15.4,0.5,0.51,0.505,0.01,306.83,207.08,92
