captured_at,slug,interval_min,market_id,yes_token,window_start,window_end,minutes_left,best_bid,best_ask,mid,spread,bid_size,ask_size,book_levels
2026-09-13T00:00:21.847964+00:00,btc-updown-5m-1789257600,5,4487808,84587504340792539814826757205215733844345059005038389682914439378391044532439,2026-09-13T00:00:00+00:00,2026-09-13T00:05:00+00:00,4.65,0.23,0.24,0.235,0.01,378.28,115.89,99
2026-09-13T00:00:21.847964+00:00,btc-updown-5m-1789257900,5,4487934,9445374152338338525382370692311316020530147882725046176395538960063285888772,2026-09-13T00:05:00+00:00,2026-09-13T00:10:00+00:00,9.65,0.49,0.5,0.495,0.01,333.6,216.0,99
2026-09-13T00:00:21.847964+00:00,btc-updown-15m-1789257600,15,4487814,67242545773277003692006958128203925703097815039175783190446091111679801289847,2026-09-13T00:00:00+00:00,2026-09-13T00:15:00+00:00,14.65,0.37,0.38,0.375,0.01,145.0,212.2,95
2026-09-13T00:00:21.847964+00:00,btc-updown-15m-1789258500,15,4488053,110926619555877900565447485485738995550172390104400384719863143200031831553859,2026-09-13T00:15:00+00:00,2026-09-13T00:30:00+00:00,29.65,0.49,0.5,0.495,0.01,91.02,43.94,97
2026-09-13T00:01:22.929704+00:00,btc-updown-5m-1789257600,5,4487808,84587504340792539814826757205215733844345059005038389682914439378391044532439,2026-09-13T00:00:00+00:00,2026-09-13T00:05:00+00:00,3.63,0.09,0.1,0.095,0.01,172.9,317.29,99
2026-09-13T00:01:22.929704+00:00,btc-updown-5m-1789257900,5,4487934,9445374152338338525382370692311316020530147882725046176395538960063285888772,2026-09-13T00:05:00+00:00,2026-09-13T00:10:00+00:00,8.63,0.49,0.5,0.495,0.01,231.42,307.01,99
2026-09-13T00:01:22.929704+00:00,btc-updown-15m-1789257600,15,4487814,67242545773277003692006958128203925703097815039175783190446091111679801289847,2026-09-13T00:00:00+00:00,2026-09-13T00:15:00+00:00,13.63,0.28,0.29,0.285,0.01,549.09,15.0,88
2026-09-13T00:01:22.929704+00:00,btc-updown-15m-1789258500,15,4488053,110926619555877900565447485485738995550172390104400384719863143200031831553859,2026-09-13T00:15:00+00:00,2026-09-13T00:30:00+00:00,28.63,0.49,0.5,0.495,0.01,40.0,118.94,99
2026-09-13T00:02:24.037796+00:00,btc-updown-5m-1789257600,5,4487808,84587504340792539814826757205215733844345059005038389682914439378391044532439,2026-09-13T00:00:00+00:00,2026-09-13T00:05:00+00:00,2.6,0.21,0.22,0.215,0.01,54.6,742.71,99
2026-09-13T00:02:24.037796+00:00,btc-updown-5m-1789257900,5,4487934,9445374152338338525382370692311316020530147882725046176395538960063285888772,2026-09-13T00:05:00+00:00,2026-09-13T00:10:00+00:00,7.6,0.49,0.5,0.495,0.01,233.61,227.01,99
2026-09-13T00:02:24.037796+00:00,btc-updown-15m-1789257600,15,4487814,67242545773277003692006958128203925703097815039175783190446091111679801289847,2026-09-13T00:00:00+00:00,2026-09-13T00:15:00+00:00,12.6,0.41,0.42,0.415,0.01,11643.15,25.0,92
2026-09-13T00:02:24.037796+00:00,btc-updown-15m-1789258500,15,4488053,110926619555877900565447485485738995550172390104400384719863143200031831553859,2026-09-13T00:15:00+00:00,2026-09-13T00:30:00+00:00,27.6,0.48,0.5,0.49,0.02,75.52,106.82,98
2026-09-13T00:03:25.186699+00:00,btc-updown-5m-1789257600,5,4487808,84587504340792539814826757205215733844345059005038389682914439378391044532439,2026-09-13T00:00:00+00:00,2026-09-13T00:05:00+00:00,1.58,0.35,0.36,0.355,0.01,264.99,429.87,99
2026-09-13T00:03:25.186699+00:00,btc-updown-5m-1789257900,5,4487934,9445374152338338525382370692311316020530147882725046176395538960063285888772,2026-09-13T00:05:00+00:00,2026-09-13T00:10:00+00:00,6.58,0.49,0.5,0.495,0.01,28.61,166.0,99
2026-09-13T00:03:25.186699+00:00,btc-updown-15m-1789257600,15,4487814,67242545773277003692006958128203925703097815039175783190446091111679801289847,2026-09-13T00:00:00+00:00,2026-09-13T00:15:00+00:00,11.58,0.48,0.49,0.485,0.01,185.0,108.0,89
2026-09-13T00:03:25.186699+00:00,btc-updown-15m-1789258500,15,4488053,110926619555877900565447485485738995550172390104400384719863143200031831553859,2026-09-13T00:15:00+00:00,2026-09-13T00:30:00+00:00,26.58,0.48,0.49,0.485,0.01,55.52,80.88,99
2026-09-13T00:04:26.316029+00:00,btc-updown-5m-1789257600,5,4487808,84587504340792539814826757205215733844345059005038389682914439378391044532439,2026-09-13T00:00:00+00:00,2026-09-13T00:05:00+00:00,0.57,0.03,0.04,0.035,0.01,77.92,162.8,99
2026-09-13T00:04:26.316029+00:00,btc-updown-5m-1789257900,5,4487934,9445374152338338525382370692311316020530147882725046176395538960063285888772,2026-09-13T00:05:00+00:00,2026-09-13T00:10:00+00:00,5.57,0.48,0.49,0.485,0.01,338.76,35.28,99
2026-09-13T00:04:26.316029+00:00,btc-updown-15m-1789257600,15,4487814,67242545773277003692006958128203925703097815039175783190446091111679801289847,2026-09-13T00:00:00+00:00,2026-09-13T00:15:00+00:00,10.57,0.48,0.49,0.485,0.01,349.0,27.18,89
2026-09-13T00:04:26.316029+00:00,btc-updown-15m-1789258500,15,4488053,110926619555877900565447485485738995550172390104400384719863143200031831553859,2026-09-13T00:15:00+00:00,2026-09-13T00:30:00+00:00,25.57,0.48,0.49,0.485,0.01,55.52,68.0,99
2026-09-13T00:05:27.402327+00:00,btc-updown-5m-1789257900,5,4487934,9445374152338338525382370692311316020530147882725046176395538960063285888772,2026-09-13T00:05:00+00:00,2026-09-13T00:10:00+00:00,4.55,0.53,0.54,0.535,0.01,48.0,375.9,99
2026-09-13T00:05:27.402327+00:00,btc-updown-5m-1789258200,5,4488040,84501867391058969889080903787094871137521541428750841290208567756506821974155,2026-09-13T00:10:00+00:00,2026-09-13T00:15:00+00:00,9.55,0.49,0.5,0.495,0.01,348.01,199.0,99
2026-09-13T00:05:27.402327+00:00,btc-updown-15m-1789257600,15,4487814,67242545773277003692006958128203925703097815039175783190446091111679801289847,2026-09-13T00:00:00+00:00,2026-09-13T00:15:00+00:00,9.55,0.47,0.48,0.475,0.01,250.0,193.2,89
2026-09-13T00:05:27.402327+00:00,btc-updown-15m-1789258500,15,4488053,110926619555877900565447485485738995550172390104400384719863143200031831553859,2026-09-13T00:15:00+00:00,2026-09-13T00:30:00+00:00,24.55,0.48,0.49,0.485,0.01,55.52,68.0,99
2026-09-13T00:06:28.515794+00:00,btc-updown-5m-1789257900,5,4487934,9445374152338338525382370692311316020530147882725046176395538960063285888772,2026-09-13T00:05:00+00:00,2026-09-13T00:10:00+00:00,3.53,0.65,0.66,0.655,0.01,319.64,381.78,99
2026-09-13T00:06:28.515794+00:00,btc-updown-5m-1789258200,5,4488040,84501867391058969889080903787094871137521541428750841290208567756506821974155,2026-09-13T00:10:00+00:00,2026-09-13T00:15:00+00:00,8.53,0.49,0.5,0.495,0.01,226.79,210.0,99
2026-09-13T00:06:28.515794+00:00,btc-updown-15m-1789257600,15,4487814,67242545773277003692006958128203925703097815039175783190446091111679801289847,2026-09-13T00:00:00+00:00,2026-09-13T00:15:00+00:00,8.53,0.51,0.52,0.515,0.01,10.0,389.69,88
2026-09-13T00:06:28.515794+00:00,btc-updown-15m-1789258500,15,4488053,110926619555877900565447485485738995550172390104400384719863143200031831553859,2026-09-13T00:15:00+00:00,2026-09-13T00:30:00+00:00,23.53,0.48,0.49,0.485,0.01,55.52,13.91,99
2026-09-13T00:07:29.599625+00:00,btc-updown-5m-1789257900,5,4487934,9445374152338338525382370692311316020530147882725046176395538960063285888772,2026-09-13T00:05:00+00:00,2026-09-13T00:10:00+00:00,2.52,0.41,0.42,0.415,0.01,233.0,313.02,99
2026-09-13T00:07:29.599625+00:00,btc-updown-5m-1789258200,5,4488040,84501867391058969889080903787094871137521541428750841290208567756506821974155,2026-09-13T00:10:00+00:00,2026-09-13T00:15:00+00:00,7.52,0.49,0.5,0.495,0.01,204.35,159.94,99
2026-09-13T00:07:29.599625+00:00,btc-updown-15m-1789257600,15,4487814,67242545773277003692006958128203925703097815039175783190446091111679801289847,2026-09-13T00:00:00+00:00,2026-09-13T00:15:00+00:00,7.52,0.41,0.42,0.415,0.01,218.0,327.3,87
2026-09-13T00:07:29.599625+00:00,btc-updown-15m-1789258500,15,4488053,110926619555877900565447485485738995550172390104400384719863143200031831553859,2026-09-13T00:15:00+00:00,2026-09-13T00:30:00+00:00,22.52,0.48,0.49,0.485,0.01,55.52,63.91,99
2026-09-13T00:08:30.673891+00:00,btc-updown-5m-1789257900,5,4487934,9445374152338338525382370692311316020530147882725046176395538960063285888772,2026-09-13T00:05:00+00:00,2026-09-13T00:10:00+00:00,1.5,0.54,0.55,0.545,0.01,615.66,135.79,99
2026-09-13T00:08:30.673891+00:00,btc-updown-5m-1789258200,5,4488040,84501867391058969889080903787094871137521541428750841290208567756506821974155,2026-09-13T00:10:00+00:00,2026-09-13T00:15:00+00:00,6.5,0.49,0.5,0.495,0.01,184.35,149.94,99
2026-09-13T00:08:30.673891+00:00,btc-updown-15m-1789257600,15,4487814,67242545773277003692006958128203925703097815039175783190446091111679801289847,2026-09-13T00:00:00+00:00,2026-09-13T00:15:00+00:00,6.5,0.44,0.45,0.445,0.01,616.05,324.0,89
2026-09-13T00:08:30.673891+00:00,btc-updown-15m-1789258500,15,4488053,110926619555877900565447485485738995550172390104400384719863143200031831553859,2026-09-13T00:15:00+00:00,2026-09-13T00:30:00+00:00,21.5,0.48,0.49,0.485,0.01,55.52,13.91,99
2026-09-13T00:09:31.772686+00:00,btc-updown-5m-1789257900,5,4487934,9445374152338338525382370692311316020530147882725046176395538960063285888772,2026-09-13T00:05:00+00:00,2026-09-13T00:10:00+00:00,0.48,0.94,0.95,0.945,0.01,141.22,738.02,99
2026-09-13T00:09:31.772686+00:00,btc-updown-5m-1789258200,5,4488040,84501867391058969889080903787094871137521541428750841290208567756506821974155,2026-09-13T00:10:00+00:00,2026-09-13T00:15:00+00:00,5.48,0.49,0.5,0.495,0.01,67.37,210.38,99
2026-09-13T00:09:31.772686+00:00,btc-updown-15m-1789257600,15,4487814,67242545773277003692006958128203925703097815039175783190446091111679801289847,2026-09-13T00:00:00+00:00,2026-09-13T00:15:00+00:00,5.48,0.46,0.47,0.465,0.01,2936.0,214.0,91
2026-09-13T00:09:31.772686+00:00,btc-updown-15m-1789258500,15,4488053,110926619555877900565447485485738995550172390104400384719863143200031831553859,2026-09-13T00:15:00+00:00,2026-09-13T00:30:00+00:00,20.48,0.48,0.49,0.485,0.01,55.52,63.91,99
2026-09-13T00:10:32.865263+00:00,btc-updown-5m-1789258200,5,4488040,84501867391058969889080903787094871137521541428750841290208567756506821974155,2026-09-13T00:10:00+00:00,2026-09-13T00:15:00+00:00,4.47,0.47,0.48,0.475,0.01,237.99,349.96,99
2026-09-13T00:10:32.865263+00:00,btc-updown-5m-1789258500,5,4488056,80325677622219393129871476050905647449353105849371463490653267166066632596564,2026-09-13T00:15:00+00:00,2026-09-13T00:20:00+00:00,9.47,0.49,0.5,0.495,0.01,387.11,226.2,99
2026-09-13T00:10:32.865263+00:00,btc-updown-15m-1789257600,15,4487814,67242545773277003692006958128203925703097815039175783190446091111679801289847,2026-09-13T00:00:00+00:00,2026-09-13T00:15:00+00:00,4.47,0.4,0.41,0.405,0.01,1750.0,185.77,91
2026-09-13T00:10:32.865263+00:00,btc-updown-15m-1789258500,15,4488053,110926619555877900565447485485738995550172390104400384719863143200031831553859,2026-09-13T00:15:00+00:00,2026-09-13T00:30:00+00:00,19.47,0.46,0.47,0.465,0.01,156.35,25.0,99
2026-09-13T00:11:33.979666+00:00,btc-updown-5m-1789258200,5,4488040,84501867391058969889080903787094871137521541428750841290208567756506821974155,2026-09-13T00:10:00+00:00,2026-09-13T00:15:00+00:00,3.45,0.27,0.28,0.275,0.01,100.48,749.94,99
2026-09-13T00:11:33.979666+00:00,btc-updown-5m-1789258500,5,4488056,80325677622219393129871476050905647449353105849371463490653267166066632596564,2026-09-13T00:15:00+00:00,2026-09-13T00:20:00+00:00,8.45,0.49,0.5,0.495,0.01,64.59,359.55,99
2026-09-13T00:11:33.979666+00:00,btc-updown-15m-1789257600,15,4487814,67242545773277003692006958128203925703097815039175783190446091111679801289847,2026-09-13T00:00:00+00:00,2026-09-13T00:15:00+00:00,3.45,0.25,0.26,0.255,0.01,7808.93,68.95,85
2026-09-13T00:11:33.979666+00:00,btc-updown-15m-1789258500,15,4488053,110926619555877900565447485485738995550172390104400384719863143200031831553859,2026-09-13T00:15:00+00:00,2026-09-13T00:30:00+00:00,18.45,0.46,0.47,0.465,0.01,134.41,50.0,99
2026-09-13T00:12:35.096571+00:00,btc-updown-5m-1789258200,5,4488040,84501867391058969889080903787094871137521541428750841290208567756506821974155,2026-09-13T00:10:00+00:00,2026-09-13T00:15:00+00:00,2.42,0.18,0.19,0.185,0.01,56.62,281.84,99
2026-09-13T00:12:35.096571+00:00,btc-updown-5m-1789258500,5,4488056,80325677622219393129871476050905647449353105849371463490653267166066632596564,2026-09-13T00:15:00+00:00,2026-09-13T00:20:00+00:00,7.42,0.49,0.5,0.495,0.01,47.54,389.55,99
2026-09-13T00:12:35.096571+00:00,btc-updown-15m-1789257600,15,4487814,67242545773277003692006958128203925703097815039175783190446091111679801289847,2026-09-13T00:00:00+00:00,2026-09-13T00:15:00+00:00,2.42,0.19,0.2,0.195,0.01,422.66,473.91,78
2026-09-13T00:12:35.096571+00:00,btc-updown-15m-1789258500,15,4488053,110926619555877900565447485485738995550172390104400384719863143200031831553859,2026-09-13T00:15:00+00:00,2026-09-13T00:30:00+00:00,17.42,0.46,0.47,0.465,0.01,134.41,46.0,99
2026-09-13T00:13:36.180490+00:00,btc-updown-5m-1789258200,5,4488040,84501867391058969889080903787094871137521541428750841290208567756506821974155,2026-09-13T00:10:00+00:00,2026-09-13T00:15:00+00:00,1.4,0.08,0.09,0.085,0.01,380.33,25.9,99
2026-09-13T00:13:36.180490+00:00,btc-updown-5m-1789258500,5,4488056,80325677622219393129871476050905647449353105849371463490653267166066632596564,2026-09-13T00:15:00+00:00,2026-09-13T00:20:00+00:00,6.4,0.48,0.49,0.485,0.01,133.08,106.82,99
2026-09-13T00:13:36.180490+00:00,btc-updown-15m-1789257600,15,4487814,67242545773277003692006958128203925703097815039175783190446091111679801289847,2026-09-13T00:00:00+00:00,2026-09-13T00:15:00+00:00,1.4,0.09,0.1,0.095,0.01,96.5,191.0,47
2026-09-13T00:13:36.180490+00:00,btc-updown-15m-1789258500,15,4488053,110926619555877900565447485485738995550172390104400384719863143200031831553859,2026-09-13T00:15:00+00:00,2026-09-13T00:30:00+00:00,16.4,0.46,0.47,0.465,0.01,134.41,46.0,99
2026-09-13T00:14:37.296239+00:00,btc-updown-5m-1789258500,5,4488056,80325677622219393129871476050905647449353105849371463490653267166066632596564,2026-09-13T00:15:00+00:00,2026-09-13T00:20:00+00:00,5.38,0.49,0.5,0.495,0.01,36.5,68.74,99
2026-09-13T00:14:37.296239+00:00,btc-updown-15m-1789258500,15,4488053,110926619555877900565447485485738995550172390104400384719863143200031831553859,2026-09-13T00:15:00+00:00,2026-09-13T00:30:00+00:00,15.38,0.46,0.47,0.465,0.01,160.62,10.36,89
2026-09-13T00:15:38.180856+00:00,btc-updown-5m-1789258500,5,4488056,80325677622219393129871476050905647449353105849371463490653267166066632596564,2026-09-13T00:15:00+00:00,2026-09-13T00:20:00+00:00,4.37,0.46,0.47,0.465,0.01,383.06,138.2,99
2026-09-13T00:15:38.180856+00:00,btc-updown-5m-1789258800,5,4488086,54283128434859451350620078241805228842151622102017857578809938991969868614015,2026-09-13T00:20:00+00:00,2026-09-13T00:25:00+00:00,9.37,0.49,0.5,0.495,0.01,319.04,229.0,99
2026-09-13T00:15:38.180856+00:00,btc-updown-15m-1789258500,15,4488053,110926619555877900565447485485738995550172390104400384719863143200031831553859,2026-09-13T00:15:00+00:00,2026-09-13T00:30:00+00:00,14.37,0.48,0.49,0.485,0.01,40.0,352.09,99
2026-09-13T00:15:38.180856+00:00,btc-updown-15m-1789259400,15,4488186,100558722391874075490789633589325381305238793314864678913585112479420398343425,2026-09-13T00:30:00+00:00,2026-09-13T00:45:00+00:00,29.37,0.49,0.5,0.495,0.01,40.0,96.6,93
2026-09-13T00:16:39.277608+00:00,btc-updown-5m-1789258500,5,4488056,80325677622219393129871476050905647449353105849371463490653267166066632596564,2026-09-13T00:15:00+00:00,2026-09-13T00:20:00+00:00,3.35,0.49,0.5,0.495,0.01,425.11,357.2,99
2026-09-13T00:16:39.277608+00:00,btc-updown-5m-1789258800,5,4488086,54283128434859451350620078241805228842151622102017857578809938991969868614015,2026-09-13T00:20:00+00:00,2026-09-13T00:25:00+00:00,8.35,0.49,0.5,0.495,0.01,196.58,303.0,99
2026-09-13T00:16:39.277608+00:00,btc-updown-15m-1789258500,15,4488053,110926619555877900565447485485738995550172390104400384719863143200031831553859,2026-09-13T00:15:00+00:00,2026-09-13T00:30:00+00:00,13.35,0.5,0.51,0.505,0.01,66.0,41.66,89
2026-09-13T00:16:39.277608+00:00,btc-updown-15m-1789259400,15,4488186,100558722391874075490789633589325381305238793314864678913585112479420398343425,2026-09-13T00:30:00+00:00,2026-09-13T00:45:00+00:00,28.35,0.49,0.5,0.495,0.01,40.0,121.6,93
2026-09-13T00:17:40.398770+00:00,btc-updown-5m-1789258500,5,4488056,80325677622219393129871476050905647449353105849371463490653267166066632596564,2026-09-13T00:15:00+00:00,2026-09-13T00:20:00+00:00,2.33,0.47,0.48,0.475,0.01,20.75,326.83,99
2026-09-13T00:17:40.398770+00:00,btc-updown-5m-1789258800,5,4488086,54283128434859451350620078241805228842151622102017857578809938991969868614015,2026-09-13T00:20:00+00:00,2026-09-13T00:25:00+00:00,7.33,0.49,0.5,0.495,0.01,188.58,303.0,99
2026-09-13T00:17:40.398770+00:00,btc-updown-15m-1789258500,15,4488053,110926619555877900565447485485738995550172390104400384719863143200031831553859,2026-09-13T00:15:00+00:00,2026-09-13T00:30:00+00:00,12.33,0.5,0.51,0.505,0.01,231.0,172.73,87
2026-09-13T00:17:40.398770+00:00,btc-updown-15m-1789259400,15,4488186,100558722391874075490789633589325381305238793314864678913585112479420398343425,2026-09-13T00:30:00+00:00,2026-09-13T00:45:00+00:00,27.33,0.49,0.5,0.495,0.01,91.02,46.6,93
2026-09-13T00:18:41.506424+00:00,btc-updown-5m-1789258500,5,4488056,80325677622219393129871476050905647449353105849371463490653267166066632596564,2026-09-13T00:15:00+00:00,2026-09-13T00:20:00+00:00,1.32,0.62,0.63,0.625,0.01,275.88,27.66,99
2026-09-13T00:18:41.506424+00:00,btc-updown-5m-1789258800,5,4488086,54283128434859451350620078241805228842151622102017857578809938991969868614015,2026-09-13T00:20:00+00:00,2026-09-13T00:25:00+00:00,6.32,0.49,0.5,0.495,0.01,168.58,160.0,99
2026-09-13T00:18:41.506424+00:00,btc-updown-15m-1789258500,15,4488053,110926619555877900565447485485738995550172390104400384719863143200031831553859,2026-09-13T00:15:00+00:00,2026-09-13T00:30:00+00:00,11.32,0.52,0.53,0.525,0.01,302.49,105.0,85
2026-09-13T00:18:41.506424+00:00,btc-updown-15m-1789259400,15,4488186,100558722391874075490789633589325381305238793314864678913585112479420398343425,2026-09-13T00:30:00+00:00,2026-09-13T00:45:00+00:00,26.32,0.49,0.5,0.495,0.01,30.0,10.0,93
2026-09-13T00:19:42.610241+00:00,btc-updown-5m-1789258500,5,4488056,80325677622219393129871476050905647449353105849371463490653267166066632596564,2026-09-13T00:15:00+00:00,2026-09-13T00:20:00+00:00,0.3,0.97,0.98,0.975,0.01,78.4,373.2,99
2026-09-13T00:19:42.610241+00:00,btc-updown-5m-1789258800,5,4488086,54283128434859451350620078241805228842151622102017857578809938991969868614015,2026-09-13T00:20:00+00:00,2026-09-13T00:25:00+00:00,5.3,0.47,0.48,0.475,0.01,59.2,157.52,98
2026-09-13T00:19:42.610241+00:00,btc-updown-15m-1789258500,15,4488053,110926619555877900565447485485738995550172390104400384719863143200031831553859,2026-09-13T00:15:00+00:00,2026-09-13T00:30:00+00:00,10.3,0.52,0.53,0.525,0.01,90.0,113.72,89
2026-09-13T00:19:42.610241+00:00,btc-updown-15m-1789259400,15,4488186,100558722391874075490789633589325381305238793314864678913585112479420398343425,2026-09-13T00:30:00+00:00,2026-09-13T00:45:00+00:00,25.3,0.49,0.5,0.495,0.01,30.0,32.0,93
2026-09-13T00:20:43.708649+00:00,btc-updown-5m-1789258800,5,4488086,54283128434859451350620078241805228842151622102017857578809938991969868614015,2026-09-13T00:20:00+00:00,2026-09-13T00:25:00+00:00,4.28,0.51,0.52,0.515,0.01,206.0,243.74,99
2026-09-13T00:20:43.708649+00:00,btc-updown-5m-1789259100,5,4488169,33293622172026486171111161711892917631849312454707949079769009270667978900036,2026-09-13T00:25:00+00:00,2026-09-13T00:30:00+00:00,9.28,0.49,0.5,0.495,0.01,191.71,211.2,99
2026-09-13T00:20:43.708649+00:00,btc-updown-15m-1789258500,15,4488053,110926619555877900565447485485738995550172390104400384719863143200031831553859,2026-09-13T00:15:00+00:00,2026-09-13T00:30:00+00:00,9.28,0.53,0.54,0.535,0.01,228.99,106.16,90
2026-09-13T00:20:43.708649+00:00,btc-updown-15m-1789259400,15,4488186,100558722391874075490789633589325381305238793314864678913585112479420398343425,2026-09-13T00:30:00+00:00,2026-09-13T00:45:00+00:00,24.28,0.49,0.5,0.495,0.01,26.07,10.0,93
2026-09-13T00:21:44.804804+00:00,btc-updown-5m-1789258800,5,4488086,54283128434859451350620078241805228842151622102017857578809938991969868614015,2026-09-13T00:20:00+00:00,2026-09-13T00:25:00+00:00,3.27,0.58,0.59,0.585,0.01,160.54,283.0,99
2026-09-13T00:21:44.804804+00:00,btc-updown-5m-1789259100,5,4488169,33293622172026486171111161711892917631849312454707949079769009270667978900036,2026-09-13T00:25:00+00:00,2026-09-13T00:30:00+00:00,8.27,0.49,0.5,0.495,0.01,166.3,205.9,99
2026-09-13T00:21:44.804804+00:00,btc-updown-15m-1789258500,15,4488053,110926619555877900565447485485738995550172390104400384719863143200031831553859,2026-09-13T00:15:00+00:00,2026-09-13T00:30:00+00:00,8.27,0.56,0.57,0.565,0.01,146.0,202.23,89
2026-09-13T00:21:44.804804+00:00,btc-updown-15m-1789259400,15,4488186,100558722391874075490789633589325381305238793314864678913585112479420398343425,2026-09-13T00:30:00+00:00,2026-09-13T00:45:00+00:00,23.27,0.49,0.5,0.495,0.01,26.07,10.0,93
2026-09-13T00:22:45.900872+00:00,btc-updown-5m-1789258800,5,4488086,54283128434859451350620078241805228842151622102017857578809938991969868614015,2026-09-13T00:20:00+00:00,2026-09-13T00:25:00+00:00,2.25,0.5,0.51,0.505,0.01,174.92,481.01,99
2026-09-13T00:22:45.900872+00:00,btc-updown-5m-1789259100,5,4488169,33293622172026486171111161711892917631849312454707949079769009270667978900036,2026-09-13T00:25:00+00:00,2026-09-13T00:30:00+00:00,7.25,0.49,0.5,0.495,0.01,276.3,281.9,99
2026-09-13T00:22:45.900872+00:00,btc-updown-15m-1789258500,15,4488053,110926619555877900565447485485738995550172390104400384719863143200031831553859,2026-09-13T00:15:00+00:00,2026-09-13T00:30:00+00:00,7.25,0.52,0.53,0.525,0.01,293.19,103.52,91
2026-09-13T00:22:45.900872+00:00,btc-updown-15m-1789259400,15,4488186,100558722391874075490789633589325381305238793314864678913585112479420398343425,2026-09-13T00:30:00+00:00,2026-09-13T00:45:00+00:00,22.25,0.49,0.5,0.495,0.01,26.07,32.0,93
2026-09-13T00:23:46.991540+00:00,btc-updown-5m-1789258800,5,4488086,54283128434859451350620078241805228842151622102017857578809938991969868614015,2026-09-13T00:20:00+00:00,2026-09-13T00:25:00+00:00,1.23,0.34,0.35,0.345,0.01,8.8,174.71,99
2026-09-13T00:23:46.991540+00:00,btc-updown-5m-1789259100,5,4488169,33293622172026486171111161711892917631849312454707949079769009270667978900036,2026-09-13T00:25:00+00:00,2026-09-13T00:30:00+00:00,6.23,0.49,0.5,0.495,0.01,256.3,306.2,99
2026-09-13T00:23:46.991540+00:00,btc-updown-15m-1789258500,15,4488053,110926619555877900565447485485738995550172390104400384719863143200031831553859,2026-09-13T00:15:00+00:00,2026-09-13T00:30:00+00:00,6.23,0.49,0.5,0.495,0.01,62.54,307.89,92
2026-09-13T00:23:46.991540+00:00,btc-updown-15m-1789259400,15,4488186,100558722391874075490789633589325381305238793314864678913585112479420398343425,2026-09-13T00:30:00+00:00,2026-09-13T00:45:00+00:00,21.23,0.49,0.5,0.495,0.01,26.07,32.0,93
2026-09-13T00:24:48.084723+00:00,btc-updown-5m-1789259100,5,4488169,33293622172026486171111161711892917631849312454707949079769009270667978900036,2026-09-13T00:25:00+00:00,2026-09-13T00:30:00+00:00,5.2,0.49,0.5,0.495,0.01,218.17,91.93,99
2026-09-13T00:24:48.084723+00:00,btc-updown-15m-1789258500,15,4488053,110926619555877900565447485485738995550172390104400384719863143200031831553859,2026-09-13T00:15:00+00:00,2026-09-13T00:30:00+00:00,5.2,0.48,0.49,0.485,0.01,232.44,282.66,87
2026-09-13T00:24:48.084723+00:00,btc-updown-15m-1789259400,15,4488186,100558722391874075490789633589325381305238793314864678913585112479420398343425,2026-09-13T00:30:00+00:00,2026-09-13T00:45:00+00:00,20.2,0.49,0.5,0.495,0.01,26.07,157.0,93
2026-09-13T00:25:49.115596+00:00,btc-updown-5m-1789259100,5,4488169,33293622172026486171111161711892917631849312454707949079769009270667978900036,2026-09-13T00:25:00+00:00,2026-09-13T00:30:00+00:00,4.18,0.52,0.53,0.525,0.01,82.16,266.55,99
2026-09-13T00:25:49.115596+00:00,btc-updown-5m-1789259400,5,4488190,99956672480337810486808734713470521291493403695888463422631695898116570063453,2026-09-13T00:30:00+00:00,2026-09-13T00:35:00+00:00,9.18,0.5,0.51,0.505,0.01,72.92,168.46,99
2026-09-13T00:25:49.115596+00:00,btc-updown-15m-1789258500,15,4488053,110926619555877900565447485485738995550172390104400384719863143200031831553859,2026-09-13T00:15:00+00:00,2026-09-13T00:30:00+00:00,4.18,0.48,0.49,0.485,0.01,25.77,489.77,90
2026-09-13T00:25:49.115596+00:00,btc-updown-15m-1789259400,15,4488186,100558722391874075490789633589325381305238793314864678913585112479420398343425,2026-09-13T00:30:00+00:00,2026-09-13T00:45:00+00:00,19.18,0.48,0.49,0.485,0.01,112.07,116.99,93
2026-09-13T00:26:50.213797+00:00,btc-updown-5m-1789259100,5,4488169,33293622172026486171111161711892917631849312454707949079769009270667978900036,2026-09-13T00:25:00+00:00,2026-09-13T00:30:00+00:00,3.17,0.82,0.83,0.825,0.01,46.0,575.42,99
2026-09-13T00:26:50.213797+00:00,btc-updown-5m-1789259400,5,4488190,99956672480337810486808734713470521291493403695888463422631695898116570063453,2026-09-13T00:30:00+00:00,2026-09-13T00:35:00+00:00,8.17,0.5,0.51,0.505,0.01,58.92,143.46,99
2026-09-13T00:26:50.213797+00:00,btc-updown-15m-1789258500,15,4488053,110926619555877900565447485485738995550172390104400384719863143200031831553859,2026-09-13T00:15:00+00:00,2026-09-13T00:30:00+00:00,3.17,0.77,0.78,0.775,0.01,39.3,361.99,83
2026-09-13T00:26:50.213797+00:00,btc-updown-15m-1789259400,15,4488186,100558722391874075490789633589325381305238793314864678913585112479420398343425,2026-09-13T00:30:00+00:00,2026-09-13T00:45:00+00:00,18.17,0.48,0.49,0.485,0.01,92.08,80.99,93
2026-09-13T00:27:51.322560+00:00,btc-updown-5m-1789259100,5,4488169,33293622172026486171111161711892917631849312454707949079769009270667978900036,2026-09-13T00:25:00+00:00,2026-09-13T00:30:00+00:00,2.15,0.91,0.92,0.915,0.01,274.59,124.68,99
2026-09-13T00:27:51.322560+00:00,btc-updown-5m-1789259400,5,4488190,99956672480337810486808734713470521291493403695888463422631695898116570063453,2026-09-13T00:30:00+00:00,2026-09-13T00:35:00+00:00,7.15,0.5,0.51,0.505,0.01,68.92,115.85,99
2026-09-13T00:27:51.322560+00:00,btc-updown-15m-1789258500,15,4488053,110926619555877900565447485485738995550172390104400384719863143200031831553859,2026-09-13T00:15:00+00:00,2026-09-13T00:30:00+00:00,2.15,0.89,0.9,0.895,0.01,157.56,105.0,78
2026-09-13T00:27:51.322560+00:00,btc-updown-15m-1789259400,15,4488186,100558722391874075490789633589325381305238793314864678913585112479420398343425,2026-09-13T00:30:00+00:00,2026-09-13T00:45:00+00:00,17.15,0.48,0.49,0.485,0.01,79.4,80.99,95
2026-09-13T00:28:52.431528+00:00,btc-updown-5m-1789259100,5,4488169,33293622172026486171111161711892917631849312454707949079769009270667978900036,2026-09-13T00:25:00+00:00,2026-09-13T00:30:00+00:00,1.13,0.87,0.88,0.875,0.01,299.38,26.93,99
2026-09-13T00:28:52.431528+00:00,btc-updown-5m-1789259400,5,4488190,99956672480337810486808734713470521291493403695888463422631695898116570063453,2026-09-13T00:30:00+00:00,2026-09-13T00:35:00+00:00,6.13,0.5,0.51,0.505,0.01,28.0,30.18,99
2026-09-13T00:28:52.431528+00:00,btc-updown-15m-1789258500,15,4488053,110926619555877900565447485485738995550172390104400384719863143200031831553859,2026-09-13T00:15:00+00:00,2026-09-13T00:30:00+00:00,1.13,0.63,0.64,0.635,0.01,5.0,145.0,72
2026-09-13T00:28:52.431528+00:00,btc-updown-15m-1789259400,15,4488186,100558722391874075490789633589325381305238793314864678913585112479420398343425,2026-09-13T00:30:00+00:00,2026-09-13T00:45:00+00:00,16.13,0.48,0.49,0.485,0.01,69.2,9.99,95
2026-09-13T00:29:53.531618+00:00,btc-updown-5m-1789259100,5,4488169,33293622172026486171111161711892917631849312454707949079769009270667978900036,2026-09-13T00:25:00+00:00,2026-09-13T00:30:00+00:00,0.12,0.99,0.999,0.9945,0.009,1242.65,10.0,109
2026-09-13T00:29:53.531618+00:00,btc-updown-5m-1789259400,5,4488190,99956672480337810486808734713470521291493403695888463422631695898116570063453,2026-09-13T00:30:00+00:00,2026-09-13T00:35:00+00:00,5.12,0.55,0.56,0.555,0.01,396.64,288.02,95
2026-09-13T00:29:53.531618+00:00,btc-updown-15m-1789259400,15,4488186,100558722391874075490789633589325381305238793314864678913585112479420398343425,2026-09-13T00:30:00+00:00,2026-09-13T00:45:00+00:00,15.12,0.48,0.49,0.485,0.01,62.08,11.68,89
2026-09-13T00:30:54.522159+00:00,btc-updown-5m-1789259400,5,4488190,99956672480337810486808734713470521291493403695888463422631695898116570063453,2026-09-13T00:30:00+00:00,2026-09-13T00:35:00+00:00,4.1,0.49,0.5,0.495,0.01,277.25,157.41,99
2026-09-13T00:30:54.522159+00:00,btc-updown-5m-1789259700,5,4488314,69592075202638270858903955215909559990123192081709116925722828221985335483313,2026-09-13T00:35:00+00:00,2026-09-13T00:40:00+00:00,9.1,0.5,0.51,0.505,0.01,45.65,451.24,99
2026-09-13T00:30:54.522159+00:00,btc-updown-15m-1789259400,15,4488186,100558722391874075490789633589325381305238793314864678913585112479420398343425,2026-09-13T00:30:00+00:00,2026-09-13T00:45:00+00:00,14.1,0.48,0.49,0.485,0.01,431.0,5.0,92
2026-09-13T00:30:54.522159+00:00,btc-updown-15m-1789260300,15,4488344,47079385906779108883648777092036462522284213601993564605196002721699849888227,2026-09-13T00:45:00+00:00,2026-09-13T01:00:00+00:00,29.1,0.49,0.5,0.495,0.01,45.0,46.6,99
2026-09-13T00:31:55.616928+00:00,btc-updown-5m-1789259400,5,4488190,99956672480337810486808734713470521291493403695888463422631695898116570063453,2026-09-13T00:30:00+00:00,2026-09-13T00:35:00+00:00,3.08,0.44,0.45,0.445,0.01,166.99,350.68,99
2026-09-13T00:31:55.616928+00:00,btc-updown-5m-1789259700,5,4488314,69592075202638270858903955215909559990123192081709116925722828221985335483313,2026-09-13T00:35:00+00:00,2026-09-13T00:40:00+00:00,8.08,0.5,0.51,0.505,0.01,15.65,356.24,99
2026-09-13T00:31:55.616928+00:00,btc-updown-15m-1789259400,15,4488186,100558722391874075490789633589325381305238793314864678913585112479420398343425,2026-09-13T00:30:00+00:00,2026-09-13T00:45:00+00:00,13.08,0.5,0.51,0.505,0.01,111.01,280.0,89
2026-09-13T00:31:55.616928+00:00,btc-updown-15m-1789260300,15,4488344,47079385906779108883648777092036462522284213601993564605196002721699849888227,2026-09-13T00:45:00+00:00,2026-09-13T01:00:00+00:00,28.08,0.49,0.5,0.495,0.01,45.0,46.6,99
2026-09-13T00:32:56.746539+00:00,btc-updown-5m-1789259400,5,4488190,99956672480337810486808734713470521291493403695888463422631695898116570063453,2026-09-13T00:30:00+00:00,2026-09-13T00:35:00+00:00,2.07,0.42,0.43,0.425,0.01,181.27,74.19,99
2026-09-13T00:32:56.746539+00:00,btc-updown-5m-1789259700,5,4488314,69592075202638270858903955215909559990123192081709116925722828221985335483313,2026-09-13T00:35:00+00:00,2026-09-13T00:40:00+00:00,7.07,0.5,0.51,0.505,0.01,15.65,348.24,99
2026-09-13T00:32:56.746539+00:00,btc-updown-15m-1789259400,15,4488186,100558722391874075490789633589325381305238793314864678913585112479420398343425,2026-09-13T00:30:00+00:00,2026-09-13T00:45:00+00:00,12.07,0.49,0.5,0.495,0.01,2259.11,481.0,84
2026-09-13T00:32:56.746539+00:00,btc-updown-15m-1789260300,15,4488344,47079385906779108883648777092036462522284213601993564605196002721699849888227,2026-09-13T00:45:00+00:00,2026-09-13T01:00:00+00:00,27.07,0.49,0.5,0.495,0.01,57.05,42.21,99
2026-09-13T00:33:57.978921+00:00,btc-updown-5m-1789259400,5,4488190,99956672480337810486808734713470521291493403695888463422631695898116570063453,2026-09-13T00:30:00+00:00,2026-09-13T00:35:00+00:00,1.05,0.33,0.34,0.335,0.01,245.87,18.34,99
2026-09-13T00:33:57.978921+00:00,btc-updown-5m-1789259700,5,4488314,69592075202638270858903955215909559990123192081709116925722828221985335483313,2026-09-13T00:35:00+00:00,2026-09-13T00:40:00+00:00,6.05,0.5,0.51,0.505,0.01,15.65,408.63,99
2026-09-13T00:33:57.978921+00:00,btc-updown-15m-1789259400,15,4488186,100558722391874075490789633589325381305238793314864678913585112479420398343425,2026-09-13T00:30:00+00:00,2026-09-13T00:45:00+00:00,11.05,0.5,0.51,0.505,0.01,212.0,255.69,90
2026-09-13T00:33:57.978921+00:00,btc-updown-15m-1789260300,15,4488344,47079385906779108883648777092036462522284213601993564605196002721699849888227,2026-09-13T00:45:00+00:00,2026-09-13T01:00:00+00:00,26.05,0.49,0.5,0.495,0.01,57.05,42.21,99
2026-09-13T00:34:59.082457+00:00,btc-updown-5m-1789259700,5,4488314,69592075202638270858903955215909559990123192081709116925722828221985335483313,2026-09-13T00:35:00+00:00,2026-09-13T00:40:00+00:00,5.02,0.46,0.47,0.465,0.01,24.92,5.0,98
2026-09-13T00:34:59.082457+00:00,btc-updown-15m-1789259400,15,4488186,100558722391874075490789633589325381305238793314864678913585112479420398343425,2026-09-13T00:30:00+00:00,2026-09-13T00:45:00+00:00,10.02,0.5,0.51,0.505,0.01,5.0,283.2,89
2026-09-13T00:34:59.082457+00:00,btc-updown-15m-1789260300,15,4488344,47079385906779108883648777092036462522284213601993564605196002721699849888227,2026-09-13T00:45:00+00:00,2026-09-13T01:00:00+00:00,25.02,0.49,0.5,0.495,0.01,57.05,42.21,99
2026-09-13T00:36:00.090301+00:00,btc-updown-5m-1789259700,5,4488314,69592075202638270858903955215909559990123192081709116925722828221985335483313,2026-09-13T00:35:00+00:00,2026-09-13T00:40:00+00:00,4.0,0.47,0.48,0.475,0.01,184.92,202.12,99
2026-09-13T00:36:00.090301+00:00,btc-updown-5m-1789260000,5,4488330,9868840108373094299073714545687764362464762263281909566609728028362175329639,2026-09-13T00:40:00+00:00,2026-09-13T00:45:00+00:00,9.0,0.5,0.51,0.505,0.01,56.14,314.36,99
2026-09-13T00:36:00.090301+00:00,btc-updown-15m-1789259400,15,4488186,100558722391874075490789633589325381305238793314864678913585112479420398343425,2026-09-13T00:30:00+00:00,2026-09-13T00:45:00+00:00,9.0,0.48,0.49,0.485,0.01,1.53,331.54,91
2026-09-13T00:36:00.090301+00:00,btc-updown-15m-1789260300,15,4488344,47079385906779108883648777092036462522284213601993564605196002721699849888227,2026-09-13T00:45:00+00:00,2026-09-13T01:00:00+00:00,24.0,0.49,0.5,0.495,0.01,55.28,42.21,99
2026-09-13T00:37:01.177440+00:00,btc-updown-5m-1789259700,5,4488314,69592075202638270858903955215909559990123192081709116925722828221985335483313,2026-09-13T00:35:00+00:00,2026-09-13T00:40:00+00:00,2.98,0.45,0.46,0.455,0.01,444.85,206.79,99
2026-09-13T00:37:01.177440+00:00,btc-updown-5m-1789260000,5,4488330,9868840108373094299073714545687764362464762263281909566609728028362175329639,2026-09-13T00:40:00+00:00,2026-09-13T00:45:00+00:00,7.98,0.5,0.51,0.505,0.01,44.24,306.36,99
2026-09-13T00:37:01.177440+00:00,btc-updown-15m-1789259400,15,4488186,100558722391874075490789633589325381305238793314864678913585112479420398343425,2026-09-13T00:30:00+00:00,2026-09-13T00:45:00+00:00,7.98,0.5,0.51,0.505,0.01,2248.31,38.0,90
2026-09-13T00:37:01.177440+00:00,btc-updown-15m-1789260300,15,4488344,47079385906779108883648777092036462522284213601993564605196002721699849888227,2026-09-13T00:45:00+00:00,2026-09-13T01:00:00+00:00,22.98,0.49,0.5,0.495,0.01,10.0,42.21,99
2026-09-13T00:38:02.290668+00:00,btc-updown-5m-1789259700,5,4488314,69592075202638270858903955215909559990123192081709116925722828221985335483313,2026-09-13T00:35:00+00:00,2026-09-13T00:40:00+00:00,1.97,0.48,0.49,0.485,0.01,10.2,498.37,99
2026-09-13T00:38:02.290668+00:00,btc-updown-5m-1789260000,5,4488330,9868840108373094299073714545687764362464762263281909566609728028362175329639,2026-09-13T00:40:00+00:00,2026-09-13T00:45:00+00:00,6.97,0.5,0.51,0.505,0.01,44.24,266.36,99
2026-09-13T00:38:02.290668+00:00,btc-updown-15m-1789259400,15,4488186,100558722391874075490789633589325381305238793314864678913585112479420398343425,2026-09-13T00:30:00+00:00,2026-09-13T00:45:00+00:00,6.97,0.49,0.5,0.495,0.01,234.81,5.0,88
2026-09-13T00:38:02.290668+00:00,btc-updown-15m-1789260300,15,4488344,47079385906779108883648777092036462522284213601993564605196002721699849888227,2026-09-13T00:45:00+00:00,2026-09-13T01:00:00+00:00,21.97,0.49,0.5,0.495,0.01,61.02,42.21,99
2026-09-13T00:39:03.392379+00:00,btc-updown-5m-1789259700,5,4488314,69592075202638270858903955215909559990123192081709116925722828221985335483313,2026-09-13T00:35:00+00:00,2026-09-13T00:40:00+00:00,0.95,0.51,0.57,0.54,0.06,5.0,30.0,84
2026-09-13T00:39:03.392379+00:00,btc-updown-5m-1789260000,5,4488330,9868840108373094299073714545687764362464762263281909566609728028362175329639,2026-09-13T00:40:00+00:00,2026-09-13T00:45:00+00:00,5.95,0.5,0.51,0.505,0.01,54.24,234.36,99
2026-09-13T00:39:03.392379+00:00,btc-updown-15m-1789259400,15,4488186,100558722391874075490789633589325381305238793314864678913585112479420398343425,2026-09-13T00:30:00+00:00,2026-09-13T00:45:00+00:00,5.95,0.47,0.48,0.475,0.01,174.76,80.0,91
2026-09-13T00:39:03.392379+00:00,btc-updown-15m-1789260300,15,4488344,47079385906779108883648777092036462522284213601993564605196002721699849888227,2026-09-13T00:45:00+00:00,2026-09-13T01:00:00+00:00,20.95,0.49,0.5,0.495,0.01,61.02,42.21,99
2026-09-13T00:40:04.478856+00:00,btc-updown-5m-1789260000,5,4488330,9868840108373094299073714545687764362464762263281909566609728028362175329639,2026-09-13T00:40:00+00:00,2026-09-13T00:45:00+00:00,4.93,0.42,0.43,0.425,0.01,455.72,444.66,99
2026-09-13T00:40:04.478856+00:00,btc-updown-5m-1789260300,5,4488345,59598538078846719086528916646668806931005396245067610140677572117382876305342,2026-09-13T00:45:00+00:00,2026-09-13T00:50:00+00:00,9.93,0.5,0.51,0.505,0.01,135.85,415.03,99
2026-09-13T00:40:04.478856+00:00,btc-updown-15m-1789259400,15,4488186,100558722391874075490789633589325381305238793314864678913585112479420398343425,2026-09-13T00:30:00+00:00,2026-09-13T00:45:00+00:00,4.93,0.38,0.39,0.385,0.01,238.0,21.64,89
2026-09-13T00:40:04.478856+00:00,btc-updown-15m-1789260300,15,4488344,47079385906779108883648777092036462522284213601993564605196002721699849888227,2026-09-13T00:45:00+00:00,2026-09-13T01:00:00+00:00,19.93,0.48,0.49,0.485,0.01,52.08,30.0,99
2026-09-13T00:41:05.560610+00:00,btc-updown-5m-1789260000,5,4488330,9868840108373094299073714545687764362464762263281909566609728028362175329639,2026-09-13T00:40:00+00:00,2026-09-13T00:45:00+00:00,3.92,0.05,0.06,0.055,0.01,371.46,146.68,99
2026-09-13T00:41:05.560610+00:00,btc-updown-5m-1789260300,5,4488345,59598538078846719086528916646668806931005396245067610140677572117382876305342,2026-09-13T00:45:00+00:00,2026-09-13T00:50:00+00:00,8.92,0.5,0.52,0.51,0.02,148.07,173.95,98
2026-09-13T00:41:05.560610+00:00,btc-updown-15m-1789259400,15,4488186,100558722391874075490789633589325381305238793314864678913585112479420398343425,2026-09-13T00:30:00+00:00,2026-09-13T00:45:00+00:00,3.92,0.04,0.05,0.045,0.01,13189.43,87.48,77
2026-09-13T00:41:05.560610+00:00,btc-updown-15m-1789260300,15,4488344,47079385906779108883648777092036462522284213601993564605196002721699849888227,2026-09-13T00:45:00+00:00,2026-09-13T01:00:00+00:00,18.92,0.49,0.5,0.495,0.01,423.23,10.0,99
2026-09-13T00:42:06.638001+00:00,btc-updown-5m-1789260000,5,4488330,9868840108373094299073714545687764362464762263281909566609728028362175329639,2026-09-13T00:40:00+00:00,2026-09-13T00:45:00+00:00,2.9,0.01,0.02,0.015,0.01,2449.6,85.32,99
2026-09-13T00:42:06.638001+00:00,btc-updown-5m-1789260300,5,4488345,59598538078846719086528916646668806931005396245067610140677572117382876305342,2026-09-13T00:45:00+00:00,2026-09-13T00:50:00+00:00,7.9,0.5,0.51,0.505,0.01,86.07,38.0,99
2026-09-13T00:42:06.638001+00:00,btc-updown-15m-1789259400,15,4488186,100558722391874075490789633589325381305238793314864678913585112479420398343425,2026-09-13T00:30:00+00:00,2026-09-13T00:45:00+00:00,2.9,0.01,0.02,0.015,0.01,348.85,7.92,74
2026-09-13T00:42:06.638001+00:00,btc-updown-15m-1789260300,15,4488344,47079385906779108883648777092036462522284213601993564605196002721699849888227,2026-09-13T00:45:00+00:00,2026-09-13T01:00:00+00:00,17.9,0.51,0.52,0.515,0.01,153.0,14.49,99
2026-09-13T00:43:07.717101+00:00,btc-updown-5m-1789260000,5,4488330,9868840108373094299073714545687764362464762263281909566609728028362175329639,2026-09-13T00:40:00+00:00,2026-09-13T00:45:00+00:00,1.88,0.01,0.02,0.015,0.01,716.34,382.74,99
2026-09-13T00:43:07.717101+00:00,btc-updown-5m-1789260300,5,4488345,59598538078846719086528916646668806931005396245067610140677572117382876305342,2026-09-13T00:45:00+00:00,2026-09-13T00:50:00+00:00,6.88,0.51,0.53,0.52,0.02,113.98,8.01,98
2026-09-13T00:43:07.717101+00:00,btc-updown-15m-1789259400,15,4488186,100558722391874075490789633589325381305238793314864678913585112479420398343425,2026-09-13T00:30:00+00:00,2026-09-13T00:45:00+00:00,1.88,0.03,0.04,0.035,0.01,977.31,126.75,75
2026-09-13T00:43:07.717101+00:00,btc-updown-15m-1789260300,15,4488344,47079385906779108883648777092036462522284213601993564605196002721699849888227,2026-09-13T00:45:00+00:00,2026-09-13T01:00:00+00:00,16.88,0.52,0.53,0.525,0.01,58.08,88.7,99
2026-09-13T00:44:08.799600+00:00,btc-updown-5m-1789260300,5,4488345,59598538078846719086528916646668806931005396245067610140677572117382876305342,2026-09-13T00:45:00+00:00,2026-09-13T00:50:00+00:00,5.87,0.53,0.54,0.535,0.01,110.14,71.0,99
2026-09-13T00:44:08.799600+00:00,btc-updown-15m-1789260300,15,4488344,47079385906779108883648777092036462522284213601993564605196002721699849888227,2026-09-13T00:45:00+00:00,2026-09-13T01:00:00+00:00,15.87,0.52,0.53,0.525,0.01,133.33,40.0,89
2026-09-13T00:45:09.666573+00:00,btc-updown-5m-1789260300,5,4488345,59598538078846719086528916646668806931005396245067610140677572117382876305342,2026-09-13T00:45:00+00:00,2026-09-13T00:50:00+00:00,4.85,0.66,0.67,0.665,0.01,132.0,141.75,99
2026-09-13T00:45:09.666573+00:00,btc-updown-5m-1789260600,5,4488368,64938600345414596662500110226487953856932612613768227695219800459188432351740,2026-09-13T00:50:00+00:00,2026-09-13T00:55:00+00:00,9.85,0.5,0.51,0.505,0.01,256.98,149.56,99
2026-09-13T00:45:09.666573+00:00,btc-updown-15m-1789260300,15,4488344,47079385906779108883648777092036462522284213601993564605196002721699849888227,2026-09-13T00:45:00+00:00,2026-09-13T01:00:00+00:00,14.85,0.6,0.61,0.605,0.01,185.0,265.4,97
2026-09-13T00:45:09.666573+00:00,btc-updown-15m-1789261200,15,4488557,57053361047943158747252156813659877527857843060291173534524380174981527805909,2026-09-13T01:00:00+00:00,2026-09-13T01:15:00+00:00,29.85,0.51,0.52,0.515,0.01,40.0,105.08,87
2026-09-13T00:46:10.760046+00:00,btc-updown-5m-1789260300,5,4488345,59598538078846719086528916646668806931005396245067610140677572117382876305342,2026-09-13T00:45:00+00:00,2026-09-13T00:50:00+00:00,3.83,0.76,0.77,0.765,0.01,149.0,505.55,99
2026-09-13T00:46:10.760046+00:00,btc-updown-5m-1789260600,5,4488368,64938600345414596662500110226487953856932612613768227695219800459188432351740,2026-09-13T00:50:00+00:00,2026-09-13T00:55:00+00:00,8.83,0.51,0.52,0.515,0.01,166.63,107.22,99
2026-09-13T00:46:10.760046+00:00,btc-updown-15m-1789260300,15,4488344,47079385906779108883648777092036462522284213601993564605196002721699849888227,2026-09-13T00:45:00+00:00,2026-09-13T01:00:00+00:00,13.83,0.62,0.63,0.625,0.01,388.05,164.68,86
2026-09-13T00:46:10.760046+00:00,btc-updown-15m-1789261200,15,4488557,57053361047943158747252156813659877527857843060291173534524380174981527805909,2026-09-13T01:00:00+00:00,2026-09-13T01:15:00+00:00,28.83,0.51,0.52,0.515,0.01,65.45,38.02,89
2026-09-13T00:47:11.866314+00:00,btc-updown-5m-1789260300,5,4488345,59598538078846719086528916646668806931005396245067610140677572117382876305342,2026-09-13T00:45:00+00:00,2026-09-13T00:50:00+00:00,2.82,0.87,0.88,0.875,0.01,578.83,135.26,99
2026-09-13T00:47:11.866314+00:00,btc-updown-5m-1789260600,5,4488368,64938600345414596662500110226487953856932612613768227695219800459188432351740,2026-09-13T00:50:00+00:00,2026-09-13T00:55:00+00:00,7.82,0.51,0.52,0.515,0.01,171.63,102.22,99
2026-09-13T00:47:11.866314+00:00,btc-updown-15m-1789260300,15,4488344,47079385906779108883648777092036462522284213601993564605196002721699849888227,2026-09-13T00:45:00+00:00,2026-09-13T01:00:00+00:00,12.82,0.69,0.7,0.695,0.01,447.87,165.44,89
2026-09-13T00:47:11.866314+00:00,btc-updown-15m-1789261200,15,4488557,57053361047943158747252156813659877527857843060291173534524380174981527805909,2026-09-13T01:00:00+00:00,2026-09-13T01:15:00+00:00,27.82,0.51,0.52,0.515,0.01,43.53,80.34,89
2026-09-13T00:48:12.958656+00:00,btc-updown-5m-1789260300,5,4488345,59598538078846719086528916646668806931005396245067610140677572117382876305342,2026-09-13T00:45:00+00:00,2026-09-13T00:50:00+00:00,1.8,0.98,0.99,0.985,0.01,186.48,3258.78,99
2026-09-13T00:48:12.958656+00:00,btc-updown-5m-1789260600,5,4488368,64938600345414596662500110226487953856932612613768227695219800459188432351740,2026-09-13T00:50:00+00:00,2026-09-13T00:55:00+00:00,6.8,0.51,0.53,0.52,0.02,166.63,294.15,98
2026-09-13T00:48:12.958656+00:00,btc-updown-15m-1789260300,15,4488344,47079385906779108883648777092036462522284213601993564605196002721699849888227,2026-09-13T00:45:00+00:00,2026-09-13T01:00:00+00:00,11.8,0.81,0.82,0.815,0.01,445.42,70.76,82
2026-09-13T00:48:12.958656+00:00,btc-updown-15m-1789261200,15,4488557,57053361047943158747252156813659877527857843060291173534524380174981527805909,2026-09-13T01:00:00+00:00,2026-09-13T01:15:00+00:00,26.8,0.51,0.52,0.515,0.01,43.53,100.34,89
2026-09-13T00:49:14.083855+00:00,btc-updown-5m-1789260600,5,4488368,64938600345414596662500110226487953856932612613768227695219800459188432351740,2026-09-13T00:50:00+00:00,2026-09-13T00:55:00+00:00,5.77,0.54,0.55,0.545,0.01,776.09,203.91,99
2026-09-13T00:49:14.083855+00:00,btc-updown-15m-1789260300,15,4488344,47079385906779108883648777092036462522284213601993564605196002721699849888227,2026-09-13T00:45:00+00:00,2026-09-13T01:00:00+00:00,10.77,0.78,0.79,0.785,0.01,427.49,600.0,83
2026-09-13T00:49:14.083855+00:00,btc-updown-15m-1789261200,15,4488557,57053361047943158747252156813659877527857843060291173534524380174981527805909,2026-09-13T01:00:00+00:00,2026-09-13T01:15:00+00:00,25.77,0.51,0.52,0.515,0.01,43.53,100.34,89
2026-09-13T00:50:15.050477+00:00,btc-updown-5m-1789260600,5,4488368,64938600345414596662500110226487953856932612613768227695219800459188432351740,2026-09-13T00:50:00+00:00,2026-09-13T00:55:00+00:00,4.75,0.42,0.43,0.425,0.01,84.23,347.66,99
2026-09-13T00:50:15.050477+00:00,btc-updown-5m-1789260900,5,4488495,68320089652468718098579563047681810038004553784642126853388703148059410018920,2026-09-13T00:55:00+00:00,2026-09-13T01:00:00+00:00,9.75,0.5,0.51,0.505,0.01,242.0,301.69,99
2026-09-13T00:50:15.050477+00:00,btc-updown-15m-1789260300,15,4488344,47079385906779108883648777092036462522284213601993564605196002721699849888227,2026-09-13T00:45:00+00:00,2026-09-13T01:00:00+00:00,9.75,0.73,0.74,0.735,0.01,342.0,154.59,83
2026-09-13T00:50:15.050477+00:00,btc-updown-15m-1789261200,15,4488557,57053361047943158747252156813659877527857843060291173534524380174981527805909,2026-09-13T01:00:00+00:00,2026-09-13T01:15:00+00:00,24.75,0.51,0.52,0.515,0.01,43.53,100.34,89
2026-09-13T00:51:16.130406+00:00,btc-updown-5m-1789260600,5,4488368,64938600345414596662500110226487953856932612613768227695219800459188432351740,2026-09-13T00:50:00+00:00,2026-09-13T00:55:00+00:00,3.73,0.78,0.79,0.785,0.01,377.92,257.53,99
2026-09-13T00:51:16.130406+00:00,btc-updown-5m-1789260900,5,4488495,68320089652468718098579563047681810038004553784642126853388703148059410018920,2026-09-13T00:55:00+00:00,2026-09-13T01:00:00+00:00,8.73,0.49,0.5,0.495,0.01,147.51,26.0,99
2026-09-13T00:51:16.130406+00:00,btc-updown-15m-1789260300,15,4488344,47079385906779108883648777092036462522284213601993564605196002721699849888227,2026-09-13T00:45:00+00:00,2026-09-13T01:00:00+00:00,8.73,0.82,0.83,0.825,0.01,124.0,160.57,79
2026-09-13T00:51:16.130406+00:00,btc-updown-15m-1789261200,15,4488557,57053361047943158747252156813659877527857843060291173534524380174981527805909,2026-09-13T01:00:00+00:00,2026-09-13T01:15:00+00:00,23.73,0.51,0.52,0.515,0.01,43.53,121.49,89
2026-09-13T00:52:17.202826+00:00,btc-updown-5m-1789260600,5,4488368,64938600345414596662500110226487953856932612613768227695219800459188432351740,2026-09-13T00:50:00+00:00,2026-09-13T00:55:00+00:00,2.72,0.88,0.89,0.885,0.01,139.5,209.0,99
2026-09-13T00:52:17.202826+00:00,btc-updown-5m-1789260900,5,4488495,68320089652468718098579563047681810038004553784642126853388703148059410018920,2026-09-13T00:55:00+00:00,2026-09-13T01:00:00+00:00,7.72,0.49,0.5,0.495,0.01,158.51,26.0,99
2026-09-13T00:52:17.202826+00:00,btc-updown-15m-1789260300,15,4488344,47079385906779108883648777092036462522284213601993564605196002721699849888227,2026-09-13T00:45:00+00:00,2026-09-13T01:00:00+00:00,7.72,0.86,0.87,0.865,0.01,336.76,76.64,80
2026-09-13T00:52:17.202826+00:00,btc-updown-15m-1789261200,15,4488557,57053361047943158747252156813659877527857843060291173534524380174981527805909,2026-09-13T01:00:00+00:00,2026-09-13T01:15:00+00:00,22.72,0.51,0.52,0.515,0.01,43.53,121.49,89
2026-09-13T00:53:18.266624+00:00,btc-updown-5m-1789260600,5,4488368,64938600345414596662500110226487953856932612613768227695219800459188432351740,2026-09-13T00:50:00+00:00,2026-09-13T00:55:00+00:00,1.7,0.9,0.91,0.905,0.01,333.13,162.48,99
2026-09-13T00:53:18.266624+00:00,btc-updown-5m-1789260900,5,4488495,68320089652468718098579563047681810038004553784642126853388703148059410018920,2026-09-13T00:55:00+00:00,2026-09-13T01:00:00+00:00,6.7,0.49,0.5,0.495,0.01,138.51,226.0,99
2026-09-13T00:53:18.266624+00:00,btc-updown-15m-1789260300,15,4488344,47079385906779108883648777092036462522284213601993564605196002721699849888227,2026-09-13T00:45:00+00:00,2026-09-13T01:00:00+00:00,6.7,0.89,0.9,0.895,0.01,175.0,213.24,79
2026-09-13T00:53:18.266624+00:00,btc-updown-15m-1789261200,15,4488557,57053361047943158747252156813659877527857843060291173534524380174981527805909,2026-09-13T01:00:00+00:00,2026-09-13T01:15:00+00:00,21.7,0.51,0.52,0.515,0.01,43.53,136.49,89
2026-09-13T00:54:19.384067+00:00,btc-updown-5m-1789260900,5,4488495,68320089652468718098579563047681810038004553784642126853388703148059410018920,2026-09-13T00:55:00+00:00,2026-09-13T01:00:00+00:00,5.68,0.49,0.5,0.495,0.01,38.26,371.4,99
2026-09-13T00:54:19.384067+00:00,btc-updown-15m-1789260300,15,4488344,47079385906779108883648777092036462522284213601993564605196002721699849888227,2026-09-13T00:45:00+00:00,2026-09-13T01:00:00+00:00,5.68,0.91,0.92,0.915,0.01,50.0,341.89,79
2026-09-13T00:54:19.384067+00:00,btc-updown-15m-1789261200,15,4488557,57053361047943158747252156813659877527857843060291173534524380174981527805909,2026-09-13T01:00:00+00:00,2026-09-13T01:15:00+00:00,20.68,0.51,0.52,0.515,0.01,43.53,416.49,89
2026-09-13T00:55:20.383234+00:00,btc-updown-5m-1789260900,5,4488495,68320089652468718098579563047681810038004553784642126853388703148059410018920,2026-09-13T00:55:00+00:00,2026-09-13T01:00:00+00:00,4.67,0.49,0.5,0.495,0.01,11.21,614.85,99
2026-09-13T00:55:20.383234+00:00,btc-updown-5m-1789261200,5,4488553,93631797617774823575414309951795179788222893325389115784352600111364032165852,2026-09-13T01:00:00+00:00,2026-09-13T01:05:00+00:00,9.67,0.49,0.5,0.495,0.01,214.68,86.01,99
2026-09-13T00:55:20.383234+00:00,btc-updown-15m-1789260300,15,4488344,47079385906779108883648777092036462522284213601993564605196002721699849888227,2026-09-13T00:45:00+00:00,2026-09-13T01:00:00+00:00,4.67,0.94,0.95,0.945,0.01,331.58,99.79,77
2026-09-13T00:55:20.383234+00:00,btc-updown-15m-1789261200,15,4488557,57053361047943158747252156813659877527857843060291173534524380174981527805909,2026-09-13T01:00:00+00:00,2026-09-13T01:15:00+00:00,19.67,0.5,0.51,0.505,0.01,10.53,183.34,89
2026-09-13T00:56:21.470076+00:00,btc-updown-5m-1789260900,5,4488495,68320089652468718098579563047681810038004553784642126853388703148059410018920,2026-09-13T00:55:00+00:00,2026-09-13T01:00:00+00:00,3.65,0.55,0.56,0.555,0.01,29.0,219.06,99
2026-09-13T00:56:21.470076+00:00,btc-updown-5m-1789261200,5,4488553,93631797617774823575414309951795179788222893325389115784352600111364032165852,2026-09-13T01:00:00+00:00,2026-09-13T01:05:00+00:00,8.65,0.49,0.5,0.495,0.01,209.68,99.01,99
2026-09-13T00:56:21.470076+00:00,btc-updown-15m-1789260300,15,4488344,47079385906779108883648777092036462522284213601993564605196002721699849888227,2026-09-13T00:45:00+00:00,2026-09-13T01:00:00+00:00,3.65,0.96,0.97,0.965,0.01,204.74,1028.02,78
2026-09-13T00:56:21.470076+00:00,btc-updown-15m-1789261200,15,4488557,57053361047943158747252156813659877527857843060291173534524380174981527805909,2026-09-13T01:00:00+00:00,2026-09-13T01:15:00+00:00,18.65,0.5,0.51,0.505,0.01,5.53,333.34,89
2026-09-13T00:57:22.551897+00:00,btc-updown-5m-1789260900,5,4488495,68320089652468718098579563047681810038004553784642126853388703148059410018920,2026-09-13T00:55:00+00:00,2026-09-13T01:00:00+00:00,2.63,0.53,0.54,0.535,0.01,87.75,202.36,99
2026-09-13T00:57:22.551897+00:00,btc-updown-5m-1789261200,5,4488553,93631797617774823575414309951795179788222893325389115784352600111364032165852,2026-09-13T01:00:00+00:00,2026-09-13T01:05:00+00:00,7.63,0.49,0.5,0.495,0.01,201.68,99.01,99
2026-09-13T00:57:22.551897+00:00,btc-updown-15m-1789260300,15,4488344,47079385906779108883648777092036462522284213601993564605196002721699849888227,2026-09-13T00:45:00+00:00,2026-09-13T01:00:00+00:00,2.63,0.98,0.99,0.985,0.01,297.0,1297.56,76
2026-09-13T00:57:22.551897+00:00,btc-updown-15m-1789261200,15,4488557,57053361047943158747252156813659877527857843060291173534524380174981527805909,2026-09-13T01:00:00+00:00,2026-09-13T01:15:00+00:00,17.63,0.49,0.5,0.495,0.01,85.02,185.74,91
2026-09-13T00:58:23.655546+00:00,btc-updown-5m-1789260900,5,4488495,68320089652468718098579563047681810038004553784642126853388703148059410018920,2026-09-13T00:55:00+00:00,2026-09-13T01:00:00+00:00,1.62,0.44,0.45,0.445,0.01,162.6,37.0,99
2026-09-13T00:58:23.655546+00:00,btc-updown-5m-1789261200,5,4488553,93631797617774823575414309951795179788222893325389115784352600111364032165852,2026-09-13T01:00:00+00:00,2026-09-13T01:05:00+00:00,6.62,0.49,0.5,0.495,0.01,181.68,76.0,99
2026-09-13T00:58:23.655546+00:00,btc-updown-15m-1789260300,15,4488344,47079385906779108883648777092036462522284213601993564605196002721699849888227,2026-09-13T00:45:00+00:00,2026-09-13T01:00:00+00:00,1.62,0.99,0.999,0.9945,0.009,360.02,479.97,85
2026-09-13T00:58:23.655546+00:00,btc-updown-15m-1789261200,15,4488557,57053361047943158747252156813659877527857843060291173534524380174981527805909,2026-09-13T01:00:00+00:00,2026-09-13T01:15:00+00:00,16.62,0.49,0.5,0.495,0.01,85.02,85.74,91
2026-09-13T00:59:24.753873+00:00,btc-updown-5m-1789260900,5,4488495,68320089652468718098579563047681810038004553784642126853388703148059410018920,2026-09-13T00:55:00+00:00,2026-09-13T01:00:00+00:00,0.6,0.07,0.08,0.075,0.01,92.33,268.27,99
2026-09-13T00:59:24.753873+00:00,btc-updown-5m-1789261200,5,4488553,93631797617774823575414309951795179788222893325389115784352600111364032165852,2026-09-13T01:00:00+00:00,2026-09-13T01:05:00+00:00,5.6,0.49,0.5,0.495,0.01,88.8,394.91,99
2026-09-13T00:59:24.753873+00:00,btc-updown-15m-1789261200,15,4488557,57053361047943158747252156813659877527857843060291173534524380174981527805909,2026-09-13T01:00:00+00:00,2026-09-13T01:15:00+00:00,15.6,0.49,0.5,0.495,0.01,34.0,36.0,89
2026-09-13T01:00:25.726557+00:00,btc-updown-5m-1789261200,5,4488553,93631797617774823575414309951795179788222893325389115784352600111364032165852,2026-09-13T01:00:00+00:00,2026-09-13T01:05:00+00:00,4.58,0.51,0.52,0.515,0.01,53.86,253.62,99
2026-09-13T01:00:25.726557+00:00,btc-updown-5m-1789261500,5,4488561,101797199917340502932987953517201801778445681576750645061678966686637874695599,2026-09-13T01:05:00+00:00,2026-09-13T01:10:00+00:00,9.58,0.49,0.5,0.495,0.01,294.72,100.0,99
2026-09-13T01:00:25.726557+00:00,btc-updown-15m-1789261200,15,4488557,57053361047943158747252156813659877527857843060291173534524380174981527805909,2026-09-13T01:00:00+00:00,2026-09-13T01:15:00+00:00,14.58,0.51,0.52,0.515,0.01,209.68,414.2,98
2026-09-13T01:00:25.726557+00:00,btc-updown-15m-1789262100,15,4488617,97343494644912312561119245504108611163373070415563186518627890347349616761390,2026-09-13T01:15:00+00:00,2026-09-13T01:30:00+00:00,29.58,0.49,0.5,0.495,0.01,40.0,93.14,93
2026-09-13T01:01:26.815126+00:00,btc-updown-5m-1789261200,5,4488553,93631797617774823575414309951795179788222893325389115784352600111364032165852,2026-09-13T01:00:00+00:00,2026-09-13T01:05:00+00:00,3.57,0.5,0.51,0.505,0.01,518.23,160.12,99
2026-09-13T01:01:26.815126+00:00,btc-updown-5m-1789261500,5,4488561,101797199917340502932987953517201801778445681576750645061678966686637874695599,2026-09-13T01:05:00+00:00,2026-09-13T01:10:00+00:00,8.57,0.49,0.5,0.495,0.01,161.65,110.0,99
2026-09-13T01:01:26.815126+00:00,btc-updown-15m-1789261200,15,4488557,57053361047943158747252156813659877527857843060291173534524380174981527805909,2026-09-13T01:00:00+00:00,2026-09-13T01:15:00+00:00,13.57,0.51,0.52,0.515,0.01,295.0,210.0,90
2026-09-13T01:01:26.815126+00:00,btc-updown-15m-1789262100,15,4488617,97343494644912312561119245504108611163373070415563186518627890347349616761390,2026-09-13T01:15:00+00:00,2026-09-13T01:30:00+00:00,28.57,0.49,0.5,0.495,0.01,70.0,93.14,95
2026-09-13T01:02:27.947077+00:00,btc-updown-5m-1789261200,5,4488553,93631797617774823575414309951795179788222893325389115784352600111364032165852,2026-09-13T01:00:00+00:00,2026-09-13T01:05:00+00:00,2.55,0.79,0.8,0.795,0.01,155.91,161.15,99
2026-09-13T01:02:27.947077+00:00,btc-updown-5m-1789261500,5,4488561,101797199917340502932987953517201801778445681576750645061678966686637874695599,2026-09-13T01:05:00+00:00,2026-09-13T01:10:00+00:00,7.55,0.49,0.5,0.495,0.01,171.65,140.0,99
2026-09-13T01:02:27.947077+00:00,btc-updown-15m-1789261200,15,4488557,57053361047943158747252156813659877527857843060291173534524380174981527805909,2026-09-13T01:00:00+00:00,2026-09-13T01:15:00+00:00,12.55,0.58,0.59,0.585,0.01,502.29,54.28,88
2026-09-13T01:02:27.947077+00:00,btc-updown-15m-1789262100,15,4488617,97343494644912312561119245504108611163373070415563186518627890347349616761390,2026-09-13T01:15:00+00:00,2026-09-13T01:30:00+00:00,27.55,0.49,0.5,0.495,0.01,21.91,79.35,95
2026-09-13T01:03:29.019302+00:00,btc-updown-5m-1789261200,5,4488553,93631797617774823575414309951795179788222893325389115784352600111364032165852,2026-09-13T01:00:00+00:00,2026-09-13T01:05:00+00:00,1.52,0.08,0.09,0.085,0.01,297.76,638.56,99
2026-09-13T01:03:29.019302+00:00,btc-updown-5m-1789261500,5,4488561,101797199917340502932987953517201801778445681576750645061678966686637874695599,2026-09-13T01:05:00+00:00,2026-09-13T01:10:00+00:00,6.52,0.49,0.5,0.495,0.01,146.65,130.0,99
2026-09-13T01:03:29.019302+00:00,btc-updown-15m-1789261200,15,4488557,57053361047943158747252156813659877527857843060291173534524380174981527805909,2026-09-13T01:00:00+00:00,2026-09-13T01:15:00+00:00,11.52,0.38,0.39,0.385,0.01,173.0,27.12,87
2026-09-13T01:03:29.019302+00:00,btc-updown-15m-1789262100,15,4488617,97343494644912312561119245504108611163373070415563186518627890347349616761390,2026-09-13T01:15:00+00:00,2026-09-13T01:30:00+00:00,26.52,0.49,0.5,0.495,0.01,72.93,64.36,95
2026-09-13T01:04:30.116756+00:00,btc-updown-5m-1789261500,5,4488561,101797199917340502932987953517201801778445681576750645061678966686637874695599,2026-09-13T01:05:00+00:00,2026-09-13T01:10:00+00:00,5.5,0.5,0.51,0.505,0.01,43.0,162.57,99
2026-09-13T01:04:30.116756+00:00,btc-updown-15m-1789261200,15,4488557,57053361047943158747252156813659877527857843060291173534524380174981527805909,2026-09-13T01:00:00+00:00,2026-09-13T01:15:00+00:00,10.5,0.44,0.45,0.445,0.01,1895.0,340.0,87
2026-09-13T01:04:30.116756+00:00,btc-updown-15m-1789262100,15,4488617,97343494644912312561119245504108611163373070415563186518627890347349616761390,2026-09-13T01:15:00+00:00,2026-09-13T01:30:00+00:00,25.5,0.49,0.5,0.495,0.01,21.91,64.36,95
2026-09-13T01:05:31.106538+00:00,btc-updown-5m-1789261500,5,4488561,101797199917340502932987953517201801778445681576750645061678966686637874695599,2026-09-13T01:05:00+00:00,2026-09-13T01:10:00+00:00,4.48,0.27,0.28,0.275,0.01,131.82,122.14,99
2026-09-13T01:05:31.106538+00:00,btc-updown-5m-1789261800,5,4488601,106021118982747177891655304019929786180215391070404779935049212715150617772627,2026-09-13T01:10:00+00:00,2026-09-13T01:15:00+00:00,9.48,0.49,0.5,0.495,0.01,331.02,56.0,99
2026-09-13T01:05:31.106538+00:00,btc-updown-15m-1789261200,15,4488557,57053361047943158747252156813659877527857843060291173534524380174981527805909,2026-09-13T01:00:00+00:00,2026-09-13T01:15:00+00:00,9.48,0.31,0.32,0.315,0.01,591.33,308.0,86
2026-09-13T01:05:31.106538+00:00,btc-updown-15m-1789262100,15,4488617,97343494644912312561119245504108611163373070415563186518627890347349616761390,2026-09-13T01:15:00+00:00,2026-09-13T01:30:00+00:00,24.48,0.49,0.5,0.495,0.01,41.91,107.87,95
2026-09-13T01:06:32.334483+00:00,btc-updown-5m-1789261500,5,4488561,101797199917340502932987953517201801778445681576750645061678966686637874695599,2026-09-13T01:05:00+00:00,2026-09-13T01:10:00+00:00,3.47,0.19,0.2,0.195,0.01,49.4,201.89,99
2026-09-13T01:06:32.334483+00:00,btc-updown-5m-1789261800,5,4488601,106021118982747177891655304019929786180215391070404779935049212715150617772627,2026-09-13T01:10:00+00:00,2026-09-13T01:15:00+00:00,8.47,0.49,0.5,0.495,0.01,208.58,120.0,99
2026-09-13T01:06:32.334483+00:00,btc-updown-15m-1789261200,15,4488557,57053361047943158747252156813659877527857843060291173534524380174981527805909,2026-09-13T01:00:00+00:00,2026-09-13T01:15:00+00:00,8.47,0.3,0.31,0.305,0.01,19.0,488.03,85
2026-09-13T01:06:32.334483+00:00,btc-updown-15m-1789262100,15,4488617,97343494644912312561119245504108611163373070415563186518627890347349616761390,2026-09-13T01:15:00+00:00,2026-09-13T01:30:00+00:00,23.47,0.49,0.5,0.495,0.01,177.51,113.41,95
2026-09-13T01:07:33.423418+00:00,btc-updown-5m-1789261500,5,4488561,101797199917340502932987953517201801778445681576750645061678966686637874695599,2026-09-13T01:05:00+00:00,2026-09-13T01:10:00+00:00,2.45,0.74,0.75,0.745,0.01,191.82,211.0,99
2026-09-13T01:07:33.423418+00:00,btc-updown-5m-1789261800,5,4488601,106021118982747177891655304019929786180215391070404779935049212715150617772627,2026-09-13T01:10:00+00:00,2026-09-13T01:15:00+00:00,7.45,0.49,0.5,0.495,0.01,226.33,20.0,99
2026-09-13T01:07:33.423418+00:00,btc-updown-15m-1789261200,15,4488557,57053361047943158747252156813659877527857843060291173534524380174981527805909,2026-09-13T01:00:00+00:00,2026-09-13T01:15:00+00:00,7.45,0.52,0.53,0.525,0.01,91.87,176.02,88
2026-09-13T01:07:33.423418+00:00,btc-updown-15m-1789262100,15,4488617,97343494644912312561119245504108611163373070415563186518627890347349616761390,2026-09-13T01:15:00+00:00,2026-09-13T01:30:00+00:00,22.45,0.49,0.5,0.495,0.01,163.06,133.41,95
2026-09-13T01:08:34.684541+00:00,btc-updown-5m-1789261500,5,4488561,101797199917340502932987953517201801778445681576750645061678966686637874695599,2026-09-13T01:05:00+00:00,2026-09-13T01:10:00+00:00,1.43,0.7,0.71,0.705,0.01,191.07,181.18,99
2026-09-13T01:08:34.684541+00:00,btc-updown-5m-1789261800,5,4488601,106021118982747177891655304019929786180215391070404779935049212715150617772627,2026-09-13T01:10:00+00:00,2026-09-13T01:15:00+00:00,6.43,0.49,0.5,0.495,0.01,216.33,20.0,99
2026-09-13T01:08:34.684541+00:00,btc-updown-15m-1789261200,15,4488557,57053361047943158747252156813659877527857843060291173534524380174981527805909,2026-09-13T01:00:00+00:00,2026-09-13T01:15:00+00:00,6.43,0.42,0.43,0.425,0.01,6088.0,68.87,85
2026-09-13T01:08:34.684541+00:00,btc-updown-15m-1789262100,15,4488617,97343494644912312561119245504108611163373070415563186518627890347349616761390,2026-09-13T01:15:00+00:00,2026-09-13T01:30:00+00:00,21.43,0.49,0.5,0.495,0.01,45.71,108.41,95
2026-09-13T01:09:35.775587+00:00,btc-updown-5m-1789261500,5,4488561,101797199917340502932987953517201801778445681576750645061678966686637874695599,2026-09-13T01:05:00+00:00,2026-09-13T01:10:00+00:00,0.42,0.98,0.99,0.985,0.01,264.58,1284.24,99
2026-09-13T01:09:35.775587+00:00,btc-updown-5m-1789261800,5,4488601,106021118982747177891655304019929786180215391070404779935049212715150617772627,2026-09-13T01:10:00+00:00,2026-09-13T01:15:00+00:00,5.42,0.5,0.51,0.505,0.01,103.0,132.8,99
2026-09-13T01:09:35.775587+00:00,btc-updown-15m-1789261200,15,4488557,57053361047943158747252156813659877527857843060291173534524380174981527805909,2026-09-13T01:00:00+00:00,2026-09-13T01:15:00+00:00,5.42,0.44,0.45,0.445,0.01,90.74,139.0,86
2026-09-13T01:09:35.775587+00:00,btc-updown-15m-1789262100,15,4488617,97343494644912312561119245504108611163373070415563186518627890347349616761390,2026-09-13T01:15:00+00:00,2026-09-13T01:30:00+00:00,20.42,0.49,0.5,0.495,0.01,45.71,108.41,95
2026-09-13T01:10:36.906578+00:00,btc-updown-5m-1789261800,5,4488601,106021118982747177891655304019929786180215391070404779935049212715150617772627,2026-09-13T01:10:00+00:00,2026-09-13T01:15:00+00:00,4.4,0.48,0.49,0.485,0.01,243.32,95.2,99
2026-09-13T01:10:36.906578+00:00,btc-updown-5m-1789262100,5,4488620,41688192383636070853863131314687612439296059802156095675927314381104310832071,2026-09-13T01:15:00+00:00,2026-09-13T01:20:00+00:00,9.4,0.46,0.47,0.465,0.01,67.51,48.5,99
2026-09-13T01:10:36.906578+00:00,btc-updown-15m-1789261200,15,4488557,57053361047943158747252156813659877527857843060291173534524380174981527805909,2026-09-13T01:00:00+00:00,2026-09-13T01:15:00+00:00,4.4,0.43,0.44,0.435,0.01,2803.25,146.0,88
2026-09-13T01:10:36.906578+00:00,btc-updown-15m-1789262100,15,4488617,97343494644912312561119245504108611163373070415563186518627890347349616761390,2026-09-13T01:15:00+00:00,2026-09-13T01:30:00+00:00,19.4,0.48,0.5,0.49,0.02,40.0,128.41,94
2026-09-13T01:11:38.019972+00:00,btc-updown-5m-1789261800,5,4488601,106021118982747177891655304019929786180215391070404779935049212715150617772627,2026-09-13T01:10:00+00:00,2026-09-13T01:15:00+00:00,3.37,0.64,0.65,0.645,0.01,200.0,94.17,99
2026-09-13T01:11:38.019972+00:00,btc-updown-5m-1789262100,5,4488620,41688192383636070853863131314687612439296059802156095675927314381104310832071,2026-09-13T01:15:00+00:00,2026-09-13T01:20:00+00:00,8.37,0.46,0.47,0.465,0.01,104.54,48.5,99
2026-09-13T01:11:38.019972+00:00,btc-updown-15m-1789261200,15,4488557,57053361047943158747252156813659877527857843060291173534524380174981527805909,2026-09-13T01:00:00+00:00,2026-09-13T01:15:00+00:00,3.37,0.52,0.53,0.525,0.01,205.0,13.78,90
2026-09-13T01:11:38.019972+00:00,btc-updown-15m-1789262100,15,4488617,97343494644912312561119245504108611163373070415563186518627890347349616761390,2026-09-13T01:15:00+00:00,2026-09-13T01:30:00+00:00,18.37,0.48,0.49,0.485,0.01,40.0,115.54,95
2026-09-13T01:12:39.099473+00:00,btc-updown-5m-1789261800,5,4488601,106021118982747177891655304019929786180215391070404779935049212715150617772627,2026-09-13T01:10:00+00:00,2026-09-13T01:15:00+00:00,2.35,0.92,0.93,0.925,0.01,122.89,93.16,99
2026-09-13T01:12:39.099473+00:00,btc-updown-5m-1789262100,5,4488620,41688192383636070853863131314687612439296059802156095675927314381104310832071,2026-09-13T01:15:00+00:00,2026-09-13T01:20:00+00:00,7.35,0.46,0.47,0.465,0.01,90.29,27.5,99
2026-09-13T01:12:39.099473+00:00,btc-updown-15m-1789261200,15,4488557,57053361047943158747252156813659877527857843060291173534524380174981527805909,2026-09-13T01:00:00+00:00,2026-09-13T01:15:00+00:00,2.35,0.83,0.84,0.835,0.01,415.35,2447.0,78
2026-09-13T01:12:39.099473+00:00,btc-updown-15m-1789262100,15,4488617,97343494644912312561119245504108611163373070415563186518627890347349616761390,2026-09-13T01:15:00+00:00,2026-09-13T01:30:00+00:00,17.35,0.48,0.49,0.485,0.01,53.0,71.54,95
2026-09-13T01:13:40.167601+00:00,btc-updown-5m-1789261800,5,4488601,106021118982747177891655304019929786180215391070404779935049212715150617772627,2026-09-13T01:10:00+00:00,2026-09-13T01:15:00+00:00,1.33,0.47,0.48,0.475,0.01,122.91,247.22,99
2026-09-13T01:13:40.167601+00:00,btc-updown-5m-1789262100,5,4488620,41688192383636070853863131314687612439296059802156095675927314381104310832071,2026-09-13T01:15:00+00:00,2026-09-13T01:20:00+00:00,6.33,0.46,0.48,0.47,0.02,125.29,130.86,98
2026-09-13T01:13:40.167601+00:00,btc-updown-15m-1789261200,15,4488557,57053361047943158747252156813659877527857843060291173534524380174981527805909,2026-09-13T01:00:00+00:00,2026-09-13T01:15:00+00:00,1.33,0.3,0.31,0.305,0.01,120.0,132.1,78
2026-09-13T01:13:40.167601+00:00,btc-updown-15m-1789262100,15,4488617,97343494644912312561119245504108611163373070415563186518627890347349616761390,2026-09-13T01:15:00+00:00,2026-09-13T01:30:00+00:00,16.33,0.47,0.48,0.475,0.01,169.86,146.33,95
2026-09-13T01:14:41.262142+00:00,btc-updown-5m-1789261800,5,4488601,106021118982747177891655304019929786180215391070404779935049212715150617772627,2026-09-13T01:10:00+00:00,2026-09-13T01:15:00+00:00,0.32,0.83,0.84,0.835,0.01,59.64,1178.38,59
2026-09-13T01:14:41.262142+00:00,btc-updown-5m-1789262100,5,4488620,41688192383636070853863131314687612439296059802156095675927314381104310832071,2026-09-13T01:15:00+00:00,2026-09-13T01:20:00+00:00,5.32,0.52,0.53,0.525,0.01,140.38,25.06,97
2026-09-13T01:14:41.262142+00:00,btc-updown-15m-1789261200,15,4488557,57053361047943158747252156813659877527857843060291173534524380174981527805909,2026-09-13T01:00:00+00:00,2026-09-13T01:15:00+00:00,0.32,0.42,0.43,0.425,0.01,27.0,112.0,71
2026-09-13T01:14:41.262142+00:00,btc-updown-15m-1789262100,15,4488617,97343494644912312561119245504108611163373070415563186518627890347349616761390,2026-09-13T01:15:00+00:00,2026-09-13T01:30:00+00:00,15.32,0.47,0.48,0.475,0.01,187.67,13.08,89
2026-09-13T01:15:42.324967+00:00,btc-updown-5m-1789262100,5,4488620,41688192383636070853863131314687612439296059802156095675927314381104310832071,2026-09-13T01:15:00+00:00,2026-09-13T01:20:00+00:00,4.3,0.56,0.57,0.565,0.01,335.72,148.49,99
2026-09-13T01:15:42.324967+00:00,btc-updown-5m-1789262400,5,4488639,32470006065288384814019718245678396439069205658868315704288722896301302748230,2026-09-13T01:20:00+00:00,2026-09-13T01:25:00+00:00,9.3,0.49,0.5,0.495,0.01,193.68,157.17,99
2026-09-13T01:15:42.324967+00:00,btc-updown-15m-1789262100,15,4488617,97343494644912312561119245504108611163373070415563186518627890347349616761390,2026-09-13T01:15:00+00:00,2026-09-13T01:30:00+00:00,14.3,0.53,0.54,0.535,0.01,113.0,386.0,99
2026-09-13T01:15:42.324967+00:00,btc-updown-15m-1789263000,15,4488668,1948194057611182420792544630269220526881017120426733514803813812320854635206,2026-09-13T01:30:00+00:00,2026-09-13T01:45:00+00:00,29.3,0.49,0.5,0.495,0.01,40.0,140.0,99
2026-09-13T01:16:43.476246+00:00,btc-updown-5m-1789262100,5,4488620,41688192383636070853863131314687612439296059802156095675927314381104310832071,2026-09-13T01:15:00+00:00,2026-09-13T01:20:00+00:00,3.28,0.54,0.55,0.545,0.01,254.69,95.9,99
2026-09-13T01:16:43.476246+00:00,btc-updown-5m-1789262400,5,4488639,32470006065288384814019718245678396439069205658868315704288722896301302748230,2026-09-13T01:20:00+00:00,2026-09-13T01:25:00+00:00,8.28,0.49,0.5,0.495,0.01,203.68,160.17,99
2026-09-13T01:16:43.476246+00:00,btc-updown-15m-1789262100,15,4488617,97343494644912312561119245504108611163373070415563186518627890347349616761390,2026-09-13T01:15:00+00:00,2026-09-13T01:30:00+00:00,13.28,0.57,0.58,0.575,0.01,364.87,6203.0,88
2026-09-13T01:16:43.476246+00:00,btc-updown-15m-1789263000,15,4488668,1948194057611182420792544630269220526881017120426733514803813812320854635206,2026-09-13T01:30:00+00:00,2026-09-13T01:45:00+00:00,28.28,0.5,0.51,0.505,0.01,30.96,136.57,99
2026-09-13T01:17:44.546313+00:00,btc-updown-5m-1789262100,5,4488620,41688192383636070853863131314687612439296059802156095675927314381104310832071,2026-09-13T01:15:00+00:00,2026-09-13T01:20:00+00:00,2.27,0.58,0.59,0.585,0.01,194.34,156.82,99
2026-09-13T01:17:44.546313+00:00,btc-updown-5m-1789262400,5,4488639,32470006065288384814019718245678396439069205658868315704288722896301302748230,2026-09-13T01:20:00+00:00,2026-09-13T01:25:00+00:00,7.27,0.49,0.5,0.495,0.01,44.0,160.17,99
2026-09-13T01:17:44.546313+00:00,btc-updown-15m-1789262100,15,4488617,97343494644912312561119245504108611163373070415563186518627890347349616761390,2026-09-13T01:15:00+00:00,2026-09-13T01:30:00+00:00,12.27,0.51,0.52,0.515,0.01,125.85,75.0,87
2026-09-13T01:17:44.546313+00:00,btc-updown-15m-1789263000,15,4488668,1948194057611182420792544630269220526881017120426733514803813812320854635206,2026-09-13T01:30:00+00:00,2026-09-13T01:45:00+00:00,27.27,0.5,0.51,0.505,0.01,30.96,136.57,99
2026-09-13T01:18:45.657946+00:00,btc-updown-5m-1789262100,5,4488620,41688192383636070853863131314687612439296059802156095675927314381104310832071,2026-09-13T01:15:00+00:00,2026-09-13T01:20:00+00:00,1.25,0.71,0.72,0.715,0.01,25.78,316.92,99
2026-09-13T01:18:45.657946+00:00,btc-updown-5m-1789262400,5,4488639,32470006065288384814019718245678396439069205658868315704288722896301302748230,2026-09-13T01:20:00+00:00,2026-09-13T01:25:00+00:00,6.25,0.5,0.53,0.515,0.03,200.0,249.59,97
2026-09-13T01:18:45.657946+00:00,btc-updown-15m-1789262100,15,4488617,97343494644912312561119245504108611163373070415563186518627890347349616761390,2026-09-13T01:15:00+00:00,2026-09-13T01:30:00+00:00,11.25,0.54,0.55,0.545,0.01,15.0,4971.0,88
2026-09-13T01:18:45.657946+00:00,btc-updown-15m-1789263000,15,4488668,1948194057611182420792544630269220526881017120426733514803813812320854635206,2026-09-13T01:30:00+00:00,2026-09-13T01:45:00+00:00,26.25,0.5,0.51,0.505,0.01,50.96,136.57,99
2026-09-13T01:19:46.719085+00:00,btc-updown-5m-1789262100,5,4488620,41688192383636070853863131314687612439296059802156095675927314381104310832071,2026-09-13T01:15:00+00:00,2026-09-13T01:20:00+00:00,0.23,0.96,0.97,0.965,0.01,98.21,272.15,99
2026-09-13T01:19:46.719085+00:00,btc-updown-5m-1789262400,5,4488639,32470006065288384814019718245678396439069205658868315704288722896301302748230,2026-09-13T01:20:00+00:00,2026-09-13T01:25:00+00:00,5.23,0.51,0.52,0.515,0.01,25.74,28.0,99
2026-09-13T01:19:46.719085+00:00,btc-updown-15m-1789262100,15,4488617,97343494644912312561119245504108611163373070415563186518627890347349616761390,2026-09-13T01:15:00+00:00,2026-09-13T01:30:00+00:00,10.23,0.58,0.59,0.585,0.01,38.28,4466.65,88
2026-09-13T01:19:46.719085+00:00,btc-updown-15m-1789263000,15,4488668,1948194057611182420792544630269220526881017120426733514803813812320854635206,2026-09-13T01:30:00+00:00,2026-09-13T01:45:00+00:00,25.23,0.5,0.51,0.505,0.01,30.0,136.57,99
2026-09-13T01:20:47.812147+00:00,btc-updown-5m-1789262400,5,4488639,32470006065288384814019718245678396439069205658868315704288722896301302748230,2026-09-13T01:20:00+00:00,2026-09-13T01:25:00+00:00,4.22,0.62,0.63,0.625,0.01,355.32,123.78,99
2026-09-13T01:20:47.812147+00:00,btc-updown-5m-1789262700,5,4488654,6011399621077640945300017908690615469750332610384450881971723535214416305429,2026-09-13T01:25:00+00:00,2026-09-13T01:30:00+00:00,9.22,0.49,0.5,0.495,0.01,149.75,253.17,99
2026-09-13T01:20:47.812147+00:00,btc-updown-15m-1789262100,15,4488617,97343494644912312561119245504108611163373070415563186518627890347349616761390,2026-09-13T01:15:00+00:00,2026-09-13T01:30:00+00:00,9.22,0.65,0.66,0.655,0.01,215.97,1558.65,85
2026-09-13T01:20:47.812147+00:00,btc-updown-15m-1789263000,15,4488668,1948194057611182420792544630269220526881017120426733514803813812320854635206,2026-09-13T01:30:00+00:00,2026-09-13T01:45:00+00:00,24.22,0.49,0.5,0.495,0.01,30.0,127.6,99
2026-09-13T01:21:48.901645+00:00,btc-updown-5m-1789262400,5,4488639,32470006065288384814019718245678396439069205658868315704288722896301302748230,2026-09-13T01:20:00+00:00,2026-09-13T01:25:00+00:00,3.2,0.76,0.77,0.765,0.01,208.36,105.0,99
2026-09-13T01:21:48.901645+00:00,btc-updown-5m-1789262700,5,4488654,6011399621077640945300017908690615469750332610384450881971723535214416305429,2026-09-13T01:25:00+00:00,2026-09-13T01:30:00+00:00,8.2,0.49,0.5,0.495,0.01,127.91,219.17,99
2026-09-13T01:21:48.901645+00:00,btc-updown-15m-1789262100,15,4488617,97343494644912312561119245504108611163373070415563186518627890347349616761390,2026-09-13T01:15:00+00:00,2026-09-13T01:30:00+00:00,8.2,0.72,0.73,0.725,0.01,267.0,1582.85,80
2026-09-13T01:21:48.901645+00:00,btc-updown-15m-1789263000,15,4488668,1948194057611182420792544630269220526881017120426733514803813812320854635206,2026-09-13T01:30:00+00:00,2026-09-13T01:45:00+00:00,23.2,0.49,0.5,0.495,0.01,30.0,102.6,99
2026-09-13T01:22:49.970843+00:00,btc-updown-5m-1789262400,5,4488639,32470006065288384814019718245678396439069205658868315704288722896301302748230,2026-09-13T01:20:00+00:00,2026-09-13T01:25:00+00:00,2.18,0.87,0.88,0.875,0.01,50.0,269.0,99
2026-09-13T01:22:49.970843+00:00,btc-updown-5m-1789262700,5,4488654,6011399621077640945300017908690615469750332610384450881971723535214416305429,2026-09-13T01:25:00+00:00,2026-09-13T01:30:00+00:00,7.18,0.48,0.49,0.485,0.01,20.0,34.0,99
2026-09-13T01:22:49.970843+00:00,btc-updown-15m-1789262100,15,4488617,97343494644912312561119245504108611163373070415563186518627890347349616761390,2026-09-13T01:15:00+00:00,2026-09-13T01:30:00+00:00,7.18,0.73,0.74,0.735,0.01,419.42,181.72,81
2026-09-13T01:22:49.970843+00:00,btc-updown-15m-1789263000,15,4488668,1948194057611182420792544630269220526881017120426733514803813812320854635206,2026-09-13T01:30:00+00:00,2026-09-13T01:45:00+00:00,22.18,0.49,0.5,0.495,0.01,30.0,102.6,99
2026-09-13T01:23:51.026456+00:00,btc-updown-5m-1789262700,5,4488654,6011399621077640945300017908690615469750332610384450881971723535214416305429,2026-09-13T01:25:00+00:00,2026-09-13T01:30:00+00:00,6.15,0.48,0.5,0.49,0.02,74.07,53.0,98
2026-09-13T01:23:51.026456+00:00,btc-updown-15m-1789262100,15,4488617,97343494644912312561119245504108611163373070415563186518627890347349616761390,2026-09-13T01:15:00+00:00,2026-09-13T01:30:00+00:00,6.15,0.89,0.9,0.895,0.01,11.75,3114.32,76
2026-09-13T01:23:51.026456+00:00,btc-updown-15m-1789263000,15,4488668,1948194057611182420792544630269220526881017120426733514803813812320854635206,2026-09-13T01:30:00+00:00,2026-09-13T01:45:00+00:00,21.15,0.47,0.48,0.475,0.01,40.0,52.61,99
2026-09-13T01:24:52.044713+00:00,btc-updown-5m-1789262700,5,4488654,6011399621077640945300017908690615469750332610384450881971723535214416305429,2026-09-13T01:25:00+00:00,2026-09-13T01:30:00+00:00,5.13,0.42,0.44,0.43,0.02,81.0,228.95,98
2026-09-13T01:24:52.044713+00:00,btc-updown-15m-1789262100,15,4488617,97343494644912312561119245504108611163373070415563186518627890347349616761390,2026-09-13T01:15:00+00:00,2026-09-13T01:30:00+00:00,5.13,0.91,0.92,0.915,0.01,304.57,30.0,72
2026-09-13T01:24:52.044713+00:00,btc-updown-15m-1789263000,15,4488668,1948194057611182420792544630269220526881017120426733514803813812320854635206,2026-09-13T01:30:00+00:00,2026-09-13T01:45:00+00:00,20.13,0.46,0.47,0.465,0.01,156.35,60.0,99
2026-09-13T01:25:53.024621+00:00,btc-updown-5m-1789262700,5,4488654,6011399621077640945300017908690615469750332610384450881971723535214416305429,2026-09-13T01:25:00+00:00,2026-09-13T01:30:00+00:00,4.12,0.43,0.44,0.435,0.01,19.24,319.12,99
2026-09-13T01:25:53.024621+00:00,btc-updown-5m-1789263000,5,4488663,23101132116945527225210567392766636089135258945961867737899967492837022180893,2026-09-13T01:30:00+00:00,2026-09-13T01:35:00+00:00,9.12,0.48,0.49,0.485,0.01,188.82,225.6,99
2026-09-13T01:25:53.024621+00:00,btc-updown-15m-1789262100,15,4488617,97343494644912312561119245504108611163373070415563186518627890347349616761390,2026-09-13T01:15:00+00:00,2026-09-13T01:30:00+00:00,4.12,0.93,0.94,0.935,0.01,302.57,500.0,74
2026-09-13T01:25:53.024621+00:00,btc-updown-15m-1789263000,15,4488668,1948194057611182420792544630269220526881017120426733514803813812320854635206,2026-09-13T01:30:00+00:00,2026-09-13T01:45:00+00:00,19.12,0.46,0.47,0.465,0.01,156.35,118.6,99
2026-09-13T01:26:54.087052+00:00,btc-updown-5m-1789262700,5,4488654,6011399621077640945300017908690615469750332610384450881971723535214416305429,2026-09-13T01:25:00+00:00,2026-09-13T01:30:00+00:00,3.1,0.21,0.22,0.215,0.01,110.0,241.53,99
2026-09-13T01:26:54.087052+00:00,btc-updown-5m-1789263000,5,4488663,23101132116945527225210567392766636089135258945961867737899967492837022180893,2026-09-13T01:30:00+00:00,2026-09-13T01:35:00+00:00,8.1,0.48,0.49,0.485,0.01,177.37,109.78,99
2026-09-13T01:26:54.087052+00:00,btc-updown-15m-1789262100,15,4488617,97343494644912312561119245504108611163373070415563186518627890347349616761390,2026-09-13T01:15:00+00:00,2026-09-13T01:30:00+00:00,3.1,0.93,0.94,0.935,0.01,25.0,450.49,74
2026-09-13T01:26:54.087052+00:00,btc-updown-15m-1789263000,15,4488668,1948194057611182420792544630269220526881017120426733514803813812320854635206,2026-09-13T01:30:00+00:00,2026-09-13T01:45:00+00:00,18.1,0.46,0.47,0.465,0.01,137.01,117.17,99
2026-09-13T01:27:55.180553+00:00,btc-updown-5m-1789262700,5,4488654,6011399621077640945300017908690615469750332610384450881971723535214416305429,2026-09-13T01:25:00+00:00,2026-09-13T01:30:00+00:00,2.08,0.03,0.04,0.035,0.01,389.86,780.97,99
2026-09-13T01:27:55.180553+00:00,btc-updown-5m-1789263000,5,4488663,23101132116945527225210567392766636089135258945961867737899967492837022180893,2026-09-13T01:30:00+00:00,2026-09-13T01:35:00+00:00,7.08,0.48,0.5,0.49,0.02,100.44,162.86,98
2026-09-13T01:27:55.180553+00:00,btc-updown-15m-1789262100,15,4488617,97343494644912312561119245504108611163373070415563186518627890347349616761390,2026-09-13T01:15:00+00:00,2026-09-13T01:30:00+00:00,2.08,0.87,0.88,0.875,0.01,174.0,144.02,79
2026-09-13T01:27:55.180553+00:00,btc-updown-15m-1789263000,15,4488668,1948194057611182420792544630269220526881017120426733514803813812320854635206,2026-09-13T01:30:00+00:00,2026-09-13T01:45:00+00:00,17.08,0.46,0.47,0.465,0.01,185.85,64.0,99
2026-09-13T01:28:56.268230+00:00,btc-updown-5m-1789263000,5,4488663,23101132116945527225210567392766636089135258945961867737899967492837022180893,2026-09-13T01:30:00+00:00,2026-09-13T01:35:00+00:00,6.07,0.49,0.5,0.495,0.01,33.0,88.0,99
2026-09-13T01:28:56.268230+00:00,btc-updown-15m-1789262100,15,4488617,97343494644912312561119245504108611163373070415563186518627890347349616761390,2026-09-13T01:15:00+00:00,2026-09-13T01:30:00+00:00,1.07,0.54,0.55,0.545,0.01,91.78,135.82,84
2026-09-13T01:28:56.268230+00:00,btc-updown-15m-1789263000,15,4488668,1948194057611182420792544630269220526881017120426733514803813812320854635206,2026-09-13T01:30:00+00:00,2026-09-13T01:45:00+00:00,16.07,0.46,0.47,0.465,0.01,367.35,64.0,99
2026-09-13T01:29:57.261928+00:00,btc-updown-5m-1789263000,5,4488663,23101132116945527225210567392766636089135258945961867737899967492837022180893,2026-09-13T01:30:00+00:00,2026-09-13T01:35:00+00:00,5.05,0.38,0.41,0.395,0.03,42.0,46.25,97
2026-09-13T01:29:57.261928+00:00,btc-updown-15m-1789263000,15,4488668,1948194057611182420792544630269220526881017120426733514803813812320854635206,2026-09-13T01:30:00+00:00,2026-09-13T01:45:00+00:00,15.05,0.47,0.48,0.475,0.01,44.12,62.0,89
2026-09-13T01:30:58.137011+00:00,btc-updown-5m-1789263000,5,4488663,23101132116945527225210567392766636089135258945961867737899967492837022180893,2026-09-13T01:30:00+00:00,2026-09-13T01:35:00+00:00,4.03,0.3,0.31,0.305,0.01,254.9,85.0,99
2026-09-13T01:30:58.137011+00:00,btc-updown-5m-1789263300,5,4488737,78195400219648584237609280037787309330539179116481651328030768037252541734790,2026-09-13T01:35:00+00:00,2026-09-13T01:40:00+00:00,9.03,0.49,0.5,0.495,0.01,167.09,196.84,102
2026-09-13T01:30:58.137011+00:00,btc-updown-15m-1789263000,15,4488668,1948194057611182420792544630269220526881017120426733514803813812320854635206,2026-09-13T01:30:00+00:00,2026-09-13T01:45:00+00:00,14.03,0.4,0.41,0.405,0.01,458.62,32.0,91
2026-09-13T01:30:58.137011+00:00,btc-updown-15m-1789263900,15,4488776,38918357920431577173653677504837222932998004444951205364538583738516256103354,2026-09-13T01:45:00+00:00,2026-09-13T02:00:00+00:00,29.03,0.5,0.51,0.505,0.01,50.0,102.75,97
2026-09-13T01:31:59.226260+00:00,btc-updown-5m-1789263000,5,4488663,23101132116945527225210567392766636089135258945961867737899967492837022180893,2026-09-13T01:30:00+00:00,2026-09-13T01:35:00+00:00,3.02,0.32,0.33,0.325,0.01,230.51,418.54,99
2026-09-13T01:31:59.226260+00:00,btc-updown-5m-1789263300,5,4488737,78195400219648584237609280037787309330539179116481651328030768037252541734790,2026-09-13T01:35:00+00:00,2026-09-13T01:40:00+00:00,8.02,0.49,0.5,0.495,0.01,167.09,194.84,102
2026-09-13T01:31:59.226260+00:00,btc-updown-15m-1789263000,15,4488668,1948194057611182420792544630269220526881017120426733514803813812320854635206,2026-09-13T01:30:00+00:00,2026-09-13T01:45:00+00:00,13.02,0.41,0.42,0.415,0.01,4216.19,200.41,88
2026-09-13T01:31:59.226260+00:00,btc-updown-15m-1789263900,15,4488776,38918357920431577173653677504837222932998004444951205364538583738516256103354,2026-09-13T01:45:00+00:00,2026-09-13T02:00:00+00:00,28.02,0.5,0.51,0.505,0.01,50.0,102.75,97
2026-09-13T01:33:00.311225+00:00,btc-updown-5m-1789263000,5,4488663,23101132116945527225210567392766636089135258945961867737899967492837022180893,2026-09-13T01:30:00+00:00,2026-09-13T01:35:00+00:00,2.0,0.19,0.2,0.195,0.01,196.07,220.04,99
2026-09-13T01:33:00.311225+00:00,btc-updown-5m-1789263300,5,4488737,78195400219648584237609280037787309330539179116481651328030768037252541734790,2026-09-13T01:35:00+00:00,2026-09-13T01:40:00+00:00,7.0,0.49,0.5,0.495,0.01,207.09,194.84,102
2026-09-13T01:33:00.311225+00:00,btc-updown-15m-1789263000,15,4488668,1948194057611182420792544630269220526881017120426733514803813812320854635206,2026-09-13T01:30:00+00:00,2026-09-13T01:45:00+00:00,12.0,0.4,0.41,0.405,0.01,165.06,236.0,84
2026-09-13T01:33:00.311225+00:00,btc-updown-15m-1789263900,15,4488776,38918357920431577173653677504837222932998004444951205364538583738516256103354,2026-09-13T01:45:00+00:00,2026-09-13T02:00:00+00:00,27.0,0.5,0.51,0.505,0.01,50.0,102.75,97
2026-09-13T01:34:01.423965+00:00,btc-updown-5m-1789263000,5,4488663,23101132116945527225210567392766636089135258945961867737899967492837022180893,2026-09-13T01:30:00+00:00,2026-09-13T01:35:00+00:00,0.98,0.02,0.03,0.025,0.01,663.97,357.38,99
2026-09-13T01:34:01.423965+00:00,btc-updown-5m-1789263300,5,4488737,78195400219648584237609280037787309330539179116481651328030768037252541734790,2026-09-13T01:35:00+00:00,2026-09-13T01:40:00+00:00,5.98,0.49,0.5,0.495,0.01,134.11,201.84,102
2026-09-13T01:34:01.423965+00:00,btc-updown-15m-1789263000,15,4488668,1948194057611182420792544630269220526881017120426733514803813812320854635206,2026-09-13T01:30:00+00:00,2026-09-13T01:45:00+00:00,10.98,0.38,0.39,0.385,0.01,183.0,177.0,86
2026-09-13T01:34:01.423965+00:00,btc-updown-15m-1789263900,15,4488776,38918357920431577173653677504837222932998004444951205364538583738516256103354,2026-09-13T01:45:00+00:00,2026-09-13T02:00:00+00:00,25.98,0.5,0.51,0.505,0.01,50.0,102.75,97
2026-09-13T01:35:02.515090+00:00,btc-updown-5m-1789263300,5,4488737,78195400219648584237609280037787309330539179116481651328030768037252541734790,2026-09-13T01:35:00+00:00,2026-09-13T01:40:00+00:00,4.97,0.4,0.401,0.4005,0.001,109.79,33.32,147
2026-09-13T01:35:02.515090+00:00,btc-updown-5m-1789263600,5,4488756,25305118116265135150789417590042528125263592651673897479516169513227003304463,2026-09-13T01:40:00+00:00,2026-09-13T01:45:00+00:00,9.97,0.5,0.51,0.505,0.01,91.0,89.19,99
2026-09-13T01:35:02.515090+00:00,btc-updown-15m-1789263000,15,4488668,1948194057611182420792544630269220526881017120426733514803813812320854635206,2026-09-13T01:30:00+00:00,2026-09-13T01:45:00+00:00,9.97,0.32,0.33,0.325,0.01,90.0,184.77,87
2026-09-13T01:35:02.515090+00:00,btc-updown-15m-1789263900,15,4488776,38918357920431577173653677504837222932998004444951205364538583738516256103354,2026-09-13T01:45:00+00:00,2026-09-13T02:00:00+00:00,24.97,0.5,0.51,0.505,0.01,25.96,67.75,97
2026-09-13T01:36:03.629772+00:00,btc-updown-5m-1789263300,5,4488737,78195400219648584237609280037787309330539179116481651328030768037252541734790,2026-09-13T01:35:00+00:00,2026-09-13T01:40:00+00:00,3.95,0.392,0.398,0.395,0.006,10.0,14.0,164
2026-09-13T01:36:03.629772+00:00,btc-updown-5m-1789263600,5,4488756,25305118116265135150789417590042528125263592651673897479516169513227003304463,2026-09-13T01:40:00+00:00,2026-09-13T01:45:00+00:00,8.95,0.5,0.51,0.505,0.01,131.0,119.19,99
2026-09-13T01:36:03.629772+00:00,btc-updown-15m-1789263000,15,4488668,1948194057611182420792544630269220526881017120426733514803813812320854635206,2026-09-13T01:30:00+00:00,2026-09-13T01:45:00+00:00,8.95,0.32,0.33,0.325,0.01,1089.64,118.0,88
2026-09-13T01:36:03.629772+00:00,btc-updown-15m-1789263900,15,4488776,38918357920431577173653677504837222932998004444951205364538583738516256103354,2026-09-13T01:45:00+00:00,2026-09-13T02:00:00+00:00,23.95,0.5,0.51,0.505,0.01,13.88,87.26,97
2026-09-13T01:37:04.782149+00:00,btc-updown-5m-1789263300,5,4488737,78195400219648584237609280037787309330539179116481651328030768037252541734790,2026-09-13T01:35:00+00:00,2026-09-13T01:40:00+00:00,2.93,0.33,0.338,0.334,0.008,150.0,5.0,173
2026-09-13T01:37:04.782149+00:00,btc-updown-5m-1789263600,5,4488756,25305118116265135150789417590042528125263592651673897479516169513227003304463,2026-09-13T01:40:00+00:00,2026-09-13T01:45:00+00:00,7.93,0.5,0.51,0.505,0.01,126.98,107.04,99
2026-09-13T01:37:04.782149+00:00,btc-updown-15m-1789263000,15,4488668,1948194057611182420792544630269220526881017120426733514803813812320854635206,2026-09-13T01:30:00+00:00,2026-09-13T01:45:00+00:00,7.93,0.3,0.31,0.305,0.01,120.0,206.07,87
2026-09-13T01:37:04.782149+00:00,btc-updown-15m-1789263900,15,4488776,38918357920431577173653677504837222932998004444951205364538583738516256103354,2026-09-13T01:45:00+00:00,2026-09-13T02:00:00+00:00,22.93,0.5,0.51,0.505,0.01,13.88,87.26,97
2026-09-13T01:38:05.898642+00:00,btc-updown-5m-1789263300,5,4488737,78195400219648584237609280037787309330539179116481651328030768037252541734790,2026-09-13T01:35:00+00:00,2026-09-13T01:40:00+00:00,1.92,0.371,0.38,0.3755,0.009,5.0,92.85,172
2026-09-13T01:38:05.898642+00:00,btc-updown-5m-1789263600,5,4488756,25305118116265135150789417590042528125263592651673897479516169513227003304463,2026-09-13T01:40:00+00:00,2026-09-13T01:45:00+00:00,6.92,0.5,0.51,0.505,0.01,46.98,77.23,99
2026-09-13T01:38:05.898642+00:00,btc-updown-15m-1789263000,15,4488668,1948194057611182420792544630269220526881017120426733514803813812320854635206,2026-09-13T01:30:00+00:00,2026-09-13T01:45:00+00:00,6.92,0.31,0.32,0.315,0.01,209.44,15.0,86
2026-09-13T01:38:05.898642+00:00,btc-updown-15m-1789263900,15,4488776,38918357920431577173653677504837222932998004444951205364538583738516256103354,2026-09-13T01:45:00+00:00,2026-09-13T02:00:00+00:00,21.92,0.5,0.51,0.505,0.01,13.88,52.84,97
2026-09-13T01:39:07.055470+00:00,btc-updown-5m-1789263300,5,4488737,78195400219648584237609280037787309330539179116481651328030768037252541734790,2026-09-13T01:35:00+00:00,2026-09-13T01:40:00+00:00,0.88,0.02,0.03,0.025,0.01,1008.92,104.0,127
2026-09-13T01:39:07.055470+00:00,btc-updown-5m-1789263600,5,4488756,25305118116265135150789417590042528125263592651673897479516169513227003304463,2026-09-13T01:40:00+00:00,2026-09-13T01:45:00+00:00,5.88,0.5,0.51,0.505,0.01,90.0,31.1,99
2026-09-13T01:39:07.055470+00:00,btc-updown-15m-1789263000,15,4488668,1948194057611182420792544630269220526881017120426733514803813812320854635206,2026-09-13T01:30:00+00:00,2026-09-13T01:45:00+00:00,5.88,0.27,0.28,0.275,0.01,106.0,425.65,83
2026-09-13T01:39:07.055470+00:00,btc-updown-15m-1789263900,15,4488776,38918357920431577173653677504837222932998004444951205364538583738516256103354,2026-09-13T01:45:00+00:00,2026-09-13T02:00:00+00:00,20.88,0.5,0.51,0.505,0.01,13.88,103.86,97
2026-09-13T01:40:08.202493+00:00,btc-updown-5m-1789263600,5,4488756,25305118116265135150789417590042528125263592651673897479516169513227003304463,2026-09-13T01:40:00+00:00,2026-09-13T01:45:00+00:00,4.87,0.85,0.86,0.855,0.01,517.4,238.06,99
2026-09-13T01:40:08.202493+00:00,btc-updown-5m-1789263900,5,4488778,94157176457756734077035866141110844342254932911119468694794598922679262440912,2026-09-13T01:45:00+00:00,2026-09-13T01:50:00+00:00,9.87,0.5,0.51,0.505,0.01,118.0,309.64,99
2026-09-13T01:40:08.202493+00:00,btc-updown-15m-1789263000,15,4488668,1948194057611182420792544630269220526881017120426733514803813812320854635206,2026-09-13T01:30:00+00:00,2026-09-13T01:45:00+00:00,4.87,0.76,0.77,0.765,0.01,63.15,402.56,83
2026-09-13T01:40:08.202493+00:00,btc-updown-15m-1789263900,15,4488776,38918357920431577173653677504837222932998004444951205364538583738516256103354,2026-09-13T01:45:00+00:00,2026-09-13T02:00:00+00:00,19.87,0.49,0.5,0.495,0.01,86.02,62.72,97
2026-09-13T01:41:09.345245+00:00,btc-updown-5m-1789263600,5,4488756,25305118116265135150789417590042528125263592651673897479516169513227003304463,2026-09-13T01:40:00+00:00,2026-09-13T01:45:00+00:00,3.85,0.92,0.93,0.925,0.01,696.22,188.0,99
2026-09-13T01:41:09.345245+00:00,btc-updown-5m-1789263900,5,4488778,94157176457756734077035866141110844342254932911119468694794598922679262440912,2026-09-13T01:45:00+00:00,2026-09-13T01:50:00+00:00,8.85,0.5,0.51,0.505,0.01,123.0,214.79,99
2026-09-13T01:41:09.345245+00:00,btc-updown-15m-1789263000,15,4488668,1948194057611182420792544630269220526881017120426733514803813812320854635206,2026-09-13T01:30:00+00:00,2026-09-13T01:45:00+00:00,3.85,0.81,0.82,0.815,0.01,277.05,269.73,77
2026-09-13T01:41:09.345245+00:00,btc-updown-15m-1789263900,15,4488776,38918357920431577173653677504837222932998004444951205364538583738516256103354,2026-09-13T01:45:00+00:00,2026-09-13T02:00:00+00:00,18.85,0.49,0.5,0.495,0.01,10.0,112.72,97
2026-09-13T01:42:10.474252+00:00,btc-updown-5m-1789263600,5,4488756,25305118116265135150789417590042528125263592651673897479516169513227003304463,2026-09-13T01:40:00+00:00,2026-09-13T01:45:00+00:00,2.83,0.97,0.98,0.975,0.01,689.0,856.14,99
2026-09-13T01:42:10.474252+00:00,btc-updown-5m-1789263900,5,4488778,94157176457756734077035866141110844342254932911119468694794598922679262440912,2026-09-13T01:45:00+00:00,2026-09-13T01:50:00+00:00,7.83,0.5,0.51,0.505,0.01,23.0,68.13,99
2026-09-13T01:42:10.474252+00:00,btc-updown-15m-1789263000,15,4488668,1948194057611182420792544630269220526881017120426733514803813812320854635206,2026-09-13T01:30:00+00:00,2026-09-13T01:45:00+00:00,2.83,0.88,0.89,0.885,0.01,3904.55,10.9,76
2026-09-13T01:42:10.474252+00:00,btc-updown-15m-1789263900,15,4488776,38918357920431577173653677504837222932998004444951205364538583738516256103354,2026-09-13T01:45:00+00:00,2026-09-13T02:00:00+00:00,17.83,0.49,0.5,0.495,0.01,9.99,118.72,97
2026-09-13T01:43:11.581442+00:00,btc-updown-5m-1789263600,5,4488756,25305118116265135150789417590042528125263592651673897479516169513227003304463,2026-09-13T01:40:00+00:00,2026-09-13T01:45:00+00:00,1.82,0.97,0.98,0.975,0.01,585.28,845.43,99
2026-09-13T01:43:11.581442+00:00,btc-updown-5m-1789263900,5,4488778,94157176457756734077035866141110844342254932911119468694794598922679262440912,2026-09-13T01:45:00+00:00,2026-09-13T01:50:00+00:00,6.82,0.5,0.51,0.505,0.01,20.98,53.71,99
2026-09-13T01:43:11.581442+00:00,btc-updown-15m-1789263000,15,4488668,1948194057611182420792544630269220526881017120426733514803813812320854635206,2026-09-13T01:30:00+00:00,2026-09-13T01:45:00+00:00,1.82,0.85,0.86,0.855,0.01,6.0,510.03,80
2026-09-13T01:43:11.581442+00:00,btc-updown-15m-1789263900,15,4488776,38918357920431577173653677504837222932998004444951205364538583738516256103354,2026-09-13T01:45:00+00:00,2026-09-13T02:00:00+00:00,16.82,0.49,0.5,0.495,0.01,15.99,172.72,97
2026-09-13T01:44:12.732091+00:00,btc-updown-5m-1789263900,5,4488778,94157176457756734077035866141110844342254932911119468694794598922679262440912,2026-09-13T01:45:00+00:00,2026-09-13T01:50:00+00:00,5.8,0.5,0.51,0.505,0.01,42.98,133.05,99
2026-09-13T01:44:12.732091+00:00,btc-updown-15m-1789263900,15,4488776,38918357920431577173653677504837222932998004444951205364538583738516256103354,2026-09-13T01:45:00+00:00,2026-09-13T02:00:00+00:00,15.8,0.48,0.49,0.485,0.01,121.0,89.54,89
2026-09-13T01:45:13.625218+00:00,btc-updown-5m-1789263900,5,4488778,94157176457756734077035866141110844342254932911119468694794598922679262440912,2026-09-13T01:45:00+00:00,2026-09-13T01:50:00+00:00,4.78,0.5,0.51,0.505,0.01,58.0,527.22,99
2026-09-13T01:45:13.625218+00:00,btc-updown-5m-1789264200,5,4488804,97227926579913642595532630564465616361677944979793394891911963884616498020594,2026-09-13T01:50:00+00:00,2026-09-13T01:55:00+00:00,9.78,0.49,0.5,0.495,0.01,312.7,87.0,99
2026-09-13T01:45:13.625218+00:00,btc-updown-15m-1789263900,15,4488776,38918357920431577173653677504837222932998004444951205364538583738516256103354,2026-09-13T01:45:00+00:00,2026-09-13T02:00:00+00:00,14.78,0.5,0.51,0.505,0.01,241.0,235.09,99
2026-09-13T01:45:13.625218+00:00,btc-updown-15m-1789264800,15,4488941,43862350065399719455109458500866875981657699419150054528836950042759646143029,2026-09-13T02:00:00+00:00,2026-09-13T02:15:00+00:00,29.78,0.5,0.51,0.505,0.01,30.0,174.75,91
2026-09-13T01:46:14.725691+00:00,btc-updown-5m-1789263900,5,4488778,94157176457756734077035866141110844342254932911119468694794598922679262440912,2026-09-13T01:45:00+00:00,2026-09-13T01:50:00+00:00,3.77,0.51,0.52,0.515,0.01,212.44,50.64,99
2026-09-13T01:46:14.725691+00:00,btc-updown-5m-1789264200,5,4488804,97227926579913642595532630564465616361677944979793394891911963884616498020594,2026-09-13T01:50:00+00:00,2026-09-13T01:55:00+00:00,8.77,0.49,0.5,0.495,0.01,199.78,117.0,99
2026-09-13T01:46:14.725691+00:00,btc-updown-15m-1789263900,15,4488776,38918357920431577173653677504837222932998004444951205364538583738516256103354,2026-09-13T01:45:00+00:00,2026-09-13T02:00:00+00:00,13.77,0.49,0.5,0.495,0.01,627.43,166.0,87
2026-09-13T01:46:14.725691+00:00,btc-updown-15m-1789264800,15,4488941,43862350065399719455109458500866875981657699419150054528836950042759646143029,2026-09-13T02:00:00+00:00,2026-09-13T02:15:00+00:00,28.77,0.5,0.51,0.505,0.01,4.48,212.84,93
2026-09-13T01:47:15.846354+00:00,btc-updown-5m-1789263900,5,4488778,94157176457756734077035866141110844342254932911119468694794598922679262440912,2026-09-13T01:45:00+00:00,2026-09-13T01:50:00+00:00,2.75,0.8,0.81,0.805,0.01,63.5,406.44,99
2026-09-13T01:47:15.846354+00:00,btc-updown-5m-1789264200,5,4488804,97227926579913642595532630564465616361677944979793394891911963884616498020594,2026-09-13T01:50:00+00:00,2026-09-13T01:55:00+00:00,7.75,0.49,0.5,0.495,0.01,191.74,102.98,99
2026-09-13T01:47:15.846354+00:00,btc-updown-15m-1789263900,15,4488776,38918357920431577173653677504837222932998004444951205364538583738516256103354,2026-09-13T01:45:00+00:00,2026-09-13T02:00:00+00:00,12.75,0.59,0.6,0.595,0.01,10.0,538.44,89
2026-09-13T01:47:15.846354+00:00,btc-updown-15m-1789264800,15,4488941,43862350065399719455109458500866875981657699419150054528836950042759646143029,2026-09-13T02:00:00+00:00,2026-09-13T02:15:00+00:00,27.75,0.5,0.51,0.505,0.01,4.48,292.84,93
2026-09-13T01:48:16.966914+00:00,btc-updown-5m-1789263900,5,4488778,94157176457756734077035866141110844342254932911119468694794598922679262440912,2026-09-13T01:45:00+00:00,2026-09-13T01:50:00+00:00,1.73,0.97,0.98,0.975,0.01,62.22,3146.6,99
2026-09-13T01:48:16.966914+00:00,btc-updown-5m-1789264200,5,4488804,97227926579913642595532630564465616361677944979793394891911963884616498020594,2026-09-13T01:50:00+00:00,2026-09-13T01:55:00+00:00,6.73,0.48,0.49,0.485,0.01,20.0,60.55,99
2026-09-13T01:48:16.966914+00:00,btc-updown-15m-1789263900,15,4488776,38918357920431577173653677504837222932998004444951205364538583738516256103354,2026-09-13T01:45:00+00:00,2026-09-13T02:00:00+00:00,11.73,0.68,0.69,0.685,0.01,347.86,198.73,86
2026-09-13T01:48:16.966914+00:00,btc-updown-15m-1789264800,15,4488941,43862350065399719455109458500866875981657699419150054528836950042759646143029,2026-09-13T02:00:00+00:00,2026-09-13T02:15:00+00:00,26.73,0.5,0.51,0.505,0.01,4.48,242.84,93
2026-09-13T01:49:18.092460+00:00,btc-updown-5m-1789264200,5,4488804,97227926579913642595532630564465616361677944979793394891911963884616498020594,2026-09-13T01:50:00+00:00,2026-09-13T01:55:00+00:00,5.7,0.48,0.49,0.485,0.01,74.3,32.14,99
2026-09-13T01:49:18.092460+00:00,btc-updown-15m-1789263900,15,4488776,38918357920431577173653677504837222932998004444951205364538583738516256103354,2026-09-13T01:45:00+00:00,2026-09-13T02:00:00+00:00,10.7,0.67,0.68,0.675,0.01,285.0,1287.77,86
2026-09-13T01:49:18.092460+00:00,btc-updown-15m-1789264800,15,4488941,43862350065399719455109458500866875981657699419150054528836950042759646143029,2026-09-13T02:00:00+00:00,2026-09-13T02:15:00+00:00,25.7,0.5,0.51,0.505,0.01,4.48,242.84,91
2026-09-13T01:50:19.110018+00:00,btc-updown-5m-1789264200,5,4488804,97227926579913642595532630564465616361677944979793394891911963884616498020594,2026-09-13T01:50:00+00:00,2026-09-13T01:55:00+00:00,4.68,0.17,0.18,0.175,0.01,313.5,241.54,99
2026-09-13T01:50:19.110018+00:00,btc-updown-5m-1789264500,5,4488918,98780103202601233338934080820792850018428692479044065137934852003846300251415,2026-09-13T01:55:00+00:00,2026-09-13T02:00:00+00:00,9.68,0.49,0.5,0.495,0.01,332.57,102.5,99
2026-09-13T01:50:19.110018+00:00,btc-updown-15m-1789263900,15,4488776,38918357920431577173653677504837222932998004444951205364538583738516256103354,2026-09-13T01:45:00+00:00,2026-09-13T02:00:00+00:00,9.68,0.41,0.42,0.415,0.01,141.0,170.0,87
2026-09-13T01:50:19.110018+00:00,btc-updown-15m-1789264800,15,4488941,43862350065399719455109458500866875981657699419150054528836950042759646143029,2026-09-13T02:00:00+00:00,2026-09-13T02:15:00+00:00,24.68,0.5,0.51,0.505,0.01,4.48,158.91,91
2026-09-13T01:51:20.232529+00:00,btc-updown-5m-1789264200,5,4488804,97227926579913642595532630564465616361677944979793394891911963884616498020594,2026-09-13T01:50:00+00:00,2026-09-13T01:55:00+00:00,3.67,0.12,0.13,0.125,0.01,142.63,784.33,99
2026-09-13T01:51:20.232529+00:00,btc-updown-5m-1789264500,5,4488918,98780103202601233338934080820792850018428692479044065137934852003846300251415,2026-09-13T01:55:00+00:00,2026-09-13T02:00:00+00:00,8.67,0.49,0.5,0.495,0.01,205.35,115.51,99
2026-09-13T01:51:20.232529+00:00,btc-updown-15m-1789263900,15,4488776,38918357920431577173653677504837222932998004444951205364538583738516256103354,2026-09-13T01:45:00+00:00,2026-09-13T02:00:00+00:00,8.67,0.43,0.44,0.435,0.01,140.0,234.19,85
2026-09-13T01:51:20.232529+00:00,btc-updown-15m-1789264800,15,4488941,43862350065399719455109458500866875981657699419150054528836950042759646143029,2026-09-13T02:00:00+00:00,2026-09-13T02:15:00+00:00,23.67,0.5,0.51,0.505,0.01,4.48,158.91,91
2026-09-13T01:52:21.347930+00:00,btc-updown-5m-1789264200,5,4488804,97227926579913642595532630564465616361677944979793394891911963884616498020594,2026-09-13T01:50:00+00:00,2026-09-13T01:55:00+00:00,2.65,0.14,0.15,0.145,0.01,88.83,972.36,99
2026-09-13T01:52:21.347930+00:00,btc-updown-5m-1789264500,5,4488918,98780103202601233338934080820792850018428692479044065137934852003846300251415,2026-09-13T01:55:00+00:00,2026-09-13T02:00:00+00:00,7.65,0.49,0.5,0.495,0.01,207.35,112.29,99
2026-09-13T01:52:21.347930+00:00,btc-updown-15m-1789263900,15,4488776,38918357920431577173653677504837222932998004444951205364538583738516256103354,2026-09-13T01:45:00+00:00,2026-09-13T02:00:00+00:00,7.65,0.5,0.51,0.505,0.01,298.96,40.0,85
2026-09-13T01:52:21.347930+00:00,btc-updown-15m-1789264800,15,4488941,43862350065399719455109458500866875981657699419150054528836950042759646143029,2026-09-13T02:00:00+00:00,2026-09-13T02:15:00+00:00,22.65,0.5,0.51,0.505,0.01,4.48,208.91,91
2026-09-13T01:53:22.453595+00:00,btc-updown-5m-1789264200,5,4488804,97227926579913642595532630564465616361677944979793394891911963884616498020594,2026-09-13T01:50:00+00:00,2026-09-13T01:55:00+00:00,1.63,0.05,0.06,0.055,0.01,134.13,758.05,99
2026-09-13T01:53:22.453595+00:00,btc-updown-5m-1789264500,5,4488918,98780103202601233338934080820792850018428692479044065137934852003846300251415,2026-09-13T01:55:00+00:00,2026-09-13T02:00:00+00:00,6.63,0.48,0.49,0.485,0.01,69.91,25.0,99
2026-09-13T01:53:22.453595+00:00,btc-updown-15m-1789263900,15,4488776,38918357920431577173653677504837222932998004444951205364538583738516256103354,2026-09-13T01:45:00+00:00,2026-09-13T02:00:00+00:00,6.63,0.53,0.54,0.535,0.01,206.2,64.0,88
2026-09-13T01:53:22.453595+00:00,btc-updown-15m-1789264800,15,4488941,43862350065399719455109458500866875981657699419150054528836950042759646143029,2026-09-13T02:00:00+00:00,2026-09-13T02:15:00+00:00,21.63,0.5,0.51,0.505,0.01,4.48,158.91,91
2026-09-13T01:54:23.573078+00:00,btc-updown-5m-1789264500,5,4488918,98780103202601233338934080820792850018428692479044065137934852003846300251415,2026-09-13T01:55:00+00:00,2026-09-13T02:00:00+00:00,5.62,0.48,0.49,0.485,0.01,28.1,5.37,99
2026-09-13T01:54:23.573078+00:00,btc-updown-15m-1789263900,15,4488776,38918357920431577173653677504837222932998004444951205364538583738516256103354,2026-09-13T01:45:00+00:00,2026-09-13T02:00:00+00:00,5.62,0.56,0.57,0.565,0.01,5.0,444.8,86
2026-09-13T01:54:23.573078+00:00,btc-updown-15m-1789264800,15,4488941,43862350065399719455109458500866875981657699419150054528836950042759646143029,2026-09-13T02:00:00+00:00,2026-09-13T02:15:00+00:00,20.62,0.5,0.51,0.505,0.01,4.48,208.91,91
2026-09-13T01:55:24.580020+00:00,btc-updown-5m-1789264500,5,4488918,98780103202601233338934080820792850018428692479044065137934852003846300251415,2026-09-13T01:55:00+00:00,2026-09-13T02:00:00+00:00,4.6,0.5,0.51,0.505,0.01,454.83,108.98,99
2026-09-13T01:55:24.580020+00:00,btc-updown-5m-1789264800,5,4488954,7815793369488040579678001347648619366749092283991833441254525826599494638686,2026-09-13T02:00:00+00:00,2026-09-13T02:05:00+00:00,9.6,0.49,0.5,0.495,0.01,317.17,206.5,99
2026-09-13T01:55:24.580020+00:00,btc-updown-15m-1789263900,15,4488776,38918357920431577173653677504837222932998004444951205364538583738516256103354,2026-09-13T01:45:00+00:00,2026-09-13T02:00:00+00:00,4.6,0.53,0.54,0.535,0.01,371.57,73.85,88
2026-09-13T01:55:24.580020+00:00,btc-updown-15m-1789264800,15,4488941,43862350065399719455109458500866875981657699419150054528836950042759646143029,2026-09-13T02:00:00+00:00,2026-09-13T02:15:00+00:00,19.6,0.48,0.49,0.485,0.01,40.0,20.0,91
2026-09-13T01:56:25.694259+00:00,btc-updown-5m-1789264500,5,4488918,98780103202601233338934080820792850018428692479044065137934852003846300251415,2026-09-13T01:55:00+00:00,2026-09-13T02:00:00+00:00,3.58,0.51,0.52,0.515,0.01,20.13,424.74,99
2026-09-13T01:56:25.694259+00:00,btc-updown-5m-1789264800,5,4488954,7815793369488040579678001347648619366749092283991833441254525826599494638686,2026-09-13T02:00:00+00:00,2026-09-13T02:05:00+00:00,8.58,0.49,0.5,0.495,0.01,177.76,216.5,99
2026-09-13T01:56:25.694259+00:00,btc-updown-15m-1789263900,15,4488776,38918357920431577173653677504837222932998004444951205364538583738516256103354,2026-09-13T01:45:00+00:00,2026-09-13T02:00:00+00:00,3.58,0.57,0.58,0.575,0.01,25.35,399.95,90
2026-09-13T01:56:25.694259+00:00,btc-updown-15m-1789264800,15,4488941,43862350065399719455109458500866875981657699419150054528836950042759646143029,2026-09-13T02:00:00+00:00,2026-09-13T02:15:00+00:00,18.58,0.48,0.49,0.485,0.01,62.08,57.0,91
2026-09-13T01:57:26.823053+00:00,btc-updown-5m-1789264500,5,4488918,98780103202601233338934080820792850018428692479044065137934852003846300251415,2026-09-13T01:55:00+00:00,2026-09-13T02:00:00+00:00,2.57,0.59,0.6,0.595,0.01,121.32,94.35,99
2026-09-13T01:57:26.823053+00:00,btc-updown-5m-1789264800,5,4488954,7815793369488040579678001347648619366749092283991833441254525826599494638686,2026-09-13T02:00:00+00:00,2026-09-13T02:05:00+00:00,7.57,0.49,0.5,0.495,0.01,172.74,202.35,99
2026-09-13T01:57:26.823053+00:00,btc-updown-15m-1789263900,15,4488776,38918357920431577173653677504837222932998004444951205364538583738516256103354,2026-09-13T01:45:00+00:00,2026-09-13T02:00:00+00:00,2.57,0.59,0.6,0.595,0.01,371.68,8.0,88
2026-09-13T01:57:26.823053+00:00,btc-updown-15m-1789264800,15,4488941,43862350065399719455109458500866875981657699419150054528836950042759646143029,2026-09-13T02:00:00+00:00,2026-09-13T02:15:00+00:00,17.57,0.48,0.49,0.485,0.01,56.08,96.0,91
2026-09-13T01:58:27.938867+00:00,btc-updown-5m-1789264500,5,4488918,98780103202601233338934080820792850018428692479044065137934852003846300251415,2026-09-13T01:55:00+00:00,2026-09-13T02:00:00+00:00,1.55,0.34,0.35,0.345,0.01,116.77,322.08,99
2026-09-13T01:58:27.938867+00:00,btc-updown-5m-1789264800,5,4488954,7815793369488040579678001347648619366749092283991833441254525826599494638686,2026-09-13T02:00:00+00:00,2026-09-13T02:05:00+00:00,6.55,0.48,0.49,0.485,0.01,70.0,25.0,99
2026-09-13T01:58:27.938867+00:00,btc-updown-15m-1789263900,15,4488776,38918357920431577173653677504837222932998004444951205364538583738516256103354,2026-09-13T01:45:00+00:00,2026-09-13T02:00:00+00:00,1.55,0.53,0.54,0.535,0.01,144.76,201.0,88
2026-09-13T01:58:27.938867+00:00,btc-updown-15m-1789264800,15,4488941,43862350065399719455109458500866875981657699419150054528836950042759646143029,2026-09-13T02:00:00+00:00,2026-09-13T02:15:00+00:00,16.55,0.48,0.49,0.485,0.01,106.08,71.0,91
2026-09-13T01:59:29.061167+00:00,btc-updown-5m-1789264800,5,4488954,7815793369488040579678001347648619366749092283991833441254525826599494638686,2026-09-13T02:00:00+00:00,2026-09-13T02:05:00+00:00,5.52,0.45,0.47,0.46,0.02,25.74,75.27,97
2026-09-13T01:59:29.061167+00:00,btc-updown-15m-1789264800,15,4488941,43862350065399719455109458500866875981657699419150054528836950042759646143029,2026-09-13T02:00:00+00:00,2026-09-13T02:15:00+00:00,15.52,0.48,0.49,0.485,0.01,110.0,171.49,87
2026-09-13T02:00:29.964171+00:00,btc-updown-5m-1789264800,5,4488954,7815793369488040579678001347648619366749092283991833441254525826599494638686,2026-09-13T02:00:00+00:00,2026-09-13T02:05:00+00:00,4.52,0.45,0.46,0.455,0.01,224.51,201.7,99
2026-09-13T02:00:29.964171+00:00,btc-updown-5m-1789265100,5,4488974,23231928746502992370532188570852106099639164019921643590825860835093988982981,2026-09-13T02:05:00+00:00,2026-09-13T02:10:00+00:00,9.52,0.49,0.5,0.495,0.01,321.05,229.0,99
2026-09-13T02:00:29.964171+00:00,btc-updown-15m-1789264800,15,4488941,43862350065399719455109458500866875981657699419150054528836950042759646143029,2026-09-13T02:00:00+00:00,2026-09-13T02:15:00+00:00,14.52,0.47,0.48,0.475,0.01,50.0,467.98,99
2026-09-13T02:00:29.964171+00:00,btc-updown-15m-1789265700,15,4488990,71293382818492563059468225885106734397804140269759030345500430366268426023265,2026-09-13T02:15:00+00:00,2026-09-13T02:30:00+00:00,29.52,0.5,0.51,0.505,0.01,30.0,254.75,91
2026-09-13T02:01:31.064025+00:00,btc-updown-5m-1789264800,5,4488954,7815793369488040579678001347648619366749092283991833441254525826599494638686,2026-09-13T02:00:00+00:00,2026-09-13T02:05:00+00:00,3.48,0.28,0.29,0.285,0.01,79.14,240.5,99
2026-09-13T02:01:31.064025+00:00,btc-updown-5m-1789265100,5,4488974,23231928746502992370532188570852106099639164019921643590825860835093988982981,2026-09-13T02:05:00+00:00,2026-09-13T02:10:00+00:00,8.48,0.49,0.5,0.495,0.01,195.47,314.0,99
2026-09-13T02:01:31.064025+00:00,btc-updown-15m-1789264800,15,4488941,43862350065399719455109458500866875981657699419150054528836950042759646143029,2026-09-13T02:00:00+00:00,2026-09-13T02:15:00+00:00,13.48,0.42,0.43,0.425,0.01,329.0,231.71,90
2026-09-13T02:01:31.064025+00:00,btc-updown-15m-1789265700,15,4488990,71293382818492563059468225885106734397804140269759030345500430366268426023265,2026-09-13T02:15:00+00:00,2026-09-13T02:30:00+00:00,28.48,0.5,0.51,0.505,0.01,5.61,442.84,91
2026-09-13T02:02:32.166011+00:00,btc-updown-5m-1789264800,5,4488954,7815793369488040579678001347648619366749092283991833441254525826599494638686,2026-09-13T02:00:00+00:00,2026-09-13T02:05:00+00:00,2.47,0.14,0.15,0.145,0.01,93.0,399.19,99
2026-09-13T02:02:32.166011+00:00,btc-updown-5m-1789265100,5,4488974,23231928746502992370532188570852106099639164019921643590825860835093988982981,2026-09-13T02:05:00+00:00,2026-09-13T02:10:00+00:00,7.47,0.49,0.5,0.495,0.01,204.13,352.01,99
2026-09-13T02:02:32.166011+00:00,btc-updown-15m-1789264800,15,4488941,43862350065399719455109458500866875981657699419150054528836950042759646143029,2026-09-13T02:00:00+00:00,2026-09-13T02:15:00+00:00,12.47,0.36,0.37,0.365,0.01,484.15,60.0,88
2026-09-13T02:02:32.166011+00:00,btc-updown-15m-1789265700,15,4488990,71293382818492563059468225885106734397804140269759030345500430366268426023265,2026-09-13T02:15:00+00:00,2026-09-13T02:30:00+00:00,27.47,0.5,0.51,0.505,0.01,5.61,362.84,91
2026-09-13T02:03:33.281758+00:00,btc-updown-5m-1789264800,5,4488954,7815793369488040579678001347648619366749092283991833441254525826599494638686,2026-09-13T02:00:00+00:00,2026-09-13T02:05:00+00:00,1.45,0.02,0.03,0.025,0.01,2394.47,254.05,99
2026-09-13T02:03:33.281758+00:00,btc-updown-5m-1789265100,5,4488974,23231928746502992370532188570852106099639164019921643590825860835093988982981,2026-09-13T02:05:00+00:00,2026-09-13T02:10:00+00:00,6.45,0.49,0.5,0.495,0.01,180.19,211.0,99
2026-09-13T02:03:33.281758+00:00,btc-updown-15m-1789264800,15,4488941,43862350065399719455109458500866875981657699419150054528836950042759646143029,2026-09-13T02:00:00+00:00,2026-09-13T02:15:00+00:00,11.45,0.34,0.35,0.345,0.01,167.68,331.82,87
2026-09-13T02:03:33.281758+00:00,btc-updown-15m-1789265700,15,4488990,71293382818492563059468225885106734397804140269759030345500430366268426023265,2026-09-13T02:15:00+00:00,2026-09-13T02:30:00+00:00,26.45,0.5,0.51,0.505,0.01,17.52,362.84,91
2026-09-13T02:04:34.416417+00:00,btc-updown-5m-1789265100,5,4488974,23231928746502992370532188570852106099639164019921643590825860835093988982981,2026-09-13T02:05:00+00:00,2026-09-13T02:10:00+00:00,5.43,0.49,0.5,0.495,0.01,334.52,259.58,99
2026-09-13T02:04:34.416417+00:00,btc-updown-15m-1789264800,15,4488941,43862350065399719455109458500866875981657699419150054528836950042759646143029,2026-09-13T02:00:00+00:00,2026-09-13T02:15:00+00:00,10.43,0.33,0.34,0.335,0.01,155.0,587.12,88
2026-09-13T02:04:34.416417+00:00,btc-updown-15m-1789265700,15,4488990,71293382818492563059468225885106734397804140269759030345500430366268426023265,2026-09-13T02:15:00+00:00,2026-09-13T02:30:00+00:00,25.43,0.5,0.51,0.505,0.01,17.52,312.84,91
2026-09-13T02:05:35.424840+00:00,btc-updown-5m-1789265100,5,4488974,23231928746502992370532188570852106099639164019921643590825860835093988982981,2026-09-13T02:05:00+00:00,2026-09-13T02:10:00+00:00,4.42,0.44,0.45,0.445,0.01,107.92,193.27,99
2026-09-13T02:05:35.424840+00:00,btc-updown-5m-1789265400,5,4488982,46172250919525160064917766412584161628142136884120526035043770612960687723958,2026-09-13T02:10:00+00:00,2026-09-13T02:15:00+00:00,9.42,0.49,0.5,0.495,0.01,302.2,90.5,99
2026-09-13T02:05:35.424840+00:00,btc-updown-15m-1789264800,15,4488941,43862350065399719455109458500866875981657699419150054528836950042759646143029,2026-09-13T02:00:00+00:00,2026-09-13T02:15:00+00:00,9.42,0.3,0.31,0.305,0.01,1652.06,199.27,86
2026-09-13T02:05:35.424840+00:00,btc-updown-15m-1789265700,15,4488990,71293382818492563059468225885106734397804140269759030345500430366268426023265,2026-09-13T02:15:00+00:00,2026-09-13T02:30:00+00:00,24.42,0.5,0.51,0.505,0.01,15.52,369.22,91
2026-09-13T02:06:36.537681+00:00,btc-updown-5m-1789265100,5,4488974,23231928746502992370532188570852106099639164019921643590825860835093988982981,2026-09-13T02:05:00+00:00,2026-09-13T02:10:00+00:00,3.4,0.11,0.12,0.115,0.01,248.49,831.04,99
2026-09-13T02:06:36.537681+00:00,btc-updown-5m-1789265400,5,4488982,46172250919525160064917766412584161628142136884120526035043770612960687723958,2026-09-13T02:10:00+00:00,2026-09-13T02:15:00+00:00,8.4,0.49,0.5,0.495,0.01,186.32,170.5,99
2026-09-13T02:06:36.537681+00:00,btc-updown-15m-1789264800,15,4488941,43862350065399719455109458500866875981657699419150054528836950042759646143029,2026-09-13T02:00:00+00:00,2026-09-13T02:15:00+00:00,8.4,0.2,0.21,0.205,0.01,343.0,274.48,85
2026-09-13T02:06:36.537681+00:00,btc-updown-15m-1789265700,15,4488990,71293382818492563059468225885106734397804140269759030345500430366268426023265,2026-09-13T02:15:00+00:00,2026-09-13T02:30:00+00:00,23.4,0.5,0.51,0.505,0.01,59.53,109.75,91
2026-09-13T02:07:37.665102+00:00,btc-updown-5m-1789265100,5,4488974,23231928746502992370532188570852106099639164019921643590825860835093988982981,2026-09-13T02:05:00+00:00,2026-09-13T02:10:00+00:00,2.38,0.07,0.08,0.075,0.01,140.48,273.45,99
2026-09-13T02:07:37.665102+00:00,btc-updown-5m-1789265400,5,4488982,46172250919525160064917766412584161628142136884120526035043770612960687723958,2026-09-13T02:10:00+00:00,2026-09-13T02:15:00+00:00,7.38,0.49,0.5,0.495,0.01,176.3,161.99,99
2026-09-13T02:07:37.665102+00:00,btc-updown-15m-1789264800,15,4488941,43862350065399719455109458500866875981657699419150054528836950042759646143029,2026-09-13T02:00:00+00:00,2026-09-13T02:15:00+00:00,7.38,0.19,0.2,0.195,0.01,160.0,417.25,84
2026-09-13T02:07:37.665102+00:00,btc-updown-15m-1789265700,15,4488990,71293382818492563059468225885106734397804140269759030345500430366268426023265,2026-09-13T02:15:00+00:00,2026-09-13T02:30:00+00:00,22.38,0.5,0.51,0.505,0.01,59.53,109.75,91
2026-09-13T02:08:38.766655+00:00,btc-updown-5m-1789265100,5,4488974,23231928746502992370532188570852106099639164019921643590825860835093988982981,2026-09-13T02:05:00+00:00,2026-09-13T02:10:00+00:00,1.37,0.02,0.03,0.025,0.01,55.04,205.57,99
2026-09-13T02:08:38.766655+00:00,btc-updown-5m-1789265400,5,4488982,46172250919525160064917766412584161628142136884120526035043770612960687723958,2026-09-13T02:10:00+00:00,2026-09-13T02:15:00+00:00,6.37,0.49,0.5,0.495,0.01,174.33,107.5,99
2026-09-13T02:08:38.766655+00:00,btc-updown-15m-1789264800,15,4488941,43862350065399719455109458500866875981657699419150054528836950042759646143029,2026-09-13T02:00:00+00:00,2026-09-13T02:15:00+00:00,6.37,0.18,0.19,0.185,0.01,2306.63,313.0,83
2026-09-13T02:08:38.766655+00:00,btc-updown-15m-1789265700,15,4488990,71293382818492563059468225885106734397804140269759030345500430366268426023265,2026-09-13T02:15:00+00:00,2026-09-13T02:30:00+00:00,21.37,0.5,0.51,0.505,0.01,59.53,109.75,91
2026-09-13T02:09:39.870231+00:00,btc-updown-5m-1789265400,5,4488982,46172250919525160064917766412584161628142136884120526035043770612960687723958,2026-09-13T02:10:00+00:00,2026-09-13T02:15:00+00:00,5.35,0.48,0.49,0.485,0.01,51.0,179.27,99
2026-09-13T02:09:39.870231+00:00,btc-updown-15m-1789264800,15,4488941,43862350065399719455109458500866875981657699419150054528836950042759646143029,2026-09-13T02:00:00+00:00,2026-09-13T02:15:00+00:00,5.35,0.17,0.18,0.175,0.01,170.0,17.13,84
2026-09-13T02:09:39.870231+00:00,btc-updown-15m-1789265700,15,4488990,71293382818492563059468225885106734397804140269759030345500430366268426023265,2026-09-13T02:15:00+00:00,2026-09-13T02:30:00+00:00,20.35,0.5,0.51,0.505,0.01,59.53,109.75,91
2026-09-13T02:10:40.886686+00:00,btc-updown-5m-1789265400,5,4488982,46172250919525160064917766412584161628142136884120526035043770612960687723958,2026-09-13T02:10:00+00:00,2026-09-13T02:15:00+00:00,4.33,0.43,0.44,0.435,0.01,236.98,92.72,99
2026-09-13T02:10:40.886686+00:00,btc-updown-5m-1789265700,5,4489002,23230274150357300940084257849435300236385600334728040049882851698472980631107,2026-09-13T02:15:00+00:00,2026-09-13T02:20:00+00:00,9.33,0.5,0.51,0.505,0.01,47.0,206.59,99
2026-09-13T02:10:40.886686+00:00,btc-updown-15m-1789264800,15,4488941,43862350065399719455109458500866875981657699419150054528836950042759646143029,2026-09-13T02:00:00+00:00,2026-09-13T02:15:00+00:00,4.33,0.16,0.17,0.165,0.01,561.18,134.12,85
2026-09-13T02:10:40.886686+00:00,btc-updown-15m-1789265700,15,4488990,71293382818492563059468225885106734397804140269759030345500430366268426023265,2026-09-13T02:15:00+00:00,2026-09-13T02:30:00+00:00,19.33,0.49,0.5,0.495,0.01,92.55,52.04,91
2026-09-13T02:11:42.024799+00:00,btc-updown-5m-1789265400,5,4488982,46172250919525160064917766412584161628142136884120526035043770612960687723958,2026-09-13T02:10:00+00:00,2026-09-13T02:15:00+00:00,3.3,0.62,0.63,0.625,0.01,5.0,422.07,99
2026-09-13T02:11:42.024799+00:00,btc-updown-5m-1789265700,5,4489002,23230274150357300940084257849435300236385600334728040049882851698472980631107,2026-09-13T02:15:00+00:00,2026-09-13T02:20:00+00:00,8.3,0.5,0.51,0.505,0.01,43.0,224.62,99
2026-09-13T02:11:42.024799+00:00,btc-updown-15m-1789264800,15,4488941,43862350065399719455109458500866875981657699419150054528836950042759646143029,2026-09-13T02:00:00+00:00,2026-09-13T02:15:00+00:00,3.3,0.18,0.19,0.185,0.01,66.46,226.94,83
2026-09-13T02:11:42.024799+00:00,btc-updown-15m-1789265700,15,4488990,71293382818492563059468225885106734397804140269759030345500430366268426023265,2026-09-13T02:15:00+00:00,2026-09-13T02:30:00+00:00,18.3,0.49,0.5,0.495,0.01,116.02,32.04,91
2026-09-13T02:12:43.142713+00:00,btc-updown-5m-1789265400,5,4488982,46172250919525160064917766412584161628142136884120526035043770612960687723958,2026-09-13T02:10:00+00:00,2026-09-13T02:15:00+00:00,2.28,0.56,0.57,0.565,0.01,138.0,168.0,99
2026-09-13T02:12:43.142713+00:00,btc-updown-5m-1789265700,5,4489002,23230274150357300940084257849435300236385600334728040049882851698472980631107,2026-09-13T02:15:00+00:00,2026-09-13T02:20:00+00:00,7.28,0.5,0.51,0.505,0.01,40.98,233.46,99
2026-09-13T02:12:43.142713+00:00,btc-updown-15m-1789264800,15,4488941,43862350065399719455109458500866875981657699419150054528836950042759646143029,2026-09-13T02:00:00+00:00,2026-09-13T02:15:00+00:00,2.28,0.11,0.12,0.115,0.01,99.1,95.0,84
2026-09-13T02:12:43.142713+00:00,btc-updown-15m-1789265700,15,4488990,71293382818492563059468225885106734397804140269759030345500430366268426023265,2026-09-13T02:15:00+00:00,2026-09-13T02:30:00+00:00,17.28,0.49,0.5,0.495,0.01,74.02,38.04,91
2026-09-13T02:13:44.250610+00:00,btc-updown-5m-1789265400,5,4488982,46172250919525160064917766412584161628142136884120526035043770612960687723958,2026-09-13T02:10:00+00:00,2026-09-13T02:15:00+00:00,1.27,0.78,0.79,0.785,0.01,97.6,223.49,99
2026-09-13T02:13:44.250610+00:00,btc-updown-5m-1789265700,5,4489002,23230274150357300940084257849435300236385600334728040049882851698472980631107,2026-09-13T02:15:00+00:00,2026-09-13T02:20:00+00:00,6.27,0.5,0.51,0.505,0.01,40.98,193.85,99
2026-09-13T02:13:44.250610+00:00,btc-updown-15m-1789264800,15,4488941,43862350065399719455109458500866875981657699419150054528836950042759646143029,2026-09-13T02:00:00+00:00,2026-09-13T02:15:00+00:00,1.27,0.04,0.05,0.045,0.01,202.2,250.0,55
2026-09-13T02:13:44.250610+00:00,btc-updown-15m-1789265700,15,4488990,71293382818492563059468225885106734397804140269759030345500430366268426023265,2026-09-13T02:15:00+00:00,2026-09-13T02:30:00+00:00,16.27,0.49,0.5,0.495,0.01,114.02,38.04,91
2026-09-13T02:14:45.369350+00:00,btc-updown-5m-1789265700,5,4489002,23230274150357300940084257849435300236385600334728040049882851698472980631107,2026-09-13T02:15:00+00:00,2026-09-13T02:20:00+00:00,5.25,0.51,0.52,0.515,0.01,73.0,91.65,99
2026-09-13T02:14:45.369350+00:00,btc-updown-15m-1789265700,15,4488990,71293382818492563059468225885106734397804140269759030345500430366268426023265,2026-09-13T02:15:00+00:00,2026-09-13T02:30:00+00:00,15.25,0.49,0.5,0.495,0.01,113.03,33.04,87
2026-09-13T02:15:46.264054+00:00,btc-updown-5m-1789265700,5,4489002,23230274150357300940084257849435300236385600334728040049882851698472980631107,2026-09-13T02:15:00+00:00,2026-09-13T02:20:00+00:00,4.23,0.54,0.55,0.545,0.01,173.9,181.43,99
2026-09-13T02:15:46.264054+00:00,btc-updown-5m-1789266000,5,4489017,40080492101953161056260702857841158819958571073703188326125271800619857310049,2026-09-13T02:20:00+00:00,2026-09-13T02:25:00+00:00,9.23,0.49,0.5,0.495,0.01,226.34,90.5,99
2026-09-13T02:15:46.264054+00:00,btc-updown-15m-1789265700,15,4488990,71293382818492563059468225885106734397804140269759030345500430366268426023265,2026-09-13T02:15:00+00:00,2026-09-13T02:30:00+00:00,14.23,0.5,0.51,0.505,0.01,30.0,262.46,99
2026-09-13T02:15:46.264054+00:00,btc-updown-15m-1789266600,15,4489043,104428160464714887839766039425733554449379116511051679595845844150775342795865,2026-09-13T02:30:00+00:00,2026-09-13T02:45:00+00:00,29.23,0.49,0.5,0.495,0.01,116.02,15.0,99
2026-09-13T02:16:47.383266+00:00,btc-updown-5m-1789265700,5,4489002,23230274150357300940084257849435300236385600334728040049882851698472980631107,2026-09-13T02:15:00+00:00,2026-09-13T02:20:00+00:00,3.22,0.67,0.68,0.675,0.01,90.91,110.0,99
2026-09-13T02:16:47.383266+00:00,btc-updown-5m-1789266000,5,4489017,40080492101953161056260702857841158819958571073703188326125271800619857310049,2026-09-13T02:20:00+00:00,2026-09-13T02:25:00+00:00,8.22,0.49,0.5,0.495,0.01,220.45,90.5,99
2026-09-13T02:16:47.383266+00:00,btc-updown-15m-1789265700,15,4488990,71293382818492563059468225885106734397804140269759030345500430366268426023265,2026-09-13T02:15:00+00:00,2026-09-13T02:30:00+00:00,13.22,0.55,0.56,0.555,0.01,18.88,429.0,89
2026-09-13T02:16:47.383266+00:00,btc-updown-15m-1789266600,15,4489043,104428160464714887839766039425733554449379116511051679595845844150775342795865,2026-09-13T02:30:00+00:00,2026-09-13T02:45:00+00:00,28.22,0.49,0.5,0.495,0.01,116.02,15.0,99
2026-09-13T02:17:48.498700+00:00,btc-updown-5m-1789265700,5,4489002,23230274150357300940084257849435300236385600334728040049882851698472980631107,2026-09-13T02:15:00+00:00,2026-09-13T02:20:00+00:00,2.2,0.72,0.73,0.725,0.01,80.88,156.9,99
2026-09-13T02:17:48.498700+00:00,btc-updown-5m-1789266000,5,4489017,40080492101953161056260702857841158819958571073703188326125271800619857310049,2026-09-13T02:20:00+00:00,2026-09-13T02:25:00+00:00,7.2,0.49,0.5,0.495,0.01,218.3,78.48,99
2026-09-13T02:17:48.498700+00:00,btc-updown-15m-1789265700,15,4488990,71293382818492563059468225885106734397804140269759030345500430366268426023265,2026-09-13T02:15:00+00:00,2026-09-13T02:30:00+00:00,12.2,0.56,0.57,0.565,0.01,95.0,197.86,87
2026-09-13T02:17:48.498700+00:00,btc-updown-15m-1789266600,15,4489043,104428160464714887839766039425733554449379116511051679595845844150775342795865,2026-09-13T02:30:00+00:00,2026-09-13T02:45:00+00:00,27.2,0.49,0.5,0.495,0.01,161.98,6.7,99
2026-09-13T02:18:49.615257+00:00,btc-updown-5m-1789265700,5,4489002,23230274150357300940084257849435300236385600334728040049882851698472980631107,2026-09-13T02:15:00+00:00,2026-09-13T02:20:00+00:00,1.18,0.96,0.97,0.965,0.01,399.12,470.01,99
2026-09-13T02:18:49.615257+00:00,btc-updown-5m-1789266000,5,4489017,40080492101953161056260702857841158819958571073703188326125271800619857310049,2026-09-13T02:20:00+00:00,2026-09-13T02:25:00+00:00,6.18,0.49,0.5,0.495,0.01,203.3,31.5,99
2026-09-13T02:18:49.615257+00:00,btc-updown-15m-1789265700,15,4488990,71293382818492563059468225885106734397804140269759030345500430366268426023265,2026-09-13T02:15:00+00:00,2026-09-13T02:30:00+00:00,11.18,0.61,0.62,0.615,0.01,85.0,289.92,86
2026-09-13T02:18:49.615257+00:00,btc-updown-15m-1789266600,15,4489043,104428160464714887839766039425733554449379116511051679595845844150775342795865,2026-09-13T02:30:00+00:00,2026-09-13T02:45:00+00:00,26.18,0.5,0.51,0.505,0.01,15.86,151.89,99
2026-09-13T02:19:50.715245+00:00,btc-updown-5m-1789266000,5,4489017,40080492101953161056260702857841158819958571073703188326125271800619857310049,2026-09-13T02:20:00+00:00,2026-09-13T02:25:00+00:00,5.17,0.46,0.47,0.465,0.01,60.29,25.66,97
2026-09-13T02:19:50.715245+00:00,btc-updown-15m-1789265700,15,4488990,71293382818492563059468225885106734397804140269759030345500430366268426023265,2026-09-13T02:15:00+00:00,2026-09-13T02:30:00+00:00,10.17,0.57,0.58,0.575,0.01,200.0,199.53,88
2026-09-13T02:19:50.715245+00:00,btc-updown-15m-1789266600,15,4489043,104428160464714887839766039425733554449379116511051679595845844150775342795865,2026-09-13T02:30:00+00:00,2026-09-13T02:45:00+00:00,25.17,0.5,0.51,0.505,0.01,15.86,151.89,99
2026-09-13T02:20:51.734718+00:00,btc-updown-5m-1789266000,5,4489017,40080492101953161056260702857841158819958571073703188326125271800619857310049,2026-09-13T02:20:00+00:00,2026-09-13T02:25:00+00:00,4.15,0.28,0.29,0.285,0.01,329.42,284.68,99
2026-09-13T02:20:51.734718+00:00,btc-updown-5m-1789266300,5,4489025,115545571682896571283325765695384410203551299725968877388878066526074934225426,2026-09-13T02:25:00+00:00,2026-09-13T02:30:00+00:00,9.15,0.5,0.51,0.505,0.01,15.0,133.78,99
2026-09-13T02:20:51.734718+00:00,btc-updown-15m-1789265700,15,4488990,71293382818492563059468225885106734397804140269759030345500430366268426023265,2026-09-13T02:15:00+00:00,2026-09-13T02:30:00+00:00,9.15,0.45,0.46,0.455,0.01,468.84,9.13,89
2026-09-13T02:20:51.734718+00:00,btc-updown-15m-1789266600,15,4489043,104428160464714887839766039425733554449379116511051679595845844150775342795865,2026-09-13T02:30:00+00:00,2026-09-13T02:45:00+00:00,24.15,0.5,0.51,0.505,0.01,25.96,96.08,99
