captured_at,slug,interval_min,market_id,yes_token,window_start,window_end,minutes_left,best_bid,best_ask,mid,spread,bid_size,ask_size,book_levels
2026-09-29T00:00:20.952158+00:00,btc-updown-5m-1790640000,5,5058816,91629325740805623879455071231717962162271939755261626538013164000457726520787,2026-09-29T00:00:00+00:00,2026-09-29T00:05:00+00:00,4.67,0.4,0.41,0.405,0.01,1473.14,80.98,99
2026-09-29T00:00:20.952158+00:00,btc-updown-5m-1790640300,5,5058843,21189412607448944843603956070447244021066918427138012999429654802726784421032,2026-09-29T00:05:00+00:00,2026-09-29T00:10:00+00:00,9.67,0.5,0.51,0.505,0.01,137.59,675.57,99
2026-09-29T00:00:20.952158+00:00,btc-updown-15m-1790640000,15,5058789,45256821688784862694876350945605070835444619765997334127439520679609213982285,2026-09-29T00:00:00+00:00,2026-09-29T00:15:00+00:00,14.67,0.38,0.39,0.385,0.01,714.99,15.0,99
2026-09-29T00:00:20.952158+00:00,btc-updown-15m-1790640900,15,5058869,92733495652539585461485283423189588321662522664277921950882104964254778375873,2026-09-29T00:15:00+00:00,2026-09-29T00:30:00+00:00,29.67,0.5,0.51,0.505,0.01,100.2,290.61,91
2026-09-29T00:01:22.063869+00:00,btc-updown-5m-1790640000,5,5058816,91629325740805623879455071231717962162271939755261626538013164000457726520787,2026-09-29T00:00:00+00:00,2026-09-29T00:05:00+00:00,3.63,0.27,0.28,0.275,0.01,221.0,3429.59,99
2026-09-29T00:01:22.063869+00:00,btc-updown-5m-1790640300,5,5058843,21189412607448944843603956070447244021066918427138012999429654802726784421032,2026-09-29T00:05:00+00:00,2026-09-29T00:10:00+00:00,8.63,0.5,0.51,0.505,0.01,157.59,685.57,99
2026-09-29T00:01:22.063869+00:00,btc-updown-15m-1790640000,15,5058789,45256821688784862694876350945605070835444619765997334127439520679609213982285,2026-09-29T00:00:00+00:00,2026-09-29T00:15:00+00:00,13.63,0.39,0.4,0.395,0.01,181.13,20.0,93
2026-09-29T00:01:22.063869+00:00,btc-updown-15m-1790640900,15,5058869,92733495652539585461485283423189588321662522664277921950882104964254778375873,2026-09-29T00:15:00+00:00,2026-09-29T00:30:00+00:00,28.63,0.5,0.51,0.505,0.01,100.2,290.61,91
2026-09-29T00:02:23.150429+00:00,btc-updown-5m-1790640000,5,5058816,91629325740805623879455071231717962162271939755261626538013164000457726520787,2026-09-29T00:00:00+00:00,2026-09-29T00:05:00+00:00,2.62,0.52,0.53,0.525,0.01,155.22,43.8,99
2026-09-29T00:02:23.150429+00:00,btc-updown-5m-1790640300,5,5058843,21189412607448944843603956070447244021066918427138012999429654802726784421032,2026-09-29T00:05:00+00:00,2026-09-29T00:10:00+00:00,7.62,0.5,0.51,0.505,0.01,148.59,690.57,99
2026-09-29T00:02:23.150429+00:00,btc-updown-15m-1790640000,15,5058789,45256821688784862694876350945605070835444619765997334127439520679609213982285,2026-09-29T00:00:00+00:00,2026-09-29T00:15:00+00:00,12.62,0.53,0.54,0.535,0.01,103.02,93.98,99
2026-09-29T00:02:23.150429+00:00,btc-updown-15m-1790640900,15,5058869,92733495652539585461485283423189588321662522664277921950882104964254778375873,2026-09-29T00:15:00+00:00,2026-09-29T00:30:00+00:00,27.62,0.5,0.51,0.505,0.01,65.2,260.0,93
2026-09-29T00:03:24.313732+00:00,btc-updown-5m-1790640000,5,5058816,91629325740805623879455071231717962162271939755261626538013164000457726520787,2026-09-29T00:00:00+00:00,2026-09-29T00:05:00+00:00,1.6,0.08,0.09,0.085,0.01,470.0,80.16,99
2026-09-29T00:03:24.313732+00:00,btc-updown-5m-1790640300,5,5058843,21189412607448944843603956070447244021066918427138012999429654802726784421032,2026-09-29T00:05:00+00:00,2026-09-29T00:10:00+00:00,6.6,0.5,0.51,0.505,0.01,148.59,685.57,99
2026-09-29T00:03:24.313732+00:00,btc-updown-15m-1790640000,15,5058789,45256821688784862694876350945605070835444619765997334127439520679609213982285,2026-09-29T00:00:00+00:00,2026-09-29T00:15:00+00:00,11.6,0.4,0.41,0.405,0.01,11533.33,5.08,92
2026-09-29T00:03:24.313732+00:00,btc-updown-15m-1790640900,15,5058869,92733495652539585461485283423189588321662522664277921950882104964254778375873,2026-09-29T00:15:00+00:00,2026-09-29T00:30:00+00:00,26.6,0.5,0.51,0.505,0.01,105.2,290.61,93
2026-09-29T00:04:25.512175+00:00,btc-updown-5m-1790640000,5,5058816,91629325740805623879455071231717962162271939755261626538013164000457726520787,2026-09-29T00:00:00+00:00,2026-09-29T00:05:00+00:00,0.58,0.95,0.96,0.955,0.01,236.82,72.0,99
2026-09-29T00:04:25.512175+00:00,btc-updown-5m-1790640300,5,5058843,21189412607448944843603956070447244021066918427138012999429654802726784421032,2026-09-29T00:05:00+00:00,2026-09-29T00:10:00+00:00,5.58,0.5,0.51,0.505,0.01,268.59,240.04,99
2026-09-29T00:04:25.512175+00:00,btc-updown-15m-1790640000,15,5058789,45256821688784862694876350945605070835444619765997334127439520679609213982285,2026-09-29T00:00:00+00:00,2026-09-29T00:15:00+00:00,10.58,0.55,0.56,0.555,0.01,286.24,85.0,93
2026-09-29T00:04:25.512175+00:00,btc-updown-15m-1790640900,15,5058869,92733495652539585461485283423189588321662522664277921950882104964254778375873,2026-09-29T00:15:00+00:00,2026-09-29T00:30:00+00:00,25.58,0.5,0.51,0.505,0.01,50.2,295.61,99
2026-09-29T00:05:26.596229+00:00,btc-updown-5m-1790640300,5,5058843,21189412607448944843603956070447244021066918427138012999429654802726784421032,2026-09-29T00:05:00+00:00,2026-09-29T00:10:00+00:00,4.57,0.66,0.67,0.665,0.01,575.31,175.37,98
2026-09-29T00:05:26.596229+00:00,btc-updown-5m-1790640600,5,5058852,24978568330702752628577790456658523734270551270640539072657324442080535511217,2026-09-29T00:10:00+00:00,2026-09-29T00:15:00+00:00,9.57,0.5,0.51,0.505,0.01,36.83,177.85,99
2026-09-29T00:05:26.596229+00:00,btc-updown-15m-1790640000,15,5058789,45256821688784862694876350945605070835444619765997334127439520679609213982285,2026-09-29T00:00:00+00:00,2026-09-29T00:15:00+00:00,9.57,0.64,0.65,0.645,0.01,245.44,96.83,94
2026-09-29T00:05:26.596229+00:00,btc-updown-15m-1790640900,15,5058869,92733495652539585461485283423189588321662522664277921950882104964254778375873,2026-09-29T00:15:00+00:00,2026-09-29T00:30:00+00:00,24.57,0.5,0.51,0.505,0.01,50.2,295.61,99
2026-09-29T00:06:27.709768+00:00,btc-updown-5m-1790640300,5,5058843,21189412607448944843603956070447244021066918427138012999429654802726784421032,2026-09-29T00:05:00+00:00,2026-09-29T00:10:00+00:00,3.55,0.18,0.19,0.185,0.01,955.58,69.0,99
2026-09-29T00:06:27.709768+00:00,btc-updown-5m-1790640600,5,5058852,24978568330702752628577790456658523734270551270640539072657324442080535511217,2026-09-29T00:10:00+00:00,2026-09-29T00:15:00+00:00,8.55,0.5,0.51,0.505,0.01,51.83,380.39,99
2026-09-29T00:06:27.709768+00:00,btc-updown-15m-1790640000,15,5058789,45256821688784862694876350945605070835444619765997334127439520679609213982285,2026-09-29T00:00:00+00:00,2026-09-29T00:15:00+00:00,8.55,0.34,0.35,0.345,0.01,203.87,248.38,95
2026-09-29T00:06:27.709768+00:00,btc-updown-15m-1790640900,15,5058869,92733495652539585461485283423189588321662522664277921950882104964254778375873,2026-09-29T00:15:00+00:00,2026-09-29T00:30:00+00:00,23.55,0.5,0.51,0.505,0.01,110.2,295.61,99
2026-09-29T00:07:28.820488+00:00,btc-updown-5m-1790640300,5,5058843,21189412607448944843603956070447244021066918427138012999429654802726784421032,2026-09-29T00:05:00+00:00,2026-09-29T00:10:00+00:00,2.53,0.7,0.71,0.705,0.01,144.0,1507.52,99
2026-09-29T00:07:28.820488+00:00,btc-updown-5m-1790640600,5,5058852,24978568330702752628577790456658523734270551270640539072657324442080535511217,2026-09-29T00:10:00+00:00,2026-09-29T00:15:00+00:00,7.53,0.5,0.51,0.505,0.01,6.83,354.97,99
2026-09-29T00:07:28.820488+00:00,btc-updown-15m-1790640000,15,5058789,45256821688784862694876350945605070835444619765997334127439520679609213982285,2026-09-29T00:00:00+00:00,2026-09-29T00:15:00+00:00,7.53,0.63,0.64,0.635,0.01,97.0,334.4,96
2026-09-29T00:07:28.820488+00:00,btc-updown-15m-1790640900,15,5058869,92733495652539585461485283423189588321662522664277921950882104964254778375873,2026-09-29T00:15:00+00:00,2026-09-29T00:30:00+00:00,22.53,0.5,0.51,0.505,0.01,50.2,355.61,99
2026-09-29T00:08:29.918703+00:00,btc-updown-5m-1790640300,5,5058843,21189412607448944843603956070447244021066918427138012999429654802726784421032,2026-09-29T00:05:00+00:00,2026-09-29T00:10:00+00:00,1.52,0.68,0.7,0.69,0.02,66.66,48.84,98
2026-09-29T00:08:29.918703+00:00,btc-updown-5m-1790640600,5,5058852,24978568330702752628577790456658523734270551270640539072657324442080535511217,2026-09-29T00:10:00+00:00,2026-09-29T00:15:00+00:00,6.52,0.5,0.51,0.505,0.01,6.83,301.11,99
2026-09-29T00:08:29.918703+00:00,btc-updown-15m-1790640000,15,5058789,45256821688784862694876350945605070835444619765997334127439520679609213982285,2026-09-29T00:00:00+00:00,2026-09-29T00:15:00+00:00,6.52,0.59,0.6,0.595,0.01,171.53,68.0,96
2026-09-29T00:08:29.918703+00:00,btc-updown-15m-1790640900,15,5058869,92733495652539585461485283423189588321662522664277921950882104964254778375873,2026-09-29T00:15:00+00:00,2026-09-29T00:30:00+00:00,21.52,0.49,0.5,0.495,0.01,271.02,30.0,99
2026-09-29T00:09:31.064585+00:00,btc-updown-5m-1790640300,5,5058843,21189412607448944843603956070447244021066918427138012999429654802726784421032,2026-09-29T00:05:00+00:00,2026-09-29T00:10:00+00:00,0.48,0.94,0.95,0.945,0.01,158.0,156.18,99
2026-09-29T00:09:31.064585+00:00,btc-updown-5m-1790640600,5,5058852,24978568330702752628577790456658523734270551270640539072657324442080535511217,2026-09-29T00:10:00+00:00,2026-09-29T00:15:00+00:00,5.48,0.52,0.54,0.53,0.02,42.0,92.03,98
2026-09-29T00:09:31.064585+00:00,btc-updown-15m-1790640000,15,5058789,45256821688784862694876350945605070835444619765997334127439520679609213982285,2026-09-29T00:00:00+00:00,2026-09-29T00:15:00+00:00,5.48,0.58,0.59,0.585,0.01,109.46,121.6,96
2026-09-29T00:09:31.064585+00:00,btc-updown-15m-1790640900,15,5058869,92733495652539585461485283423189588321662522664277921950882104964254778375873,2026-09-29T00:15:00+00:00,2026-09-29T00:30:00+00:00,20.48,0.49,0.5,0.495,0.01,220.0,35.0,99
2026-09-29T00:10:32.189754+00:00,btc-updown-5m-1790640600,5,5058852,24978568330702752628577790456658523734270551270640539072657324442080535511217,2026-09-29T00:10:00+00:00,2026-09-29T00:15:00+00:00,4.47,0.16,0.17,0.165,0.01,322.5,811.96,99
2026-09-29T00:10:32.189754+00:00,btc-updown-5m-1790640900,5,5058856,70546871419424390712703153431380330096022502713277367012441186714296238049956,2026-09-29T00:15:00+00:00,2026-09-29T00:20:00+00:00,9.47,0.5,0.51,0.505,0.01,85.34,496.37,99
2026-09-29T00:10:32.189754+00:00,btc-updown-15m-1790640000,15,5058789,45256821688784862694876350945605070835444619765997334127439520679609213982285,2026-09-29T00:00:00+00:00,2026-09-29T00:15:00+00:00,4.47,0.28,0.29,0.285,0.01,226.14,316.01,95
2026-09-29T00:10:32.189754+00:00,btc-updown-15m-1790640900,15,5058869,92733495652539585461485283423189588321662522664277921950882104964254778375873,2026-09-29T00:15:00+00:00,2026-09-29T00:30:00+00:00,19.47,0.49,0.5,0.495,0.01,280.0,35.0,99
2026-09-29T00:11:33.267323+00:00,btc-updown-5m-1790640600,5,5058852,24978568330702752628577790456658523734270551270640539072657324442080535511217,2026-09-29T00:10:00+00:00,2026-09-29T00:15:00+00:00,3.45,0.06,0.07,0.065,0.01,721.35,147.75,99
2026-09-29T00:11:33.267323+00:00,btc-updown-5m-1790640900,5,5058856,70546871419424390712703153431380330096022502713277367012441186714296238049956,2026-09-29T00:15:00+00:00,2026-09-29T00:20:00+00:00,8.45,0.5,0.51,0.505,0.01,86.34,496.37,99
2026-09-29T00:11:33.267323+00:00,btc-updown-15m-1790640000,15,5058789,45256821688784862694876350945605070835444619765997334127439520679609213982285,2026-09-29T00:00:00+00:00,2026-09-29T00:15:00+00:00,3.45,0.19,0.2,0.195,0.01,75.0,90.0,83
2026-09-29T00:11:33.267323+00:00,btc-updown-15m-1790640900,15,5058869,92733495652539585461485283423189588321662522664277921950882104964254778375873,2026-09-29T00:15:00+00:00,2026-09-29T00:30:00+00:00,18.45,0.49,0.5,0.495,0.01,180.0,35.0,99
2026-09-29T00:12:34.372014+00:00,btc-updown-5m-1790640600,5,5058852,24978568330702752628577790456658523734270551270640539072657324442080535511217,2026-09-29T00:10:00+00:00,2026-09-29T00:15:00+00:00,2.43,0.14,0.15,0.145,0.01,624.28,45.0,99
2026-09-29T00:12:34.372014+00:00,btc-updown-5m-1790640900,5,5058856,70546871419424390712703153431380330096022502713277367012441186714296238049956,2026-09-29T00:15:00+00:00,2026-09-29T00:20:00+00:00,7.43,0.5,0.51,0.505,0.01,86.34,496.37,99
2026-09-29T00:12:34.372014+00:00,btc-updown-15m-1790640000,15,5058789,45256821688784862694876350945605070835444619765997334127439520679609213982285,2026-09-29T00:00:00+00:00,2026-09-29T00:15:00+00:00,2.43,0.2,0.21,0.205,0.01,206.97,5.0,82
2026-09-29T00:12:34.372014+00:00,btc-updown-15m-1790640900,15,5058869,92733495652539585461485283423189588321662522664277921950882104964254778375873,2026-09-29T00:15:00+00:00,2026-09-29T00:30:00+00:00,17.43,0.49,0.5,0.495,0.01,115.0,35.0,99
2026-09-29T00:13:35.487261+00:00,btc-updown-5m-1790640600,5,5058852,24978568330702752628577790456658523734270551270640539072657324442080535511217,2026-09-29T00:10:00+00:00,2026-09-29T00:15:00+00:00,1.42,0.8,0.81,0.805,0.01,544.96,45.0,99
2026-09-29T00:13:35.487261+00:00,btc-updown-5m-1790640900,5,5058856,70546871419424390712703153431380330096022502713277367012441186714296238049956,2026-09-29T00:15:00+00:00,2026-09-29T00:20:00+00:00,6.42,0.5,0.51,0.505,0.01,86.34,502.44,99
2026-09-29T00:13:35.487261+00:00,btc-updown-15m-1790640000,15,5058789,45256821688784862694876350945605070835444619765997334127439520679609213982285,2026-09-29T00:00:00+00:00,2026-09-29T00:15:00+00:00,1.42,0.86,0.87,0.865,0.01,85.94,78.0,86
2026-09-29T00:13:35.487261+00:00,btc-updown-15m-1790640900,15,5058869,92733495652539585461485283423189588321662522664277921950882104964254778375873,2026-09-29T00:15:00+00:00,2026-09-29T00:30:00+00:00,16.42,0.49,0.5,0.495,0.01,129.66,35.0,99
2026-09-29T00:14:36.552198+00:00,btc-updown-5m-1790640600,5,5058852,24978568330702752628577790456658523734270551270640539072657324442080535511217,2026-09-29T00:10:00+00:00,2026-09-29T00:15:00+00:00,0.4,0.9,0.91,0.905,0.01,204.0,5.0,85
2026-09-29T00:14:36.552198+00:00,btc-updown-5m-1790640900,5,5058856,70546871419424390712703153431380330096022502713277367012441186714296238049956,2026-09-29T00:15:00+00:00,2026-09-29T00:20:00+00:00,5.4,0.53,0.54,0.535,0.01,468.0,193.0,99
2026-09-29T00:14:36.552198+00:00,btc-updown-15m-1790640900,15,5058869,92733495652539585461485283423189588321662522664277921950882104964254778375873,2026-09-29T00:15:00+00:00,2026-09-29T00:30:00+00:00,15.4,0.5,0.51,0.505,0.01,60.92,110.05,81
2026-09-29T00:15:37.594943+00:00,btc-updown-5m-1790640900,5,5058856,70546871419424390712703153431380330096022502713277367012441186714296238049956,2026-09-29T00:15:00+00:00,2026-09-29T00:20:00+00:00,4.38,0.39,0.4,0.395,0.01,20.98,575.27,99
2026-09-29T00:15:37.594943+00:00,btc-updown-5m-1790641200,5,5058884,94612700333677120681126589892449620963241222757606615490754370982977460412656,2026-09-29T00:20:00+00:00,2026-09-29T00:25:00+00:00,9.38,0.5,0.51,0.505,0.01,14.48,557.93,99
2026-09-29T00:15:37.594943+00:00,btc-updown-15m-1790640900,15,5058869,92733495652539585461485283423189588321662522664277921950882104964254778375873,2026-09-29T00:15:00+00:00,2026-09-29T00:30:00+00:00,14.38,0.44,0.45,0.445,0.01,10.0,316.15,97
2026-09-29T00:15:37.594943+00:00,btc-updown-15m-1790641800,15,5059301,35593036064316562550901061998497462760110216316644377991284553758526705458123,2026-09-29T00:30:00+00:00,2026-09-29T00:45:00+00:00,29.38,0.5,0.51,0.505,0.01,126.69,290.61,99
2026-09-29T00:16:38.694397+00:00,btc-updown-5m-1790640900,5,5058856,70546871419424390712703153431380330096022502713277367012441186714296238049956,2026-09-29T00:15:00+00:00,2026-09-29T00:20:00+00:00,3.37,0.06,0.07,0.065,0.01,85.0,431.26,99
2026-09-29T00:16:38.694397+00:00,btc-updown-5m-1790641200,5,5058884,94612700333677120681126589892449620963241222757606615490754370982977460412656,2026-09-29T00:20:00+00:00,2026-09-29T00:25:00+00:00,8.37,0.5,0.51,0.505,0.01,24.48,547.03,99
2026-09-29T00:16:38.694397+00:00,btc-updown-15m-1790640900,15,5058869,92733495652539585461485283423189588321662522664277921950882104964254778375873,2026-09-29T00:15:00+00:00,2026-09-29T00:30:00+00:00,13.37,0.22,0.23,0.225,0.01,1737.71,227.6,99
2026-09-29T00:16:38.694397+00:00,btc-updown-15m-1790641800,15,5059301,35593036064316562550901061998497462760110216316644377991284553758526705458123,2026-09-29T00:30:00+00:00,2026-09-29T00:45:00+00:00,28.37,0.5,0.51,0.505,0.01,191.69,260.0,99
2026-09-29T00:17:39.822509+00:00,btc-updown-5m-1790641200,5,5058884,94612700333677120681126589892449620963241222757606615490754370982977460412656,2026-09-29T00:20:00+00:00,2026-09-29T00:25:00+00:00,7.35,0.5,0.51,0.505,0.01,116.48,509.75,99
2026-09-29T00:17:39.822509+00:00,btc-updown-15m-1790640900,15,5058869,92733495652539585461485283423189588321662522664277921950882104964254778375873,2026-09-29T00:15:00+00:00,2026-09-29T00:30:00+00:00,12.35,0.14,0.15,0.145,0.01,58.15,409.33,99
2026-09-29T00:17:39.822509+00:00,btc-updown-15m-1790641800,15,5059301,35593036064316562550901061998497462760110216316644377991284553758526705458123,2026-09-29T00:30:00+00:00,2026-09-29T00:45:00+00:00,27.35,0.5,0.51,0.505,0.01,271.69,260.0,99
2026-09-29T00:18:40.799980+00:00,btc-updown-5m-1790641200,5,5058884,94612700333677120681126589892449620963241222757606615490754370982977460412656,2026-09-29T00:20:00+00:00,2026-09-29T00:25:00+00:00,6.33,0.49,0.5,0.495,0.01,424.82,22.48,99
2026-09-29T00:18:40.799980+00:00,btc-updown-15m-1790640900,15,5058869,92733495652539585461485283423189588321662522664277921950882104964254778375873,2026-09-29T00:15:00+00:00,2026-09-29T00:30:00+00:00,11.33,0.13,0.14,0.135,0.01,376.33,10.0,99
2026-09-29T00:18:40.799980+00:00,btc-updown-15m-1790641800,15,5059301,35593036064316562550901061998497462760110216316644377991284553758526705458123,2026-09-29T00:30:00+00:00,2026-09-29T00:45:00+00:00,26.33,0.5,0.51,0.505,0.01,271.69,260.0,99
2026-09-29T00:19:41.834559+00:00,btc-updown-5m-1790641200,5,5058884,94612700333677120681126589892449620963241222757606615490754370982977460412656,2026-09-29T00:20:00+00:00,2026-09-29T00:25:00+00:00,5.32,0.59,0.61,0.6,0.02,45.96,470.0,97
2026-09-29T00:19:41.834559+00:00,btc-updown-15m-1790640900,15,5058869,92733495652539585461485283423189588321662522664277921950882104964254778375873,2026-09-29T00:15:00+00:00,2026-09-29T00:30:00+00:00,10.32,0.15,0.16,0.155,0.01,134.29,236.0,99
2026-09-29T00:19:41.834559+00:00,btc-updown-15m-1790641800,15,5059301,35593036064316562550901061998497462760110216316644377991284553758526705458123,2026-09-29T00:30:00+00:00,2026-09-29T00:45:00+00:00,25.32,0.5,0.51,0.505,0.01,191.69,260.0,99
2026-09-29T00:20:42.812885+00:00,btc-updown-5m-1790641200,5,5058884,94612700333677120681126589892449620963241222757606615490754370982977460412656,2026-09-29T00:20:00+00:00,2026-09-29T00:25:00+00:00,4.3,0.43,0.44,0.435,0.01,1086.94,83.99,99
2026-09-29T00:20:42.812885+00:00,btc-updown-5m-1790641500,5,5058985,110262880764489334818058703978668783260021519177500142947900555894600530448895,2026-09-29T00:25:00+00:00,2026-09-29T00:30:00+00:00,9.3,0.5,0.51,0.505,0.01,411.47,482.22,99
2026-09-29T00:20:42.812885+00:00,btc-updown-15m-1790640900,15,5058869,92733495652539585461485283423189588321662522664277921950882104964254778375873,2026-09-29T00:15:00+00:00,2026-09-29T00:30:00+00:00,9.3,0.12,0.13,0.125,0.01,57.0,280.73,99
2026-09-29T00:20:42.812885+00:00,btc-updown-15m-1790641800,15,5059301,35593036064316562550901061998497462760110216316644377991284553758526705458123,2026-09-29T00:30:00+00:00,2026-09-29T00:45:00+00:00,24.3,0.5,0.51,0.505,0.01,231.69,260.0,99
2026-09-29T00:21:43.882019+00:00,btc-updown-5m-1790641200,5,5058884,94612700333677120681126589892449620963241222757606615490754370982977460412656,2026-09-29T00:20:00+00:00,2026-09-29T00:25:00+00:00,3.28,0.37,0.38,0.375,0.01,1703.71,113.08,99
2026-09-29T00:21:43.882019+00:00,btc-updown-5m-1790641500,5,5058985,110262880764489334818058703978668783260021519177500142947900555894600530448895,2026-09-29T00:25:00+00:00,2026-09-29T00:30:00+00:00,8.28,0.5,0.51,0.505,0.01,421.47,478.29,99
2026-09-29T00:21:43.882019+00:00,btc-updown-15m-1790640900,15,5058869,92733495652539585461485283423189588321662522664277921950882104964254778375873,2026-09-29T00:15:00+00:00,2026-09-29T00:30:00+00:00,8.28,0.08,0.09,0.085,0.01,172.68,67.49,99
2026-09-29T00:21:43.882019+00:00,btc-updown-15m-1790641800,15,5059301,35593036064316562550901061998497462760110216316644377991284553758526705458123,2026-09-29T00:30:00+00:00,2026-09-29T00:45:00+00:00,23.28,0.5,0.51,0.505,0.01,231.69,260.0,99
2026-09-29T00:22:44.970105+00:00,btc-updown-5m-1790641200,5,5058884,94612700333677120681126589892449620963241222757606615490754370982977460412656,2026-09-29T00:20:00+00:00,2026-09-29T00:25:00+00:00,2.27,0.06,0.07,0.065,0.01,1465.28,122.0,99
2026-09-29T00:22:44.970105+00:00,btc-updown-5m-1790641500,5,5058985,110262880764489334818058703978668783260021519177500142947900555894600530448895,2026-09-29T00:25:00+00:00,2026-09-29T00:30:00+00:00,7.27,0.5,0.51,0.505,0.01,537.47,478.29,99
2026-09-29T00:22:44.970105+00:00,btc-updown-15m-1790640900,15,5058869,92733495652539585461485283423189588321662522664277921950882104964254778375873,2026-09-29T00:15:00+00:00,2026-09-29T00:30:00+00:00,7.27,0.03,0.04,0.035,0.01,230.51,156.11,76
2026-09-29T00:22:44.970105+00:00,btc-updown-15m-1790641800,15,5059301,35593036064316562550901061998497462760110216316644377991284553758526705458123,2026-09-29T00:30:00+00:00,2026-09-29T00:45:00+00:00,22.27,0.5,0.51,0.505,0.01,311.69,260.0,99
2026-09-29T00:23:46.049689+00:00,btc-updown-5m-1790641500,5,5058985,110262880764489334818058703978668783260021519177500142947900555894600530448895,2026-09-29T00:25:00+00:00,2026-09-29T00:30:00+00:00,6.23,0.5,0.51,0.505,0.01,435.47,466.12,99
2026-09-29T00:23:46.049689+00:00,btc-updown-15m-1790640900,15,5058869,92733495652539585461485283423189588321662522664277921950882104964254778375873,2026-09-29T00:15:00+00:00,2026-09-29T00:30:00+00:00,6.23,0.02,0.03,0.025,0.01,109.19,645.3,73
2026-09-29T00:23:46.049689+00:00,btc-updown-15m-1790641800,15,5059301,35593036064316562550901061998497462760110216316644377991284553758526705458123,2026-09-29T00:30:00+00:00,2026-09-29T00:45:00+00:00,21.23,0.5,0.51,0.505,0.01,492.69,265.0,99
2026-09-29T00:24:47.039264+00:00,btc-updown-5m-1790641500,5,5058985,110262880764489334818058703978668783260021519177500142947900555894600530448895,2026-09-29T00:25:00+00:00,2026-09-29T00:30:00+00:00,5.22,0.6,0.61,0.605,0.01,40.21,13.77,98
2026-09-29T00:24:47.039264+00:00,btc-updown-15m-1790640900,15,5058869,92733495652539585461485283423189588321662522664277921950882104964254778375873,2026-09-29T00:15:00+00:00,2026-09-29T00:30:00+00:00,5.22,0.02,0.03,0.025,0.01,23.69,217.92,71
2026-09-29T00:24:47.039264+00:00,btc-updown-15m-1790641800,15,5059301,35593036064316562550901061998497462760110216316644377991284553758526705458123,2026-09-29T00:30:00+00:00,2026-09-29T00:45:00+00:00,20.22,0.5,0.51,0.505,0.01,667.69,260.01,99
2026-09-29T00:25:48.016768+00:00,btc-updown-5m-1790641500,5,5058985,110262880764489334818058703978668783260021519177500142947900555894600530448895,2026-09-29T00:25:00+00:00,2026-09-29T00:30:00+00:00,4.2,0.94,0.95,0.945,0.01,756.99,570.43,99
2026-09-29T00:25:48.016768+00:00,btc-updown-5m-1790641800,5,5059306,87948581594539929041839367209009112016395600414941359352066702717412725967805,2026-09-29T00:30:00+00:00,2026-09-29T00:35:00+00:00,9.2,0.5,0.51,0.505,0.01,440.74,316.91,99
2026-09-29T00:25:48.016768+00:00,btc-updown-15m-1790640900,15,5058869,92733495652539585461485283423189588321662522664277921950882104964254778375873,2026-09-29T00:15:00+00:00,2026-09-29T00:30:00+00:00,4.2,0.129,0.13,0.1295,0.001,30.0,70.0,135
2026-09-29T00:25:48.016768+00:00,btc-updown-15m-1790641800,15,5059301,35593036064316562550901061998497462760110216316644377991284553758526705458123,2026-09-29T00:30:00+00:00,2026-09-29T00:45:00+00:00,19.2,0.5,0.51,0.505,0.01,251.69,260.01,99
2026-09-29T00:26:49.092739+00:00,btc-updown-5m-1790641500,5,5058985,110262880764489334818058703978668783260021519177500142947900555894600530448895,2026-09-29T00:25:00+00:00,2026-09-29T00:30:00+00:00,3.18,0.98,0.99,0.985,0.01,1233.38,350.48,99
2026-09-29T00:26:49.092739+00:00,btc-updown-5m-1790641800,5,5059306,87948581594539929041839367209009112016395600414941359352066702717412725967805,2026-09-29T00:30:00+00:00,2026-09-29T00:35:00+00:00,8.18,0.5,0.51,0.505,0.01,439.74,311.91,99
2026-09-29T00:26:49.092739+00:00,btc-updown-15m-1790640900,15,5058869,92733495652539585461485283423189588321662522664277921950882104964254778375873,2026-09-29T00:15:00+00:00,2026-09-29T00:30:00+00:00,3.18,0.06,0.061,0.0605,0.001,38.0,35.0,135
2026-09-29T00:26:49.092739+00:00,btc-updown-15m-1790641800,15,5059301,35593036064316562550901061998497462760110216316644377991284553758526705458123,2026-09-29T00:30:00+00:00,2026-09-29T00:45:00+00:00,18.18,0.5,0.51,0.505,0.01,230.78,285.01,99
2026-09-29T00:27:50.273357+00:00,btc-updown-5m-1790641500,5,5058985,110262880764489334818058703978668783260021519177500142947900555894600530448895,2026-09-29T00:25:00+00:00,2026-09-29T00:30:00+00:00,2.17,0.99,0.991,0.9905,0.001,212.63,182.95,149
2026-09-29T00:27:50.273357+00:00,btc-updown-5m-1790641800,5,5059306,87948581594539929041839367209009112016395600414941359352066702717412725967805,2026-09-29T00:30:00+00:00,2026-09-29T00:35:00+00:00,7.17,0.52,0.53,0.525,0.01,53.0,533.6,99
2026-09-29T00:27:50.273357+00:00,btc-updown-15m-1790640900,15,5058869,92733495652539585461485283423189588321662522664277921950882104964254778375873,2026-09-29T00:15:00+00:00,2026-09-29T00:30:00+00:00,2.17,0.03,0.04,0.035,0.01,133.68,70.0,119
2026-09-29T00:27:50.273357+00:00,btc-updown-15m-1790641800,15,5059301,35593036064316562550901061998497462760110216316644377991284553758526705458123,2026-09-29T00:30:00+00:00,2026-09-29T00:45:00+00:00,17.17,0.5,0.51,0.505,0.01,230.78,285.01,99
2026-09-29T00:28:51.358702+00:00,btc-updown-5m-1790641800,5,5059306,87948581594539929041839367209009112016395600414941359352066702717412725967805,2026-09-29T00:30:00+00:00,2026-09-29T00:35:00+00:00,6.15,0.52,0.53,0.525,0.01,27.16,585.27,99
2026-09-29T00:28:51.358702+00:00,btc-updown-15m-1790640900,15,5058869,92733495652539585461485283423189588321662522664277921950882104964254778375873,2026-09-29T00:15:00+00:00,2026-09-29T00:30:00+00:00,1.15,0.749,0.75,0.7495,0.001,176.61,19.1,117
2026-09-29T00:28:51.358702+00:00,btc-updown-15m-1790641800,15,5059301,35593036064316562550901061998497462760110216316644377991284553758526705458123,2026-09-29T00:30:00+00:00,2026-09-29T00:45:00+00:00,16.15,0.53,0.54,0.535,0.01,215.0,767.91,99
2026-09-29T00:29:52.371654+00:00,btc-updown-5m-1790641800,5,5059306,87948581594539929041839367209009112016395600414941359352066702717412725967805,2026-09-29T00:30:00+00:00,2026-09-29T00:35:00+00:00,5.13,0.49,0.5,0.495,0.01,34.9,56.0,99
2026-09-29T00:29:52.371654+00:00,btc-updown-15m-1790641800,15,5059301,35593036064316562550901061998497462760110216316644377991284553758526705458123,2026-09-29T00:30:00+00:00,2026-09-29T00:45:00+00:00,15.13,0.48,0.49,0.485,0.01,199.5,10.0,78
2026-09-29T00:30:53.231740+00:00,btc-updown-5m-1790641800,5,5059306,87948581594539929041839367209009112016395600414941359352066702717412725967805,2026-09-29T00:30:00+00:00,2026-09-29T00:35:00+00:00,4.12,0.66,0.67,0.665,0.01,516.31,248.54,99
2026-09-29T00:30:53.231740+00:00,btc-updown-5m-1790642100,5,5059361,32183196992813449453364479423084084010987952626659212756140650689124833705223,2026-09-29T00:35:00+00:00,2026-09-29T00:40:00+00:00,9.12,0.5,0.51,0.505,0.01,230.0,667.41,99
2026-09-29T00:30:53.231740+00:00,btc-updown-15m-1790641800,15,5059301,35593036064316562550901061998497462760110216316644377991284553758526705458123,2026-09-29T00:30:00+00:00,2026-09-29T00:45:00+00:00,14.12,0.56,0.57,0.565,0.01,137.52,110.0,99
2026-09-29T00:30:53.231740+00:00,btc-updown-15m-1790642700,15,5059655,41460873511625881656310084289117530195913962209105229871086484518794741240882,2026-09-29T00:45:00+00:00,2026-09-29T01:00:00+00:00,29.12,0.5,0.51,0.505,0.01,40.2,570.61,99
2026-09-29T00:31:54.350242+00:00,btc-updown-5m-1790641800,5,5059306,87948581594539929041839367209009112016395600414941359352066702717412725967805,2026-09-29T00:30:00+00:00,2026-09-29T00:35:00+00:00,3.1,0.11,0.12,0.115,0.01,191.89,751.37,99
2026-09-29T00:31:54.350242+00:00,btc-updown-5m-1790642100,5,5059361,32183196992813449453364479423084084010987952626659212756140650689124833705223,2026-09-29T00:35:00+00:00,2026-09-29T00:40:00+00:00,8.1,0.5,0.51,0.505,0.01,231.0,677.41,99
2026-09-29T00:31:54.350242+00:00,btc-updown-15m-1790641800,15,5059301,35593036064316562550901061998497462760110216316644377991284553758526705458123,2026-09-29T00:30:00+00:00,2026-09-29T00:45:00+00:00,13.1,0.24,0.25,0.245,0.01,1177.47,83.0,99
2026-09-29T00:31:54.350242+00:00,btc-updown-15m-1790642700,15,5059655,41460873511625881656310084289117530195913962209105229871086484518794741240882,2026-09-29T00:45:00+00:00,2026-09-29T01:00:00+00:00,28.1,0.5,0.51,0.505,0.01,80.2,340.61,99
2026-09-29T00:32:55.498949+00:00,btc-updown-5m-1790641800,5,5059306,87948581594539929041839367209009112016395600414941359352066702717412725967805,2026-09-29T00:30:00+00:00,2026-09-29T00:35:00+00:00,2.08,0.19,0.2,0.195,0.01,321.89,50.0,99
2026-09-29T00:32:55.498949+00:00,btc-updown-5m-1790642100,5,5059361,32183196992813449453364479423084084010987952626659212756140650689124833705223,2026-09-29T00:35:00+00:00,2026-09-29T00:40:00+00:00,7.08,0.5,0.51,0.505,0.01,188.0,637.79,99
2026-09-29T00:32:55.498949+00:00,btc-updown-15m-1790641800,15,5059301,35593036064316562550901061998497462760110216316644377991284553758526705458123,2026-09-29T00:30:00+00:00,2026-09-29T00:45:00+00:00,12.08,0.34,0.35,0.345,0.01,10614.34,389.92,99
2026-09-29T00:32:55.498949+00:00,btc-updown-15m-1790642700,15,5059655,41460873511625881656310084289117530195913962209105229871086484518794741240882,2026-09-29T00:45:00+00:00,2026-09-29T01:00:00+00:00,27.08,0.5,0.51,0.505,0.01,40.2,410.61,99
2026-09-29T00:33:56.598004+00:00,btc-updown-5m-1790641800,5,5059306,87948581594539929041839367209009112016395600414941359352066702717412725967805,2026-09-29T00:30:00+00:00,2026-09-29T00:35:00+00:00,1.07,0.94,0.95,0.945,0.01,105.99,460.92,99
2026-09-29T00:33:56.598004+00:00,btc-updown-5m-1790642100,5,5059361,32183196992813449453364479423084084010987952626659212756140650689124833705223,2026-09-29T00:35:00+00:00,2026-09-29T00:40:00+00:00,6.07,0.5,0.51,0.505,0.01,183.0,474.79,99
2026-09-29T00:33:56.598004+00:00,btc-updown-15m-1790641800,15,5059301,35593036064316562550901061998497462760110216316644377991284553758526705458123,2026-09-29T00:30:00+00:00,2026-09-29T00:45:00+00:00,11.07,0.58,0.59,0.585,0.01,258.11,126.0,99
2026-09-29T00:33:56.598004+00:00,btc-updown-15m-1790642700,15,5059655,41460873511625881656310084289117530195913962209105229871086484518794741240882,2026-09-29T00:45:00+00:00,2026-09-29T01:00:00+00:00,26.07,0.5,0.51,0.505,0.01,40.2,520.0,99
2026-09-29T00:34:57.715079+00:00,btc-updown-5m-1790642100,5,5059361,32183196992813449453364479423084084010987952626659212756140650689124833705223,2026-09-29T00:35:00+00:00,2026-09-29T00:40:00+00:00,5.05,0.34,0.35,0.345,0.01,25.48,0.77,99
2026-09-29T00:34:57.715079+00:00,btc-updown-15m-1790641800,15,5059301,35593036064316562550901061998497462760110216316644377991284553758526705458123,2026-09-29T00:30:00+00:00,2026-09-29T00:45:00+00:00,10.05,0.54,0.55,0.545,0.01,102.0,70.24,99
2026-09-29T00:34:57.715079+00:00,btc-updown-15m-1790642700,15,5059655,41460873511625881656310084289117530195913962209105229871086484518794741240882,2026-09-29T00:45:00+00:00,2026-09-29T01:00:00+00:00,25.05,0.5,0.51,0.505,0.01,40.2,590.0,99
2026-09-29T00:35:58.761451+00:00,btc-updown-5m-1790642100,5,5059361,32183196992813449453364479423084084010987952626659212756140650689124833705223,2026-09-29T00:35:00+00:00,2026-09-29T00:40:00+00:00,4.03,0.46,0.47,0.465,0.01,60.74,38.19,99
2026-09-29T00:35:58.761451+00:00,btc-updown-5m-1790642400,5,5059642,58687165424438977070840530013125314751039548288354510391685576556297156889228,2026-09-29T00:40:00+00:00,2026-09-29T00:45:00+00:00,9.03,0.5,0.51,0.505,0.01,37.25,633.11,99
2026-09-29T00:35:58.761451+00:00,btc-updown-15m-1790641800,15,5059301,35593036064316562550901061998497462760110216316644377991284553758526705458123,2026-09-29T00:30:00+00:00,2026-09-29T00:45:00+00:00,9.03,0.75,0.76,0.755,0.01,982.24,39.22,99
2026-09-29T00:35:58.761451+00:00,btc-updown-15m-1790642700,15,5059655,41460873511625881656310084289117530195913962209105229871086484518794741240882,2026-09-29T00:45:00+00:00,2026-09-29T01:00:00+00:00,24.03,0.5,0.51,0.505,0.01,0.2,687.0,99
2026-09-29T00:36:59.817281+00:00,btc-updown-5m-1790642100,5,5059361,32183196992813449453364479423084084010987952626659212756140650689124833705223,2026-09-29T00:35:00+00:00,2026-09-29T00:40:00+00:00,3.02,0.56,0.57,0.565,0.01,19.11,312.01,99
2026-09-29T00:36:59.817281+00:00,btc-updown-5m-1790642400,5,5059642,58687165424438977070840530013125314751039548288354510391685576556297156889228,2026-09-29T00:40:00+00:00,2026-09-29T00:45:00+00:00,8.02,0.5,0.51,0.505,0.01,27.25,658.11,99
2026-09-29T00:36:59.817281+00:00,btc-updown-15m-1790641800,15,5059301,35593036064316562550901061998497462760110216316644377991284553758526705458123,2026-09-29T00:30:00+00:00,2026-09-29T00:45:00+00:00,8.02,0.76,0.77,0.765,0.01,15.21,288.68,99
2026-09-29T00:36:59.817281+00:00,btc-updown-15m-1790642700,15,5059655,41460873511625881656310084289117530195913962209105229871086484518794741240882,2026-09-29T00:45:00+00:00,2026-09-29T01:00:00+00:00,23.02,0.5,0.51,0.505,0.01,0.2,687.0,99
2026-09-29T00:38:00.969487+00:00,btc-updown-5m-1790642100,5,5059361,32183196992813449453364479423084084010987952626659212756140650689124833705223,2026-09-29T00:35:00+00:00,2026-09-29T00:40:00+00:00,2.0,0.56,0.57,0.565,0.01,91.6,308.76,99
2026-09-29T00:38:00.969487+00:00,btc-updown-5m-1790642400,5,5059642,58687165424438977070840530013125314751039548288354510391685576556297156889228,2026-09-29T00:40:00+00:00,2026-09-29T00:45:00+00:00,7.0,0.5,0.51,0.505,0.01,32.25,613.11,99
2026-09-29T00:38:00.969487+00:00,btc-updown-15m-1790641800,15,5059301,35593036064316562550901061998497462760110216316644377991284553758526705458123,2026-09-29T00:30:00+00:00,2026-09-29T00:45:00+00:00,7.0,0.62,0.63,0.625,0.01,643.0,315.15,99
2026-09-29T00:38:00.969487+00:00,btc-updown-15m-1790642700,15,5059655,41460873511625881656310084289117530195913962209105229871086484518794741240882,2026-09-29T00:45:00+00:00,2026-09-29T01:00:00+00:00,22.0,0.5,0.51,0.505,0.01,0.2,637.0,99
2026-09-29T00:39:02.049845+00:00,btc-updown-5m-1790642400,5,5059642,58687165424438977070840530013125314751039548288354510391685576556297156889228,2026-09-29T00:40:00+00:00,2026-09-29T00:45:00+00:00,5.97,0.49,0.5,0.495,0.01,178.08,28.42,99
2026-09-29T00:39:02.049845+00:00,btc-updown-15m-1790641800,15,5059301,35593036064316562550901061998497462760110216316644377991284553758526705458123,2026-09-29T00:30:00+00:00,2026-09-29T00:45:00+00:00,5.97,0.42,0.43,0.425,0.01,242.12,178.06,99
2026-09-29T00:39:02.049845+00:00,btc-updown-15m-1790642700,15,5059655,41460873511625881656310084289117530195913962209105229871086484518794741240882,2026-09-29T00:45:00+00:00,2026-09-29T01:00:00+00:00,20.97,0.5,0.51,0.505,0.01,0.2,461.63,99
2026-09-29T00:40:03.099715+00:00,btc-updown-5m-1790642400,5,5059642,58687165424438977070840530013125314751039548288354510391685576556297156889228,2026-09-29T00:40:00+00:00,2026-09-29T00:45:00+00:00,4.95,0.46,0.47,0.465,0.01,109.44,1417.08,99
2026-09-29T00:40:03.099715+00:00,btc-updown-5m-1790642700,5,5059657,100850476193616650450100797209141412725130965669156807642687171385907416776533,2026-09-29T00:45:00+00:00,2026-09-29T00:50:00+00:00,9.95,0.5,0.51,0.505,0.01,135.91,525.82,99
2026-09-29T00:40:03.099715+00:00,btc-updown-15m-1790641800,15,5059301,35593036064316562550901061998497462760110216316644377991284553758526705458123,2026-09-29T00:30:00+00:00,2026-09-29T00:45:00+00:00,4.95,0.37,0.38,0.375,0.01,8.67,296.19,99
2026-09-29T00:40:03.099715+00:00,btc-updown-15m-1790642700,15,5059655,41460873511625881656310084289117530195913962209105229871086484518794741240882,2026-09-29T00:45:00+00:00,2026-09-29T01:00:00+00:00,19.95,0.5,0.51,0.505,0.01,25.0,466.63,99
2026-09-29T00:41:04.251278+00:00,btc-updown-5m-1790642400,5,5059642,58687165424438977070840530013125314751039548288354510391685576556297156889228,2026-09-29T00:40:00+00:00,2026-09-29T00:45:00+00:00,3.93,0.39,0.41,0.4,0.02,66.66,12.0,97
2026-09-29T00:41:04.251278+00:00,btc-updown-5m-1790642700,5,5059657,100850476193616650450100797209141412725130965669156807642687171385907416776533,2026-09-29T00:45:00+00:00,2026-09-29T00:50:00+00:00,8.93,0.5,0.51,0.505,0.01,145.91,619.05,99
2026-09-29T00:41:04.251278+00:00,btc-updown-15m-1790641800,15,5059301,35593036064316562550901061998497462760110216316644377991284553758526705458123,2026-09-29T00:30:00+00:00,2026-09-29T00:45:00+00:00,3.93,0.34,0.35,0.345,0.01,40.0,404.08,99
2026-09-29T00:41:04.251278+00:00,btc-updown-15m-1790642700,15,5059655,41460873511625881656310084289117530195913962209105229871086484518794741240882,2026-09-29T00:45:00+00:00,2026-09-29T01:00:00+00:00,18.93,0.5,0.51,0.505,0.01,25.0,386.63,99
2026-09-29T00:42:05.452383+00:00,btc-updown-5m-1790642400,5,5059642,58687165424438977070840530013125314751039548288354510391685576556297156889228,2026-09-29T00:40:00+00:00,2026-09-29T00:45:00+00:00,2.92,0.2,0.21,0.205,0.01,1898.86,39.0,99
2026-09-29T00:42:05.452383+00:00,btc-updown-5m-1790642700,5,5059657,100850476193616650450100797209141412725130965669156807642687171385907416776533,2026-09-29T00:45:00+00:00,2026-09-29T00:50:00+00:00,7.92,0.5,0.51,0.505,0.01,145.91,616.22,99
2026-09-29T00:42:05.452383+00:00,btc-updown-15m-1790641800,15,5059301,35593036064316562550901061998497462760110216316644377991284553758526705458123,2026-09-29T00:30:00+00:00,2026-09-29T00:45:00+00:00,2.92,0.14,0.15,0.145,0.01,85.0,291.34,99
2026-09-29T00:42:05.452383+00:00,btc-updown-15m-1790642700,15,5059655,41460873511625881656310084289117530195913962209105229871086484518794741240882,2026-09-29T00:45:00+00:00,2026-09-29T01:00:00+00:00,17.92,0.5,0.51,0.505,0.01,30.09,199.13,99
2026-09-29T00:43:06.588708+00:00,btc-updown-5m-1790642400,5,5059642,58687165424438977070840530013125314751039548288354510391685576556297156889228,2026-09-29T00:40:00+00:00,2026-09-29T00:45:00+00:00,1.9,0.43,0.44,0.435,0.01,585.68,199.0,99
2026-09-29T00:43:06.588708+00:00,btc-updown-5m-1790642700,5,5059657,100850476193616650450100797209141412725130965669156807642687171385907416776533,2026-09-29T00:45:00+00:00,2026-09-29T00:50:00+00:00,6.9,0.5,0.51,0.505,0.01,65.91,505.29,99
2026-09-29T00:43:06.588708+00:00,btc-updown-15m-1790641800,15,5059301,35593036064316562550901061998497462760110216316644377991284553758526705458123,2026-09-29T00:30:00+00:00,2026-09-29T00:45:00+00:00,1.9,0.27,0.28,0.275,0.01,5.0,142.22,99
2026-09-29T00:43:06.588708+00:00,btc-updown-15m-1790642700,15,5059655,41460873511625881656310084289117530195913962209105229871086484518794741240882,2026-09-29T00:45:00+00:00,2026-09-29T01:00:00+00:00,16.9,0.5,0.51,0.505,0.01,30.0,197.16,99
2026-09-29T00:44:07.737114+00:00,btc-updown-5m-1790642400,5,5059642,58687165424438977070840530013125314751039548288354510391685576556297156889228,2026-09-29T00:40:00+00:00,2026-09-29T00:45:00+00:00,0.88,0.18,0.19,0.185,0.01,30.0,139.21,93
2026-09-29T00:44:07.737114+00:00,btc-updown-5m-1790642700,5,5059657,100850476193616650450100797209141412725130965669156807642687171385907416776533,2026-09-29T00:45:00+00:00,2026-09-29T00:50:00+00:00,5.88,0.5,0.51,0.505,0.01,65.91,345.06,99
2026-09-29T00:44:07.737114+00:00,btc-updown-15m-1790641800,15,5059301,35593036064316562550901061998497462760110216316644377991284553758526705458123,2026-09-29T00:30:00+00:00,2026-09-29T00:45:00+00:00,0.88,0.1,0.11,0.105,0.01,30.0,75.0,57
2026-09-29T00:44:07.737114+00:00,btc-updown-15m-1790642700,15,5059655,41460873511625881656310084289117530195913962209105229871086484518794741240882,2026-09-29T00:45:00+00:00,2026-09-29T01:00:00+00:00,15.88,0.49,0.5,0.495,0.01,73.0,25.0,85
2026-09-29T00:45:08.859683+00:00,btc-updown-5m-1790642700,5,5059657,100850476193616650450100797209141412725130965669156807642687171385907416776533,2026-09-29T00:45:00+00:00,2026-09-29T00:50:00+00:00,4.87,0.31,0.32,0.315,0.01,103.89,1300.16,99
2026-09-29T00:45:08.859683+00:00,btc-updown-5m-1790643000,5,5059688,46099604535700087476472799433369049131720853295676623113766753552345925926644,2026-09-29T00:50:00+00:00,2026-09-29T00:55:00+00:00,9.87,0.5,0.51,0.505,0.01,65.24,495.43,99
2026-09-29T00:45:08.859683+00:00,btc-updown-15m-1790642700,15,5059655,41460873511625881656310084289117530195913962209105229871086484518794741240882,2026-09-29T00:45:00+00:00,2026-09-29T01:00:00+00:00,14.87,0.41,0.42,0.415,0.01,322.55,15.0,96
2026-09-29T00:45:08.859683+00:00,btc-updown-15m-1790643600,15,5059756,37376827447848063304500025453891109128027068883630115728897098035006898517773,2026-09-29T01:00:00+00:00,2026-09-29T01:15:00+00:00,29.87,0.5,0.51,0.505,0.01,140.2,310.61,99
2026-09-29T00:46:09.942280+00:00,btc-updown-5m-1790642700,5,5059657,100850476193616650450100797209141412725130965669156807642687171385907416776533,2026-09-29T00:45:00+00:00,2026-09-29T00:50:00+00:00,3.85,0.07,0.08,0.075,0.01,830.78,171.61,99
2026-09-29T00:46:09.942280+00:00,btc-updown-5m-1790643000,5,5059688,46099604535700087476472799433369049131720853295676623113766753552345925926644,2026-09-29T00:50:00+00:00,2026-09-29T00:55:00+00:00,8.85,0.5,0.51,0.505,0.01,202.24,495.43,99
2026-09-29T00:46:09.942280+00:00,btc-updown-15m-1790642700,15,5059655,41460873511625881656310084289117530195913962209105229871086484518794741240882,2026-09-29T00:45:00+00:00,2026-09-29T01:00:00+00:00,13.85,0.25,0.26,0.255,0.01,367.83,139.24,93
2026-09-29T00:46:09.942280+00:00,btc-updown-15m-1790643600,15,5059756,37376827447848063304500025453891109128027068883630115728897098035006898517773,2026-09-29T01:00:00+00:00,2026-09-29T01:15:00+00:00,28.85,0.5,0.51,0.505,0.01,200.2,290.61,99
2026-09-29T00:47:11.061277+00:00,btc-updown-5m-1790642700,5,5059657,100850476193616650450100797209141412725130965669156807642687171385907416776533,2026-09-29T00:45:00+00:00,2026-09-29T00:50:00+00:00,2.82,0.01,0.02,0.015,0.01,1783.7,1906.2,99
2026-09-29T00:47:11.061277+00:00,btc-updown-5m-1790643000,5,5059688,46099604535700087476472799433369049131720853295676623113766753552345925926644,2026-09-29T00:50:00+00:00,2026-09-29T00:55:00+00:00,7.82,0.5,0.51,0.505,0.01,202.24,483.66,99
2026-09-29T00:47:11.061277+00:00,btc-updown-15m-1790642700,15,5059655,41460873511625881656310084289117530195913962209105229871086484518794741240882,2026-09-29T00:45:00+00:00,2026-09-29T01:00:00+00:00,12.82,0.16,0.17,0.165,0.01,307.65,170.0,84
2026-09-29T00:47:11.061277+00:00,btc-updown-15m-1790643600,15,5059756,37376827447848063304500025453891109128027068883630115728897098035006898517773,2026-09-29T01:00:00+00:00,2026-09-29T01:15:00+00:00,27.82,0.5,0.51,0.505,0.01,225.2,290.61,99
2026-09-29T00:48:12.170970+00:00,btc-updown-5m-1790643000,5,5059688,46099604535700087476472799433369049131720853295676623113766753552345925926644,2026-09-29T00:50:00+00:00,2026-09-29T00:55:00+00:00,6.8,0.5,0.51,0.505,0.01,168.24,479.73,99
2026-09-29T00:48:12.170970+00:00,btc-updown-15m-1790642700,15,5059655,41460873511625881656310084289117530195913962209105229871086484518794741240882,2026-09-29T00:45:00+00:00,2026-09-29T01:00:00+00:00,11.8,0.14,0.15,0.145,0.01,185.93,385.0,83
2026-09-29T00:48:12.170970+00:00,btc-updown-15m-1790643600,15,5059756,37376827447848063304500025453891109128027068883630115728897098035006898517773,2026-09-29T01:00:00+00:00,2026-09-29T01:15:00+00:00,26.8,0.5,0.51,0.505,0.01,305.2,290.61,99
2026-09-29T00:49:13.178687+00:00,btc-updown-5m-1790643000,5,5059688,46099604535700087476472799433369049131720853295676623113766753552345925926644,2026-09-29T00:50:00+00:00,2026-09-29T00:55:00+00:00,5.78,0.5,0.51,0.505,0.01,5.0,223.77,99
2026-09-29T00:49:13.178687+00:00,btc-updown-15m-1790642700,15,5059655,41460873511625881656310084289117530195913962209105229871086484518794741240882,2026-09-29T00:45:00+00:00,2026-09-29T01:00:00+00:00,10.78,0.12,0.13,0.125,0.01,1585.06,160.0,82
2026-09-29T00:49:13.178687+00:00,btc-updown-15m-1790643600,15,5059756,37376827447848063304500025453891109128027068883630115728897098035006898517773,2026-09-29T01:00:00+00:00,2026-09-29T01:15:00+00:00,25.78,0.5,0.51,0.505,0.01,225.2,260.0,99
2026-09-29T00:50:14.186082+00:00,btc-updown-5m-1790643000,5,5059688,46099604535700087476472799433369049131720853295676623113766753552345925926644,2026-09-29T00:50:00+00:00,2026-09-29T00:55:00+00:00,4.77,0.3,0.31,0.305,0.01,92.95,730.08,99
2026-09-29T00:50:14.186082+00:00,btc-updown-5m-1790643300,5,5059741,110197162533318308026493367759751501277788661104826027882868175636286710445874,2026-09-29T00:55:00+00:00,2026-09-29T01:00:00+00:00,9.77,0.5,0.51,0.505,0.01,515.31,485.55,99
2026-09-29T00:50:14.186082+00:00,btc-updown-15m-1790642700,15,5059655,41460873511625881656310084289117530195913962209105229871086484518794741240882,2026-09-29T00:45:00+00:00,2026-09-29T01:00:00+00:00,9.77,0.07,0.08,0.075,0.01,69.07,287.14,83
2026-09-29T00:50:14.186082+00:00,btc-updown-15m-1790643600,15,5059756,37376827447848063304500025453891109128027068883630115728897098035006898517773,2026-09-29T01:00:00+00:00,2026-09-29T01:15:00+00:00,24.77,0.5,0.51,0.505,0.01,616.2,260.0,99
2026-09-29T00:51:15.317040+00:00,btc-updown-5m-1790643000,5,5059688,46099604535700087476472799433369049131720853295676623113766753552345925926644,2026-09-29T00:50:00+00:00,2026-09-29T00:55:00+00:00,3.75,0.16,0.17,0.165,0.01,115.06,775.03,99
2026-09-29T00:51:15.317040+00:00,btc-updown-5m-1790643300,5,5059741,110197162533318308026493367759751501277788661104826027882868175636286710445874,2026-09-29T00:55:00+00:00,2026-09-29T01:00:00+00:00,8.75,0.5,0.51,0.505,0.01,540.31,490.55,99
2026-09-29T00:51:15.317040+00:00,btc-updown-15m-1790642700,15,5059655,41460873511625881656310084289117530195913962209105229871086484518794741240882,2026-09-29T00:45:00+00:00,2026-09-29T01:00:00+00:00,8.75,0.04,0.05,0.045,0.01,44.92,401.78,83
2026-09-29T00:51:15.317040+00:00,btc-updown-15m-1790643600,15,5059756,37376827447848063304500025453891109128027068883630115728897098035006898517773,2026-09-29T01:00:00+00:00,2026-09-29T01:15:00+00:00,23.75,0.5,0.51,0.505,0.01,616.2,260.0,99
2026-09-29T00:52:16.456858+00:00,btc-updown-5m-1790643000,5,5059688,46099604535700087476472799433369049131720853295676623113766753552345925926644,2026-09-29T00:50:00+00:00,2026-09-29T00:55:00+00:00,2.73,0.04,0.05,0.045,0.01,397.46,380.46,99
2026-09-29T00:52:16.456858+00:00,btc-updown-5m-1790643300,5,5059741,110197162533318308026493367759751501277788661104826027882868175636286710445874,2026-09-29T00:55:00+00:00,2026-09-29T01:00:00+00:00,7.73,0.5,0.51,0.505,0.01,535.31,439.92,99
2026-09-29T00:52:16.456858+00:00,btc-updown-15m-1790642700,15,5059655,41460873511625881656310084289117530195913962209105229871086484518794741240882,2026-09-29T00:45:00+00:00,2026-09-29T01:00:00+00:00,7.73,0.03,0.04,0.035,0.01,1124.55,93.33,80
2026-09-29T00:52:16.456858+00:00,btc-updown-15m-1790643600,15,5059756,37376827447848063304500025453891109128027068883630115728897098035006898517773,2026-09-29T01:00:00+00:00,2026-09-29T01:15:00+00:00,22.73,0.5,0.51,0.505,0.01,616.2,260.0,99
2026-09-29T00:53:17.556840+00:00,btc-updown-5m-1790643300,5,5059741,110197162533318308026493367759751501277788661104826027882868175636286710445874,2026-09-29T00:55:00+00:00,2026-09-29T01:00:00+00:00,6.72,0.5,0.51,0.505,0.01,504.51,427.95,99
2026-09-29T00:53:17.556840+00:00,btc-updown-15m-1790642700,15,5059655,41460873511625881656310084289117530195913962209105229871086484518794741240882,2026-09-29T00:45:00+00:00,2026-09-29T01:00:00+00:00,6.72,0.01,0.02,0.015,0.01,565.0,162.13,78
2026-09-29T00:53:17.556840+00:00,btc-updown-15m-1790643600,15,5059756,37376827447848063304500025453891109128027068883630115728897098035006898517773,2026-09-29T01:00:00+00:00,2026-09-29T01:15:00+00:00,21.72,0.51,0.52,0.515,0.01,317.0,408.53,99
2026-09-29T00:54:18.518088+00:00,btc-updown-5m-1790643300,5,5059741,110197162533318308026493367759751501277788661104826027882868175636286710445874,2026-09-29T00:55:00+00:00,2026-09-29T01:00:00+00:00,5.7,0.52,0.53,0.525,0.01,129.57,127.0,99
2026-09-29T00:54:18.518088+00:00,btc-updown-15m-1790642700,15,5059655,41460873511625881656310084289117530195913962209105229871086484518794741240882,2026-09-29T00:45:00+00:00,2026-09-29T01:00:00+00:00,5.7,0.01,0.02,0.015,0.01,1607.35,166.0,77
2026-09-29T00:54:18.518088+00:00,btc-updown-15m-1790643600,15,5059756,37376827447848063304500025453891109128027068883630115728897098035006898517773,2026-09-29T01:00:00+00:00,2026-09-29T01:15:00+00:00,20.7,0.51,0.52,0.515,0.01,394.0,315.2,99
2026-09-29T00:55:19.555867+00:00,btc-updown-5m-1790643300,5,5059741,110197162533318308026493367759751501277788661104826027882868175636286710445874,2026-09-29T00:55:00+00:00,2026-09-29T01:00:00+00:00,4.68,0.56,0.57,0.565,0.01,110.75,165.13,99
2026-09-29T00:55:19.555867+00:00,btc-updown-5m-1790643600,5,5059774,87659309978708933450547619139299469312052503720366292444670994631013283222439,2026-09-29T01:00:00+00:00,2026-09-29T01:05:00+00:00,9.68,0.5,0.51,0.505,0.01,425.56,465.19,99
2026-09-29T00:55:19.555867+00:00,btc-updown-15m-1790642700,15,5059655,41460873511625881656310084289117530195913962209105229871086484518794741240882,2026-09-29T00:45:00+00:00,2026-09-29T01:00:00+00:00,4.68,0.001,0.009,0.005,0.008,1055.78,219.0,94
2026-09-29T00:55:19.555867+00:00,btc-updown-15m-1790643600,15,5059756,37376827447848063304500025453891109128027068883630115728897098035006898517773,2026-09-29T01:00:00+00:00,2026-09-29T01:15:00+00:00,19.68,0.51,0.52,0.515,0.01,314.0,255.0,99
2026-09-29T00:56:20.626213+00:00,btc-updown-5m-1790643300,5,5059741,110197162533318308026493367759751501277788661104826027882868175636286710445874,2026-09-29T00:55:00+00:00,2026-09-29T01:00:00+00:00,3.67,0.39,0.4,0.395,0.01,1135.46,329.28,99
2026-09-29T00:56:20.626213+00:00,btc-updown-5m-1790643600,5,5059774,87659309978708933450547619139299469312052503720366292444670994631013283222439,2026-09-29T01:00:00+00:00,2026-09-29T01:05:00+00:00,8.67,0.5,0.51,0.505,0.01,430.56,465.19,99
2026-09-29T00:56:20.626213+00:00,btc-updown-15m-1790642700,15,5059655,41460873511625881656310084289117530195913962209105229871086484518794741240882,2026-09-29T00:45:00+00:00,2026-09-29T01:00:00+00:00,3.67,0.002,0.005,0.0035,0.003,25.0,1000.0,97
2026-09-29T00:56:20.626213+00:00,btc-updown-15m-1790643600,15,5059756,37376827447848063304500025453891109128027068883630115728897098035006898517773,2026-09-29T01:00:00+00:00,2026-09-29T01:15:00+00:00,18.67,0.51,0.52,0.515,0.01,375.0,255.0,99
2026-09-29T00:57:21.794717+00:00,btc-updown-5m-1790643300,5,5059741,110197162533318308026493367759751501277788661104826027882868175636286710445874,2026-09-29T00:55:00+00:00,2026-09-29T01:00:00+00:00,2.65,0.07,0.08,0.075,0.01,538.94,70.57,99
2026-09-29T00:57:21.794717+00:00,btc-updown-5m-1790643600,5,5059774,87659309978708933450547619139299469312052503720366292444670994631013283222439,2026-09-29T01:00:00+00:00,2026-09-29T01:05:00+00:00,7.65,0.5,0.51,0.505,0.01,545.56,328.8,99
2026-09-29T00:57:21.794717+00:00,btc-updown-15m-1790642700,15,5059655,41460873511625881656310084289117530195913962209105229871086484518794741240882,2026-09-29T00:45:00+00:00,2026-09-29T01:00:00+00:00,2.65,0.001,0.002,0.0015,0.001,26.12,882.08,94
2026-09-29T00:57:21.794717+00:00,btc-updown-15m-1790643600,15,5059756,37376827447848063304500025453891109128027068883630115728897098035006898517773,2026-09-29T01:00:00+00:00,2026-09-29T01:15:00+00:00,17.65,0.51,0.52,0.515,0.01,385.0,225.0,99
2026-09-29T00:58:22.961502+00:00,btc-updown-5m-1790643600,5,5059774,87659309978708933450547619139299469312052503720366292444670994631013283222439,2026-09-29T01:00:00+00:00,2026-09-29T01:05:00+00:00,6.63,0.51,0.52,0.515,0.01,147.6,415.41,99
2026-09-29T00:58:22.961502+00:00,btc-updown-15m-1790643600,15,5059756,37376827447848063304500025453891109128027068883630115728897098035006898517773,2026-09-29T01:00:00+00:00,2026-09-29T01:15:00+00:00,16.63,0.51,0.52,0.515,0.01,373.87,230.0,99
2026-09-29T00:59:23.888828+00:00,btc-updown-5m-1790643600,5,5059774,87659309978708933450547619139299469312052503720366292444670994631013283222439,2026-09-29T01:00:00+00:00,2026-09-29T01:05:00+00:00,5.62,0.52,0.53,0.525,0.01,219.74,28.24,99
2026-09-29T00:59:23.888828+00:00,btc-updown-15m-1790643600,15,5059756,37376827447848063304500025453891109128027068883630115728897098035006898517773,2026-09-29T01:00:00+00:00,2026-09-29T01:15:00+00:00,15.62,0.53,0.54,0.535,0.01,84.5,198.52,82
2026-09-29T01:00:24.748754+00:00,btc-updown-5m-1790643600,5,5059774,87659309978708933450547619139299469312052503720366292444670994631013283222439,2026-09-29T01:00:00+00:00,2026-09-29T01:05:00+00:00,4.6,0.21,0.22,0.215,0.01,178.18,188.0,99
2026-09-29T01:00:24.748754+00:00,btc-updown-5m-1790643900,5,5059822,11849510435243592714828093297602548917260314460294025761339600409457119244566,2026-09-29T01:05:00+00:00,2026-09-29T01:10:00+00:00,9.6,0.52,0.53,0.525,0.01,40.0,204.63,99
2026-09-29T01:00:24.748754+00:00,btc-updown-15m-1790643600,15,5059756,37376827447848063304500025453891109128027068883630115728897098035006898517773,2026-09-29T01:00:00+00:00,2026-09-29T01:15:00+00:00,14.6,0.33,0.34,0.335,0.01,441.8,29.0,94
2026-09-29T01:00:24.748754+00:00,btc-updown-15m-1790644500,15,5060234,28123441598752858169624783694827588214939400334955081706979555037879906457668,2026-09-29T01:15:00+00:00,2026-09-29T01:30:00+00:00,29.6,0.5,0.52,0.51,0.02,660.04,377.28,98
2026-09-29T01:01:25.884151+00:00,btc-updown-5m-1790643600,5,5059774,87659309978708933450547619139299469312052503720366292444670994631013283222439,2026-09-29T01:00:00+00:00,2026-09-29T01:05:00+00:00,3.58,0.12,0.13,0.125,0.01,178.85,254.0,99
2026-09-29T01:01:25.884151+00:00,btc-updown-5m-1790643900,5,5059822,11849510435243592714828093297602548917260314460294025761339600409457119244566,2026-09-29T01:05:00+00:00,2026-09-29T01:10:00+00:00,8.58,0.52,0.53,0.525,0.01,105.0,238.0,99
2026-09-29T01:01:25.884151+00:00,btc-updown-15m-1790643600,15,5059756,37376827447848063304500025453891109128027068883630115728897098035006898517773,2026-09-29T01:00:00+00:00,2026-09-29T01:15:00+00:00,13.58,0.31,0.32,0.315,0.01,105.0,305.66,86
2026-09-29T01:01:25.884151+00:00,btc-updown-15m-1790644500,15,5060234,28123441598752858169624783694827588214939400334955081706979555037879906457668,2026-09-29T01:15:00+00:00,2026-09-29T01:30:00+00:00,28.58,0.51,0.52,0.515,0.01,493.43,325.2,99
2026-09-29T01:02:27.061075+00:00,btc-updown-5m-1790643600,5,5059774,87659309978708933450547619139299469312052503720366292444670994631013283222439,2026-09-29T01:00:00+00:00,2026-09-29T01:05:00+00:00,2.55,0.56,0.57,0.565,0.01,35.0,5.0,99
2026-09-29T01:02:27.061075+00:00,btc-updown-5m-1790643900,5,5059822,11849510435243592714828093297602548917260314460294025761339600409457119244566,2026-09-29T01:05:00+00:00,2026-09-29T01:10:00+00:00,7.55,0.52,0.53,0.525,0.01,45.0,235.0,99
2026-09-29T01:02:27.061075+00:00,btc-updown-15m-1790643600,15,5059756,37376827447848063304500025453891109128027068883630115728897098035006898517773,2026-09-29T01:00:00+00:00,2026-09-29T01:15:00+00:00,12.55,0.54,0.55,0.545,0.01,250.33,35.0,92
2026-09-29T01:02:27.061075+00:00,btc-updown-15m-1790644500,15,5060234,28123441598752858169624783694827588214939400334955081706979555037879906457668,2026-09-29T01:15:00+00:00,2026-09-29T01:30:00+00:00,27.55,0.51,0.52,0.515,0.01,493.43,325.2,99
2026-09-29T01:03:28.152794+00:00,btc-updown-5m-1790643600,5,5059774,87659309978708933450547619139299469312052503720366292444670994631013283222439,2026-09-29T01:00:00+00:00,2026-09-29T01:05:00+00:00,1.53,0.37,0.38,0.375,0.01,25.71,392.72,99
2026-09-29T01:03:28.152794+00:00,btc-updown-5m-1790643900,5,5059822,11849510435243592714828093297602548917260314460294025761339600409457119244566,2026-09-29T01:05:00+00:00,2026-09-29T01:10:00+00:00,6.53,0.52,0.53,0.525,0.01,45.0,260.56,99
2026-09-29T01:03:28.152794+00:00,btc-updown-15m-1790643600,15,5059756,37376827447848063304500025453891109128027068883630115728897098035006898517773,2026-09-29T01:00:00+00:00,2026-09-29T01:15:00+00:00,11.53,0.47,0.5,0.485,0.03,49.0,20.0,90
2026-09-29T01:03:28.152794+00:00,btc-updown-15m-1790644500,15,5060234,28123441598752858169624783694827588214939400334955081706979555037879906457668,2026-09-29T01:15:00+00:00,2026-09-29T01:30:00+00:00,26.53,0.51,0.52,0.515,0.01,193.43,325.2,99
2026-09-29T01:04:29.202691+00:00,btc-updown-5m-1790643900,5,5059822,11849510435243592714828093297602548917260314460294025761339600409457119244566,2026-09-29T01:05:00+00:00,2026-09-29T01:10:00+00:00,5.52,0.55,0.56,0.555,0.01,533.88,16.0,99
2026-09-29T01:04:29.202691+00:00,btc-updown-15m-1790643600,15,5059756,37376827447848063304500025453891109128027068883630115728897098035006898517773,2026-09-29T01:00:00+00:00,2026-09-29T01:15:00+00:00,10.52,0.43,0.44,0.435,0.01,11.0,183.74,91
2026-09-29T01:04:29.202691+00:00,btc-updown-15m-1790644500,15,5060234,28123441598752858169624783694827588214939400334955081706979555037879906457668,2026-09-29T01:15:00+00:00,2026-09-29T01:30:00+00:00,25.52,0.51,0.52,0.515,0.01,134.02,325.2,99
2026-09-29T01:05:30.179226+00:00,btc-updown-5m-1790643900,5,5059822,11849510435243592714828093297602548917260314460294025761339600409457119244566,2026-09-29T01:05:00+00:00,2026-09-29T01:10:00+00:00,4.5,0.37,0.38,0.375,0.01,2.06,438.01,99
2026-09-29T01:05:30.179226+00:00,btc-updown-5m-1790644200,5,5060182,25712042502332666405089047190907321339451248763743992212079383994984022007449,2026-09-29T01:10:00+00:00,2026-09-29T01:15:00+00:00,9.5,0.52,0.53,0.525,0.01,78.91,189.05,99
2026-09-29T01:05:30.179226+00:00,btc-updown-15m-1790643600,15,5059756,37376827447848063304500025453891109128027068883630115728897098035006898517773,2026-09-29T01:00:00+00:00,2026-09-29T01:15:00+00:00,9.5,0.32,0.33,0.325,0.01,171.76,70.46,87
2026-09-29T01:05:30.179226+00:00,btc-updown-15m-1790644500,15,5060234,28123441598752858169624783694827588214939400334955081706979555037879906457668,2026-09-29T01:15:00+00:00,2026-09-29T01:30:00+00:00,24.5,0.51,0.52,0.515,0.01,453.05,321.16,99
2026-09-29T01:06:31.262487+00:00,btc-updown-5m-1790643900,5,5059822,11849510435243592714828093297602548917260314460294025761339600409457119244566,2026-09-29T01:05:00+00:00,2026-09-29T01:10:00+00:00,3.48,0.39,0.4,0.395,0.01,7.52,674.22,98
2026-09-29T01:06:31.262487+00:00,btc-updown-5m-1790644200,5,5060182,25712042502332666405089047190907321339451248763743992212079383994984022007449,2026-09-29T01:10:00+00:00,2026-09-29T01:15:00+00:00,8.48,0.52,0.53,0.525,0.01,88.91,210.0,99
2026-09-29T01:06:31.262487+00:00,btc-updown-15m-1790643600,15,5059756,37376827447848063304500025453891109128027068883630115728897098035006898517773,2026-09-29T01:00:00+00:00,2026-09-29T01:15:00+00:00,8.48,0.31,0.32,0.315,0.01,20.0,395.33,90
2026-09-29T01:06:31.262487+00:00,btc-updown-15m-1790644500,15,5060234,28123441598752858169624783694827588214939400334955081706979555037879906457668,2026-09-29T01:15:00+00:00,2026-09-29T01:30:00+00:00,23.48,0.51,0.52,0.515,0.01,453.05,321.16,99
2026-09-29T01:07:32.391797+00:00,btc-updown-5m-1790643900,5,5059822,11849510435243592714828093297602548917260314460294025761339600409457119244566,2026-09-29T01:05:00+00:00,2026-09-29T01:10:00+00:00,2.47,0.09,0.1,0.095,0.01,267.0,186.94,99
2026-09-29T01:07:32.391797+00:00,btc-updown-5m-1790644200,5,5060182,25712042502332666405089047190907321339451248763743992212079383994984022007449,2026-09-29T01:10:00+00:00,2026-09-29T01:15:00+00:00,7.47,0.52,0.53,0.525,0.01,98.91,207.16,99
2026-09-29T01:07:32.391797+00:00,btc-updown-15m-1790643600,15,5059756,37376827447848063304500025453891109128027068883630115728897098035006898517773,2026-09-29T01:00:00+00:00,2026-09-29T01:15:00+00:00,7.47,0.17,0.18,0.175,0.01,17.76,243.33,87
2026-09-29T01:07:32.391797+00:00,btc-updown-15m-1790644500,15,5060234,28123441598752858169624783694827588214939400334955081706979555037879906457668,2026-09-29T01:15:00+00:00,2026-09-29T01:30:00+00:00,22.47,0.51,0.52,0.515,0.01,453.05,321.16,99
2026-09-29T01:08:33.568241+00:00,btc-updown-5m-1790644200,5,5060182,25712042502332666405089047190907321339451248763743992212079383994984022007449,2026-09-29T01:10:00+00:00,2026-09-29T01:15:00+00:00,6.45,0.52,0.54,0.53,0.02,12.8,242.77,98
2026-09-29T01:08:33.568241+00:00,btc-updown-15m-1790643600,15,5059756,37376827447848063304500025453891109128027068883630115728897098035006898517773,2026-09-29T01:00:00+00:00,2026-09-29T01:15:00+00:00,6.45,0.12,0.13,0.125,0.01,193.61,94.99,81
2026-09-29T01:08:33.568241+00:00,btc-updown-15m-1790644500,15,5060234,28123441598752858169624783694827588214939400334955081706979555037879906457668,2026-09-29T01:15:00+00:00,2026-09-29T01:30:00+00:00,21.45,0.52,0.53,0.525,0.01,272.0,278.95,99
2026-09-29T01:09:34.542957+00:00,btc-updown-5m-1790644200,5,5060182,25712042502332666405089047190907321339451248763743992212079383994984022007449,2026-09-29T01:10:00+00:00,2026-09-29T01:15:00+00:00,5.43,0.52,0.53,0.525,0.01,218.72,54.55,98
2026-09-29T01:09:34.542957+00:00,btc-updown-15m-1790643600,15,5059756,37376827447848063304500025453891109128027068883630115728897098035006898517773,2026-09-29T01:00:00+00:00,2026-09-29T01:15:00+00:00,5.43,0.03,0.04,0.035,0.01,278.22,155.0,78
2026-09-29T01:09:34.542957+00:00,btc-updown-15m-1790644500,15,5060234,28123441598752858169624783694827588214939400334955081706979555037879906457668,2026-09-29T01:15:00+00:00,2026-09-29T01:30:00+00:00,20.43,0.52,0.53,0.525,0.01,433.93,252.04,99
2026-09-29T01:10:35.542416+00:00,btc-updown-5m-1790644200,5,5060182,25712042502332666405089047190907321339451248763743992212079383994984022007449,2026-09-29T01:10:00+00:00,2026-09-29T01:15:00+00:00,4.42,0.3,0.31,0.305,0.01,236.38,278.27,99
2026-09-29T01:10:35.542416+00:00,btc-updown-5m-1790644500,5,5060235,75357245434066815471076508974573722696736243350764557485095700596106711617039,2026-09-29T01:15:00+00:00,2026-09-29T01:20:00+00:00,9.42,0.53,0.54,0.535,0.01,126.95,266.46,99
2026-09-29T01:10:35.542416+00:00,btc-updown-15m-1790643600,15,5059756,37376827447848063304500025453891109128027068883630115728897098035006898517773,2026-09-29T01:00:00+00:00,2026-09-29T01:15:00+00:00,4.42,0.03,0.04,0.035,0.01,1089.37,125.0,77
2026-09-29T01:10:35.542416+00:00,btc-updown-15m-1790644500,15,5060234,28123441598752858169624783694827588214939400334955081706979555037879906457668,2026-09-29T01:15:00+00:00,2026-09-29T01:30:00+00:00,19.42,0.52,0.53,0.525,0.01,443.93,231.14,99
2026-09-29T01:11:36.611681+00:00,btc-updown-5m-1790644200,5,5060182,25712042502332666405089047190907321339451248763743992212079383994984022007449,2026-09-29T01:10:00+00:00,2026-09-29T01:15:00+00:00,3.4,0.4,0.41,0.405,0.01,163.57,266.21,99
2026-09-29T01:11:36.611681+00:00,btc-updown-5m-1790644500,5,5060235,75357245434066815471076508974573722696736243350764557485095700596106711617039,2026-09-29T01:15:00+00:00,2026-09-29T01:20:00+00:00,8.4,0.53,0.54,0.535,0.01,126.95,210.9,99
2026-09-29T01:11:36.611681+00:00,btc-updown-15m-1790644500,15,5060234,28123441598752858169624783694827588214939400334955081706979555037879906457668,2026-09-29T01:15:00+00:00,2026-09-29T01:30:00+00:00,18.4,0.52,0.53,0.525,0.01,331.55,222.36,99
2026-09-29T01:12:37.687476+00:00,btc-updown-5m-1790644200,5,5060182,25712042502332666405089047190907321339451248763743992212079383994984022007449,2026-09-29T01:10:00+00:00,2026-09-29T01:15:00+00:00,2.38,0.5,0.51,0.505,0.01,18.19,1228.05,99
2026-09-29T01:12:37.687476+00:00,btc-updown-5m-1790644500,5,5060235,75357245434066815471076508974573722696736243350764557485095700596106711617039,2026-09-29T01:15:00+00:00,2026-09-29T01:20:00+00:00,7.38,0.53,0.54,0.535,0.01,126.95,242.32,99
2026-09-29T01:12:37.687476+00:00,btc-updown-15m-1790643600,15,5059756,37376827447848063304500025453891109128027068883630115728897098035006898517773,2026-09-29T01:00:00+00:00,2026-09-29T01:15:00+00:00,2.38,0.002,0.01,0.006,0.008,16.0,3071.06,97
2026-09-29T01:12:37.687476+00:00,btc-updown-15m-1790644500,15,5060234,28123441598752858169624783694827588214939400334955081706979555037879906457668,2026-09-29T01:15:00+00:00,2026-09-29T01:30:00+00:00,17.38,0.53,0.54,0.535,0.01,117.0,338.02,99
2026-09-29T01:13:38.799642+00:00,btc-updown-5m-1790644200,5,5060182,25712042502332666405089047190907321339451248763743992212079383994984022007449,2026-09-29T01:10:00+00:00,2026-09-29T01:15:00+00:00,1.37,0.15,0.16,0.155,0.01,61.01,216.48,99
2026-09-29T01:13:38.799642+00:00,btc-updown-5m-1790644500,5,5060235,75357245434066815471076508974573722696736243350764557485095700596106711617039,2026-09-29T01:15:00+00:00,2026-09-29T01:20:00+00:00,6.37,0.53,0.54,0.535,0.01,131.95,247.32,99
2026-09-29T01:13:38.799642+00:00,btc-updown-15m-1790644500,15,5060234,28123441598752858169624783694827588214939400334955081706979555037879906457668,2026-09-29T01:15:00+00:00,2026-09-29T01:30:00+00:00,16.37,0.53,0.54,0.535,0.01,350.95,332.78,99
2026-09-29T01:14:39.770175+00:00,btc-updown-5m-1790644500,5,5060235,75357245434066815471076508974573722696736243350764557485095700596106711617039,2026-09-29T01:15:00+00:00,2026-09-29T01:20:00+00:00,5.35,0.55,0.56,0.555,0.01,25.0,9.64,99
2026-09-29T01:14:39.770175+00:00,btc-updown-15m-1790644500,15,5060234,28123441598752858169624783694827588214939400334955081706979555037879906457668,2026-09-29T01:15:00+00:00,2026-09-29T01:30:00+00:00,15.35,0.52,0.53,0.525,0.01,78.74,40.0,80
2026-09-29T01:15:40.623541+00:00,btc-updown-5m-1790644500,5,5060235,75357245434066815471076508974573722696736243350764557485095700596106711617039,2026-09-29T01:15:00+00:00,2026-09-29T01:20:00+00:00,4.33,0.35,0.36,0.355,0.01,25.41,648.37,99
2026-09-29T01:15:40.623541+00:00,btc-updown-5m-1790644800,5,5060313,112777410659004058912731080230123276708424271388021761348847614481744945376574,2026-09-29T01:20:00+00:00,2026-09-29T01:25:00+00:00,9.33,0.52,0.53,0.525,0.01,85.0,312.05,99
2026-09-29T01:15:40.623541+00:00,btc-updown-15m-1790644500,15,5060234,28123441598752858169624783694827588214939400334955081706979555037879906457668,2026-09-29T01:15:00+00:00,2026-09-29T01:30:00+00:00,14.33,0.53,0.54,0.535,0.01,20.0,6751.0,96
2026-09-29T01:15:40.623541+00:00,btc-updown-15m-1790645400,15,5060330,40884361820643831009523895166401844413519534533610223107949159267395407164211,2026-09-29T01:30:00+00:00,2026-09-29T01:45:00+00:00,29.33,0.5,0.51,0.505,0.01,602.26,260.0,99
2026-09-29T01:16:41.716870+00:00,btc-updown-5m-1790644500,5,5060235,75357245434066815471076508974573722696736243350764557485095700596106711617039,2026-09-29T01:15:00+00:00,2026-09-29T01:20:00+00:00,3.32,0.24,0.25,0.245,0.01,1399.01,28.19,99
2026-09-29T01:16:41.716870+00:00,btc-updown-5m-1790644800,5,5060313,112777410659004058912731080230123276708424271388021761348847614481744945376574,2026-09-29T01:20:00+00:00,2026-09-29T01:25:00+00:00,8.32,0.53,0.54,0.535,0.01,20.0,361.52,99
2026-09-29T01:16:41.716870+00:00,btc-updown-15m-1790644500,15,5060234,28123441598752858169624783694827588214939400334955081706979555037879906457668,2026-09-29T01:15:00+00:00,2026-09-29T01:30:00+00:00,13.32,0.4,0.41,0.405,0.01,184.74,112.42,92
2026-09-29T01:16:41.716870+00:00,btc-updown-15m-1790645400,15,5060330,40884361820643831009523895166401844413519534533610223107949159267395407164211,2026-09-29T01:30:00+00:00,2026-09-29T01:45:00+00:00,28.32,0.51,0.52,0.515,0.01,409.41,335.2,99
2026-09-29T01:17:42.929589+00:00,btc-updown-5m-1790644500,5,5060235,75357245434066815471076508974573722696736243350764557485095700596106711617039,2026-09-29T01:15:00+00:00,2026-09-29T01:20:00+00:00,2.3,0.05,0.06,0.055,0.01,958.84,96.49,99
2026-09-29T01:17:42.929589+00:00,btc-updown-5m-1790644800,5,5060313,112777410659004058912731080230123276708424271388021761348847614481744945376574,2026-09-29T01:20:00+00:00,2026-09-29T01:25:00+00:00,7.3,0.53,0.54,0.535,0.01,32.85,270.0,99
2026-09-29T01:17:42.929589+00:00,btc-updown-15m-1790644500,15,5060234,28123441598752858169624783694827588214939400334955081706979555037879906457668,2026-09-29T01:15:00+00:00,2026-09-29T01:30:00+00:00,12.3,0.29,0.3,0.295,0.01,220.14,110.0,89
2026-09-29T01:17:42.929589+00:00,btc-updown-15m-1790645400,15,5060330,40884361820643831009523895166401844413519534533610223107949159267395407164211,2026-09-29T01:30:00+00:00,2026-09-29T01:45:00+00:00,27.3,0.51,0.52,0.515,0.01,409.41,335.2,99
2026-09-29T01:18:44.084788+00:00,btc-updown-5m-1790644800,5,5060313,112777410659004058912731080230123276708424271388021761348847614481744945376574,2026-09-29T01:20:00+00:00,2026-09-29T01:25:00+00:00,6.27,0.52,0.55,0.535,0.03,40.0,21.5,97
2026-09-29T01:18:44.084788+00:00,btc-updown-15m-1790644500,15,5060234,28123441598752858169624783694827588214939400334955081706979555037879906457668,2026-09-29T01:15:00+00:00,2026-09-29T01:30:00+00:00,11.27,0.25,0.26,0.255,0.01,266.05,142.0,88
2026-09-29T01:18:44.084788+00:00,btc-updown-15m-1790645400,15,5060330,40884361820643831009523895166401844413519534533610223107949159267395407164211,2026-09-29T01:30:00+00:00,2026-09-29T01:45:00+00:00,26.27,0.51,0.52,0.515,0.01,409.41,335.2,99
2026-09-29T01:19:45.091614+00:00,btc-updown-5m-1790644800,5,5060313,112777410659004058912731080230123276708424271388021761348847614481744945376574,2026-09-29T01:20:00+00:00,2026-09-29T01:25:00+00:00,5.25,0.5,0.51,0.505,0.01,513.61,504.83,98
2026-09-29T01:19:45.091614+00:00,btc-updown-15m-1790644500,15,5060234,28123441598752858169624783694827588214939400334955081706979555037879906457668,2026-09-29T01:15:00+00:00,2026-09-29T01:30:00+00:00,10.25,0.17,0.18,0.175,0.01,234.25,226.43,85
2026-09-29T01:19:45.091614+00:00,btc-updown-15m-1790645400,15,5060330,40884361820643831009523895166401844413519534533610223107949159267395407164211,2026-09-29T01:30:00+00:00,2026-09-29T01:45:00+00:00,25.25,0.51,0.52,0.515,0.01,458.43,335.2,99
2026-09-29T01:20:46.045134+00:00,btc-updown-5m-1790644800,5,5060313,112777410659004058912731080230123276708424271388021761348847614481744945376574,2026-09-29T01:20:00+00:00,2026-09-29T01:25:00+00:00,4.23,0.66,0.67,0.665,0.01,805.0,125.32,99
2026-09-29T01:20:46.045134+00:00,btc-updown-5m-1790645100,5,5060321,86312235236127047316126945411195538652166854898891493364919526613186343190643,2026-09-29T01:25:00+00:00,2026-09-29T01:30:00+00:00,9.23,0.51,0.52,0.515,0.01,197.95,406.1,99
2026-09-29T01:20:46.045134+00:00,btc-updown-15m-1790644500,15,5060234,28123441598752858169624783694827588214939400334955081706979555037879906457668,2026-09-29T01:15:00+00:00,2026-09-29T01:30:00+00:00,9.23,0.25,0.26,0.255,0.01,85.0,100.06,88
2026-09-29T01:20:46.045134+00:00,btc-updown-15m-1790645400,15,5060330,40884361820643831009523895166401844413519534533610223107949159267395407164211,2026-09-29T01:30:00+00:00,2026-09-29T01:45:00+00:00,24.23,0.51,0.52,0.515,0.01,467.46,331.16,99
2026-09-29T01:21:47.175143+00:00,btc-updown-5m-1790644800,5,5060313,112777410659004058912731080230123276708424271388021761348847614481744945376574,2026-09-29T01:20:00+00:00,2026-09-29T01:25:00+00:00,3.22,0.87,0.88,0.875,0.01,1242.7,243.03,99
2026-09-29T01:21:47.175143+00:00,btc-updown-5m-1790645100,5,5060321,86312235236127047316126945411195538652166854898891493364919526613186343190643,2026-09-29T01:25:00+00:00,2026-09-29T01:30:00+00:00,8.22,0.51,0.52,0.515,0.01,182.95,286.86,99
2026-09-29T01:21:47.175143+00:00,btc-updown-15m-1790644500,15,5060234,28123441598752858169624783694827588214939400334955081706979555037879906457668,2026-09-29T01:15:00+00:00,2026-09-29T01:30:00+00:00,8.22,0.37,0.38,0.375,0.01,131.25,121.15,90
2026-09-29T01:21:47.175143+00:00,btc-updown-15m-1790645400,15,5060330,40884361820643831009523895166401844413519534533610223107949159267395407164211,2026-09-29T01:30:00+00:00,2026-09-29T01:45:00+00:00,23.22,0.51,0.52,0.515,0.01,467.46,331.16,99
2026-09-29T01:22:48.384382+00:00,btc-updown-5m-1790644800,5,5060313,112777410659004058912731080230123276708424271388021761348847614481744945376574,2026-09-29T01:20:00+00:00,2026-09-29T01:25:00+00:00,2.2,0.98,0.99,0.985,0.01,1268.2,2508.39,99
2026-09-29T01:22:48.384382+00:00,btc-updown-5m-1790645100,5,5060321,86312235236127047316126945411195538652166854898891493364919526613186343190643,2026-09-29T01:25:00+00:00,2026-09-29T01:30:00+00:00,7.2,0.52,0.53,0.525,0.01,37.95,525.39,99
2026-09-29T01:22:48.384382+00:00,btc-updown-15m-1790644500,15,5060234,28123441598752858169624783694827588214939400334955081706979555037879906457668,2026-09-29T01:15:00+00:00,2026-09-29T01:30:00+00:00,7.2,0.39,0.4,0.395,0.01,445.02,27.5,85
2026-09-29T01:22:48.384382+00:00,btc-updown-15m-1790645400,15,5060330,40884361820643831009523895166401844413519534533610223107949159267395407164211,2026-09-29T01:30:00+00:00,2026-09-29T01:45:00+00:00,22.2,0.51,0.52,0.515,0.01,317.46,331.16,99
2026-09-29T01:23:49.453563+00:00,btc-updown-5m-1790645100,5,5060321,86312235236127047316126945411195538652166854898891493364919526613186343190643,2026-09-29T01:25:00+00:00,2026-09-29T01:30:00+00:00,6.18,0.52,0.53,0.525,0.01,37.95,422.83,99
2026-09-29T01:23:49.453563+00:00,btc-updown-15m-1790644500,15,5060234,28123441598752858169624783694827588214939400334955081706979555037879906457668,2026-09-29T01:15:00+00:00,2026-09-29T01:30:00+00:00,6.18,0.52,0.53,0.525,0.01,216.0,100.0,90
2026-09-29T01:23:49.453563+00:00,btc-updown-15m-1790645400,15,5060330,40884361820643831009523895166401844413519534533610223107949159267395407164211,2026-09-29T01:30:00+00:00,2026-09-29T01:45:00+00:00,21.18,0.52,0.53,0.525,0.01,173.08,353.29,99
2026-09-29T01:24:50.425131+00:00,btc-updown-5m-1790645100,5,5060321,86312235236127047316126945411195538652166854898891493364919526613186343190643,2026-09-29T01:25:00+00:00,2026-09-29T01:30:00+00:00,5.17,0.56,0.57,0.565,0.01,53.0,47.0,99
2026-09-29T01:24:50.425131+00:00,btc-updown-15m-1790644500,15,5060234,28123441598752858169624783694827588214939400334955081706979555037879906457668,2026-09-29T01:15:00+00:00,2026-09-29T01:30:00+00:00,5.17,0.46,0.47,0.465,0.01,79.0,303.74,95
2026-09-29T01:24:50.425131+00:00,btc-updown-15m-1790645400,15,5060330,40884361820643831009523895166401844413519534533610223107949159267395407164211,2026-09-29T01:30:00+00:00,2026-09-29T01:45:00+00:00,20.17,0.52,0.53,0.525,0.01,113.08,378.29,99
2026-09-29T01:25:51.427078+00:00,btc-updown-5m-1790645100,5,5060321,86312235236127047316126945411195538652166854898891493364919526613186343190643,2026-09-29T01:25:00+00:00,2026-09-29T01:30:00+00:00,4.15,0.27,0.28,0.275,0.01,105.0,1219.72,99
2026-09-29T01:25:51.427078+00:00,btc-updown-5m-1790645400,5,5060338,13666593080538307977954679435352423135519186082454150308046403731544174068419,2026-09-29T01:30:00+00:00,2026-09-29T01:35:00+00:00,9.15,0.5,0.51,0.505,0.01,502.38,485.07,99
2026-09-29T01:25:51.427078+00:00,btc-updown-15m-1790644500,15,5060234,28123441598752858169624783694827588214939400334955081706979555037879906457668,2026-09-29T01:15:00+00:00,2026-09-29T01:30:00+00:00,4.15,0.19,0.2,0.195,0.01,139.99,1311.38,88
2026-09-29T01:25:51.427078+00:00,btc-updown-15m-1790645400,15,5060330,40884361820643831009523895166401844413519534533610223107949159267395407164211,2026-09-29T01:30:00+00:00,2026-09-29T01:45:00+00:00,19.15,0.52,0.53,0.525,0.01,173.08,342.94,99
2026-09-29T01:26:55.845975+00:00,btc-updown-5m-1790645100,5,5060321,86312235236127047316126945411195538652166854898891493364919526613186343190643,2026-09-29T01:25:00+00:00,2026-09-29T01:30:00+00:00,3.08,0.3,0.31,0.305,0.01,119.09,79.76,99
2026-09-29T01:26:55.845975+00:00,btc-updown-5m-1790645400,5,5060338,13666593080538307977954679435352423135519186082454150308046403731544174068419,2026-09-29T01:30:00+00:00,2026-09-29T01:35:00+00:00,8.08,0.5,0.51,0.505,0.01,502.38,451.15,99
2026-09-29T01:26:55.845975+00:00,btc-updown-15m-1790644500,15,5060234,28123441598752858169624783694827588214939400334955081706979555037879906457668,2026-09-29T01:15:00+00:00,2026-09-29T01:30:00+00:00,3.08,0.15,0.16,0.155,0.01,122.4,60.0,91
2026-09-29T01:26:55.845975+00:00,btc-updown-15m-1790645400,15,5060330,40884361820643831009523895166401844413519534533610223107949159267395407164211,2026-09-29T01:30:00+00:00,2026-09-29T01:45:00+00:00,18.08,0.52,0.53,0.525,0.01,213.08,342.94,99
2026-09-29T01:27:56.982295+00:00,btc-updown-5m-1790645100,5,5060321,86312235236127047316126945411195538652166854898891493364919526613186343190643,2026-09-29T01:25:00+00:00,2026-09-29T01:30:00+00:00,2.07,0.15,0.16,0.155,0.01,643.84,341.76,99
2026-09-29T01:27:56.982295+00:00,btc-updown-5m-1790645400,5,5060338,13666593080538307977954679435352423135519186082454150308046403731544174068419,2026-09-29T01:30:00+00:00,2026-09-29T01:35:00+00:00,7.07,0.5,0.51,0.505,0.01,502.38,441.34,99
2026-09-29T01:27:56.982295+00:00,btc-updown-15m-1790644500,15,5060234,28123441598752858169624783694827588214939400334955081706979555037879906457668,2026-09-29T01:15:00+00:00,2026-09-29T01:30:00+00:00,2.07,0.03,0.04,0.035,0.01,20.0,319.7,84
2026-09-29T01:27:56.982295+00:00,btc-updown-15m-1790645400,15,5060330,40884361820643831009523895166401844413519534533610223107949159267395407164211,2026-09-29T01:30:00+00:00,2026-09-29T01:45:00+00:00,17.07,0.52,0.53,0.525,0.01,207.66,239.99,99
2026-09-29T01:28:58.066879+00:00,btc-updown-5m-1790645400,5,5060338,13666593080538307977954679435352423135519186082454150308046403731544174068419,2026-09-29T01:30:00+00:00,2026-09-29T01:35:00+00:00,6.03,0.51,0.52,0.515,0.01,39.0,260.0,99
2026-09-29T01:28:58.066879+00:00,btc-updown-15m-1790645400,15,5060330,40884361820643831009523895166401844413519534533610223107949159267395407164211,2026-09-29T01:30:00+00:00,2026-09-29T01:45:00+00:00,16.03,0.53,0.54,0.535,0.01,126.09,10.0,99
2026-09-29T01:29:58.957283+00:00,btc-updown-5m-1790645400,5,5060338,13666593080538307977954679435352423135519186082454150308046403731544174068419,2026-09-29T01:30:00+00:00,2026-09-29T01:35:00+00:00,5.03,0.45,0.47,0.46,0.02,10.0,119.0,97
2026-09-29T01:29:58.957283+00:00,btc-updown-15m-1790645400,15,5060330,40884361820643831009523895166401844413519534533610223107949159267395407164211,2026-09-29T01:30:00+00:00,2026-09-29T01:45:00+00:00,15.03,0.45,0.47,0.46,0.02,10.0,10.0,73
2026-09-29T01:30:59.846223+00:00,btc-updown-5m-1790645400,5,5060338,13666593080538307977954679435352423135519186082454150308046403731544174068419,2026-09-29T01:30:00+00:00,2026-09-29T01:35:00+00:00,4.02,0.74,0.75,0.745,0.01,578.32,40.0,99
2026-09-29T01:30:59.846223+00:00,btc-updown-5m-1790645700,5,5060388,108264759459269798721145309646482691697128384768412887651858561560920580037071,2026-09-29T01:35:00+00:00,2026-09-29T01:40:00+00:00,9.02,0.5,0.51,0.505,0.01,603.7,205.0,99
2026-09-29T01:30:59.846223+00:00,btc-updown-15m-1790645400,15,5060330,40884361820643831009523895166401844413519534533610223107949159267395407164211,2026-09-29T01:30:00+00:00,2026-09-29T01:45:00+00:00,14.02,0.66,0.67,0.665,0.01,23.33,183.0,98
2026-09-29T01:30:59.846223+00:00,btc-updown-15m-1790646300,15,5060484,111128908126522003707452457047399738485736636545872111421933696125952302106648,2026-09-29T01:45:00+00:00,2026-09-29T02:00:00+00:00,29.02,0.52,0.53,0.525,0.01,220.0,333.19,99
2026-09-29T01:32:00.965607+00:00,btc-updown-5m-1790645400,5,5060338,13666593080538307977954679435352423135519186082454150308046403731544174068419,2026-09-29T01:30:00+00:00,2026-09-29T01:35:00+00:00,3.0,0.5,0.51,0.505,0.01,725.4,95.0,99
2026-09-29T01:32:00.965607+00:00,btc-updown-5m-1790645700,5,5060388,108264759459269798721145309646482691697128384768412887651858561560920580037071,2026-09-29T01:35:00+00:00,2026-09-29T01:40:00+00:00,8.0,0.51,0.52,0.515,0.01,173.0,425.41,99
2026-09-29T01:32:00.965607+00:00,btc-updown-15m-1790645400,15,5060330,40884361820643831009523895166401844413519534533610223107949159267395407164211,2026-09-29T01:30:00+00:00,2026-09-29T01:45:00+00:00,13.0,0.51,0.52,0.515,0.01,102.0,298.79,96
2026-09-29T01:32:00.965607+00:00,btc-updown-15m-1790646300,15,5060484,111128908126522003707452457047399738485736636545872111421933696125952302106648,2026-09-29T01:45:00+00:00,2026-09-29T02:00:00+00:00,28.0,0.52,0.53,0.525,0.01,240.0,333.19,99
2026-09-29T01:33:02.172902+00:00,btc-updown-5m-1790645400,5,5060338,13666593080538307977954679435352423135519186082454150308046403731544174068419,2026-09-29T01:30:00+00:00,2026-09-29T01:35:00+00:00,1.97,0.79,0.8,0.795,0.01,883.54,497.0,99
2026-09-29T01:33:02.172902+00:00,btc-updown-5m-1790645700,5,5060388,108264759459269798721145309646482691697128384768412887651858561560920580037071,2026-09-29T01:35:00+00:00,2026-09-29T01:40:00+00:00,6.97,0.51,0.52,0.515,0.01,176.95,422.62,99
2026-09-29T01:33:02.172902+00:00,btc-updown-15m-1790645400,15,5060330,40884361820643831009523895166401844413519534533610223107949159267395407164211,2026-09-29T01:30:00+00:00,2026-09-29T01:45:00+00:00,11.97,0.65,0.66,0.655,0.01,5.0,1188.9,95
2026-09-29T01:33:02.172902+00:00,btc-updown-15m-1790646300,15,5060484,111128908126522003707452457047399738485736636545872111421933696125952302106648,2026-09-29T01:45:00+00:00,2026-09-29T02:00:00+00:00,26.97,0.52,0.53,0.525,0.01,220.0,333.19,99
2026-09-29T01:34:03.285712+00:00,btc-updown-5m-1790645700,5,5060388,108264759459269798721145309646482691697128384768412887651858561560920580037071,2026-09-29T01:35:00+00:00,2026-09-29T01:40:00+00:00,5.95,0.51,0.52,0.515,0.01,287.97,244.07,99
2026-09-29T01:34:03.285712+00:00,btc-updown-15m-1790645400,15,5060330,40884361820643831009523895166401844413519534533610223107949159267395407164211,2026-09-29T01:30:00+00:00,2026-09-29T01:45:00+00:00,10.95,0.67,0.68,0.675,0.01,203.98,20.0,96
2026-09-29T01:34:03.285712+00:00,btc-updown-15m-1790646300,15,5060484,111128908126522003707452457047399738485736636545872111421933696125952302106648,2026-09-29T01:45:00+00:00,2026-09-29T02:00:00+00:00,25.95,0.52,0.53,0.525,0.01,168.08,305.0,99
2026-09-29T01:35:04.325012+00:00,btc-updown-5m-1790645700,5,5060388,108264759459269798721145309646482691697128384768412887651858561560920580037071,2026-09-29T01:35:00+00:00,2026-09-29T01:40:00+00:00,4.93,0.49,0.5,0.495,0.01,1373.52,30.0,99
2026-09-29T01:35:04.325012+00:00,btc-updown-5m-1790646000,5,5060403,99197636733565676842915545922823807786976761227697284262031918011137724148027,2026-09-29T01:40:00+00:00,2026-09-29T01:45:00+00:00,9.93,0.5,0.51,0.505,0.01,551.19,269.93,99
2026-09-29T01:35:04.325012+00:00,btc-updown-15m-1790645400,15,5060330,40884361820643831009523895166401844413519534533610223107949159267395407164211,2026-09-29T01:30:00+00:00,2026-09-29T01:45:00+00:00,9.93,0.68,0.69,0.685,0.01,211.11,172.37,96
2026-09-29T01:35:04.325012+00:00,btc-updown-15m-1790646300,15,5060484,111128908126522003707452457047399738485736636545872111421933696125952302106648,2026-09-29T01:45:00+00:00,2026-09-29T02:00:00+00:00,24.93,0.52,0.53,0.525,0.01,120.0,280.0,99
2026-09-29T01:36:05.416296+00:00,btc-updown-5m-1790645700,5,5060388,108264759459269798721145309646482691697128384768412887651858561560920580037071,2026-09-29T01:35:00+00:00,2026-09-29T01:40:00+00:00,3.92,0.16,0.17,0.165,0.01,155.0,256.99,99
2026-09-29T01:36:05.416296+00:00,btc-updown-5m-1790646000,5,5060403,99197636733565676842915545922823807786976761227697284262031918011137724148027,2026-09-29T01:40:00+00:00,2026-09-29T01:45:00+00:00,8.92,0.5,0.51,0.505,0.01,622.19,443.93,99
2026-09-29T01:36:05.416296+00:00,btc-updown-15m-1790645400,15,5060330,40884361820643831009523895166401844413519534533610223107949159267395407164211,2026-09-29T01:30:00+00:00,2026-09-29T01:45:00+00:00,8.92,0.44,0.45,0.445,0.01,192.92,62.86,89
2026-09-29T01:36:05.416296+00:00,btc-updown-15m-1790646300,15,5060484,111128908126522003707452457047399738485736636545872111421933696125952302106648,2026-09-29T01:45:00+00:00,2026-09-29T02:00:00+00:00,23.92,0.52,0.53,0.525,0.01,340.0,280.0,99
2026-09-29T01:37:06.931283+00:00,btc-updown-5m-1790645700,5,5060388,108264759459269798721145309646482691697128384768412887651858561560920580037071,2026-09-29T01:35:00+00:00,2026-09-29T01:40:00+00:00,2.9,0.11,0.12,0.115,0.01,488.47,240.67,99
2026-09-29T01:37:06.931283+00:00,btc-updown-5m-1790646000,5,5060403,99197636733565676842915545922823807786976761227697284262031918011137724148027,2026-09-29T01:40:00+00:00,2026-09-29T01:45:00+00:00,7.9,0.5,0.51,0.505,0.01,643.19,413.94,99
2026-09-29T01:37:06.931283+00:00,btc-updown-15m-1790645400,15,5060330,40884361820643831009523895166401844413519534533610223107949159267395407164211,2026-09-29T01:30:00+00:00,2026-09-29T01:45:00+00:00,7.9,0.44,0.45,0.445,0.01,50.0,40.0,88
2026-09-29T01:37:06.931283+00:00,btc-updown-15m-1790646300,15,5060484,111128908126522003707452457047399738485736636545872111421933696125952302106648,2026-09-29T01:45:00+00:00,2026-09-29T02:00:00+00:00,22.9,0.52,0.53,0.525,0.01,388.08,280.0,99
2026-09-29T01:38:08.052980+00:00,btc-updown-5m-1790645700,5,5060388,108264759459269798721145309646482691697128384768412887651858561560920580037071,2026-09-29T01:35:00+00:00,2026-09-29T01:40:00+00:00,1.87,0.33,0.34,0.335,0.01,60.0,587.86,99
2026-09-29T01:38:08.052980+00:00,btc-updown-5m-1790646000,5,5060403,99197636733565676842915545922823807786976761227697284262031918011137724148027,2026-09-29T01:40:00+00:00,2026-09-29T01:45:00+00:00,6.87,0.5,0.51,0.505,0.01,413.19,393.94,99
2026-09-29T01:38:08.052980+00:00,btc-updown-15m-1790645400,15,5060330,40884361820643831009523895166401844413519534533610223107949159267395407164211,2026-09-29T01:30:00+00:00,2026-09-29T01:45:00+00:00,6.87,0.66,0.67,0.665,0.01,75.0,353.07,95
2026-09-29T01:38:08.052980+00:00,btc-updown-15m-1790646300,15,5060484,111128908126522003707452457047399738485736636545872111421933696125952302106648,2026-09-29T01:45:00+00:00,2026-09-29T02:00:00+00:00,21.87,0.52,0.53,0.525,0.01,268.08,280.0,99
2026-09-29T01:39:09.121652+00:00,btc-updown-5m-1790645700,5,5060388,108264759459269798721145309646482691697128384768412887651858561560920580037071,2026-09-29T01:35:00+00:00,2026-09-29T01:40:00+00:00,0.85,0.01,0.02,0.015,0.01,334.37,761.87,99
2026-09-29T01:39:09.121652+00:00,btc-updown-5m-1790646000,5,5060403,99197636733565676842915545922823807786976761227697284262031918011137724148027,2026-09-29T01:40:00+00:00,2026-09-29T01:45:00+00:00,5.85,0.51,0.52,0.515,0.01,370.97,205.86,99
2026-09-29T01:39:09.121652+00:00,btc-updown-15m-1790645400,15,5060330,40884361820643831009523895166401844413519534533610223107949159267395407164211,2026-09-29T01:30:00+00:00,2026-09-29T01:45:00+00:00,5.85,0.6,0.61,0.605,0.01,218.24,5.0,91
2026-09-29T01:39:09.121652+00:00,btc-updown-15m-1790646300,15,5060484,111128908126522003707452457047399738485736636545872111421933696125952302106648,2026-09-29T01:45:00+00:00,2026-09-29T02:00:00+00:00,20.85,0.53,0.54,0.535,0.01,115.0,480.73,99
2026-09-29T01:40:10.174167+00:00,btc-updown-5m-1790646000,5,5060403,99197636733565676842915545922823807786976761227697284262031918011137724148027,2026-09-29T01:40:00+00:00,2026-09-29T01:45:00+00:00,4.83,0.44,0.45,0.445,0.01,92.0,971.07,99
2026-09-29T01:40:10.174167+00:00,btc-updown-5m-1790646300,5,5060486,3880149397417099122628894250255595305766733750011452900875226239229003992142,2026-09-29T01:45:00+00:00,2026-09-29T01:50:00+00:00,9.83,0.51,0.52,0.515,0.01,35.0,313.0,99
2026-09-29T01:40:10.174167+00:00,btc-updown-15m-1790645400,15,5060330,40884361820643831009523895166401844413519534533610223107949159267395407164211,2026-09-29T01:30:00+00:00,2026-09-29T01:45:00+00:00,4.83,0.6,0.61,0.605,0.01,133.33,140.0,90
2026-09-29T01:40:10.174167+00:00,btc-updown-15m-1790646300,15,5060484,111128908126522003707452457047399738485736636545872111421933696125952302106648,2026-09-29T01:45:00+00:00,2026-09-29T02:00:00+00:00,19.83,0.53,0.54,0.535,0.01,153.7,475.73,99
2026-09-29T01:41:11.305043+00:00,btc-updown-5m-1790646000,5,5060403,99197636733565676842915545922823807786976761227697284262031918011137724148027,2026-09-29T01:40:00+00:00,2026-09-29T01:45:00+00:00,3.82,0.51,0.52,0.515,0.01,34.18,554.0,99
2026-09-29T01:41:11.305043+00:00,btc-updown-5m-1790646300,5,5060486,3880149397417099122628894250255595305766733750011452900875226239229003992142,2026-09-29T01:45:00+00:00,2026-09-29T01:50:00+00:00,8.82,0.51,0.52,0.515,0.01,122.0,225.0,99
2026-09-29T01:41:11.305043+00:00,btc-updown-15m-1790645400,15,5060330,40884361820643831009523895166401844413519534533610223107949159267395407164211,2026-09-29T01:30:00+00:00,2026-09-29T01:45:00+00:00,3.82,0.64,0.65,0.645,0.01,15.0,53.62,94
2026-09-29T01:41:11.305043+00:00,btc-updown-15m-1790646300,15,5060484,111128908126522003707452457047399738485736636545872111421933696125952302106648,2026-09-29T01:45:00+00:00,2026-09-29T02:00:00+00:00,18.82,0.53,0.54,0.535,0.01,120.8,369.84,99
2026-09-29T01:42:12.401677+00:00,btc-updown-5m-1790646000,5,5060403,99197636733565676842915545922823807786976761227697284262031918011137724148027,2026-09-29T01:40:00+00:00,2026-09-29T01:45:00+00:00,2.8,0.91,0.92,0.915,0.01,138.22,526.66,99
2026-09-29T01:42:12.401677+00:00,btc-updown-5m-1790646300,5,5060486,3880149397417099122628894250255595305766733750011452900875226239229003992142,2026-09-29T01:45:00+00:00,2026-09-29T01:50:00+00:00,7.8,0.51,0.52,0.515,0.01,35.77,370.29,99
2026-09-29T01:42:12.401677+00:00,btc-updown-15m-1790645400,15,5060330,40884361820643831009523895166401844413519534533610223107949159267395407164211,2026-09-29T01:30:00+00:00,2026-09-29T01:45:00+00:00,2.8,0.95,0.96,0.955,0.01,105.0,319.27,84
2026-09-29T01:42:12.401677+00:00,btc-updown-15m-1790646300,15,5060484,111128908126522003707452457047399738485736636545872111421933696125952302106648,2026-09-29T01:45:00+00:00,2026-09-29T02:00:00+00:00,17.8,0.53,0.54,0.535,0.01,70.8,521.84,99
2026-09-29T01:43:13.634566+00:00,btc-updown-5m-1790646300,5,5060486,3880149397417099122628894250255595305766733750011452900875226239229003992142,2026-09-29T01:45:00+00:00,2026-09-29T01:50:00+00:00,6.78,0.51,0.52,0.515,0.01,35.77,371.05,99
2026-09-29T01:43:13.634566+00:00,btc-updown-15m-1790646300,15,5060484,111128908126522003707452457047399738485736636545872111421933696125952302106648,2026-09-29T01:45:00+00:00,2026-09-29T02:00:00+00:00,16.78,0.53,0.54,0.535,0.01,34.09,607.11,99
2026-09-29T01:44:14.656076+00:00,btc-updown-5m-1790646300,5,5060486,3880149397417099122628894250255595305766733750011452900875226239229003992142,2026-09-29T01:45:00+00:00,2026-09-29T01:50:00+00:00,5.77,0.49,0.5,0.495,0.01,20.0,15.0,99
2026-09-29T01:44:14.656076+00:00,btc-updown-15m-1790646300,15,5060484,111128908126522003707452457047399738485736636545872111421933696125952302106648,2026-09-29T01:45:00+00:00,2026-09-29T02:00:00+00:00,15.77,0.53,0.54,0.535,0.01,20.32,148.59,85
2026-09-29T01:45:15.473277+00:00,btc-updown-5m-1790646300,5,5060486,3880149397417099122628894250255595305766733750011452900875226239229003992142,2026-09-29T01:45:00+00:00,2026-09-29T01:50:00+00:00,4.75,0.58,0.59,0.585,0.01,117.15,1441.69,99
2026-09-29T01:45:15.473277+00:00,btc-updown-5m-1790646600,5,5060524,59677037585880964657510230670391508637689091780921711621940213495577987909895,2026-09-29T01:50:00+00:00,2026-09-29T01:55:00+00:00,9.75,0.5,0.51,0.505,0.01,170.33,687.61,99
2026-09-29T01:45:15.473277+00:00,btc-updown-15m-1790646300,15,5060484,111128908126522003707452457047399738485736636545872111421933696125952302106648,2026-09-29T01:45:00+00:00,2026-09-29T02:00:00+00:00,14.75,0.54,0.55,0.545,0.01,107.0,182.33,99
2026-09-29T01:45:15.473277+00:00,btc-updown-15m-1790647200,15,5060640,46688512480999323827763582875053497230123518538713415271529179049480481644193,2026-09-29T02:00:00+00:00,2026-09-29T02:15:00+00:00,29.75,0.5,0.51,0.505,0.01,428.31,260.0,99
2026-09-29T01:46:16.546686+00:00,btc-updown-5m-1790646300,5,5060486,3880149397417099122628894250255595305766733750011452900875226239229003992142,2026-09-29T01:45:00+00:00,2026-09-29T01:50:00+00:00,3.73,0.92,0.93,0.925,0.01,313.0,810.4,99
2026-09-29T01:46:16.546686+00:00,btc-updown-5m-1790646600,5,5060524,59677037585880964657510230670391508637689091780921711621940213495577987909895,2026-09-29T01:50:00+00:00,2026-09-29T01:55:00+00:00,8.73,0.5,0.51,0.505,0.01,153.33,727.61,99
2026-09-29T01:46:16.546686+00:00,btc-updown-15m-1790646300,15,5060484,111128908126522003707452457047399738485736636545872111421933696125952302106648,2026-09-29T01:45:00+00:00,2026-09-29T02:00:00+00:00,13.73,0.79,0.8,0.795,0.01,264.33,35.0,99
2026-09-29T01:46:16.546686+00:00,btc-updown-15m-1790647200,15,5060640,46688512480999323827763582875053497230123518538713415271529179049480481644193,2026-09-29T02:00:00+00:00,2026-09-29T02:15:00+00:00,28.73,0.5,0.51,0.505,0.01,343.31,355.0,99
2026-09-29T01:47:17.575218+00:00,btc-updown-5m-1790646300,5,5060486,3880149397417099122628894250255595305766733750011452900875226239229003992142,2026-09-29T01:45:00+00:00,2026-09-29T01:50:00+00:00,2.72,0.91,0.92,0.915,0.01,5.0,1115.3,99
2026-09-29T01:47:17.575218+00:00,btc-updown-5m-1790646600,5,5060524,59677037585880964657510230670391508637689091780921711621940213495577987909895,2026-09-29T01:50:00+00:00,2026-09-29T01:55:00+00:00,7.72,0.5,0.51,0.505,0.01,133.92,634.97,99
2026-09-29T01:47:17.575218+00:00,btc-updown-15m-1790646300,15,5060484,111128908126522003707452457047399738485736636545872111421933696125952302106648,2026-09-29T01:45:00+00:00,2026-09-29T02:00:00+00:00,12.72,0.72,0.73,0.725,0.01,192.64,5.0,96
2026-09-29T01:47:17.575218+00:00,btc-updown-15m-1790647200,15,5060640,46688512480999323827763582875053497230123518538713415271529179049480481644193,2026-09-29T02:00:00+00:00,2026-09-29T02:15:00+00:00,27.72,0.5,0.51,0.505,0.01,398.31,265.0,99
2026-09-29T01:48:18.702897+00:00,btc-updown-5m-1790646300,5,5060486,3880149397417099122628894250255595305766733750011452900875226239229003992142,2026-09-29T01:45:00+00:00,2026-09-29T01:50:00+00:00,1.7,0.96,0.97,0.965,0.01,190.0,829.45,99
2026-09-29T01:48:18.702897+00:00,btc-updown-5m-1790646600,5,5060524,59677037585880964657510230670391508637689091780921711621940213495577987909895,2026-09-29T01:50:00+00:00,2026-09-29T01:55:00+00:00,6.7,0.5,0.51,0.505,0.01,20.0,633.0,99
2026-09-29T01:48:18.702897+00:00,btc-updown-15m-1790646300,15,5060484,111128908126522003707452457047399738485736636545872111421933696125952302106648,2026-09-29T01:45:00+00:00,2026-09-29T02:00:00+00:00,11.7,0.69,0.7,0.695,0.01,196.44,233.0,97
2026-09-29T01:48:18.702897+00:00,btc-updown-15m-1790647200,15,5060640,46688512480999323827763582875053497230123518538713415271529179049480481644193,2026-09-29T02:00:00+00:00,2026-09-29T02:15:00+00:00,26.7,0.5,0.51,0.505,0.01,398.31,265.0,99
2026-09-29T01:49:19.788995+00:00,btc-updown-5m-1790646600,5,5060524,59677037585880964657510230670391508637689091780921711621940213495577987909895,2026-09-29T01:50:00+00:00,2026-09-29T01:55:00+00:00,5.68,0.47,0.48,0.475,0.01,350.0,47.0,99
2026-09-29T01:49:19.788995+00:00,btc-updown-15m-1790646300,15,5060484,111128908126522003707452457047399738485736636545872111421933696125952302106648,2026-09-29T01:45:00+00:00,2026-09-29T02:00:00+00:00,10.68,0.66,0.67,0.665,0.01,65.54,47.33,98
2026-09-29T01:49:19.788995+00:00,btc-updown-15m-1790647200,15,5060640,46688512480999323827763582875053497230123518538713415271529179049480481644193,2026-09-29T02:00:00+00:00,2026-09-29T02:15:00+00:00,25.68,0.5,0.51,0.505,0.01,458.31,265.0,99
2026-09-29T01:50:20.708935+00:00,btc-updown-5m-1790646600,5,5060524,59677037585880964657510230670391508637689091780921711621940213495577987909895,2026-09-29T01:50:00+00:00,2026-09-29T01:55:00+00:00,4.67,0.38,0.39,0.385,0.01,769.99,85.0,99
2026-09-29T01:50:20.708935+00:00,btc-updown-5m-1790646900,5,5060604,16211448979586365587295472182394623296867804328856077340386447759254997567646,2026-09-29T01:55:00+00:00,2026-09-29T02:00:00+00:00,9.67,0.5,0.51,0.505,0.01,169.32,712.31,99
2026-09-29T01:50:20.708935+00:00,btc-updown-15m-1790646300,15,5060484,111128908126522003707452457047399738485736636545872111421933696125952302106648,2026-09-29T01:45:00+00:00,2026-09-29T02:00:00+00:00,9.67,0.6,0.61,0.605,0.01,5.0,561.03,99
2026-09-29T01:50:20.708935+00:00,btc-updown-15m-1790647200,15,5060640,46688512480999323827763582875053497230123518538713415271529179049480481644193,2026-09-29T02:00:00+00:00,2026-09-29T02:15:00+00:00,24.67,0.5,0.51,0.505,0.01,458.31,265.0,99
2026-09-29T01:51:21.776472+00:00,btc-updown-5m-1790646600,5,5060524,59677037585880964657510230670391508637689091780921711621940213495577987909895,2026-09-29T01:50:00+00:00,2026-09-29T01:55:00+00:00,3.65,0.16,0.17,0.165,0.01,148.0,5.0,98
2026-09-29T01:51:21.776472+00:00,btc-updown-5m-1790646900,5,5060604,16211448979586365587295472182394623296867804328856077340386447759254997567646,2026-09-29T01:55:00+00:00,2026-09-29T02:00:00+00:00,8.65,0.5,0.51,0.505,0.01,214.32,658.38,99
2026-09-29T01:51:21.776472+00:00,btc-updown-15m-1790646300,15,5060484,111128908126522003707452457047399738485736636545872111421933696125952302106648,2026-09-29T01:45:00+00:00,2026-09-29T02:00:00+00:00,8.65,0.42,0.43,0.425,0.01,28.0,60.0,97
2026-09-29T01:51:21.776472+00:00,btc-updown-15m-1790647200,15,5060640,46688512480999323827763582875053497230123518538713415271529179049480481644193,2026-09-29T02:00:00+00:00,2026-09-29T02:15:00+00:00,23.65,0.5,0.51,0.505,0.01,578.31,265.0,99
2026-09-29T01:52:22.827474+00:00,btc-updown-5m-1790646600,5,5060524,59677037585880964657510230670391508637689091780921711621940213495577987909895,2026-09-29T01:50:00+00:00,2026-09-29T01:55:00+00:00,2.63,0.1,0.11,0.105,0.01,223.97,578.76,99
2026-09-29T01:52:22.827474+00:00,btc-updown-5m-1790646900,5,5060604,16211448979586365587295472182394623296867804328856077340386447759254997567646,2026-09-29T01:55:00+00:00,2026-09-29T02:00:00+00:00,7.63,0.5,0.51,0.505,0.01,214.32,531.96,99
2026-09-29T01:52:22.827474+00:00,btc-updown-15m-1790646300,15,5060484,111128908126522003707452457047399738485736636545872111421933696125952302106648,2026-09-29T01:45:00+00:00,2026-09-29T02:00:00+00:00,7.63,0.45,0.46,0.455,0.01,10.0,197.6,97
2026-09-29T01:52:22.827474+00:00,btc-updown-15m-1790647200,15,5060640,46688512480999323827763582875053497230123518538713415271529179049480481644193,2026-09-29T02:00:00+00:00,2026-09-29T02:15:00+00:00,22.63,0.5,0.51,0.505,0.01,578.31,265.0,99
2026-09-29T01:53:23.909323+00:00,btc-updown-5m-1790646600,5,5060524,59677037585880964657510230670391508637689091780921711621940213495577987909895,2026-09-29T01:50:00+00:00,2026-09-29T01:55:00+00:00,1.62,0.96,0.97,0.965,0.01,1841.6,482.5,99
2026-09-29T01:53:23.909323+00:00,btc-updown-5m-1790646900,5,5060604,16211448979586365587295472182394623296867804328856077340386447759254997567646,2026-09-29T01:55:00+00:00,2026-09-29T02:00:00+00:00,6.62,0.5,0.51,0.505,0.01,74.32,718.96,99
2026-09-29T01:53:23.909323+00:00,btc-updown-15m-1790646300,15,5060484,111128908126522003707452457047399738485736636545872111421933696125952302106648,2026-09-29T01:45:00+00:00,2026-09-29T02:00:00+00:00,6.62,0.9,0.91,0.905,0.01,148.06,171.97,85
2026-09-29T01:53:23.909323+00:00,btc-updown-15m-1790647200,15,5060640,46688512480999323827763582875053497230123518538713415271529179049480481644193,2026-09-29T02:00:00+00:00,2026-09-29T02:15:00+00:00,21.62,0.5,0.51,0.505,0.01,368.31,355.0,99
2026-09-29T01:54:24.982447+00:00,btc-updown-5m-1790646900,5,5060604,16211448979586365587295472182394623296867804328856077340386447759254997567646,2026-09-29T01:55:00+00:00,2026-09-29T02:00:00+00:00,5.6,0.5,0.51,0.505,0.01,6.32,613.06,99
2026-09-29T01:54:24.982447+00:00,btc-updown-15m-1790646300,15,5060484,111128908126522003707452457047399738485736636545872111421933696125952302106648,2026-09-29T01:45:00+00:00,2026-09-29T02:00:00+00:00,5.6,0.81,0.82,0.815,0.01,30.75,1443.84,90
2026-09-29T01:54:24.982447+00:00,btc-updown-15m-1790647200,15,5060640,46688512480999323827763582875053497230123518538713415271529179049480481644193,2026-09-29T02:00:00+00:00,2026-09-29T02:15:00+00:00,20.6,0.5,0.51,0.505,0.01,363.31,265.0,99
2026-09-29T01:55:25.939490+00:00,btc-updown-5m-1790646900,5,5060604,16211448979586365587295472182394623296867804328856077340386447759254997567646,2026-09-29T01:55:00+00:00,2026-09-29T02:00:00+00:00,4.58,0.54,0.55,0.545,0.01,86.0,1628.12,99
2026-09-29T01:55:25.939490+00:00,btc-updown-5m-1790647200,5,5060617,87303117923506128031105662082809573188165701844294294273622817622482171260788,2026-09-29T02:00:00+00:00,2026-09-29T02:05:00+00:00,9.58,0.5,0.51,0.505,0.01,149.96,722.47,99
2026-09-29T01:55:25.939490+00:00,btc-updown-15m-1790646300,15,5060484,111128908126522003707452457047399738485736636545872111421933696125952302106648,2026-09-29T01:45:00+00:00,2026-09-29T02:00:00+00:00,4.58,0.88,0.89,0.885,0.01,107.83,130.58,85
2026-09-29T01:55:25.939490+00:00,btc-updown-15m-1790647200,15,5060640,46688512480999323827763582875053497230123518538713415271529179049480481644193,2026-09-29T02:00:00+00:00,2026-09-29T02:15:00+00:00,19.58,0.5,0.51,0.505,0.01,368.31,295.0,99
2026-09-29T01:56:26.975427+00:00,btc-updown-5m-1790646900,5,5060604,16211448979586365587295472182394623296867804328856077340386447759254997567646,2026-09-29T01:55:00+00:00,2026-09-29T02:00:00+00:00,3.57,0.53,0.54,0.535,0.01,85.0,1297.41,99
2026-09-29T01:56:26.975427+00:00,btc-updown-5m-1790647200,5,5060617,87303117923506128031105662082809573188165701844294294273622817622482171260788,2026-09-29T02:00:00+00:00,2026-09-29T02:05:00+00:00,8.57,0.5,0.51,0.505,0.01,131.96,630.47,99
2026-09-29T01:56:26.975427+00:00,btc-updown-15m-1790646300,15,5060484,111128908126522003707452457047399738485736636545872111421933696125952302106648,2026-09-29T01:45:00+00:00,2026-09-29T02:00:00+00:00,3.57,0.92,0.93,0.925,0.01,296.57,20.0,85
2026-09-29T01:56:26.975427+00:00,btc-updown-15m-1790647200,15,5060640,46688512480999323827763582875053497230123518538713415271529179049480481644193,2026-09-29T02:00:00+00:00,2026-09-29T02:15:00+00:00,18.57,0.5,0.51,0.505,0.01,393.31,295.0,99
2026-09-29T01:57:28.045235+00:00,btc-updown-5m-1790646900,5,5060604,16211448979586365587295472182394623296867804328856077340386447759254997567646,2026-09-29T01:55:00+00:00,2026-09-29T02:00:00+00:00,2.53,0.55,0.56,0.555,0.01,20.0,275.33,99
2026-09-29T01:57:28.045235+00:00,btc-updown-5m-1790647200,5,5060617,87303117923506128031105662082809573188165701844294294273622817622482171260788,2026-09-29T02:00:00+00:00,2026-09-29T02:05:00+00:00,7.53,0.5,0.51,0.505,0.01,131.96,630.47,99
2026-09-29T01:57:28.045235+00:00,btc-updown-15m-1790646300,15,5060484,111128908126522003707452457047399738485736636545872111421933696125952302106648,2026-09-29T01:45:00+00:00,2026-09-29T02:00:00+00:00,2.53,0.96,0.97,0.965,0.01,381.17,10.0,86
2026-09-29T01:57:28.045235+00:00,btc-updown-15m-1790647200,15,5060640,46688512480999323827763582875053497230123518538713415271529179049480481644193,2026-09-29T02:00:00+00:00,2026-09-29T02:15:00+00:00,17.53,0.5,0.51,0.505,0.01,398.4,265.0,99
2026-09-29T01:58:29.174787+00:00,btc-updown-5m-1790646900,5,5060604,16211448979586365587295472182394623296867804328856077340386447759254997567646,2026-09-29T01:55:00+00:00,2026-09-29T02:00:00+00:00,1.52,0.84,0.85,0.845,0.01,364.44,128.63,99
2026-09-29T01:58:29.174787+00:00,btc-updown-5m-1790647200,5,5060617,87303117923506128031105662082809573188165701844294294273622817622482171260788,2026-09-29T02:00:00+00:00,2026-09-29T02:05:00+00:00,6.52,0.5,0.51,0.505,0.01,41.96,745.5,99
2026-09-29T01:58:29.174787+00:00,btc-updown-15m-1790647200,15,5060640,46688512480999323827763582875053497230123518538713415271529179049480481644193,2026-09-29T02:00:00+00:00,2026-09-29T02:15:00+00:00,16.52,0.5,0.51,0.505,0.01,387.43,283.01,99
2026-09-29T01:59:30.132142+00:00,btc-updown-5m-1790647200,5,5060617,87303117923506128031105662082809573188165701844294294273622817622482171260788,2026-09-29T02:00:00+00:00,2026-09-29T02:05:00+00:00,5.5,0.48,0.49,0.485,0.01,165.8,20.0,99
2026-09-29T01:59:30.132142+00:00,btc-updown-15m-1790647200,15,5060640,46688512480999323827763582875053497230123518538713415271529179049480481644193,2026-09-29T02:00:00+00:00,2026-09-29T02:15:00+00:00,15.5,0.5,0.51,0.505,0.01,90.0,23.03,81
2026-09-29T02:00:31.020940+00:00,btc-updown-5m-1790647200,5,5060617,87303117923506128031105662082809573188165701844294294273622817622482171260788,2026-09-29T02:00:00+00:00,2026-09-29T02:05:00+00:00,4.48,0.66,0.67,0.665,0.01,1541.0,265.0,99
2026-09-29T02:00:31.020940+00:00,btc-updown-5m-1790647500,5,5060677,79974659846414776322653348145323797691700117524768109421075312897454382290504,2026-09-29T02:05:00+00:00,2026-09-29T02:10:00+00:00,9.48,0.5,0.51,0.505,0.01,132.17,829.6,99
2026-09-29T02:00:31.020940+00:00,btc-updown-15m-1790647200,15,5060640,46688512480999323827763582875053497230123518538713415271529179049480481644193,2026-09-29T02:00:00+00:00,2026-09-29T02:15:00+00:00,14.48,0.55,0.56,0.555,0.01,215.96,21.42,98
2026-09-29T02:00:31.020940+00:00,btc-updown-15m-1790648100,15,5060731,109714132609680400199876258106409342714853656382766909607029361428812843696575,2026-09-29T02:15:00+00:00,2026-09-29T02:30:00+00:00,29.48,0.5,0.51,0.505,0.01,42.51,510.81,99
2026-09-29T02:01:32.419327+00:00,btc-updown-5m-1790647200,5,5060617,87303117923506128031105662082809573188165701844294294273622817622482171260788,2026-09-29T02:00:00+00:00,2026-09-29T02:05:00+00:00,3.47,0.41,0.42,0.415,0.01,29.91,269.24,99
2026-09-29T02:01:32.419327+00:00,btc-updown-5m-1790647500,5,5060677,79974659846414776322653348145323797691700117524768109421075312897454382290504,2026-09-29T02:05:00+00:00,2026-09-29T02:10:00+00:00,8.47,0.5,0.51,0.505,0.01,132.17,840.67,99
2026-09-29T02:01:32.419327+00:00,btc-updown-15m-1790647200,15,5060640,46688512480999323827763582875053497230123518538713415271529179049480481644193,2026-09-29T02:00:00+00:00,2026-09-29T02:15:00+00:00,13.47,0.47,0.48,0.475,0.01,5.0,514.93,96
2026-09-29T02:01:32.419327+00:00,btc-updown-15m-1790648100,15,5060731,109714132609680400199876258106409342714853656382766909607029361428812843696575,2026-09-29T02:15:00+00:00,2026-09-29T02:30:00+00:00,28.47,0.5,0.51,0.505,0.01,47.51,445.81,99
2026-09-29T02:02:33.517574+00:00,btc-updown-5m-1790647200,5,5060617,87303117923506128031105662082809573188165701844294294273622817622482171260788,2026-09-29T02:00:00+00:00,2026-09-29T02:05:00+00:00,2.45,0.27,0.28,0.275,0.01,169.5,355.64,99
2026-09-29T02:02:33.517574+00:00,btc-updown-5m-1790647500,5,5060677,79974659846414776322653348145323797691700117524768109421075312897454382290504,2026-09-29T02:05:00+00:00,2026-09-29T02:10:00+00:00,7.45,0.5,0.51,0.505,0.01,132.17,800.67,99
2026-09-29T02:02:33.517574+00:00,btc-updown-15m-1790647200,15,5060640,46688512480999323827763582875053497230123518538713415271529179049480481644193,2026-09-29T02:00:00+00:00,2026-09-29T02:15:00+00:00,12.45,0.41,0.42,0.415,0.01,84.99,300.43,95
2026-09-29T02:02:33.517574+00:00,btc-updown-15m-1790648100,15,5060731,109714132609680400199876258106409342714853656382766909607029361428812843696575,2026-09-29T02:15:00+00:00,2026-09-29T02:30:00+00:00,27.45,0.5,0.51,0.505,0.01,77.51,305.81,99
2026-09-29T02:03:34.570760+00:00,btc-updown-5m-1790647200,5,5060617,87303117923506128031105662082809573188165701844294294273622817622482171260788,2026-09-29T02:00:00+00:00,2026-09-29T02:05:00+00:00,1.43,0.05,0.06,0.055,0.01,595.52,233.37,99
2026-09-29T02:03:34.570760+00:00,btc-updown-5m-1790647500,5,5060677,79974659846414776322653348145323797691700117524768109421075312897454382290504,2026-09-29T02:05:00+00:00,2026-09-29T02:10:00+00:00,6.43,0.5,0.51,0.505,0.01,62.17,382.48,99
2026-09-29T02:03:34.570760+00:00,btc-updown-15m-1790647200,15,5060640,46688512480999323827763582875053497230123518538713415271529179049480481644193,2026-09-29T02:00:00+00:00,2026-09-29T02:15:00+00:00,11.43,0.33,0.34,0.335,0.01,450.59,110.0,95
2026-09-29T02:03:34.570760+00:00,btc-updown-15m-1790648100,15,5060731,109714132609680400199876258106409342714853656382766909607029361428812843696575,2026-09-29T02:15:00+00:00,2026-09-29T02:30:00+00:00,26.43,0.5,0.51,0.505,0.01,77.51,305.81,99
2026-09-29T02:04:35.641962+00:00,btc-updown-5m-1790647500,5,5060677,79974659846414776322653348145323797691700117524768109421075312897454382290504,2026-09-29T02:05:00+00:00,2026-09-29T02:10:00+00:00,5.42,0.51,0.52,0.515,0.01,450.08,20.0,99
2026-09-29T02:04:35.641962+00:00,btc-updown-15m-1790647200,15,5060640,46688512480999323827763582875053497230123518538713415271529179049480481644193,2026-09-29T02:00:00+00:00,2026-09-29T02:15:00+00:00,10.42,0.35,0.36,0.355,0.01,1652.74,5.0,92
2026-09-29T02:04:35.641962+00:00,btc-updown-15m-1790648100,15,5060731,109714132609680400199876258106409342714853656382766909607029361428812843696575,2026-09-29T02:15:00+00:00,2026-09-29T02:30:00+00:00,25.42,0.5,0.51,0.505,0.01,77.51,305.81,99
2026-09-29T02:05:36.544822+00:00,btc-updown-5m-1790647500,5,5060677,79974659846414776322653348145323797691700117524768109421075312897454382290504,2026-09-29T02:05:00+00:00,2026-09-29T02:10:00+00:00,4.4,0.38,0.39,0.385,0.01,30.91,1701.62,99
2026-09-29T02:05:36.544822+00:00,btc-updown-5m-1790647800,5,5060715,90026318095496487346815306523034078274487881481114947180768602834759229552477,2026-09-29T02:10:00+00:00,2026-09-29T02:15:00+00:00,9.4,0.5,0.51,0.505,0.01,193.91,530.77,99
2026-09-29T02:05:36.544822+00:00,btc-updown-15m-1790647200,15,5060640,46688512480999323827763582875053497230123518538713415271529179049480481644193,2026-09-29T02:00:00+00:00,2026-09-29T02:15:00+00:00,9.4,0.29,0.3,0.295,0.01,114.99,430.33,90
2026-09-29T02:05:36.544822+00:00,btc-updown-15m-1790648100,15,5060731,109714132609680400199876258106409342714853656382766909607029361428812843696575,2026-09-29T02:15:00+00:00,2026-09-29T02:30:00+00:00,24.4,0.5,0.51,0.505,0.01,77.51,305.81,99
2026-09-29T02:06:37.615259+00:00,btc-updown-5m-1790647500,5,5060677,79974659846414776322653348145323797691700117524768109421075312897454382290504,2026-09-29T02:05:00+00:00,2026-09-29T02:10:00+00:00,3.38,0.23,0.24,0.235,0.01,900.7,89.5,99
2026-09-29T02:06:37.615259+00:00,btc-updown-5m-1790647800,5,5060715,90026318095496487346815306523034078274487881481114947180768602834759229552477,2026-09-29T02:10:00+00:00,2026-09-29T02:15:00+00:00,8.38,0.5,0.51,0.505,0.01,70.0,241.65,99
2026-09-29T02:06:37.615259+00:00,btc-updown-15m-1790647200,15,5060640,46688512480999323827763582875053497230123518538713415271529179049480481644193,2026-09-29T02:00:00+00:00,2026-09-29T02:15:00+00:00,8.38,0.2,0.21,0.205,0.01,423.1,10.0,88
2026-09-29T02:06:37.615259+00:00,btc-updown-15m-1790648100,15,5060731,109714132609680400199876258106409342714853656382766909607029361428812843696575,2026-09-29T02:15:00+00:00,2026-09-29T02:30:00+00:00,23.38,0.5,0.51,0.505,0.01,162.51,305.81,99
2026-09-29T02:07:38.653306+00:00,btc-updown-5m-1790647500,5,5060677,79974659846414776322653348145323797691700117524768109421075312897454382290504,2026-09-29T02:05:00+00:00,2026-09-29T02:10:00+00:00,2.37,0.45,0.46,0.455,0.01,384.53,707.32,99
2026-09-29T02:07:38.653306+00:00,btc-updown-5m-1790647800,5,5060715,90026318095496487346815306523034078274487881481114947180768602834759229552477,2026-09-29T02:10:00+00:00,2026-09-29T02:15:00+00:00,7.37,0.5,0.51,0.505,0.01,7.0,29.0,99
2026-09-29T02:07:38.653306+00:00,btc-updown-15m-1790647200,15,5060640,46688512480999323827763582875053497230123518538713415271529179049480481644193,2026-09-29T02:00:00+00:00,2026-09-29T02:15:00+00:00,7.37,0.28,0.29,0.285,0.01,20.0,292.98,95
2026-09-29T02:07:38.653306+00:00,btc-updown-15m-1790648100,15,5060731,109714132609680400199876258106409342714853656382766909607029361428812843696575,2026-09-29T02:15:00+00:00,2026-09-29T02:30:00+00:00,22.37,0.5,0.51,0.505,0.01,77.51,305.81,99
2026-09-29T02:08:39.824533+00:00,btc-updown-5m-1790647500,5,5060677,79974659846414776322653348145323797691700117524768109421075312897454382290504,2026-09-29T02:05:00+00:00,2026-09-29T02:10:00+00:00,1.35,0.74,0.76,0.75,0.02,37.01,5.0,98
2026-09-29T02:08:39.824533+00:00,btc-updown-5m-1790647800,5,5060715,90026318095496487346815306523034078274487881481114947180768602834759229552477,2026-09-29T02:10:00+00:00,2026-09-29T02:15:00+00:00,6.35,0.5,0.51,0.505,0.01,5.0,49.0,99
2026-09-29T02:08:39.824533+00:00,btc-updown-15m-1790647200,15,5060640,46688512480999323827763582875053497230123518538713415271529179049480481644193,2026-09-29T02:00:00+00:00,2026-09-29T02:15:00+00:00,6.35,0.37,0.38,0.375,0.01,112.33,66.51,93
2026-09-29T02:08:39.824533+00:00,btc-updown-15m-1790648100,15,5060731,109714132609680400199876258106409342714853656382766909607029361428812843696575,2026-09-29T02:15:00+00:00,2026-09-29T02:30:00+00:00,21.35,0.5,0.51,0.505,0.01,47.51,305.81,99
2026-09-29T02:09:40.967869+00:00,btc-updown-5m-1790647800,5,5060715,90026318095496487346815306523034078274487881481114947180768602834759229552477,2026-09-29T02:10:00+00:00,2026-09-29T02:15:00+00:00,5.33,0.5,0.51,0.505,0.01,96.0,140.8,99
2026-09-29T02:09:40.967869+00:00,btc-updown-15m-1790647200,15,5060640,46688512480999323827763582875053497230123518538713415271529179049480481644193,2026-09-29T02:00:00+00:00,2026-09-29T02:15:00+00:00,5.33,0.14,0.15,0.145,0.01,620.02,150.0,89
2026-09-29T02:09:40.967869+00:00,btc-updown-15m-1790648100,15,5060731,109714132609680400199876258106409342714853656382766909607029361428812843696575,2026-09-29T02:15:00+00:00,2026-09-29T02:30:00+00:00,20.33,0.5,0.51,0.505,0.01,77.51,305.81,99
2026-09-29T02:10:41.908741+00:00,btc-updown-5m-1790647800,5,5060715,90026318095496487346815306523034078274487881481114947180768602834759229552477,2026-09-29T02:10:00+00:00,2026-09-29T02:15:00+00:00,4.32,0.47,0.49,0.48,0.02,10.0,5.0,98
2026-09-29T02:10:41.908741+00:00,btc-updown-5m-1790648100,5,5060725,58498873423275696684103128511542144754218631063814101667321127397570075583297,2026-09-29T02:15:00+00:00,2026-09-29T02:20:00+00:00,9.32,0.5,0.51,0.505,0.01,287.39,513.33,99
2026-09-29T02:10:41.908741+00:00,btc-updown-15m-1790647200,15,5060640,46688512480999323827763582875053497230123518538713415271529179049480481644193,2026-09-29T02:00:00+00:00,2026-09-29T02:15:00+00:00,4.32,0.13,0.14,0.135,0.01,50.0,261.0,84
2026-09-29T02:10:41.908741+00:00,btc-updown-15m-1790648100,15,5060731,109714132609680400199876258106409342714853656382766909607029361428812843696575,2026-09-29T02:15:00+00:00,2026-09-29T02:30:00+00:00,19.32,0.5,0.51,0.505,0.01,77.51,320.81,99
2026-09-29T02:11:42.975172+00:00,btc-updown-5m-1790647800,5,5060715,90026318095496487346815306523034078274487881481114947180768602834759229552477,2026-09-29T02:10:00+00:00,2026-09-29T02:15:00+00:00,3.3,0.21,0.22,0.215,0.01,70.0,265.16,99
2026-09-29T02:11:42.975172+00:00,btc-updown-5m-1790648100,5,5060725,58498873423275696684103128511542144754218631063814101667321127397570075583297,2026-09-29T02:15:00+00:00,2026-09-29T02:20:00+00:00,8.3,0.5,0.51,0.505,0.01,357.39,501.56,99
2026-09-29T02:11:42.975172+00:00,btc-updown-15m-1790647200,15,5060640,46688512480999323827763582875053497230123518538713415271529179049480481644193,2026-09-29T02:00:00+00:00,2026-09-29T02:15:00+00:00,3.3,0.02,0.03,0.025,0.01,14.77,250.45,75
2026-09-29T02:11:42.975172+00:00,btc-updown-15m-1790648100,15,5060731,109714132609680400199876258106409342714853656382766909607029361428812843696575,2026-09-29T02:15:00+00:00,2026-09-29T02:30:00+00:00,18.3,0.5,0.51,0.505,0.01,192.6,275.39,99
2026-09-29T02:12:44.046390+00:00,btc-updown-5m-1790647800,5,5060715,90026318095496487346815306523034078274487881481114947180768602834759229552477,2026-09-29T02:10:00+00:00,2026-09-29T02:15:00+00:00,2.27,0.57,0.58,0.575,0.01,1283.8,50.0,99
2026-09-29T02:12:44.046390+00:00,btc-updown-5m-1790648100,5,5060725,58498873423275696684103128511542144754218631063814101667321127397570075583297,2026-09-29T02:15:00+00:00,2026-09-29T02:20:00+00:00,7.27,0.5,0.51,0.505,0.01,187.67,501.56,99
2026-09-29T02:12:44.046390+00:00,btc-updown-15m-1790647200,15,5060640,46688512480999323827763582875053497230123518538713415271529179049480481644193,2026-09-29T02:00:00+00:00,2026-09-29T02:15:00+00:00,2.27,0.08,0.09,0.085,0.01,110.0,53.0,85
2026-09-29T02:12:44.046390+00:00,btc-updown-15m-1790648100,15,5060731,109714132609680400199876258106409342714853656382766909607029361428812843696575,2026-09-29T02:15:00+00:00,2026-09-29T02:30:00+00:00,17.27,0.5,0.51,0.505,0.01,107.6,275.39,99
2026-09-29T02:13:45.153336+00:00,btc-updown-5m-1790647800,5,5060715,90026318095496487346815306523034078274487881481114947180768602834759229552477,2026-09-29T02:10:00+00:00,2026-09-29T02:15:00+00:00,1.25,0.97,0.98,0.975,0.01,823.22,1467.0,99
2026-09-29T02:13:45.153336+00:00,btc-updown-5m-1790648100,5,5060725,58498873423275696684103128511542144754218631063814101667321127397570075583297,2026-09-29T02:15:00+00:00,2026-09-29T02:20:00+00:00,6.25,0.5,0.51,0.505,0.01,105.67,561.56,99
2026-09-29T02:13:45.153336+00:00,btc-updown-15m-1790647200,15,5060640,46688512480999323827763582875053497230123518538713415271529179049480481644193,2026-09-29T02:00:00+00:00,2026-09-29T02:15:00+00:00,1.25,0.224,0.229,0.2265,0.005,23.33,20.0,84
2026-09-29T02:13:45.153336+00:00,btc-updown-15m-1790648100,15,5060731,109714132609680400199876258106409342714853656382766909607029361428812843696575,2026-09-29T02:15:00+00:00,2026-09-29T02:30:00+00:00,16.25,0.5,0.51,0.505,0.01,55.6,298.42,99
2026-09-29T02:14:46.220148+00:00,btc-updown-5m-1790648100,5,5060725,58498873423275696684103128511542144754218631063814101667321127397570075583297,2026-09-29T02:15:00+00:00,2026-09-29T02:20:00+00:00,5.23,0.48,0.49,0.485,0.01,24.2,556.28,99
2026-09-29T02:14:46.220148+00:00,btc-updown-15m-1790648100,15,5060731,109714132609680400199876258106409342714853656382766909607029361428812843696575,2026-09-29T02:15:00+00:00,2026-09-29T02:30:00+00:00,15.23,0.5,0.51,0.505,0.01,20.0,170.97,79
2026-09-29T02:15:47.034557+00:00,btc-updown-5m-1790648100,5,5060725,58498873423275696684103128511542144754218631063814101667321127397570075583297,2026-09-29T02:15:00+00:00,2026-09-29T02:20:00+00:00,4.22,0.46,0.47,0.465,0.01,271.41,56.0,99
2026-09-29T02:15:47.034557+00:00,btc-updown-5m-1790648400,5,5060744,95260391244600043593918423257287656321970575259512092497846143930168959073965,2026-09-29T02:20:00+00:00,2026-09-29T02:25:00+00:00,9.22,0.5,0.51,0.505,0.01,312.0,714.52,99
2026-09-29T02:15:47.034557+00:00,btc-updown-15m-1790648100,15,5060731,109714132609680400199876258106409342714853656382766909607029361428812843696575,2026-09-29T02:15:00+00:00,2026-09-29T02:30:00+00:00,14.22,0.49,0.5,0.495,0.01,79.11,289.84,97
2026-09-29T02:15:47.034557+00:00,btc-updown-15m-1790649000,15,5060804,82988826686441142800465279123597517243907811136629368338598438095255190337553,2026-09-29T02:30:00+00:00,2026-09-29T02:45:00+00:00,29.22,0.49,0.5,0.495,0.01,667.25,40.0,99
2026-09-29T02:16:48.081318+00:00,btc-updown-5m-1790648100,5,5060725,58498873423275696684103128511542144754218631063814101667321127397570075583297,2026-09-29T02:15:00+00:00,2026-09-29T02:20:00+00:00,3.2,0.58,0.59,0.585,0.01,128.0,594.93,99
2026-09-29T02:16:48.081318+00:00,btc-updown-5m-1790648400,5,5060744,95260391244600043593918423257287656321970575259512092497846143930168959073965,2026-09-29T02:20:00+00:00,2026-09-29T02:25:00+00:00,8.2,0.5,0.51,0.505,0.01,295.0,734.52,99
2026-09-29T02:16:48.081318+00:00,btc-updown-15m-1790648100,15,5060731,109714132609680400199876258106409342714853656382766909607029361428812843696575,2026-09-29T02:15:00+00:00,2026-09-29T02:30:00+00:00,13.2,0.55,0.56,0.555,0.01,40.0,214.36,98
2026-09-29T02:16:48.081318+00:00,btc-updown-15m-1790649000,15,5060804,82988826686441142800465279123597517243907811136629368338598438095255190337553,2026-09-29T02:30:00+00:00,2026-09-29T02:45:00+00:00,28.2,0.49,0.5,0.495,0.01,722.25,50.0,99
2026-09-29T02:17:49.104251+00:00,btc-updown-5m-1790648100,5,5060725,58498873423275696684103128511542144754218631063814101667321127397570075583297,2026-09-29T02:15:00+00:00,2026-09-29T02:20:00+00:00,2.18,0.31,0.32,0.315,0.01,1016.43,50.0,99
2026-09-29T02:17:49.104251+00:00,btc-updown-5m-1790648400,5,5060744,95260391244600043593918423257287656321970575259512092497846143930168959073965,2026-09-29T02:20:00+00:00,2026-09-29T02:25:00+00:00,7.18,0.5,0.51,0.505,0.01,295.0,637.52,99
2026-09-29T02:17:49.104251+00:00,btc-updown-15m-1790648100,15,5060731,109714132609680400199876258106409342714853656382766909607029361428812843696575,2026-09-29T02:15:00+00:00,2026-09-29T02:30:00+00:00,12.18,0.47,0.48,0.475,0.01,73.33,37.0,93
2026-09-29T02:17:49.104251+00:00,btc-updown-15m-1790649000,15,5060804,82988826686441142800465279123597517243907811136629368338598438095255190337553,2026-09-29T02:30:00+00:00,2026-09-29T02:45:00+00:00,27.18,0.49,0.5,0.495,0.01,646.23,50.0,99
2026-09-29T02:18:50.165311+00:00,btc-updown-5m-1790648100,5,5060725,58498873423275696684103128511542144754218631063814101667321127397570075583297,2026-09-29T02:15:00+00:00,2026-09-29T02:20:00+00:00,1.17,0.89,0.9,0.895,0.01,740.0,444.66,99
2026-09-29T02:18:50.165311+00:00,btc-updown-5m-1790648400,5,5060744,95260391244600043593918423257287656321970575259512092497846143930168959073965,2026-09-29T02:20:00+00:00,2026-09-29T02:25:00+00:00,6.17,0.5,0.51,0.505,0.01,295.0,673.71,99
2026-09-29T02:18:50.165311+00:00,btc-updown-15m-1790648100,15,5060731,109714132609680400199876258106409342714853656382766909607029361428812843696575,2026-09-29T02:15:00+00:00,2026-09-29T02:30:00+00:00,11.17,0.61,0.62,0.615,0.01,172.23,205.0,95
2026-09-29T02:18:50.165311+00:00,btc-updown-15m-1790649000,15,5060804,82988826686441142800465279123597517243907811136629368338598438095255190337553,2026-09-29T02:30:00+00:00,2026-09-29T02:45:00+00:00,26.17,0.49,0.5,0.495,0.01,646.23,50.0,99
2026-09-29T02:19:51.240979+00:00,btc-updown-5m-1790648400,5,5060744,95260391244600043593918423257287656321970575259512092497846143930168959073965,2026-09-29T02:20:00+00:00,2026-09-29T02:25:00+00:00,5.15,0.56,0.57,0.565,0.01,10.0,5.0,99
2026-09-29T02:19:51.240979+00:00,btc-updown-15m-1790648100,15,5060731,109714132609680400199876258106409342714853656382766909607029361428812843696575,2026-09-29T02:15:00+00:00,2026-09-29T02:30:00+00:00,10.15,0.65,0.66,0.655,0.01,35.0,304.83,97
2026-09-29T02:19:51.240979+00:00,btc-updown-15m-1790649000,15,5060804,82988826686441142800465279123597517243907811136629368338598438095255190337553,2026-09-29T02:30:00+00:00,2026-09-29T02:45:00+00:00,25.15,0.49,0.5,0.495,0.01,621.23,50.0,99
2026-09-29T02:20:52.159433+00:00,btc-updown-5m-1790648400,5,5060744,95260391244600043593918423257287656321970575259512092497846143930168959073965,2026-09-29T02:20:00+00:00,2026-09-29T02:25:00+00:00,4.13,0.81,0.82,0.815,0.01,41.0,1137.82,99
2026-09-29T02:20:52.159433+00:00,btc-updown-5m-1790648700,5,5060753,16978826445673361826128358546694190588050938672941477979725877782881100678082,2026-09-29T02:25:00+00:00,2026-09-29T02:30:00+00:00,9.13,0.5,0.51,0.505,0.01,281.62,786.16,99
2026-09-29T02:20:52.159433+00:00,btc-updown-15m-1790648100,15,5060731,109714132609680400199876258106409342714853656382766909607029361428812843696575,2026-09-29T02:15:00+00:00,2026-09-29T02:30:00+00:00,9.13,0.81,0.82,0.815,0.01,245.18,1497.17,91
2026-09-29T02:20:52.159433+00:00,btc-updown-15m-1790649000,15,5060804,82988826686441142800465279123597517243907811136629368338598438095255190337553,2026-09-29T02:30:00+00:00,2026-09-29T02:45:00+00:00,24.13,0.49,0.5,0.495,0.01,555.61,381.0,99
2026-09-29T02:21:53.269266+00:00,btc-updown-5m-1790648400,5,5060744,95260391244600043593918423257287656321970575259512092497846143930168959073965,2026-09-29T02:20:00+00:00,2026-09-29T02:25:00+00:00,3.12,0.34,0.35,0.345,0.01,66.0,985.78,99
2026-09-29T02:21:53.269266+00:00,btc-updown-5m-1790648700,5,5060753,16978826445673361826128358546694190588050938672941477979725877782881100678082,2026-09-29T02:25:00+00:00,2026-09-29T02:30:00+00:00,8.12,0.5,0.51,0.505,0.01,286.62,717.23,99
2026-09-29T02:21:53.269266+00:00,btc-updown-15m-1790648100,15,5060731,109714132609680400199876258106409342714853656382766909607029361428812843696575,2026-09-29T02:15:00+00:00,2026-09-29T02:30:00+00:00,8.12,0.53,0.54,0.535,0.01,80.46,219.96,97
2026-09-29T02:21:53.269266+00:00,btc-updown-15m-1790649000,15,5060804,82988826686441142800465279123597517243907811136629368338598438095255190337553,2026-09-29T02:30:00+00:00,2026-09-29T02:45:00+00:00,23.12,0.49,0.5,0.495,0.01,629.09,110.0,99
2026-09-29T02:22:54.305780+00:00,btc-updown-5m-1790648700,5,5060753,16978826445673361826128358546694190588050938672941477979725877782881100678082,2026-09-29T02:25:00+00:00,2026-09-29T02:30:00+00:00,7.1,0.5,0.51,0.505,0.01,438.3,486.01,99
2026-09-29T02:22:54.305780+00:00,btc-updown-15m-1790648100,15,5060731,109714132609680400199876258106409342714853656382766909607029361428812843696575,2026-09-29T02:15:00+00:00,2026-09-29T02:30:00+00:00,7.1,0.24,0.25,0.245,0.01,203.56,172.0,85
2026-09-29T02:22:54.305780+00:00,btc-updown-15m-1790649000,15,5060804,82988826686441142800465279123597517243907811136629368338598438095255190337553,2026-09-29T02:30:00+00:00,2026-09-29T02:45:00+00:00,22.1,0.49,0.5,0.495,0.01,1018.48,70.0,99
2026-09-29T02:23:55.246777+00:00,btc-updown-5m-1790648700,5,5060753,16978826445673361826128358546694190588050938672941477979725877782881100678082,2026-09-29T02:25:00+00:00,2026-09-29T02:30:00+00:00,6.08,0.5,0.51,0.505,0.01,267.74,32.0,99
2026-09-29T02:23:55.246777+00:00,btc-updown-15m-1790648100,15,5060731,109714132609680400199876258106409342714853656382766909607029361428812843696575,2026-09-29T02:15:00+00:00,2026-09-29T02:30:00+00:00,6.08,0.39,0.4,0.395,0.01,40.0,143.0,89
2026-09-29T02:23:55.246777+00:00,btc-updown-15m-1790649000,15,5060804,82988826686441142800465279123597517243907811136629368338598438095255190337553,2026-09-29T02:30:00+00:00,2026-09-29T02:45:00+00:00,21.08,0.49,0.5,0.495,0.01,633.48,30.0,99
2026-09-29T02:24:56.185565+00:00,btc-updown-5m-1790648700,5,5060753,16978826445673361826128358546694190588050938672941477979725877782881100678082,2026-09-29T02:25:00+00:00,2026-09-29T02:30:00+00:00,5.07,0.42,0.44,0.43,0.02,65.48,636.15,98
2026-09-29T02:24:56.185565+00:00,btc-updown-15m-1790648100,15,5060731,109714132609680400199876258106409342714853656382766909607029361428812843696575,2026-09-29T02:15:00+00:00,2026-09-29T02:30:00+00:00,5.07,0.32,0.33,0.325,0.01,343.92,10.0,88
2026-09-29T02:24:56.185565+00:00,btc-updown-15m-1790649000,15,5060804,82988826686441142800465279123597517243907811136629368338598438095255190337553,2026-09-29T02:30:00+00:00,2026-09-29T02:45:00+00:00,20.07,0.49,0.5,0.495,0.01,753.48,30.0,99
2026-09-29T02:25:57.100298+00:00,btc-updown-5m-1790648700,5,5060753,16978826445673361826128358546694190588050938672941477979725877782881100678082,2026-09-29T02:25:00+00:00,2026-09-29T02:30:00+00:00,4.05,0.4,0.41,0.405,0.01,941.88,55.0,99
2026-09-29T02:25:57.100298+00:00,btc-updown-5m-1790649000,5,5060794,111871467166921353839673244960324858019179828514332801097924536098842029198239,2026-09-29T02:30:00+00:00,2026-09-29T02:35:00+00:00,9.05,0.5,0.51,0.505,0.01,460.2,510.62,99
2026-09-29T02:25:57.100298+00:00,btc-updown-15m-1790648100,15,5060731,109714132609680400199876258106409342714853656382766909607029361428812843696575,2026-09-29T02:15:00+00:00,2026-09-29T02:30:00+00:00,4.05,0.25,0.26,0.255,0.01,31.9,181.35,86
2026-09-29T02:25:57.100298+00:00,btc-updown-15m-1790649000,15,5060804,82988826686441142800465279123597517243907811136629368338598438095255190337553,2026-09-29T02:30:00+00:00,2026-09-29T02:45:00+00:00,19.05,0.49,0.5,0.495,0.01,850.11,30.0,99
2026-09-29T02:26:58.119180+00:00,btc-updown-5m-1790648700,5,5060753,16978826445673361826128358546694190588050938672941477979725877782881100678082,2026-09-29T02:25:00+00:00,2026-09-29T02:30:00+00:00,3.03,0.24,0.25,0.245,0.01,358.0,626.34,99
2026-09-29T02:26:58.119180+00:00,btc-updown-5m-1790649000,5,5060794,111871467166921353839673244960324858019179828514332801097924536098842029198239,2026-09-29T02:30:00+00:00,2026-09-29T02:35:00+00:00,8.03,0.5,0.51,0.505,0.01,552.2,515.62,99
2026-09-29T02:26:58.119180+00:00,btc-updown-15m-1790648100,15,5060731,109714132609680400199876258106409342714853656382766909607029361428812843696575,2026-09-29T02:15:00+00:00,2026-09-29T02:30:00+00:00,3.03,0.08,0.09,0.085,0.01,54.26,18.0,86
2026-09-29T02:26:58.119180+00:00,btc-updown-15m-1790649000,15,5060804,82988826686441142800465279123597517243907811136629368338598438095255190337553,2026-09-29T02:30:00+00:00,2026-09-29T02:45:00+00:00,18.03,0.49,0.5,0.495,0.01,1027.11,30.0,99
2026-09-29T02:27:59.167085+00:00,btc-updown-5m-1790648700,5,5060753,16978826445673361826128358546694190588050938672941477979725877782881100678082,2026-09-29T02:25:00+00:00,2026-09-29T02:30:00+00:00,2.02,0.09,0.1,0.095,0.01,217.65,589.94,99
2026-09-29T02:27:59.167085+00:00,btc-updown-5m-1790649000,5,5060794,111871467166921353839673244960324858019179828514332801097924536098842029198239,2026-09-29T02:30:00+00:00,2026-09-29T02:35:00+00:00,7.02,0.5,0.51,0.505,0.01,552.2,515.62,99
2026-09-29T02:27:59.167085+00:00,btc-updown-15m-1790648100,15,5060731,109714132609680400199876258106409342714853656382766909607029361428812843696575,2026-09-29T02:15:00+00:00,2026-09-29T02:30:00+00:00,2.02,0.02,0.03,0.025,0.01,133.96,289.11,88
2026-09-29T02:27:59.167085+00:00,btc-updown-15m-1790649000,15,5060804,82988826686441142800465279123597517243907811136629368338598438095255190337553,2026-09-29T02:30:00+00:00,2026-09-29T02:45:00+00:00,17.02,0.49,0.5,0.495,0.01,885.11,30.0,99
2026-09-29T02:29:00.237866+00:00,btc-updown-5m-1790649000,5,5060794,111871467166921353839673244960324858019179828514332801097924536098842029198239,2026-09-29T02:30:00+00:00,2026-09-29T02:35:00+00:00,6.0,0.5,0.51,0.505,0.01,399.68,27.0,99
2026-09-29T02:29:00.237866+00:00,btc-updown-15m-1790649000,15,5060804,82988826686441142800465279123597517243907811136629368338598438095255190337553,2026-09-29T02:30:00+00:00,2026-09-29T02:45:00+00:00,16.0,0.51,0.52,0.515,0.01,68.48,41.0,88
2026-09-29T02:30:01.091463+00:00,btc-updown-5m-1790649000,5,5060794,111871467166921353839673244960324858019179828514332801097924536098842029198239,2026-09-29T02:30:00+00:00,2026-09-29T02:35:00+00:00,4.98,0.63,0.64,0.635,0.01,299.0,375.47,99
2026-09-29T02:30:01.091463+00:00,btc-updown-5m-1790649300,5,5061052,12049329573208858049901369068638062823042935598934966254610273750368351092645,2026-09-29T02:35:00+00:00,2026-09-29T02:40:00+00:00,9.98,0.5,0.51,0.505,0.01,351.4,275.07,99
2026-09-29T02:30:01.091463+00:00,btc-updown-15m-1790649000,15,5060804,82988826686441142800465279123597517243907811136629368338598438095255190337553,2026-09-29T02:30:00+00:00,2026-09-29T02:45:00+00:00,14.98,0.57,0.58,0.575,0.01,164.33,16.0,81
2026-09-29T02:30:01.091463+00:00,btc-updown-15m-1790649900,15,5061918,43937183873290149404145965065199407188855018181680875584944431333519646072603,2026-09-29T02:45:00+00:00,2026-09-29T03:00:00+00:00,29.98,0.49,0.5,0.495,0.01,844.62,35.0,99
2026-09-29T02:31:02.272451+00:00,btc-updown-5m-1790649000,5,5060794,111871467166921353839673244960324858019179828514332801097924536098842029198239,2026-09-29T02:30:00+00:00,2026-09-29T02:35:00+00:00,3.97,0.5,0.51,0.505,0.01,765.05,2532.26,99
2026-09-29T02:31:02.272451+00:00,btc-updown-5m-1790649300,5,5061052,12049329573208858049901369068638062823042935598934966254610273750368351092645,2026-09-29T02:35:00+00:00,2026-09-29T02:40:00+00:00,8.97,0.5,0.51,0.505,0.01,507.4,510.07,99
2026-09-29T02:31:02.272451+00:00,btc-updown-15m-1790649000,15,5060804,82988826686441142800465279123597517243907811136629368338598438095255190337553,2026-09-29T02:30:00+00:00,2026-09-29T02:45:00+00:00,13.97,0.53,0.54,0.535,0.01,72.33,37.0,99
2026-09-29T02:31:02.272451+00:00,btc-updown-15m-1790649900,15,5061918,43937183873290149404145965065199407188855018181680875584944431333519646072603,2026-09-29T02:45:00+00:00,2026-09-29T03:00:00+00:00,28.97,0.49,0.5,0.495,0.01,1539.62,35.0,99
2026-09-29T02:32:03.326135+00:00,btc-updown-5m-1790649000,5,5060794,111871467166921353839673244960324858019179828514332801097924536098842029198239,2026-09-29T02:30:00+00:00,2026-09-29T02:35:00+00:00,2.95,0.58,0.59,0.585,0.01,461.39,233.0,99
2026-09-29T02:32:03.326135+00:00,btc-updown-5m-1790649300,5,5061052,12049329573208858049901369068638062823042935598934966254610273750368351092645,2026-09-29T02:35:00+00:00,2026-09-29T02:40:00+00:00,7.95,0.5,0.51,0.505,0.01,416.4,493.3,99
2026-09-29T02:32:03.326135+00:00,btc-updown-15m-1790649000,15,5060804,82988826686441142800465279123597517243907811136629368338598438095255190337553,2026-09-29T02:30:00+00:00,2026-09-29T02:45:00+00:00,12.95,0.52,0.53,0.525,0.01,70.0,239.57,99
2026-09-29T02:32:03.326135+00:00,btc-updown-15m-1790649900,15,5061918,43937183873290149404145965065199407188855018181680875584944431333519646072603,2026-09-29T02:45:00+00:00,2026-09-29T03:00:00+00:00,27.95,0.49,0.5,0.495,0.01,1419.62,35.0,99
2026-09-29T02:33:04.513983+00:00,btc-updown-5m-1790649000,5,5060794,111871467166921353839673244960324858019179828514332801097924536098842029198239,2026-09-29T02:30:00+00:00,2026-09-29T02:35:00+00:00,1.93,0.43,0.44,0.435,0.01,1258.84,81.0,99
2026-09-29T02:33:04.513983+00:00,btc-updown-5m-1790649300,5,5061052,12049329573208858049901369068638062823042935598934966254610273750368351092645,2026-09-29T02:35:00+00:00,2026-09-29T02:40:00+00:00,6.93,0.5,0.51,0.505,0.01,404.4,493.3,99
2026-09-29T02:33:04.513983+00:00,btc-updown-15m-1790649000,15,5060804,82988826686441142800465279123597517243907811136629368338598438095255190337553,2026-09-29T02:30:00+00:00,2026-09-29T02:45:00+00:00,11.93,0.48,0.49,0.485,0.01,196.57,60.0,97
2026-09-29T02:33:04.513983+00:00,btc-updown-15m-1790649900,15,5061918,43937183873290149404145965065199407188855018181680875584944431333519646072603,2026-09-29T02:45:00+00:00,2026-09-29T03:00:00+00:00,26.93,0.49,0.5,0.495,0.01,1533.73,29.12,99
2026-09-29T02:34:05.638011+00:00,btc-updown-5m-1790649000,5,5060794,111871467166921353839673244960324858019179828514332801097924536098842029198239,2026-09-29T02:30:00+00:00,2026-09-29T02:35:00+00:00,0.92,0.02,0.03,0.025,0.01,65.0,1396.17,99
2026-09-29T02:34:05.638011+00:00,btc-updown-5m-1790649300,5,5061052,12049329573208858049901369068638062823042935598934966254610273750368351092645,2026-09-29T02:35:00+00:00,2026-09-29T02:40:00+00:00,5.92,0.5,0.51,0.505,0.01,384.4,250.37,99
2026-09-29T02:34:05.638011+00:00,btc-updown-15m-1790649000,15,5060804,82988826686441142800465279123597517243907811136629368338598438095255190337553,2026-09-29T02:30:00+00:00,2026-09-29T02:45:00+00:00,10.92,0.41,0.42,0.415,0.01,4.0,489.33,94
2026-09-29T02:34:05.638011+00:00,btc-updown-15m-1790649900,15,5061918,43937183873290149404145965065199407188855018181680875584944431333519646072603,2026-09-29T02:45:00+00:00,2026-09-29T03:00:00+00:00,25.92,0.49,0.5,0.495,0.01,1733.73,29.12,99
2026-09-29T02:35:06.685784+00:00,btc-updown-5m-1790649300,5,5061052,12049329573208858049901369068638062823042935598934966254610273750368351092645,2026-09-29T02:35:00+00:00,2026-09-29T02:40:00+00:00,4.9,0.37,0.38,0.375,0.01,237.97,20.0,99
2026-09-29T02:35:06.685784+00:00,btc-updown-5m-1790649600,5,5061906,68580797699409915979945681040575041257171501434394013940568451349190938531369,2026-09-29T02:40:00+00:00,2026-09-29T02:45:00+00:00,9.9,0.5,0.51,0.505,0.01,632.15,29.11,99
2026-09-29T02:35:06.685784+00:00,btc-updown-15m-1790649000,15,5060804,82988826686441142800465279123597517243907811136629368338598438095255190337553,2026-09-29T02:30:00+00:00,2026-09-29T02:45:00+00:00,9.9,0.33,0.34,0.335,0.01,160.41,116.42,94
2026-09-29T02:35:06.685784+00:00,btc-updown-15m-1790649900,15,5061918,43937183873290149404145965065199407188855018181680875584944431333519646072603,2026-09-29T02:45:00+00:00,2026-09-29T03:00:00+00:00,24.9,0.49,0.5,0.495,0.01,1542.73,29.12,99
2026-09-29T02:36:07.708949+00:00,btc-updown-5m-1790649300,5,5061052,12049329573208858049901369068638062823042935598934966254610273750368351092645,2026-09-29T02:35:00+00:00,2026-09-29T02:40:00+00:00,3.88,0.54,0.55,0.545,0.01,95.0,349.18,99
2026-09-29T02:36:07.708949+00:00,btc-updown-5m-1790649600,5,5061906,68580797699409915979945681040575041257171501434394013940568451349190938531369,2026-09-29T02:40:00+00:00,2026-09-29T02:45:00+00:00,8.88,0.5,0.51,0.505,0.01,473.15,229.13,99
2026-09-29T02:36:07.708949+00:00,btc-updown-15m-1790649000,15,5060804,82988826686441142800465279123597517243907811136629368338598438095255190337553,2026-09-29T02:30:00+00:00,2026-09-29T02:45:00+00:00,8.88,0.41,0.42,0.415,0.01,309.52,35.0,94
2026-09-29T02:36:07.708949+00:00,btc-updown-15m-1790649900,15,5061918,43937183873290149404145965065199407188855018181680875584944431333519646072603,2026-09-29T02:45:00+00:00,2026-09-29T03:00:00+00:00,23.88,0.49,0.5,0.495,0.01,1533.73,29.12,99
2026-09-29T02:37:08.781736+00:00,btc-updown-5m-1790649300,5,5061052,12049329573208858049901369068638062823042935598934966254610273750368351092645,2026-09-29T02:35:00+00:00,2026-09-29T02:40:00+00:00,2.87,0.63,0.64,0.635,0.01,30.0,1823.09,99
2026-09-29T02:37:08.781736+00:00,btc-updown-5m-1790649600,5,5061906,68580797699409915979945681040575041257171501434394013940568451349190938531369,2026-09-29T02:40:00+00:00,2026-09-29T02:45:00+00:00,7.87,0.5,0.51,0.505,0.01,548.15,225.2,99
2026-09-29T02:37:08.781736+00:00,btc-updown-15m-1790649000,15,5060804,82988826686441142800465279123597517243907811136629368338598438095255190337553,2026-09-29T02:30:00+00:00,2026-09-29T02:45:00+00:00,7.87,0.42,0.43,0.425,0.01,155.66,140.47,96
2026-09-29T02:37:08.781736+00:00,btc-updown-15m-1790649900,15,5061918,43937183873290149404145965065199407188855018181680875584944431333519646072603,2026-09-29T02:45:00+00:00,2026-09-29T03:00:00+00:00,22.87,0.49,0.5,0.495,0.01,1533.73,29.12,99
2026-09-29T02:38:09.871949+00:00,btc-updown-5m-1790649300,5,5061052,12049329573208858049901369068638062823042935598934966254610273750368351092645,2026-09-29T02:35:00+00:00,2026-09-29T02:40:00+00:00,1.85,0.85,0.86,0.855,0.01,46.76,1246.63,99
2026-09-29T02:38:09.871949+00:00,btc-updown-5m-1790649600,5,5061906,68580797699409915979945681040575041257171501434394013940568451349190938531369,2026-09-29T02:40:00+00:00,2026-09-29T02:45:00+00:00,6.85,0.5,0.51,0.505,0.01,398.15,230.2,99
2026-09-29T02:38:09.871949+00:00,btc-updown-15m-1790649000,15,5060804,82988826686441142800465279123597517243907811136629368338598438095255190337553,2026-09-29T02:30:00+00:00,2026-09-29T02:45:00+00:00,6.85,0.5,0.51,0.505,0.01,77.89,185.0,97
2026-09-29T02:38:09.871949+00:00,btc-updown-15m-1790649900,15,5061918,43937183873290149404145965065199407188855018181680875584944431333519646072603,2026-09-29T02:45:00+00:00,2026-09-29T03:00:00+00:00,21.85,0.49,0.5,0.495,0.01,1293.73,29.12,99
2026-09-29T02:39:10.941023+00:00,btc-updown-5m-1790649600,5,5061906,68580797699409915979945681040575041257171501434394013940568451349190938531369,2026-09-29T02:40:00+00:00,2026-09-29T02:45:00+00:00,5.83,0.52,0.53,0.525,0.01,158.25,157.0,99
2026-09-29T02:39:10.941023+00:00,btc-updown-15m-1790649000,15,5060804,82988826686441142800465279123597517243907811136629368338598438095255190337553,2026-09-29T02:30:00+00:00,2026-09-29T02:45:00+00:00,5.83,0.79,0.8,0.795,0.01,238.58,99.56,88
2026-09-29T02:39:10.941023+00:00,btc-updown-15m-1790649900,15,5061918,43937183873290149404145965065199407188855018181680875584944431333519646072603,2026-09-29T02:45:00+00:00,2026-09-29T03:00:00+00:00,20.83,0.5,0.51,0.505,0.01,52.48,409.0,99
2026-09-29T02:40:11.890818+00:00,btc-updown-5m-1790649600,5,5061906,68580797699409915979945681040575041257171501434394013940568451349190938531369,2026-09-29T02:40:00+00:00,2026-09-29T02:45:00+00:00,4.82,0.32,0.33,0.325,0.01,605.77,171.01,99
2026-09-29T02:40:11.890818+00:00,btc-updown-5m-1790649900,5,5061924,77776297197164771244423081601261448176665061944855502644592518686225809927072,2026-09-29T02:45:00+00:00,2026-09-29T02:50:00+00:00,9.82,0.5,0.51,0.505,0.01,330.05,356.27,99
2026-09-29T02:40:11.890818+00:00,btc-updown-15m-1790649000,15,5060804,82988826686441142800465279123597517243907811136629368338598438095255190337553,2026-09-29T02:30:00+00:00,2026-09-29T02:45:00+00:00,4.82,0.56,0.57,0.565,0.01,274.13,48.0,96
2026-09-29T02:40:11.890818+00:00,btc-updown-15m-1790649900,15,5061918,43937183873290149404145965065199407188855018181680875584944431333519646072603,2026-09-29T02:45:00+00:00,2026-09-29T03:00:00+00:00,19.82,0.5,0.51,0.505,0.01,107.0,229.0,99
2026-09-29T02:41:12.922169+00:00,btc-updown-5m-1790649600,5,5061906,68580797699409915979945681040575041257171501434394013940568451349190938531369,2026-09-29T02:40:00+00:00,2026-09-29T02:45:00+00:00,3.8,0.28,0.29,0.285,0.01,585.66,226.0,99
2026-09-29T02:41:12.922169+00:00,btc-updown-5m-1790649900,5,5061924,77776297197164771244423081601261448176665061944855502644592518686225809927072,2026-09-29T02:45:00+00:00,2026-09-29T02:50:00+00:00,8.8,0.5,0.51,0.505,0.01,345.05,492.35,99
2026-09-29T02:41:12.922169+00:00,btc-updown-15m-1790649000,15,5060804,82988826686441142800465279123597517243907811136629368338598438095255190337553,2026-09-29T02:30:00+00:00,2026-09-29T02:45:00+00:00,3.8,0.54,0.55,0.545,0.01,173.63,104.0,97
2026-09-29T02:41:12.922169+00:00,btc-updown-15m-1790649900,15,5061918,43937183873290149404145965065199407188855018181680875584944431333519646072603,2026-09-29T02:45:00+00:00,2026-09-29T03:00:00+00:00,18.8,0.5,0.51,0.505,0.01,40.0,229.0,99
2026-09-29T02:42:13.973105+00:00,btc-updown-5m-1790649600,5,5061906,68580797699409915979945681040575041257171501434394013940568451349190938531369,2026-09-29T02:40:00+00:00,2026-09-29T02:45:00+00:00,2.78,0.69,0.7,0.695,0.01,52.0,965.19,99
2026-09-29T02:42:13.973105+00:00,btc-updown-5m-1790649900,5,5061924,77776297197164771244423081601261448176665061944855502644592518686225809927072,2026-09-29T02:45:00+00:00,2026-09-29T02:50:00+00:00,7.78,0.5,0.51,0.505,0.01,330.05,714.54,99
2026-09-29T02:42:13.973105+00:00,btc-updown-15m-1790649000,15,5060804,82988826686441142800465279123597517243907811136629368338598438095255190337553,2026-09-29T02:30:00+00:00,2026-09-29T02:45:00+00:00,2.78,0.9,0.91,0.905,0.01,7.01,220.49,82
2026-09-29T02:42:13.973105+00:00,btc-updown-15m-1790649900,15,5061918,43937183873290149404145965065199407188855018181680875584944431333519646072603,2026-09-29T02:45:00+00:00,2026-09-29T03:00:00+00:00,17.78,0.5,0.51,0.505,0.01,45.0,289.0,99
2026-09-29T02:43:15.194364+00:00,btc-updown-5m-1790649600,5,5061906,68580797699409915979945681040575041257171501434394013940568451349190938531369,2026-09-29T02:40:00+00:00,2026-09-29T02:45:00+00:00,1.75,0.14,0.15,0.145,0.01,338.23,529.11,99
2026-09-29T02:43:15.194364+00:00,btc-updown-5m-1790649900,5,5061924,77776297197164771244423081601261448176665061944855502644592518686225809927072,2026-09-29T02:45:00+00:00,2026-09-29T02:50:00+00:00,6.75,0.5,0.51,0.505,0.01,260.05,289.29,99
2026-09-29T02:43:15.194364+00:00,btc-updown-15m-1790649000,15,5060804,82988826686441142800465279123597517243907811136629368338598438095255190337553,2026-09-29T02:30:00+00:00,2026-09-29T02:45:00+00:00,1.75,0.59,0.6,0.595,0.01,10.0,23.33,99
2026-09-29T02:43:15.194364+00:00,btc-updown-15m-1790649900,15,5061918,43937183873290149404145965065199407188855018181680875584944431333519646072603,2026-09-29T02:45:00+00:00,2026-09-29T03:00:00+00:00,16.75,0.5,0.51,0.505,0.01,93.0,10.0,99
2026-09-29T02:44:16.363835+00:00,btc-updown-5m-1790649600,5,5061906,68580797699409915979945681040575041257171501434394013940568451349190938531369,2026-09-29T02:40:00+00:00,2026-09-29T02:45:00+00:00,0.73,0.65,0.66,0.655,0.01,45.0,87.75,99
2026-09-29T02:44:16.363835+00:00,btc-updown-5m-1790649900,5,5061924,77776297197164771244423081601261448176665061944855502644592518686225809927072,2026-09-29T02:45:00+00:00,2026-09-29T02:50:00+00:00,5.73,0.5,0.51,0.505,0.01,200.05,217.29,99
2026-09-29T02:44:16.363835+00:00,btc-updown-15m-1790649900,15,5061918,43937183873290149404145965065199407188855018181680875584944431333519646072603,2026-09-29T02:45:00+00:00,2026-09-29T03:00:00+00:00,15.73,0.5,0.51,0.505,0.01,193.09,19.98,83
2026-09-29T02:45:17.313784+00:00,btc-updown-5m-1790649900,5,5061924,77776297197164771244423081601261448176665061944855502644592518686225809927072,2026-09-29T02:45:00+00:00,2026-09-29T02:50:00+00:00,4.72,0.68,0.69,0.685,0.01,186.0,1597.37,99
2026-09-29T02:45:17.313784+00:00,btc-updown-5m-1790650200,5,5061962,105438142701335732251355977737540307597971797608162007639040441286583936238778,2026-09-29T02:50:00+00:00,2026-09-29T02:55:00+00:00,9.72,0.5,0.51,0.505,0.01,140.56,552.13,99
2026-09-29T02:45:17.313784+00:00,btc-updown-15m-1790649900,15,5061918,43937183873290149404145965065199407188855018181680875584944431333519646072603,2026-09-29T02:45:00+00:00,2026-09-29T03:00:00+00:00,14.72,0.59,0.6,0.595,0.01,206.11,80.0,99
2026-09-29T02:45:17.313784+00:00,btc-updown-15m-1790650800,15,5061999,73370976913094816440920405746100301894120397493557764300970839522838150142538,2026-09-29T03:00:00+00:00,2026-09-29T03:15:00+00:00,29.72,0.5,0.51,0.505,0.01,64.51,270.0,99
2026-09-29T02:46:18.790953+00:00,btc-updown-5m-1790649900,5,5061924,77776297197164771244423081601261448176665061944855502644592518686225809927072,2026-09-29T02:45:00+00:00,2026-09-29T02:50:00+00:00,3.7,0.89,0.9,0.895,0.01,562.31,258.38,99
2026-09-29T02:46:18.790953+00:00,btc-updown-5m-1790650200,5,5061962,105438142701335732251355977737540307597971797608162007639040441286583936238778,2026-09-29T02:50:00+00:00,2026-09-29T02:55:00+00:00,8.7,0.49,0.5,0.495,0.01,435.01,223.0,99
2026-09-29T02:46:18.790953+00:00,btc-updown-15m-1790649900,15,5061918,43937183873290149404145965065199407188855018181680875584944431333519646072603,2026-09-29T02:45:00+00:00,2026-09-29T03:00:00+00:00,13.7,0.73,0.74,0.735,0.01,435.06,24.35,99
2026-09-29T02:46:18.790953+00:00,btc-updown-15m-1790650800,15,5061999,73370976913094816440920405746100301894120397493557764300970839522838150142538,2026-09-29T03:00:00+00:00,2026-09-29T03:15:00+00:00,28.7,0.5,0.51,0.505,0.01,64.51,470.0,99
2026-09-29T02:47:19.848391+00:00,btc-updown-5m-1790649900,5,5061924,77776297197164771244423081601261448176665061944855502644592518686225809927072,2026-09-29T02:45:00+00:00,2026-09-29T02:50:00+00:00,2.68,0.81,0.82,0.815,0.01,934.63,50.0,99
2026-09-29T02:47:19.848391+00:00,btc-updown-5m-1790650200,5,5061962,105438142701335732251355977737540307597971797608162007639040441286583936238778,2026-09-29T02:50:00+00:00,2026-09-29T02:55:00+00:00,7.68,0.48,0.49,0.485,0.01,405.41,85.95,99
2026-09-29T02:47:19.848391+00:00,btc-updown-15m-1790649900,15,5061918,43937183873290149404145965065199407188855018181680875584944431333519646072603,2026-09-29T02:45:00+00:00,2026-09-29T03:00:00+00:00,12.68,0.63,0.64,0.635,0.01,68.23,206.81,98
2026-09-29T02:47:19.848391+00:00,btc-updown-15m-1790650800,15,5061999,73370976913094816440920405746100301894120397493557764300970839522838150142538,2026-09-29T03:00:00+00:00,2026-09-29T03:15:00+00:00,27.68,0.5,0.51,0.505,0.01,64.51,520.0,99
2026-09-29T02:48:20.903528+00:00,btc-updown-5m-1790649900,5,5061924,77776297197164771244423081601261448176665061944855502644592518686225809927072,2026-09-29T02:45:00+00:00,2026-09-29T02:50:00+00:00,1.67,0.96,0.97,0.965,0.01,1489.08,213.47,99
2026-09-29T02:48:20.903528+00:00,btc-updown-5m-1790650200,5,5061962,105438142701335732251355977737540307597971797608162007639040441286583936238778,2026-09-29T02:50:00+00:00,2026-09-29T02:55:00+00:00,6.67,0.48,0.49,0.485,0.01,392.33,85.95,99
2026-09-29T02:48:20.903528+00:00,btc-updown-15m-1790649900,15,5061918,43937183873290149404145965065199407188855018181680875584944431333519646072603,2026-09-29T02:45:00+00:00,2026-09-29T03:00:00+00:00,11.67,0.7,0.71,0.705,0.01,250.89,119.15,99
2026-09-29T02:48:20.903528+00:00,btc-updown-15m-1790650800,15,5061999,73370976913094816440920405746100301894120397493557764300970839522838150142538,2026-09-29T03:00:00+00:00,2026-09-29T03:15:00+00:00,26.67,0.5,0.51,0.505,0.01,64.51,470.0,99
2026-09-29T02:49:21.967623+00:00,btc-updown-5m-1790650200,5,5061962,105438142701335732251355977737540307597971797608162007639040441286583936238778,2026-09-29T02:50:00+00:00,2026-09-29T02:55:00+00:00,5.65,0.47,0.49,0.48,0.02,35.0,247.28,98
2026-09-29T02:49:21.967623+00:00,btc-updown-15m-1790649900,15,5061918,43937183873290149404145965065199407188855018181680875584944431333519646072603,2026-09-29T02:45:00+00:00,2026-09-29T03:00:00+00:00,10.65,0.65,0.66,0.655,0.01,25.0,176.3,98
2026-09-29T02:49:21.967623+00:00,btc-updown-15m-1790650800,15,5061999,73370976913094816440920405746100301894120397493557764300970839522838150142538,2026-09-29T03:00:00+00:00,2026-09-29T03:15:00+00:00,25.65,0.5,0.51,0.505,0.01,89.51,470.0,99
2026-09-29T02:50:22.884655+00:00,btc-updown-5m-1790650200,5,5061962,105438142701335732251355977737540307597971797608162007639040441286583936238778,2026-09-29T02:50:00+00:00,2026-09-29T02:55:00+00:00,4.63,0.21,0.22,0.215,0.01,1538.18,143.0,99
2026-09-29T02:50:22.884655+00:00,btc-updown-5m-1790650500,5,5061979,54001116192677729837248751070956685193687257915095826100114481441191819088246,2026-09-29T02:55:00+00:00,2026-09-29T03:00:00+00:00,9.63,0.5,0.51,0.505,0.01,165.68,415.97,99
2026-09-29T02:50:22.884655+00:00,btc-updown-15m-1790649900,15,5061918,43937183873290149404145965065199407188855018181680875584944431333519646072603,2026-09-29T02:45:00+00:00,2026-09-29T03:00:00+00:00,9.63,0.48,0.49,0.485,0.01,740.94,50.22,98
2026-09-29T02:50:22.884655+00:00,btc-updown-15m-1790650800,15,5061999,73370976913094816440920405746100301894120397493557764300970839522838150142538,2026-09-29T03:00:00+00:00,2026-09-29T03:15:00+00:00,24.63,0.5,0.51,0.505,0.01,53.55,220.0,99
2026-09-29T02:51:23.969635+00:00,btc-updown-5m-1790650200,5,5061962,105438142701335732251355977737540307597971797608162007639040441286583936238778,2026-09-29T02:50:00+00:00,2026-09-29T02:55:00+00:00,3.62,0.27,0.28,0.275,0.01,50.0,771.34,99
2026-09-29T02:51:23.969635+00:00,btc-updown-5m-1790650500,5,5061979,54001116192677729837248751070956685193687257915095826100114481441191819088246,2026-09-29T02:55:00+00:00,2026-09-29T03:00:00+00:00,8.62,0.5,0.51,0.505,0.01,175.68,625.97,99
2026-09-29T02:51:23.969635+00:00,btc-updown-15m-1790649900,15,5061918,43937183873290149404145965065199407188855018181680875584944431333519646072603,2026-09-29T02:45:00+00:00,2026-09-29T03:00:00+00:00,8.62,0.55,0.56,0.555,0.01,28.0,326.23,96
2026-09-29T02:51:23.969635+00:00,btc-updown-15m-1790650800,15,5061999,73370976913094816440920405746100301894120397493557764300970839522838150142538,2026-09-29T03:00:00+00:00,2026-09-29T03:15:00+00:00,23.62,0.5,0.51,0.505,0.01,156.55,247.48,99
2026-09-29T02:52:24.975965+00:00,btc-updown-5m-1790650500,5,5061979,54001116192677729837248751070956685193687257915095826100114481441191819088246,2026-09-29T02:55:00+00:00,2026-09-29T03:00:00+00:00,7.6,0.5,0.51,0.505,0.01,43.88,545.61,99
2026-09-29T02:52:24.975965+00:00,btc-updown-15m-1790649900,15,5061918,43937183873290149404145965065199407188855018181680875584944431333519646072603,2026-09-29T02:45:00+00:00,2026-09-29T03:00:00+00:00,7.6,0.16,0.17,0.165,0.01,255.88,70.0,85
2026-09-29T02:52:24.975965+00:00,btc-updown-15m-1790650800,15,5061999,73370976913094816440920405746100301894120397493557764300970839522838150142538,2026-09-29T03:00:00+00:00,2026-09-29T03:15:00+00:00,22.6,0.5,0.51,0.505,0.01,391.55,225.0,99
2026-09-29T02:53:25.893683+00:00,btc-updown-5m-1790650500,5,5061979,54001116192677729837248751070956685193687257915095826100114481441191819088246,2026-09-29T02:55:00+00:00,2026-09-29T03:00:00+00:00,6.58,0.5,0.51,0.505,0.01,20.0,487.24,99
2026-09-29T02:53:25.893683+00:00,btc-updown-15m-1790649900,15,5061918,43937183873290149404145965065199407188855018181680875584944431333519646072603,2026-09-29T02:45:00+00:00,2026-09-29T03:00:00+00:00,6.58,0.27,0.28,0.275,0.01,10.0,52.33,91
2026-09-29T02:53:25.893683+00:00,btc-updown-15m-1790650800,15,5061999,73370976913094816440920405746100301894120397493557764300970839522838150142538,2026-09-29T03:00:00+00:00,2026-09-29T03:15:00+00:00,21.58,0.5,0.51,0.505,0.01,271.55,225.0,99
2026-09-29T02:54:26.850973+00:00,btc-updown-5m-1790650500,5,5061979,54001116192677729837248751070956685193687257915095826100114481441191819088246,2026-09-29T02:55:00+00:00,2026-09-29T03:00:00+00:00,5.57,0.48,0.49,0.485,0.01,15.08,291.28,99
2026-09-29T02:54:26.850973+00:00,btc-updown-15m-1790649900,15,5061918,43937183873290149404145965065199407188855018181680875584944431333519646072603,2026-09-29T02:45:00+00:00,2026-09-29T03:00:00+00:00,5.57,0.19,0.2,0.195,0.01,249.05,5.0,87
2026-09-29T02:54:26.850973+00:00,btc-updown-15m-1790650800,15,5061999,73370976913094816440920405746100301894120397493557764300970839522838150142538,2026-09-29T03:00:00+00:00,2026-09-29T03:15:00+00:00,20.57,0.5,0.51,0.505,0.01,241.55,220.0,99
2026-09-29T02:55:27.799816+00:00,btc-updown-5m-1790650500,5,5061979,54001116192677729837248751070956685193687257915095826100114481441191819088246,2026-09-29T02:55:00+00:00,2026-09-29T03:00:00+00:00,4.55,0.57,0.58,0.575,0.01,129.0,313.33,99
2026-09-29T02:55:27.799816+00:00,btc-updown-5m-1790650800,5,5062000,31665524529090566731836741084500908768437418040237986896081993681740649836868,2026-09-29T03:00:00+00:00,2026-09-29T03:05:00+00:00,9.55,0.5,0.51,0.505,0.01,467.53,300.81,99
2026-09-29T02:55:27.799816+00:00,btc-updown-15m-1790649900,15,5061918,43937183873290149404145965065199407188855018181680875584944431333519646072603,2026-09-29T02:45:00+00:00,2026-09-29T03:00:00+00:00,4.55,0.23,0.24,0.235,0.01,113.0,867.48,93
2026-09-29T02:55:27.799816+00:00,btc-updown-15m-1790650800,15,5061999,73370976913094816440920405746100301894120397493557764300970839522838150142538,2026-09-29T03:00:00+00:00,2026-09-29T03:15:00+00:00,19.55,0.5,0.51,0.505,0.01,186.55,220.0,99
2026-09-29T02:56:28.860839+00:00,btc-updown-5m-1790650500,5,5061979,54001116192677729837248751070956685193687257915095826100114481441191819088246,2026-09-29T02:55:00+00:00,2026-09-29T03:00:00+00:00,3.53,0.65,0.66,0.655,0.01,630.84,40.0,99
2026-09-29T02:56:28.860839+00:00,btc-updown-5m-1790650800,5,5062000,31665524529090566731836741084500908768437418040237986896081993681740649836868,2026-09-29T03:00:00+00:00,2026-09-29T03:05:00+00:00,8.53,0.5,0.51,0.505,0.01,472.53,504.04,99
2026-09-29T02:56:28.860839+00:00,btc-updown-15m-1790649900,15,5061918,43937183873290149404145965065199407188855018181680875584944431333519646072603,2026-09-29T02:45:00+00:00,2026-09-29T03:00:00+00:00,3.53,0.24,0.25,0.245,0.01,20.0,770.55,95
2026-09-29T02:56:28.860839+00:00,btc-updown-15m-1790650800,15,5061999,73370976913094816440920405746100301894120397493557764300970839522838150142538,2026-09-29T03:00:00+00:00,2026-09-29T03:15:00+00:00,18.53,0.5,0.51,0.505,0.01,156.55,220.0,99
2026-09-29T02:57:29.874743+00:00,btc-updown-5m-1790650500,5,5061979,54001116192677729837248751070956685193687257915095826100114481441191819088246,2026-09-29T02:55:00+00:00,2026-09-29T03:00:00+00:00,2.52,0.6,0.61,0.605,0.01,35.0,867.7,99
2026-09-29T02:57:29.874743+00:00,btc-updown-5m-1790650800,5,5062000,31665524529090566731836741084500908768437418040237986896081993681740649836868,2026-09-29T03:00:00+00:00,2026-09-29T03:05:00+00:00,7.52,0.5,0.51,0.505,0.01,472.53,499.04,99
2026-09-29T02:57:29.874743+00:00,btc-updown-15m-1790649900,15,5061918,43937183873290149404145965065199407188855018181680875584944431333519646072603,2026-09-29T02:45:00+00:00,2026-09-29T03:00:00+00:00,2.52,0.1,0.11,0.105,0.01,171.5,49.0,91
2026-09-29T02:57:29.874743+00:00,btc-updown-15m-1790650800,15,5061999,73370976913094816440920405746100301894120397493557764300970839522838150142538,2026-09-29T03:00:00+00:00,2026-09-29T03:15:00+00:00,17.52,0.5,0.51,0.505,0.01,156.64,220.0,99
2026-09-29T02:58:30.910816+00:00,btc-updown-5m-1790650500,5,5061979,54001116192677729837248751070956685193687257915095826100114481441191819088246,2026-09-29T02:55:00+00:00,2026-09-29T03:00:00+00:00,1.5,0.74,0.75,0.745,0.01,5.81,292.37,99
2026-09-29T02:58:30.910816+00:00,btc-updown-5m-1790650800,5,5062000,31665524529090566731836741084500908768437418040237986896081993681740649836868,2026-09-29T03:00:00+00:00,2026-09-29T03:05:00+00:00,6.5,0.5,0.51,0.505,0.01,390.53,489.23,99
2026-09-29T02:58:30.910816+00:00,btc-updown-15m-1790649900,15,5061918,43937183873290149404145965065199407188855018181680875584944431333519646072603,2026-09-29T02:45:00+00:00,2026-09-29T03:00:00+00:00,1.5,0.03,0.04,0.035,0.01,25.0,482.05,76
2026-09-29T02:58:30.910816+00:00,btc-updown-15m-1790650800,15,5061999,73370976913094816440920405746100301894120397493557764300970839522838150142538,2026-09-29T03:00:00+00:00,2026-09-29T03:15:00+00:00,16.5,0.51,0.52,0.515,0.01,27.52,351.07,99
2026-09-29T02:59:31.956665+00:00,btc-updown-5m-1790650800,5,5062000,31665524529090566731836741084500908768437418040237986896081993681740649836868,2026-09-29T03:00:00+00:00,2026-09-29T03:05:00+00:00,5.48,0.5,0.51,0.505,0.01,584.91,19.0,99
2026-09-29T02:59:31.956665+00:00,btc-updown-15m-1790650800,15,5061999,73370976913094816440920405746100301894120397493557764300970839522838150142538,2026-09-29T03:00:00+00:00,2026-09-29T03:15:00+00:00,15.48,0.51,0.52,0.515,0.01,64.48,25.0,81
2026-09-29T03:00:32.767212+00:00,btc-updown-5m-1790650800,5,5062000,31665524529090566731836741084500908768437418040237986896081993681740649836868,2026-09-29T03:00:00+00:00,2026-09-29T03:05:00+00:00,4.47,0.41,0.42,0.415,0.01,801.48,95.92,99
2026-09-29T03:00:32.767212+00:00,btc-updown-5m-1790651100,5,5062061,67405343578486725149007028291564616255423302174206227793459069658158824125921,2026-09-29T03:05:00+00:00,2026-09-29T03:10:00+00:00,9.47,0.5,0.51,0.505,0.01,391.84,506.04,99
2026-09-29T03:00:32.767212+00:00,btc-updown-15m-1790650800,15,5061999,73370976913094816440920405746100301894120397493557764300970839522838150142538,2026-09-29T03:00:00+00:00,2026-09-29T03:15:00+00:00,14.47,0.46,0.47,0.465,0.01,286.31,5.0,98
2026-09-29T03:00:32.767212+00:00,btc-updown-15m-1790651700,15,5062077,107935855507962926332025965346693810665097819936310267261659711195045566958786,2026-09-29T03:15:00+00:00,2026-09-29T03:30:00+00:00,29.47,0.5,0.51,0.505,0.01,270.2,265.0,99
2026-09-29T03:01:33.793446+00:00,btc-updown-5m-1790650800,5,5062000,31665524529090566731836741084500908768437418040237986896081993681740649836868,2026-09-29T03:00:00+00:00,2026-09-29T03:05:00+00:00,3.45,0.71,0.72,0.715,0.01,133.72,383.19,99
2026-09-29T03:01:33.793446+00:00,btc-updown-5m-1790651100,5,5062061,67405343578486725149007028291564616255423302174206227793459069658158824125921,2026-09-29T03:05:00+00:00,2026-09-29T03:10:00+00:00,8.45,0.5,0.51,0.505,0.01,376.84,642.11,99
2026-09-29T03:01:33.793446+00:00,btc-updown-15m-1790650800,15,5061999,73370976913094816440920405746100301894120397493557764300970839522838150142538,2026-09-29T03:00:00+00:00,2026-09-29T03:15:00+00:00,13.45,0.6,0.61,0.605,0.01,142.0,48.73,99
2026-09-29T03:01:33.793446+00:00,btc-updown-15m-1790651700,15,5062077,107935855507962926332025965346693810665097819936310267261659711195045566958786,2026-09-29T03:15:00+00:00,2026-09-29T03:30:00+00:00,28.45,0.5,0.51,0.505,0.01,150.2,495.0,99
2026-09-29T03:02:34.826939+00:00,btc-updown-5m-1790650800,5,5062000,31665524529090566731836741084500908768437418040237986896081993681740649836868,2026-09-29T03:00:00+00:00,2026-09-29T03:05:00+00:00,2.43,0.68,0.7,0.69,0.02,75.0,20.0,95
2026-09-29T03:02:34.826939+00:00,btc-updown-5m-1790651100,5,5062061,67405343578486725149007028291564616255423302174206227793459069658158824125921,2026-09-29T03:05:00+00:00,2026-09-29T03:10:00+00:00,7.43,0.5,0.51,0.505,0.01,386.84,609.11,99
2026-09-29T03:02:34.826939+00:00,btc-updown-15m-1790650800,15,5061999,73370976913094816440920405746100301894120397493557764300970839522838150142538,2026-09-29T03:00:00+00:00,2026-09-29T03:15:00+00:00,12.43,0.56,0.57,0.565,0.01,67.46,59.0,99
2026-09-29T03:02:34.826939+00:00,btc-updown-15m-1790651700,15,5062077,107935855507962926332025965346693810665097819936310267261659711195045566958786,2026-09-29T03:15:00+00:00,2026-09-29T03:30:00+00:00,27.43,0.5,0.51,0.505,0.01,190.2,265.0,99
2026-09-29T03:03:35.839722+00:00,btc-updown-5m-1790651100,5,5062061,67405343578486725149007028291564616255423302174206227793459069658158824125921,2026-09-29T03:05:00+00:00,2026-09-29T03:10:00+00:00,6.42,0.5,0.51,0.505,0.01,296.84,707.14,99
2026-09-29T03:03:35.839722+00:00,btc-updown-15m-1790650800,15,5061999,73370976913094816440920405746100301894120397493557764300970839522838150142538,2026-09-29T03:00:00+00:00,2026-09-29T03:15:00+00:00,11.42,0.74,0.75,0.745,0.01,99.04,115.46,95
2026-09-29T03:03:35.839722+00:00,btc-updown-15m-1790651700,15,5062077,107935855507962926332025965346693810665097819936310267261659711195045566958786,2026-09-29T03:15:00+00:00,2026-09-29T03:30:00+00:00,26.42,0.5,0.51,0.505,0.01,150.2,595.0,99
2026-09-29T03:04:36.770699+00:00,btc-updown-5m-1790651100,5,5062061,67405343578486725149007028291564616255423302174206227793459069658158824125921,2026-09-29T03:05:00+00:00,2026-09-29T03:10:00+00:00,5.4,0.36,0.37,0.365,0.01,469.0,167.71,99
2026-09-29T03:04:36.770699+00:00,btc-updown-15m-1790650800,15,5061999,73370976913094816440920405746100301894120397493557764300970839522838150142538,2026-09-29T03:00:00+00:00,2026-09-29T03:15:00+00:00,10.4,0.34,0.35,0.345,0.01,8228.2,57.42,90
2026-09-29T03:04:36.770699+00:00,btc-updown-15m-1790651700,15,5062077,107935855507962926332025965346693810665097819936310267261659711195045566958786,2026-09-29T03:15:00+00:00,2026-09-29T03:30:00+00:00,25.4,0.5,0.51,0.505,0.01,295.2,265.0,99
2026-09-29T03:05:37.713270+00:00,btc-updown-5m-1790651100,5,5062061,67405343578486725149007028291564616255423302174206227793459069658158824125921,2026-09-29T03:05:00+00:00,2026-09-29T03:10:00+00:00,4.38,0.25,0.26,0.255,0.01,1861.23,95.76,99
2026-09-29T03:05:37.713270+00:00,btc-updown-5m-1790651400,5,5062069,62700440002613628718855949448561673176020048683252181790650665055614668076658,2026-09-29T03:10:00+00:00,2026-09-29T03:15:00+00:00,9.38,0.5,0.51,0.505,0.01,470.82,506.82,99
2026-09-29T03:05:37.713270+00:00,btc-updown-15m-1790650800,15,5061999,73370976913094816440920405746100301894120397493557764300970839522838150142538,2026-09-29T03:00:00+00:00,2026-09-29T03:15:00+00:00,9.38,0.32,0.33,0.325,0.01,40.0,1842.64,84
2026-09-29T03:05:37.713270+00:00,btc-updown-15m-1790651700,15,5062077,107935855507962926332025965346693810665097819936310267261659711195045566958786,2026-09-29T03:15:00+00:00,2026-09-29T03:30:00+00:00,24.38,0.5,0.51,0.505,0.01,251.72,225.0,99
2026-09-29T03:06:38.747126+00:00,btc-updown-5m-1790651100,5,5062061,67405343578486725149007028291564616255423302174206227793459069658158824125921,2026-09-29T03:05:00+00:00,2026-09-29T03:10:00+00:00,3.37,0.31,0.32,0.315,0.01,5.0,1254.17,99
2026-09-29T03:06:38.747126+00:00,btc-updown-5m-1790651400,5,5062069,62700440002613628718855949448561673176020048683252181790650665055614668076658,2026-09-29T03:10:00+00:00,2026-09-29T03:15:00+00:00,8.37,0.5,0.51,0.505,0.01,475.82,479.36,99
2026-09-29T03:06:38.747126+00:00,btc-updown-15m-1790650800,15,5061999,73370976913094816440920405746100301894120397493557764300970839522838150142538,2026-09-29T03:00:00+00:00,2026-09-29T03:15:00+00:00,8.37,0.37,0.38,0.375,0.01,3337.23,580.83,89
2026-09-29T03:06:38.747126+00:00,btc-updown-15m-1790651700,15,5062077,107935855507962926332025965346693810665097819936310267261659711195045566958786,2026-09-29T03:15:00+00:00,2026-09-29T03:30:00+00:00,23.37,0.5,0.51,0.505,0.01,386.72,225.0,99
2026-09-29T03:07:39.923554+00:00,btc-updown-5m-1790651100,5,5062061,67405343578486725149007028291564616255423302174206227793459069658158824125921,2026-09-29T03:05:00+00:00,2026-09-29T03:10:00+00:00,2.35,0.58,0.59,0.585,0.01,688.03,158.0,99
2026-09-29T03:07:39.923554+00:00,btc-updown-5m-1790651400,5,5062069,62700440002613628718855949448561673176020048683252181790650665055614668076658,2026-09-29T03:10:00+00:00,2026-09-29T03:15:00+00:00,7.35,0.5,0.51,0.505,0.01,405.82,484.36,99
2026-09-29T03:07:39.923554+00:00,btc-updown-15m-1790650800,15,5061999,73370976913094816440920405746100301894120397493557764300970839522838150142538,2026-09-29T03:00:00+00:00,2026-09-29T03:15:00+00:00,7.35,0.5,0.51,0.505,0.01,99.61,119.99,92
2026-09-29T03:07:39.923554+00:00,btc-updown-15m-1790651700,15,5062077,107935855507962926332025965346693810665097819936310267261659711195045566958786,2026-09-29T03:15:00+00:00,2026-09-29T03:30:00+00:00,22.35,0.5,0.51,0.505,0.01,241.72,225.0,99
2026-09-29T03:08:40.953681+00:00,btc-updown-5m-1790651100,5,5062061,67405343578486725149007028291564616255423302174206227793459069658158824125921,2026-09-29T03:05:00+00:00,2026-09-29T03:10:00+00:00,1.33,0.32,0.33,0.325,0.01,10.0,505.05,99
2026-09-29T03:08:40.953681+00:00,btc-updown-5m-1790651400,5,5062069,62700440002613628718855949448561673176020048683252181790650665055614668076658,2026-09-29T03:10:00+00:00,2026-09-29T03:15:00+00:00,6.33,0.5,0.51,0.505,0.01,318.82,451.37,99
2026-09-29T03:08:40.953681+00:00,btc-updown-15m-1790650800,15,5061999,73370976913094816440920405746100301894120397493557764300970839522838150142538,2026-09-29T03:00:00+00:00,2026-09-29T03:15:00+00:00,6.33,0.36,0.37,0.365,0.01,142.0,73.21,93
2026-09-29T03:08:40.953681+00:00,btc-updown-15m-1790651700,15,5062077,107935855507962926332025965346693810665097819936310267261659711195045566958786,2026-09-29T03:15:00+00:00,2026-09-29T03:30:00+00:00,21.33,0.5,0.51,0.505,0.01,241.72,225.0,99
2026-09-29T03:09:42.120293+00:00,btc-updown-5m-1790651400,5,5062069,62700440002613628718855949448561673176020048683252181790650665055614668076658,2026-09-29T03:10:00+00:00,2026-09-29T03:15:00+00:00,5.3,0.54,0.55,0.545,0.01,30.0,10.9,99
2026-09-29T03:09:42.120293+00:00,btc-updown-15m-1790650800,15,5061999,73370976913094816440920405746100301894120397493557764300970839522838150142538,2026-09-29T03:00:00+00:00,2026-09-29T03:15:00+00:00,5.3,0.35,0.36,0.355,0.01,158.0,70.0,92
2026-09-29T03:09:42.120293+00:00,btc-updown-15m-1790651700,15,5062077,107935855507962926332025965346693810665097819936310267261659711195045566958786,2026-09-29T03:15:00+00:00,2026-09-29T03:30:00+00:00,20.3,0.5,0.51,0.505,0.01,264.72,223.03,99
2026-09-29T03:10:43.024172+00:00,btc-updown-5m-1790651400,5,5062069,62700440002613628718855949448561673176020048683252181790650665055614668076658,2026-09-29T03:10:00+00:00,2026-09-29T03:15:00+00:00,4.28,0.45,0.46,0.455,0.01,1465.62,149.0,99
2026-09-29T03:10:43.024172+00:00,btc-updown-5m-1790651700,5,5062076,22339064540168628887195415547320600221973151615502665165527671328592382541332,2026-09-29T03:15:00+00:00,2026-09-29T03:20:00+00:00,9.28,0.5,0.51,0.505,0.01,478.84,480.13,99
2026-09-29T03:10:43.024172+00:00,btc-updown-15m-1790650800,15,5061999,73370976913094816440920405746100301894120397493557764300970839522838150142538,2026-09-29T03:00:00+00:00,2026-09-29T03:15:00+00:00,4.28,0.26,0.27,0.265,0.01,50.0,613.56,91
2026-09-29T03:10:43.024172+00:00,btc-updown-15m-1790651700,15,5062077,107935855507962926332025965346693810665097819936310267261659711195045566958786,2026-09-29T03:15:00+00:00,2026-09-29T03:30:00+00:00,19.28,0.5,0.51,0.505,0.01,249.72,222.52,99
2026-09-29T03:11:44.066788+00:00,btc-updown-5m-1790651400,5,5062069,62700440002613628718855949448561673176020048683252181790650665055614668076658,2026-09-29T03:10:00+00:00,2026-09-29T03:15:00+00:00,3.27,0.54,0.56,0.55,0.02,5.0,1859.64,96
2026-09-29T03:11:44.066788+00:00,btc-updown-5m-1790651700,5,5062076,22339064540168628887195415547320600221973151615502665165527671328592382541332,2026-09-29T03:15:00+00:00,2026-09-29T03:20:00+00:00,8.27,0.5,0.51,0.505,0.01,404.84,480.13,99
2026-09-29T03:11:44.066788+00:00,btc-updown-15m-1790650800,15,5061999,73370976913094816440920405746100301894120397493557764300970839522838150142538,2026-09-29T03:00:00+00:00,2026-09-29T03:15:00+00:00,3.27,0.21,0.22,0.215,0.01,50.0,20.0,97
2026-09-29T03:11:44.066788+00:00,btc-updown-15m-1790651700,15,5062077,107935855507962926332025965346693810665097819936310267261659711195045566958786,2026-09-29T03:15:00+00:00,2026-09-29T03:30:00+00:00,18.27,0.5,0.51,0.505,0.01,279.81,9.49,99
2026-09-29T03:12:45.097053+00:00,btc-updown-5m-1790651400,5,5062069,62700440002613628718855949448561673176020048683252181790650665055614668076658,2026-09-29T03:10:00+00:00,2026-09-29T03:15:00+00:00,2.25,0.54,0.55,0.545,0.01,94.88,179.08,99
2026-09-29T03:12:45.097053+00:00,btc-updown-5m-1790651700,5,5062076,22339064540168628887195415547320600221973151615502665165527671328592382541332,2026-09-29T03:15:00+00:00,2026-09-29T03:20:00+00:00,7.25,0.5,0.51,0.505,0.01,404.84,476.19,99
2026-09-29T03:12:45.097053+00:00,btc-updown-15m-1790650800,15,5061999,73370976913094816440920405746100301894120397493557764300970839522838150142538,2026-09-29T03:00:00+00:00,2026-09-29T03:15:00+00:00,2.25,0.16,0.17,0.165,0.01,215.9,135.68,96
2026-09-29T03:12:45.097053+00:00,btc-updown-15m-1790651700,15,5062077,107935855507962926332025965346693810665097819936310267261659711195045566958786,2026-09-29T03:15:00+00:00,2026-09-29T03:30:00+00:00,17.25,0.5,0.51,0.505,0.01,215.89,15.56,99
2026-09-29T03:13:46.106884+00:00,btc-updown-5m-1790651400,5,5062069,62700440002613628718855949448561673176020048683252181790650665055614668076658,2026-09-29T03:10:00+00:00,2026-09-29T03:15:00+00:00,1.23,0.8,0.81,0.805,0.01,267.52,100.49,99
2026-09-29T03:13:46.106884+00:00,btc-updown-5m-1790651700,5,5062076,22339064540168628887195415547320600221973151615502665165527671328592382541332,2026-09-29T03:15:00+00:00,2026-09-29T03:20:00+00:00,6.23,0.5,0.51,0.505,0.01,418.84,476.19,99
2026-09-29T03:13:46.106884+00:00,btc-updown-15m-1790650800,15,5061999,73370976913094816440920405746100301894120397493557764300970839522838150142538,2026-09-29T03:00:00+00:00,2026-09-29T03:15:00+00:00,1.23,0.1,0.11,0.105,0.01,40.0,129.0,88
2026-09-29T03:13:46.106884+00:00,btc-updown-15m-1790651700,15,5062077,107935855507962926332025965346693810665097819936310267261659711195045566958786,2026-09-29T03:15:00+00:00,2026-09-29T03:30:00+00:00,16.23,0.5,0.51,0.505,0.01,238.89,15.56,99
2026-09-29T03:14:47.157843+00:00,btc-updown-5m-1790651700,5,5062076,22339064540168628887195415547320600221973151615502665165527671328592382541332,2026-09-29T03:15:00+00:00,2026-09-29T03:20:00+00:00,5.22,0.51,0.52,0.515,0.01,206.28,5.42,99
2026-09-29T03:14:47.157843+00:00,btc-updown-15m-1790651700,15,5062077,107935855507962926332025965346693810665097819936310267261659711195045566958786,2026-09-29T03:15:00+00:00,2026-09-29T03:30:00+00:00,15.22,0.51,0.52,0.515,0.01,18.85,49.99,79
2026-09-29T03:15:47.978375+00:00,btc-updown-5m-1790651700,5,5062076,22339064540168628887195415547320600221973151615502665165527671328592382541332,2026-09-29T03:15:00+00:00,2026-09-29T03:20:00+00:00,4.22,0.43,0.44,0.435,0.01,1135.65,340.0,99
2026-09-29T03:15:47.978375+00:00,btc-updown-5m-1790652000,5,5062092,42355231149098563366515826019071855541904751109211717263754787776052262984638,2026-09-29T03:20:00+00:00,2026-09-29T03:25:00+00:00,9.22,0.5,0.51,0.505,0.01,499.79,464.73,99
2026-09-29T03:15:47.978375+00:00,btc-updown-15m-1790651700,15,5062077,107935855507962926332025965346693810665097819936310267261659711195045566958786,2026-09-29T03:15:00+00:00,2026-09-29T03:30:00+00:00,14.22,0.48,0.49,0.485,0.01,60.0,331.1,97
2026-09-29T03:15:47.978375+00:00,btc-updown-15m-1790652600,15,5062125,67177367785588523546635575019950908759049330466352781882473661556976280950128,2026-09-29T03:30:00+00:00,2026-09-29T03:45:00+00:00,29.22,0.5,0.51,0.505,0.01,155.0,265.0,99
2026-09-29T03:16:49.009961+00:00,btc-updown-5m-1790651700,5,5062076,22339064540168628887195415547320600221973151615502665165527671328592382541332,2026-09-29T03:15:00+00:00,2026-09-29T03:20:00+00:00,3.18,0.57,0.58,0.575,0.01,50.0,1009.91,99
2026-09-29T03:16:49.009961+00:00,btc-updown-5m-1790652000,5,5062092,42355231149098563366515826019071855541904751109211717263754787776052262984638,2026-09-29T03:20:00+00:00,2026-09-29T03:25:00+00:00,8.18,0.5,0.51,0.505,0.01,494.79,410.9,99
2026-09-29T03:16:49.009961+00:00,btc-updown-15m-1790651700,15,5062077,107935855507962926332025965346693810665097819936310267261659711195045566958786,2026-09-29T03:15:00+00:00,2026-09-29T03:30:00+00:00,13.18,0.53,0.54,0.535,0.01,105.87,131.61,96
2026-09-29T03:16:49.009961+00:00,btc-updown-15m-1790652600,15,5062125,67177367785588523546635575019950908759049330466352781882473661556976280950128,2026-09-29T03:30:00+00:00,2026-09-29T03:45:00+00:00,28.18,0.5,0.51,0.505,0.01,205.0,265.0,99
2026-09-29T03:17:50.028381+00:00,btc-updown-5m-1790651700,5,5062076,22339064540168628887195415547320600221973151615502665165527671328592382541332,2026-09-29T03:15:00+00:00,2026-09-29T03:20:00+00:00,2.17,0.7,0.71,0.705,0.01,253.66,720.05,99
2026-09-29T03:17:50.028381+00:00,btc-updown-5m-1790652000,5,5062092,42355231149098563366515826019071855541904751109211717263754787776052262984638,2026-09-29T03:20:00+00:00,2026-09-29T03:25:00+00:00,7.17,0.5,0.51,0.505,0.01,424.79,415.9,99
2026-09-29T03:17:50.028381+00:00,btc-updown-15m-1790651700,15,5062077,107935855507962926332025965346693810665097819936310267261659711195045566958786,2026-09-29T03:15:00+00:00,2026-09-29T03:30:00+00:00,12.17,0.58,0.59,0.585,0.01,64.24,139.55,89
2026-09-29T03:17:50.028381+00:00,btc-updown-15m-1790652600,15,5062125,67177367785588523546635575019950908759049330466352781882473661556976280950128,2026-09-29T03:30:00+00:00,2026-09-29T03:45:00+00:00,27.17,0.5,0.51,0.505,0.01,205.0,265.0,99
2026-09-29T03:18:51.066626+00:00,btc-updown-5m-1790651700,5,5062076,22339064540168628887195415547320600221973151615502665165527671328592382541332,2026-09-29T03:15:00+00:00,2026-09-29T03:20:00+00:00,1.15,0.6,0.62,0.61,0.02,70.0,713.22,98
2026-09-29T03:18:51.066626+00:00,btc-updown-5m-1790652000,5,5062092,42355231149098563366515826019071855541904751109211717263754787776052262984638,2026-09-29T03:20:00+00:00,2026-09-29T03:25:00+00:00,6.15,0.5,0.51,0.505,0.01,352.79,215.0,99
2026-09-29T03:18:51.066626+00:00,btc-updown-15m-1790651700,15,5062077,107935855507962926332025965346693810665097819936310267261659711195045566958786,2026-09-29T03:15:00+00:00,2026-09-29T03:30:00+00:00,11.15,0.56,0.57,0.565,0.01,5.0,330.47,92
2026-09-29T03:18:51.066626+00:00,btc-updown-15m-1790652600,15,5062125,67177367785588523546635575019950908759049330466352781882473661556976280950128,2026-09-29T03:30:00+00:00,2026-09-29T03:45:00+00:00,26.15,0.5,0.51,0.505,0.01,205.0,265.0,99
2026-09-29T03:19:52.108451+00:00,btc-updown-5m-1790652000,5,5062092,42355231149098563366515826019071855541904751109211717263754787776052262984638,2026-09-29T03:20:00+00:00,2026-09-29T03:25:00+00:00,5.13,0.69,0.7,0.695,0.01,86.77,371.36,99
2026-09-29T03:19:52.108451+00:00,btc-updown-15m-1790651700,15,5062077,107935855507962926332025965346693810665097819936310267261659711195045566958786,2026-09-29T03:15:00+00:00,2026-09-29T03:30:00+00:00,10.13,0.84,0.85,0.845,0.01,52.0,1404.75,86
2026-09-29T03:19:52.108451+00:00,btc-updown-15m-1790652600,15,5062125,67177367785588523546635575019950908759049330466352781882473661556976280950128,2026-09-29T03:30:00+00:00,2026-09-29T03:45:00+00:00,25.13,0.5,0.51,0.505,0.01,105.0,591.0,99
2026-09-29T03:20:53.031035+00:00,btc-updown-5m-1790652000,5,5062092,42355231149098563366515826019071855541904751109211717263754787776052262984638,2026-09-29T03:20:00+00:00,2026-09-29T03:25:00+00:00,4.12,0.89,0.9,0.895,0.01,348.82,656.0,99
2026-09-29T03:20:53.031035+00:00,btc-updown-5m-1790652300,5,5062104,22367043142716915588443670338660289901525805401526035652773804633980397093015,2026-09-29T03:25:00+00:00,2026-09-29T03:30:00+00:00,9.12,0.5,0.51,0.505,0.01,374.55,593.02,99
2026-09-29T03:20:53.031035+00:00,btc-updown-15m-1790651700,15,5062077,107935855507962926332025965346693810665097819936310267261659711195045566958786,2026-09-29T03:15:00+00:00,2026-09-29T03:30:00+00:00,9.12,0.91,0.92,0.915,0.01,311.1,31.42,80
2026-09-29T03:20:53.031035+00:00,btc-updown-15m-1790652600,15,5062125,67177367785588523546635575019950908759049330466352781882473661556976280950128,2026-09-29T03:30:00+00:00,2026-09-29T03:45:00+00:00,24.12,0.5,0.51,0.505,0.01,105.0,688.0,99
2026-09-29T03:21:54.089120+00:00,btc-updown-5m-1790652000,5,5062092,42355231149098563366515826019071855541904751109211717263754787776052262984638,2026-09-29T03:20:00+00:00,2026-09-29T03:25:00+00:00,3.1,0.97,0.98,0.975,0.01,578.27,237.5,99
2026-09-29T03:21:54.089120+00:00,btc-updown-5m-1790652300,5,5062104,22367043142716915588443670338660289901525805401526035652773804633980397093015,2026-09-29T03:25:00+00:00,2026-09-29T03:30:00+00:00,8.1,0.5,0.51,0.505,0.01,172.55,593.02,99
2026-09-29T03:21:54.089120+00:00,btc-updown-15m-1790651700,15,5062077,107935855507962926332025965346693810665097819936310267261659711195045566958786,2026-09-29T03:15:00+00:00,2026-09-29T03:30:00+00:00,8.1,0.95,0.96,0.955,0.01,393.47,128.97,79
2026-09-29T03:21:54.089120+00:00,btc-updown-15m-1790652600,15,5062125,67177367785588523546635575019950908759049330466352781882473661556976280950128,2026-09-29T03:30:00+00:00,2026-09-29T03:45:00+00:00,23.1,0.5,0.51,0.505,0.01,25.0,688.0,99
2026-09-29T03:22:55.146209+00:00,btc-updown-5m-1790652000,5,5062092,42355231149098563366515826019071855541904751109211717263754787776052262984638,2026-09-29T03:20:00+00:00,2026-09-29T03:25:00+00:00,2.08,0.93,0.94,0.935,0.01,785.22,90.0,99
2026-09-29T03:22:55.146209+00:00,btc-updown-5m-1790652300,5,5062104,22367043142716915588443670338660289901525805401526035652773804633980397093015,2026-09-29T03:25:00+00:00,2026-09-29T03:30:00+00:00,7.08,0.5,0.51,0.505,0.01,107.69,430.0,99
2026-09-29T03:22:55.146209+00:00,btc-updown-15m-1790651700,15,5062077,107935855507962926332025965346693810665097819936310267261659711195045566958786,2026-09-29T03:15:00+00:00,2026-09-29T03:30:00+00:00,7.08,0.91,0.92,0.915,0.01,159.57,122.04,79
2026-09-29T03:22:55.146209+00:00,btc-updown-15m-1790652600,15,5062125,67177367785588523546635575019950908759049330466352781882473661556976280950128,2026-09-29T03:30:00+00:00,2026-09-29T03:45:00+00:00,22.08,0.5,0.51,0.505,0.01,33.98,633.01,99
2026-09-29T03:23:56.154249+00:00,btc-updown-5m-1790652300,5,5062104,22367043142716915588443670338660289901525805401526035652773804633980397093015,2026-09-29T03:25:00+00:00,2026-09-29T03:30:00+00:00,6.07,0.49,0.5,0.495,0.01,228.87,152.0,99
2026-09-29T03:23:56.154249+00:00,btc-updown-15m-1790651700,15,5062077,107935855507962926332025965346693810665097819936310267261659711195045566958786,2026-09-29T03:15:00+00:00,2026-09-29T03:30:00+00:00,6.07,0.96,0.97,0.965,0.01,195.78,91.32,79
2026-09-29T03:23:56.154249+00:00,btc-updown-15m-1790652600,15,5062125,67177367785588523546635575019950908759049330466352781882473661556976280950128,2026-09-29T03:30:00+00:00,2026-09-29T03:45:00+00:00,21.07,0.5,0.51,0.505,0.01,33.98,633.01,99
2026-09-29T03:24:57.108701+00:00,btc-updown-5m-1790652300,5,5062104,22367043142716915588443670338660289901525805401526035652773804633980397093015,2026-09-29T03:25:00+00:00,2026-09-29T03:30:00+00:00,5.05,0.54,0.55,0.545,0.01,172.26,249.38,99
2026-09-29T03:24:57.108701+00:00,btc-updown-15m-1790652600,15,5062125,67177367785588523546635575019950908759049330466352781882473661556976280950128,2026-09-29T03:30:00+00:00,2026-09-29T03:45:00+00:00,20.05,0.5,0.51,0.505,0.01,23.98,846.01,99
2026-09-29T03:25:57.947119+00:00,btc-updown-5m-1790652300,5,5062104,22367043142716915588443670338660289901525805401526035652773804633980397093015,2026-09-29T03:25:00+00:00,2026-09-29T03:30:00+00:00,4.05,0.69,0.7,0.695,0.01,999.99,15.0,99
2026-09-29T03:25:57.947119+00:00,btc-updown-5m-1790652600,5,5062112,111525592098567905485279570850524694143920575654803516500483863093016164271899,2026-09-29T03:30:00+00:00,2026-09-29T03:35:00+00:00,9.05,0.49,0.5,0.495,0.01,445.33,326.0,99
2026-09-29T03:25:57.947119+00:00,btc-updown-15m-1790651700,15,5062077,107935855507962926332025965346693810665097819936310267261659711195045566958786,2026-09-29T03:15:00+00:00,2026-09-29T03:30:00+00:00,4.05,0.991,0.998,0.9945,0.007,233.83,140.21,92
2026-09-29T03:25:57.947119+00:00,btc-updown-15m-1790652600,15,5062125,67177367785588523546635575019950908759049330466352781882473661556976280950128,2026-09-29T03:30:00+00:00,2026-09-29T03:45:00+00:00,19.05,0.5,0.51,0.505,0.01,23.98,761.01,99
2026-09-29T03:26:58.961395+00:00,btc-updown-5m-1790652300,5,5062104,22367043142716915588443670338660289901525805401526035652773804633980397093015,2026-09-29T03:25:00+00:00,2026-09-29T03:30:00+00:00,3.03,0.79,0.8,0.795,0.01,50.0,3501.63,99
2026-09-29T03:26:58.961395+00:00,btc-updown-5m-1790652600,5,5062112,111525592098567905485279570850524694143920575654803516500483863093016164271899,2026-09-29T03:30:00+00:00,2026-09-29T03:35:00+00:00,8.03,0.49,0.5,0.495,0.01,433.18,417.0,99
2026-09-29T03:26:58.961395+00:00,btc-updown-15m-1790651700,15,5062077,107935855507962926332025965346693810665097819936310267261659711195045566958786,2026-09-29T03:15:00+00:00,2026-09-29T03:30:00+00:00,3.03,0.997,0.998,0.9975,0.001,800.0,6666.0,95
2026-09-29T03:26:58.961395+00:00,btc-updown-15m-1790652600,15,5062125,67177367785588523546635575019950908759049330466352781882473661556976280950128,2026-09-29T03:30:00+00:00,2026-09-29T03:45:00+00:00,18.03,0.5,0.51,0.505,0.01,23.98,1047.64,99
2026-09-29T03:27:59.965720+00:00,btc-updown-5m-1790652300,5,5062104,22367043142716915588443670338660289901525805401526035652773804633980397093015,2026-09-29T03:25:00+00:00,2026-09-29T03:30:00+00:00,2.02,0.92,0.93,0.925,0.01,1078.89,71.0,99
2026-09-29T03:27:59.965720+00:00,btc-updown-5m-1790652600,5,5062112,111525592098567905485279570850524694143920575654803516500483863093016164271899,2026-09-29T03:30:00+00:00,2026-09-29T03:35:00+00:00,7.02,0.49,0.5,0.495,0.01,433.18,417.0,99
2026-09-29T03:27:59.965720+00:00,btc-updown-15m-1790651700,15,5062077,107935855507962926332025965346693810665097819936310267261659711195045566958786,2026-09-29T03:15:00+00:00,2026-09-29T03:30:00+00:00,2.02,0.998,0.999,0.9985,0.001,1035.11,100.0,92
2026-09-29T03:27:59.965720+00:00,btc-updown-15m-1790652600,15,5062125,67177367785588523546635575019950908759049330466352781882473661556976280950128,2026-09-29T03:30:00+00:00,2026-09-29T03:45:00+00:00,17.02,0.5,0.51,0.505,0.01,33.98,1050.67,99
2026-09-29T03:29:00.985756+00:00,btc-updown-5m-1790652600,5,5062112,111525592098567905485279570850524694143920575654803516500483863093016164271899,2026-09-29T03:30:00+00:00,2026-09-29T03:35:00+00:00,6.0,0.48,0.49,0.485,0.01,266.56,203.0,99
2026-09-29T03:29:00.985756+00:00,btc-updown-15m-1790652600,15,5062125,67177367785588523546635575019950908759049330466352781882473661556976280950128,2026-09-29T03:30:00+00:00,2026-09-29T03:45:00+00:00,16.0,0.5,0.51,0.505,0.01,30.0,567.86,85
2026-09-29T03:30:01.838764+00:00,btc-updown-5m-1790652600,5,5062112,111525592098567905485279570850524694143920575654803516500483863093016164271899,2026-09-29T03:30:00+00:00,2026-09-29T03:35:00+00:00,4.98,0.39,0.4,0.395,0.01,84.0,1186.06,99
2026-09-29T03:30:01.838764+00:00,btc-updown-5m-1790652900,5,5062163,71362096871089614806890453525524907298890131390236345816193727467213961690375,2026-09-29T03:35:00+00:00,2026-09-29T03:40:00+00:00,9.98,0.49,0.5,0.495,0.01,423.04,453.26,99
2026-09-29T03:30:01.838764+00:00,btc-updown-15m-1790652600,15,5062125,67177367785588523546635575019950908759049330466352781882473661556976280950128,2026-09-29T03:30:00+00:00,2026-09-29T03:45:00+00:00,14.98,0.44,0.45,0.445,0.01,4.28,191.0,97
2026-09-29T03:30:01.838764+00:00,btc-updown-15m-1790653500,15,5062207,73364109615068628064153422833545171040955909248717947639801794216261369497188,2026-09-29T03:45:00+00:00,2026-09-29T04:00:00+00:00,29.98,0.5,0.51,0.505,0.01,111.3,481.63,99
2026-09-29T03:31:02.960728+00:00,btc-updown-5m-1790652600,5,5062112,111525592098567905485279570850524694143920575654803516500483863093016164271899,2026-09-29T03:30:00+00:00,2026-09-29T03:35:00+00:00,3.97,0.12,0.13,0.125,0.01,109.64,1100.01,99
2026-09-29T03:31:02.960728+00:00,btc-updown-5m-1790652900,5,5062163,71362096871089614806890453525524907298890131390236345816193727467213961690375,2026-09-29T03:35:00+00:00,2026-09-29T03:40:00+00:00,8.97,0.49,0.5,0.495,0.01,418.04,395.17,99
2026-09-29T03:31:02.960728+00:00,btc-updown-15m-1790652600,15,5062125,67177367785588523546635575019950908759049330466352781882473661556976280950128,2026-09-29T03:30:00+00:00,2026-09-29T03:45:00+00:00,13.97,0.28,0.29,0.285,0.01,246.22,30.0,90
2026-09-29T03:31:02.960728+00:00,btc-updown-15m-1790653500,15,5062207,73364109615068628064153422833545171040955909248717947639801794216261369497188,2026-09-29T03:45:00+00:00,2026-09-29T04:00:00+00:00,28.97,0.5,0.51,0.505,0.01,136.3,481.63,99
2026-09-29T03:32:03.985811+00:00,btc-updown-5m-1790652600,5,5062112,111525592098567905485279570850524694143920575654803516500483863093016164271899,2026-09-29T03:30:00+00:00,2026-09-29T03:35:00+00:00,2.95,0.21,0.22,0.215,0.01,388.37,1498.79,99
2026-09-29T03:32:03.985811+00:00,btc-updown-5m-1790652900,5,5062163,71362096871089614806890453525524907298890131390236345816193727467213961690375,2026-09-29T03:35:00+00:00,2026-09-29T03:40:00+00:00,7.95,0.49,0.5,0.495,0.01,310.13,380.17,99
2026-09-29T03:32:03.985811+00:00,btc-updown-15m-1790652600,15,5062125,67177367785588523546635575019950908759049330466352781882473661556976280950128,2026-09-29T03:30:00+00:00,2026-09-29T03:45:00+00:00,12.95,0.36,0.37,0.365,0.01,340.91,20.0,87
2026-09-29T03:32:03.985811+00:00,btc-updown-15m-1790653500,15,5062207,73364109615068628064153422833545171040955909248717947639801794216261369497188,2026-09-29T03:45:00+00:00,2026-09-29T04:00:00+00:00,27.95,0.5,0.51,0.505,0.01,111.3,430.61,99
2026-09-29T03:33:05.014132+00:00,btc-updown-5m-1790652600,5,5062112,111525592098567905485279570850524694143920575654803516500483863093016164271899,2026-09-29T03:30:00+00:00,2026-09-29T03:35:00+00:00,1.92,0.32,0.33,0.325,0.01,398.62,431.46,99
2026-09-29T03:33:05.014132+00:00,btc-updown-5m-1790652900,5,5062163,71362096871089614806890453525524907298890131390236345816193727467213961690375,2026-09-29T03:35:00+00:00,2026-09-29T03:40:00+00:00,6.92,0.49,0.5,0.495,0.01,301.19,476.91,99
2026-09-29T03:33:05.014132+00:00,btc-updown-15m-1790652600,15,5062125,67177367785588523546635575019950908759049330466352781882473661556976280950128,2026-09-29T03:30:00+00:00,2026-09-29T03:45:00+00:00,11.92,0.43,0.44,0.435,0.01,343.67,9.77,92
2026-09-29T03:33:05.014132+00:00,btc-updown-15m-1790653500,15,5062207,73364109615068628064153422833545171040955909248717947639801794216261369497188,2026-09-29T03:45:00+00:00,2026-09-29T04:00:00+00:00,26.92,0.5,0.51,0.505,0.01,111.3,731.63,99
2026-09-29T03:34:06.052979+00:00,btc-updown-5m-1790652600,5,5062112,111525592098567905485279570850524694143920575654803516500483863093016164271899,2026-09-29T03:30:00+00:00,2026-09-29T03:35:00+00:00,0.9,0.12,0.16,0.14,0.04,2308.0,5.0,91
2026-09-29T03:34:06.052979+00:00,btc-updown-5m-1790652900,5,5062163,71362096871089614806890453525524907298890131390236345816193727467213961690375,2026-09-29T03:35:00+00:00,2026-09-29T03:40:00+00:00,5.9,0.47,0.48,0.475,0.01,155.48,393.86,99
2026-09-29T03:34:06.052979+00:00,btc-updown-15m-1790652600,15,5062125,67177367785588523546635575019950908759049330466352781882473661556976280950128,2026-09-29T03:30:00+00:00,2026-09-29T03:45:00+00:00,10.9,0.51,0.52,0.515,0.01,101.0,61.59,93
2026-09-29T03:34:06.052979+00:00,btc-updown-15m-1790653500,15,5062207,73364109615068628064153422833545171040955909248717947639801794216261369497188,2026-09-29T03:45:00+00:00,2026-09-29T04:00:00+00:00,25.9,0.5,0.51,0.505,0.01,111.3,731.63,99
2026-09-29T03:35:07.096884+00:00,btc-updown-5m-1790652900,5,5062163,71362096871089614806890453525524907298890131390236345816193727467213961690375,2026-09-29T03:35:00+00:00,2026-09-29T03:40:00+00:00,4.88,0.55,0.56,0.555,0.01,1517.76,127.0,99
2026-09-29T03:35:07.096884+00:00,btc-updown-5m-1790653200,5,5062185,27272732817879192877126926534611037825340899923552737190581331453372031528796,2026-09-29T03:40:00+00:00,2026-09-29T03:45:00+00:00,9.88,0.49,0.5,0.495,0.01,494.23,367.91,99
2026-09-29T03:35:07.096884+00:00,btc-updown-15m-1790652600,15,5062125,67177367785588523546635575019950908759049330466352781882473661556976280950128,2026-09-29T03:30:00+00:00,2026-09-29T03:45:00+00:00,9.88,0.52,0.53,0.525,0.01,115.0,442.24,94
2026-09-29T03:35:07.096884+00:00,btc-updown-15m-1790653500,15,5062207,73364109615068628064153422833545171040955909248717947639801794216261369497188,2026-09-29T03:45:00+00:00,2026-09-29T04:00:00+00:00,24.88,0.5,0.51,0.505,0.01,111.3,731.63,99
2026-09-29T03:36:08.101332+00:00,btc-updown-5m-1790652900,5,5062163,71362096871089614806890453525524907298890131390236345816193727467213961690375,2026-09-29T03:35:00+00:00,2026-09-29T03:40:00+00:00,3.87,0.45,0.46,0.455,0.01,1364.27,260.0,99
2026-09-29T03:36:08.101332+00:00,btc-updown-5m-1790653200,5,5062185,27272732817879192877126926534611037825340899923552737190581331453372031528796,2026-09-29T03:40:00+00:00,2026-09-29T03:45:00+00:00,8.87,0.49,0.5,0.495,0.01,415.13,441.91,99
2026-09-29T03:36:08.101332+00:00,btc-updown-15m-1790652600,15,5062125,67177367785588523546635575019950908759049330466352781882473661556976280950128,2026-09-29T03:30:00+00:00,2026-09-29T03:45:00+00:00,8.87,0.45,0.46,0.455,0.01,109.18,202.92,95
2026-09-29T03:36:08.101332+00:00,btc-updown-15m-1790653500,15,5062207,73364109615068628064153422833545171040955909248717947639801794216261369497188,2026-09-29T03:45:00+00:00,2026-09-29T04:00:00+00:00,23.87,0.5,0.51,0.505,0.01,62.82,708.35,99
2026-09-29T03:37:09.169044+00:00,btc-updown-5m-1790652900,5,5062163,71362096871089614806890453525524907298890131390236345816193727467213961690375,2026-09-29T03:35:00+00:00,2026-09-29T03:40:00+00:00,2.85,0.36,0.37,0.365,0.01,431.66,160.23,99
2026-09-29T03:37:09.169044+00:00,btc-updown-5m-1790653200,5,5062185,27272732817879192877126926534611037825340899923552737190581331453372031528796,2026-09-29T03:40:00+00:00,2026-09-29T03:45:00+00:00,7.85,0.49,0.5,0.495,0.01,420.13,434.91,99
2026-09-29T03:37:09.169044+00:00,btc-updown-15m-1790652600,15,5062125,67177367785588523546635575019950908759049330466352781882473661556976280950128,2026-09-29T03:30:00+00:00,2026-09-29T03:45:00+00:00,7.85,0.42,0.43,0.425,0.01,66.22,166.77,93
2026-09-29T03:37:09.169044+00:00,btc-updown-15m-1790653500,15,5062207,73364109615068628064153422833545171040955909248717947639801794216261369497188,2026-09-29T03:45:00+00:00,2026-09-29T04:00:00+00:00,22.85,0.5,0.51,0.505,0.01,62.82,758.35,99
2026-09-29T03:38:10.197527+00:00,btc-updown-5m-1790652900,5,5062163,71362096871089614806890453525524907298890131390236345816193727467213961690375,2026-09-29T03:35:00+00:00,2026-09-29T03:40:00+00:00,1.83,0.08,0.09,0.085,0.01,306.96,80.0,99
2026-09-29T03:38:10.197527+00:00,btc-updown-5m-1790653200,5,5062185,27272732817879192877126926534611037825340899923552737190581331453372031528796,2026-09-29T03:40:00+00:00,2026-09-29T03:45:00+00:00,6.83,0.49,0.5,0.495,0.01,378.94,329.91,99
2026-09-29T03:38:10.197527+00:00,btc-updown-15m-1790652600,15,5062125,67177367785588523546635575019950908759049330466352781882473661556976280950128,2026-09-29T03:30:00+00:00,2026-09-29T03:45:00+00:00,6.83,0.26,0.27,0.265,0.01,233.12,5.0,92
2026-09-29T03:38:10.197527+00:00,btc-updown-15m-1790653500,15,5062207,73364109615068628064153422833545171040955909248717947639801794216261369497188,2026-09-29T03:45:00+00:00,2026-09-29T04:00:00+00:00,21.83,0.5,0.51,0.505,0.01,62.82,658.34,99
2026-09-29T03:39:11.215902+00:00,btc-updown-5m-1790653200,5,5062185,27272732817879192877126926534611037825340899923552737190581331453372031528796,2026-09-29T03:40:00+00:00,2026-09-29T03:45:00+00:00,5.82,0.49,0.5,0.495,0.01,185.16,142.91,99
2026-09-29T03:39:11.215902+00:00,btc-updown-15m-1790652600,15,5062125,67177367785588523546635575019950908759049330466352781882473661556976280950128,2026-09-29T03:30:00+00:00,2026-09-29T03:45:00+00:00,5.82,0.14,0.15,0.145,0.01,156.37,75.06,94
2026-09-29T03:39:11.215902+00:00,btc-updown-15m-1790653500,15,5062207,73364109615068628064153422833545171040955909248717947639801794216261369497188,2026-09-29T03:45:00+00:00,2026-09-29T04:00:00+00:00,20.82,0.5,0.51,0.505,0.01,62.82,558.34,99
2026-09-29T03:40:12.130778+00:00,btc-updown-5m-1790653200,5,5062185,27272732817879192877126926534611037825340899923552737190581331453372031528796,2026-09-29T03:40:00+00:00,2026-09-29T03:45:00+00:00,4.8,0.41,0.42,0.415,0.01,1467.23,16.1,99
2026-09-29T03:40:12.130778+00:00,btc-updown-5m-1790653500,5,5062199,91562078487441518003673586159818365172313183197781252390185779099549601720811,2026-09-29T03:45:00+00:00,2026-09-29T03:50:00+00:00,9.8,0.5,0.51,0.505,0.01,25.82,794.49,99
2026-09-29T03:40:12.130778+00:00,btc-updown-15m-1790652600,15,5062125,67177367785588523546635575019950908759049330466352781882473661556976280950128,2026-09-29T03:30:00+00:00,2026-09-29T03:45:00+00:00,4.8,0.07,0.08,0.075,0.01,233.31,20.0,95
2026-09-29T03:40:12.130778+00:00,btc-updown-15m-1790653500,15,5062207,73364109615068628064153422833545171040955909248717947639801794216261369497188,2026-09-29T03:45:00+00:00,2026-09-29T04:00:00+00:00,19.8,0.5,0.51,0.505,0.01,62.82,464.26,99
2026-09-29T03:41:13.139669+00:00,btc-updown-5m-1790653200,5,5062185,27272732817879192877126926534611037825340899923552737190581331453372031528796,2026-09-29T03:40:00+00:00,2026-09-29T03:45:00+00:00,3.78,0.36,0.37,0.365,0.01,916.91,5.0,99
2026-09-29T03:41:13.139669+00:00,btc-updown-5m-1790653500,5,5062199,91562078487441518003673586159818365172313183197781252390185779099549601720811,2026-09-29T03:45:00+00:00,2026-09-29T03:50:00+00:00,8.78,0.5,0.51,0.505,0.01,31.79,862.31,99
2026-09-29T03:41:13.139669+00:00,btc-updown-15m-1790652600,15,5062125,67177367785588523546635575019950908759049330466352781882473661556976280950128,2026-09-29T03:30:00+00:00,2026-09-29T03:45:00+00:00,3.78,0.07,0.08,0.075,0.01,25.0,144.39,87
2026-09-29T03:41:13.139669+00:00,btc-updown-15m-1790653500,15,5062207,73364109615068628064153422833545171040955909248717947639801794216261369497188,2026-09-29T03:45:00+00:00,2026-09-29T04:00:00+00:00,18.78,0.5,0.51,0.505,0.01,41.04,514.26,99
2026-09-29T03:42:14.161732+00:00,btc-updown-5m-1790653200,5,5062185,27272732817879192877126926534611037825340899923552737190581331453372031528796,2026-09-29T03:40:00+00:00,2026-09-29T03:45:00+00:00,2.77,0.74,0.75,0.745,0.01,65.0,744.63,99
2026-09-29T03:42:14.161732+00:00,btc-updown-5m-1790653500,5,5062199,91562078487441518003673586159818365172313183197781252390185779099549601720811,2026-09-29T03:45:00+00:00,2026-09-29T03:50:00+00:00,7.77,0.5,0.51,0.505,0.01,23.79,827.31,99
2026-09-29T03:42:14.161732+00:00,btc-updown-15m-1790652600,15,5062125,67177367785588523546635575019950908759049330466352781882473661556976280950128,2026-09-29T03:30:00+00:00,2026-09-29T03:45:00+00:00,2.77,0.08,0.09,0.085,0.01,123.0,110.0,87
2026-09-29T03:42:14.161732+00:00,btc-updown-15m-1790653500,15,5062207,73364109615068628064153422833545171040955909248717947639801794216261369497188,2026-09-29T03:45:00+00:00,2026-09-29T04:00:00+00:00,17.77,0.5,0.51,0.505,0.01,41.04,650.61,99
2026-09-29T03:43:15.201944+00:00,btc-updown-5m-1790653200,5,5062185,27272732817879192877126926534611037825340899923552737190581331453372031528796,2026-09-29T03:40:00+00:00,2026-09-29T03:45:00+00:00,1.75,0.75,0.76,0.755,0.01,1148.04,89.5,99
2026-09-29T03:43:15.201944+00:00,btc-updown-5m-1790653500,5,5062199,91562078487441518003673586159818365172313183197781252390185779099549601720811,2026-09-29T03:45:00+00:00,2026-09-29T03:50:00+00:00,6.75,0.49,0.5,0.495,0.01,515.21,77.0,99
2026-09-29T03:43:15.201944+00:00,btc-updown-15m-1790652600,15,5062125,67177367785588523546635575019950908759049330466352781882473661556976280950128,2026-09-29T03:30:00+00:00,2026-09-29T03:45:00+00:00,1.75,0.02,0.03,0.025,0.01,40.0,258.88,78
2026-09-29T03:43:15.201944+00:00,btc-updown-15m-1790653500,15,5062207,73364109615068628064153422833545171040955909248717947639801794216261369497188,2026-09-29T03:45:00+00:00,2026-09-29T04:00:00+00:00,16.75,0.5,0.51,0.505,0.01,25.0,588.35,99
2026-09-29T03:44:16.203593+00:00,btc-updown-5m-1790653200,5,5062185,27272732817879192877126926534611037825340899923552737190581331453372031528796,2026-09-29T03:40:00+00:00,2026-09-29T03:45:00+00:00,0.73,0.29,0.3,0.295,0.01,10.0,84.24,91
2026-09-29T03:44:16.203593+00:00,btc-updown-5m-1790653500,5,5062199,91562078487441518003673586159818365172313183197781252390185779099549601720811,2026-09-29T03:45:00+00:00,2026-09-29T03:50:00+00:00,5.73,0.49,0.5,0.495,0.01,84.94,405.08,99
2026-09-29T03:44:16.203593+00:00,btc-updown-15m-1790653500,15,5062207,73364109615068628064153422833545171040955909248717947639801794216261369497188,2026-09-29T03:45:00+00:00,2026-09-29T04:00:00+00:00,15.73,0.49,0.5,0.495,0.01,36.29,61.0,83
2026-09-29T03:45:17.140728+00:00,btc-updown-5m-1790653500,5,5062199,91562078487441518003673586159818365172313183197781252390185779099549601720811,2026-09-29T03:45:00+00:00,2026-09-29T03:50:00+00:00,4.72,0.41,0.42,0.415,0.01,1520.08,70.1,99
2026-09-29T03:45:17.140728+00:00,btc-updown-5m-1790653800,5,5062214,36897304047117481296226399666450069831547699846896145105745500822690014008057,2026-09-29T03:50:00+00:00,2026-09-29T03:55:00+00:00,9.72,0.5,0.51,0.505,0.01,125.47,587.36,99
2026-09-29T03:45:17.140728+00:00,btc-updown-15m-1790653500,15,5062207,73364109615068628064153422833545171040955909248717947639801794216261369497188,2026-09-29T03:45:00+00:00,2026-09-29T04:00:00+00:00,14.72,0.45,0.46,0.455,0.01,257.33,58.0,97
2026-09-29T03:45:17.140728+00:00,btc-updown-15m-1790654400,15,5062969,55205205978272755336351832412504002048241375220921618728307900246015019064396,2026-09-29T04:00:00+00:00,2026-09-29T04:15:00+00:00,29.72,0.5,0.51,0.505,0.01,40.2,590.61,99
2026-09-29T03:46:18.165541+00:00,btc-updown-5m-1790653500,5,5062199,91562078487441518003673586159818365172313183197781252390185779099549601720811,2026-09-29T03:45:00+00:00,2026-09-29T03:50:00+00:00,3.7,0.61,0.62,0.615,0.01,638.95,276.06,99
2026-09-29T03:46:18.165541+00:00,btc-updown-5m-1790653800,5,5062214,36897304047117481296226399666450069831547699846896145105745500822690014008057,2026-09-29T03:50:00+00:00,2026-09-29T03:55:00+00:00,8.7,0.5,0.51,0.505,0.01,126.35,541.21,99
2026-09-29T03:46:18.165541+00:00,btc-updown-15m-1790653500,15,5062207,73364109615068628064153422833545171040955909248717947639801794216261369497188,2026-09-29T03:45:00+00:00,2026-09-29T04:00:00+00:00,13.7,0.55,0.56,0.555,0.01,75.0,146.0,99
2026-09-29T03:46:18.165541+00:00,btc-updown-15m-1790654400,15,5062969,55205205978272755336351832412504002048241375220921618728307900246015019064396,2026-09-29T04:00:00+00:00,2026-09-29T04:15:00+00:00,28.7,0.5,0.51,0.505,0.01,40.2,640.61,99
2026-09-29T03:47:19.184369+00:00,btc-updown-5m-1790653500,5,5062199,91562078487441518003673586159818365172313183197781252390185779099549601720811,2026-09-29T03:45:00+00:00,2026-09-29T03:50:00+00:00,2.68,0.68,0.69,0.685,0.01,559.11,38.0,99
2026-09-29T03:47:19.184369+00:00,btc-updown-5m-1790653800,5,5062214,36897304047117481296226399666450069831547699846896145105745500822690014008057,2026-09-29T03:50:00+00:00,2026-09-29T03:55:00+00:00,7.68,0.5,0.51,0.505,0.01,126.35,443.17,99
2026-09-29T03:47:19.184369+00:00,btc-updown-15m-1790653500,15,5062207,73364109615068628064153422833545171040955909248717947639801794216261369497188,2026-09-29T03:45:00+00:00,2026-09-29T04:00:00+00:00,12.68,0.56,0.57,0.565,0.01,75.0,198.52,98
2026-09-29T03:47:19.184369+00:00,btc-updown-15m-1790654400,15,5062969,55205205978272755336351832412504002048241375220921618728307900246015019064396,2026-09-29T04:00:00+00:00,2026-09-29T04:15:00+00:00,27.68,0.5,0.51,0.505,0.01,40.2,740.61,99
2026-09-29T03:48:20.221568+00:00,btc-updown-5m-1790653500,5,5062199,91562078487441518003673586159818365172313183197781252390185779099549601720811,2026-09-29T03:45:00+00:00,2026-09-29T03:50:00+00:00,1.67,0.91,0.92,0.915,0.01,124.0,664.35,99
2026-09-29T03:48:20.221568+00:00,btc-updown-5m-1790653800,5,5062214,36897304047117481296226399666450069831547699846896145105745500822690014008057,2026-09-29T03:50:00+00:00,2026-09-29T03:55:00+00:00,6.67,0.5,0.51,0.505,0.01,119.89,25.0,99
2026-09-29T03:48:20.221568+00:00,btc-updown-15m-1790653500,15,5062207,73364109615068628064153422833545171040955909248717947639801794216261369497188,2026-09-29T03:45:00+00:00,2026-09-29T04:00:00+00:00,11.67,0.63,0.64,0.635,0.01,43.0,161.27,95
2026-09-29T03:48:20.221568+00:00,btc-updown-15m-1790654400,15,5062969,55205205978272755336351832412504002048241375220921618728307900246015019064396,2026-09-29T04:00:00+00:00,2026-09-29T04:15:00+00:00,26.67,0.5,0.51,0.505,0.01,40.2,840.61,99
2026-09-29T03:49:21.452706+00:00,btc-updown-5m-1790653500,5,5062199,91562078487441518003673586159818365172313183197781252390185779099549601720811,2026-09-29T03:45:00+00:00,2026-09-29T03:50:00+00:00,0.65,0.97,0.98,0.975,0.01,131.96,78.46,99
2026-09-29T03:49:21.452706+00:00,btc-updown-5m-1790653800,5,5062214,36897304047117481296226399666450069831547699846896145105745500822690014008057,2026-09-29T03:50:00+00:00,2026-09-29T03:55:00+00:00,5.65,0.5,0.51,0.505,0.01,76.89,175.17,99
2026-09-29T03:49:21.452706+00:00,btc-updown-15m-1790653500,15,5062207,73364109615068628064153422833545171040955909248717947639801794216261369497188,2026-09-29T03:45:00+00:00,2026-09-29T04:00:00+00:00,10.65,0.54,0.55,0.545,0.01,280.14,10.0,95
2026-09-29T03:49:21.452706+00:00,btc-updown-15m-1790654400,15,5062969,55205205978272755336351832412504002048241375220921618728307900246015019064396,2026-09-29T04:00:00+00:00,2026-09-29T04:15:00+00:00,25.65,0.5,0.51,0.505,0.01,40.2,740.61,99
2026-09-29T03:50:22.445897+00:00,btc-updown-5m-1790653800,5,5062214,36897304047117481296226399666450069831547699846896145105745500822690014008057,2026-09-29T03:50:00+00:00,2026-09-29T03:55:00+00:00,4.63,0.48,0.49,0.485,0.01,174.0,630.68,99
2026-09-29T03:50:22.445897+00:00,btc-updown-5m-1790654100,5,5062949,30910953507258978089530620246122723540402895638381370184233045651897496099735,2026-09-29T03:55:00+00:00,2026-09-29T04:00:00+00:00,9.63,0.49,0.5,0.495,0.01,485.07,49.0,99
2026-09-29T03:50:22.445897+00:00,btc-updown-15m-1790653500,15,5062207,73364109615068628064153422833545171040955909248717947639801794216261369497188,2026-09-29T03:45:00+00:00,2026-09-29T04:00:00+00:00,9.63,0.55,0.56,0.555,0.01,273.12,13.23,96
2026-09-29T03:50:22.445897+00:00,btc-updown-15m-1790654400,15,5062969,55205205978272755336351832412504002048241375220921618728307900246015019064396,2026-09-29T04:00:00+00:00,2026-09-29T04:15:00+00:00,24.63,0.5,0.51,0.505,0.01,40.2,840.61,99
2026-09-29T03:51:23.502784+00:00,btc-updown-5m-1790653800,5,5062214,36897304047117481296226399666450069831547699846896145105745500822690014008057,2026-09-29T03:50:00+00:00,2026-09-29T03:55:00+00:00,3.62,0.32,0.33,0.325,0.01,115.33,5.0,98
2026-09-29T03:51:23.502784+00:00,btc-updown-5m-1790654100,5,5062949,30910953507258978089530620246122723540402895638381370184233045651897496099735,2026-09-29T03:55:00+00:00,2026-09-29T04:00:00+00:00,8.62,0.49,0.5,0.495,0.01,445.9,104.0,99
2026-09-29T03:51:23.502784+00:00,btc-updown-15m-1790653500,15,5062207,73364109615068628064153422833545171040955909248717947639801794216261369497188,2026-09-29T03:45:00+00:00,2026-09-29T04:00:00+00:00,8.62,0.47,0.48,0.475,0.01,261.82,24.16,96
2026-09-29T03:51:23.502784+00:00,btc-updown-15m-1790654400,15,5062969,55205205978272755336351832412504002048241375220921618728307900246015019064396,2026-09-29T04:00:00+00:00,2026-09-29T04:15:00+00:00,23.62,0.5,0.51,0.505,0.01,40.2,590.61,99
2026-09-29T03:52:24.515618+00:00,btc-updown-5m-1790653800,5,5062214,36897304047117481296226399666450069831547699846896145105745500822690014008057,2026-09-29T03:50:00+00:00,2026-09-29T03:55:00+00:00,2.6,0.05,0.06,0.055,0.01,343.85,1955.61,99
2026-09-29T03:52:24.515618+00:00,btc-updown-5m-1790654100,5,5062949,30910953507258978089530620246122723540402895638381370184233045651897496099735,2026-09-29T03:55:00+00:00,2026-09-29T04:00:00+00:00,7.6,0.49,0.5,0.495,0.01,552.9,64.0,99
2026-09-29T03:52:24.515618+00:00,btc-updown-15m-1790653500,15,5062207,73364109615068628064153422833545171040955909248717947639801794216261369497188,2026-09-29T03:45:00+00:00,2026-09-29T04:00:00+00:00,7.6,0.23,0.24,0.235,0.01,7405.67,35.96,91
2026-09-29T03:52:24.515618+00:00,btc-updown-15m-1790654400,15,5062969,55205205978272755336351832412504002048241375220921618728307900246015019064396,2026-09-29T04:00:00+00:00,2026-09-29T04:15:00+00:00,22.6,0.5,0.51,0.505,0.01,40.2,400.0,99
2026-09-29T03:53:25.535184+00:00,btc-updown-5m-1790653800,5,5062214,36897304047117481296226399666450069831547699846896145105745500822690014008057,2026-09-29T03:50:00+00:00,2026-09-29T03:55:00+00:00,1.58,0.84,0.85,0.845,0.01,245.0,144.0,99
2026-09-29T03:53:25.535184+00:00,btc-updown-5m-1790654100,5,5062949,30910953507258978089530620246122723540402895638381370184233045651897496099735,2026-09-29T03:55:00+00:00,2026-09-29T04:00:00+00:00,6.58,0.49,0.5,0.495,0.01,4.3,113.0,99
2026-09-29T03:53:25.535184+00:00,btc-updown-15m-1790653500,15,5062207,73364109615068628064153422833545171040955909248717947639801794216261369497188,2026-09-29T03:45:00+00:00,2026-09-29T04:00:00+00:00,6.58,0.68,0.69,0.685,0.01,326.37,133.92,94
2026-09-29T03:53:25.535184+00:00,btc-updown-15m-1790654400,15,5062969,55205205978272755336351832412504002048241375220921618728307900246015019064396,2026-09-29T04:00:00+00:00,2026-09-29T04:15:00+00:00,21.58,0.5,0.51,0.505,0.01,40.2,710.0,99
